# WaveFront *.obj file (generated by Autodesk ATF)

mtllib side.mtl

g Body44

v 0.000000 -2.135190 -0.387193
v 0.053211 -2.135190 -0.391489
v 0.105044 -2.135190 -0.404265
v 0.154157 -2.135190 -0.425189
v 0.199276 -2.135190 -0.453721
v 0.239235 -2.135190 -0.489122
v 0.272998 -2.135190 -0.530473
v 0.299690 -2.135190 -0.576706
v 0.318620 -2.135190 -0.626621
v 0.329299 -2.135190 -0.678926
v 0.331448 -2.135190 -0.732267
v 0.325013 -2.135190 -0.785262
v 0.310161 -2.135190 -0.836539
v 0.287275 -2.135190 -0.884769
v 0.256950 -2.135190 -0.928703
v 0.219969 -2.135190 -0.967204
v 0.177291 -2.135190 -0.999274
v 0.130022 -2.135190 -1.024083
v 0.079385 -2.135190 -1.040988
v 0.026692 -2.135190 -1.049552
v -0.026692 -2.135190 -1.049552
v -0.079385 -2.135190 -1.040988
v -0.130022 -2.135190 -1.024083
v -0.177291 -2.135190 -0.999274
v -0.219969 -2.135190 -0.967204
v -0.256950 -2.135190 -0.928703
v -0.287275 -2.135190 -0.884769
v -0.310161 -2.135190 -0.836539
v -0.325013 -2.135190 -0.785262
v -0.331448 -2.135190 -0.732267
v -0.329299 -2.135190 -0.678926
v -0.318620 -2.135190 -0.626621
v -0.299690 -2.135190 -0.576706
v -0.272998 -2.135190 -0.530473
v -0.239235 -2.135190 -0.489122
v -0.199276 -2.135190 -0.453721
v -0.154157 -2.135190 -0.425189
v -0.105044 -2.135190 -0.404265
v -0.053211 -2.135190 -0.391489
v 0.000000 -2.194831 -0.400823
v 0.000000 -2.252058 -0.416858
v 0.000000 -2.306871 -0.435124
v 0.000000 -2.359251 -0.455363
v 0.000000 -2.409136 -0.477259
v 0.000000 -2.456413 -0.500455
v 0.000000 -2.500910 -0.524568
v 0.000000 -2.542391 -0.549197
v 0.000000 -2.580553 -0.573937
v 0.000000 -2.615034 -0.598387
v 0.000000 -2.645420 -0.622151
v 0.000000 -2.671258 -0.644856
v 0.000000 -2.692083 -0.666156
v 0.000000 -2.707448 -0.685748
v 0.000000 -2.716961 -0.703388
v 0.000000 -2.719429 -0.711420
v 0.000000 -2.720341 -0.718910
v 0.320623 -2.183096 -0.734661
v 0.186981 -2.183096 -0.979842
v 0.141979 -2.183096 -1.006815
v 0.093184 -2.183096 -1.026097
v -0.113076 -2.183096 -1.019345
v -0.160505 -2.183096 -0.996912
v -0.182686 -2.183096 -0.982866
v -0.223244 -2.183096 -0.949582
v -0.257837 -2.183096 -0.910135
v -0.285543 -2.183096 -0.865581
v -0.305621 -2.183096 -0.817108
v -0.302244 -2.183096 -0.610765
v -0.280591 -2.183096 -0.562976
v -0.251442 -2.183096 -0.519351
v -0.215577 -2.183096 -0.481058
v -0.173952 -2.183096 -0.449119
v -0.127681 -2.183096 -0.424386
v 0.001053 -2.719496 -0.711808
v 0.002180 -2.717215 -0.704211
v 0.004648 -2.708429 -0.687577
v 0.007382 -2.694223 -0.669147
v 0.010351 -2.674938 -0.649130
v 0.012709 -2.657376 -0.633230
v 0.015161 -2.637351 -0.616706
v 0.017684 -2.615034 -0.599691
v 0.020261 -2.590596 -0.582324
v 0.022867 -2.564192 -0.564750
v 0.025483 -2.535968 -0.547118
v 0.028085 -2.506052 -0.529576
v 0.030652 -2.474557 -0.512274
v 0.033435 -2.437824 -0.493511
v 0.036117 -2.399363 -0.475428
v 0.038670 -2.359251 -0.458216
v 0.041068 -2.317543 -0.442053
v 0.043286 -2.274273 -0.427103
v 0.045302 -2.229456 -0.413506
v 0.047102 -2.183096 -0.401375
v -0.052291 -2.183096 -0.402189
v -0.050293 -2.229456 -0.414289
v -0.048054 -2.274273 -0.427850
v -0.045592 -2.317543 -0.442762
v -0.042931 -2.359251 -0.458883
v -0.040096 -2.399363 -0.476052
v -0.037118 -2.437824 -0.494088
v -0.034028 -2.474557 -0.512803
v -0.031179 -2.506052 -0.530060
v -0.028290 -2.535968 -0.547558
v -0.025387 -2.564192 -0.565145
v -0.022493 -2.590596 -0.582674
v -0.019633 -2.615034 -0.599996
v -0.016831 -2.637351 -0.616968
v -0.014110 -2.657376 -0.633450
v -0.011491 -2.674938 -0.649309
v -0.008195 -2.694223 -0.669274
v -0.005160 -2.708429 -0.687657
v -0.002421 -2.717215 -0.704249
v -0.001170 -2.719496 -0.711826
v -0.103185 -2.183096 -0.414937
v -0.099243 -2.229456 -0.426550
v -0.094825 -2.274273 -0.439566
v -0.089967 -2.317543 -0.453877
v -0.084714 -2.359251 -0.469350
v -0.079121 -2.399363 -0.485827
v -0.073245 -2.437824 -0.503138
v -0.067148 -2.474557 -0.521099
v -0.061526 -2.506052 -0.537662
v -0.055825 -2.535968 -0.554455
v -0.050095 -2.564192 -0.571334
v -0.044385 -2.590596 -0.588158
v -0.038741 -2.615034 -0.604783
v -0.033212 -2.637351 -0.621071
v -0.027842 -2.657376 -0.636890
v -0.022676 -2.674938 -0.652110
v -0.016171 -2.694223 -0.671272
v -0.010182 -2.708429 -0.688915
v -0.004777 -2.717215 -0.704839
v -0.002308 -2.719496 -0.712112
v -0.151323 -2.183096 -0.435805
v -0.145542 -2.229456 -0.446621
v -0.139062 -2.274273 -0.458743
v -0.131938 -2.317543 -0.472072
v -0.124235 -2.359251 -0.486482
v -0.116033 -2.399363 -0.501829
v -0.107415 -2.437824 -0.517951
v -0.098474 -2.474557 -0.534679
v -0.090228 -2.506052 -0.550105
v -0.081869 -2.535968 -0.565745
v -0.073466 -2.564192 -0.581466
v -0.065091 -2.590596 -0.597134
v -0.056814 -2.615034 -0.612618
v -0.048706 -2.637351 -0.627788
v -0.040831 -2.657376 -0.642520
v -0.033254 -2.674938 -0.656696
v -0.023715 -2.694223 -0.674543
v -0.014932 -2.708429 -0.690974
v -0.007005 -2.717215 -0.705805
v -0.003385 -2.719496 -0.712578
v -0.002856 -2.719496 -0.712323
v -0.005910 -2.717215 -0.705276
v -0.012599 -2.708429 -0.689848
v -0.020010 -2.694223 -0.672753
v -0.028059 -2.674938 -0.654187
v -0.034452 -2.657376 -0.639439
v -0.041096 -2.637351 -0.624113
v -0.047938 -2.615034 -0.608330
v -0.054921 -2.590596 -0.592222
v -0.061988 -2.564192 -0.575922
v -0.069078 -2.535968 -0.559567
v -0.076132 -2.506052 -0.543296
v -0.083089 -2.474557 -0.527248
v -0.090633 -2.437824 -0.509845
v -0.097904 -2.399363 -0.493072
v -0.104825 -2.359251 -0.477107
v -0.111324 -2.317543 -0.462116
v -0.117336 -2.274273 -0.448249
v -0.122803 -2.229456 -0.435638
v -0.195418 -2.183096 -0.464236
v -0.187952 -2.229456 -0.473966
v -0.179585 -2.274273 -0.484871
v -0.170384 -2.317543 -0.496861
v -0.160437 -2.359251 -0.509824
v -0.149844 -2.399363 -0.523629
v -0.138716 -2.437824 -0.538133
v -0.127169 -2.474557 -0.553181
v -0.116521 -2.506052 -0.567057
v -0.105725 -2.535968 -0.581127
v -0.094873 -2.564192 -0.595269
v -0.084058 -2.590596 -0.609364
v -0.073370 -2.615034 -0.623292
v -0.062899 -2.637351 -0.636939
v -0.052729 -2.657376 -0.650192
v -0.042944 -2.674938 -0.662944
v -0.030626 -2.694223 -0.678998
v -0.019283 -2.708429 -0.693780
v -0.009046 -2.717215 -0.707121
v -0.004371 -2.719496 -0.713214
v -0.003891 -2.719496 -0.712876
v -0.008052 -2.717215 -0.706421
v -0.017165 -2.708429 -0.692288
v -0.027261 -2.694223 -0.676629
v -0.038227 -2.674938 -0.659622
v -0.046937 -2.657376 -0.646113
v -0.055989 -2.637351 -0.632073
v -0.065311 -2.615034 -0.617616
v -0.074825 -2.590596 -0.602861
v -0.084452 -2.564192 -0.587929
v -0.094111 -2.535968 -0.572948
v -0.103721 -2.506052 -0.558043
v -0.113200 -2.474557 -0.543343
v -0.123478 -2.437824 -0.527401
v -0.133385 -2.399363 -0.512037
v -0.142814 -2.359251 -0.497413
v -0.151668 -2.317543 -0.483680
v -0.159858 -2.274273 -0.470978
v -0.167307 -2.229456 -0.459426
v -0.234293 -2.183096 -0.499471
v -0.225342 -2.229456 -0.507854
v -0.215310 -2.274273 -0.517250
v -0.204279 -2.317543 -0.527582
v -0.192354 -2.359251 -0.538752
v -0.179653 -2.399363 -0.550647
v -0.166311 -2.437824 -0.563143
v -0.152467 -2.474557 -0.576109
v -0.139701 -2.506052 -0.588066
v -0.126757 -2.535968 -0.600189
v -0.113747 -2.564192 -0.612375
v -0.100780 -2.590596 -0.624519
v -0.087966 -2.615034 -0.636521
v -0.075411 -2.637351 -0.648280
v -0.063219 -2.657376 -0.659699
v -0.051487 -2.674938 -0.670687
v -0.036718 -2.694223 -0.684520
v -0.023119 -2.708429 -0.697257
v -0.010846 -2.717215 -0.708752
v -0.005240 -2.719496 -0.714002
v -0.004822 -2.719496 -0.713590
v -0.009979 -2.717215 -0.707900
v -0.021272 -2.708429 -0.695440
v -0.033785 -2.694223 -0.681635
v -0.047374 -2.674938 -0.666641
v -0.058169 -2.657376 -0.654731
v -0.069387 -2.637351 -0.642354
v -0.080939 -2.615034 -0.629608
v -0.092729 -2.590596 -0.616599
v -0.104660 -2.564192 -0.603436
v -0.116631 -2.535968 -0.590228
v -0.128541 -2.506052 -0.577088
v -0.140287 -2.474557 -0.564127
v -0.153025 -2.437824 -0.550073
v -0.165302 -2.399363 -0.536528
v -0.176987 -2.359251 -0.523635
v -0.187960 -2.317543 -0.511528
v -0.198110 -2.274273 -0.500329
v -0.207341 -2.229456 -0.490145
v -0.266909 -2.183096 -0.540567
v -0.256713 -2.229456 -0.547380
v -0.245284 -2.274273 -0.555017
v -0.232717 -2.317543 -0.563414
v -0.219131 -2.359251 -0.572491
v -0.204663 -2.399363 -0.582159
v -0.189463 -2.437824 -0.592315
v -0.173692 -2.474557 -0.602853
v -0.159149 -2.506052 -0.612571
v -0.144403 -2.535968 -0.622423
v -0.129582 -2.564192 -0.632327
v -0.114810 -2.590596 -0.642197
v -0.100212 -2.615034 -0.651951
v -0.085909 -2.637351 -0.661508
v -0.072020 -2.657376 -0.670788
v -0.058655 -2.674938 -0.679718
v -0.041829 -2.694223 -0.690961
v -0.026338 -2.708429 -0.701312
v -0.012355 -2.717215 -0.710655
v -0.005970 -2.719496 -0.714921
v -0.005624 -2.719496 -0.714447
v -0.011639 -2.717215 -0.709673
v -0.024812 -2.708429 -0.699218
v -0.039406 -2.694223 -0.687636
v -0.055256 -2.674938 -0.675056
v -0.067846 -2.657376 -0.665064
v -0.080931 -2.637351 -0.654679
v -0.094405 -2.615034 -0.643985
v -0.108157 -2.590596 -0.633071
v -0.122073 -2.564192 -0.622027
v -0.136035 -2.535968 -0.610945
v -0.149926 -2.506052 -0.599920
v -0.163627 -2.474557 -0.589047
v -0.178484 -2.437824 -0.577255
v -0.192803 -2.399363 -0.565891
v -0.206433 -2.359251 -0.555073
v -0.219231 -2.317543 -0.544916
v -0.231070 -2.274273 -0.535520
v -0.241836 -2.229456 -0.526975
v -0.292396 -2.183096 -0.586427
v -0.281225 -2.229456 -0.591489
v -0.268705 -2.274273 -0.597162
v -0.254939 -2.317543 -0.603399
v -0.240056 -2.359251 -0.610143
v -0.224206 -2.399363 -0.617324
v -0.207554 -2.437824 -0.624869
v -0.190277 -2.474557 -0.632697
v -0.174345 -2.506052 -0.639916
v -0.158192 -2.535968 -0.647235
v -0.141955 -2.564192 -0.654591
v -0.125773 -2.590596 -0.661923
v -0.109781 -2.615034 -0.669169
v -0.094112 -2.637351 -0.676268
v -0.078897 -2.657376 -0.683163
v -0.064256 -2.674938 -0.689796
v -0.045824 -2.694223 -0.698148
v -0.028853 -2.708429 -0.705837
v -0.013535 -2.717215 -0.712778
v -0.006540 -2.719496 -0.715947
v -0.006276 -2.719496 -0.715423
v -0.012989 -2.717215 -0.711692
v -0.027688 -2.708429 -0.703523
v -0.043974 -2.694223 -0.694473
v -0.061662 -2.674938 -0.684643
v -0.075712 -2.657376 -0.676835
v -0.090313 -2.637351 -0.668720
v -0.105349 -2.615034 -0.660364
v -0.120695 -2.590596 -0.651836
v -0.136224 -2.564192 -0.643206
v -0.151805 -2.535968 -0.634547
v -0.167306 -2.506052 -0.625932
v -0.182595 -2.474557 -0.617435
v -0.199175 -2.437824 -0.608222
v -0.215154 -2.399363 -0.599341
v -0.230364 -2.359251 -0.590889
v -0.244646 -2.317543 -0.582952
v -0.257857 -2.274273 -0.575610
v -0.269872 -2.229456 -0.568933
v -0.310071 -2.183096 -0.635827
v -0.298225 -2.229456 -0.639001
v -0.284948 -2.274273 -0.642559
v -0.270350 -2.317543 -0.646470
v -0.254567 -2.359251 -0.650699
v -0.237759 -2.399363 -0.655203
v -0.220101 -2.437824 -0.659934
v -0.201780 -2.474557 -0.664844
v -0.184884 -2.506052 -0.669371
v -0.167754 -2.535968 -0.673961
v -0.150536 -2.564192 -0.678574
v -0.133376 -2.590596 -0.683172
v -0.116417 -2.615034 -0.687716
v -0.099802 -2.637351 -0.692169
v -0.083666 -2.657376 -0.696492
v -0.068140 -2.674938 -0.700652
v -0.048594 -2.694223 -0.705890
v -0.030597 -2.708429 -0.710712
v -0.014353 -2.717215 -0.715064
v -0.006935 -2.719496 -0.717052
v -0.006760 -2.719496 -0.716491
v -0.013991 -2.717215 -0.713904
v -0.029825 -2.708429 -0.708239
v -0.047367 -2.694223 -0.701962
v -0.066420 -2.674938 -0.695145
v -0.081554 -2.657376 -0.689730
v -0.097282 -2.637351 -0.684102
v -0.113478 -2.615034 -0.678307
v -0.130009 -2.590596 -0.672392
v -0.146736 -2.564192 -0.666407
v -0.163520 -2.535968 -0.660402
v -0.180218 -2.506052 -0.654427
v -0.196686 -2.474557 -0.648535
v -0.214545 -2.437824 -0.642145
v -0.231758 -2.399363 -0.635986
v -0.248141 -2.359251 -0.630124
v -0.263526 -2.317543 -0.624619
v -0.277756 -2.274273 -0.619528
v -0.290698 -2.229456 -0.614897
v -0.319464 -2.183096 -0.687446
v -0.307259 -2.229456 -0.688648
v -0.293580 -2.274273 -0.689995
v -0.278539 -2.317543 -0.691477
v -0.262278 -2.359251 -0.693078
v -0.244961 -2.399363 -0.694784
v -0.226768 -2.437824 -0.696576
v -0.207892 -2.474557 -0.698435
v -0.190485 -2.506052 -0.700149
v -0.172836 -2.535968 -0.701887
v -0.155096 -2.564192 -0.703635
v -0.137416 -2.590596 -0.705376
v -0.119943 -2.615034 -0.707097
v -0.102825 -2.637351 -0.708783
v -0.086200 -2.657376 -0.710420
v -0.070204 -2.674938 -0.711996
v -0.050066 -2.694223 -0.713979
v -0.031524 -2.708429 -0.715805
v -0.014788 -2.717215 -0.717454
v -0.007145 -2.719496 -0.718207
v -0.320322 -2.183096 -0.739905
v -0.308085 -2.229456 -0.739103
v -0.294369 -2.274273 -0.738204
v -0.279287 -2.317543 -0.737216
v -0.262983 -2.359251 -0.736147
v -0.245619 -2.399363 -0.735009
v -0.227377 -2.437824 -0.733813
v -0.208450 -2.474557 -0.732573
v -0.190997 -2.506052 -0.731429
v -0.173300 -2.535968 -0.730269
v -0.155513 -2.564192 -0.729103
v -0.137785 -2.590596 -0.727941
v -0.120266 -2.615034 -0.726793
v -0.103101 -2.637351 -0.725668
v -0.086432 -2.657376 -0.724575
v -0.070393 -2.674938 -0.723524
v -0.050200 -2.694223 -0.722201
v -0.031608 -2.708429 -0.720982
v -0.014828 -2.717215 -0.719882
v -0.007164 -2.719496 -0.719380
v -0.312624 -2.183096 -0.791804
v -0.300680 -2.229456 -0.789019
v -0.287294 -2.274273 -0.785898
v -0.272575 -2.317543 -0.782466
v -0.256662 -2.359251 -0.778756
v -0.239716 -2.399363 -0.774804
v -0.221913 -2.437824 -0.770653
v -0.203441 -2.474557 -0.766346
v -0.186406 -2.506052 -0.762374
v -0.169135 -2.535968 -0.758347
v -0.151775 -2.564192 -0.754299
v -0.134474 -2.590596 -0.750265
v -0.117375 -2.615034 -0.746278
v -0.100623 -2.637351 -0.742372
v -0.084355 -2.657376 -0.738579
v -0.068701 -2.674938 -0.734929
v -0.048994 -2.694223 -0.730334
v -0.030849 -2.708429 -0.726103
v -0.014472 -2.717215 -0.722285
v -0.006992 -2.719496 -0.720541
v -0.296574 -2.183096 -0.841755
v -0.285244 -2.229456 -0.837062
v -0.272545 -2.274273 -0.831802
v -0.258582 -2.317543 -0.826018
v -0.243486 -2.359251 -0.819765
v -0.227410 -2.399363 -0.813106
v -0.210520 -2.437824 -0.806111
v -0.192996 -2.474557 -0.798852
v -0.176836 -2.506052 -0.792158
v -0.160452 -2.535968 -0.785372
v -0.143983 -2.564192 -0.778550
v -0.127570 -2.590596 -0.771751
v -0.111349 -2.615034 -0.765033
v -0.095457 -2.637351 -0.758450
v -0.080024 -2.657376 -0.752057
v -0.065174 -2.674938 -0.745906
v -0.046478 -2.694223 -0.738162
v -0.029265 -2.708429 -0.731032
v -0.013729 -2.717215 -0.724597
v -0.006633 -2.719496 -0.721658
v -0.006836 -2.719496 -0.721107
v -0.014147 -2.717215 -0.723456
v -0.030158 -2.708429 -0.728600
v -0.047896 -2.694223 -0.734300
v -0.067162 -2.674938 -0.740490
v -0.082465 -2.657376 -0.745407
v -0.098369 -2.637351 -0.750517
v -0.114746 -2.615034 -0.755779
v -0.131461 -2.590596 -0.761150
v -0.148376 -2.564192 -0.766584
v -0.165347 -2.535968 -0.772037
v -0.182231 -2.506052 -0.777462
v -0.198884 -2.474557 -0.782813
v -0.216942 -2.437824 -0.788615
v -0.234347 -2.399363 -0.794207
v -0.250913 -2.359251 -0.799530
v -0.266470 -2.317543 -0.804528
v -0.280859 -2.274273 -0.809152
v -0.293945 -2.229456 -0.813356
v -0.272602 -2.183096 -0.888425
v -0.262187 -2.229456 -0.881949
v -0.250515 -2.274273 -0.874690
v -0.237680 -2.317543 -0.866709
v -0.223805 -2.359251 -0.858081
v -0.209028 -2.399363 -0.848892
v -0.193504 -2.437824 -0.839239
v -0.177396 -2.474557 -0.829222
v -0.162543 -2.506052 -0.819986
v -0.147483 -2.535968 -0.810621
v -0.132345 -2.564192 -0.801208
v -0.117258 -2.590596 -0.791826
v -0.102349 -2.615034 -0.782555
v -0.087741 -2.637351 -0.773471
v -0.073556 -2.657376 -0.764650
v -0.059906 -2.674938 -0.756162
v -0.042722 -2.694223 -0.745476
v -0.026899 -2.708429 -0.735637
v -0.012619 -2.717215 -0.726757
v -0.006097 -2.719496 -0.722702
v -0.006387 -2.719496 -0.722191
v -0.013218 -2.717215 -0.725700
v -0.028176 -2.708429 -0.733383
v -0.044750 -2.694223 -0.741896
v -0.062750 -2.674938 -0.751142
v -0.077048 -2.657376 -0.758486
v -0.091907 -2.637351 -0.766119
v -0.107208 -2.615034 -0.773978
v -0.122825 -2.590596 -0.782000
v -0.138628 -2.564192 -0.790117
v -0.154484 -2.535968 -0.798262
v -0.170259 -2.506052 -0.806365
v -0.185818 -2.474557 -0.814356
v -0.202690 -2.437824 -0.823023
v -0.218951 -2.399363 -0.831375
v -0.234429 -2.359251 -0.839326
v -0.248964 -2.317543 -0.846792
v -0.262408 -2.274273 -0.853697
v -0.274634 -2.229456 -0.859977
v -0.241348 -2.183096 -0.930566
v -0.232127 -2.229456 -0.922480
v -0.221793 -2.274273 -0.913418
v -0.210430 -2.317543 -0.903452
v -0.198145 -2.359251 -0.892679
v -0.185063 -2.399363 -0.881206
v -0.171318 -2.437824 -0.869152
v -0.157058 -2.474557 -0.856646
v -0.143907 -2.506052 -0.845113
v -0.130574 -2.535968 -0.833420
v -0.117172 -2.564192 -0.821667
v -0.103814 -2.590596 -0.809953
v -0.090615 -2.615034 -0.798377
v -0.077682 -2.637351 -0.787035
v -0.065123 -2.657376 -0.776021
v -0.053038 -2.674938 -0.765423
v -0.037823 -2.694223 -0.752081
v -0.023815 -2.708429 -0.739796
v -0.011172 -2.717215 -0.728708
v -0.005398 -2.719496 -0.723644
v -0.005767 -2.719496 -0.723187
v -0.011936 -2.717215 -0.727762
v -0.025443 -2.708429 -0.737780
v -0.040408 -2.694223 -0.748879
v -0.056661 -2.674938 -0.760933
v -0.069572 -2.657376 -0.770508
v -0.082989 -2.637351 -0.780459
v -0.096806 -2.615034 -0.790706
v -0.110907 -2.590596 -0.801165
v -0.125177 -2.564192 -0.811748
v -0.139495 -2.535968 -0.822367
v -0.153739 -2.506052 -0.832931
v -0.167788 -2.474557 -0.843350
v -0.183023 -2.437824 -0.854649
v -0.197707 -2.399363 -0.865539
v -0.211683 -2.359251 -0.875905
v -0.224807 -2.317543 -0.885639
v -0.236946 -2.274273 -0.894642
v -0.247987 -2.229456 -0.902830
v -0.203646 -2.183096 -0.967054
v -0.195866 -2.229456 -0.957574
v -0.187146 -2.274273 -0.946949
v -0.177558 -2.317543 -0.935266
v -0.167193 -2.359251 -0.922635
v -0.156154 -2.399363 -0.909184
v -0.144556 -2.437824 -0.895053
v -0.132523 -2.474557 -0.880390
v -0.121427 -2.506052 -0.866869
v -0.110176 -2.535968 -0.853161
v -0.098868 -2.564192 -0.839381
v -0.087597 -2.590596 -0.825648
v -0.076459 -2.615034 -0.812076
v -0.065547 -2.637351 -0.798779
v -0.054950 -2.657376 -0.785867
v -0.044753 -2.674938 -0.773441
v -0.031915 -2.694223 -0.757799
v -0.020095 -2.708429 -0.743396
v -0.009427 -2.717215 -0.730397
v -0.004555 -2.719496 -0.724460
v -0.004993 -2.719496 -0.724070
v -0.010334 -2.717215 -0.729588
v -0.022029 -2.708429 -0.741672
v -0.034986 -2.694223 -0.755061
v -0.049059 -2.674938 -0.769602
v -0.060238 -2.657376 -0.781152
v -0.071855 -2.637351 -0.793156
v -0.083817 -2.615034 -0.805516
v -0.096027 -2.590596 -0.818132
v -0.108382 -2.564192 -0.830899
v -0.120779 -2.535968 -0.843708
v -0.133112 -2.506052 -0.856451
v -0.145276 -2.474557 -0.869020
v -0.158467 -2.437824 -0.882650
v -0.171181 -2.399363 -0.895786
v -0.183282 -2.359251 -0.908290
v -0.194645 -2.317543 -0.920032
v -0.205156 -2.274273 -0.930892
v -0.214715 -2.229456 -0.940769
v -0.154373 -2.229456 -0.986292
v -0.147500 -2.274273 -0.974388
v -0.139943 -2.317543 -0.961299
v -0.131774 -2.359251 -0.947149
v -0.123073 -2.399363 -0.932079
v -0.113933 -2.437824 -0.916247
v -0.104449 -2.474557 -0.899821
v -0.095703 -2.506052 -0.884673
v -0.086836 -2.535968 -0.869315
v -0.077923 -2.564192 -0.853877
v -0.069040 -2.590596 -0.838492
v -0.060262 -2.615034 -0.823287
v -0.051661 -2.637351 -0.808390
v -0.043309 -2.657376 -0.793923
v -0.035272 -2.674938 -0.780003
v -0.025154 -2.694223 -0.762478
v -0.015838 -2.708429 -0.746343
v -0.007430 -2.717215 -0.731779
v -0.003590 -2.719496 -0.725128
v -0.004086 -2.719496 -0.724814
v -0.008457 -2.717215 -0.731129
v -0.018027 -2.708429 -0.744957
v -0.028630 -2.694223 -0.760277
v -0.040147 -2.674938 -0.776916
v -0.049294 -2.657376 -0.790133
v -0.058801 -2.637351 -0.803869
v -0.068590 -2.615034 -0.818013
v -0.078582 -2.590596 -0.832450
v -0.088692 -2.564192 -0.847058
v -0.098837 -2.535968 -0.861715
v -0.108929 -2.506052 -0.876298
v -0.118884 -2.474557 -0.890680
v -0.129678 -2.437824 -0.906277
v -0.140082 -2.399363 -0.921309
v -0.149985 -2.359251 -0.935617
v -0.159284 -2.317543 -0.949052
v -0.167885 -2.274273 -0.961480
v -0.175707 -2.229456 -0.972782
v -0.108756 -2.229456 -1.007867
v -0.103914 -2.274273 -0.995003
v -0.098590 -2.317543 -0.980858
v -0.092834 -2.359251 -0.965566
v -0.086705 -2.399363 -0.949280
v -0.080266 -2.437824 -0.932171
v -0.073584 -2.474557 -0.914419
v -0.067423 -2.506052 -0.898049
v -0.061176 -2.535968 -0.881451
v -0.054897 -2.564192 -0.864768
v -0.048639 -2.590596 -0.848141
v -0.042454 -2.615034 -0.831709
v -0.036395 -2.637351 -0.815610
v -0.030511 -2.657376 -0.799976
v -0.024849 -2.674938 -0.784933
v -0.017721 -2.694223 -0.765994
v -0.011158 -2.708429 -0.748556
v -0.005234 -2.717215 -0.732818
v -0.002529 -2.719496 -0.725630
v -0.003070 -2.719496 -0.725401
v -0.006353 -2.717215 -0.732343
v -0.013543 -2.708429 -0.747545
v -0.021509 -2.694223 -0.764388
v -0.030161 -2.674938 -0.782681
v -0.037034 -2.657376 -0.797212
v -0.044176 -2.637351 -0.812312
v -0.051531 -2.615034 -0.827862
v -0.059037 -2.590596 -0.843734
v -0.066633 -2.564192 -0.859794
v -0.074254 -2.535968 -0.875908
v -0.081837 -2.506052 -0.891940
v -0.089315 -2.474557 -0.907752
v -0.097425 -2.437824 -0.924898
v -0.105241 -2.399363 -0.941424
v -0.112681 -2.359251 -0.957154
v -0.119667 -2.317543 -0.971925
v -0.126129 -2.274273 -0.985587
v -0.132006 -2.229456 -0.998013
v -0.137249 -2.183096 -1.009099
v -0.062626 -2.183096 -1.033751
v -0.060233 -2.229456 -1.021723
v -0.057552 -2.274273 -1.008242
v -0.054603 -2.317543 -0.993419
v -0.051415 -2.359251 -0.977393
v -0.048021 -2.399363 -0.960327
v -0.044454 -2.437824 -0.942397
v -0.040754 -2.474557 -0.923794
v -0.037342 -2.506052 -0.906639
v -0.033882 -2.535968 -0.889245
v -0.030404 -2.564192 -0.871762
v -0.026938 -2.590596 -0.854338
v -0.023513 -2.615034 -0.837118
v -0.020157 -2.637351 -0.820247
v -0.016898 -2.657376 -0.803863
v -0.013762 -2.674938 -0.788099
v -0.009815 -2.694223 -0.768252
v -0.006180 -2.708429 -0.749978
v -0.002899 -2.717215 -0.733485
v -0.001401 -2.719496 -0.725952
v -0.001971 -2.719496 -0.725814
v -0.004080 -2.717215 -0.733199
v -0.008698 -2.708429 -0.749369
v -0.013814 -2.694223 -0.767284
v -0.019371 -2.674938 -0.786743
v -0.023784 -2.657376 -0.802198
v -0.028371 -2.637351 -0.818261
v -0.033094 -2.615034 -0.834801
v -0.037915 -2.590596 -0.851683
v -0.042794 -2.564192 -0.868766
v -0.047688 -2.535968 -0.885907
v -0.052558 -2.506052 -0.902959
v -0.057361 -2.474557 -0.919778
v -0.062569 -2.437824 -0.938017
v -0.067589 -2.399363 -0.955595
v -0.072367 -2.359251 -0.972327
v -0.076854 -2.317543 -0.988039
v -0.081004 -2.274273 -1.002571
v -0.084778 -2.229456 -1.015788
v -0.088146 -2.183096 -1.027581
v -0.010503 -2.183096 -1.039748
v -0.010102 -2.229456 -1.027491
v -0.009652 -2.274273 -1.013753
v -0.009158 -2.317543 -0.998647
v -0.008623 -2.359251 -0.982316
v -0.008054 -2.399363 -0.964925
v -0.007456 -2.437824 -0.946654
v -0.006835 -2.474557 -0.927696
v -0.006263 -2.506052 -0.910214
v -0.005682 -2.535968 -0.892489
v -0.005099 -2.564192 -0.874673
v -0.004518 -2.590596 -0.856917
v -0.003943 -2.615034 -0.839369
v -0.003381 -2.637351 -0.822177
v -0.002834 -2.657376 -0.805481
v -0.002308 -2.674938 -0.789416
v -0.001646 -2.694223 -0.769191
v -0.001036 -2.708429 -0.750570
v -0.000486 -2.717215 -0.733762
v -0.000235 -2.719496 -0.726086
v 0.041900 -2.183096 -1.037173
v 0.040299 -2.229456 -1.025014
v 0.038505 -2.274273 -1.011387
v 0.036533 -2.317543 -0.996402
v 0.034400 -2.359251 -0.980203
v 0.032129 -2.399363 -0.962951
v 0.029742 -2.437824 -0.944826
v 0.027267 -2.474557 -0.926021
v 0.024984 -2.506052 -0.908679
v 0.022669 -2.535968 -0.891097
v 0.020342 -2.564192 -0.873424
v 0.018023 -2.590596 -0.855810
v 0.015731 -2.615034 -0.838403
v 0.013486 -2.637351 -0.821349
v 0.011306 -2.657376 -0.804787
v 0.009208 -2.674938 -0.788851
v 0.006566 -2.694223 -0.768788
v 0.004135 -2.708429 -0.750315
v 0.001940 -2.717215 -0.733643
v 0.000937 -2.719496 -0.726029
v 0.089624 -2.229456 -1.014361
v 0.085634 -2.274273 -1.001208
v 0.081247 -2.317543 -0.986745
v 0.076504 -2.359251 -0.971109
v 0.071452 -2.399363 -0.954458
v 0.066146 -2.437824 -0.936964
v 0.060640 -2.474557 -0.918813
v 0.055562 -2.506052 -0.902075
v 0.050414 -2.535968 -0.885104
v 0.045240 -2.564192 -0.868046
v 0.040083 -2.590596 -0.851045
v 0.034986 -2.615034 -0.834244
v 0.029993 -2.637351 -0.817783
v 0.025144 -2.657376 -0.801798
v 0.020478 -2.674938 -0.786417
v 0.014604 -2.694223 -0.767052
v 0.009195 -2.708429 -0.749223
v 0.004314 -2.717215 -0.733130
v 0.002084 -2.719496 -0.725781
v 0.136555 -2.229456 -0.995816
v 0.130475 -2.274273 -0.983488
v 0.123791 -2.317543 -0.969933
v 0.116564 -2.359251 -0.955278
v 0.108868 -2.399363 -0.939672
v 0.100782 -2.437824 -0.923276
v 0.092393 -2.474557 -0.906265
v 0.084657 -2.506052 -0.890577
v 0.076813 -2.535968 -0.874672
v 0.068929 -2.564192 -0.858685
v 0.061071 -2.590596 -0.842751
v 0.053306 -2.615034 -0.827005
v 0.045698 -2.637351 -0.811577
v 0.038310 -2.657376 -0.796595
v 0.031201 -2.674938 -0.782179
v 0.022251 -2.694223 -0.764030
v 0.014010 -2.708429 -0.747320
v 0.006572 -2.717215 -0.732238
v 0.003176 -2.719496 -0.725350
v 0.002639 -2.719496 -0.725588
v 0.005461 -2.717215 -0.732730
v 0.011642 -2.708429 -0.748370
v 0.018489 -2.694223 -0.765697
v 0.025926 -2.674938 -0.784517
v 0.031833 -2.657376 -0.799466
v 0.037973 -2.637351 -0.815002
v 0.044294 -2.615034 -0.830999
v 0.050747 -2.590596 -0.847328
v 0.057276 -2.564192 -0.863850
v 0.063827 -2.535968 -0.880428
v 0.070345 -2.506052 -0.896921
v 0.076773 -2.474557 -0.913189
v 0.083744 -2.437824 -0.930829
v 0.090463 -2.399363 -0.947831
v 0.096858 -2.359251 -0.964014
v 0.102863 -2.317543 -0.979210
v 0.108417 -2.274273 -0.993266
v 0.113469 -2.229456 -1.006049
v 0.117976 -2.183096 -1.017454
v 0.179837 -2.229456 -0.969873
v 0.171831 -2.274273 -0.958700
v 0.163028 -2.317543 -0.946415
v 0.153510 -2.359251 -0.933134
v 0.143375 -2.399363 -0.918989
v 0.132726 -2.437824 -0.904130
v 0.121678 -2.474557 -0.888712
v 0.111490 -2.506052 -0.874494
v 0.101160 -2.535968 -0.860079
v 0.090777 -2.564192 -0.845590
v 0.080429 -2.590596 -0.831149
v 0.070202 -2.615034 -0.816878
v 0.060183 -2.637351 -0.802895
v 0.050453 -2.657376 -0.789317
v 0.041090 -2.674938 -0.776252
v 0.029303 -2.694223 -0.759803
v 0.018451 -2.708429 -0.744658
v 0.008656 -2.717215 -0.730989
v 0.004182 -2.719496 -0.724746
v 0.003691 -2.719496 -0.725069
v 0.007639 -2.717215 -0.731656
v 0.016285 -2.708429 -0.746080
v 0.025863 -2.694223 -0.762061
v 0.036267 -2.674938 -0.779418
v 0.044530 -2.657376 -0.793205
v 0.053118 -2.637351 -0.807533
v 0.061962 -2.615034 -0.822287
v 0.070988 -2.590596 -0.837346
v 0.080121 -2.564192 -0.852584
v 0.089285 -2.535968 -0.867874
v 0.098403 -2.506052 -0.883085
v 0.107395 -2.474557 -0.898088
v 0.117146 -2.437824 -0.914357
v 0.126544 -2.399363 -0.930037
v 0.135490 -2.359251 -0.944962
v 0.143890 -2.317543 -0.958977
v 0.151660 -2.274273 -0.971941
v 0.158727 -2.229456 -0.983730
v 0.165032 -2.183096 -0.994249
v 0.226988 -2.183096 -0.945898
v 0.218316 -2.229456 -0.937226
v 0.208597 -2.274273 -0.927507
v 0.197910 -2.317543 -0.916820
v 0.186356 -2.359251 -0.905266
v 0.174052 -2.399363 -0.892962
v 0.161125 -2.437824 -0.880035
v 0.147713 -2.474557 -0.866623
v 0.135345 -2.506052 -0.854255
v 0.122805 -2.535968 -0.841715
v 0.110200 -2.564192 -0.829110
v 0.097638 -2.590596 -0.816548
v 0.085223 -2.615034 -0.804133
v 0.073060 -2.637351 -0.791970
v 0.061248 -2.657376 -0.780158
v 0.049882 -2.674938 -0.768792
v 0.035573 -2.694223 -0.754483
v 0.022398 -2.708429 -0.741309
v 0.010507 -2.717215 -0.729418
v 0.005077 -2.719496 -0.723987
v 0.004645 -2.719496 -0.724385
v 0.009614 -2.717215 -0.730241
v 0.020493 -2.708429 -0.743064
v 0.032547 -2.694223 -0.757271
v 0.045639 -2.674938 -0.772702
v 0.056038 -2.657376 -0.784958
v 0.066845 -2.637351 -0.797696
v 0.077974 -2.615034 -0.810813
v 0.089332 -2.590596 -0.824200
v 0.100826 -2.564192 -0.837748
v 0.112358 -2.535968 -0.851340
v 0.123832 -2.506052 -0.864863
v 0.135148 -2.474557 -0.878200
v 0.147419 -2.437824 -0.892664
v 0.159246 -2.399363 -0.906604
v 0.170503 -2.359251 -0.919872
v 0.181074 -2.317543 -0.932331
v 0.190852 -2.274273 -0.943856
v 0.199745 -2.229456 -0.954337
v 0.207679 -2.183096 -0.963689
v 0.257837 -2.183096 -0.910135
v 0.247987 -2.229456 -0.902830
v 0.236946 -2.274273 -0.894642
v 0.224807 -2.317543 -0.885639
v 0.211683 -2.359251 -0.875905
v 0.197707 -2.399363 -0.865539
v 0.183023 -2.437824 -0.854649
v 0.167788 -2.474557 -0.843350
v 0.153739 -2.506052 -0.832931
v 0.139495 -2.535968 -0.822367
v 0.125177 -2.564192 -0.811748
v 0.110907 -2.590596 -0.801165
v 0.096806 -2.615034 -0.790706
v 0.082989 -2.637351 -0.780459
v 0.069572 -2.657376 -0.770508
v 0.056661 -2.674938 -0.760933
v 0.040408 -2.694223 -0.748879
v 0.025443 -2.708429 -0.737780
v 0.011936 -2.717215 -0.727762
v 0.005767 -2.719496 -0.723187
v 0.283105 -2.183096 -0.870233
v 0.272289 -2.229456 -0.864452
v 0.260167 -2.274273 -0.857972
v 0.246838 -2.317543 -0.850848
v 0.232428 -2.359251 -0.843146
v 0.217082 -2.399363 -0.834943
v 0.200959 -2.437824 -0.826325
v 0.184231 -2.474557 -0.817384
v 0.168805 -2.506052 -0.809139
v 0.153165 -2.535968 -0.800779
v 0.137444 -2.564192 -0.792376
v 0.121776 -2.590596 -0.784001
v 0.106292 -2.615034 -0.775725
v 0.091122 -2.637351 -0.767616
v 0.076390 -2.657376 -0.759741
v 0.062214 -2.674938 -0.752164
v 0.044368 -2.694223 -0.742625
v 0.027936 -2.708429 -0.733842
v 0.013105 -2.717215 -0.725915
v 0.006332 -2.719496 -0.722295
v 0.302244 -2.183096 -0.827055
v 0.290698 -2.229456 -0.822924
v 0.277756 -2.274273 -0.818293
v 0.263526 -2.317543 -0.813201
v 0.248141 -2.359251 -0.807697
v 0.231758 -2.399363 -0.801834
v 0.214545 -2.437824 -0.795676
v 0.196686 -2.474557 -0.789286
v 0.180218 -2.506052 -0.783393
v 0.163520 -2.535968 -0.777419
v 0.146736 -2.564192 -0.771413
v 0.130009 -2.590596 -0.765428
v 0.113478 -2.615034 -0.759513
v 0.097282 -2.637351 -0.753718
v 0.081554 -2.657376 -0.748091
v 0.066420 -2.674938 -0.742676
v 0.047367 -2.694223 -0.735858
v 0.029825 -2.708429 -0.729582
v 0.013991 -2.717215 -0.723916
v 0.006760 -2.719496 -0.721329
v 0.314841 -2.183096 -0.781536
v 0.302813 -2.229456 -0.779144
v 0.289332 -2.274273 -0.776462
v 0.274509 -2.317543 -0.773513
v 0.258483 -2.359251 -0.770326
v 0.241417 -2.399363 -0.766931
v 0.223487 -2.437824 -0.763365
v 0.204884 -2.474557 -0.759664
v 0.187729 -2.506052 -0.756252
v 0.170335 -2.535968 -0.752792
v 0.152852 -2.564192 -0.749314
v 0.135427 -2.590596 -0.745848
v 0.118208 -2.615034 -0.742423
v 0.101337 -2.637351 -0.739067
v 0.084953 -2.657376 -0.735809
v 0.069188 -2.674938 -0.732673
v 0.049341 -2.694223 -0.728725
v 0.031068 -2.708429 -0.725090
v 0.014574 -2.717215 -0.721809
v 0.007042 -2.719496 -0.720311
v 0.319464 -2.183096 -0.687446
v 0.307259 -2.229456 -0.688648
v 0.293580 -2.274273 -0.689995
v 0.278539 -2.317543 -0.691477
v 0.262278 -2.359251 -0.693078
v 0.244961 -2.399363 -0.694784
v 0.226768 -2.437824 -0.696576
v 0.207892 -2.474557 -0.698435
v 0.190485 -2.506052 -0.700149
v 0.172836 -2.535968 -0.701887
v 0.155096 -2.564192 -0.703635
v 0.137416 -2.590596 -0.705376
v 0.119943 -2.615034 -0.707097
v 0.102825 -2.637351 -0.708783
v 0.086200 -2.657376 -0.710420
v 0.070204 -2.674938 -0.711996
v 0.050066 -2.694223 -0.713979
v 0.031524 -2.708429 -0.715805
v 0.014788 -2.717215 -0.717454
v 0.007145 -2.719496 -0.718207
v 0.007171 -2.719496 -0.719263
v 0.014842 -2.717215 -0.719639
v 0.031638 -2.708429 -0.720465
v 0.050247 -2.694223 -0.721379
v 0.070459 -2.674938 -0.722372
v 0.086513 -2.657376 -0.723160
v 0.103198 -2.637351 -0.723980
v 0.120379 -2.615034 -0.724824
v 0.137914 -2.590596 -0.725686
v 0.155659 -2.564192 -0.726557
v 0.173463 -2.535968 -0.727432
v 0.191176 -2.506052 -0.728302
v 0.208646 -2.474557 -0.729160
v 0.227591 -2.437824 -0.730091
v 0.245850 -2.399363 -0.730988
v 0.263230 -2.359251 -0.731842
v 0.279549 -2.317543 -0.732644
v 0.294645 -2.274273 -0.733385
v 0.308374 -2.229456 -0.734060
v 0.311389 -2.183096 -0.640911
v 0.299493 -2.229456 -0.643891
v 0.286160 -2.274273 -0.647231
v 0.271499 -2.317543 -0.650903
v 0.255649 -2.359251 -0.654874
v 0.238770 -2.399363 -0.659102
v 0.221036 -2.437824 -0.663544
v 0.202637 -2.474557 -0.668152
v 0.185670 -2.506052 -0.672402
v 0.168467 -2.535968 -0.676711
v 0.151176 -2.564192 -0.681043
v 0.133942 -2.590596 -0.685359
v 0.116912 -2.615034 -0.689625
v 0.100226 -2.637351 -0.693805
v 0.084022 -2.657376 -0.697864
v 0.068430 -2.674938 -0.701770
v 0.048800 -2.694223 -0.706686
v 0.030727 -2.708429 -0.711214
v 0.014414 -2.717215 -0.715300
v 0.006965 -2.719496 -0.717166
v 0.296574 -2.183096 -0.596065
v 0.285244 -2.229456 -0.600758
v 0.272545 -2.274273 -0.606019
v 0.258582 -2.317543 -0.611802
v 0.243486 -2.359251 -0.618055
v 0.227410 -2.399363 -0.624714
v 0.210520 -2.437824 -0.631710
v 0.192996 -2.474557 -0.638969
v 0.176836 -2.506052 -0.645662
v 0.160452 -2.535968 -0.652449
v 0.143983 -2.564192 -0.659270
v 0.127570 -2.590596 -0.666069
v 0.111349 -2.615034 -0.672788
v 0.095457 -2.637351 -0.679371
v 0.080024 -2.657376 -0.685763
v 0.065174 -2.674938 -0.691914
v 0.046478 -2.694223 -0.699658
v 0.029265 -2.708429 -0.706788
v 0.013729 -2.717215 -0.713224
v 0.006633 -2.719496 -0.716163
v 0.275339 -2.183096 -0.553879
v 0.264820 -2.229456 -0.560183
v 0.253030 -2.274273 -0.567250
v 0.240067 -2.317543 -0.575020
v 0.226052 -2.359251 -0.583420
v 0.211127 -2.399363 -0.592366
v 0.195447 -2.437824 -0.601764
v 0.179178 -2.474557 -0.611515
v 0.164175 -2.506052 -0.620508
v 0.148964 -2.535968 -0.629625
v 0.133674 -2.564192 -0.638789
v 0.118436 -2.590596 -0.647923
v 0.103377 -2.615034 -0.656949
v 0.088622 -2.637351 -0.665792
v 0.074294 -2.657376 -0.674380
v 0.060507 -2.674938 -0.682643
v 0.043151 -2.694223 -0.693047
v 0.027170 -2.708429 -0.702625
v 0.012746 -2.717215 -0.711271
v 0.006158 -2.719496 -0.715219
v 0.248144 -2.183096 -0.515264
v 0.238664 -2.229456 -0.523044
v 0.228038 -2.274273 -0.531764
v 0.216355 -2.317543 -0.541352
v 0.203725 -2.359251 -0.551718
v 0.190274 -2.399363 -0.562757
v 0.176142 -2.437824 -0.574354
v 0.161480 -2.474557 -0.586387
v 0.147959 -2.506052 -0.597483
v 0.134250 -2.535968 -0.608734
v 0.120471 -2.564192 -0.620042
v 0.106738 -2.590596 -0.631313
v 0.093166 -2.615034 -0.642451
v 0.079869 -2.637351 -0.653363
v 0.066956 -2.657376 -0.663961
v 0.054531 -2.674938 -0.674158
v 0.038889 -2.694223 -0.686995
v 0.024486 -2.708429 -0.698815
v 0.011487 -2.717215 -0.709483
v 0.005550 -2.719496 -0.714355
v 0.215577 -2.183096 -0.481058
v 0.207341 -2.229456 -0.490145
v 0.198110 -2.274273 -0.500329
v 0.187960 -2.317543 -0.511528
v 0.176987 -2.359251 -0.523635
v 0.165302 -2.399363 -0.536528
v 0.153025 -2.437824 -0.550073
v 0.140287 -2.474557 -0.564127
v 0.128541 -2.506052 -0.577088
v 0.116631 -2.535968 -0.590228
v 0.104660 -2.564192 -0.603436
v 0.092729 -2.590596 -0.616599
v 0.080939 -2.615034 -0.629608
v 0.069387 -2.637351 -0.642354
v 0.058169 -2.657376 -0.654731
v 0.047374 -2.674938 -0.666641
v 0.033785 -2.694223 -0.681635
v 0.021272 -2.708429 -0.695440
v 0.009979 -2.717215 -0.707900
v 0.004822 -2.719496 -0.713590
v 0.178343 -2.183096 -0.452001
v 0.171530 -2.229456 -0.462198
v 0.163893 -2.274273 -0.473626
v 0.155497 -2.317543 -0.486193
v 0.146419 -2.359251 -0.499779
v 0.136752 -2.399363 -0.514247
v 0.126595 -2.437824 -0.529447
v 0.116057 -2.474557 -0.545218
v 0.106340 -2.506052 -0.559762
v 0.096487 -2.535968 -0.574507
v 0.086584 -2.564192 -0.589329
v 0.076713 -2.590596 -0.604100
v 0.066959 -2.615034 -0.618698
v 0.057403 -2.637351 -0.633001
v 0.048122 -2.657376 -0.646890
v 0.039192 -2.674938 -0.660255
v 0.027950 -2.694223 -0.677081
v 0.017598 -2.708429 -0.692572
v 0.008256 -2.717215 -0.706555
v 0.003989 -2.719496 -0.712941
v 0.137249 -2.183096 -0.428721
v 0.132006 -2.229456 -0.439808
v 0.126129 -2.274273 -0.452233
v 0.119667 -2.317543 -0.465896
v 0.112681 -2.359251 -0.480667
v 0.105241 -2.399363 -0.496397
v 0.097425 -2.437824 -0.512922
v 0.089315 -2.474557 -0.530069
v 0.081837 -2.506052 -0.545881
v 0.074254 -2.535968 -0.561912
v 0.066633 -2.564192 -0.578027
v 0.059037 -2.590596 -0.594087
v 0.051531 -2.615034 -0.609958
v 0.044176 -2.637351 -0.625508
v 0.037034 -2.657376 -0.640609
v 0.030161 -2.674938 -0.655139
v 0.021509 -2.694223 -0.673432
v 0.013543 -2.708429 -0.690275
v 0.006353 -2.717215 -0.705477
v 0.003070 -2.719496 -0.712420
v 0.093184 -2.183096 -0.411724
v 0.089624 -2.229456 -0.423459
v 0.085634 -2.274273 -0.436613
v 0.081247 -2.317543 -0.451075
v 0.076504 -2.359251 -0.466711
v 0.071452 -2.399363 -0.483363
v 0.066146 -2.437824 -0.500857
v 0.060640 -2.474557 -0.519008
v 0.055562 -2.506052 -0.535746
v 0.050414 -2.535968 -0.552716
v 0.045240 -2.564192 -0.569774
v 0.040083 -2.590596 -0.586775
v 0.034986 -2.615034 -0.603576
v 0.029993 -2.637351 -0.620037
v 0.025144 -2.657376 -0.636022
v 0.020478 -2.674938 -0.651404
v 0.014604 -2.694223 -0.670769
v 0.009195 -2.708429 -0.688598
v 0.004314 -2.717215 -0.704690
v 0.002084 -2.719496 -0.712040
vt 0.331717 0.000000 0.000000
vt 0.327421 0.053211 0.000000
vt 0.327421 -0.053211 0.000000
vt 0.314646 0.105044 0.000000
vt 0.314646 -0.105044 0.000000
vt 0.293721 0.154157 0.000000
vt 0.293721 -0.154157 0.000000
vt 0.265189 0.199276 0.000000
vt 0.229789 0.239235 0.000000
vt 0.188437 0.272998 0.000000
vt 0.142205 0.299690 0.000000
vt 0.092289 0.318620 0.000000
vt 0.039984 0.329299 0.000000
vt -0.013357 0.331448 0.000000
vt -0.066352 0.325013 0.000000
vt -0.117629 0.310161 0.000000
vt -0.165859 0.287275 0.000000
vt 0.265189 -0.199276 0.000000
vt -0.209793 0.256950 0.000000
vt -0.248294 0.219969 0.000000
vt -0.280364 0.177291 0.000000
vt -0.305173 0.130022 0.000000
vt -0.322078 0.079385 0.000000
vt -0.330641 0.026692 0.000000
vt -0.330641 -0.026692 0.000000
vt -0.322078 -0.079385 0.000000
vt -0.305173 -0.130022 0.000000
vt -0.280364 -0.177291 0.000000
vt -0.248294 -0.219969 0.000000
vt 0.229789 -0.239235 0.000000
vt -0.209793 -0.256950 0.000000
vt 0.188437 -0.272998 0.000000
vt -0.165859 -0.287275 0.000000
vt 0.142205 -0.299690 0.000000
vt -0.117629 -0.310161 0.000000
vt 0.092289 -0.318620 0.000000
vt -0.066352 -0.325013 0.000000
vt 0.039984 -0.329299 0.000000
vt -0.013357 -0.331448 0.000000
vt -0.750919 0.027342 0.000000
vt -0.750919 0.000000 0.000000
vt -0.713373 0.024992 0.000000
vt -0.703987 0.000000 0.000000
vt -0.675827 0.024992 0.000000
vt -0.657054 0.000000 0.000000
vt -0.638281 0.024992 0.000000
vt -0.610122 0.000000 0.000000
vt -0.600735 0.024992 0.000000
vt -0.563189 0.000000 0.000000
vt -0.563189 0.024992 0.000000
vt -0.525643 0.024992 0.000000
vt -0.563189 0.049985 0.000000
vt -0.525643 0.049985 0.000000
vt -0.563189 0.074977 0.000000
vt -0.525643 0.074977 0.000000
vt -0.563189 0.099970 0.000000
vt -0.525643 0.099970 0.000000
vt -0.563189 0.124962 0.000000
vt -0.525643 0.124962 0.000000
vt -0.563189 0.149954 0.000000
vt -0.525643 0.149954 0.000000
vt -0.563189 0.174947 0.000000
vt -0.525643 0.174947 0.000000
vt -0.563189 0.199939 0.000000
vt -0.525643 0.199939 0.000000
vt -0.563189 0.224931 0.000000
vt -0.525643 0.224931 0.000000
vt -0.563189 0.249924 0.000000
vt -0.525643 0.249924 0.000000
vt -0.563189 0.274916 0.000000
vt -0.525643 0.274916 0.000000
vt -0.563189 0.299909 0.000000
vt -0.525643 0.299909 0.000000
vt -0.563189 0.324901 0.000000
vt -0.525643 0.324901 0.000000
vt -0.563189 0.349893 0.000000
vt -0.525643 0.349893 0.000000
vt -0.563189 0.374886 0.000000
vt -0.525643 0.374886 0.000000
vt -0.563189 0.399878 0.000000
vt -0.525643 0.399878 0.000000
vt -0.563189 0.413763 0.000000
vt -0.525643 0.413763 0.000000
vt -0.563189 0.427647 0.000000
vt -0.525643 0.427647 0.000000
vt -0.563189 0.441532 0.000000
vt -0.525643 0.441532 0.000000
vt -0.563189 0.455417 0.000000
vt -0.525643 0.455417 0.000000
vt -0.563189 0.469301 0.000000
vt -0.525643 0.469301 0.000000
vt -0.563189 0.483186 0.000000
vt -0.525643 0.483186 0.000000
vt -0.563189 0.510955 0.000000
vt -0.525643 0.510955 0.000000
vt -0.563189 0.538725 0.000000
vt -0.525643 0.538725 0.000000
vt -0.563189 0.566494 0.000000
vt -0.525643 0.566494 0.000000
vt -0.563189 0.580379 0.000000
vt -0.525643 0.580379 0.000000
vt -0.563189 0.594263 0.000000
vt -0.525643 0.594263 0.000000
vt -0.563189 0.608148 0.000000
vt -0.525643 0.608148 0.000000
vt -0.563189 0.622033 0.000000
vt -0.525643 0.622033 0.000000
vt -0.563189 0.635917 0.000000
vt -0.525643 0.635917 0.000000
vt -0.563189 0.649802 0.000000
vt -0.525643 0.649802 0.000000
vt -0.563189 0.663686 0.000000
vt -0.525643 0.663686 0.000000
vt -0.563189 0.677571 0.000000
vt -0.525643 0.677571 0.000000
vt -0.563189 0.691456 0.000000
vt -0.525643 0.691456 0.000000
vt -0.563189 0.705340 0.000000
vt -0.525643 0.705340 0.000000
vt -0.563189 0.719225 0.000000
vt -0.525643 0.719225 0.000000
vt -0.563189 0.733110 0.000000
vt -0.525643 0.733110 0.000000
vt -0.563189 0.746994 0.000000
vt -0.525643 0.746994 0.000000
vt -0.563189 0.760879 0.000000
vt -0.525643 0.760879 0.000000
vt -0.563189 0.788648 0.000000
vt -0.525643 0.788648 0.000000
vt -0.563189 0.816418 0.000000
vt -0.525643 0.816418 0.000000
vt -0.563189 0.844187 0.000000
vt -0.525643 0.844187 0.000000
vt -0.563189 0.858072 0.000000
vt -0.525643 0.858072 0.000000
vt -0.563189 0.871956 0.000000
vt -0.525643 0.871956 0.000000
vt -0.563189 0.885841 0.000000
vt -0.525643 0.885841 0.000000
vt -0.563189 0.899726 0.000000
vt -0.525643 0.899726 0.000000
vt -0.563189 0.913610 0.000000
vt -0.525643 0.913610 0.000000
vt -0.563189 0.927495 0.000000
vt -0.525643 0.927495 0.000000
vt -0.563189 0.941380 0.000000
vt -0.525643 0.941380 0.000000
vt -0.563189 0.955264 0.000000
vt -0.525643 0.955264 0.000000
vt -0.563189 0.969149 0.000000
vt -0.525643 0.969149 0.000000
vt -0.563189 0.983034 0.000000
vt -0.525643 0.983034 0.000000
vt -0.563189 0.996918 0.000000
vt -0.525643 0.996918 0.000000
vt -0.563189 1.010803 0.000000
vt -0.525643 1.010803 0.000000
vt -0.563189 1.038572 0.000000
vt -0.525643 1.038572 0.000000
vt -0.563189 1.066341 0.000000
vt -0.516257 1.066341 0.000000
vt -0.488097 1.038572 0.000000
vt -0.469324 1.066341 0.000000
vt -0.450551 1.038572 0.000000
vt -0.422392 1.066341 0.000000
vt -0.416760 1.038572 0.000000
vt -0.382969 1.038572 0.000000
vt -0.382969 1.010803 0.000000
vt -0.349177 1.010803 0.000000
vt -0.349177 0.996918 0.000000
vt -0.315386 0.996918 0.000000
vt -0.315386 0.983034 0.000000
vt -0.281595 0.983034 0.000000
vt -0.281595 0.969149 0.000000
vt -0.247803 0.969149 0.000000
vt -0.247803 0.955264 0.000000
vt -0.214012 0.955264 0.000000
vt -0.214012 0.941380 0.000000
vt -0.180221 0.941380 0.000000
vt -0.180221 0.927495 0.000000
vt -0.135165 0.927495 0.000000
vt -0.135165 0.913610 0.000000
vt -0.090110 0.913610 0.000000
vt -0.090110 0.899726 0.000000
vt -0.045055 0.899726 0.000000
vt -0.045055 0.885841 0.000000
vt -0.022528 0.885841 0.000000
vt -0.022528 0.871956 0.000000
vt 0.000000 0.871956 0.000000
vt -0.516257 0.000000 0.000000
vt -0.488097 0.024992 0.000000
vt -0.488097 0.049985 0.000000
vt -0.488097 0.074977 0.000000
vt -0.488097 0.099970 0.000000
vt -0.488097 0.124962 0.000000
vt -0.488097 0.149954 0.000000
vt -0.488097 0.174947 0.000000
vt -0.488097 0.199939 0.000000
vt -0.488097 0.224931 0.000000
vt -0.488097 0.249924 0.000000
vt -0.488097 0.274916 0.000000
vt -0.488097 0.299909 0.000000
vt -0.488097 0.324901 0.000000
vt -0.488097 0.349893 0.000000
vt -0.488097 0.374886 0.000000
vt -0.488097 0.399878 0.000000
vt -0.488097 0.413763 0.000000
vt -0.488097 0.427647 0.000000
vt -0.488097 0.441532 0.000000
vt -0.488097 0.455417 0.000000
vt -0.488097 0.469301 0.000000
vt -0.488097 0.483186 0.000000
vt -0.488097 0.510955 0.000000
vt -0.488097 0.538725 0.000000
vt -0.488097 0.566494 0.000000
vt -0.488097 0.580379 0.000000
vt -0.488097 0.594263 0.000000
vt -0.488097 0.608148 0.000000
vt -0.488097 0.622033 0.000000
vt -0.488097 0.635917 0.000000
vt -0.488097 0.649802 0.000000
vt -0.488097 0.663686 0.000000
vt -0.488097 0.677571 0.000000
vt -0.488097 0.691456 0.000000
vt -0.488097 0.705340 0.000000
vt -0.488097 0.719225 0.000000
vt -0.488097 0.733110 0.000000
vt -0.488097 0.746994 0.000000
vt -0.488097 0.760879 0.000000
vt -0.488097 0.788648 0.000000
vt -0.488097 0.816418 0.000000
vt -0.488097 0.844187 0.000000
vt -0.488097 0.858072 0.000000
vt -0.488097 0.871956 0.000000
vt -0.488097 0.885841 0.000000
vt -0.488097 0.899726 0.000000
vt -0.488097 0.913610 0.000000
vt -0.488097 0.927495 0.000000
vt -0.488097 0.941380 0.000000
vt -0.488097 0.955264 0.000000
vt -0.488097 0.969149 0.000000
vt -0.488097 0.983034 0.000000
vt -0.488097 0.996918 0.000000
vt -0.488097 1.010803 0.000000
vt -0.469324 0.000000 0.000000
vt -0.450551 0.024992 0.000000
vt -0.450551 0.049985 0.000000
vt -0.450551 0.074977 0.000000
vt -0.450551 0.099970 0.000000
vt -0.450551 0.124962 0.000000
vt -0.450551 0.149954 0.000000
vt -0.450551 0.174947 0.000000
vt -0.450551 0.199939 0.000000
vt -0.450551 0.224931 0.000000
vt -0.450551 0.249924 0.000000
vt -0.450551 0.274916 0.000000
vt -0.450551 0.299909 0.000000
vt -0.450551 0.324901 0.000000
vt -0.450551 0.349893 0.000000
vt -0.450551 0.374886 0.000000
vt -0.450551 0.399878 0.000000
vt -0.450551 0.413763 0.000000
vt -0.450551 0.427647 0.000000
vt -0.450551 0.441532 0.000000
vt -0.450551 0.455417 0.000000
vt -0.450551 0.469301 0.000000
vt -0.450551 0.483186 0.000000
vt -0.450551 0.510955 0.000000
vt -0.450551 0.538725 0.000000
vt -0.450551 0.566494 0.000000
vt -0.450551 0.580379 0.000000
vt -0.450551 0.594263 0.000000
vt -0.450551 0.608148 0.000000
vt -0.450551 0.622033 0.000000
vt -0.450551 0.635917 0.000000
vt -0.450551 0.649802 0.000000
vt -0.450551 0.663686 0.000000
vt -0.450551 0.677571 0.000000
vt -0.450551 0.691456 0.000000
vt -0.450551 0.705340 0.000000
vt -0.450551 0.719225 0.000000
vt -0.450551 0.733110 0.000000
vt -0.450551 0.746994 0.000000
vt -0.450551 0.760879 0.000000
vt -0.450551 0.788648 0.000000
vt -0.450551 0.816418 0.000000
vt -0.450551 0.844187 0.000000
vt -0.450551 0.858072 0.000000
vt -0.450551 0.871956 0.000000
vt -0.450551 0.885841 0.000000
vt -0.450551 0.899726 0.000000
vt -0.450551 0.913610 0.000000
vt -0.450551 0.927495 0.000000
vt -0.450551 0.941380 0.000000
vt -0.450551 0.955264 0.000000
vt -0.450551 0.969149 0.000000
vt -0.450551 0.983034 0.000000
vt -0.450551 0.996918 0.000000
vt -0.450551 1.010803 0.000000
vt -0.422392 0.000000 0.000000
vt -0.416760 0.024992 0.000000
vt -0.416760 0.049985 0.000000
vt -0.416760 0.074977 0.000000
vt -0.416760 0.099970 0.000000
vt -0.416760 0.124962 0.000000
vt -0.416760 0.149954 0.000000
vt -0.416760 0.174947 0.000000
vt -0.416760 0.199939 0.000000
vt -0.416760 0.224931 0.000000
vt -0.416760 0.249924 0.000000
vt -0.416760 0.274916 0.000000
vt -0.416760 0.299909 0.000000
vt -0.416760 0.324901 0.000000
vt -0.416760 0.349893 0.000000
vt -0.416760 0.374886 0.000000
vt -0.416760 0.399878 0.000000
vt -0.416760 0.413763 0.000000
vt -0.416760 0.427647 0.000000
vt -0.416760 0.441532 0.000000
vt -0.416760 0.455417 0.000000
vt -0.416760 0.469301 0.000000
vt -0.416760 0.483186 0.000000
vt -0.416760 0.510955 0.000000
vt -0.416760 0.538725 0.000000
vt -0.416760 0.566494 0.000000
vt -0.416760 0.580379 0.000000
vt -0.416760 0.594263 0.000000
vt -0.416760 0.608148 0.000000
vt -0.416760 0.622033 0.000000
vt -0.416760 0.635917 0.000000
vt -0.416760 0.649802 0.000000
vt -0.416760 0.663686 0.000000
vt -0.416760 0.677571 0.000000
vt -0.416760 0.691456 0.000000
vt -0.416760 0.705340 0.000000
vt -0.416760 0.719225 0.000000
vt -0.416760 0.733110 0.000000
vt -0.416760 0.746994 0.000000
vt -0.416760 0.760879 0.000000
vt -0.416760 0.788648 0.000000
vt -0.416760 0.816418 0.000000
vt -0.416760 0.844187 0.000000
vt -0.416760 0.858072 0.000000
vt -0.416760 0.871956 0.000000
vt -0.416760 0.885841 0.000000
vt -0.416760 0.899726 0.000000
vt -0.416760 0.913610 0.000000
vt -0.416760 0.927495 0.000000
vt -0.416760 0.941380 0.000000
vt -0.416760 0.955264 0.000000
vt -0.416760 0.969149 0.000000
vt -0.416760 0.983034 0.000000
vt -0.416760 0.996918 0.000000
vt -0.416760 1.010803 0.000000
vt -0.382969 0.024992 0.000000
vt -0.375459 0.000000 0.000000
vt -0.349177 0.024992 0.000000
vt -0.328527 0.000000 0.000000
vt -0.315386 0.024992 0.000000
vt -0.281595 0.000000 0.000000
vt -0.281595 0.024992 0.000000
vt -0.247803 0.024992 0.000000
vt -0.281595 0.049985 0.000000
vt -0.247803 0.049985 0.000000
vt -0.281595 0.074977 0.000000
vt -0.247803 0.074977 0.000000
vt -0.281595 0.099970 0.000000
vt -0.247803 0.099970 0.000000
vt -0.281595 0.124962 0.000000
vt -0.247803 0.124962 0.000000
vt -0.281595 0.149954 0.000000
vt -0.247803 0.149954 0.000000
vt -0.281595 0.174947 0.000000
vt -0.247803 0.174947 0.000000
vt -0.281595 0.199939 0.000000
vt -0.247803 0.199939 0.000000
vt -0.281595 0.224931 0.000000
vt -0.247803 0.224931 0.000000
vt -0.281595 0.249924 0.000000
vt -0.247803 0.249924 0.000000
vt -0.281595 0.274916 0.000000
vt -0.247803 0.274916 0.000000
vt -0.281595 0.299909 0.000000
vt -0.247803 0.299909 0.000000
vt -0.281595 0.324901 0.000000
vt -0.247803 0.324901 0.000000
vt -0.281595 0.349893 0.000000
vt -0.247803 0.349893 0.000000
vt -0.281595 0.374886 0.000000
vt -0.247803 0.374886 0.000000
vt -0.281595 0.399878 0.000000
vt -0.247803 0.399878 0.000000
vt -0.281595 0.413763 0.000000
vt -0.247803 0.413763 0.000000
vt -0.281595 0.427647 0.000000
vt -0.247803 0.427647 0.000000
vt -0.281595 0.441532 0.000000
vt -0.247803 0.441532 0.000000
vt -0.281595 0.455417 0.000000
vt -0.247803 0.455417 0.000000
vt -0.281595 0.469301 0.000000
vt -0.247803 0.469301 0.000000
vt -0.281595 0.483186 0.000000
vt -0.247803 0.483186 0.000000
vt -0.281595 0.510955 0.000000
vt -0.247803 0.510955 0.000000
vt -0.281595 0.538725 0.000000
vt -0.247803 0.538725 0.000000
vt -0.281595 0.566494 0.000000
vt -0.247803 0.566494 0.000000
vt -0.281595 0.580379 0.000000
vt -0.247803 0.580379 0.000000
vt -0.281595 0.594263 0.000000
vt -0.247803 0.594263 0.000000
vt -0.281595 0.608148 0.000000
vt -0.247803 0.608148 0.000000
vt -0.281595 0.622033 0.000000
vt -0.247803 0.622033 0.000000
vt -0.281595 0.635917 0.000000
vt -0.247803 0.635917 0.000000
vt -0.281595 0.649802 0.000000
vt -0.247803 0.649802 0.000000
vt -0.281595 0.663686 0.000000
vt -0.247803 0.663686 0.000000
vt -0.281595 0.677571 0.000000
vt -0.247803 0.677571 0.000000
vt -0.281595 0.691456 0.000000
vt -0.247803 0.691456 0.000000
vt -0.281595 0.705340 0.000000
vt -0.247803 0.705340 0.000000
vt -0.281595 0.719225 0.000000
vt -0.247803 0.719225 0.000000
vt -0.281595 0.733110 0.000000
vt -0.247803 0.733110 0.000000
vt -0.281595 0.746994 0.000000
vt -0.247803 0.746994 0.000000
vt -0.281595 0.760879 0.000000
vt -0.247803 0.760879 0.000000
vt -0.281595 0.788648 0.000000
vt -0.247803 0.788648 0.000000
vt -0.281595 0.816418 0.000000
vt -0.247803 0.816418 0.000000
vt -0.281595 0.844187 0.000000
vt -0.247803 0.844187 0.000000
vt -0.281595 0.858072 0.000000
vt -0.247803 0.858072 0.000000
vt -0.281595 0.871956 0.000000
vt -0.247803 0.871956 0.000000
vt -0.281595 0.885841 0.000000
vt -0.247803 0.885841 0.000000
vt -0.281595 0.899726 0.000000
vt -0.247803 0.899726 0.000000
vt -0.281595 0.913610 0.000000
vt -0.247803 0.913610 0.000000
vt -0.281595 0.927495 0.000000
vt -0.247803 0.927495 0.000000
vt -0.281595 0.941380 0.000000
vt -0.247803 0.941380 0.000000
vt -0.281595 0.955264 0.000000
vt -0.234662 0.000000 0.000000
vt -0.214012 0.024992 0.000000
vt -0.214012 0.049985 0.000000
vt -0.214012 0.074977 0.000000
vt -0.214012 0.099970 0.000000
vt -0.214012 0.124962 0.000000
vt -0.214012 0.149954 0.000000
vt -0.214012 0.174947 0.000000
vt -0.214012 0.199939 0.000000
vt -0.214012 0.224931 0.000000
vt -0.214012 0.249924 0.000000
vt -0.214012 0.274916 0.000000
vt -0.214012 0.299909 0.000000
vt -0.214012 0.324901 0.000000
vt -0.214012 0.349893 0.000000
vt -0.214012 0.374886 0.000000
vt -0.214012 0.399878 0.000000
vt -0.214012 0.413763 0.000000
vt -0.214012 0.427647 0.000000
vt -0.214012 0.441532 0.000000
vt -0.214012 0.455417 0.000000
vt -0.214012 0.469301 0.000000
vt -0.214012 0.483186 0.000000
vt -0.214012 0.510955 0.000000
vt -0.214012 0.538725 0.000000
vt -0.214012 0.566494 0.000000
vt -0.214012 0.580379 0.000000
vt -0.214012 0.594263 0.000000
vt -0.214012 0.608148 0.000000
vt -0.214012 0.622033 0.000000
vt -0.214012 0.635917 0.000000
vt -0.214012 0.649802 0.000000
vt -0.214012 0.663686 0.000000
vt -0.214012 0.677571 0.000000
vt -0.214012 0.691456 0.000000
vt -0.214012 0.705340 0.000000
vt -0.214012 0.719225 0.000000
vt -0.214012 0.733110 0.000000
vt -0.214012 0.746994 0.000000
vt -0.214012 0.760879 0.000000
vt -0.214012 0.788648 0.000000
vt -0.214012 0.816418 0.000000
vt -0.214012 0.844187 0.000000
vt -0.214012 0.858072 0.000000
vt -0.214012 0.871956 0.000000
vt -0.214012 0.885841 0.000000
vt -0.214012 0.899726 0.000000
vt -0.214012 0.913610 0.000000
vt -0.214012 0.927495 0.000000
vt -0.187730 0.000000 0.000000
vt -0.180221 0.024992 0.000000
vt -0.180221 0.049985 0.000000
vt -0.180221 0.074977 0.000000
vt -0.180221 0.099970 0.000000
vt -0.180221 0.124962 0.000000
vt -0.180221 0.149954 0.000000
vt -0.180221 0.174947 0.000000
vt -0.180221 0.199939 0.000000
vt -0.180221 0.224931 0.000000
vt -0.180221 0.249924 0.000000
vt -0.180221 0.274916 0.000000
vt -0.180221 0.299909 0.000000
vt -0.180221 0.324901 0.000000
vt -0.180221 0.349893 0.000000
vt -0.180221 0.374886 0.000000
vt -0.180221 0.399878 0.000000
vt -0.180221 0.413763 0.000000
vt -0.180221 0.427647 0.000000
vt -0.180221 0.441532 0.000000
vt -0.180221 0.455417 0.000000
vt -0.180221 0.469301 0.000000
vt -0.180221 0.483186 0.000000
vt -0.180221 0.510955 0.000000
vt -0.180221 0.538725 0.000000
vt -0.180221 0.566494 0.000000
vt -0.180221 0.580379 0.000000
vt -0.180221 0.594263 0.000000
vt -0.180221 0.608148 0.000000
vt -0.180221 0.622033 0.000000
vt -0.180221 0.635917 0.000000
vt -0.180221 0.649802 0.000000
vt -0.180221 0.663686 0.000000
vt -0.180221 0.677571 0.000000
vt -0.180221 0.691456 0.000000
vt -0.180221 0.705340 0.000000
vt -0.180221 0.719225 0.000000
vt -0.180221 0.733110 0.000000
vt -0.180221 0.746994 0.000000
vt -0.180221 0.760879 0.000000
vt -0.180221 0.788648 0.000000
vt -0.180221 0.816418 0.000000
vt -0.180221 0.844187 0.000000
vt -0.180221 0.858072 0.000000
vt -0.180221 0.871956 0.000000
vt -0.180221 0.885841 0.000000
vt -0.180221 0.899726 0.000000
vt -0.180221 0.913610 0.000000
vt -0.140797 0.000000 0.000000
vt -0.135165 0.024992 0.000000
vt -0.135165 0.049985 0.000000
vt -0.135165 0.074977 0.000000
vt -0.135165 0.099970 0.000000
vt -0.135165 0.124962 0.000000
vt -0.135165 0.149954 0.000000
vt -0.135165 0.174947 0.000000
vt -0.135165 0.199939 0.000000
vt -0.135165 0.224931 0.000000
vt -0.135165 0.249924 0.000000
vt -0.135165 0.274916 0.000000
vt -0.135165 0.299909 0.000000
vt -0.135165 0.324901 0.000000
vt -0.135165 0.349893 0.000000
vt -0.135165 0.374886 0.000000
vt -0.135165 0.399878 0.000000
vt -0.135165 0.413763 0.000000
vt -0.135165 0.427647 0.000000
vt -0.135165 0.441532 0.000000
vt -0.135165 0.455417 0.000000
vt -0.135165 0.469301 0.000000
vt -0.135165 0.483186 0.000000
vt -0.135165 0.510955 0.000000
vt -0.135165 0.538725 0.000000
vt -0.135165 0.566494 0.000000
vt -0.135165 0.580379 0.000000
vt -0.135165 0.594263 0.000000
vt -0.135165 0.608148 0.000000
vt -0.135165 0.622033 0.000000
vt -0.135165 0.635917 0.000000
vt -0.135165 0.649802 0.000000
vt -0.135165 0.663686 0.000000
vt -0.135165 0.677571 0.000000
vt -0.135165 0.691456 0.000000
vt -0.135165 0.705340 0.000000
vt -0.135165 0.719225 0.000000
vt -0.135165 0.733110 0.000000
vt -0.135165 0.746994 0.000000
vt -0.135165 0.760879 0.000000
vt -0.135165 0.788648 0.000000
vt -0.135165 0.816418 0.000000
vt -0.135165 0.844187 0.000000
vt -0.135165 0.858072 0.000000
vt -0.135165 0.871956 0.000000
vt -0.135165 0.885841 0.000000
vt -0.135165 0.899726 0.000000
vt -0.093865 0.000000 0.000000
vt -0.090110 0.024992 0.000000
vt -0.090110 0.049985 0.000000
vt -0.090110 0.074977 0.000000
vt -0.090110 0.099970 0.000000
vt -0.090110 0.124962 0.000000
vt -0.090110 0.149954 0.000000
vt -0.090110 0.174947 0.000000
vt -0.090110 0.199939 0.000000
vt -0.090110 0.224931 0.000000
vt -0.090110 0.249924 0.000000
vt -0.090110 0.274916 0.000000
vt -0.090110 0.299909 0.000000
vt -0.090110 0.324901 0.000000
vt -0.090110 0.349893 0.000000
vt -0.090110 0.374886 0.000000
vt -0.090110 0.399878 0.000000
vt -0.090110 0.413763 0.000000
vt -0.090110 0.427647 0.000000
vt -0.090110 0.441532 0.000000
vt -0.090110 0.455417 0.000000
vt -0.090110 0.469301 0.000000
vt -0.090110 0.483186 0.000000
vt -0.090110 0.510955 0.000000
vt -0.090110 0.538725 0.000000
vt -0.090110 0.566494 0.000000
vt -0.090110 0.580379 0.000000
vt -0.090110 0.594263 0.000000
vt -0.090110 0.608148 0.000000
vt -0.090110 0.622033 0.000000
vt -0.090110 0.635917 0.000000
vt -0.090110 0.649802 0.000000
vt -0.090110 0.663686 0.000000
vt -0.090110 0.677571 0.000000
vt -0.090110 0.691456 0.000000
vt -0.090110 0.705340 0.000000
vt -0.090110 0.719225 0.000000
vt -0.090110 0.733110 0.000000
vt -0.090110 0.746994 0.000000
vt -0.090110 0.760879 0.000000
vt -0.090110 0.788648 0.000000
vt -0.090110 0.816418 0.000000
vt -0.090110 0.844187 0.000000
vt -0.090110 0.858072 0.000000
vt -0.090110 0.871956 0.000000
vt -0.090110 0.885841 0.000000
vt -0.046932 0.000000 0.000000
vt -0.045055 0.024992 0.000000
vt -0.045055 0.049985 0.000000
vt -0.045055 0.074977 0.000000
vt -0.045055 0.099970 0.000000
vt -0.045055 0.124962 0.000000
vt -0.045055 0.149954 0.000000
vt -0.045055 0.174947 0.000000
vt -0.045055 0.199939 0.000000
vt -0.045055 0.224931 0.000000
vt -0.045055 0.249924 0.000000
vt -0.045055 0.274916 0.000000
vt -0.045055 0.299909 0.000000
vt -0.045055 0.324901 0.000000
vt -0.045055 0.349893 0.000000
vt -0.045055 0.374886 0.000000
vt -0.045055 0.399878 0.000000
vt -0.045055 0.413763 0.000000
vt -0.045055 0.427647 0.000000
vt -0.045055 0.441532 0.000000
vt -0.045055 0.455417 0.000000
vt -0.045055 0.469301 0.000000
vt -0.045055 0.483186 0.000000
vt -0.045055 0.510955 0.000000
vt -0.045055 0.538725 0.000000
vt -0.045055 0.566494 0.000000
vt -0.045055 0.580379 0.000000
vt -0.045055 0.594263 0.000000
vt -0.045055 0.608148 0.000000
vt -0.045055 0.622033 0.000000
vt -0.045055 0.635917 0.000000
vt -0.045055 0.649802 0.000000
vt -0.045055 0.663686 0.000000
vt -0.045055 0.677571 0.000000
vt -0.045055 0.691456 0.000000
vt -0.045055 0.705340 0.000000
vt -0.045055 0.719225 0.000000
vt -0.045055 0.733110 0.000000
vt -0.045055 0.746994 0.000000
vt -0.045055 0.760879 0.000000
vt -0.045055 0.788648 0.000000
vt -0.045055 0.816418 0.000000
vt -0.045055 0.844187 0.000000
vt -0.045055 0.858072 0.000000
vt -0.045055 0.871956 0.000000
vt -0.023466 0.000000 0.000000
vt -0.022528 0.024992 0.000000
vt -0.022528 0.049985 0.000000
vt -0.022528 0.074977 0.000000
vt -0.022528 0.099970 0.000000
vt -0.022528 0.124962 0.000000
vt -0.022528 0.149954 0.000000
vt -0.022528 0.174947 0.000000
vt -0.022528 0.199939 0.000000
vt -0.022528 0.224931 0.000000
vt -0.022528 0.249924 0.000000
vt -0.022528 0.274916 0.000000
vt -0.022528 0.299909 0.000000
vt -0.022528 0.324901 0.000000
vt -0.022528 0.349893 0.000000
vt -0.022528 0.374886 0.000000
vt -0.022528 0.399878 0.000000
vt -0.022528 0.413763 0.000000
vt -0.022528 0.427647 0.000000
vt -0.022528 0.441532 0.000000
vt -0.022528 0.455417 0.000000
vt -0.022528 0.469301 0.000000
vt -0.022528 0.483186 0.000000
vt -0.022528 0.510955 0.000000
vt -0.022528 0.538725 0.000000
vt -0.022528 0.566494 0.000000
vt -0.022528 0.580379 0.000000
vt -0.022528 0.594263 0.000000
vt -0.022528 0.608148 0.000000
vt -0.022528 0.622033 0.000000
vt -0.022528 0.635917 0.000000
vt -0.022528 0.649802 0.000000
vt -0.022528 0.663686 0.000000
vt -0.022528 0.677571 0.000000
vt -0.022528 0.691456 0.000000
vt -0.022528 0.705340 0.000000
vt -0.022528 0.719225 0.000000
vt -0.022528 0.733110 0.000000
vt -0.022528 0.746994 0.000000
vt -0.022528 0.760879 0.000000
vt -0.022528 0.788648 0.000000
vt -0.022528 0.816418 0.000000
vt -0.022528 0.844187 0.000000
vt -0.022528 0.858072 0.000000
vt -0.000000 0.000000 0.000000
vt -0.046932 1.066341 0.000000
vt -0.045055 1.038572 0.000000
vt -0.023466 1.066341 0.000000
vt -0.022528 1.038572 0.000000
vt 0.000000 1.038572 0.000000
vt -0.090110 1.038572 0.000000
vt -0.093865 1.066341 0.000000
vt -0.135165 1.038572 0.000000
vt -0.140797 1.066341 0.000000
vt -0.180221 1.038572 0.000000
vt -0.187730 1.066341 0.000000
vt -0.214012 1.038572 0.000000
vt -0.234662 1.066341 0.000000
vt -0.247803 1.038572 0.000000
vt -0.281595 1.066341 0.000000
vt -0.281595 1.038572 0.000000
vt -0.315386 1.038572 0.000000
vt -0.281595 1.010803 0.000000
vt -0.315386 1.010803 0.000000
vt -0.281595 0.996918 0.000000
vt -0.328527 1.066341 0.000000
vt -0.349177 1.038572 0.000000
vt -0.375459 1.066341 0.000000
vt -0.600735 1.038572 0.000000
vt -0.610122 1.066341 0.000000
vt -0.638281 1.038572 0.000000
vt -0.657054 1.066341 0.000000
vt -0.675827 1.038572 0.000000
vt -0.703987 1.066341 0.000000
vt -0.713373 1.038572 0.000000
vt -0.750919 1.066341 0.000000
vt -0.750919 1.038999 0.000000
vt -0.750919 1.011657 0.000000
vt -0.713373 1.010803 0.000000
vt -0.675827 1.010803 0.000000
vt -0.675827 0.996918 0.000000
vt -0.638281 0.996918 0.000000
vt -0.638281 0.983034 0.000000
vt -0.600735 0.983034 0.000000
vt -0.600735 0.969149 0.000000
vt -0.713373 0.996918 0.000000
vt -0.750919 0.984315 0.000000
vt -0.713373 0.983034 0.000000
vt -0.713373 0.969149 0.000000
vt -0.675827 0.969149 0.000000
vt -0.675827 0.955264 0.000000
vt -0.638281 0.955264 0.000000
vt -0.638281 0.941380 0.000000
vt -0.600735 0.941380 0.000000
vt -0.600735 0.927495 0.000000
vt -0.750919 0.956973 0.000000
vt -0.713373 0.955264 0.000000
vt -0.675827 0.941380 0.000000
vt -0.638281 0.927495 0.000000
vt -0.600735 0.913610 0.000000
vt -0.713373 0.941380 0.000000
vt -0.750919 0.929631 0.000000
vt -0.713373 0.927495 0.000000
vt -0.713373 0.913610 0.000000
vt -0.675827 0.913610 0.000000
vt -0.675827 0.899726 0.000000
vt -0.638281 0.899726 0.000000
vt -0.638281 0.885841 0.000000
vt -0.600735 0.885841 0.000000
vt -0.600735 0.871956 0.000000
vt -0.750919 0.902289 0.000000
vt -0.713373 0.899726 0.000000
vt -0.675827 0.885841 0.000000
vt -0.638281 0.871956 0.000000
vt -0.600735 0.858072 0.000000
vt -0.713373 0.885841 0.000000
vt -0.750919 0.874947 0.000000
vt -0.713373 0.871956 0.000000
vt -0.713373 0.858072 0.000000
vt -0.675827 0.858072 0.000000
vt -0.675827 0.844187 0.000000
vt -0.638281 0.844187 0.000000
vt -0.638281 0.816418 0.000000
vt -0.600735 0.816418 0.000000
vt -0.600735 0.788648 0.000000
vt -0.750919 0.847605 0.000000
vt -0.713373 0.844187 0.000000
vt -0.675827 0.816418 0.000000
vt -0.638281 0.788648 0.000000
vt -0.600735 0.760879 0.000000
vt -0.750919 0.820263 0.000000
vt -0.713373 0.816418 0.000000
vt -0.675827 0.788648 0.000000
vt -0.638281 0.760879 0.000000
vt -0.600735 0.746994 0.000000
vt -0.750919 0.792921 0.000000
vt -0.713373 0.788648 0.000000
vt -0.675827 0.760879 0.000000
vt -0.638281 0.746994 0.000000
vt -0.600735 0.733110 0.000000
vt -0.750919 0.765579 0.000000
vt -0.713373 0.760879 0.000000
vt -0.675827 0.746994 0.000000
vt -0.638281 0.733110 0.000000
vt -0.600735 0.719225 0.000000
vt -0.713373 0.746994 0.000000
vt -0.750919 0.738236 0.000000
vt -0.713373 0.733110 0.000000
vt -0.713373 0.719225 0.000000
vt -0.675827 0.719225 0.000000
vt -0.675827 0.705340 0.000000
vt -0.638281 0.705340 0.000000
vt -0.638281 0.691456 0.000000
vt -0.600735 0.691456 0.000000
vt -0.600735 0.677571 0.000000
vt -0.750919 0.710894 0.000000
vt -0.713373 0.705340 0.000000
vt -0.675827 0.691456 0.000000
vt -0.638281 0.677571 0.000000
vt -0.600735 0.663686 0.000000
vt -0.713373 0.691456 0.000000
vt -0.750919 0.683552 0.000000
vt -0.713373 0.677571 0.000000
vt -0.713373 0.663686 0.000000
vt -0.675827 0.663686 0.000000
vt -0.675827 0.649802 0.000000
vt -0.638281 0.649802 0.000000
vt -0.638281 0.635917 0.000000
vt -0.600735 0.635917 0.000000
vt -0.600735 0.622033 0.000000
vt -0.750919 0.656210 0.000000
vt -0.713373 0.649802 0.000000
vt -0.675827 0.635917 0.000000
vt -0.638281 0.622033 0.000000
vt -0.600735 0.608148 0.000000
vt -0.713373 0.635917 0.000000
vt -0.750919 0.628868 0.000000
vt -0.713373 0.622033 0.000000
vt -0.750919 0.601526 0.000000
vt -0.713373 0.608148 0.000000
vt -0.713373 0.594263 0.000000
vt -0.675827 0.594263 0.000000
vt -0.675827 0.580379 0.000000
vt -0.638281 0.580379 0.000000
vt -0.638281 0.566494 0.000000
vt -0.600735 0.566494 0.000000
vt -0.600735 0.538725 0.000000
vt -0.750919 0.574184 0.000000
vt -0.713373 0.580379 0.000000
vt -0.675827 0.566494 0.000000
vt -0.638281 0.538725 0.000000
vt -0.600735 0.510955 0.000000
vt -0.713373 0.566494 0.000000
vt -0.750919 0.546842 0.000000
vt -0.713373 0.538725 0.000000
vt -0.750919 0.519500 0.000000
vt -0.713373 0.510955 0.000000
vt -0.750919 0.492158 0.000000
vt -0.713373 0.483186 0.000000
vt -0.750919 0.464816 0.000000
vt -0.713373 0.469301 0.000000
vt -0.713373 0.455417 0.000000
vt -0.675827 0.455417 0.000000
vt -0.675827 0.441532 0.000000
vt -0.638281 0.441532 0.000000
vt -0.638281 0.427647 0.000000
vt -0.600735 0.427647 0.000000
vt -0.600735 0.413763 0.000000
vt -0.750919 0.437473 0.000000
vt -0.713373 0.441532 0.000000
vt -0.675827 0.427647 0.000000
vt -0.638281 0.413763 0.000000
vt -0.600735 0.399878 0.000000
vt -0.713373 0.427647 0.000000
vt -0.750919 0.410131 0.000000
vt -0.713373 0.413763 0.000000
vt -0.713373 0.399878 0.000000
vt -0.675827 0.399878 0.000000
vt -0.675827 0.374886 0.000000
vt -0.638281 0.374886 0.000000
vt -0.638281 0.349893 0.000000
vt -0.600735 0.349893 0.000000
vt -0.600735 0.324901 0.000000
vt -0.750919 0.382789 0.000000
vt -0.713373 0.374886 0.000000
vt -0.675827 0.349893 0.000000
vt -0.638281 0.324901 0.000000
vt -0.600735 0.299909 0.000000
vt -0.750919 0.355447 0.000000
vt -0.713373 0.349893 0.000000
vt -0.675827 0.324901 0.000000
vt -0.638281 0.299909 0.000000
vt -0.600735 0.274916 0.000000
vt -0.750919 0.328105 0.000000
vt -0.713373 0.324901 0.000000
vt -0.675827 0.299909 0.000000
vt -0.638281 0.274916 0.000000
vt -0.600735 0.249924 0.000000
vt -0.750919 0.300763 0.000000
vt -0.713373 0.299909 0.000000
vt -0.675827 0.274916 0.000000
vt -0.638281 0.249924 0.000000
vt -0.600735 0.224931 0.000000
vt -0.713373 0.274916 0.000000
vt -0.750919 0.273421 0.000000
vt -0.713373 0.249924 0.000000
vt -0.750919 0.246079 0.000000
vt -0.713373 0.224931 0.000000
vt -0.750919 0.218737 0.000000
vt -0.713373 0.199939 0.000000
vt -0.750919 0.191395 0.000000
vt -0.713373 0.174947 0.000000
vt -0.750919 0.164053 0.000000
vt -0.713373 0.149954 0.000000
vt -0.750919 0.136710 0.000000
vt -0.713373 0.124962 0.000000
vt -0.750919 0.109368 0.000000
vt -0.713373 0.099970 0.000000
vt -0.750919 0.082026 0.000000
vt -0.713373 0.074977 0.000000
vt -0.750919 0.054684 0.000000
vt -0.713373 0.049985 0.000000
vt 0.000000 0.024992 0.000000
vt 0.000000 0.049985 0.000000
vt 0.000000 0.074977 0.000000
vt 0.000000 0.099970 0.000000
vt 0.000000 0.124962 0.000000
vt 0.000000 0.149954 0.000000
vt 0.000000 0.174947 0.000000
vt 0.000000 0.199939 0.000000
vt 0.000000 0.224931 0.000000
vt 0.000000 0.249924 0.000000
vt 0.000000 0.274916 0.000000
vt 0.000000 0.299909 0.000000
vt 0.000000 0.324901 0.000000
vt 0.000000 0.374886 0.000000
vt 0.000000 0.399878 0.000000
vt 0.000000 0.413763 0.000000
vt 0.000000 0.427647 0.000000
vt 0.000000 0.441532 0.000000
vt 0.000000 0.455417 0.000000
vt 0.000000 0.469301 0.000000
vt 0.000000 0.483186 0.000000
vt 0.000000 0.510955 0.000000
vt 0.000000 0.538725 0.000000
vt 0.000000 0.566494 0.000000
vt 0.000000 0.580379 0.000000
vt 0.000000 0.594263 0.000000
vt 0.000000 0.608148 0.000000
vt 0.000000 0.622033 0.000000
vt 0.000000 0.635917 0.000000
vt 0.000000 0.649802 0.000000
vt 0.000000 0.663686 0.000000
vt 0.000000 0.677571 0.000000
vt 0.000000 0.691456 0.000000
vt 0.000000 0.719225 0.000000
vt 0.000000 0.733110 0.000000
vt 0.000000 0.746994 0.000000
vt 0.000000 0.760879 0.000000
vt 0.000000 0.788648 0.000000
vt 0.000000 0.816418 0.000000
vt 0.000000 0.844187 0.000000
vt 0.000000 0.858072 0.000000
vt 0.000000 0.885841 0.000000
vt -0.022528 0.899726 0.000000
vt 0.000000 0.899726 0.000000
vt -0.022528 0.913610 0.000000
vt 0.000000 0.913610 0.000000
vt -0.022528 0.927495 0.000000
vt 0.000000 0.927495 0.000000
vt -0.022528 0.941380 0.000000
vt 0.000000 0.941380 0.000000
vt -0.022528 0.955264 0.000000
vt 0.000000 0.955264 0.000000
vt -0.022528 0.969149 0.000000
vt 0.000000 0.969149 0.000000
vt -0.022528 0.983034 0.000000
vt 0.000000 0.983034 0.000000
vt -0.022528 0.996918 0.000000
vt 0.000000 0.996918 0.000000
vt -0.022528 1.010803 0.000000
vt 0.000000 1.010803 0.000000
vt 0.000000 0.355447 0.000000
vt 0.000000 0.710894 0.000000
vt -0.315386 0.049985 0.000000
vt -0.315386 0.074977 0.000000
vt -0.315386 0.099970 0.000000
vt -0.315386 0.124962 0.000000
vt -0.315386 0.149954 0.000000
vt -0.315386 0.174947 0.000000
vt -0.315386 0.199939 0.000000
vt -0.315386 0.224931 0.000000
vt -0.315386 0.249924 0.000000
vt -0.315386 0.274916 0.000000
vt -0.315386 0.299909 0.000000
vt -0.315386 0.324901 0.000000
vt -0.315386 0.349893 0.000000
vt -0.315386 0.374886 0.000000
vt -0.315386 0.399878 0.000000
vt -0.315386 0.413763 0.000000
vt -0.315386 0.427647 0.000000
vt -0.315386 0.441532 0.000000
vt -0.315386 0.455417 0.000000
vt -0.315386 0.469301 0.000000
vt -0.315386 0.483186 0.000000
vt -0.315386 0.510955 0.000000
vt -0.315386 0.538725 0.000000
vt -0.315386 0.566494 0.000000
vt -0.315386 0.580379 0.000000
vt -0.315386 0.594263 0.000000
vt -0.315386 0.608148 0.000000
vt -0.315386 0.622033 0.000000
vt -0.315386 0.635917 0.000000
vt -0.315386 0.649802 0.000000
vt -0.315386 0.663686 0.000000
vt -0.315386 0.677571 0.000000
vt -0.315386 0.691456 0.000000
vt -0.315386 0.705340 0.000000
vt -0.315386 0.719225 0.000000
vt -0.315386 0.733110 0.000000
vt -0.315386 0.746994 0.000000
vt -0.315386 0.760879 0.000000
vt -0.315386 0.788648 0.000000
vt -0.315386 0.816418 0.000000
vt -0.315386 0.844187 0.000000
vt -0.315386 0.858072 0.000000
vt -0.315386 0.871956 0.000000
vt -0.315386 0.885841 0.000000
vt -0.315386 0.899726 0.000000
vt -0.315386 0.913610 0.000000
vt -0.315386 0.927495 0.000000
vt -0.315386 0.941380 0.000000
vt -0.315386 0.955264 0.000000
vt -0.315386 0.969149 0.000000
vt -0.349177 0.049985 0.000000
vt -0.349177 0.074977 0.000000
vt -0.349177 0.099970 0.000000
vt -0.349177 0.124962 0.000000
vt -0.349177 0.149954 0.000000
vt -0.349177 0.174947 0.000000
vt -0.349177 0.199939 0.000000
vt -0.349177 0.224931 0.000000
vt -0.349177 0.249924 0.000000
vt -0.349177 0.274916 0.000000
vt -0.349177 0.299909 0.000000
vt -0.349177 0.324901 0.000000
vt -0.349177 0.349893 0.000000
vt -0.349177 0.374886 0.000000
vt -0.349177 0.399878 0.000000
vt -0.349177 0.413763 0.000000
vt -0.349177 0.427647 0.000000
vt -0.349177 0.441532 0.000000
vt -0.349177 0.455417 0.000000
vt -0.349177 0.469301 0.000000
vt -0.349177 0.483186 0.000000
vt -0.349177 0.510955 0.000000
vt -0.349177 0.538725 0.000000
vt -0.349177 0.566494 0.000000
vt -0.349177 0.580379 0.000000
vt -0.349177 0.594263 0.000000
vt -0.349177 0.608148 0.000000
vt -0.349177 0.622033 0.000000
vt -0.349177 0.635917 0.000000
vt -0.349177 0.649802 0.000000
vt -0.349177 0.663686 0.000000
vt -0.349177 0.677571 0.000000
vt -0.349177 0.691456 0.000000
vt -0.349177 0.705340 0.000000
vt -0.349177 0.719225 0.000000
vt -0.349177 0.733110 0.000000
vt -0.349177 0.746994 0.000000
vt -0.349177 0.760879 0.000000
vt -0.349177 0.788648 0.000000
vt -0.349177 0.816418 0.000000
vt -0.349177 0.844187 0.000000
vt -0.349177 0.858072 0.000000
vt -0.349177 0.871956 0.000000
vt -0.349177 0.885841 0.000000
vt -0.349177 0.899726 0.000000
vt -0.349177 0.913610 0.000000
vt -0.349177 0.927495 0.000000
vt -0.349177 0.941380 0.000000
vt -0.349177 0.955264 0.000000
vt -0.349177 0.969149 0.000000
vt -0.349177 0.983034 0.000000
vt -0.382969 0.049985 0.000000
vt -0.382969 0.074977 0.000000
vt -0.382969 0.099970 0.000000
vt -0.382969 0.124962 0.000000
vt -0.382969 0.149954 0.000000
vt -0.382969 0.174947 0.000000
vt -0.382969 0.199939 0.000000
vt -0.382969 0.224931 0.000000
vt -0.382969 0.249924 0.000000
vt -0.382969 0.274916 0.000000
vt -0.382969 0.299909 0.000000
vt -0.382969 0.324901 0.000000
vt -0.382969 0.349893 0.000000
vt -0.382969 0.374886 0.000000
vt -0.382969 0.399878 0.000000
vt -0.382969 0.413763 0.000000
vt -0.382969 0.427647 0.000000
vt -0.382969 0.441532 0.000000
vt -0.382969 0.455417 0.000000
vt -0.382969 0.469301 0.000000
vt -0.382969 0.483186 0.000000
vt -0.382969 0.510955 0.000000
vt -0.382969 0.538725 0.000000
vt -0.382969 0.566494 0.000000
vt -0.382969 0.580379 0.000000
vt -0.382969 0.594263 0.000000
vt -0.382969 0.608148 0.000000
vt -0.382969 0.622033 0.000000
vt -0.382969 0.635917 0.000000
vt -0.382969 0.649802 0.000000
vt -0.382969 0.663686 0.000000
vt -0.382969 0.677571 0.000000
vt -0.382969 0.691456 0.000000
vt -0.382969 0.705340 0.000000
vt -0.382969 0.719225 0.000000
vt -0.382969 0.733110 0.000000
vt -0.382969 0.746994 0.000000
vt -0.382969 0.760879 0.000000
vt -0.382969 0.788648 0.000000
vt -0.382969 0.816418 0.000000
vt -0.382969 0.844187 0.000000
vt -0.382969 0.858072 0.000000
vt -0.382969 0.871956 0.000000
vt -0.382969 0.885841 0.000000
vt -0.382969 0.899726 0.000000
vt -0.382969 0.913610 0.000000
vt -0.382969 0.927495 0.000000
vt -0.382969 0.941380 0.000000
vt -0.382969 0.955264 0.000000
vt -0.382969 0.969149 0.000000
vt -0.382969 0.983034 0.000000
vt -0.382969 0.996918 0.000000
vt -0.600735 0.049985 0.000000
vt -0.600735 0.074977 0.000000
vt -0.600735 0.099970 0.000000
vt -0.600735 0.124962 0.000000
vt -0.600735 0.149954 0.000000
vt -0.600735 0.174947 0.000000
vt -0.600735 0.199939 0.000000
vt -0.638281 0.049985 0.000000
vt -0.638281 0.074977 0.000000
vt -0.638281 0.099970 0.000000
vt -0.638281 0.124962 0.000000
vt -0.638281 0.149954 0.000000
vt -0.638281 0.174947 0.000000
vt -0.638281 0.199939 0.000000
vt -0.638281 0.224931 0.000000
vt -0.675827 0.049985 0.000000
vt -0.675827 0.074977 0.000000
vt -0.675827 0.099970 0.000000
vt -0.675827 0.124962 0.000000
vt -0.675827 0.149954 0.000000
vt -0.675827 0.174947 0.000000
vt -0.675827 0.199939 0.000000
vt -0.675827 0.224931 0.000000
vt -0.675827 0.249924 0.000000
vt -0.638281 1.010803 0.000000
vt -0.600735 1.010803 0.000000
vt -0.247803 1.010803 0.000000
vt -0.247803 0.996918 0.000000
vt -0.247803 0.983034 0.000000
vt -0.214012 1.010803 0.000000
vt -0.214012 0.996918 0.000000
vt -0.214012 0.983034 0.000000
vt -0.214012 0.969149 0.000000
vt -0.180221 1.010803 0.000000
vt -0.180221 0.996918 0.000000
vt -0.180221 0.983034 0.000000
vt -0.180221 0.969149 0.000000
vt -0.180221 0.955264 0.000000
vt -0.135165 1.010803 0.000000
vt -0.135165 0.996918 0.000000
vt -0.135165 0.983034 0.000000
vt -0.135165 0.969149 0.000000
vt -0.135165 0.955264 0.000000
vt -0.135165 0.941380 0.000000
vt -0.090110 1.010803 0.000000
vt -0.090110 0.996918 0.000000
vt -0.090110 0.983034 0.000000
vt -0.090110 0.969149 0.000000
vt -0.090110 0.955264 0.000000
vt -0.090110 0.941380 0.000000
vt -0.090110 0.927495 0.000000
vt -0.045055 1.010803 0.000000
vt -0.045055 0.996918 0.000000
vt -0.045055 0.983034 0.000000
vt -0.045055 0.969149 0.000000
vt -0.045055 0.955264 0.000000
vt -0.045055 0.941380 0.000000
vt -0.045055 0.927495 0.000000
vt -0.045055 0.913610 0.000000
vt -0.600735 0.996918 0.000000
vt -0.675827 0.983034 0.000000
vt -0.638281 0.969149 0.000000
vt -0.600735 0.955264 0.000000
vt -0.675827 0.927495 0.000000
vt -0.638281 0.913610 0.000000
vt -0.600735 0.899726 0.000000
vt -0.675827 0.871956 0.000000
vt -0.638281 0.858072 0.000000
vt -0.600735 0.844187 0.000000
vt -0.675827 0.733110 0.000000
vt -0.638281 0.719225 0.000000
vt -0.600735 0.705340 0.000000
vt -0.675827 0.677571 0.000000
vt -0.638281 0.663686 0.000000
vt -0.600735 0.649802 0.000000
vt -0.675827 0.622033 0.000000
vt -0.638281 0.608148 0.000000
vt -0.600735 0.594263 0.000000
vt -0.675827 0.608148 0.000000
vt -0.638281 0.594263 0.000000
vt -0.600735 0.580379 0.000000
vt -0.675827 0.538725 0.000000
vt -0.638281 0.510955 0.000000
vt -0.600735 0.483186 0.000000
vt -0.675827 0.510955 0.000000
vt -0.638281 0.483186 0.000000
vt -0.600735 0.469301 0.000000
vt -0.675827 0.483186 0.000000
vt -0.638281 0.469301 0.000000
vt -0.600735 0.455417 0.000000
vt -0.675827 0.469301 0.000000
vt -0.638281 0.455417 0.000000
vt -0.600735 0.441532 0.000000
vt -0.675827 0.413763 0.000000
vt -0.638281 0.399878 0.000000
vt -0.600735 0.374886 0.000000
vn -0.000000 1.000000 0.000000
vn -0.000000 1.000000 0.000000
vn -0.000000 1.000000 0.000000
vn -0.000000 1.000000 0.000000
vn -0.000000 1.000000 0.000000
vn -0.000000 1.000000 0.000000
vn -0.000000 1.000000 0.000000
vn -0.000000 1.000000 0.000000
vn -0.000000 1.000000 0.000000
vn -0.000000 1.000000 0.000000
vn -0.000000 1.000000 0.000000
vn -0.000000 1.000000 0.000000
vn -0.000000 1.000000 0.000000
vn -0.000000 1.000000 0.000000
vn -0.000000 1.000000 0.000000
vn -0.000000 1.000000 0.000000
vn -0.000000 1.000000 0.000000
vn -0.000000 1.000000 0.000000
vn -0.000000 1.000000 0.000000
vn -0.000000 1.000000 0.000000
vn -0.000000 1.000000 0.000000
vn -0.000000 1.000000 0.000000
vn -0.000000 1.000000 0.000000
vn -0.000000 1.000000 0.000000
vn -0.000000 1.000000 0.000000
vn -0.000000 1.000000 0.000000
vn -0.000000 1.000000 0.000000
vn -0.000000 1.000000 0.000000
vn -0.000000 1.000000 0.000000
vn -0.000000 1.000000 0.000000
vn -0.000000 1.000000 0.000000
vn -0.000000 1.000000 0.000000
vn -0.000000 1.000000 0.000000
vn -0.000000 1.000000 0.000000
vn -0.000000 1.000000 0.000000
vn -0.000000 1.000000 0.000000
vn -0.000000 1.000000 0.000000
vn -0.000000 1.000000 0.000000
vn -0.000000 1.000000 0.000000
vn 0.157183 -0.199604 0.967187
vn 0.000000 -0.199604 0.979877
vn 0.142552 -0.236932 0.961011
vn 0.000000 -0.246362 0.969178
vn 0.141089 -0.274627 0.951144
vn 0.000000 -0.293309 0.956018
vn 0.139418 -0.311747 0.939881
vn 0.000000 -0.338778 0.940866
vn 0.137581 -0.347592 0.927497
vn 0.000000 -0.381732 0.924273
vn 0.135619 -0.381732 0.914269
vn 0.133566 -0.413989 0.900429
vn 0.268302 -0.381732 0.884474
vn 0.264241 -0.413989 0.871085
vn 0.395178 -0.381732 0.835533
vn 0.389196 -0.413989 0.822885
vn 0.513499 -0.381732 0.768505
vn 0.505725 -0.413989 0.756872
vn 0.620704 -0.381732 0.684841
vn 0.611308 -0.413989 0.674474
vn 0.714473 -0.381732 0.586353
vn 0.703657 -0.413989 0.577477
vn 0.792775 -0.381732 0.475171
vn 0.780775 -0.413989 0.467978
vn 0.853917 -0.381732 0.353704
vn 0.840991 -0.413989 0.348350
vn 0.896574 -0.381732 0.224580
vn 0.883002 -0.413989 0.221180
vn 0.919822 -0.381732 0.090595
vn 0.905899 -0.413989 0.089223
vn 0.923160 -0.381732 -0.045352
vn 0.909185 -0.413989 -0.044665
vn 0.906513 -0.381732 -0.180317
vn 0.892791 -0.413989 -0.177587
vn 0.870244 -0.381732 -0.311378
vn 0.857070 -0.413989 -0.306665
vn 0.815136 -0.381732 -0.435699
vn 0.802797 -0.413989 -0.429104
vn 0.742383 -0.381732 -0.550589
vn 0.731145 -0.413989 -0.542254
vn 0.653560 -0.381732 -0.653560
vn 0.643666 -0.413989 -0.643666
vn 0.597964 -0.381732 -0.704783
vn 0.588912 -0.413989 -0.694115
vn 0.538368 -0.381732 -0.751292
vn 0.530219 -0.413989 -0.739920
vn 0.475171 -0.381732 -0.792775
vn 0.467978 -0.413989 -0.780775
vn 0.408795 -0.381732 -0.828955
vn 0.402607 -0.413989 -0.816407
vn 0.339685 -0.381732 -0.859590
vn 0.334543 -0.413989 -0.846578
vn 0.268302 -0.381732 -0.884474
vn 0.264241 -0.413989 -0.871085
vn 0.120642 -0.381732 -0.916366
vn 0.118816 -0.413989 -0.902494
vn -0.030241 -0.381732 -0.923778
vn -0.029784 -0.413989 -0.909794
vn -0.180317 -0.381732 -0.906513
vn -0.177587 -0.413989 -0.892791
vn -0.253795 -0.381732 -0.888746
vn -0.249953 -0.413989 -0.875292
vn -0.325575 -0.381732 -0.865032
vn -0.320647 -0.413989 -0.851938
vn -0.395178 -0.381732 -0.835533
vn -0.389196 -0.413989 -0.822885
vn -0.462136 -0.381732 -0.800444
vn -0.455141 -0.413989 -0.788327
vn -0.526004 -0.381732 -0.760000
vn -0.518042 -0.413989 -0.748496
vn -0.586353 -0.381732 -0.714473
vn -0.577477 -0.413989 -0.703657
vn -0.642779 -0.381732 -0.664166
vn -0.633049 -0.413989 -0.654112
vn -0.694905 -0.381732 -0.609415
vn -0.684386 -0.413989 -0.600191
vn -0.742383 -0.381732 -0.550589
vn -0.731145 -0.413989 -0.542254
vn -0.784895 -0.381732 -0.488079
vn -0.773013 -0.413989 -0.480691
vn -0.822156 -0.381732 -0.422304
vn -0.809710 -0.413989 -0.415911
vn -0.853917 -0.381732 -0.353704
vn -0.840991 -0.413989 -0.348350
vn -0.879966 -0.381732 -0.282738
vn -0.866645 -0.413989 -0.278458
vn -0.900128 -0.381732 -0.209880
vn -0.886503 -0.413989 -0.206703
vn -0.922294 -0.381732 -0.060450
vn -0.908333 -0.413989 -0.059535
vn -0.919822 -0.381732 0.090595
vn -0.905899 -0.413989 0.089223
vn -0.892779 -0.381732 0.239219
vn -0.879265 -0.413989 0.235598
vn -0.870244 -0.381732 0.311378
vn -0.857070 -0.413989 0.306665
vn -0.841887 -0.381732 0.381454
vn -0.829143 -0.413989 0.375680
vn -0.807898 -0.381732 0.448978
vn -0.795669 -0.413989 0.442182
vn -0.768505 -0.381732 0.513499
vn -0.756872 -0.413989 0.505725
vn -0.723971 -0.381732 0.574584
vn -0.713012 -0.413989 0.565886
vn -0.674594 -0.381732 0.631826
vn -0.664382 -0.413989 0.622262
vn -0.620704 -0.381732 0.684841
vn -0.611308 -0.413989 0.674474
vn -0.562662 -0.381732 0.733275
vn -0.554144 -0.413989 0.722175
vn -0.500856 -0.381732 0.776804
vn -0.493274 -0.413989 0.765045
vn -0.435699 -0.381732 0.815136
vn -0.429104 -0.413989 0.802797
vn -0.367628 -0.381732 0.848015
vn -0.362063 -0.413989 0.835179
vn -0.297098 -0.381732 0.875222
vn -0.292601 -0.413989 0.861973
vn -0.150560 -0.381732 0.911928
vn -0.148281 -0.413989 0.898123
vn -0.000000 -0.421757 0.906709
vn -0.145928 -0.444379 0.883873
vn -0.000000 -0.458932 0.888472
vn -0.143511 -0.473111 0.869235
vn -0.000000 -0.493807 0.869571
vn -0.141270 -0.497881 0.855662
vn -0.138937 -0.522043 0.841527
vn -0.274162 -0.522043 0.807655
vn -0.269274 -0.546112 0.793255
vn -0.333199 -0.546112 0.768597
vn -0.326607 -0.570726 0.753392
vn -0.387083 -0.570726 0.724182
vn -0.378280 -0.596696 0.707713
vn -0.434850 -0.596696 0.674432
vn -0.422986 -0.625063 0.656032
vn -0.475183 -0.625063 0.619271
vn -0.458855 -0.657160 0.597991
vn -0.506189 -0.657160 0.558493
vn -0.483052 -0.694700 0.532966
vn -0.524991 -0.694700 0.491708
vn -0.476883 -0.757025 0.446649
vn -0.511788 -0.757025 0.406184
vn -0.427037 -0.838315 0.338921
vn -0.453306 -0.838315 0.302889
vn -0.293662 -0.935554 0.196219
vn -0.308715 -0.935554 0.171564
vn -0.180124 -0.978537 0.100102
vn -0.187702 -0.978537 0.085047
vn -0.016524 -0.999835 0.007487
vn 0.131447 -0.444379 0.886143
vn 0.260048 -0.444379 0.857264
vn 0.383020 -0.444379 0.809829
vn 0.497701 -0.444379 0.744863
vn 0.601609 -0.444379 0.663773
vn 0.692493 -0.444379 0.568314
vn 0.768387 -0.444379 0.460553
vn 0.827647 -0.444379 0.342823
vn 0.868992 -0.444379 0.217671
vn 0.891525 -0.444379 0.087808
vn 0.894760 -0.444379 -0.043957
vn 0.878626 -0.444379 -0.174769
vn 0.843472 -0.444379 -0.301799
vn 0.790059 -0.444379 -0.422296
vn 0.719545 -0.444379 -0.533651
vn 0.633454 -0.444379 -0.633454
vn 0.579568 -0.444379 -0.683101
vn 0.521806 -0.444379 -0.728180
vn 0.460553 -0.444379 -0.768387
vn 0.396219 -0.444379 -0.803453
vn 0.329235 -0.444379 -0.833146
vn 0.260048 -0.444379 -0.857264
vn 0.116930 -0.444379 -0.888175
vn -0.029311 -0.444379 -0.895359
vn -0.174769 -0.444379 -0.878626
vn -0.245987 -0.444379 -0.861404
vn -0.315559 -0.444379 -0.838421
vn -0.383020 -0.444379 -0.809829
vn -0.447919 -0.444379 -0.775819
vn -0.509822 -0.444379 -0.736620
vn -0.568314 -0.444379 -0.692493
vn -0.623005 -0.444379 -0.643733
vn -0.673527 -0.444379 -0.590668
vn -0.719545 -0.444379 -0.533651
vn -0.760748 -0.444379 -0.473064
vn -0.796863 -0.444379 -0.409312
vn -0.827647 -0.444379 -0.342823
vn -0.852895 -0.444379 -0.274040
vn -0.872437 -0.444379 -0.203424
vn -0.893921 -0.444379 -0.058591
vn -0.891525 -0.444379 0.087808
vn -0.865314 -0.444379 0.231860
vn -0.843472 -0.444379 0.301799
vn -0.815987 -0.444379 0.369719
vn -0.783044 -0.444379 0.435166
vn -0.744863 -0.444379 0.497701
vn -0.701699 -0.444379 0.556908
vn -0.653841 -0.444379 0.612389
vn -0.601609 -0.444379 0.663773
vn -0.545352 -0.444379 0.710717
vn -0.485448 -0.444379 0.752906
vn -0.422296 -0.444379 0.790059
vn -0.356319 -0.444379 0.821927
vn -0.287958 -0.444379 0.848297
vn 0.129270 -0.473111 0.871467
vn 0.255742 -0.473111 0.843067
vn 0.376677 -0.473111 0.796417
vn 0.489459 -0.473111 0.732527
vn 0.591645 -0.473111 0.652780
vn 0.681024 -0.473111 0.558902
vn 0.755661 -0.473111 0.452926
vn 0.813940 -0.473111 0.337145
vn 0.854600 -0.473111 0.214066
vn 0.876760 -0.473111 0.086353
vn 0.879942 -0.473111 -0.043229
vn 0.864075 -0.473111 -0.171875
vn 0.829503 -0.473111 -0.296801
vn 0.776975 -0.473111 -0.415302
vn 0.707628 -0.473111 -0.524813
vn 0.622963 -0.473111 -0.622963
vn 0.569970 -0.473111 -0.671789
vn 0.513164 -0.473111 -0.716120
vn 0.452926 -0.473111 -0.755661
vn 0.389658 -0.473111 -0.790147
vn 0.323783 -0.473111 -0.819348
vn 0.255742 -0.473111 -0.843067
vn 0.114994 -0.473111 -0.873466
vn -0.028826 -0.473111 -0.880531
vn -0.171875 -0.473111 -0.864075
vn -0.241913 -0.473111 -0.847139
vn -0.310333 -0.473111 -0.824536
vn -0.376677 -0.473111 -0.796417
vn -0.440501 -0.473111 -0.762971
vn -0.501379 -0.473111 -0.724421
vn -0.558902 -0.473111 -0.681024
vn -0.612687 -0.473111 -0.633072
vn -0.662373 -0.473111 -0.580885
vn -0.707628 -0.473111 -0.524813
vn -0.748149 -0.473111 -0.465229
vn -0.783666 -0.473111 -0.402534
vn -0.813940 -0.473111 -0.337145
vn -0.838770 -0.473111 -0.269501
vn -0.857988 -0.473111 -0.200055
vn -0.879116 -0.473111 -0.057620
vn -0.876760 -0.473111 0.086353
vn -0.850983 -0.473111 0.228020
vn -0.829503 -0.473111 0.296801
vn -0.802474 -0.473111 0.363596
vn -0.770076 -0.473111 0.427959
vn -0.732527 -0.473111 0.489459
vn -0.690078 -0.473111 0.547685
vn -0.643012 -0.473111 0.602247
vn -0.591645 -0.473111 0.652780
vn -0.536320 -0.473111 0.698946
vn -0.477408 -0.473111 0.740437
vn -0.415302 -0.473111 0.776975
vn -0.350418 -0.473111 0.808315
vn -0.283189 -0.473111 0.834248
vn 0.127251 -0.497881 0.857859
vn 0.251748 -0.497881 0.829902
vn 0.370795 -0.497881 0.783981
vn 0.481816 -0.497881 0.721088
vn 0.582406 -0.497881 0.642586
vn 0.670390 -0.497881 0.550175
vn 0.743861 -0.497881 0.445853
vn 0.801230 -0.497881 0.331880
vn 0.841255 -0.497881 0.210723
vn 0.863069 -0.497881 0.085005
vn 0.866201 -0.497881 -0.042554
vn 0.850582 -0.497881 -0.169191
vn 0.816550 -0.497881 -0.292166
vn 0.764842 -0.497881 -0.408817
vn 0.696578 -0.497881 -0.516617
vn 0.613235 -0.497881 -0.613235
vn 0.561070 -0.497881 -0.661298
vn 0.505151 -0.497881 -0.704938
vn 0.445853 -0.497881 -0.743861
vn 0.383573 -0.497881 -0.777809
vn 0.318726 -0.497881 -0.806553
vn 0.251748 -0.497881 -0.829902
vn 0.113198 -0.497881 -0.859826
vn -0.028375 -0.497881 -0.866781
vn -0.169191 -0.497881 -0.850582
vn -0.238136 -0.497881 -0.833910
vn -0.305487 -0.497881 -0.811660
vn -0.370795 -0.497881 -0.783981
vn -0.433623 -0.497881 -0.751057
vn -0.493549 -0.497881 -0.713108
vn -0.550175 -0.497881 -0.670390
vn -0.603119 -0.497881 -0.623187
vn -0.652030 -0.497881 -0.571815
vn -0.696578 -0.497881 -0.516617
vn -0.736467 -0.497881 -0.457964
vn -0.771429 -0.497881 -0.396248
vn -0.801230 -0.497881 -0.331880
vn -0.825672 -0.497881 -0.265293
vn -0.844590 -0.497881 -0.196931
vn -0.865389 -0.497881 -0.056721
vn -0.863069 -0.497881 0.085005
vn -0.837695 -0.497881 0.224460
vn -0.816550 -0.497881 0.292166
vn -0.789942 -0.497881 0.357918
vn -0.758051 -0.497881 0.421276
vn -0.721088 -0.497881 0.481816
vn -0.679302 -0.497881 0.539132
vn -0.632971 -0.497881 0.592842
vn -0.582406 -0.497881 0.642586
vn -0.527946 -0.497881 0.688032
vn -0.469953 -0.497881 0.728875
vn -0.408817 -0.497881 0.764842
vn -0.344946 -0.497881 0.795693
vn -0.278767 -0.497881 0.821221
vn 0.125149 -0.522043 0.843688
vn 0.000000 -0.527379 0.849630
vn 0.122918 -0.546112 0.828646
vn 0.000000 -0.561041 0.827788
vn 0.120486 -0.570726 0.812253
vn 0.000000 -0.596696 0.802467
vn 0.117746 -0.596696 0.793782
vn 0.114534 -0.625063 0.772125
vn 0.232944 -0.596696 0.767913
vn 0.226589 -0.625063 0.746963
vn 0.343099 -0.596696 0.725422
vn 0.333738 -0.625063 0.705631
vn 0.445827 -0.596696 0.667227
vn 0.433664 -0.625063 0.649024
vn 0.538904 -0.596696 0.594589
vn 0.524201 -0.625063 0.578367
vn 0.620316 -0.596696 0.509080
vn 0.603392 -0.625063 0.495191
vn 0.688299 -0.596696 0.412551
vn 0.669521 -0.625063 0.401295
vn 0.741383 -0.596696 0.307091
vn 0.721156 -0.625063 0.298713
vn 0.778418 -0.596696 0.194984
vn 0.757181 -0.625063 0.189664
vn 0.798603 -0.596696 0.078656
vn 0.776815 -0.625063 0.076510
vn 0.801501 -0.596696 -0.039375
vn 0.779634 -0.625063 -0.038301
vn 0.787048 -0.596696 -0.156554
vn 0.765575 -0.625063 -0.152282
vn 0.755558 -0.596696 -0.270343
vn 0.734945 -0.625063 -0.262967
vn 0.707713 -0.596696 -0.378280
vn 0.688405 -0.625063 -0.367960
vn 0.644548 -0.596696 -0.478029
vn 0.626963 -0.625063 -0.464987
vn 0.567430 -0.596696 -0.567430
vn 0.551949 -0.625063 -0.551949
vn 0.519161 -0.596696 -0.611903
vn 0.504997 -0.625063 -0.595209
vn 0.467419 -0.596696 -0.652283
vn 0.454667 -0.625063 -0.634487
vn 0.412551 -0.596696 -0.688299
vn 0.401295 -0.625063 -0.669521
vn 0.354922 -0.596696 -0.719711
vn 0.345239 -0.625063 -0.700076
vn 0.294920 -0.596696 -0.746308
vn 0.286873 -0.625063 -0.725947
vn 0.232944 -0.596696 -0.767913
vn 0.226589 -0.625063 -0.746963
vn 0.104743 -0.596696 -0.795602
vn 0.101885 -0.625063 -0.773896
vn -0.026256 -0.596696 -0.802038
vn -0.025540 -0.625063 -0.780156
vn -0.156554 -0.596696 -0.787048
vn -0.152282 -0.625063 -0.765575
vn -0.220348 -0.596696 -0.771622
vn -0.214337 -0.625063 -0.750570
vn -0.282669 -0.596696 -0.751034
vn -0.274957 -0.625063 -0.730544
vn -0.343099 -0.596696 -0.725422
vn -0.333738 -0.625063 -0.705631
vn -0.401234 -0.596696 -0.694957
vn -0.390287 -0.625063 -0.675997
vn -0.456684 -0.596696 -0.659843
vn -0.444225 -0.625063 -0.641841
vn -0.509080 -0.596696 -0.620316
vn -0.495191 -0.625063 -0.603392
vn -0.558070 -0.596696 -0.576638
vn -0.542844 -0.625063 -0.560906
vn -0.603327 -0.596696 -0.529103
vn -0.586867 -0.625063 -0.514668
vn -0.644548 -0.596696 -0.478029
vn -0.626963 -0.625063 -0.464987
vn -0.681457 -0.596696 -0.423757
vn -0.662865 -0.625063 -0.412196
vn -0.713808 -0.596696 -0.366650
vn -0.694333 -0.625063 -0.356647
vn -0.741383 -0.596696 -0.307091
vn -0.721156 -0.625063 -0.298713
vn -0.763999 -0.596696 -0.245477
vn -0.743155 -0.625063 -0.238780
vn -0.781504 -0.596696 -0.182221
vn -0.760183 -0.625063 -0.177250
vn -0.800749 -0.596696 -0.052484
vn -0.778903 -0.625063 -0.051052
vn -0.798603 -0.596696 0.078656
vn -0.776815 -0.625063 0.076510
vn -0.775124 -0.596696 0.207694
vn -0.753977 -0.625063 0.202027
vn -0.755558 -0.596696 0.270343
vn -0.734945 -0.625063 0.262967
vn -0.730938 -0.596696 0.331184
vn -0.710997 -0.625063 0.322148
vn -0.701429 -0.596696 0.389809
vn -0.682292 -0.625063 0.379174
vn -0.667227 -0.596696 0.445827
vn -0.649024 -0.625063 0.433664
vn -0.628562 -0.596696 0.498862
vn -0.611413 -0.625063 0.485252
vn -0.585692 -0.596696 0.548560
vn -0.569713 -0.625063 0.533594
vn -0.538904 -0.596696 0.594589
vn -0.524201 -0.625063 0.578367
vn -0.488511 -0.596696 0.636640
vn 0.000000 -0.637017 0.770849
vn 0.110598 -0.657160 0.745593
vn 0.218802 -0.657160 0.721295
vn 0.322270 -0.657160 0.681383
vn 0.418762 -0.657160 0.626721
vn 0.506189 -0.657160 0.558493
vn 0.582658 -0.657160 0.478175
vn 0.646514 -0.657160 0.387506
vn 0.696376 -0.657160 0.288448
vn 0.731162 -0.657160 0.183147
vn 0.750122 -0.657160 0.073881
vn 0.752844 -0.657160 -0.036985
vn 0.739268 -0.657160 -0.147050
vn 0.709690 -0.657160 -0.253931
vn 0.664749 -0.657160 -0.355316
vn 0.605419 -0.657160 -0.449009
vn 0.532983 -0.657160 -0.532983
vn 0.487644 -0.657160 -0.574756
vn 0.439043 -0.657160 -0.612684
vn 0.387506 -0.657160 -0.646514
vn 0.333376 -0.657160 -0.676019
vn 0.277016 -0.657160 -0.701002
vn 0.218802 -0.657160 -0.721295
vn 0.098384 -0.657160 -0.747303
vn -0.024662 -0.657160 -0.753348
vn -0.147050 -0.657160 -0.739268
vn -0.206972 -0.657160 -0.724779
vn -0.265509 -0.657160 -0.705440
vn -0.322270 -0.657160 -0.681383
vn -0.376876 -0.657160 -0.652768
vn -0.428960 -0.657160 -0.619786
vn -0.478175 -0.657160 -0.582658
vn -0.524191 -0.657160 -0.541632
vn -0.566700 -0.657160 -0.496983
vn -0.605419 -0.657160 -0.449009
vn -0.640087 -0.657160 -0.398032
vn -0.670474 -0.657160 -0.344392
vn -0.696376 -0.657160 -0.288448
vn -0.717619 -0.657160 -0.230575
vn -0.734061 -0.657160 -0.171159
vn -0.752138 -0.657160 -0.049298
vn -0.750122 -0.657160 0.073881
vn -0.728068 -0.657160 0.195085
vn -0.709690 -0.657160 0.253931
vn -0.686565 -0.657160 0.311079
vn -0.658847 -0.657160 0.366145
vn -0.626721 -0.657160 0.418762
vn -0.590404 -0.657160 0.468578
vn -0.550136 -0.657160 0.515259
vn 0.000000 -0.685783 0.727806
vn 0.105543 -0.694700 0.711514
vn 0.208802 -0.694700 0.688327
vn 0.307540 -0.694700 0.650239
vn 0.399621 -0.694700 0.598076
vn 0.483052 -0.694700 0.532966
vn 0.556026 -0.694700 0.456319
vn 0.616964 -0.694700 0.369794
vn 0.664546 -0.694700 0.275264
vn 0.697743 -0.694700 0.174775
vn 0.715836 -0.694700 0.070504
vn 0.718433 -0.694700 -0.035294
vn 0.705478 -0.694700 -0.140328
vn 0.677252 -0.694700 -0.242325
vn 0.634365 -0.694700 -0.339075
vn 0.577747 -0.694700 -0.428486
vn 0.508621 -0.694700 -0.508621
vn 0.465355 -0.694700 -0.548485
vn 0.418976 -0.694700 -0.584680
vn 0.369794 -0.694700 -0.616964
vn 0.318138 -0.694700 -0.645120
vn 0.264354 -0.694700 -0.668961
vn 0.208802 -0.694700 -0.688327
vn 0.093887 -0.694700 -0.713146
vn -0.023535 -0.694700 -0.718914
vn -0.140328 -0.694700 -0.705478
vn -0.197511 -0.694700 -0.691651
vn -0.253373 -0.694700 -0.673197
vn -0.307540 -0.694700 -0.650239
vn -0.359650 -0.694700 -0.622932
vn -0.409353 -0.694700 -0.591457
vn -0.456319 -0.694700 -0.556026
vn -0.500231 -0.694700 -0.516875
vn -0.540798 -0.694700 -0.474267
vn -0.577747 -0.694700 -0.428486
vn -0.610831 -0.694700 -0.379839
vn -0.639828 -0.694700 -0.328651
vn -0.664546 -0.694700 -0.275264
vn -0.684818 -0.694700 -0.220036
vn -0.700509 -0.694700 -0.163336
vn -0.717759 -0.694700 -0.047044
vn -0.715836 -0.694700 0.070504
vn -0.694790 -0.694700 0.186168
vn -0.677252 -0.694700 0.242325
vn -0.655184 -0.694700 0.296860
vn -0.628733 -0.694700 0.349409
vn -0.598076 -0.694700 0.399621
vn -0.563418 -0.694700 0.447160
vn 0.000000 -0.748294 0.663367
vn 0.095872 -0.757025 0.646314
vn 0.189668 -0.757025 0.625251
vn 0.279358 -0.757025 0.590654
vn 0.363002 -0.757025 0.543270
vn 0.438787 -0.757025 0.484127
vn 0.505074 -0.757025 0.414503
vn 0.560427 -0.757025 0.335907
vn 0.603650 -0.757025 0.250040
vn 0.633804 -0.757025 0.158760
vn 0.650239 -0.757025 0.064043
vn 0.652598 -0.757025 -0.032060
vn 0.640831 -0.757025 -0.127469
vn 0.615191 -0.757025 -0.220119
vn 0.576235 -0.757025 -0.308004
vn 0.524804 -0.757025 -0.389221
vn 0.462013 -0.757025 -0.462013
vn 0.422712 -0.757025 -0.498224
vn 0.380582 -0.757025 -0.531102
vn 0.335907 -0.757025 -0.560427
vn 0.288985 -0.757025 -0.586004
vn 0.240130 -0.757025 -0.607660
vn 0.189668 -0.757025 -0.625251
vn 0.085284 -0.757025 -0.647796
vn -0.021378 -0.757025 -0.653036
vn -0.127469 -0.757025 -0.640831
vn -0.179412 -0.757025 -0.628271
vn -0.230155 -0.757025 -0.611507
vn -0.279358 -0.757025 -0.590654
vn -0.326693 -0.757025 -0.565848
vn -0.371842 -0.757025 -0.537258
vn -0.414503 -0.757025 -0.505074
vn -0.454392 -0.757025 -0.469511
vn -0.491241 -0.757025 -0.430807
vn -0.524804 -0.757025 -0.389221
vn -0.554856 -0.757025 -0.345032
vn -0.581197 -0.757025 -0.298534
vn -0.603650 -0.757025 -0.250040
vn -0.622064 -0.757025 -0.199873
vn -0.636317 -0.757025 -0.148368
vn -0.651987 -0.757025 -0.042733
vn -0.650239 -0.757025 0.064043
vn -0.631122 -0.757025 0.169109
vn -0.615191 -0.757025 0.220119
vn -0.595145 -0.757025 0.269657
vn -0.571118 -0.757025 0.317391
vn -0.543270 -0.757025 0.363002
vn 0.000000 -0.830751 0.556644
vn 0.079995 -0.838315 0.539286
vn 0.158259 -0.838315 0.521711
vn 0.233097 -0.838315 0.492843
vn 0.302889 -0.838315 0.453306
vn 0.366125 -0.838315 0.403956
vn 0.421435 -0.838315 0.345863
vn 0.467622 -0.838315 0.280282
vn 0.503687 -0.838315 0.208634
vn 0.528848 -0.838315 0.132469
vn 0.542561 -0.838315 0.053438
vn 0.544530 -0.838315 -0.026751
vn 0.534711 -0.838315 -0.106361
vn 0.513317 -0.838315 -0.183668
vn 0.480811 -0.838315 -0.256999
vn 0.437898 -0.838315 -0.324767
vn 0.385505 -0.838315 -0.385505
vn 0.352712 -0.838315 -0.415719
vn 0.317559 -0.838315 -0.443153
vn 0.280282 -0.838315 -0.467622
vn 0.241130 -0.838315 -0.488963
vn 0.200365 -0.838315 -0.507033
vn 0.158259 -0.838315 -0.521711
vn 0.071161 -0.838315 -0.540522
vn -0.017838 -0.838315 -0.544895
vn -0.106361 -0.838315 -0.534711
vn -0.149702 -0.838315 -0.524230
vn -0.192042 -0.838315 -0.510243
vn -0.233097 -0.838315 -0.492843
vn -0.272593 -0.838315 -0.472145
vn -0.310266 -0.838315 -0.448289
vn -0.345863 -0.838315 -0.421435
vn -0.379146 -0.838315 -0.391761
vn -0.409893 -0.838315 -0.359466
vn -0.437898 -0.838315 -0.324767
vn -0.462973 -0.838315 -0.287895
vn -0.484952 -0.838315 -0.249098
vn -0.503687 -0.838315 -0.208634
vn -0.519052 -0.838315 -0.166774
vn -0.530945 -0.838315 -0.123799
vn -0.544019 -0.838315 -0.035657
vn -0.542561 -0.838315 0.053438
vn -0.526610 -0.838315 0.141105
vn -0.513317 -0.838315 0.183668
vn -0.496591 -0.838315 0.225002
vn -0.476542 -0.838315 0.264832
vn 0.000000 -0.931528 0.363668
vn 0.051823 -0.935554 0.349362
vn 0.102524 -0.935554 0.337976
vn 0.151006 -0.935554 0.319275
vn 0.196219 -0.935554 0.293662
vn 0.237184 -0.935554 0.261692
vn 0.273015 -0.935554 0.224058
vn 0.302936 -0.935554 0.181573
vn 0.326300 -0.935554 0.135158
vn 0.342600 -0.935554 0.085817
vn 0.351484 -0.935554 0.034618
vn 0.352759 -0.935554 -0.017330
vn 0.346398 -0.935554 -0.068903
vn 0.332539 -0.935554 -0.118984
vn 0.311481 -0.935554 -0.166490
vn 0.283680 -0.935554 -0.210392
vn 0.249739 -0.935554 -0.249739
vn 0.228495 -0.935554 -0.269313
vn 0.205722 -0.935554 -0.287085
vn 0.181573 -0.935554 -0.302936
vn 0.156210 -0.935554 -0.316762
vn 0.129801 -0.935554 -0.328468
vn 0.102524 -0.935554 -0.337976
vn 0.046100 -0.935554 -0.350163
vn -0.011556 -0.935554 -0.352995
vn -0.068903 -0.935554 -0.346398
vn -0.096980 -0.935554 -0.339609
vn -0.124409 -0.935554 -0.330547
vn -0.151006 -0.935554 -0.319275
vn -0.176592 -0.935554 -0.305867
vn -0.200997 -0.935554 -0.290412
vn -0.224058 -0.935554 -0.273015
vn -0.245620 -0.935554 -0.253792
vn -0.265538 -0.935554 -0.232871
vn -0.283680 -0.935554 -0.210392
vn -0.299925 -0.935554 -0.186505
vn -0.314163 -0.935554 -0.161371
vn -0.326300 -0.935554 -0.135158
vn -0.336254 -0.935554 -0.108040
vn -0.343958 -0.935554 -0.080200
vn -0.352428 -0.935554 -0.023099
vn -0.351484 -0.935554 0.034618
vn -0.341150 -0.935554 0.091411
vn -0.332539 -0.935554 0.118984
vn -0.321703 -0.935554 0.145762
vn 0.000000 -0.977047 0.213023
vn 0.030237 -0.978537 0.203840
vn 0.059819 -0.978537 0.197197
vn 0.088106 -0.978537 0.186286
vn 0.114487 -0.978537 0.171341
vn 0.138388 -0.978537 0.152688
vn 0.159295 -0.978537 0.130730
vn 0.176753 -0.978537 0.105941
vn 0.190384 -0.978537 0.078860
vn 0.199895 -0.978537 0.050071
vn 0.205078 -0.978537 0.020198
vn 0.205822 -0.978537 -0.010111
vn 0.202111 -0.978537 -0.040202
vn 0.194024 -0.978537 -0.069423
vn 0.181738 -0.978537 -0.097141
vn 0.165517 -0.978537 -0.122756
vn 0.145714 -0.978537 -0.145714
vn 0.133319 -0.978537 -0.157134
vn 0.120031 -0.978537 -0.167504
vn 0.105941 -0.978537 -0.176753
vn 0.091143 -0.978537 -0.184819
vn 0.075734 -0.978537 -0.191649
vn 0.059819 -0.978537 -0.197197
vn 0.026898 -0.978537 -0.204308
vn -0.006742 -0.978537 -0.205960
vn -0.040202 -0.978537 -0.202111
vn -0.056585 -0.978537 -0.198150
vn -0.072588 -0.978537 -0.192863
vn -0.088106 -0.978537 -0.186286
vn -0.103035 -0.978537 -0.178462
vn -0.117275 -0.978537 -0.169445
vn -0.130730 -0.978537 -0.159295
vn -0.143310 -0.978537 -0.148078
vn -0.154932 -0.978537 -0.135872
vn -0.165517 -0.978537 -0.122756
vn -0.174996 -0.978537 -0.108819
vn -0.183303 -0.978537 -0.094154
vn -0.190384 -0.978537 -0.078860
vn -0.196192 -0.978537 -0.063038
vn -0.200687 -0.978537 -0.046794
vn -0.205629 -0.978537 -0.013478
vn -0.205078 -0.978537 0.020198
vn -0.199049 -0.978537 0.053335
vn -0.194024 -0.978537 0.069423
vn 0.000000 -0.999835 0.018141
vn -0.057532 -0.935554 0.348467
vn -0.033568 -0.978537 0.203318
vn -0.002955 -0.999835 0.017899
vn -0.088808 -0.838315 0.537905
vn -0.106434 -0.757025 0.644658
vn -0.117171 -0.694700 0.709692
vn -0.122783 -0.657160 0.743684
vn -0.127152 -0.625063 0.770148
vn -0.130718 -0.596696 0.791749
vn -0.133760 -0.570726 0.810173
vn -0.257945 -0.596696 0.759880
vn -0.263947 -0.570726 0.777563
vn -0.319180 -0.596696 0.736259
vn -0.136460 -0.546112 0.826523
vn -0.152738 -0.347592 0.925122
vn -0.154778 -0.311747 0.937474
vn -0.156632 -0.274627 0.948708
vn -0.158257 -0.236932 0.958550
vn -0.157183 -0.199604 0.967187
vn -0.310296 -0.199604 0.929449
vn -0.312287 -0.236932 0.919967
vn -0.309080 -0.274627 0.910522
vn -0.382455 -0.274627 0.882218
vn -0.377927 -0.311747 0.871771
vn -0.447905 -0.311747 0.837971
vn -0.442003 -0.347592 0.826930
vn -0.508102 -0.347592 0.788043
vn -0.386423 -0.236932 0.891370
vn -0.455371 -0.199604 0.867638
vn -0.457974 -0.236932 0.856810
vn -0.526462 -0.236932 0.816518
vn -0.521056 -0.274627 0.808134
vn -0.585355 -0.274627 0.762850
vn -0.578424 -0.311747 0.753817
vn -0.638092 -0.311747 0.704026
vn -0.629685 -0.347592 0.694750
vn -0.684354 -0.347592 0.640968
vn -0.588653 -0.199604 0.783355
vn -0.591428 -0.236932 0.770763
vn -0.645738 -0.274627 0.712462
vn -0.693491 -0.311747 0.649525
vn -0.734446 -0.347592 0.582898
vn -0.652437 -0.236932 0.719853
vn -0.706689 -0.199604 0.678784
vn -0.709082 -0.236932 0.664128
vn -0.760984 -0.236932 0.603959
vn -0.753170 -0.274627 0.597758
vn -0.799500 -0.274627 0.534209
vn -0.790033 -0.311747 0.527883
vn -0.830530 -0.311747 0.461555
vn -0.819587 -0.347592 0.455474
vn -0.854068 -0.347592 0.386973
vn -0.806423 -0.199604 0.556633
vn -0.807794 -0.236932 0.539751
vn -0.840482 -0.274627 0.467086
vn -0.865471 -0.311747 0.392140
vn -0.882835 -0.347592 0.315883
vn -0.849202 -0.236932 0.471932
vn -0.885270 -0.199604 0.420066
vn -0.884928 -0.236932 0.400956
vn -0.914735 -0.236932 0.327297
vn -0.905343 -0.274627 0.323937
vn -0.928787 -0.274627 0.248868
vn -0.917789 -0.311747 0.245921
vn -0.945590 -0.311747 0.093132
vn -0.933131 -0.347592 0.091905
vn -0.935638 -0.347592 -0.061325
vn -0.941189 -0.199604 0.272619
vn -0.938422 -0.236932 0.251449
vn -0.956921 -0.274627 0.094248
vn -0.948131 -0.311747 -0.062144
vn -0.913152 -0.347592 -0.212917
vn -0.972732 -0.199604 0.118111
vn -0.966848 -0.236932 0.095226
vn -0.959492 -0.274627 -0.062888
vn -0.925344 -0.311747 -0.215760
vn -0.892698 -0.347592 -0.286829
vn -0.979082 -0.199604 -0.039456
vn -0.969446 -0.236932 -0.063541
vn -0.936432 -0.274627 -0.218345
vn -0.904617 -0.311747 -0.290658
vn -0.866272 -0.347592 -0.358822
vn -0.960074 -0.199604 -0.196000
vn -0.946147 -0.236932 -0.220611
vn -0.915457 -0.274627 -0.294141
vn -0.877838 -0.311747 -0.363612
vn -0.834051 -0.347592 -0.428414
vn -0.924954 -0.236932 -0.297193
vn -0.916200 -0.199604 -0.347469
vn -0.897573 -0.236932 -0.371787
vn -0.864188 -0.236932 -0.443894
vn -0.855315 -0.274627 -0.439336
vn -0.816551 -0.274627 -0.507764
vn -0.806882 -0.311747 -0.501752
vn -0.763180 -0.311747 -0.566013
vn -0.753124 -0.347592 -0.558555
vn -0.704960 -0.347592 -0.618233
vn -0.848598 -0.199604 -0.489938
vn -0.825022 -0.236932 -0.513032
vn -0.772325 -0.274627 -0.572795
vn -0.714372 -0.311747 -0.626487
vn -0.652079 -0.347592 -0.673775
vn -0.780337 -0.236932 -0.578737
vn -0.759017 -0.199604 -0.619718
vn -0.730432 -0.236932 -0.640572
vn -0.675641 -0.236932 -0.698121
vn -0.668704 -0.274627 -0.690953
vn -0.610001 -0.274627 -0.743289
vn -0.602778 -0.311747 -0.734487
vn -0.540739 -0.311747 -0.781290
vn -0.533614 -0.347592 -0.770997
vn -0.468823 -0.347592 -0.812025
vn -0.649778 -0.199604 -0.733448
vn -0.616330 -0.236932 -0.751000
vn -0.547219 -0.274627 -0.790653
vn -0.475083 -0.311747 -0.822867
vn -0.400895 -0.347592 -0.847622
vn -0.552896 -0.236932 -0.798855
vn -0.523711 -0.199604 -0.828182
vn -0.485763 -0.236932 -0.841366
vn -0.384079 -0.199604 -0.901466
vn -0.415381 -0.236932 -0.878249
vn -0.342220 -0.236932 -0.909257
vn -0.338706 -0.274627 -0.899921
vn -0.264031 -0.274627 -0.924591
vn -0.260904 -0.311747 -0.913642
vn -0.185368 -0.311747 -0.931908
vn -0.182926 -0.347592 -0.919629
vn -0.030679 -0.347592 -0.937144
vn -0.234500 -0.199604 -0.951403
vn -0.266770 -0.236932 -0.934182
vn -0.187589 -0.274627 -0.943075
vn -0.031089 -0.311747 -0.949656
vn 0.122387 -0.347592 -0.929624
vn -0.189535 -0.236932 -0.952859
vn -0.078847 -0.199604 -0.976699
vn -0.031787 -0.236932 -0.971006
vn 0.078847 -0.199604 -0.976699
vn 0.126810 -0.236932 -0.963215
vn 0.234500 -0.199604 -0.951403
vn 0.282019 -0.236932 -0.929693
vn 0.384079 -0.199604 -0.901466
vn 0.357051 -0.236932 -0.903536
vn 0.429695 -0.236932 -0.871335
vn 0.425283 -0.274627 -0.862389
vn 0.494336 -0.274627 -0.824750
vn 0.488482 -0.311747 -0.814984
vn 0.553450 -0.311747 -0.772338
vn 0.546158 -0.347592 -0.762162
vn 0.606616 -0.347592 -0.714981
vn 0.523711 -0.199604 -0.828182
vn 0.499464 -0.236932 -0.833306
vn 0.560082 -0.274627 -0.781594
vn 0.614715 -0.311747 -0.724527
vn 0.663016 -0.347592 -0.663016
vn 0.565892 -0.236932 -0.789702
vn 0.649778 -0.199604 -0.733448
vn 0.628535 -0.236932 -0.740815
vn 0.686973 -0.236932 -0.686973
vn 0.679919 -0.274627 -0.679919
vn 0.772325 -0.274627 -0.572795
vn 0.763180 -0.311747 -0.566013
vn 0.837971 -0.311747 -0.447905
vn 0.826930 -0.347592 -0.442003
vn 0.882835 -0.347592 -0.315883
vn 0.759017 -0.199604 -0.619718
vn 0.780337 -0.236932 -0.578737
vn 0.848012 -0.274627 -0.453272
vn 0.894622 -0.311747 -0.320101
vn 0.919629 -0.347592 -0.182926
vn 0.848598 -0.199604 -0.489938
vn 0.856810 -0.236932 -0.457974
vn 0.905343 -0.274627 -0.323937
vn 0.931908 -0.311747 -0.185368
vn 0.936517 -0.347592 -0.046008
vn 0.916200 -0.199604 -0.347469
vn 0.914735 -0.236932 -0.327297
vn 0.943075 -0.274627 -0.187589
vn 0.949021 -0.311747 -0.046622
vn 0.933131 -0.347592 0.091905
vn 0.960074 -0.199604 -0.196000
vn 0.952859 -0.236932 -0.189535
vn 0.960393 -0.274627 -0.047181
vn 0.945590 -0.311747 0.093132
vn 0.909546 -0.347592 0.227829
vn 0.970356 -0.236932 -0.047671
vn 0.979082 -0.199604 -0.039456
vn 0.966848 -0.236932 0.095226
vn 0.972732 -0.199604 0.118111
vn 0.942411 -0.236932 0.236062
vn 0.941189 -0.199604 0.272619
vn 0.897573 -0.236932 0.371787
vn 0.885270 -0.199604 0.420066
vn 0.833306 -0.236932 0.499464
vn 0.806423 -0.199604 0.556633
vn 0.751000 -0.236932 0.616330
vn 0.706689 -0.199604 0.678784
vn 0.652437 -0.236932 0.719853
vn 0.588653 -0.199604 0.783355
vn 0.539751 -0.236932 0.807794
vn 0.455371 -0.199604 0.867638
vn 0.415381 -0.236932 0.878249
vn 0.310296 -0.199604 0.929449
vn 0.282019 -0.236932 0.929693
vn 0.002662 -0.999835 0.017944
vn 0.005266 -0.999835 0.017360
vn 0.007756 -0.999835 0.016399
vn 0.010078 -0.999835 0.015084
vn 0.012183 -0.999835 0.013441
vn 0.014023 -0.999835 0.011508
vn 0.015560 -0.999835 0.009326
vn 0.016760 -0.999835 0.006942
vn 0.017597 -0.999835 0.004408
vn 0.018053 -0.999835 0.001778
vn 0.018119 -0.999835 -0.000890
vn 0.017792 -0.999835 -0.003539
vn 0.017080 -0.999835 -0.006111
vn 0.014571 -0.999835 -0.010806
vn 0.012827 -0.999835 -0.012827
vn 0.011736 -0.999835 -0.013833
vn 0.010567 -0.999835 -0.014746
vn 0.009326 -0.999835 -0.015560
vn 0.008023 -0.999835 -0.016270
vn 0.006667 -0.999835 -0.016871
vn 0.005266 -0.999835 -0.017360
vn 0.002368 -0.999835 -0.017986
vn -0.000594 -0.999835 -0.018131
vn -0.003539 -0.999835 -0.017792
vn -0.004981 -0.999835 -0.017444
vn -0.006390 -0.999835 -0.016978
vn -0.007756 -0.999835 -0.016399
vn -0.009070 -0.999835 -0.015710
vn -0.010324 -0.999835 -0.014917
vn -0.011508 -0.999835 -0.014023
vn -0.012616 -0.999835 -0.013036
vn -0.013639 -0.999835 -0.011961
vn -0.014571 -0.999835 -0.010806
vn -0.016137 -0.999835 -0.008289
vn -0.016760 -0.999835 -0.006942
vn -0.017271 -0.999835 -0.005549
vn -0.017667 -0.999835 -0.004119
vn -0.018102 -0.999835 -0.001186
vn -0.018053 -0.999835 0.001778
vn -0.017523 -0.999835 0.004695
vn -0.017080 -0.999835 0.006111
vn -0.015857 -0.999835 0.008812
vn -0.171341 -0.978537 0.114487
vn -0.015084 -0.999835 0.010078
vn -0.161412 -0.978537 0.128106
vn -0.014209 -0.999835 0.011277
vn -0.150403 -0.978537 0.140868
vn -0.013240 -0.999835 0.012401
vn -0.138388 -0.978537 0.152688
vn -0.012183 -0.999835 0.013441
vn -0.125448 -0.978537 0.163487
vn -0.011043 -0.999835 0.014392
vn -0.111668 -0.978537 0.173192
vn -0.009830 -0.999835 0.015246
vn -0.097141 -0.978537 0.181738
vn -0.008552 -0.999835 0.015999
vn -0.081964 -0.978537 0.189069
vn -0.007215 -0.999835 0.016644
vn -0.066239 -0.978537 0.195134
vn -0.005831 -0.999835 0.017178
vn 0.015710 -0.999835 -0.009070
vn -0.015710 -0.999835 -0.009070
vn 0.238365 -0.570726 0.785783
vn 0.351083 -0.570726 0.742302
vn 0.456201 -0.570726 0.682754
vn 0.551444 -0.570726 0.608425
vn 0.634750 -0.570726 0.520926
vn 0.704316 -0.570726 0.422151
vn 0.758635 -0.570726 0.314237
vn 0.796532 -0.570726 0.199521
vn 0.817187 -0.570726 0.080486
vn 0.820152 -0.570726 -0.040291
vn 0.805363 -0.570726 -0.160197
vn 0.773140 -0.570726 -0.276634
vn 0.724182 -0.570726 -0.387083
vn 0.659546 -0.570726 -0.489153
vn 0.580634 -0.570726 -0.580634
vn 0.531242 -0.570726 -0.626142
vn 0.478296 -0.570726 -0.667462
vn 0.422151 -0.570726 -0.704316
vn 0.363181 -0.570726 -0.736459
vn 0.301782 -0.570726 -0.763675
vn 0.238365 -0.570726 -0.785783
vn 0.107180 -0.570726 -0.814116
vn -0.026867 -0.570726 -0.820701
vn -0.160197 -0.570726 -0.805363
vn -0.225476 -0.570726 -0.789578
vn -0.289247 -0.570726 -0.768511
vn -0.351083 -0.570726 -0.742302
vn -0.410570 -0.570726 -0.711129
vn -0.467311 -0.570726 -0.675198
vn -0.520926 -0.570726 -0.634750
vn -0.571056 -0.570726 -0.590057
vn -0.617366 -0.570726 -0.541416
vn -0.659546 -0.570726 -0.489153
vn -0.697315 -0.570726 -0.433618
vn -0.730418 -0.570726 -0.375182
vn -0.758635 -0.570726 -0.314237
vn -0.781778 -0.570726 -0.251189
vn -0.799690 -0.570726 -0.186462
vn -0.819383 -0.570726 -0.053705
vn -0.817187 -0.570726 0.080486
vn -0.793161 -0.570726 0.212527
vn -0.773140 -0.570726 0.276634
vn -0.747947 -0.570726 0.338891
vn -0.717751 -0.570726 0.398880
vn -0.682754 -0.570726 0.456201
vn -0.643189 -0.570726 0.510471
vn -0.599321 -0.570726 0.561326
vn -0.551444 -0.570726 0.608425
vn -0.499879 -0.570726 0.651455
vn -0.444969 -0.570726 0.690126
vn 0.243175 -0.546112 0.801641
vn 0.358168 -0.546112 0.757283
vn 0.465408 -0.546112 0.696532
vn 0.562573 -0.546112 0.620704
vn 0.647561 -0.546112 0.531439
vn 0.718530 -0.546112 0.430670
vn 0.773945 -0.546112 0.320579
vn 0.812607 -0.546112 0.203548
vn 0.833679 -0.546112 0.082110
vn 0.836703 -0.546112 -0.041105
vn 0.821616 -0.546112 -0.163430
vn 0.788743 -0.546112 -0.282217
vn 0.738796 -0.546112 -0.394895
vn 0.672857 -0.546112 -0.499025
vn 0.592352 -0.546112 -0.592352
vn 0.541963 -0.546112 -0.638779
vn 0.487949 -0.546112 -0.680932
vn 0.430670 -0.546112 -0.718530
vn 0.370511 -0.546112 -0.751321
vn 0.307873 -0.546112 -0.779087
vn 0.243175 -0.546112 -0.801641
vn 0.109343 -0.546112 -0.830546
vn -0.027409 -0.546112 -0.837264
vn -0.163430 -0.546112 -0.821616
vn -0.230026 -0.546112 -0.805512
vn -0.295084 -0.546112 -0.784020
vn -0.358168 -0.546112 -0.757283
vn -0.418856 -0.546112 -0.725480
vn -0.476742 -0.546112 -0.688824
vn -0.531439 -0.546112 -0.647561
vn -0.582581 -0.546112 -0.601965
vn -0.629826 -0.546112 -0.552342
vn -0.672857 -0.546112 -0.499025
vn -0.711387 -0.546112 -0.442369
vn -0.745159 -0.546112 -0.382754
vn -0.773945 -0.546112 -0.320579
vn -0.797555 -0.546112 -0.256259
vn -0.815829 -0.546112 -0.190225
vn -0.835919 -0.546112 -0.054789
vn -0.833679 -0.546112 0.082110
vn -0.809168 -0.546112 0.216816
vn -0.788743 -0.546112 0.282217
vn -0.763042 -0.546112 0.345730
vn -0.732236 -0.546112 0.406930
vn -0.696532 -0.546112 0.465408
vn -0.656169 -0.546112 0.520773
vn -0.611416 -0.546112 0.572654
vn -0.562573 -0.546112 0.620704
vn -0.509967 -0.546112 0.664602
vn -0.453949 -0.546112 0.704054
vn -0.394895 -0.546112 0.738796
vn 0.247589 -0.522043 0.816193
vn 0.364670 -0.522043 0.771030
vn 0.473856 -0.522043 0.709176
vn 0.572785 -0.522043 0.631971
vn 0.659315 -0.522043 0.541086
vn 0.731573 -0.522043 0.438488
vn 0.787994 -0.522043 0.326398
vn 0.827358 -0.522043 0.207242
vn 0.848812 -0.522043 0.083601
vn 0.851892 -0.522043 -0.041851
vn 0.836530 -0.522043 -0.166396
vn 0.803061 -0.522043 -0.287340
vn 0.752207 -0.522043 -0.402063
vn 0.685071 -0.522043 -0.508083
vn 0.603105 -0.522043 -0.603105
vn 0.551801 -0.522043 -0.650374
vn 0.496806 -0.522043 -0.693292
vn 0.438488 -0.522043 -0.731573
vn 0.377236 -0.522043 -0.764960
vn 0.313461 -0.522043 -0.793229
vn 0.247589 -0.522043 -0.816193
vn 0.111328 -0.522043 -0.845622
vn -0.027907 -0.522043 -0.852462
vn -0.166396 -0.522043 -0.836530
vn -0.234202 -0.522043 -0.820134
vn -0.300441 -0.522043 -0.798252
vn -0.364670 -0.522043 -0.771030
vn -0.426460 -0.522043 -0.738650
vn -0.485396 -0.522043 -0.701328
vn -0.541086 -0.522043 -0.659315
vn -0.593156 -0.522043 -0.612892
vn -0.641259 -0.522043 -0.562369
vn -0.685071 -0.522043 -0.508083
vn -0.724301 -0.522043 -0.450399
vn -0.758685 -0.522043 -0.389702
vn -0.787994 -0.522043 -0.326398
vn -0.812032 -0.522043 -0.260911
vn -0.830638 -0.522043 -0.193678
vn -0.851093 -0.522043 -0.055784
vn -0.848812 -0.522043 0.083601
vn -0.823857 -0.522043 0.220752
vn -0.803061 -0.522043 0.287340
vn -0.776893 -0.522043 0.352006
vn -0.745528 -0.522043 0.414317
vn -0.709176 -0.522043 0.473856
vn -0.668080 -0.522043 0.530226
vn -0.622515 -0.522043 0.583049
vn -0.572785 -0.522043 0.631971
vn -0.519224 -0.522043 0.676666
vn -0.462190 -0.522043 0.716834
vn -0.402063 -0.522043 0.752207
vn -0.339247 -0.522043 0.782549
vn 0.272184 -0.347592 0.897271
vn 0.400895 -0.347592 0.847622
vn 0.520928 -0.347592 0.779624
vn 0.629685 -0.347592 0.694750
vn 0.724810 -0.347592 0.594836
vn 0.804246 -0.347592 0.482046
vn 0.866272 -0.347592 0.358822
vn 0.275818 -0.311747 0.909251
vn 0.406248 -0.311747 0.858939
vn 0.527883 -0.311747 0.790033
vn 0.638092 -0.311747 0.704026
vn 0.734487 -0.311747 0.602778
vn 0.814984 -0.311747 0.488482
vn 0.877838 -0.311747 0.363612
vn 0.921690 -0.311747 0.230871
vn 0.279124 -0.274627 0.920147
vn 0.411116 -0.274627 0.869232
vn 0.534209 -0.274627 0.799500
vn 0.645738 -0.274627 0.712462
vn 0.743289 -0.274627 0.610001
vn 0.824750 -0.274627 0.494336
vn 0.888357 -0.274627 0.367970
vn 0.932734 -0.274627 0.233638
vn 0.956921 -0.274627 0.094248
vn -0.305421 -0.311747 0.899740
vn -0.301396 -0.347592 0.887885
vn -0.250907 -0.625063 0.739149
vn -0.310472 -0.625063 0.716172
vn -0.367960 -0.625063 0.688405
vn -0.242285 -0.657160 0.713750
vn -0.299803 -0.657160 0.691563
vn -0.355316 -0.657160 0.664749
vn -0.408452 -0.657160 0.633489
vn -0.231211 -0.694700 0.681126
vn -0.286100 -0.694700 0.659953
vn -0.339075 -0.694700 0.634365
vn -0.389782 -0.694700 0.604534
vn -0.437882 -0.694700 0.570659
vn -0.210024 -0.757025 0.618710
vn -0.259883 -0.757025 0.599478
vn -0.308004 -0.757025 0.576235
vn -0.354064 -0.757025 0.549137
vn -0.397756 -0.757025 0.518366
vn -0.438787 -0.757025 0.484127
vn -0.175244 -0.838315 0.516253
vn -0.216847 -0.838315 0.500206
vn -0.256999 -0.838315 0.480811
vn -0.295432 -0.838315 0.458201
vn -0.331888 -0.838315 0.432525
vn -0.366125 -0.838315 0.403956
vn -0.397912 -0.838315 0.372685
vn -0.113527 -0.935554 0.334441
vn -0.140479 -0.935554 0.324045
vn -0.166490 -0.935554 0.311481
vn -0.191388 -0.935554 0.296833
vn -0.215005 -0.935554 0.280200
vn -0.237184 -0.935554 0.261692
vn -0.257777 -0.935554 0.241434
vn -0.276645 -0.935554 0.219561
vn -0.372947 -0.347592 0.860285
vn -0.453272 -0.274627 0.848012
vn -0.514886 -0.311747 0.798565
vn -0.570803 -0.347592 0.743885
vn -0.701801 -0.274627 0.657309
vn -0.744252 -0.311747 0.590680
vn -0.779624 -0.347592 0.520928
vn -0.875842 -0.274627 0.396839
vn -0.894622 -0.311747 0.320101
vn -0.905697 -0.347592 0.242681
vn -0.888357 -0.274627 -0.367970
vn -0.845187 -0.311747 -0.434134
vn -0.796251 -0.347592 -0.495141
vn -0.722932 -0.274627 -0.633995
vn -0.660785 -0.311747 -0.682771
vn -0.594836 -0.347592 -0.724810
vn -0.480775 -0.274627 -0.832728
vn -0.406248 -0.311747 -0.858939
vn -0.330286 -0.347592 -0.877548
vn -0.411116 -0.274627 -0.869232
vn -0.334696 -0.311747 -0.889265
vn -0.257467 -0.347592 -0.901605
vn -0.031461 -0.274627 -0.961036
vn 0.124021 -0.311747 -0.942036
vn 0.272184 -0.347592 -0.897271
vn 0.125508 -0.274627 -0.953325
vn 0.275818 -0.311747 -0.909251
vn 0.344600 -0.347592 -0.872027
vn 0.279124 -0.274627 -0.920147
vn 0.349201 -0.311747 -0.883670
vn 0.414710 -0.347592 -0.840949
vn 0.353385 -0.274627 -0.894259
vn 0.420247 -0.311747 -0.852177
vn 0.482046 -0.347592 -0.804246
vn 0.622081 -0.274627 -0.733209
vn 0.671868 -0.311747 -0.671868
vn 0.753124 -0.347592 -0.558555
usemtl Steel_-_Satin
f 1/1/1 2/2/2 39/3/3
f 39/3/3 2/2/2 3/4/4
f 39/3/3 3/4/4 38/5/5
f 38/5/5 3/4/4 4/6/6
f 38/5/5 4/6/6 37/7/7
f 37/7/7 4/6/6 5/8/8
f 37/7/7 5/8/8 6/9/9
f 6/9/9 7/10/10 37/7/7
f 37/7/7 7/10/10 8/11/11
f 37/7/7 8/11/11 9/12/12
f 9/12/12 10/13/13 37/7/7
f 37/7/7 10/13/13 11/14/14
f 37/7/7 11/14/14 12/15/15
f 12/15/15 13/16/16 37/7/7
f 37/7/7 13/16/16 14/17/17
f 37/7/7 14/17/17 36/18/18
f 36/18/18 14/17/17 15/19/19
f 36/18/18 15/19/19 16/20/20
f 16/20/20 17/21/21 36/18/18
f 36/18/18 17/21/21 18/22/22
f 36/18/18 18/22/22 19/23/23
f 19/23/23 20/24/24 36/18/18
f 36/18/18 20/24/24 21/25/25
f 36/18/18 21/25/25 22/26/26
f 22/26/26 23/27/27 36/18/18
f 36/18/18 23/27/27 24/28/28
f 36/18/18 24/28/28 25/29/29
f 36/18/18 25/29/29 35/30/30
f 35/30/30 25/29/29 26/31/31
f 35/30/30 26/31/31 34/32/32
f 34/32/32 26/31/31 27/33/33
f 34/32/32 27/33/33 33/34/34
f 33/34/34 27/33/33 28/35/35
f 33/34/34 28/35/35 32/36/36
f 32/36/36 28/35/35 29/37/37
f 32/36/36 29/37/37 31/38/38
f 31/38/38 29/37/37 30/39/39
f 2/40/40 1/41/41 93/42/42
f 93/42/42 1/41/41 40/43/43
f 93/42/42 40/43/43 92/44/44
f 92/44/44 40/43/43 41/45/45
f 92/44/44 41/45/45 91/46/46
f 91/46/46 41/45/45 42/47/47
f 91/46/46 42/47/47 90/48/48
f 90/48/48 42/47/47 43/49/49
f 90/48/48 43/49/49 89/50/50
f 89/50/50 43/49/49 88/51/51
f 89/50/50 88/51/51 1141/52/52
f 1141/52/52 88/51/51 1142/53/53
f 1141/52/52 1142/53/53 1121/54/54
f 1121/54/54 1142/53/53 1122/55/55
f 1121/54/54 1122/55/55 1101/56/56
f 1101/56/56 1122/55/55 1102/57/57
f 1101/56/56 1102/57/57 1081/58/58
f 1081/58/58 1102/57/57 1082/59/59
f 1081/58/58 1082/59/59 1061/60/60
f 1061/60/60 1082/59/59 1062/61/61
f 1061/60/60 1062/61/61 1041/62/62
f 1041/62/62 1062/61/61 1042/63/63
f 1041/62/62 1042/63/63 1021/64/64
f 1021/64/64 1042/63/63 1022/65/65
f 1021/64/64 1022/65/65 1001/66/66
f 1001/66/66 1022/65/65 1002/67/67
f 1001/66/66 1002/67/67 962/68/68
f 962/68/68 1002/67/67 963/69/69
f 962/68/68 963/69/69 993/70/70
f 993/70/70 963/69/69 992/71/71
f 993/70/70 992/71/71 942/72/72
f 942/72/72 992/71/71 943/73/73
f 942/72/72 943/73/73 922/74/74
f 922/74/74 943/73/73 923/75/75
f 922/74/74 923/75/75 902/76/76
f 902/76/76 923/75/75 903/77/77
f 902/76/76 903/77/77 882/78/78
f 882/78/78 903/77/77 883/79/79
f 882/78/78 883/79/79 842/80/80
f 842/80/80 883/79/79 843/81/81
f 842/80/80 843/81/81 873/82/82
f 873/82/82 843/81/81 872/83/83
f 873/82/82 872/83/83 802/84/84
f 802/84/84 872/83/83 803/85/85
f 802/84/84 803/85/85 833/86/86
f 833/86/86 803/85/85 832/87/87
f 833/86/86 832/87/87 763/88/88
f 763/88/88 832/87/87 764/89/89
f 763/88/88 764/89/89 794/90/90
f 794/90/90 764/89/89 793/91/91
f 794/90/90 793/91/91 744/92/92
f 744/92/92 793/91/91 745/93/93
f 744/92/92 745/93/93 725/94/94
f 725/94/94 745/93/93 726/95/95
f 725/94/94 726/95/95 705/96/96
f 705/96/96 726/95/95 706/97/97
f 705/96/96 706/97/97 665/98/98
f 665/98/98 706/97/97 666/99/99
f 665/98/98 666/99/99 696/100/100
f 696/100/100 666/99/99 695/101/101
f 696/100/100 695/101/101 625/102/102
f 625/102/102 695/101/101 626/103/103
f 625/102/102 626/103/103 656/104/104
f 656/104/104 626/103/103 655/105/105
f 656/104/104 655/105/105 587/106/106
f 587/106/106 655/105/105 588/107/107
f 587/106/106 588/107/107 618/108/108
f 618/108/108 588/107/107 617/109/109
f 618/108/108 617/109/109 549/110/110
f 549/110/110 617/109/109 550/111/111
f 549/110/110 550/111/111 580/112/112
f 580/112/112 550/111/111 579/113/113
f 580/112/112 579/113/113 510/114/114
f 510/114/114 579/113/113 511/115/115
f 510/114/114 511/115/115 541/116/116
f 541/116/116 511/115/115 540/117/117
f 541/116/116 540/117/117 471/118/118
f 471/118/118 540/117/117 472/119/119
f 471/118/118 472/119/119 502/120/120
f 502/120/120 472/119/119 501/121/121
f 502/120/120 501/121/121 432/122/122
f 432/122/122 501/121/121 433/123/123
f 432/122/122 433/123/123 463/124/124
f 463/124/124 433/123/123 462/125/125
f 463/124/124 462/125/125 412/126/126
f 412/126/126 462/125/125 413/127/127
f 412/126/126 413/127/127 392/128/128
f 392/128/128 413/127/127 393/129/129
f 392/128/128 393/129/129 372/130/130
f 372/130/130 393/129/129 373/131/131
f 372/130/130 373/131/131 333/132/132
f 333/132/132 373/131/131 334/133/133
f 333/132/132 334/133/133 364/134/134
f 364/134/134 334/133/133 363/135/135
f 364/134/134 363/135/135 294/136/136
f 294/136/136 363/135/135 295/137/137
f 294/136/136 295/137/137 325/138/138
f 325/138/138 295/137/137 324/139/139
f 325/138/138 324/139/139 255/140/140
f 255/140/140 324/139/139 256/141/141
f 255/140/140 256/141/141 286/142/142
f 286/142/142 256/141/141 285/143/143
f 286/142/142 285/143/143 216/144/144
f 216/144/144 285/143/143 217/145/145
f 216/144/144 217/145/145 247/146/146
f 247/146/146 217/145/145 246/147/147
f 247/146/146 246/147/147 177/148/148
f 177/148/148 246/147/147 178/149/149
f 177/148/148 178/149/149 208/150/150
f 208/150/150 178/149/149 207/151/151
f 208/150/150 207/151/151 138/152/152
f 138/152/152 207/151/151 139/153/153
f 138/152/152 139/153/153 169/154/154
f 169/154/154 139/153/153 168/155/155
f 169/154/154 168/155/155 118/156/156
f 118/156/156 168/155/155 119/157/157
f 118/156/156 119/157/157 98/158/158
f 98/158/158 119/157/157 99/159/159
f 98/158/158 99/159/159 43/160/49
f 43/160/49 99/159/159 44/161/160
f 44/161/160 99/159/159 100/162/161
f 44/161/160 100/162/161 45/163/162
f 45/163/162 100/162/161 101/164/163
f 45/163/162 101/164/163 46/165/164
f 46/165/164 101/164/163 102/166/165
f 46/165/164 102/166/165 103/167/166
f 103/167/166 102/166/165 123/168/167
f 103/167/166 123/168/167 124/169/168
f 124/169/168 123/168/167 163/170/169
f 124/169/168 163/170/169 162/171/170
f 162/171/170 163/170/169 145/172/171
f 162/171/170 145/172/171 146/173/172
f 146/173/172 145/172/171 200/174/173
f 146/173/172 200/174/173 199/175/174
f 199/175/174 200/174/173 186/176/175
f 199/175/174 186/176/175 187/177/176
f 187/177/176 186/176/175 237/178/177
f 187/177/176 237/178/177 236/179/178
f 236/179/178 237/178/177 227/180/179
f 236/179/178 227/180/179 228/181/180
f 228/181/180 227/180/179 274/182/181
f 228/181/180 274/182/181 273/183/182
f 273/183/182 274/182/181 268/184/183
f 273/183/182 268/184/183 269/185/184
f 269/185/184 268/184/183 311/186/185
f 269/185/184 311/186/185 310/187/186
f 310/187/186 311/186/185 309/188/187
f 310/187/186 309/188/187 56/189/188
f 43/49/49 44/190/160 88/51/51
f 88/51/51 44/190/160 87/191/189
f 88/51/51 87/191/189 1142/53/53
f 1142/53/53 87/191/189 1143/192/190
f 1142/53/53 1143/192/190 1122/55/55
f 1122/55/55 1143/192/190 1123/193/191
f 1122/55/55 1123/193/191 1102/57/57
f 1102/57/57 1123/193/191 1103/194/192
f 1102/57/57 1103/194/192 1082/59/59
f 1082/59/59 1103/194/192 1083/195/193
f 1082/59/59 1083/195/193 1062/61/61
f 1062/61/61 1083/195/193 1063/196/194
f 1062/61/61 1063/196/194 1042/63/63
f 1042/63/63 1063/196/194 1043/197/195
f 1042/63/63 1043/197/195 1022/65/65
f 1022/65/65 1043/197/195 1023/198/196
f 1022/65/65 1023/198/196 1002/67/67
f 1002/67/67 1023/198/196 1003/199/197
f 1002/67/67 1003/199/197 963/69/69
f 963/69/69 1003/199/197 964/200/198
f 963/69/69 964/200/198 992/71/71
f 992/71/71 964/200/198 991/201/199
f 992/71/71 991/201/199 943/73/73
f 943/73/73 991/201/199 944/202/200
f 943/73/73 944/202/200 923/75/75
f 923/75/75 944/202/200 924/203/201
f 923/75/75 924/203/201 903/77/77
f 903/77/77 924/203/201 904/204/202
f 903/77/77 904/204/202 883/79/79
f 883/79/79 904/204/202 884/205/203
f 883/79/79 884/205/203 843/81/81
f 843/81/81 884/205/203 844/206/204
f 843/81/81 844/206/204 872/83/83
f 872/83/83 844/206/204 871/207/205
f 872/83/83 871/207/205 803/85/85
f 803/85/85 871/207/205 804/208/206
f 803/85/85 804/208/206 832/87/87
f 832/87/87 804/208/206 831/209/207
f 832/87/87 831/209/207 764/89/89
f 764/89/89 831/209/207 765/210/208
f 764/89/89 765/210/208 793/91/91
f 793/91/91 765/210/208 792/211/209
f 793/91/91 792/211/209 745/93/93
f 745/93/93 792/211/209 746/212/210
f 745/93/93 746/212/210 726/95/95
f 726/95/95 746/212/210 727/213/211
f 726/95/95 727/213/211 706/97/97
f 706/97/97 727/213/211 707/214/212
f 706/97/97 707/214/212 666/99/99
f 666/99/99 707/214/212 667/215/213
f 666/99/99 667/215/213 695/101/101
f 695/101/101 667/215/213 694/216/214
f 695/101/101 694/216/214 626/103/103
f 626/103/103 694/216/214 627/217/215
f 626/103/103 627/217/215 655/105/105
f 655/105/105 627/217/215 654/218/216
f 655/105/105 654/218/216 588/107/107
f 588/107/107 654/218/216 589/219/217
f 588/107/107 589/219/217 617/109/109
f 617/109/109 589/219/217 616/220/218
f 617/109/109 616/220/218 550/111/111
f 550/111/111 616/220/218 551/221/219
f 550/111/111 551/221/219 579/113/113
f 579/113/113 551/221/219 578/222/220
f 579/113/113 578/222/220 511/115/115
f 511/115/115 578/222/220 512/223/221
f 511/115/115 512/223/221 540/117/117
f 540/117/117 512/223/221 539/224/222
f 540/117/117 539/224/222 472/119/119
f 472/119/119 539/224/222 473/225/223
f 472/119/119 473/225/223 501/121/121
f 501/121/121 473/225/223 500/226/224
f 501/121/121 500/226/224 433/123/123
f 433/123/123 500/226/224 434/227/225
f 433/123/123 434/227/225 462/125/125
f 462/125/125 434/227/225 461/228/226
f 462/125/125 461/228/226 413/127/127
f 413/127/127 461/228/226 414/229/227
f 413/127/127 414/229/227 393/129/129
f 393/129/129 414/229/227 394/230/228
f 393/129/129 394/230/228 373/131/131
f 373/131/131 394/230/228 374/231/229
f 373/131/131 374/231/229 334/133/133
f 334/133/133 374/231/229 335/232/230
f 334/133/133 335/232/230 363/135/135
f 363/135/135 335/232/230 362/233/231
f 363/135/135 362/233/231 295/137/137
f 295/137/137 362/233/231 296/234/232
f 295/137/137 296/234/232 324/139/139
f 324/139/139 296/234/232 323/235/233
f 324/139/139 323/235/233 256/141/141
f 256/141/141 323/235/233 257/236/234
f 256/141/141 257/236/234 285/143/143
f 285/143/143 257/236/234 284/237/235
f 285/143/143 284/237/235 217/145/145
f 217/145/145 284/237/235 218/238/236
f 217/145/145 218/238/236 246/147/147
f 246/147/147 218/238/236 245/239/237
f 246/147/147 245/239/237 178/149/149
f 178/149/149 245/239/237 179/240/238
f 178/149/149 179/240/238 207/151/151
f 207/151/151 179/240/238 206/241/239
f 207/151/151 206/241/239 139/153/153
f 139/153/153 206/241/239 140/242/240
f 139/153/153 140/242/240 168/155/155
f 168/155/155 140/242/240 167/243/241
f 168/155/155 167/243/241 119/157/157
f 119/157/157 167/243/241 120/244/242
f 119/157/157 120/244/242 99/159/159
f 99/159/159 120/244/242 100/162/161
f 44/190/160 45/245/162 87/191/189
f 87/191/189 45/245/162 86/246/243
f 87/191/189 86/246/243 1143/192/190
f 1143/192/190 86/246/243 1144/247/244
f 1143/192/190 1144/247/244 1123/193/191
f 1123/193/191 1144/247/244 1124/248/245
f 1123/193/191 1124/248/245 1103/194/192
f 1103/194/192 1124/248/245 1104/249/246
f 1103/194/192 1104/249/246 1083/195/193
f 1083/195/193 1104/249/246 1084/250/247
f 1083/195/193 1084/250/247 1063/196/194
f 1063/196/194 1084/250/247 1064/251/248
f 1063/196/194 1064/251/248 1043/197/195
f 1043/197/195 1064/251/248 1044/252/249
f 1043/197/195 1044/252/249 1023/198/196
f 1023/198/196 1044/252/249 1024/253/250
f 1023/198/196 1024/253/250 1003/199/197
f 1003/199/197 1024/253/250 1004/254/251
f 1003/199/197 1004/254/251 964/200/198
f 964/200/198 1004/254/251 965/255/252
f 964/200/198 965/255/252 991/201/199
f 991/201/199 965/255/252 990/256/253
f 991/201/199 990/256/253 944/202/200
f 944/202/200 990/256/253 945/257/254
f 944/202/200 945/257/254 924/203/201
f 924/203/201 945/257/254 925/258/255
f 924/203/201 925/258/255 904/204/202
f 904/204/202 925/258/255 905/259/256
f 904/204/202 905/259/256 884/205/203
f 884/205/203 905/259/256 885/260/257
f 884/205/203 885/260/257 844/206/204
f 844/206/204 885/260/257 845/261/258
f 844/206/204 845/261/258 871/207/205
f 871/207/205 845/261/258 870/262/259
f 871/207/205 870/262/259 804/208/206
f 804/208/206 870/262/259 805/263/260
f 804/208/206 805/263/260 831/209/207
f 831/209/207 805/263/260 830/264/261
f 831/209/207 830/264/261 765/210/208
f 765/210/208 830/264/261 766/265/262
f 765/210/208 766/265/262 792/211/209
f 792/211/209 766/265/262 791/266/263
f 792/211/209 791/266/263 746/212/210
f 746/212/210 791/266/263 747/267/264
f 746/212/210 747/267/264 727/213/211
f 727/213/211 747/267/264 728/268/265
f 727/213/211 728/268/265 707/214/212
f 707/214/212 728/268/265 708/269/266
f 707/214/212 708/269/266 667/215/213
f 667/215/213 708/269/266 668/270/267
f 667/215/213 668/270/267 694/216/214
f 694/216/214 668/270/267 693/271/268
f 694/216/214 693/271/268 627/217/215
f 627/217/215 693/271/268 628/272/269
f 627/217/215 628/272/269 654/218/216
f 654/218/216 628/272/269 653/273/270
f 654/218/216 653/273/270 589/219/217
f 589/219/217 653/273/270 590/274/271
f 589/219/217 590/274/271 616/220/218
f 616/220/218 590/274/271 615/275/272
f 616/220/218 615/275/272 551/221/219
f 551/221/219 615/275/272 552/276/273
f 551/221/219 552/276/273 578/222/220
f 578/222/220 552/276/273 577/277/274
f 578/222/220 577/277/274 512/223/221
f 512/223/221 577/277/274 513/278/275
f 512/223/221 513/278/275 539/224/222
f 539/224/222 513/278/275 538/279/276
f 539/224/222 538/279/276 473/225/223
f 473/225/223 538/279/276 474/280/277
f 473/225/223 474/280/277 500/226/224
f 500/226/224 474/280/277 499/281/278
f 500/226/224 499/281/278 434/227/225
f 434/227/225 499/281/278 435/282/279
f 434/227/225 435/282/279 461/228/226
f 461/228/226 435/282/279 460/283/280
f 461/228/226 460/283/280 414/229/227
f 414/229/227 460/283/280 415/284/281
f 414/229/227 415/284/281 394/230/228
f 394/230/228 415/284/281 395/285/282
f 394/230/228 395/285/282 374/231/229
f 374/231/229 395/285/282 375/286/283
f 374/231/229 375/286/283 335/232/230
f 335/232/230 375/286/283 336/287/284
f 335/232/230 336/287/284 362/233/231
f 362/233/231 336/287/284 361/288/285
f 362/233/231 361/288/285 296/234/232
f 296/234/232 361/288/285 297/289/286
f 296/234/232 297/289/286 323/235/233
f 323/235/233 297/289/286 322/290/287
f 323/235/233 322/290/287 257/236/234
f 257/236/234 322/290/287 258/291/288
f 257/236/234 258/291/288 284/237/235
f 284/237/235 258/291/288 283/292/289
f 284/237/235 283/292/289 218/238/236
f 218/238/236 283/292/289 219/293/290
f 218/238/236 219/293/290 245/239/237
f 245/239/237 219/293/290 244/294/291
f 245/239/237 244/294/291 179/240/238
f 179/240/238 244/294/291 180/295/292
f 179/240/238 180/295/292 206/241/239
f 206/241/239 180/295/292 205/296/293
f 206/241/239 205/296/293 140/242/240
f 140/242/240 205/296/293 141/297/294
f 140/242/240 141/297/294 167/243/241
f 167/243/241 141/297/294 166/298/295
f 167/243/241 166/298/295 120/244/242
f 120/244/242 166/298/295 121/299/296
f 120/244/242 121/299/296 100/162/161
f 100/162/161 121/299/296 101/164/163
f 45/245/162 46/300/164 86/246/243
f 86/246/243 46/300/164 85/301/297
f 86/246/243 85/301/297 1144/247/244
f 1144/247/244 85/301/297 1145/302/298
f 1144/247/244 1145/302/298 1124/248/245
f 1124/248/245 1145/302/298 1125/303/299
f 1124/248/245 1125/303/299 1104/249/246
f 1104/249/246 1125/303/299 1105/304/300
f 1104/249/246 1105/304/300 1084/250/247
f 1084/250/247 1105/304/300 1085/305/301
f 1084/250/247 1085/305/301 1064/251/248
f 1064/251/248 1085/305/301 1065/306/302
f 1064/251/248 1065/306/302 1044/252/249
f 1044/252/249 1065/306/302 1045/307/303
f 1044/252/249 1045/307/303 1024/253/250
f 1024/253/250 1045/307/303 1025/308/304
f 1024/253/250 1025/308/304 1004/254/251
f 1004/254/251 1025/308/304 1005/309/305
f 1004/254/251 1005/309/305 965/255/252
f 965/255/252 1005/309/305 966/310/306
f 965/255/252 966/310/306 990/256/253
f 990/256/253 966/310/306 989/311/307
f 990/256/253 989/311/307 945/257/254
f 945/257/254 989/311/307 946/312/308
f 945/257/254 946/312/308 925/258/255
f 925/258/255 946/312/308 926/313/309
f 925/258/255 926/313/309 905/259/256
f 905/259/256 926/313/309 906/314/310
f 905/259/256 906/314/310 885/260/257
f 885/260/257 906/314/310 886/315/311
f 885/260/257 886/315/311 845/261/258
f 845/261/258 886/315/311 846/316/312
f 845/261/258 846/316/312 870/262/259
f 870/262/259 846/316/312 869/317/313
f 870/262/259 869/317/313 805/263/260
f 805/263/260 869/317/313 806/318/314
f 805/263/260 806/318/314 830/264/261
f 830/264/261 806/318/314 829/319/315
f 830/264/261 829/319/315 766/265/262
f 766/265/262 829/319/315 767/320/316
f 766/265/262 767/320/316 791/266/263
f 791/266/263 767/320/316 790/321/317
f 791/266/263 790/321/317 747/267/264
f 747/267/264 790/321/317 748/322/318
f 747/267/264 748/322/318 728/268/265
f 728/268/265 748/322/318 729/323/319
f 728/268/265 729/323/319 708/269/266
f 708/269/266 729/323/319 709/324/320
f 708/269/266 709/324/320 668/270/267
f 668/270/267 709/324/320 669/325/321
f 668/270/267 669/325/321 693/271/268
f 693/271/268 669/325/321 692/326/322
f 693/271/268 692/326/322 628/272/269
f 628/272/269 692/326/322 629/327/323
f 628/272/269 629/327/323 653/273/270
f 653/273/270 629/327/323 652/328/324
f 653/273/270 652/328/324 590/274/271
f 590/274/271 652/328/324 591/329/325
f 590/274/271 591/329/325 615/275/272
f 615/275/272 591/329/325 614/330/326
f 615/275/272 614/330/326 552/276/273
f 552/276/273 614/330/326 553/331/327
f 552/276/273 553/331/327 577/277/274
f 577/277/274 553/331/327 576/332/328
f 577/277/274 576/332/328 513/278/275
f 513/278/275 576/332/328 514/333/329
f 513/278/275 514/333/329 538/279/276
f 538/279/276 514/333/329 537/334/330
f 538/279/276 537/334/330 474/280/277
f 474/280/277 537/334/330 475/335/331
f 474/280/277 475/335/331 499/281/278
f 499/281/278 475/335/331 498/336/332
f 499/281/278 498/336/332 435/282/279
f 435/282/279 498/336/332 436/337/333
f 435/282/279 436/337/333 460/283/280
f 460/283/280 436/337/333 459/338/334
f 460/283/280 459/338/334 415/284/281
f 415/284/281 459/338/334 416/339/335
f 415/284/281 416/339/335 395/285/282
f 395/285/282 416/339/335 396/340/336
f 395/285/282 396/340/336 375/286/283
f 375/286/283 396/340/336 376/341/337
f 375/286/283 376/341/337 336/287/284
f 336/287/284 376/341/337 337/342/338
f 336/287/284 337/342/338 361/288/285
f 361/288/285 337/342/338 360/343/339
f 361/288/285 360/343/339 297/289/286
f 297/289/286 360/343/339 298/344/340
f 297/289/286 298/344/340 322/290/287
f 322/290/287 298/344/340 321/345/341
f 322/290/287 321/345/341 258/291/288
f 258/291/288 321/345/341 259/346/342
f 258/291/288 259/346/342 283/292/289
f 283/292/289 259/346/342 282/347/343
f 283/292/289 282/347/343 219/293/290
f 219/293/290 282/347/343 220/348/344
f 219/293/290 220/348/344 244/294/291
f 244/294/291 220/348/344 243/349/345
f 244/294/291 243/349/345 180/295/292
f 180/295/292 243/349/345 181/350/346
f 180/295/292 181/350/346 205/296/293
f 205/296/293 181/350/346 204/351/347
f 205/296/293 204/351/347 141/297/294
f 141/297/294 204/351/347 142/352/348
f 141/297/294 142/352/348 166/298/295
f 166/298/295 142/352/348 165/353/349
f 166/298/295 165/353/349 121/299/296
f 121/299/296 165/353/349 122/354/350
f 121/299/296 122/354/350 101/164/163
f 101/164/163 122/354/350 102/166/165
f 85/301/297 46/300/164 84/355/351
f 84/355/351 46/300/164 47/356/352
f 84/355/351 47/356/352 83/357/353
f 83/357/353 47/356/352 48/358/354
f 83/357/353 48/358/354 82/359/355
f 82/359/355 48/358/354 49/360/356
f 82/359/355 49/360/356 81/361/357
f 81/361/357 49/360/356 80/362/358
f 81/361/357 80/362/358 1149/363/359
f 1149/363/359 80/362/358 1150/364/360
f 1149/363/359 1150/364/360 1129/365/361
f 1129/365/361 1150/364/360 1130/366/362
f 1129/365/361 1130/366/362 1109/367/363
f 1109/367/363 1130/366/362 1110/368/364
f 1109/367/363 1110/368/364 1089/369/365
f 1089/369/365 1110/368/364 1090/370/366
f 1089/369/365 1090/370/366 1069/371/367
f 1069/371/367 1090/370/366 1070/372/368
f 1069/371/367 1070/372/368 1049/373/369
f 1049/373/369 1070/372/368 1050/374/370
f 1049/373/369 1050/374/370 1029/375/371
f 1029/375/371 1050/374/370 1030/376/372
f 1029/375/371 1030/376/372 1009/377/373
f 1009/377/373 1030/376/372 1010/378/374
f 1009/377/373 1010/378/374 970/379/375
f 970/379/375 1010/378/374 971/380/376
f 970/379/375 971/380/376 985/381/377
f 985/381/377 971/380/376 984/382/378
f 985/381/377 984/382/378 950/383/379
f 950/383/379 984/382/378 951/384/380
f 950/383/379 951/384/380 930/385/381
f 930/385/381 951/384/380 931/386/382
f 930/385/381 931/386/382 910/387/383
f 910/387/383 931/386/382 911/388/384
f 910/387/383 911/388/384 890/389/385
f 890/389/385 911/388/384 891/390/386
f 890/389/385 891/390/386 850/391/387
f 850/391/387 891/390/386 851/392/388
f 850/391/387 851/392/388 865/393/389
f 865/393/389 851/392/388 864/394/390
f 865/393/389 864/394/390 810/395/391
f 810/395/391 864/394/390 811/396/392
f 810/395/391 811/396/392 825/397/393
f 825/397/393 811/396/392 824/398/394
f 825/397/393 824/398/394 771/399/395
f 771/399/395 824/398/394 772/400/396
f 771/399/395 772/400/396 786/401/397
f 786/401/397 772/400/396 785/402/398
f 786/401/397 785/402/398 752/403/399
f 752/403/399 785/402/398 753/404/400
f 752/403/399 753/404/400 733/405/401
f 733/405/401 753/404/400 734/406/402
f 733/405/401 734/406/402 713/407/403
f 713/407/403 734/406/402 714/408/404
f 713/407/403 714/408/404 673/409/405
f 673/409/405 714/408/404 674/410/406
f 673/409/405 674/410/406 688/411/407
f 688/411/407 674/410/406 687/412/408
f 688/411/407 687/412/408 633/413/409
f 633/413/409 687/412/408 634/414/410
f 633/413/409 634/414/410 648/415/411
f 648/415/411 634/414/410 647/416/412
f 648/415/411 647/416/412 595/417/413
f 595/417/413 647/416/412 596/418/414
f 595/417/413 596/418/414 610/419/415
f 610/419/415 596/418/414 609/420/416
f 610/419/415 609/420/416 557/421/417
f 557/421/417 609/420/416 558/422/418
f 557/421/417 558/422/418 572/423/419
f 572/423/419 558/422/418 571/424/420
f 572/423/419 571/424/420 518/425/421
f 518/425/421 571/424/420 519/426/422
f 518/425/421 519/426/422 533/427/423
f 533/427/423 519/426/422 532/428/424
f 533/427/423 532/428/424 479/429/425
f 479/429/425 532/428/424 480/430/426
f 479/429/425 480/430/426 494/431/427
f 494/431/427 480/430/426 493/432/428
f 494/431/427 493/432/428 440/433/429
f 440/433/429 493/432/428 441/434/430
f 440/433/429 441/434/430 455/435/431
f 455/435/431 441/434/430 454/436/432
f 455/435/431 454/436/432 420/437/433
f 420/437/433 454/436/432 421/438/434
f 420/437/433 421/438/434 400/439/435
f 400/439/435 421/438/434 401/440/436
f 400/439/435 401/440/436 380/441/437
f 380/441/437 401/440/436 381/442/438
f 380/441/437 381/442/438 341/443/439
f 341/443/439 381/442/438 342/444/440
f 341/443/439 342/444/440 356/445/441
f 356/445/441 342/444/440 355/446/442
f 356/445/441 355/446/442 302/447/443
f 302/447/443 355/446/442 303/448/444
f 302/447/443 303/448/444 317/449/445
f 317/449/445 303/448/444 316/450/446
f 317/449/445 316/450/446 263/451/447
f 263/451/447 316/450/446 264/452/448
f 263/451/447 264/452/448 278/453/449
f 278/453/449 264/452/448 277/454/450
f 278/453/449 277/454/450 224/455/451
f 224/455/451 277/454/450 225/456/452
f 224/455/451 225/456/452 239/457/453
f 239/457/453 225/456/452 238/458/454
f 239/457/453 238/458/454 185/459/455
f 185/459/455 238/458/454 186/176/175
f 185/459/455 186/176/175 200/174/173
f 49/360/356 50/460/456 80/362/358
f 80/362/358 50/460/456 79/461/457
f 80/362/358 79/461/457 1150/364/360
f 1150/364/360 79/461/457 1151/462/458
f 1150/364/360 1151/462/458 1130/366/362
f 1130/366/362 1151/462/458 1131/463/459
f 1130/366/362 1131/463/459 1110/368/364
f 1110/368/364 1131/463/459 1111/464/460
f 1110/368/364 1111/464/460 1090/370/366
f 1090/370/366 1111/464/460 1091/465/461
f 1090/370/366 1091/465/461 1070/372/368
f 1070/372/368 1091/465/461 1071/466/462
f 1070/372/368 1071/466/462 1050/374/370
f 1050/374/370 1071/466/462 1051/467/463
f 1050/374/370 1051/467/463 1030/376/372
f 1030/376/372 1051/467/463 1031/468/464
f 1030/376/372 1031/468/464 1010/378/374
f 1010/378/374 1031/468/464 1011/469/465
f 1010/378/374 1011/469/465 971/380/376
f 971/380/376 1011/469/465 972/470/466
f 971/380/376 972/470/466 984/382/378
f 984/382/378 972/470/466 983/471/467
f 984/382/378 983/471/467 951/384/380
f 951/384/380 983/471/467 952/472/468
f 951/384/380 952/472/468 931/386/382
f 931/386/382 952/472/468 932/473/469
f 931/386/382 932/473/469 911/388/384
f 911/388/384 932/473/469 912/474/470
f 911/388/384 912/474/470 891/390/386
f 891/390/386 912/474/470 892/475/471
f 891/390/386 892/475/471 851/392/388
f 851/392/388 892/475/471 852/476/472
f 851/392/388 852/476/472 864/394/390
f 864/394/390 852/476/472 863/477/473
f 864/394/390 863/477/473 811/396/392
f 811/396/392 863/477/473 812/478/474
f 811/396/392 812/478/474 824/398/394
f 824/398/394 812/478/474 823/479/475
f 824/398/394 823/479/475 772/400/396
f 772/400/396 823/479/475 773/480/476
f 772/400/396 773/480/476 785/402/398
f 785/402/398 773/480/476 784/481/477
f 785/402/398 784/481/477 753/404/400
f 753/404/400 784/481/477 754/482/478
f 753/404/400 754/482/478 734/406/402
f 734/406/402 754/482/478 735/483/479
f 734/406/402 735/483/479 714/408/404
f 714/408/404 735/483/479 715/484/480
f 714/408/404 715/484/480 674/410/406
f 674/410/406 715/484/480 675/485/481
f 674/410/406 675/485/481 687/412/408
f 687/412/408 675/485/481 686/486/482
f 687/412/408 686/486/482 634/414/410
f 634/414/410 686/486/482 635/487/483
f 634/414/410 635/487/483 647/416/412
f 647/416/412 635/487/483 646/488/484
f 647/416/412 646/488/484 596/418/414
f 596/418/414 646/488/484 597/489/485
f 596/418/414 597/489/485 609/420/416
f 609/420/416 597/489/485 608/490/486
f 609/420/416 608/490/486 558/422/418
f 558/422/418 608/490/486 559/491/487
f 558/422/418 559/491/487 571/424/420
f 571/424/420 559/491/487 570/492/488
f 571/424/420 570/492/488 519/426/422
f 519/426/422 570/492/488 520/493/489
f 519/426/422 520/493/489 532/428/424
f 532/428/424 520/493/489 531/494/490
f 532/428/424 531/494/490 480/430/426
f 480/430/426 531/494/490 481/495/491
f 480/430/426 481/495/491 493/432/428
f 493/432/428 481/495/491 492/496/492
f 493/432/428 492/496/492 441/434/430
f 441/434/430 492/496/492 442/497/493
f 441/434/430 442/497/493 454/436/432
f 454/436/432 442/497/493 453/498/494
f 454/436/432 453/498/494 421/438/434
f 421/438/434 453/498/494 422/499/495
f 421/438/434 422/499/495 401/440/436
f 401/440/436 422/499/495 402/500/496
f 401/440/436 402/500/496 381/442/438
f 381/442/438 402/500/496 382/501/497
f 381/442/438 382/501/497 342/444/440
f 342/444/440 382/501/497 343/502/498
f 342/444/440 343/502/498 355/446/442
f 355/446/442 343/502/498 354/503/499
f 355/446/442 354/503/499 303/448/444
f 303/448/444 354/503/499 304/504/500
f 303/448/444 304/504/500 316/450/446
f 316/450/446 304/504/500 315/505/501
f 316/450/446 315/505/501 264/452/448
f 264/452/448 315/505/501 265/506/502
f 264/452/448 265/506/502 277/454/450
f 277/454/450 265/506/502 276/507/503
f 277/454/450 276/507/503 225/456/452
f 225/456/452 276/507/503 226/508/504
f 225/456/452 226/508/504 238/458/454
f 238/458/454 226/508/504 237/178/177
f 238/458/454 237/178/177 186/176/175
f 50/460/456 51/509/505 79/461/457
f 79/461/457 51/509/505 78/510/506
f 79/461/457 78/510/506 1151/462/458
f 1151/462/458 78/510/506 1152/511/507
f 1151/462/458 1152/511/507 1131/463/459
f 1131/463/459 1152/511/507 1132/512/508
f 1131/463/459 1132/512/508 1111/464/460
f 1111/464/460 1132/512/508 1112/513/509
f 1111/464/460 1112/513/509 1091/465/461
f 1091/465/461 1112/513/509 1092/514/510
f 1091/465/461 1092/514/510 1071/466/462
f 1071/466/462 1092/514/510 1072/515/511
f 1071/466/462 1072/515/511 1051/467/463
f 1051/467/463 1072/515/511 1052/516/512
f 1051/467/463 1052/516/512 1031/468/464
f 1031/468/464 1052/516/512 1032/517/513
f 1031/468/464 1032/517/513 1011/469/465
f 1011/469/465 1032/517/513 1012/518/514
f 1011/469/465 1012/518/514 972/470/466
f 972/470/466 1012/518/514 973/519/515
f 972/470/466 973/519/515 983/471/467
f 983/471/467 973/519/515 982/520/516
f 983/471/467 982/520/516 952/472/468
f 952/472/468 982/520/516 953/521/517
f 952/472/468 953/521/517 932/473/469
f 932/473/469 953/521/517 933/522/518
f 932/473/469 933/522/518 912/474/470
f 912/474/470 933/522/518 913/523/519
f 912/474/470 913/523/519 892/475/471
f 892/475/471 913/523/519 893/524/520
f 892/475/471 893/524/520 852/476/472
f 852/476/472 893/524/520 853/525/521
f 852/476/472 853/525/521 863/477/473
f 863/477/473 853/525/521 862/526/522
f 863/477/473 862/526/522 812/478/474
f 812/478/474 862/526/522 813/527/523
f 812/478/474 813/527/523 823/479/475
f 823/479/475 813/527/523 822/528/524
f 823/479/475 822/528/524 773/480/476
f 773/480/476 822/528/524 774/529/525
f 773/480/476 774/529/525 784/481/477
f 784/481/477 774/529/525 783/530/526
f 784/481/477 783/530/526 754/482/478
f 754/482/478 783/530/526 755/531/527
f 754/482/478 755/531/527 735/483/479
f 735/483/479 755/531/527 736/532/528
f 735/483/479 736/532/528 715/484/480
f 715/484/480 736/532/528 716/533/529
f 715/484/480 716/533/529 675/485/481
f 675/485/481 716/533/529 676/534/530
f 675/485/481 676/534/530 686/486/482
f 686/486/482 676/534/530 685/535/531
f 686/486/482 685/535/531 635/487/483
f 635/487/483 685/535/531 636/536/532
f 635/487/483 636/536/532 646/488/484
f 646/488/484 636/536/532 645/537/533
f 646/488/484 645/537/533 597/489/485
f 597/489/485 645/537/533 598/538/534
f 597/489/485 598/538/534 608/490/486
f 608/490/486 598/538/534 607/539/535
f 608/490/486 607/539/535 559/491/487
f 559/491/487 607/539/535 560/540/536
f 559/491/487 560/540/536 570/492/488
f 570/492/488 560/540/536 569/541/537
f 570/492/488 569/541/537 520/493/489
f 520/493/489 569/541/537 521/542/538
f 520/493/489 521/542/538 531/494/490
f 531/494/490 521/542/538 530/543/539
f 531/494/490 530/543/539 481/495/491
f 481/495/491 530/543/539 482/544/540
f 481/495/491 482/544/540 492/496/492
f 492/496/492 482/544/540 491/545/541
f 492/496/492 491/545/541 442/497/493
f 442/497/493 491/545/541 443/546/542
f 442/497/493 443/546/542 453/498/494
f 453/498/494 443/546/542 452/547/543
f 453/498/494 452/547/543 422/499/495
f 422/499/495 452/547/543 423/548/544
f 422/499/495 423/548/544 402/500/496
f 402/500/496 423/548/544 403/549/545
f 402/500/496 403/549/545 382/501/497
f 382/501/497 403/549/545 383/550/546
f 382/501/497 383/550/546 343/502/498
f 343/502/498 383/550/546 344/551/547
f 343/502/498 344/551/547 354/503/499
f 354/503/499 344/551/547 353/552/548
f 354/503/499 353/552/548 304/504/500
f 304/504/500 353/552/548 305/553/549
f 304/504/500 305/553/549 315/505/501
f 315/505/501 305/553/549 314/554/550
f 315/505/501 314/554/550 265/506/502
f 265/506/502 314/554/550 266/555/551
f 265/506/502 266/555/551 276/507/503
f 276/507/503 266/555/551 275/556/552
f 276/507/503 275/556/552 226/508/504
f 226/508/504 275/556/552 227/180/179
f 226/508/504 227/180/179 237/178/177
f 51/509/505 52/557/553 78/510/506
f 78/510/506 52/557/553 77/558/554
f 78/510/506 77/558/554 1152/511/507
f 1152/511/507 77/558/554 1153/559/555
f 1152/511/507 1153/559/555 1132/512/508
f 1132/512/508 1153/559/555 1133/560/556
f 1132/512/508 1133/560/556 1112/513/509
f 1112/513/509 1133/560/556 1113/561/557
f 1112/513/509 1113/561/557 1092/514/510
f 1092/514/510 1113/561/557 1093/562/558
f 1092/514/510 1093/562/558 1072/515/511
f 1072/515/511 1093/562/558 1073/563/559
f 1072/515/511 1073/563/559 1052/516/512
f 1052/516/512 1073/563/559 1053/564/560
f 1052/516/512 1053/564/560 1032/517/513
f 1032/517/513 1053/564/560 1033/565/561
f 1032/517/513 1033/565/561 1012/518/514
f 1012/518/514 1033/565/561 1013/566/562
f 1012/518/514 1013/566/562 973/519/515
f 973/519/515 1013/566/562 974/567/563
f 973/519/515 974/567/563 982/520/516
f 982/520/516 974/567/563 981/568/564
f 982/520/516 981/568/564 953/521/517
f 953/521/517 981/568/564 954/569/565
f 953/521/517 954/569/565 933/522/518
f 933/522/518 954/569/565 934/570/566
f 933/522/518 934/570/566 913/523/519
f 913/523/519 934/570/566 914/571/567
f 913/523/519 914/571/567 893/524/520
f 893/524/520 914/571/567 894/572/568
f 893/524/520 894/572/568 853/525/521
f 853/525/521 894/572/568 854/573/569
f 853/525/521 854/573/569 862/526/522
f 862/526/522 854/573/569 861/574/570
f 862/526/522 861/574/570 813/527/523
f 813/527/523 861/574/570 814/575/571
f 813/527/523 814/575/571 822/528/524
f 822/528/524 814/575/571 821/576/572
f 822/528/524 821/576/572 774/529/525
f 774/529/525 821/576/572 775/577/573
f 774/529/525 775/577/573 783/530/526
f 783/530/526 775/577/573 782/578/574
f 783/530/526 782/578/574 755/531/527
f 755/531/527 782/578/574 756/579/575
f 755/531/527 756/579/575 736/532/528
f 736/532/528 756/579/575 737/580/576
f 736/532/528 737/580/576 716/533/529
f 716/533/529 737/580/576 717/581/577
f 716/533/529 717/581/577 676/534/530
f 676/534/530 717/581/577 677/582/578
f 676/534/530 677/582/578 685/535/531
f 685/535/531 677/582/578 684/583/579
f 685/535/531 684/583/579 636/536/532
f 636/536/532 684/583/579 637/584/580
f 636/536/532 637/584/580 645/537/533
f 645/537/533 637/584/580 644/585/581
f 645/537/533 644/585/581 598/538/534
f 598/538/534 644/585/581 599/586/582
f 598/538/534 599/586/582 607/539/535
f 607/539/535 599/586/582 606/587/583
f 607/539/535 606/587/583 560/540/536
f 560/540/536 606/587/583 561/588/584
f 560/540/536 561/588/584 569/541/537
f 569/541/537 561/588/584 568/589/585
f 569/541/537 568/589/585 521/542/538
f 521/542/538 568/589/585 522/590/586
f 521/542/538 522/590/586 530/543/539
f 530/543/539 522/590/586 529/591/587
f 530/543/539 529/591/587 482/544/540
f 482/544/540 529/591/587 483/592/588
f 482/544/540 483/592/588 491/545/541
f 491/545/541 483/592/588 490/593/589
f 491/545/541 490/593/589 443/546/542
f 443/546/542 490/593/589 444/594/590
f 443/546/542 444/594/590 452/547/543
f 452/547/543 444/594/590 451/595/591
f 452/547/543 451/595/591 423/548/544
f 423/548/544 451/595/591 424/596/592
f 423/548/544 424/596/592 403/549/545
f 403/549/545 424/596/592 404/597/593
f 403/549/545 404/597/593 383/550/546
f 383/550/546 404/597/593 384/598/594
f 383/550/546 384/598/594 344/551/547
f 344/551/547 384/598/594 345/599/595
f 344/551/547 345/599/595 353/552/548
f 353/552/548 345/599/595 352/600/596
f 353/552/548 352/600/596 305/553/549
f 305/553/549 352/600/596 306/601/597
f 305/553/549 306/601/597 314/554/550
f 314/554/550 306/601/597 313/602/598
f 314/554/550 313/602/598 266/555/551
f 266/555/551 313/602/598 267/603/599
f 266/555/551 267/603/599 275/556/552
f 275/556/552 267/603/599 274/182/181
f 275/556/552 274/182/181 227/180/179
f 52/557/553 53/604/600 77/558/554
f 77/558/554 53/604/600 76/605/601
f 77/558/554 76/605/601 1153/559/555
f 1153/559/555 76/605/601 1154/606/602
f 1153/559/555 1154/606/602 1133/560/556
f 1133/560/556 1154/606/602 1134/607/603
f 1133/560/556 1134/607/603 1113/561/557
f 1113/561/557 1134/607/603 1114/608/604
f 1113/561/557 1114/608/604 1093/562/558
f 1093/562/558 1114/608/604 1094/609/605
f 1093/562/558 1094/609/605 1073/563/559
f 1073/563/559 1094/609/605 1074/610/606
f 1073/563/559 1074/610/606 1053/564/560
f 1053/564/560 1074/610/606 1054/611/607
f 1053/564/560 1054/611/607 1033/565/561
f 1033/565/561 1054/611/607 1034/612/608
f 1033/565/561 1034/612/608 1013/566/562
f 1013/566/562 1034/612/608 1014/613/609
f 1013/566/562 1014/613/609 974/567/563
f 974/567/563 1014/613/609 975/614/610
f 974/567/563 975/614/610 981/568/564
f 981/568/564 975/614/610 980/615/611
f 981/568/564 980/615/611 954/569/565
f 954/569/565 980/615/611 955/616/612
f 954/569/565 955/616/612 934/570/566
f 934/570/566 955/616/612 935/617/613
f 934/570/566 935/617/613 914/571/567
f 914/571/567 935/617/613 915/618/614
f 914/571/567 915/618/614 894/572/568
f 894/572/568 915/618/614 895/619/615
f 894/572/568 895/619/615 854/573/569
f 854/573/569 895/619/615 855/620/616
f 854/573/569 855/620/616 861/574/570
f 861/574/570 855/620/616 860/621/617
f 861/574/570 860/621/617 814/575/571
f 814/575/571 860/621/617 815/622/618
f 814/575/571 815/622/618 821/576/572
f 821/576/572 815/622/618 820/623/619
f 821/576/572 820/623/619 775/577/573
f 775/577/573 820/623/619 776/624/620
f 775/577/573 776/624/620 782/578/574
f 782/578/574 776/624/620 781/625/621
f 782/578/574 781/625/621 756/579/575
f 756/579/575 781/625/621 757/626/622
f 756/579/575 757/626/622 737/580/576
f 737/580/576 757/626/622 738/627/623
f 737/580/576 738/627/623 717/581/577
f 717/581/577 738/627/623 718/628/624
f 717/581/577 718/628/624 677/582/578
f 677/582/578 718/628/624 678/629/625
f 677/582/578 678/629/625 684/583/579
f 684/583/579 678/629/625 683/630/626
f 684/583/579 683/630/626 637/584/580
f 637/584/580 683/630/626 638/631/627
f 637/584/580 638/631/627 644/585/581
f 644/585/581 638/631/627 643/632/628
f 644/585/581 643/632/628 599/586/582
f 599/586/582 643/632/628 600/633/629
f 599/586/582 600/633/629 606/587/583
f 606/587/583 600/633/629 605/634/630
f 606/587/583 605/634/630 561/588/584
f 561/588/584 605/634/630 562/635/631
f 561/588/584 562/635/631 568/589/585
f 568/589/585 562/635/631 567/636/632
f 568/589/585 567/636/632 522/590/586
f 522/590/586 567/636/632 523/637/633
f 522/590/586 523/637/633 529/591/587
f 529/591/587 523/637/633 528/638/634
f 529/591/587 528/638/634 483/592/588
f 483/592/588 528/638/634 484/639/635
f 483/592/588 484/639/635 490/593/589
f 490/593/589 484/639/635 489/640/636
f 490/593/589 489/640/636 444/594/590
f 444/594/590 489/640/636 445/641/637
f 444/594/590 445/641/637 451/595/591
f 451/595/591 445/641/637 450/642/638
f 451/595/591 450/642/638 424/596/592
f 424/596/592 450/642/638 425/643/639
f 424/596/592 425/643/639 404/597/593
f 404/597/593 425/643/639 405/644/640
f 404/597/593 405/644/640 384/598/594
f 384/598/594 405/644/640 385/645/641
f 384/598/594 385/645/641 345/599/595
f 345/599/595 385/645/641 346/646/642
f 345/599/595 346/646/642 352/600/596
f 352/600/596 346/646/642 351/647/643
f 352/600/596 351/647/643 306/601/597
f 306/601/597 351/647/643 307/648/644
f 306/601/597 307/648/644 313/602/598
f 313/602/598 307/648/644 312/649/645
f 313/602/598 312/649/645 267/603/599
f 267/603/599 312/649/645 268/184/183
f 267/603/599 268/184/183 274/182/181
f 53/604/600 54/650/646 76/605/601
f 76/605/601 54/650/646 75/651/647
f 76/605/601 75/651/647 1154/606/602
f 1154/606/602 75/651/647 1155/652/648
f 1154/606/602 1155/652/648 1134/607/603
f 1134/607/603 1155/652/648 1135/653/649
f 1134/607/603 1135/653/649 1114/608/604
f 1114/608/604 1135/653/649 1115/654/650
f 1114/608/604 1115/654/650 1094/609/605
f 1094/609/605 1115/654/650 1095/655/651
f 1094/609/605 1095/655/651 1074/610/606
f 1074/610/606 1095/655/651 1075/656/652
f 1074/610/606 1075/656/652 1054/611/607
f 1054/611/607 1075/656/652 1055/657/653
f 1054/611/607 1055/657/653 1034/612/608
f 1034/612/608 1055/657/653 1035/658/654
f 1034/612/608 1035/658/654 1014/613/609
f 1014/613/609 1035/658/654 1015/659/655
f 1014/613/609 1015/659/655 975/614/610
f 975/614/610 1015/659/655 976/660/656
f 975/614/610 976/660/656 980/615/611
f 980/615/611 976/660/656 979/661/657
f 980/615/611 979/661/657 955/616/612
f 955/616/612 979/661/657 956/662/658
f 955/616/612 956/662/658 935/617/613
f 935/617/613 956/662/658 936/663/659
f 935/617/613 936/663/659 915/618/614
f 915/618/614 936/663/659 916/664/660
f 915/618/614 916/664/660 895/619/615
f 895/619/615 916/664/660 896/665/661
f 895/619/615 896/665/661 855/620/616
f 855/620/616 896/665/661 856/666/662
f 855/620/616 856/666/662 860/621/617
f 860/621/617 856/666/662 859/667/663
f 860/621/617 859/667/663 815/622/618
f 815/622/618 859/667/663 816/668/664
f 815/622/618 816/668/664 820/623/619
f 820/623/619 816/668/664 819/669/665
f 820/623/619 819/669/665 776/624/620
f 776/624/620 819/669/665 777/670/666
f 776/624/620 777/670/666 781/625/621
f 781/625/621 777/670/666 780/671/667
f 781/625/621 780/671/667 757/626/622
f 757/626/622 780/671/667 758/672/668
f 757/626/622 758/672/668 738/627/623
f 738/627/623 758/672/668 739/673/669
f 738/627/623 739/673/669 718/628/624
f 718/628/624 739/673/669 719/674/670
f 718/628/624 719/674/670 678/629/625
f 678/629/625 719/674/670 679/675/671
f 678/629/625 679/675/671 683/630/626
f 683/630/626 679/675/671 682/676/672
f 683/630/626 682/676/672 638/631/627
f 638/631/627 682/676/672 639/677/673
f 638/631/627 639/677/673 643/632/628
f 643/632/628 639/677/673 642/678/674
f 643/632/628 642/678/674 600/633/629
f 600/633/629 642/678/674 601/679/675
f 600/633/629 601/679/675 605/634/630
f 605/634/630 601/679/675 604/680/676
f 605/634/630 604/680/676 562/635/631
f 562/635/631 604/680/676 563/681/677
f 562/635/631 563/681/677 567/636/632
f 567/636/632 563/681/677 566/682/678
f 567/636/632 566/682/678 523/637/633
f 523/637/633 566/682/678 524/683/679
f 523/637/633 524/683/679 528/638/634
f 528/638/634 524/683/679 527/684/680
f 528/638/634 527/684/680 484/639/635
f 484/639/635 527/684/680 485/685/681
f 484/639/635 485/685/681 489/640/636
f 489/640/636 485/685/681 488/686/682
f 489/640/636 488/686/682 445/641/637
f 445/641/637 488/686/682 446/687/683
f 445/641/637 446/687/683 450/642/638
f 450/642/638 446/687/683 449/688/684
f 450/642/638 449/688/684 425/643/639
f 425/643/639 449/688/684 426/689/685
f 425/643/639 426/689/685 405/644/640
f 405/644/640 426/689/685 406/690/686
f 405/644/640 406/690/686 385/645/641
f 385/645/641 406/690/686 386/691/687
f 385/645/641 386/691/687 346/646/642
f 346/646/642 386/691/687 347/692/688
f 346/646/642 347/692/688 351/647/643
f 351/647/643 347/692/688 350/693/689
f 351/647/643 350/693/689 307/648/644
f 307/648/644 350/693/689 308/694/690
f 307/648/644 308/694/690 312/649/645
f 312/649/645 308/694/690 311/186/185
f 312/649/645 311/186/185 268/184/183
f 54/650/646 55/695/691 75/651/647
f 75/651/647 55/695/691 74/696/692
f 75/651/647 74/696/692 1155/652/648
f 1155/652/648 74/696/692 1156/697/693
f 1155/652/648 1156/697/693 1135/653/649
f 1135/653/649 1156/697/693 1136/698/694
f 1135/653/649 1136/698/694 1115/654/650
f 1115/654/650 1136/698/694 1116/699/695
f 1115/654/650 1116/699/695 1095/655/651
f 1095/655/651 1116/699/695 1096/700/696
f 1095/655/651 1096/700/696 1075/656/652
f 1075/656/652 1096/700/696 1076/701/697
f 1075/656/652 1076/701/697 1055/657/653
f 1055/657/653 1076/701/697 1056/702/698
f 1055/657/653 1056/702/698 1035/658/654
f 1035/658/654 1056/702/698 1036/703/699
f 1035/658/654 1036/703/699 1015/659/655
f 1015/659/655 1036/703/699 1016/704/700
f 1015/659/655 1016/704/700 976/660/656
f 976/660/656 1016/704/700 977/705/701
f 976/660/656 977/705/701 979/661/657
f 979/661/657 977/705/701 978/706/702
f 979/661/657 978/706/702 956/662/658
f 956/662/658 978/706/702 957/707/703
f 956/662/658 957/707/703 936/663/659
f 936/663/659 957/707/703 937/708/704
f 936/663/659 937/708/704 916/664/660
f 916/664/660 937/708/704 917/709/705
f 916/664/660 917/709/705 896/665/661
f 896/665/661 917/709/705 897/710/706
f 896/665/661 897/710/706 856/666/662
f 856/666/662 897/710/706 857/711/707
f 856/666/662 857/711/707 859/667/663
f 859/667/663 857/711/707 858/712/708
f 859/667/663 858/712/708 816/668/664
f 816/668/664 858/712/708 817/713/709
f 816/668/664 817/713/709 819/669/665
f 819/669/665 817/713/709 818/714/710
f 819/669/665 818/714/710 777/670/666
f 777/670/666 818/714/710 778/715/711
f 777/670/666 778/715/711 780/671/667
f 780/671/667 778/715/711 779/716/712
f 780/671/667 779/716/712 758/672/668
f 758/672/668 779/716/712 759/717/713
f 758/672/668 759/717/713 739/673/669
f 739/673/669 759/717/713 740/718/714
f 739/673/669 740/718/714 719/674/670
f 719/674/670 740/718/714 720/719/715
f 719/674/670 720/719/715 679/675/671
f 679/675/671 720/719/715 680/720/716
f 679/675/671 680/720/716 682/676/672
f 682/676/672 680/720/716 681/721/717
f 682/676/672 681/721/717 639/677/673
f 639/677/673 681/721/717 640/722/718
f 639/677/673 640/722/718 642/678/674
f 642/678/674 640/722/718 641/723/719
f 642/678/674 641/723/719 601/679/675
f 601/679/675 641/723/719 602/724/720
f 601/679/675 602/724/720 604/680/676
f 604/680/676 602/724/720 603/725/721
f 604/680/676 603/725/721 563/681/677
f 563/681/677 603/725/721 564/726/722
f 563/681/677 564/726/722 566/682/678
f 566/682/678 564/726/722 565/727/723
f 566/682/678 565/727/723 524/683/679
f 524/683/679 565/727/723 525/728/724
f 524/683/679 525/728/724 527/684/680
f 527/684/680 525/728/724 526/729/725
f 527/684/680 526/729/725 485/685/681
f 485/685/681 526/729/725 486/730/726
f 485/685/681 486/730/726 488/686/682
f 488/686/682 486/730/726 487/731/727
f 488/686/682 487/731/727 446/687/683
f 446/687/683 487/731/727 447/732/728
f 446/687/683 447/732/728 449/688/684
f 449/688/684 447/732/728 448/733/729
f 449/688/684 448/733/729 426/689/685
f 426/689/685 448/733/729 427/734/730
f 426/689/685 427/734/730 406/690/686
f 406/690/686 427/734/730 407/735/731
f 406/690/686 407/735/731 386/691/687
f 386/691/687 407/735/731 387/736/732
f 386/691/687 387/736/732 347/692/688
f 347/692/688 387/736/732 348/737/733
f 347/692/688 348/737/733 350/693/689
f 350/693/689 348/737/733 349/738/734
f 350/693/689 349/738/734 308/694/690
f 308/694/690 349/738/734 309/188/187
f 308/694/690 309/188/187 311/186/185
f 55/695/691 56/739/735 74/696/692
f 54/740/646 112/741/736 55/742/691
f 55/742/691 112/741/736 113/743/737
f 55/742/691 113/743/737 56/744/738
f 112/741/736 54/740/646 111/745/739
f 111/745/739 54/740/646 53/746/600
f 111/745/739 53/746/600 110/747/740
f 110/747/740 53/746/600 52/748/553
f 110/747/740 52/748/553 109/749/741
f 109/749/741 52/748/553 51/750/505
f 109/749/741 51/750/505 108/751/742
f 108/751/742 51/750/505 50/752/456
f 108/751/742 50/752/456 107/753/743
f 107/753/743 50/752/456 49/754/356
f 107/753/743 49/754/356 106/755/744
f 106/755/744 49/754/356 105/756/745
f 106/755/744 105/756/745 126/757/746
f 126/757/746 105/756/745 125/758/747
f 126/757/746 125/758/747 161/759/748
f 161/759/748 125/758/747 162/171/170
f 161/759/748 162/171/170 146/173/172
f 49/754/356 48/760/354 105/756/745
f 105/756/745 48/760/354 104/761/749
f 105/756/745 104/761/749 125/758/747
f 125/758/747 104/761/749 124/169/168
f 125/758/747 124/169/168 162/171/170
f 48/760/354 47/762/352 104/761/749
f 104/761/749 47/762/352 103/167/166
f 104/761/749 103/167/166 124/169/168
f 47/762/352 46/165/164 103/167/166
f 98/158/158 43/160/49 97/763/750
f 97/763/750 43/160/49 42/764/47
f 97/763/750 42/764/47 96/765/751
f 96/765/751 42/764/47 41/766/45
f 96/765/751 41/766/45 95/767/752
f 95/767/752 41/766/45 40/768/43
f 95/767/752 40/768/43 94/769/753
f 94/769/753 40/768/43 1/770/41
f 94/769/753 1/770/41 39/771/754
f 39/771/754 38/772/755 94/769/753
f 94/769/753 38/772/755 114/773/756
f 94/769/753 114/773/756 115/774/757
f 115/774/757 114/773/756 172/775/758
f 115/774/757 172/775/758 171/776/759
f 171/776/759 172/775/758 136/777/760
f 171/776/759 136/777/760 137/778/761
f 137/778/761 136/777/760 209/779/762
f 137/778/761 209/779/762 208/150/150
f 208/150/150 209/779/762 177/148/148
f 114/773/756 38/772/755 73/780/763
f 73/780/763 38/772/755 37/781/764
f 73/780/763 37/781/764 134/782/765
f 134/782/765 37/781/764 72/783/766
f 134/782/765 72/783/766 211/784/767
f 211/784/767 72/783/766 174/785/768
f 211/784/767 174/785/768 175/786/769
f 175/786/769 174/785/768 249/787/770
f 175/786/769 249/787/770 248/788/771
f 248/788/771 249/787/770 215/789/772
f 248/788/771 215/789/772 216/144/144
f 216/144/144 215/789/772 286/142/142
f 37/781/764 36/790/773 72/783/766
f 72/783/766 36/790/773 173/791/774
f 72/783/766 173/791/774 174/785/768
f 174/785/768 173/791/774 250/792/775
f 174/785/768 250/792/775 249/787/770
f 249/787/770 250/792/775 214/793/776
f 249/787/770 214/793/776 215/789/772
f 215/789/772 214/793/776 287/794/777
f 215/789/772 287/794/777 286/142/142
f 286/142/142 287/794/777 255/140/140
f 173/791/774 36/790/773 71/795/778
f 71/795/778 36/790/773 35/796/779
f 71/795/778 35/796/779 212/797/780
f 212/797/780 35/796/779 70/798/781
f 212/797/780 70/798/781 289/799/782
f 289/799/782 70/798/781 252/800/783
f 289/799/782 252/800/783 253/801/784
f 253/801/784 252/800/783 327/802/785
f 253/801/784 327/802/785 326/803/786
f 326/803/786 327/802/785 293/804/787
f 326/803/786 293/804/787 294/136/136
f 294/136/136 293/804/787 364/134/134
f 35/796/779 34/805/788 70/798/781
f 70/798/781 34/805/788 251/806/789
f 70/798/781 251/806/789 252/800/783
f 252/800/783 251/806/789 328/807/790
f 252/800/783 328/807/790 327/802/785
f 327/802/785 328/807/790 292/808/791
f 327/802/785 292/808/791 293/804/787
f 293/804/787 292/808/791 365/809/792
f 293/804/787 365/809/792 364/134/134
f 364/134/134 365/809/792 333/132/132
f 251/806/789 34/805/788 69/810/793
f 69/810/793 34/805/788 33/811/794
f 69/810/793 33/811/794 290/812/795
f 290/812/795 33/811/794 68/813/796
f 290/812/795 68/813/796 367/814/797
f 367/814/797 68/813/796 330/815/798
f 367/814/797 330/815/798 331/816/799
f 331/816/799 330/815/798 370/817/800
f 331/816/799 370/817/800 371/818/801
f 371/818/801 370/817/800 391/819/802
f 371/818/801 391/819/802 392/128/128
f 392/128/128 391/819/802 412/126/126
f 33/811/794 32/820/803 68/813/796
f 68/813/796 32/820/803 329/821/804
f 68/813/796 329/821/804 330/815/798
f 330/815/798 329/821/804 369/822/805
f 330/815/798 369/822/805 370/817/800
f 370/817/800 369/822/805 390/823/806
f 370/817/800 390/823/806 391/819/802
f 391/819/802 390/823/806 411/824/807
f 391/819/802 411/824/807 412/126/126
f 412/126/126 411/824/807 463/124/124
f 32/820/803 31/825/808 329/821/804
f 329/821/804 31/825/808 368/826/809
f 329/821/804 368/826/809 369/822/805
f 369/822/805 368/826/809 389/827/810
f 369/822/805 389/827/810 390/823/806
f 390/823/806 389/827/810 410/828/811
f 390/823/806 410/828/811 411/824/807
f 411/824/807 410/828/811 464/829/812
f 411/824/807 464/829/812 463/124/124
f 463/124/124 464/829/812 432/122/122
f 31/825/808 30/830/813 368/826/809
f 368/826/809 30/830/813 388/831/814
f 368/826/809 388/831/814 389/827/810
f 389/827/810 388/831/814 409/832/815
f 389/827/810 409/832/815 410/828/811
f 410/828/811 409/832/815 465/833/816
f 410/828/811 465/833/816 464/829/812
f 464/829/812 465/833/816 431/834/817
f 464/829/812 431/834/817 432/122/122
f 432/122/122 431/834/817 502/120/120
f 30/830/813 29/835/818 388/831/814
f 388/831/814 29/835/818 408/836/819
f 388/831/814 408/836/819 409/832/815
f 409/832/815 408/836/819 466/837/820
f 409/832/815 466/837/820 465/833/816
f 465/833/816 466/837/820 430/838/821
f 465/833/816 430/838/821 431/834/817
f 431/834/817 430/838/821 503/839/822
f 431/834/817 503/839/822 502/120/120
f 502/120/120 503/839/822 471/118/118
f 408/836/819 29/835/818 67/840/823
f 67/840/823 29/835/818 28/841/824
f 67/840/823 28/841/824 428/842/825
f 428/842/825 28/841/824 66/843/826
f 428/842/825 66/843/826 505/844/827
f 505/844/827 66/843/826 468/845/828
f 505/844/827 468/845/828 469/846/829
f 469/846/829 468/845/828 543/847/830
f 469/846/829 543/847/830 542/848/831
f 542/848/831 543/847/830 509/849/832
f 542/848/831 509/849/832 510/114/114
f 510/114/114 509/849/832 580/112/112
f 28/841/824 27/850/833 66/843/826
f 66/843/826 27/850/833 467/851/834
f 66/843/826 467/851/834 468/845/828
f 468/845/828 467/851/834 544/852/835
f 468/845/828 544/852/835 543/847/830
f 543/847/830 544/852/835 508/853/836
f 543/847/830 508/853/836 509/849/832
f 509/849/832 508/853/836 581/854/837
f 509/849/832 581/854/837 580/112/112
f 580/112/112 581/854/837 549/110/110
f 467/851/834 27/850/833 65/855/838
f 65/855/838 27/850/833 26/856/839
f 65/855/838 26/856/839 506/857/840
f 506/857/840 26/856/839 64/858/841
f 506/857/840 64/858/841 583/859/842
f 583/859/842 64/858/841 546/860/843
f 583/859/842 546/860/843 547/861/844
f 547/861/844 546/860/843 620/862/845
f 547/861/844 620/862/845 619/863/846
f 619/863/846 620/862/845 586/864/847
f 619/863/846 586/864/847 587/106/106
f 587/106/106 586/864/847 656/104/104
f 26/856/839 25/865/848 64/858/841
f 64/858/841 25/865/848 545/866/849
f 64/858/841 545/866/849 546/860/843
f 546/860/843 545/866/849 621/867/850
f 546/860/843 621/867/850 620/862/845
f 620/862/845 621/867/850 585/868/851
f 620/862/845 585/868/851 586/864/847
f 586/864/847 585/868/851 657/869/852
f 586/864/847 657/869/852 656/104/104
f 656/104/104 657/869/852 625/102/102
f 545/866/849 25/865/848 63/870/853
f 63/870/853 25/865/848 24/871/854
f 63/870/853 24/871/854 62/872/855
f 62/872/855 24/871/854 23/873/856
f 62/872/855 23/873/856 660/874/857
f 660/874/857 23/873/856 61/875/858
f 660/874/857 61/875/858 622/876/859
f 622/876/859 61/875/858 699/877/860
f 622/876/859 699/877/860 698/878/861
f 698/878/861 699/877/860 663/879/862
f 698/878/861 663/879/862 664/880/863
f 664/880/863 663/879/862 704/881/864
f 664/880/863 704/881/864 705/96/96
f 705/96/96 704/881/864 725/94/94
f 23/873/856 22/882/865 61/875/858
f 61/875/858 22/882/865 700/883/866
f 61/875/858 700/883/866 699/877/860
f 699/877/860 700/883/866 662/884/867
f 699/877/860 662/884/867 663/879/862
f 663/879/862 662/884/867 703/885/868
f 663/879/862 703/885/868 704/881/864
f 704/881/864 703/885/868 724/886/869
f 704/881/864 724/886/869 725/94/94
f 725/94/94 724/886/869 744/92/92
f 700/883/866 22/882/865 661/887/870
f 661/887/870 22/882/865 21/888/871
f 661/887/870 21/888/871 701/889/872
f 701/889/872 21/888/871 20/890/873
f 701/889/872 20/890/873 721/891/874
f 721/891/874 20/890/873 19/892/875
f 721/891/874 19/892/875 60/893/876
f 60/893/876 19/892/875 18/894/877
f 60/893/876 18/894/877 798/895/878
f 798/895/878 18/894/877 59/896/879
f 798/895/878 59/896/879 760/897/880
f 760/897/880 59/896/879 836/898/881
f 760/897/880 836/898/881 835/899/882
f 835/899/882 836/898/881 800/900/883
f 835/899/882 800/900/883 801/901/884
f 801/901/884 800/900/883 874/902/885
f 801/901/884 874/902/885 873/82/82
f 873/82/82 874/902/885 842/80/80
f 18/894/877 17/903/886 59/896/879
f 59/896/879 17/903/886 837/904/887
f 59/896/879 837/904/887 836/898/881
f 836/898/881 837/904/887 799/905/888
f 836/898/881 799/905/888 800/900/883
f 800/900/883 799/905/888 875/906/889
f 800/900/883 875/906/889 874/902/885
f 874/902/885 875/906/889 841/907/890
f 874/902/885 841/907/890 842/80/80
f 842/80/80 841/907/890 882/78/78
f 837/904/887 17/903/886 58/908/891
f 58/908/891 17/903/886 16/909/892
f 58/908/891 16/909/892 877/910/893
f 877/910/893 16/909/892 838/911/894
f 877/910/893 838/911/894 839/912/895
f 839/912/895 838/911/894 879/913/896
f 839/912/895 879/913/896 880/914/897
f 880/914/897 879/913/896 900/915/898
f 880/914/897 900/915/898 901/916/899
f 901/916/899 900/915/898 921/917/900
f 901/916/899 921/917/900 922/74/74
f 922/74/74 921/917/900 942/72/72
f 16/909/892 15/918/901 838/911/894
f 838/911/894 15/918/901 878/919/902
f 838/911/894 878/919/902 879/913/896
f 879/913/896 878/919/902 899/920/903
f 879/913/896 899/920/903 900/915/898
f 900/915/898 899/920/903 920/921/904
f 900/915/898 920/921/904 921/917/900
f 921/917/900 920/921/904 941/922/905
f 921/917/900 941/922/905 942/72/72
f 942/72/72 941/922/905 993/70/70
f 15/918/901 14/923/906 878/919/902
f 878/919/902 14/923/906 898/924/907
f 878/919/902 898/924/907 899/920/903
f 899/920/903 898/924/907 919/925/908
f 899/920/903 919/925/908 920/921/904
f 920/921/904 919/925/908 940/926/909
f 920/921/904 940/926/909 941/922/905
f 941/922/905 940/926/909 994/927/910
f 941/922/905 994/927/910 993/70/70
f 993/70/70 994/927/910 962/68/68
f 14/923/906 13/928/911 898/924/907
f 898/924/907 13/928/911 918/929/912
f 898/924/907 918/929/912 919/925/908
f 919/925/908 918/929/912 939/930/913
f 919/925/908 939/930/913 940/926/909
f 940/926/909 939/930/913 995/931/914
f 940/926/909 995/931/914 994/927/910
f 994/927/910 995/931/914 961/932/915
f 994/927/910 961/932/915 962/68/68
f 962/68/68 961/932/915 1001/66/66
f 13/928/911 12/933/916 918/929/912
f 918/929/912 12/933/916 938/934/917
f 918/929/912 938/934/917 939/930/913
f 939/930/913 938/934/917 996/935/918
f 939/930/913 996/935/918 995/931/914
f 995/931/914 996/935/918 960/936/919
f 995/931/914 960/936/919 961/932/915
f 961/932/915 960/936/919 1000/937/920
f 961/932/915 1000/937/920 1001/66/66
f 1001/66/66 1000/937/920 1021/64/64
f 938/934/917 12/933/916 57/938/921
f 57/938/921 12/933/916 11/939/922
f 57/938/921 11/939/922 958/940/923
f 958/940/923 11/939/922 10/941/924
f 958/940/923 10/941/924 997/942/925
f 997/942/925 10/941/924 9/943/926
f 997/942/925 9/943/926 1017/944/927
f 1017/944/927 9/943/926 8/945/928
f 1017/944/927 8/945/928 1037/946/929
f 1037/946/929 8/945/928 7/947/930
f 1037/946/929 7/947/930 1057/948/931
f 1057/948/931 7/947/930 6/949/932
f 1057/948/931 6/949/932 1077/950/933
f 1077/950/933 6/949/932 5/951/934
f 1077/950/933 5/951/934 1097/952/935
f 1097/952/935 5/951/934 4/953/936
f 1097/952/935 4/953/936 1117/954/937
f 1117/954/937 4/953/936 3/955/938
f 1117/954/937 3/955/938 1137/956/939
f 1137/956/939 3/955/938 2/40/40
f 1137/956/939 2/40/40 93/42/42
f 74/696/692 56/957/940 1156/697/693
f 1156/697/693 56/958/941 1136/698/694
f 1136/698/694 56/959/942 1116/699/695
f 1116/699/695 56/960/943 1096/700/696
f 1096/700/696 56/961/944 1076/701/697
f 1076/701/697 56/962/945 1056/702/698
f 1056/702/698 56/963/946 1036/703/699
f 1036/703/699 56/964/947 1016/704/700
f 1016/704/700 56/965/948 977/705/701
f 977/705/701 56/966/949 978/706/702
f 978/706/702 56/967/950 957/707/703
f 957/707/703 56/968/951 937/708/704
f 937/708/704 56/969/952 917/709/705
f 897/710/706 56/970/953 857/711/707
f 857/711/707 56/971/954 858/712/708
f 858/712/708 56/972/955 817/713/709
f 817/713/709 56/973/956 818/714/710
f 818/714/710 56/974/957 778/715/711
f 778/715/711 56/975/958 779/716/712
f 779/716/712 56/976/959 759/717/713
f 759/717/713 56/977/960 740/718/714
f 740/718/714 56/978/961 720/719/715
f 720/719/715 56/979/962 680/720/716
f 680/720/716 56/980/963 681/721/717
f 681/721/717 56/981/964 640/722/718
f 640/722/718 56/982/965 641/723/719
f 641/723/719 56/983/966 602/724/720
f 602/724/720 56/984/967 603/725/721
f 603/725/721 56/985/968 564/726/722
f 564/726/722 56/986/969 565/727/723
f 565/727/723 56/987/970 525/728/724
f 525/728/724 56/988/971 526/729/725
f 526/729/725 56/989/972 486/730/726
f 487/731/727 56/990/973 447/732/728
f 447/732/728 56/991/974 448/733/729
f 448/733/729 56/992/975 427/734/730
f 427/734/730 56/993/976 407/735/731
f 407/735/731 56/994/977 387/736/732
f 387/736/732 56/995/978 348/737/733
f 348/737/733 56/996/979 349/738/734
f 349/738/734 56/997/980 309/188/187
f 310/187/186 56/998/981 270/999/982
f 270/999/982 56/1000/983 271/1001/984
f 271/1001/984 56/1002/985 231/1003/986
f 231/1003/986 56/1004/987 232/1005/988
f 232/1005/988 56/1006/989 192/1007/990
f 192/1007/990 56/1008/991 193/1009/992
f 193/1009/992 56/1010/993 153/1011/994
f 153/1011/994 56/1012/995 154/1013/996
f 154/1013/996 56/1014/997 133/1015/998
f 133/1015/998 56/1016/999 113/743/737
f 917/709/705 56/1017/1000 897/710/706
f 486/730/726 56/1018/1001 487/731/727
f 82/359/355 81/361/357 1148/1019/1002
f 1148/1019/1002 81/361/357 1149/363/359
f 1148/1019/1002 1149/363/359 1128/1020/1003
f 1128/1020/1003 1149/363/359 1129/365/361
f 1128/1020/1003 1129/365/361 1108/1021/1004
f 1108/1021/1004 1129/365/361 1109/367/363
f 1108/1021/1004 1109/367/363 1088/1022/1005
f 1088/1022/1005 1109/367/363 1089/369/365
f 1088/1022/1005 1089/369/365 1068/1023/1006
f 1068/1023/1006 1089/369/365 1069/371/367
f 1068/1023/1006 1069/371/367 1048/1024/1007
f 1048/1024/1007 1069/371/367 1049/373/369
f 1048/1024/1007 1049/373/369 1028/1025/1008
f 1028/1025/1008 1049/373/369 1029/375/371
f 1028/1025/1008 1029/375/371 1008/1026/1009
f 1008/1026/1009 1029/375/371 1009/377/373
f 1008/1026/1009 1009/377/373 969/1027/1010
f 969/1027/1010 1009/377/373 970/379/375
f 969/1027/1010 970/379/375 986/1028/1011
f 986/1028/1011 970/379/375 985/381/377
f 986/1028/1011 985/381/377 949/1029/1012
f 949/1029/1012 985/381/377 950/383/379
f 949/1029/1012 950/383/379 929/1030/1013
f 929/1030/1013 950/383/379 930/385/381
f 929/1030/1013 930/385/381 909/1031/1014
f 909/1031/1014 930/385/381 910/387/383
f 909/1031/1014 910/387/383 889/1032/1015
f 889/1032/1015 910/387/383 890/389/385
f 889/1032/1015 890/389/385 849/1033/1016
f 849/1033/1016 890/389/385 850/391/387
f 849/1033/1016 850/391/387 866/1034/1017
f 866/1034/1017 850/391/387 865/393/389
f 866/1034/1017 865/393/389 809/1035/1018
f 809/1035/1018 865/393/389 810/395/391
f 809/1035/1018 810/395/391 826/1036/1019
f 826/1036/1019 810/395/391 825/397/393
f 826/1036/1019 825/397/393 770/1037/1020
f 770/1037/1020 825/397/393 771/399/395
f 770/1037/1020 771/399/395 787/1038/1021
f 787/1038/1021 771/399/395 786/401/397
f 787/1038/1021 786/401/397 751/1039/1022
f 751/1039/1022 786/401/397 752/403/399
f 751/1039/1022 752/403/399 732/1040/1023
f 732/1040/1023 752/403/399 733/405/401
f 732/1040/1023 733/405/401 712/1041/1024
f 712/1041/1024 733/405/401 713/407/403
f 712/1041/1024 713/407/403 672/1042/1025
f 672/1042/1025 713/407/403 673/409/405
f 672/1042/1025 673/409/405 689/1043/1026
f 689/1043/1026 673/409/405 688/411/407
f 689/1043/1026 688/411/407 632/1044/1027
f 632/1044/1027 688/411/407 633/413/409
f 632/1044/1027 633/413/409 649/1045/1028
f 649/1045/1028 633/413/409 648/415/411
f 649/1045/1028 648/415/411 594/1046/1029
f 594/1046/1029 648/415/411 595/417/413
f 594/1046/1029 595/417/413 611/1047/1030
f 611/1047/1030 595/417/413 610/419/415
f 611/1047/1030 610/419/415 556/1048/1031
f 556/1048/1031 610/419/415 557/421/417
f 556/1048/1031 557/421/417 573/1049/1032
f 573/1049/1032 557/421/417 572/423/419
f 573/1049/1032 572/423/419 517/1050/1033
f 517/1050/1033 572/423/419 518/425/421
f 517/1050/1033 518/425/421 534/1051/1034
f 534/1051/1034 518/425/421 533/427/423
f 534/1051/1034 533/427/423 478/1052/1035
f 478/1052/1035 533/427/423 479/429/425
f 478/1052/1035 479/429/425 495/1053/1036
f 495/1053/1036 479/429/425 494/431/427
f 495/1053/1036 494/431/427 439/1054/1037
f 439/1054/1037 494/431/427 440/433/429
f 439/1054/1037 440/433/429 456/1055/1038
f 456/1055/1038 440/433/429 455/435/431
f 456/1055/1038 455/435/431 419/1056/1039
f 419/1056/1039 455/435/431 420/437/433
f 419/1056/1039 420/437/433 399/1057/1040
f 399/1057/1040 420/437/433 400/439/435
f 399/1057/1040 400/439/435 379/1058/1041
f 379/1058/1041 400/439/435 380/441/437
f 379/1058/1041 380/441/437 340/1059/1042
f 340/1059/1042 380/441/437 341/443/439
f 340/1059/1042 341/443/439 357/1060/1043
f 357/1060/1043 341/443/439 356/445/441
f 357/1060/1043 356/445/441 301/1061/1044
f 301/1061/1044 356/445/441 302/447/443
f 301/1061/1044 302/447/443 318/1062/1045
f 318/1062/1045 302/447/443 317/449/445
f 318/1062/1045 317/449/445 262/1063/1046
f 262/1063/1046 317/449/445 263/451/447
f 262/1063/1046 263/451/447 279/1064/1047
f 279/1064/1047 263/451/447 278/453/449
f 279/1064/1047 278/453/449 223/1065/1048
f 223/1065/1048 278/453/449 224/455/451
f 223/1065/1048 224/455/451 240/1066/1049
f 240/1066/1049 224/455/451 239/457/453
f 240/1066/1049 239/457/453 184/1067/1050
f 184/1067/1050 239/457/453 185/459/455
f 184/1067/1050 185/459/455 201/1068/1051
f 201/1068/1051 185/459/455 200/174/173
f 201/1068/1051 200/174/173 145/172/171
f 83/357/353 82/359/355 1147/1069/1052
f 1147/1069/1052 82/359/355 1148/1019/1002
f 1147/1069/1052 1148/1019/1002 1127/1070/1053
f 1127/1070/1053 1148/1019/1002 1128/1020/1003
f 1127/1070/1053 1128/1020/1003 1107/1071/1054
f 1107/1071/1054 1128/1020/1003 1108/1021/1004
f 1107/1071/1054 1108/1021/1004 1087/1072/1055
f 1087/1072/1055 1108/1021/1004 1088/1022/1005
f 1087/1072/1055 1088/1022/1005 1067/1073/1056
f 1067/1073/1056 1088/1022/1005 1068/1023/1006
f 1067/1073/1056 1068/1023/1006 1047/1074/1057
f 1047/1074/1057 1068/1023/1006 1048/1024/1007
f 1047/1074/1057 1048/1024/1007 1027/1075/1058
f 1027/1075/1058 1048/1024/1007 1028/1025/1008
f 1027/1075/1058 1028/1025/1008 1007/1076/1059
f 1007/1076/1059 1028/1025/1008 1008/1026/1009
f 1007/1076/1059 1008/1026/1009 968/1077/1060
f 968/1077/1060 1008/1026/1009 969/1027/1010
f 968/1077/1060 969/1027/1010 987/1078/1061
f 987/1078/1061 969/1027/1010 986/1028/1011
f 987/1078/1061 986/1028/1011 948/1079/1062
f 948/1079/1062 986/1028/1011 949/1029/1012
f 948/1079/1062 949/1029/1012 928/1080/1063
f 928/1080/1063 949/1029/1012 929/1030/1013
f 928/1080/1063 929/1030/1013 908/1081/1064
f 908/1081/1064 929/1030/1013 909/1031/1014
f 908/1081/1064 909/1031/1014 888/1082/1065
f 888/1082/1065 909/1031/1014 889/1032/1015
f 888/1082/1065 889/1032/1015 848/1083/1066
f 848/1083/1066 889/1032/1015 849/1033/1016
f 848/1083/1066 849/1033/1016 867/1084/1067
f 867/1084/1067 849/1033/1016 866/1034/1017
f 867/1084/1067 866/1034/1017 808/1085/1068
f 808/1085/1068 866/1034/1017 809/1035/1018
f 808/1085/1068 809/1035/1018 827/1086/1069
f 827/1086/1069 809/1035/1018 826/1036/1019
f 827/1086/1069 826/1036/1019 769/1087/1070
f 769/1087/1070 826/1036/1019 770/1037/1020
f 769/1087/1070 770/1037/1020 788/1088/1071
f 788/1088/1071 770/1037/1020 787/1038/1021
f 788/1088/1071 787/1038/1021 750/1089/1072
f 750/1089/1072 787/1038/1021 751/1039/1022
f 750/1089/1072 751/1039/1022 731/1090/1073
f 731/1090/1073 751/1039/1022 732/1040/1023
f 731/1090/1073 732/1040/1023 711/1091/1074
f 711/1091/1074 732/1040/1023 712/1041/1024
f 711/1091/1074 712/1041/1024 671/1092/1075
f 671/1092/1075 712/1041/1024 672/1042/1025
f 671/1092/1075 672/1042/1025 690/1093/1076
f 690/1093/1076 672/1042/1025 689/1043/1026
f 690/1093/1076 689/1043/1026 631/1094/1077
f 631/1094/1077 689/1043/1026 632/1044/1027
f 631/1094/1077 632/1044/1027 650/1095/1078
f 650/1095/1078 632/1044/1027 649/1045/1028
f 650/1095/1078 649/1045/1028 593/1096/1079
f 593/1096/1079 649/1045/1028 594/1046/1029
f 593/1096/1079 594/1046/1029 612/1097/1080
f 612/1097/1080 594/1046/1029 611/1047/1030
f 612/1097/1080 611/1047/1030 555/1098/1081
f 555/1098/1081 611/1047/1030 556/1048/1031
f 555/1098/1081 556/1048/1031 574/1099/1082
f 574/1099/1082 556/1048/1031 573/1049/1032
f 574/1099/1082 573/1049/1032 516/1100/1083
f 516/1100/1083 573/1049/1032 517/1050/1033
f 516/1100/1083 517/1050/1033 535/1101/1084
f 535/1101/1084 517/1050/1033 534/1051/1034
f 535/1101/1084 534/1051/1034 477/1102/1085
f 477/1102/1085 534/1051/1034 478/1052/1035
f 477/1102/1085 478/1052/1035 496/1103/1086
f 496/1103/1086 478/1052/1035 495/1053/1036
f 496/1103/1086 495/1053/1036 438/1104/1087
f 438/1104/1087 495/1053/1036 439/1054/1037
f 438/1104/1087 439/1054/1037 457/1105/1088
f 457/1105/1088 439/1054/1037 456/1055/1038
f 457/1105/1088 456/1055/1038 418/1106/1089
f 418/1106/1089 456/1055/1038 419/1056/1039
f 418/1106/1089 419/1056/1039 398/1107/1090
f 398/1107/1090 419/1056/1039 399/1057/1040
f 398/1107/1090 399/1057/1040 378/1108/1091
f 378/1108/1091 399/1057/1040 379/1058/1041
f 378/1108/1091 379/1058/1041 339/1109/1092
f 339/1109/1092 379/1058/1041 340/1059/1042
f 339/1109/1092 340/1059/1042 358/1110/1093
f 358/1110/1093 340/1059/1042 357/1060/1043
f 358/1110/1093 357/1060/1043 300/1111/1094
f 300/1111/1094 357/1060/1043 301/1061/1044
f 300/1111/1094 301/1061/1044 319/1112/1095
f 319/1112/1095 301/1061/1044 318/1062/1045
f 319/1112/1095 318/1062/1045 261/1113/1096
f 261/1113/1096 318/1062/1045 262/1063/1046
f 261/1113/1096 262/1063/1046 280/1114/1097
f 280/1114/1097 262/1063/1046 279/1064/1047
f 280/1114/1097 279/1064/1047 222/1115/1098
f 222/1115/1098 279/1064/1047 223/1065/1048
f 222/1115/1098 223/1065/1048 241/1116/1099
f 241/1116/1099 223/1065/1048 240/1066/1049
f 241/1116/1099 240/1066/1049 183/1117/1100
f 183/1117/1100 240/1066/1049 184/1067/1050
f 183/1117/1100 184/1067/1050 202/1118/1101
f 202/1118/1101 184/1067/1050 201/1068/1051
f 202/1118/1101 201/1068/1051 144/1119/1102
f 144/1119/1102 201/1068/1051 145/172/171
f 144/1119/1102 145/172/171 163/170/169
f 1145/302/298 85/301/297 84/355/351
f 84/355/351 83/357/353 1146/1120/1103
f 1146/1120/1103 83/357/353 1147/1069/1052
f 1146/1120/1103 1147/1069/1052 1126/1121/1104
f 1126/1121/1104 1147/1069/1052 1127/1070/1053
f 1126/1121/1104 1127/1070/1053 1106/1122/1105
f 1106/1122/1105 1127/1070/1053 1107/1071/1054
f 1106/1122/1105 1107/1071/1054 1086/1123/1106
f 1086/1123/1106 1107/1071/1054 1087/1072/1055
f 1086/1123/1106 1087/1072/1055 1066/1124/1107
f 1066/1124/1107 1087/1072/1055 1067/1073/1056
f 1066/1124/1107 1067/1073/1056 1046/1125/1108
f 1046/1125/1108 1067/1073/1056 1047/1074/1057
f 1046/1125/1108 1047/1074/1057 1026/1126/1109
f 1026/1126/1109 1047/1074/1057 1027/1075/1058
f 1026/1126/1109 1027/1075/1058 1006/1127/1110
f 1006/1127/1110 1027/1075/1058 1007/1076/1059
f 1006/1127/1110 1007/1076/1059 967/1128/1111
f 967/1128/1111 1007/1076/1059 968/1077/1060
f 967/1128/1111 968/1077/1060 988/1129/1112
f 988/1129/1112 968/1077/1060 987/1078/1061
f 988/1129/1112 987/1078/1061 947/1130/1113
f 947/1130/1113 987/1078/1061 948/1079/1062
f 947/1130/1113 948/1079/1062 927/1131/1114
f 927/1131/1114 948/1079/1062 928/1080/1063
f 927/1131/1114 928/1080/1063 907/1132/1115
f 907/1132/1115 928/1080/1063 908/1081/1064
f 907/1132/1115 908/1081/1064 887/1133/1116
f 887/1133/1116 908/1081/1064 888/1082/1065
f 887/1133/1116 888/1082/1065 847/1134/1117
f 847/1134/1117 888/1082/1065 848/1083/1066
f 847/1134/1117 848/1083/1066 868/1135/1118
f 868/1135/1118 848/1083/1066 867/1084/1067
f 868/1135/1118 867/1084/1067 807/1136/1119
f 807/1136/1119 867/1084/1067 808/1085/1068
f 807/1136/1119 808/1085/1068 828/1137/1120
f 828/1137/1120 808/1085/1068 827/1086/1069
f 828/1137/1120 827/1086/1069 768/1138/1121
f 768/1138/1121 827/1086/1069 769/1087/1070
f 768/1138/1121 769/1087/1070 789/1139/1122
f 789/1139/1122 769/1087/1070 788/1088/1071
f 789/1139/1122 788/1088/1071 749/1140/1123
f 749/1140/1123 788/1088/1071 750/1089/1072
f 749/1140/1123 750/1089/1072 730/1141/1124
f 730/1141/1124 750/1089/1072 731/1090/1073
f 730/1141/1124 731/1090/1073 710/1142/1125
f 710/1142/1125 731/1090/1073 711/1091/1074
f 710/1142/1125 711/1091/1074 670/1143/1126
f 670/1143/1126 711/1091/1074 671/1092/1075
f 670/1143/1126 671/1092/1075 691/1144/1127
f 691/1144/1127 671/1092/1075 690/1093/1076
f 691/1144/1127 690/1093/1076 630/1145/1128
f 630/1145/1128 690/1093/1076 631/1094/1077
f 630/1145/1128 631/1094/1077 651/1146/1129
f 651/1146/1129 631/1094/1077 650/1095/1078
f 651/1146/1129 650/1095/1078 592/1147/1130
f 592/1147/1130 650/1095/1078 593/1096/1079
f 592/1147/1130 593/1096/1079 613/1148/1131
f 613/1148/1131 593/1096/1079 612/1097/1080
f 613/1148/1131 612/1097/1080 554/1149/1132
f 554/1149/1132 612/1097/1080 555/1098/1081
f 554/1149/1132 555/1098/1081 575/1150/1133
f 575/1150/1133 555/1098/1081 574/1099/1082
f 575/1150/1133 574/1099/1082 515/1151/1134
f 515/1151/1134 574/1099/1082 516/1100/1083
f 515/1151/1134 516/1100/1083 536/1152/1135
f 536/1152/1135 516/1100/1083 535/1101/1084
f 536/1152/1135 535/1101/1084 476/1153/1136
f 476/1153/1136 535/1101/1084 477/1102/1085
f 476/1153/1136 477/1102/1085 497/1154/1137
f 497/1154/1137 477/1102/1085 496/1103/1086
f 497/1154/1137 496/1103/1086 437/1155/1138
f 437/1155/1138 496/1103/1086 438/1104/1087
f 437/1155/1138 438/1104/1087 458/1156/1139
f 458/1156/1139 438/1104/1087 457/1105/1088
f 458/1156/1139 457/1105/1088 417/1157/1140
f 417/1157/1140 457/1105/1088 418/1106/1089
f 417/1157/1140 418/1106/1089 397/1158/1141
f 397/1158/1141 418/1106/1089 398/1107/1090
f 397/1158/1141 398/1107/1090 377/1159/1142
f 377/1159/1142 398/1107/1090 378/1108/1091
f 377/1159/1142 378/1108/1091 338/1160/1143
f 338/1160/1143 378/1108/1091 339/1109/1092
f 338/1160/1143 339/1109/1092 359/1161/1144
f 359/1161/1144 339/1109/1092 358/1110/1093
f 359/1161/1144 358/1110/1093 299/1162/1145
f 299/1162/1145 358/1110/1093 300/1111/1094
f 299/1162/1145 300/1111/1094 320/1163/1146
f 320/1163/1146 300/1111/1094 319/1112/1095
f 320/1163/1146 319/1112/1095 260/1164/1147
f 260/1164/1147 319/1112/1095 261/1113/1096
f 260/1164/1147 261/1113/1096 281/1165/1148
f 281/1165/1148 261/1113/1096 280/1114/1097
f 281/1165/1148 280/1114/1097 221/1166/1149
f 221/1166/1149 280/1114/1097 222/1115/1098
f 221/1166/1149 222/1115/1098 242/1167/1150
f 242/1167/1150 222/1115/1098 241/1116/1099
f 242/1167/1150 241/1116/1099 182/1168/1151
f 182/1168/1151 241/1116/1099 183/1117/1100
f 182/1168/1151 183/1117/1100 203/1169/1152
f 203/1169/1152 183/1117/1100 202/1118/1101
f 203/1169/1152 202/1118/1101 143/1170/1153
f 143/1170/1153 202/1118/1101 144/1119/1102
f 143/1170/1153 144/1119/1102 164/1171/1154
f 164/1171/1154 144/1119/1102 163/170/169
f 164/1171/1154 163/170/169 123/168/167
f 90/48/48 89/50/50 1140/1172/1155
f 1140/1172/1155 89/50/50 1141/52/52
f 1140/1172/1155 1141/52/52 1120/1173/1156
f 1120/1173/1156 1141/52/52 1121/54/54
f 1120/1173/1156 1121/54/54 1100/1174/1157
f 1100/1174/1157 1121/54/54 1101/56/56
f 1100/1174/1157 1101/56/56 1080/1175/1158
f 1080/1175/1158 1101/56/56 1081/58/58
f 1080/1175/1158 1081/58/58 1060/1176/1159
f 1060/1176/1159 1081/58/58 1061/60/60
f 1060/1176/1159 1061/60/60 1040/1177/1160
f 1040/1177/1160 1061/60/60 1041/62/62
f 1040/1177/1160 1041/62/62 1020/1178/1161
f 1020/1178/1161 1041/62/62 1021/64/64
f 1020/1178/1161 1021/64/64 1000/937/920
f 91/46/46 90/48/48 1139/1179/1162
f 1139/1179/1162 90/48/48 1140/1172/1155
f 1139/1179/1162 1140/1172/1155 1119/1180/1163
f 1119/1180/1163 1140/1172/1155 1120/1173/1156
f 1119/1180/1163 1120/1173/1156 1099/1181/1164
f 1099/1181/1164 1120/1173/1156 1100/1174/1157
f 1099/1181/1164 1100/1174/1157 1079/1182/1165
f 1079/1182/1165 1100/1174/1157 1080/1175/1158
f 1079/1182/1165 1080/1175/1158 1059/1183/1166
f 1059/1183/1166 1080/1175/1158 1060/1176/1159
f 1059/1183/1166 1060/1176/1159 1039/1184/1167
f 1039/1184/1167 1060/1176/1159 1040/1177/1160
f 1039/1184/1167 1040/1177/1160 1019/1185/1168
f 1019/1185/1168 1040/1177/1160 1020/1178/1161
f 1019/1185/1168 1020/1178/1161 999/1186/1169
f 999/1186/1169 1020/1178/1161 1000/937/920
f 999/1186/1169 1000/937/920 960/936/919
f 1137/956/939 93/42/42 92/44/44
f 92/44/44 91/46/46 1138/1187/1170
f 1138/1187/1170 91/46/46 1139/1179/1162
f 1138/1187/1170 1139/1179/1162 1118/1188/1171
f 1118/1188/1171 1139/1179/1162 1119/1180/1163
f 1118/1188/1171 1119/1180/1163 1098/1189/1172
f 1098/1189/1172 1119/1180/1163 1099/1181/1164
f 1098/1189/1172 1099/1181/1164 1078/1190/1173
f 1078/1190/1173 1099/1181/1164 1079/1182/1165
f 1078/1190/1173 1079/1182/1165 1058/1191/1174
f 1058/1191/1174 1079/1182/1165 1059/1183/1166
f 1058/1191/1174 1059/1183/1166 1038/1192/1175
f 1038/1192/1175 1059/1183/1166 1039/1184/1167
f 1038/1192/1175 1039/1184/1167 1018/1193/1176
f 1018/1193/1176 1039/1184/1167 1019/1185/1168
f 1018/1193/1176 1019/1185/1168 998/1194/1177
f 998/1194/1177 1019/1185/1168 999/1186/1169
f 998/1194/1177 999/1186/1169 959/1195/1178
f 959/1195/1178 999/1186/1169 960/936/919
f 959/1195/1178 960/936/919 996/935/918
f 94/769/753 115/774/757 95/767/752
f 95/767/752 115/774/757 116/1196/1179
f 95/767/752 116/1196/1179 96/765/751
f 96/765/751 116/1196/1179 117/1197/1180
f 96/765/751 117/1197/1180 97/763/750
f 97/763/750 117/1197/1180 118/156/156
f 97/763/750 118/156/156 98/158/158
f 123/168/167 102/166/165 122/354/350
f 107/753/743 106/755/744 127/1198/1181
f 127/1198/1181 106/755/744 126/757/746
f 127/1198/1181 126/757/746 160/1199/1182
f 160/1199/1182 126/757/746 161/759/748
f 160/1199/1182 161/759/748 147/1200/1183
f 147/1200/1183 161/759/748 146/173/172
f 147/1200/1183 146/173/172 199/175/174
f 108/751/742 107/753/743 128/1201/1184
f 128/1201/1184 107/753/743 127/1198/1181
f 128/1201/1184 127/1198/1181 159/1202/1185
f 159/1202/1185 127/1198/1181 160/1199/1182
f 159/1202/1185 160/1199/1182 148/1203/1186
f 148/1203/1186 160/1199/1182 147/1200/1183
f 148/1203/1186 147/1200/1183 198/1204/1187
f 198/1204/1187 147/1200/1183 199/175/174
f 198/1204/1187 199/175/174 187/177/176
f 109/749/741 108/751/742 129/1205/1188
f 129/1205/1188 108/751/742 128/1201/1184
f 129/1205/1188 128/1201/1184 158/1206/1189
f 158/1206/1189 128/1201/1184 159/1202/1185
f 158/1206/1189 159/1202/1185 149/1207/1190
f 149/1207/1190 159/1202/1185 148/1203/1186
f 149/1207/1190 148/1203/1186 197/1208/1191
f 197/1208/1191 148/1203/1186 198/1204/1187
f 197/1208/1191 198/1204/1187 188/1209/1192
f 188/1209/1192 198/1204/1187 187/177/176
f 188/1209/1192 187/177/176 236/179/178
f 110/747/740 109/749/741 130/1210/1193
f 130/1210/1193 109/749/741 129/1205/1188
f 130/1210/1193 129/1205/1188 157/1211/1194
f 157/1211/1194 129/1205/1188 158/1206/1189
f 157/1211/1194 158/1206/1189 150/1212/1195
f 150/1212/1195 158/1206/1189 149/1207/1190
f 150/1212/1195 149/1207/1190 196/1213/1196
f 196/1213/1196 149/1207/1190 197/1208/1191
f 196/1213/1196 197/1208/1191 189/1214/1197
f 189/1214/1197 197/1208/1191 188/1209/1192
f 189/1214/1197 188/1209/1192 235/1215/1198
f 235/1215/1198 188/1209/1192 236/179/178
f 235/1215/1198 236/179/178 228/181/180
f 111/745/739 110/747/740 131/1216/1199
f 131/1216/1199 110/747/740 130/1210/1193
f 131/1216/1199 130/1210/1193 156/1217/1200
f 156/1217/1200 130/1210/1193 157/1211/1194
f 156/1217/1200 157/1211/1194 151/1218/1201
f 151/1218/1201 157/1211/1194 150/1212/1195
f 151/1218/1201 150/1212/1195 195/1219/1202
f 195/1219/1202 150/1212/1195 196/1213/1196
f 195/1219/1202 196/1213/1196 190/1220/1203
f 190/1220/1203 196/1213/1196 189/1214/1197
f 190/1220/1203 189/1214/1197 234/1221/1204
f 234/1221/1204 189/1214/1197 235/1215/1198
f 234/1221/1204 235/1215/1198 229/1222/1205
f 229/1222/1205 235/1215/1198 228/181/180
f 229/1222/1205 228/181/180 273/183/182
f 133/1015/998 113/743/737 112/741/736
f 112/741/736 111/745/739 132/1223/1206
f 132/1223/1206 111/745/739 131/1216/1199
f 132/1223/1206 131/1216/1199 155/1224/1207
f 155/1224/1207 131/1216/1199 156/1217/1200
f 155/1224/1207 156/1217/1200 152/1225/1208
f 152/1225/1208 156/1217/1200 151/1218/1201
f 152/1225/1208 151/1218/1201 194/1226/1209
f 194/1226/1209 151/1218/1201 195/1219/1202
f 194/1226/1209 195/1219/1202 191/1227/1210
f 191/1227/1210 195/1219/1202 190/1220/1203
f 191/1227/1210 190/1220/1203 233/1228/1211
f 233/1228/1211 190/1220/1203 234/1221/1204
f 233/1228/1211 234/1221/1204 230/1229/1212
f 230/1229/1212 234/1221/1204 229/1222/1205
f 230/1229/1212 229/1222/1205 272/1230/1213
f 272/1230/1213 229/1222/1205 273/183/182
f 272/1230/1213 273/183/182 269/185/184
f 115/774/757 171/776/759 116/1196/1179
f 116/1196/1179 171/776/759 170/1231/1214
f 116/1196/1179 170/1231/1214 117/1197/1180
f 117/1197/1180 170/1231/1214 169/154/154
f 117/1197/1180 169/154/154 118/156/156
f 164/1171/1154 123/168/167 122/354/350
f 164/1171/1154 122/354/350 165/353/349
f 154/1013/996 133/1015/998 132/1223/1206
f 132/1223/1206 133/1015/998 112/741/736
f 154/1013/996 132/1223/1206 155/1224/1207
f 134/782/765 135/1232/1215 73/780/763
f 73/780/763 135/1232/1215 172/775/758
f 73/780/763 172/775/758 114/773/756
f 172/775/758 135/1232/1215 136/777/760
f 136/777/760 135/1232/1215 210/1233/1216
f 136/777/760 210/1233/1216 209/779/762
f 209/779/762 210/1233/1216 176/1234/1217
f 209/779/762 176/1234/1217 177/148/148
f 177/148/148 176/1234/1217 247/146/146
f 210/1233/1216 135/1232/1215 211/784/767
f 211/784/767 135/1232/1215 134/782/765
f 170/1231/1214 171/776/759 137/778/761
f 169/154/154 170/1231/1214 138/152/152
f 138/152/152 170/1231/1214 137/778/761
f 138/152/152 137/778/761 208/150/150
f 164/1171/1154 165/353/349 143/1170/1153
f 143/1170/1153 165/353/349 142/352/348
f 143/1170/1153 142/352/348 203/1169/1152
f 203/1169/1152 142/352/348 204/351/347
f 203/1169/1152 204/351/347 182/1168/1151
f 182/1168/1151 204/351/347 181/350/346
f 182/1168/1151 181/350/346 242/1167/1150
f 242/1167/1150 181/350/346 243/349/345
f 242/1167/1150 243/349/345 221/1166/1149
f 221/1166/1149 243/349/345 220/348/344
f 221/1166/1149 220/348/344 281/1165/1148
f 281/1165/1148 220/348/344 282/347/343
f 281/1165/1148 282/347/343 260/1164/1147
f 260/1164/1147 282/347/343 259/346/342
f 260/1164/1147 259/346/342 320/1163/1146
f 320/1163/1146 259/346/342 321/345/341
f 320/1163/1146 321/345/341 299/1162/1145
f 299/1162/1145 321/345/341 298/344/340
f 299/1162/1145 298/344/340 359/1161/1144
f 359/1161/1144 298/344/340 360/343/339
f 359/1161/1144 360/343/339 338/1160/1143
f 338/1160/1143 360/343/339 337/342/338
f 338/1160/1143 337/342/338 377/1159/1142
f 377/1159/1142 337/342/338 376/341/337
f 377/1159/1142 376/341/337 397/1158/1141
f 397/1158/1141 376/341/337 396/340/336
f 397/1158/1141 396/340/336 417/1157/1140
f 417/1157/1140 396/340/336 416/339/335
f 417/1157/1140 416/339/335 458/1156/1139
f 458/1156/1139 416/339/335 459/338/334
f 458/1156/1139 459/338/334 437/1155/1138
f 437/1155/1138 459/338/334 436/337/333
f 437/1155/1138 436/337/333 497/1154/1137
f 497/1154/1137 436/337/333 498/336/332
f 497/1154/1137 498/336/332 476/1153/1136
f 476/1153/1136 498/336/332 475/335/331
f 476/1153/1136 475/335/331 536/1152/1135
f 536/1152/1135 475/335/331 537/334/330
f 536/1152/1135 537/334/330 515/1151/1134
f 515/1151/1134 537/334/330 514/333/329
f 515/1151/1134 514/333/329 575/1150/1133
f 575/1150/1133 514/333/329 576/332/328
f 575/1150/1133 576/332/328 554/1149/1132
f 554/1149/1132 576/332/328 553/331/327
f 554/1149/1132 553/331/327 613/1148/1131
f 613/1148/1131 553/331/327 614/330/326
f 613/1148/1131 614/330/326 592/1147/1130
f 592/1147/1130 614/330/326 591/329/325
f 592/1147/1130 591/329/325 651/1146/1129
f 651/1146/1129 591/329/325 652/328/324
f 651/1146/1129 652/328/324 630/1145/1128
f 630/1145/1128 652/328/324 629/327/323
f 630/1145/1128 629/327/323 691/1144/1127
f 691/1144/1127 629/327/323 692/326/322
f 691/1144/1127 692/326/322 670/1143/1126
f 670/1143/1126 692/326/322 669/325/321
f 670/1143/1126 669/325/321 710/1142/1125
f 710/1142/1125 669/325/321 709/324/320
f 710/1142/1125 709/324/320 730/1141/1124
f 730/1141/1124 709/324/320 729/323/319
f 730/1141/1124 729/323/319 749/1140/1123
f 749/1140/1123 729/323/319 748/322/318
f 749/1140/1123 748/322/318 789/1139/1122
f 789/1139/1122 748/322/318 790/321/317
f 789/1139/1122 790/321/317 768/1138/1121
f 768/1138/1121 790/321/317 767/320/316
f 768/1138/1121 767/320/316 828/1137/1120
f 828/1137/1120 767/320/316 829/319/315
f 828/1137/1120 829/319/315 807/1136/1119
f 807/1136/1119 829/319/315 806/318/314
f 807/1136/1119 806/318/314 868/1135/1118
f 868/1135/1118 806/318/314 869/317/313
f 868/1135/1118 869/317/313 847/1134/1117
f 847/1134/1117 869/317/313 846/316/312
f 847/1134/1117 846/316/312 887/1133/1116
f 887/1133/1116 846/316/312 886/315/311
f 887/1133/1116 886/315/311 907/1132/1115
f 907/1132/1115 886/315/311 906/314/310
f 907/1132/1115 906/314/310 927/1131/1114
f 927/1131/1114 906/314/310 926/313/309
f 927/1131/1114 926/313/309 947/1130/1113
f 947/1130/1113 926/313/309 946/312/308
f 947/1130/1113 946/312/308 988/1129/1112
f 988/1129/1112 946/312/308 989/311/307
f 988/1129/1112 989/311/307 967/1128/1111
f 967/1128/1111 989/311/307 966/310/306
f 967/1128/1111 966/310/306 1006/1127/1110
f 1006/1127/1110 966/310/306 1005/309/305
f 1006/1127/1110 1005/309/305 1026/1126/1109
f 1026/1126/1109 1005/309/305 1025/308/304
f 1026/1126/1109 1025/308/304 1046/1125/1108
f 1046/1125/1108 1025/308/304 1045/307/303
f 1046/1125/1108 1045/307/303 1066/1124/1107
f 1066/1124/1107 1045/307/303 1065/306/302
f 1066/1124/1107 1065/306/302 1086/1123/1106
f 1086/1123/1106 1065/306/302 1085/305/301
f 1086/1123/1106 1085/305/301 1106/1122/1105
f 1106/1122/1105 1085/305/301 1105/304/300
f 1106/1122/1105 1105/304/300 1126/1121/1104
f 1126/1121/1104 1105/304/300 1125/303/299
f 1126/1121/1104 1125/303/299 1146/1120/1103
f 1146/1120/1103 1125/303/299 1145/302/298
f 1146/1120/1103 1145/302/298 84/355/351
f 154/1013/996 155/1224/1207 153/1011/994
f 153/1011/994 155/1224/1207 152/1225/1208
f 153/1011/994 152/1225/1208 193/1009/992
f 193/1009/992 152/1225/1208 194/1226/1209
f 193/1009/992 194/1226/1209 192/1007/990
f 192/1007/990 194/1226/1209 191/1227/1210
f 192/1007/990 191/1227/1210 232/1005/988
f 232/1005/988 191/1227/1210 233/1228/1211
f 232/1005/988 233/1228/1211 231/1003/986
f 231/1003/986 233/1228/1211 230/1229/1212
f 231/1003/986 230/1229/1212 271/1001/984
f 271/1001/984 230/1229/1212 272/1230/1213
f 271/1001/984 272/1230/1213 270/999/982
f 270/999/982 272/1230/1213 269/185/184
f 270/999/982 269/185/184 310/187/186
f 210/1233/1216 211/784/767 175/786/769
f 210/1233/1216 175/786/769 176/1234/1217
f 176/1234/1217 175/786/769 248/788/771
f 176/1234/1217 248/788/771 247/146/146
f 247/146/146 248/788/771 216/144/144
f 212/797/780 213/1235/1218 71/795/778
f 71/795/778 213/1235/1218 250/792/775
f 71/795/778 250/792/775 173/791/774
f 250/792/775 213/1235/1218 214/793/776
f 214/793/776 213/1235/1218 288/1236/1219
f 214/793/776 288/1236/1219 287/794/777
f 287/794/777 288/1236/1219 254/1237/1220
f 287/794/777 254/1237/1220 255/140/140
f 255/140/140 254/1237/1220 325/138/138
f 288/1236/1219 213/1235/1218 289/799/782
f 289/799/782 213/1235/1218 212/797/780
f 288/1236/1219 289/799/782 253/801/784
f 288/1236/1219 253/801/784 254/1237/1220
f 254/1237/1220 253/801/784 326/803/786
f 254/1237/1220 326/803/786 325/138/138
f 325/138/138 326/803/786 294/136/136
f 290/812/795 291/1238/1221 69/810/793
f 69/810/793 291/1238/1221 328/807/790
f 69/810/793 328/807/790 251/806/789
f 328/807/790 291/1238/1221 292/808/791
f 292/808/791 291/1238/1221 366/1239/1222
f 292/808/791 366/1239/1222 365/809/792
f 365/809/792 366/1239/1222 332/1240/1223
f 365/809/792 332/1240/1223 333/132/132
f 333/132/132 332/1240/1223 372/130/130
f 366/1239/1222 291/1238/1221 367/814/797
f 367/814/797 291/1238/1221 290/812/795
f 366/1239/1222 367/814/797 331/816/799
f 366/1239/1222 331/816/799 332/1240/1223
f 332/1240/1223 331/816/799 371/818/801
f 332/1240/1223 371/818/801 372/130/130
f 372/130/130 371/818/801 392/128/128
f 428/842/825 429/1241/1224 67/840/823
f 67/840/823 429/1241/1224 466/837/820
f 67/840/823 466/837/820 408/836/819
f 466/837/820 429/1241/1224 430/838/821
f 430/838/821 429/1241/1224 504/1242/1225
f 430/838/821 504/1242/1225 503/839/822
f 503/839/822 504/1242/1225 470/1243/1226
f 503/839/822 470/1243/1226 471/118/118
f 471/118/118 470/1243/1226 541/116/116
f 504/1242/1225 429/1241/1224 505/844/827
f 505/844/827 429/1241/1224 428/842/825
f 504/1242/1225 505/844/827 469/846/829
f 504/1242/1225 469/846/829 470/1243/1226
f 470/1243/1226 469/846/829 542/848/831
f 470/1243/1226 542/848/831 541/116/116
f 541/116/116 542/848/831 510/114/114
f 506/857/840 507/1244/1227 65/855/838
f 65/855/838 507/1244/1227 544/852/835
f 65/855/838 544/852/835 467/851/834
f 544/852/835 507/1244/1227 508/853/836
f 508/853/836 507/1244/1227 582/1245/1228
f 508/853/836 582/1245/1228 581/854/837
f 581/854/837 582/1245/1228 548/1246/1229
f 581/854/837 548/1246/1229 549/110/110
f 549/110/110 548/1246/1229 618/108/108
f 582/1245/1228 507/1244/1227 583/859/842
f 583/859/842 507/1244/1227 506/857/840
f 582/1245/1228 583/859/842 547/861/844
f 582/1245/1228 547/861/844 548/1246/1229
f 548/1246/1229 547/861/844 619/863/846
f 548/1246/1229 619/863/846 618/108/108
f 618/108/108 619/863/846 587/106/106
f 62/872/855 584/1247/1230 63/870/853
f 63/870/853 584/1247/1230 621/867/850
f 63/870/853 621/867/850 545/866/849
f 621/867/850 584/1247/1230 585/868/851
f 585/868/851 584/1247/1230 658/1248/1231
f 585/868/851 658/1248/1231 657/869/852
f 657/869/852 658/1248/1231 624/1249/1232
f 657/869/852 624/1249/1232 625/102/102
f 625/102/102 624/1249/1232 696/100/100
f 584/1247/1230 62/872/855 659/1250/1233
f 659/1250/1233 62/872/855 660/874/857
f 659/1250/1233 660/874/857 622/876/859
f 622/876/859 623/1251/1234 659/1250/1233
f 659/1250/1233 623/1251/1234 658/1248/1231
f 659/1250/1233 658/1248/1231 584/1247/1230
f 658/1248/1231 623/1251/1234 624/1249/1232
f 624/1249/1232 623/1251/1234 697/1252/1235
f 624/1249/1232 697/1252/1235 696/100/100
f 696/100/100 697/1252/1235 665/98/98
f 697/1252/1235 623/1251/1234 698/878/861
f 698/878/861 623/1251/1234 622/876/859
f 700/883/866 661/887/870 662/884/867
f 662/884/867 661/887/870 702/1253/1236
f 662/884/867 702/1253/1236 703/885/868
f 703/885/868 702/1253/1236 723/1254/1237
f 703/885/868 723/1254/1237 724/886/869
f 724/886/869 723/1254/1237 743/1255/1238
f 724/886/869 743/1255/1238 744/92/92
f 744/92/92 743/1255/1238 794/90/90
f 697/1252/1235 698/878/861 664/880/863
f 705/96/96 665/98/98 664/880/863
f 664/880/863 665/98/98 697/1252/1235
f 661/887/870 701/889/872 702/1253/1236
f 702/1253/1236 701/889/872 722/1256/1239
f 702/1253/1236 722/1256/1239 723/1254/1237
f 723/1254/1237 722/1256/1239 742/1257/1240
f 723/1254/1237 742/1257/1240 743/1255/1238
f 743/1255/1238 742/1257/1240 795/1258/1241
f 743/1255/1238 795/1258/1241 794/90/90
f 794/90/90 795/1258/1241 763/88/88
f 701/889/872 721/891/874 722/1256/1239
f 722/1256/1239 721/891/874 741/1259/1242
f 722/1256/1239 741/1259/1242 742/1257/1240
f 742/1257/1240 741/1259/1242 796/1260/1243
f 742/1257/1240 796/1260/1243 795/1258/1241
f 795/1258/1241 796/1260/1243 762/1261/1244
f 795/1258/1241 762/1261/1244 763/88/88
f 763/88/88 762/1261/1244 833/86/86
f 721/891/874 60/893/876 741/1259/1242
f 741/1259/1242 60/893/876 797/1262/1245
f 741/1259/1242 797/1262/1245 796/1260/1243
f 796/1260/1243 797/1262/1245 761/1263/1246
f 796/1260/1243 761/1263/1246 762/1261/1244
f 762/1261/1244 761/1263/1246 834/1264/1247
f 762/1261/1244 834/1264/1247 833/86/86
f 833/86/86 834/1264/1247 802/84/84
f 798/895/878 760/897/880 797/1262/1245
f 797/1262/1245 760/897/880 761/1263/1246
f 834/1264/1247 761/1263/1246 835/899/882
f 835/899/882 761/1263/1246 760/897/880
f 60/893/876 798/895/878 797/1262/1245
f 837/904/887 58/908/891 799/905/888
f 799/905/888 58/908/891 876/1265/1248
f 799/905/888 876/1265/1248 875/906/889
f 875/906/889 876/1265/1248 840/1266/1249
f 875/906/889 840/1266/1249 841/907/890
f 841/907/890 840/1266/1249 881/1267/1250
f 841/907/890 881/1267/1250 882/78/78
f 882/78/78 881/1267/1250 902/76/76
f 834/1264/1247 835/899/882 801/901/884
f 873/82/82 802/84/84 801/901/884
f 801/901/884 802/84/84 834/1264/1247
f 877/910/893 839/912/895 876/1265/1248
f 876/1265/1248 839/912/895 840/1266/1249
f 881/1267/1250 840/1266/1249 880/914/897
f 880/914/897 840/1266/1249 839/912/895
f 58/908/891 877/910/893 876/1265/1248
f 902/76/76 881/1267/1250 901/916/899
f 901/916/899 881/1267/1250 880/914/897
f 922/74/74 902/76/76 901/916/899
f 958/940/923 959/1195/1178 57/938/921
f 57/938/921 959/1195/1178 996/935/918
f 57/938/921 996/935/918 938/934/917
f 959/1195/1178 958/940/923 998/1194/1177
f 998/1194/1177 958/940/923 997/942/925
f 998/1194/1177 997/942/925 1018/1193/1176
f 1018/1193/1176 997/942/925 1017/944/927
f 1018/1193/1176 1017/944/927 1038/1192/1175
f 1038/1192/1175 1017/944/927 1037/946/929
f 1038/1192/1175 1037/946/929 1058/1191/1174
f 1058/1191/1174 1037/946/929 1057/948/931
f 1058/1191/1174 1057/948/931 1078/1190/1173
f 1078/1190/1173 1057/948/931 1077/950/933
f 1078/1190/1173 1077/950/933 1098/1189/1172
f 1098/1189/1172 1077/950/933 1097/952/935
f 1098/1189/1172 1097/952/935 1118/1188/1171
f 1118/1188/1171 1097/952/935 1117/954/937
f 1118/1188/1171 1117/954/937 1138/1187/1170
f 1138/1187/1170 1117/954/937 1137/956/939
f 1138/1187/1170 1137/956/939 92/44/44
g Body57

v 0.000000 -0.735277 -0.234401
v 0.025000 -0.735277 -0.234401
v 0.033423 -0.734717 -0.234557
v 0.041654 -0.733067 -0.235019
v 0.057051 -0.726763 -0.236755
v 0.070391 -0.717091 -0.239339
v 0.081289 -0.704863 -0.242472
v 0.089630 -0.690820 -0.245903
v 0.095462 -0.675564 -0.249433
v 0.098883 -0.659571 -0.252935
v 0.100000 -0.643259 -0.256310
v 0.100000 -0.425845 -0.287550
v 0.100000 -0.276524 -0.298424
v 0.100000 -0.102530 -0.305116
v 0.100000 0.278668 -0.304836
v 0.100000 0.684177 -0.290890
v 0.100000 1.494073 -0.242573
v 0.100000 1.722473 -0.225137
v 0.100000 1.978575 -0.204062
v 0.100000 2.271127 -0.178587
v 0.100000 2.608877 -0.147954
v 0.096114 2.676405 -0.141702
v 0.083648 2.740384 -0.135723
v 0.063907 2.788340 -0.131207
v 0.057368 2.798051 -0.130289
v 0.048627 2.807710 -0.129374
v 0.043451 2.811852 -0.128982
v 0.037729 2.815179 -0.128666
v 0.031512 2.817378 -0.128458
v 0.025000 2.818152 -0.128384
v 0.000000 2.818152 -0.128384
v -0.025000 2.818152 -0.128384
v -0.030435 2.817613 -0.128435
v -0.035678 2.816064 -0.128582
v -0.040635 2.813649 -0.128811
v -0.045217 2.810562 -0.129104
v -0.053328 2.802954 -0.129825
v -0.060250 2.794055 -0.130667
v -0.071644 2.773514 -0.132606
v -0.081461 2.747644 -0.135042
v -0.095246 2.683245 -0.141065
v -0.100000 2.608877 -0.147954
v -0.100000 2.232451 -0.182022
v -0.100000 1.911323 -0.209732
v -0.100000 1.633342 -0.232136
v -0.100000 1.386353 -0.250286
v -0.100000 0.495760 -0.298644
v -0.100000 0.115573 -0.306918
v -0.100000 -0.201122 -0.302034
v -0.100000 -0.459102 -0.283843
v -0.100000 -0.563243 -0.270445
v -0.100000 -0.643259 -0.256310
v -0.098835 -0.659911 -0.252864
v -0.095295 -0.676121 -0.249310
v -0.089305 -0.691490 -0.245742
v -0.080791 -0.705539 -0.242304
v -0.069776 -0.717646 -0.239192
v -0.056427 -0.727109 -0.236660
v -0.041230 -0.733180 -0.234987
v -0.033166 -0.734751 -0.234548
v -0.025000 -0.735277 -0.234401
v 0.025000 2.818287 -0.128423
v 0.000000 2.818287 -0.128423
v -0.025000 2.818287 -0.128423
v 0.100000 2.808635 -0.203668
v 0.099999 2.808685 -0.203279
v 0.098502 2.810554 -0.188706
v 0.094215 2.812352 -0.174689
v 0.087303 2.814008 -0.161778
v 0.078014 2.815462 -0.150442
v 0.066677 2.816660 -0.141110
v 0.053727 2.817551 -0.134161
v 0.039650 2.818101 -0.129872
v 0.098508 2.801887 -0.186327
v 0.094135 2.805942 -0.172678
v 0.089952 2.808352 -0.164585
v 0.057655 2.817025 -0.135847
v 0.070344 2.814744 -0.143293
v 0.081251 2.811814 -0.153007
v 0.100000 -0.707260 -0.308255
v 0.100000 -1.312709 -0.338608
v 0.100000 -1.916500 -0.390691
v 0.100000 -1.959847 -0.399166
v 0.100000 -2.001418 -0.414071
v 0.100000 -2.010982 -0.419674
v 0.100000 -2.019626 -0.426526
v 0.100000 -2.026787 -0.434906
v 0.100000 -2.032083 -0.444604
v 0.100000 -2.038068 -0.465854
v 0.100000 -2.039818 -0.487877
v 0.100000 -2.039818 -0.950000
v 0.100000 -2.037110 -0.986735
v 0.100000 -2.033034 -1.004731
v 0.100000 -2.026229 -1.021859
v 0.100000 -2.015935 -1.037096
v 0.100000 -2.002393 -1.049563
v 0.100000 -1.970053 -1.067184
v 0.100000 -1.899073 -1.086894
v 0.100000 -1.825785 -1.097646
v 0.100000 -1.530483 -1.115456
v 0.100000 -0.942529 -1.132097
v 0.100000 -0.002402 -1.136500
v 0.100000 0.937607 -1.117614
v 0.100000 2.817159 -1.066548
v 0.100000 4.695127 -0.972595
v 0.100000 5.631193 -0.885689
v 0.100000 6.095863 -0.815249
v 0.100000 6.324760 -0.762135
v 0.100000 6.435929 -0.724370
v 0.100000 6.489002 -0.699243
v 0.100000 6.513784 -0.683509
v 0.100000 6.525141 -0.674211
v 0.100000 6.530297 -0.668991
v 0.100000 6.534691 -0.663126
v 0.100000 6.832696 -0.135314
v 0.100000 6.060978 -0.135314
v 0.039966 -0.734713 -0.235885
v 0.054221 -0.733062 -0.240236
v 0.067256 -0.730405 -0.247237
v 0.078523 -0.726884 -0.256517
v 0.087679 -0.722644 -0.267696
v 0.094415 -0.717867 -0.280287
v 0.098558 -0.712726 -0.293842
v 0.099999 -0.707405 -0.307873
v -0.100000 -0.707260 -0.308255
v -0.099999 -0.707405 -0.307873
v -0.098555 -0.712731 -0.293828
v -0.094405 -0.717876 -0.280264
v -0.087659 -0.722655 -0.267665
v -0.078513 -0.726888 -0.256508
v -0.067220 -0.730415 -0.247213
v -0.054201 -0.733065 -0.240227
v -0.039921 -0.734716 -0.235876
v -0.100000 2.808635 -0.203668
v -0.100000 4.434773 -0.167896
v -0.100000 6.060978 -0.135314
v -0.100000 6.832696 -0.135314
v -0.100000 6.534691 -0.663126
v -0.100000 6.530293 -0.668995
v -0.100000 6.525135 -0.674214
v -0.100000 6.513776 -0.683494
v -0.100000 6.488992 -0.699228
v -0.100000 6.435969 -0.724352
v -0.100000 6.324736 -0.762076
v -0.100000 6.096059 -0.815209
v -0.100000 5.631285 -0.885671
v -0.100000 4.695082 -0.972466
v -0.100000 2.817551 -1.066525
v -0.100000 0.937882 -1.117837
v -0.100000 -0.002203 -1.136583
v -0.100000 -0.942529 -1.132097
v -0.100000 -1.530829 -1.115467
v -0.100000 -1.826197 -1.097721
v -0.100000 -1.899208 -1.086873
v -0.100000 -1.970142 -1.067176
v -0.100000 -2.002466 -1.049546
v -0.100000 -2.015978 -1.037099
v -0.100000 -2.026220 -1.021826
v -0.100000 -2.033045 -1.004714
v -0.100000 -2.037172 -0.986799
v -0.100000 -2.039818 -0.950000
v -0.100000 -2.039818 -0.487877
v -0.100000 -2.038068 -0.465854
v -0.100000 -2.032083 -0.444604
v -0.100000 -2.026787 -0.434906
v -0.100000 -2.019625 -0.426526
v -0.100000 -2.010975 -0.419674
v -0.100000 -2.001416 -0.414071
v -0.100000 -1.959847 -0.399166
v -0.100000 -1.916500 -0.390691
v -0.100000 -1.312715 -0.338595
v -0.039650 2.818101 -0.129872
v -0.053727 2.817551 -0.134161
v -0.066677 2.816660 -0.141110
v -0.078014 2.815462 -0.150442
v -0.087303 2.814008 -0.161778
v -0.094215 2.812352 -0.174689
v -0.098502 2.810554 -0.188706
v -0.099999 2.808685 -0.203279
v -0.098508 2.801887 -0.186327
v -0.057655 2.817025 -0.135847
v -0.089952 2.808352 -0.164585
v -0.094135 2.805942 -0.172678
v -0.081251 2.811814 -0.153007
v -0.070344 2.814744 -0.143293
v 0.000000 6.961170 -0.060314
v 0.004877 6.960618 -0.060314
v 0.009567 6.958985 -0.060314
v 0.013889 6.956332 -0.060314
v 0.017678 6.952761 -0.060314
v 0.020787 6.948411 -0.060314
v 0.023097 6.943447 -0.060314
v 0.024520 6.938062 -0.060314
v 0.025000 6.932461 -0.060314
v 0.025000 6.961170 -0.060314
v -0.025000 6.932461 -0.060314
v -0.024520 6.938062 -0.060314
v -0.023097 6.943447 -0.060314
v -0.020787 6.948411 -0.060314
v -0.017678 6.952761 -0.060314
v -0.013889 6.956332 -0.060314
v -0.009567 6.958985 -0.060314
v -0.004877 6.960618 -0.060314
v -0.025000 6.961170 -0.060314
v 0.025000 3.028879 -0.123561
v 0.020617 2.907964 -0.126343
v 0.015219 2.860591 -0.127440
v 0.010120 2.835726 -0.128017
v 0.006464 2.825203 -0.128262
v 0.003931 2.820815 -0.128364
v 0.003122 2.819877 -0.128386
v 0.002211 2.819083 -0.128404
v 0.001703 2.818759 -0.128412
v 0.001160 2.818506 -0.128418
v 0.000590 2.818343 -0.128422
v -0.025000 6.600000 -0.700000
v -0.044411 6.597775 -0.698744
v -0.062500 6.591250 -0.695060
v -0.078033 6.580871 -0.689200
v -0.089952 6.567345 -0.681563
v -0.097444 6.551594 -0.672670
v -0.094291 6.881861 -0.106613
v -0.078033 6.923541 -0.082281
v -0.066668 6.939518 -0.072954
v -0.053701 6.951391 -0.066023
v -0.046771 6.955638 -0.063544
v -0.039632 6.958701 -0.061756
v -0.032351 6.960551 -0.060676
v -0.044411 6.778360 -0.378901
v -0.062500 6.771835 -0.375217
v -0.078033 6.761456 -0.369357
v -0.089952 6.747930 -0.361720
v -0.097444 6.732179 -0.352827
v -0.025000 -0.944506 -1.207071
v -0.044411 -0.944439 -1.204517
v -0.062500 -0.944241 -1.197027
v -0.078033 -0.943927 -1.185112
v -0.089952 -0.943518 -1.169584
v -0.097444 -0.943041 -1.151502
v -0.025000 6.586288 -0.718894
v -0.025000 6.576088 -0.729252
v -0.025000 6.558191 -0.743928
v -0.025000 6.525660 -0.764653
v -0.025000 6.464434 -0.793740
v -0.025000 6.345463 -0.834156
v -0.025000 6.110250 -0.888854
v -0.025000 5.640394 -0.960116
v -0.025000 4.700441 -1.047274
v -0.025000 2.820145 -1.141480
v -0.025000 0.939689 -1.192816
v -0.025000 -0.001274 -1.211576
v -0.098508 6.202500 -0.808246
v -0.043667 6.215155 -0.864649
v -0.098508 5.904933 -0.863111
v -0.043667 5.813290 -0.935050
v -0.098508 5.508701 -0.914931
v -0.098508 5.124508 -0.953136
v -0.098508 4.845065 -0.976195
v -0.043667 5.515132 -0.972378
v -0.043667 5.222971 -1.002217
v -0.043667 4.849494 -1.033831
v -0.098508 4.565433 -0.996341
v -0.098508 4.188506 -1.019843
v -0.098508 3.810190 -1.040080
v -0.098508 3.526426 -1.053441
v -0.098508 3.148044 -1.069224
v -0.043667 4.381230 -1.066210
v -0.043667 4.002439 -1.088062
v -0.043667 3.718369 -1.102431
v -0.043667 3.339648 -1.119361
v -0.043667 2.959335 -1.134167
v -0.098508 2.668591 -1.086374
v -0.098508 2.283622 -1.098228
v -0.098508 1.904107 -1.108649
v -0.098508 1.623598 -1.115813
v -0.098508 1.249614 -1.125154
v -0.043667 2.477902 -1.150267
v -0.043667 2.092677 -1.161430
v -0.043667 1.812085 -1.168856
v -0.043667 1.438022 -1.178304
v -0.043667 1.064030 -1.187486
v -0.098508 0.782144 -1.136268
v -0.098508 0.408130 -1.144415
v -0.098508 0.127533 -1.149584
v -0.043667 0.783507 -1.194058
v -0.043667 0.502897 -1.200247
v -0.043667 0.128447 -1.207382
v -0.098508 -0.157735 -1.152979
v -0.098508 -0.452190 -1.153775
v -0.043667 -0.452418 -1.211579
v -0.043667 -0.747633 -1.208854
v -0.098508 -0.844787 -1.149236
v -0.094135 -0.845095 -1.163471
v -0.089952 -0.845277 -1.171912
v -0.081251 -0.845538 -1.183994
v -0.070344 -0.845757 -1.194136
v -0.057655 -0.845927 -1.201920
v -0.043667 -0.846041 -1.207029
v -0.098508 0.033975 -1.150938
v -0.094135 0.034165 -1.165174
v -0.089952 0.034279 -1.173617
v -0.081251 0.034441 -1.185700
v -0.070344 0.034576 -1.195844
v -0.057655 0.034680 -1.203628
v -0.043667 0.034748 -1.208738
v -0.043667 -0.058981 -1.209868
v -0.057655 -0.059033 -1.204758
v -0.070344 -0.059115 -1.196973
v -0.081251 -0.059223 -1.186829
v -0.089952 -0.059352 -1.174746
v -0.094135 -0.059443 -1.166303
v -0.098508 -0.059594 -1.152066
v -0.098508 0.969135 -1.131923
v -0.094135 0.969478 -1.146157
v -0.089952 0.969682 -1.154598
v -0.081251 0.969974 -1.166679
v -0.070344 0.970220 -1.176821
v -0.057655 0.970407 -1.184604
v -0.043667 0.970529 -1.189713
v -0.043667 0.877022 -1.191905
v -0.057655 0.876901 -1.186796
v -0.070344 0.876716 -1.179013
v -0.081251 0.876473 -1.168870
v -0.089952 0.876183 -1.156790
v -0.094135 0.875981 -1.148349
v -0.098508 0.875640 -1.134115
v -0.098508 2.861028 -1.079836
v -0.094135 2.861527 -1.094065
v -0.089952 2.861824 -1.102504
v -0.081251 2.862249 -1.114580
v -0.070344 2.862605 -1.124719
v -0.057655 2.862878 -1.132500
v -0.043667 2.863057 -1.137607
v -0.043667 2.766776 -1.140933
v -0.057655 2.766602 -1.135826
v -0.070344 2.766338 -1.128045
v -0.081251 2.765994 -1.117906
v -0.089952 2.765583 -1.105828
v -0.094135 2.765297 -1.097390
v -0.098508 2.764813 -1.083160
v -0.098508 4.751871 -0.983201
v -0.094135 4.752915 -0.997400
v -0.089952 4.753534 -1.005821
v -0.081251 4.754420 -1.017872
v -0.070344 4.755164 -1.027990
v -0.057655 4.755735 -1.035754
v -0.043667 4.756111 -1.040851
v -0.043667 4.662722 -1.047573
v -0.057655 4.662361 -1.042476
v -0.070344 4.661814 -1.034710
v -0.081251 4.661101 -1.024590
v -0.089952 4.660253 -1.012535
v -0.094135 4.659660 -1.004113
v -0.098508 4.658659 -0.989910
v -0.098508 5.706482 -0.891138
v -0.094135 5.708311 -0.905258
v -0.089952 5.709396 -0.913631
v -0.081251 5.710948 -0.925615
v -0.070344 5.712251 -0.935676
v -0.057655 5.713253 -0.943397
v -0.043667 5.713911 -0.948464
v -0.043667 5.614524 -0.960859
v -0.057655 5.613915 -0.955785
v -0.070344 5.612986 -0.948055
v -0.081251 5.611777 -0.937982
v -0.089952 5.610336 -0.925985
v -0.094135 5.609330 -0.917601
v -0.098508 5.607632 -0.903465
v -0.098508 6.103694 -0.828826
v -0.094135 6.106404 -0.842803
v -0.089952 6.108012 -0.851093
v -0.081251 6.110312 -0.862956
v -0.070344 6.112243 -0.872915
v -0.057655 6.113726 -0.880558
v -0.043667 6.114700 -0.885575
v -0.043667 6.014236 -0.903886
v -0.057655 6.013370 -0.898850
v -0.070344 6.012051 -0.891177
v -0.081251 6.010335 -0.881178
v -0.089952 6.008291 -0.869268
v -0.094135 6.006862 -0.860946
v -0.098508 6.004453 -0.846914
v -0.098508 6.359065 -0.767290
v -0.094135 6.363286 -0.780887
v -0.089952 6.365790 -0.788951
v -0.081251 6.369373 -0.800492
v -0.070344 6.372381 -0.810181
v -0.057655 6.374689 -0.817616
v -0.043667 6.376203 -0.822497
v -0.043667 6.295561 -0.845298
v -0.057655 6.294282 -0.840350
v -0.070344 6.292332 -0.832813
v -0.081251 6.289789 -0.822992
v -0.089952 6.286760 -0.811294
v -0.094135 6.284643 -0.803120
v -0.098508 6.281075 -0.789336
v -0.098508 6.456317 -0.731818
v -0.094135 6.462039 -0.744855
v -0.089952 6.465433 -0.752586
v -0.081251 6.470290 -0.763651
v -0.070344 6.474368 -0.772941
v -0.057655 6.477498 -0.780069
v -0.043667 6.479553 -0.784748
v -0.098508 6.503330 -0.708062
v -0.094135 6.510606 -0.720300
v -0.089952 6.514921 -0.727558
v -0.081251 6.521096 -0.737946
v -0.070344 6.526280 -0.746666
v -0.057655 6.530262 -0.753356
v -0.043667 6.532877 -0.757746
v -0.098508 6.525961 -0.692866
v -0.094135 6.534670 -0.704130
v -0.089952 6.539835 -0.710810
v -0.081251 6.547227 -0.720370
v -0.070344 6.553432 -0.728396
v -0.057655 6.558194 -0.734555
v -0.043667 6.561319 -0.738598
v -0.098508 6.536850 -0.683529
v -0.094135 6.546744 -0.693768
v -0.089952 6.552611 -0.699840
v -0.081251 6.561007 -0.708532
v -0.070344 6.568056 -0.715829
v -0.057655 6.573471 -0.721423
v -0.043667 6.577028 -0.725091
v -0.098508 -0.746646 -1.151057
v -0.094135 -0.746887 -1.165292
v -0.089952 -0.747030 -1.173735
v -0.081251 -0.747234 -1.185817
v -0.070344 -0.747406 -1.195961
v -0.057655 -0.747541 -1.203745
v -0.043667 -0.550817 -1.211100
v -0.098508 -0.648497 -1.152401
v -0.094135 -0.648675 -1.166638
v -0.089952 -0.648779 -1.175080
v -0.081251 -0.648928 -1.187163
v -0.070344 -0.649053 -1.197308
v -0.057655 -0.649154 -1.205092
v -0.043667 -0.649224 -1.210202
v -0.098508 -0.550345 -1.153298
v -0.094135 -0.550459 -1.167535
v -0.089952 -0.550527 -1.175978
v -0.081251 -0.550622 -1.188061
v -0.070344 -0.550703 -1.198206
v -0.057655 -0.550770 -1.205991
v -0.043667 -0.255660 -1.211391
v -0.094135 -0.452245 -1.168012
v -0.089952 -0.452276 -1.176456
v -0.081251 -0.452321 -1.188540
v -0.070344 -0.452359 -1.198684
v -0.057655 -0.452393 -1.206469
v -0.098508 -0.354035 -1.153862
v -0.094135 -0.354033 -1.168099
v -0.089952 -0.354031 -1.176543
v -0.081251 -0.354027 -1.188627
v -0.070344 -0.354025 -1.198772
v -0.057655 -0.354027 -1.206557
v -0.043667 -0.354031 -1.211667
v -0.098508 -0.255883 -1.153587
v -0.094135 -0.255827 -1.167824
v -0.089952 -0.255793 -1.176268
v -0.081251 -0.255744 -1.188352
v -0.070344 -0.255704 -1.198496
v -0.057655 -0.255676 -1.206281
v -0.094135 -0.157629 -1.167216
v -0.089952 -0.157566 -1.175659
v -0.081251 -0.157475 -1.187743
v -0.070344 -0.157399 -1.197887
v -0.057655 -0.157343 -1.205672
v -0.043667 -0.157308 -1.210782
v -0.094135 0.127758 -1.163820
v -0.089952 0.127892 -1.172262
v -0.081251 0.128083 -1.184345
v -0.070344 0.128243 -1.194488
v -0.057655 0.128366 -1.202273
v -0.043667 0.315742 -1.204091
v -0.098508 0.221080 -1.148028
v -0.094135 0.221334 -1.162264
v -0.089952 0.221485 -1.170706
v -0.081251 0.221701 -1.182788
v -0.070344 0.221882 -1.192931
v -0.057655 0.222021 -1.200715
v -0.043667 0.222113 -1.205825
v -0.098508 0.314613 -1.146296
v -0.094135 0.314891 -1.160531
v -0.089952 0.315055 -1.168973
v -0.081251 0.315291 -1.181055
v -0.070344 0.315489 -1.191198
v -0.057655 0.315642 -1.198982
v -0.043667 0.596447 -1.198233
v -0.094135 0.408426 -1.158649
v -0.089952 0.408601 -1.167091
v -0.081251 0.408853 -1.179173
v -0.070344 0.409064 -1.189316
v -0.057655 0.409225 -1.197099
v -0.043667 0.409331 -1.202208
v -0.098508 0.501639 -1.142455
v -0.094135 0.501949 -1.156689
v -0.089952 0.502133 -1.165131
v -0.081251 0.502396 -1.177212
v -0.070344 0.502617 -1.187355
v -0.057655 0.502786 -1.195138
v -0.098508 0.595144 -1.140442
v -0.094135 0.595465 -1.154676
v -0.089952 0.595656 -1.163117
v -0.081251 0.595929 -1.175198
v -0.070344 0.596158 -1.185341
v -0.057655 0.596333 -1.193124
v -0.098508 0.688645 -1.138378
v -0.094135 0.688975 -1.152612
v -0.089952 0.689171 -1.161053
v -0.081251 0.689451 -1.173134
v -0.070344 0.689686 -1.183276
v -0.057655 0.689866 -1.191060
v -0.043667 0.689983 -1.196168
v -0.094135 0.782480 -1.150501
v -0.089952 0.782680 -1.158943
v -0.081251 0.782965 -1.171023
v -0.070344 0.783205 -1.181166
v -0.057655 0.783388 -1.188949
v -0.098508 1.062628 -1.129697
v -0.094135 1.062974 -1.143930
v -0.089952 1.063179 -1.152371
v -0.081251 1.063472 -1.164452
v -0.070344 1.063719 -1.174594
v -0.057655 1.063907 -1.182377
v -0.043667 1.251025 -1.182942
v -0.098508 1.156121 -1.127439
v -0.094135 1.156468 -1.141672
v -0.089952 1.156673 -1.150114
v -0.081251 1.156968 -1.162194
v -0.070344 1.157215 -1.172336
v -0.057655 1.157404 -1.180119
v -0.043667 1.157528 -1.185228
v -0.094135 1.249961 -1.139387
v -0.089952 1.250168 -1.147828
v -0.081251 1.250463 -1.159909
v -0.070344 1.250711 -1.170051
v -0.057655 1.250900 -1.177834
v -0.043667 1.625037 -1.173601
v -0.098508 1.343107 -1.122845
v -0.094135 1.343456 -1.137078
v -0.089952 1.343662 -1.145519
v -0.081251 1.343958 -1.157600
v -0.070344 1.344206 -1.167742
v -0.057655 1.344397 -1.175525
v -0.043667 1.344522 -1.180633
v -0.098508 1.436602 -1.120516
v -0.094135 1.436952 -1.134749
v -0.089952 1.437159 -1.143190
v -0.081251 1.437456 -1.155271
v -0.070344 1.437705 -1.165413
v -0.057655 1.437896 -1.173196
v -0.043667 1.999147 -1.163962
v -0.098508 1.530099 -1.118171
v -0.094135 1.530450 -1.132404
v -0.089952 1.530659 -1.140845
v -0.081251 1.530957 -1.152925
v -0.070344 1.531207 -1.163068
v -0.057655 1.531400 -1.170850
v -0.043667 1.531526 -1.175959
v -0.094135 1.623952 -1.130047
v -0.089952 1.624163 -1.138488
v -0.081251 1.624463 -1.150568
v -0.070344 1.624716 -1.160710
v -0.057655 1.624910 -1.168493
v -0.043667 2.285295 -1.156010
v -0.098508 1.717101 -1.113447
v -0.094135 1.717459 -1.127681
v -0.089952 1.717672 -1.136122
v -0.081251 1.717976 -1.148202
v -0.070344 1.718232 -1.158344
v -0.057655 1.718428 -1.166126
v -0.043667 1.718557 -1.171235
v -0.098508 1.810605 -1.111069
v -0.094135 1.810970 -1.125302
v -0.089952 1.811186 -1.133743
v -0.081251 1.811496 -1.145823
v -0.070344 1.811755 -1.155965
v -0.057655 1.811955 -1.163748
v -0.043667 2.670490 -1.144149
v -0.094135 1.904478 -1.122882
v -0.089952 1.904699 -1.131322
v -0.081251 1.905015 -1.143402
v -0.070344 1.905279 -1.153544
v -0.057655 1.905483 -1.161327
v -0.043667 1.905616 -1.166435
v -0.098508 1.997604 -1.106176
v -0.094135 1.997984 -1.120409
v -0.089952 1.998209 -1.128849
v -0.081251 1.998532 -1.140929
v -0.070344 1.998803 -1.151071
v -0.057655 1.999010 -1.158853
v -0.098508 2.091096 -1.103646
v -0.094135 2.091485 -1.117878
v -0.089952 2.091716 -1.126319
v -0.081251 2.092047 -1.138398
v -0.070344 2.092324 -1.148540
v -0.057655 2.092537 -1.156322
v -0.098508 2.187362 -1.100974
v -0.094135 2.187762 -1.115206
v -0.089952 2.187999 -1.123646
v -0.081251 2.188339 -1.135726
v -0.070344 2.188624 -1.145867
v -0.057655 2.188843 -1.153649
v -0.043667 2.188987 -1.158757
v -0.094135 2.284034 -1.112460
v -0.089952 2.284278 -1.120900
v -0.081251 2.284627 -1.132979
v -0.070344 2.284921 -1.143120
v -0.057655 2.285146 -1.150902
v -0.098508 2.379875 -1.095402
v -0.094135 2.380300 -1.109633
v -0.089952 2.380551 -1.118073
v -0.081251 2.380911 -1.130151
v -0.070344 2.381214 -1.140292
v -0.057655 2.381447 -1.148074
v -0.043667 2.381600 -1.153182
v -0.098508 2.476122 -1.092488
v -0.094135 2.476560 -1.106719
v -0.089952 2.476819 -1.115159
v -0.081251 2.477191 -1.127237
v -0.070344 2.477503 -1.137377
v -0.057655 2.477743 -1.145159
v -0.098508 2.572360 -1.089481
v -0.094135 2.572813 -1.103711
v -0.089952 2.573081 -1.112151
v -0.081251 2.573465 -1.124229
v -0.070344 2.573787 -1.134369
v -0.057655 2.574035 -1.142150
v -0.043667 2.574199 -1.147258
v -0.094135 2.669059 -1.100604
v -0.089952 2.669336 -1.109043
v -0.081251 2.669732 -1.121120
v -0.070344 2.670066 -1.131260
v -0.057655 2.670322 -1.139041
v -0.098508 2.957236 -1.076399
v -0.094135 2.957753 -1.090627
v -0.089952 2.958060 -1.099065
v -0.081251 2.958499 -1.111142
v -0.070344 2.958867 -1.121280
v -0.057655 2.959150 -1.129060
v -0.043667 3.150291 -1.126987
v -0.098508 3.053439 -1.072843
v -0.094135 3.053974 -1.087071
v -0.089952 3.054291 -1.095508
v -0.081251 3.054745 -1.107584
v -0.070344 3.055126 -1.117722
v -0.057655 3.055419 -1.125502
v -0.043667 3.055611 -1.130608
v -0.094135 3.148597 -1.083451
v -0.089952 3.148925 -1.091889
v -0.081251 3.149395 -1.103963
v -0.070344 3.149789 -1.114101
v -0.057655 3.150092 -1.121880
v -0.043667 3.529006 -1.111190
v -0.098508 3.242644 -1.065480
v -0.094135 3.243217 -1.079706
v -0.089952 3.243556 -1.088143
v -0.081251 3.244042 -1.100217
v -0.070344 3.244450 -1.110354
v -0.057655 3.244764 -1.118133
v -0.043667 3.244970 -1.123239
v -0.098508 3.337241 -1.061605
v -0.094135 3.337834 -1.075830
v -0.089952 3.338185 -1.084267
v -0.081251 3.338688 -1.096340
v -0.070344 3.339110 -1.106477
v -0.057655 3.339435 -1.114255
v -0.043667 3.907746 -1.093028
v -0.098508 3.431835 -1.057594
v -0.094135 3.432448 -1.071818
v -0.089952 3.432812 -1.080254
v -0.081251 3.433332 -1.092327
v -0.070344 3.433769 -1.102463
v -0.057655 3.434106 -1.110241
v -0.043667 3.434327 -1.115346
v -0.094135 3.527061 -1.067665
v -0.089952 3.527438 -1.076100
v -0.081251 3.527977 -1.088172
v -0.070344 3.528429 -1.098307
v -0.057655 3.528777 -1.106085
v -0.043667 4.191832 -1.077553
v -0.098508 3.621016 -1.049142
v -0.094135 3.621673 -1.063365
v -0.089952 3.622063 -1.071799
v -0.081251 3.622621 -1.083870
v -0.070344 3.623090 -1.094005
v -0.057655 3.623450 -1.101782
v -0.043667 3.623686 -1.106886
v -0.098508 3.715603 -1.044691
v -0.094135 3.716285 -1.058912
v -0.089952 3.716689 -1.067346
v -0.081251 3.717267 -1.079416
v -0.070344 3.717753 -1.089550
v -0.057655 3.718125 -1.097326
v -0.043667 4.569328 -1.054015
v -0.094135 3.810896 -1.054300
v -0.089952 3.811314 -1.062733
v -0.081251 3.811914 -1.074802
v -0.070344 3.812417 -1.084935
v -0.057655 3.812803 -1.092711
v -0.043667 3.813055 -1.097814
v -0.098508 3.904774 -1.035299
v -0.094135 3.905506 -1.049518
v -0.089952 3.905940 -1.057950
v -0.081251 3.906561 -1.070018
v -0.070344 3.907083 -1.080150
v -0.057655 3.907483 -1.087925
v -0.098508 3.999355 -1.030339
v -0.094135 4.000114 -1.044556
v -0.089952 4.000565 -1.052988
v -0.081251 4.001209 -1.065055
v -0.070344 4.001750 -1.075185
v -0.057655 4.002166 -1.082960
v -0.098508 4.093933 -1.025190
v -0.094135 4.094721 -1.039406
v -0.089952 4.095188 -1.047837
v -0.081251 4.095857 -1.059902
v -0.070344 4.096419 -1.070032
v -0.057655 4.096850 -1.077805
v -0.043667 4.097134 -1.082907
v -0.094135 4.189325 -1.034057
v -0.089952 4.189810 -1.042487
v -0.081251 4.190505 -1.054551
v -0.070344 4.191088 -1.064679
v -0.057655 4.191537 -1.072452
v -0.098508 4.283075 -1.014288
v -0.094135 4.283926 -1.028500
v -0.089952 4.284431 -1.036929
v -0.081251 4.285153 -1.048991
v -0.070344 4.285759 -1.059118
v -0.057655 4.286224 -1.066890
v -0.043667 4.286530 -1.071991
v -0.098508 4.377638 -1.008515
v -0.094135 4.378523 -1.022726
v -0.089952 4.379048 -1.031153
v -0.081251 4.379799 -1.043214
v -0.070344 4.380430 -1.053339
v -0.057655 4.380913 -1.061109
v -0.098508 4.472193 -1.002510
v -0.094135 4.473114 -1.016717
v -0.089952 4.473661 -1.025143
v -0.081251 4.474443 -1.037202
v -0.070344 4.475099 -1.047326
v -0.057655 4.475602 -1.055095
v -0.043667 4.475933 -1.060194
v -0.094135 4.566392 -1.010546
v -0.089952 4.566961 -1.018970
v -0.081251 4.567775 -1.031027
v -0.070344 4.568458 -1.041149
v -0.057655 4.568983 -1.048917
v -0.094135 4.846156 -0.990390
v -0.089952 4.846803 -0.998809
v -0.081251 4.847730 -1.010858
v -0.070344 4.848507 -1.020973
v -0.057655 4.849103 -1.028735
v -0.043667 5.036250 -1.018796
v -0.098508 4.938239 -0.968870
v -0.094135 4.939381 -0.983062
v -0.089952 4.940058 -0.991478
v -0.081251 4.941028 -1.003523
v -0.070344 4.941841 -1.013636
v -0.057655 4.942465 -1.021396
v -0.043667 4.942875 -1.026490
v -0.098508 5.031388 -0.961195
v -0.094135 5.032585 -0.975382
v -0.089952 5.033295 -0.983796
v -0.081251 5.034311 -0.995837
v -0.070344 5.035164 -1.005946
v -0.057655 5.035820 -1.013704
v -0.043667 5.316318 -0.993260
v -0.094135 5.125766 -0.967318
v -0.089952 5.126512 -0.975729
v -0.081251 5.127579 -0.987766
v -0.070344 5.128475 -0.997871
v -0.057655 5.129164 -1.005626
v -0.043667 5.129617 -1.010716
v -0.098508 5.217595 -0.944662
v -0.094135 5.218919 -0.958838
v -0.089952 5.219704 -0.967245
v -0.081251 5.220828 -0.979276
v -0.070344 5.221772 -0.989378
v -0.057655 5.222496 -0.997129
v -0.098508 5.310644 -0.935733
v -0.094135 5.312042 -0.949902
v -0.089952 5.312871 -0.958305
v -0.081251 5.314057 -0.970330
v -0.070344 5.315053 -0.980427
v -0.057655 5.315817 -0.988174
v -0.098508 5.409701 -0.925659
v -0.094135 5.411187 -0.939819
v -0.089952 5.412067 -0.948217
v -0.081251 5.413327 -0.960235
v -0.070344 5.414385 -0.970325
v -0.057655 5.415198 -0.978067
v -0.043667 5.415733 -0.983150
v -0.094135 5.510285 -0.929080
v -0.089952 5.511224 -0.937471
v -0.081251 5.512568 -0.949480
v -0.070344 5.513697 -0.959562
v -0.057655 5.514564 -0.967299
v -0.098508 5.805233 -0.877808
v -0.094135 5.807218 -0.891907
v -0.089952 5.808395 -0.900268
v -0.081251 5.810079 -0.912234
v -0.070344 5.811493 -0.922281
v -0.057655 5.812578 -0.929990
v -0.043667 5.913763 -0.920239
v -0.094135 5.907108 -0.877182
v -0.089952 5.908397 -0.885526
v -0.081251 5.910242 -0.897469
v -0.070344 5.911791 -0.907495
v -0.057655 5.912981 -0.915189
v -0.094135 6.205617 -0.822138
v -0.089952 6.207466 -0.830377
v -0.081251 6.210112 -0.842167
v -0.070344 6.212333 -0.852066
v -0.057655 6.214037 -0.859663
v -0.025000 -2.114818 -0.950000
v -0.044411 -2.112263 -0.950000
v -0.062500 -2.104770 -0.950000
v -0.078033 -2.092851 -0.950000
v -0.089952 -2.077318 -0.950000
v -0.097444 -2.059230 -0.950000
v -0.025000 -1.533493 -1.190421
v -0.025000 -1.834475 -1.172295
v -0.025000 -1.913344 -1.160536
v -0.025000 -1.998488 -1.136670
v -0.025000 -2.047590 -1.109511
v -0.025000 -2.072695 -1.086172
v -0.025000 -2.092755 -1.056282
v -0.025000 -2.104927 -1.026209
v -0.025000 -2.111401 -0.998851
v -0.098508 -1.137770 -1.141755
v -0.043666 -1.370645 -1.193188
v -0.098508 -1.716341 -1.121875
v -0.043666 -1.719840 -1.179611
v -0.098508 -2.003192 -1.067012
v -0.043666 -2.034142 -1.115850
v -0.098508 -2.029222 -1.044346
v -0.043666 -2.074209 -1.080630
v -0.098508 -2.052925 -0.981652
v -0.094134 -2.067095 -0.983395
v -0.089952 -2.075501 -0.984425
v -0.081251 -2.087533 -0.985895
v -0.070344 -2.097631 -0.987135
v -0.057655 -2.105369 -0.988107
v -0.043666 -2.110438 -0.988760
v -0.098508 -2.045734 -1.013648
v -0.094134 -2.059210 -1.018243
v -0.089952 -2.067202 -1.020967
v -0.081251 -2.078640 -1.024865
v -0.070344 -2.088243 -1.028139
v -0.057655 -2.095610 -1.030656
v -0.043666 -2.100445 -1.032312
v -0.098508 -2.038901 -1.029520
v -0.094134 -2.051464 -1.036189
v -0.089952 -2.058915 -1.040145
v -0.081251 -2.069581 -1.045806
v -0.070344 -2.078533 -1.050559
v -0.057655 -2.085394 -1.054203
v -0.043666 -2.089892 -1.056593
v -0.098508 -2.016954 -1.056936
v -0.094134 -2.026237 -1.067740
v -0.089952 -2.031739 -1.074151
v -0.081251 -2.039609 -1.083332
v -0.070344 -2.046222 -1.091033
v -0.057655 -2.051316 -1.096915
v -0.043666 -2.054674 -1.100757
v -0.057655 -2.070245 -1.077409
v -0.070344 -2.064194 -1.072513
v -0.081251 -2.056295 -1.066150
v -0.089952 -2.046882 -1.058574
v -0.094134 -2.040307 -1.053278
v -0.094134 -2.010816 -1.079044
v -0.089952 -2.015339 -1.086180
v -0.081251 -2.021811 -1.096394
v -0.070344 -2.027245 -1.104968
v -0.057655 -2.031411 -1.111541
v -0.098508 -1.951356 -1.089521
v -0.094134 -1.955508 -1.103152
v -0.089952 -1.957969 -1.111237
v -0.081251 -1.961492 -1.122808
v -0.070344 -1.964449 -1.132521
v -0.057655 -1.966722 -1.139971
v -0.043666 -1.968215 -1.144859
v -0.043666 -1.999890 -1.133500
v -0.057655 -1.997891 -1.128797
v -0.070344 -1.994867 -1.121620
v -0.081251 -1.990953 -1.112254
v -0.089952 -1.986297 -1.101094
v -0.094134 -1.983041 -1.093298
v -0.098508 -1.977545 -1.080155
v -0.098508 -1.892379 -1.103203
v -0.094134 -1.894868 -1.117222
v -0.089952 -1.896344 -1.125536
v -0.081251 -1.898456 -1.137435
v -0.070344 -1.900230 -1.147425
v -0.057655 -1.901590 -1.155091
v -0.043666 -1.902484 -1.160122
v -0.094134 -1.717200 -1.136096
v -0.089952 -1.717708 -1.144530
v -0.081251 -1.718434 -1.156601
v -0.070344 -1.719046 -1.166734
v -0.057655 -1.719522 -1.174509
v -0.098508 -1.483941 -1.131895
v -0.094134 -1.484408 -1.146125
v -0.089952 -1.484684 -1.154564
v -0.081251 -1.485080 -1.166642
v -0.070344 -1.485412 -1.176782
v -0.057655 -1.485668 -1.184563
v -0.043666 -1.485837 -1.189670
v -0.043666 -1.601969 -1.185382
v -0.057655 -1.601753 -1.180277
v -0.070344 -1.601426 -1.172498
v -0.081251 -1.601002 -1.162362
v -0.089952 -1.600498 -1.150288
v -0.094134 -1.600145 -1.141852
v -0.098508 -1.599550 -1.127627
v -0.043666 -1.022240 -1.202645
v -0.057655 -1.022105 -1.197536
v -0.070344 -1.021900 -1.189754
v -0.081251 -1.021632 -1.179612
v -0.089952 -1.021313 -1.167532
v -0.094134 -1.021090 -1.159092
v -0.098508 -1.020714 -1.144859
v -0.098508 -1.368969 -1.135406
v -0.094134 -1.369382 -1.149638
v -0.089952 -1.369626 -1.158078
v -0.081251 -1.369976 -1.170157
v -0.070344 -1.370270 -1.180298
v -0.057655 -1.370496 -1.188080
v -0.043666 -1.255404 -1.196420
v -0.098508 -1.253828 -1.138635
v -0.094134 -1.254216 -1.152868
v -0.089952 -1.254446 -1.161308
v -0.081251 -1.254776 -1.173388
v -0.070344 -1.255052 -1.183529
v -0.057655 -1.255265 -1.191311
v -0.094134 -1.138149 -1.155988
v -0.089952 -1.138374 -1.164429
v -0.081251 -1.138695 -1.176508
v -0.070344 -1.138965 -1.186650
v -0.057655 -1.139173 -1.194432
v -0.043666 -1.139309 -1.199541
v -0.025000 -2.114818 -0.487821
v -0.039631 -2.113373 -0.487828
v -0.053701 -2.109109 -0.487835
v -0.066665 -2.102175 -0.487842
v -0.078033 -2.092851 -0.487849
v -0.087356 -2.081483 -0.487856
v -0.094291 -2.068519 -0.487863
v -0.098554 -2.054449 -0.487870
v -0.025000 -2.112078 -0.453706
v -0.025000 -2.100928 -0.414885
v -0.025000 -2.088640 -0.392557
v -0.025000 -2.071344 -0.372165
v -0.025000 -2.053093 -0.357534
v -0.025000 -2.035916 -0.347476
v -0.025000 -1.978343 -0.326483
v -0.025000 -1.927560 -0.316511
v -0.044411 -1.927183 -0.319038
v -0.062500 -1.926078 -0.326449
v -0.078033 -1.924320 -0.338238
v -0.089952 -1.922030 -0.353601
v -0.097444 -1.919362 -0.371492
v -0.098508 -1.978475 -0.388977
v -0.043666 -2.014517 -0.340315
v -0.043666 -2.112166 -0.476960
v -0.057655 -2.107064 -0.477213
v -0.070344 -2.099289 -0.477602
v -0.081251 -2.089156 -0.478115
v -0.089952 -2.077086 -0.478727
v -0.094134 -2.068653 -0.479154
v -0.098508 -2.054432 -0.479872
v -0.043666 -2.108090 -0.445345
v -0.057655 -2.103094 -0.446412
v -0.070344 -2.095482 -0.448042
v -0.081251 -2.085561 -0.450172
v -0.089952 -2.073743 -0.452711
v -0.094134 -2.065486 -0.454484
v -0.098508 -2.051564 -0.457473
v -0.043666 -2.095514 -0.408977
v -0.057655 -2.090951 -0.411253
v -0.070344 -2.083996 -0.414729
v -0.081251 -2.074930 -0.419270
v -0.089952 -2.064130 -0.424681
v -0.094134 -2.056584 -0.428460
v -0.098508 -2.043861 -0.434831
v -0.043666 -2.081480 -0.386790
v -0.057655 -2.077494 -0.389985
v -0.070344 -2.071410 -0.394840
v -0.081251 -2.063468 -0.401151
v -0.089952 -2.054005 -0.408665
v -0.094134 -2.047395 -0.413916
v -0.098508 -2.036250 -0.422775
v -0.043666 -2.063551 -0.368384
v -0.057655 -2.060239 -0.372266
v -0.070344 -2.055214 -0.378210
v -0.081251 -2.048691 -0.385993
v -0.089952 -2.040929 -0.395272
v -0.094134 -2.035501 -0.401751
v -0.098508 -2.026345 -0.412669
v -0.043666 -2.048733 -0.357542
v -0.057655 -2.045969 -0.361833
v -0.070344 -2.041755 -0.368377
v -0.081251 -2.036261 -0.376916
v -0.089952 -2.029716 -0.387089
v -0.094134 -2.025143 -0.394195
v -0.098508 -2.017433 -0.406177
v -0.057655 -2.012626 -0.345064
v -0.070344 -2.009768 -0.352311
v -0.081251 -2.006073 -0.361771
v -0.089952 -2.001677 -0.373044
v -0.094134 -1.998602 -0.380918
v -0.098508 -1.993413 -0.394193
v -0.043666 -1.960499 -0.324774
v -0.057655 -1.959435 -0.329772
v -0.070344 -1.957822 -0.337388
v -0.081251 -1.955732 -0.347317
v -0.089952 -1.953244 -0.359143
v -0.094134 -1.951504 -0.367406
v -0.098508 -1.948569 -0.381339
v -0.094134 -1.982700 -0.375366
v -0.089952 -1.985205 -0.367294
v -0.081251 -1.988790 -0.355740
v -0.070344 -1.991800 -0.346041
v -0.057655 -1.994113 -0.338603
v -0.043666 -1.995633 -0.333723
v -0.025000 -1.329582 -0.264473
v -0.098508 -1.545900 -0.339113
v -0.043667 -1.775326 -0.300492
v -0.098508 -0.926520 -0.303339
v -0.043667 -1.127330 -0.255486
v -0.094135 -0.927195 -0.289117
v -0.089952 -0.927596 -0.280683
v -0.081251 -0.928169 -0.268613
v -0.070344 -0.928650 -0.258479
v -0.057655 -0.929020 -0.250702
v -0.043667 -0.929263 -0.245598
v -0.098508 -1.322031 -0.324308
v -0.094135 -1.322884 -0.310096
v -0.089952 -1.323389 -0.301668
v -0.081251 -1.324112 -0.289605
v -0.070344 -1.324719 -0.279478
v -0.057655 -1.325186 -0.271707
v -0.043667 -1.325495 -0.266606
v -0.057655 -1.127062 -0.260589
v -0.070344 -1.126652 -0.268364
v -0.081251 -1.126119 -0.278495
v -0.089952 -1.125483 -0.290562
v -0.094135 -1.125039 -0.298994
v -0.098508 -1.124290 -0.313212
v -0.057655 -1.774819 -0.305577
v -0.070344 -1.774049 -0.313325
v -0.081251 -1.773049 -0.323422
v -0.089952 -1.771858 -0.335449
v -0.094135 -1.771026 -0.343853
v -0.098508 -1.769622 -0.358024
v -0.094135 -1.546940 -0.324913
v -0.089952 -1.547557 -0.316492
v -0.081251 -1.548439 -0.304440
v -0.070344 -1.549181 -0.294322
v -0.057655 -1.549749 -0.286558
v -0.043667 -1.550123 -0.281461
v -0.025000 6.060256 -0.060314
v -0.099998 6.060973 -0.134805
v -0.098471 6.060833 -0.120247
v -0.094145 6.060699 -0.106264
v -0.087184 6.060575 -0.093384
v -0.077855 6.060466 -0.082104
v -0.066510 6.060377 -0.072849
v -0.053585 6.060311 -0.065975
v -0.039570 6.060270 -0.061743
v -0.044411 6.660865 -0.062870
v -0.044411 6.360561 -0.062870
v -0.062500 6.660865 -0.070363
v -0.062500 6.360561 -0.070363
v -0.078033 6.660865 -0.082281
v -0.078033 6.360561 -0.082281
v -0.089952 6.660865 -0.097814
v -0.089952 6.360561 -0.097814
v -0.097444 6.660865 -0.115903
v -0.097444 6.360561 -0.115903
v -0.025000 3.028879 -0.123561
v -0.025000 3.754338 -0.107380
v -0.025000 4.502793 -0.091461
v -0.098508 3.343635 -0.176635
v -0.098508 4.129570 -0.159505
v -0.043667 3.342342 -0.118844
v -0.043667 4.128342 -0.101713
v -0.098508 4.948167 -0.142497
v -0.043667 5.503646 -0.073548
v -0.043667 3.080342 -0.124761
v -0.057655 3.080459 -0.129870
v -0.070344 3.080636 -0.137653
v -0.081251 3.080868 -0.147796
v -0.089952 3.081143 -0.159877
v -0.094135 3.081336 -0.168318
v -0.098508 3.081660 -0.182552
v -0.043667 3.866341 -0.107328
v -0.057655 3.866452 -0.112437
v -0.070344 3.866620 -0.120220
v -0.081251 3.866839 -0.130363
v -0.089952 3.867100 -0.142444
v -0.094135 3.867283 -0.150886
v -0.098508 3.867590 -0.165120
v -0.098508 3.605612 -0.170828
v -0.094135 3.605299 -0.156593
v -0.089952 3.605113 -0.148152
v -0.081251 3.604848 -0.136071
v -0.070344 3.604625 -0.125928
v -0.057655 3.604454 -0.118145
v -0.043667 3.604342 -0.113036
v -0.043667 4.668667 -0.090401
v -0.057655 4.668772 -0.095510
v -0.070344 4.668933 -0.103293
v -0.081251 4.669142 -0.113436
v -0.089952 4.669391 -0.125518
v -0.094135 4.669565 -0.133960
v -0.098508 4.669859 -0.148194
v -0.098508 4.399714 -0.153807
v -0.094135 4.399416 -0.139572
v -0.089952 4.399239 -0.131131
v -0.081251 4.398986 -0.119049
v -0.070344 4.398774 -0.108906
v -0.057655 4.398611 -0.101123
v -0.043667 4.398504 -0.096014
v -0.098508 5.783101 -0.125878
v -0.094135 5.782823 -0.111643
v -0.089952 5.782659 -0.103201
v -0.081251 5.782423 -0.091120
v -0.070344 5.782225 -0.080976
v -0.057655 5.782073 -0.073193
v -0.043667 5.781974 -0.068083
v -0.098508 5.504788 -0.131343
v -0.094135 5.504507 -0.117108
v -0.089952 5.504340 -0.108666
v -0.081251 5.504101 -0.096584
v -0.070344 5.503901 -0.086441
v -0.057655 5.503747 -0.078658
v -0.043667 4.946993 -0.084703
v -0.098508 5.226477 -0.136882
v -0.094135 5.226192 -0.122647
v -0.089952 5.226023 -0.114205
v -0.081251 5.225781 -0.102123
v -0.070344 5.225578 -0.091980
v -0.057655 5.225422 -0.084196
v -0.043667 5.225319 -0.079087
v -0.094135 4.947878 -0.128263
v -0.089952 4.947706 -0.119821
v -0.081251 4.947461 -0.107739
v -0.070344 4.947255 -0.097596
v -0.057655 4.947097 -0.089812
v -0.094135 4.129268 -0.145271
v -0.089952 4.129088 -0.136829
v -0.081251 4.128831 -0.124748
v -0.070344 4.128616 -0.114605
v -0.057655 4.128450 -0.106822
v -0.094135 3.343317 -0.162401
v -0.089952 3.343128 -0.153960
v -0.081251 3.342857 -0.141879
v -0.070344 3.342631 -0.131736
v -0.057655 3.342456 -0.123953
v 0.025000 -2.114818 -0.487821
v 0.025000 -2.112078 -0.453706
v 0.025000 -2.100928 -0.414885
v 0.025000 -2.088640 -0.392557
v 0.025000 -2.071357 -0.372166
v 0.025000 -2.053158 -0.357541
v 0.025000 -2.035928 -0.347477
v 0.025000 -1.978343 -0.326482
v 0.025000 -1.927560 -0.316511
v 0.025000 -2.114818 -0.950000
v 0.025000 -0.944506 -1.207071
v 0.025000 -1.533160 -1.190409
v 0.025000 -1.834164 -1.172177
v 0.025000 -1.913200 -1.160555
v 0.025000 -1.998410 -1.136621
v 0.025000 -2.022070 -1.125586
v 0.025000 -2.047435 -1.109423
v 0.025000 -2.072754 -1.085941
v 0.025000 -2.092888 -1.056224
v 0.025000 -2.104899 -1.026251
v 0.025000 -2.111132 -0.998858
v 0.025000 6.600000 -0.700000
v 0.025000 6.586297 -0.718883
v 0.025000 6.576087 -0.729264
v 0.025000 6.558121 -0.744074
v 0.025000 6.525628 -0.764720
v 0.025000 6.464386 -0.793764
v 0.025000 6.345427 -0.834255
v 0.025000 6.110049 -0.888896
v 0.025000 5.640300 -0.960135
v 0.025000 4.700469 -1.047406
v 0.025000 2.819750 -1.141503
v 0.025000 0.939398 -1.192593
v 0.025000 -0.001598 -1.211497
v 0.099998 6.060973 -0.134805
v 0.098471 6.060833 -0.120247
v 0.094145 6.060699 -0.106264
v 0.087184 6.060575 -0.093384
v 0.077855 6.060466 -0.082104
v 0.066510 6.060377 -0.072849
v 0.053585 6.060311 -0.065975
v 0.039570 6.060270 -0.061743
v 0.025000 6.060256 -0.060314
v 0.025000 4.502793 -0.091461
v 0.025000 3.754338 -0.107380
v 0.098508 5.504788 -0.131343
v 0.098508 4.399714 -0.153807
v 0.098508 3.605612 -0.170828
v 0.043667 4.946993 -0.084703
v 0.043667 4.128342 -0.101713
v 0.043667 3.342342 -0.118844
v 0.098508 3.081660 -0.182552
v 0.094135 3.081336 -0.168318
v 0.089952 3.081143 -0.159877
v 0.081251 3.080868 -0.147796
v 0.070344 3.080636 -0.137653
v 0.057655 3.080459 -0.129870
v 0.043667 3.080342 -0.124761
v 0.043667 5.781974 -0.068083
v 0.057655 5.782073 -0.073193
v 0.070344 5.782225 -0.080976
v 0.081251 5.782423 -0.091120
v 0.089952 5.782659 -0.103201
v 0.094135 5.782823 -0.111643
v 0.098508 5.783101 -0.125878
v 0.043667 4.398504 -0.096014
v 0.057655 4.398611 -0.101123
v 0.070344 4.398774 -0.108906
v 0.081251 4.398986 -0.119049
v 0.089952 4.399239 -0.131131
v 0.094135 4.399416 -0.139572
v 0.098508 4.669859 -0.148194
v 0.094135 4.669565 -0.133960
v 0.089952 4.669391 -0.125518
v 0.081251 4.669142 -0.113436
v 0.070344 4.668933 -0.103293
v 0.057655 4.668772 -0.095510
v 0.043667 4.668667 -0.090401
v 0.043667 3.604342 -0.113036
v 0.057655 3.604454 -0.118145
v 0.070344 3.604625 -0.125928
v 0.081251 3.604848 -0.136071
v 0.089952 3.605113 -0.148152
v 0.094135 3.605299 -0.156593
v 0.098508 3.867590 -0.165120
v 0.094135 3.867283 -0.150886
v 0.089952 3.867100 -0.142444
v 0.081251 3.866839 -0.130363
v 0.070344 3.866620 -0.120220
v 0.057655 3.866452 -0.112437
v 0.043667 3.866341 -0.107328
v 0.043667 5.503646 -0.073548
v 0.057655 5.503747 -0.078658
v 0.070344 5.503901 -0.086441
v 0.081251 5.504101 -0.096584
v 0.089952 5.504340 -0.108666
v 0.094135 5.504507 -0.117108
v 0.098508 4.948167 -0.142497
v 0.043667 5.225319 -0.079087
v 0.057655 5.225422 -0.084196
v 0.070344 5.225578 -0.091980
v 0.081251 5.225781 -0.102123
v 0.089952 5.226023 -0.114205
v 0.094135 5.226192 -0.122647
v 0.098508 5.226477 -0.136882
v 0.057655 4.947097 -0.089812
v 0.070344 4.947255 -0.097596
v 0.081251 4.947461 -0.107739
v 0.089952 4.947706 -0.119821
v 0.094135 4.947878 -0.128263
v 0.098508 4.129570 -0.159505
v 0.057655 4.128450 -0.106822
v 0.070344 4.128616 -0.114605
v 0.081251 4.128831 -0.124748
v 0.089952 4.129088 -0.136829
v 0.094135 4.129268 -0.145271
v 0.057655 3.342456 -0.123953
v 0.070344 3.342631 -0.131736
v 0.081251 3.342857 -0.141879
v 0.089952 3.343128 -0.153960
v 0.094135 3.343317 -0.162401
v 0.098508 3.343635 -0.176635
v 0.094291 6.881861 -0.106613
v 0.078033 6.923541 -0.082281
v 0.066668 6.939518 -0.072954
v 0.053701 6.951391 -0.066023
v 0.046771 6.955638 -0.063544
v 0.039632 6.958701 -0.061756
v 0.032351 6.960551 -0.060676
v 0.097444 6.660865 -0.115903
v 0.097444 6.360561 -0.115903
v 0.089952 6.660865 -0.097814
v 0.089952 6.360561 -0.097814
v 0.062500 6.660865 -0.070363
v 0.062500 6.360561 -0.070363
v 0.078033 6.360561 -0.082281
v 0.078033 6.660865 -0.082281
v 0.044411 6.660865 -0.062870
v 0.044411 6.360561 -0.062870
v 0.025000 -1.329581 -0.264487
v 0.044411 -1.927183 -0.319038
v 0.062500 -1.926078 -0.326449
v 0.078033 -1.924320 -0.338238
v 0.089952 -1.922030 -0.353601
v 0.097444 -1.919362 -0.371492
v 0.098508 -1.011057 -0.307421
v 0.043667 -1.013912 -0.249685
v 0.098508 -1.743182 -0.355388
v 0.043667 -1.748587 -0.297823
v 0.043667 -0.779196 -0.238711
v 0.057655 -0.778969 -0.243816
v 0.070344 -0.778624 -0.251593
v 0.081251 -0.778174 -0.261728
v 0.089952 -0.777637 -0.273801
v 0.094135 -0.777263 -0.282236
v 0.098508 -0.776631 -0.296460
v 0.043667 -1.483704 -0.276752
v 0.057655 -1.483355 -0.281850
v 0.070344 -1.482823 -0.289618
v 0.081251 -1.482130 -0.299739
v 0.089952 -1.481304 -0.311795
v 0.094135 -1.480727 -0.320219
v 0.098508 -1.479753 -0.334423
v 0.098508 -1.245430 -0.319832
v 0.094135 -1.246238 -0.305617
v 0.089952 -1.246716 -0.297187
v 0.081251 -1.247401 -0.285122
v 0.070344 -1.247976 -0.274994
v 0.057655 -1.248419 -0.267221
v 0.043667 -1.248712 -0.262119
v 0.094135 -1.744512 -0.341209
v 0.089952 -1.745300 -0.332801
v 0.081251 -1.746427 -0.320766
v 0.070344 -1.747375 -0.310663
v 0.057655 -1.748105 -0.302911
v 0.094135 -1.011760 -0.293201
v 0.089952 -1.012177 -0.284767
v 0.081251 -1.012774 -0.272698
v 0.070344 -1.013275 -0.262565
v 0.057655 -1.013660 -0.254789
v 0.039631 -2.113373 -0.487813
v 0.053701 -2.109109 -0.487809
v 0.066665 -2.102175 -0.487810
v 0.078033 -2.092851 -0.487816
v 0.087356 -2.081483 -0.487826
v 0.094291 -2.068519 -0.487840
v 0.098554 -2.054449 -0.487858
v 0.098508 -2.051338 -0.456441
v 0.043666 -2.107756 -0.443815
v 0.098508 -2.054429 -0.479805
v 0.094134 -2.068649 -0.479080
v 0.089952 -2.077082 -0.478650
v 0.081251 -2.089152 -0.478033
v 0.070344 -2.099285 -0.477516
v 0.057655 -2.107059 -0.477123
v 0.043666 -2.112162 -0.476869
v 0.094134 -2.065234 -0.453330
v 0.089952 -2.073476 -0.451484
v 0.081251 -2.085271 -0.448843
v 0.070344 -2.095173 -0.446625
v 0.057655 -2.102770 -0.444927
v 0.098508 -2.039641 -0.427487
v 0.094134 -2.051508 -0.419636
v 0.089952 -2.058548 -0.414982
v 0.081251 -2.068626 -0.408324
v 0.070344 -2.077084 -0.402731
v 0.057655 -2.083557 -0.398425
v 0.043666 -2.087795 -0.395589
v 0.043666 -2.100930 -0.421127
v 0.057655 -2.096160 -0.422962
v 0.070344 -2.088895 -0.425759
v 0.081251 -2.079428 -0.429407
v 0.089952 -2.068152 -0.433752
v 0.094134 -2.060274 -0.436788
v 0.098508 -2.046988 -0.441907
v 0.098508 -2.028900 -0.414901
v 0.094134 -2.038531 -0.404401
v 0.089952 -2.044239 -0.398171
v 0.081251 -2.052403 -0.389247
v 0.070344 -2.059263 -0.381763
v 0.057655 -2.064551 -0.376049
v 0.043666 -2.068037 -0.372318
v 0.098508 -2.016363 -0.405494
v 0.094134 -2.023930 -0.393417
v 0.089952 -2.028417 -0.386253
v 0.081251 -2.034839 -0.375999
v 0.070344 -2.040231 -0.367392
v 0.057655 -2.044366 -0.360796
v 0.043666 -2.047079 -0.356473
v 0.098508 -1.977366 -0.388640
v 0.094134 -1.981532 -0.375014
v 0.089952 -1.984002 -0.366932
v 0.081251 -1.987537 -0.355365
v 0.070344 -1.990505 -0.345654
v 0.057655 -1.992785 -0.338207
v 0.043666 -1.994283 -0.333321
v 0.098508 -1.933353 -0.378407
v 0.094134 -1.935821 -0.364383
v 0.089952 -1.937285 -0.356067
v 0.081251 -1.939379 -0.344165
v 0.070344 -1.941138 -0.334172
v 0.057655 -1.942487 -0.326505
v 0.043666 -1.943372 -0.321472
v 0.044411 -2.112263 -0.950000
v 0.062500 -2.104770 -0.950000
v 0.078033 -2.092851 -0.950000
v 0.089952 -2.077318 -0.950000
v 0.097444 -2.059230 -0.950000
v 0.044411 -0.944439 -1.204517
v 0.062500 -0.944241 -1.197027
v 0.078033 -0.943927 -1.185112
v 0.089952 -0.943518 -1.169584
v 0.097444 -0.943041 -1.151502
v 0.098508 -1.949121 -1.090153
v 0.043666 -1.965639 -1.145551
v 0.098508 -1.691059 -1.123188
v 0.043666 -1.655781 -1.182936
v 0.098508 -1.405130 -1.134343
v 0.098508 -1.112215 -1.142437
v 0.043666 -1.406858 -1.192123
v 0.043666 -1.113749 -1.200222
v 0.098508 -0.999669 -1.145414
v 0.094134 -1.000045 -1.159646
v 0.089952 -1.000267 -1.168087
v 0.081251 -1.000586 -1.180167
v 0.070344 -1.000854 -1.190309
v 0.057655 -1.001060 -1.198091
v 0.043666 -1.001194 -1.203199
v 0.098508 -1.565876 -1.128973
v 0.094134 -1.566423 -1.143200
v 0.089952 -1.566748 -1.151637
v 0.081251 -1.567212 -1.163712
v 0.070344 -1.567602 -1.173850
v 0.057655 -1.567902 -1.181629
v 0.043666 -1.568100 -1.186736
v 0.043666 -1.519016 -1.188530
v 0.057655 -1.518838 -1.183423
v 0.070344 -1.518568 -1.175642
v 0.081251 -1.518215 -1.165503
v 0.089952 -1.517795 -1.153426
v 0.094134 -1.517501 -1.144988
v 0.098508 -1.517007 -1.130759
v 0.098508 -1.840581 -1.110834
v 0.094134 -1.842309 -1.124967
v 0.089952 -1.843334 -1.133349
v 0.081251 -1.844800 -1.145344
v 0.070344 -1.846031 -1.155414
v 0.057655 -1.846976 -1.163142
v 0.043666 -1.847596 -1.168214
v 0.043666 -1.763233 -1.176373
v 0.057655 -1.762843 -1.171278
v 0.070344 -1.762249 -1.163515
v 0.081251 -1.761475 -1.153399
v 0.089952 -1.760554 -1.141350
v 0.094134 -1.759909 -1.132931
v 0.098508 -1.758823 -1.118735
v 0.098508 -1.903215 -1.101188
v 0.094134 -1.905926 -1.115166
v 0.089952 -1.907533 -1.123456
v 0.081251 -1.909834 -1.135320
v 0.070344 -1.911766 -1.145280
v 0.057655 -1.913248 -1.152923
v 0.043666 -1.914221 -1.157939
v 0.098508 -1.981405 -1.078467
v 0.094134 -1.987159 -1.091492
v 0.089952 -1.990571 -1.099217
v 0.081251 -1.995455 -1.110273
v 0.070344 -1.999555 -1.119555
v 0.057655 -2.002700 -1.126676
v 0.043666 -2.004764 -1.131350
v 0.057655 -1.964180 -1.140654
v 0.070344 -1.961957 -1.133193
v 0.081251 -1.959057 -1.123471
v 0.089952 -1.955603 -1.111890
v 0.094134 -1.953190 -1.103798
v 0.098508 -2.012578 -1.060406
v 0.094134 -2.021293 -1.071641
v 0.089952 -2.026463 -1.078304
v 0.081251 -2.033863 -1.087842
v 0.070344 -2.040074 -1.095848
v 0.057655 -2.044830 -1.101987
v 0.043666 -2.047946 -1.106012
v 0.098508 -2.029290 -1.044220
v 0.094134 -2.040403 -1.053107
v 0.089952 -2.046991 -1.058380
v 0.081251 -2.056417 -1.065934
v 0.070344 -2.064333 -1.072269
v 0.057655 -2.070424 -1.077104
v 0.043666 -2.074432 -1.080259
v 0.098508 -2.041531 -1.024257
v 0.094134 -2.054482 -1.030170
v 0.089952 -2.062162 -1.033678
v 0.081251 -2.073154 -1.038698
v 0.070344 -2.082383 -1.042912
v 0.057655 -2.089464 -1.046141
v 0.043666 -2.094112 -1.048256
v 0.098508 -2.048198 -1.005617
v 0.094134 -2.061940 -1.009359
v 0.089952 -2.070091 -1.011576
v 0.081251 -2.081758 -1.014745
v 0.070344 -2.091551 -1.017409
v 0.057655 -2.099058 -1.019470
v 0.043666 -2.103980 -1.020833
v 0.098508 -2.052086 -0.986892
v 0.094134 -2.066164 -0.989025
v 0.089952 -2.074513 -0.990291
v 0.081251 -2.086461 -0.992104
v 0.070344 -2.096492 -0.993624
v 0.057655 -2.104190 -0.994785
v 0.043666 -2.109243 -0.995543
v 0.094134 -1.112592 -1.156669
v 0.089952 -1.112817 -1.165110
v 0.081251 -1.113137 -1.177190
v 0.070344 -1.113407 -1.187332
v 0.057655 -1.113613 -1.195114
v 0.043666 -1.343603 -1.193966
v 0.098508 -1.195761 -1.140206
v 0.094134 -1.196143 -1.154439
v 0.089952 -1.196370 -1.162879
v 0.081251 -1.196695 -1.174959
v 0.070344 -1.196967 -1.185100
v 0.057655 -1.197176 -1.192883
v 0.043666 -1.197314 -1.197991
v 0.098508 -1.341959 -1.136183
v 0.094134 -1.342364 -1.150415
v 0.089952 -1.342604 -1.158855
v 0.081251 -1.342947 -1.170934
v 0.070344 -1.343236 -1.181076
v 0.057655 -1.343457 -1.188858
v 0.094134 -1.405555 -1.148575
v 0.089952 -1.405807 -1.157014
v 0.081251 -1.406168 -1.169093
v 0.070344 -1.406471 -1.179234
v 0.057655 -1.406704 -1.187015
v 0.098508 -1.652938 -1.125200
v 0.094134 -1.653638 -1.139421
v 0.089952 -1.654053 -1.147854
v 0.081251 -1.654648 -1.159924
v 0.070344 -1.655147 -1.170056
v 0.057655 -1.655530 -1.177832
v 0.043666 -1.694330 -1.180902
v 0.094134 -1.691864 -1.137403
v 0.089952 -1.692341 -1.145833
v 0.081251 -1.693023 -1.157898
v 0.070344 -1.693596 -1.168027
v 0.057655 -1.694038 -1.175800
v 0.044411 6.597775 -0.698744
v 0.062500 6.591250 -0.695060
v 0.078033 6.580871 -0.689200
v 0.089952 6.567345 -0.681563
v 0.097444 6.551594 -0.672670
v 0.098508 -0.754676 -1.150918
v 0.098508 -0.472289 -1.153668
v 0.043667 -0.472614 -1.211473
v 0.043667 -0.189626 -1.210943
v 0.098508 0.186571 -1.148552
v 0.098508 0.473442 -1.143026
v 0.043667 0.378945 -1.202804
v 0.043667 0.761566 -1.194356
v 0.098508 1.046938 -1.129883
v 0.098508 1.429221 -1.120790
v 0.098508 1.811505 -1.111210
v 0.098508 2.098225 -1.103523
v 0.098508 2.480539 -1.092361
v 0.043667 1.239504 -1.183167
v 0.043667 1.621843 -1.173867
v 0.043667 1.908621 -1.166489
v 0.043667 2.291059 -1.155870
v 0.043667 2.673587 -1.144053
v 0.098508 2.958379 -1.076371
v 0.098508 3.340565 -1.061480
v 0.098508 3.722672 -1.044351
v 0.098508 4.009213 -1.029865
v 0.098508 4.391491 -1.007827
v 0.043667 3.151728 -1.126946
v 0.043667 3.534213 -1.110964
v 0.043667 3.821061 -1.097417
v 0.043667 4.203549 -1.077009
v 0.043667 4.586622 -1.053008
v 0.098508 4.869393 -0.974374
v 0.098508 5.251274 -0.941507
v 0.098508 5.527759 -0.912790
v 0.043667 4.873875 -1.032006
v 0.043667 5.161047 -1.007909
v 0.043667 5.534277 -0.970228
v 0.098508 5.803714 -0.878199
v 0.043667 5.996676 -0.907011
v 0.098508 6.169645 -0.815436
v 0.043667 6.181685 -0.871975
v 0.098508 6.537109 -0.683277
v 0.094134 6.547040 -0.693479
v 0.089952 6.552930 -0.699529
v 0.081251 6.561358 -0.708189
v 0.070344 6.568435 -0.715458
v 0.057655 6.573865 -0.721037
v 0.043667 6.577431 -0.724697
v 0.098508 6.526475 -0.692512
v 0.094134 6.535211 -0.703773
v 0.089952 6.540390 -0.710452
v 0.081251 6.547801 -0.720014
v 0.070344 6.554024 -0.728039
v 0.057655 6.558810 -0.734185
v 0.043667 6.561958 -0.738212
v 0.098508 6.504413 -0.707430
v 0.094134 6.511737 -0.719642
v 0.089952 6.516079 -0.726886
v 0.081251 6.522291 -0.737254
v 0.070344 6.527508 -0.745957
v 0.057655 6.531523 -0.752628
v 0.043667 6.534167 -0.757001
v 0.098508 6.458532 -0.730842
v 0.094134 6.464307 -0.743856
v 0.089952 6.467732 -0.751574
v 0.081251 6.472631 -0.762621
v 0.070344 6.476746 -0.771894
v 0.057655 6.479909 -0.779008
v 0.043667 6.481988 -0.783676
v 0.098508 6.363709 -0.765927
v 0.094134 6.367965 -0.779519
v 0.089952 6.370488 -0.787581
v 0.081251 6.374096 -0.799119
v 0.070344 6.377128 -0.808804
v 0.057655 6.379464 -0.816232
v 0.043667 6.381005 -0.821105
v 0.098508 6.267115 -0.792900
v 0.094134 6.270592 -0.806707
v 0.089952 6.272654 -0.814895
v 0.081251 6.275604 -0.826613
v 0.070344 6.278082 -0.836451
v 0.057655 6.279984 -0.844000
v 0.043667 6.281234 -0.848955
v 0.098508 6.078501 -0.833650
v 0.094134 6.081125 -0.847644
v 0.089952 6.082681 -0.855943
v 0.081251 6.084907 -0.867820
v 0.070344 6.086777 -0.877792
v 0.057655 6.088217 -0.885443
v 0.043667 6.089164 -0.890464
v 0.057655 6.180621 -0.866977
v 0.070344 6.179000 -0.859363
v 0.081251 6.176887 -0.849440
v 0.089952 6.174370 -0.837621
v 0.094134 6.172611 -0.829362
v 0.098508 5.619812 -0.901997
v 0.094134 5.621525 -0.916132
v 0.089952 5.622540 -0.924514
v 0.081251 5.623994 -0.936510
v 0.070344 5.625214 -0.946582
v 0.057655 5.626150 -0.954311
v 0.043667 5.626763 -0.959384
v 0.043667 5.719242 -0.947859
v 0.057655 5.718586 -0.942791
v 0.070344 5.717585 -0.935070
v 0.081251 5.716280 -0.925009
v 0.089952 5.714725 -0.913024
v 0.094134 5.713639 -0.904650
v 0.098508 5.711807 -0.890529
v 0.098508 4.678290 -0.988659
v 0.094134 4.679296 -1.002862
v 0.089952 4.679892 -1.011284
v 0.081251 4.680744 -1.023339
v 0.070344 4.681460 -1.033459
v 0.057655 4.682014 -1.041224
v 0.043667 4.682380 -1.046321
v 0.043667 4.778131 -1.039327
v 0.057655 4.777748 -1.034231
v 0.070344 4.777169 -1.026467
v 0.081251 4.776420 -1.016350
v 0.089952 4.775528 -1.004298
v 0.094134 4.774905 -0.995877
v 0.098508 4.773853 -0.981678
v 0.098508 2.767257 -1.083085
v 0.094134 2.767740 -1.097315
v 0.089952 2.768027 -1.105754
v 0.081251 2.768437 -1.117831
v 0.070344 2.768782 -1.127970
v 0.057655 2.769045 -1.135751
v 0.043667 2.769218 -1.140858
v 0.043667 2.864848 -1.137555
v 0.057655 2.864669 -1.132448
v 0.070344 2.864396 -1.124668
v 0.081251 2.864040 -1.114529
v 0.089952 2.863616 -1.102452
v 0.094134 2.863320 -1.094014
v 0.098508 2.862820 -1.079785
v 0.098508 0.855793 -1.134342
v 0.094134 0.856129 -1.148575
v 0.089952 0.856329 -1.157017
v 0.081251 0.856614 -1.169097
v 0.070344 0.856854 -1.179240
v 0.057655 0.857038 -1.187023
v 0.043667 0.857159 -1.192132
v 0.043667 0.952748 -1.189905
v 0.057655 0.952626 -1.184797
v 0.070344 0.952440 -1.177014
v 0.081251 0.952197 -1.166871
v 0.089952 0.951908 -1.154791
v 0.094134 0.951706 -1.146350
v 0.098508 0.951366 -1.132116
v 0.098508 -0.095776 -1.152354
v 0.094134 -0.095663 -1.166591
v 0.089952 -0.095595 -1.175035
v 0.081251 -0.095497 -1.187119
v 0.070344 -0.095416 -1.197264
v 0.057655 -0.095359 -1.205049
v 0.043667 -0.095325 -1.210158
v 0.043667 -0.001631 -1.209121
v 0.057655 -0.001680 -1.204012
v 0.070344 -0.001759 -1.196227
v 0.081251 -0.001868 -1.186082
v 0.089952 -0.002000 -1.173999
v 0.094134 -0.002091 -1.165555
v 0.098508 -0.002243 -1.151318
v 0.043667 -0.850067 -1.206941
v 0.057655 -0.849953 -1.201832
v 0.070344 -0.849781 -1.194049
v 0.081251 -0.849559 -1.183906
v 0.089952 -0.849296 -1.171825
v 0.094134 -0.849111 -1.163383
v 0.098508 -0.848800 -1.149149
v 0.043667 0.093222 -1.207836
v 0.057655 0.093159 -1.202727
v 0.070344 0.093059 -1.194942
v 0.081251 0.092924 -1.184798
v 0.089952 0.092762 -1.172715
v 0.094134 0.092650 -1.164272
v 0.098508 0.092461 -1.150035
v 0.098508 5.987100 -0.849998
v 0.094134 5.989456 -0.864041
v 0.089952 5.990851 -0.872370
v 0.081251 5.992846 -0.884289
v 0.070344 5.994524 -0.894296
v 0.057655 5.995820 -0.901973
v 0.043667 5.904196 -0.921925
v 0.098508 5.895492 -0.864768
v 0.094134 5.897632 -0.878847
v 0.089952 5.898901 -0.887196
v 0.081251 5.900715 -0.899146
v 0.070344 5.902240 -0.909177
v 0.057655 5.903417 -0.916874
v 0.094134 5.805684 -0.892302
v 0.089952 5.806852 -0.900666
v 0.081251 5.808523 -0.912636
v 0.070344 5.809927 -0.922685
v 0.057655 5.811007 -0.930396
v 0.043667 5.811719 -0.935457
v 0.094134 5.529364 -0.926937
v 0.089952 5.530315 -0.935327
v 0.081251 5.531676 -0.947334
v 0.070344 5.532819 -0.957415
v 0.057655 5.533698 -0.965150
v 0.043667 5.349271 -0.990004
v 0.098508 5.435648 -0.922935
v 0.094134 5.437157 -0.937093
v 0.089952 5.438052 -0.945489
v 0.081251 5.439332 -0.957505
v 0.070344 5.440407 -0.967593
v 0.057655 5.441234 -0.975334
v 0.043667 5.441779 -0.980415
v 0.098508 5.343485 -0.932488
v 0.094134 5.344909 -0.946654
v 0.089952 5.345754 -0.955056
v 0.081251 5.346962 -0.967079
v 0.070344 5.347977 -0.977174
v 0.057655 5.348757 -0.984920
v 0.043667 5.065333 -1.016319
v 0.094134 5.252623 -0.955681
v 0.089952 5.253423 -0.964086
v 0.081251 5.254569 -0.976116
v 0.070344 5.255530 -0.986216
v 0.057655 5.256267 -0.993966
v 0.043667 5.256752 -0.999053
v 0.098508 5.155855 -0.950337
v 0.094134 5.157134 -0.964517
v 0.089952 5.157893 -0.972927
v 0.081251 5.158979 -0.984962
v 0.070344 5.159891 -0.995066
v 0.057655 5.160589 -1.002820
v 0.098508 5.060397 -0.958724
v 0.094134 5.061613 -0.972910
v 0.089952 5.062333 -0.981323
v 0.081251 5.063365 -0.993363
v 0.070344 5.064231 -1.003471
v 0.057655 5.064896 -1.011227
v 0.098508 4.964908 -0.966728
v 0.094134 4.966065 -0.980919
v 0.089952 4.966751 -0.989334
v 0.081251 4.967732 -1.001379
v 0.070344 4.968556 -1.011490
v 0.057655 4.969191 -1.019250
v 0.043667 4.969609 -1.024343
v 0.094134 4.870495 -0.988569
v 0.089952 4.871149 -0.996987
v 0.081251 4.872083 -1.009035
v 0.070344 4.872868 -1.019150
v 0.057655 4.873474 -1.026912
v 0.098508 4.582708 -0.995333
v 0.094134 4.583671 -1.009538
v 0.089952 4.584241 -1.017963
v 0.081251 4.585057 -1.030020
v 0.070344 4.585742 -1.040142
v 0.057655 4.586272 -1.047909
v 0.043667 4.395092 -1.065523
v 0.098508 4.487107 -1.001717
v 0.094134 4.488030 -1.015925
v 0.089952 4.488577 -1.024351
v 0.081251 4.489359 -1.036410
v 0.070344 4.490017 -1.046534
v 0.057655 4.490524 -1.054303
v 0.043667 4.490859 -1.059402
v 0.094134 4.392377 -1.022038
v 0.089952 4.392902 -1.030465
v 0.081251 4.393653 -1.042526
v 0.070344 4.394285 -1.052652
v 0.057655 4.394771 -1.060423
v 0.043667 4.012302 -1.087589
v 0.098508 4.295862 -1.013682
v 0.094134 4.296713 -1.027895
v 0.089952 4.297218 -1.036323
v 0.081251 4.297940 -1.048386
v 0.070344 4.298547 -1.058514
v 0.057655 4.299014 -1.066285
v 0.043667 4.299321 -1.071386
v 0.098508 4.200221 -1.019298
v 0.094134 4.201041 -1.033512
v 0.089952 4.201526 -1.041942
v 0.081251 4.202222 -1.054007
v 0.070344 4.202805 -1.064135
v 0.057655 4.203254 -1.071908
v 0.043667 3.725446 -1.102090
v 0.098508 4.104721 -1.024684
v 0.094134 4.105510 -1.038900
v 0.089952 4.105978 -1.047330
v 0.081251 4.106648 -1.059396
v 0.070344 4.107211 -1.069526
v 0.057655 4.107642 -1.077299
v 0.043667 4.107925 -1.082402
v 0.094134 4.009974 -1.044083
v 0.089952 4.010426 -1.052514
v 0.081251 4.011072 -1.064581
v 0.070344 4.011614 -1.074712
v 0.057655 4.012030 -1.082486
v 0.043667 3.342973 -1.119235
v 0.098508 3.913701 -1.034859
v 0.094134 3.914435 -1.049078
v 0.089952 3.914871 -1.057510
v 0.081251 3.915494 -1.069578
v 0.070344 3.916017 -1.079710
v 0.057655 3.916418 -1.087485
v 0.043667 3.916680 -1.092588
v 0.098508 3.818187 -1.039683
v 0.094134 3.818895 -1.053903
v 0.089952 3.819315 -1.062336
v 0.081251 3.819916 -1.074405
v 0.070344 3.820421 -1.084538
v 0.057655 3.820808 -1.092313
v 0.043667 2.960476 -1.134139
v 0.094134 3.723355 -1.058572
v 0.089952 3.723760 -1.067006
v 0.081251 3.724340 -1.079076
v 0.070344 3.724826 -1.089210
v 0.057655 3.725200 -1.096986
v 0.098508 3.627153 -1.048862
v 0.094134 3.627812 -1.063084
v 0.089952 3.628202 -1.071519
v 0.081251 3.628761 -1.083590
v 0.070344 3.629231 -1.093724
v 0.057655 3.629592 -1.101501
v 0.043667 3.629830 -1.106605
v 0.098508 3.531628 -1.053216
v 0.094134 3.532264 -1.067440
v 0.089952 3.532641 -1.075875
v 0.081251 3.533180 -1.087947
v 0.070344 3.533634 -1.098082
v 0.057655 3.533983 -1.105859
v 0.098508 3.436099 -1.057420
v 0.094134 3.436713 -1.071645
v 0.089952 3.437077 -1.080081
v 0.081251 3.437597 -1.092154
v 0.070344 3.438034 -1.102289
v 0.057655 3.438371 -1.110067
v 0.043667 3.438594 -1.115173
v 0.094134 3.341157 -1.075705
v 0.089952 3.341509 -1.084141
v 0.081251 3.342011 -1.096215
v 0.070344 3.342433 -1.106351
v 0.057655 3.342759 -1.114130
v 0.098508 3.245025 -1.065399
v 0.094134 3.245598 -1.079625
v 0.089952 3.245937 -1.088062
v 0.081251 3.246422 -1.100136
v 0.070344 3.246830 -1.110273
v 0.057655 3.247144 -1.118052
v 0.043667 3.247351 -1.123158
v 0.098508 3.149481 -1.069184
v 0.094134 3.150034 -1.083411
v 0.089952 3.150362 -1.091848
v 0.081251 3.150831 -1.103923
v 0.070344 3.151225 -1.114060
v 0.057655 3.151528 -1.121840
v 0.098508 3.053932 -1.072839
v 0.094134 3.054467 -1.087067
v 0.089952 3.054784 -1.095505
v 0.081251 3.055237 -1.107580
v 0.070344 3.055618 -1.117718
v 0.057655 3.055910 -1.125498
v 0.043667 3.056103 -1.130605
v 0.094134 2.958895 -1.090600
v 0.089952 2.959202 -1.099038
v 0.081251 2.959640 -1.111114
v 0.070344 2.960008 -1.121252
v 0.057655 2.960291 -1.129033
v 0.098508 2.671689 -1.086278
v 0.094134 2.672157 -1.100508
v 0.089952 2.672434 -1.108947
v 0.081251 2.672831 -1.121024
v 0.070344 2.673165 -1.131164
v 0.057655 2.673420 -1.138945
v 0.043667 2.482320 -1.150140
v 0.098508 2.576116 -1.089368
v 0.094134 2.576569 -1.103599
v 0.089952 2.576838 -1.112038
v 0.081251 2.577222 -1.124116
v 0.070344 2.577545 -1.134256
v 0.057655 2.577792 -1.142037
v 0.043667 2.577954 -1.147145
v 0.094134 2.480978 -1.106592
v 0.089952 2.481238 -1.115032
v 0.081251 2.481610 -1.127110
v 0.070344 2.481923 -1.137250
v 0.057655 2.482163 -1.145032
v 0.043667 2.099828 -1.161307
v 0.098508 2.384958 -1.095264
v 0.094134 2.385384 -1.109495
v 0.089952 2.385636 -1.117935
v 0.081251 2.385997 -1.130014
v 0.070344 2.386300 -1.140155
v 0.057655 2.386533 -1.147936
v 0.043667 2.386686 -1.153044
v 0.098508 2.289379 -1.098089
v 0.094134 2.289793 -1.112320
v 0.089952 2.290038 -1.120760
v 0.081251 2.290389 -1.132839
v 0.070344 2.290683 -1.142980
v 0.057655 2.290910 -1.150762
v 0.043667 1.813025 -1.168996
v 0.098508 2.193801 -1.100840
v 0.094134 2.194205 -1.115072
v 0.089952 2.194444 -1.123512
v 0.081251 2.194786 -1.135592
v 0.070344 2.195073 -1.145733
v 0.057655 2.195294 -1.153515
v 0.043667 2.195440 -1.158623
v 0.094134 2.098620 -1.117756
v 0.089952 2.098853 -1.126196
v 0.081251 2.099188 -1.138275
v 0.070344 2.099468 -1.148417
v 0.057655 2.099685 -1.156199
v 0.043667 1.430671 -1.178578
v 0.098508 2.002651 -1.106143
v 0.094134 2.003037 -1.120375
v 0.089952 2.003266 -1.128816
v 0.081251 2.003594 -1.140896
v 0.070344 2.003869 -1.151037
v 0.057655 2.004082 -1.158819
v 0.043667 2.004222 -1.163928
v 0.098508 1.907077 -1.108704
v 0.094134 1.907457 -1.122936
v 0.089952 1.907682 -1.131377
v 0.081251 1.908004 -1.143457
v 0.070344 1.908274 -1.153598
v 0.057655 1.908483 -1.161381
v 0.043667 1.048335 -1.187672
v 0.094134 1.811879 -1.125443
v 0.089952 1.812100 -1.133884
v 0.081251 1.812417 -1.145964
v 0.070344 1.812684 -1.156106
v 0.057655 1.812889 -1.163888
v 0.098508 1.715933 -1.113668
v 0.094134 1.716302 -1.127901
v 0.089952 1.716520 -1.136341
v 0.081251 1.716833 -1.148421
v 0.070344 1.717096 -1.158563
v 0.057655 1.717299 -1.166346
v 0.043667 1.717432 -1.171454
v 0.098508 1.620362 -1.116080
v 0.094134 1.620726 -1.130313
v 0.089952 1.620942 -1.138754
v 0.081251 1.621251 -1.150834
v 0.070344 1.621511 -1.160976
v 0.057655 1.621711 -1.168759
v 0.098508 1.524791 -1.118453
v 0.094134 1.525152 -1.132686
v 0.089952 1.525365 -1.141127
v 0.081251 1.525671 -1.153207
v 0.070344 1.525928 -1.163349
v 0.057655 1.526126 -1.171132
v 0.043667 1.526256 -1.176240
v 0.094134 1.429578 -1.135024
v 0.089952 1.429789 -1.143465
v 0.081251 1.430092 -1.155545
v 0.070344 1.430347 -1.165687
v 0.057655 1.430543 -1.173470
v 0.098508 1.333650 -1.123098
v 0.094134 1.334004 -1.137331
v 0.089952 1.334214 -1.145772
v 0.081251 1.334514 -1.157852
v 0.070344 1.334766 -1.167994
v 0.057655 1.334960 -1.175777
v 0.043667 1.335087 -1.180886
v 0.098508 1.238080 -1.125379
v 0.094134 1.238430 -1.139612
v 0.089952 1.238638 -1.148053
v 0.081251 1.238936 -1.160134
v 0.070344 1.239186 -1.170276
v 0.057655 1.239378 -1.178059
v 0.098508 1.142509 -1.127639
v 0.094134 1.142856 -1.141873
v 0.089952 1.143063 -1.150314
v 0.081251 1.143358 -1.162394
v 0.070344 1.143605 -1.172536
v 0.057655 1.143795 -1.180319
v 0.043667 1.143920 -1.185428
v 0.094134 1.047282 -1.144117
v 0.089952 1.047486 -1.152558
v 0.081251 1.047778 -1.164639
v 0.070344 1.048023 -1.174781
v 0.057655 1.048212 -1.182564
v 0.098508 0.760219 -1.136565
v 0.094134 0.760551 -1.150799
v 0.089952 0.760748 -1.159241
v 0.081251 0.761029 -1.171321
v 0.070344 0.761266 -1.181464
v 0.057655 0.761447 -1.189247
v 0.043667 0.570317 -1.198732
v 0.098508 0.664639 -1.138777
v 0.094134 0.664964 -1.153011
v 0.089952 0.665156 -1.161452
v 0.081251 0.665432 -1.173533
v 0.070344 0.665663 -1.183676
v 0.057655 0.665841 -1.191459
v 0.043667 0.665958 -1.196568
v 0.098508 0.569046 -1.140940
v 0.094134 0.569359 -1.155174
v 0.089952 0.569545 -1.163616
v 0.081251 0.569811 -1.175697
v 0.070344 0.570034 -1.185840
v 0.057655 0.570205 -1.193623
v 0.043667 0.283218 -1.204657
v 0.094134 0.473739 -1.157261
v 0.089952 0.473915 -1.165703
v 0.081251 0.474167 -1.177784
v 0.070344 0.474378 -1.187927
v 0.057655 0.474540 -1.195711
v 0.043667 0.474645 -1.200820
v 0.098508 0.377828 -1.145009
v 0.094134 0.378103 -1.159244
v 0.089952 0.378267 -1.167686
v 0.081251 0.378501 -1.179768
v 0.070344 0.378698 -1.189911
v 0.057655 0.378848 -1.197695
v 0.098508 0.282203 -1.146860
v 0.094134 0.282454 -1.161096
v 0.089952 0.282603 -1.169538
v 0.081251 0.282816 -1.181620
v 0.070344 0.282995 -1.191764
v 0.057655 0.283130 -1.199548
v 0.094134 0.186792 -1.162788
v 0.089952 0.186924 -1.171231
v 0.081251 0.187113 -1.183314
v 0.070344 0.187271 -1.193458
v 0.057655 0.187390 -1.201242
v 0.043667 0.187466 -1.206351
v 0.098508 -0.189901 -1.153137
v 0.094134 -0.189831 -1.167375
v 0.089952 -0.189789 -1.175819
v 0.081251 -0.189727 -1.187903
v 0.070344 -0.189677 -1.198048
v 0.057655 -0.189644 -1.205833
v 0.043667 -0.378272 -1.211626
v 0.098508 -0.284029 -1.153635
v 0.094134 -0.284005 -1.167873
v 0.089952 -0.283990 -1.176316
v 0.081251 -0.283967 -1.188401
v 0.070344 -0.283950 -1.198546
v 0.057655 -0.283943 -1.206331
v 0.043667 -0.283942 -1.211441
v 0.098508 -0.378159 -1.153821
v 0.094134 -0.378184 -1.168058
v 0.089952 -0.378198 -1.176502
v 0.081251 -0.378217 -1.188586
v 0.070344 -0.378235 -1.198731
v 0.057655 -0.378255 -1.206517
v 0.043667 -0.661327 -1.210043
v 0.094134 -0.472367 -1.167905
v 0.089952 -0.472412 -1.176349
v 0.081251 -0.472475 -1.188433
v 0.070344 -0.472530 -1.198578
v 0.057655 -0.472578 -1.206363
v 0.098508 -0.566420 -1.153151
v 0.094134 -0.566552 -1.167388
v 0.089952 -0.566630 -1.175831
v 0.081251 -0.566740 -1.187915
v 0.070344 -0.566833 -1.198059
v 0.057655 -0.566911 -1.205844
v 0.043667 -0.566966 -1.210954
v 0.098508 -0.660549 -1.152243
v 0.094134 -0.660739 -1.166479
v 0.089952 -0.660850 -1.174922
v 0.081251 -0.661009 -1.187005
v 0.070344 -0.661144 -1.197149
v 0.057655 -0.661252 -1.204934
v 0.094134 -0.754926 -1.165153
v 0.089952 -0.755073 -1.173595
v 0.081251 -0.755283 -1.185678
v 0.070344 -0.755460 -1.195821
v 0.057655 -0.755600 -1.203605
v 0.043667 -0.755695 -1.208714
v 0.097444 6.732179 -0.352827
v 0.089952 6.747930 -0.361720
v 0.078033 6.761456 -0.369357
v 0.062500 6.771835 -0.375217
v 0.044411 6.778360 -0.378901
v -0.000633 2.818352 -0.128421
v -0.001242 2.818538 -0.128417
v -0.001819 2.818825 -0.128410
v -0.002353 2.819189 -0.128402
v -0.003323 2.820090 -0.128381
v -0.004204 2.821180 -0.128356
v -0.007063 2.826574 -0.128230
v -0.011067 2.839354 -0.127933
v -0.016277 2.867681 -0.127275
v -0.021149 2.914626 -0.126189
v 0.025000 8.045986 1.911904
v 0.025000 7.736864 1.831727
v 0.025000 7.438114 1.718653
v 0.025000 6.871547 1.428304
v 0.025000 6.332379 1.088451
v 0.025000 5.805013 0.730462
v 0.025000 5.266431 0.387739
v 0.025000 4.981556 0.244446
v 0.025000 4.681717 0.136719
v 0.025000 4.054975 0.013290
v 0.025000 3.422145 -0.071080
v 0.024148 8.044762 1.918257
v 0.021651 8.043621 1.924178
v 0.017678 8.042642 1.929262
v 0.012500 8.041891 1.933163
v 0.006470 8.041418 1.935616
v 0.000000 8.041257 1.936452
v 0.000000 7.692899 1.843543
v 0.000000 7.358645 1.710857
v 0.000000 7.038354 1.550884
v 0.000000 6.728974 1.372391
v 0.000000 5.539686 0.583824
v 0.000000 5.235770 0.399207
v 0.000000 4.917848 0.244846
v 0.000000 4.582139 0.135936
v 0.000000 4.233524 0.066022
v 0.000000 2.819260 -0.128279
v 0.024745 7.857915 1.871513
v 0.005546 7.852419 1.891635
v 0.024745 7.583441 1.781411
v 0.024745 7.318097 1.668491
v 0.005546 7.486053 1.765277
v 0.024745 7.061270 1.538822
v 0.005546 7.136434 1.602102
v 0.024745 6.729273 1.347379
v 0.005546 6.883562 1.463445
v 0.024745 6.497015 1.200911
v 0.024745 6.199138 1.003090
v 0.024745 5.977741 0.852270
v 0.005546 6.485673 1.218422
v 0.005546 6.261584 1.070378
v 0.024745 5.644921 0.627173
v 0.005546 5.965972 0.869497
v 0.024745 5.416024 0.480169
v 0.005546 5.633411 0.644578
v 0.005546 5.332049 0.453857
v 0.024745 5.117810 0.312077
v 0.024745 4.878436 0.206248
v 0.005546 5.032014 0.293727
v 0.024745 4.530048 0.101355
v 0.005546 4.700391 0.167601
v 0.024745 4.262965 0.049105
v 0.005546 4.348283 0.085280
v 0.024745 3.905458 -0.004342
v 0.024745 3.635010 -0.040224
v 0.005546 3.991992 0.028824
v 0.024745 3.273031 -0.087049
v 0.005546 3.722789 -0.007767
v 0.005546 3.360806 -0.054519
v 0.005546 2.999072 -0.103115
v 0.024745 3.454001 -0.063512
v 0.023998 3.453563 -0.060113
v 0.022787 3.453141 -0.056847
v 0.021140 3.452744 -0.053777
v 0.017678 3.452184 -0.049447
v 0.015032 3.451890 -0.047179
v 0.012085 3.451646 -0.045301
v 0.008902 3.451456 -0.043839
v 0.005546 3.451325 -0.042822
v 0.005546 3.813187 0.004198
v 0.008902 3.360938 -0.055536
v 0.012085 3.361129 -0.056997
v 0.015032 3.361375 -0.058876
v 0.017678 3.361671 -0.061143
v 0.021140 3.362235 -0.065472
v 0.022787 3.362636 -0.068541
v 0.023998 3.363061 -0.071807
v 0.024745 3.363504 -0.075206
v 0.024745 4.084296 0.021133
v 0.023998 4.083795 0.024523
v 0.022787 4.083312 0.027781
v 0.021140 4.082859 0.030843
v 0.017678 4.082220 0.035161
v 0.015032 4.081885 0.037423
v 0.012085 4.081607 0.039297
v 0.008902 4.081392 0.040755
v 0.005546 4.081241 0.041770
v 0.008902 3.992136 0.027808
v 0.012085 3.992343 0.026349
v 0.015032 3.992610 0.024474
v 0.017678 3.992932 0.022210
v 0.021140 3.993543 0.017887
v 0.022787 3.993976 0.014822
v 0.023998 3.994437 0.011561
v 0.024745 3.994916 0.008168
v 0.024745 4.706312 0.147603
v 0.023998 4.705336 0.150888
v 0.022787 4.704398 0.154044
v 0.021140 4.703517 0.157010
v 0.017678 4.702279 0.161195
v 0.015032 4.701633 0.163388
v 0.012085 4.701099 0.165204
v 0.008902 4.700683 0.166617
v 0.005546 4.786280 0.195115
v 0.005546 4.613357 0.143221
v 0.008902 4.613615 0.142228
v 0.012085 4.613987 0.140802
v 0.015032 4.614464 0.138969
v 0.017678 4.615040 0.136755
v 0.021140 4.616139 0.132531
v 0.022787 4.616919 0.129535
v 0.023998 4.617748 0.126348
v 0.024745 4.618611 0.123031
v 0.024745 5.040850 0.274836
v 0.023998 5.039401 0.277941
v 0.022787 5.038009 0.280925
v 0.021140 5.036700 0.283729
v 0.017678 5.034851 0.287682
v 0.015032 5.033880 0.289751
v 0.012085 5.033074 0.291464
v 0.008902 5.032448 0.292798
v 0.005546 5.108402 0.330697
v 0.005546 4.954575 0.259372
v 0.008902 4.954977 0.258428
v 0.012085 4.955556 0.257075
v 0.015032 4.956301 0.255336
v 0.017678 4.957199 0.253236
v 0.021140 4.958910 0.249224
v 0.022787 4.960122 0.246378
v 0.023998 4.961411 0.243350
v 0.024745 4.962753 0.240198
v 0.024745 5.268598 0.392982
v 0.023998 5.266902 0.395961
v 0.022787 5.265272 0.398824
v 0.021140 5.263742 0.401515
v 0.017678 5.261588 0.405314
v 0.015032 5.260465 0.407307
v 0.012085 5.259536 0.408958
v 0.008902 5.258813 0.410242
v 0.005546 5.258306 0.411135
v 0.005546 5.183786 0.370007
v 0.008902 5.184273 0.369104
v 0.012085 5.184969 0.367805
v 0.015032 5.185863 0.366134
v 0.017678 5.186943 0.364119
v 0.021140 5.189011 0.360274
v 0.022787 5.190480 0.357549
v 0.023998 5.192044 0.354650
v 0.024745 5.193671 0.351634
v 0.024745 5.811758 0.739253
v 0.023998 5.809835 0.742090
v 0.022787 5.807987 0.744816
v 0.021140 5.806250 0.747378
v 0.017678 5.803801 0.750991
v 0.015032 5.802518 0.752885
v 0.012085 5.801456 0.754453
v 0.008902 5.800629 0.755673
v 0.005546 6.113511 0.970167
v 0.005546 5.800054 0.756522
v 0.005546 5.716887 0.700386
v 0.008902 5.717458 0.699534
v 0.012085 5.718280 0.698310
v 0.015032 5.719336 0.696738
v 0.017678 5.720610 0.694839
v 0.021140 5.723043 0.691214
v 0.022787 5.724768 0.688644
v 0.023998 5.726604 0.685909
v 0.024745 5.728513 0.683064
v 0.024745 6.347523 1.102735
v 0.023998 6.345626 1.105589
v 0.022787 6.343803 1.108331
v 0.021140 6.342089 1.110909
v 0.017678 6.339673 1.114545
v 0.015032 6.338407 1.116450
v 0.012085 6.337360 1.118028
v 0.008902 6.336544 1.119256
v 0.005546 6.335976 1.120110
v 0.008902 6.262156 1.069527
v 0.012085 6.262977 1.068302
v 0.015032 6.264031 1.066729
v 0.017678 6.265304 1.064829
v 0.021140 6.267737 1.061204
v 0.022787 6.269463 1.058634
v 0.023998 6.271299 1.055901
v 0.024745 6.273210 1.053056
v 0.024745 6.893995 1.445377
v 0.023998 6.892277 1.448343
v 0.022787 6.890627 1.451194
v 0.021140 6.889076 1.453873
v 0.017678 6.886893 1.457654
v 0.015032 6.885753 1.459636
v 0.012085 6.884810 1.461279
v 0.008902 6.884076 1.462557
v 0.005546 6.800679 1.414825
v 0.008902 6.801204 1.413944
v 0.012085 6.801956 1.412676
v 0.015032 6.802921 1.411046
v 0.017678 6.804087 1.409079
v 0.021140 6.806319 1.405327
v 0.022787 6.807903 1.402667
v 0.023998 6.809590 1.399838
v 0.024745 6.811345 1.396894
v 0.005546 7.397135 1.727362
v 0.008902 7.397549 1.726423
v 0.012085 7.398142 1.725074
v 0.015032 7.398904 1.723340
v 0.017678 7.399825 1.721247
v 0.021140 7.401585 1.717252
v 0.022787 7.402834 1.714420
v 0.023998 7.404164 1.711407
v 0.024745 7.405547 1.708271
v 0.024745 7.493984 1.745982
v 0.023998 7.492678 1.749150
v 0.022787 7.491423 1.752195
v 0.021140 7.490245 1.755058
v 0.017678 7.488585 1.759095
v 0.015032 7.487719 1.761211
v 0.012085 7.487002 1.762964
v 0.008902 7.486444 1.764328
v 0.005546 7.576030 1.800912
v 0.024745 7.765463 1.844459
v 0.023998 7.764445 1.847732
v 0.022787 7.763466 1.850877
v 0.021140 7.762547 1.853832
v 0.017678 7.761248 1.858000
v 0.015032 7.760567 1.860182
v 0.012085 7.760002 1.861989
v 0.008902 7.759562 1.863395
v 0.005546 7.759257 1.864375
v 0.005546 7.667100 1.834040
v 0.008902 7.667436 1.833071
v 0.012085 7.667921 1.831679
v 0.015032 7.668545 1.829891
v 0.017678 7.669297 1.827732
v 0.021140 7.670730 1.823608
v 0.022787 7.671744 1.820684
v 0.023998 7.672823 1.817572
v 0.024745 7.673946 1.814334
v 0.005546 7.946494 1.915542
v 0.008902 7.946728 1.914543
v 0.012085 7.947059 1.913108
v 0.015032 7.947484 1.911263
v 0.017678 7.947999 1.909035
v 0.021140 7.948990 1.904784
v 0.022787 7.949695 1.901770
v 0.023998 7.950447 1.898564
v 0.024745 7.951229 1.895227
v 0.005546 7.309247 1.687383
v 0.008902 7.309682 1.686453
v 0.012085 7.310307 1.685119
v 0.015032 7.311111 1.683404
v 0.017678 7.312082 1.681334
v 0.021140 7.313934 1.677381
v 0.022787 7.315246 1.674578
v 0.023998 7.316643 1.671595
v 0.024745 7.146018 1.583571
v 0.005546 6.967107 1.510935
v 0.008902 6.967609 1.510040
v 0.012085 6.968325 1.508752
v 0.015032 6.969244 1.507096
v 0.017678 6.970356 1.505098
v 0.021140 6.972486 1.501287
v 0.022787 6.973998 1.498586
v 0.023998 6.975608 1.495712
v 0.024745 6.977283 1.492722
v 0.023998 7.059642 1.541838
v 0.022787 7.058078 1.544736
v 0.021140 7.056609 1.547461
v 0.017678 7.054539 1.551304
v 0.015032 7.053457 1.553319
v 0.012085 7.052562 1.554989
v 0.008902 7.051865 1.556287
v 0.005546 7.051378 1.557190
v 0.005546 6.718399 1.365185
v 0.008902 6.718934 1.364310
v 0.012085 6.719701 1.363051
v 0.015032 6.720686 1.361434
v 0.017678 6.721876 1.359481
v 0.021140 6.724152 1.355755
v 0.022787 6.725767 1.353113
v 0.023998 6.727485 1.350303
v 0.024745 6.572193 1.249237
v 0.005546 5.477551 0.543215
v 0.008902 5.478101 0.542348
v 0.012085 5.478886 0.541100
v 0.015032 5.479894 0.539496
v 0.017678 5.481114 0.537561
v 0.021140 5.483448 0.533869
v 0.022787 5.485106 0.531253
v 0.023998 5.486871 0.528470
v 0.024745 5.488707 0.525574
v 0.024745 5.560827 0.571897
v 0.023998 5.558962 0.574774
v 0.022787 5.557169 0.577539
v 0.021140 5.555484 0.580137
v 0.017678 5.553111 0.583803
v 0.015032 5.551869 0.585724
v 0.012085 5.550842 0.587316
v 0.008902 5.550043 0.588555
v 0.005546 5.549484 0.589416
v 0.005546 4.871012 0.225720
v 0.008902 4.871377 0.224762
v 0.012085 4.871901 0.223387
v 0.015032 4.872575 0.221620
v 0.017678 4.873388 0.219486
v 0.021140 4.874942 0.215411
v 0.022787 4.876044 0.212522
v 0.023998 4.877216 0.209447
v 0.024745 4.792938 0.175362
v 0.005546 4.525365 0.121686
v 0.008902 4.525594 0.120686
v 0.012085 4.525928 0.119250
v 0.015032 4.526358 0.117405
v 0.017678 4.526875 0.115178
v 0.021140 4.527855 0.110923
v 0.022787 4.528547 0.107906
v 0.023998 4.529283 0.104696
v 0.024745 4.352087 0.064763
v 0.005546 4.170421 0.055289
v 0.008902 4.170580 0.054275
v 0.012085 4.170809 0.052819
v 0.015032 4.171103 0.050948
v 0.017678 4.171457 0.048689
v 0.021140 4.172134 0.044376
v 0.022787 4.172614 0.041318
v 0.023998 4.173125 0.038064
v 0.024745 4.173657 0.034678
v 0.023998 4.262394 0.052485
v 0.022787 4.261845 0.055733
v 0.021140 4.261329 0.058786
v 0.017678 4.260600 0.063091
v 0.015032 4.260217 0.065346
v 0.012085 4.259899 0.067213
v 0.008902 4.259652 0.068666
v 0.005546 4.259481 0.069678
v 0.017678 2.909674 -0.122521
v 0.015032 2.909349 -0.120257
v 0.012085 2.909079 -0.118382
v 0.008902 2.908869 -0.116924
v 0.005546 2.908724 -0.115908
v 0.005546 3.179846 -0.078394
v 0.008902 2.999214 -0.104131
v 0.012085 2.999418 -0.105590
v 0.015032 2.999681 -0.107466
v 0.017678 2.999998 -0.109731
v 0.021140 3.000603 -0.114055
v 0.022787 3.001031 -0.117120
v 0.023998 3.001487 -0.120382
v 0.024745 3.001961 -0.123776
v 0.024745 3.092265 -0.111297
v 0.023998 3.091802 -0.107901
v 0.022787 3.091356 -0.104638
v 0.021140 3.090937 -0.101572
v 0.017678 3.090346 -0.097246
v 0.015032 3.090036 -0.094980
v 0.012085 3.089779 -0.093104
v 0.008902 3.089580 -0.091644
v 0.005546 3.089441 -0.090627
v 0.008902 7.852689 1.890645
v 0.012085 7.853076 1.889224
v 0.015032 7.853573 1.887397
v 0.017678 7.854174 1.885192
v 0.021140 7.855325 1.880981
v 0.022787 7.856141 1.877996
v 0.023998 7.857011 1.874819
v 0.008902 7.576395 1.799953
v 0.012085 7.576918 1.798575
v 0.015032 7.577588 1.796804
v 0.017678 7.578399 1.794666
v 0.021140 7.579950 1.790585
v 0.022787 7.581050 1.787692
v 0.023998 7.582222 1.784614
v 0.005546 7.222357 1.645557
v 0.008902 7.222812 1.644637
v 0.012085 7.223465 1.643316
v 0.015032 7.224306 1.641619
v 0.017678 7.225320 1.639569
v 0.021140 7.227254 1.635656
v 0.022787 7.228624 1.632880
v 0.023998 7.230082 1.629927
v 0.024745 7.231599 1.626854
v 0.008902 7.136906 1.601190
v 0.012085 7.137582 1.599881
v 0.015032 7.138452 1.598198
v 0.017678 7.139501 1.596166
v 0.021140 7.141507 1.592289
v 0.022787 7.142929 1.589540
v 0.023998 7.144443 1.586615
v 0.005546 6.636660 1.314631
v 0.008902 6.637204 1.313761
v 0.012085 6.637985 1.312511
v 0.015032 6.638988 1.310905
v 0.017678 6.640199 1.308965
v 0.021140 6.642514 1.305263
v 0.022787 6.644155 1.302638
v 0.023998 6.645901 1.299846
v 0.024745 6.647719 1.296940
v 0.005546 6.560983 1.266833
v 0.008902 6.561535 1.265967
v 0.012085 6.562327 1.264724
v 0.015032 6.563344 1.263127
v 0.017678 6.564573 1.261198
v 0.021140 6.566919 1.257516
v 0.022787 6.568582 1.254905
v 0.023998 6.570352 1.252128
v 0.008902 6.486231 1.217560
v 0.012085 6.487033 1.216324
v 0.015032 6.488063 1.214734
v 0.017678 6.489306 1.212815
v 0.021140 6.491680 1.209151
v 0.022787 6.493362 1.206553
v 0.023998 6.495152 1.203788
v 0.005546 6.410681 1.169485
v 0.008902 6.411244 1.168628
v 0.012085 6.412053 1.167396
v 0.015032 6.413093 1.165813
v 0.017678 6.414349 1.163902
v 0.021140 6.416746 1.160253
v 0.022787 6.418445 1.157666
v 0.023998 6.420252 1.154913
v 0.024745 6.422134 1.152048
v 0.005546 6.187450 1.020371
v 0.008902 6.188025 1.019521
v 0.012085 6.188849 1.018299
v 0.015032 6.189909 1.016729
v 0.017678 6.191189 1.014834
v 0.021140 6.193635 1.011218
v 0.022787 6.195370 1.008655
v 0.023998 6.197217 1.005928
v 0.024745 6.051467 0.902617
v 0.008902 6.114088 0.969319
v 0.012085 6.114916 0.968100
v 0.015032 6.115980 0.966532
v 0.017678 6.117264 0.964640
v 0.021140 6.119720 0.961030
v 0.022787 6.121462 0.958472
v 0.023998 6.123316 0.955750
v 0.024745 6.125245 0.952917
v 0.005546 6.039706 0.919849
v 0.008902 6.040285 0.919002
v 0.012085 6.041114 0.917784
v 0.015032 6.042180 0.916218
v 0.017678 6.043468 0.914328
v 0.021140 6.045929 0.910722
v 0.022787 6.047675 0.908166
v 0.023998 6.049533 0.905447
v 0.008902 5.966552 0.868650
v 0.012085 5.967382 0.867432
v 0.015032 5.968449 0.865867
v 0.017678 5.969738 0.863978
v 0.021140 5.972200 0.860373
v 0.022787 5.973947 0.857817
v 0.023998 5.975806 0.855099
v 0.005546 5.883051 0.812923
v 0.008902 5.883629 0.812075
v 0.012085 5.884459 0.810857
v 0.015032 5.885524 0.809291
v 0.017678 5.886812 0.807401
v 0.021140 5.889270 0.803794
v 0.022787 5.891014 0.801236
v 0.023998 5.892870 0.798516
v 0.024745 5.894802 0.795685
v 0.008902 5.633977 0.643722
v 0.012085 5.634790 0.642492
v 0.015032 5.635834 0.640911
v 0.017678 5.637095 0.639003
v 0.021140 5.639504 0.635361
v 0.022787 5.641212 0.632779
v 0.023998 5.643029 0.630032
v 0.005546 5.405101 0.497956
v 0.008902 5.405640 0.497082
v 0.012085 5.406408 0.495823
v 0.015032 5.407393 0.494205
v 0.017678 5.408586 0.492253
v 0.021140 5.410871 0.488531
v 0.022787 5.412495 0.485894
v 0.023998 5.414225 0.483088
v 0.008902 5.332573 0.452974
v 0.012085 5.333320 0.451703
v 0.015032 5.334279 0.450070
v 0.017678 5.335440 0.448098
v 0.021140 5.337665 0.444340
v 0.022787 5.339247 0.441678
v 0.023998 5.340932 0.438846
v 0.024745 5.342685 0.435899
v 0.008902 5.108865 0.329781
v 0.012085 5.109530 0.328466
v 0.015032 5.110385 0.326775
v 0.017678 5.111416 0.324735
v 0.021140 5.113385 0.320838
v 0.022787 5.114781 0.318075
v 0.023998 5.116265 0.315136
v 0.008902 4.786608 0.194144
v 0.012085 4.787076 0.192748
v 0.015032 4.787678 0.190954
v 0.017678 4.788405 0.188789
v 0.021140 4.789798 0.184655
v 0.022787 4.790788 0.181725
v 0.023998 4.791841 0.178607
v 0.005546 4.436689 0.102440
v 0.008902 4.436895 0.101435
v 0.012085 4.437195 0.099992
v 0.015032 4.437582 0.098138
v 0.017678 4.438046 0.095898
v 0.021140 4.438926 0.091621
v 0.022787 4.439546 0.088588
v 0.023998 4.440205 0.085360
v 0.024745 4.440890 0.082002
v 0.008902 4.348469 0.084271
v 0.012085 4.348740 0.082822
v 0.015032 4.349089 0.080961
v 0.017678 4.349509 0.078712
v 0.021140 4.350306 0.074419
v 0.022787 4.350868 0.071374
v 0.023998 4.351465 0.068135
v 0.005546 3.902635 0.016329
v 0.008902 3.902774 0.015312
v 0.012085 3.902974 0.013852
v 0.015032 3.903233 0.011975
v 0.017678 3.903544 0.009710
v 0.021140 3.904135 0.005384
v 0.022787 3.904552 0.002317
v 0.023998 3.904996 -0.000946
v 0.024745 3.725491 -0.028454
v 0.008902 3.813321 0.003181
v 0.012085 3.813517 0.001720
v 0.015032 3.813769 -0.000157
v 0.017678 3.814073 -0.002424
v 0.021140 3.814648 -0.006752
v 0.022787 3.815055 -0.009820
v 0.023998 3.815487 -0.013085
v 0.024745 3.815937 -0.016483
v 0.008902 3.722922 -0.008784
v 0.012085 3.723114 -0.010245
v 0.015032 3.723362 -0.012123
v 0.017678 3.723660 -0.014391
v 0.021140 3.724225 -0.018720
v 0.022787 3.724624 -0.021790
v 0.023998 3.725049 -0.025056
v 0.005546 3.632334 -0.019533
v 0.008902 3.632466 -0.020551
v 0.012085 3.632656 -0.022012
v 0.015032 3.632901 -0.023891
v 0.017678 3.633196 -0.026159
v 0.021140 3.633756 -0.030489
v 0.022787 3.634151 -0.033559
v 0.023998 3.634572 -0.036825
v 0.005546 3.541840 -0.031189
v 0.008902 3.541971 -0.032207
v 0.012085 3.542161 -0.033669
v 0.015032 3.542404 -0.035547
v 0.017678 3.542698 -0.037815
v 0.021140 3.543256 -0.042145
v 0.022787 3.543651 -0.045215
v 0.023998 3.544071 -0.048482
v 0.024745 3.544508 -0.051881
v 0.005546 3.270302 -0.066366
v 0.008902 3.270436 -0.067384
v 0.012085 3.270629 -0.068845
v 0.015032 3.270876 -0.070723
v 0.017678 3.271176 -0.072990
v 0.021140 3.271747 -0.077318
v 0.022787 3.272152 -0.080386
v 0.023998 3.272583 -0.083651
v 0.024745 3.182617 -0.099072
v 0.008902 3.179982 -0.079411
v 0.012085 3.180178 -0.080872
v 0.015032 3.180429 -0.082750
v 0.017678 3.180733 -0.085016
v 0.021140 3.181313 -0.089343
v 0.022787 3.181724 -0.092411
v 0.023998 3.182162 -0.095675
v 0.024148 8.051620 1.908722
v 0.021651 8.056870 1.905758
v 0.017678 8.061379 1.903212
v 0.012500 8.064839 1.901259
v 0.006470 8.067014 1.900031
v 0.000000 8.067755 1.899612
v -0.006470 8.067014 1.900031
v -0.012500 8.064839 1.901259
v -0.017678 8.061379 1.903212
v -0.021651 8.056870 1.905758
v -0.024148 8.051620 1.908722
v -0.025000 8.045986 1.911904
v -0.024148 8.044762 1.918257
v -0.021651 8.043621 1.924178
v -0.017678 8.042642 1.929262
v -0.012500 8.041891 1.933163
v -0.006470 8.041418 1.935616
v 0.000000 8.045986 1.936904
v -0.024999 8.045986 1.912084
v -0.024109 8.045986 1.918519
v -0.021590 8.045986 1.924507
v -0.017614 8.045986 1.929645
v -0.012448 8.045986 1.933584
v -0.006441 8.045986 1.936059
v 0.004555 8.041431 1.936059
v 0.005578 8.042765 1.936059
v 0.012024 8.042764 1.933584
v 0.006222 8.044318 1.936059
v 0.024109 8.045957 1.918519
v 0.021590 8.045965 1.924507
v 0.017614 8.045973 1.929645
v 0.012448 8.045980 1.933584
v 0.006441 8.045984 1.936059
v 0.024148 8.052456 1.912084
v 0.023287 8.052225 1.918519
v 0.020855 8.051574 1.924507
v 0.017014 8.050544 1.929645
v 0.012024 8.049207 1.933584
v 0.006222 8.047653 1.936059
v 0.020959 8.058086 1.905636
v 0.021650 8.058485 1.912084
v 0.020879 8.058040 1.918519
v 0.018698 8.056781 1.924507
v 0.015254 8.054793 1.929645
v 0.010780 8.052210 1.933584
v 0.005578 8.049206 1.936059
v 0.017113 8.063099 1.905636
v 0.017677 8.063663 1.912084
v 0.017048 8.063033 1.918519
v 0.015267 8.061252 1.924507
v 0.012455 8.058440 1.929645
v 0.008802 8.054788 1.933584
v 0.004555 8.050540 1.936059
v 0.012101 8.066945 1.905636
v 0.012500 8.067636 1.912084
v 0.012054 8.066864 1.918519
v 0.010795 8.064683 1.924507
v 0.008807 8.061240 1.929645
v 0.006224 8.056766 1.933584
v 0.003221 8.051564 1.936059
v 0.006264 8.069363 1.905636
v 0.006470 8.070133 1.912084
v 0.006240 8.069273 1.918519
v 0.005588 8.066840 1.924507
v 0.004559 8.062999 1.929645
v 0.003222 8.058009 1.933584
v 0.001667 8.052208 1.936059
v 0.000000 8.052427 1.936059
v 0.000000 8.058434 1.933584
v 0.000000 8.063599 1.929645
v 0.000000 8.067576 1.924507
v 0.000000 8.070094 1.918519
v 0.000000 8.070985 1.912084
v 0.000000 8.070187 1.905636
v -0.006264 8.069363 1.905636
v -0.006470 8.070133 1.912084
v -0.006240 8.069273 1.918519
v -0.005588 8.066840 1.924507
v -0.004559 8.062999 1.929645
v -0.003222 8.058009 1.933584
v -0.001667 8.052208 1.936059
v -0.012101 8.066945 1.905636
v -0.012500 8.067636 1.912084
v -0.012054 8.066864 1.918519
v -0.010795 8.064683 1.924507
v -0.008807 8.061240 1.929645
v -0.006224 8.056766 1.933584
v -0.003221 8.051564 1.936059
v -0.017113 8.063099 1.905636
v -0.017677 8.063663 1.912084
v -0.017048 8.063033 1.918519
v -0.015267 8.061252 1.924507
v -0.012455 8.058440 1.929645
v -0.008802 8.054788 1.933584
v -0.004555 8.050540 1.936059
v -0.020959 8.058086 1.905636
v -0.021650 8.058485 1.912084
v -0.020879 8.058040 1.918519
v -0.018698 8.056781 1.924507
v -0.015254 8.054793 1.929645
v -0.010780 8.052210 1.933584
v -0.005578 8.049206 1.936059
v -0.024148 8.052456 1.912084
v -0.023287 8.052225 1.918519
v -0.020855 8.051574 1.924507
v -0.017014 8.050544 1.929645
v -0.012024 8.049207 1.933584
v -0.006222 8.047653 1.936059
v -0.012024 8.042764 1.933584
v -0.006222 8.044318 1.936059
v -0.005578 8.042765 1.936059
v -0.004555 8.041431 1.936059
v -0.025000 7.736864 1.831727
v -0.025000 7.438114 1.718653
v -0.025000 6.871547 1.428304
v -0.025000 6.332379 1.088451
v -0.025000 5.805013 0.730462
v -0.025000 5.266431 0.387739
v -0.025000 4.981556 0.244446
v -0.025000 4.681717 0.136719
v -0.025000 4.054975 0.013290
v -0.025000 3.422145 -0.071080
v -0.024745 3.185568 -0.098676
v -0.024745 3.550417 -0.051122
v -0.024745 3.906277 -0.004230
v -0.005547 3.091654 -0.090325
v -0.005547 3.456496 -0.042156
v -0.005547 3.725713 -0.007383
v -0.024745 4.172635 0.034519
v -0.005547 4.080833 0.041710
v -0.024745 4.440890 0.082002
v -0.005547 4.436689 0.102440
v -0.024745 4.792938 0.175362
v -0.005547 4.786280 0.195115
v -0.024745 5.117810 0.312077
v -0.005547 5.108402 0.330697
v -0.024745 5.342685 0.435899
v -0.024745 5.560827 0.571897
v -0.005547 5.405102 0.497956
v -0.024745 5.948183 0.832089
v -0.024745 6.179374 0.989697
v -0.005547 5.782285 0.744493
v -0.024745 6.412147 1.145482
v -0.005547 6.090486 0.954486
v -0.024745 6.647719 1.296940
v -0.005547 6.322699 1.111273
v -0.005547 6.636660 1.314631
v -0.024745 6.977283 1.492722
v -0.005547 6.883562 1.463445
v -0.024745 7.231599 1.626854
v -0.005547 7.222357 1.645557
v -0.024745 7.583441 1.781411
v -0.005547 7.576031 1.800912
v -0.024745 7.857915 1.871513
v -0.005547 7.852419 1.891634
v -0.005547 2.909461 -0.115802
v -0.008902 2.909606 -0.116818
v -0.012085 2.909816 -0.118277
v -0.015032 2.910086 -0.120152
v -0.017678 2.910411 -0.122415
v -0.005547 4.257853 0.069405
v -0.008902 4.258024 0.068393
v -0.012085 4.258270 0.066939
v -0.015032 4.258588 0.065072
v -0.017678 4.258970 0.062817
v -0.021140 4.259698 0.058512
v -0.022787 4.260214 0.055459
v -0.023998 4.260761 0.052211
v -0.024745 4.261332 0.048831
v -0.024745 4.351272 0.064613
v -0.023998 4.172104 0.037905
v -0.022787 4.171593 0.041158
v -0.021140 4.171113 0.044216
v -0.017678 4.170437 0.048530
v -0.015032 4.170082 0.050789
v -0.012085 4.169789 0.052660
v -0.008902 4.169561 0.054116
v -0.005547 4.169402 0.055130
v -0.005547 4.613357 0.143221
v -0.008902 4.613615 0.142228
v -0.012085 4.613987 0.140802
v -0.015032 4.614464 0.138969
v -0.017678 4.615040 0.136755
v -0.021140 4.616139 0.132530
v -0.022787 4.616919 0.129535
v -0.023998 4.617748 0.126348
v -0.024745 4.618611 0.123031
v -0.024745 4.530048 0.101355
v -0.023998 4.529283 0.104695
v -0.022787 4.528547 0.107906
v -0.021140 4.527855 0.110923
v -0.017678 4.526875 0.115178
v -0.015032 4.526358 0.117405
v -0.012085 4.525928 0.119250
v -0.008902 4.525594 0.120686
v -0.005547 4.525365 0.121686
v -0.005547 4.954575 0.259372
v -0.008902 4.954977 0.258428
v -0.012085 4.955556 0.257075
v -0.015032 4.956301 0.255336
v -0.017678 4.957199 0.253236
v -0.021140 4.958910 0.249223
v -0.022787 4.960122 0.246378
v -0.023998 4.961411 0.243349
v -0.024745 4.962753 0.240198
v -0.024745 4.878437 0.206247
v -0.023998 4.877216 0.209447
v -0.022787 4.876044 0.212522
v -0.021140 4.874942 0.215411
v -0.017678 4.873388 0.219486
v -0.015032 4.872575 0.221620
v -0.012085 4.871901 0.223387
v -0.008902 4.871377 0.224762
v -0.005547 4.871012 0.225720
v -0.005547 5.258306 0.411135
v -0.008902 5.258813 0.410242
v -0.012085 5.259536 0.408958
v -0.015032 5.260465 0.407307
v -0.017678 5.261588 0.405314
v -0.021140 5.263742 0.401515
v -0.022787 5.265272 0.398824
v -0.023998 5.266902 0.395961
v -0.024745 5.268598 0.392982
v -0.024745 5.193671 0.351634
v -0.023998 5.192044 0.354650
v -0.022787 5.190480 0.357549
v -0.021140 5.189012 0.360274
v -0.017678 5.186943 0.364119
v -0.015032 5.185863 0.366134
v -0.012085 5.184969 0.367805
v -0.008902 5.184273 0.369104
v -0.005547 5.183786 0.370007
v -0.005547 5.549484 0.589416
v -0.008902 5.550043 0.588555
v -0.012085 5.550842 0.587316
v -0.015032 5.551869 0.585724
v -0.017678 5.553111 0.583803
v -0.021140 5.555484 0.580137
v -0.022787 5.557169 0.577538
v -0.023998 5.558962 0.574774
v -0.024745 5.488708 0.525574
v -0.024745 5.716620 0.675070
v -0.023998 5.486871 0.528470
v -0.022787 5.485106 0.531253
v -0.021140 5.483448 0.533869
v -0.017678 5.481114 0.537561
v -0.015032 5.479894 0.539496
v -0.012085 5.478886 0.541100
v -0.008902 5.478101 0.542348
v -0.005547 5.477551 0.543215
v -0.005547 6.800679 1.414825
v -0.008902 6.801204 1.413944
v -0.012085 6.801956 1.412676
v -0.015032 6.802921 1.411046
v -0.017678 6.804087 1.409079
v -0.021140 6.806319 1.405327
v -0.022787 6.807904 1.402667
v -0.023998 6.809590 1.399838
v -0.024745 6.811345 1.396894
v -0.024745 6.729273 1.347379
v -0.023998 6.727485 1.350303
v -0.022787 6.725767 1.353113
v -0.021140 6.724152 1.355754
v -0.017678 6.721876 1.359481
v -0.015032 6.720686 1.361433
v -0.012085 6.719701 1.363051
v -0.008902 6.718934 1.364310
v -0.005547 6.718399 1.365185
v -0.005547 7.051378 1.557190
v -0.008902 7.051865 1.556287
v -0.012085 7.052562 1.554988
v -0.015032 7.053457 1.553319
v -0.017678 7.054539 1.551304
v -0.021140 7.056609 1.547460
v -0.022787 7.058078 1.544736
v -0.023998 7.059643 1.541838
v -0.024745 7.061270 1.538822
v -0.024745 7.146018 1.583571
v -0.023998 6.975608 1.495712
v -0.022787 6.973998 1.498585
v -0.021140 6.972486 1.501286
v -0.017678 6.970356 1.505098
v -0.015032 6.969244 1.507096
v -0.012085 6.968325 1.508752
v -0.008902 6.967609 1.510040
v -0.005547 6.967107 1.510935
v -0.005547 7.397135 1.727362
v -0.008902 7.397549 1.726423
v -0.012085 7.398142 1.725074
v -0.015032 7.398904 1.723340
v -0.017678 7.399825 1.721247
v -0.021140 7.401585 1.717252
v -0.022787 7.402834 1.714420
v -0.023998 7.404164 1.711407
v -0.024745 7.405547 1.708271
v -0.024745 7.318097 1.668491
v -0.023998 7.316643 1.671595
v -0.022787 7.315247 1.674578
v -0.021140 7.313934 1.677381
v -0.017678 7.312082 1.681334
v -0.015032 7.311111 1.683404
v -0.012085 7.310307 1.685119
v -0.008902 7.309682 1.686453
v -0.005547 7.309247 1.687383
v -0.005547 7.759257 1.864375
v -0.008902 7.759562 1.863395
v -0.012085 7.760002 1.861989
v -0.015032 7.760567 1.860182
v -0.017678 7.761248 1.858000
v -0.021140 7.762547 1.853832
v -0.022787 7.763466 1.850876
v -0.023998 7.764445 1.847732
v -0.024745 7.765463 1.844459
v -0.024745 7.673946 1.814334
v -0.023998 7.672823 1.817572
v -0.022787 7.671745 1.820683
v -0.021140 7.670730 1.823608
v -0.017678 7.669297 1.827732
v -0.015032 7.668545 1.829891
v -0.012085 7.667921 1.831679
v -0.008902 7.667436 1.833071
v -0.005547 7.667100 1.834040
v -0.024745 7.951229 1.895227
v -0.023998 7.950447 1.898564
v -0.022787 7.949695 1.901770
v -0.021140 7.948990 1.904784
v -0.017678 7.947999 1.909035
v -0.015032 7.947484 1.911263
v -0.012085 7.947059 1.913108
v -0.008902 7.946728 1.914543
v -0.005547 7.946494 1.915542
v -0.005547 7.486053 1.765277
v -0.008902 7.486444 1.764328
v -0.012085 7.487002 1.762964
v -0.015032 7.487719 1.761211
v -0.017678 7.488585 1.759095
v -0.021140 7.490245 1.755057
v -0.022787 7.491423 1.752195
v -0.023998 7.492678 1.749150
v -0.024745 7.493984 1.745982
v -0.008902 6.884076 1.462556
v -0.012085 6.884810 1.461279
v -0.015032 6.885753 1.459636
v -0.017678 6.886893 1.457654
v -0.021140 6.889076 1.453873
v -0.022787 6.890627 1.451194
v -0.023998 6.892277 1.448343
v -0.024745 6.893995 1.445377
v -0.024745 6.256693 1.041949
v -0.023998 6.254780 1.044792
v -0.022787 6.252941 1.047524
v -0.021140 6.251213 1.050092
v -0.017678 6.248777 1.053715
v -0.015032 6.247502 1.055614
v -0.012085 6.246447 1.057186
v -0.008902 6.245625 1.058410
v -0.005547 6.245052 1.059261
v -0.005547 5.936418 0.849318
v -0.008902 6.323268 1.110419
v -0.012085 6.324085 1.109192
v -0.015032 6.325134 1.107614
v -0.017678 6.326400 1.105711
v -0.021140 6.328820 1.102076
v -0.022787 6.330536 1.099500
v -0.023998 6.332362 1.096760
v -0.024745 6.334262 1.093907
v -0.024745 5.793975 0.727215
v -0.023998 5.792054 0.730053
v -0.022787 5.790209 0.732780
v -0.021140 5.788474 0.735344
v -0.017678 5.786028 0.738960
v -0.015032 5.784747 0.740854
v -0.012085 5.783685 0.742423
v -0.008902 5.782860 0.743644
v -0.005547 5.859395 0.796817
v -0.008902 5.859973 0.795969
v -0.012085 5.860802 0.794751
v -0.015032 5.861867 0.793184
v -0.017678 5.863153 0.791293
v -0.021140 5.865610 0.787684
v -0.022787 5.867352 0.785126
v -0.023998 5.869206 0.782404
v -0.024745 5.871136 0.779572
v -0.005547 5.032014 0.293727
v -0.008902 5.032448 0.292798
v -0.012085 5.033074 0.291464
v -0.015032 5.033880 0.289751
v -0.017678 5.034851 0.287682
v -0.021140 5.036700 0.283729
v -0.022787 5.038009 0.280925
v -0.023998 5.039401 0.277941
v -0.024745 5.040850 0.274836
v -0.005547 4.700391 0.167601
v -0.008902 4.700683 0.166617
v -0.012085 4.701099 0.165204
v -0.015032 4.701633 0.163388
v -0.017678 4.702279 0.161195
v -0.021140 4.703517 0.157010
v -0.022787 4.704398 0.154044
v -0.023998 4.705336 0.150887
v -0.024745 4.706312 0.147603
v -0.005547 3.903453 0.016441
v -0.008902 4.080984 0.040695
v -0.012085 4.081199 0.039237
v -0.015032 4.081477 0.037363
v -0.017678 4.081811 0.035101
v -0.021140 4.082451 0.030782
v -0.022787 4.082904 0.027720
v -0.023998 4.083386 0.024462
v -0.024745 4.083888 0.021072
v -0.024745 3.995121 0.008197
v -0.023998 3.994641 0.011590
v -0.022787 3.994181 0.014851
v -0.021140 3.993748 0.017916
v -0.017678 3.993136 0.022239
v -0.015032 3.992814 0.024503
v -0.012085 3.992548 0.026378
v -0.008902 3.992340 0.027837
v -0.005547 3.992197 0.028853
v -0.024745 3.367935 -0.074630
v -0.023998 3.367492 -0.071232
v -0.022787 3.367067 -0.067966
v -0.021140 3.366667 -0.064897
v -0.017678 3.366103 -0.060568
v -0.015032 3.365807 -0.058300
v -0.012085 3.365561 -0.056422
v -0.008902 3.365371 -0.054961
v -0.005547 3.365238 -0.053943
v -0.008902 3.456628 -0.043174
v -0.012085 3.456817 -0.044636
v -0.015032 3.457061 -0.046514
v -0.017678 3.457355 -0.048782
v -0.021140 3.457915 -0.053112
v -0.022787 3.458312 -0.056182
v -0.023998 3.458733 -0.059448
v -0.024745 3.459172 -0.062847
v -0.008902 3.091792 -0.091341
v -0.012085 3.091992 -0.092802
v -0.015032 3.092249 -0.094678
v -0.017678 3.092558 -0.096944
v -0.021140 3.093149 -0.101270
v -0.022787 3.093568 -0.104336
v -0.023998 3.094013 -0.107599
v -0.024745 3.094477 -0.110995
v -0.024745 3.003434 -0.123570
v -0.023998 3.002961 -0.120176
v -0.022787 3.002505 -0.116914
v -0.021140 3.002077 -0.113849
v -0.017678 3.001473 -0.109525
v -0.015032 3.001156 -0.107260
v -0.012085 3.000893 -0.105384
v -0.008902 3.000689 -0.103925
v -0.005547 3.000547 -0.102909
v -0.023998 7.857011 1.874819
v -0.022787 7.856141 1.877995
v -0.021140 7.855325 1.880981
v -0.017678 7.854174 1.885192
v -0.015032 7.853573 1.887397
v -0.012085 7.853076 1.889224
v -0.008902 7.852689 1.890645
v -0.023998 7.582222 1.784614
v -0.022787 7.581050 1.787692
v -0.021140 7.579950 1.790584
v -0.017678 7.578399 1.794666
v -0.015032 7.577588 1.796804
v -0.012085 7.576918 1.798575
v -0.008902 7.576395 1.799953
v -0.023998 7.230082 1.629927
v -0.022787 7.228624 1.632880
v -0.021140 7.227254 1.635655
v -0.017678 7.225320 1.639569
v -0.015032 7.224306 1.641619
v -0.012085 7.223465 1.643316
v -0.008902 7.222812 1.644637
v -0.005547 7.136435 1.602102
v -0.023998 7.144443 1.586615
v -0.022787 7.142929 1.589539
v -0.021140 7.141507 1.592288
v -0.017678 7.139501 1.596166
v -0.015032 7.138452 1.598198
v -0.012085 7.137582 1.599881
v -0.008902 7.136906 1.601190
v -0.023998 6.645902 1.299846
v -0.022787 6.644155 1.302638
v -0.021140 6.642514 1.305263
v -0.017678 6.640199 1.308965
v -0.015032 6.638988 1.310905
v -0.012085 6.637985 1.312511
v -0.008902 6.637204 1.313761
v -0.005547 6.478980 1.214082
v -0.024745 6.568838 1.247097
v -0.023998 6.566995 1.249987
v -0.022787 6.565224 1.252764
v -0.021140 6.563560 1.255374
v -0.017678 6.561213 1.259055
v -0.015032 6.559984 1.260984
v -0.012085 6.558965 1.262581
v -0.008902 6.558173 1.263823
v -0.005547 6.557621 1.264688
v -0.024745 6.490332 1.196578
v -0.023998 6.488468 1.199454
v -0.022787 6.486676 1.202217
v -0.021140 6.484992 1.204814
v -0.017678 6.482617 1.208477
v -0.015032 6.481372 1.210396
v -0.012085 6.480341 1.211985
v -0.008902 6.479538 1.213221
v -0.005547 6.167671 1.006968
v -0.023998 6.410263 1.148345
v -0.022787 6.408453 1.151097
v -0.021140 6.406752 1.153682
v -0.017678 6.404353 1.157330
v -0.015032 6.403096 1.159240
v -0.012085 6.402054 1.160822
v -0.008902 6.401244 1.162053
v -0.005547 6.400680 1.162911
v -0.023998 6.177450 0.992533
v -0.022787 6.175601 0.995259
v -0.021140 6.173864 0.997820
v -0.017678 6.171415 1.001435
v -0.015032 6.170133 1.003329
v -0.012085 6.169073 1.004898
v -0.008902 6.168247 1.006119
v -0.005547 5.627445 0.640619
v -0.024745 6.102230 0.937243
v -0.023998 6.100299 0.940074
v -0.022787 6.098444 0.942795
v -0.021140 6.096700 0.945352
v -0.017678 6.094243 0.948961
v -0.015032 6.092957 0.950852
v -0.012085 6.091892 0.952419
v -0.008902 6.091064 0.953638
v -0.024745 6.025191 0.884677
v -0.023998 6.023257 0.887506
v -0.022787 6.021398 0.890224
v -0.021140 6.019651 0.892780
v -0.017678 6.017189 0.896385
v -0.015032 6.015901 0.898275
v -0.012085 6.014834 0.899840
v -0.008902 6.014004 0.901058
v -0.005547 6.013425 0.901905
v -0.023998 5.946250 0.834919
v -0.022787 5.944391 0.837638
v -0.021140 5.942645 0.840193
v -0.017678 5.940183 0.843799
v -0.015032 5.938894 0.845688
v -0.012085 5.937828 0.847254
v -0.008902 5.936997 0.848471
v -0.023998 5.714712 0.677918
v -0.022787 5.712879 0.680654
v -0.021140 5.711156 0.683225
v -0.017678 5.708726 0.686853
v -0.015032 5.707453 0.688752
v -0.012085 5.706399 0.690326
v -0.008902 5.705578 0.691550
v -0.005547 5.705007 0.692403
v -0.024745 5.638944 0.623207
v -0.023998 5.637054 0.626068
v -0.022787 5.635238 0.628816
v -0.021140 5.633532 0.631399
v -0.017678 5.631125 0.635043
v -0.015032 5.629866 0.636952
v -0.012085 5.628822 0.638533
v -0.008902 5.628011 0.639763
v -0.024745 5.416024 0.480169
v -0.023998 5.414225 0.483088
v -0.022787 5.412495 0.485894
v -0.021140 5.410871 0.488531
v -0.017678 5.408586 0.492253
v -0.015032 5.407393 0.494205
v -0.012085 5.406408 0.495823
v -0.008902 5.405640 0.497082
v -0.005547 5.332049 0.453857
v -0.023998 5.340932 0.438846
v -0.022787 5.339247 0.441678
v -0.021140 5.337665 0.444340
v -0.017678 5.335440 0.448098
v -0.015032 5.334279 0.450070
v -0.012085 5.333320 0.451703
v -0.008902 5.332573 0.452974
v -0.023998 5.116265 0.315136
v -0.022787 5.114781 0.318075
v -0.021140 5.113385 0.320838
v -0.017678 5.111416 0.324735
v -0.015032 5.110385 0.326775
v -0.012085 5.109530 0.328466
v -0.008902 5.108865 0.329781
v -0.023998 4.791841 0.178607
v -0.022787 4.790788 0.181725
v -0.021140 4.789798 0.184655
v -0.017678 4.788405 0.188789
v -0.015032 4.787678 0.190954
v -0.012085 4.787077 0.192748
v -0.008902 4.786608 0.194144
v -0.023998 4.440205 0.085360
v -0.022787 4.439546 0.088588
v -0.021140 4.438926 0.091621
v -0.017678 4.438046 0.095898
v -0.015032 4.437582 0.098138
v -0.012085 4.437195 0.099992
v -0.008902 4.436895 0.101435
v -0.005547 4.347472 0.085131
v -0.023998 4.350651 0.067985
v -0.022787 4.350054 0.071225
v -0.021140 4.349493 0.074269
v -0.017678 4.348697 0.078563
v -0.015032 4.348278 0.080811
v -0.012085 4.347929 0.082673
v -0.008902 4.347658 0.084122
v -0.023998 3.905815 -0.000834
v -0.022787 3.905371 0.002430
v -0.021140 3.904953 0.005496
v -0.017678 3.904362 0.009822
v -0.015032 3.904051 0.012088
v -0.012085 3.903793 0.013964
v -0.008902 3.903592 0.015425
v -0.005547 3.547750 -0.030430
v -0.024745 3.817371 -0.016291
v -0.023998 3.816921 -0.012893
v -0.022787 3.816489 -0.009628
v -0.021140 3.816082 -0.006560
v -0.017678 3.815506 -0.002232
v -0.015032 3.815203 0.000035
v -0.012085 3.814950 0.001912
v -0.008902 3.814754 0.003373
v -0.005547 3.814620 0.004390
v -0.024745 3.728416 -0.028071
v -0.023998 3.727974 -0.024672
v -0.022787 3.727549 -0.021406
v -0.021140 3.727150 -0.018337
v -0.017678 3.726584 -0.014008
v -0.015032 3.726286 -0.011740
v -0.012085 3.726038 -0.009862
v -0.008902 3.725846 -0.008401
v -0.005547 3.273994 -0.065879
v -0.024745 3.639427 -0.039653
v -0.023998 3.638989 -0.036254
v -0.022787 3.638568 -0.032988
v -0.021140 3.638172 -0.029918
v -0.017678 3.637612 -0.025588
v -0.015032 3.637317 -0.023320
v -0.012085 3.637072 -0.021441
v -0.008902 3.636882 -0.019980
v -0.005547 3.636751 -0.018962
v -0.023998 3.549981 -0.047722
v -0.022787 3.549561 -0.044456
v -0.021140 3.549166 -0.041386
v -0.017678 3.548607 -0.037056
v -0.015032 3.548314 -0.034788
v -0.012085 3.548070 -0.032909
v -0.008902 3.547880 -0.031448
v -0.024745 3.276722 -0.086562
v -0.023998 3.276274 -0.083165
v -0.022787 3.275843 -0.079900
v -0.021140 3.275439 -0.076831
v -0.017678 3.274868 -0.072503
v -0.015032 3.274569 -0.070236
v -0.012085 3.274321 -0.068358
v -0.008902 3.274128 -0.066896
v -0.023998 3.185112 -0.095280
v -0.022787 3.184675 -0.092016
v -0.021140 3.184264 -0.088948
v -0.017678 3.183684 -0.084621
v -0.015032 3.183381 -0.082354
v -0.012085 3.183129 -0.080477
v -0.008902 3.182934 -0.079016
v -0.005547 3.182798 -0.077999
v -0.024148 7.982025 1.785459
v -0.024148 7.912429 1.662195
v -0.024148 7.842834 1.538931
v -0.024148 7.773239 1.415668
v -0.024148 7.703643 1.292404
v -0.024148 7.634048 1.169141
v -0.024148 7.564453 1.045877
v -0.024148 7.494858 0.922613
v -0.024148 7.425262 0.799350
v -0.024148 7.355667 0.676086
v -0.024148 7.286072 0.552822
v -0.024148 7.216476 0.429559
v -0.024148 7.146881 0.306295
v -0.024148 7.077286 0.183032
v -0.024148 7.007690 0.059768
v -0.021651 7.987275 1.782494
v -0.021651 7.917680 1.659231
v -0.021651 7.848085 1.535967
v -0.021651 7.778489 1.412703
v -0.021651 7.708894 1.289440
v -0.021651 7.639299 1.166176
v -0.021651 7.569703 1.042913
v -0.021651 7.500108 0.919649
v -0.021651 7.430513 0.796385
v -0.021651 7.360917 0.673122
v -0.021651 7.291322 0.549858
v -0.021651 7.221727 0.426594
v -0.021651 7.152131 0.303331
v -0.021651 7.082536 0.180067
v -0.021651 7.012941 0.056804
v -0.017678 7.991784 1.779949
v -0.017678 7.922189 1.656685
v -0.017678 7.852593 1.533421
v -0.017678 7.782998 1.410158
v -0.017678 7.713403 1.286894
v -0.017678 7.643807 1.163631
v -0.017678 7.574212 1.040367
v -0.017678 7.504617 0.917103
v -0.017678 7.435021 0.793840
v -0.017678 7.365426 0.670576
v -0.017678 7.295831 0.547312
v -0.017678 7.226235 0.424049
v -0.017678 7.156640 0.300785
v -0.017678 7.087045 0.177522
v -0.017678 7.017449 0.054258
v -0.012500 7.995243 1.777995
v -0.012500 7.925648 1.654732
v -0.012500 7.856053 1.531468
v -0.012500 7.786458 1.408204
v -0.012500 7.716862 1.284941
v -0.012500 7.647267 1.161677
v -0.012500 7.577672 1.038414
v -0.012500 7.508076 0.915150
v -0.012500 7.438481 0.791886
v -0.012500 7.368886 0.668623
v -0.012500 7.299290 0.545359
v -0.012500 7.229695 0.422095
v -0.012500 7.160100 0.298832
v -0.012500 7.090504 0.175568
v -0.012500 7.020909 0.052305
v -0.006470 7.997418 1.776767
v -0.006470 7.927823 1.653504
v -0.006470 7.858228 1.530240
v -0.006470 7.788632 1.406977
v -0.006470 7.719037 1.283713
v -0.006470 7.649442 1.160449
v -0.006470 7.579846 1.037186
v -0.006470 7.510251 0.913922
v -0.006470 7.440656 0.790658
v -0.006470 7.371060 0.667395
v -0.006470 7.301465 0.544131
v -0.006470 7.231870 0.420868
v -0.006470 7.162274 0.297604
v -0.006470 7.092679 0.174340
v -0.006470 7.023084 0.051077
v 0.000000 7.998160 1.776349
v 0.000000 7.928565 1.653085
v 0.000000 7.858969 1.529821
v 0.000000 7.789374 1.406558
v 0.000000 7.719779 1.283294
v 0.000000 7.650183 1.160030
v 0.000000 7.580588 1.036767
v 0.000000 7.510993 0.913503
v 0.000000 7.441398 0.790240
v 0.000000 7.371802 0.666976
v 0.000000 7.302207 0.543712
v 0.000000 7.232612 0.420449
v 0.000000 7.163016 0.297185
v 0.000000 7.093421 0.173921
v 0.000000 7.023826 0.050658
v 0.006470 7.997418 1.776767
v 0.006470 7.927823 1.653504
v 0.006470 7.858228 1.530240
v 0.006470 7.788632 1.406977
v 0.006470 7.719037 1.283713
v 0.006470 7.649442 1.160449
v 0.006470 7.579846 1.037186
v 0.006470 7.510251 0.913922
v 0.006470 7.440656 0.790658
v 0.006470 7.371060 0.667395
v 0.006470 7.301465 0.544131
v 0.006470 7.231870 0.420868
v 0.006470 7.162274 0.297604
v 0.006470 7.092679 0.174340
v 0.006470 7.023084 0.051077
v 0.012500 7.995243 1.777995
v 0.012500 7.925648 1.654732
v 0.012500 7.856053 1.531468
v 0.012500 7.786458 1.408204
v 0.012500 7.716862 1.284941
v 0.012500 7.647267 1.161677
v 0.012500 7.577672 1.038414
v 0.012500 7.508076 0.915150
v 0.012500 7.438481 0.791886
v 0.012500 7.368886 0.668623
v 0.012500 7.299290 0.545359
v 0.012500 7.229695 0.422095
v 0.012500 7.160100 0.298832
v 0.012500 7.090504 0.175568
v 0.012500 7.020909 0.052305
v 0.017678 7.991784 1.779949
v 0.017678 7.922189 1.656685
v 0.017678 7.852593 1.533421
v 0.017678 7.782998 1.410158
v 0.017678 7.713403 1.286894
v 0.017678 7.643807 1.163631
v 0.017678 7.574212 1.040367
v 0.017678 7.504617 0.917103
v 0.017678 7.435021 0.793840
v 0.017678 7.365426 0.670576
v 0.017678 7.295831 0.547312
v 0.017678 7.226235 0.424049
v 0.017678 7.156640 0.300785
v 0.017678 7.087045 0.177522
v 0.017678 7.017449 0.054258
v 0.021651 7.987275 1.782494
v 0.021651 7.917680 1.659231
v 0.021651 7.848085 1.535967
v 0.021651 7.778489 1.412703
v 0.021651 7.708894 1.289440
v 0.021651 7.639299 1.166176
v 0.021651 7.569703 1.042913
v 0.021651 7.500108 0.919649
v 0.021651 7.430513 0.796385
v 0.021651 7.360917 0.673122
v 0.021651 7.291322 0.549858
v 0.021651 7.221727 0.426594
v 0.021651 7.152131 0.303331
v 0.021651 7.082536 0.180067
v 0.021651 7.012941 0.056804
v 0.024148 7.982025 1.785459
v 0.024148 7.912429 1.662195
v 0.024148 7.842834 1.538931
v 0.024148 7.773239 1.415668
v 0.024148 7.703643 1.292404
v 0.024148 7.634048 1.169141
v 0.024148 7.564453 1.045877
v 0.024148 7.494858 0.922613
v 0.024148 7.425262 0.799350
v 0.024148 7.355667 0.676086
v 0.024148 7.286072 0.552822
v 0.024148 7.216476 0.429559
v 0.024148 7.146881 0.306295
v 0.024148 7.077286 0.183032
v 0.024148 7.007690 0.059768
vt 0.000001 0.025000 0.000000
vt -0.093960 0.089630 0.000000
vt 0.000001 0.000000 0.000000
vt -0.187576 -0.100000 0.000000
vt 0.000001 -0.025000 0.000000
vt -0.155518 -0.098835 0.000000
vt -0.123584 -0.095295 0.000000
vt -0.065021 0.081289 0.000000
vt -0.001227 0.033423 0.000000
vt -0.004839 0.041654 0.000000
vt -0.018544 0.057051 0.000000
vt -0.039283 0.070391 0.000000
vt -0.124693 0.095462 0.000000
vt -0.156179 0.098883 0.000000
vt -0.187576 0.100000 0.000000
vt -0.332570 -0.100000 0.000000
vt -0.555053 0.100000 0.000000
vt -0.503645 -0.100000 0.000000
vt -0.770775 0.100000 0.000000
vt -0.872297 -0.100000 0.000000
vt -0.999167 0.100000 0.000000
vt -1.261455 -0.100000 0.000000
vt -1.445065 0.100000 0.000000
vt -1.677240 -0.100000 0.000000
vt -1.869990 0.100000 0.000000
vt -2.638671 0.100000 0.000000
vt -2.540563 -0.100000 0.000000
vt -2.843598 0.100000 0.000000
vt -2.764096 -0.100000 0.000000
vt -3.010226 -0.100000 0.000000
vt -3.069006 0.100000 0.000000
vt -3.288472 -0.100000 0.000000
vt -3.321587 0.100000 0.000000
vt -3.607427 -0.100000 0.000000
vt -3.607427 0.100000 0.000000
vt -3.669594 -0.095246 0.000000
vt -3.781694 0.000000 0.000000
vt -3.723213 -0.081461 0.000000
vt -3.781694 -0.025000 0.000000
vt -3.744697 -0.071644 0.000000
vt -3.761734 -0.060250 0.000000
vt -3.769108 -0.053328 0.000000
vt -3.775410 -0.045217 0.000000
vt -3.777966 -0.040635 0.000000
vt -3.779966 -0.035678 0.000000
vt -3.781248 -0.030435 0.000000
vt -3.663887 0.096114 0.000000
vt -3.756996 0.063907 0.000000
vt -3.765045 0.057368 0.000000
vt -3.773047 0.048627 0.000000
vt -3.717178 0.083648 0.000000
vt -3.776477 0.043451 0.000000
vt -3.779232 0.037729 0.000000
vt -3.781053 0.031512 0.000000
vt -3.781694 0.025000 0.000000
vt -0.092593 -0.089305 0.000000
vt -0.063611 -0.080791 0.000000
vt -0.001153 -0.033166 0.000000
vt -0.004593 -0.041230 0.000000
vt -0.038102 -0.069776 0.000000
vt -0.017797 -0.056427 0.000000
vt -4.295103 -0.025000 0.000000
vt -4.295103 0.000000 0.000000
vt -4.295243 -0.025000 0.000000
vt -4.295243 0.000000 0.000000
vt -4.295243 0.025000 0.000000
vt -4.295103 0.025000 0.000000
vt -0.000000 0.000140 0.000000
vt -0.006520 0.000863 0.000000
vt -0.000000 -0.000000 0.000000
vt -0.014744 -0.000220 0.000000
vt -0.012790 0.002918 0.000000
vt -0.018640 0.006028 0.000000
vt -0.024033 0.009899 0.000000
vt -0.029477 -0.000873 0.000000
vt -0.033465 0.018930 0.000000
vt -0.033785 -0.000830 0.000000
vt -0.040906 0.028012 0.000000
vt -0.044191 -0.001930 0.000000
vt -0.048703 -0.000683 0.000000
vt -0.058878 -0.003349 0.000000
vt -0.067334 0.072937 0.000000
vt -0.063621 -0.000535 0.000000
vt -0.073525 -0.005073 0.000000
vt -0.078540 -0.000388 0.000000
vt -0.093553 0.133048 0.000000
vt -0.087973 -0.000295 0.000000
vt -0.102891 -0.000147 0.000000
vt -0.088163 -0.007037 0.000000
vt -0.102798 -0.009169 0.000000
vt -0.117422 -0.011385 0.000000
vt -0.117809 0.196718 0.000000
vt -0.117810 -0.011444 0.000000
vt 0.180851 0.481758 0.000000
vt -0.156899 0.451125 0.000000
vt 0.380609 0.426044 0.000000
vt -0.449451 0.425650 0.000000
vt -0.705554 0.404575 0.000000
vt -0.933953 0.387138 0.000000
vt 4.106664 -0.033414 0.000000
vt 3.632952 0.494397 0.000000
vt 4.404670 0.494397 0.000000
vt -1.743850 0.338822 0.000000
vt 2.267101 -0.342883 0.000000
vt 3.203167 -0.255978 0.000000
vt 3.667837 -0.185537 0.000000
vt 0.389133 -0.436836 0.000000
vt -2.149358 0.324876 0.000000
vt -1.490419 -0.487902 0.000000
vt -4.467844 0.141834 0.000000
vt -4.467845 -0.320288 0.000000
vt -2.530556 0.324595 0.000000
vt -3.135286 0.321457 0.000000
vt -3.740736 0.291103 0.000000
vt -2.704550 0.331288 0.000000
vt -2.853872 0.342161 0.000000
vt -3.071285 0.373401 0.000000
vt -4.344526 0.239021 0.000000
vt -4.447653 0.203185 0.000000
vt -4.454813 0.194805 0.000000
vt -4.460110 0.185107 0.000000
vt -4.387873 0.230546 0.000000
vt -4.429444 0.215641 0.000000
vt -4.439008 0.210037 0.000000
vt -4.466095 0.163858 0.000000
vt -4.465136 -0.357024 0.000000
vt -3.370555 -0.502386 0.000000
vt -2.430428 -0.506789 0.000000
vt -4.461060 -0.375019 0.000000
vt -4.454255 -0.392148 0.000000
vt -3.958510 -0.485745 0.000000
vt -4.443962 -0.407384 0.000000
vt -4.430420 -0.419851 0.000000
vt -4.398079 -0.437473 0.000000
vt -4.327099 -0.457182 0.000000
vt -4.253811 -0.467934 0.000000
vt 3.896734 -0.132423 0.000000
vt 4.007903 -0.094659 0.000000
vt 4.060976 -0.069531 0.000000
vt 4.085758 -0.053797 0.000000
vt 4.097114 -0.044499 0.000000
vt 4.102270 -0.039279 0.000000
vt -1.472983 -0.058905 0.000000
vt -1.390555 -0.058905 0.000000
vt -1.472855 -0.058517 0.000000
vt -1.401094 -0.045940 0.000000
vt -1.468145 -0.044175 0.000000
vt -1.411305 -0.032676 0.000000
vt -1.463595 -0.029778 0.000000
vt -1.420926 -0.018995 0.000000
vt -1.459368 -0.015303 0.000000
vt -1.429667 -0.004757 0.000000
vt -1.455617 -0.000696 0.000000
vt -1.437187 0.010153 0.000000
vt -1.452503 0.014016 0.000000
vt -1.443069 0.025788 0.000000
vt -1.450153 0.028889 0.000000
vt -1.446869 0.042111 0.000000
vt -1.448693 0.043837 0.000000
vt -1.447860 0.050464 0.000000
vt -1.448196 0.058905 0.000000
vt 1.448196 0.058905 0.000000
vt 1.447880 0.050723 0.000000
vt 1.448690 0.043884 0.000000
vt 1.446937 0.042546 0.000000
vt 1.450150 0.028911 0.000000
vt 1.443278 0.026476 0.000000
vt 1.452494 0.014060 0.000000
vt 1.437526 0.010923 0.000000
vt 1.455614 -0.000682 0.000000
vt 1.430086 -0.004010 0.000000
vt 1.459358 -0.015266 0.000000
vt 1.421345 -0.018359 0.000000
vt 1.463587 -0.029753 0.000000
vt 1.411660 -0.032199 0.000000
vt 1.468140 -0.044160 0.000000
vt 1.401313 -0.045666 0.000000
vt 1.472855 -0.058517 0.000000
vt 1.390555 -0.058905 0.000000
vt 1.472983 -0.058905 0.000000
vt 3.071285 0.373401 0.000000
vt 2.991269 0.359266 0.000000
vt 3.135286 0.321457 0.000000
vt 2.887128 0.345869 0.000000
vt 2.629148 0.327678 0.000000
vt 4.467845 0.141834 0.000000
vt 2.312453 0.322794 0.000000
vt 1.932266 0.331067 0.000000
vt 1.041673 0.379426 0.000000
vt -2.267056 -0.342754 0.000000
vt -0.389525 -0.436813 0.000000
vt 1.490144 -0.488125 0.000000
vt 0.794684 0.397576 0.000000
vt -0.380609 0.426044 0.000000
vt -4.106664 -0.033414 0.000000
vt -4.060966 -0.069516 0.000000
vt -4.085750 -0.053782 0.000000
vt -4.097108 -0.044502 0.000000
vt -4.102267 -0.039283 0.000000
vt 0.516703 0.419979 0.000000
vt 0.195576 0.447689 0.000000
vt -0.180851 0.481758 0.000000
vt -2.006747 0.461816 0.000000
vt -3.632952 0.494397 0.000000
vt -4.404670 0.494397 0.000000
vt -4.007943 -0.094640 0.000000
vt -3.896710 -0.132365 0.000000
vt -3.668033 -0.185497 0.000000
vt -3.203259 -0.255959 0.000000
vt 2.430229 -0.506871 0.000000
vt 4.467845 -0.320288 0.000000
vt 3.370555 -0.502386 0.000000
vt 4.465198 -0.357087 0.000000
vt 4.461071 -0.375002 0.000000
vt 4.454246 -0.392114 0.000000
vt 3.958855 -0.485755 0.000000
vt 4.444004 -0.407388 0.000000
vt 4.430492 -0.419835 0.000000
vt 4.398169 -0.437465 0.000000
vt 4.327235 -0.457161 0.000000
vt 4.254223 -0.468010 0.000000
vt 3.740741 0.291117 0.000000
vt 4.466095 0.163858 0.000000
vt 4.460110 0.185107 0.000000
vt 4.454813 0.194805 0.000000
vt 4.447651 0.203185 0.000000
vt 4.344526 0.239021 0.000000
vt 4.439001 0.210037 0.000000
vt 4.429443 0.215641 0.000000
vt 4.387873 0.230545 0.000000
vt -0.090968 2.910819 0.000000
vt -0.102891 3.037579 0.000000
vt -0.117809 2.840713 0.000000
vt -0.117422 3.048817 0.000000
vt -0.117810 3.048876 0.000000
vt -0.063922 2.971303 0.000000
vt -0.078540 3.037820 0.000000
vt -0.087973 3.037726 0.000000
vt -0.088163 3.044468 0.000000
vt -0.102798 3.046600 0.000000
vt -0.050343 2.995542 0.000000
vt -0.058878 3.040780 0.000000
vt -0.063621 3.037967 0.000000
vt -0.073525 3.042504 0.000000
vt -0.036696 3.014766 0.000000
vt -0.044191 3.039361 0.000000
vt -0.048703 3.038114 0.000000
vt -0.033785 3.038262 0.000000
vt -0.029045 3.023087 0.000000
vt -0.029477 3.038304 0.000000
vt -0.020468 3.030199 0.000000
vt -0.014744 3.037652 0.000000
vt -0.015749 3.033084 0.000000
vt -0.010714 3.035341 0.000000
vt -0.005440 3.036788 0.000000
vt -0.000000 3.037432 0.000000
vt -0.000000 3.037291 0.000000
vt 0.000000 0.000000 0.000000
vt 0.000552 0.004877 0.000000
vt -0.000000 0.025000 0.000000
vt 0.002185 0.009567 0.000000
vt 0.004838 0.013889 0.000000
vt 0.008409 0.017678 0.000000
vt 0.012759 0.020787 0.000000
vt 0.017723 0.023097 0.000000
vt 0.023109 0.024520 0.000000
vt 0.028710 0.025000 0.000000
vt 0.028710 -0.025000 0.000000
vt 0.023109 -0.024520 0.000000
vt 0.000000 -0.025000 0.000000
vt 0.017723 -0.023097 0.000000
vt 0.012759 -0.020787 0.000000
vt 0.008409 -0.017678 0.000000
vt 0.004838 -0.013889 0.000000
vt 0.002185 -0.009567 0.000000
vt 0.000552 -0.004877 0.000000
vt 0.000000 0.000000 0.000000
vt -7.234803 0.025000 0.000000
vt -7.114145 0.020617 0.000000
vt -7.024157 0.025000 0.000000
vt -7.066661 0.015219 0.000000
vt -7.041691 0.010120 0.000000
vt -7.031112 0.006464 0.000000
vt -7.026699 0.003931 0.000000
vt -7.025756 0.003122 0.000000
vt -7.024957 0.002211 0.000000
vt -7.024631 0.001703 0.000000
vt -7.024377 0.001160 0.000000
vt -7.024214 0.000590 0.000000
vt -7.024157 0.000000 0.000000
vt 1.729582 0.058905 0.000000
vt 0.994979 0.058905 0.000000
vt 1.728964 0.051542 0.000000
vt 1.362281 0.039270 0.000000
vt 1.727114 0.044179 0.000000
vt 1.724050 0.036816 0.000000
vt 1.719803 0.029452 0.000000
vt 1.362281 0.019635 0.000000
vt 1.707930 0.014726 0.000000
vt 1.362281 0.000000 0.000000
vt 1.691953 0.000000 0.000000
vt 1.362281 -0.019635 0.000000
vt 1.650273 -0.029452 0.000000
vt 1.362281 -0.039270 0.000000
vt 1.601108 -0.058905 0.000000
vt 0.994979 -0.058905 0.000000
vt 0.994979 -0.039270 0.000000
vt 0.994979 -0.019635 0.000000
vt 0.994979 0.000000 0.000000
vt 0.994979 0.019635 0.000000
vt 0.994979 0.039270 0.000000
vt -0.019632 7.523406 0.000000
vt -0.018866 7.425309 0.000000
vt -0.000000 7.523406 0.000000
vt -0.018866 7.327212 0.000000
vt -0.018866 7.229115 0.000000
vt -0.033785 7.327212 0.000000
vt -0.033785 7.229115 0.000000
vt -0.048703 7.327212 0.000000
vt -0.048703 7.229115 0.000000
vt -0.063621 7.327212 0.000000
vt -0.063621 7.229115 0.000000
vt -0.078540 7.327212 0.000000
vt -0.078540 7.229115 0.000000
vt -0.087973 7.327212 0.000000
vt -0.087973 7.229115 0.000000
vt -0.102891 7.327212 0.000000
vt -0.102891 7.229115 0.000000
vt -0.117810 7.523406 0.000000
vt -0.102891 7.131018 0.000000
vt -0.102891 7.032921 0.000000
vt -0.087973 7.032921 0.000000
vt -0.087973 6.934824 0.000000
vt -0.078540 6.934824 0.000000
vt -0.078540 6.836727 0.000000
vt -0.063621 6.836727 0.000000
vt -0.063621 6.738630 0.000000
vt -0.048703 6.738630 0.000000
vt -0.048703 6.640533 0.000000
vt -0.033785 6.640533 0.000000
vt -0.033785 6.546998 0.000000
vt -0.018866 6.546998 0.000000
vt -0.018866 6.453463 0.000000
vt -0.000000 6.582980 0.000000
vt -0.018866 6.359927 0.000000
vt -0.018866 6.266392 0.000000
vt -0.033785 6.359927 0.000000
vt -0.033785 6.266392 0.000000
vt -0.048703 6.359927 0.000000
vt -0.048703 6.266392 0.000000
vt -0.063621 6.359927 0.000000
vt -0.063621 6.266392 0.000000
vt -0.078540 6.359927 0.000000
vt -0.078540 6.266392 0.000000
vt -0.087973 6.359927 0.000000
vt -0.087973 6.266392 0.000000
vt -0.102891 6.359927 0.000000
vt -0.102891 6.266392 0.000000
vt -0.117810 6.582980 0.000000
vt -0.102891 6.172857 0.000000
vt -0.117810 5.642554 0.000000
vt -0.102891 6.079322 0.000000
vt -0.102891 5.985786 0.000000
vt -0.087973 5.985786 0.000000
vt -0.087973 5.892251 0.000000
vt -0.078540 5.892251 0.000000
vt -0.078540 5.798716 0.000000
vt -0.063621 5.798716 0.000000
vt -0.063621 5.705181 0.000000
vt -0.048703 5.705181 0.000000
vt -0.048703 5.611645 0.000000
vt -0.033785 5.611645 0.000000
vt -0.033785 5.518110 0.000000
vt -0.018866 5.518110 0.000000
vt -0.018866 5.424575 0.000000
vt -0.000000 5.642554 0.000000
vt -0.018866 5.331039 0.000000
vt -0.018866 5.237504 0.000000
vt -0.033785 5.331039 0.000000
vt -0.033785 5.237504 0.000000
vt -0.048703 5.331039 0.000000
vt -0.048703 5.237504 0.000000
vt -0.063621 5.331039 0.000000
vt -0.063621 5.237504 0.000000
vt -0.078540 5.331039 0.000000
vt -0.078540 5.237504 0.000000
vt -0.087973 5.331039 0.000000
vt -0.087973 5.237504 0.000000
vt -0.102891 5.331039 0.000000
vt -0.102891 5.237504 0.000000
vt -0.102891 5.143969 0.000000
vt -0.102891 5.050434 0.000000
vt -0.087973 5.050434 0.000000
vt -0.087973 4.956898 0.000000
vt -0.078540 4.956898 0.000000
vt -0.078540 4.863363 0.000000
vt -0.063621 4.863363 0.000000
vt -0.063621 4.769828 0.000000
vt -0.048703 4.769828 0.000000
vt -0.048703 4.676293 0.000000
vt -0.033785 4.676293 0.000000
vt -0.033785 4.582757 0.000000
vt -0.018866 4.582757 0.000000
vt -0.018866 4.489222 0.000000
vt -0.000000 3.761703 0.000000
vt -0.018866 4.392906 0.000000
vt -0.018866 4.296590 0.000000
vt -0.033785 4.392906 0.000000
vt -0.033785 4.296590 0.000000
vt -0.048703 4.392906 0.000000
vt -0.048703 4.296590 0.000000
vt -0.063621 4.392906 0.000000
vt -0.063621 4.296590 0.000000
vt -0.078540 4.392906 0.000000
vt -0.078540 4.296590 0.000000
vt -0.087973 4.392906 0.000000
vt -0.087973 4.296590 0.000000
vt -0.102891 4.392906 0.000000
vt -0.102891 4.296590 0.000000
vt -0.117810 3.761703 0.000000
vt -0.102891 4.200274 0.000000
vt -0.102891 4.103957 0.000000
vt -0.087973 4.103957 0.000000
vt -0.087973 4.007641 0.000000
vt -0.078540 4.007641 0.000000
vt -0.078540 3.911325 0.000000
vt -0.063621 3.911325 0.000000
vt -0.063621 3.815009 0.000000
vt -0.048703 3.815009 0.000000
vt -0.048703 3.718693 0.000000
vt -0.033785 3.718693 0.000000
vt -0.033785 3.622376 0.000000
vt -0.018866 3.622376 0.000000
vt -0.018866 3.526060 0.000000
vt -0.018866 3.431339 0.000000
vt -0.018866 3.336617 0.000000
vt -0.033785 3.431339 0.000000
vt -0.033785 3.336617 0.000000
vt -0.048703 3.431339 0.000000
vt -0.048703 3.336617 0.000000
vt -0.063621 3.431339 0.000000
vt -0.063621 3.336617 0.000000
vt -0.078540 3.431339 0.000000
vt -0.078540 3.336617 0.000000
vt -0.087973 3.431339 0.000000
vt -0.087973 3.336617 0.000000
vt -0.102891 3.431339 0.000000
vt -0.102891 3.336617 0.000000
vt -0.102891 3.241896 0.000000
vt -0.102891 3.147175 0.000000
vt -0.087973 3.147175 0.000000
vt -0.087973 3.052453 0.000000
vt -0.078540 3.052453 0.000000
vt -0.078540 2.957732 0.000000
vt -0.063621 2.957732 0.000000
vt -0.063621 2.863010 0.000000
vt -0.048703 2.863010 0.000000
vt -0.048703 2.768289 0.000000
vt -0.033785 2.768289 0.000000
vt -0.033785 2.673568 0.000000
vt -0.018866 2.673568 0.000000
vt -0.018866 2.578846 0.000000
vt -0.000000 1.880851 0.000000
vt -0.018866 2.484125 0.000000
vt -0.018866 2.389403 0.000000
vt -0.033785 2.484125 0.000000
vt -0.033785 2.389403 0.000000
vt -0.048703 2.484125 0.000000
vt -0.048703 2.389403 0.000000
vt -0.063621 2.484125 0.000000
vt -0.063621 2.389403 0.000000
vt -0.078540 2.484125 0.000000
vt -0.078540 2.389403 0.000000
vt -0.087973 2.484125 0.000000
vt -0.087973 2.389403 0.000000
vt -0.102891 2.484125 0.000000
vt -0.102891 2.389403 0.000000
vt -0.117810 1.880851 0.000000
vt -0.102891 2.294682 0.000000
vt -0.102891 2.199961 0.000000
vt -0.087973 2.199961 0.000000
vt -0.087973 2.105239 0.000000
vt -0.078540 2.105239 0.000000
vt -0.078540 2.011826 0.000000
vt -0.063621 2.011826 0.000000
vt -0.063621 1.918412 0.000000
vt -0.048703 1.918412 0.000000
vt -0.048703 1.824998 0.000000
vt -0.033785 1.824998 0.000000
vt -0.033785 1.731585 0.000000
vt -0.018866 1.731585 0.000000
vt -0.018866 1.638171 0.000000
vt -0.018866 1.544758 0.000000
vt -0.018866 1.451344 0.000000
vt -0.033785 1.544758 0.000000
vt -0.033785 1.451344 0.000000
vt -0.048703 1.544758 0.000000
vt -0.048703 1.451344 0.000000
vt -0.063621 1.544758 0.000000
vt -0.063621 1.451344 0.000000
vt -0.078540 1.544758 0.000000
vt -0.078540 1.451344 0.000000
vt -0.087973 1.544758 0.000000
vt -0.087973 1.451344 0.000000
vt -0.102891 1.544758 0.000000
vt -0.102891 1.451344 0.000000
vt -0.117810 0.940426 0.000000
vt -0.033785 7.425309 0.000000
vt -0.039270 7.523406 0.000000
vt -0.048703 7.425309 0.000000
vt -0.058905 7.523406 0.000000
vt -0.063621 7.425309 0.000000
vt -0.078540 7.523406 0.000000
vt -0.078540 7.425309 0.000000
vt -0.087973 7.425309 0.000000
vt -0.098177 7.523406 0.000000
vt -0.102891 7.425309 0.000000
vt -0.102891 6.934824 0.000000
vt -0.087973 6.836727 0.000000
vt -0.078540 6.738630 0.000000
vt -0.063621 6.640533 0.000000
vt -0.048703 6.546998 0.000000
vt -0.033785 6.453463 0.000000
vt -0.102891 4.676293 0.000000
vt -0.102891 4.769828 0.000000
vt -0.102891 4.863363 0.000000
vt -0.087973 4.769828 0.000000
vt -0.087973 4.863363 0.000000
vt -0.078540 4.769828 0.000000
vt -0.102891 2.863010 0.000000
vt -0.102891 2.957732 0.000000
vt -0.102891 3.052453 0.000000
vt -0.087973 2.957732 0.000000
vt -0.117810 0.470213 0.000000
vt -0.102891 0.666468 0.000000
vt -0.102891 0.767048 0.000000
vt -0.102891 0.866542 0.000000
vt -0.087973 0.767048 0.000000
vt -0.087973 0.866542 0.000000
vt -0.078540 0.767048 0.000000
vt -0.078540 0.866542 0.000000
vt -0.063621 0.767048 0.000000
vt -0.063621 0.866542 0.000000
vt -0.048703 0.767048 0.000000
vt -0.048703 0.866542 0.000000
vt -0.033785 0.767048 0.000000
vt -0.033785 0.866542 0.000000
vt -0.018866 0.767048 0.000000
vt -0.018866 0.866542 0.000000
vt -0.000000 0.940426 0.000000
vt -0.018866 0.966035 0.000000
vt -0.018866 1.065529 0.000000
vt -0.033785 1.065529 0.000000
vt -0.033785 1.165023 0.000000
vt -0.048703 1.165023 0.000000
vt -0.048703 1.264517 0.000000
vt -0.063621 1.264517 0.000000
vt -0.063621 1.357930 0.000000
vt -0.078540 1.357930 0.000000
vt -0.117810 0.235106 0.000000
vt -0.102891 0.364729 0.000000
vt -0.102891 0.465309 0.000000
vt -0.102891 0.565888 0.000000
vt -0.087973 0.465309 0.000000
vt -0.087973 0.565888 0.000000
vt -0.078540 0.465309 0.000000
vt -0.078540 0.565888 0.000000
vt -0.063621 0.465309 0.000000
vt -0.063621 0.565888 0.000000
vt -0.048703 0.465309 0.000000
vt -0.048703 0.565888 0.000000
vt -0.033785 0.465309 0.000000
vt -0.033785 0.565888 0.000000
vt -0.018866 0.465309 0.000000
vt -0.018866 0.565888 0.000000
vt -0.000000 0.470213 0.000000
vt -0.018866 0.666468 0.000000
vt -0.117810 0.117553 0.000000
vt -0.102891 0.203831 0.000000
vt -0.102891 0.284280 0.000000
vt -0.087973 0.284280 0.000000
vt -0.087973 0.364729 0.000000
vt -0.078540 0.284280 0.000000
vt -0.078540 0.364729 0.000000
vt -0.063621 0.284280 0.000000
vt -0.063621 0.364729 0.000000
vt -0.048703 0.284280 0.000000
vt -0.048703 0.364729 0.000000
vt -0.033785 0.284280 0.000000
vt -0.033785 0.364729 0.000000
vt -0.018866 0.284280 0.000000
vt -0.018866 0.364729 0.000000
vt -0.000000 0.235106 0.000000
vt -0.102891 0.101916 0.000000
vt -0.117810 0.058777 0.000000
vt -0.102891 0.050958 0.000000
vt -0.117810 0.029388 0.000000
vt -0.102891 0.025479 0.000000
vt -0.117810 0.014694 0.000000
vt -0.102891 0.012739 0.000000
vt -0.117810 0.007347 0.000000
vt -0.117810 0.000000 0.000000
vt -0.098177 0.000000 0.000000
vt -0.087973 0.012739 0.000000
vt -0.087973 0.025479 0.000000
vt -0.087973 0.050958 0.000000
vt -0.087973 0.101916 0.000000
vt -0.087973 0.203831 0.000000
vt -0.078540 0.000000 0.000000
vt -0.078540 0.012739 0.000000
vt -0.078540 0.025479 0.000000
vt -0.078540 0.050958 0.000000
vt -0.078540 0.101916 0.000000
vt -0.078540 0.203831 0.000000
vt -0.063621 0.012739 0.000000
vt -0.058905 0.000000 0.000000
vt -0.048703 0.012739 0.000000
vt -0.039270 0.000000 0.000000
vt -0.033785 0.012739 0.000000
vt -0.019632 0.000000 0.000000
vt -0.018866 0.012739 0.000000
vt -0.000000 0.000000 0.000000
vt -0.000000 0.007347 0.000000
vt -0.000000 0.014694 0.000000
vt -0.018866 0.025479 0.000000
vt -0.033785 0.025479 0.000000
vt -0.033785 0.050958 0.000000
vt -0.048703 0.050958 0.000000
vt -0.048703 0.101916 0.000000
vt -0.063621 0.101916 0.000000
vt -0.063621 0.203831 0.000000
vt -0.000000 0.029388 0.000000
vt -0.018866 0.050958 0.000000
vt -0.033785 0.101916 0.000000
vt -0.048703 0.203831 0.000000
vt -0.000000 0.058777 0.000000
vt -0.018866 0.101916 0.000000
vt -0.033785 0.203831 0.000000
vt -0.000000 0.117553 0.000000
vt -0.018866 0.203831 0.000000
vt -0.018866 1.357930 0.000000
vt -0.018866 1.264517 0.000000
vt -0.018866 1.165023 0.000000
vt -0.033785 1.264517 0.000000
vt -0.018866 2.768289 0.000000
vt -0.033785 2.863010 0.000000
vt -0.048703 2.957732 0.000000
vt -0.063621 3.052453 0.000000
vt -0.078540 3.147175 0.000000
vt -0.087973 3.241896 0.000000
vt -0.018866 6.079322 0.000000
vt -0.018866 5.985786 0.000000
vt -0.018866 5.892251 0.000000
vt -0.033785 5.985786 0.000000
vt -0.033785 5.892251 0.000000
vt -0.048703 5.985786 0.000000
vt -0.048703 5.892251 0.000000
vt -0.063621 5.985786 0.000000
vt -0.063621 5.892251 0.000000
vt -0.078540 5.985786 0.000000
vt -0.018866 7.032921 0.000000
vt -0.018866 6.934824 0.000000
vt -0.018866 6.836727 0.000000
vt -0.033785 6.934824 0.000000
vt -0.033785 6.836727 0.000000
vt -0.048703 6.934824 0.000000
vt -0.048703 6.836727 0.000000
vt -0.063621 6.934824 0.000000
vt -0.087973 0.666468 0.000000
vt -0.078540 0.666468 0.000000
vt -0.063621 0.666468 0.000000
vt -0.048703 0.666468 0.000000
vt -0.033785 0.666468 0.000000
vt -0.102891 1.065529 0.000000
vt -0.102891 0.966035 0.000000
vt -0.102891 1.264517 0.000000
vt -0.102891 1.357930 0.000000
vt -0.087973 1.264517 0.000000
vt -0.087973 1.357930 0.000000
vt -0.078540 1.264517 0.000000
vt -0.102891 1.638171 0.000000
vt -0.087973 1.638171 0.000000
vt -0.078540 1.638171 0.000000
vt -0.063621 1.638171 0.000000
vt -0.048703 1.638171 0.000000
vt -0.033785 1.638171 0.000000
vt -0.102891 1.731585 0.000000
vt -0.087973 1.731585 0.000000
vt -0.078540 1.731585 0.000000
vt -0.063621 1.731585 0.000000
vt -0.048703 1.731585 0.000000
vt -0.033785 1.357930 0.000000
vt -0.048703 1.357930 0.000000
vt -0.018866 1.824998 0.000000
vt -0.018866 1.918412 0.000000
vt -0.033785 1.918412 0.000000
vt -0.033785 2.011826 0.000000
vt -0.048703 2.011826 0.000000
vt -0.048703 2.105239 0.000000
vt -0.063621 2.105239 0.000000
vt -0.063621 2.199961 0.000000
vt -0.078540 2.199961 0.000000
vt -0.078540 2.294682 0.000000
vt -0.087973 2.294682 0.000000
vt -0.102891 2.011826 0.000000
vt -0.102891 1.918412 0.000000
vt -0.102891 1.824998 0.000000
vt -0.087973 1.824998 0.000000
vt -0.102891 2.578846 0.000000
vt -0.102891 2.673568 0.000000
vt -0.087973 2.578846 0.000000
vt -0.087973 2.673568 0.000000
vt -0.078540 2.578846 0.000000
vt -0.078540 2.673568 0.000000
vt -0.063621 2.578846 0.000000
vt -0.063621 2.673568 0.000000
vt -0.048703 2.578846 0.000000
vt -0.048703 2.673568 0.000000
vt -0.033785 2.578846 0.000000
vt -0.102891 2.768289 0.000000
vt -0.087973 2.768289 0.000000
vt -0.078540 2.768289 0.000000
vt -0.063621 2.768289 0.000000
vt -0.102891 3.622376 0.000000
vt -0.102891 3.718693 0.000000
vt -0.087973 3.622376 0.000000
vt -0.087973 3.718693 0.000000
vt -0.078540 3.622376 0.000000
vt -0.078540 3.718693 0.000000
vt -0.063621 3.622376 0.000000
vt -0.063621 3.718693 0.000000
vt -0.048703 3.622376 0.000000
vt -0.018866 2.011826 0.000000
vt -0.018866 2.105239 0.000000
vt -0.018866 2.199961 0.000000
vt -0.033785 2.199961 0.000000
vt -0.033785 2.294682 0.000000
vt -0.048703 2.294682 0.000000
vt -0.018866 2.294682 0.000000
vt -0.018866 2.863010 0.000000
vt -0.018866 2.957732 0.000000
vt -0.018866 3.052453 0.000000
vt -0.033785 3.052453 0.000000
vt -0.033785 3.147175 0.000000
vt -0.048703 3.147175 0.000000
vt -0.048703 3.241896 0.000000
vt -0.063621 3.241896 0.000000
vt -0.018866 3.241896 0.000000
vt -0.033785 3.241896 0.000000
vt -0.018866 3.718693 0.000000
vt -0.018866 3.815009 0.000000
vt -0.033785 3.815009 0.000000
vt -0.033785 3.911325 0.000000
vt -0.048703 3.911325 0.000000
vt -0.048703 4.007641 0.000000
vt -0.063621 4.007641 0.000000
vt -0.063621 4.103957 0.000000
vt -0.078540 4.103957 0.000000
vt -0.078540 4.200274 0.000000
vt -0.087973 4.200274 0.000000
vt -0.102891 3.911325 0.000000
vt -0.102891 3.815009 0.000000
vt -0.102891 4.489222 0.000000
vt -0.102891 4.582757 0.000000
vt -0.087973 4.489222 0.000000
vt -0.087973 4.582757 0.000000
vt -0.078540 4.489222 0.000000
vt -0.078540 4.582757 0.000000
vt -0.063621 4.489222 0.000000
vt -0.063621 4.582757 0.000000
vt -0.048703 4.489222 0.000000
vt -0.048703 4.582757 0.000000
vt -0.033785 4.489222 0.000000
vt -0.087973 4.676293 0.000000
vt -0.078540 4.676293 0.000000
vt -0.063621 4.676293 0.000000
vt -0.102891 4.956898 0.000000
vt -0.102891 5.518110 0.000000
vt -0.102891 5.611645 0.000000
vt -0.087973 5.518110 0.000000
vt -0.087973 5.611645 0.000000
vt -0.078540 5.518110 0.000000
vt -0.078540 5.611645 0.000000
vt -0.063621 5.518110 0.000000
vt -0.063621 5.611645 0.000000
vt -0.048703 5.518110 0.000000
vt -0.018866 3.911325 0.000000
vt -0.018866 4.007641 0.000000
vt -0.018866 4.103957 0.000000
vt -0.033785 4.103957 0.000000
vt -0.033785 4.200274 0.000000
vt -0.048703 4.200274 0.000000
vt -0.018866 4.200274 0.000000
vt -0.018866 4.769828 0.000000
vt -0.018866 4.863363 0.000000
vt -0.018866 4.956898 0.000000
vt -0.033785 4.956898 0.000000
vt -0.033785 5.050434 0.000000
vt -0.048703 5.050434 0.000000
vt -0.048703 5.143969 0.000000
vt -0.063621 5.143969 0.000000
vt -0.018866 5.143969 0.000000
vt -0.033785 5.143969 0.000000
vt -0.018866 5.611645 0.000000
vt -0.018866 5.705181 0.000000
vt -0.033785 5.705181 0.000000
vt -0.033785 5.798716 0.000000
vt -0.048703 5.798716 0.000000
vt -0.102891 5.798716 0.000000
vt -0.102891 5.705181 0.000000
vt -0.102891 6.453463 0.000000
vt -0.087973 6.453463 0.000000
vt -0.078540 6.453463 0.000000
vt -0.063621 6.453463 0.000000
vt -0.048703 6.453463 0.000000
vt -0.018866 5.798716 0.000000
vt -0.018866 6.172857 0.000000
vt -0.102891 6.738630 0.000000
vt -0.102891 6.640533 0.000000
vt -0.102891 6.546998 0.000000
vt -0.087973 6.546998 0.000000
vt -0.018866 6.738630 0.000000
vt -0.033785 6.738630 0.000000
vt -0.018866 7.131018 0.000000
vt -0.033785 7.131018 0.000000
vt -0.033785 7.032921 0.000000
vt -0.048703 7.131018 0.000000
vt -0.048703 7.032921 0.000000
vt -0.063621 7.131018 0.000000
vt -0.063621 7.032921 0.000000
vt -0.078540 7.131018 0.000000
vt -0.078540 7.032921 0.000000
vt -0.087973 7.131018 0.000000
vt -0.078540 6.546998 0.000000
vt -0.087973 6.640533 0.000000
vt -0.078540 6.640533 0.000000
vt -0.087973 6.738630 0.000000
vt -0.063621 6.546998 0.000000
vt -0.018866 6.640533 0.000000
vt -0.102891 6.836727 0.000000
vt -0.087973 5.705181 0.000000
vt -0.078540 5.705181 0.000000
vt -0.087973 5.798716 0.000000
vt -0.102891 5.892251 0.000000
vt -0.087973 3.815009 0.000000
vt -0.078540 3.815009 0.000000
vt -0.087973 3.911325 0.000000
vt -0.102891 4.007641 0.000000
vt -0.078540 1.824998 0.000000
vt -0.087973 1.918412 0.000000
vt -0.078540 1.918412 0.000000
vt -0.087973 2.011826 0.000000
vt -0.063621 1.824998 0.000000
vt -0.102891 2.105239 0.000000
vt -0.087973 0.966035 0.000000
vt -0.078540 0.966035 0.000000
vt -0.087973 1.065529 0.000000
vt -0.078540 1.065529 0.000000
vt -0.087973 1.165023 0.000000
vt -0.078540 1.165023 0.000000
vt -0.063621 0.966035 0.000000
vt -0.063621 1.065529 0.000000
vt -0.063621 1.165023 0.000000
vt -0.048703 0.966035 0.000000
vt -0.048703 1.065529 0.000000
vt -0.033785 0.966035 0.000000
vt -0.102891 1.165023 0.000000
vt -0.063621 0.050958 0.000000
vt -0.063621 0.025479 0.000000
vt -0.048703 0.025479 0.000000
vt -0.087973 6.172857 0.000000
vt -0.087973 6.079322 0.000000
vt -0.078540 6.172857 0.000000
vt -0.078540 6.079322 0.000000
vt -0.063621 6.172857 0.000000
vt -0.063621 6.079322 0.000000
vt -0.048703 6.172857 0.000000
vt -0.048703 6.079322 0.000000
vt -0.033785 6.172857 0.000000
vt -0.033785 6.079322 0.000000
vt -0.087973 5.424575 0.000000
vt -0.102891 5.424575 0.000000
vt -0.078540 5.424575 0.000000
vt -0.063621 5.424575 0.000000
vt -0.048703 5.424575 0.000000
vt -0.033785 5.424575 0.000000
vt -0.018866 5.050434 0.000000
vt -0.087973 5.143969 0.000000
vt -0.078540 5.143969 0.000000
vt -0.078540 5.050434 0.000000
vt -0.018866 4.676293 0.000000
vt -0.033785 4.769828 0.000000
vt -0.063621 5.050434 0.000000
vt -0.048703 4.956898 0.000000
vt -0.033785 4.863363 0.000000
vt -0.063621 4.956898 0.000000
vt -0.048703 4.863363 0.000000
vt -0.063621 4.200274 0.000000
vt -0.048703 4.103957 0.000000
vt -0.033785 4.007641 0.000000
vt -0.087973 3.526060 0.000000
vt -0.102891 3.526060 0.000000
vt -0.078540 3.526060 0.000000
vt -0.063621 3.526060 0.000000
vt -0.048703 3.526060 0.000000
vt -0.033785 3.526060 0.000000
vt -0.018866 3.147175 0.000000
vt -0.078540 3.241896 0.000000
vt -0.063621 3.147175 0.000000
vt -0.048703 3.052453 0.000000
vt -0.033785 2.957732 0.000000
vt -0.087973 2.863010 0.000000
vt -0.078540 2.863010 0.000000
vt -0.063621 2.294682 0.000000
vt -0.048703 2.199961 0.000000
vt -0.033785 2.105239 0.000000
vt -0.000000 1.140096 0.000000
vt -0.000000 1.176873 0.000000
vt -0.018866 1.147112 0.000000
vt -0.019632 1.176873 0.000000
vt -0.033785 1.147112 0.000000
vt -0.039270 1.176873 0.000000
vt -0.048703 1.147112 0.000000
vt -0.058905 1.176873 0.000000
vt -0.063621 1.147112 0.000000
vt -0.078540 1.176873 0.000000
vt -0.078540 1.147112 0.000000
vt -0.087973 1.147112 0.000000
vt -0.078540 1.117352 0.000000
vt -0.087973 1.117352 0.000000
vt -0.078540 1.102471 0.000000
vt -0.087973 1.102471 0.000000
vt -0.078540 1.087591 0.000000
vt -0.087973 1.087591 0.000000
vt -0.078540 1.072711 0.000000
vt -0.087973 1.072711 0.000000
vt -0.078540 1.057830 0.000000
vt -0.087973 1.057830 0.000000
vt -0.078540 1.031582 0.000000
vt -0.087973 1.031582 0.000000
vt -0.078540 1.005334 0.000000
vt -0.087973 1.005334 0.000000
vt -0.078540 0.946640 0.000000
vt -0.087973 0.946640 0.000000
vt -0.078540 0.772563 0.000000
vt -0.087973 0.772563 0.000000
vt -0.078540 0.656679 0.000000
vt -0.087973 0.656679 0.000000
vt -0.078540 0.540796 0.000000
vt -0.087973 0.540796 0.000000
vt -0.078540 0.424911 0.000000
vt -0.087973 0.424911 0.000000
vt -0.078540 0.309027 0.000000
vt -0.087973 0.309027 0.000000
vt -0.078540 0.193142 0.000000
vt -0.087973 0.193142 0.000000
vt -0.078540 0.077257 0.000000
vt -0.087973 0.077257 0.000000
vt -0.078540 0.000000 0.000000
vt -0.098177 0.000000 0.000000
vt -0.102891 0.077257 0.000000
vt -0.117810 0.000000 0.000000
vt -0.102891 0.193142 0.000000
vt -0.102891 0.309027 0.000000
vt -0.098177 1.176873 0.000000
vt -0.102891 1.147112 0.000000
vt -0.102891 1.117352 0.000000
vt -0.102891 1.102471 0.000000
vt -0.102891 1.087591 0.000000
vt -0.102891 1.072711 0.000000
vt -0.102891 1.057830 0.000000
vt -0.102891 1.031582 0.000000
vt -0.102891 1.005334 0.000000
vt -0.102891 0.946640 0.000000
vt -0.102891 0.772563 0.000000
vt -0.102891 0.656679 0.000000
vt -0.102891 0.540796 0.000000
vt -0.102891 0.424911 0.000000
vt -0.117810 1.176873 0.000000
vt -0.117810 1.140096 0.000000
vt -0.117810 1.121707 0.000000
vt -0.117810 1.103318 0.000000
vt -0.117810 1.084930 0.000000
vt -0.117810 1.066541 0.000000
vt -0.117810 1.029764 0.000000
vt -0.117810 0.956209 0.000000
vt -0.117810 0.882655 0.000000
vt -0.117810 0.588436 0.000000
vt -0.063621 0.077257 0.000000
vt -0.058905 0.000000 0.000000
vt -0.048703 0.077257 0.000000
vt -0.039270 0.000000 0.000000
vt -0.033785 0.077257 0.000000
vt -0.019632 0.000000 0.000000
vt -0.018866 0.077257 0.000000
vt -0.000000 0.000000 0.000000
vt -0.018866 0.193142 0.000000
vt -0.018866 0.309027 0.000000
vt -0.033785 0.309027 0.000000
vt -0.033785 0.424911 0.000000
vt -0.048703 0.424911 0.000000
vt -0.048703 0.540796 0.000000
vt -0.063621 0.540796 0.000000
vt -0.063621 0.656679 0.000000
vt -0.000000 0.588436 0.000000
vt -0.018866 0.424911 0.000000
vt -0.033785 0.540796 0.000000
vt -0.048703 0.656679 0.000000
vt -0.063621 0.772563 0.000000
vt -0.000000 0.882655 0.000000
vt -0.018866 0.772563 0.000000
vt -0.018866 0.656679 0.000000
vt -0.018866 0.540796 0.000000
vt -0.033785 0.656679 0.000000
vt -0.018866 0.946640 0.000000
vt -0.000000 0.956209 0.000000
vt -0.018866 1.005334 0.000000
vt -0.000000 1.029764 0.000000
vt -0.018866 1.031582 0.000000
vt -0.018866 1.057830 0.000000
vt -0.033785 1.057830 0.000000
vt -0.033785 1.072711 0.000000
vt -0.048703 1.072711 0.000000
vt -0.048703 1.087591 0.000000
vt -0.063621 1.087591 0.000000
vt -0.063621 1.102471 0.000000
vt -0.000000 1.066541 0.000000
vt -0.018866 1.072711 0.000000
vt -0.033785 1.087591 0.000000
vt -0.048703 1.102471 0.000000
vt -0.063621 1.117352 0.000000
vt -0.000000 1.084930 0.000000
vt -0.018866 1.087591 0.000000
vt -0.033785 1.102471 0.000000
vt -0.048703 1.117352 0.000000
vt -0.000000 1.103318 0.000000
vt -0.018866 1.102471 0.000000
vt -0.033785 1.117352 0.000000
vt -0.018866 1.117352 0.000000
vt -0.000000 1.121707 0.000000
vt -0.063621 1.072711 0.000000
vt -0.063621 1.057830 0.000000
vt -0.063621 1.031582 0.000000
vt -0.063621 1.005334 0.000000
vt -0.063621 0.946640 0.000000
vt -0.048703 1.057830 0.000000
vt -0.033785 1.031582 0.000000
vt -0.048703 1.031582 0.000000
vt -0.048703 1.005334 0.000000
vt -0.048703 0.946640 0.000000
vt -0.048703 0.772563 0.000000
vt -0.033785 1.005334 0.000000
vt -0.033785 0.946640 0.000000
vt -0.033785 0.772563 0.000000
vt -0.063621 0.424911 0.000000
vt -0.048703 0.309027 0.000000
vt -0.033785 0.193142 0.000000
vt -0.048703 0.193142 0.000000
vt -0.063621 0.193142 0.000000
vt -0.063621 0.309027 0.000000
vt -0.070945 0.058905 0.000000
vt -0.070938 0.044179 0.000000
vt 0.391234 0.058905 0.000000
vt 0.391234 0.039270 0.000000
vt -0.070931 0.029452 0.000000
vt 0.391234 0.019635 0.000000
vt -0.070924 0.014726 0.000000
vt 0.391234 0.000000 0.000000
vt -0.070917 -0.000000 0.000000
vt -0.070910 -0.014726 0.000000
vt 0.391234 -0.019635 0.000000
vt -0.070903 -0.029452 0.000000
vt 0.391234 -0.039270 0.000000
vt -0.070896 -0.044179 0.000000
vt 0.391234 -0.058905 0.000000
vt -0.070889 -0.058905 0.000000
vt -0.117810 0.032258 0.000000
vt -0.117810 0.000082 0.000000
vt -0.102891 0.010641 0.000000
vt -0.103085 0.000055 0.000000
vt -0.088361 0.000034 0.000000
vt -0.073629 0.000017 0.000000
vt -0.078540 0.010641 0.000000
vt -0.087973 0.010641 0.000000
vt -0.102891 0.040056 0.000000
vt -0.117810 0.064434 0.000000
vt -0.102891 0.069471 0.000000
vt -0.117810 0.080523 0.000000
vt -0.102891 0.085781 0.000000
vt -0.117810 0.096611 0.000000
vt -0.102891 0.102091 0.000000
vt -0.117810 0.112699 0.000000
vt -0.102891 0.115418 0.000000
vt -0.117810 0.128787 0.000000
vt -0.102891 0.150203 0.000000
vt -0.102891 0.171661 0.000000
vt -0.087973 0.150203 0.000000
vt -0.087973 0.171661 0.000000
vt -0.078540 0.150203 0.000000
vt -0.078540 0.171661 0.000000
vt -0.063621 0.150203 0.000000
vt -0.063621 0.171661 0.000000
vt -0.048703 0.150203 0.000000
vt -0.048703 0.171661 0.000000
vt -0.033785 0.150203 0.000000
vt -0.033785 0.171661 0.000000
vt -0.018866 0.150203 0.000000
vt -0.018866 0.171661 0.000000
vt -0.000000 0.193119 0.000000
vt -0.018866 0.214576 0.000000
vt -0.000000 0.257491 0.000000
vt -0.019632 0.257491 0.000000
vt -0.063621 0.010641 0.000000
vt -0.058905 0.000005 0.000000
vt -0.048703 0.010641 0.000000
vt -0.044181 -0.000003 0.000000
vt -0.033785 0.010641 0.000000
vt -0.029449 -0.000008 0.000000
vt -0.018866 0.010641 0.000000
vt -0.014725 -0.000007 0.000000
vt -0.000000 -0.000000 0.000000
vt -0.000000 0.032186 0.000000
vt -0.018866 0.040056 0.000000
vt -0.033785 0.040056 0.000000
vt -0.033785 0.069471 0.000000
vt -0.048703 0.069471 0.000000
vt -0.048703 0.085781 0.000000
vt -0.063621 0.085781 0.000000
vt -0.063621 0.102091 0.000000
vt -0.078540 0.102091 0.000000
vt -0.078540 0.115418 0.000000
vt -0.087973 0.115418 0.000000
vt -0.000000 0.064373 0.000000
vt -0.018866 0.069471 0.000000
vt -0.033785 0.085781 0.000000
vt -0.048703 0.102091 0.000000
vt -0.063621 0.115418 0.000000
vt -0.000000 0.080466 0.000000
vt -0.018866 0.085781 0.000000
vt -0.033785 0.102091 0.000000
vt -0.048703 0.115418 0.000000
vt -0.000000 0.096559 0.000000
vt -0.018866 0.102091 0.000000
vt -0.033785 0.115418 0.000000
vt -0.000000 0.112653 0.000000
vt -0.018866 0.115418 0.000000
vt -0.000000 0.128746 0.000000
vt -0.033785 0.214576 0.000000
vt -0.039270 0.257491 0.000000
vt -0.048703 0.214576 0.000000
vt -0.058905 0.257491 0.000000
vt -0.063621 0.214576 0.000000
vt -0.078540 0.257491 0.000000
vt -0.078540 0.214576 0.000000
vt -0.087973 0.214576 0.000000
vt -0.098177 0.257491 0.000000
vt -0.102891 0.214576 0.000000
vt -0.117810 0.257491 0.000000
vt -0.117810 0.193139 0.000000
vt -0.048703 0.040056 0.000000
vt -0.063621 0.040056 0.000000
vt -0.078540 0.040056 0.000000
vt -0.087973 0.040056 0.000000
vt -0.063621 0.069471 0.000000
vt -0.078540 0.069471 0.000000
vt -0.087973 0.069471 0.000000
vt -0.078540 0.085781 0.000000
vt -0.087973 0.085781 0.000000
vt -0.087973 0.102091 0.000000
vt -0.117810 1.215305 0.000000
vt -0.117810 0.607652 0.000000
vt -0.117422 1.215176 0.000000
vt -0.102891 0.996012 0.000000
vt -0.103066 1.210451 0.000000
vt -0.088662 1.205888 0.000000
vt -0.087973 0.996012 0.000000
vt -0.078540 0.996012 0.000000
vt -0.078540 0.797600 0.000000
vt -0.063621 0.797600 0.000000
vt -0.063621 0.599188 0.000000
vt -0.048703 0.599188 0.000000
vt -0.048703 0.374492 0.000000
vt -0.033785 0.374492 0.000000
vt -0.033785 0.149797 0.000000
vt -0.018866 0.149797 0.000000
vt -0.019632 0.000000 0.000000
vt -0.000000 0.000000 0.000000
vt -0.117810 0.000000 0.000000
vt -0.102891 0.374492 0.000000
vt -0.102891 0.599188 0.000000
vt -0.102891 0.797600 0.000000
vt -0.087973 0.599188 0.000000
vt -0.087973 0.797600 0.000000
vt -0.078540 0.599188 0.000000
vt -0.102891 0.149797 0.000000
vt -0.098177 0.000000 0.000000
vt -0.087973 0.149797 0.000000
vt -0.078540 0.000000 0.000000
vt -0.078540 0.149797 0.000000
vt -0.063621 0.149797 0.000000
vt -0.078540 0.374492 0.000000
vt -0.063621 0.374492 0.000000
vt -0.058905 0.000000 0.000000
vt -0.048703 0.149797 0.000000
vt -0.039270 0.000000 0.000000
vt -0.000000 0.595237 0.000000
vt -0.018866 0.374492 0.000000
vt -0.033785 0.599188 0.000000
vt -0.048703 0.797600 0.000000
vt -0.063621 0.996012 0.000000
vt -0.074169 1.201652 0.000000
vt -0.000000 1.190473 0.000000
vt -0.018866 0.797600 0.000000
vt -0.018866 0.599188 0.000000
vt -0.018866 0.996012 0.000000
vt -0.015020 1.190970 0.000000
vt -0.029990 1.192431 0.000000
vt -0.033785 0.996012 0.000000
vt -0.044847 1.194778 0.000000
vt -0.048703 0.996012 0.000000
vt -0.059587 1.197902 0.000000
vt -0.033785 0.797600 0.000000
vt -0.087973 0.374492 0.000000
vt -1.365658 0.058905 0.000000
vt -2.237862 0.058905 0.000000
vt -1.365672 0.044242 0.000000
vt -1.665963 0.039270 0.000000
vt -1.365712 0.029578 0.000000
vt -1.665963 0.019635 0.000000
vt -1.365779 0.014916 0.000000
vt -1.665963 0.000000 0.000000
vt -1.365868 0.000252 0.000000
vt -1.365976 -0.014410 0.000000
vt -1.665963 -0.019635 0.000000
vt -1.366100 -0.029074 0.000000
vt -1.665963 -0.039270 0.000000
vt -1.366235 -0.043734 0.000000
vt -1.366375 -0.058395 0.000000
vt -1.966267 -0.039270 0.000000
vt -2.138098 -0.058905 0.000000
vt -2.187263 -0.029452 0.000000
vt -1.966267 -0.019635 0.000000
vt -2.228943 0.000000 0.000000
vt -1.966267 0.000000 0.000000
vt -2.244920 0.014726 0.000000
vt -1.966267 0.019635 0.000000
vt -2.256792 0.029452 0.000000
vt -1.966267 0.039270 0.000000
vt -2.261040 0.036816 0.000000
vt -2.264103 0.044179 0.000000
vt -2.265953 0.051542 0.000000
vt -2.266572 0.058905 0.000000
vt -1.366380 -0.058905 0.000000
vt -0.000000 0.000000 0.000000
vt -0.000000 0.210632 0.000000
vt -0.014744 -0.000220 0.000000
vt -0.018866 0.262051 0.000000
vt -0.029477 -0.000869 0.000000
vt -0.033785 0.262051 0.000000
vt -0.044191 -0.001922 0.000000
vt -0.048703 0.262051 0.000000
vt -0.058878 -0.003336 0.000000
vt -0.063621 0.262051 0.000000
vt -0.073525 -0.005054 0.000000
vt -0.078540 0.262051 0.000000
vt -0.088163 -0.007010 0.000000
vt -0.087973 0.262051 0.000000
vt -0.102891 0.262051 0.000000
vt -0.102891 0.524103 0.000000
vt -0.117422 -0.011342 0.000000
vt -0.102891 0.786154 0.000000
vt -0.117810 1.615232 0.000000
vt -0.102891 1.048206 0.000000
vt -0.102891 1.310257 0.000000
vt -0.087973 1.048206 0.000000
vt -0.087973 1.310257 0.000000
vt -0.078540 1.048206 0.000000
vt -0.078540 1.310257 0.000000
vt -0.063621 1.048206 0.000000
vt -0.063621 1.310257 0.000000
vt -0.048703 1.048206 0.000000
vt -0.048703 1.310257 0.000000
vt -0.033785 1.048206 0.000000
vt -0.033785 1.310257 0.000000
vt -0.018866 1.048206 0.000000
vt -0.018866 1.310257 0.000000
vt -0.000000 0.936232 0.000000
vt -0.000000 1.684831 0.000000
vt -0.018866 0.524103 0.000000
vt -0.018866 0.786154 0.000000
vt -0.000000 3.242586 0.000000
vt -0.014662 3.242573 0.000000
vt -0.018866 1.850688 0.000000
vt -0.018866 1.580473 0.000000
vt -0.033785 1.850688 0.000000
vt -0.033785 1.580473 0.000000
vt -0.048703 1.850688 0.000000
vt -0.048703 1.580473 0.000000
vt -0.063621 1.850688 0.000000
vt -0.063621 1.580473 0.000000
vt -0.078540 1.850688 0.000000
vt -0.078540 1.580473 0.000000
vt -0.087973 1.850688 0.000000
vt -0.087973 1.580473 0.000000
vt -0.102891 1.850688 0.000000
vt -0.102891 1.580473 0.000000
vt -0.029323 3.242532 0.000000
vt -0.018866 2.964207 0.000000
vt -0.018866 2.685827 0.000000
vt -0.018866 2.407448 0.000000
vt -0.033785 2.685827 0.000000
vt -0.033785 2.407448 0.000000
vt -0.048703 2.685827 0.000000
vt -0.048703 2.407448 0.000000
vt -0.063621 2.685827 0.000000
vt -0.063621 2.407448 0.000000
vt -0.078540 2.685827 0.000000
vt -0.078540 2.407448 0.000000
vt -0.087973 2.685827 0.000000
vt -0.087973 2.407448 0.000000
vt -0.102891 2.685827 0.000000
vt -0.102891 2.407448 0.000000
vt -0.117810 3.241864 0.000000
vt -0.033785 2.964207 0.000000
vt -0.043991 3.242466 0.000000
vt -0.048703 2.964207 0.000000
vt -0.058653 3.242377 0.000000
vt -0.063621 2.964207 0.000000
vt -0.073312 3.242268 0.000000
vt -0.078540 2.964207 0.000000
vt -0.087983 3.242144 0.000000
vt -0.087973 2.964207 0.000000
vt -0.102640 3.242009 0.000000
vt -0.102891 2.964207 0.000000
vt -0.117300 3.241869 0.000000
vt -0.117810 -0.011401 0.000000
vt -0.102798 -0.009134 0.000000
vt -0.102891 2.129068 0.000000
vt -0.087973 2.129068 0.000000
vt -0.078540 2.129068 0.000000
vt -0.063621 2.129068 0.000000
vt -0.048703 2.129068 0.000000
vt -0.033785 2.129068 0.000000
vt -0.018866 2.129068 0.000000
vt -0.033785 0.524103 0.000000
vt -0.033785 0.786154 0.000000
vt -0.048703 0.524103 0.000000
vt -0.048703 0.786154 0.000000
vt -0.063621 0.524103 0.000000
vt -0.063621 0.786154 0.000000
vt -0.078540 0.524103 0.000000
vt -0.078540 0.786154 0.000000
vt -0.087973 0.524103 0.000000
vt -0.087973 0.786154 0.000000
vt -0.233880 0.025000 0.000000
vt -0.233880 -0.025000 0.000000
vt -0.208710 0.025000 0.000000
vt -0.208710 -0.025000 0.000000
vt -0.170016 -0.025000 0.000000
vt -0.170008 0.025000 0.000000
vt -0.154438 -0.025000 0.000000
vt -0.154391 0.025000 0.000000
vt -0.133845 -0.025000 0.000000
vt -0.133835 0.025000 0.000000
vt -0.107488 -0.025000 0.000000
vt -0.107488 0.025000 0.000000
vt -0.080503 -0.025000 0.000000
vt -0.080503 0.025000 0.000000
vt -0.036564 0.025000 0.000000
vt -0.036564 -0.025000 0.000000
vt 0.000000 0.025000 0.000000
vt 0.000000 -0.025000 0.000000
vt 0.462179 -0.025000 0.000000
vt 0.000000 0.025000 0.000000
vt 0.462179 0.025000 0.000000
vt 0.000000 -0.025000 0.000000
vt 0.064722 -0.025000 0.000000
vt 0.000000 0.025000 0.000000
vt 0.064794 0.025000 0.000000
vt 0.106190 -0.025000 0.000000
vt 0.106263 0.025000 0.000000
vt 0.157975 -0.025000 0.000000
vt 0.157788 0.025000 0.000000
vt 0.218174 0.025000 0.000000
vt 0.218534 -0.025000 0.000000
vt 0.275682 -0.025000 0.000000
vt 0.360958 -0.025000 0.000000
vt 0.323037 0.025000 0.000000
vt 0.275799 0.025000 0.000000
vt 0.361035 0.025000 0.000000
vt 0.470111 -0.025000 0.000000
vt 0.470268 0.025000 0.000000
vt 0.548618 -0.025000 0.000000
vt 0.548882 0.025000 0.000000
vt 0.757694 -0.025000 0.000000
vt 0.757877 0.025000 0.000000
vt 1.006931 -0.025000 0.000000
vt 1.006931 0.025000 0.000000
vt 0.000000 -0.025000 0.000000
vt 1.615078 -0.025000 0.000000
vt 0.000000 0.025000 0.000000
vt 1.614538 0.025000 0.000000
vt 3.072711 -0.025000 0.000000
vt 3.072312 0.025000 0.000000
vt 5.207988 0.025000 0.000000
vt 5.208363 -0.025000 0.000000
vt 6.905110 -0.025000 0.000000
vt 6.905127 0.025000 0.000000
vt 7.847619 -0.025000 0.000000
vt 7.847511 0.025000 0.000000
vt 8.448917 0.025000 0.000000
vt 8.449217 -0.025000 0.000000
vt 8.849710 -0.025000 0.000000
vt 8.849591 0.025000 0.000000
vt 9.120711 -0.025000 0.000000
vt 9.120579 0.025000 0.000000
vt 9.305060 -0.025000 0.000000
vt 9.304875 0.025000 0.000000
vt 9.431627 -0.025000 0.000000
vt 9.431119 0.025000 0.000000
vt 9.519078 -0.025000 0.000000
vt 9.519043 0.025000 0.000000
vt 9.579748 -0.025000 0.000000
vt 9.579813 0.025000 0.000000
vt 9.688344 -0.025000 0.000000
vt 9.688344 0.025000 0.000000
vt 0.734603 -0.025000 0.000000
vt 0.734603 0.000000 0.000000
vt 0.000000 -0.025000 0.000000
vt 0.000000 0.025000 0.000000
vt 0.734603 0.025000 0.000000
vt -0.117810 3.253987 0.000000
vt -0.117810 0.000722 0.000000
vt -0.117422 3.253928 0.000000
vt -0.102891 1.662114 0.000000
vt -0.102891 1.932329 0.000000
vt -0.087973 1.662114 0.000000
vt -0.087973 1.932329 0.000000
vt -0.078540 1.662114 0.000000
vt -0.078540 1.932329 0.000000
vt -0.063621 1.662114 0.000000
vt -0.063621 1.932329 0.000000
vt -0.048703 1.662114 0.000000
vt -0.048703 1.932329 0.000000
vt -0.033785 1.662114 0.000000
vt -0.033785 1.932329 0.000000
vt -0.018866 1.662114 0.000000
vt -0.018866 1.932329 0.000000
vt -0.000000 1.557755 0.000000
vt -0.000000 2.306355 0.000000
vt -0.117300 0.000717 0.000000
vt -0.102891 0.278380 0.000000
vt -0.102891 0.556759 0.000000
vt -0.102891 0.835139 0.000000
vt -0.087973 0.556759 0.000000
vt -0.087973 0.835139 0.000000
vt -0.078540 0.556759 0.000000
vt -0.078540 0.835139 0.000000
vt -0.063621 0.556759 0.000000
vt -0.063621 0.835139 0.000000
vt -0.048703 0.556759 0.000000
vt -0.048703 0.835139 0.000000
vt -0.033785 0.556759 0.000000
vt -0.033785 0.835139 0.000000
vt -0.018866 0.556759 0.000000
vt -0.018866 0.835139 0.000000
vt -0.000000 0.000000 0.000000
vt -0.102640 0.000577 0.000000
vt -0.087973 0.278380 0.000000
vt -0.087983 0.000442 0.000000
vt -0.078540 0.278380 0.000000
vt -0.073312 0.000318 0.000000
vt -0.063621 0.278380 0.000000
vt -0.058653 0.000210 0.000000
vt -0.048703 0.278380 0.000000
vt -0.043991 0.000121 0.000000
vt -0.033785 0.278380 0.000000
vt -0.029323 0.000055 0.000000
vt -0.018866 0.278380 0.000000
vt -0.014662 0.000014 0.000000
vt -0.000000 3.031954 0.000000
vt -0.018866 2.718484 0.000000
vt -0.018866 2.456432 0.000000
vt -0.018866 2.194381 0.000000
vt -0.033785 2.456432 0.000000
vt -0.033785 2.194381 0.000000
vt -0.048703 2.456432 0.000000
vt -0.048703 2.194381 0.000000
vt -0.063621 2.456432 0.000000
vt -0.063621 2.194381 0.000000
vt -0.078540 2.456432 0.000000
vt -0.078540 2.194381 0.000000
vt -0.087973 2.456432 0.000000
vt -0.087973 2.194381 0.000000
vt -0.102891 2.456432 0.000000
vt -0.102891 2.194381 0.000000
vt -0.000000 3.242586 0.000000
vt -0.014744 3.242806 0.000000
vt -0.018866 2.980535 0.000000
vt -0.033785 2.980535 0.000000
vt -0.033785 2.718484 0.000000
vt -0.048703 2.980535 0.000000
vt -0.048703 2.718484 0.000000
vt -0.063621 2.980535 0.000000
vt -0.063621 2.718484 0.000000
vt -0.078540 2.980535 0.000000
vt -0.078540 2.718484 0.000000
vt -0.087973 2.980535 0.000000
vt -0.087973 2.718484 0.000000
vt -0.102891 2.980535 0.000000
vt -0.102891 2.718484 0.000000
vt -0.029477 3.243456 0.000000
vt -0.044191 3.244509 0.000000
vt -0.058878 3.245923 0.000000
vt -0.073525 3.247640 0.000000
vt -0.088163 3.249596 0.000000
vt -0.102798 3.251720 0.000000
vt -0.102891 1.113519 0.000000
vt -0.102891 1.391898 0.000000
vt -0.087973 1.113519 0.000000
vt -0.087973 1.391898 0.000000
vt -0.078540 1.113519 0.000000
vt -0.078540 1.391898 0.000000
vt -0.063621 1.113519 0.000000
vt -0.063621 1.391898 0.000000
vt -0.048703 1.113519 0.000000
vt -0.048703 1.391898 0.000000
vt -0.033785 1.113519 0.000000
vt -0.033785 1.391898 0.000000
vt -0.018866 1.113519 0.000000
vt -0.018866 1.391898 0.000000
vt 1.366380 -0.058905 0.000000
vt 2.138098 -0.058905 0.000000
vt 1.366375 -0.058395 0.000000
vt 1.366235 -0.043734 0.000000
vt 1.665963 -0.039270 0.000000
vt 1.366100 -0.029074 0.000000
vt 1.665963 -0.019635 0.000000
vt 1.365976 -0.014410 0.000000
vt 1.665963 -0.000000 0.000000
vt 1.365868 0.000252 0.000000
vt 1.365779 0.014916 0.000000
vt 1.665963 0.019635 0.000000
vt 1.365712 0.029578 0.000000
vt 1.665963 0.039270 0.000000
vt 1.365672 0.044242 0.000000
vt 1.365658 0.058905 0.000000
vt 1.966267 0.039270 0.000000
vt 2.265953 0.051542 0.000000
vt 2.264103 0.044179 0.000000
vt 2.261040 0.036816 0.000000
vt 2.256792 0.029452 0.000000
vt 1.966267 0.019635 0.000000
vt 2.244920 0.014726 0.000000
vt 1.966267 -0.000000 0.000000
vt 2.228943 -0.000000 0.000000
vt 1.966267 -0.019635 0.000000
vt 2.187263 -0.029452 0.000000
vt 1.966267 -0.039270 0.000000
vt 2.266572 0.058905 0.000000
vt 2.237862 0.058905 0.000000
vt -0.015066 -0.000500 0.000000
vt -0.000000 -0.000000 0.000000
vt -0.018866 0.279267 0.000000
vt -0.000000 0.595237 0.000000
vt -0.018866 0.514423 0.000000
vt -0.018866 0.749580 0.000000
vt -0.033785 0.749580 0.000000
vt -0.033785 1.014116 0.000000
vt -0.048703 1.014116 0.000000
vt -0.039270 1.190474 0.000000
vt -0.058905 1.190474 0.000000
vt -0.018866 1.014116 0.000000
vt -0.000000 1.190474 0.000000
vt -0.019632 1.190474 0.000000
vt -0.063621 1.014116 0.000000
vt -0.078540 1.190474 0.000000
vt -0.078540 1.014116 0.000000
vt -0.087973 1.014116 0.000000
vt -0.078540 0.749580 0.000000
vt -0.087973 0.749580 0.000000
vt -0.078540 0.514423 0.000000
vt -0.087973 0.514423 0.000000
vt -0.078540 0.279267 0.000000
vt -0.087973 0.279267 0.000000
vt -0.078540 0.044110 0.000000
vt -0.087973 0.044110 0.000000
vt -0.088687 -0.015423 0.000000
vt -0.102891 0.044110 0.000000
vt -0.103081 -0.019982 0.000000
vt -0.102891 0.279267 0.000000
vt -0.102891 0.514423 0.000000
vt -0.098177 1.190474 0.000000
vt -0.102891 1.014116 0.000000
vt -0.102891 0.749580 0.000000
vt -0.117810 1.190474 0.000000
vt -0.117810 0.582821 0.000000
vt -0.117810 -0.024832 0.000000
vt -0.117422 -0.024703 0.000000
vt -0.074206 -0.011189 0.000000
vt -0.063621 0.044110 0.000000
vt -0.063621 0.279267 0.000000
vt -0.063621 0.514423 0.000000
vt -0.063621 0.749580 0.000000
vt -0.059601 -0.007432 0.000000
vt -0.048703 0.044110 0.000000
vt -0.048703 0.279267 0.000000
vt -0.048703 0.514423 0.000000
vt -0.048703 0.749580 0.000000
vt -0.044891 -0.004313 0.000000
vt -0.033785 0.044110 0.000000
vt -0.033785 0.279267 0.000000
vt -0.033785 0.514423 0.000000
vt -0.030012 -0.001961 0.000000
vt -0.018866 0.044110 0.000000
vt -0.000000 0.257731 0.000000
vt -0.014725 0.257721 0.000000
vt -0.000000 0.225515 0.000000
vt -0.018866 0.246991 0.000000
vt -0.018866 0.216290 0.000000
vt -0.033785 0.246991 0.000000
vt -0.033785 0.216290 0.000000
vt -0.048703 0.246991 0.000000
vt -0.048703 0.216290 0.000000
vt -0.063621 0.246991 0.000000
vt -0.063621 0.216290 0.000000
vt -0.078540 0.246991 0.000000
vt -0.078540 0.216290 0.000000
vt -0.087973 0.246991 0.000000
vt -0.087973 0.216290 0.000000
vt -0.102891 0.246991 0.000000
vt -0.102891 0.216290 0.000000
vt -0.117810 0.225443 0.000000
vt -0.117810 0.193237 0.000000
vt -0.029449 0.257710 0.000000
vt -0.044181 0.257700 0.000000
vt -0.058905 0.257690 0.000000
vt -0.073629 0.257680 0.000000
vt -0.088361 0.257669 0.000000
vt -0.103085 0.257659 0.000000
vt -0.117810 0.257649 0.000000
vt -0.117810 0.177134 0.000000
vt -0.102891 0.178453 0.000000
vt -0.102891 0.197372 0.000000
vt -0.087973 0.197372 0.000000
vt -0.078540 0.197372 0.000000
vt -0.063621 0.197372 0.000000
vt -0.048703 0.197372 0.000000
vt -0.033785 0.197372 0.000000
vt -0.018866 0.197372 0.000000
vt -0.000000 0.193298 0.000000
vt -0.102891 0.159534 0.000000
vt -0.117810 0.161030 0.000000
vt -0.117810 0.144927 0.000000
vt -0.102891 0.140615 0.000000
vt -0.117810 0.128824 0.000000
vt -0.102891 0.084320 0.000000
vt -0.117810 0.064412 0.000000
vt -0.102891 0.021080 0.000000
vt -0.117810 0.000000 0.000000
vt -0.098177 0.000000 0.000000
vt -0.087973 0.021080 0.000000
vt -0.078540 0.000000 0.000000
vt -0.078540 0.021080 0.000000
vt -0.063621 0.021080 0.000000
vt -0.078540 0.084320 0.000000
vt -0.063621 0.084320 0.000000
vt -0.078540 0.140615 0.000000
vt -0.063621 0.140615 0.000000
vt -0.078540 0.159534 0.000000
vt -0.063621 0.159534 0.000000
vt -0.078540 0.178453 0.000000
vt -0.063621 0.178453 0.000000
vt -0.058905 0.000000 0.000000
vt -0.048703 0.021080 0.000000
vt -0.048703 0.084320 0.000000
vt -0.048703 0.140615 0.000000
vt -0.048703 0.159534 0.000000
vt -0.048703 0.178453 0.000000
vt -0.039270 0.000000 0.000000
vt -0.033785 0.021080 0.000000
vt -0.033785 0.084320 0.000000
vt -0.033785 0.140615 0.000000
vt -0.033785 0.159534 0.000000
vt -0.033785 0.178453 0.000000
vt -0.019632 0.000000 0.000000
vt -0.018866 0.021080 0.000000
vt -0.018866 0.084320 0.000000
vt -0.018866 0.140615 0.000000
vt -0.018866 0.159534 0.000000
vt -0.018866 0.178453 0.000000
vt -0.000000 0.000000 0.000000
vt -0.000000 0.064433 0.000000
vt -0.000000 0.128865 0.000000
vt -0.000000 0.144974 0.000000
vt -0.000000 0.161082 0.000000
vt -0.000000 0.177190 0.000000
vt -0.087973 0.178453 0.000000
vt -0.087973 0.159534 0.000000
vt -0.087973 0.140615 0.000000
vt -0.087973 0.084320 0.000000
vt 0.070889 -0.058905 0.000000
vt 0.070908 -0.044179 0.000000
vt -0.391234 -0.058905 0.000000
vt -0.391234 -0.039270 0.000000
vt 0.070926 -0.029452 0.000000
vt -0.391234 -0.019635 0.000000
vt 0.070940 -0.014726 0.000000
vt -0.391234 -0.000000 0.000000
vt 0.070950 -0.000000 0.000000
vt 0.070956 0.014726 0.000000
vt -0.391234 0.019635 0.000000
vt 0.070957 0.029452 0.000000
vt -0.391234 0.039270 0.000000
vt 0.070952 0.044179 0.000000
vt -0.391234 0.058905 0.000000
vt 0.070945 0.058905 0.000000
vt -0.019632 1.173158 0.000000
vt -0.018866 1.117063 0.000000
vt -0.000000 1.173158 0.000000
vt -0.018866 1.006231 0.000000
vt -0.018866 0.923447 0.000000
vt -0.033785 1.006231 0.000000
vt -0.033785 0.923447 0.000000
vt -0.048703 1.006231 0.000000
vt -0.048703 0.923447 0.000000
vt -0.063621 1.006231 0.000000
vt -0.063621 0.923447 0.000000
vt -0.078540 1.006231 0.000000
vt -0.078540 0.923447 0.000000
vt -0.087973 1.006231 0.000000
vt -0.087973 0.923447 0.000000
vt -0.102891 1.006231 0.000000
vt -0.102891 0.923447 0.000000
vt -0.117810 1.173158 0.000000
vt -0.117810 0.586579 0.000000
vt -0.033785 1.117063 0.000000
vt -0.039270 1.173158 0.000000
vt -0.048703 1.117063 0.000000
vt -0.058905 1.173158 0.000000
vt -0.063621 1.117063 0.000000
vt -0.078540 1.173158 0.000000
vt -0.078540 1.117063 0.000000
vt -0.087973 1.117063 0.000000
vt -0.098177 1.173158 0.000000
vt -0.102891 1.117063 0.000000
vt -0.117810 0.293289 0.000000
vt -0.102891 0.427307 0.000000
vt -0.102891 0.464988 0.000000
vt -0.102891 0.551653 0.000000
vt -0.087973 0.464988 0.000000
vt -0.087973 0.551653 0.000000
vt -0.078540 0.464988 0.000000
vt -0.078540 0.551653 0.000000
vt -0.063621 0.464988 0.000000
vt -0.063621 0.551653 0.000000
vt -0.048703 0.464988 0.000000
vt -0.048703 0.551653 0.000000
vt -0.033785 0.464988 0.000000
vt -0.033785 0.551653 0.000000
vt -0.018866 0.464988 0.000000
vt -0.018866 0.551653 0.000000
vt -0.000000 0.586579 0.000000
vt -0.018866 0.600638 0.000000
vt -0.018866 0.713303 0.000000
vt -0.033785 0.713303 0.000000
vt -0.033785 0.776983 0.000000
vt -0.048703 0.776983 0.000000
vt -0.117810 0.219967 0.000000
vt -0.102891 0.280375 0.000000
vt -0.102891 0.360641 0.000000
vt -0.087973 0.360641 0.000000
vt -0.087973 0.427307 0.000000
vt -0.078540 0.360641 0.000000
vt -0.078540 0.427307 0.000000
vt -0.063621 0.360641 0.000000
vt -0.063621 0.427307 0.000000
vt -0.048703 0.360641 0.000000
vt -0.048703 0.427307 0.000000
vt -0.033785 0.360641 0.000000
vt -0.033785 0.427307 0.000000
vt -0.018866 0.360641 0.000000
vt -0.018866 0.427307 0.000000
vt -0.000000 0.293289 0.000000
vt -0.117810 0.146645 0.000000
vt -0.102891 0.173127 0.000000
vt -0.102891 0.218632 0.000000
vt -0.087973 0.218632 0.000000
vt -0.087973 0.280375 0.000000
vt -0.078540 0.218632 0.000000
vt -0.078540 0.280375 0.000000
vt -0.063621 0.218632 0.000000
vt -0.063621 0.280375 0.000000
vt -0.048703 0.218632 0.000000
vt -0.048703 0.280375 0.000000
vt -0.033785 0.218632 0.000000
vt -0.033785 0.280375 0.000000
vt -0.018866 0.218632 0.000000
vt -0.018866 0.280375 0.000000
vt -0.000000 0.219967 0.000000
vt -0.102891 0.140860 0.000000
vt -0.117810 0.109984 0.000000
vt -0.102891 0.108594 0.000000
vt -0.117810 0.091653 0.000000
vt -0.102891 0.088885 0.000000
vt -0.117810 0.073322 0.000000
vt -0.102891 0.069177 0.000000
vt -0.117810 0.054992 0.000000
vt -0.102891 0.051883 0.000000
vt -0.117810 0.036661 0.000000
vt -0.102891 0.034589 0.000000
vt -0.117810 0.000000 0.000000
vt -0.098177 0.000000 0.000000
vt -0.087973 0.034589 0.000000
vt -0.078540 0.000000 0.000000
vt -0.078540 0.034589 0.000000
vt -0.063621 0.034589 0.000000
vt -0.078540 0.051883 0.000000
vt -0.063621 0.051883 0.000000
vt -0.078540 0.069177 0.000000
vt -0.063621 0.069177 0.000000
vt -0.078540 0.088885 0.000000
vt -0.063621 0.088885 0.000000
vt -0.078540 0.108594 0.000000
vt -0.063621 0.108594 0.000000
vt -0.078540 0.140860 0.000000
vt -0.063621 0.140860 0.000000
vt -0.078540 0.173127 0.000000
vt -0.063621 0.173127 0.000000
vt -0.058905 0.000000 0.000000
vt -0.048703 0.034589 0.000000
vt -0.048703 0.051883 0.000000
vt -0.048703 0.069177 0.000000
vt -0.048703 0.088885 0.000000
vt -0.048703 0.108594 0.000000
vt -0.048703 0.140860 0.000000
vt -0.048703 0.173127 0.000000
vt -0.039270 0.000000 0.000000
vt -0.033785 0.034589 0.000000
vt -0.033785 0.051883 0.000000
vt -0.033785 0.069177 0.000000
vt -0.033785 0.088885 0.000000
vt -0.033785 0.108594 0.000000
vt -0.033785 0.140860 0.000000
vt -0.033785 0.173127 0.000000
vt -0.019632 0.000000 0.000000
vt -0.018866 0.034589 0.000000
vt -0.018866 0.051883 0.000000
vt -0.018866 0.069177 0.000000
vt -0.018866 0.088885 0.000000
vt -0.018866 0.108594 0.000000
vt -0.018866 0.140860 0.000000
vt -0.018866 0.173127 0.000000
vt -0.000000 0.000000 0.000000
vt -0.000000 0.036661 0.000000
vt -0.000000 0.054992 0.000000
vt -0.000000 0.073322 0.000000
vt -0.000000 0.091653 0.000000
vt -0.000000 0.109984 0.000000
vt -0.000000 0.128314 0.000000
vt -0.000000 0.146645 0.000000
vt -0.018866 0.776983 0.000000
vt -0.102891 0.713303 0.000000
vt -0.102891 0.600638 0.000000
vt -0.087973 0.600638 0.000000
vt -0.078540 0.600638 0.000000
vt -0.087973 0.713303 0.000000
vt -0.078540 0.713303 0.000000
vt -0.087973 0.776983 0.000000
vt -0.078540 0.776983 0.000000
vt -0.063621 0.600638 0.000000
vt -0.063621 0.713303 0.000000
vt -0.063621 0.776983 0.000000
vt -0.048703 0.600638 0.000000
vt -0.048703 0.713303 0.000000
vt -0.033785 0.600638 0.000000
vt -0.102891 0.776983 0.000000
vt -0.087973 0.173127 0.000000
vt -0.087973 0.140860 0.000000
vt -0.087973 0.108594 0.000000
vt -0.087973 0.088885 0.000000
vt -0.087973 0.069177 0.000000
vt -0.087973 0.051883 0.000000
vt -0.000000 7.526177 0.000000
vt -0.019632 7.526177 0.000000
vt -0.000000 7.518827 0.000000
vt -0.018866 7.513732 0.000000
vt -0.000000 7.511477 0.000000
vt -0.018866 7.501288 0.000000
vt -0.000000 7.496778 0.000000
vt -0.018866 7.476399 0.000000
vt -0.000000 7.467379 0.000000
vt -0.018866 7.426622 0.000000
vt -0.000000 7.408580 0.000000
vt -0.018866 7.327066 0.000000
vt -0.000000 7.290984 0.000000
vt -0.018866 7.227511 0.000000
vt -0.018866 7.127956 0.000000
vt -0.033785 7.227511 0.000000
vt -0.033785 7.127956 0.000000
vt -0.048703 7.227511 0.000000
vt -0.048703 7.127956 0.000000
vt -0.063621 7.227511 0.000000
vt -0.063621 7.127956 0.000000
vt -0.078540 7.227511 0.000000
vt -0.078540 7.127956 0.000000
vt -0.087973 7.227511 0.000000
vt -0.087973 7.127956 0.000000
vt -0.102891 7.227511 0.000000
vt -0.102891 7.127956 0.000000
vt -0.117810 7.290984 0.000000
vt -0.117810 7.055791 0.000000
vt -0.033785 7.513732 0.000000
vt -0.039270 7.526177 0.000000
vt -0.048703 7.513732 0.000000
vt -0.058905 7.526177 0.000000
vt -0.063621 7.513732 0.000000
vt -0.078540 7.526177 0.000000
vt -0.078540 7.513732 0.000000
vt -0.087973 7.513732 0.000000
vt -0.078540 7.501288 0.000000
vt -0.087973 7.501288 0.000000
vt -0.078540 7.476399 0.000000
vt -0.087973 7.476399 0.000000
vt -0.078540 7.426622 0.000000
vt -0.087973 7.426622 0.000000
vt -0.078540 7.327066 0.000000
vt -0.087973 7.327066 0.000000
vt -0.098177 7.526177 0.000000
vt -0.102891 7.513732 0.000000
vt -0.102891 7.501288 0.000000
vt -0.102891 7.476399 0.000000
vt -0.102891 7.426622 0.000000
vt -0.102891 7.327066 0.000000
vt -0.117810 7.526177 0.000000
vt -0.117810 7.518827 0.000000
vt -0.117810 7.511477 0.000000
vt -0.117810 7.496778 0.000000
vt -0.117810 7.467379 0.000000
vt -0.117810 7.408580 0.000000
vt -0.117810 6.585405 0.000000
vt -0.102891 6.850046 0.000000
vt -0.102891 6.942683 0.000000
vt -0.102891 7.035319 0.000000
vt -0.087973 6.942683 0.000000
vt -0.087973 7.035319 0.000000
vt -0.078540 6.942683 0.000000
vt -0.078540 7.035319 0.000000
vt -0.063621 6.942683 0.000000
vt -0.063621 7.035319 0.000000
vt -0.048703 6.942683 0.000000
vt -0.048703 7.035319 0.000000
vt -0.033785 6.942683 0.000000
vt -0.033785 7.035319 0.000000
vt -0.018866 6.942683 0.000000
vt -0.018866 7.035319 0.000000
vt -0.000000 7.055791 0.000000
vt -0.117810 5.644633 0.000000
vt -0.102891 6.201590 0.000000
vt -0.102891 6.294227 0.000000
vt -0.102891 6.386863 0.000000
vt -0.087973 6.294227 0.000000
vt -0.087973 6.386863 0.000000
vt -0.078540 6.294227 0.000000
vt -0.078540 6.386863 0.000000
vt -0.063621 6.294227 0.000000
vt -0.063621 6.386863 0.000000
vt -0.048703 6.294227 0.000000
vt -0.048703 6.386863 0.000000
vt -0.033785 6.294227 0.000000
vt -0.033785 6.386863 0.000000
vt -0.018866 6.294227 0.000000
vt -0.018866 6.386863 0.000000
vt -0.000000 6.585405 0.000000
vt -0.018866 6.479500 0.000000
vt -0.018866 6.572136 0.000000
vt -0.033785 6.572136 0.000000
vt -0.033785 6.664773 0.000000
vt -0.048703 6.664773 0.000000
vt -0.048703 6.757410 0.000000
vt -0.063621 6.757410 0.000000
vt -0.063621 6.850046 0.000000
vt -0.078540 6.850046 0.000000
vt -0.117810 3.763088 0.000000
vt -0.102891 4.764949 0.000000
vt -0.102891 4.860616 0.000000
vt -0.102891 4.956282 0.000000
vt -0.087973 4.860616 0.000000
vt -0.087973 4.956282 0.000000
vt -0.078540 4.860616 0.000000
vt -0.078540 4.956282 0.000000
vt -0.063621 4.860616 0.000000
vt -0.063621 4.956282 0.000000
vt -0.048703 4.860616 0.000000
vt -0.048703 4.956282 0.000000
vt -0.033785 4.860616 0.000000
vt -0.033785 4.956282 0.000000
vt -0.018866 4.860616 0.000000
vt -0.018866 4.956282 0.000000
vt -0.000000 5.644633 0.000000
vt -0.018866 5.051948 0.000000
vt -0.018866 5.147614 0.000000
vt -0.033785 5.147614 0.000000
vt -0.033785 5.243430 0.000000
vt -0.048703 5.243430 0.000000
vt -0.048703 5.339246 0.000000
vt -0.063621 5.339246 0.000000
vt -0.063621 5.435062 0.000000
vt -0.078540 5.435062 0.000000
vt -0.078540 5.530878 0.000000
vt -0.087973 5.530878 0.000000
vt -0.087973 5.626694 0.000000
vt -0.102891 5.626694 0.000000
vt -0.102891 5.722510 0.000000
vt -0.102891 5.818326 0.000000
vt -0.102891 5.914142 0.000000
vt -0.087973 5.818326 0.000000
vt -0.087973 5.914142 0.000000
vt -0.078540 5.818326 0.000000
vt -0.078540 5.914142 0.000000
vt -0.063621 5.818326 0.000000
vt -0.063621 5.914142 0.000000
vt -0.048703 5.818326 0.000000
vt -0.048703 5.914142 0.000000
vt -0.033785 5.818326 0.000000
vt -0.033785 5.914142 0.000000
vt -0.018866 5.818326 0.000000
vt -0.018866 5.914142 0.000000
vt -0.018866 6.009958 0.000000
vt -0.018866 6.105774 0.000000
vt -0.033785 6.105774 0.000000
vt -0.033785 6.201590 0.000000
vt -0.048703 6.201590 0.000000
vt -0.117810 1.881544 0.000000
vt -0.102891 2.947291 0.000000
vt -0.102891 3.042957 0.000000
vt -0.102891 3.138623 0.000000
vt -0.087973 3.042957 0.000000
vt -0.087973 3.138623 0.000000
vt -0.078540 3.042957 0.000000
vt -0.078540 3.138623 0.000000
vt -0.063621 3.042957 0.000000
vt -0.063621 3.138623 0.000000
vt -0.048703 3.042957 0.000000
vt -0.048703 3.138623 0.000000
vt -0.033785 3.042957 0.000000
vt -0.033785 3.138623 0.000000
vt -0.018866 3.042957 0.000000
vt -0.018866 3.138623 0.000000
vt -0.000000 3.763088 0.000000
vt -0.018866 3.234290 0.000000
vt -0.018866 3.329956 0.000000
vt -0.033785 3.329956 0.000000
vt -0.033785 3.425622 0.000000
vt -0.048703 3.425622 0.000000
vt -0.048703 3.521288 0.000000
vt -0.063621 3.521288 0.000000
vt -0.063621 3.616954 0.000000
vt -0.078540 3.616954 0.000000
vt -0.078540 3.712621 0.000000
vt -0.087973 3.712621 0.000000
vt -0.087973 3.808287 0.000000
vt -0.102891 3.808287 0.000000
vt -0.102891 3.903953 0.000000
vt -0.102891 3.999619 0.000000
vt -0.102891 4.095286 0.000000
vt -0.087973 3.999619 0.000000
vt -0.087973 4.095286 0.000000
vt -0.078540 3.999619 0.000000
vt -0.078540 4.095286 0.000000
vt -0.063621 3.999619 0.000000
vt -0.063621 4.095286 0.000000
vt -0.048703 3.999619 0.000000
vt -0.048703 4.095286 0.000000
vt -0.033785 3.999619 0.000000
vt -0.033785 4.095286 0.000000
vt -0.018866 3.999619 0.000000
vt -0.018866 4.095286 0.000000
vt -0.018866 4.190952 0.000000
vt -0.018866 4.286618 0.000000
vt -0.033785 4.286618 0.000000
vt -0.033785 4.382284 0.000000
vt -0.048703 4.382284 0.000000
vt -0.048703 4.477951 0.000000
vt -0.063621 4.477951 0.000000
vt -0.063621 4.573617 0.000000
vt -0.078540 4.573617 0.000000
vt -0.078540 4.669283 0.000000
vt -0.087973 4.669283 0.000000
vt -0.087973 4.764949 0.000000
vt -0.117810 0.940772 0.000000
vt -0.102891 1.416631 0.000000
vt -0.102891 1.512297 0.000000
vt -0.102891 1.607963 0.000000
vt -0.087973 1.512297 0.000000
vt -0.087973 1.607963 0.000000
vt -0.078540 1.512297 0.000000
vt -0.078540 1.607963 0.000000
vt -0.063621 1.512297 0.000000
vt -0.063621 1.607963 0.000000
vt -0.048703 1.512297 0.000000
vt -0.048703 1.607963 0.000000
vt -0.033785 1.512297 0.000000
vt -0.033785 1.607963 0.000000
vt -0.018866 1.512297 0.000000
vt -0.018866 1.607963 0.000000
vt -0.000000 1.881544 0.000000
vt -0.018866 1.703630 0.000000
vt -0.018866 1.799296 0.000000
vt -0.033785 1.799296 0.000000
vt -0.033785 1.894962 0.000000
vt -0.048703 1.894962 0.000000
vt -0.048703 1.990628 0.000000
vt -0.063621 1.990628 0.000000
vt -0.063621 2.086295 0.000000
vt -0.078540 2.086295 0.000000
vt -0.078540 2.181961 0.000000
vt -0.087973 2.181961 0.000000
vt -0.087973 2.277627 0.000000
vt -0.102891 2.277627 0.000000
vt -0.102891 2.373293 0.000000
vt -0.102891 2.468960 0.000000
vt -0.102891 2.564626 0.000000
vt -0.087973 2.468960 0.000000
vt -0.087973 2.564626 0.000000
vt -0.078540 2.468960 0.000000
vt -0.078540 2.564626 0.000000
vt -0.063621 2.468960 0.000000
vt -0.063621 2.564626 0.000000
vt -0.048703 2.468960 0.000000
vt -0.048703 2.564626 0.000000
vt -0.033785 2.468960 0.000000
vt -0.033785 2.564626 0.000000
vt -0.018866 2.468960 0.000000
vt -0.018866 2.564626 0.000000
vt -0.018866 2.660292 0.000000
vt -0.018866 2.755958 0.000000
vt -0.033785 2.755958 0.000000
vt -0.033785 2.851625 0.000000
vt -0.048703 2.851625 0.000000
vt -0.048703 2.947291 0.000000
vt -0.063621 2.947291 0.000000
vt -0.117810 0.000000 0.000000
vt -0.102891 0.470680 0.000000
vt -0.102891 0.564816 0.000000
vt -0.102891 0.658952 0.000000
vt -0.087973 0.564816 0.000000
vt -0.087973 0.658952 0.000000
vt -0.078540 0.564816 0.000000
vt -0.078540 0.658952 0.000000
vt -0.063621 0.564816 0.000000
vt -0.063621 0.658952 0.000000
vt -0.048703 0.564816 0.000000
vt -0.048703 0.658952 0.000000
vt -0.033785 0.564816 0.000000
vt -0.033785 0.658952 0.000000
vt -0.018866 0.564816 0.000000
vt -0.018866 0.658952 0.000000
vt -0.000000 0.940772 0.000000
vt -0.018866 0.753088 0.000000
vt -0.018866 0.847224 0.000000
vt -0.033785 0.847224 0.000000
vt -0.033785 0.940772 0.000000
vt -0.048703 0.940772 0.000000
vt -0.048703 1.035496 0.000000
vt -0.063621 1.035496 0.000000
vt -0.063621 1.129632 0.000000
vt -0.078540 1.129632 0.000000
vt -0.078540 1.225299 0.000000
vt -0.087973 1.225299 0.000000
vt -0.087973 1.320965 0.000000
vt -0.102891 1.320965 0.000000
vt -0.098177 0.000000 0.000000
vt -0.102891 0.094136 0.000000
vt -0.102891 0.188272 0.000000
vt -0.102891 0.282408 0.000000
vt -0.087973 0.188272 0.000000
vt -0.087973 0.282408 0.000000
vt -0.078540 0.188272 0.000000
vt -0.078540 0.282408 0.000000
vt -0.063621 0.188272 0.000000
vt -0.063621 0.282408 0.000000
vt -0.048703 0.188272 0.000000
vt -0.048703 0.282408 0.000000
vt -0.033785 0.188272 0.000000
vt -0.033785 0.282408 0.000000
vt -0.018866 0.188272 0.000000
vt -0.018866 0.282408 0.000000
vt -0.000000 0.000000 0.000000
vt -0.018866 0.376544 0.000000
vt -0.018866 0.470680 0.000000
vt -0.033785 0.470680 0.000000
vt -0.087973 0.094136 0.000000
vt -0.078540 0.000000 0.000000
vt -0.078540 0.094136 0.000000
vt -0.063621 0.094136 0.000000
vt -0.058905 0.000000 0.000000
vt -0.048703 0.094136 0.000000
vt -0.039270 0.000000 0.000000
vt -0.033785 0.094136 0.000000
vt -0.019632 0.000000 0.000000
vt -0.018866 0.094136 0.000000
vt -0.018866 1.320965 0.000000
vt -0.018866 1.225299 0.000000
vt -0.018866 1.129632 0.000000
vt -0.033785 1.225299 0.000000
vt -0.033785 1.129632 0.000000
vt -0.048703 1.225299 0.000000
vt -0.048703 1.129632 0.000000
vt -0.063621 1.225299 0.000000
vt -0.018866 2.851625 0.000000
vt -0.018866 2.947291 0.000000
vt -0.018866 4.669283 0.000000
vt -0.018866 4.573617 0.000000
vt -0.018866 4.477951 0.000000
vt -0.033785 4.573617 0.000000
vt -0.033785 4.477951 0.000000
vt -0.048703 4.573617 0.000000
vt -0.018866 6.201590 0.000000
vt -0.018866 6.850046 0.000000
vt -0.018866 6.757410 0.000000
vt -0.018866 6.664773 0.000000
vt -0.033785 6.757410 0.000000
vt -0.102891 0.376544 0.000000
vt -0.087973 0.376544 0.000000
vt -0.087973 0.470680 0.000000
vt -0.078540 0.376544 0.000000
vt -0.078540 0.470680 0.000000
vt -0.063621 0.376544 0.000000
vt -0.063621 0.470680 0.000000
vt -0.048703 0.376544 0.000000
vt -0.048703 0.470680 0.000000
vt -0.033785 0.376544 0.000000
vt -0.102891 0.753088 0.000000
vt -0.087973 0.753088 0.000000
vt -0.078540 0.753088 0.000000
vt -0.063621 0.753088 0.000000
vt -0.048703 0.753088 0.000000
vt -0.033785 0.753088 0.000000
vt -0.102891 0.940772 0.000000
vt -0.102891 1.035496 0.000000
vt -0.087973 0.940772 0.000000
vt -0.087973 1.035496 0.000000
vt -0.078540 0.940772 0.000000
vt -0.078540 1.035496 0.000000
vt -0.063621 0.940772 0.000000
vt -0.018866 0.940772 0.000000
vt -0.018866 1.035496 0.000000
vt -0.102891 1.129632 0.000000
vt -0.087973 1.129632 0.000000
vt -0.102891 1.703630 0.000000
vt -0.087973 1.703630 0.000000
vt -0.078540 1.703630 0.000000
vt -0.063621 1.703630 0.000000
vt -0.048703 1.703630 0.000000
vt -0.033785 1.703630 0.000000
vt -0.018866 1.416631 0.000000
vt -0.102891 1.990628 0.000000
vt -0.102891 1.894962 0.000000
vt -0.102891 1.799296 0.000000
vt -0.087973 1.799296 0.000000
vt -0.102891 2.181961 0.000000
vt -0.102891 2.086295 0.000000
vt -0.087973 1.990628 0.000000
vt -0.087973 1.894962 0.000000
vt -0.078540 1.894962 0.000000
vt -0.078540 1.799296 0.000000
vt -0.063621 1.799296 0.000000
vt -0.102891 2.660292 0.000000
vt -0.087973 2.660292 0.000000
vt -0.078540 2.660292 0.000000
vt -0.063621 2.660292 0.000000
vt -0.048703 2.660292 0.000000
vt -0.033785 2.660292 0.000000
vt -0.102891 2.755958 0.000000
vt -0.087973 2.755958 0.000000
vt -0.078540 2.755958 0.000000
vt -0.063621 2.755958 0.000000
vt -0.048703 2.755958 0.000000
vt -0.102891 3.234290 0.000000
vt -0.102891 3.329956 0.000000
vt -0.087973 3.234290 0.000000
vt -0.087973 3.329956 0.000000
vt -0.078540 3.234290 0.000000
vt -0.078540 3.329956 0.000000
vt -0.063621 3.234290 0.000000
vt -0.063621 3.329956 0.000000
vt -0.048703 3.234290 0.000000
vt -0.048703 3.329956 0.000000
vt -0.033785 3.234290 0.000000
vt -0.102891 3.425622 0.000000
vt -0.087973 3.425622 0.000000
vt -0.078540 3.425622 0.000000
vt -0.063621 3.425622 0.000000
vt -0.102891 3.616954 0.000000
vt -0.102891 3.712621 0.000000
vt -0.087973 3.616954 0.000000
vt -0.018866 1.990628 0.000000
vt -0.018866 1.894962 0.000000
vt -0.033785 1.990628 0.000000
vt -0.018866 2.181961 0.000000
vt -0.018866 2.277627 0.000000
vt -0.018866 2.373293 0.000000
vt -0.033785 2.373293 0.000000
vt -0.018866 3.425622 0.000000
vt -0.018866 3.521288 0.000000
vt -0.018866 3.616954 0.000000
vt -0.033785 3.616954 0.000000
vt -0.033785 3.712621 0.000000
vt -0.048703 3.712621 0.000000
vt -0.048703 3.808287 0.000000
vt -0.063621 3.808287 0.000000
vt -0.063621 3.903953 0.000000
vt -0.078540 3.903953 0.000000
vt -0.018866 3.712621 0.000000
vt -0.018866 3.808287 0.000000
vt -0.033785 3.808287 0.000000
vt -0.033785 3.903953 0.000000
vt -0.048703 3.903953 0.000000
vt -0.102891 4.190952 0.000000
vt -0.087973 4.190952 0.000000
vt -0.078540 4.190952 0.000000
vt -0.063621 4.190952 0.000000
vt -0.048703 4.190952 0.000000
vt -0.033785 4.190952 0.000000
vt -0.102891 4.286618 0.000000
vt -0.087973 4.286618 0.000000
vt -0.078540 4.286618 0.000000
vt -0.063621 4.286618 0.000000
vt -0.048703 4.286618 0.000000
vt -0.102891 4.477951 0.000000
vt -0.102891 4.573617 0.000000
vt -0.087973 4.477951 0.000000
vt -0.087973 4.573617 0.000000
vt -0.078540 4.477951 0.000000
vt -0.102891 4.669283 0.000000
vt -0.102891 5.147614 0.000000
vt -0.102891 5.243430 0.000000
vt -0.087973 5.147614 0.000000
vt -0.087973 5.243430 0.000000
vt -0.078540 5.147614 0.000000
vt -0.078540 5.243430 0.000000
vt -0.063621 5.147614 0.000000
vt -0.063621 5.243430 0.000000
vt -0.048703 5.147614 0.000000
vt -0.102891 5.339246 0.000000
vt -0.087973 5.339246 0.000000
vt -0.078540 5.339246 0.000000
vt -0.102891 5.530878 0.000000
vt -0.102891 5.435062 0.000000
vt -0.018866 3.903953 0.000000
vt -0.018866 4.764949 0.000000
vt -0.033785 4.764949 0.000000
vt -0.048703 4.764949 0.000000
vt -0.063621 4.764949 0.000000
vt -0.078540 4.764949 0.000000
vt -0.018866 5.243430 0.000000
vt -0.018866 5.339246 0.000000
vt -0.033785 5.339246 0.000000
vt -0.033785 5.435062 0.000000
vt -0.048703 5.435062 0.000000
vt -0.048703 5.530878 0.000000
vt -0.063621 5.530878 0.000000
vt -0.063621 5.626694 0.000000
vt -0.078540 5.626694 0.000000
vt -0.078540 5.722510 0.000000
vt -0.087973 5.722510 0.000000
vt -0.018866 5.530878 0.000000
vt -0.018866 5.626694 0.000000
vt -0.018866 5.722510 0.000000
vt -0.033785 5.722510 0.000000
vt -0.102891 6.009958 0.000000
vt -0.102891 6.105774 0.000000
vt -0.087973 6.009958 0.000000
vt -0.087973 6.105774 0.000000
vt -0.078540 6.009958 0.000000
vt -0.078540 6.105774 0.000000
vt -0.063621 6.009958 0.000000
vt -0.063621 6.105774 0.000000
vt -0.048703 6.009958 0.000000
vt -0.048703 6.105774 0.000000
vt -0.033785 6.009958 0.000000
vt -0.087973 6.201590 0.000000
vt -0.078540 6.201590 0.000000
vt -0.063621 6.201590 0.000000
vt -0.102891 6.479500 0.000000
vt -0.087973 6.479500 0.000000
vt -0.078540 6.479500 0.000000
vt -0.063621 6.479500 0.000000
vt -0.048703 6.479500 0.000000
vt -0.033785 6.479500 0.000000
vt -0.102891 6.757410 0.000000
vt -0.102891 6.664773 0.000000
vt -0.102891 6.572136 0.000000
vt -0.087973 6.572136 0.000000
vt -0.063621 7.501288 0.000000
vt -0.063621 7.476399 0.000000
vt -0.063621 7.426622 0.000000
vt -0.063621 7.327066 0.000000
vt -0.048703 7.501288 0.000000
vt -0.048703 7.476399 0.000000
vt -0.048703 7.426622 0.000000
vt -0.048703 7.327066 0.000000
vt -0.033785 7.501288 0.000000
vt -0.033785 7.476399 0.000000
vt -0.033785 7.426622 0.000000
vt -0.033785 7.327066 0.000000
vt -0.078540 6.572136 0.000000
vt -0.087973 6.664773 0.000000
vt -0.078540 6.664773 0.000000
vt -0.087973 6.757410 0.000000
vt -0.078540 6.757410 0.000000
vt -0.087973 6.850046 0.000000
vt -0.063621 6.572136 0.000000
vt -0.063621 6.664773 0.000000
vt -0.048703 6.572136 0.000000
vt -0.048703 5.626694 0.000000
vt -0.063621 5.722510 0.000000
vt -0.048703 5.722510 0.000000
vt -0.033785 5.626694 0.000000
vt -0.033785 5.530878 0.000000
vt -0.018866 5.435062 0.000000
vt -0.063621 3.712621 0.000000
vt -0.078540 3.808287 0.000000
vt -0.048703 3.616954 0.000000
vt -0.033785 3.521288 0.000000
vt -0.087973 3.903953 0.000000
vt -0.048703 1.799296 0.000000
vt -0.063621 1.894962 0.000000
vt -0.078540 1.990628 0.000000
vt -0.087973 2.086295 0.000000
vt -0.087973 0.847224 0.000000
vt -0.102891 0.847224 0.000000
vt -0.078540 0.847224 0.000000
vt -0.063621 0.847224 0.000000
vt -0.048703 0.847224 0.000000
vt -0.033785 1.035496 0.000000
vt -0.102891 1.225299 0.000000
vt -0.048703 6.850046 0.000000
vt -0.033785 6.850046 0.000000
vt -0.087973 5.435062 0.000000
vt -0.033785 4.669283 0.000000
vt -0.048703 4.669283 0.000000
vt -0.063621 4.669283 0.000000
vt -0.087973 5.051948 0.000000
vt -0.102891 5.051948 0.000000
vt -0.078540 5.051948 0.000000
vt -0.063621 5.051948 0.000000
vt -0.048703 5.051948 0.000000
vt -0.033785 5.051948 0.000000
vt -0.018866 4.382284 0.000000
vt -0.087973 4.382284 0.000000
vt -0.102891 4.382284 0.000000
vt -0.078540 4.382284 0.000000
vt -0.063621 4.382284 0.000000
vt -0.087973 3.521288 0.000000
vt -0.102891 3.521288 0.000000
vt -0.078540 3.521288 0.000000
vt -0.087973 2.947291 0.000000
vt -0.087973 2.851625 0.000000
vt -0.102891 2.851625 0.000000
vt -0.078540 2.947291 0.000000
vt -0.078540 2.851625 0.000000
vt -0.033785 2.947291 0.000000
vt -0.063621 2.851625 0.000000
vt -0.018866 2.086295 0.000000
vt -0.033785 2.181961 0.000000
vt -0.033785 2.086295 0.000000
vt -0.048703 2.181961 0.000000
vt -0.048703 2.086295 0.000000
vt -0.063621 2.181961 0.000000
vt -0.087973 2.373293 0.000000
vt -0.078540 2.373293 0.000000
vt -0.078540 2.277627 0.000000
vt -0.063621 2.373293 0.000000
vt -0.063621 2.277627 0.000000
vt -0.048703 2.373293 0.000000
vt -0.048703 2.277627 0.000000
vt -0.033785 2.277627 0.000000
vt -0.087973 1.416631 0.000000
vt -0.078540 1.416631 0.000000
vt -0.078540 1.320965 0.000000
vt -0.063621 1.416631 0.000000
vt -0.063621 1.320965 0.000000
vt -0.048703 1.416631 0.000000
vt -0.048703 1.320965 0.000000
vt -0.033785 1.416631 0.000000
vt -0.033785 1.320965 0.000000
vt -1.650273 -0.029452 0.000000
vt -1.601108 -0.058905 0.000000
vt -1.362281 -0.039270 0.000000
vt -0.994979 -0.058905 0.000000
vt -0.994979 -0.039270 0.000000
vt -1.362281 -0.019635 0.000000
vt -0.994979 -0.019635 0.000000
vt -1.362281 0.000000 0.000000
vt -0.994979 0.000000 0.000000
vt -1.362281 0.019635 0.000000
vt -0.994979 0.019635 0.000000
vt -1.362281 0.039270 0.000000
vt -0.994979 0.039270 0.000000
vt -0.994979 0.058905 0.000000
vt -1.729582 0.058905 0.000000
vt -1.728964 0.051542 0.000000
vt -1.727114 0.044179 0.000000
vt -1.724050 0.036816 0.000000
vt -1.719803 0.029452 0.000000
vt -1.707930 0.014726 0.000000
vt -1.691953 0.000000 0.000000
vt -1.207452 -0.025000 0.000000
vt -0.742260 -0.025000 0.000000
vt -1.207452 0.000000 0.000000
vt -0.742259 0.025000 0.000000
vt -1.207452 0.025000 0.000000
vt 0.000000 -0.025000 0.000000
vt -0.000000 0.025000 0.000000
vt -7.024157 0.000000 0.000000
vt -7.024222 -0.000633 0.000000
vt -7.024157 -0.025000 0.000000
vt -7.024409 -0.001242 0.000000
vt -7.024698 -0.001819 0.000000
vt -7.025064 -0.002353 0.000000
vt -7.025970 -0.003323 0.000000
vt -7.027067 -0.004204 0.000000
vt -7.032491 -0.007063 0.000000
vt -7.045336 -0.011067 0.000000
vt -7.073776 -0.016277 0.000000
vt -7.120813 -0.021149 0.000000
vt -7.234803 -0.025000 0.000000
vt 2.589875 1.003125 0.000000
vt 1.982003 0.809875 0.000000
vt 1.476350 -0.969093 0.000000
vt 1.415436 0.519526 0.000000
vt 0.876268 0.179672 0.000000
vt 2.280753 0.922949 0.000000
vt 0.348902 -0.178316 0.000000
vt 0.604145 -0.969093 0.000000
vt -0.189680 -0.521040 0.000000
vt -0.474554 -0.664332 0.000000
vt -0.774394 -0.772060 0.000000
vt -0.953318 -1.000240 0.000000
vt -1.401136 -0.895488 0.000000
vt -1.701773 -1.016158 0.000000
vt -2.033966 -0.979859 0.000000
vt -2.427232 -1.032340 0.000000
vt -0.039269 4.513734 0.000000
vt -0.035760 4.845266 0.000000
vt -0.039209 5.150977 0.000000
vt -0.035760 4.936336 0.000000
vt -0.035760 5.027406 0.000000
vt -0.032250 4.936336 0.000000
vt -0.032250 5.027406 0.000000
vt -0.028741 4.936336 0.000000
vt -0.028741 5.027406 0.000000
vt -0.025231 4.936336 0.000000
vt -0.025231 5.027406 0.000000
vt -0.019635 4.936336 0.000000
vt -0.019635 5.027406 0.000000
vt -0.016125 4.936336 0.000000
vt -0.016125 5.027406 0.000000
vt -0.012616 4.936336 0.000000
vt -0.012616 5.027406 0.000000
vt -0.009106 4.936336 0.000000
vt -0.009106 5.027406 0.000000
vt -0.005596 4.936336 0.000000
vt -0.005596 5.027406 0.000000
vt -0.000000 5.754986 0.000000
vt -0.005596 5.118476 0.000000
vt -0.005596 5.209546 0.000000
vt -0.009106 5.209546 0.000000
vt -0.009106 5.300616 0.000000
vt -0.012616 5.300616 0.000000
vt -0.012616 5.391687 0.000000
vt -0.016125 5.391687 0.000000
vt -0.016125 5.482757 0.000000
vt -0.019635 5.482757 0.000000
vt -0.019635 5.573827 0.000000
vt -0.025231 5.573827 0.000000
vt -0.024253 5.667128 0.000000
vt -0.028741 5.573827 0.000000
vt -0.032250 5.573827 0.000000
vt -0.028741 5.482757 0.000000
vt -0.032250 5.482757 0.000000
vt -0.028741 5.391687 0.000000
vt -0.032250 5.391687 0.000000
vt -0.028741 5.300616 0.000000
vt -0.032250 5.300616 0.000000
vt -0.028741 5.209546 0.000000
vt -0.032250 5.209546 0.000000
vt -0.028741 5.118476 0.000000
vt -0.032250 5.118476 0.000000
vt -0.039270 3.876469 0.000000
vt -0.035760 4.213065 0.000000
vt -0.035760 4.303253 0.000000
vt -0.035760 4.393442 0.000000
vt -0.032250 4.303253 0.000000
vt -0.032250 4.393442 0.000000
vt -0.028741 4.303253 0.000000
vt -0.028741 4.393442 0.000000
vt -0.025231 4.303253 0.000000
vt -0.025231 4.393442 0.000000
vt -0.019635 4.303253 0.000000
vt -0.019635 4.393442 0.000000
vt -0.016125 4.303253 0.000000
vt -0.016125 4.393442 0.000000
vt -0.012616 4.303253 0.000000
vt -0.012616 4.393442 0.000000
vt -0.009106 4.303253 0.000000
vt -0.009106 4.393442 0.000000
vt -0.005596 4.303253 0.000000
vt -0.005596 4.393442 0.000000
vt -0.000000 4.329458 0.000000
vt -0.005596 4.483630 0.000000
vt -0.005596 4.573819 0.000000
vt -0.009106 4.573819 0.000000
vt -0.009106 4.664007 0.000000
vt -0.012616 4.664007 0.000000
vt -0.012616 4.754196 0.000000
vt -0.016125 4.754196 0.000000
vt -0.016125 4.845266 0.000000
vt -0.019635 4.845266 0.000000
vt -0.039270 3.557836 0.000000
vt -0.035760 3.758822 0.000000
vt -0.035760 3.849835 0.000000
vt -0.035760 3.940849 0.000000
vt -0.032250 3.849835 0.000000
vt -0.032250 3.940849 0.000000
vt -0.028741 3.849835 0.000000
vt -0.028741 3.940849 0.000000
vt -0.025231 3.849835 0.000000
vt -0.025231 3.940849 0.000000
vt -0.019635 3.849835 0.000000
vt -0.019635 3.940849 0.000000
vt -0.016125 3.849835 0.000000
vt -0.016125 3.940849 0.000000
vt -0.012616 3.849835 0.000000
vt -0.012616 3.940849 0.000000
vt -0.009106 3.849835 0.000000
vt -0.009106 3.940849 0.000000
vt -0.005596 3.849835 0.000000
vt -0.005596 3.940849 0.000000
vt -0.000000 3.973076 0.000000
vt -0.005596 4.031863 0.000000
vt -0.005596 4.122876 0.000000
vt -0.009106 4.122876 0.000000
vt -0.009106 4.213065 0.000000
vt -0.012616 4.213065 0.000000
vt -0.039270 3.239203 0.000000
vt -0.035760 3.405764 0.000000
vt -0.035760 3.491279 0.000000
vt -0.035760 3.576794 0.000000
vt -0.032250 3.491279 0.000000
vt -0.032250 3.576794 0.000000
vt -0.028741 3.491279 0.000000
vt -0.028741 3.576794 0.000000
vt -0.025231 3.491279 0.000000
vt -0.025231 3.576794 0.000000
vt -0.019635 3.491279 0.000000
vt -0.019635 3.576794 0.000000
vt -0.016125 3.491279 0.000000
vt -0.016125 3.576794 0.000000
vt -0.012616 3.491279 0.000000
vt -0.012616 3.576794 0.000000
vt -0.009106 3.491279 0.000000
vt -0.009106 3.576794 0.000000
vt -0.005596 3.491279 0.000000
vt -0.005596 3.576794 0.000000
vt -0.000000 3.616694 0.000000
vt -0.005596 3.667808 0.000000
vt -0.005596 3.758822 0.000000
vt -0.009106 3.758822 0.000000
vt -0.039270 2.601937 0.000000
vt -0.035760 2.978190 0.000000
vt -0.035760 3.063705 0.000000
vt -0.035760 3.149220 0.000000
vt -0.032250 3.063705 0.000000
vt -0.032250 3.149220 0.000000
vt -0.028741 3.063705 0.000000
vt -0.028741 3.149220 0.000000
vt -0.025231 3.063705 0.000000
vt -0.025231 3.149220 0.000000
vt -0.019635 3.063705 0.000000
vt -0.019635 3.149220 0.000000
vt -0.016125 3.063705 0.000000
vt -0.016125 3.149220 0.000000
vt -0.012616 3.063705 0.000000
vt -0.012616 3.149220 0.000000
vt -0.009106 3.063705 0.000000
vt -0.009106 3.149220 0.000000
vt -0.005596 3.063705 0.000000
vt -0.005596 3.149220 0.000000
vt -0.000000 3.260312 0.000000
vt -0.005596 3.234735 0.000000
vt -0.005596 3.320250 0.000000
vt -0.009106 3.320250 0.000000
vt -0.009106 3.405764 0.000000
vt -0.012616 3.405764 0.000000
vt -0.039270 1.964671 0.000000
vt -0.035760 2.301304 0.000000
vt -0.035760 2.390586 0.000000
vt -0.035760 2.491004 0.000000
vt -0.032250 2.390586 0.000000
vt -0.032250 2.491004 0.000000
vt -0.028741 2.390586 0.000000
vt -0.028741 2.491004 0.000000
vt -0.025231 2.390586 0.000000
vt -0.025231 2.491004 0.000000
vt -0.019635 2.390586 0.000000
vt -0.019635 2.491004 0.000000
vt -0.016125 2.390586 0.000000
vt -0.016125 2.491004 0.000000
vt -0.012616 2.390586 0.000000
vt -0.012616 2.491004 0.000000
vt -0.009106 2.390586 0.000000
vt -0.009106 2.491004 0.000000
vt -0.005596 2.390586 0.000000
vt -0.005596 2.491004 0.000000
vt -0.000000 2.903929 0.000000
vt -0.005596 2.591422 0.000000
vt -0.005596 2.691839 0.000000
vt -0.009106 2.691839 0.000000
vt -0.009106 2.792257 0.000000
vt -0.012616 2.792257 0.000000
vt -0.012616 2.892675 0.000000
vt -0.016125 2.892675 0.000000
vt -0.016125 2.978190 0.000000
vt -0.019635 2.978190 0.000000
vt -0.039270 1.327405 0.000000
vt -0.035760 1.676329 0.000000
vt -0.035760 1.765611 0.000000
vt -0.035760 1.854894 0.000000
vt -0.032250 1.765611 0.000000
vt -0.032250 1.854894 0.000000
vt -0.028741 1.765611 0.000000
vt -0.028741 1.854894 0.000000
vt -0.025231 1.765611 0.000000
vt -0.025231 1.854894 0.000000
vt -0.019635 1.765611 0.000000
vt -0.019635 1.854894 0.000000
vt -0.016125 1.765611 0.000000
vt -0.016125 1.854894 0.000000
vt -0.012616 1.765611 0.000000
vt -0.012616 1.854894 0.000000
vt -0.009106 1.765611 0.000000
vt -0.009106 1.854894 0.000000
vt -0.005596 1.765611 0.000000
vt -0.005596 1.854894 0.000000
vt -0.000000 1.478401 0.000000
vt -0.005596 1.944176 0.000000
vt -0.005596 2.033458 0.000000
vt -0.009106 2.033458 0.000000
vt -0.009106 2.122740 0.000000
vt -0.012616 2.122740 0.000000
vt -0.012616 2.212022 0.000000
vt -0.016125 2.212022 0.000000
vt -0.016125 2.301304 0.000000
vt -0.019635 2.301304 0.000000
vt -0.039270 0.690139 0.000000
vt -0.035760 1.011731 0.000000
vt -0.035760 1.107617 0.000000
vt -0.035760 1.203503 0.000000
vt -0.032250 1.107617 0.000000
vt -0.032250 1.203503 0.000000
vt -0.028741 1.107617 0.000000
vt -0.028741 1.203503 0.000000
vt -0.025231 1.107617 0.000000
vt -0.025231 1.203503 0.000000
vt -0.019635 1.107617 0.000000
vt -0.019635 1.203503 0.000000
vt -0.016125 1.107617 0.000000
vt -0.016125 1.203503 0.000000
vt -0.012616 1.107617 0.000000
vt -0.012616 1.203503 0.000000
vt -0.009106 1.107617 0.000000
vt -0.009106 1.203503 0.000000
vt -0.005596 1.107617 0.000000
vt -0.005596 1.203503 0.000000
vt -0.000000 1.122019 0.000000
vt -0.005596 1.299389 0.000000
vt -0.005596 1.395275 0.000000
vt -0.005596 1.491161 0.000000
vt -0.009106 1.491161 0.000000
vt -0.009106 1.587047 0.000000
vt -0.012616 1.587047 0.000000
vt -0.012616 1.676329 0.000000
vt -0.016125 1.676329 0.000000
vt -0.039265 0.371505 0.000000
vt -0.035760 0.532300 0.000000
vt -0.035760 0.628186 0.000000
vt -0.035760 0.724072 0.000000
vt -0.032250 0.628186 0.000000
vt -0.032250 0.724072 0.000000
vt -0.028741 0.628186 0.000000
vt -0.028741 0.724072 0.000000
vt -0.025231 0.628186 0.000000
vt -0.025231 0.724072 0.000000
vt -0.019635 0.628186 0.000000
vt -0.019635 0.724072 0.000000
vt -0.016125 0.628186 0.000000
vt -0.016125 0.724072 0.000000
vt -0.012616 0.628186 0.000000
vt -0.012616 0.724072 0.000000
vt -0.009106 0.628186 0.000000
vt -0.009106 0.724072 0.000000
vt -0.005596 0.628186 0.000000
vt -0.005596 0.724072 0.000000
vt -0.000000 0.765637 0.000000
vt -0.005596 0.819958 0.000000
vt -0.005596 0.915844 0.000000
vt -0.009106 0.915844 0.000000
vt -0.009106 1.011731 0.000000
vt -0.012616 1.011731 0.000000
vt -0.039265 0.052872 0.000000
vt -0.035760 0.244641 0.000000
vt -0.035760 0.340528 0.000000
vt -0.035760 0.436414 0.000000
vt -0.032250 0.340528 0.000000
vt -0.032250 0.436414 0.000000
vt -0.028741 0.340528 0.000000
vt -0.028741 0.436414 0.000000
vt -0.025231 0.340528 0.000000
vt -0.025231 0.436414 0.000000
vt -0.019635 0.340528 0.000000
vt -0.019635 0.436414 0.000000
vt -0.016125 0.340528 0.000000
vt -0.016125 0.436414 0.000000
vt -0.012616 0.340528 0.000000
vt -0.012616 0.436414 0.000000
vt -0.009106 0.340528 0.000000
vt -0.009106 0.436414 0.000000
vt -0.005596 0.340528 0.000000
vt -0.005596 0.436414 0.000000
vt -0.000000 0.409254 0.000000
vt -0.005596 0.532300 0.000000
vt -0.035760 0.148755 0.000000
vt -0.032722 0.052870 0.000000
vt -0.032250 0.148755 0.000000
vt -0.028741 0.148755 0.000000
vt -0.032250 0.244641 0.000000
vt -0.028741 0.244641 0.000000
vt -0.026186 0.052869 0.000000
vt -0.025231 0.148755 0.000000
vt -0.025231 0.244641 0.000000
vt -0.019631 0.052872 0.000000
vt -0.019635 0.148755 0.000000
vt -0.019635 0.244641 0.000000
vt -0.016125 0.148755 0.000000
vt -0.013077 0.052881 0.000000
vt -0.012616 0.148755 0.000000
vt -0.009106 0.148755 0.000000
vt -0.012616 0.244641 0.000000
vt -0.009106 0.244641 0.000000
vt -0.006542 0.052885 0.000000
vt -0.005596 0.148755 0.000000
vt -0.005596 0.244641 0.000000
vt -0.000000 0.052873 0.000000
vt -0.005596 1.011731 0.000000
vt -0.005596 2.122740 0.000000
vt -0.009106 2.212022 0.000000
vt -0.012616 2.301304 0.000000
vt -0.005596 2.978190 0.000000
vt -0.005596 2.892675 0.000000
vt -0.009106 2.978190 0.000000
vt -0.009106 2.892675 0.000000
vt -0.012616 2.978190 0.000000
vt -0.005596 3.405764 0.000000
vt -0.005596 4.213065 0.000000
vt -0.005596 4.845266 0.000000
vt -0.005596 4.754196 0.000000
vt -0.005596 4.664007 0.000000
vt -0.009106 4.754196 0.000000
vt -0.000000 5.755967 0.000000
vt -0.000590 5.755911 0.000000
vt -0.001161 5.755750 0.000000
vt -0.001705 5.755500 0.000000
vt -0.002214 5.755179 0.000000
vt -0.003130 5.754393 0.000000
vt -0.005596 5.664897 0.000000
vt -0.003948 5.753465 0.000000
vt -0.006537 5.749120 0.000000
vt -0.009106 5.664897 0.000000
vt -0.010411 5.738701 0.000000
vt -0.012616 5.664897 0.000000
vt -0.016355 5.714076 0.000000
vt -0.016125 5.664897 0.000000
vt -0.019635 5.664897 0.000000
vt -0.016125 5.573827 0.000000
vt -0.035760 5.573827 0.000000
vt -0.039270 5.547162 0.000000
vt -0.035760 5.482757 0.000000
vt -0.035760 5.391687 0.000000
vt -0.035760 5.300616 0.000000
vt -0.032250 0.532300 0.000000
vt -0.028741 0.532300 0.000000
vt -0.025231 0.532300 0.000000
vt -0.019635 0.532300 0.000000
vt -0.016125 0.532300 0.000000
vt -0.012616 0.532300 0.000000
vt -0.009106 0.532300 0.000000
vt -0.035760 0.819958 0.000000
vt -0.032250 0.819958 0.000000
vt -0.028741 0.819958 0.000000
vt -0.025231 0.819958 0.000000
vt -0.019635 0.819958 0.000000
vt -0.016125 0.819958 0.000000
vt -0.012616 0.819958 0.000000
vt -0.009106 0.819958 0.000000
vt -0.035760 1.491161 0.000000
vt -0.035760 1.395275 0.000000
vt -0.035760 1.299389 0.000000
vt -0.032250 1.299389 0.000000
vt -0.035760 2.122740 0.000000
vt -0.035760 2.033458 0.000000
vt -0.035760 1.944176 0.000000
vt -0.032250 1.944176 0.000000
vt -0.005596 1.587047 0.000000
vt -0.005596 1.676329 0.000000
vt -0.005596 2.212022 0.000000
vt -0.005596 2.301304 0.000000
vt -0.035760 2.792257 0.000000
vt -0.035760 2.691839 0.000000
vt -0.035760 2.591422 0.000000
vt -0.032250 2.591422 0.000000
vt -0.005596 2.792257 0.000000
vt -0.035760 3.320250 0.000000
vt -0.035760 3.234735 0.000000
vt -0.032250 3.234735 0.000000
vt -0.035760 3.667808 0.000000
vt -0.032250 3.667808 0.000000
vt -0.028741 3.667808 0.000000
vt -0.025231 3.667808 0.000000
vt -0.019635 3.667808 0.000000
vt -0.016125 3.667808 0.000000
vt -0.012616 3.667808 0.000000
vt -0.009106 3.667808 0.000000
vt -0.035760 4.031863 0.000000
vt -0.032250 4.031863 0.000000
vt -0.028741 4.031863 0.000000
vt -0.025231 4.031863 0.000000
vt -0.019635 4.031863 0.000000
vt -0.016125 4.031863 0.000000
vt -0.012616 4.031863 0.000000
vt -0.009106 4.031863 0.000000
vt -0.035760 4.664007 0.000000
vt -0.035760 4.573819 0.000000
vt -0.035760 4.483630 0.000000
vt -0.032250 4.483630 0.000000
vt -0.035760 5.209546 0.000000
vt -0.035760 5.118476 0.000000
vt -0.009106 4.845266 0.000000
vt -0.012616 4.845266 0.000000
vt -0.005596 5.300616 0.000000
vt -0.005596 5.391687 0.000000
vt -0.009106 5.391687 0.000000
vt -0.009106 5.482757 0.000000
vt -0.012616 5.482757 0.000000
vt -0.012616 5.573827 0.000000
vt -0.005596 5.573827 0.000000
vt -0.009106 5.573827 0.000000
vt -0.025231 5.118476 0.000000
vt -0.025231 5.209546 0.000000
vt -0.025231 5.300616 0.000000
vt -0.025231 5.391687 0.000000
vt -0.025231 5.482757 0.000000
vt -0.019635 5.118476 0.000000
vt -0.019635 5.209546 0.000000
vt -0.019635 5.300616 0.000000
vt -0.019635 5.391687 0.000000
vt -0.016125 5.118476 0.000000
vt -0.016125 5.209546 0.000000
vt -0.016125 5.300616 0.000000
vt -0.012616 5.118476 0.000000
vt -0.012616 5.209546 0.000000
vt -0.009106 5.118476 0.000000
vt -0.028741 4.483630 0.000000
vt -0.032250 4.573819 0.000000
vt -0.028741 4.573819 0.000000
vt -0.032250 4.664007 0.000000
vt -0.028741 4.664007 0.000000
vt -0.032250 4.754196 0.000000
vt -0.028741 4.754196 0.000000
vt -0.032250 4.845266 0.000000
vt -0.028741 4.845266 0.000000
vt -0.025231 4.483630 0.000000
vt -0.025231 4.573819 0.000000
vt -0.025231 4.664007 0.000000
vt -0.025231 4.754196 0.000000
vt -0.025231 4.845266 0.000000
vt -0.019635 4.483630 0.000000
vt -0.016125 4.483630 0.000000
vt -0.012616 4.483630 0.000000
vt -0.009106 4.483630 0.000000
vt -0.019635 4.573819 0.000000
vt -0.019635 4.664007 0.000000
vt -0.019635 4.754196 0.000000
vt -0.016125 4.573819 0.000000
vt -0.016125 4.664007 0.000000
vt -0.012616 4.573819 0.000000
vt -0.035760 4.754196 0.000000
vt -0.032250 3.758822 0.000000
vt -0.028741 3.758822 0.000000
vt -0.025231 3.758822 0.000000
vt -0.019635 3.758822 0.000000
vt -0.016125 3.758822 0.000000
vt -0.012616 3.758822 0.000000
vt -0.035760 4.122876 0.000000
vt -0.032250 4.122876 0.000000
vt -0.028741 4.122876 0.000000
vt -0.025231 4.122876 0.000000
vt -0.019635 4.122876 0.000000
vt -0.016125 4.122876 0.000000
vt -0.012616 4.122876 0.000000
vt -0.032250 3.405764 0.000000
vt -0.032250 3.320250 0.000000
vt -0.028741 3.405764 0.000000
vt -0.028741 3.320250 0.000000
vt -0.028741 3.234735 0.000000
vt -0.025231 3.405764 0.000000
vt -0.025231 3.320250 0.000000
vt -0.025231 3.234735 0.000000
vt -0.019635 3.405764 0.000000
vt -0.019635 3.320250 0.000000
vt -0.019635 3.234735 0.000000
vt -0.016125 3.405764 0.000000
vt -0.016125 3.320250 0.000000
vt -0.016125 3.234735 0.000000
vt -0.012616 3.234735 0.000000
vt -0.012616 3.320250 0.000000
vt -0.009106 3.234735 0.000000
vt -0.028741 2.591422 0.000000
vt -0.032250 2.691839 0.000000
vt -0.028741 2.691839 0.000000
vt -0.032250 2.792257 0.000000
vt -0.028741 2.792257 0.000000
vt -0.032250 2.892675 0.000000
vt -0.028741 2.892675 0.000000
vt -0.032250 2.978190 0.000000
vt -0.028741 2.978190 0.000000
vt -0.025231 2.591422 0.000000
vt -0.025231 2.691839 0.000000
vt -0.025231 2.792257 0.000000
vt -0.025231 2.892675 0.000000
vt -0.025231 2.978190 0.000000
vt -0.019635 2.591422 0.000000
vt -0.016125 2.591422 0.000000
vt -0.012616 2.591422 0.000000
vt -0.009106 2.591422 0.000000
vt -0.019635 2.691839 0.000000
vt -0.019635 2.792257 0.000000
vt -0.019635 2.892675 0.000000
vt -0.016125 2.691839 0.000000
vt -0.016125 2.792257 0.000000
vt -0.012616 2.691839 0.000000
vt -0.035760 2.892675 0.000000
vt -0.028741 1.944176 0.000000
vt -0.032250 2.033458 0.000000
vt -0.028741 2.033458 0.000000
vt -0.032250 2.122740 0.000000
vt -0.028741 2.122740 0.000000
vt -0.032250 2.212022 0.000000
vt -0.028741 2.212022 0.000000
vt -0.032250 2.301304 0.000000
vt -0.028741 2.301304 0.000000
vt -0.025231 1.944176 0.000000
vt -0.025231 2.033458 0.000000
vt -0.025231 2.122740 0.000000
vt -0.025231 2.212022 0.000000
vt -0.025231 2.301304 0.000000
vt -0.019635 1.944176 0.000000
vt -0.016125 1.944176 0.000000
vt -0.012616 1.944176 0.000000
vt -0.009106 1.944176 0.000000
vt -0.019635 2.033458 0.000000
vt -0.019635 2.122740 0.000000
vt -0.019635 2.212022 0.000000
vt -0.016125 2.033458 0.000000
vt -0.016125 2.122740 0.000000
vt -0.012616 2.033458 0.000000
vt -0.035760 2.212022 0.000000
vt -0.028741 1.299389 0.000000
vt -0.032250 1.395275 0.000000
vt -0.028741 1.395275 0.000000
vt -0.032250 1.491161 0.000000
vt -0.028741 1.491161 0.000000
vt -0.032250 1.587047 0.000000
vt -0.028741 1.587047 0.000000
vt -0.032250 1.676329 0.000000
vt -0.028741 1.676329 0.000000
vt -0.025231 1.299389 0.000000
vt -0.025231 1.395275 0.000000
vt -0.025231 1.491161 0.000000
vt -0.025231 1.587047 0.000000
vt -0.025231 1.676329 0.000000
vt -0.019635 1.299389 0.000000
vt -0.016125 1.299389 0.000000
vt -0.012616 1.299389 0.000000
vt -0.009106 1.299389 0.000000
vt -0.019635 1.395275 0.000000
vt -0.019635 1.491161 0.000000
vt -0.019635 1.587047 0.000000
vt -0.019635 1.676329 0.000000
vt -0.016125 1.395275 0.000000
vt -0.016125 1.491161 0.000000
vt -0.016125 1.587047 0.000000
vt -0.012616 1.395275 0.000000
vt -0.012616 1.491161 0.000000
vt -0.009106 1.395275 0.000000
vt -0.035760 1.587047 0.000000
vt -0.035760 0.915844 0.000000
vt -0.032250 0.915844 0.000000
vt -0.028741 0.915844 0.000000
vt -0.025231 0.915844 0.000000
vt -0.019635 0.915844 0.000000
vt -0.016125 0.915844 0.000000
vt -0.012616 0.915844 0.000000
vt -0.016125 0.244641 0.000000
vt -0.032250 1.011731 0.000000
vt -0.028741 1.011731 0.000000
vt -0.025231 1.011731 0.000000
vt -0.019635 1.011731 0.000000
vt -0.016125 1.011731 0.000000
vt -0.032250 4.213065 0.000000
vt -0.028741 4.213065 0.000000
vt -0.025231 4.213065 0.000000
vt -0.019635 4.213065 0.000000
vt -0.016125 4.213065 0.000000
vt -0.005596 5.482757 0.000000
vt -0.009106 1.676329 0.000000
vt -0.009106 2.301304 0.000000
vt -0.031211 -0.013271 0.000000
vt -0.032755 -0.016957 0.000000
vt -0.034513 -0.033914 0.000000
vt -0.039270 -0.028262 0.000000
vt -0.032755 -0.011305 0.000000
vt -0.025418 -0.006835 0.000000
vt -0.032755 -0.005652 0.000000
vt -0.026240 -0.005652 0.000000
vt -0.026240 -0.000010 0.000000
vt -0.019725 -0.000015 0.000000
vt -0.019725 0.005652 0.000000
vt -0.013210 0.005652 0.000000
vt -0.019725 0.011305 0.000000
vt -0.013210 0.011305 0.000000
vt -0.019725 0.016957 0.000000
vt -0.013210 0.016957 0.000000
vt -0.019725 0.022609 0.000000
vt -0.013210 0.022609 0.000000
vt -0.019725 0.028262 0.000000
vt -0.013210 0.028262 0.000000
vt -0.019725 0.033914 0.000000
vt -0.013210 0.033914 0.000000
vt -0.019725 0.039566 0.000000
vt -0.013210 0.039566 0.000000
vt -0.019725 0.045219 0.000000
vt -0.013210 0.045219 0.000000
vt -0.019725 0.050871 0.000000
vt -0.013210 0.050871 0.000000
vt -0.019725 0.056523 0.000000
vt -0.013210 0.056523 0.000000
vt -0.019725 0.062176 0.000000
vt -0.013210 0.062176 0.000000
vt -0.019725 0.067828 0.000000
vt -0.013210 0.067828 0.000000
vt -0.019725 -0.067828 0.000000
vt -0.013210 -0.067828 0.000000
vt -0.019188 -0.063792 0.000000
vt -0.012830 -0.065480 0.000000
vt -0.006695 -0.067828 0.000000
vt -0.006424 -0.066735 0.000000
vt -0.000180 -0.067828 0.000000
vt -0.000000 -0.067828 0.000000
vt -0.000000 0.067828 0.000000
vt -0.000180 0.067828 0.000000
vt -0.000180 0.062176 0.000000
vt 0.003190 0.062879 0.000000
vt -0.000180 0.056523 0.000000
vt 0.006209 0.057770 0.000000
vt 0.006335 0.056523 0.000000
vt 0.008877 0.052360 0.000000
vt 0.006335 0.050871 0.000000
vt 0.010996 0.046555 0.000000
vt 0.006335 0.045219 0.000000
vt 0.012371 0.040359 0.000000
vt 0.006335 0.039566 0.000000
vt 0.012850 0.033914 0.000000
vt 0.006335 0.033914 0.000000
vt 0.006335 0.028262 0.000000
vt -0.000180 0.033914 0.000000
vt -0.000180 0.028262 0.000000
vt -0.006695 0.033914 0.000000
vt -0.006695 0.028262 0.000000
vt -0.019188 -0.004036 0.000000
vt -0.013210 -0.000020 0.000000
vt -0.012830 -0.002348 0.000000
vt -0.006695 -0.000026 0.000000
vt -0.006424 -0.001093 0.000000
vt -0.000000 0.000000 0.000000
vt -0.000180 0.005652 0.000000
vt 0.003190 0.004949 0.000000
vt -0.000180 0.011305 0.000000
vt 0.006209 0.010058 0.000000
vt 0.006335 0.011305 0.000000
vt 0.008877 0.015468 0.000000
vt 0.006335 0.016957 0.000000
vt 0.010996 0.021273 0.000000
vt 0.006335 0.022609 0.000000
vt 0.012371 0.027469 0.000000
vt -0.025418 -0.060993 0.000000
vt -0.026240 -0.067828 0.000000
vt -0.026240 0.067828 0.000000
vt -0.026240 0.062176 0.000000
vt -0.026240 0.056523 0.000000
vt -0.026240 0.050871 0.000000
vt -0.026240 0.045219 0.000000
vt -0.026240 0.039566 0.000000
vt -0.026240 0.033914 0.000000
vt -0.026240 0.028262 0.000000
vt -0.026240 0.022609 0.000000
vt -0.026240 0.016957 0.000000
vt -0.026240 0.011305 0.000000
vt -0.026240 0.005652 0.000000
vt -0.032755 -0.000005 0.000000
vt -0.039270 -0.005652 0.000000
vt -0.026240 -0.062176 0.000000
vt -0.031211 -0.054557 0.000000
vt -0.032755 -0.062176 0.000000
vt -0.032755 -0.056523 0.000000
vt -0.039270 -0.056523 0.000000
vt -0.032755 -0.050871 0.000000
vt -0.039270 -0.045219 0.000000
vt -0.032755 0.067828 0.000000
vt -0.039270 0.067828 0.000000
vt -0.032755 0.062176 0.000000
vt -0.039270 0.062176 0.000000
vt -0.032755 0.056523 0.000000
vt -0.039270 0.056523 0.000000
vt -0.032755 0.050871 0.000000
vt -0.039270 0.050871 0.000000
vt -0.032755 0.045219 0.000000
vt -0.039270 0.045219 0.000000
vt -0.032755 0.039566 0.000000
vt -0.039270 0.039566 0.000000
vt -0.032755 0.033914 0.000000
vt -0.039270 0.033914 0.000000
vt -0.032755 0.028262 0.000000
vt -0.039270 0.028262 0.000000
vt -0.032755 0.022609 0.000000
vt -0.032755 0.016957 0.000000
vt -0.039270 0.016957 0.000000
vt -0.032755 0.011305 0.000000
vt -0.039270 0.011305 0.000000
vt -0.032755 0.005652 0.000000
vt -0.039270 0.005652 0.000000
vt -0.039270 -0.011305 0.000000
vt -0.039270 -0.050871 0.000000
vt -0.039270 -0.062176 0.000000
vt -0.032755 -0.067828 0.000000
vt -0.006695 0.067828 0.000000
vt -0.006695 0.062176 0.000000
vt -0.006695 0.056523 0.000000
vt -0.000180 0.050871 0.000000
vt -0.006695 0.050871 0.000000
vt -0.000180 0.045219 0.000000
vt -0.006695 0.045219 0.000000
vt -0.000180 0.039566 0.000000
vt -0.006695 0.039566 0.000000
vt -0.039270 0.022609 0.000000
vt -0.006695 0.005652 0.000000
vt -0.006695 0.011305 0.000000
vt -0.006695 0.016957 0.000000
vt -0.000180 0.016957 0.000000
vt -0.006695 0.022609 0.000000
vt -0.000180 0.022609 0.000000
vt -0.000000 1.426509 0.000000
vt -0.005596 0.734507 0.000000
vt -0.000000 0.000981 0.000000
vt -0.005596 0.642693 0.000000
vt -0.005596 0.550880 0.000000
vt -0.009106 0.642693 0.000000
vt -0.009106 0.550880 0.000000
vt -0.012616 0.642693 0.000000
vt -0.012616 0.550880 0.000000
vt -0.016125 0.642693 0.000000
vt -0.016125 0.550880 0.000000
vt -0.019635 0.642693 0.000000
vt -0.019635 0.550880 0.000000
vt -0.025231 0.642693 0.000000
vt -0.025231 0.550880 0.000000
vt -0.028741 0.642693 0.000000
vt -0.028741 0.550880 0.000000
vt -0.032251 0.642693 0.000000
vt -0.032251 0.550880 0.000000
vt -0.035760 0.642693 0.000000
vt -0.035760 0.550880 0.000000
vt -0.039209 0.604990 0.000000
vt -0.035760 0.459067 0.000000
vt -0.035760 0.367253 0.000000
vt -0.032251 0.367253 0.000000
vt -0.032251 0.275440 0.000000
vt -0.028741 0.275440 0.000000
vt -0.028741 0.183627 0.000000
vt -0.025231 0.183627 0.000000
vt -0.025209 0.095444 0.000000
vt -0.019635 0.183627 0.000000
vt -0.019635 0.091813 0.000000
vt -0.016125 0.091813 0.000000
vt -0.017720 0.048915 0.000000
vt -0.011455 0.020858 0.000000
vt -0.000000 1.782891 0.000000
vt -0.005596 1.633090 0.000000
vt -0.005596 1.542076 0.000000
vt -0.005596 1.451063 0.000000
vt -0.009106 1.542076 0.000000
vt -0.009106 1.451063 0.000000
vt -0.012616 1.542076 0.000000
vt -0.012616 1.451063 0.000000
vt -0.016125 1.542076 0.000000
vt -0.016125 1.451063 0.000000
vt -0.019635 1.542076 0.000000
vt -0.019635 1.451063 0.000000
vt -0.025231 1.542076 0.000000
vt -0.025231 1.451063 0.000000
vt -0.028741 1.542076 0.000000
vt -0.028741 1.451063 0.000000
vt -0.032251 1.542076 0.000000
vt -0.032251 1.451063 0.000000
vt -0.035760 1.542076 0.000000
vt -0.035760 1.451063 0.000000
vt -0.039269 1.242232 0.000000
vt -0.035760 1.361493 0.000000
vt -0.035760 1.271924 0.000000
vt -0.032251 1.271924 0.000000
vt -0.032251 1.182354 0.000000
vt -0.028741 1.182354 0.000000
vt -0.028741 1.092785 0.000000
vt -0.025231 1.092785 0.000000
vt -0.025231 1.003215 0.000000
vt -0.019635 1.003215 0.000000
vt -0.019635 0.913646 0.000000
vt -0.016125 0.913646 0.000000
vt -0.016125 0.824076 0.000000
vt -0.012616 0.824076 0.000000
vt -0.012616 0.734507 0.000000
vt -0.009106 0.734507 0.000000
vt -0.000000 2.139273 0.000000
vt -0.005596 1.997145 0.000000
vt -0.005596 1.906131 0.000000
vt -0.005596 1.815118 0.000000
vt -0.009106 1.906131 0.000000
vt -0.009106 1.815118 0.000000
vt -0.012616 1.906131 0.000000
vt -0.012616 1.815118 0.000000
vt -0.016125 1.906131 0.000000
vt -0.016125 1.815118 0.000000
vt -0.019635 1.906131 0.000000
vt -0.019635 1.815118 0.000000
vt -0.025231 1.906131 0.000000
vt -0.025231 1.815118 0.000000
vt -0.028741 1.906131 0.000000
vt -0.028741 1.815118 0.000000
vt -0.032251 1.906131 0.000000
vt -0.032251 1.815118 0.000000
vt -0.035760 1.906131 0.000000
vt -0.035760 1.815118 0.000000
vt -0.039270 1.879498 0.000000
vt -0.035760 1.724104 0.000000
vt -0.035760 1.633090 0.000000
vt -0.032251 1.633090 0.000000
vt -0.000000 2.495655 0.000000
vt -0.005596 2.350202 0.000000
vt -0.005596 2.264687 0.000000
vt -0.005596 2.179173 0.000000
vt -0.009106 2.264687 0.000000
vt -0.009106 2.179173 0.000000
vt -0.012616 2.264687 0.000000
vt -0.012616 2.179173 0.000000
vt -0.016125 2.264687 0.000000
vt -0.016125 2.179173 0.000000
vt -0.019635 2.264687 0.000000
vt -0.019635 2.179173 0.000000
vt -0.025231 2.264687 0.000000
vt -0.025231 2.179173 0.000000
vt -0.028741 2.264687 0.000000
vt -0.028741 2.179173 0.000000
vt -0.032251 2.264687 0.000000
vt -0.032251 2.179173 0.000000
vt -0.035760 2.264687 0.000000
vt -0.035760 2.179173 0.000000
vt -0.039270 2.198131 0.000000
vt -0.035760 2.088159 0.000000
vt -0.035760 1.997145 0.000000
vt -0.032251 1.997145 0.000000
vt -0.000000 2.852037 0.000000
vt -0.005596 2.692262 0.000000
vt -0.005596 2.606747 0.000000
vt -0.005596 2.521232 0.000000
vt -0.009106 2.606747 0.000000
vt -0.009106 2.521232 0.000000
vt -0.012616 2.606747 0.000000
vt -0.012616 2.521232 0.000000
vt -0.016125 2.606747 0.000000
vt -0.016125 2.521232 0.000000
vt -0.019635 2.606747 0.000000
vt -0.019635 2.521232 0.000000
vt -0.025231 2.606747 0.000000
vt -0.025231 2.521232 0.000000
vt -0.028741 2.606747 0.000000
vt -0.028741 2.521232 0.000000
vt -0.032251 2.606747 0.000000
vt -0.032251 2.521232 0.000000
vt -0.035760 2.606747 0.000000
vt -0.035760 2.521232 0.000000
vt -0.039270 2.516764 0.000000
vt -0.035760 2.435717 0.000000
vt -0.035760 2.350202 0.000000
vt -0.032251 2.350202 0.000000
vt -0.000000 4.277565 0.000000
vt -0.005596 3.609364 0.000000
vt -0.005596 3.516105 0.000000
vt -0.005596 3.422846 0.000000
vt -0.009106 3.516105 0.000000
vt -0.009106 3.422846 0.000000
vt -0.012616 3.516105 0.000000
vt -0.012616 3.422846 0.000000
vt -0.016125 3.516105 0.000000
vt -0.016125 3.422846 0.000000
vt -0.019635 3.516105 0.000000
vt -0.019635 3.422846 0.000000
vt -0.025231 3.516105 0.000000
vt -0.025231 3.422846 0.000000
vt -0.028741 3.516105 0.000000
vt -0.028741 3.422846 0.000000
vt -0.032251 3.516105 0.000000
vt -0.032251 3.422846 0.000000
vt -0.035760 3.516105 0.000000
vt -0.035760 3.422846 0.000000
vt -0.039270 3.154030 0.000000
vt -0.035760 3.329587 0.000000
vt -0.035760 3.236328 0.000000
vt -0.032251 3.236328 0.000000
vt -0.032251 3.143069 0.000000
vt -0.028741 3.143069 0.000000
vt -0.028741 3.049809 0.000000
vt -0.025231 3.049809 0.000000
vt -0.025231 2.956550 0.000000
vt -0.019635 2.956550 0.000000
vt -0.019635 2.863291 0.000000
vt -0.016125 2.863291 0.000000
vt -0.016125 2.777776 0.000000
vt -0.012616 2.777776 0.000000
vt -0.012616 2.692262 0.000000
vt -0.009106 2.692262 0.000000
vt -0.000000 4.633947 0.000000
vt -0.005596 4.456577 0.000000
vt -0.005596 4.360691 0.000000
vt -0.005596 4.264805 0.000000
vt -0.009106 4.360691 0.000000
vt -0.009106 4.264805 0.000000
vt -0.012616 4.360691 0.000000
vt -0.012616 4.264805 0.000000
vt -0.016125 4.360691 0.000000
vt -0.016125 4.264805 0.000000
vt -0.019635 4.360691 0.000000
vt -0.019635 4.264805 0.000000
vt -0.025231 4.360691 0.000000
vt -0.025231 4.264805 0.000000
vt -0.028741 4.360691 0.000000
vt -0.028741 4.264805 0.000000
vt -0.032251 4.360691 0.000000
vt -0.032251 4.264805 0.000000
vt -0.035760 4.360691 0.000000
vt -0.035760 4.264805 0.000000
vt -0.039270 4.428562 0.000000
vt -0.035760 4.168919 0.000000
vt -0.039270 3.791296 0.000000
vt -0.035760 4.075660 0.000000
vt -0.035760 3.982401 0.000000
vt -0.032251 3.982401 0.000000
vt -0.032251 3.889142 0.000000
vt -0.028741 3.889142 0.000000
vt -0.028741 3.795882 0.000000
vt -0.025231 3.795882 0.000000
vt -0.025231 3.702623 0.000000
vt -0.019635 3.702623 0.000000
vt -0.019635 3.609364 0.000000
vt -0.016125 3.609364 0.000000
vt -0.000000 4.990329 0.000000
vt -0.005596 4.840122 0.000000
vt -0.005596 4.744236 0.000000
vt -0.005596 4.648349 0.000000
vt -0.009106 4.744236 0.000000
vt -0.009106 4.648349 0.000000
vt -0.012616 4.744236 0.000000
vt -0.012616 4.648349 0.000000
vt -0.016125 4.744236 0.000000
vt -0.016125 4.648349 0.000000
vt -0.019635 4.744236 0.000000
vt -0.019635 4.648349 0.000000
vt -0.025231 4.744236 0.000000
vt -0.025231 4.648349 0.000000
vt -0.028741 4.744236 0.000000
vt -0.028741 4.648349 0.000000
vt -0.032251 4.744236 0.000000
vt -0.032251 4.648349 0.000000
vt -0.035760 4.744236 0.000000
vt -0.035760 4.648349 0.000000
vt -0.035760 4.552463 0.000000
vt -0.035760 4.456577 0.000000
vt -0.032251 4.456577 0.000000
vt -0.000000 5.346712 0.000000
vt -0.005596 5.127780 0.000000
vt -0.005596 5.031894 0.000000
vt -0.005596 4.936008 0.000000
vt -0.009106 5.031894 0.000000
vt -0.009106 4.936008 0.000000
vt -0.012616 5.031894 0.000000
vt -0.012616 4.936008 0.000000
vt -0.016125 5.031894 0.000000
vt -0.016125 4.936008 0.000000
vt -0.019635 5.031894 0.000000
vt -0.019635 4.936008 0.000000
vt -0.025231 5.031894 0.000000
vt -0.025231 4.936008 0.000000
vt -0.028741 5.031894 0.000000
vt -0.028741 4.936008 0.000000
vt -0.032251 5.031894 0.000000
vt -0.032251 4.936008 0.000000
vt -0.035760 5.031894 0.000000
vt -0.035760 4.936008 0.000000
vt -0.039270 5.065828 0.000000
vt -0.035760 4.840122 0.000000
vt -0.000000 5.703094 0.000000
vt -0.005596 5.511325 0.000000
vt -0.005596 5.415438 0.000000
vt -0.005596 5.319552 0.000000
vt -0.009106 5.415438 0.000000
vt -0.009106 5.319552 0.000000
vt -0.012616 5.415438 0.000000
vt -0.012616 5.319552 0.000000
vt -0.016125 5.415438 0.000000
vt -0.016125 5.319552 0.000000
vt -0.019635 5.415438 0.000000
vt -0.019635 5.319552 0.000000
vt -0.025231 5.415438 0.000000
vt -0.025231 5.319552 0.000000
vt -0.028741 5.415438 0.000000
vt -0.028741 5.319552 0.000000
vt -0.032251 5.415438 0.000000
vt -0.032251 5.319552 0.000000
vt -0.035760 5.415438 0.000000
vt -0.035760 5.319552 0.000000
vt -0.039265 5.384461 0.000000
vt -0.035760 5.223666 0.000000
vt -0.035760 5.127780 0.000000
vt -0.005596 5.607211 0.000000
vt -0.006542 5.703081 0.000000
vt -0.009106 5.607211 0.000000
vt -0.013077 5.703085 0.000000
vt -0.012616 5.607211 0.000000
vt -0.016125 5.607211 0.000000
vt -0.012616 5.511325 0.000000
vt -0.016125 5.511325 0.000000
vt -0.019631 5.703094 0.000000
vt -0.019635 5.607211 0.000000
vt -0.019635 5.511325 0.000000
vt -0.025231 5.607211 0.000000
vt -0.026186 5.703097 0.000000
vt -0.028741 5.607211 0.000000
vt -0.032722 5.703096 0.000000
vt -0.032251 5.607211 0.000000
vt -0.035760 5.607211 0.000000
vt -0.032251 5.511325 0.000000
vt -0.035760 5.511325 0.000000
vt -0.039265 5.703094 0.000000
vt -0.035760 3.609364 0.000000
vt -0.035760 3.702623 0.000000
vt -0.035760 3.795882 0.000000
vt -0.032251 3.702623 0.000000
vt -0.032251 3.795882 0.000000
vt -0.028741 3.702623 0.000000
vt -0.035760 2.863291 0.000000
vt -0.035760 2.956550 0.000000
vt -0.035760 3.049809 0.000000
vt -0.032251 2.956550 0.000000
vt -0.032251 3.049809 0.000000
vt -0.028741 2.956550 0.000000
vt -0.035760 1.092785 0.000000
vt -0.035760 1.182354 0.000000
vt -0.039270 0.208805 0.000000
vt -0.035760 0.275440 0.000000
vt -0.032251 0.183627 0.000000
vt -0.035760 0.183627 0.000000
vt -0.007158 0.008204 0.000000
vt -0.009106 0.091813 0.000000
vt -0.012616 0.091813 0.000000
vt -0.016125 0.183627 0.000000
vt -0.019635 0.275440 0.000000
vt -0.025231 0.275440 0.000000
vt -0.025231 0.367253 0.000000
vt -0.028741 0.367253 0.000000
vt -0.028741 0.459067 0.000000
vt -0.032251 0.459067 0.000000
vt -0.005596 0.091813 0.000000
vt -0.004224 0.002864 0.000000
vt -0.003334 0.001785 0.000000
vt -0.002357 0.000893 0.000000
vt -0.001821 0.000533 0.000000
vt -0.001243 0.000248 0.000000
vt -0.000633 0.000064 0.000000
vt -0.000000 -0.000000 0.000000
vt -0.035760 0.734507 0.000000
vt -0.032251 0.734507 0.000000
vt -0.028741 0.734507 0.000000
vt -0.025231 0.734507 0.000000
vt -0.019635 0.734507 0.000000
vt -0.016125 0.734507 0.000000
vt -0.035760 0.913646 0.000000
vt -0.035760 1.003215 0.000000
vt -0.032251 0.913646 0.000000
vt -0.032251 1.003215 0.000000
vt -0.028741 0.913646 0.000000
vt -0.028741 1.003215 0.000000
vt -0.025231 0.913646 0.000000
vt -0.032251 1.092785 0.000000
vt -0.005596 0.275440 0.000000
vt -0.005596 0.367253 0.000000
vt -0.005596 0.459067 0.000000
vt -0.009106 0.459067 0.000000
vt -0.005596 0.913646 0.000000
vt -0.005596 1.003215 0.000000
vt -0.005596 1.092785 0.000000
vt -0.009106 1.092785 0.000000
vt -0.009106 1.182354 0.000000
vt -0.012616 1.182354 0.000000
vt -0.012616 1.271924 0.000000
vt -0.016125 1.271924 0.000000
vt -0.016125 1.361493 0.000000
vt -0.019635 1.361493 0.000000
vt -0.005596 1.271924 0.000000
vt -0.005596 1.361493 0.000000
vt -0.005596 1.724104 0.000000
vt -0.005596 2.088159 0.000000
vt -0.005596 2.435717 0.000000
vt -0.035760 2.777776 0.000000
vt -0.032251 2.777776 0.000000
vt -0.032251 2.863291 0.000000
vt -0.028741 2.777776 0.000000
vt -0.028741 2.863291 0.000000
vt -0.025231 2.777776 0.000000
vt -0.025231 2.863291 0.000000
vt -0.019635 2.777776 0.000000
vt -0.035760 3.143069 0.000000
vt -0.005596 2.777776 0.000000
vt -0.005596 2.863291 0.000000
vt -0.009106 2.863291 0.000000
vt -0.009106 2.956550 0.000000
vt -0.012616 2.956550 0.000000
vt -0.012616 3.049809 0.000000
vt -0.016125 3.049809 0.000000
vt -0.016125 3.143069 0.000000
vt -0.019635 3.143069 0.000000
vt -0.019635 3.236328 0.000000
vt -0.025231 3.236328 0.000000
vt -0.025231 3.329587 0.000000
vt -0.028741 3.329587 0.000000
vt -0.032251 3.609364 0.000000
vt -0.028741 3.609364 0.000000
vt -0.025231 3.609364 0.000000
vt -0.005596 2.956550 0.000000
vt -0.005596 3.049809 0.000000
vt -0.005596 3.143069 0.000000
vt -0.009106 3.143069 0.000000
vt -0.009106 3.236328 0.000000
vt -0.012616 3.236328 0.000000
vt -0.012616 3.329587 0.000000
vt -0.016125 3.329587 0.000000
vt -0.005596 3.236328 0.000000
vt -0.005596 3.329587 0.000000
vt -0.009106 3.329587 0.000000
vt -0.035760 3.889142 0.000000
vt -0.005596 3.795882 0.000000
vt -0.005596 3.889142 0.000000
vt -0.005596 3.982401 0.000000
vt -0.009106 3.982401 0.000000
vt -0.009106 4.075660 0.000000
vt -0.012616 4.075660 0.000000
vt -0.012616 4.168919 0.000000
vt -0.016125 4.168919 0.000000
vt -0.005596 4.168919 0.000000
vt -0.009106 4.168919 0.000000
vt -0.005596 4.552463 0.000000
vt -0.009106 4.840122 0.000000
vt -0.012616 4.840122 0.000000
vt -0.016125 4.840122 0.000000
vt -0.019635 4.840122 0.000000
vt -0.025231 4.840122 0.000000
vt -0.028741 4.840122 0.000000
vt -0.032251 4.840122 0.000000
vt -0.005596 5.223666 0.000000
vt -0.009106 5.223666 0.000000
vt -0.012616 5.223666 0.000000
vt -0.016125 5.223666 0.000000
vt -0.019635 5.223666 0.000000
vt -0.025231 5.223666 0.000000
vt -0.028741 5.223666 0.000000
vt -0.032251 5.223666 0.000000
vt -0.009106 0.183627 0.000000
vt -0.005596 0.183627 0.000000
vt -0.009106 0.275440 0.000000
vt -0.009106 0.367253 0.000000
vt -0.012616 0.183627 0.000000
vt -0.012616 0.275440 0.000000
vt -0.012616 0.367253 0.000000
vt -0.012616 0.459067 0.000000
vt -0.009106 1.361493 0.000000
vt -0.012616 1.361493 0.000000
vt -0.009106 1.271924 0.000000
vt -0.025231 1.361493 0.000000
vt -0.028741 1.361493 0.000000
vt -0.025231 1.271924 0.000000
vt -0.028741 1.271924 0.000000
vt -0.025231 1.182354 0.000000
vt -0.032251 1.361493 0.000000
vt -0.019635 1.271924 0.000000
vt -0.016125 1.182354 0.000000
vt -0.012616 1.092785 0.000000
vt -0.009106 1.003215 0.000000
vt -0.005596 1.182354 0.000000
vt -0.009106 1.724104 0.000000
vt -0.012616 1.724104 0.000000
vt -0.009106 1.633090 0.000000
vt -0.012616 1.633090 0.000000
vt -0.016125 1.724104 0.000000
vt -0.016125 1.633090 0.000000
vt -0.019635 1.724104 0.000000
vt -0.019635 1.633090 0.000000
vt -0.025231 1.724104 0.000000
vt -0.025231 1.633090 0.000000
vt -0.028741 1.724104 0.000000
vt -0.028741 1.633090 0.000000
vt -0.032251 1.724104 0.000000
vt -0.009106 2.088159 0.000000
vt -0.012616 2.088159 0.000000
vt -0.009106 1.997145 0.000000
vt -0.012616 1.997145 0.000000
vt -0.016125 2.088159 0.000000
vt -0.016125 1.997145 0.000000
vt -0.019635 2.088159 0.000000
vt -0.019635 1.997145 0.000000
vt -0.025231 2.088159 0.000000
vt -0.025231 1.997145 0.000000
vt -0.028741 2.088159 0.000000
vt -0.028741 1.997145 0.000000
vt -0.032251 2.088159 0.000000
vt -0.009106 2.435717 0.000000
vt -0.012616 2.435717 0.000000
vt -0.009106 2.350202 0.000000
vt -0.012616 2.350202 0.000000
vt -0.016125 2.435717 0.000000
vt -0.016125 2.350202 0.000000
vt -0.019635 2.435717 0.000000
vt -0.019635 2.350202 0.000000
vt -0.025231 2.435717 0.000000
vt -0.025231 2.350202 0.000000
vt -0.028741 2.435717 0.000000
vt -0.028741 2.350202 0.000000
vt -0.032251 2.435717 0.000000
vt -0.035760 2.692262 0.000000
vt -0.032251 2.692262 0.000000
vt -0.028741 2.692262 0.000000
vt -0.025231 2.692262 0.000000
vt -0.019635 2.692262 0.000000
vt -0.016125 2.692262 0.000000
vt -0.012616 2.863291 0.000000
vt -0.009106 2.777776 0.000000
vt -0.016125 2.956550 0.000000
vt -0.019635 3.049809 0.000000
vt -0.025231 3.143069 0.000000
vt -0.028741 3.236328 0.000000
vt -0.032251 3.329587 0.000000
vt -0.009106 4.456577 0.000000
vt -0.009106 4.552463 0.000000
vt -0.012616 4.456577 0.000000
vt -0.012616 4.552463 0.000000
vt -0.016125 4.456577 0.000000
vt -0.016125 4.552463 0.000000
vt -0.019635 4.456577 0.000000
vt -0.019635 4.552463 0.000000
vt -0.025231 4.456577 0.000000
vt -0.025231 4.552463 0.000000
vt -0.028741 4.456577 0.000000
vt -0.028741 4.552463 0.000000
vt -0.032251 4.168919 0.000000
vt -0.032251 4.075660 0.000000
vt -0.028741 4.168919 0.000000
vt -0.028741 4.075660 0.000000
vt -0.028741 3.982401 0.000000
vt -0.025231 4.168919 0.000000
vt -0.025231 4.075660 0.000000
vt -0.025231 3.982401 0.000000
vt -0.025231 3.889142 0.000000
vt -0.019635 4.168919 0.000000
vt -0.019635 4.075660 0.000000
vt -0.019635 3.982401 0.000000
vt -0.019635 3.889142 0.000000
vt -0.019635 3.795882 0.000000
vt -0.005596 4.075660 0.000000
vt -0.032251 4.552463 0.000000
vt -0.009106 5.127780 0.000000
vt -0.012616 5.127780 0.000000
vt -0.016125 5.127780 0.000000
vt -0.019635 5.127780 0.000000
vt -0.025231 5.127780 0.000000
vt -0.028741 5.127780 0.000000
vt -0.032251 5.127780 0.000000
vt -0.009106 5.511325 0.000000
vt -0.025231 5.511325 0.000000
vt -0.028741 5.511325 0.000000
vt -0.016125 3.702623 0.000000
vt -0.016125 3.795882 0.000000
vt -0.016125 3.889142 0.000000
vt -0.016125 3.982401 0.000000
vt -0.016125 4.075660 0.000000
vt -0.012616 3.702623 0.000000
vt -0.012616 3.795882 0.000000
vt -0.012616 3.889142 0.000000
vt -0.012616 3.982401 0.000000
vt -0.012616 3.609364 0.000000
vt -0.009106 3.609364 0.000000
vt -0.009106 3.702623 0.000000
vt -0.005596 3.702623 0.000000
vt -0.009106 3.795882 0.000000
vt -0.009106 3.889142 0.000000
vt -0.012616 3.143069 0.000000
vt -0.016125 3.236328 0.000000
vt -0.009106 3.049809 0.000000
vt -0.019635 3.329587 0.000000
vt -0.019635 1.182354 0.000000
vt -0.019635 1.092785 0.000000
vt -0.016125 1.092785 0.000000
vt -0.012616 1.003215 0.000000
vt -0.009106 0.913646 0.000000
vt -0.005596 0.824076 0.000000
vt -0.025231 0.459067 0.000000
vt -0.019635 0.459067 0.000000
vt -0.016125 0.459067 0.000000
vt -0.035760 0.824076 0.000000
vt -0.032251 0.824076 0.000000
vt -0.028741 0.824076 0.000000
vt -0.025231 0.824076 0.000000
vt -0.019635 0.824076 0.000000
vt -0.016125 0.275440 0.000000
vt -0.019635 0.367253 0.000000
vt -0.016125 0.367253 0.000000
vt -0.016125 1.003215 0.000000
vt -0.012616 0.913646 0.000000
vt -0.009106 0.824076 0.000000
vt 2.427232 -1.032340 0.000000
vt 2.033966 -0.979859 0.000000
vt 1.701773 -1.016158 0.000000
vt 1.401136 -0.895488 0.000000
vt 0.953318 -1.000240 0.000000
vt 0.774394 -0.772060 0.000000
vt -0.604145 -0.969093 0.000000
vt 0.474554 -0.664332 0.000000
vt 0.189680 -0.521040 0.000000
vt -0.348902 -0.178316 0.000000
vt -1.476350 -0.969093 0.000000
vt -0.876268 0.179672 0.000000
vt -1.415436 0.519526 0.000000
vt -1.982003 0.809875 0.000000
vt -2.589875 1.003125 0.000000
vt -2.280753 0.922949 0.000000
vt 0.066070 0.058905 0.000000
vt -2.198788 0.058905 0.000000
vt 0.063316 0.053996 0.000000
vt -0.641698 0.052360 0.000000
vt -0.500144 0.052360 0.000000
vt -0.500144 0.045815 0.000000
vt -0.358591 0.045815 0.000000
vt -0.358591 0.039270 0.000000
vt -0.217037 0.039270 0.000000
vt -0.217037 0.032725 0.000000
vt -0.075484 0.032725 0.000000
vt -0.075484 0.026180 0.000000
vt 0.053029 0.029452 0.000000
vt 0.052226 0.024544 0.000000
vt -0.075484 0.019635 0.000000
vt 0.051955 0.019635 0.000000
vt 0.052226 0.014726 0.000000
vt -0.075484 0.013090 0.000000
vt 0.053029 0.009817 0.000000
vt -0.075484 0.006545 0.000000
vt 0.054334 0.004909 0.000000
vt -0.075484 -0.000000 0.000000
vt 0.056089 0.000000 0.000000
vt 0.058228 -0.004909 0.000000
vt -0.075484 -0.006545 0.000000
vt 0.060668 -0.009817 0.000000
vt -0.075484 -0.013090 0.000000
vt 0.063316 -0.014726 0.000000
vt 0.066070 -0.019635 0.000000
vt -0.217037 -0.013090 0.000000
vt -0.358591 -0.013090 0.000000
vt -0.358591 -0.006545 0.000000
vt -0.500144 -0.006545 0.000000
vt -0.500144 -0.000000 0.000000
vt -0.641698 -0.000000 0.000000
vt -0.641698 0.006545 0.000000
vt -0.783252 0.006545 0.000000
vt -0.783252 0.013090 0.000000
vt -0.924805 0.013090 0.000000
vt -0.924805 0.019635 0.000000
vt -1.066359 0.019635 0.000000
vt -1.066359 0.026180 0.000000
vt -1.207913 0.026180 0.000000
vt -1.207913 0.032725 0.000000
vt -1.349466 0.032725 0.000000
vt -1.349466 0.039270 0.000000
vt -1.491020 0.039270 0.000000
vt -1.491020 0.045815 0.000000
vt -1.632573 0.045815 0.000000
vt -1.632573 0.052360 0.000000
vt -1.774127 0.052360 0.000000
vt -1.915681 0.052360 0.000000
vt -2.057234 0.052360 0.000000
vt -1.915681 0.045815 0.000000
vt -2.057234 0.045815 0.000000
vt -1.915681 0.039270 0.000000
vt -2.057234 0.039270 0.000000
vt -1.915681 0.032725 0.000000
vt -2.057234 0.032725 0.000000
vt -1.915681 0.026180 0.000000
vt -2.057234 0.026180 0.000000
vt -1.915681 0.019635 0.000000
vt -2.057234 0.019635 0.000000
vt -1.915681 0.013090 0.000000
vt -2.057234 0.013090 0.000000
vt -1.915681 0.006545 0.000000
vt -2.057234 0.006545 0.000000
vt -1.915681 -0.000000 0.000000
vt -2.057234 -0.000000 0.000000
vt -1.915681 -0.006545 0.000000
vt -2.057234 -0.006545 0.000000
vt -1.915681 -0.013090 0.000000
vt -2.057234 -0.013090 0.000000
vt -2.198788 -0.019635 0.000000
vt -2.198788 -0.013090 0.000000
vt -2.198788 -0.006545 0.000000
vt -2.198788 -0.000000 0.000000
vt -2.198788 0.006545 0.000000
vt -2.198788 0.013090 0.000000
vt -2.198788 0.019635 0.000000
vt -2.198788 0.026180 0.000000
vt -2.198788 0.032725 0.000000
vt -2.198788 0.039270 0.000000
vt -2.198788 0.045815 0.000000
vt -2.198788 0.052360 0.000000
vt -1.066359 -0.013090 0.000000
vt -1.207913 -0.013090 0.000000
vt -1.349466 -0.013090 0.000000
vt -1.349466 -0.006545 0.000000
vt -1.491020 -0.006545 0.000000
vt -1.491020 -0.000000 0.000000
vt -1.632573 -0.000000 0.000000
vt -1.632573 0.006545 0.000000
vt -1.774127 0.006545 0.000000
vt -1.774127 0.013090 0.000000
vt 0.054334 0.034361 0.000000
vt -0.075484 0.039270 0.000000
vt -0.217037 0.045815 0.000000
vt -0.358591 0.052360 0.000000
vt 0.056089 0.039270 0.000000
vt 0.058228 0.044179 0.000000
vt -0.075484 0.045815 0.000000
vt 0.060668 0.049087 0.000000
vt -0.075484 0.052360 0.000000
vt -0.217037 0.052360 0.000000
vt -1.774127 0.045815 0.000000
vt -1.774127 0.039270 0.000000
vt -1.774127 0.032725 0.000000
vt -1.774127 0.026180 0.000000
vt -1.774127 0.019635 0.000000
vt -1.491020 0.052360 0.000000
vt -1.349466 0.052360 0.000000
vt -1.207913 0.052360 0.000000
vt -1.207913 0.045815 0.000000
vt -1.066359 0.045815 0.000000
vt -1.066359 0.039270 0.000000
vt -0.924805 0.039270 0.000000
vt -0.924805 0.032725 0.000000
vt -0.783252 0.032725 0.000000
vt -0.783252 0.026180 0.000000
vt -0.641698 0.026180 0.000000
vt -0.641698 0.019635 0.000000
vt -0.500144 0.019635 0.000000
vt -0.500144 0.013090 0.000000
vt -0.358591 0.013090 0.000000
vt -0.358591 0.006545 0.000000
vt -0.217037 0.006545 0.000000
vt -0.217037 -0.000000 0.000000
vt -1.349466 0.045815 0.000000
vt -1.066359 0.052360 0.000000
vt -0.924805 0.052360 0.000000
vt -0.783252 0.052360 0.000000
vt -0.783252 0.045815 0.000000
vt -0.641698 0.045815 0.000000
vt -0.641698 0.039270 0.000000
vt -0.500144 0.039270 0.000000
vt -0.500144 0.032725 0.000000
vt -0.358591 0.032725 0.000000
vt -0.358591 0.026180 0.000000
vt -0.217037 0.026180 0.000000
vt -0.217037 0.019635 0.000000
vt -0.924805 0.045815 0.000000
vt -1.632573 0.039270 0.000000
vt -1.491020 0.032725 0.000000
vt -1.349466 0.026180 0.000000
vt -1.207913 0.019635 0.000000
vt -1.066359 0.013090 0.000000
vt -0.924805 0.006545 0.000000
vt -0.783252 -0.000000 0.000000
vt -0.641698 -0.006545 0.000000
vt -0.500144 -0.013090 0.000000
vt -1.207913 0.039270 0.000000
vt -0.783252 0.039270 0.000000
vt -1.632573 0.032725 0.000000
vt -1.632573 0.026180 0.000000
vt -1.632573 0.019635 0.000000
vt -1.632573 0.013090 0.000000
vt -1.066359 0.032725 0.000000
vt -0.641698 0.032725 0.000000
vt -1.491020 0.026180 0.000000
vt -1.349466 0.019635 0.000000
vt -1.207913 0.013090 0.000000
vt -1.066359 0.006545 0.000000
vt -0.924805 -0.000000 0.000000
vt -0.783252 -0.006545 0.000000
vt -0.641698 -0.013090 0.000000
vt -0.924805 0.026180 0.000000
vt -0.500144 0.026180 0.000000
vt -1.491020 0.019635 0.000000
vt -1.491020 0.013090 0.000000
vt -1.491020 0.006545 0.000000
vt -0.783252 0.019635 0.000000
vt -0.358591 0.019635 0.000000
vt -1.349466 0.013090 0.000000
vt -1.207913 0.006545 0.000000
vt -1.066359 -0.000000 0.000000
vt -0.924805 -0.006545 0.000000
vt -0.783252 -0.013090 0.000000
vt -0.641698 0.013090 0.000000
vt -0.217037 0.013090 0.000000
vt -1.349466 0.006545 0.000000
vt -1.349466 -0.000000 0.000000
vt -0.500144 0.006545 0.000000
vt -1.774127 -0.000000 0.000000
vt -1.774127 -0.006545 0.000000
vt -1.774127 -0.013090 0.000000
vt -1.207913 -0.000000 0.000000
vt -1.066359 -0.006545 0.000000
vt -0.924805 -0.013090 0.000000
vt -0.358591 -0.000000 0.000000
vt -1.632573 -0.006545 0.000000
vt -1.491020 -0.013090 0.000000
vt -1.207913 -0.006545 0.000000
vt -0.217037 -0.006545 0.000000
vt -1.632573 -0.013090 0.000000
vn -0.000000 0.270636 0.962682
vn -0.000000 0.231529 0.972828
vn -0.000000 0.270636 0.962682
vn -0.000000 0.197023 0.980399
vn -0.000000 0.270636 0.962682
vn -0.000000 0.208366 0.978051
vn -0.000000 0.220150 0.975466
vn -0.000000 0.243076 0.970007
vn -0.000000 0.270094 0.962834
vn -0.000000 0.268505 0.963278
vn -0.000000 0.262542 0.964921
vn -0.000000 0.253712 0.967280
vn -0.000000 0.219732 0.975560
vn -0.000000 0.208127 0.978102
vn -0.000000 0.197023 0.980399
vn -0.000000 0.151309 0.988486
vn -0.000000 0.096104 0.995371
vn -0.000000 0.107478 0.994207
vn -0.000000 0.055715 0.998447
vn -0.000000 0.040138 0.999194
vn -0.000000 0.023159 0.999732
vn -0.000000 -0.004936 0.999988
vn -0.000000 -0.020241 0.999795
vn -0.000000 -0.035761 0.999360
vn -0.000000 -0.046127 0.998936
vn -0.000000 -0.073097 0.997325
vn -0.000000 -0.070547 0.997508
vn -0.000000 -0.077881 0.996963
vn -0.000000 -0.076104 0.997100
vn -0.000000 -0.081334 0.996687
vn -0.000000 -0.082477 0.996593
vn -0.000000 -0.086472 0.996254
vn -0.000000 -0.087044 0.996204
vn -0.000000 -0.091738 0.995783
vn -0.000000 -0.091738 0.995783
vn -0.000000 -0.092715 0.995693
vn -0.000000 -0.094450 0.995530
vn -0.000000 -0.093549 0.995615
vn -0.000000 -0.094450 0.995530
vn -0.000000 -0.093881 0.995583
vn -0.000000 -0.094143 0.995559
vn -0.000000 -0.094257 0.995548
vn -0.000000 -0.094354 0.995539
vn -0.000000 -0.094393 0.995535
vn -0.000000 -0.094423 0.995532
vn -0.000000 -0.094443 0.995530
vn -0.000000 -0.092626 0.995701
vn -0.000000 -0.094070 0.995566
vn -0.000000 -0.094194 0.995554
vn -0.000000 -0.094317 0.995542
vn -0.000000 -0.093455 0.995623
vn -0.000000 -0.094370 0.995537
vn -0.000000 -0.094412 0.995533
vn -0.000000 -0.094440 0.995531
vn -0.000000 -0.094450 0.995530
vn -0.000000 0.232065 0.972700
vn -0.000000 0.243649 0.969863
vn -0.000000 0.270127 0.962825
vn -0.000000 0.268613 0.963248
vn -0.000000 0.254209 0.967149
vn -0.000000 0.262864 0.964833
vn -0.000000 0.274841 0.961490
vn -0.000000 0.274841 0.961490
vn -0.000000 0.274850 0.961487
vn -0.000000 0.274850 0.961487
vn -0.000000 0.274850 0.961487
vn -0.000000 0.274841 0.961490
vn 0.000000 0.274841 0.961490
vn 0.087943 0.273730 0.957778
vn 0.196024 0.269518 0.942833
vn 0.170640 0.270634 0.947438
vn 0.246142 0.266018 0.932013
vn 0.314384 0.260309 0.912909
vn 0.381959 0.254011 0.888586
vn 0.430614 0.246959 0.868091
vn 0.434485 0.247552 0.865991
vn 0.519229 0.233347 0.822162
vn 0.556618 0.228337 0.798773
vn 0.605673 0.218702 0.765069
vn 0.706853 0.194418 0.680118
vn 0.781236 0.168586 0.601040
vn 0.749662 0.181902 0.636332
vn 0.830074 0.153271 0.536177
vn 0.865984 0.137445 0.480812
vn 0.948361 0.084365 0.305768
vn 0.922339 0.106197 0.371502
vn 0.980144 0.054500 0.190652
vn 0.923312 0.105556 0.369259
vn 0.979898 0.054833 0.191817
vn 0.999986 0.001454 0.005087
vn 1.000000 0.000001 0.000005
vn 1.000000 -0.000000 0.000000
vn 1.000000 0.000000 0.000000
vn 1.000000 0.000000 0.000000
vn 1.000000 0.000000 0.000000
vn 1.000000 0.000000 0.000000
vn 1.000000 0.000000 0.000000
vn 1.000000 0.000000 0.000000
vn 1.000000 0.000000 0.000000
vn 1.000000 0.000000 0.000000
vn 1.000000 0.000000 0.000000
vn 1.000000 0.000000 0.000000
vn 1.000000 0.000000 0.000000
vn 1.000000 0.000000 0.000000
vn 1.000000 0.000000 0.000000
vn 1.000000 0.000000 0.000000
vn 1.000000 0.000000 0.000000
vn 1.000000 0.000000 0.000000
vn 1.000000 0.000000 0.000000
vn 1.000000 0.000000 0.000000
vn 1.000000 0.000000 0.000000
vn 1.000000 0.000000 0.000000
vn 1.000000 0.000000 0.000000
vn 1.000000 0.000000 0.000000
vn 1.000000 0.000000 0.000000
vn 1.000000 0.000000 0.000000
vn 1.000000 0.000000 0.000000
vn 1.000000 0.000000 0.000000
vn 1.000000 0.000000 0.000000
vn 1.000000 0.000000 0.000000
vn 1.000000 0.000000 0.000000
vn 1.000000 0.000000 0.000000
vn 1.000000 0.000000 0.000000
vn 1.000000 0.000000 0.000000
vn 1.000000 0.000000 0.000000
vn 1.000000 0.000000 0.000000
vn 1.000000 0.000000 0.000000
vn 1.000000 0.000000 0.000000
vn 1.000000 0.000000 0.000000
vn 1.000000 0.000000 0.000000
vn 1.000000 0.000000 0.000000
vn 1.000000 0.000000 0.000000
vn 1.000000 0.000000 0.000000
vn 1.000000 0.000000 0.000000
vn 1.000000 0.000000 0.000000
vn 1.000000 0.000000 0.000000
vn 1.000000 0.000000 0.000000
vn 1.000000 0.000000 0.000000
vn 1.000000 0.000000 0.000000
vn 1.000000 0.000000 0.000000
vn 0.999987 -0.003261 0.004018
vn 0.985096 -0.108394 0.133553
vn 0.980776 -0.122971 0.151513
vn 0.939470 -0.215919 0.266036
vn 0.925532 -0.238630 0.294017
vn 0.861730 -0.319733 0.393944
vn 0.835721 -0.346066 0.426390
vn 0.750501 -0.416467 0.513132
vn 0.713641 -0.441449 0.543912
vn 0.605209 -0.501666 0.618105
vn 0.563417 -0.520638 0.641481
vn 0.427346 -0.569739 0.701978
vn 0.389613 -0.580383 0.715093
vn 0.222056 -0.614447 0.757064
vn 0.199550 -0.617506 0.760832
vn 0.112302 -0.626194 0.771537
vn -0.000000 -0.630180 0.776449
vn 0.000000 -0.630180 0.776449
vn -0.108874 -0.626434 0.771833
vn -0.198940 -0.617584 0.760929
vn -0.216398 -0.615248 0.758051
vn -0.389345 -0.580454 0.715181
vn -0.419032 -0.572186 0.704993
vn -0.562934 -0.520845 0.641736
vn -0.597003 -0.505556 0.622898
vn -0.713510 -0.441533 0.544015
vn -0.743882 -0.421157 0.518909
vn -0.835448 -0.346328 0.426713
vn -0.857394 -0.324329 0.399607
vn -0.925405 -0.238825 0.294258
vn -0.937272 -0.219680 0.270669
vn -0.980738 -0.123093 0.151664
vn -0.984461 -0.110663 0.136348
vn -0.999987 -0.003261 0.004018
vn -1.000000 0.000000 -0.000000
vn -1.000000 0.000000 -0.000000
vn -1.000000 -0.000000 -0.000000
vn -1.000000 -0.000000 -0.000000
vn -1.000000 -0.000000 -0.000000
vn -1.000000 -0.000000 -0.000000
vn -1.000000 -0.000000 -0.000000
vn -1.000000 -0.000000 -0.000000
vn -1.000000 -0.000000 -0.000000
vn -1.000000 -0.000000 -0.000000
vn -1.000000 -0.000000 -0.000000
vn -1.000000 -0.000000 -0.000000
vn -1.000000 -0.000000 -0.000000
vn -1.000000 -0.000000 -0.000000
vn -1.000000 -0.000000 -0.000000
vn -1.000000 -0.000000 -0.000000
vn -1.000000 -0.000000 -0.000000
vn -1.000000 -0.000000 -0.000000
vn -1.000000 -0.000000 -0.000000
vn -1.000000 -0.000000 -0.000000
vn -1.000000 -0.000000 -0.000000
vn -1.000000 -0.000000 -0.000000
vn -1.000000 -0.000000 -0.000000
vn -1.000000 -0.000000 -0.000000
vn -1.000000 -0.000000 -0.000000
vn -1.000000 -0.000000 -0.000000
vn -1.000000 -0.000000 -0.000000
vn -1.000000 -0.000000 -0.000000
vn -1.000000 -0.000000 -0.000000
vn -1.000000 -0.000000 -0.000000
vn -1.000000 -0.000000 -0.000000
vn -1.000000 -0.000000 -0.000000
vn -1.000000 -0.000000 -0.000000
vn -1.000000 -0.000000 -0.000000
vn -1.000000 -0.000000 -0.000000
vn -1.000000 -0.000000 -0.000000
vn -1.000000 -0.000000 -0.000000
vn -1.000000 -0.000000 -0.000000
vn -1.000000 -0.000000 -0.000000
vn -1.000000 -0.000000 -0.000000
vn -1.000000 -0.000000 -0.000000
vn -1.000000 -0.000000 -0.000000
vn -1.000000 -0.000000 -0.000000
vn -1.000000 -0.000000 -0.000000
vn -1.000000 -0.000000 -0.000000
vn -1.000000 -0.000000 -0.000000
vn -1.000000 -0.000000 -0.000000
vn -1.000000 -0.000000 -0.000000
vn -1.000000 -0.000000 -0.000000
vn -1.000000 -0.000000 -0.000000
vn -1.000000 -0.000000 -0.000000
vn -0.936968 0.093091 0.336786
vn -0.980144 0.054500 0.190652
vn -1.000000 0.000001 0.000005
vn -0.999986 0.001454 0.005086
vn -0.752284 0.178231 0.634273
vn -0.865984 0.137445 0.480812
vn -0.922339 0.106197 0.371502
vn -0.923313 0.105556 0.369258
vn -0.979898 0.054833 0.191817
vn -0.622854 0.212896 0.752814
vn -0.706853 0.194418 0.680118
vn -0.749662 0.181902 0.636332
vn -0.830074 0.153271 0.536177
vn -0.469482 0.241383 0.849306
vn -0.556618 0.228337 0.798773
vn -0.605673 0.218702 0.765069
vn -0.434485 0.247552 0.865991
vn -0.376644 0.253753 0.890926
vn -0.381959 0.254011 0.888586
vn -0.269418 0.264239 0.926063
vn -0.196024 0.269518 0.942833
vn -0.209021 0.268506 0.940327
vn -0.143463 0.271874 0.951579
vn -0.073509 0.274065 0.958898
vn -0.000000 0.274841 0.961490
vn 0.000000 0.000000 1.000000
vn 0.000000 0.000000 1.000000
vn 0.000000 0.000000 1.000000
vn 0.000000 0.000000 1.000000
vn 0.000000 0.000000 1.000000
vn 0.000000 0.000000 1.000000
vn 0.000000 0.000000 1.000000
vn 0.000000 0.000000 1.000000
vn 0.000000 0.000000 1.000000
vn 0.000000 0.000000 1.000000
vn 0.000000 0.000000 1.000000
vn 0.000000 0.000000 1.000000
vn 0.000000 0.000000 1.000000
vn 0.000000 0.000000 1.000000
vn 0.000000 0.000000 1.000000
vn 0.000000 0.000000 1.000000
vn 0.000000 0.000000 1.000000
vn 0.000000 0.000000 1.000000
vn 0.000000 0.000000 1.000000
vn 0.000000 -0.022889 0.999738
vn 0.000000 -0.023106 0.999733
vn 0.000000 -0.023273 0.999729
vn 0.000000 -0.023194 0.999731
vn 0.000000 -0.023240 0.999730
vn 0.000000 -0.023260 0.999729
vn 0.000000 -0.023268 0.999729
vn 0.000000 -0.023270 0.999729
vn 0.000000 -0.023272 0.999729
vn 0.000000 -0.023272 0.999729
vn 0.000000 -0.023273 0.999729
vn 0.000000 -0.023273 0.999729
vn 0.000000 -0.023273 0.999729
vn 0.000000 0.870791 -0.491653
vn 0.000000 0.870791 -0.491653
vn -0.098017 0.866598 -0.489286
vn -0.258819 0.841120 -0.474901
vn -0.195090 0.854059 -0.482206
vn -0.290285 0.833295 -0.470483
vn -0.382683 0.804506 -0.454228
vn -0.500000 0.754127 -0.425784
vn -0.555570 0.724036 -0.408795
vn -0.707107 0.615742 -0.347651
vn -0.707107 0.615742 -0.347651
vn -0.866025 0.435396 -0.245827
vn -0.923880 0.333237 -0.188148
vn -0.965926 0.225377 -0.127249
vn -0.965926 0.225377 -0.127249
vn -0.866025 0.435396 -0.245827
vn -0.707107 0.615742 -0.347651
vn -0.500000 0.754127 -0.425784
vn -0.258819 0.841120 -0.474901
vn -0.258800 -0.025461 -0.965595
vn -0.249034 -0.020405 -0.968280
vn -0.000000 -0.026359 -0.999653
vn -0.249031 -0.015565 -0.968370
vn -0.249029 -0.011007 -0.968434
vn -0.434479 -0.014475 -0.900565
vn -0.434475 -0.010237 -0.900626
vn -0.605669 -0.012789 -0.795614
vn -0.605667 -0.009044 -0.795667
vn -0.749660 -0.010637 -0.661738
vn -0.749659 -0.007522 -0.661782
vn -0.865983 -0.008037 -0.500009
vn -0.865982 -0.005684 -0.500043
vn -0.922338 -0.006210 -0.386335
vn -0.922337 -0.004391 -0.386361
vn -0.980143 -0.003187 -0.198264
vn -0.980143 -0.002254 -0.198278
vn -0.980143 -0.001378 -0.198287
vn -0.980143 -0.000560 -0.198291
vn -0.922336 -0.001092 -0.386387
vn -0.922336 0.000389 -0.386389
vn -0.865980 0.000503 -0.500078
vn -0.865981 0.002274 -0.500072
vn -0.749657 0.003009 -0.661820
vn -0.749658 0.005160 -0.661806
vn -0.605665 0.006203 -0.795696
vn -0.605666 0.008558 -0.795673
vn -0.434472 0.009686 -0.900633
vn -0.434476 0.011984 -0.900604
vn -0.249029 0.012886 -0.968410
vn -0.249032 0.015100 -0.968378
vn -0.000026 0.012355 -0.999924
vn -0.249033 0.017059 -0.968345
vn -0.249035 0.018763 -0.968313
vn -0.434483 0.015865 -0.900540
vn -0.434485 0.017449 -0.900510
vn -0.605672 0.014017 -0.795591
vn -0.605673 0.015416 -0.795565
vn -0.749661 0.011658 -0.661719
vn -0.749662 0.012822 -0.661697
vn -0.865984 0.008809 -0.499994
vn -0.865984 0.009688 -0.499978
vn -0.922338 0.006806 -0.386323
vn -0.922339 0.007486 -0.386310
vn -0.980144 0.003493 -0.198258
vn -0.980144 0.003842 -0.198251
vn -0.980144 0.004095 -0.198246
vn -0.980144 0.004213 -0.198243
vn -0.980144 0.004324 -0.198241
vn -0.922339 0.008425 -0.386290
vn -0.922339 0.008625 -0.386285
vn -0.865985 0.011162 -0.499946
vn -0.865985 0.011400 -0.499940
vn -0.749663 0.015088 -0.661647
vn -0.749664 0.015376 -0.661641
vn -0.605674 0.018487 -0.795498
vn -0.605675 0.018801 -0.795490
vn -0.434487 0.021281 -0.900427
vn -0.434487 0.021601 -0.900419
vn -0.249036 0.023227 -0.968216
vn -0.249036 0.023531 -0.968208
vn -0.000001 0.023502 -0.999724
vn -0.249036 0.023796 -0.968202
vn -0.249035 0.024021 -0.968196
vn -0.434487 0.022130 -0.900406
vn -0.434486 0.022339 -0.900401
vn -0.605674 0.019551 -0.795473
vn -0.605674 0.019736 -0.795468
vn -0.749663 0.016261 -0.661620
vn -0.749663 0.016415 -0.661616
vn -0.865985 0.012287 -0.499919
vn -0.865985 0.012403 -0.499916
vn -0.922339 0.009493 -0.386264
vn -0.922339 0.009583 -0.386262
vn -0.980144 0.004872 -0.198228
vn -0.980144 0.004918 -0.198227
vn -0.980144 0.004956 -0.198226
vn -0.980144 0.004986 -0.198225
vn -0.922339 0.009716 -0.386260
vn -0.922339 0.009759 -0.386259
vn -0.865984 0.012630 -0.499912
vn -0.865984 0.012665 -0.499911
vn -0.749662 0.016762 -0.661609
vn -0.749662 0.016959 -0.661604
vn -0.605673 0.020390 -0.795453
vn -0.605673 0.020806 -0.795442
vn -0.434485 0.023551 -0.900371
vn -0.434485 0.024078 -0.900357
vn -0.249035 0.025891 -0.968148
vn -0.249035 0.026521 -0.968131
vn -0.000000 0.034585 -0.999402
vn -0.249035 0.027233 -0.968112
vn -0.249035 0.028012 -0.968089
vn -0.434485 0.025326 -0.900323
vn -0.434485 0.026050 -0.900302
vn -0.605673 0.022375 -0.795399
vn -0.605673 0.023014 -0.795381
vn -0.749662 0.018610 -0.661559
vn -0.749662 0.019142 -0.661544
vn -0.865984 0.014062 -0.499874
vn -0.865984 0.014463 -0.499862
vn -0.922339 0.010865 -0.386229
vn -0.922339 0.011175 -0.386221
vn -0.980144 0.005576 -0.198210
vn -0.980144 0.005735 -0.198205
vn -0.980144 0.005908 -0.198200
vn -0.980144 0.006094 -0.198195
vn -0.922339 0.011875 -0.386200
vn -0.922339 0.012264 -0.386188
vn -0.865984 0.015872 -0.499819
vn -0.865984 0.016409 -0.499802
vn -0.749662 0.021717 -0.661465
vn -0.749662 0.022473 -0.661439
vn -0.605673 0.027019 -0.795255
vn -0.605673 0.027934 -0.795223
vn -0.434485 0.031619 -0.900124
vn -0.434485 0.032706 -0.900085
vn -0.249035 0.035168 -0.967856
vn -0.249035 0.036393 -0.967811
vn -0.249035 0.037651 -0.967762
vn -0.249035 0.038962 -0.967711
vn -0.434485 0.035014 -0.899998
vn -0.434485 0.036234 -0.899950
vn -0.605673 0.030934 -0.795112
vn -0.605673 0.032011 -0.795070
vn -0.749662 0.025729 -0.661320
vn -0.749662 0.026625 -0.661285
vn -0.865984 0.019441 -0.499693
vn -0.865984 0.020118 -0.499666
vn -0.922339 0.015021 -0.386090
vn -0.922339 0.015544 -0.386069
vn -0.980144 0.007709 -0.198138
vn -0.980144 0.007977 -0.198128
vn -0.980144 0.008256 -0.198116
vn -0.980144 0.008547 -0.198104
vn -0.922339 0.016654 -0.386023
vn -0.922339 0.017241 -0.385997
vn -0.865984 0.022314 -0.499573
vn -0.865984 0.023101 -0.499538
vn -0.749662 0.030574 -0.661114
vn -0.749662 0.031658 -0.661063
vn -0.605673 0.038062 -0.794803
vn -0.605673 0.039444 -0.794736
vn -0.434485 0.044647 -0.899572
vn -0.434485 0.046303 -0.899488
vn -0.249035 0.049789 -0.967214
vn -0.249034 0.051666 -0.967116
vn -0.000002 0.071488 -0.997441
vn -0.249035 0.053641 -0.967008
vn -0.249035 0.055714 -0.966891
vn -0.434485 0.049885 -0.899297
vn -0.434485 0.051813 -0.899187
vn -0.605673 0.044072 -0.794492
vn -0.605673 0.045774 -0.794396
vn -0.749662 0.036656 -0.660805
vn -0.749662 0.038072 -0.660725
vn -0.865984 0.027697 -0.499304
vn -0.865984 0.028767 -0.499243
vn -0.922339 0.021400 -0.385789
vn -0.922339 0.022227 -0.385742
vn -0.980144 0.010982 -0.197984
vn -0.980144 0.011407 -0.197960
vn -0.980144 0.011851 -0.197934
vn -0.980144 0.012320 -0.197905
vn -0.922339 0.024006 -0.385636
vn -0.922339 0.024992 -0.385573
vn -0.865984 0.032345 -0.499024
vn -0.865984 0.033697 -0.498934
vn -0.749662 0.044597 -0.660316
vn -0.749662 0.046509 -0.660184
vn -0.605673 0.055918 -0.793747
vn -0.605673 0.058365 -0.793570
vn -0.434485 0.066064 -0.898253
vn -0.434485 0.069005 -0.898032
vn -0.249035 0.074201 -0.965648
vn -0.249034 0.077660 -0.965376
vn -0.249034 0.081459 -0.965063
vn -0.249035 0.085597 -0.964705
vn -0.434484 0.075755 -0.897488
vn -0.434485 0.079604 -0.897154
vn -0.605673 0.066926 -0.792894
vn -0.605673 0.070327 -0.792600
vn -0.749662 0.055665 -0.659475
vn -0.749662 0.058493 -0.659231
vn -0.865984 0.042060 -0.498299
vn -0.865984 0.044197 -0.498114
vn -0.922339 0.032498 -0.385013
vn -0.922339 0.034149 -0.384870
vn -0.980144 0.016678 -0.197586
vn -0.980144 0.017525 -0.197512
vn -0.434484 -0.018977 -0.900480
vn -0.500071 -0.022826 -0.865683
vn -0.605672 -0.016765 -0.795538
vn -0.707107 -0.018638 -0.706861
vn -0.749661 -0.013944 -0.661675
vn -0.865984 -0.013181 -0.499898
vn -0.865984 -0.010536 -0.499961
vn -0.922338 -0.008141 -0.386297
vn -0.965931 -0.006822 -0.258710
vn -0.980144 -0.004178 -0.198245
vn -0.980143 0.000200 -0.198292
vn -0.922336 0.001757 -0.386384
vn -0.865981 0.003899 -0.500061
vn -0.749659 0.007118 -0.661786
vn -0.605668 0.010588 -0.795647
vn -0.434480 0.014044 -0.900572
vn -0.980144 0.005185 -0.198221
vn -0.980144 0.005081 -0.198223
vn -0.980144 0.005022 -0.198225
vn -0.922339 0.009901 -0.386255
vn -0.922339 0.009786 -0.386258
vn -0.865984 0.012814 -0.499907
vn -0.980144 0.009485 -0.198061
vn -0.980144 0.009160 -0.198077
vn -0.980144 0.008848 -0.198091
vn -0.922339 0.017849 -0.385970
vn -0.980144 0.030286 -0.195962
vn -0.980144 0.027634 -0.196353
vn -0.980144 0.025482 -0.196644
vn -0.922339 0.053847 -0.382611
vn -0.922339 0.049655 -0.383178
vn -0.865985 0.069690 -0.495191
vn -0.865984 0.064265 -0.495925
vn -0.749663 0.092231 -0.655362
vn -0.749662 0.085052 -0.656333
vn -0.605673 0.110891 -0.787949
vn -0.605673 0.102259 -0.789116
vn -0.434484 0.125519 -0.891891
vn -0.434485 0.115748 -0.893211
vn -0.249034 0.134970 -0.959044
vn -0.249035 0.124463 -0.960464
vn -0.000009 0.121472 -0.992595
vn -0.249034 0.115451 -0.961589
vn -0.249035 0.107761 -0.962481
vn -0.434486 0.100215 -0.895086
vn -0.434484 0.093971 -0.895764
vn -0.605673 0.083020 -0.791371
vn -0.605673 0.078092 -0.791872
vn -0.749662 0.064952 -0.658625
vn -0.749662 0.061552 -0.658952
vn -0.865984 0.046509 -0.497904
vn -0.980144 0.043406 -0.193478
vn -0.980144 0.037751 -0.194661
vn -0.980144 0.033555 -0.195428
vn -0.922339 0.073560 -0.379314
vn -0.922339 0.065386 -0.380809
vn -0.865985 0.095204 -0.490923
vn -0.865984 0.084625 -0.492859
vn -0.749664 0.125998 -0.649714
vn -0.749662 0.111997 -0.652275
vn -0.605673 0.151489 -0.781160
vn -0.605673 0.134655 -0.784238
vn -0.434481 0.171473 -0.884208
vn -0.434484 0.152418 -0.887690
vn -0.249033 0.184384 -0.950781
vn -0.249034 0.163894 -0.954527
vn -0.000020 0.189194 -0.981940
vn -0.249035 0.147924 -0.957131
vn -0.980144 0.058782 -0.189374
vn -0.980144 0.049684 -0.191962
vn -0.922339 0.096813 -0.374056
vn -0.922339 0.084581 -0.377010
vn -0.865985 0.125299 -0.484118
vn -0.865985 0.109467 -0.487941
vn -0.749663 0.165824 -0.640709
vn -0.749664 0.144873 -0.645768
vn -0.605673 0.199371 -0.770332
vn -0.605673 0.174182 -0.776415
vn -0.434483 0.225673 -0.871950
vn -0.434481 0.197160 -0.878837
vn -0.249034 0.242668 -0.937600
vn -0.249033 0.212007 -0.945006
vn -0.000010 0.276454 -0.961027
vn -0.980144 0.079704 -0.181562
vn -0.980144 0.101351 -0.170428
vn -0.980144 0.121270 -0.156877
vn -0.980145 0.137854 -0.142522
vn -0.965931 0.225360 -0.127240
vn -0.922343 0.268649 -0.277689
vn -0.922342 0.236294 -0.305697
vn -0.922341 0.197494 -0.332091
vn -0.922340 0.155310 -0.353790
vn -0.922340 0.114541 -0.369012
vn -0.865984 0.435458 -0.245862
vn -0.865992 0.347718 -0.359374
vn -0.865991 0.305810 -0.395652
vn -0.865988 0.255607 -0.429803
vn -0.865987 0.201008 -0.457889
vn -0.865986 0.148242 -0.477590
vn -0.749675 0.460233 -0.475576
vn -0.605679 0.553379 -0.571773
vn -0.500071 0.754091 -0.425764
vn -0.434466 0.626365 -0.647229
vn -0.258800 0.841124 -0.474903
vn -0.249026 0.673476 -0.696000
vn -0.000133 0.746912 -0.664922
vn -0.000159 0.679351 -0.733814
vn -0.249024 0.592291 -0.766275
vn -0.434463 0.550788 -0.712653
vn -0.434469 0.460393 -0.774128
vn -0.605674 0.406739 -0.683903
vn -0.605673 0.319845 -0.728601
vn -0.749667 0.266024 -0.605996
vn -0.749665 0.196188 -0.632070
vn -0.000002 0.592088 -0.805873
vn -0.249027 0.495046 -0.832415
vn -0.434472 0.362041 -0.824718
vn -0.605673 0.235877 -0.759948
vn -0.000029 0.488735 -0.872432
vn -0.249029 0.389302 -0.886808
vn -0.434478 0.266996 -0.860199
vn -0.000000 0.379538 -0.925176
vn -0.249031 0.287104 -0.924962
vn -0.249035 0.090075 -0.964297
vn -0.249034 0.095050 -0.963819
vn -0.249034 0.101047 -0.963209
vn -0.434484 0.088394 -0.896331
vn -0.249035 0.048009 -0.967304
vn -0.434485 0.043083 -0.899648
vn -0.605673 0.036759 -0.794864
vn -0.749662 0.029532 -0.661162
vn -0.865984 0.021555 -0.499607
vn -0.922339 0.016088 -0.386047
vn -0.249035 0.020578 -0.968276
vn -0.249035 0.021117 -0.968264
vn -0.249035 0.021618 -0.968253
vn -0.434486 0.019639 -0.900464
vn -0.434486 0.020104 -0.900454
vn -0.605673 0.017350 -0.795524
vn -0.605674 0.017761 -0.795515
vn -0.749663 0.014431 -0.661663
vn -0.749663 0.014773 -0.661655
vn -0.865985 0.010904 -0.499952
vn -0.249024 -0.002739 -0.968493
vn -0.249024 0.000973 -0.968497
vn -0.249024 0.004402 -0.968487
vn -0.434466 0.000905 -0.900688
vn -0.434467 0.004094 -0.900679
vn -0.605663 0.000800 -0.795721
vn -0.605663 0.003617 -0.795713
vn -0.749657 0.000665 -0.661827
vn -0.922339 0.059014 -0.381849
vn -0.865984 0.076379 -0.494204
vn -0.749662 0.101084 -0.654056
vn -0.605673 0.121534 -0.786378
vn -0.434485 0.137566 -0.890111
vn -0.980144 0.022063 -0.197057
vn -0.980144 0.023637 -0.196874
vn -0.980144 0.019460 -0.197331
vn -0.980144 0.018442 -0.197429
vn -0.922339 0.037920 -0.384517
vn -0.922339 0.035935 -0.384707
vn -0.865984 0.049078 -0.497657
vn -0.980144 0.015900 -0.197650
vn -0.922339 0.030982 -0.385138
vn -0.865984 0.040099 -0.498461
vn -0.749662 0.053069 -0.659689
vn -0.605673 0.063805 -0.793152
vn -0.434485 0.072222 -0.897779
vn -0.980144 0.015192 -0.197705
vn -0.922339 0.029603 -0.385247
vn -0.865984 0.038313 -0.498602
vn -0.749662 0.050705 -0.659876
vn -0.605673 0.060963 -0.793375
vn -0.434486 0.083767 -0.896775
vn -0.605673 0.074005 -0.792265
vn -0.249035 0.071038 -0.965886
vn -0.249035 0.068060 -0.966100
vn -0.434485 0.063295 -0.898452
vn -0.434484 0.060692 -0.898632
vn -0.605673 0.053619 -0.793905
vn -0.605673 0.051468 -0.794048
vn -0.749662 0.042807 -0.660435
vn -0.749662 0.041119 -0.660542
vn -0.865984 0.031069 -0.499105
vn -0.865984 0.029887 -0.499177
vn -0.922339 0.023093 -0.385692
vn -0.980144 0.013362 -0.197837
vn -0.980144 0.013935 -0.197798
vn -0.980144 0.014544 -0.197754
vn -0.922339 0.028341 -0.385341
vn -0.980144 0.010578 -0.198006
vn -0.980144 0.010194 -0.198026
vn -0.922339 0.020612 -0.385832
vn -0.922339 0.019863 -0.385871
vn -0.865984 0.026677 -0.499359
vn -0.865984 0.025708 -0.499410
vn -0.749662 0.035306 -0.660878
vn -0.749662 0.034023 -0.660945
vn -0.605673 0.042449 -0.794581
vn -0.605673 0.040907 -0.794662
vn -0.434485 0.048049 -0.899397
vn -0.980144 0.009829 -0.198044
vn -0.922339 0.019153 -0.385907
vn -0.865984 0.024789 -0.499456
vn -0.749662 0.032807 -0.661007
vn -0.980144 0.007200 -0.198158
vn -0.980144 0.006961 -0.198166
vn -0.922339 0.014030 -0.386127
vn -0.922339 0.013564 -0.386144
vn -0.865984 0.018159 -0.499741
vn -0.865984 0.017555 -0.499763
vn -0.749662 0.024032 -0.661384
vn -0.749662 0.023233 -0.661413
vn -0.605673 0.028894 -0.795189
vn -0.249034 0.065262 -0.966293
vn -0.249035 0.062643 -0.966467
vn -0.249035 0.060172 -0.966623
vn -0.434485 0.055959 -0.898939
vn -0.434486 0.053830 -0.899069
vn -0.605673 0.047557 -0.794291
vn -0.249035 0.057883 -0.966763
vn -0.249035 0.046327 -0.967386
vn -0.249035 0.044741 -0.967461
vn -0.249035 0.043216 -0.967530
vn -0.434485 0.040190 -0.899782
vn -0.434485 0.038822 -0.899842
vn -0.605673 0.034298 -0.794974
vn -0.605673 0.033133 -0.795024
vn -0.749662 0.027557 -0.661247
vn -0.249035 0.040327 -0.967655
vn -0.434485 0.037503 -0.899898
vn -0.249035 0.033999 -0.967898
vn -0.249035 0.032886 -0.967936
vn -0.434486 0.030583 -0.900159
vn -0.434485 0.029555 -0.900194
vn -0.605673 0.026111 -0.795285
vn -0.605673 0.025256 -0.795313
vn -0.749662 0.021006 -0.661488
vn -0.749662 0.020340 -0.661508
vn -0.865984 0.015369 -0.499835
vn -0.865984 0.014899 -0.499849
vn -0.922339 0.011512 -0.386211
vn -0.980144 0.006507 -0.198182
vn -0.980144 0.006733 -0.198174
vn -0.980144 0.005430 -0.198214
vn -0.980144 0.005301 -0.198217
vn -0.922339 0.010580 -0.386237
vn -0.922339 0.010329 -0.386244
vn -0.865984 0.013694 -0.499884
vn -0.865984 0.013369 -0.499893
vn -0.749662 0.018123 -0.661573
vn -0.749662 0.017693 -0.661584
vn -0.605673 0.021789 -0.795415
vn -0.605673 0.021272 -0.795429
vn -0.434485 0.024664 -0.900341
vn -0.922339 0.010103 -0.386250
vn -0.865984 0.013076 -0.499900
vn -0.749662 0.017305 -0.661595
vn -0.980144 0.005008 -0.198225
vn -0.980144 0.004755 -0.198230
vn -0.980144 0.004685 -0.198232
vn -0.922339 0.009266 -0.386269
vn -0.922339 0.009129 -0.386273
vn -0.865985 0.011993 -0.499926
vn -0.865985 0.011816 -0.499930
vn -0.749664 0.015872 -0.661629
vn -0.749664 0.015638 -0.661634
vn -0.605675 0.019083 -0.795484
vn -0.249035 0.031780 -0.967973
vn -0.249035 0.030740 -0.968007
vn -0.249035 0.029765 -0.968037
vn -0.434485 0.027681 -0.900254
vn -0.434485 0.026835 -0.900279
vn -0.605673 0.023708 -0.795361
vn -0.249035 0.028855 -0.968065
vn -0.249035 0.024818 -0.968176
vn -0.249035 0.024529 -0.968184
vn -0.249035 0.024461 -0.968186
vn -0.434486 0.022748 -0.900391
vn -0.434486 0.022648 -0.900394
vn -0.605673 0.020009 -0.795462
vn -0.605673 0.019889 -0.795465
vn -0.749663 0.016542 -0.661613
vn -0.249035 0.024207 -0.968192
vn -0.434486 0.022512 -0.900397
vn -0.249036 0.022884 -0.968224
vn -0.249036 0.022501 -0.968233
vn -0.434487 0.020926 -0.900435
vn -0.434487 0.020533 -0.900444
vn -0.605674 0.018140 -0.795506
vn -0.980144 0.004521 -0.198236
vn -0.980144 0.004607 -0.198234
vn -0.980144 0.003092 -0.198265
vn -0.922338 0.006025 -0.386337
vn -0.865983 0.007798 -0.500012
vn -0.749661 0.010320 -0.661742
vn -0.605670 0.012407 -0.795619
vn -0.249036 0.022079 -0.968243
vn -0.249035 0.019999 -0.968288
vn -0.980143 0.001546 -0.198286
vn -0.980143 0.002133 -0.198279
vn -0.980143 0.002639 -0.198273
vn -0.922338 0.005142 -0.386351
vn -0.249025 0.007549 -0.968468
vn -0.434469 0.007021 -0.900660
vn -0.249026 -0.006732 -0.968473
vn -0.434470 -0.006260 -0.900664
vn -0.434467 -0.002547 -0.900684
vn -0.605665 -0.005531 -0.795701
vn -0.605663 -0.002250 -0.795718
vn -0.749658 -0.004600 -0.661810
vn -0.749657 -0.001871 -0.661824
vn -0.865981 -0.003476 -0.500065
vn -0.865981 -0.001414 -0.500076
vn -0.922337 -0.002686 -0.386378
vn -0.865983 0.006654 -0.500030
vn -0.922337 0.004156 -0.386364
vn -0.865982 0.005379 -0.500046
vn -0.922337 0.003013 -0.386376
vn -0.749660 0.008806 -0.661765
vn -0.249027 0.010415 -0.968440
vn -0.980143 0.000902 -0.198290
vn -0.922339 0.008977 -0.386276
vn -0.865985 0.011618 -0.499935
vn -0.922339 0.008809 -0.386280
vn -0.980144 0.004426 -0.198238
vn -0.922339 0.013120 -0.386159
vn -0.865984 0.016980 -0.499783
vn -0.922339 0.012679 -0.386174
vn -0.980144 0.006294 -0.198188
vn -0.865984 0.036680 -0.498724
vn -0.922339 0.027153 -0.385427
vn -0.865984 0.035142 -0.498835
vn -0.922339 0.026036 -0.385504
vn -0.749662 0.048544 -0.660038
vn -0.980144 0.012826 -0.197873
vn -0.922339 0.046059 -0.383627
vn -0.865985 0.059612 -0.496505
vn -0.922339 0.042991 -0.383983
vn -0.865984 0.055641 -0.496966
vn -0.922339 0.040313 -0.384273
vn -0.865984 0.052174 -0.497342
vn -0.749663 0.078893 -0.657101
vn -0.749662 0.073639 -0.657711
vn -0.749662 0.069050 -0.658208
vn -0.605673 0.094854 -0.790040
vn -0.605673 0.088536 -0.790773
vn -0.434484 0.107367 -0.894257
vn -0.980144 0.020688 -0.197206
vn -0.749668 0.338291 -0.568821
vn -0.749673 0.404704 -0.523647
vn -0.605676 0.486573 -0.629606
vn -0.922339 0.007979 -0.386300
vn -0.922339 0.008210 -0.386295
vn -0.865984 0.010326 -0.499965
vn -0.865984 0.010625 -0.499958
vn -0.749662 0.013667 -0.661680
vn -0.749662 0.014062 -0.661671
vn -0.605673 0.016431 -0.795544
vn -0.605673 0.016907 -0.795534
vn -0.434486 0.018599 -0.900487
vn -0.434486 0.019137 -0.900475
vn -0.922339 0.009388 -0.386267
vn -0.980144 0.004818 -0.198229
vn -0.865985 0.012150 -0.499922
vn -0.749663 0.016080 -0.661624
vn -0.605674 0.019333 -0.795478
vn -0.434487 0.021884 -0.900412
vn -0.249035 0.024354 -0.968188
vn -0.922339 0.009657 -0.386261
vn -0.865985 0.012499 -0.499914
vn -0.865984 0.012575 -0.499913
vn -0.249035 0.025324 -0.968163
vn -0.434486 0.023080 -0.900383
vn -0.749662 0.016642 -0.661611
vn -0.605673 0.020097 -0.795460
vn -0.434486 0.022811 -0.900390
vn -0.749662 0.016715 -0.661610
vn -0.605673 0.020153 -0.795459
vn -0.749662 0.019718 -0.661527
vn -0.605673 0.024455 -0.795338
vn -0.434485 0.028587 -0.900225
vn -0.922339 0.014519 -0.386109
vn -0.980144 0.007451 -0.198148
vn -0.865984 0.018791 -0.499718
vn -0.749662 0.024869 -0.661353
vn -0.605673 0.029900 -0.795152
vn -0.434485 0.033844 -0.900043
vn -0.249035 0.041745 -0.967594
vn -0.865984 0.020822 -0.499638
vn -0.749662 0.028527 -0.661206
vn -0.605673 0.035507 -0.794921
vn -0.434486 0.041608 -0.899717
vn -0.922339 0.018482 -0.385940
vn -0.865984 0.023920 -0.499499
vn -0.749662 0.039555 -0.660638
vn -0.605673 0.049437 -0.794177
vn -0.434485 0.058257 -0.898793
vn -0.002651 -0.986192 -0.165587
vn -0.000000 -1.000000 0.000000
vn -0.249276 -0.961244 -0.117780
vn -0.258800 -0.965931 0.000000
vn -0.434673 -0.893918 -0.109412
vn -0.500071 -0.865984 0.000000
vn -0.606611 -0.789113 -0.096562
vn -0.707107 -0.707107 0.000000
vn -0.750680 -0.655759 -0.080375
vn -0.865984 -0.500071 0.000000
vn -0.866636 -0.495216 -0.060855
vn -0.922729 -0.382561 -0.047092
vn -0.865988 -0.473058 -0.162114
vn -0.922341 -0.365526 -0.125213
vn -0.865808 -0.441940 -0.234662
vn -0.922205 -0.341577 -0.181283
vn -0.865961 -0.390583 -0.312342
vn -0.922320 -0.301762 -0.241380
vn -0.866122 -0.325396 -0.379407
vn -0.922407 -0.251332 -0.293255
vn -0.866122 -0.266339 -0.422960
vn -0.922407 -0.205849 -0.326790
vn -0.866119 -0.194908 -0.460271
vn -0.922419 -0.150486 -0.355665
vn -0.866179 -0.144414 -0.478412
vn -0.922455 -0.111700 -0.369594
vn -0.866003 -0.087203 -0.492376
vn -0.922349 -0.067390 -0.380435
vn -0.866131 -0.029754 -0.498931
vn -0.922429 -0.023021 -0.385480
vn -0.865985 -0.021131 -0.499623
vn -0.922339 -0.016327 -0.386037
vn -0.865987 -0.016313 -0.499801
vn -0.922340 -0.012605 -0.386174
vn -0.865984 -0.014531 -0.499860
vn -0.922338 -0.011227 -0.386220
vn -0.865984 -0.013621 -0.499886
vn -0.922338 -0.010524 -0.386240
vn -0.865984 -0.013324 -0.499894
vn -0.922338 -0.010295 -0.386246
vn -0.865984 -0.013201 -0.499897
vn -0.922338 -0.010200 -0.386249
vn -0.980144 -0.005235 -0.198220
vn -0.980144 -0.005283 -0.198218
vn -0.980144 -0.005401 -0.198215
vn -0.965931 -0.258800 0.000000
vn -0.980249 -0.196278 -0.024229
vn -0.980144 -0.187600 -0.064215
vn -0.980103 -0.175374 -0.092967
vn -0.980138 -0.154821 -0.123934
vn -0.980159 -0.128888 -0.150584
vn -0.980160 -0.105671 -0.167693
vn -0.980165 -0.077127 -0.182558
vn -0.980175 -0.057426 -0.189629
vn -0.980146 -0.034594 -0.195234
vn -0.980169 -0.011841 -0.197811
vn -0.980144 -0.008378 -0.198111
vn -0.980144 -0.006469 -0.198181
vn -0.980144 -0.005762 -0.198205
vn -0.749662 -0.017471 -0.661591
vn -0.605672 -0.021006 -0.795437
vn -0.434484 -0.023777 -0.900366
vn -0.249033 -0.025567 -0.968158
vn -0.249033 -0.025805 -0.968151
vn -0.249033 -0.026380 -0.968136
vn -0.434484 -0.024533 -0.900345
vn -0.434484 -0.026171 -0.900299
vn -0.605672 -0.023121 -0.795379
vn -0.605676 -0.025955 -0.795288
vn -0.749665 -0.021588 -0.661465
vn -0.749663 -0.027968 -0.661228
vn -0.000009 -0.035776 -0.999360
vn -0.249033 -0.028142 -0.968086
vn -0.434486 -0.029378 -0.900199
vn -0.605674 -0.033627 -0.795002
vn -0.749886 -0.039300 -0.660398
vn -0.000185 -0.116471 -0.993194
vn -0.249144 -0.057353 -0.966767
vn -0.249033 -0.040930 -0.967630
vn -0.249034 -0.031590 -0.967979
vn -0.434485 -0.038064 -0.899874
vn -0.249030 -0.168831 -0.953667
vn -0.000189 -0.188564 -0.982061
vn -0.249099 -0.279059 -0.927403
vn -0.000723 -0.382831 -0.923818
vn -0.249076 -0.378424 -0.891491
vn -0.248805 -0.516477 -0.819358
vn -0.433994 -0.480022 -0.762383
vn -0.433994 -0.587026 -0.683411
vn -0.605738 -0.518446 -0.603568
vn -0.605603 -0.621599 -0.496850
vn -0.749629 -0.516944 -0.413310
vn -0.749420 -0.584712 -0.310615
vn -0.003056 -0.600113 -0.799910
vn -0.248804 -0.630999 -0.734804
vn -0.434336 -0.703796 -0.562160
vn -0.605163 -0.702987 -0.373614
vn -0.749668 -0.626038 -0.214652
vn -0.000006 -0.756660 -0.653809
vn -0.248949 -0.756969 -0.604170
vn -0.433407 -0.795653 -0.423195
vn -0.605677 -0.752667 -0.258160
vn -0.002410 -0.887278 -0.461230
vn -0.248426 -0.855056 -0.455152
vn -0.434485 -0.851947 -0.292248
vn -0.249034 -0.916094 -0.314250
vn -0.000334 -0.955906 -0.293672
vn -0.749894 -0.430919 -0.501963
vn -0.749894 -0.352349 -0.559918
vn -0.749871 -0.258234 -0.609105
vn -0.749966 -0.190846 -0.633347
vn -0.749692 -0.115377 -0.651652
vn -0.605738 -0.423702 -0.673467
vn -0.434510 -0.351908 -0.829073
vn -0.605861 -0.310751 -0.732371
vn -0.605949 -0.229251 -0.761754
vn -0.605694 -0.138695 -0.783517
vn -0.605909 -0.047179 -0.794134
vn -0.434529 -0.259474 -0.862472
vn -0.434470 -0.156995 -0.886898
vn -0.434634 -0.053358 -0.899025
vn -0.749662 -0.019231 -0.661542
vn -0.605672 -0.021674 -0.795419
vn -0.434484 -0.023999 -0.900360
vn -0.605672 -0.021202 -0.795432
vn -0.749662 -0.017634 -0.661586
vn -0.749662 -0.018027 -0.661576
vn 0.000000 -1.000000 0.000000
vn -0.195090 -0.980785 0.000000
vn -0.258819 -0.965926 0.000000
vn -0.382683 -0.923880 0.000000
vn -0.500000 -0.866025 0.000000
vn -0.555570 -0.831470 0.000000
vn -0.707107 -0.707107 0.000000
vn -0.831470 -0.555570 0.000000
vn -0.866025 -0.500000 0.000000
vn -0.923880 -0.382683 0.000000
vn -0.965926 -0.258819 0.000000
vn -0.980785 -0.195090 0.000000
vn -1.000000 -0.000000 0.000000
vn -0.980146 -0.198027 0.009961
vn -0.980647 -0.195786 0.000341
vn -0.924321 -0.381615 0.000629
vn -0.830849 -0.556498 0.000878
vn -0.866005 -0.499407 0.025045
vn -0.922348 -0.385873 0.019375
vn -0.980150 -0.193880 0.041436
vn -0.980120 -0.177342 0.088962
vn -0.980139 -0.155617 0.122925
vn -0.980174 -0.127102 0.151998
vn -0.980171 -0.106588 0.167044
vn -0.980185 -0.072868 0.184194
vn -0.980180 -0.058385 0.189308
vn -0.922492 -0.142182 0.358878
vn -0.922475 -0.113466 0.369007
vn -0.866239 -0.184156 0.464452
vn -0.866211 -0.146625 0.477682
vn -0.750059 -0.243997 0.614717
vn -0.750014 -0.193640 0.632442
vn -0.606039 -0.293654 0.739245
vn -0.605998 -0.232506 0.760728
vn -0.434563 -0.332608 0.836975
vn -0.434558 -0.263127 0.861350
vn -0.249131 -0.357701 0.899991
vn -0.249121 -0.283000 0.926202
vn 0.000000 -0.246431 0.969160
vn -0.249026 -0.200354 0.947547
vn -0.000000 -0.147463 0.989068
vn -0.258800 -0.142439 0.955371
vn -0.749698 -0.660953 0.033075
vn -0.707107 -0.707106 0.001080
vn -0.605678 -0.794717 0.039727
vn -0.556499 -0.830847 0.001250
vn -0.434394 -0.899596 0.045041
vn -0.381616 -0.924320 0.001391
vn -0.248990 -0.967288 0.048554
vn -0.195786 -0.980646 0.001476
vn -0.000000 -0.999999 0.001505
vn -0.000001 -0.986721 0.162423
vn -0.248993 -0.947243 0.201826
vn -0.434389 -0.880994 0.187496
vn -0.433787 -0.804504 0.405711
vn -0.605368 -0.710895 0.357991
vn -0.605613 -0.624684 0.492953
vn -0.749637 -0.519526 0.410044
vn -0.750033 -0.425345 0.506489
vn -0.866212 -0.321105 0.382842
vn -0.866186 -0.268481 0.421474
vn -0.922448 -0.207549 0.325598
vn -0.000597 -0.916272 0.400557
vn -0.248644 -0.864579 0.436668
vn -0.434347 -0.707293 0.557745
vn -0.605874 -0.511856 0.609032
vn -0.749990 -0.355079 0.558062
vn -0.001580 -0.827577 0.561350
vn -0.248956 -0.760746 0.599406
vn -0.434046 -0.579685 0.689615
vn -0.605850 -0.426932 0.671323
vn -0.001326 -0.691302 0.722564
vn -0.248852 -0.623171 0.741438
vn -0.434099 -0.483747 0.759965
vn -0.002740 -0.557178 0.830388
vn -0.248875 -0.520597 0.816725
vn -0.000000 -0.459653 0.888098
vn -0.434462 -0.186332 0.881206
vn -0.500071 -0.127701 0.856517
vn -0.605695 -0.164606 0.778485
vn -0.707107 -0.104272 0.699376
vn -0.749695 -0.136883 0.647472
vn -0.865984 -0.073742 0.494604
vn -0.866005 -0.103406 0.489226
vn -0.922350 -0.079886 0.378006
vn -0.965931 -0.038163 0.255970
vn -0.980147 -0.040988 0.193991
vn -0.605711 -0.778275 0.165534
vn -0.749737 -0.647235 0.137771
vn -0.866031 -0.489003 0.104245
vn -0.922363 -0.377818 0.080620
vn -0.749535 -0.591308 0.297577
vn -0.865889 -0.446893 0.224773
vn -0.922263 -0.345390 0.173597
vn -0.865966 -0.392556 0.309843
vn -0.922324 -0.303299 0.239434
vn -0.922461 -0.247967 0.295935
vn -0.999986 -0.000228 0.005282
vn -0.980144 -0.009409 0.198065
vn -0.980600 -0.008476 0.195838
vn -0.925839 -0.016369 0.377565
vn -0.922339 -0.018334 0.385947
vn -0.865984 -0.023729 0.499508
vn -0.865985 -0.026244 0.499381
vn -0.749663 -0.034733 0.660908
vn -0.749664 -0.039765 0.660623
vn -0.605675 -0.047810 0.794275
vn -0.605674 -0.058081 0.793590
vn -0.434485 -0.065743 0.898276
vn -0.434518 -0.088640 0.896291
vn -0.249060 -0.095310 0.963787
vn -0.980144 -0.014474 0.197759
vn -0.980144 -0.011914 0.197929
vn -0.980144 -0.010407 0.198014
vn -0.922340 -0.023215 0.385682
vn -0.922339 -0.020278 0.385849
vn -0.865985 -0.030046 0.499166
vn -0.980150 -0.019537 0.197294
vn -0.922360 -0.038056 0.384452
vn -0.866019 -0.049244 0.497580
vn -0.749716 -0.065154 0.658545
vn -0.865985 -0.036502 0.498736
vn -0.749664 -0.048308 0.660054
vn -0.605729 -0.078318 0.791807
vn -0.000006 -0.060268 0.998182
vn -0.249035 -0.070693 0.965911
vn -0.434486 -0.054117 0.899051
vn -0.605674 -0.041759 0.794617
vn -0.749662 -0.031404 0.661075
vn -0.834869 -0.023881 0.549930
vn 0.000000 -0.043572 0.999050
vn -0.249035 -0.050827 0.967160
vn -0.249035 -0.058192 0.966745
vn -0.249035 -0.045956 0.967404
vn -0.199597 -0.042687 0.978948
vn -0.388268 -0.040123 0.920673
vn -0.434485 -0.042738 0.899664
vn -0.563912 -0.035924 0.825053
vn -0.605673 -0.037757 0.794817
vn -0.713429 -0.030445 0.700066
vn -0.434486 -0.047268 0.899438
vn -0.922339 -0.028204 0.385350
vn -0.000000 -0.000000 1.000000
vn -0.194265 -0.000000 0.980949
vn -0.258819 -0.000000 0.965926
vn -0.381134 -0.000000 0.924520
vn -0.500000 -0.000000 0.866025
vn -0.553467 -0.000000 0.832871
vn -0.707107 -0.000000 0.707107
vn -0.704729 -0.000000 0.709476
vn -0.829119 -0.000000 0.559073
vn -0.866025 -0.000000 0.500000
vn -0.921938 -0.000000 0.387339
vn -0.965926 -0.000000 0.258819
vn -0.979611 -0.000000 0.200904
vn -0.999977 -0.000000 0.006795
vn -0.965926 -0.000000 0.258819
vn -0.923880 -0.000000 0.382683
vn -0.866025 -0.000000 0.500000
vn -0.707107 -0.000000 0.707107
vn -0.707107 -0.000000 0.707107
vn -0.555570 -0.000000 0.831470
vn -0.500000 -0.000000 0.866025
vn -0.382683 -0.000000 0.923880
vn -0.258819 -0.000000 0.965926
vn -0.290285 -0.000000 0.956940
vn -0.195090 -0.000000 0.980785
vn -0.098017 -0.000000 0.995185
vn -1.000000 -0.000000 0.000000
vn -0.000000 -0.023273 0.999729
vn -0.000000 -0.022890 0.999738
vn -0.196024 -0.022822 0.980333
vn -0.249035 -0.022082 0.968243
vn -0.381959 -0.021510 0.923929
vn -0.434486 -0.020536 0.900445
vn -0.556618 -0.019338 0.830543
vn -0.605673 -0.018142 0.795507
vn -0.706853 -0.016467 0.707169
vn -0.749662 -0.015090 0.661649
vn -0.830074 -0.012984 0.557502
vn -0.865984 -0.011402 0.499941
vn -0.923313 -0.008943 0.383945
vn -0.922339 -0.008810 0.386282
vn -0.980144 -0.004521 0.198237
vn -0.980144 -0.004435 0.198239
vn -0.999986 -0.000123 0.005289
vn -0.980144 -0.004356 0.198240
vn -0.980144 -0.004283 0.198242
vn -0.980144 -0.004215 0.198243
vn -0.922339 -0.008346 0.386292
vn -0.922339 -0.008213 0.386295
vn -0.865984 -0.010802 0.499955
vn -0.865984 -0.010630 0.499958
vn -0.749662 -0.014295 0.661667
vn -0.749662 -0.014068 0.661671
vn -0.605673 -0.017187 0.795528
vn -0.605673 -0.016914 0.795534
vn -0.434486 -0.019455 0.900469
vn -0.434486 -0.019145 0.900475
vn -0.249035 -0.020919 0.968269
vn -0.249035 -0.020587 0.968276
vn -0.000000 -0.021754 0.999763
vn -0.000000 -0.020806 0.999784
vn -0.249035 -0.021660 0.968252
vn -0.249035 -0.021276 0.968261
vn 0.000000 -0.019253 0.999815
vn -0.194969 -0.018883 0.980628
vn -0.249035 -0.019969 0.968289
vn -0.249035 -0.020268 0.968282
vn -0.434486 -0.018571 0.900487
vn -0.434486 -0.018849 0.900482
vn -0.605673 -0.016406 0.795545
vn -0.605673 -0.016652 0.795540
vn -0.749662 -0.013646 0.661680
vn -0.749662 -0.013850 0.661676
vn -0.865984 -0.010311 0.499965
vn -0.865984 -0.010465 0.499962
vn -0.922339 -0.007967 0.386300
vn -0.922339 -0.008086 0.386298
vn -0.980144 -0.004088 0.198246
vn -0.980144 -0.004150 0.198245
vn -0.380070 -0.017808 0.924786
vn -0.249035 -0.018888 0.968310
vn -0.249035 -0.019140 0.968305
vn -0.249035 -0.019402 0.968300
vn -0.434486 -0.017799 0.900503
vn -0.434486 -0.018043 0.900498
vn -0.605673 -0.015725 0.795558
vn -0.605673 -0.015941 0.795554
vn -0.749662 -0.013079 0.661692
vn -0.749662 -0.013258 0.661688
vn -0.865984 -0.009883 0.499974
vn -0.865984 -0.010018 0.499971
vn -0.922339 -0.007636 0.386307
vn -0.922339 -0.007740 0.386305
vn -0.980144 -0.003919 0.198250
vn -0.980144 -0.003972 0.198248
vn -0.434486 -0.017565 0.900507
vn -0.554379 -0.016023 0.832110
vn -0.605673 -0.015518 0.795562
vn -0.704760 -0.013659 0.709315
vn -0.749662 -0.012907 0.661695
vn -0.828475 -0.010782 0.559922
vn -0.865984 -0.009752 0.499976
vn -0.922389 -0.007437 0.386192
vn -0.922339 -0.007535 0.386309
vn -0.979480 -0.003880 0.201504
vn -0.980144 -0.003867 0.198251
vn -0.999976 -0.000134 0.006944
vn -0.979898 -0.004646 0.199446
vn -0.980144 -0.004029 0.198247
vn -0.922339 -0.007850 0.386302
vn -0.865984 -0.010160 0.499968
vn -0.749662 -0.013446 0.661684
vn -0.605673 -0.016167 0.795550
vn -0.434486 -0.018299 0.900493
vn -0.249035 -0.019677 0.968295
vn -0.434486 -0.020144 0.900453
vn -0.434486 -0.019786 0.900461
vn -0.605673 -0.017796 0.795515
vn -0.605673 -0.017480 0.795522
vn -0.749662 -0.014802 0.661655
vn -0.749662 -0.014539 0.661661
vn -0.865984 -0.011184 0.499946
vn -0.865984 -0.010985 0.499951
vn -0.922339 -0.008641 0.386286
vn -0.922339 -0.008488 0.386289
vn 0.000000 -0.147463 0.989068
vn 0.000000 -0.246430 0.969161
vn 0.000000 -0.246431 0.969160
vn 0.000000 -0.459653 0.888098
vn 0.000000 -0.459706 0.888071
vn 0.000000 -0.559286 0.828975
vn 0.000000 -0.559590 0.828769
vn 0.000000 -0.688265 0.725460
vn 0.000000 -0.688323 0.725404
vn 0.000000 -0.825329 0.564653
vn 0.000000 -0.825329 0.564653
vn 0.000000 -0.918025 0.396522
vn 0.000000 -0.918025 0.396522
vn 0.000000 -0.986688 0.162625
vn 0.000000 -0.986688 0.162625
vn 0.000000 -0.999999 0.001505
vn 0.000000 -1.000000 0.000000
vn 0.000000 -1.000000 0.000000
vn 0.000000 -0.986884 -0.161433
vn 0.000000 -0.986850 -0.161636
vn 0.000000 -0.958041 -0.286631
vn 0.000000 -0.957971 -0.286866
vn 0.000000 -0.888604 -0.458675
vn 0.000000 -0.888930 -0.458044
vn 0.000000 -0.757154 -0.653236
vn 0.000000 -0.756231 -0.654304
vn 0.000000 -0.599664 -0.800252
vn 0.000000 -0.378267 -0.925697
vn 0.000000 -0.470543 -0.882377
vn 0.000000 -0.599335 -0.800498
vn 0.000000 -0.378094 -0.925767
vn 0.000000 -0.188650 -0.982044
vn 0.000000 -0.188454 -0.982082
vn 0.000000 -0.111945 -0.993714
vn 0.000000 -0.111750 -0.993736
vn 0.000000 -0.035747 -0.999361
vn 0.000000 -0.035724 -0.999362
vn 0.000000 -0.026359 -0.999653
vn 0.000000 0.012984 -0.999916
vn 0.000000 0.012976 -0.999916
vn 0.000000 0.023755 -0.999718
vn 0.000000 0.023754 -0.999718
vn 0.000000 0.034588 -0.999402
vn 0.000000 0.034593 -0.999401
vn 0.000000 0.071459 -0.997444
vn 0.000000 0.071460 -0.997444
vn 0.000000 0.121471 -0.992595
vn 0.000000 0.121462 -0.992596
vn 0.000000 0.189172 -0.981944
vn 0.000000 0.189220 -0.981935
vn 0.000000 0.276364 -0.961053
vn 0.000000 0.276329 -0.961063
vn 0.000000 0.379532 -0.925179
vn 0.000000 0.379468 -0.925205
vn 0.000000 0.488919 -0.872329
vn 0.000000 0.488787 -0.872403
vn 0.000000 0.592198 -0.805793
vn 0.000000 0.591729 -0.806137
vn 0.000000 0.679402 -0.733766
vn 0.000000 0.679364 -0.733801
vn 0.000000 0.746607 -0.665266
vn 0.000000 0.746680 -0.665183
vn 0.000000 0.870791 -0.491653
vn 0.000000 0.870791 -0.491653
vn 0.000000 0.870791 -0.491653
vn 1.000000 -0.000000 0.000000
vn 0.999986 -0.000123 0.005289
vn 0.980144 -0.004150 0.198245
vn 0.980144 -0.004215 0.198243
vn 0.922339 -0.008086 0.386298
vn 0.922339 -0.008213 0.386295
vn 0.865984 -0.010465 0.499962
vn 0.865984 -0.010630 0.499958
vn 0.749662 -0.013850 0.661676
vn 0.749662 -0.014068 0.661671
vn 0.605673 -0.016652 0.795540
vn 0.605673 -0.016914 0.795534
vn 0.434486 -0.018849 0.900482
vn 0.434486 -0.019145 0.900475
vn 0.249035 -0.020268 0.968282
vn 0.249035 -0.020587 0.968276
vn 0.000000 -0.020806 0.999784
vn 0.000000 -0.021754 0.999763
vn 0.999976 -0.000134 0.006944
vn 0.980144 -0.003867 0.198251
vn 0.980144 -0.003919 0.198250
vn 0.980144 -0.003972 0.198248
vn 0.922339 -0.007636 0.386307
vn 0.922339 -0.007740 0.386305
vn 0.865984 -0.009883 0.499974
vn 0.865984 -0.010018 0.499971
vn 0.749662 -0.013079 0.661692
vn 0.749662 -0.013258 0.661688
vn 0.605673 -0.015725 0.795558
vn 0.605673 -0.015941 0.795554
vn 0.434486 -0.017799 0.900503
vn 0.434486 -0.018043 0.900498
vn 0.249035 -0.019140 0.968305
vn 0.249035 -0.019402 0.968300
vn 0.000000 -0.019253 0.999815
vn 0.979480 -0.003880 0.201504
vn 0.922339 -0.007535 0.386309
vn 0.922389 -0.007437 0.386192
vn 0.865984 -0.009752 0.499976
vn 0.828475 -0.010782 0.559922
vn 0.749662 -0.012907 0.661695
vn 0.704760 -0.013659 0.709315
vn 0.605673 -0.015518 0.795562
vn 0.554379 -0.016023 0.832110
vn 0.434486 -0.017565 0.900507
vn 0.380070 -0.017808 0.924786
vn 0.249035 -0.018888 0.968310
vn 0.194969 -0.018883 0.980628
vn 0.000000 -0.022890 0.999738
vn 0.249035 -0.021660 0.968252
vn 0.249035 -0.021276 0.968261
vn 0.249035 -0.020919 0.968269
vn 0.434486 -0.019786 0.900461
vn 0.434486 -0.019455 0.900469
vn 0.605673 -0.017480 0.795522
vn 0.605673 -0.017187 0.795528
vn 0.749662 -0.014539 0.661661
vn 0.749662 -0.014295 0.661667
vn 0.865984 -0.010985 0.499951
vn 0.865984 -0.010802 0.499955
vn 0.922339 -0.008488 0.386289
vn 0.922339 -0.008346 0.386292
vn 0.980144 -0.004356 0.198240
vn 0.980144 -0.004283 0.198242
vn 0.196024 -0.022822 0.980333
vn 0.249035 -0.022082 0.968243
vn 0.434486 -0.020536 0.900445
vn 0.434486 -0.020144 0.900453
vn 0.605673 -0.018142 0.795507
vn 0.605673 -0.017796 0.795515
vn 0.749662 -0.015090 0.661649
vn 0.749662 -0.014802 0.661655
vn 0.865984 -0.011402 0.499941
vn 0.865984 -0.011184 0.499946
vn 0.922339 -0.008810 0.386282
vn 0.922339 -0.008641 0.386286
vn 0.980144 -0.004521 0.198237
vn 0.980144 -0.004435 0.198239
vn 0.381959 -0.021510 0.923929
vn 0.556618 -0.019338 0.830543
vn 0.706853 -0.016467 0.707169
vn 0.830074 -0.012984 0.557503
vn 0.923312 -0.008943 0.383945
vn 0.979898 -0.004646 0.199446
vn 0.980144 -0.004029 0.198247
vn 0.980144 -0.004088 0.198246
vn 0.922339 -0.007850 0.386302
vn 0.922339 -0.007967 0.386300
vn 0.865984 -0.010160 0.499968
vn 0.865984 -0.010311 0.499965
vn 0.749662 -0.013446 0.661684
vn 0.749662 -0.013646 0.661680
vn 0.605673 -0.016167 0.795550
vn 0.605673 -0.016406 0.795545
vn 0.434486 -0.018299 0.900493
vn 0.434486 -0.018571 0.900487
vn 0.249035 -0.019677 0.968295
vn 0.249035 -0.019969 0.968289
vn 0.999977 0.000000 0.006795
vn 0.979611 0.000000 0.200904
vn 0.965926 0.000000 0.258819
vn 0.921938 0.000000 0.387339
vn 0.866025 0.000000 0.500000
vn 0.829119 0.000000 0.559073
vn 0.707107 0.000000 0.707107
vn 0.704729 0.000000 0.709476
vn 0.553467 0.000000 0.832871
vn 0.500000 0.000000 0.866025
vn 0.381134 0.000000 0.924520
vn 0.258819 0.000000 0.965926
vn 0.194265 0.000000 0.980949
vn 0.000000 0.000000 1.000000
vn 0.258819 0.000000 0.965926
vn 0.098017 0.000000 0.995185
vn 0.195090 0.000000 0.980785
vn 0.290285 0.000000 0.956940
vn 0.382683 0.000000 0.923880
vn 0.500000 0.000000 0.866025
vn 0.555570 0.000000 0.831470
vn 0.707107 0.000000 0.707107
vn 0.707107 0.000000 0.707107
vn 0.866025 0.000000 0.500000
vn 0.923880 0.000000 0.382683
vn 0.965926 0.000000 0.258819
vn 0.200202 -0.042682 0.978825
vn -0.000000 -0.043572 0.999050
vn 0.249035 -0.047755 0.967316
vn 0.000002 -0.060311 0.998180
vn 0.249035 -0.055172 0.966922
vn 0.249035 -0.066134 0.966234
vn 0.434485 -0.061503 0.898577
vn 0.434537 -0.084059 0.896723
vn 0.605755 -0.074274 0.792177
vn 0.500071 -0.127701 0.856517
vn 0.707107 -0.104272 0.699376
vn 0.249073 -0.090382 0.964258
vn 0.258800 -0.142439 0.955371
vn 0.749740 -0.061793 0.658841
vn 0.865984 -0.073742 0.494604
vn 0.866035 -0.046708 0.497797
vn 0.922370 -0.036099 0.384617
vn 0.865985 -0.034148 0.498902
vn 0.922339 -0.026385 0.385479
vn 0.865985 -0.028487 0.499258
vn 0.922339 -0.022011 0.385753
vn 0.865985 -0.024658 0.499462
vn 0.922339 -0.019052 0.385911
vn 0.865984 -0.022186 0.499579
vn 0.922339 -0.017142 0.386002
vn 0.925965 -0.016356 0.377255
vn 0.980144 -0.008797 0.198093
vn 0.980638 -0.008467 0.195646
vn 0.980144 -0.009778 0.198046
vn 0.980144 -0.011296 0.197965
vn 0.965931 -0.038163 0.255970
vn 0.980152 -0.018534 0.197377
vn 0.980144 -0.013541 0.197825
vn 0.999986 -0.000228 0.005282
vn 0.835146 -0.023863 0.549510
vn 0.749662 -0.029363 0.661169
vn 0.749663 -0.032633 0.661014
vn 0.749664 -0.037702 0.660744
vn 0.749664 -0.045193 0.660274
vn 0.713558 -0.030439 0.699935
vn 0.605673 -0.035303 0.794930
vn 0.605674 -0.039235 0.794745
vn 0.605674 -0.045329 0.794421
vn 0.605674 -0.054335 0.793855
vn 0.564397 -0.035909 0.824722
vn 0.434486 -0.039960 0.899792
vn 0.434486 -0.044411 0.899583
vn 0.434486 -0.051309 0.899216
vn 0.388536 -0.040118 0.920560
vn 0.249035 -0.042969 0.967541
vn 0.195786 -0.980645 0.001516
vn 0.000000 -0.986688 0.162626
vn 0.248990 -0.967268 0.048946
vn 0.248987 -0.945382 0.210376
vn 0.434393 -0.899578 0.045405
vn 0.434374 -0.879268 0.195467
vn 0.605679 -0.794700 0.040048
vn 0.605716 -0.776739 0.172579
vn 0.749699 -0.660938 0.033342
vn 0.749748 -0.645951 0.143614
vn 0.866006 -0.499396 0.025249
vn 0.866037 -0.488034 0.108640
vn 0.922349 -0.385864 0.019533
vn 0.922367 -0.377071 0.084006
vn 0.980146 -0.198023 0.010042
vn 0.980151 -0.193498 0.043165
vn 0.381616 -0.924320 0.001472
vn 0.556499 -0.830847 0.001358
vn 0.707107 -0.707106 0.001187
vn 0.830848 -0.556498 0.000959
vn 0.924321 -0.381615 0.000676
vn 0.980647 -0.195786 0.000356
vn 0.980119 -0.165930 0.108784
vn 0.980144 -0.185001 0.071367
vn 0.922338 -0.360474 0.139109
vn 0.865984 -0.466530 0.180062
vn 0.749661 -0.617422 0.238324
vn 0.605670 -0.742320 0.286573
vn 0.434481 -0.840207 0.324466
vn 0.249031 -0.903427 0.349003
vn 0.000597 -0.916272 0.400557
vn 0.980169 -0.133978 0.146008
vn 0.980180 -0.104404 0.168367
vn 0.980175 -0.057619 0.189573
vn 0.980146 -0.034306 0.195286
vn 0.922348 -0.066826 0.380536
vn 0.866002 -0.086470 0.492508
vn 0.749690 -0.114400 0.651826
vn 0.866176 -0.144780 0.478308
vn 0.749960 -0.191252 0.633232
vn 0.866239 -0.262872 0.424886
vn 0.750073 -0.347603 0.562639
vn 0.866164 -0.338631 0.367544
vn 0.749952 -0.448638 0.486103
vn 0.865885 -0.418383 0.274223
vn 0.749530 -0.553627 0.362908
vn 0.605691 -0.137516 0.783727
vn 0.605945 -0.229678 0.761629
vn 0.605929 -0.417917 0.676901
vn 0.605853 -0.539871 0.584364
vn 0.605353 -0.665696 0.436345
vn 0.434464 -0.155666 0.887135
vn 0.434533 -0.259940 0.862330
vn 0.434123 -0.473558 0.766342
vn 0.434231 -0.611284 0.661646
vn 0.433747 -0.753700 0.493761
vn 0.249027 -0.167412 0.953918
vn 0.249101 -0.279575 0.927247
vn 0.248900 -0.509662 0.823586
vn 0.248939 -0.657090 0.711521
vn 0.248622 -0.810378 0.530542
vn 0.000005 -0.245420 0.969417
vn 0.000119 -0.456853 0.889542
vn 0.003165 -0.557662 0.830062
vn 0.001327 -0.692151 0.721752
vn 0.001580 -0.827577 0.561350
vn 0.922260 -0.323310 0.211914
vn 0.922438 -0.261457 0.284161
vn 0.922480 -0.203241 0.328213
vn 0.922453 -0.112016 0.369503
vn 1.000000 0.000000 -0.000000
vn 0.980785 -0.195090 0.000000
vn 0.965926 -0.258819 0.000000
vn 0.923880 -0.382683 0.000000
vn 0.866025 -0.500000 0.000000
vn 0.831470 -0.555570 0.000000
vn 0.707107 -0.707107 0.000000
vn 0.707107 -0.707107 0.000000
vn 0.555570 -0.831469 0.000000
vn 0.500000 -0.866025 0.000000
vn 0.382684 -0.923879 0.000000
vn 0.258819 -0.965926 0.000000
vn 0.195090 -0.980785 0.000000
vn 0.258800 -0.025461 -0.965595
vn 0.249034 -0.025563 -0.968157
vn 0.249034 -0.025693 -0.968154
vn 0.249034 -0.026053 -0.968144
vn 0.434485 -0.023894 -0.900362
vn 0.434485 -0.024229 -0.900353
vn 0.605672 -0.021110 -0.795434
vn 0.605672 -0.021405 -0.795426
vn 0.749662 -0.017557 -0.661588
vn 0.749662 -0.017803 -0.661582
vn 0.865984 -0.013266 -0.499895
vn 0.865984 -0.013452 -0.499890
vn 0.922339 -0.010250 -0.386247
vn 0.922339 -0.010394 -0.386243
vn 0.980144 -0.005260 -0.198219
vn 0.980144 -0.005334 -0.198217
vn 0.434485 -0.023773 -0.900365
vn 0.500071 -0.022826 -0.865683
vn 0.605672 -0.021002 -0.795437
vn 0.707107 -0.018638 -0.706861
vn 0.749662 -0.017468 -0.661591
vn 0.865984 -0.013181 -0.499898
vn 0.865984 -0.013199 -0.499897
vn 0.922339 -0.010198 -0.386248
vn 0.965931 -0.006822 -0.258710
vn 0.980144 -0.005234 -0.198220
vn 0.980144 -0.011238 -0.197969
vn 0.980144 -0.009735 -0.198048
vn 0.980144 -0.007645 -0.198141
vn 0.922339 -0.018969 -0.385915
vn 0.922339 -0.014898 -0.386095
vn 0.865986 -0.024550 -0.499466
vn 0.865985 -0.019281 -0.499699
vn 0.749664 -0.032489 -0.661021
vn 0.749663 -0.025518 -0.661328
vn 0.605674 -0.039061 -0.794754
vn 0.605673 -0.030681 -0.795122
vn 0.434484 -0.044214 -0.899594
vn 0.434485 -0.034728 -0.900009
vn 0.249034 -0.047543 -0.967327
vn 0.249034 -0.037343 -0.967775
vn 0.000003 -0.035675 -0.999363
vn 0.249034 -0.033611 -0.967911
vn 0.249034 -0.029005 -0.968060
vn 0.434485 -0.026974 -0.900275
vn 0.434485 -0.025575 -0.900316
vn 0.605672 -0.022595 -0.795393
vn 0.980145 -0.024030 -0.196822
vn 0.980144 -0.015104 -0.197710
vn 0.922340 -0.029429 -0.385256
vn 0.922339 -0.021898 -0.385760
vn 0.865988 -0.038087 -0.498613
vn 0.865986 -0.028342 -0.499265
vn 0.749667 -0.050402 -0.659893
vn 0.749664 -0.037511 -0.660755
vn 0.605676 -0.060595 -0.793401
vn 0.605674 -0.045100 -0.794434
vn 0.434482 -0.068588 -0.898065
vn 0.434484 -0.051050 -0.899232
vn 0.249033 -0.073755 -0.965683
vn 0.249034 -0.054894 -0.966938
vn 0.000017 -0.111422 -0.993773
vn 0.980146 -0.056611 -0.190024
vn 0.980146 -0.037696 -0.194661
vn 0.922347 -0.073437 -0.379318
vn 0.922343 -0.046819 -0.383526
vn 0.866000 -0.095030 -0.490931
vn 0.865991 -0.060589 -0.496375
vn 0.749687 -0.125738 -0.649738
vn 0.749673 -0.080175 -0.656934
vn 0.605690 -0.151154 -0.781212
vn 0.605680 -0.096387 -0.789849
vn 0.434468 -0.171101 -0.884286
vn 0.434477 -0.109103 -0.894050
vn 0.249028 -0.184002 -0.950857
vn 0.249031 -0.117325 -0.961363
vn 0.000124 -0.187835 -0.982201
vn 0.980149 -0.080017 -0.181396
vn 0.980091 -0.121730 -0.156856
vn 0.980118 -0.154036 -0.125063
vn 0.980142 -0.180377 -0.082382
vn 0.980156 -0.191226 -0.052220
vn 0.980145 -0.196066 -0.029547
vn 0.965931 -0.258800 0.000000
vn 0.922345 -0.382068 -0.057474
vn 0.865984 -0.500071 0.000000
vn 0.865996 -0.494499 -0.074305
vn 0.749681 -0.654477 -0.098176
vn 0.866074 -0.482212 -0.131863
vn 0.749807 -0.638193 -0.174639
vn 0.865988 -0.454855 -0.207778
vn 0.749674 -0.601989 -0.274950
vn 0.865871 -0.388208 -0.315533
vn 0.749505 -0.513682 -0.417580
vn 0.865748 -0.307478 -0.394889
vn 0.749333 -0.407081 -0.522288
vn 0.866025 -0.201676 -0.457523
vn 0.749729 -0.266815 -0.605571
vn 0.866001 -0.142718 -0.479243
vn 0.749689 -0.188837 -0.634277
vn 0.605684 -0.786919 -0.117922
vn 0.605757 -0.767412 -0.210091
vn 0.605623 -0.723822 -0.330609
vn 0.605361 -0.617552 -0.502162
vn 0.605031 -0.489751 -0.627759
vn 0.605710 -0.320750 -0.728172
vn 0.605687 -0.227015 -0.762632
vn 0.500071 -0.865984 0.000000
vn 0.434465 -0.890736 -0.133526
vn 0.434333 -0.868783 -0.237848
vn 0.434266 -0.819280 -0.374424
vn 0.433853 -0.698793 -0.568735
vn 0.433204 -0.554930 -0.710202
vn 0.434412 -0.363130 -0.824271
vn 0.434452 -0.256987 -0.863255
vn 0.258800 -0.965931 0.000000
vn 0.249026 -0.957775 -0.143712
vn 0.248973 -0.934147 -0.255697
vn 0.248919 -0.880782 -0.402817
vn 0.248674 -0.750920 -0.611785
vn 0.248306 -0.596992 -0.762853
vn 0.249005 -0.390561 -0.886261
vn 0.249020 -0.276377 -0.928227
vn 0.000301 -0.987220 -0.159361
vn 0.000660 -0.957333 -0.288988
vn 0.000912 -0.888976 -0.457952
vn 0.002242 -0.752463 -0.658631
vn 0.002506 -0.604884 -0.796309
vn 0.000286 -0.471840 -0.881684
vn 0.000121 -0.376831 -0.926282
vn 0.249034 -0.027501 -0.968104
vn 0.980144 -0.005938 -0.198200
vn 0.980144 -0.006882 -0.198169
vn 0.922339 -0.013410 -0.386149
vn 0.865985 -0.017355 -0.499769
vn 0.922339 -0.011572 -0.386209
vn 0.865984 -0.014976 -0.499847
vn 0.922339 -0.010972 -0.386227
vn 0.865984 -0.014200 -0.499870
vn 0.749662 -0.022969 -0.661422
vn 0.749662 -0.019821 -0.661524
vn 0.749662 -0.018793 -0.661554
vn 0.605673 -0.027615 -0.795234
vn 0.605672 -0.023831 -0.795357
vn 0.434485 -0.031258 -0.900137
vn 0.980144 -0.005631 -0.198209
vn 0.922348 -0.110288 -0.370286
vn 0.922361 -0.155863 -0.353492
vn 0.922164 -0.237488 -0.305307
vn 0.922255 -0.300022 -0.243788
vn 0.922335 -0.351459 -0.160547
vn 0.922387 -0.372599 -0.101839
vn 0.258800 0.841124 -0.474903
vn 0.000070 0.747391 -0.664385
vn 0.249034 0.675813 -0.693728
vn 0.000102 0.683060 -0.730363
vn 0.249133 0.595016 -0.764126
vn 0.000709 0.587119 -0.809501
vn 0.249040 0.500285 -0.829273
vn 0.000436 0.489337 -0.872094
vn 0.249027 0.393136 -0.885116
vn 0.000078 0.379173 -0.925326
vn 0.249070 0.290935 -0.923754
vn 0.000278 0.274845 -0.961489
vn 0.249034 0.236624 -0.939144
vn 0.249032 0.201601 -0.947281
vn 0.434484 0.220056 -0.873384
vn 0.434478 0.187483 -0.880953
vn 0.605673 0.194410 -0.771599
vn 0.605678 0.165632 -0.778280
vn 0.749662 0.161696 -0.641764
vn 0.749670 0.137763 -0.647314
vn 0.865984 0.122176 -0.484917
vn 0.865989 0.104096 -0.489108
vn 0.922339 0.094399 -0.374673
vn 0.922341 0.080431 -0.377911
vn 0.980144 0.048445 -0.192280
vn 0.980144 0.041278 -0.193941
vn 0.434485 0.628492 -0.645152
vn 0.500071 0.754091 -0.425764
vn 0.605672 0.555244 -0.569969
vn 0.707107 0.615742 -0.347651
vn 0.749662 0.461805 -0.474071
vn 0.865984 0.435458 -0.245862
vn 0.865984 0.348928 -0.358218
vn 0.922339 0.269594 -0.276786
vn 0.866213 0.307041 -0.394210
vn 0.922476 0.237248 -0.304551
vn 0.866028 0.258141 -0.428204
vn 0.922364 0.199414 -0.330874
vn 0.865991 0.202975 -0.457012
vn 0.922342 0.156826 -0.353115
vn 0.866071 0.150161 -0.476836
vn 0.922391 0.116017 -0.368422
vn 0.965931 0.225360 -0.127240
vn 0.980144 0.138347 -0.142051
vn 0.980181 0.121766 -0.156264
vn 0.980151 0.102303 -0.169820
vn 0.980145 0.080478 -0.181218
vn 0.980158 0.059535 -0.189067
vn 0.980151 0.030048 -0.195964
vn 0.980148 0.033151 -0.195476
vn 0.980144 0.036750 -0.194850
vn 0.922355 0.064602 -0.380904
vn 0.922341 0.071614 -0.379682
vn 0.866011 0.083614 -0.492984
vn 0.865988 0.092688 -0.491400
vn 0.749703 0.110668 -0.652455
vn 0.749668 0.122674 -0.650346
vn 0.605712 0.133067 -0.784478
vn 0.605678 0.147497 -0.781920
vn 0.434499 0.150629 -0.887988
vn 0.434487 0.166957 -0.885069
vn 0.249047 0.161973 -0.954851
vn 0.249036 0.179529 -0.951709
vn 0.000004 0.189699 -0.981842
vn 0.980144 0.018774 -0.197396
vn 0.980144 0.019852 -0.197290
vn 0.980144 0.021055 -0.197166
vn 0.922340 0.038683 -0.384438
vn 0.922340 0.041027 -0.384196
vn 0.865987 0.050065 -0.497554
vn 0.865986 0.053099 -0.497241
vn 0.749666 0.066259 -0.658491
vn 0.749665 0.070274 -0.658076
vn 0.605675 0.079664 -0.791714
vn 0.605675 0.084492 -0.791214
vn 0.434482 0.090173 -0.896155
vn 0.434483 0.095638 -0.895588
vn 0.249033 0.096962 -0.963629
vn 0.249033 0.102839 -0.963020
vn 0.000007 0.120881 -0.992667
vn 0.249034 0.109321 -0.962305
vn 0.249034 0.116131 -0.961507
vn 0.434485 0.107999 -0.894180
vn 0.434495 0.115157 -0.893282
vn 0.605699 0.101738 -0.789163
vn 0.605729 0.110141 -0.788011
vn 0.749721 0.091608 -0.655383
vn 0.749728 0.100298 -0.654101
vn 0.866027 0.075782 -0.494221
vn 0.980144 0.009837 -0.198044
vn 0.980144 0.010172 -0.198027
vn 0.980144 0.010542 -0.198006
vn 0.922339 0.019820 -0.385872
vn 0.922340 0.020541 -0.385833
vn 0.865985 0.025652 -0.499411
vn 0.865987 0.026585 -0.499360
vn 0.749663 0.033948 -0.660948
vn 0.749666 0.035183 -0.660881
vn 0.605674 0.040816 -0.794665
vn 0.605676 0.042301 -0.794586
vn 0.434485 0.046200 -0.899493
vn 0.434485 0.047881 -0.899405
vn 0.249034 0.049679 -0.967220
vn 0.249035 0.051486 -0.967125
vn 0.000025 0.071829 -0.997417
vn 0.249035 0.053466 -0.967017
vn 0.249036 0.055618 -0.966896
vn 0.434486 0.051724 -0.899192
vn 0.434486 0.053889 -0.899065
vn 0.605682 0.047608 -0.794281
vn 0.605683 0.049663 -0.794155
vn 0.749673 0.041306 -0.660518
vn 0.749673 0.043132 -0.660401
vn 0.865992 0.032590 -0.498996
vn 0.865991 0.034059 -0.498898
vn 0.922343 0.026316 -0.385476
vn 0.922342 0.027519 -0.385393
vn 0.980145 0.014122 -0.197781
vn 0.980144 0.014775 -0.197734
vn 0.980144 0.015463 -0.197683
vn 0.980144 0.016186 -0.197626
vn 0.922340 0.030132 -0.385203
vn 0.922339 0.031540 -0.385092
vn 0.865986 0.038998 -0.498544
vn 0.865985 0.040821 -0.498401
vn 0.749665 0.051612 -0.659801
vn 0.749663 0.054025 -0.659611
vn 0.605676 0.062055 -0.793288
vn 0.605673 0.064955 -0.793058
vn 0.434485 0.070241 -0.897936
vn 0.434485 0.073524 -0.897673
vn 0.249035 0.075530 -0.965545
vn 0.249034 0.079060 -0.965262
vn 0.249034 0.082761 -0.964952
vn 0.249034 0.086893 -0.964589
vn 0.434484 0.080808 -0.897047
vn 0.434483 0.085275 -0.896634
vn 0.605675 0.075337 -0.792138
vn 0.980144 0.005370 -0.198215
vn 0.980144 0.005497 -0.198212
vn 0.980144 0.005634 -0.198208
vn 0.922339 0.010712 -0.386233
vn 0.922339 0.010978 -0.386226
vn 0.865985 0.013863 -0.499878
vn 0.865985 0.014208 -0.499869
vn 0.749663 0.018348 -0.661566
vn 0.749662 0.018803 -0.661553
vn 0.605673 0.022059 -0.795408
vn 0.605673 0.022608 -0.795393
vn 0.434485 0.024969 -0.900333
vn 0.434485 0.025590 -0.900315
vn 0.249034 0.026850 -0.968122
vn 0.249034 0.027517 -0.968104
vn 0.000004 0.034545 -0.999403
vn 0.249034 0.028231 -0.968083
vn 0.249034 0.028994 -0.968061
vn 0.434485 0.026963 -0.900275
vn 0.434485 0.027751 -0.900252
vn 0.605672 0.024517 -0.795336
vn 0.605672 0.025303 -0.795312
vn 0.749662 0.021045 -0.661486
vn 0.749662 0.021736 -0.661464
vn 0.865984 0.016424 -0.499801
vn 0.865984 0.016974 -0.499783
vn 0.922339 0.013115 -0.386160
vn 0.922339 0.013561 -0.386144
vn 0.980144 0.006960 -0.198166
vn 0.980144 0.007200 -0.198158
vn 0.980144 0.007451 -0.198148
vn 0.980144 0.007713 -0.198138
vn 0.922339 0.014519 -0.386109
vn 0.922339 0.015030 -0.386090
vn 0.865985 0.018791 -0.499717
vn 0.865985 0.019452 -0.499692
vn 0.749663 0.024868 -0.661353
vn 0.749663 0.025744 -0.661319
vn 0.605673 0.029900 -0.795152
vn 0.605673 0.030952 -0.795112
vn 0.434484 0.033844 -0.900044
vn 0.434484 0.035035 -0.899998
vn 0.249033 0.036392 -0.967811
vn 0.249033 0.037673 -0.967762
vn 0.249033 0.039007 -0.967709
vn 0.249033 0.040396 -0.967652
vn 0.434484 0.037567 -0.899896
vn 0.434484 0.038909 -0.899839
vn 0.605673 0.034374 -0.794971
vn 0.605672 0.035604 -0.794917
vn 0.749662 0.029613 -0.661158
vn 0.749662 0.030672 -0.661110
vn 0.865984 0.023175 -0.499534
vn 0.865984 0.024003 -0.499495
vn 0.922339 0.018546 -0.385937
vn 0.922339 0.019167 -0.385907
vn 0.980144 0.004228 -0.198242
vn 0.980144 0.004415 -0.198239
vn 0.980144 0.004546 -0.198236
vn 0.922339 0.008604 -0.386286
vn 0.922339 0.008857 -0.386281
vn 0.865985 0.011135 -0.499946
vn 0.865984 0.011464 -0.499940
vn 0.749663 0.014738 -0.661656
vn 0.749662 0.015172 -0.661647
vn 0.605673 0.017719 -0.795516
vn 0.605673 0.018241 -0.795505
vn 0.434484 0.020057 -0.900456
vn 0.434485 0.020648 -0.900443
vn 0.249034 0.021567 -0.968255
vn 0.249034 0.022202 -0.968240
vn 0.000000 0.023300 -0.999729
vn 0.249034 0.022534 -0.968233
vn 0.249034 0.022531 -0.968233
vn 0.434485 0.020953 -0.900435
vn 0.434485 0.020995 -0.900434
vn 0.605672 0.018548 -0.795498
vn 0.605673 0.018624 -0.795496
vn 0.749662 0.015490 -0.661639
vn 0.749662 0.015587 -0.661637
vn 0.865985 0.011777 -0.499932
vn 0.865985 0.011875 -0.499929
vn 0.922339 0.009175 -0.386273
vn 0.922339 0.009269 -0.386270
vn 0.980144 0.004757 -0.198231
vn 0.980144 0.004815 -0.198229
vn 0.980144 0.004883 -0.198228
vn 0.980144 0.004961 -0.198226
vn 0.922339 0.009515 -0.386264
vn 0.922339 0.009667 -0.386260
vn 0.865985 0.012315 -0.499918
vn 0.865985 0.012511 -0.499913
vn 0.749663 0.016299 -0.661619
vn 0.749663 0.016558 -0.661612
vn 0.605674 0.019596 -0.795472
vn 0.605674 0.019908 -0.795464
vn 0.434486 0.022181 -0.900406
vn 0.434486 0.022534 -0.900397
vn 0.249035 0.023851 -0.968201
vn 0.249035 0.024231 -0.968191
vn 0.249035 0.024659 -0.968181
vn 0.249035 0.025135 -0.968168
vn 0.434486 0.023375 -0.900375
vn 0.434486 0.023862 -0.900363
vn 0.605674 0.021081 -0.795434
vn 0.605674 0.021551 -0.795421
vn 0.749663 0.017924 -0.661577
vn 0.980144 -0.000696 -0.198287
vn 0.980144 0.000044 -0.198288
vn 0.980144 0.000729 -0.198286
vn 0.922339 0.000085 -0.386381
vn 0.922340 0.001420 -0.386378
vn 0.865986 0.000110 -0.500068
vn 0.865987 0.001837 -0.500064
vn 0.749665 0.000144 -0.661817
vn 0.749666 0.002431 -0.661812
vn 0.605671 0.000173 -0.795715
vn 0.605672 0.002922 -0.795709
vn 0.434471 0.000195 -0.900686
vn 0.434471 0.003306 -0.900680
vn 0.249027 0.000209 -0.968496
vn 0.249027 0.003555 -0.968490
vn 0.000056 0.012346 -0.999924
vn 0.249027 0.006630 -0.968474
vn 0.249028 0.009436 -0.968450
vn 0.434472 0.008776 -0.900643
vn 0.434473 0.011120 -0.900616
vn 0.605674 0.009825 -0.795652
vn 0.605675 0.011699 -0.795626
vn 0.749668 0.009730 -0.661743
vn 0.749667 0.011094 -0.661722
vn 0.865988 0.008382 -0.499995
vn 0.865987 0.009287 -0.499980
vn 0.922340 0.007175 -0.386312
vn 0.922340 0.007763 -0.386302
vn 0.980144 0.003984 -0.198247
vn 0.980144 -0.004210 -0.198244
vn 0.980144 -0.003249 -0.198262
vn 0.980144 -0.002343 -0.198275
vn 0.922339 -0.006331 -0.386331
vn 0.922339 -0.004566 -0.386356
vn 0.865984 -0.008194 -0.500004
vn 0.865985 -0.005909 -0.500036
vn 0.749662 -0.010845 -0.661732
vn 0.749663 -0.007821 -0.661774
vn 0.605672 -0.013040 -0.795608
vn 0.605671 -0.009404 -0.795659
vn 0.434481 -0.014760 -0.900560
vn 0.434478 -0.010645 -0.900619
vn 0.249032 -0.015871 -0.968365
vn 0.249031 -0.011447 -0.968428
vn 0.249029 -0.007292 -0.968469
vn 0.249028 -0.003406 -0.968490
vn 0.434473 -0.003168 -0.900679
vn 0.922339 -0.008204 -0.386296
vn 0.865984 -0.010618 -0.499959
vn 0.749662 -0.014053 -0.661672
vn 0.605672 -0.016896 -0.795535
vn 0.434484 -0.019125 -0.900477
vn 0.249033 -0.020565 -0.968277
vn 0.249033 0.019458 -0.968300
vn 0.249032 0.017985 -0.968328
vn 0.249031 0.016233 -0.968360
vn 0.434479 0.016726 -0.900526
vn 0.434477 0.015097 -0.900556
vn 0.605675 0.014777 -0.795575
vn 0.605675 0.013338 -0.795600
vn 0.749667 0.012291 -0.661702
vn 0.249034 0.025659 -0.968155
vn 0.249034 0.026230 -0.968139
vn 0.249034 0.046488 -0.967378
vn 0.249034 0.044884 -0.967454
vn 0.249034 0.043334 -0.967525
vn 0.434485 0.041741 -0.899712
vn 0.434484 0.040300 -0.899777
vn 0.605672 0.036877 -0.794859
vn 0.249033 0.091696 -0.964144
vn 0.249055 0.146793 -0.957300
vn 0.249053 0.134060 -0.959167
vn 0.249043 0.123827 -0.960544
vn 0.434506 0.124673 -0.891999
vn 0.980144 -0.001492 -0.198283
vn 0.922339 -0.002908 -0.386371
vn 0.922339 -0.001357 -0.386379
vn 0.865985 -0.003764 -0.500056
vn 0.865985 -0.001757 -0.500066
vn 0.749663 -0.004982 -0.661801
vn 0.749664 -0.002326 -0.661814
vn 0.605671 -0.005990 -0.795693
vn 0.605671 -0.002798 -0.795710
vn 0.434476 -0.006781 -0.900658
vn 0.980144 0.001358 -0.198283
vn 0.922340 0.002647 -0.386371
vn 0.865987 0.003425 -0.500055
vn 0.749667 0.004532 -0.661800
vn 0.605673 0.005449 -0.795695
vn 0.434471 0.006167 -0.900665
vn 0.980144 0.002449 -0.198271
vn 0.980144 0.002915 -0.198265
vn 0.922340 0.004771 -0.386349
vn 0.922340 0.005681 -0.386337
vn 0.865988 0.006175 -0.500027
vn 0.865988 0.007352 -0.500011
vn 0.749668 0.008172 -0.661764
vn 0.249028 0.011957 -0.968422
vn 0.249029 0.014238 -0.968391
vn 0.980144 0.003324 -0.198259
vn 0.922340 0.006477 -0.386324
vn 0.980144 0.004614 -0.198235
vn 0.922339 0.008990 -0.386278
vn 0.865984 0.011635 -0.499936
vn 0.749662 0.015398 -0.661642
vn 0.605672 0.018514 -0.795499
vn 0.434485 0.020956 -0.900435
vn 0.249033 0.020652 -0.968275
vn 0.980144 0.004641 -0.198234
vn 0.980144 0.004622 -0.198235
vn 0.980144 0.004613 -0.198235
vn 0.922339 0.008989 -0.386278
vn 0.980144 0.004709 -0.198232
vn 0.980144 0.004670 -0.198233
vn 0.922339 0.009044 -0.386277
vn 0.922339 0.009007 -0.386278
vn 0.865984 0.011657 -0.499935
vn 0.865984 0.011633 -0.499936
vn 0.749662 0.015396 -0.661642
vn 0.980144 0.005049 -0.198223
vn 0.922339 0.009838 -0.386256
vn 0.865985 0.012732 -0.499907
vn 0.749663 0.016851 -0.661605
vn 0.605674 0.020260 -0.795455
vn 0.434486 0.022933 -0.900387
vn 0.980144 0.005146 -0.198221
vn 0.922339 0.010028 -0.386251
vn 0.865985 0.012978 -0.499901
vn 0.749663 0.017176 -0.661596
vn 0.605674 0.020651 -0.795445
vn 0.980144 0.005780 -0.198204
vn 0.980144 0.005936 -0.198200
vn 0.922339 0.011263 -0.386218
vn 0.922339 0.011567 -0.386210
vn 0.865984 0.014577 -0.499859
vn 0.865984 0.014970 -0.499847
vn 0.749662 0.019292 -0.661540
vn 0.749662 0.019813 -0.661525
vn 0.605673 0.023195 -0.795376
vn 0.605672 0.023821 -0.795358
vn 0.434485 0.026254 -0.900296
vn 0.980144 0.006109 -0.198194
vn 0.922339 0.011905 -0.386199
vn 0.865984 0.015408 -0.499834
vn 0.749662 0.020391 -0.661507
vn 0.980144 0.006512 -0.198182
vn 0.980144 0.006730 -0.198174
vn 0.922339 0.012690 -0.386174
vn 0.249034 0.022668 -0.968229
vn 0.249034 0.022576 -0.968232
vn 0.434485 0.021081 -0.900432
vn 0.249034 0.022998 -0.968222
vn 0.249034 0.023234 -0.968216
vn 0.249034 0.023519 -0.968209
vn 0.434486 0.021872 -0.900413
vn 0.249034 0.029840 -0.968035
vn 0.249034 0.030797 -0.968005
vn 0.249034 0.031808 -0.967972
vn 0.434484 0.029581 -0.900193
vn 0.434484 0.030571 -0.900161
vn 0.605673 0.027008 -0.795256
vn 0.605673 0.027928 -0.795224
vn 0.749662 0.023228 -0.661413
vn 0.749663 0.024030 -0.661384
vn 0.865985 0.018157 -0.499741
vn 0.249034 0.032873 -0.967937
vn 0.249033 0.033992 -0.967898
vn 0.434484 0.031612 -0.900125
vn 0.434484 0.032703 -0.900086
vn 0.605673 0.028892 -0.795189
vn 0.980144 0.007986 -0.198127
vn 0.922339 0.015562 -0.386069
vn 0.865985 0.020141 -0.499665
vn 0.749663 0.026656 -0.661283
vn 0.605673 0.032048 -0.795068
vn 0.434484 0.036276 -0.899949
vn 0.980144 0.008271 -0.198116
vn 0.922339 0.016116 -0.386046
vn 0.865985 0.020858 -0.499635
vn 0.749662 0.027605 -0.661244
vn 0.605673 0.033189 -0.795021
vn 0.980144 0.008872 -0.198090
vn 0.980144 0.009190 -0.198075
vn 0.922339 0.017288 -0.385996
vn 0.922339 0.017907 -0.385967
vn 0.865984 0.022375 -0.499570
vn 0.980144 0.009518 -0.198060
vn 0.980145 0.011388 -0.197957
vn 0.980145 0.011864 -0.197928
vn 0.922342 0.022189 -0.385737
vn 0.922343 0.023118 -0.385681
vn 0.865990 0.028718 -0.499237
vn 0.865991 0.029920 -0.499164
vn 0.749670 0.038007 -0.660719
vn 0.749672 0.039597 -0.660624
vn 0.605680 0.045696 -0.794395
vn 0.980145 0.012376 -0.197896
vn 0.922343 0.024115 -0.385619
vn 0.865991 0.031211 -0.499084
vn 0.980145 0.013505 -0.197823
vn 0.980145 0.012923 -0.197861
vn 0.249033 0.035165 -0.967856
vn 0.249034 0.048043 -0.967302
vn 0.434485 0.044679 -0.899570
vn 0.605673 0.039472 -0.794734
vn 0.749662 0.032831 -0.661006
vn 0.865984 0.024807 -0.499455
vn 0.249036 0.057947 -0.966759
vn 0.249036 0.060447 -0.966606
vn 0.434486 0.056214 -0.898922
vn 0.434486 0.058700 -0.898764
vn 0.605683 0.051859 -0.794015
vn 0.605682 0.054196 -0.793859
vn 0.749672 0.045076 -0.660272
vn 0.749671 0.047138 -0.660130
vn 0.865990 0.035617 -0.498792
vn 0.865988 0.037263 -0.498674
vn 0.922341 0.028791 -0.385303
vn 0.249036 0.065965 -0.966245
vn 0.249036 0.068982 -0.966035
vn 0.249035 0.072170 -0.965802
vn 0.434485 0.067117 -0.898175
vn 0.980144 0.016944 -0.197563
vn 0.980144 0.017791 -0.197488
vn 0.922339 0.033017 -0.384969
vn 0.922339 0.034666 -0.384824
vn 0.865984 0.042732 -0.498242
vn 0.865985 0.044866 -0.498054
vn 0.749662 0.056555 -0.659400
vn 0.749663 0.059378 -0.659151
vn 0.605672 0.067996 -0.792804
vn 0.605673 0.071391 -0.792505
vn 0.434485 0.076966 -0.897385
vn 0.922340 0.036582 -0.384644
vn 0.865986 0.047346 -0.497821
vn 0.749665 0.062660 -0.658844
vn 0.980144 0.022382 -0.197021
vn 0.922339 0.043613 -0.383913
vn 0.865985 0.056446 -0.496874
vn 0.749663 0.074704 -0.657590
vn 0.605673 0.089818 -0.790628
vn 0.434484 0.101666 -0.894923
vn 0.980150 0.027450 -0.196348
vn 0.980147 0.025360 -0.196645
vn 0.980144 0.023780 -0.196857
vn 0.922339 0.046335 -0.383593
vn 0.750017 0.406365 -0.521864
vn 0.749731 0.341743 -0.566671
vn 0.749673 0.268642 -0.604832
vn 0.749797 0.198751 -0.631112
vn 0.606007 0.488670 -0.627659
vn 0.605731 0.410987 -0.681307
vn 0.605678 0.323005 -0.727202
vn 0.605799 0.238993 -0.758874
vn 0.434577 0.553296 -0.710638
vn 0.434479 0.465261 -0.771207
vn 0.434469 0.365617 -0.823141
vn 0.434516 0.270555 -0.859067
vn 0.865985 0.059967 -0.496461
vn 0.922349 0.049412 -0.383184
vn 0.866002 0.063947 -0.495935
vn 0.922362 0.053486 -0.382607
vn 0.866022 0.069222 -0.495191
vn 0.922364 0.058553 -0.381858
vn 0.749663 0.079361 -0.657044
vn 0.749690 0.084624 -0.656357
vn 0.605674 0.095414 -0.789972
vn 0.605680 0.056675 -0.793687
vn 0.749668 0.049316 -0.659974
vn 0.605678 0.059294 -0.793498
vn 0.434486 0.064151 -0.898391
vn 0.434486 0.061346 -0.898587
vn 0.249036 0.063120 -0.966435
vn 0.749662 0.022464 -0.661439
vn 0.865985 0.017551 -0.499763
vn 0.605672 0.026133 -0.795285
vn 0.434485 0.028641 -0.900224
vn 0.922339 0.014029 -0.386127
vn 0.605672 0.018511 -0.795499
vn 0.749662 0.015427 -0.661641
vn 0.865984 0.011705 -0.499934
vn 0.922339 0.009100 -0.386275
vn 0.922340 0.003766 -0.386361
vn 0.980144 0.001933 -0.198277
vn 0.865987 0.004874 -0.500042
vn 0.749667 0.006449 -0.661783
vn 0.605673 0.007754 -0.795676
vn 0.434475 0.013241 -0.900587
vn 0.980144 0.003682 -0.198252
vn 0.605736 0.120597 -0.786473
vn 0.434507 0.136513 -0.890263
vn 0.922343 0.025181 -0.385551
vn 0.434485 0.043233 -0.899641
vn 0.605672 0.038194 -0.794797
vn 0.749662 0.031768 -0.661058
vn 0.922341 0.021331 -0.385788
vn 0.980144 0.010947 -0.197983
vn 0.865988 0.027607 -0.499302
vn 0.749668 0.036536 -0.660805
vn 0.605678 0.043928 -0.794496
vn 0.434486 0.049722 -0.899305
vn 0.249033 0.041838 -0.967591
vn 0.922339 0.016691 -0.386022
vn 0.980144 0.008566 -0.198103
vn 0.865984 0.021603 -0.499604
vn 0.749662 0.028590 -0.661203
vn 0.922339 0.012287 -0.386187
vn 0.980144 0.006305 -0.198188
vn 0.865984 0.015902 -0.499818
vn 0.922339 0.010464 -0.386240
vn 0.922339 0.010236 -0.386246
vn 0.980144 0.005253 -0.198218
vn 0.865985 0.013544 -0.499887
vn 0.865985 0.013248 -0.499894
vn 0.434486 0.024394 -0.900348
vn 0.749663 0.017534 -0.661587
vn 0.249034 0.022809 -0.968226
vn 0.434485 0.021387 -0.900425
vn 0.434485 0.021212 -0.900429
vn 0.605673 0.018895 -0.795489
vn 0.605673 0.018740 -0.795493
vn 0.749663 0.015716 -0.661634
vn 0.922339 0.009383 -0.386267
vn 0.865985 0.012144 -0.499922
vn 0.865985 0.011997 -0.499926
vn 0.749663 0.016071 -0.661624
vn 0.749663 0.015877 -0.661629
vn 0.605674 0.019323 -0.795478
vn 0.605673 0.019089 -0.795484
vn 0.434486 0.021607 -0.900420
vn 0.922339 0.008239 -0.386293
vn 0.865986 0.010663 -0.499955
vn 0.865986 0.010047 -0.499966
vn 0.749664 0.014112 -0.661668
vn 0.749665 0.013297 -0.661683
vn 0.605674 0.016968 -0.795532
vn 0.605675 0.015987 -0.795552
vn 0.434483 0.019206 -0.900475
vn 0.434481 0.018096 -0.900499
vn 0.923880 0.333237 -0.188148
vn 0.965926 0.225377 -0.127249
vn 0.965926 0.225377 -0.127249
vn 0.866025 0.435396 -0.245827
vn 0.866025 0.435396 -0.245827
vn 0.707107 0.615742 -0.347651
vn 0.707107 0.615742 -0.347651
vn 0.500000 0.754127 -0.425784
vn 0.500000 0.754127 -0.425784
vn 0.258819 0.841120 -0.474901
vn 0.258819 0.841120 -0.474901
vn 0.098017 0.866598 -0.489286
vn 0.195090 0.854059 -0.482206
vn 0.290285 0.833295 -0.470483
vn 0.382683 0.804506 -0.454228
vn 0.555570 0.724036 -0.408795
vn 0.707107 0.615742 -0.347651
vn 0.000000 -0.060132 0.998190
vn 0.000000 -0.043572 0.999050
vn 0.000000 -0.060132 0.998190
vn 0.000000 -0.023273 0.999729
vn 0.000000 -0.023273 0.999729
vn 0.000000 -0.023272 0.999729
vn 0.000000 -0.023271 0.999729
vn 0.000000 -0.023270 0.999729
vn 0.000000 -0.023268 0.999729
vn 0.000000 -0.023257 0.999730
vn 0.000000 -0.023233 0.999730
vn 0.000000 -0.023180 0.999731
vn 0.000000 -0.023094 0.999733
vn 0.000000 -0.022889 0.999738
vn 1.000000 0.000000 0.000000
vn 1.000000 0.000000 0.000000
vn 1.000000 0.000000 0.000000
vn 1.000000 0.000000 0.000000
vn 1.000000 0.000000 0.000000
vn 1.000000 0.000000 0.000000
vn 1.000000 0.000000 0.000000
vn 1.000000 0.000000 0.000000
vn 1.000000 0.000000 0.000000
vn 1.000000 0.000000 0.000000
vn 1.000000 0.000000 0.000000
vn 1.000000 0.000000 0.000000
vn 1.000000 0.000000 0.000000
vn 1.000000 0.000000 0.000000
vn 1.000000 0.000000 0.000000
vn 1.000000 0.000000 0.000000
vn 1.000000 -0.000006 0.000044
vn 0.989572 -0.018717 0.142817
vn 0.999997 -0.000330 0.002555
vn 0.989572 -0.018467 0.142851
vn 0.989572 -0.018357 0.142867
vn 0.959986 -0.035905 0.277736
vn 0.959985 -0.035691 0.277769
vn 0.912822 -0.052355 0.404988
vn 0.912819 -0.052043 0.405034
vn 0.848317 -0.067886 0.525119
vn 0.848313 -0.067481 0.525178
vn 0.707126 -0.090656 0.701252
vn 0.707121 -0.090115 0.701327
vn 0.598143 -0.102746 0.794775
vn 0.598138 -0.102134 0.794858
vn 0.481255 -0.112387 0.869346
vn 0.481251 -0.111717 0.869435
vn 0.357249 -0.119750 0.926301
vn 0.357245 -0.119036 0.926394
vn 0.225885 -0.124897 0.966114
vn 0.225880 -0.124152 0.966211
vn 0.000000 -0.146073 0.989274
vn 0.225873 -0.124350 0.966187
vn 0.225868 -0.125491 0.966041
vn 0.357235 -0.120320 0.926232
vn 0.357233 -0.122214 0.925985
vn 0.481239 -0.114700 0.869053
vn 0.481239 -0.116465 0.868818
vn 0.598125 -0.106476 0.794298
vn 0.598125 -0.108509 0.794023
vn 0.707107 -0.095741 0.700595
vn 0.707107 -0.097903 0.700297
vn 0.848302 -0.073314 0.524412
vn 0.827139 -0.079874 0.556292
vn 0.912812 -0.056543 0.404447
vn 0.959981 -0.038777 0.277367
vn 0.912812 -0.055294 0.404619
vn 0.959981 -0.037920 0.277485
vn 0.912812 -0.054258 0.404760
vn 0.959981 -0.037210 0.277582
vn 0.912812 -0.053436 0.404870
vn 0.959981 -0.036646 0.277657
vn 0.912813 -0.052606 0.404976
vn 0.959982 -0.036077 0.277730
vn 0.912816 -0.052127 0.405031
vn 0.959983 -0.035748 0.277767
vn 0.989577 -0.026085 0.141621
vn 0.989576 -0.023849 0.142026
vn 0.989573 -0.022183 0.142317
vn 0.960000 -0.046369 0.276134
vn 0.959988 -0.043130 0.276699
vn 0.912848 -0.067618 0.402661
vn 0.912826 -0.062894 0.403477
vn 0.848352 -0.087680 0.522122
vn 0.848321 -0.081553 0.523164
vn 0.707144 -0.117102 0.697305
vn 0.707122 -0.108913 0.698654
vn 0.598135 -0.132723 0.790328
vn 0.598131 -0.123439 0.791835
vn 0.481240 -0.145176 0.864484
vn 0.481241 -0.135021 0.866127
vn 0.357262 -0.154684 0.921106
vn 0.357245 -0.143866 0.922864
vn 0.225971 -0.161332 0.960682
vn 0.225905 -0.150050 0.962524
vn 0.000269 -0.161852 0.986815
vn 0.225866 -0.142599 0.963665
vn 0.225870 -0.137221 0.964444
vn 0.357236 -0.131567 0.924701
vn 0.357243 -0.127286 0.925298
vn 0.481248 -0.119460 0.868406
vn 0.481254 -0.116276 0.868835
vn 0.598142 -0.106302 0.794309
vn 0.598144 -0.104136 0.794594
vn 0.707127 -0.091882 0.701091
vn 0.989558 -0.046495 0.136433
vn 0.989566 -0.041437 0.137997
vn 0.989571 -0.036279 0.139405
vn 0.959963 -0.080558 0.268293
vn 0.959981 -0.070534 0.271037
vn 0.912774 -0.117462 0.391212
vn 0.912812 -0.102850 0.395217
vn 0.848235 -0.152297 0.507251
vn 0.848302 -0.133357 0.512445
vn 0.706965 -0.203363 0.677381
vn 0.707107 -0.178084 0.684314
vn 0.597937 -0.230466 0.767696
vn 0.598125 -0.201832 0.775570
vn 0.481048 -0.252063 0.839677
vn 0.481239 -0.220768 0.848334
vn 0.357104 -0.268550 0.894627
vn 0.357233 -0.235231 0.903909
vn 0.225872 -0.280074 0.933028
vn 0.225866 -0.245341 0.942758
vn 0.000028 -0.241622 0.970370
vn 0.225917 -0.218447 0.949338
vn 0.225987 -0.195419 0.954328
vn 0.357261 -0.187371 0.915017
vn 0.357269 -0.169185 0.918551
vn 0.481235 -0.158786 0.862090
vn 0.989571 -0.064872 0.128615
vn 0.989565 -0.060605 0.130720
vn 0.989558 -0.056227 0.132717
vn 0.959962 -0.117831 0.254144
vn 0.959936 -0.109314 0.258020
vn 0.912771 -0.171819 0.370578
vn 0.912716 -0.159397 0.376222
vn 0.848230 -0.222787 0.480492
vn 0.848132 -0.206678 0.487807
vn 0.706954 -0.297520 0.641637
vn 0.706748 -0.276005 0.651405
vn 0.597923 -0.337197 0.727177
vn 0.597649 -0.312800 0.738222
vn 0.481034 -0.368820 0.795348
vn 0.480757 -0.342107 0.807363
vn 0.357094 -0.392962 0.847387
vn 0.356907 -0.364464 0.860106
vn 0.225873 -0.409831 0.883754
vn 0.225882 -0.380079 0.896949
vn 0.001097 -0.375623 0.926772
vn 0.225887 -0.347539 0.910051
vn 0.225883 -0.314173 0.922102
vn 0.356904 -0.301271 0.884226
vn 0.989584 -0.077091 0.121575
vn 0.989585 -0.075388 0.122634
vn 0.989582 -0.073342 0.123887
vn 0.960033 -0.146577 0.238436
vn 0.960024 -0.142599 0.240870
vn 0.912914 -0.213750 0.347705
vn 0.912897 -0.207949 0.351250
vn 0.848448 -0.277185 0.450894
vn 0.848423 -0.269659 0.455481
vn 0.707246 -0.370243 0.602266
vn 0.707220 -0.360179 0.608367
vn 0.598213 -0.419666 0.682658
vn 0.598194 -0.408252 0.689561
vn 0.481306 -0.459058 0.746733
vn 0.481291 -0.446570 0.754278
vn 0.357348 -0.489129 0.795647
vn 0.357327 -0.475824 0.803685
vn 0.226121 -0.510145 0.829832
vn 0.226081 -0.496269 0.838215
vn 0.000282 -0.487147 0.873320
vn 0.225997 -0.479924 0.847702
vn 0.225905 -0.461017 0.858155
vn 0.357249 -0.442019 0.822796
vn 0.357231 -0.420648 0.833932
vn 0.481235 -0.394784 0.782661
vn 0.989572 -0.081208 0.118967
vn 0.989571 -0.081233 0.118952
vn 0.989571 -0.081100 0.119046
vn 0.959984 -0.157936 0.231271
vn 0.959983 -0.157677 0.231454
vn 0.912818 -0.230298 0.337233
vn 0.912815 -0.229920 0.337498
vn 0.848311 -0.298611 0.437264
vn 0.848307 -0.298119 0.437607
vn 0.707119 -0.398767 0.583925
vn 0.707113 -0.398109 0.584380
vn 0.598136 -0.451947 0.661798
vn 0.598132 -0.451200 0.662312
vn 0.481249 -0.494351 0.723890
vn 0.481245 -0.493533 0.724451
vn 0.357243 -0.526737 0.771314
vn 0.357239 -0.525865 0.771911
vn 0.225878 -0.549377 0.804465
vn 0.225872 -0.548467 0.805087
vn 0.000501 -0.543809 0.839209
vn 0.225867 -0.546396 0.806496
vn 0.225878 -0.543610 0.808373
vn 0.357240 -0.521210 0.775061
vn 0.357278 -0.516535 0.778167
vn 0.481270 -0.484778 0.730322
vn 0.481296 -0.477659 0.734980
vn 0.598197 -0.436676 0.671918
vn 0.598214 -0.429120 0.676754
vn 0.707243 -0.378586 0.597059
vn 0.989573 -0.077424 0.121457
vn 0.989571 -0.078326 0.120886
vn 0.989571 -0.079088 0.120395
vn 0.959984 -0.152284 0.235032
vn 0.959981 -0.153766 0.234076
vn 0.912818 -0.222057 0.342716
vn 0.912812 -0.224217 0.341322
vn 0.848309 -0.287927 0.444375
vn 0.848302 -0.290723 0.442564
vn 0.707109 -0.384503 0.593426
vn 0.707107 -0.388230 0.590996
vn 0.598121 -0.435781 0.672567
vn 0.598125 -0.440003 0.669809
vn 0.481232 -0.476666 0.735667
vn 0.481238 -0.481283 0.732650
vn 0.357234 -0.507890 0.783857
vn 0.357233 -0.512812 0.780646
vn 0.225887 -0.529716 0.817542
vn 0.225868 -0.534853 0.814197
vn 0.000412 -0.520220 0.854032
vn 0.225867 -0.539404 0.811189
vn 0.225871 -0.543235 0.808627
vn 0.357237 -0.520850 0.775305
vn 0.357241 -0.523639 0.773422
vn 0.481246 -0.491444 0.725868
vn 0.481249 -0.493236 0.724650
vn 0.598137 -0.450928 0.662492
vn 0.598138 -0.451813 0.661888
vn 0.707121 -0.398648 0.584003
vn 0.989571 -0.066174 0.127949
vn 0.989572 -0.068313 0.126813
vn 0.989573 -0.070271 0.125728
vn 0.959985 -0.132815 0.246555
vn 0.959990 -0.136623 0.244445
vn 0.912819 -0.193668 0.359520
vn 0.912829 -0.199221 0.356448
vn 0.848311 -0.251115 0.466166
vn 0.848323 -0.258320 0.462190
vn 0.707107 -0.335344 0.622530
vn 0.707108 -0.344978 0.617242
vn 0.598116 -0.380068 0.705554
vn 0.598103 -0.390991 0.699570
vn 0.481227 -0.415725 0.771747
vn 0.481211 -0.427672 0.765201
vn 0.357232 -0.442956 0.822299
vn 0.357232 -0.455681 0.815316
vn 0.225894 -0.461990 0.857635
vn 0.225932 -0.475258 0.850344
vn 0.000133 -0.476371 0.879244
vn 0.225963 -0.487335 0.843472
vn 0.225977 -0.498240 0.837073
vn 0.225972 -0.507993 0.831192
vn 0.357235 -0.487071 0.796960
vn 0.357235 -0.495335 0.791850
vn 0.481210 -0.464889 0.743179
vn 0.481222 -0.471205 0.739183
vn 0.598113 -0.430790 0.675782
vn 1.000000 -0.000063 0.000195
vn 0.989571 -0.051202 0.134640
vn 0.989572 -0.054821 0.133201
vn 0.989572 -0.058120 0.131791
vn 0.959986 -0.106585 0.258974
vn 0.959988 -0.112998 0.256232
vn 0.912819 -0.155419 0.377632
vn 0.912823 -0.164773 0.373636
vn 0.848307 -0.201524 0.489656
vn 0.848310 -0.213655 0.484480
vn 0.707081 -0.269128 0.653917
vn 0.707068 -0.285336 0.647023
vn 0.598069 -0.305022 0.741131
vn 0.598041 -0.323394 0.733323
vn 0.481177 -0.333636 0.810652
vn 0.481147 -0.353727 0.802107
vn 0.357207 -0.355483 0.863733
vn 0.357194 -0.376884 0.854618
vn 0.225926 -0.370752 0.900833
vn 0.225955 -0.393067 0.891315
vn 0.000432 -0.412758 0.910841
vn 0.225934 -0.413270 0.882135
vn 0.225885 -0.431417 0.873416
vn 0.357225 -0.413642 0.837431
vn 0.357233 -0.429072 0.829627
vn 0.481238 -0.402692 0.778620
vn 1.000000 -0.000041 0.000213
vn 0.989572 -0.038029 0.138928
vn 0.989572 -0.042807 0.137534
vn 0.989571 -0.047204 0.136093
vn 0.959986 -0.083227 0.267395
vn 0.959982 -0.091776 0.264597
vn 0.912818 -0.121363 0.389915
vn 0.912813 -0.133825 0.385828
vn 0.848297 -0.157369 0.505595
vn 0.848301 -0.173522 0.500276
vn 0.707019 -0.210170 0.675243
vn 0.707088 -0.231724 0.668080
vn 0.597964 -0.238199 0.765311
vn 0.598091 -0.262623 0.757176
vn 0.481066 -0.260531 0.837078
vn 0.481202 -0.287256 0.828208
vn 0.357148 -0.277574 0.891851
vn 0.357215 -0.306067 0.882452
vn 0.225991 -0.289486 0.930122
vn 0.225893 -0.319217 0.920366
vn 0.000298 -0.319320 0.947647
vn 0.225875 -0.346270 0.910537
vn 0.989572 -0.032854 0.140245
vn 0.965000 -0.049644 0.257509
vn 0.959986 -0.063874 0.272666
vn 0.912819 -0.093140 0.397601
vn 0.959988 -0.073936 0.270105
vn 0.912821 -0.107815 0.393870
vn 0.867609 -0.094128 0.488256
vn 0.848297 -0.120773 0.515564
vn 0.848296 -0.139804 0.510734
vn 0.706979 -0.133880 0.694447
vn 0.707015 -0.161300 0.688558
vn 0.706982 -0.186722 0.682137
vn 0.597956 -0.182817 0.780402
vn 0.496966 -0.164279 0.852078
vn 0.481057 -0.199963 0.853580
vn 0.357144 -0.213049 0.909428
vn 0.480992 -0.231469 0.845617
vn 0.357112 -0.246606 0.900920
vn 0.262025 -0.182703 0.947609
vn 0.225997 -0.222190 0.948450
vn 0.226044 -0.257181 0.939554
vn 0.000159 -0.189300 0.981919
vn 0.225868 -0.447513 0.865284
vn 0.225876 -0.546145 0.806663
vn 0.357244 -0.525549 0.772124
vn 0.481251 -0.494204 0.723989
vn 0.226108 -0.521637 0.822660
vn 0.226050 -0.530819 0.816782
vn 0.357346 -0.500148 0.788769
vn 0.357322 -0.508950 0.783129
vn 0.481308 -0.469398 0.740275
vn 0.225866 -0.438727 0.869772
vn 0.226008 -0.176453 0.958011
vn 0.225887 -0.126585 0.965894
vn 0.225884 -0.129218 0.965546
vn 0.225878 -0.132756 0.965067
vn 0.357248 -0.123893 0.925756
vn 0.000000 -0.146120 0.989267
vn 0.024763 -0.146073 0.988964
vn 0.048507 -0.145938 0.988104
vn 0.070970 -0.145730 0.986776
vn 0.091791 -0.145466 0.985096
vn 0.128859 -0.144828 0.981030
vn 0.225867 -0.138361 0.964282
vn 0.161462 -0.144085 0.976304
vn 0.261833 -0.140709 0.954801
vn 0.357233 -0.132660 0.924546
vn 0.404168 -0.132909 0.904977
vn 0.481238 -0.124503 0.867703
vn 0.605508 -0.114741 0.787524
vn 0.598125 -0.113824 0.793278
vn 0.707107 -0.100431 0.699938
vn 0.598124 -0.110959 0.793685
vn 0.989571 -0.019944 0.142661
vn 0.989571 -0.019504 0.142722
vn 0.989571 -0.019139 0.142771
vn 0.989571 -0.018848 0.142810
vn 0.959982 -0.099550 0.261773
vn 0.912813 -0.145160 0.381709
vn 0.848303 -0.188217 0.494932
vn 0.707103 -0.251345 0.660932
vn 0.598117 -0.284864 0.749072
vn 0.481230 -0.311590 0.819347
vn 0.357229 -0.332002 0.873019
vn 0.989572 -0.061108 0.130435
vn 0.959986 -0.118808 0.253596
vn 0.912821 -0.173245 0.369790
vn 0.848308 -0.224638 0.479490
vn 0.707078 -0.299998 0.640346
vn 0.598062 -0.340009 0.725752
vn 0.481169 -0.371901 0.793830
vn 0.357204 -0.396250 0.845808
vn 0.989574 -0.075105 0.122889
vn 0.989575 -0.073663 0.123757
vn 0.989574 -0.072053 0.124706
vn 0.959994 -0.140087 0.242459
vn 0.989571 -0.080756 0.119277
vn 0.989571 -0.080327 0.119569
vn 0.989571 -0.079762 0.119950
vn 0.959981 -0.155075 0.233211
vn 0.225948 -0.516615 0.825867
vn 0.225918 -0.523641 0.821439
vn 0.225880 -0.548137 0.805310
vn 0.225881 -0.549214 0.804576
vn 0.989576 -0.079650 0.119983
vn 0.989571 -0.080384 0.119529
vn 0.989571 -0.080795 0.119256
vn 0.959981 -0.157085 0.231862
vn 0.225954 -0.538732 0.811611
vn 0.989573 -0.068160 0.126886
vn 0.989578 -0.070939 0.125315
vn 0.960007 -0.137926 0.243643
vn 0.989554 -0.051430 0.134675
vn 0.959923 -0.099985 0.261822
vn 0.912689 -0.145790 0.381764
vn 0.848086 -0.189031 0.494993
vn 0.706650 -0.252429 0.661003
vn 0.597519 -0.286068 0.749090
vn 0.480626 -0.312851 0.819221
vn 0.356818 -0.333275 0.872702
vn 0.989573 -0.032303 0.140364
vn 0.959990 -0.062802 0.272902
vn 0.912828 -0.091575 0.397943
vn 0.848324 -0.118738 0.515991
vn 0.707121 -0.158566 0.689084
vn 0.598125 -0.179713 0.780992
vn 0.481235 -0.196573 0.854267
vn 0.357244 -0.209448 0.910224
vn 0.989571 -0.019631 0.142699
vn 0.989571 -0.020291 0.142610
vn 0.989571 -0.021086 0.142497
vn 0.959981 -0.040996 0.277048
vn 0.989571 -0.018556 0.142848
vn 0.989571 -0.018387 0.142867
vn 0.357251 -0.121369 0.926089
vn 0.481256 -0.113906 0.869148
vn 0.225866 -0.127467 0.965783
vn 0.225867 -0.129428 0.965522
vn 0.357233 -0.124095 0.925735
vn 0.357233 -0.126464 0.925414
vn 0.481238 -0.118689 0.868518
vn 0.481238 -0.121369 0.868147
vn 0.225868 -0.134878 0.964775
vn 0.357233 -0.129320 0.925019
vn 0.848308 -0.067590 0.525172
vn 0.848303 -0.068211 0.525099
vn 0.848302 -0.069286 0.524961
vn 0.848302 -0.070352 0.524818
vn 0.848302 -0.071695 0.524636
vn 0.707114 -0.090260 0.701315
vn 0.707109 -0.091089 0.701213
vn 0.707107 -0.092523 0.701027
vn 0.707107 -0.093947 0.700838
vn 0.598132 -0.102297 0.794841
vn 0.598127 -0.103236 0.794724
vn 0.598125 -0.104862 0.794512
vn 0.481245 -0.111895 0.869415
vn 0.481241 -0.112922 0.869285
vn 0.357240 -0.119226 0.926372
vn 0.912812 -0.059779 0.403982
vn 0.959982 -0.039451 0.277269
vn 0.912814 -0.057526 0.404304
vn 0.959984 -0.038166 0.277442
vn 0.912818 -0.055653 0.404557
vn 0.959986 -0.037148 0.277574
vn 0.912821 -0.054168 0.404751
vn 0.959987 -0.036390 0.277672
vn 0.912823 -0.053064 0.404894
vn 0.848302 -0.077511 0.523809
vn 0.848305 -0.074588 0.524228
vn 0.848311 -0.072160 0.524558
vn 0.848316 -0.070236 0.524811
vn 0.848318 -0.068804 0.524997
vn 0.707107 -0.103508 0.699490
vn 0.598125 -0.117311 0.792770
vn 0.481239 -0.128317 0.867147
vn 0.357233 -0.136723 0.923954
vn 0.707111 -0.099604 0.700053
vn 0.707118 -0.096363 0.700499
vn 0.707124 -0.093794 0.700841
vn 0.598129 -0.112887 0.793409
vn 0.598136 -0.109214 0.793918
vn 0.481242 -0.123478 0.867847
vn 0.989572 -0.019107 0.142767
vn 0.959935 -0.090390 0.265244
vn 0.912715 -0.131796 0.386758
vn 0.848130 -0.170883 0.501472
vn 0.706744 -0.228185 0.669660
vn 0.597644 -0.258590 0.758916
vn 0.480752 -0.282802 0.830000
vn 0.989576 -0.028893 0.141083
vn 0.960002 -0.056174 0.274300
vn 0.912852 -0.081913 0.399989
vn 0.848357 -0.106213 0.518661
vn 0.707143 -0.141849 0.692696
vn 0.598128 -0.160771 0.785108
vn 0.481232 -0.175854 0.858773
vn 0.959981 -0.126128 0.250058
vn 0.959989 -0.132521 0.246697
vn 0.912811 -0.183916 0.364625
vn 0.912827 -0.193242 0.359728
vn 0.912863 -0.201130 0.355285
vn 0.848300 -0.238469 0.472778
vn 0.848323 -0.250569 0.466436
vn 0.848375 -0.260808 0.460694
vn 0.707104 -0.318452 0.631341
vn 0.707126 -0.334624 0.622896
vn 0.707174 -0.348330 0.615281
vn 0.598122 -0.360921 0.715532
vn 0.598137 -0.379256 0.705973
vn 0.598165 -0.394807 0.697371
vn 0.481268 -0.431858 0.762810
vn 0.481247 -0.414841 0.772210
vn 0.357289 -0.460149 0.812778
vn 0.912812 -0.229056 0.338094
vn 0.959984 -0.156284 0.232393
vn 0.912817 -0.227887 0.338870
vn 0.960000 -0.154857 0.233280
vn 0.912849 -0.225811 0.340171
vn 0.960020 -0.152548 0.234716
vn 0.912888 -0.222450 0.342275
vn 0.960031 -0.149887 0.236377
vn 0.912910 -0.218574 0.344703
vn 0.848303 -0.296997 0.438378
vn 0.848309 -0.295482 0.439388
vn 0.848355 -0.292799 0.441092
vn 0.848410 -0.288455 0.443840
vn 0.848442 -0.283438 0.447000
vn 0.707108 -0.396608 0.585406
vn 0.598126 -0.449498 0.663473
vn 0.481240 -0.491670 0.725719
vn 0.357234 -0.523880 0.773262
vn 0.707115 -0.394586 0.586763
vn 0.707160 -0.391029 0.589084
vn 0.707214 -0.385264 0.592807
vn 0.598131 -0.447208 0.665014
vn 0.598163 -0.443191 0.667669
vn 0.481244 -0.489165 0.727408
vn 0.989581 -0.078461 0.120721
vn 0.912812 -0.226125 0.340061
vn 0.959982 -0.156175 0.232472
vn 0.912814 -0.227730 0.338983
vn 0.959984 -0.157010 0.231904
vn 0.912817 -0.228946 0.338155
vn 0.959985 -0.157580 0.231512
vn 0.912819 -0.229779 0.337585
vn 0.959985 -0.157889 0.231301
vn 0.912819 -0.230229 0.337276
vn 0.848302 -0.293198 0.440928
vn 0.848306 -0.295279 0.439532
vn 0.848309 -0.296857 0.438460
vn 0.848312 -0.297937 0.437721
vn 0.848313 -0.298521 0.437321
vn 0.707108 -0.391534 0.588812
vn 0.598126 -0.443747 0.667333
vn 0.481240 -0.485379 0.729942
vn 0.357234 -0.517176 0.777762
vn 0.707111 -0.394314 0.586950
vn 0.707116 -0.396424 0.585521
vn 0.707120 -0.397868 0.584537
vn 0.598129 -0.446898 0.665224
vn 0.598133 -0.449291 0.663607
vn 0.481242 -0.488826 0.727636
vn 0.989572 -0.081050 0.119076
vn 0.912837 -0.204275 0.353554
vn 0.959997 -0.143218 0.240614
vn 0.912841 -0.208842 0.350865
vn 0.959996 -0.146022 0.238925
vn 0.912840 -0.212930 0.348402
vn 0.959993 -0.148504 0.237403
vn 0.912834 -0.216549 0.346180
vn 0.959989 -0.150531 0.236141
vn 0.912826 -0.219502 0.344336
vn 0.848333 -0.264878 0.458444
vn 0.848339 -0.270801 0.454960
vn 0.848337 -0.276102 0.451764
vn 0.848330 -0.280792 0.448878
vn 0.848320 -0.284618 0.446482
vn 0.707110 -0.353746 0.612257
vn 0.598094 -0.400933 0.693928
vn 0.481199 -0.438546 0.759029
vn 0.357232 -0.467264 0.808733
vn 0.707112 -0.361662 0.607612
vn 0.707113 -0.368741 0.603341
vn 0.707113 -0.374997 0.599473
vn 0.707112 -0.380095 0.596256
vn 0.598091 -0.409907 0.688668
vn 0.598095 -0.417929 0.683826
vn 0.598103 -0.425016 0.679436
vn 0.481195 -0.448362 0.753275
vn 0.481200 -0.457137 0.747979
vn 0.357233 -0.477721 0.802600
vn 0.989574 -0.076381 0.122106
vn 0.989571 -0.063793 0.129150
vn 0.959983 -0.124029 0.251098
vn 0.912814 -0.180856 0.366144
vn 0.848304 -0.234503 0.474752
vn 0.707099 -0.313158 0.633990
vn 0.598108 -0.354920 0.718539
vn 0.481220 -0.388215 0.785949
vn 0.597895 -0.211629 0.773133
vn 0.959981 -0.128657 0.248763
vn 0.912812 -0.187604 0.362738
vn 0.848302 -0.243250 0.470332
vn 0.707107 -0.324834 0.628079
vn 0.598125 -0.368152 0.711836
vn 0.960006 -0.050716 0.275347
vn 0.912860 -0.073956 0.401518
vn 0.848368 -0.095899 0.520649
vn 0.707153 -0.128079 0.695363
vn 0.598133 -0.145167 0.788139
vn 0.225868 -0.131900 0.965187
vn 0.357235 -0.502068 0.787598
vn 0.357245 -0.526581 0.771420
vn 0.258819 -0.182696 0.948491
vn 0.182192 -0.182192 0.966236
vn -0.000000 -0.189141 0.981950
vn 0.000000 0.000000 1.000000
vn 0.223139 -0.128829 0.966236
vn 0.500000 -0.163801 0.850394
vn 0.248879 -0.066687 0.966236
vn 0.480952 -0.128871 0.867224
vn 0.497918 -0.000236 0.867224
vn 0.704553 -0.000500 0.709651
vn 0.680547 0.182352 0.709651
vn 0.834186 0.223519 0.504156
vn 0.610161 0.352277 0.709651
vn 0.747910 0.431806 0.504156
vn 0.498195 0.498195 0.709651
vn 0.610666 0.610666 0.504156
vn 0.352277 0.610161 0.709651
vn 0.431806 0.747910 0.504156
vn 0.182352 0.680547 0.709651
vn 0.223519 0.834186 0.504156
vn 0.000000 0.704554 0.709651
vn 0.000000 0.863613 0.504156
vn -0.182352 0.680547 0.709651
vn -0.223519 0.834186 0.504156
vn -0.352277 0.610161 0.709651
vn -0.431806 0.747910 0.504156
vn -0.498195 0.498195 0.709651
vn -0.610666 0.610666 0.504156
vn -0.610161 0.352277 0.709651
vn -0.747910 0.431806 0.504156
vn -0.680547 0.182352 0.709651
vn -0.834186 0.223519 0.504156
vn -0.704554 0.000000 0.709651
vn -0.863613 0.000000 0.504156
vn -0.707107 -0.133743 0.694343
vn -0.866025 -0.094570 0.490975
vn -0.964354 0.000000 0.264617
vn -0.965926 -0.048953 0.254147
vn -0.999974 0.000000 0.007208
vn -1.000000 0.000000 0.000000
vn -0.965901 0.258812 0.007208
vn -0.965926 0.225377 -0.127249
vn -0.866003 0.499987 0.007208
vn -0.866025 0.435396 -0.245827
vn -0.838372 0.484034 -0.250687
vn -0.707107 0.615742 -0.347651
vn -0.684528 0.684528 -0.250687
vn -0.500000 0.754127 -0.425784
vn -0.484034 0.838372 -0.250687
vn -0.258819 0.841120 -0.474901
vn -0.250555 0.935082 -0.250687
vn 0.000000 0.870791 -0.491653
vn 0.000000 0.968068 -0.250687
vn 0.250555 0.935082 -0.250687
vn 0.000000 0.999974 0.007208
vn 0.258812 0.965901 0.007208
vn 0.000000 0.964354 0.264617
vn 0.249593 0.931494 0.264617
vn 0.707107 -0.133743 0.694343
vn 0.863612 -0.000818 0.504156
vn 0.866025 -0.094570 0.490975
vn 0.964353 -0.001142 0.264617
vn 0.965926 -0.048953 0.254147
vn 1.000000 0.000000 0.000000
vn 0.965901 0.258812 0.007208
vn 0.965926 0.225377 -0.127249
vn 0.866003 0.499987 0.007208
vn 0.866025 0.435396 -0.245827
vn 0.838372 0.484034 -0.250687
vn 0.707107 0.615742 -0.347651
vn 0.684528 0.684528 -0.250687
vn 0.500000 0.754127 -0.425784
vn 0.484034 0.838372 -0.250687
vn 0.258819 0.841120 -0.474901
vn -0.500000 -0.163801 0.850394
vn -0.497918 0.000000 0.867224
vn -0.480952 0.128871 0.867224
vn -0.431209 0.248959 0.867224
vn -0.352081 0.352081 0.867224
vn -0.248959 0.431209 0.867224
vn -0.128871 0.480952 0.867224
vn 0.000000 0.497918 0.867224
vn 0.128871 0.480952 0.867224
vn 0.248959 0.431209 0.867224
vn 0.352081 0.352081 0.867224
vn 0.431209 0.248959 0.867224
vn 0.480952 0.128871 0.867224
vn 0.257658 -0.000061 0.966236
vn -0.480952 -0.128871 0.867224
vn -0.258819 -0.182696 0.948491
vn -0.248879 -0.066687 0.966236
vn -0.223139 -0.128829 0.966236
vn -0.182192 -0.182192 0.966236
vn -0.257658 0.000000 0.966236
vn -0.248879 0.066687 0.966236
vn -0.223139 0.128829 0.966236
vn -0.182192 0.182192 0.966236
vn -0.128829 0.223139 0.966236
vn -0.066687 0.248879 0.966236
vn 0.000000 0.257658 0.966236
vn 0.066687 0.248879 0.966236
vn 0.128829 0.223139 0.966236
vn 0.182192 0.182192 0.966236
vn 0.223139 0.128829 0.966236
vn 0.248879 0.066687 0.966236
vn -0.931494 0.249593 0.264617
vn -0.835155 0.482177 0.264617
vn -0.707088 0.707088 0.007208
vn -0.681901 0.681901 0.264617
vn -0.499987 0.866003 0.007208
vn -0.482177 0.835155 0.264617
vn -0.258812 0.965901 0.007208
vn -0.249593 0.931494 0.264617
vn 0.931494 0.249593 0.264617
vn 0.835155 0.482177 0.264617
vn 0.681901 0.681901 0.264617
vn 0.707088 0.707088 0.007208
vn 0.482177 0.835155 0.264617
vn 0.499987 0.866003 0.007208
vn -0.000269 -0.161852 0.986815
vn -0.225892 -0.124172 0.966206
vn -0.000000 -0.146073 0.989274
vn -0.225885 -0.124313 0.966189
vn -0.225879 -0.125413 0.966049
vn -0.357248 -0.119190 0.926373
vn -0.357243 -0.120245 0.926239
vn -0.481251 -0.111862 0.869416
vn -0.481246 -0.112851 0.869291
vn -0.598135 -0.102267 0.794843
vn -0.598130 -0.103172 0.794730
vn -0.707115 -0.090233 0.701318
vn -0.707109 -0.091032 0.701220
vn -0.848314 -0.067568 0.525164
vn -0.848310 -0.068167 0.525094
vn -0.912819 -0.052111 0.405025
vn -0.912816 -0.052573 0.404972
vn -0.959985 -0.035737 0.277763
vn -0.959983 -0.036054 0.277727
vn -0.989572 -0.018381 0.142864
vn -0.989571 -0.018544 0.142846
vn -0.999997 -0.000330 0.002555
vn -0.989571 -0.018838 0.142809
vn -0.989571 -0.019128 0.142770
vn -0.959983 -0.037188 0.277579
vn -0.959983 -0.037900 0.277482
vn -0.912816 -0.055265 0.404615
vn -0.912816 -0.056520 0.404442
vn -0.848308 -0.073284 0.524406
vn -0.847839 -0.075215 0.524892
vn -0.707107 -0.097865 0.700302
vn -0.707107 -0.100409 0.699942
vn -0.598127 -0.113799 0.793280
vn -0.648733 -0.109480 0.753100
vn -0.441034 -0.130261 0.887987
vn -0.000028 -0.241622 0.970370
vn -0.225998 -0.195418 0.954325
vn -0.226020 -0.176297 0.958037
vn -0.225981 -0.161090 0.960720
vn -0.357277 -0.169035 0.918575
vn -0.357270 -0.154453 0.921142
vn -0.481241 -0.158646 0.862113
vn -0.481245 -0.144958 0.864517
vn -0.598136 -0.145038 0.788161
vn -0.598138 -0.132525 0.790360
vn -0.707153 -0.127966 0.695384
vn -0.707144 -0.116927 0.697335
vn -0.848374 -0.095813 0.520654
vn -0.848358 -0.087548 0.522135
vn -0.912864 -0.073889 0.401522
vn -0.912851 -0.067515 0.402671
vn -0.960008 -0.050671 0.275350
vn -0.960001 -0.046299 0.276141
vn -0.989578 -0.026062 0.141622
vn -0.989576 -0.023813 0.142029
vn -1.000000 -0.000006 0.000044
vn -0.989573 -0.022167 0.142317
vn -0.989571 -0.021082 0.142495
vn -0.959983 -0.040988 0.277044
vn -0.959984 -0.039453 0.277263
vn -0.912817 -0.057529 0.404296
vn -0.912821 -0.055667 0.404547
vn -0.848317 -0.072179 0.524546
vn -0.848322 -0.070261 0.524798
vn -0.707124 -0.093829 0.700836
vn -0.707127 -0.091933 0.701085
vn -0.598147 -0.104193 0.794584
vn -0.598146 -0.102796 0.794767
vn -0.481260 -0.112441 0.869336
vn -0.481256 -0.111734 0.869430
vn -0.357254 -0.119054 0.926389
vn -0.001097 -0.375623 0.926772
vn -0.225894 -0.314173 0.922100
vn -0.225884 -0.280073 0.933025
vn -0.225877 -0.245340 0.942755
vn -0.357112 -0.268549 0.894624
vn -0.357241 -0.235230 0.903906
vn -0.481053 -0.252063 0.839674
vn -0.481244 -0.220768 0.848331
vn -0.597939 -0.230466 0.767694
vn -0.598128 -0.201832 0.775569
vn -0.706965 -0.203363 0.677381
vn -0.707107 -0.178084 0.684314
vn -0.848241 -0.152294 0.507242
vn -0.848308 -0.133355 0.512435
vn -0.912777 -0.117460 0.391205
vn -0.912815 -0.102848 0.395209
vn -0.959965 -0.080557 0.268288
vn -0.959983 -0.070533 0.271032
vn -0.989566 -0.041436 0.137994
vn -0.989571 -0.036278 0.139403
vn -1.000000 -0.000000 0.000000
vn -0.989573 -0.032302 0.140361
vn -0.989577 -0.028892 0.141080
vn -0.960004 -0.056173 0.274295
vn -0.000282 -0.487147 0.873320
vn -0.225877 -0.438726 0.869770
vn -0.225884 -0.409830 0.883751
vn -0.225894 -0.380078 0.896946
vn -0.357102 -0.392961 0.847384
vn -0.356915 -0.364463 0.860104
vn -0.481039 -0.368819 0.795345
vn -0.480763 -0.342106 0.807360
vn -0.597925 -0.337196 0.727176
vn -0.597651 -0.312800 0.738220
vn -0.706954 -0.297520 0.641637
vn -0.706748 -0.276005 0.651405
vn -0.848236 -0.222783 0.480483
vn -0.848138 -0.206674 0.487798
vn -0.912774 -0.171815 0.370570
vn -0.912719 -0.159394 0.376215
vn -0.959963 -0.117829 0.254139
vn -0.959937 -0.109312 0.258014
vn -0.989566 -0.060604 0.130718
vn -0.989558 -0.056225 0.132715
vn -1.000000 -0.000000 0.000000
vn -0.989555 -0.051429 0.134672
vn -0.989558 -0.046494 0.136430
vn -0.959937 -0.090388 0.265239
vn -0.000501 -0.543809 0.839209
vn -0.226133 -0.510144 0.829830
vn -0.226092 -0.496268 0.838213
vn -0.226009 -0.479923 0.847699
vn -0.357335 -0.475822 0.803682
vn -0.357297 -0.460148 0.812775
vn -0.481296 -0.446568 0.754275
vn -0.481273 -0.431857 0.762808
vn -0.598197 -0.408251 0.689559
vn -0.598168 -0.394806 0.697369
vn -0.707220 -0.360179 0.608367
vn -0.707174 -0.348330 0.615281
vn -0.848429 -0.269654 0.455472
vn -0.848381 -0.260803 0.460686
vn -0.912901 -0.207945 0.351243
vn -0.912867 -0.201126 0.355278
vn -0.960026 -0.142596 0.240865
vn -0.960009 -0.137924 0.243639
vn -0.989583 -0.073341 0.123884
vn -0.989578 -0.070938 0.125312
vn -1.000000 -0.000000 0.000000
vn -0.989573 -0.068159 0.126884
vn -0.989571 -0.064871 0.128612
vn -0.959982 -0.126125 0.250053
vn -0.000412 -0.520220 0.854032
vn -0.225889 -0.546766 0.806239
vn -0.225892 -0.548569 0.805012
vn -0.225892 -0.549375 0.804462
vn -0.357253 -0.525963 0.771838
vn -0.357253 -0.526735 0.771311
vn -0.481255 -0.493624 0.724382
vn -0.481256 -0.494349 0.723887
vn -0.598140 -0.451284 0.662247
vn -0.598140 -0.451946 0.661795
vn -0.707120 -0.398182 0.584322
vn -0.707120 -0.398766 0.583923
vn -0.848319 -0.298167 0.437552
vn -0.848319 -0.298604 0.437253
vn -0.912823 -0.229956 0.337454
vn -0.912823 -0.230293 0.337224
vn -0.959986 -0.157701 0.231422
vn -0.959986 -0.157933 0.231265
vn -0.989572 -0.081112 0.119029
vn -0.989572 -0.081231 0.118948
vn -1.000000 0.000000 0.000000
vn -0.989572 -0.081203 0.118969
vn -0.989571 -0.081029 0.119092
vn -0.959984 -0.157539 0.231543
vn -0.959983 -0.156911 0.231974
vn -0.912815 -0.228802 0.338256
vn -0.912824 -0.227666 0.339000
vn -0.848320 -0.295196 0.439559
vn -0.848365 -0.292539 0.441245
vn -0.707164 -0.390692 0.589303
vn -0.707214 -0.385264 0.592807
vn -0.598200 -0.436675 0.671917
vn -0.598216 -0.429119 0.676753
vn -0.481313 -0.469397 0.740273
vn -0.481311 -0.459056 0.746731
vn -0.357356 -0.489128 0.795645
vn -0.000133 -0.476371 0.879244
vn -0.225975 -0.487333 0.843470
vn -0.225989 -0.498238 0.837071
vn -0.225983 -0.507992 0.831190
vn -0.357241 -0.477719 0.802597
vn -0.357243 -0.487070 0.796957
vn -0.481200 -0.448361 0.753272
vn -0.481205 -0.457135 0.747977
vn -0.598094 -0.409906 0.688666
vn -0.598097 -0.417928 0.683824
vn -0.707112 -0.361662 0.607612
vn -0.707113 -0.368741 0.603341
vn -0.848345 -0.270796 0.454951
vn -0.848344 -0.276097 0.451756
vn -0.912845 -0.208838 0.350858
vn -0.912844 -0.212926 0.348395
vn -0.959998 -0.143215 0.240609
vn -0.959998 -0.146019 0.238921
vn -0.989575 -0.073661 0.123755
vn -0.989575 -0.075103 0.122886
vn -1.000000 -0.000000 -0.000000
vn -0.989574 -0.076380 0.122103
vn -1.000000 0.000000 0.000000
vn -0.989573 -0.077465 0.121427
vn -0.989572 -0.078398 0.120837
vn -0.959985 -0.152424 0.234935
vn -0.959983 -0.153940 0.233956
vn -0.912816 -0.224471 0.341146
vn -0.912816 -0.226435 0.339844
vn -0.848309 -0.293600 0.440648
vn -0.848313 -0.295668 0.439256
vn -0.707112 -0.394842 0.586594
vn -0.707117 -0.396875 0.585215
vn -0.598137 -0.449801 0.663258
vn -0.000432 -0.412758 0.910841
vn -0.225896 -0.431416 0.873413
vn -0.225879 -0.447512 0.865281
vn -0.225905 -0.461989 0.857632
vn -0.357241 -0.429071 0.829625
vn -0.357240 -0.442954 0.822296
vn -0.481243 -0.402691 0.778618
vn -0.481232 -0.415723 0.771745
vn -0.598127 -0.368151 0.711835
vn -0.598118 -0.380067 0.705552
vn -0.707107 -0.324834 0.628079
vn -0.707107 -0.335344 0.622530
vn -0.848309 -0.243245 0.470324
vn -0.848317 -0.251110 0.466157
vn -0.912816 -0.187600 0.362731
vn -0.912822 -0.193664 0.359513
vn -0.959983 -0.128655 0.248758
vn -0.959986 -0.132813 0.246550
vn -0.989571 -0.066172 0.127946
vn -0.989572 -0.068311 0.126810
vn -0.989573 -0.070269 0.125725
vn -0.989575 -0.072051 0.124703
vn -0.959996 -0.140085 0.242454
vn -0.000298 -0.319320 0.947647
vn -0.225937 -0.370751 0.900831
vn -0.225967 -0.393066 0.891313
vn -0.225946 -0.413268 0.882133
vn -0.357202 -0.376882 0.854615
vn -0.357212 -0.396249 0.845805
vn -0.481152 -0.353726 0.802104
vn -0.481174 -0.371900 0.793827
vn -0.598044 -0.323393 0.733322
vn -0.598064 -0.340008 0.725750
vn -0.707068 -0.285336 0.647023
vn -0.707078 -0.299998 0.640346
vn -0.848317 -0.213651 0.484471
vn -0.848315 -0.224634 0.479481
vn -0.912827 -0.164770 0.373629
vn -0.912824 -0.173241 0.369783
vn -0.959989 -0.112996 0.256227
vn -0.959988 -0.118806 0.253591
vn -0.989573 -0.058118 0.131788
vn -0.989572 -0.061106 0.130433
vn -1.000000 -0.000000 -0.000000
vn -0.989571 -0.063792 0.129147
vn -0.000159 -0.189300 0.981919
vn -0.226056 -0.257181 0.939551
vn -0.226002 -0.289485 0.930119
vn -0.225904 -0.319216 0.920363
vn -0.357156 -0.277573 0.891848
vn -0.357223 -0.306066 0.882449
vn -0.481071 -0.260530 0.837075
vn -0.481207 -0.287255 0.828205
vn -0.597967 -0.238198 0.765309
vn -0.598093 -0.262623 0.757175
vn -0.707019 -0.210170 0.675243
vn -0.707088 -0.231724 0.668080
vn -0.848304 -0.157366 0.505586
vn -0.848307 -0.173519 0.500266
vn -0.912822 -0.121360 0.389907
vn -0.912817 -0.133823 0.385820
vn -0.959988 -0.083226 0.267390
vn -0.959984 -0.091774 0.264592
vn -0.989572 -0.042807 0.137531
vn -0.989571 -0.047203 0.136090
vn -1.000000 -0.000063 0.000195
vn -0.989571 -0.051201 0.134637
vn -0.989572 -0.054820 0.133198
vn -0.226009 -0.222190 0.948447
vn -0.262025 -0.182703 0.947609
vn -0.357152 -0.213048 0.909424
vn -0.496966 -0.164279 0.852078
vn -0.481062 -0.199963 0.853577
vn -0.597958 -0.182817 0.780400
vn -0.480998 -0.231469 0.845614
vn -0.597898 -0.211629 0.773131
vn -0.706979 -0.133880 0.694447
vn -0.707015 -0.161300 0.688558
vn -0.706982 -0.186722 0.682137
vn -0.848303 -0.120771 0.515554
vn -0.867609 -0.094128 0.488256
vn -0.912822 -0.093139 0.397594
vn -0.965000 -0.049644 0.257509
vn -0.959988 -0.063873 0.272660
vn -0.989572 -0.032853 0.140242
vn -0.959990 -0.073935 0.270099
vn -0.989573 -0.038028 0.138925
vn -1.000000 -0.000041 0.000213
vn -0.989572 -0.080846 0.119212
vn -0.989571 -0.080433 0.119494
vn -0.989571 -0.079871 0.119873
vn -0.959984 -0.156381 0.232325
vn -0.959983 -0.155288 0.233062
vn -0.912818 -0.228030 0.338770
vn -0.989581 -0.078459 0.120718
vn -0.989576 -0.079578 0.120024
vn -0.989572 -0.080305 0.119574
vn -0.960003 -0.154719 0.233359
vn -0.959987 -0.156132 0.232482
vn -0.912855 -0.225609 0.340288
vn -0.989572 -0.019636 0.142695
vn -0.989571 -0.020292 0.142607
vn -1.000000 0.000000 -0.000000
vn -0.989571 -0.019494 0.142720
vn -0.959983 -0.038761 0.277363
vn -0.989571 -0.019936 0.142659
vn -0.285276 -0.139675 0.948213
vn -0.357241 -0.132630 0.924547
vn -0.481244 -0.124476 0.867704
vn -0.598127 -0.110916 0.793689
vn -0.707107 -0.095693 0.700602
vn -0.848308 -0.071658 0.524631
vn -0.848308 -0.070311 0.524814
vn -0.912815 -0.054227 0.404756
vn -0.912815 -0.053406 0.404866
vn -0.959983 -0.036625 0.277654
vn -0.225878 -0.138330 0.964284
vn -0.172373 -0.143799 0.974479
vn -0.137015 -0.144658 0.979949
vn -0.097611 -0.145380 0.984549
vn -0.075733 -0.145675 0.986430
vn -0.051927 -0.145911 0.987934
vn -0.026561 -0.146066 0.988918
vn -0.989572 -0.018359 0.142864
vn -0.959987 -0.035695 0.277762
vn -0.912823 -0.052051 0.405025
vn -0.848319 -0.067490 0.525166
vn -0.707121 -0.090130 0.701325
vn -0.598141 -0.102150 0.794854
vn -0.989573 -0.018727 0.142813
vn -0.989572 -0.019114 0.142763
vn -0.959988 -0.036410 0.277663
vn -0.959987 -0.037162 0.277566
vn -0.912826 -0.053092 0.404882
vn -0.912825 -0.054188 0.404740
vn -0.848324 -0.068841 0.524982
vn -0.959986 -0.038176 0.277435
vn -0.225879 -0.131833 0.965194
vn -0.225878 -0.129356 0.965529
vn -0.225877 -0.127397 0.965790
vn -0.357241 -0.122147 0.925991
vn -0.225898 -0.126656 0.965882
vn -0.225896 -0.129267 0.965537
vn -0.225889 -0.132793 0.965060
vn -0.357251 -0.127321 0.925290
vn -0.357244 -0.131577 0.924697
vn -0.481247 -0.123488 0.867843
vn -0.481244 -0.128294 0.867148
vn -0.598128 -0.117290 0.792771
vn -0.598133 -0.123351 0.791847
vn -0.707122 -0.108835 0.698666
vn -0.225877 -0.142574 0.963666
vn -0.225916 -0.149942 0.962538
vn -0.225928 -0.218447 0.949335
vn -0.225898 -0.347538 0.910048
vn -0.225917 -0.461015 0.858153
vn -0.989584 -0.077090 0.121572
vn -0.960033 -0.149884 0.236373
vn -0.960021 -0.152545 0.234711
vn -0.912914 -0.218570 0.344697
vn -0.912891 -0.222446 0.342269
vn -0.848449 -0.283432 0.446991
vn -0.848417 -0.288449 0.443832
vn -0.707243 -0.378586 0.597059
vn -0.989571 -0.080706 0.119313
vn -0.226120 -0.521635 0.822658
vn -0.226062 -0.530817 0.816780
vn -0.357330 -0.508948 0.783126
vn -0.357290 -0.516090 0.778457
vn -0.481277 -0.484360 0.730594
vn -0.481252 -0.488703 0.727713
vn -0.598137 -0.446786 0.665293
vn -0.598128 -0.449008 0.663803
vn -0.707107 -0.396177 0.585699
vn -0.707112 -0.397767 0.584615
vn -0.848312 -0.297858 0.437776
vn -0.848316 -0.298502 0.437328
vn -0.912821 -0.230215 0.337283
vn -0.959986 -0.157185 0.231777
vn -0.912821 -0.229202 0.337971
vn -0.848317 -0.297189 0.438221
vn -0.225973 -0.538268 0.811914
vn -0.225897 -0.543097 0.808713
vn -0.225878 -0.545800 0.806896
vn -0.357242 -0.523308 0.773645
vn -0.357245 -0.525411 0.772217
vn -0.481248 -0.493107 0.724738
vn -0.481253 -0.494177 0.724006
vn -0.598137 -0.451789 0.661905
vn -0.225882 -0.547994 0.805407
vn -0.225888 -0.549184 0.804594
vn -0.357250 -0.526552 0.771437
vn -0.989571 -0.079178 0.120333
vn -0.225879 -0.540153 0.810687
vn -0.225878 -0.535467 0.813790
vn -0.225896 -0.530210 0.817220
vn -0.357242 -0.508363 0.783547
vn -0.357243 -0.502345 0.787418
vn -0.481227 -0.471465 0.739013
vn -0.481215 -0.464888 0.743176
vn -0.598106 -0.425016 0.679435
vn -0.225960 -0.516613 0.825865
vn -0.357244 -0.495333 0.791847
vn -0.225943 -0.475257 0.850341
vn -0.357233 -0.413641 0.837428
vn -0.481225 -0.388214 0.785947
vn -0.598110 -0.354919 0.718538
vn -0.707099 -0.313158 0.633990
vn -0.848310 -0.234499 0.474743
vn -0.912818 -0.180853 0.366137
vn -0.959984 -0.124027 0.251093
vn -0.225886 -0.346269 0.910535
vn -0.357237 -0.332001 0.873016
vn -0.481235 -0.311589 0.819344
vn -0.598120 -0.284863 0.749070
vn -0.707103 -0.251345 0.660932
vn -0.848309 -0.188213 0.494922
vn -0.912816 -0.145157 0.381701
vn -0.959983 -0.099548 0.261768
vn -0.357241 -0.129269 0.925023
vn -0.225879 -0.134825 0.964780
vn -0.357241 -0.126400 0.925420
vn -0.357241 -0.124025 0.925741
vn -0.481243 -0.121322 0.868151
vn -0.481243 -0.118629 0.868523
vn -0.481244 -0.116400 0.868824
vn -0.481244 -0.114637 0.869058
vn -0.357253 -0.143763 0.922877
vn -0.481246 -0.134924 0.866139
vn -0.357241 -0.136698 0.923955
vn -0.848327 -0.081494 0.523164
vn -0.912829 -0.062848 0.403477
vn -0.848308 -0.077496 0.523801
vn -0.912815 -0.059768 0.403975
vn -0.848311 -0.074593 0.524218
vn -0.959990 -0.043099 0.276699
vn -0.707107 -0.103489 0.699493
vn -0.598131 -0.112896 0.793406
vn -0.481254 -0.119493 0.868399
vn -0.357256 -0.123940 0.925747
vn -0.225881 -0.137232 0.964440
vn -0.357252 -0.209448 0.910221
vn -0.481240 -0.196573 0.854264
vn -0.357269 -0.187370 0.915014
vn -0.481237 -0.175854 0.858770
vn -0.598128 -0.179713 0.780991
vn -0.598131 -0.160771 0.785106
vn -0.707121 -0.158566 0.689084
vn -0.707143 -0.141849 0.692696
vn -0.848331 -0.118736 0.515982
vn -0.848363 -0.106211 0.518652
vn -0.912832 -0.091574 0.397935
vn -0.912856 -0.081911 0.399981
vn -0.959991 -0.062801 0.272897
vn -0.356826 -0.333274 0.872699
vn -0.480631 -0.312850 0.819218
vn -0.356912 -0.301270 0.884223
vn -0.480757 -0.282801 0.829998
vn -0.597521 -0.286068 0.749089
vn -0.597646 -0.258589 0.758914
vn -0.706650 -0.252429 0.661003
vn -0.706744 -0.228185 0.669660
vn -0.848092 -0.189027 0.494984
vn -0.848137 -0.170880 0.501462
vn -0.912693 -0.145787 0.381756
vn -0.912718 -0.131794 0.386751
vn -0.959925 -0.099983 0.261816
vn -0.357257 -0.442017 0.822793
vn -0.481252 -0.414840 0.772207
vn -0.357239 -0.420646 0.833929
vn -0.481240 -0.394783 0.782658
vn -0.598139 -0.379255 0.705971
vn -0.598124 -0.360920 0.715531
vn -0.707126 -0.334624 0.622896
vn -0.707104 -0.318452 0.631341
vn -0.848330 -0.250564 0.466427
vn -0.848307 -0.238465 0.472769
vn -0.912831 -0.193239 0.359721
vn -0.912815 -0.183912 0.364617
vn -0.959991 -0.132519 0.246692
vn -0.989585 -0.075387 0.122631
vn -0.960035 -0.146574 0.238431
vn -0.912918 -0.213746 0.347698
vn -0.848454 -0.277180 0.450885
vn -0.707246 -0.370243 0.602266
vn -0.598215 -0.419665 0.682657
vn -0.481302 -0.477658 0.734978
vn -0.357354 -0.500146 0.788766
vn -0.598168 -0.442809 0.667919
vn -0.707119 -0.394214 0.587008
vn -0.848308 -0.296669 0.438589
vn -0.912818 -0.229719 0.337628
vn -0.959985 -0.157879 0.231305
vn -0.357240 -0.467262 0.808731
vn -0.357240 -0.455680 0.815313
vn -0.481204 -0.438545 0.759026
vn -0.481216 -0.427671 0.765198
vn -0.598096 -0.400932 0.693927
vn -0.598105 -0.390990 0.699569
vn -0.707110 -0.353746 0.612257
vn -0.707108 -0.344978 0.617242
vn -0.848340 -0.264873 0.458435
vn -0.848329 -0.258315 0.462181
vn -0.912841 -0.204271 0.353547
vn -0.912832 -0.199217 0.356441
vn -0.959994 -0.148502 0.237398
vn -0.959990 -0.150612 0.236083
vn -0.912838 -0.216545 0.346173
vn -0.912829 -0.219620 0.344253
vn -0.912821 -0.222261 0.342576
vn -0.848336 -0.280787 0.448870
vn -0.848326 -0.284771 0.446373
vn -0.848315 -0.288191 0.444193
vn -0.848308 -0.291053 0.442336
vn -0.707113 -0.374997 0.599473
vn -0.707112 -0.380306 0.596121
vn -0.707109 -0.384863 0.593193
vn -0.707107 -0.388677 0.590703
vn -0.707108 -0.392079 0.588449
vn -0.225928 -0.523930 0.821251
vn -0.959992 -0.136620 0.244440
vn -0.357215 -0.355482 0.863730
vn -0.481182 -0.333635 0.810649
vn -0.598071 -0.305022 0.741129
vn -0.707081 -0.269128 0.653917
vn -0.848314 -0.201520 0.489646
vn -0.912823 -0.155416 0.377624
vn -0.959987 -0.106582 0.258969
vn -0.357120 -0.246605 0.900917
vn -0.848302 -0.139802 0.510725
vn -0.912825 -0.107813 0.393862
vn -0.598133 -0.447496 0.664820
vn -0.598129 -0.444363 0.666921
vn -0.598128 -0.440508 0.669474
vn -0.598124 -0.436188 0.672301
vn -0.598115 -0.431028 0.675628
vn -0.481248 -0.489480 0.727193
vn -0.481245 -0.486052 0.729490
vn -0.481244 -0.481836 0.732283
vn -0.481238 -0.477109 0.735375
vn -0.481252 -0.492002 0.725486
vn -0.357250 -0.524234 0.773014
vn -0.357246 -0.521546 0.774832
vn -0.225884 -0.543962 0.808135
vn -0.357242 -0.517894 0.777280
vn -0.357241 -0.513401 0.780255
vn -0.481244 -0.491134 0.726080
vn -0.598132 -0.450811 0.662576
vn -0.357252 -0.520718 0.775386
vn -0.707117 -0.398629 0.584021
vn -0.707111 -0.099613 0.700051
vn -0.707118 -0.096389 0.700495
vn -0.598138 -0.109243 0.793912
vn -0.481259 -0.116320 0.868827
vn -0.357259 -0.121436 0.926077
vn -0.225897 -0.124957 0.966104
vn -0.848308 -0.069247 0.524956
vn -0.707107 -0.092473 0.701034
vn -0.598128 -0.104805 0.794518
vn -0.989572 -0.018476 0.142846
vn -0.959988 -0.035921 0.277728
vn -0.912825 -0.052380 0.404977
vn -0.848323 -0.067917 0.525105
vn -0.707126 -0.090700 0.701246
vn -0.598127 -0.108454 0.794029
vn -0.707107 -0.093895 0.700845
vn -0.598127 -0.106416 0.794304
vn -0.598144 -0.106343 0.794302
vn -0.481261 -0.113969 0.869137
vn -0.357258 -0.119807 0.926290
vn -1.000000 -0.000000 -0.000000
vn -1.000000 -0.000000 -0.000000
vn -1.000000 -0.000000 -0.000000
vn -1.000000 -0.000000 -0.000000
vn -1.000000 -0.000000 -0.000000
vn -1.000000 -0.000000 -0.000000
vn -1.000000 -0.000000 -0.000000
vn -1.000000 -0.000000 -0.000000
vn -1.000000 0.000000 -0.000000
vn -0.980785 0.169883 -0.095917
vn -0.965926 0.225377 -0.127249
vn -0.965926 0.225377 -0.127249
vn -0.866025 0.435396 -0.245827
vn -0.866025 0.435396 -0.245827
vn -0.707107 0.615742 -0.347651
vn -0.707107 0.615742 -0.347651
vn -0.500000 0.754127 -0.425784
vn -0.500000 0.754127 -0.425784
vn -0.258819 0.841120 -0.474901
vn -0.382683 0.804506 -0.454228
vn -0.195090 0.854059 -0.482206
vn 0.000000 0.870791 -0.491653
vn 0.195090 0.854059 -0.482206
vn 0.258819 0.841120 -0.474901
vn 0.382683 0.804506 -0.454228
vn 0.500000 0.754127 -0.425784
vn 0.555570 0.724036 -0.408795
vn 0.707107 0.615742 -0.347651
vn 0.707107 0.615742 -0.347651
vn 0.831470 0.483786 -0.273148
vn 0.866025 0.435396 -0.245827
vn 0.923880 0.333237 -0.188148
vn 0.965926 0.225377 -0.127249
vn 0.980785 0.169883 -0.095917
vn 0.965926 0.225377 -0.127249
vn 0.965926 0.225377 -0.127249
vn 0.866025 0.435396 -0.245827
vn 0.866025 0.435396 -0.245827
vn 0.707107 0.615742 -0.347651
vn 0.707107 0.615742 -0.347651
vn 0.500000 0.754127 -0.425784
vn 0.500000 0.754127 -0.425784
vn 0.258819 0.841120 -0.474901
vn 0.258819 0.841120 -0.474901
vn 0.000000 0.870791 -0.491653
vn 0.000000 0.870791 -0.491653
vn -0.258819 0.841120 -0.474901
vn -0.258819 0.841120 -0.474901
vn -0.500000 0.754127 -0.425784
vn -0.500000 0.754127 -0.425784
vn -0.707107 0.615742 -0.347651
vn -0.707107 0.615742 -0.347651
vn -0.866025 0.435396 -0.245827
vn -0.866025 0.435396 -0.245827
vn -0.965926 0.225377 -0.127249
vn -0.965926 0.225377 -0.127249
vn -0.965926 0.225377 -0.127249
vn -0.965926 0.225377 -0.127249
vn -0.866025 0.435396 -0.245827
vn -0.866025 0.435396 -0.245827
vn -0.707107 0.615742 -0.347651
vn -0.707107 0.615742 -0.347651
vn -0.500000 0.754127 -0.425784
vn -0.500000 0.754127 -0.425784
vn -0.258819 0.841120 -0.474901
vn -0.258819 0.841120 -0.474901
vn 0.000000 0.870791 -0.491653
vn 0.000000 0.870791 -0.491653
vn 0.258819 0.841120 -0.474901
vn 0.258819 0.841120 -0.474901
vn 0.500000 0.754127 -0.425784
vn 0.500000 0.754127 -0.425784
vn 0.707107 0.615742 -0.347651
vn 0.707107 0.615742 -0.347651
vn 0.866025 0.435396 -0.245827
vn 0.866025 0.435396 -0.245827
vn 0.965926 0.225377 -0.127249
vn 0.965926 0.225377 -0.127249
vn 0.965926 0.225377 -0.127249
vn 0.866025 0.435396 -0.245827
vn 0.707107 0.615742 -0.347651
vn 0.500000 0.754127 -0.425784
vn 0.258819 0.841120 -0.474901
vn -0.258819 0.841120 -0.474901
vn -0.500000 0.754127 -0.425784
vn -0.707107 0.615742 -0.347651
vn -0.866025 0.435396 -0.245827
vn -0.965926 0.225377 -0.127249
vn 0.965926 0.225377 -0.127249
vn 0.965926 0.225377 -0.127249
vn 0.965926 0.225377 -0.127249
vn 0.866025 0.435396 -0.245827
vn 0.866025 0.435396 -0.245827
vn 0.707107 0.615742 -0.347651
vn 0.707107 0.615742 -0.347651
vn 0.500000 0.754127 -0.425784
vn 0.500000 0.754127 -0.425784
vn 0.258819 0.841120 -0.474901
vn -0.555570 0.724036 -0.408795
vn -0.707107 0.615742 -0.347651
vn -0.866025 0.435396 -0.245827
vn -0.965926 0.225377 -0.127249
vn -0.707107 0.615742 -0.347651
vn -0.831470 0.483786 -0.273148
vn -0.866025 0.435396 -0.245827
vn -0.923880 0.333237 -0.188148
vn -0.965926 0.225377 -0.127249
vn -0.965926 0.225377 -0.127249
vn -0.866025 0.435396 -0.245827
vn -0.707107 0.615742 -0.347651
vn -0.500000 0.754127 -0.425784
vn -0.258819 0.841120 -0.474901
vn 0.000000 0.870791 -0.491653
vn -0.965926 0.225377 -0.127249
vn -0.965926 0.225377 -0.127249
vn -0.965926 0.225377 -0.127249
vn -0.866025 0.435396 -0.245827
vn -0.866025 0.435396 -0.245827
vn -0.707107 0.615742 -0.347651
vn -0.707107 0.615742 -0.347651
vn -0.500000 0.754127 -0.425784
vn -0.500000 0.754127 -0.425784
vn -0.258819 0.841120 -0.474901
vn -0.258819 0.841120 -0.474901
vn 0.000000 0.870791 -0.491653
vn 0.000000 0.870791 -0.491653
vn 0.258819 0.841120 -0.474901
vn 0.258819 0.841120 -0.474901
vn 0.500000 0.754127 -0.425784
vn 0.500000 0.754127 -0.425784
vn 0.707107 0.615742 -0.347651
vn -0.866025 0.435396 -0.245827
vn -0.965926 0.225377 -0.127249
vn -0.965926 0.225377 -0.127249
vn -0.965926 0.225377 -0.127249
vn -0.866025 0.435396 -0.245827
vn -0.866025 0.435396 -0.245827
vn -0.707107 0.615742 -0.347651
vn -0.707107 0.615742 -0.347651
vn -0.500000 0.754127 -0.425784
vn -0.500000 0.754127 -0.425784
vn -0.258819 0.841120 -0.474901
vn -0.258819 0.841120 -0.474901
vn 0.000000 0.870791 -0.491653
vn -0.866025 0.435396 -0.245827
vn -0.707107 0.615742 -0.347651
vn -0.500000 0.754127 -0.425784
vn -0.258819 0.841120 -0.474901
vn 0.000000 0.870791 -0.491653
vn 0.258819 0.841120 -0.474901
vn 0.500000 0.754127 -0.425784
vn 0.707107 0.615742 -0.347651
vn 0.866025 0.435396 -0.245827
vn 0.965926 0.225377 -0.127249
vn -0.707107 0.615742 -0.347651
vn -0.707107 0.615742 -0.347651
vn -0.500000 0.754127 -0.425784
vn -0.258819 0.841120 -0.474901
vn 0.000000 0.870791 -0.491653
vn 0.258819 0.841120 -0.474901
vn -0.500000 0.754127 -0.425784
vn -0.500000 0.754127 -0.425784
vn -0.258819 0.841120 -0.474901
vn 0.000000 0.870791 -0.491653
vn 0.258819 0.841120 -0.474901
vn 0.500000 0.754127 -0.425784
vn 0.707107 0.615742 -0.347651
vn 0.866025 0.435396 -0.245827
vn 0.965926 0.225377 -0.127249
vn -0.258819 0.841120 -0.474901
vn -0.258819 0.841120 -0.474901
vn 0.000000 0.870791 -0.491653
vn 0.258819 0.841120 -0.474901
vn 0.500000 0.754127 -0.425784
vn 0.000000 0.870791 -0.491653
vn 0.000000 0.870791 -0.491653
vn 0.258819 0.841120 -0.474901
vn 0.500000 0.754127 -0.425784
vn 0.707107 0.615742 -0.347651
vn 0.866025 0.435396 -0.245827
vn 0.965926 0.225377 -0.127249
vn 0.258819 0.841120 -0.474901
vn 0.258819 0.841120 -0.474901
vn 0.500000 0.754127 -0.425784
vn 0.707107 0.615742 -0.347651
vn 0.500000 0.754127 -0.425784
vn 0.707107 0.615742 -0.347651
vn 0.866025 0.435396 -0.245827
vn 0.965926 0.225377 -0.127249
vn 0.707107 0.615742 -0.347651
vn 0.866025 0.435396 -0.245827
vn 0.965926 0.225377 -0.127249
vn 0.707107 0.615742 -0.347651
vn 0.866025 0.435396 -0.245827
vn 0.965926 0.225377 -0.127249
vn 0.866025 0.435396 -0.245827
vn 0.866025 0.435396 -0.245827
vn 0.965926 0.225377 -0.127249
f 1158/1268/1251 1164/1269/1252 1157/1270/1253
f 1157/1270/1253 1164/1269/1252 1208/1271/1254
f 1157/1270/1253 1208/1271/1254 1217/1272/1255
f 1217/1272/1255 1208/1271/1254 1209/1273/1256
f 1217/1272/1255 1209/1273/1256 1210/1274/1257
f 1164/1269/1252 1158/1268/1251 1163/1275/1258
f 1163/1275/1258 1158/1268/1251 1159/1276/1259
f 1163/1275/1258 1159/1276/1259 1160/1277/1260
f 1161/1278/1261 1162/1279/1262 1160/1277/1260
f 1160/1277/1260 1162/1279/1262 1163/1275/1258
f 1164/1269/1252 1165/1280/1263 1208/1271/1254
f 1208/1271/1254 1165/1280/1263 1166/1281/1264
f 1208/1271/1254 1166/1281/1264 1167/1282/1265
f 1208/1271/1254 1167/1282/1265 1207/1283/1266
f 1207/1283/1266 1167/1282/1265 1168/1284/1267
f 1207/1283/1266 1168/1284/1267 1206/1285/1268
f 1206/1285/1268 1168/1284/1267 1169/1286/1269
f 1206/1285/1268 1169/1286/1269 1205/1287/1270
f 1205/1287/1270 1169/1286/1269 1170/1288/1271
f 1205/1287/1270 1170/1288/1271 1204/1289/1272
f 1204/1289/1272 1170/1288/1271 1171/1290/1273
f 1204/1289/1272 1171/1290/1273 1203/1291/1274
f 1203/1291/1274 1171/1290/1273 1172/1292/1275
f 1203/1291/1274 1172/1292/1275 1173/1293/1276
f 1203/1291/1274 1173/1293/1276 1202/1294/1277
f 1202/1294/1277 1173/1293/1276 1174/1295/1278
f 1202/1294/1277 1174/1295/1278 1201/1296/1279
f 1201/1296/1279 1174/1295/1278 1200/1297/1280
f 1200/1297/1280 1174/1295/1278 1175/1298/1281
f 1200/1297/1280 1175/1298/1281 1199/1299/1282
f 1199/1299/1282 1175/1298/1281 1176/1300/1283
f 1199/1299/1282 1176/1300/1283 1198/1301/1284
f 1198/1301/1284 1176/1300/1283 1177/1302/1285
f 1198/1301/1284 1177/1302/1285 1197/1303/1286
f 1197/1303/1286 1177/1302/1285 1187/1304/1287
f 1197/1303/1286 1187/1304/1287 1196/1305/1288
f 1196/1305/1288 1187/1304/1287 1188/1306/1289
f 1196/1305/1288 1188/1306/1289 1195/1307/1290
f 1195/1307/1290 1188/1306/1289 1194/1308/1291
f 1194/1308/1291 1188/1306/1289 1193/1309/1292
f 1193/1309/1292 1188/1306/1289 1192/1310/1293
f 1192/1310/1293 1188/1306/1289 1191/1311/1294
f 1191/1311/1294 1188/1306/1289 1190/1312/1295
f 1190/1312/1295 1188/1306/1289 1189/1313/1296
f 1178/1314/1297 1180/1315/1298 1177/1302/1285
f 1177/1302/1285 1180/1315/1298 1181/1316/1299
f 1177/1302/1285 1181/1316/1299 1182/1317/1300
f 1178/1314/1297 1179/1318/1301 1180/1315/1298
f 1182/1317/1300 1183/1319/1302 1177/1302/1285
f 1177/1302/1285 1183/1319/1302 1184/1320/1303
f 1177/1302/1285 1184/1320/1303 1185/1321/1304
f 1185/1321/1304 1186/1322/1305 1177/1302/1285
f 1177/1302/1285 1186/1322/1305 1187/1304/1287
f 1210/1274/1257 1211/1323/1306 1217/1272/1255
f 1217/1272/1255 1211/1323/1306 1212/1324/1307
f 1217/1272/1255 1212/1324/1307 1216/1325/1308
f 1216/1325/1308 1212/1324/1307 1215/1326/1309
f 1215/1326/1309 1212/1324/1307 1213/1327/1310
f 1215/1326/1309 1213/1327/1310 1214/1328/1311
f 1188/1329/1312 1187/1330/1313 1220/1331/1314
f 1220/1331/1314 1187/1330/1313 1219/1332/1315
f 1219/1332/1315 1187/1330/1313 1218/1333/1316
f 1218/1333/1316 1187/1330/1313 1186/1334/1317
f 1186/1335/1318 1185/1336/1319 1218/1337/1316
f 1218/1337/1316 1185/1336/1319 1229/1338/1320
f 1229/1338/1320 1185/1336/1319 1184/1339/1321
f 1229/1338/1320 1184/1339/1321 1183/1340/1322
f 1183/1340/1322 1182/1341/1323 1229/1338/1320
f 1229/1338/1320 1182/1341/1323 1228/1342/1324
f 1228/1342/1324 1182/1341/1323 1181/1343/1325
f 1228/1342/1324 1181/1343/1325 1233/1344/1326
f 1233/1344/1326 1181/1343/1325 1180/1345/1327
f 1233/1344/1326 1180/1345/1327 1227/1346/1328
f 1227/1346/1328 1180/1345/1327 1234/1347/1329
f 1227/1346/1328 1234/1347/1329 1226/1348/1330
f 1226/1348/1330 1234/1347/1329 1179/1349/1331
f 1226/1348/1330 1179/1349/1331 1235/1350/1332
f 1235/1350/1332 1179/1349/1331 1225/1351/1333
f 1235/1350/1332 1225/1351/1333 1226/1348/1330
f 1180/1345/1327 1179/1349/1331 1234/1347/1329
f 1225/1351/1333 1179/1349/1331 1232/1352/1334
f 1232/1352/1334 1179/1349/1331 1178/1353/1335
f 1232/1352/1334 1178/1353/1335 1231/1354/1336
f 1231/1354/1336 1178/1353/1335 1230/1355/1337
f 1231/1354/1336 1230/1355/1337 1224/1356/1338
f 1224/1356/1338 1230/1355/1337 1223/1357/1339
f 1223/1357/1339 1230/1355/1337 1222/1358/1340
f 1222/1358/1340 1230/1355/1337 1177/1359/1341
f 1222/1358/1340 1177/1359/1341 1221/1360/1342
f 1178/1353/1335 1177/1359/1341 1230/1355/1337
f 1231/1354/1336 1224/1356/1338 1232/1352/1334
f 1232/1352/1334 1224/1356/1338 1225/1351/1333
f 1227/1346/1328 1228/1342/1324 1233/1344/1326
f 1177/1361/1343 1176/1362/1344 1221/1363/1342
f 1221/1363/1342 1176/1362/1344 1175/1364/1345
f 1221/1363/1342 1175/1364/1345 1174/1365/1346
f 1174/1365/1346 1173/1366/1347 1221/1363/1342
f 1221/1363/1342 1173/1366/1347 1270/1367/1348
f 1221/1363/1342 1270/1367/1348 1272/1368/1349
f 1272/1368/1349 1270/1367/1348 1271/1369/1350
f 1172/1370/1351 1261/1371/1352 1173/1366/1347
f 1173/1366/1347 1261/1371/1352 1262/1372/1353
f 1173/1366/1347 1262/1372/1353 1263/1373/1354
f 1261/1371/1352 1172/1370/1351 1260/1374/1355
f 1260/1374/1355 1172/1370/1351 1171/1375/1356
f 1260/1374/1355 1171/1375/1356 1259/1376/1357
f 1259/1376/1357 1171/1375/1356 1246/1377/1358
f 1259/1376/1357 1246/1377/1358 1247/1378/1359
f 1171/1375/1356 1170/1379/1360 1246/1377/1358
f 1246/1377/1358 1170/1379/1360 1236/1380/1361
f 1246/1377/1358 1236/1380/1361 1237/1381/1362
f 1170/1379/1360 1169/1382/1363 1236/1380/1361
f 1236/1380/1361 1169/1382/1363 1168/1383/1364
f 1236/1380/1361 1168/1383/1364 1167/1384/1365
f 1238/1385/1366 1242/1386/1367 1237/1381/1362
f 1237/1381/1362 1242/1386/1367 1243/1387/1368
f 1237/1381/1362 1243/1387/1368 1244/1388/1369
f 1239/1389/1370 1240/1390/1371 1238/1385/1366
f 1238/1385/1366 1240/1390/1371 1241/1391/1372
f 1238/1385/1366 1241/1391/1372 1242/1386/1367
f 1244/1388/1369 1245/1392/1373 1237/1381/1362
f 1237/1381/1362 1245/1392/1373 1246/1377/1358
f 1248/1393/1374 1257/1394/1375 1247/1378/1359
f 1247/1378/1359 1257/1394/1375 1258/1395/1376
f 1247/1378/1359 1258/1395/1376 1259/1376/1357
f 1248/1393/1374 1249/1396/1377 1257/1394/1375
f 1257/1394/1375 1249/1396/1377 1250/1397/1378
f 1257/1394/1375 1250/1397/1378 1256/1398/1379
f 1256/1398/1379 1250/1397/1378 1251/1399/1380
f 1256/1398/1379 1251/1399/1380 1252/1400/1381
f 1252/1400/1381 1253/1401/1382 1256/1398/1379
f 1256/1398/1379 1253/1401/1382 1254/1402/1383
f 1256/1398/1379 1254/1402/1383 1255/1403/1384
f 1263/1373/1354 1264/1404/1385 1173/1366/1347
f 1173/1366/1347 1264/1404/1385 1265/1405/1386
f 1173/1366/1347 1265/1405/1386 1266/1406/1387
f 1173/1366/1347 1266/1406/1387 1270/1367/1348
f 1270/1367/1348 1266/1406/1387 1267/1407/1388
f 1270/1367/1348 1267/1407/1388 1268/1408/1389
f 1268/1408/1389 1269/1409/1390 1270/1367/1348
f 1236/1410/1361 1167/1411/1365 1280/1412/1391
f 1280/1412/1391 1167/1411/1365 1166/1413/1392
f 1280/1412/1391 1166/1413/1392 1279/1414/1393
f 1279/1414/1393 1166/1413/1392 1165/1415/1394
f 1279/1414/1393 1165/1415/1394 1278/1416/1395
f 1278/1416/1395 1165/1415/1394 1164/1417/1396
f 1278/1416/1395 1164/1417/1396 1277/1418/1397
f 1277/1418/1397 1164/1417/1396 1163/1419/1398
f 1277/1418/1397 1163/1419/1398 1276/1420/1399
f 1276/1420/1399 1163/1419/1398 1162/1421/1400
f 1276/1420/1399 1162/1421/1400 1275/1422/1401
f 1275/1422/1401 1162/1421/1400 1161/1423/1402
f 1275/1422/1401 1161/1423/1402 1274/1424/1403
f 1274/1424/1403 1161/1423/1402 1160/1425/1404
f 1274/1424/1403 1160/1425/1404 1273/1426/1405
f 1273/1426/1405 1160/1425/1404 1159/1427/1406
f 1273/1426/1405 1159/1427/1406 1158/1428/1407
f 1217/1429/1408 1216/1430/1409 1289/1431/1410
f 1289/1431/1410 1216/1430/1409 1215/1432/1411
f 1289/1431/1410 1215/1432/1411 1288/1433/1412
f 1288/1433/1412 1215/1432/1411 1214/1434/1413
f 1288/1433/1412 1214/1434/1413 1287/1435/1414
f 1287/1435/1414 1214/1434/1413 1213/1436/1415
f 1287/1435/1414 1213/1436/1415 1286/1437/1416
f 1286/1437/1416 1213/1436/1415 1212/1438/1417
f 1286/1437/1416 1212/1438/1417 1285/1439/1418
f 1285/1439/1418 1212/1438/1417 1211/1440/1419
f 1285/1439/1418 1211/1440/1419 1284/1441/1420
f 1284/1441/1420 1211/1440/1419 1210/1442/1421
f 1284/1441/1420 1210/1442/1421 1283/1443/1422
f 1283/1443/1422 1210/1442/1421 1209/1444/1423
f 1283/1443/1422 1209/1444/1423 1282/1445/1424
f 1282/1445/1424 1209/1444/1423 1208/1446/1425
f 1282/1445/1424 1208/1446/1425 1281/1447/1426
f 1208/1448/1425 1207/1449/1427 1281/1450/1428
f 1281/1450/1428 1207/1449/1427 1206/1451/1429
f 1281/1450/1428 1206/1451/1429 1205/1452/1430
f 1281/1450/1428 1205/1452/1430 1318/1453/1431
f 1318/1453/1431 1205/1452/1430 1204/1454/1432
f 1318/1453/1431 1204/1454/1432 1203/1455/1433
f 1202/1456/1434 1303/1457/1435 1203/1455/1433
f 1203/1455/1433 1303/1457/1435 1304/1458/1436
f 1203/1455/1433 1304/1458/1436 1305/1459/1437
f 1201/1460/1438 1290/1461/1439 1202/1456/1434
f 1202/1456/1434 1290/1461/1439 1294/1462/1440
f 1202/1456/1434 1294/1462/1440 1298/1463/1441
f 1298/1463/1441 1294/1462/1440 1297/1464/1442
f 1297/1464/1442 1294/1462/1440 1296/1465/1443
f 1296/1465/1443 1294/1462/1440 1295/1466/1444
f 1201/1460/1438 1200/1467/1445 1290/1461/1439
f 1290/1461/1439 1200/1467/1445 1199/1468/1446
f 1290/1461/1439 1199/1468/1446 1198/1469/1447
f 1290/1461/1439 1291/1470/1448 1294/1462/1440
f 1294/1462/1440 1291/1470/1448 1292/1471/1449
f 1294/1462/1440 1292/1471/1449 1293/1472/1450
f 1298/1463/1441 1299/1473/1451 1202/1456/1434
f 1202/1456/1434 1299/1473/1451 1300/1474/1452
f 1202/1456/1434 1300/1474/1452 1301/1475/1453
f 1301/1475/1453 1302/1476/1454 1202/1456/1434
f 1202/1456/1434 1302/1476/1454 1303/1457/1435
f 1306/1477/1455 1317/1478/1456 1305/1459/1437
f 1305/1459/1437 1317/1478/1456 1318/1453/1431
f 1305/1459/1437 1318/1453/1431 1203/1455/1433
f 1306/1477/1455 1307/1479/1457 1317/1478/1456
f 1317/1478/1456 1307/1479/1457 1316/1480/1458
f 1316/1480/1458 1307/1479/1457 1315/1481/1459
f 1315/1481/1459 1307/1479/1457 1314/1482/1460
f 1314/1482/1460 1307/1479/1457 1308/1483/1461
f 1314/1482/1460 1308/1483/1461 1313/1484/1462
f 1313/1484/1462 1308/1483/1461 1312/1485/1463
f 1312/1485/1463 1308/1483/1461 1311/1486/1464
f 1311/1486/1464 1308/1483/1461 1310/1487/1465
f 1310/1487/1465 1308/1483/1461 1309/1488/1466
f 1281/1450/1428 1318/1453/1431 1327/1489/1467
f 1327/1489/1467 1318/1453/1431 1319/1490/1468
f 1327/1489/1467 1319/1490/1468 1320/1491/1469
f 1320/1491/1469 1321/1492/1470 1327/1489/1467
f 1327/1489/1467 1321/1492/1470 1322/1493/1471
f 1327/1489/1467 1322/1493/1471 1326/1494/1472
f 1326/1494/1472 1322/1493/1471 1323/1495/1473
f 1326/1494/1472 1323/1495/1473 1324/1496/1474
f 1324/1496/1474 1325/1497/1475 1326/1494/1472
f 1197/1498/1476 1336/1499/1477 1198/1500/1478
f 1198/1500/1478 1336/1499/1477 1335/1501/1479
f 1198/1500/1478 1335/1501/1479 1290/1502/1439
f 1196/1503/1480 1338/1504/1481 1197/1498/1476
f 1197/1498/1476 1338/1504/1481 1339/1505/1482
f 1197/1498/1476 1339/1505/1482 1336/1499/1477
f 1336/1499/1477 1339/1505/1482 1333/1506/1483
f 1336/1499/1477 1333/1506/1483 1334/1507/1484
f 1195/1508/1485 1331/1509/1486 1196/1503/1480
f 1196/1503/1480 1331/1509/1486 1340/1510/1487
f 1196/1503/1480 1340/1510/1487 1332/1511/1488
f 1332/1511/1488 1340/1510/1487 1331/1509/1486
f 1194/1512/1489 1330/1513/1490 1195/1508/1485
f 1195/1508/1485 1330/1513/1490 1341/1514/1491
f 1195/1508/1485 1341/1514/1491 1331/1509/1486
f 1331/1509/1486 1341/1514/1491 1330/1513/1490
f 1330/1513/1490 1194/1512/1489 1337/1515/1492
f 1337/1515/1492 1194/1512/1489 1193/1516/1493
f 1337/1515/1492 1193/1516/1493 1329/1517/1494
f 1329/1517/1494 1193/1516/1493 1192/1518/1495
f 1329/1517/1494 1192/1518/1495 1328/1519/1496
f 1328/1519/1496 1192/1518/1495 1191/1520/1497
f 1328/1519/1496 1191/1520/1497 1190/1521/1498
f 1190/1521/1498 1189/1522/1499 1328/1519/1496
f 1328/1519/1496 1189/1522/1499 1220/1523/1314
f 1220/1523/1314 1189/1522/1499 1188/1524/1500
f 1329/1517/1494 1330/1513/1490 1337/1515/1492
f 1196/1503/1480 1332/1511/1488 1338/1504/1481
f 1338/1504/1481 1332/1511/1488 1333/1506/1483
f 1338/1504/1481 1333/1506/1483 1339/1505/1482
f 1334/1507/1484 1335/1501/1479 1336/1499/1477
f 1342/1525/1501 1343/1526/1502 1351/1527/1503
f 1351/1527/1503 1343/1526/1502 1344/1528/1504
f 1351/1527/1503 1344/1528/1504 1345/1529/1505
f 1345/1529/1505 1346/1530/1506 1351/1527/1503
f 1351/1527/1503 1346/1530/1506 1347/1531/1507
f 1351/1527/1503 1347/1531/1507 1348/1532/1508
f 1348/1532/1508 1349/1533/1509 1351/1527/1503
f 1351/1527/1503 1349/1533/1509 1350/1534/1510
f 1352/1535/1511 1353/1536/1512 1360/1537/1513
f 1360/1537/1513 1353/1536/1512 1354/1538/1514
f 1360/1537/1513 1354/1538/1514 1355/1539/1515
f 1355/1539/1515 1356/1540/1516 1360/1537/1513
f 1360/1537/1513 1356/1540/1516 1357/1541/1517
f 1360/1537/1513 1357/1541/1517 1358/1542/1518
f 1358/1542/1518 1359/1543/1519 1360/1537/1513
f 1360/1537/1513 1359/1543/1519 1342/1544/1501
f 1361/1545/1520 1362/1546/1521 1218/1547/1522
f 1218/1547/1522 1362/1546/1521 1363/1548/1523
f 1218/1547/1522 1363/1548/1523 1364/1549/1524
f 1364/1549/1524 1365/1550/1525 1218/1547/1522
f 1218/1547/1522 1365/1550/1525 1366/1551/1526
f 1218/1547/1522 1366/1551/1526 1367/1552/1527
f 1367/1552/1527 1368/1553/1528 1218/1547/1522
f 1218/1547/1522 1368/1553/1528 1369/1554/1529
f 1218/1547/1522 1369/1554/1529 1370/1555/1530
f 1370/1555/1530 1371/1556/1531 1218/1547/1522
f 1218/1547/1522 1371/1556/1531 1219/1557/1532
f 1360/1558/1533 1372/1559/1534 1384/1560/1535
f 1384/1560/1535 1372/1559/1534 1385/1561/1536
f 1384/1560/1535 1385/1561/1536 1383/1562/1537
f 1383/1562/1537 1385/1561/1536 1382/1563/1538
f 1382/1563/1538 1385/1561/1536 1381/1564/1539
f 1381/1564/1539 1385/1561/1536 1386/1565/1540
f 1381/1564/1539 1386/1565/1540 1380/1566/1541
f 1380/1566/1541 1386/1565/1540 1387/1567/1542
f 1380/1566/1541 1387/1567/1542 1379/1568/1543
f 1379/1568/1543 1387/1567/1542 1388/1569/1544
f 1379/1568/1543 1388/1569/1544 1378/1570/1545
f 1378/1570/1545 1388/1569/1544 1389/1571/1546
f 1378/1570/1545 1389/1571/1546 1293/1572/1450
f 1293/1572/1450 1389/1571/1546 1294/1573/1440
f 1294/1573/1440 1389/1571/1546 1377/1574/1547
f 1377/1574/1547 1389/1571/1546 1376/1575/1548
f 1376/1575/1548 1389/1571/1546 1388/1569/1544
f 1376/1575/1548 1388/1569/1544 1375/1576/1549
f 1375/1576/1549 1388/1569/1544 1387/1567/1542
f 1375/1576/1549 1387/1567/1542 1374/1577/1550
f 1374/1577/1550 1387/1567/1542 1386/1565/1540
f 1374/1577/1550 1386/1565/1540 1373/1578/1551
f 1373/1578/1551 1386/1565/1540 1385/1561/1536
f 1373/1578/1551 1385/1561/1536 1372/1559/1534
f 1391/1579/1552 1454/1580/1553 1390/1581/1554
f 1390/1581/1554 1454/1580/1553 1447/1582/1555
f 1390/1581/1554 1447/1582/1555 1594/1583/1556
f 1594/1583/1556 1447/1582/1555 1586/1584/1557
f 1594/1583/1556 1586/1584/1557 1593/1585/1558
f 1593/1585/1558 1586/1584/1557 1585/1586/1559
f 1593/1585/1558 1585/1586/1559 1592/1587/1560
f 1592/1587/1560 1585/1586/1559 1584/1588/1561
f 1592/1587/1560 1584/1588/1561 1591/1589/1562
f 1591/1589/1562 1584/1588/1561 1583/1590/1563
f 1591/1589/1562 1583/1590/1563 1590/1591/1564
f 1590/1591/1564 1583/1590/1563 1582/1592/1565
f 1590/1591/1564 1582/1592/1565 1589/1593/1566
f 1589/1593/1566 1582/1592/1565 1581/1594/1567
f 1589/1593/1566 1581/1594/1567 1588/1595/1568
f 1588/1595/1568 1581/1594/1567 1307/1596/1457
f 1588/1595/1568 1307/1596/1457 1595/1597/1569
f 1595/1597/1569 1307/1596/1457 1445/1598/1570
f 1595/1597/1569 1445/1598/1570 1602/1599/1571
f 1602/1599/1571 1445/1598/1570 1608/1600/1572
f 1602/1599/1571 1608/1600/1572 1609/1601/1573
f 1609/1601/1573 1608/1600/1572 1616/1602/1574
f 1609/1601/1573 1616/1602/1574 1617/1603/1575
f 1617/1603/1575 1616/1602/1574 1622/1604/1576
f 1617/1603/1575 1622/1604/1576 1623/1605/1577
f 1623/1605/1577 1622/1604/1576 1464/1606/1578
f 1623/1605/1577 1464/1606/1578 1463/1607/1579
f 1463/1607/1579 1464/1606/1578 1460/1608/1580
f 1463/1607/1579 1460/1608/1580 1461/1609/1581
f 1461/1609/1581 1460/1608/1580 1443/1610/1582
f 1461/1609/1581 1443/1610/1582 1407/1611/1583
f 1407/1611/1583 1443/1610/1582 1638/1612/1584
f 1407/1611/1583 1638/1612/1584 1631/1613/1585
f 1631/1613/1585 1638/1612/1584 1637/1614/1586
f 1631/1613/1585 1637/1614/1586 1644/1615/1587
f 1644/1615/1587 1637/1614/1586 1636/1616/1588
f 1644/1615/1587 1636/1616/1588 1643/1617/1589
f 1643/1617/1589 1636/1616/1588 1635/1618/1590
f 1643/1617/1589 1635/1618/1590 1642/1619/1591
f 1642/1619/1591 1635/1618/1590 1634/1620/1592
f 1642/1619/1591 1634/1620/1592 1641/1621/1593
f 1641/1621/1593 1634/1620/1592 1633/1622/1594
f 1641/1621/1593 1633/1622/1594 1640/1623/1595
f 1640/1623/1595 1633/1622/1594 1632/1624/1596
f 1640/1623/1595 1632/1624/1596 1639/1625/1597
f 1639/1625/1597 1632/1624/1596 1306/1626/1455
f 1639/1625/1597 1306/1626/1455 1439/1627/1598
f 1439/1627/1598 1306/1626/1455 1305/1628/1437
f 1439/1627/1598 1305/1628/1437 1652/1629/1599
f 1652/1629/1599 1305/1628/1437 1658/1630/1600
f 1652/1629/1599 1658/1630/1600 1659/1631/1601
f 1659/1631/1601 1658/1630/1600 1665/1632/1602
f 1659/1631/1601 1665/1632/1602 1666/1633/1603
f 1666/1633/1603 1665/1632/1602 1672/1634/1604
f 1666/1633/1603 1672/1634/1604 1673/1635/1605
f 1673/1635/1605 1672/1634/1604 1479/1636/1606
f 1673/1635/1605 1479/1636/1606 1478/1637/1607
f 1478/1637/1607 1479/1636/1606 1473/1638/1608
f 1478/1637/1607 1473/1638/1608 1474/1639/1609
f 1474/1639/1609 1473/1638/1608 1681/1640/1610
f 1474/1639/1609 1681/1640/1610 1437/1641/1611
f 1437/1641/1611 1681/1640/1610 1689/1642/1612
f 1437/1641/1611 1689/1642/1612 1406/1643/1613
f 1406/1643/1613 1689/1642/1612 1682/1644/1614
f 1406/1643/1613 1682/1644/1614 1702/1645/1615
f 1702/1645/1615 1682/1644/1614 1694/1646/1616
f 1702/1645/1615 1694/1646/1616 1701/1647/1617
f 1701/1647/1617 1694/1646/1616 1693/1648/1618
f 1701/1647/1617 1693/1648/1618 1700/1649/1619
f 1700/1649/1619 1693/1648/1618 1692/1650/1620
f 1700/1649/1619 1692/1650/1620 1699/1651/1621
f 1699/1651/1621 1692/1650/1620 1691/1652/1622
f 1699/1651/1621 1691/1652/1622 1698/1653/1623
f 1698/1653/1623 1691/1652/1622 1690/1654/1624
f 1698/1653/1623 1690/1654/1624 1697/1655/1625
f 1697/1655/1625 1690/1654/1624 1432/1656/1626
f 1697/1655/1625 1432/1656/1626 1696/1657/1627
f 1696/1657/1627 1432/1656/1626 1305/1628/1437
f 1696/1657/1627 1305/1628/1437 1703/1658/1628
f 1703/1658/1628 1305/1628/1437 1710/1659/1629
f 1703/1658/1628 1710/1659/1629 1711/1660/1630
f 1711/1660/1630 1710/1659/1629 1717/1661/1631
f 1711/1660/1630 1717/1661/1631 1718/1662/1632
f 1718/1662/1632 1717/1661/1631 1725/1663/1633
f 1718/1662/1632 1725/1663/1633 1726/1664/1634
f 1726/1664/1634 1725/1663/1633 1733/1665/1635
f 1726/1664/1634 1733/1665/1635 1734/1666/1636
f 1734/1666/1636 1733/1665/1635 1740/1667/1637
f 1734/1666/1636 1740/1667/1637 1741/1668/1638
f 1741/1668/1638 1740/1667/1637 1748/1669/1639
f 1741/1668/1638 1748/1669/1639 1709/1670/1640
f 1709/1670/1640 1748/1669/1639 1434/1671/1641
f 1709/1670/1640 1434/1671/1641 1406/1643/1613
f 1406/1643/1613 1434/1671/1641 1405/1672/1642
f 1405/1672/1642 1434/1671/1641 1761/1673/1643
f 1405/1672/1642 1761/1673/1643 1722/1674/1644
f 1722/1674/1644 1761/1673/1643 1760/1675/1645
f 1722/1674/1644 1760/1675/1645 1766/1676/1646
f 1766/1676/1646 1760/1675/1645 1759/1677/1647
f 1766/1676/1646 1759/1677/1647 1765/1678/1648
f 1765/1678/1648 1759/1677/1647 1758/1679/1649
f 1765/1678/1648 1758/1679/1649 1764/1680/1650
f 1764/1680/1650 1758/1679/1649 1757/1681/1651
f 1764/1680/1650 1757/1681/1651 1763/1682/1652
f 1763/1682/1652 1757/1681/1651 1756/1683/1653
f 1763/1682/1652 1756/1683/1653 1762/1684/1654
f 1762/1684/1654 1756/1683/1653 1755/1685/1655
f 1762/1684/1654 1755/1685/1655 1429/1686/1656
f 1429/1686/1656 1755/1685/1655 1304/1687/1436
f 1429/1686/1656 1304/1687/1436 1767/1688/1657
f 1767/1688/1657 1304/1687/1436 1774/1689/1658
f 1767/1688/1657 1774/1689/1658 1775/1690/1659
f 1775/1690/1659 1774/1689/1658 1781/1691/1660
f 1775/1690/1659 1781/1691/1660 1782/1692/1661
f 1782/1692/1661 1781/1691/1660 1788/1693/1662
f 1782/1692/1661 1788/1693/1662 1789/1694/1663
f 1789/1694/1663 1788/1693/1662 1493/1695/1664
f 1789/1694/1663 1493/1695/1664 1492/1696/1665
f 1492/1696/1665 1493/1695/1664 1487/1697/1666
f 1492/1696/1665 1487/1697/1666 1488/1698/1667
f 1488/1698/1667 1487/1697/1666 1797/1699/1668
f 1488/1698/1667 1797/1699/1668 1427/1700/1669
f 1427/1700/1669 1797/1699/1668 1805/1701/1670
f 1427/1700/1669 1805/1701/1670 1405/1672/1642
f 1405/1672/1642 1805/1701/1670 1798/1702/1671
f 1405/1672/1642 1798/1702/1671 1818/1703/1672
f 1818/1703/1672 1798/1702/1671 1810/1704/1673
f 1818/1703/1672 1810/1704/1673 1817/1705/1674
f 1817/1705/1674 1810/1704/1673 1809/1706/1675
f 1817/1705/1674 1809/1706/1675 1816/1707/1676
f 1816/1707/1676 1809/1706/1675 1808/1708/1677
f 1816/1707/1676 1808/1708/1677 1815/1709/1678
f 1815/1709/1678 1808/1708/1677 1807/1710/1679
f 1815/1709/1678 1807/1710/1679 1814/1711/1680
f 1814/1711/1680 1807/1710/1679 1806/1712/1681
f 1814/1711/1680 1806/1712/1681 1813/1713/1682
f 1813/1713/1682 1806/1712/1681 1422/1714/1683
f 1813/1713/1682 1422/1714/1683 1812/1715/1684
f 1812/1715/1684 1422/1714/1683 1304/1687/1436
f 1812/1715/1684 1304/1687/1436 1819/1716/1685
f 1819/1716/1685 1304/1687/1436 1826/1717/1686
f 1819/1716/1685 1826/1717/1686 1827/1718/1687
f 1827/1718/1687 1826/1717/1686 1833/1719/1688
f 1827/1718/1687 1833/1719/1688 1834/1720/1689
f 1834/1720/1689 1833/1719/1688 1841/1721/1690
f 1834/1720/1689 1841/1721/1690 1842/1722/1691
f 1842/1722/1691 1841/1721/1690 1849/1723/1692
f 1842/1722/1691 1849/1723/1692 1850/1724/1693
f 1850/1724/1693 1849/1723/1692 1856/1725/1694
f 1850/1724/1693 1856/1725/1694 1857/1726/1695
f 1857/1726/1695 1856/1725/1694 1864/1727/1696
f 1857/1726/1695 1864/1727/1696 1825/1728/1697
f 1825/1728/1697 1864/1727/1696 1424/1729/1698
f 1825/1728/1697 1424/1729/1698 1404/1730/1699
f 1404/1730/1699 1424/1729/1698 1877/1731/1700
f 1404/1730/1699 1877/1731/1700 1838/1732/1701
f 1838/1732/1701 1877/1731/1700 1876/1733/1702
f 1838/1732/1701 1876/1733/1702 1882/1734/1703
f 1882/1734/1703 1876/1733/1702 1875/1735/1704
f 1882/1734/1703 1875/1735/1704 1881/1736/1705
f 1881/1736/1705 1875/1735/1704 1874/1737/1706
f 1881/1736/1705 1874/1737/1706 1880/1738/1707
f 1880/1738/1707 1874/1737/1706 1873/1739/1708
f 1880/1738/1707 1873/1739/1708 1879/1740/1709
f 1879/1740/1709 1873/1739/1708 1872/1741/1710
f 1879/1740/1709 1872/1741/1710 1878/1742/1711
f 1878/1742/1711 1872/1741/1710 1871/1743/1712
f 1878/1742/1711 1871/1743/1712 1419/1744/1713
f 1419/1744/1713 1871/1743/1712 1303/1745/1435
f 1419/1744/1713 1303/1745/1435 1883/1746/1714
f 1883/1746/1714 1303/1745/1435 1890/1747/1715
f 1883/1746/1714 1890/1747/1715 1891/1748/1716
f 1891/1748/1716 1890/1747/1715 1897/1749/1717
f 1891/1748/1716 1897/1749/1717 1898/1750/1718
f 1898/1750/1718 1897/1749/1717 1904/1751/1719
f 1898/1750/1718 1904/1751/1719 1905/1752/1720
f 1905/1752/1720 1904/1751/1719 1507/1753/1721
f 1905/1752/1720 1507/1753/1721 1506/1754/1722
f 1506/1754/1722 1507/1753/1721 1501/1755/1723
f 1506/1754/1722 1501/1755/1723 1502/1756/1724
f 1502/1756/1724 1501/1755/1723 1912/1757/1725
f 1502/1756/1724 1912/1757/1725 1417/1758/1726
f 1417/1758/1726 1912/1757/1725 1920/1759/1727
f 1417/1758/1726 1920/1759/1727 1404/1730/1699
f 1404/1730/1699 1920/1759/1727 1913/1760/1728
f 1404/1730/1699 1913/1760/1728 1933/1761/1729
f 1933/1761/1729 1913/1760/1728 1926/1762/1730
f 1933/1761/1729 1926/1762/1730 1932/1763/1731
f 1932/1763/1731 1926/1762/1730 1925/1764/1732
f 1932/1763/1731 1925/1764/1732 1931/1765/1733
f 1931/1765/1733 1925/1764/1732 1924/1766/1734
f 1931/1765/1733 1924/1766/1734 1930/1767/1735
f 1930/1767/1735 1924/1766/1734 1923/1768/1736
f 1930/1767/1735 1923/1768/1736 1929/1769/1737
f 1929/1769/1737 1923/1768/1736 1922/1770/1738
f 1929/1769/1737 1922/1770/1738 1928/1771/1739
f 1928/1771/1739 1922/1770/1738 1921/1772/1740
f 1928/1771/1739 1921/1772/1740 1413/1773/1741
f 1413/1773/1741 1921/1772/1740 1303/1745/1435
f 1413/1773/1741 1303/1745/1435 1302/1774/1454
f 1454/1580/1553 1391/1579/1552 1453/1775/1742
f 1453/1775/1742 1391/1579/1552 1392/1776/1743
f 1453/1775/1742 1392/1776/1743 1452/1777/1744
f 1452/1777/1744 1392/1776/1743 1393/1778/1745
f 1452/1777/1744 1393/1778/1745 1451/1779/1746
f 1451/1779/1746 1393/1778/1745 1394/1780/1747
f 1451/1779/1746 1394/1780/1747 1450/1781/1748
f 1450/1781/1748 1394/1780/1747 1449/1782/1749
f 1450/1781/1748 1449/1782/1749 1583/1590/1563
f 1583/1590/1563 1449/1782/1749 1582/1592/1565
f 1394/1780/1747 1395/1783/1750 1449/1782/1749
f 1449/1782/1749 1395/1783/1750 1448/1784/1751
f 1449/1782/1749 1448/1784/1751 1582/1592/1565
f 1582/1592/1565 1448/1784/1751 1581/1594/1567
f 1395/1783/1750 1307/1596/1457 1448/1784/1751
f 1448/1784/1751 1307/1596/1457 1581/1594/1567
f 1307/1596/1457 1306/1626/1455 1445/1598/1570
f 1445/1598/1570 1306/1626/1455 1607/1785/1752
f 1445/1598/1570 1607/1785/1752 1608/1600/1572
f 1608/1600/1572 1607/1785/1752 1615/1786/1753
f 1608/1600/1572 1615/1786/1753 1616/1602/1574
f 1616/1602/1574 1615/1786/1753 1621/1787/1754
f 1616/1602/1574 1621/1787/1754 1622/1604/1576
f 1622/1604/1576 1621/1787/1754 1465/1788/1755
f 1622/1604/1576 1465/1788/1755 1464/1606/1578
f 1464/1606/1578 1465/1788/1755 1459/1789/1756
f 1464/1606/1578 1459/1789/1756 1460/1608/1580
f 1460/1608/1580 1459/1789/1756 1630/1790/1757
f 1460/1608/1580 1630/1790/1757 1443/1610/1582
f 1443/1610/1582 1630/1790/1757 1638/1612/1584
f 1304/1687/1436 1430/1791/1758 1305/1628/1437
f 1305/1628/1437 1430/1791/1758 1730/1792/1759
f 1305/1628/1437 1730/1792/1759 1723/1793/1760
f 1723/1793/1760 1730/1792/1759 1731/1794/1761
f 1723/1793/1760 1731/1794/1761 1724/1795/1762
f 1724/1795/1762 1731/1794/1761 1732/1796/1763
f 1724/1795/1762 1732/1796/1763 1725/1663/1633
f 1725/1663/1633 1732/1796/1763 1733/1665/1635
f 1303/1745/1435 1846/1797/1764 1304/1687/1436
f 1304/1687/1436 1846/1797/1764 1839/1798/1765
f 1304/1687/1436 1839/1798/1765 1421/1799/1766
f 1421/1799/1766 1839/1798/1765 1840/1800/1767
f 1421/1799/1766 1840/1800/1767 1833/1719/1688
f 1833/1719/1688 1840/1800/1767 1841/1721/1690
f 1301/1801/1453 1410/1802/1768 1302/1774/1454
f 1302/1774/1454 1410/1802/1768 1958/1803/1769
f 1302/1774/1454 1958/1803/1769 1511/1804/1770
f 1511/1804/1770 1958/1803/1769 1959/1805/1771
f 1511/1804/1770 1959/1805/1771 1512/1806/1772
f 1512/1806/1772 1959/1805/1771 1960/1807/1773
f 1512/1806/1772 1960/1807/1773 1513/1808/1774
f 1513/1808/1774 1960/1807/1773 1961/1809/1775
f 1513/1808/1774 1961/1809/1775 1514/1810/1776
f 1514/1810/1776 1961/1809/1775 1962/1811/1777
f 1514/1810/1776 1962/1811/1777 1515/1812/1778
f 1515/1812/1778 1962/1811/1777 1963/1813/1779
f 1515/1812/1778 1963/1813/1779 1516/1814/1780
f 1516/1814/1780 1963/1813/1779 1411/1815/1781
f 1516/1814/1780 1411/1815/1781 1517/1816/1782
f 1517/1816/1782 1411/1815/1781 1403/1817/1783
f 1517/1816/1782 1403/1817/1783 1518/1818/1784
f 1518/1818/1784 1403/1817/1783 1415/1819/1785
f 1518/1818/1784 1415/1819/1785 1957/1820/1786
f 1957/1820/1786 1415/1819/1785 1951/1821/1787
f 1957/1820/1786 1951/1821/1787 1950/1822/1788
f 1950/1822/1788 1951/1821/1787 1944/1823/1789
f 1950/1822/1788 1944/1823/1789 1943/1824/1790
f 1943/1824/1790 1944/1823/1789 1937/1825/1791
f 1943/1824/1790 1937/1825/1791 1936/1826/1792
f 1936/1826/1792 1937/1825/1791 1929/1769/1737
f 1936/1826/1792 1929/1769/1737 1928/1771/1739
f 1300/1827/1452 1408/1828/1793 1301/1801/1453
f 1301/1801/1453 1408/1828/1793 1525/1829/1794
f 1301/1801/1453 1525/1829/1794 1538/1830/1795
f 1538/1830/1795 1525/1829/1794 1526/1831/1796
f 1538/1830/1795 1526/1831/1796 1537/1832/1797
f 1537/1832/1797 1526/1831/1796 1527/1833/1798
f 1537/1832/1797 1527/1833/1798 1536/1834/1799
f 1536/1834/1799 1527/1833/1798 1528/1835/1800
f 1536/1834/1799 1528/1835/1800 1535/1836/1801
f 1535/1836/1801 1528/1835/1800 1529/1837/1802
f 1535/1836/1801 1529/1837/1802 1534/1838/1803
f 1534/1838/1803 1529/1837/1802 1530/1839/1804
f 1534/1838/1803 1530/1839/1804 1533/1840/1805
f 1533/1840/1805 1530/1839/1804 1531/1841/1806
f 1533/1840/1805 1531/1841/1806 1532/1842/1807
f 1532/1842/1807 1531/1841/1806 1402/1843/1808
f 1532/1842/1807 1402/1843/1808 1964/1844/1809
f 1964/1844/1809 1402/1843/1808 1403/1817/1783
f 1964/1844/1809 1403/1817/1783 1411/1815/1781
f 1299/1845/1451 1539/1846/1810 1300/1827/1452
f 1300/1827/1452 1539/1846/1810 1552/1847/1811
f 1300/1827/1452 1552/1847/1811 1408/1828/1793
f 1408/1828/1793 1552/1847/1811 1551/1848/1812
f 1408/1828/1793 1551/1848/1812 1970/1849/1813
f 1970/1849/1813 1551/1848/1812 1550/1850/1814
f 1970/1849/1813 1550/1850/1814 1971/1851/1815
f 1971/1851/1815 1550/1850/1814 1549/1852/1816
f 1971/1851/1815 1549/1852/1816 1972/1853/1817
f 1972/1853/1817 1549/1852/1816 1548/1854/1818
f 1972/1853/1817 1548/1854/1818 1973/1855/1819
f 1973/1855/1819 1548/1854/1818 1547/1856/1820
f 1973/1855/1819 1547/1856/1820 1974/1857/1821
f 1974/1857/1821 1547/1856/1820 1546/1858/1822
f 1974/1857/1821 1546/1858/1822 1409/1859/1823
f 1409/1859/1823 1546/1858/1822 1401/1860/1824
f 1409/1859/1823 1401/1860/1824 1402/1843/1808
f 1539/1846/1810 1299/1845/1451 1553/1861/1825
f 1553/1861/1825 1299/1845/1451 1298/1862/1441
f 1553/1861/1825 1298/1862/1441 1560/1863/1826
f 1560/1863/1826 1298/1862/1441 1297/1864/1442
f 1560/1863/1826 1297/1864/1442 1567/1865/1827
f 1567/1865/1827 1297/1864/1442 1296/1866/1443
f 1567/1865/1827 1296/1866/1443 1574/1867/1828
f 1574/1867/1828 1296/1866/1443 1295/1868/1444
f 1574/1867/1828 1295/1868/1444 1294/1869/1440
f 1294/1869/1440 1377/1870/1829 1574/1867/1828
f 1574/1867/1828 1377/1870/1829 1575/1871/1830
f 1574/1867/1828 1575/1871/1830 1567/1865/1827
f 1567/1865/1827 1575/1871/1830 1568/1872/1831
f 1567/1865/1827 1568/1872/1831 1560/1863/1826
f 1560/1863/1826 1568/1872/1831 1561/1873/1832
f 1560/1863/1826 1561/1873/1832 1553/1861/1825
f 1553/1861/1825 1561/1873/1832 1554/1874/1833
f 1553/1861/1825 1554/1874/1833 1539/1846/1810
f 1539/1846/1810 1554/1874/1833 1540/1875/1834
f 1539/1846/1810 1540/1875/1834 1552/1847/1811
f 1552/1847/1811 1540/1875/1834 1551/1848/1812
f 1377/1870/1829 1376/1876/1835 1575/1871/1830
f 1575/1871/1830 1376/1876/1835 1576/1877/1836
f 1575/1871/1830 1576/1877/1836 1568/1872/1831
f 1568/1872/1831 1576/1877/1836 1569/1878/1837
f 1568/1872/1831 1569/1878/1837 1561/1873/1832
f 1561/1873/1832 1569/1878/1837 1562/1879/1838
f 1561/1873/1832 1562/1879/1838 1554/1874/1833
f 1554/1874/1833 1562/1879/1838 1555/1880/1839
f 1554/1874/1833 1555/1880/1839 1540/1875/1834
f 1540/1875/1834 1555/1880/1839 1541/1881/1840
f 1540/1875/1834 1541/1881/1840 1551/1848/1812
f 1551/1848/1812 1541/1881/1840 1550/1850/1814
f 1576/1877/1836 1376/1876/1835 1577/1882/1841
f 1577/1882/1841 1376/1876/1835 1375/1883/1549
f 1577/1882/1841 1375/1883/1549 1578/1884/1842
f 1578/1884/1842 1375/1883/1549 1374/1885/1843
f 1578/1884/1842 1374/1885/1843 1579/1886/1844
f 1579/1886/1844 1374/1885/1843 1373/1887/1845
f 1579/1886/1844 1373/1887/1845 1580/1888/1846
f 1580/1888/1846 1373/1887/1845 1372/1889/1534
f 1580/1888/1846 1372/1889/1534 1396/1890/1847
f 1396/1890/1847 1397/1891/1848 1580/1888/1846
f 1580/1888/1846 1397/1891/1848 1573/1892/1849
f 1580/1888/1846 1573/1892/1849 1572/1893/1850
f 1572/1893/1850 1573/1892/1849 1565/1894/1851
f 1572/1893/1850 1565/1894/1851 1564/1895/1852
f 1564/1895/1852 1565/1894/1851 1557/1896/1853
f 1564/1895/1852 1557/1896/1853 1556/1897/1854
f 1556/1897/1854 1557/1896/1853 1542/1898/1855
f 1556/1897/1854 1542/1898/1855 1541/1881/1840
f 1541/1881/1840 1542/1898/1855 1550/1850/1814
f 1397/1891/1848 1398/1899/1856 1573/1892/1849
f 1573/1892/1849 1398/1899/1856 1566/1900/1857
f 1573/1892/1849 1566/1900/1857 1565/1894/1851
f 1565/1894/1851 1566/1900/1857 1558/1901/1858
f 1565/1894/1851 1558/1901/1858 1557/1896/1853
f 1557/1896/1853 1558/1901/1858 1543/1902/1859
f 1557/1896/1853 1543/1902/1859 1542/1898/1855
f 1542/1898/1855 1543/1902/1859 1549/1852/1816
f 1542/1898/1855 1549/1852/1816 1550/1850/1814
f 1398/1899/1856 1399/1903/1860 1566/1900/1857
f 1566/1900/1857 1399/1903/1860 1559/1904/1861
f 1566/1900/1857 1559/1904/1861 1558/1901/1858
f 1558/1901/1858 1559/1904/1861 1544/1905/1862
f 1558/1901/1858 1544/1905/1862 1543/1902/1859
f 1543/1902/1859 1544/1905/1862 1548/1854/1818
f 1543/1902/1859 1548/1854/1818 1549/1852/1816
f 1399/1903/1860 1400/1906/1863 1559/1904/1861
f 1559/1904/1861 1400/1906/1863 1545/1907/1864
f 1559/1904/1861 1545/1907/1864 1544/1905/1862
f 1544/1905/1862 1545/1907/1864 1547/1856/1820
f 1544/1905/1862 1547/1856/1820 1548/1854/1818
f 1400/1906/1863 1401/1860/1824 1545/1907/1864
f 1545/1907/1864 1401/1860/1824 1546/1858/1822
f 1545/1907/1864 1546/1858/1822 1547/1856/1820
f 1404/1730/1699 1416/1908/1865 1403/1817/1783
f 1403/1817/1783 1416/1908/1865 1927/1909/1866
f 1403/1817/1783 1927/1909/1866 1952/1910/1867
f 1952/1910/1867 1927/1909/1866 1945/1911/1868
f 1952/1910/1867 1945/1911/1868 1951/1821/1787
f 1951/1821/1787 1945/1911/1868 1944/1823/1789
f 1404/1730/1699 1405/1672/1642 1825/1728/1697
f 1825/1728/1697 1405/1672/1642 1858/1912/1869
f 1825/1728/1697 1858/1912/1869 1857/1726/1695
f 1857/1726/1695 1858/1912/1869 1851/1913/1870
f 1857/1726/1695 1851/1913/1870 1850/1724/1693
f 1850/1724/1693 1851/1913/1870 1843/1914/1871
f 1850/1724/1693 1843/1914/1871 1842/1722/1691
f 1842/1722/1691 1843/1914/1871 1835/1915/1872
f 1842/1722/1691 1835/1915/1872 1834/1720/1689
f 1834/1720/1689 1835/1915/1872 1828/1916/1873
f 1834/1720/1689 1828/1916/1873 1827/1718/1687
f 1827/1718/1687 1828/1916/1873 1820/1917/1874
f 1827/1718/1687 1820/1917/1874 1819/1716/1685
f 1819/1716/1685 1820/1917/1874 1812/1715/1684
f 1407/1611/1583 1442/1918/1875 1406/1643/1613
f 1406/1643/1613 1442/1918/1875 1645/1919/1876
f 1406/1643/1613 1645/1919/1876 1670/1920/1877
f 1670/1920/1877 1645/1919/1876 1663/1921/1878
f 1670/1920/1877 1663/1921/1878 1669/1922/1879
f 1669/1922/1879 1663/1921/1878 1662/1923/1880
f 1669/1922/1879 1662/1923/1880 1668/1924/1881
f 1668/1924/1881 1662/1923/1880 1661/1925/1882
f 1668/1924/1881 1661/1925/1882 1667/1926/1883
f 1667/1926/1883 1661/1925/1882 1660/1927/1884
f 1667/1926/1883 1660/1927/1884 1666/1633/1603
f 1666/1633/1603 1660/1927/1884 1659/1631/1601
f 1390/1581/1554 1446/1928/1885 1407/1611/1583
f 1407/1611/1583 1446/1928/1885 1613/1929/1886
f 1407/1611/1583 1613/1929/1886 1601/1930/1887
f 1601/1930/1887 1613/1929/1886 1612/1931/1888
f 1601/1930/1887 1612/1931/1888 1619/1932/1889
f 1619/1932/1889 1612/1931/1888 1611/1933/1890
f 1619/1932/1889 1611/1933/1890 1618/1934/1891
f 1618/1934/1891 1611/1933/1890 1610/1935/1892
f 1618/1934/1891 1610/1935/1892 1617/1603/1575
f 1617/1603/1575 1610/1935/1892 1609/1601/1573
f 1402/1843/1808 1531/1841/1806 1409/1859/1823
f 1409/1859/1823 1531/1841/1806 1530/1839/1804
f 1409/1859/1823 1530/1839/1804 1974/1857/1821
f 1974/1857/1821 1530/1839/1804 1529/1837/1802
f 1974/1857/1821 1529/1837/1802 1973/1855/1819
f 1973/1855/1819 1529/1837/1802 1528/1835/1800
f 1973/1855/1819 1528/1835/1800 1972/1853/1817
f 1972/1853/1817 1528/1835/1800 1527/1833/1798
f 1972/1853/1817 1527/1833/1798 1971/1851/1815
f 1971/1851/1815 1527/1833/1798 1526/1831/1796
f 1971/1851/1815 1526/1831/1796 1970/1849/1813
f 1970/1849/1813 1526/1831/1796 1525/1829/1794
f 1970/1849/1813 1525/1829/1794 1408/1828/1793
f 1301/1801/1453 1538/1830/1795 1410/1802/1768
f 1410/1802/1768 1538/1830/1795 1537/1832/1797
f 1410/1802/1768 1537/1832/1797 1965/1936/1893
f 1965/1936/1893 1537/1832/1797 1536/1834/1799
f 1965/1936/1893 1536/1834/1799 1966/1937/1894
f 1966/1937/1894 1536/1834/1799 1535/1836/1801
f 1966/1937/1894 1535/1836/1801 1967/1938/1895
f 1967/1938/1895 1535/1836/1801 1534/1838/1803
f 1967/1938/1895 1534/1838/1803 1968/1939/1896
f 1968/1939/1896 1534/1838/1803 1533/1840/1805
f 1968/1939/1896 1533/1840/1805 1969/1940/1897
f 1969/1940/1897 1533/1840/1805 1532/1842/1807
f 1969/1940/1897 1532/1842/1807 1964/1844/1809
f 1412/1941/1898 1302/1774/1454 1524/1942/1899
f 1524/1942/1899 1302/1774/1454 1511/1804/1770
f 1524/1942/1899 1511/1804/1770 1512/1806/1772
f 1302/1774/1454 1940/1943/1900 1934/1944/1901
f 1934/1944/1901 1940/1943/1900 1941/1945/1902
f 1934/1944/1901 1941/1945/1902 1935/1946/1903
f 1935/1946/1903 1941/1945/1902 1942/1947/1904
f 1935/1946/1903 1942/1947/1904 1936/1826/1792
f 1936/1826/1792 1942/1947/1904 1943/1824/1790
f 1302/1774/1454 1934/1944/1901 1413/1773/1741
f 1413/1773/1741 1934/1944/1901 1935/1946/1903
f 1413/1773/1741 1935/1946/1903 1928/1771/1739
f 1928/1771/1739 1935/1946/1903 1936/1826/1792
f 1303/1745/1435 1921/1772/1740 1914/1948/1905
f 1914/1948/1905 1921/1772/1740 1922/1770/1738
f 1914/1948/1905 1922/1770/1738 1915/1949/1906
f 1915/1949/1906 1922/1770/1738 1923/1768/1736
f 1915/1949/1906 1923/1768/1736 1916/1950/1907
f 1916/1950/1907 1923/1768/1736 1924/1766/1734
f 1916/1950/1907 1924/1766/1734 1917/1951/1908
f 1917/1951/1908 1924/1766/1734 1925/1764/1732
f 1917/1951/1908 1925/1764/1732 1918/1952/1909
f 1918/1952/1909 1925/1764/1732 1926/1762/1730
f 1918/1952/1909 1926/1762/1730 1919/1953/1910
f 1919/1953/1910 1926/1762/1730 1913/1760/1728
f 1919/1953/1910 1913/1760/1728 1920/1759/1727
f 1303/1745/1435 1914/1948/1905 1414/1954/1911
f 1414/1954/1911 1914/1948/1905 1915/1949/1906
f 1414/1954/1911 1915/1949/1906 1908/1955/1912
f 1908/1955/1912 1915/1949/1906 1916/1950/1907
f 1908/1955/1912 1916/1950/1907 1909/1956/1913
f 1909/1956/1913 1916/1950/1907 1917/1951/1908
f 1909/1956/1913 1917/1951/1908 1910/1957/1914
f 1910/1957/1914 1917/1951/1908 1918/1952/1909
f 1910/1957/1914 1918/1952/1909 1911/1958/1915
f 1911/1958/1915 1918/1952/1909 1919/1953/1910
f 1911/1958/1915 1919/1953/1910 1912/1757/1725
f 1912/1757/1725 1919/1953/1910 1920/1759/1727
f 1951/1821/1787 1415/1819/1785 1952/1910/1867
f 1952/1910/1867 1415/1819/1785 1403/1817/1783
f 1404/1730/1699 1933/1761/1729 1416/1908/1865
f 1416/1908/1865 1933/1761/1729 1932/1763/1731
f 1416/1908/1865 1932/1763/1731 1939/1959/1916
f 1939/1959/1916 1932/1763/1731 1931/1765/1733
f 1939/1959/1916 1931/1765/1733 1938/1960/1917
f 1938/1960/1917 1931/1765/1733 1930/1767/1735
f 1938/1960/1917 1930/1767/1735 1937/1825/1791
f 1937/1825/1791 1930/1767/1735 1929/1769/1737
f 1417/1758/1726 1404/1730/1699 1503/1961/1918
f 1503/1961/1918 1404/1730/1699 1504/1962/1919
f 1503/1961/1918 1504/1962/1919 1505/1963/1920
f 1505/1963/1920 1504/1962/1919 1907/1964/1921
f 1505/1963/1920 1907/1964/1921 1906/1965/1922
f 1906/1965/1922 1907/1964/1921 1900/1966/1923
f 1906/1965/1922 1900/1966/1923 1899/1967/1924
f 1899/1967/1924 1900/1966/1923 1893/1968/1925
f 1899/1967/1924 1893/1968/1925 1892/1969/1926
f 1892/1969/1926 1893/1968/1925 1885/1970/1927
f 1892/1969/1926 1885/1970/1927 1884/1971/1928
f 1884/1971/1928 1885/1970/1927 1878/1742/1711
f 1884/1971/1928 1878/1742/1711 1419/1744/1713
f 1418/1972/1929 1303/1745/1435 1510/1973/1930
f 1510/1973/1930 1303/1745/1435 1497/1974/1931
f 1510/1973/1930 1497/1974/1931 1498/1975/1932
f 1498/1975/1932 1497/1974/1931 1908/1955/1912
f 1498/1975/1932 1908/1955/1912 1909/1956/1913
f 1884/1971/1928 1419/1744/1713 1883/1746/1714
f 1303/1745/1435 1865/1976/1933 1859/1977/1934
f 1859/1977/1934 1865/1976/1933 1866/1978/1935
f 1859/1977/1934 1866/1978/1935 1860/1979/1936
f 1860/1979/1936 1866/1978/1935 1867/1980/1937
f 1860/1979/1936 1867/1980/1937 1861/1981/1938
f 1861/1981/1938 1867/1980/1937 1868/1982/1939
f 1861/1981/1938 1868/1982/1939 1862/1983/1940
f 1862/1983/1940 1868/1982/1939 1869/1984/1941
f 1862/1983/1940 1869/1984/1941 1863/1985/1942
f 1863/1985/1942 1869/1984/1941 1870/1986/1943
f 1863/1985/1942 1870/1986/1943 1864/1727/1696
f 1864/1727/1696 1870/1986/1943 1424/1729/1698
f 1303/1745/1435 1859/1977/1934 1420/1987/1944
f 1420/1987/1944 1859/1977/1934 1860/1979/1936
f 1420/1987/1944 1860/1979/1936 1853/1988/1945
f 1853/1988/1945 1860/1979/1936 1861/1981/1938
f 1853/1988/1945 1861/1981/1938 1854/1989/1946
f 1854/1989/1946 1861/1981/1938 1862/1983/1940
f 1854/1989/1946 1862/1983/1940 1855/1990/1947
f 1855/1990/1947 1862/1983/1940 1863/1985/1942
f 1855/1990/1947 1863/1985/1942 1856/1725/1694
f 1856/1725/1694 1863/1985/1942 1864/1727/1696
f 1826/1717/1686 1304/1687/1436 1421/1799/1766
f 1304/1687/1436 1792/1991/1948 1483/1992/1949
f 1483/1992/1949 1792/1991/1948 1793/1993/1950
f 1483/1992/1949 1793/1993/1950 1484/1994/1951
f 1484/1994/1951 1793/1993/1950 1794/1995/1952
f 1484/1994/1951 1794/1995/1952 1485/1996/1953
f 1485/1996/1953 1794/1995/1952 1795/1997/1954
f 1485/1996/1953 1795/1997/1954 1486/1998/1955
f 1486/1998/1955 1795/1997/1954 1796/1999/1956
f 1486/1998/1955 1796/1999/1956 1487/1697/1666
f 1487/1697/1666 1796/1999/1956 1797/1699/1668
f 1907/1964/1921 1504/1962/1919 1852/2000/1957
f 1852/2000/1957 1504/1962/1919 1404/1730/1699
f 1852/2000/1957 1404/1730/1699 1902/2001/1958
f 1902/2001/1958 1404/1730/1699 1423/2002/1959
f 1902/2001/1958 1423/2002/1959 1895/2003/1960
f 1895/2003/1960 1423/2002/1959 1888/2004/1961
f 1895/2003/1960 1888/2004/1961 1887/2005/1962
f 1887/2005/1962 1888/2004/1961 1881/1736/1705
f 1887/2005/1962 1881/1736/1705 1880/1738/1707
f 1423/2002/1959 1404/1730/1699 1889/2006/1963
f 1889/2006/1963 1404/1730/1699 1838/1732/1701
f 1889/2006/1963 1838/1732/1701 1882/1734/1703
f 1425/2007/1964 1405/1672/1642 1845/2008/1965
f 1845/2008/1965 1405/1672/1642 1811/2009/1966
f 1845/2008/1965 1811/2009/1966 1837/2010/1967
f 1837/2010/1967 1811/2009/1966 1831/2011/1968
f 1837/2010/1967 1831/2011/1968 1830/2012/1969
f 1830/2012/1969 1831/2011/1968 1823/2013/1970
f 1830/2012/1969 1823/2013/1970 1822/2014/1971
f 1822/2014/1971 1823/2013/1970 1815/1709/1678
f 1822/2014/1971 1815/1709/1678 1814/1711/1680
f 1405/1672/1642 1818/1703/1672 1426/2015/1972
f 1426/2015/1972 1818/1703/1672 1817/1705/1674
f 1426/2015/1972 1817/1705/1674 1824/2016/1973
f 1824/2016/1973 1817/1705/1674 1816/1707/1676
f 1824/2016/1973 1816/1707/1676 1823/2013/1970
f 1823/2013/1970 1816/1707/1676 1815/1709/1678
f 1427/1700/1669 1405/1672/1642 1489/2017/1974
f 1489/2017/1974 1405/1672/1642 1490/2018/1975
f 1489/2017/1974 1490/2018/1975 1491/2019/1976
f 1491/2019/1976 1490/2018/1975 1791/2020/1977
f 1491/2019/1976 1791/2020/1977 1790/2021/1978
f 1790/2021/1978 1791/2020/1977 1784/2022/1979
f 1790/2021/1978 1784/2022/1979 1783/2023/1980
f 1783/2023/1980 1784/2022/1979 1777/2024/1981
f 1783/2023/1980 1777/2024/1981 1776/2025/1982
f 1776/2025/1982 1777/2024/1981 1769/2026/1983
f 1776/2025/1982 1769/2026/1983 1768/2027/1984
f 1768/2027/1984 1769/2026/1983 1762/1684/1654
f 1768/2027/1984 1762/1684/1654 1429/1686/1656
f 1428/2028/1985 1304/1687/1436 1496/2029/1986
f 1496/2029/1986 1304/1687/1436 1483/1992/1949
f 1496/2029/1986 1483/1992/1949 1484/1994/1951
f 1768/2027/1984 1429/1686/1656 1767/1688/1657
f 1304/1687/1436 1749/2030/1987 1743/2031/1988
f 1743/2031/1988 1749/2030/1987 1750/2032/1989
f 1743/2031/1988 1750/2032/1989 1744/2033/1990
f 1744/2033/1990 1750/2032/1989 1751/2034/1991
f 1744/2033/1990 1751/2034/1991 1745/2035/1992
f 1745/2035/1992 1751/2034/1991 1752/2036/1993
f 1745/2035/1992 1752/2036/1993 1746/2037/1994
f 1746/2037/1994 1752/2036/1993 1753/2038/1995
f 1746/2037/1994 1753/2038/1995 1747/2039/1996
f 1747/2039/1996 1753/2038/1995 1754/2040/1997
f 1747/2039/1996 1754/2040/1997 1748/1669/1639
f 1748/1669/1639 1754/2040/1997 1434/1671/1641
f 1304/1687/1436 1743/2031/1988 1430/1791/1758
f 1430/1791/1758 1743/2031/1988 1744/2033/1990
f 1430/1791/1758 1744/2033/1990 1737/2041/1998
f 1737/2041/1998 1744/2033/1990 1745/2035/1992
f 1737/2041/1998 1745/2035/1992 1738/2042/1999
f 1738/2042/1999 1745/2035/1992 1746/2037/1994
f 1738/2042/1999 1746/2037/1994 1739/2043/2000
f 1739/2043/2000 1746/2037/1994 1747/2039/1996
f 1739/2043/2000 1747/2039/1996 1740/1667/1637
f 1740/1667/1637 1747/2039/1996 1748/1669/1639
f 1305/1628/1437 1723/1793/1760 1431/2044/2001
f 1431/2044/2001 1723/1793/1760 1724/1795/1762
f 1431/2044/2001 1724/1795/1762 1717/1661/1631
f 1717/1661/1631 1724/1795/1762 1725/1663/1633
f 1305/1628/1437 1676/2045/2002 1469/2046/2003
f 1469/2046/2003 1676/2045/2002 1677/2047/2004
f 1469/2046/2003 1677/2047/2004 1470/2048/2005
f 1470/2048/2005 1677/2047/2004 1678/2049/2006
f 1470/2048/2005 1678/2049/2006 1471/2050/2007
f 1471/2050/2007 1678/2049/2006 1679/2051/2008
f 1471/2050/2007 1679/2051/2008 1472/2052/2009
f 1472/2052/2009 1679/2051/2008 1680/2053/2010
f 1472/2052/2009 1680/2053/2010 1473/1638/1608
f 1473/1638/1608 1680/2053/2010 1681/1640/1610
f 1791/2020/1977 1490/2018/1975 1736/2054/2011
f 1736/2054/2011 1490/2018/1975 1405/1672/1642
f 1736/2054/2011 1405/1672/1642 1786/2055/2012
f 1786/2055/2012 1405/1672/1642 1433/2056/2013
f 1786/2055/2012 1433/2056/2013 1779/2057/2014
f 1779/2057/2014 1433/2056/2013 1772/2058/2015
f 1779/2057/2014 1772/2058/2015 1771/2059/2016
f 1771/2059/2016 1772/2058/2015 1765/1678/1648
f 1771/2059/2016 1765/1678/1648 1764/1680/1650
f 1433/2056/2013 1405/1672/1642 1773/2060/2017
f 1773/2060/2017 1405/1672/1642 1722/1674/1644
f 1773/2060/2017 1722/1674/1644 1766/1676/1646
f 1435/2061/2018 1406/1643/1613 1729/2062/2019
f 1729/2062/2019 1406/1643/1613 1695/2063/2020
f 1729/2062/2019 1695/2063/2020 1721/2064/2021
f 1721/2064/2021 1695/2063/2020 1715/2065/2022
f 1721/2064/2021 1715/2065/2022 1714/2066/2023
f 1714/2066/2023 1715/2065/2022 1707/2067/2024
f 1714/2066/2023 1707/2067/2024 1706/2068/2025
f 1706/2068/2025 1707/2067/2024 1699/1651/1621
f 1706/2068/2025 1699/1651/1621 1698/1653/1623
f 1406/1643/1613 1702/1645/1615 1436/2069/2026
f 1436/2069/2026 1702/1645/1615 1701/1647/1617
f 1436/2069/2026 1701/1647/1617 1708/2070/2027
f 1708/2070/2027 1701/1647/1617 1700/1649/1619
f 1708/2070/2027 1700/1649/1619 1707/2067/2024
f 1707/2067/2024 1700/1649/1619 1699/1651/1621
f 1437/1641/1611 1406/1643/1613 1475/2071/2028
f 1475/2071/2028 1406/1643/1613 1476/2072/2029
f 1475/2071/2028 1476/2072/2029 1477/2073/2030
f 1477/2073/2030 1476/2072/2029 1675/2074/2031
f 1477/2073/2030 1675/2074/2031 1674/2075/2032
f 1674/2075/2032 1675/2074/2031 1668/1924/1881
f 1674/2075/2032 1668/1924/1881 1667/1926/1883
f 1438/2076/2033 1305/1628/1437 1482/2077/2034
f 1482/2077/2034 1305/1628/1437 1469/2046/2003
f 1482/2077/2034 1469/2046/2003 1470/2048/2005
f 1306/1626/1455 1632/1624/1596 1440/2078/2035
f 1440/2078/2035 1632/1624/1596 1633/1622/1594
f 1440/2078/2035 1633/1622/1594 1626/2079/2036
f 1626/2079/2036 1633/1622/1594 1634/1620/1592
f 1626/2079/2036 1634/1620/1592 1627/2080/2037
f 1627/2080/2037 1634/1620/1592 1635/1618/1590
f 1627/2080/2037 1635/1618/1590 1628/2081/2038
f 1628/2081/2038 1635/1618/1590 1636/1616/1588
f 1628/2081/2038 1636/1616/1588 1629/2082/2039
f 1629/2082/2039 1636/1616/1588 1637/1614/1586
f 1629/2082/2039 1637/1614/1586 1630/1790/1757
f 1630/1790/1757 1637/1614/1586 1638/1612/1584
f 1406/1643/1613 1670/1920/1877 1441/2083/2040
f 1441/2083/2040 1670/1920/1877 1669/1922/1879
f 1441/2083/2040 1669/1922/1879 1675/2074/2031
f 1675/2074/2031 1669/1922/1879 1668/1924/1881
f 1442/1918/1875 1407/1611/1583 1651/2084/2041
f 1651/2084/2041 1407/1611/1583 1631/1613/1585
f 1651/2084/2041 1631/1613/1585 1644/1615/1587
f 1444/2085/2042 1306/1626/1455 1468/2086/2043
f 1468/2086/2043 1306/1626/1455 1455/2087/2044
f 1468/2086/2043 1455/2087/2044 1456/2088/2045
f 1456/2088/2045 1455/2087/2044 1626/2079/2036
f 1456/2088/2045 1626/2079/2036 1627/2080/2037
f 1407/1611/1583 1601/1930/1887 1625/2089/2046
f 1625/2089/2046 1601/1930/1887 1619/1932/1889
f 1625/2089/2046 1619/1932/1889 1624/2090/2047
f 1624/2090/2047 1619/1932/1889 1618/1934/1891
f 1624/2090/2047 1618/1934/1891 1623/1605/1577
f 1623/1605/1577 1618/1934/1891 1617/1603/1575
f 1390/1581/1554 1587/2091/2048 1446/1928/1885
f 1446/1928/1885 1587/2091/2048 1600/2092/2049
f 1446/1928/1885 1600/2092/2049 1606/2093/2050
f 1606/2093/2050 1600/2092/2049 1599/2094/2051
f 1606/2093/2050 1599/2094/2051 1605/2095/2052
f 1605/2095/2052 1599/2094/2051 1598/2096/2053
f 1605/2095/2052 1598/2096/2053 1604/2097/2054
f 1604/2097/2054 1598/2096/2053 1597/2098/2055
f 1604/2097/2054 1597/2098/2055 1603/2099/2056
f 1603/2099/2056 1597/2098/2055 1596/2100/2057
f 1603/2099/2056 1596/2100/2057 1602/1599/1571
f 1602/1599/1571 1596/2100/2057 1595/1597/1569
f 1583/1590/1563 1584/1588/1561 1450/1781/1748
f 1450/1781/1748 1584/1588/1561 1451/1779/1746
f 1584/1588/1561 1585/1586/1559 1451/1779/1746
f 1451/1779/1746 1585/1586/1559 1452/1777/1744
f 1447/1582/1555 1454/1580/1553 1453/1775/1742
f 1585/1586/1559 1586/1584/1557 1452/1777/1744
f 1452/1777/1744 1586/1584/1557 1453/1775/1742
f 1587/2091/2048 1390/1581/1554 1594/1583/1556
f 1586/1584/1557 1447/1582/1555 1453/1775/1742
f 1456/2088/2045 1457/2101/2058 1467/2102/2059
f 1467/2102/2059 1457/2101/2058 1466/2103/2060
f 1467/2102/2059 1466/2103/2060 1620/2104/2061
f 1620/2104/2061 1466/2103/2060 1621/1787/1754
f 1620/2104/2061 1621/1787/1754 1615/1786/1753
f 1440/2078/2035 1626/2079/2036 1455/2087/2044
f 1457/2101/2058 1458/2105/2062 1466/2103/2060
f 1466/2103/2060 1458/2105/2062 1465/1788/1755
f 1466/2103/2060 1465/1788/1755 1621/1787/1754
f 1456/2088/2045 1627/2080/2037 1457/2101/2058
f 1457/2101/2058 1627/2080/2037 1628/2081/2038
f 1457/2101/2058 1628/2081/2038 1458/2105/2062
f 1458/2105/2062 1628/2081/2038 1629/2082/2039
f 1458/2105/2062 1629/2082/2039 1459/1789/1756
f 1459/1789/1756 1629/2082/2039 1630/1790/1757
f 1458/2105/2062 1459/1789/1756 1465/1788/1755
f 1463/1607/1579 1461/1609/1581 1462/2106/2063
f 1462/2106/2063 1461/1609/1581 1407/1611/1583
f 1462/2106/2063 1407/1611/1583 1625/2089/2046
f 1625/2089/2046 1624/2090/2047 1462/2106/2063
f 1462/2106/2063 1624/2090/2047 1463/1607/1579
f 1624/2090/2047 1623/1605/1577 1463/1607/1579
f 1444/2085/2042 1468/2086/2043 1467/2102/2059
f 1467/2102/2059 1468/2086/2043 1456/2088/2045
f 1444/2085/2042 1467/2102/2059 1620/2104/2061
f 1306/1626/1455 1444/2085/2042 1614/2107/2064
f 1614/2107/2064 1444/2085/2042 1620/2104/2061
f 1614/2107/2064 1620/2104/2061 1615/1786/1753
f 1440/2078/2035 1455/2087/2044 1306/1626/1455
f 1470/2048/2005 1471/2050/2007 1481/2108/2065
f 1481/2108/2065 1471/2050/2007 1480/2109/2066
f 1481/2108/2065 1480/2109/2066 1671/2110/2067
f 1671/2110/2067 1480/2109/2066 1672/1634/1604
f 1671/2110/2067 1672/1634/1604 1665/1632/1602
f 1471/2050/2007 1472/2052/2009 1480/2109/2066
f 1480/2109/2066 1472/2052/2009 1479/1636/1606
f 1480/2109/2066 1479/1636/1606 1672/1634/1604
f 1472/2052/2009 1473/1638/1608 1479/1636/1606
f 1478/1637/1607 1474/1639/1609 1477/2073/2030
f 1477/2073/2030 1474/1639/1609 1475/2071/2028
f 1475/2071/2028 1474/1639/1609 1437/1641/1611
f 1441/2083/2040 1675/2074/2031 1476/2072/2029
f 1673/1635/1605 1478/1637/1607 1674/2075/2032
f 1674/2075/2032 1478/1637/1607 1477/2073/2030
f 1438/2076/2033 1482/2077/2034 1481/2108/2065
f 1481/2108/2065 1482/2077/2034 1470/2048/2005
f 1438/2076/2033 1481/2108/2065 1671/2110/2067
f 1305/1628/1437 1438/2076/2033 1664/2111/2068
f 1664/2111/2068 1438/2076/2033 1671/2110/2067
f 1664/2111/2068 1671/2110/2067 1665/1632/1602
f 1441/2083/2040 1476/2072/2029 1406/1643/1613
f 1484/1994/1951 1485/1996/1953 1495/2112/2069
f 1495/2112/2069 1485/1996/1953 1494/2113/2070
f 1495/2112/2069 1494/2113/2070 1787/2114/2071
f 1787/2114/2071 1494/2113/2070 1788/1693/1662
f 1787/2114/2071 1788/1693/1662 1781/1691/1660
f 1485/1996/1953 1486/1998/1955 1494/2113/2070
f 1494/2113/2070 1486/1998/1955 1493/1695/1664
f 1494/2113/2070 1493/1695/1664 1788/1693/1662
f 1486/1998/1955 1487/1697/1666 1493/1695/1664
f 1492/1696/1665 1488/1698/1667 1491/2019/1976
f 1491/2019/1976 1488/1698/1667 1489/2017/1974
f 1489/2017/1974 1488/1698/1667 1427/1700/1669
f 1789/1694/1663 1492/1696/1665 1790/2021/1978
f 1790/2021/1978 1492/1696/1665 1491/2019/1976
f 1428/2028/1985 1496/2029/1986 1495/2112/2069
f 1495/2112/2069 1496/2029/1986 1484/1994/1951
f 1428/2028/1985 1495/2112/2069 1787/2114/2071
f 1304/1687/1436 1428/2028/1985 1780/2115/2072
f 1780/2115/2072 1428/2028/1985 1787/2114/2071
f 1780/2115/2072 1787/2114/2071 1781/1691/1660
f 1498/1975/1932 1499/2116/2073 1509/2117/2074
f 1509/2117/2074 1499/2116/2073 1508/2118/2075
f 1509/2117/2074 1508/2118/2075 1903/2119/2076
f 1903/2119/2076 1508/2118/2075 1904/1751/1719
f 1903/2119/2076 1904/1751/1719 1897/1749/1717
f 1414/1954/1911 1908/1955/1912 1497/1974/1931
f 1499/2116/2073 1500/2120/2077 1508/2118/2075
f 1508/2118/2075 1500/2120/2077 1507/1753/1721
f 1508/2118/2075 1507/1753/1721 1904/1751/1719
f 1498/1975/1932 1909/1956/1913 1499/2116/2073
f 1499/2116/2073 1909/1956/1913 1910/1957/1914
f 1499/2116/2073 1910/1957/1914 1500/2120/2077
f 1500/2120/2077 1910/1957/1914 1911/1958/1915
f 1500/2120/2077 1911/1958/1915 1501/1755/1723
f 1501/1755/1723 1911/1958/1915 1912/1757/1725
f 1500/2120/2077 1501/1755/1723 1507/1753/1721
f 1506/1754/1722 1502/1756/1724 1505/1963/1920
f 1505/1963/1920 1502/1756/1724 1503/1961/1918
f 1503/1961/1918 1502/1756/1724 1417/1758/1726
f 1905/1752/1720 1506/1754/1722 1906/1965/1922
f 1906/1965/1922 1506/1754/1722 1505/1963/1920
f 1418/1972/1929 1510/1973/1930 1509/2117/2074
f 1509/2117/2074 1510/1973/1930 1498/1975/1932
f 1418/1972/1929 1509/2117/2074 1903/2119/2076
f 1303/1745/1435 1418/1972/1929 1896/2121/2078
f 1896/2121/2078 1418/1972/1929 1903/2119/2076
f 1896/2121/2078 1903/2119/2076 1897/1749/1717
f 1414/1954/1911 1497/1974/1931 1303/1745/1435
f 1512/1806/1772 1513/1808/1774 1523/2122/2079
f 1523/2122/2079 1513/1808/1774 1522/2123/2080
f 1523/2122/2079 1522/2123/2080 1953/2124/2081
f 1953/2124/2081 1522/2123/2080 1954/2125/2082
f 1953/2124/2081 1954/2125/2082 1947/2126/2083
f 1947/2126/2083 1954/2125/2082 1948/2127/2084
f 1947/2126/2083 1948/2127/2084 1941/1945/1902
f 1941/1945/1902 1948/2127/2084 1942/1947/1904
f 1513/1808/1774 1514/1810/1776 1522/2123/2080
f 1522/2123/2080 1514/1810/1776 1521/2128/2085
f 1522/2123/2080 1521/2128/2085 1954/2125/2082
f 1954/2125/2082 1521/2128/2085 1955/2129/2086
f 1954/2125/2082 1955/2129/2086 1948/2127/2084
f 1948/2127/2084 1955/2129/2086 1949/2130/2087
f 1948/2127/2084 1949/2130/2087 1942/1947/1904
f 1942/1947/1904 1949/2130/2087 1943/1824/1790
f 1514/1810/1776 1515/1812/1778 1521/2128/2085
f 1521/2128/2085 1515/1812/1778 1520/2131/2088
f 1521/2128/2085 1520/2131/2088 1955/2129/2086
f 1955/2129/2086 1520/2131/2088 1956/2132/2089
f 1955/2129/2086 1956/2132/2089 1949/2130/2087
f 1949/2130/2087 1956/2132/2089 1950/1822/1788
f 1949/2130/2087 1950/1822/1788 1943/1824/1790
f 1515/1812/1778 1516/1814/1780 1520/2131/2088
f 1520/2131/2088 1516/1814/1780 1519/2133/2090
f 1520/2131/2088 1519/2133/2090 1956/2132/2089
f 1956/2132/2089 1519/2133/2090 1957/1820/1786
f 1956/2132/2089 1957/1820/1786 1950/1822/1788
f 1516/1814/1780 1517/1816/1782 1519/2133/2090
f 1519/2133/2090 1517/1816/1782 1518/1818/1784
f 1519/2133/2090 1518/1818/1784 1957/1820/1786
f 1412/1941/1898 1524/1942/1899 1523/2122/2079
f 1523/2122/2079 1524/1942/1899 1512/1806/1772
f 1412/1941/1898 1523/2122/2079 1953/2124/2081
f 1302/1774/1454 1412/1941/1898 1946/2134/2091
f 1946/2134/2091 1412/1941/1898 1953/2124/2081
f 1946/2134/2091 1953/2124/2081 1947/2126/2083
f 1556/1897/1854 1541/1881/1840 1555/1880/1839
f 1556/1897/1854 1555/1880/1839 1563/2135/2092
f 1563/2135/2092 1555/1880/1839 1562/1879/1838
f 1563/2135/2092 1562/1879/1838 1570/2136/2093
f 1570/2136/2093 1562/1879/1838 1569/1878/1837
f 1570/2136/2093 1569/1878/1837 1577/1882/1841
f 1577/1882/1841 1569/1878/1837 1576/1877/1836
f 1556/1897/1854 1563/2135/2092 1564/1895/1852
f 1564/1895/1852 1563/2135/2092 1571/2137/2094
f 1564/1895/1852 1571/2137/2094 1572/1893/1850
f 1572/1893/1850 1571/2137/2094 1579/1886/1844
f 1572/1893/1850 1579/1886/1844 1580/1888/1846
f 1571/2137/2094 1563/2135/2092 1570/2136/2093
f 1577/1882/1841 1578/1884/1842 1570/2136/2093
f 1570/2136/2093 1578/1884/1842 1571/2137/2094
f 1578/1884/1842 1579/1886/1844 1571/2137/2094
f 1595/1597/1569 1596/2100/2057 1588/1595/1568
f 1588/1595/1568 1596/2100/2057 1589/1593/1566
f 1596/2100/2057 1597/2098/2055 1589/1593/1566
f 1589/1593/1566 1597/2098/2055 1590/1591/1564
f 1597/2098/2055 1598/2096/2053 1590/1591/1564
f 1590/1591/1564 1598/2096/2053 1591/1589/1562
f 1598/2096/2053 1599/2094/2051 1591/1589/1562
f 1591/1589/1562 1599/2094/2051 1592/1587/1560
f 1587/2091/2048 1594/1583/1556 1593/1585/1558
f 1599/2094/2051 1600/2092/2049 1592/1587/1560
f 1592/1587/1560 1600/2092/2049 1593/1585/1558
f 1600/2092/2049 1587/2091/2048 1593/1585/1558
f 1602/1599/1571 1609/1601/1573 1603/2099/2056
f 1603/2099/2056 1609/1601/1573 1610/1935/1892
f 1603/2099/2056 1610/1935/1892 1604/2097/2054
f 1604/2097/2054 1610/1935/1892 1611/1933/1890
f 1604/2097/2054 1611/1933/1890 1605/2095/2052
f 1605/2095/2052 1611/1933/1890 1612/1931/1888
f 1605/2095/2052 1612/1931/1888 1606/2093/2050
f 1606/2093/2050 1612/1931/1888 1613/1929/1886
f 1606/2093/2050 1613/1929/1886 1446/1928/1885
f 1614/2107/2064 1615/1786/1753 1607/1785/1752
f 1614/2107/2064 1607/1785/1752 1306/1626/1455
f 1640/1623/1595 1639/1625/1597 1646/2138/2095
f 1646/2138/2095 1639/1625/1597 1439/1627/1598
f 1646/2138/2095 1439/1627/1598 1653/2139/2096
f 1653/2139/2096 1439/1627/1598 1652/1629/1599
f 1653/2139/2096 1652/1629/1599 1659/1631/1601
f 1641/1621/1593 1640/1623/1595 1647/2140/2097
f 1647/2140/2097 1640/1623/1595 1646/2138/2095
f 1647/2140/2097 1646/2138/2095 1654/2141/2098
f 1654/2141/2098 1646/2138/2095 1653/2139/2096
f 1654/2141/2098 1653/2139/2096 1660/1927/1884
f 1660/1927/1884 1653/2139/2096 1659/1631/1601
f 1642/1619/1591 1641/1621/1593 1648/2142/2099
f 1648/2142/2099 1641/1621/1593 1647/2140/2097
f 1648/2142/2099 1647/2140/2097 1655/2143/2100
f 1655/2143/2100 1647/2140/2097 1654/2141/2098
f 1655/2143/2100 1654/2141/2098 1661/1925/1882
f 1661/1925/1882 1654/2141/2098 1660/1927/1884
f 1643/1617/1589 1642/1619/1591 1649/2144/2101
f 1649/2144/2101 1642/1619/1591 1648/2142/2099
f 1649/2144/2101 1648/2142/2099 1656/2145/2102
f 1656/2145/2102 1648/2142/2099 1655/2143/2100
f 1656/2145/2102 1655/2143/2100 1662/1923/1880
f 1662/1923/1880 1655/2143/2100 1661/1925/1882
f 1644/1615/1587 1643/1617/1589 1650/2146/2103
f 1650/2146/2103 1643/1617/1589 1649/2144/2101
f 1650/2146/2103 1649/2144/2101 1657/2147/2104
f 1657/2147/2104 1649/2144/2101 1656/2145/2102
f 1657/2147/2104 1656/2145/2102 1663/1921/1878
f 1663/1921/1878 1656/2145/2102 1662/1923/1880
f 1442/1918/1875 1651/2084/2041 1650/2146/2103
f 1650/2146/2103 1651/2084/2041 1644/1615/1587
f 1442/1918/1875 1650/2146/2103 1657/2147/2104
f 1645/1919/1876 1442/1918/1875 1657/2147/2104
f 1645/1919/1876 1657/2147/2104 1663/1921/1878
f 1664/2111/2068 1665/1632/1602 1658/1630/1600
f 1664/2111/2068 1658/1630/1600 1305/1628/1437
f 1674/2075/2032 1667/1926/1883 1673/1635/1605
f 1673/1635/1605 1667/1926/1883 1666/1633/1603
f 1677/2047/2004 1676/2045/2002 1684/2148/2105
f 1684/2148/2105 1676/2045/2002 1683/2149/2106
f 1684/2148/2105 1683/2149/2106 1690/1654/1624
f 1690/1654/1624 1683/2149/2106 1432/1656/1626
f 1678/2049/2006 1677/2047/2004 1685/2150/2107
f 1685/2150/2107 1677/2047/2004 1684/2148/2105
f 1685/2150/2107 1684/2148/2105 1691/1652/1622
f 1691/1652/1622 1684/2148/2105 1690/1654/1624
f 1679/2051/2008 1678/2049/2006 1686/2151/2108
f 1686/2151/2108 1678/2049/2006 1685/2150/2107
f 1686/2151/2108 1685/2150/2107 1692/1650/1620
f 1692/1650/1620 1685/2150/2107 1691/1652/1622
f 1680/2053/2010 1679/2051/2008 1687/2152/2109
f 1687/2152/2109 1679/2051/2008 1686/2151/2108
f 1687/2152/2109 1686/2151/2108 1693/1648/1618
f 1693/1648/1618 1686/2151/2108 1692/1650/1620
f 1681/1640/1610 1680/2053/2010 1688/2153/2110
f 1688/2153/2110 1680/2053/2010 1687/2152/2109
f 1688/2153/2110 1687/2152/2109 1694/1646/1616
f 1694/1646/1616 1687/2152/2109 1693/1648/1618
f 1683/2149/2106 1676/2045/2002 1305/1628/1437
f 1682/1644/1614 1689/1642/1612 1688/2153/2110
f 1688/2153/2110 1689/1642/1612 1681/1640/1610
f 1682/1644/1614 1688/2153/2110 1694/1646/1616
f 1406/1643/1613 1436/2069/2026 1716/2154/2111
f 1716/2154/2111 1436/2069/2026 1708/2070/2027
f 1716/2154/2111 1708/2070/2027 1715/2065/2022
f 1715/2065/2022 1708/2070/2027 1707/2067/2024
f 1432/1656/1626 1683/2149/2106 1305/1628/1437
f 1715/2065/2022 1695/2063/2020 1716/2154/2111
f 1716/2154/2111 1695/2063/2020 1406/1643/1613
f 1697/1655/1625 1696/1657/1627 1704/2155/2112
f 1704/2155/2112 1696/1657/1627 1703/1658/1628
f 1704/2155/2112 1703/1658/1628 1711/1660/1630
f 1698/1653/1623 1697/1655/1625 1705/2156/2113
f 1705/2156/2113 1697/1655/1625 1704/2155/2112
f 1705/2156/2113 1704/2155/2112 1712/2157/2114
f 1712/2157/2114 1704/2155/2112 1711/1660/1630
f 1712/2157/2114 1711/1660/1630 1718/1662/1632
f 1406/1643/1613 1435/2061/2018 1742/2158/2115
f 1742/2158/2115 1435/2061/2018 1735/2159/2116
f 1742/2158/2115 1735/2159/2116 1741/1668/1638
f 1741/1668/1638 1735/2159/2116 1734/1666/1636
f 1698/1653/1623 1705/2156/2113 1706/2068/2025
f 1706/2068/2025 1705/2156/2113 1713/2160/2117
f 1706/2068/2025 1713/2160/2117 1714/2066/2023
f 1714/2066/2023 1713/2160/2117 1720/2161/2118
f 1714/2066/2023 1720/2161/2118 1721/2064/2021
f 1721/2064/2021 1720/2161/2118 1728/2162/2119
f 1721/2064/2021 1728/2162/2119 1729/2062/2019
f 1729/2062/2019 1728/2162/2119 1435/2061/2018
f 1713/2160/2117 1705/2156/2113 1712/2157/2114
f 1741/1668/1638 1709/1670/1640 1742/2158/2115
f 1742/2158/2115 1709/1670/1640 1406/1643/1613
f 1431/2044/2001 1717/1661/1631 1710/1659/1629
f 1713/2160/2117 1712/2157/2114 1719/2163/2120
f 1719/2163/2120 1712/2157/2114 1718/1662/1632
f 1719/2163/2120 1718/1662/1632 1726/1664/1634
f 1431/2044/2001 1710/1659/1629 1305/1628/1437
f 1713/2160/2117 1719/2163/2120 1720/2161/2118
f 1720/2161/2118 1719/2163/2120 1727/2164/2121
f 1720/2161/2118 1727/2164/2121 1728/2162/2119
f 1728/2162/2119 1727/2164/2121 1735/2159/2116
f 1728/2162/2119 1735/2159/2116 1435/2061/2018
f 1727/2164/2121 1719/2163/2120 1726/1664/1634
f 1735/2159/2116 1727/2164/2121 1734/1666/1636
f 1734/1666/1636 1727/2164/2121 1726/1664/1634
f 1430/1791/1758 1737/2041/1998 1730/1792/1759
f 1730/1792/1759 1737/2041/1998 1731/1794/1761
f 1737/2041/1998 1738/2042/1999 1731/1794/1761
f 1731/1794/1761 1738/2042/1999 1732/1796/1763
f 1738/2042/1999 1739/2043/2000 1732/1796/1763
f 1732/1796/1763 1739/2043/2000 1733/1665/1635
f 1739/2043/2000 1740/1667/1637 1733/1665/1635
f 1755/1685/1655 1756/1683/1653 1749/2030/1987
f 1749/2030/1987 1756/1683/1653 1750/2032/1989
f 1756/1683/1653 1757/1681/1651 1750/2032/1989
f 1750/2032/1989 1757/1681/1651 1751/2034/1991
f 1757/1681/1651 1758/1679/1649 1751/2034/1991
f 1751/2034/1991 1758/1679/1649 1752/2036/1993
f 1758/1679/1649 1759/1677/1647 1752/2036/1993
f 1752/2036/1993 1759/1677/1647 1753/2038/1995
f 1761/1673/1643 1434/1671/1641 1754/2040/1997
f 1759/1677/1647 1760/1675/1645 1753/2038/1995
f 1753/2038/1995 1760/1675/1645 1754/2040/1997
f 1760/1675/1645 1761/1673/1643 1754/2040/1997
f 1755/1685/1655 1749/2030/1987 1304/1687/1436
f 1762/1684/1654 1769/2026/1983 1763/1682/1652
f 1763/1682/1652 1769/2026/1983 1770/2165/2122
f 1763/1682/1652 1770/2165/2122 1764/1680/1650
f 1764/1680/1650 1770/2165/2122 1771/2059/2016
f 1773/2060/2017 1766/1676/1646 1772/2058/2015
f 1772/2058/2015 1766/1676/1646 1765/1678/1648
f 1776/2025/1982 1768/2027/1984 1775/1690/1659
f 1775/1690/1659 1768/2027/1984 1767/1688/1657
f 1769/2026/1983 1777/2024/1981 1770/2165/2122
f 1770/2165/2122 1777/2024/1981 1778/2166/2123
f 1770/2165/2122 1778/2166/2123 1771/2059/2016
f 1771/2059/2016 1778/2166/2123 1779/2057/2014
f 1433/2056/2013 1773/2060/2017 1772/2058/2015
f 1780/2115/2072 1781/1691/1660 1774/1689/1658
f 1783/2023/1980 1776/2025/1982 1782/1692/1661
f 1782/1692/1661 1776/2025/1982 1775/1690/1659
f 1777/2024/1981 1784/2022/1979 1778/2166/2123
f 1778/2166/2123 1784/2022/1979 1785/2167/2124
f 1778/2166/2123 1785/2167/2124 1779/2057/2014
f 1779/2057/2014 1785/2167/2124 1786/2055/2012
f 1780/2115/2072 1774/1689/1658 1304/1687/1436
f 1790/2021/1978 1783/2023/1980 1789/1694/1663
f 1789/1694/1663 1783/2023/1980 1782/1692/1661
f 1736/2054/2011 1786/2055/2012 1785/2167/2124
f 1736/2054/2011 1785/2167/2124 1791/2020/1977
f 1791/2020/1977 1785/2167/2124 1784/2022/1979
f 1793/1993/1950 1792/1991/1948 1800/2168/2125
f 1800/2168/2125 1792/1991/1948 1799/2169/2126
f 1800/2168/2125 1799/2169/2126 1806/1712/1681
f 1806/1712/1681 1799/2169/2126 1422/1714/1683
f 1794/1995/1952 1793/1993/1950 1801/2170/2127
f 1801/2170/2127 1793/1993/1950 1800/2168/2125
f 1801/2170/2127 1800/2168/2125 1807/1710/1679
f 1807/1710/1679 1800/2168/2125 1806/1712/1681
f 1795/1997/1954 1794/1995/1952 1802/2171/2128
f 1802/2171/2128 1794/1995/1952 1801/2170/2127
f 1802/2171/2128 1801/2170/2127 1808/1708/1677
f 1808/1708/1677 1801/2170/2127 1807/1710/1679
f 1796/1999/1956 1795/1997/1954 1803/2172/2129
f 1803/2172/2129 1795/1997/1954 1802/2171/2128
f 1803/2172/2129 1802/2171/2128 1809/1706/1675
f 1809/1706/1675 1802/2171/2128 1808/1708/1677
f 1797/1699/1668 1796/1999/1956 1804/2173/2130
f 1804/2173/2130 1796/1999/1956 1803/2172/2129
f 1804/2173/2130 1803/2172/2129 1810/1704/1673
f 1810/1704/1673 1803/2172/2129 1809/1706/1675
f 1799/2169/2126 1792/1991/1948 1304/1687/1436
f 1798/1702/1671 1805/1701/1670 1804/2173/2130
f 1804/2173/2130 1805/1701/1670 1797/1699/1668
f 1798/1702/1671 1804/2173/2130 1810/1704/1673
f 1405/1672/1642 1426/2015/1972 1832/2174/2131
f 1832/2174/2131 1426/2015/1972 1824/2016/1973
f 1832/2174/2131 1824/2016/1973 1831/2011/1968
f 1831/2011/1968 1824/2016/1973 1823/2013/1970
f 1422/1714/1683 1799/2169/2126 1304/1687/1436
f 1831/2011/1968 1811/2009/1966 1832/2174/2131
f 1832/2174/2131 1811/2009/1966 1405/1672/1642
f 1812/1715/1684 1820/1917/1874 1813/1713/1682
f 1813/1713/1682 1820/1917/1874 1821/2175/2132
f 1813/1713/1682 1821/2175/2132 1814/1711/1680
f 1814/1711/1680 1821/2175/2132 1822/2014/1971
f 1851/1913/1870 1858/1912/1869 1425/2007/1964
f 1425/2007/1964 1858/1912/1869 1405/1672/1642
f 1820/1917/1874 1828/1916/1873 1821/2175/2132
f 1821/2175/2132 1828/1916/1873 1829/2176/2133
f 1821/2175/2132 1829/2176/2133 1822/2014/1971
f 1822/2014/1971 1829/2176/2133 1830/2012/1969
f 1421/1799/1766 1833/1719/1688 1826/1717/1686
f 1828/1916/1873 1835/1915/1872 1829/2176/2133
f 1829/2176/2133 1835/1915/1872 1836/2177/2134
f 1829/2176/2133 1836/2177/2134 1830/2012/1969
f 1830/2012/1969 1836/2177/2134 1837/2010/1967
f 1835/1915/1872 1843/1914/1871 1836/2177/2134
f 1836/2177/2134 1843/1914/1871 1844/2178/2135
f 1836/2177/2134 1844/2178/2135 1837/2010/1967
f 1837/2010/1967 1844/2178/2135 1845/2008/1965
f 1840/1800/1767 1839/1798/1765 1847/2179/2136
f 1847/2179/2136 1839/1798/1765 1846/1797/1764
f 1847/2179/2136 1846/1797/1764 1853/1988/1945
f 1853/1988/1945 1846/1797/1764 1420/1987/1944
f 1841/1721/1690 1840/1800/1767 1848/2180/2137
f 1848/2180/2137 1840/1800/1767 1847/2179/2136
f 1848/2180/2137 1847/2179/2136 1854/1989/1946
f 1854/1989/1946 1847/2179/2136 1853/1988/1945
f 1425/2007/1964 1845/2008/1965 1844/2178/2135
f 1425/2007/1964 1844/2178/2135 1851/1913/1870
f 1851/1913/1870 1844/2178/2135 1843/1914/1871
f 1841/1721/1690 1848/2180/2137 1849/1723/1692
f 1849/1723/1692 1848/2180/2137 1855/1990/1947
f 1849/1723/1692 1855/1990/1947 1856/1725/1694
f 1855/1990/1947 1848/2180/2137 1854/1989/1946
f 1303/1745/1435 1420/1987/1944 1846/1797/1764
f 1871/1743/1712 1872/1741/1710 1865/1976/1933
f 1865/1976/1933 1872/1741/1710 1866/1978/1935
f 1872/1741/1710 1873/1739/1708 1866/1978/1935
f 1866/1978/1935 1873/1739/1708 1867/1980/1937
f 1873/1739/1708 1874/1737/1706 1867/1980/1937
f 1867/1980/1937 1874/1737/1706 1868/1982/1939
f 1874/1737/1706 1875/1735/1704 1868/1982/1939
f 1868/1982/1939 1875/1735/1704 1869/1984/1941
f 1877/1731/1700 1424/1729/1698 1870/1986/1943
f 1875/1735/1704 1876/1733/1702 1869/1984/1941
f 1869/1984/1941 1876/1733/1702 1870/1986/1943
f 1876/1733/1702 1877/1731/1700 1870/1986/1943
f 1871/1743/1712 1865/1976/1933 1303/1745/1435
f 1878/1742/1711 1885/1970/1927 1879/1740/1709
f 1879/1740/1709 1885/1970/1927 1886/2181/2138
f 1879/1740/1709 1886/2181/2138 1880/1738/1707
f 1880/1738/1707 1886/2181/2138 1887/2005/1962
f 1889/2006/1963 1882/1734/1703 1888/2004/1961
f 1888/2004/1961 1882/1734/1703 1881/1736/1705
f 1892/1969/1926 1884/1971/1928 1891/1748/1716
f 1891/1748/1716 1884/1971/1928 1883/1746/1714
f 1885/1970/1927 1893/1968/1925 1886/2181/2138
f 1886/2181/2138 1893/1968/1925 1894/2182/2139
f 1886/2181/2138 1894/2182/2139 1887/2005/1962
f 1887/2005/1962 1894/2182/2139 1895/2003/1960
f 1423/2002/1959 1889/2006/1963 1888/2004/1961
f 1896/2121/2078 1897/1749/1717 1890/1747/1715
f 1899/1967/1924 1892/1969/1926 1898/1750/1718
f 1898/1750/1718 1892/1969/1926 1891/1748/1716
f 1893/1968/1925 1900/1966/1923 1894/2182/2139
f 1894/2182/2139 1900/1966/1923 1901/2183/2140
f 1894/2182/2139 1901/2183/2140 1895/2003/1960
f 1895/2003/1960 1901/2183/2140 1902/2001/1958
f 1896/2121/2078 1890/1747/1715 1303/1745/1435
f 1906/1965/1922 1899/1967/1924 1905/1752/1720
f 1905/1752/1720 1899/1967/1924 1898/1750/1718
f 1852/2000/1957 1902/2001/1958 1901/2183/2140
f 1852/2000/1957 1901/2183/2140 1907/1964/1921
f 1907/1964/1921 1901/2183/2140 1900/1966/1923
f 1937/1825/1791 1944/1823/1789 1938/1960/1917
f 1938/1960/1917 1944/1823/1789 1945/1911/1868
f 1938/1960/1917 1945/1911/1868 1939/1959/1916
f 1939/1959/1916 1945/1911/1868 1927/1909/1866
f 1939/1959/1916 1927/1909/1866 1416/1908/1865
f 1947/2126/2083 1941/1945/1902 1940/1943/1900
f 1946/2134/2091 1947/2126/2083 1940/1943/1900
f 1946/2134/2091 1940/1943/1900 1302/1774/1454
f 1410/1802/1768 1965/1936/1893 1958/1803/1769
f 1958/1803/1769 1965/1936/1893 1959/1805/1771
f 1965/1936/1893 1966/1937/1894 1959/1805/1771
f 1959/1805/1771 1966/1937/1894 1960/1807/1773
f 1966/1937/1894 1967/1938/1895 1960/1807/1773
f 1960/1807/1773 1967/1938/1895 1961/1809/1775
f 1967/1938/1895 1968/1939/1896 1961/1809/1775
f 1961/1809/1775 1968/1939/1896 1962/1811/1777
f 1964/1844/1809 1411/1815/1781 1963/1813/1779
f 1968/1939/1896 1969/1940/1897 1962/1811/1777
f 1962/1811/1777 1969/1940/1897 1963/1813/1779
f 1969/1940/1897 1964/1844/1809 1963/1813/1779
f 1989/2184/2141 1975/2185/2142 2004/2186/2143
f 2004/2186/2143 1975/2185/2142 1976/2187/2144
f 2004/2186/2143 1976/2187/2144 2003/2188/2145
f 2003/2188/2145 1976/2187/2144 1977/2189/2146
f 2003/2188/2145 1977/2189/2146 2002/2190/2147
f 2002/2190/2147 1977/2189/2146 1978/2191/2148
f 2002/2190/2147 1978/2191/2148 2001/2192/2149
f 2001/2192/2149 1978/2191/2148 1979/2193/2150
f 2001/2192/2149 1979/2193/2150 2000/2194/2151
f 2000/2194/2151 1979/2193/2150 1999/2195/2152
f 2000/2194/2151 1999/2195/2152 2007/2196/2153
f 2007/2196/2153 1999/2195/2152 2006/2197/2154
f 2007/2196/2153 2006/2197/2154 2014/2198/2155
f 2014/2198/2155 2006/2197/2154 2013/2199/2156
f 2014/2198/2155 2013/2199/2156 2029/2200/2157
f 2029/2200/2157 2013/2199/2156 2030/2201/2158
f 2029/2200/2157 2030/2201/2158 2021/2202/2159
f 2021/2202/2159 2030/2201/2158 2020/2203/2160
f 2021/2202/2159 2020/2203/2160 2032/2204/2161
f 2032/2204/2161 2020/2203/2160 2031/2205/2162
f 2032/2204/2161 2031/2205/2162 2047/2206/2163
f 2047/2206/2163 2031/2205/2162 2048/2207/2164
f 2047/2206/2163 2048/2207/2164 2038/2208/2165
f 2038/2208/2165 2048/2207/2164 2037/2209/2166
f 2038/2208/2165 2037/2209/2166 2052/2210/2167
f 2052/2210/2167 2037/2209/2166 2051/2211/2168
f 2052/2210/2167 2051/2211/2168 2058/2212/2169
f 2058/2212/2169 2051/2211/2168 2057/2213/2170
f 2058/2212/2169 2057/2213/2170 2073/2214/2171
f 2073/2214/2171 2057/2213/2170 2074/2215/2172
f 2073/2214/2171 2074/2215/2172 2064/2216/2173
f 2064/2216/2173 2074/2215/2172 2063/2217/2174
f 2064/2216/2173 2063/2217/2174 2085/2218/2175
f 2085/2218/2175 2063/2217/2174 2084/2219/2176
f 2085/2218/2175 2084/2219/2176 2092/2220/2177
f 2092/2220/2177 2084/2219/2176 2091/2221/2178
f 2092/2220/2177 2091/2221/2178 2097/2222/2179
f 2097/2222/2179 2091/2221/2178 2096/2223/2180
f 2097/2222/2179 2096/2223/2180 2080/2224/2181
f 2080/2224/2181 2096/2223/2180 2081/2225/2182
f 2080/2224/2181 2081/2225/2182 1394/2226/1747
f 1394/2226/1747 2081/2225/2182 1395/2227/1750
f 1395/2227/1750 2081/2225/2182 2082/2228/2183
f 1395/2227/1750 2082/2228/2183 1307/2229/1457
f 1307/2229/1457 2082/2228/2183 1990/2230/2184
f 1307/2229/1457 1990/2230/2184 2090/2231/2185
f 2090/2231/2185 1990/2230/2184 2096/2223/2180
f 2090/2231/2185 2096/2223/2180 2091/2221/2178
f 1979/2193/2150 1980/2232/2186 1999/2195/2152
f 1999/2195/2152 1980/2232/2186 1998/2233/2187
f 1999/2195/2152 1998/2233/2187 2006/2197/2154
f 2006/2197/2154 1998/2233/2187 2005/2234/2188
f 2006/2197/2154 2005/2234/2188 2013/2199/2156
f 2013/2199/2156 2005/2234/2188 2012/2235/2189
f 2013/2199/2156 2012/2235/2189 2030/2201/2158
f 2030/2201/2158 2012/2235/2189 1996/2236/2190
f 2030/2201/2158 1996/2236/2190 2020/2203/2160
f 2020/2203/2160 1996/2236/2190 2019/2237/2191
f 2020/2203/2160 2019/2237/2191 2031/2205/2162
f 2031/2205/2162 2019/2237/2191 1994/2238/2192
f 2031/2205/2162 1994/2238/2192 2048/2207/2164
f 2048/2207/2164 1994/2238/2192 2049/2239/2193
f 2048/2207/2164 2049/2239/2193 2037/2209/2166
f 2037/2209/2166 2049/2239/2193 2036/2240/2194
f 2037/2209/2166 2036/2240/2194 2051/2211/2168
f 2051/2211/2168 2036/2240/2194 2050/2241/2195
f 2051/2211/2168 2050/2241/2195 2057/2213/2170
f 2057/2213/2170 2050/2241/2195 1992/2242/2196
f 2057/2213/2170 1992/2242/2196 2074/2215/2172
f 2074/2215/2172 1992/2242/2196 2075/2243/2197
f 2074/2215/2172 2075/2243/2197 2063/2217/2174
f 2063/2217/2174 2075/2243/2197 2062/2244/2198
f 2063/2217/2174 2062/2244/2198 2084/2219/2176
f 2084/2219/2176 2062/2244/2198 2083/2245/2199
f 2084/2219/2176 2083/2245/2199 2091/2221/2178
f 2091/2221/2178 2083/2245/2199 2090/2231/2185
f 1980/2232/2186 1317/2246/1456 1998/2233/2187
f 1998/2233/2187 1317/2246/1456 1316/2247/1458
f 1998/2233/2187 1316/2247/1458 2005/2234/2188
f 2005/2234/2188 1316/2247/1458 1315/2248/1459
f 2005/2234/2188 1315/2248/1459 1314/2249/1460
f 1313/2250/1462 1996/2236/2190 1314/2249/1460
f 1314/2249/1460 1996/2236/2190 2012/2235/2189
f 1314/2249/1460 2012/2235/2189 2005/2234/2188
f 1996/2236/2190 1313/2250/1462 2019/2237/2191
f 2019/2237/2191 1313/2250/1462 1312/2251/1463
f 2019/2237/2191 1312/2251/1463 1994/2238/2192
f 1994/2238/2192 1312/2251/1463 1311/2252/1464
f 1994/2238/2192 1311/2252/1464 2049/2239/2193
f 2049/2239/2193 1311/2252/1464 2036/2240/2194
f 1311/2252/1464 1310/2253/1465 2036/2240/2194
f 2036/2240/2194 1310/2253/1465 2050/2241/2195
f 1310/2253/1465 1309/2254/1466 2050/2241/2195
f 2050/2241/2195 1309/2254/1466 1992/2242/2196
f 1309/2254/1466 1308/2255/1461 1992/2242/2196
f 1992/2242/2196 1308/2255/1461 2075/2243/2197
f 1307/2229/1457 2090/2231/2185 1308/2255/1461
f 1308/2255/1461 2090/2231/2185 2083/2245/2199
f 1308/2255/1461 2083/2245/2199 2062/2244/2198
f 2080/2224/2181 1394/2226/1747 2079/2256/2200
f 2079/2256/2200 1394/2226/1747 1393/2257/1745
f 2079/2256/2200 1393/2257/1745 2078/2258/2201
f 2078/2258/2201 1393/2257/1745 1392/2259/1743
f 2078/2258/2201 1392/2259/1743 2077/2260/2202
f 2077/2260/2202 1392/2259/1743 1391/2261/1552
f 2077/2260/2202 1391/2261/1552 2076/2262/2203
f 2076/2262/2203 1391/2261/1552 1390/2263/1554
f 2076/2262/2203 1390/2263/1554 2101/2264/2204
f 2101/2264/2204 1390/2263/1554 2089/2265/2205
f 2101/2264/2204 2089/2265/2205 2095/2266/2206
f 2095/2266/2206 2089/2265/2205 2088/2267/2207
f 2095/2266/2206 2088/2267/2207 2087/2268/2208
f 2087/2268/2208 2088/2267/2207 2066/2269/2209
f 2087/2268/2208 2066/2269/2209 2065/2270/2210
f 2065/2270/2210 2066/2269/2209 2072/2271/2211
f 2065/2270/2210 2072/2271/2211 2073/2214/2171
f 2073/2214/2171 2072/2271/2211 2058/2212/2169
f 1390/2263/1554 1981/2272/2212 2089/2265/2205
f 2089/2265/2205 1981/2272/2212 1991/2273/2213
f 2089/2265/2205 1991/2273/2213 2088/2267/2207
f 2088/2267/2207 1991/2273/2213 2067/2274/2214
f 2088/2267/2207 2067/2274/2214 2066/2269/2209
f 2066/2269/2209 2067/2274/2214 2071/2275/2215
f 2066/2269/2209 2071/2275/2215 2072/2271/2211
f 2072/2271/2211 2071/2275/2215 2059/2276/2216
f 2072/2271/2211 2059/2276/2216 2058/2212/2169
f 2058/2212/2169 2059/2276/2216 2052/2210/2167
f 1982/2277/2217 1993/2278/2218 1981/2272/2212
f 1981/2272/2212 1993/2278/2218 2069/2279/2219
f 1981/2272/2212 2069/2279/2219 2068/2280/2220
f 2068/2280/2220 2069/2279/2219 2070/2281/2221
f 2068/2280/2220 2070/2281/2221 2067/2274/2214
f 2067/2274/2214 2070/2281/2221 2071/2275/2215
f 1993/2278/2218 1982/2277/2217 2056/2282/2222
f 2056/2282/2222 1982/2277/2217 1983/2283/2223
f 2056/2282/2222 1983/2283/2223 2042/2284/2224
f 2042/2284/2224 1983/2283/2223 1984/2285/2225
f 2042/2284/2224 1984/2285/2225 2043/2286/2226
f 2043/2286/2226 1984/2285/2225 1995/2287/2227
f 2043/2286/2226 1995/2287/2227 2035/2288/2228
f 2035/2288/2228 1995/2287/2227 2024/2289/2229
f 2035/2288/2228 2024/2289/2229 2023/2290/2230
f 2023/2290/2230 2024/2289/2229 2027/2291/2231
f 2023/2290/2230 2027/2291/2231 2028/2292/2232
f 2028/2292/2232 2027/2291/2231 2015/2293/2233
f 2028/2292/2232 2015/2293/2233 2014/2198/2155
f 2014/2198/2155 2015/2293/2233 2007/2196/2153
f 1984/2285/2225 1985/2294/2234 1995/2287/2227
f 1995/2287/2227 1985/2294/2234 2025/2295/2235
f 1995/2287/2227 2025/2295/2235 2024/2289/2229
f 2024/2289/2229 2025/2295/2235 2026/2296/2236
f 2024/2289/2229 2026/2296/2236 2027/2291/2231
f 2027/2291/2231 2026/2296/2236 2016/2297/2237
f 2027/2291/2231 2016/2297/2237 2015/2293/2233
f 2015/2293/2233 2016/2297/2237 2008/2298/2238
f 2015/2293/2233 2008/2298/2238 2007/2196/2153
f 2007/2196/2153 2008/2298/2238 2000/2194/2151
f 1985/2294/2234 1986/2299/2239 2025/2295/2235
f 2025/2295/2235 1986/2299/2239 1997/2300/2240
f 2025/2295/2235 1997/2300/2240 2026/2296/2236
f 2026/2296/2236 1997/2300/2240 2017/2301/2241
f 2026/2296/2236 2017/2301/2241 2016/2297/2237
f 2016/2297/2237 2017/2301/2241 2009/2302/2242
f 2016/2297/2237 2009/2302/2242 2008/2298/2238
f 2008/2298/2238 2009/2302/2242 2001/2192/2149
f 2008/2298/2238 2001/2192/2149 2000/2194/2151
f 1986/2299/2239 1987/2303/2243 1997/2300/2240
f 1997/2300/2240 1987/2303/2243 2018/2304/2244
f 1997/2300/2240 2018/2304/2244 2017/2301/2241
f 2017/2301/2241 2018/2304/2244 2010/2305/2245
f 2017/2301/2241 2010/2305/2245 2009/2302/2242
f 2009/2302/2242 2010/2305/2245 2002/2190/2147
f 2009/2302/2242 2002/2190/2147 2001/2192/2149
f 2018/2304/2244 1987/2303/2243 2011/2306/2246
f 2011/2306/2246 1987/2303/2243 1988/2307/2247
f 2011/2306/2246 1988/2307/2247 1989/2184/2141
f 2011/2306/2246 1989/2184/2141 2004/2186/2143
f 2067/2274/2214 1991/2273/2213 2068/2280/2220
f 2068/2280/2220 1991/2273/2213 1981/2272/2212
f 2062/2244/2198 2075/2243/2197 1308/2255/1461
f 2011/2306/2246 2004/2186/2143 2003/2188/2145
f 2011/2306/2246 2003/2188/2145 2010/2305/2245
f 2010/2305/2245 2003/2188/2145 2002/2190/2147
f 2018/2304/2244 2011/2306/2246 2010/2305/2245
f 2028/2292/2232 2014/2198/2155 2029/2200/2157
f 2028/2292/2232 2029/2200/2157 2022/2308/2248
f 2022/2308/2248 2029/2200/2157 2021/2202/2159
f 2022/2308/2248 2021/2202/2159 2033/2309/2249
f 2033/2309/2249 2021/2202/2159 2032/2204/2161
f 2033/2309/2249 2032/2204/2161 2046/2310/2250
f 2046/2310/2250 2032/2204/2161 2047/2206/2163
f 2046/2310/2250 2047/2206/2163 2039/2311/2251
f 2039/2311/2251 2047/2206/2163 2038/2208/2165
f 2039/2311/2251 2038/2208/2165 2053/2312/2252
f 2053/2312/2252 2038/2208/2165 2052/2210/2167
f 2053/2312/2252 2052/2210/2167 2059/2276/2216
f 2028/2292/2232 2022/2308/2248 2023/2290/2230
f 2023/2290/2230 2022/2308/2248 2034/2313/2253
f 2023/2290/2230 2034/2313/2253 2035/2288/2228
f 2035/2288/2228 2034/2313/2253 2044/2314/2254
f 2035/2288/2228 2044/2314/2254 2043/2286/2226
f 2043/2286/2226 2044/2314/2254 2042/2284/2224
f 2034/2313/2253 2022/2308/2248 2033/2309/2249
f 2034/2313/2253 2033/2309/2249 2045/2315/2255
f 2045/2315/2255 2033/2309/2249 2046/2310/2250
f 2045/2315/2255 2046/2310/2250 2040/2316/2256
f 2040/2316/2256 2046/2310/2250 2039/2311/2251
f 2040/2316/2256 2039/2311/2251 2054/2317/2257
f 2054/2317/2257 2039/2311/2251 2053/2312/2252
f 2054/2317/2257 2053/2312/2252 2060/2318/2258
f 2060/2318/2258 2053/2312/2252 2059/2276/2216
f 2060/2318/2258 2059/2276/2216 2071/2275/2215
f 2040/2316/2256 2041/2319/2259 2045/2315/2255
f 2045/2315/2255 2041/2319/2259 2044/2314/2254
f 2045/2315/2255 2044/2314/2254 2034/2313/2253
f 2056/2282/2222 2042/2284/2224 2041/2319/2259
f 2041/2319/2259 2042/2284/2224 2044/2314/2254
f 2041/2319/2259 2040/2316/2256 2055/2320/2260
f 2055/2320/2260 2040/2316/2256 2054/2317/2257
f 2055/2320/2260 2054/2317/2257 2061/2321/2261
f 2061/2321/2261 2054/2317/2257 2060/2318/2258
f 2061/2321/2261 2060/2318/2258 2070/2281/2221
f 2070/2281/2221 2060/2318/2258 2071/2275/2215
f 1993/2278/2218 2056/2282/2222 2055/2320/2260
f 2055/2320/2260 2056/2282/2222 2041/2319/2259
f 1993/2278/2218 2055/2320/2260 2061/2321/2261
f 2069/2279/2219 1993/2278/2218 2061/2321/2261
f 2069/2279/2219 2061/2321/2261 2070/2281/2221
f 2073/2214/2171 2064/2216/2173 2065/2270/2210
f 2065/2270/2210 2064/2216/2173 2086/2322/2262
f 2065/2270/2210 2086/2322/2262 2087/2268/2208
f 2087/2268/2208 2086/2322/2262 2094/2323/2263
f 2087/2268/2208 2094/2323/2263 2095/2266/2206
f 2095/2266/2206 2094/2323/2263 2100/2324/2264
f 2095/2266/2206 2100/2324/2264 2101/2264/2204
f 2101/2264/2204 2100/2324/2264 2076/2262/2203
f 2086/2322/2262 2064/2216/2173 2085/2218/2175
f 2076/2262/2203 2100/2324/2264 2077/2260/2202
f 2077/2260/2202 2100/2324/2264 2099/2325/2265
f 2077/2260/2202 2099/2325/2265 2078/2258/2201
f 2078/2258/2201 2099/2325/2265 2098/2326/2266
f 2078/2258/2201 2098/2326/2266 2079/2256/2200
f 2079/2256/2200 2098/2326/2266 2097/2222/2179
f 2079/2256/2200 2097/2222/2179 2080/2224/2181
f 1990/2230/2184 2082/2228/2183 2081/2225/2182
f 1990/2230/2184 2081/2225/2182 2096/2223/2180
f 2086/2322/2262 2085/2218/2175 2093/2327/2267
f 2093/2327/2267 2085/2218/2175 2092/2220/2177
f 2093/2327/2267 2092/2220/2177 2098/2326/2266
f 2098/2326/2266 2092/2220/2177 2097/2222/2179
f 2086/2322/2262 2093/2327/2267 2094/2323/2263
f 2094/2323/2263 2093/2327/2267 2099/2325/2265
f 2094/2323/2263 2099/2325/2265 2100/2324/2264
f 2099/2325/2265 2093/2327/2267 2098/2326/2266
f 2102/2328/2268 2103/2329/2269 1975/2330/2142
f 1975/2330/2142 2103/2329/2269 1976/2331/2270
f 1976/2331/2270 2103/2329/2269 2104/2332/2271
f 1976/2331/2270 2104/2332/2271 1977/2333/2272
f 1977/2333/2272 2104/2332/2271 2105/2334/2273
f 1977/2333/2272 2105/2334/2273 1978/2335/2148
f 1978/2335/2148 2105/2334/2273 2106/2336/2274
f 1978/2335/2148 2106/2336/2274 2107/2337/2275
f 1978/2335/2148 2107/2337/2275 1979/2338/2276
f 1979/2338/2276 2107/2337/2275 2108/2339/2277
f 1979/2338/2276 2108/2339/2277 1980/2340/2278
f 1980/2340/2278 2108/2339/2277 2109/2341/2279
f 1980/2340/2278 2109/2341/2279 1317/2342/1456
f 1317/2342/1456 2109/2341/2279 1318/2343/1431
f 1319/2344/1468 1318/2345/2280 2131/2346/2281
f 2131/2346/2281 1318/2345/2280 2109/2347/2282
f 2131/2346/2281 2109/2347/2282 2108/2348/2283
f 2107/2349/2284 2129/2350/2285 2108/2348/2283
f 2108/2348/2283 2129/2350/2285 2130/2351/2286
f 2108/2348/2283 2130/2351/2286 2131/2346/2281
f 2131/2346/2281 2130/2351/2286 2138/2352/2287
f 2131/2346/2281 2138/2352/2287 1319/2344/1468
f 1319/2344/1468 2138/2352/2287 1320/2353/1469
f 1320/2353/1469 2138/2352/2287 2145/2354/2288
f 1320/2353/1469 2145/2354/2288 1321/2355/1470
f 1321/2355/1470 2145/2354/2288 2152/2356/2289
f 1321/2355/1470 2152/2356/2289 1322/2357/1471
f 1322/2357/1471 2152/2356/2289 2159/2358/2290
f 1322/2357/1471 2159/2358/2290 1323/2359/1473
f 1323/2359/1473 2159/2358/2290 2166/2360/2291
f 1323/2359/1473 2166/2360/2291 1324/2361/1474
f 1324/2361/1474 2166/2360/2291 2172/2362/2292
f 1324/2361/1474 2172/2362/2292 2123/2363/2293
f 2123/2363/2293 2172/2362/2292 2171/2364/2294
f 2123/2363/2293 2171/2364/2294 2180/2365/2295
f 2180/2365/2295 2171/2364/2294 2170/2366/2296
f 2180/2365/2295 2170/2366/2296 2181/2367/2297
f 2181/2367/2297 2170/2366/2296 2169/2368/2298
f 2181/2367/2297 2169/2368/2298 2182/2369/2299
f 2182/2369/2299 2169/2368/2298 2168/2370/2300
f 2182/2369/2299 2168/2370/2300 2183/2371/2301
f 2183/2371/2301 2168/2370/2300 2167/2372/2302
f 2183/2371/2301 2167/2372/2302 2184/2373/2303
f 2184/2373/2303 2167/2372/2302 2124/2374/2304
f 2184/2373/2303 2124/2374/2304 2185/2375/2305
f 2185/2375/2305 2124/2374/2304 2116/2376/2306
f 2185/2375/2305 2116/2376/2306 2173/2377/2307
f 2173/2377/2307 2116/2376/2306 2117/2378/2308
f 2173/2377/2307 2117/2378/2308 2118/2379/2309
f 2129/2350/2285 2107/2349/2284 2128/2380/2310
f 2128/2380/2310 2107/2349/2284 2106/2381/2311
f 2128/2380/2310 2106/2381/2311 2127/2382/2312
f 2127/2382/2312 2106/2381/2311 2105/2383/2313
f 2127/2382/2312 2105/2383/2313 2126/2384/2314
f 2126/2384/2314 2105/2383/2313 2104/2385/2315
f 2126/2384/2314 2104/2385/2315 2125/2386/2316
f 2125/2386/2316 2104/2385/2315 2103/2387/2317
f 2125/2386/2316 2103/2387/2317 2102/2388/2318
f 2102/2388/2318 2110/2389/2319 2125/2386/2316
f 2125/2386/2316 2110/2389/2319 2132/2390/2320
f 2125/2386/2316 2132/2390/2320 2133/2391/2321
f 2133/2391/2321 2132/2390/2320 2140/2392/2322
f 2133/2391/2321 2140/2392/2322 2141/2393/2323
f 2141/2393/2323 2140/2392/2322 2148/2394/2324
f 2141/2393/2323 2148/2394/2324 2149/2395/2325
f 2149/2395/2325 2148/2394/2324 2156/2396/2326
f 2149/2395/2325 2156/2396/2326 2157/2397/2327
f 2157/2397/2327 2156/2396/2326 2164/2398/2328
f 2157/2397/2327 2164/2398/2328 2165/2399/2329
f 2165/2399/2329 2164/2398/2328 2171/2364/2294
f 2165/2399/2329 2171/2364/2294 2172/2362/2292
f 2110/2389/2319 2111/2400/2330 2132/2390/2320
f 2132/2390/2320 2111/2400/2330 2139/2401/2331
f 2132/2390/2320 2139/2401/2331 2140/2392/2322
f 2140/2392/2322 2139/2401/2331 2147/2402/2332
f 2140/2392/2322 2147/2402/2332 2148/2394/2324
f 2148/2394/2324 2147/2402/2332 2155/2403/2333
f 2148/2394/2324 2155/2403/2333 2156/2396/2326
f 2156/2396/2326 2155/2403/2333 2163/2404/2334
f 2156/2396/2326 2163/2404/2334 2164/2398/2328
f 2164/2398/2328 2163/2404/2334 2170/2366/2296
f 2164/2398/2328 2170/2366/2296 2171/2364/2294
f 2111/2400/2330 2112/2405/2335 2139/2401/2331
f 2139/2401/2331 2112/2405/2335 2146/2406/2336
f 2139/2401/2331 2146/2406/2336 2147/2402/2332
f 2147/2402/2332 2146/2406/2336 2154/2407/2337
f 2147/2402/2332 2154/2407/2337 2155/2403/2333
f 2155/2403/2333 2154/2407/2337 2162/2408/2338
f 2155/2403/2333 2162/2408/2338 2163/2404/2334
f 2163/2404/2334 2162/2408/2338 2169/2368/2298
f 2163/2404/2334 2169/2368/2298 2170/2366/2296
f 2112/2405/2335 2113/2409/2339 2146/2406/2336
f 2146/2406/2336 2113/2409/2339 2153/2410/2340
f 2146/2406/2336 2153/2410/2340 2154/2407/2337
f 2154/2407/2337 2153/2410/2340 2161/2411/2341
f 2154/2407/2337 2161/2411/2341 2162/2408/2338
f 2162/2408/2338 2161/2411/2341 2168/2370/2300
f 2162/2408/2338 2168/2370/2300 2169/2368/2298
f 2113/2409/2339 2114/2412/2342 2153/2410/2340
f 2153/2410/2340 2114/2412/2342 2160/2413/2343
f 2153/2410/2340 2160/2413/2343 2161/2411/2341
f 2161/2411/2341 2160/2413/2343 2167/2372/2302
f 2161/2411/2341 2167/2372/2302 2168/2370/2300
f 2114/2412/2342 2115/2414/2344 2160/2413/2343
f 2160/2413/2343 2115/2414/2344 2124/2374/2304
f 2160/2413/2343 2124/2374/2304 2167/2372/2302
f 2115/2414/2344 2116/2376/2306 2124/2374/2304
f 2173/2377/2307 2118/2379/2309 2174/2415/2345
f 2174/2415/2345 2118/2379/2309 2119/2416/2346
f 2174/2415/2345 2119/2416/2346 2175/2417/2347
f 2175/2417/2347 2119/2416/2346 2120/2418/2348
f 2175/2417/2347 2120/2418/2348 2176/2419/2349
f 2176/2419/2349 2120/2418/2348 2121/2420/2350
f 2176/2419/2349 2121/2420/2350 2177/2421/2351
f 2177/2421/2351 2121/2420/2350 2178/2422/2352
f 2177/2421/2351 2178/2422/2352 2181/2367/2297
f 2181/2367/2297 2178/2422/2352 2180/2365/2295
f 2121/2420/2350 2122/2423/2353 2178/2422/2352
f 2178/2422/2352 2122/2423/2353 2179/2424/2354
f 2178/2422/2352 2179/2424/2354 2180/2365/2295
f 2180/2365/2295 2179/2424/2354 2123/2363/2293
f 2122/2423/2353 1326/2425/1472 2179/2424/2354
f 2179/2424/2354 1326/2425/1472 1325/2426/1475
f 2179/2424/2354 1325/2426/1475 2123/2363/2293
f 2123/2363/2293 1325/2426/1475 1324/2361/1474
f 2125/2386/2316 2133/2391/2321 2126/2384/2314
f 2126/2384/2314 2133/2391/2321 2134/2427/2355
f 2126/2384/2314 2134/2427/2355 2127/2382/2312
f 2127/2382/2312 2134/2427/2355 2135/2428/2356
f 2127/2382/2312 2135/2428/2356 2128/2380/2310
f 2128/2380/2310 2135/2428/2356 2136/2429/2357
f 2128/2380/2310 2136/2429/2357 2129/2350/2285
f 2129/2350/2285 2136/2429/2357 2137/2430/2358
f 2129/2350/2285 2137/2430/2358 2130/2351/2286
f 2130/2351/2286 2137/2430/2358 2138/2352/2287
f 2133/2391/2321 2141/2393/2323 2134/2427/2355
f 2134/2427/2355 2141/2393/2323 2142/2431/2359
f 2134/2427/2355 2142/2431/2359 2135/2428/2356
f 2135/2428/2356 2142/2431/2359 2143/2432/2360
f 2135/2428/2356 2143/2432/2360 2136/2429/2357
f 2136/2429/2357 2143/2432/2360 2144/2433/2361
f 2136/2429/2357 2144/2433/2361 2137/2430/2358
f 2137/2430/2358 2144/2433/2361 2145/2354/2288
f 2137/2430/2358 2145/2354/2288 2138/2352/2287
f 2141/2393/2323 2149/2395/2325 2142/2431/2359
f 2142/2431/2359 2149/2395/2325 2150/2434/2362
f 2142/2431/2359 2150/2434/2362 2143/2432/2360
f 2143/2432/2360 2150/2434/2362 2151/2435/2363
f 2143/2432/2360 2151/2435/2363 2144/2433/2361
f 2144/2433/2361 2151/2435/2363 2152/2356/2289
f 2144/2433/2361 2152/2356/2289 2145/2354/2288
f 2149/2395/2325 2157/2397/2327 2150/2434/2362
f 2150/2434/2362 2157/2397/2327 2158/2436/2364
f 2150/2434/2362 2158/2436/2364 2151/2435/2363
f 2151/2435/2363 2158/2436/2364 2159/2358/2290
f 2151/2435/2363 2159/2358/2290 2152/2356/2289
f 2166/2360/2291 2159/2358/2290 2158/2436/2364
f 2166/2360/2291 2158/2436/2364 2165/2399/2329
f 2165/2399/2329 2158/2436/2364 2157/2397/2327
f 2172/2362/2292 2166/2360/2291 2165/2399/2329
f 2184/2373/2303 2185/2375/2305 2174/2415/2345
f 2174/2415/2345 2185/2375/2305 2173/2377/2307
f 2183/2371/2301 2184/2373/2303 2175/2417/2347
f 2175/2417/2347 2184/2373/2303 2174/2415/2345
f 2182/2369/2299 2183/2371/2301 2176/2419/2349
f 2176/2419/2349 2183/2371/2301 2175/2417/2347
f 2181/2367/2297 2182/2369/2299 2177/2421/2351
f 2177/2421/2351 2182/2369/2299 2176/2419/2349
f 1281/2437/1428 1327/2438/1467 1282/2439/2365
f 1282/2439/2365 1327/2438/1467 2189/2440/2366
f 1282/2439/2365 2189/2440/2366 1283/2441/2367
f 1283/2441/2367 2189/2440/2366 1284/2442/2368
f 1284/2442/2368 2189/2440/2366 2191/2443/2369
f 1284/2442/2368 2191/2443/2369 2192/2444/2370
f 2192/2444/2370 2191/2443/2369 2207/2445/2371
f 2192/2444/2370 2207/2445/2371 2206/2446/2372
f 2206/2446/2372 2207/2445/2371 2200/2447/2373
f 2206/2446/2372 2200/2447/2373 2201/2448/2374
f 2201/2448/2374 2200/2447/2373 2219/2449/2375
f 2201/2448/2374 2219/2449/2375 2220/2450/2376
f 2220/2450/2376 2219/2449/2375 2210/2451/2377
f 2220/2450/2376 2210/2451/2377 2188/2452/2378
f 2188/2452/2378 2210/2451/2377 2118/2453/2309
f 2188/2452/2378 2118/2453/2309 2117/2454/2308
f 1326/2455/1472 2187/2456/2379 1327/2438/1467
f 1327/2438/1467 2187/2456/2379 2197/2457/2380
f 1327/2438/1467 2197/2457/2380 2209/2458/2381
f 2209/2458/2381 2197/2457/2380 2198/2459/2382
f 2209/2458/2381 2198/2459/2382 2208/2460/2383
f 2208/2460/2383 2198/2459/2382 2199/2461/2384
f 2208/2460/2383 2199/2461/2384 2207/2445/2371
f 2207/2445/2371 2199/2461/2384 2200/2447/2373
f 2187/2456/2379 1326/2455/1472 2215/2462/2385
f 2215/2462/2385 1326/2455/1472 2122/2463/2353
f 2215/2462/2385 2122/2463/2353 2214/2464/2386
f 2214/2464/2386 2122/2463/2353 2121/2465/2350
f 2214/2464/2386 2121/2465/2350 2213/2466/2387
f 2213/2466/2387 2121/2465/2350 2212/2467/2388
f 2213/2466/2387 2212/2467/2388 2217/2468/2389
f 2217/2468/2389 2212/2467/2388 2218/2469/2390
f 2217/2468/2389 2218/2469/2390 2199/2461/2384
f 2199/2461/2384 2218/2469/2390 2200/2447/2373
f 2121/2465/2350 2120/2470/2348 2212/2467/2388
f 2212/2467/2388 2120/2470/2348 2211/2471/2391
f 2212/2467/2388 2211/2471/2391 2218/2469/2390
f 2218/2469/2390 2211/2471/2391 2219/2449/2375
f 2218/2469/2390 2219/2449/2375 2200/2447/2373
f 2120/2470/2348 2119/2472/2346 2211/2471/2391
f 2211/2471/2391 2119/2472/2346 2210/2451/2377
f 2211/2471/2391 2210/2451/2377 2219/2449/2375
f 2119/2472/2346 2118/2453/2309 2210/2451/2377
f 2117/2454/2308 2186/2473/2392 2188/2452/2378
f 2188/2452/2378 2186/2473/2392 2221/2474/2393
f 2188/2452/2378 2221/2474/2393 2220/2450/2376
f 2220/2450/2376 2221/2474/2393 2202/2475/2394
f 2220/2450/2376 2202/2475/2394 2201/2448/2374
f 2201/2448/2374 2202/2475/2394 2205/2476/2395
f 2201/2448/2374 2205/2476/2395 2206/2446/2372
f 2206/2446/2372 2205/2476/2395 2193/2477/2396
f 2206/2446/2372 2193/2477/2396 2192/2444/2370
f 2192/2444/2370 2193/2477/2396 1285/2478/2397
f 2192/2444/2370 1285/2478/2397 1284/2442/2368
f 1217/2479/2398 2190/2480/2399 2186/2473/2392
f 2186/2473/2392 2190/2480/2399 2203/2481/2400
f 2186/2473/2392 2203/2481/2400 2221/2474/2393
f 2221/2474/2393 2203/2481/2400 2202/2475/2394
f 2190/2480/2399 1217/2479/2398 2196/2482/2401
f 2196/2482/2401 1217/2479/2398 1289/2483/2402
f 2196/2482/2401 1289/2483/2402 1288/2484/2403
f 2196/2482/2401 1288/2484/2403 2195/2485/2404
f 2195/2485/2404 1288/2484/2403 1287/2486/2405
f 2195/2485/2404 1287/2486/2405 2194/2487/2406
f 2194/2487/2406 1287/2486/2405 1286/2488/2407
f 2194/2487/2406 1286/2488/2407 2193/2477/2396
f 2193/2477/2396 1286/2488/2407 1285/2478/2397
f 1327/2438/1467 2209/2458/2381 2189/2440/2366
f 2189/2440/2366 2209/2458/2381 2208/2460/2383
f 2189/2440/2366 2208/2460/2383 2191/2443/2369
f 2191/2443/2369 2208/2460/2383 2207/2445/2371
f 2193/2477/2396 2205/2476/2395 2194/2487/2406
f 2194/2487/2406 2205/2476/2395 2204/2489/2408
f 2194/2487/2406 2204/2489/2408 2195/2485/2404
f 2195/2485/2404 2204/2489/2408 2190/2480/2399
f 2195/2485/2404 2190/2480/2399 2196/2482/2401
f 2217/2468/2389 2199/2461/2384 2198/2459/2382
f 2198/2459/2382 2197/2457/2380 2216/2490/2409
f 2216/2490/2409 2197/2457/2380 2187/2456/2379
f 2216/2490/2409 2187/2456/2379 2214/2464/2386
f 2214/2464/2386 2187/2456/2379 2215/2462/2385
f 2204/2489/2408 2205/2476/2395 2202/2475/2394
f 2190/2480/2399 2204/2489/2408 2203/2481/2400
f 2203/2481/2400 2204/2489/2408 2202/2475/2394
f 2216/2490/2409 2214/2464/2386 2213/2466/2387
f 2216/2490/2409 2213/2466/2387 2217/2468/2389
f 2216/2490/2409 2217/2468/2389 2198/2459/2382
f 2222/2491/2410 1352/2492/1511 2230/2493/2411
f 2230/2493/2411 1352/2492/1511 2232/2494/2412
f 2230/2493/2411 2232/2494/2412 2229/2495/2413
f 2229/2495/2413 2232/2494/2412 2234/2496/2414
f 2229/2495/2413 2234/2496/2414 2228/2497/2415
f 2228/2497/2415 2234/2496/2414 2236/2498/2416
f 2228/2497/2415 2236/2498/2416 2227/2499/2417
f 2227/2499/2417 2236/2498/2416 2226/2500/2418
f 2226/2500/2418 2236/2498/2416 2238/2501/2419
f 2226/2500/2418 2238/2501/2419 2225/2502/2420
f 2225/2502/2420 2238/2501/2419 2240/2503/2421
f 2225/2502/2420 2240/2503/2421 2224/2504/2422
f 2224/2504/2422 2240/2503/2421 2223/2505/2423
f 2223/2505/2423 2240/2503/2421 2239/2506/2424
f 2223/2505/2423 2239/2506/2424 1293/2507/1450
f 1293/2507/1450 2239/2506/2424 1378/2508/2425
f 1378/2508/2425 2239/2506/2424 2237/2509/2426
f 1378/2508/2425 2237/2509/2426 1379/2510/2427
f 1379/2510/2427 2237/2509/2426 2235/2511/2428
f 1379/2510/2427 2235/2511/2428 1380/2512/2429
f 1380/2512/2429 2235/2511/2428 2233/2513/2430
f 1380/2512/2429 2233/2513/2430 1381/2514/2431
f 1381/2514/2431 2233/2513/2430 2231/2515/2432
f 1381/2514/2431 2231/2515/2432 1382/2516/2433
f 1382/2516/2433 2231/2515/2432 1383/2517/2434
f 1383/2517/2434 2231/2515/2432 1384/2518/2435
f 1384/2518/2435 2231/2515/2432 1352/2492/1511
f 1384/2518/2435 1352/2492/1511 1360/2519/1513
f 1293/2507/1450 1292/2520/2436 2223/2505/2423
f 2234/2496/2414 2232/2494/2412 2231/2515/2432
f 2231/2515/2432 2232/2494/2412 1352/2492/1511
f 2236/2498/2416 2234/2496/2414 2233/2513/2430
f 2233/2513/2430 2234/2496/2414 2231/2515/2432
f 2238/2501/2419 2236/2498/2416 2235/2511/2428
f 2235/2511/2428 2236/2498/2416 2233/2513/2430
f 2238/2501/2419 2235/2511/2428 2237/2509/2426
f 2240/2503/2421 2238/2501/2419 2237/2509/2426
f 2239/2506/2424 2240/2503/2421 2237/2509/2426
f 1220/2521/2437 2241/2522/2438 1328/2523/2439
f 1328/2523/2439 2241/2522/2438 2250/2524/2440
f 1328/2523/2439 2250/2524/2440 1329/2525/2441
f 1329/2525/2441 2250/2524/2440 2251/2526/2442
f 1329/2525/2441 2251/2526/2442 1330/2527/2443
f 1330/2527/2443 2251/2526/2442 2252/2528/2444
f 1330/2527/2443 2252/2528/2444 1331/2529/2445
f 1331/2529/2445 2252/2528/2444 2253/2530/2446
f 1331/2529/2445 2253/2530/2446 1332/2531/2447
f 1332/2531/2447 2253/2530/2446 2254/2532/2448
f 1332/2531/2447 2254/2532/2448 1333/2533/2449
f 1333/2533/2449 2254/2532/2448 2255/2534/2450
f 1333/2533/2449 2255/2534/2450 2256/2535/2451
f 2256/2535/2451 2255/2534/2450 2244/2536/2452
f 2256/2535/2451 2244/2536/2452 1335/2537/2453
f 1335/2537/2453 2244/2536/2452 2264/2538/2454
f 1335/2537/2453 2264/2538/2454 1291/2539/1448
f 1291/2539/1448 2264/2538/2454 2263/2540/2455
f 1291/2539/1448 2263/2540/2455 2245/2541/2456
f 2245/2541/2456 2263/2540/2455 2262/2542/2457
f 2245/2541/2456 2262/2542/2457 2311/2543/2458
f 2311/2543/2458 2262/2542/2457 2261/2544/2459
f 2311/2543/2458 2261/2544/2459 2312/2545/2460
f 2312/2545/2460 2261/2544/2459 2260/2546/2461
f 2312/2545/2460 2260/2546/2461 2313/2547/2462
f 2313/2547/2462 2260/2546/2461 2259/2548/2463
f 2313/2547/2462 2259/2548/2463 2314/2549/2464
f 2314/2549/2464 2259/2548/2463 2258/2550/2465
f 2314/2549/2464 2258/2550/2465 2315/2551/2466
f 2315/2551/2466 2258/2550/2465 2257/2552/2467
f 2315/2551/2466 2257/2552/2467 2247/2553/2468
f 2247/2553/2468 2257/2552/2467 2242/2554/2469
f 2247/2553/2468 2242/2554/2469 2243/2555/2470
f 2250/2524/2440 2241/2522/2438 2246/2556/2471
f 2246/2556/2471 2241/2522/2438 2242/2554/2469
f 2246/2556/2471 2242/2554/2469 2270/2557/2472
f 2270/2557/2472 2242/2554/2469 2257/2552/2467
f 2270/2557/2472 2257/2552/2467 2258/2550/2465
f 2222/2558/2473 2230/2559/2474 2243/2555/2470
f 2243/2555/2470 2230/2559/2474 2271/2560/2475
f 2243/2555/2470 2271/2560/2475 2284/2561/2476
f 2284/2561/2476 2271/2560/2475 2272/2562/2477
f 2284/2561/2476 2272/2562/2477 2283/2563/2478
f 2283/2563/2478 2272/2562/2477 2273/2564/2479
f 2283/2563/2478 2273/2564/2479 2282/2565/2480
f 2282/2565/2480 2273/2564/2479 2274/2566/2481
f 2282/2565/2480 2274/2566/2481 2281/2567/2482
f 2281/2567/2482 2274/2566/2481 2275/2568/2483
f 2281/2567/2482 2275/2568/2483 2280/2569/2484
f 2280/2569/2484 2275/2568/2483 2276/2570/2485
f 2280/2569/2484 2276/2570/2485 2279/2571/2486
f 2279/2571/2486 2276/2570/2485 2277/2572/2487
f 2279/2571/2486 2277/2572/2487 2278/2573/2488
f 2278/2573/2488 2277/2572/2487 1291/2539/1448
f 2278/2573/2488 1291/2539/1448 2245/2541/2456
f 2229/2574/2489 2291/2575/2490 2230/2559/2474
f 2230/2559/2474 2291/2575/2490 2249/2576/2491
f 2230/2559/2474 2249/2576/2491 2305/2577/2492
f 2305/2577/2492 2249/2576/2491 2297/2578/2493
f 2305/2577/2492 2297/2578/2493 2304/2579/2494
f 2304/2579/2494 2297/2578/2493 2296/2580/2495
f 2304/2579/2494 2296/2580/2495 2303/2581/2496
f 2303/2581/2496 2296/2580/2495 2295/2582/2497
f 2303/2581/2496 2295/2582/2497 2302/2583/2498
f 2302/2583/2498 2295/2582/2497 2294/2584/2499
f 2302/2583/2498 2294/2584/2499 2301/2585/2500
f 2301/2585/2500 2294/2584/2499 2293/2586/2501
f 2301/2585/2500 2293/2586/2501 2300/2587/2502
f 2300/2587/2502 2293/2586/2501 2292/2588/2503
f 2300/2587/2502 2292/2588/2503 2299/2589/2504
f 2299/2589/2504 2292/2588/2503 1292/2590/1449
f 2299/2589/2504 1292/2590/1449 1291/2539/1448
f 2291/2575/2490 2229/2574/2489 2290/2591/2505
f 2290/2591/2505 2229/2574/2489 2228/2592/2506
f 2290/2591/2505 2228/2592/2506 2289/2593/2507
f 2289/2593/2507 2228/2592/2506 2227/2594/2508
f 2289/2593/2507 2227/2594/2508 2288/2595/2509
f 2288/2595/2509 2227/2594/2508 2226/2596/2510
f 2288/2595/2509 2226/2596/2510 2287/2597/2511
f 2287/2597/2511 2226/2596/2510 2225/2598/2512
f 2287/2597/2511 2225/2598/2512 2286/2599/2513
f 2286/2599/2513 2225/2598/2512 2224/2600/2514
f 2286/2599/2513 2224/2600/2514 2285/2601/2515
f 2285/2601/2515 2224/2600/2514 2223/2602/2516
f 2285/2601/2515 2223/2602/2516 1292/2590/1449
f 1291/2539/1448 1290/2603/1439 1335/2537/2453
f 1335/2537/2453 1334/2604/2517 2256/2535/2451
f 2256/2535/2451 1334/2604/2517 1333/2533/2449
f 2243/2555/2470 2284/2561/2476 2247/2553/2468
f 2247/2553/2468 2284/2561/2476 2283/2563/2478
f 2247/2553/2468 2283/2563/2478 2315/2551/2466
f 2315/2551/2466 2283/2563/2478 2282/2565/2480
f 2315/2551/2466 2282/2565/2480 2314/2549/2464
f 2314/2549/2464 2282/2565/2480 2281/2567/2482
f 2314/2549/2464 2281/2567/2482 2313/2547/2462
f 2313/2547/2462 2281/2567/2482 2280/2569/2484
f 2313/2547/2462 2280/2569/2484 2312/2545/2460
f 2312/2545/2460 2280/2569/2484 2279/2571/2486
f 2312/2545/2460 2279/2571/2486 2311/2543/2458
f 2311/2543/2458 2279/2571/2486 2278/2573/2488
f 2311/2543/2458 2278/2573/2488 2245/2541/2456
f 1291/2539/1448 2277/2572/2487 2248/2605/2518
f 2248/2605/2518 2277/2572/2487 2276/2570/2485
f 2248/2605/2518 2276/2570/2485 2306/2606/2519
f 2306/2606/2519 2276/2570/2485 2275/2568/2483
f 2306/2606/2519 2275/2568/2483 2307/2607/2520
f 2307/2607/2520 2275/2568/2483 2274/2566/2481
f 2307/2607/2520 2274/2566/2481 2308/2608/2521
f 2308/2608/2521 2274/2566/2481 2273/2564/2479
f 2308/2608/2521 2273/2564/2479 2309/2609/2522
f 2309/2609/2522 2273/2564/2479 2272/2562/2477
f 2309/2609/2522 2272/2562/2477 2310/2610/2523
f 2310/2610/2523 2272/2562/2477 2271/2560/2475
f 2310/2610/2523 2271/2560/2475 2298/2611/2524
f 2298/2611/2524 2271/2560/2475 2230/2559/2474
f 2298/2611/2524 2230/2559/2474 2305/2577/2492
f 2285/2601/2515 1292/2590/1449 2292/2588/2503
f 2251/2526/2442 2250/2524/2440 2320/2612/2525
f 2320/2612/2525 2250/2524/2440 2246/2556/2471
f 2320/2612/2525 2246/2556/2471 2269/2613/2526
f 2269/2613/2526 2246/2556/2471 2270/2557/2472
f 2269/2613/2526 2270/2557/2472 2258/2550/2465
f 2252/2528/2444 2251/2526/2442 2319/2614/2527
f 2319/2614/2527 2251/2526/2442 2320/2612/2525
f 2319/2614/2527 2320/2612/2525 2268/2615/2528
f 2268/2615/2528 2320/2612/2525 2269/2613/2526
f 2268/2615/2528 2269/2613/2526 2259/2548/2463
f 2259/2548/2463 2269/2613/2526 2258/2550/2465
f 2253/2530/2446 2252/2528/2444 2318/2616/2529
f 2318/2616/2529 2252/2528/2444 2319/2614/2527
f 2318/2616/2529 2319/2614/2527 2267/2617/2530
f 2267/2617/2530 2319/2614/2527 2268/2615/2528
f 2267/2617/2530 2268/2615/2528 2260/2546/2461
f 2260/2546/2461 2268/2615/2528 2259/2548/2463
f 2254/2532/2448 2253/2530/2446 2317/2618/2531
f 2317/2618/2531 2253/2530/2446 2318/2616/2529
f 2317/2618/2531 2318/2616/2529 2266/2619/2532
f 2266/2619/2532 2318/2616/2529 2267/2617/2530
f 2266/2619/2532 2267/2617/2530 2261/2544/2459
f 2261/2544/2459 2267/2617/2530 2260/2546/2461
f 2255/2534/2450 2254/2532/2448 2316/2620/2533
f 2316/2620/2533 2254/2532/2448 2317/2618/2531
f 2316/2620/2533 2317/2618/2531 2265/2621/2534
f 2265/2621/2534 2317/2618/2531 2266/2619/2532
f 2265/2621/2534 2266/2619/2532 2262/2542/2457
f 2262/2542/2457 2266/2619/2532 2261/2544/2459
f 2262/2542/2457 2263/2540/2455 2265/2621/2534
f 2265/2621/2534 2263/2540/2455 2264/2538/2454
f 2265/2621/2534 2264/2538/2454 2316/2620/2533
f 2316/2620/2533 2264/2538/2454 2244/2536/2452
f 2316/2620/2533 2244/2536/2452 2255/2534/2450
f 1291/2539/1448 2248/2605/2518 2299/2589/2504
f 2299/2589/2504 2248/2605/2518 2306/2606/2519
f 2299/2589/2504 2306/2606/2519 2300/2587/2502
f 2300/2587/2502 2306/2606/2519 2307/2607/2520
f 2300/2587/2502 2307/2607/2520 2301/2585/2500
f 2301/2585/2500 2307/2607/2520 2308/2608/2521
f 2301/2585/2500 2308/2608/2521 2302/2583/2498
f 2302/2583/2498 2308/2608/2521 2309/2609/2522
f 2302/2583/2498 2309/2609/2522 2303/2581/2496
f 2303/2581/2496 2309/2609/2522 2310/2610/2523
f 2303/2581/2496 2310/2610/2523 2304/2579/2494
f 2304/2579/2494 2310/2610/2523 2298/2611/2524
f 2304/2579/2494 2298/2611/2524 2305/2577/2492
f 2292/2588/2503 2293/2586/2501 2285/2601/2515
f 2285/2601/2515 2293/2586/2501 2286/2599/2513
f 2293/2586/2501 2294/2584/2499 2286/2599/2513
f 2286/2599/2513 2294/2584/2499 2287/2597/2511
f 2294/2584/2499 2295/2582/2497 2287/2597/2511
f 2287/2597/2511 2295/2582/2497 2288/2595/2509
f 2295/2582/2497 2296/2580/2495 2288/2595/2509
f 2288/2595/2509 2296/2580/2495 2289/2593/2507
f 2249/2576/2491 2291/2575/2490 2290/2591/2505
f 2296/2580/2495 2297/2578/2493 2289/2593/2507
f 2289/2593/2507 2297/2578/2493 2290/2591/2505
f 2297/2578/2493 2249/2576/2491 2290/2591/2505
f 2329/2622/2535 2117/2623/2308 2328/2624/2536
f 2328/2624/2536 2117/2623/2308 2116/2625/2537
f 2328/2624/2536 2116/2625/2537 2115/2626/2538
f 2328/2624/2536 2115/2626/2538 2327/2627/2539
f 2327/2627/2539 2115/2626/2538 2114/2628/2540
f 2327/2627/2539 2114/2628/2540 2326/2629/2541
f 2326/2629/2541 2114/2628/2540 2113/2630/2542
f 2326/2629/2541 2113/2630/2542 2325/2631/2543
f 2325/2631/2543 2113/2630/2542 2112/2632/2544
f 2325/2631/2543 2112/2632/2544 2324/2633/2545
f 2324/2633/2545 2112/2632/2544 2111/2634/2546
f 2324/2633/2545 2111/2634/2546 2323/2635/2547
f 2323/2635/2547 2111/2634/2546 2322/2636/2548
f 2322/2636/2548 2111/2634/2546 2110/2637/2549
f 2322/2636/2548 2110/2637/2549 2321/2638/2550
f 2321/2638/2550 2110/2637/2549 2102/2639/2318
f 2102/2639/2268 1975/2640/2142 2321/2641/2551
f 2321/2641/2551 1975/2640/2142 2330/2642/2552
f 1975/2643/2142 1989/2644/2553 2330/2645/2552
f 2330/2645/2552 1989/2644/2553 2341/2646/2554
f 2341/2646/2554 1989/2644/2553 1988/2647/2555
f 2341/2646/2554 1988/2647/2555 2340/2648/2556
f 2340/2648/2556 1988/2647/2555 1987/2649/2557
f 2340/2648/2556 1987/2649/2557 2339/2650/2558
f 2339/2650/2558 1987/2649/2557 2338/2651/2559
f 2338/2651/2559 1987/2649/2557 1986/2652/2560
f 2338/2651/2559 1986/2652/2560 1985/2653/2561
f 1984/2654/2562 2336/2655/2563 1985/2653/2561
f 1985/2653/2561 2336/2655/2563 2337/2656/2564
f 1985/2653/2561 2337/2656/2564 2338/2651/2559
f 2336/2655/2563 1984/2654/2562 2335/2657/2565
f 2335/2657/2565 1984/2654/2562 1983/2658/2566
f 2335/2657/2565 1983/2658/2566 2334/2659/2567
f 2334/2659/2567 1983/2658/2566 1982/2660/2568
f 2334/2659/2567 1982/2660/2568 2333/2661/2569
f 2333/2661/2569 1982/2660/2568 1981/2662/2570
f 2333/2661/2569 1981/2662/2570 2332/2663/2571
f 2332/2663/2571 1981/2662/2570 1390/2664/1554
f 2332/2663/2571 1390/2664/1554 2331/2665/2572
f 1390/2666/1554 1407/2667/2573 2331/2668/2572
f 2331/2668/2572 1407/2667/2573 2354/2669/2574
f 2354/2669/2574 1407/2667/2573 1406/2670/2575
f 2354/2669/2574 1406/2670/2575 2353/2671/2576
f 2353/2671/2576 1406/2670/2575 2352/2672/2577
f 2352/2672/2577 1406/2670/2575 1405/2673/2578
f 2352/2672/2577 1405/2673/2578 1404/2674/2579
f 2352/2672/2577 1404/2674/2579 2351/2675/2580
f 2351/2675/2580 1404/2674/2579 1403/2676/2581
f 2351/2675/2580 1403/2676/2581 2350/2677/2582
f 2350/2677/2582 1403/2676/2581 2349/2678/2583
f 2349/2678/2583 1403/2676/2581 1402/2679/2584
f 2349/2678/2583 1402/2679/2584 1401/2680/2585
f 2349/2678/2583 1401/2680/2585 2348/2681/2586
f 2348/2681/2586 1401/2680/2585 1400/2682/2587
f 2348/2681/2586 1400/2682/2587 2347/2683/2588
f 2347/2683/2588 1400/2682/2587 1399/2684/2589
f 2347/2683/2588 1399/2684/2589 2346/2685/2590
f 2346/2685/2590 1399/2684/2589 1398/2686/2591
f 2346/2685/2590 1398/2686/2591 2345/2687/2592
f 2345/2687/2592 1398/2686/2591 1397/2688/2593
f 2345/2687/2592 1397/2688/2593 2344/2689/2594
f 2344/2689/2594 1397/2688/2593 1396/2690/2595
f 2344/2689/2594 1396/2690/2595 2343/2691/2596
f 2343/2691/2596 1396/2690/2595 1372/2692/1534
f 2343/2691/2596 1372/2692/1534 2342/2693/2597
f 1360/2694/1533 1342/2695/2598 1372/2696/1534
f 1372/2696/1534 1342/2695/2598 2342/2697/2597
f 2342/2697/2597 1342/2695/2598 1351/2698/2599
f 1221/2699/1342 1272/2700/2600 1222/2701/2601
f 1222/2701/2601 1272/2700/2600 2367/2702/2602
f 1222/2701/2601 2367/2702/2602 2431/2703/2603
f 2431/2703/2603 2367/2702/2602 2391/2704/2604
f 2431/2703/2603 2391/2704/2604 2436/2705/2605
f 2436/2705/2605 2391/2704/2604 2390/2706/2606
f 2436/2705/2605 2390/2706/2606 2435/2707/2607
f 2435/2707/2607 2390/2706/2606 2389/2708/2608
f 2435/2707/2607 2389/2708/2608 2434/2709/2609
f 2434/2709/2609 2389/2708/2608 2388/2710/2610
f 2434/2709/2609 2388/2710/2610 2433/2711/2611
f 2433/2711/2611 2388/2710/2610 2387/2712/2612
f 2433/2711/2611 2387/2712/2612 2432/2713/2613
f 2432/2713/2613 2387/2712/2612 2386/2714/2614
f 2432/2713/2613 2386/2714/2614 2370/2715/2615
f 2370/2715/2615 2386/2714/2614 2364/2716/2616
f 2370/2715/2615 2364/2716/2616 2365/2717/2617
f 2355/2718/2618 2385/2719/2619 1272/2700/2600
f 1272/2700/2600 2385/2719/2619 2366/2720/2620
f 1272/2700/2600 2366/2720/2620 2425/2721/2621
f 2425/2721/2621 2366/2720/2620 2417/2722/2622
f 2425/2721/2621 2417/2722/2622 2424/2723/2623
f 2424/2723/2623 2417/2722/2622 2416/2724/2624
f 2424/2723/2623 2416/2724/2624 2423/2725/2625
f 2423/2725/2625 2416/2724/2624 2415/2726/2626
f 2423/2725/2625 2415/2726/2626 2422/2727/2627
f 2422/2727/2627 2415/2726/2626 2414/2728/2628
f 2422/2727/2627 2414/2728/2628 2421/2729/2629
f 2421/2729/2629 2414/2728/2628 2413/2730/2630
f 2421/2729/2629 2413/2730/2630 2420/2731/2631
f 2420/2731/2631 2413/2730/2630 2412/2732/2632
f 2420/2731/2631 2412/2732/2632 2419/2733/2633
f 2419/2733/2633 2412/2732/2632 2363/2734/2634
f 2419/2733/2633 2363/2734/2634 2364/2716/2616
f 2355/2718/2618 2356/2735/2635 2385/2719/2619
f 2385/2719/2619 2356/2735/2635 2384/2736/2636
f 2385/2719/2619 2384/2736/2636 2366/2720/2620
f 2366/2720/2620 2384/2736/2636 2417/2722/2622
f 2356/2735/2635 2357/2737/2637 2384/2736/2636
f 2384/2736/2636 2357/2737/2637 2383/2738/2638
f 2384/2736/2636 2383/2738/2638 2417/2722/2622
f 2417/2722/2622 2383/2738/2638 2416/2724/2624
f 2357/2737/2637 2358/2739/2639 2383/2738/2638
f 2383/2738/2638 2358/2739/2639 2382/2740/2640
f 2383/2738/2638 2382/2740/2640 2416/2724/2624
f 2416/2724/2624 2382/2740/2640 2415/2726/2626
f 2358/2739/2639 2359/2741/2641 2382/2740/2640
f 2382/2740/2640 2359/2741/2641 2381/2742/2642
f 2382/2740/2640 2381/2742/2642 2415/2726/2626
f 2415/2726/2626 2381/2742/2642 2414/2728/2628
f 2359/2741/2641 2360/2743/2643 2381/2742/2642
f 2381/2742/2642 2360/2743/2643 2380/2744/2644
f 2381/2742/2642 2380/2744/2644 2414/2728/2628
f 2414/2728/2628 2380/2744/2644 2413/2730/2630
f 2360/2743/2643 2361/2745/2645 2380/2744/2644
f 2380/2744/2644 2361/2745/2645 2379/2746/2646
f 2380/2744/2644 2379/2746/2646 2413/2730/2630
f 2413/2730/2630 2379/2746/2646 2412/2732/2632
f 2361/2745/2645 2362/2747/2647 2379/2746/2646
f 2379/2746/2646 2362/2747/2647 2363/2734/2634
f 2379/2746/2646 2363/2734/2634 2412/2732/2632
f 1361/2748/2648 2371/2749/2649 2365/2717/2617
f 2365/2717/2617 2371/2749/2649 2399/2750/2650
f 2365/2717/2617 2399/2750/2650 2411/2751/2651
f 2411/2751/2651 2399/2750/2650 2400/2752/2652
f 2411/2751/2651 2400/2752/2652 2410/2753/2653
f 2410/2753/2653 2400/2752/2652 2401/2754/2654
f 2410/2753/2653 2401/2754/2654 2409/2755/2655
f 2409/2755/2655 2401/2754/2654 2402/2756/2656
f 2409/2755/2655 2402/2756/2656 2408/2757/2657
f 2408/2757/2657 2402/2756/2656 2403/2758/2658
f 2408/2757/2657 2403/2758/2658 2407/2759/2659
f 2407/2759/2659 2403/2758/2658 2404/2760/2660
f 2407/2759/2659 2404/2760/2660 2406/2761/2661
f 2406/2761/2661 2404/2760/2660 2368/2762/2662
f 2406/2761/2661 2368/2762/2662 2405/2763/2663
f 2405/2763/2663 2368/2762/2662 1222/2701/2601
f 2405/2763/2663 1222/2701/2601 2431/2703/2603
f 1218/2764/1522 1229/2765/2664 1361/2748/2648
f 1361/2748/2648 1229/2765/2664 2378/2766/2665
f 1361/2748/2648 2378/2766/2665 2371/2749/2649
f 2371/2749/2649 2378/2766/2665 2377/2767/2666
f 2371/2749/2649 2377/2767/2666 2437/2768/2667
f 2437/2768/2667 2377/2767/2666 2376/2769/2668
f 2437/2768/2667 2376/2769/2668 2438/2770/2669
f 2438/2770/2669 2376/2769/2668 2375/2771/2670
f 2438/2770/2669 2375/2771/2670 2439/2772/2671
f 2439/2772/2671 2375/2771/2670 2374/2773/2672
f 2439/2772/2671 2374/2773/2672 2440/2774/2673
f 2440/2774/2673 2374/2773/2672 2373/2775/2674
f 2440/2774/2673 2373/2775/2674 2441/2776/2675
f 2441/2776/2675 2373/2775/2674 2372/2777/2676
f 2441/2776/2675 2372/2777/2676 2442/2778/2677
f 2442/2778/2677 2372/2777/2676 1222/2701/2601
f 2442/2778/2677 1222/2701/2601 2368/2762/2662
f 1229/2765/2664 1228/2779/2678 2378/2766/2665
f 2378/2766/2665 1228/2779/2678 2377/2767/2666
f 1228/2779/2678 1227/2780/2679 2377/2767/2666
f 2377/2767/2666 1227/2780/2679 2376/2769/2668
f 1227/2780/2679 1226/2781/2680 2376/2769/2668
f 2376/2769/2668 1226/2781/2680 2375/2771/2670
f 1226/2781/2680 1225/2782/2681 2375/2771/2670
f 2375/2771/2670 1225/2782/2681 2374/2773/2672
f 1225/2782/2681 1224/2783/2682 2374/2773/2672
f 2374/2773/2672 1224/2783/2682 2373/2775/2674
f 2373/2775/2674 1224/2783/2682 2372/2777/2676
f 2372/2777/2676 1224/2783/2682 1223/2784/2683
f 2372/2777/2676 1223/2784/2683 1222/2701/2601
f 1272/2700/2600 2418/2785/2684 2392/2786/2685
f 2392/2786/2685 2418/2785/2684 2430/2787/2686
f 2392/2786/2685 2430/2787/2686 2393/2788/2687
f 2393/2788/2687 2430/2787/2686 2429/2789/2688
f 2393/2788/2687 2429/2789/2688 2394/2790/2689
f 2394/2790/2689 2429/2789/2688 2428/2791/2690
f 2394/2790/2689 2428/2791/2690 2395/2792/2691
f 2395/2792/2691 2428/2791/2690 2427/2793/2692
f 2395/2792/2691 2427/2793/2692 2396/2794/2693
f 2396/2794/2693 2427/2793/2692 2426/2795/2694
f 2396/2794/2693 2426/2795/2694 2397/2796/2695
f 2397/2796/2695 2426/2795/2694 2369/2797/2696
f 2397/2796/2695 2369/2797/2696 2398/2798/2697
f 2398/2798/2697 2369/2797/2696 2364/2716/2616
f 2398/2798/2697 2364/2716/2616 2386/2714/2614
f 1272/2700/2600 2392/2786/2685 2367/2702/2602
f 2367/2702/2602 2392/2786/2685 2393/2788/2687
f 2367/2702/2602 2393/2788/2687 2391/2704/2604
f 2391/2704/2604 2393/2788/2687 2394/2790/2689
f 2391/2704/2604 2394/2790/2689 2390/2706/2606
f 2390/2706/2606 2394/2790/2689 2395/2792/2691
f 2390/2706/2606 2395/2792/2691 2389/2708/2608
f 2389/2708/2608 2395/2792/2691 2396/2794/2693
f 2389/2708/2608 2396/2794/2693 2388/2710/2610
f 2388/2710/2610 2396/2794/2693 2397/2796/2695
f 2388/2710/2610 2397/2796/2695 2387/2712/2612
f 2387/2712/2612 2397/2796/2695 2398/2798/2697
f 2387/2712/2612 2398/2798/2697 2386/2714/2614
f 2419/2733/2633 2364/2716/2616 2369/2797/2696
f 2365/2717/2617 2411/2751/2651 2370/2715/2615
f 2370/2715/2615 2411/2751/2651 2410/2753/2653
f 2370/2715/2615 2410/2753/2653 2432/2713/2613
f 2432/2713/2613 2410/2753/2653 2409/2755/2655
f 2432/2713/2613 2409/2755/2655 2433/2711/2611
f 2433/2711/2611 2409/2755/2655 2408/2757/2657
f 2433/2711/2611 2408/2757/2657 2434/2709/2609
f 2434/2709/2609 2408/2757/2657 2407/2759/2659
f 2434/2709/2609 2407/2759/2659 2435/2707/2607
f 2435/2707/2607 2407/2759/2659 2406/2761/2661
f 2435/2707/2607 2406/2761/2661 2436/2705/2605
f 2436/2705/2605 2406/2761/2661 2405/2763/2663
f 2436/2705/2605 2405/2763/2663 2431/2703/2603
f 2418/2785/2684 1272/2700/2600 2425/2721/2621
f 2371/2749/2649 2437/2768/2667 2399/2750/2650
f 2399/2750/2650 2437/2768/2667 2400/2752/2652
f 2437/2768/2667 2438/2770/2669 2400/2752/2652
f 2400/2752/2652 2438/2770/2669 2401/2754/2654
f 2438/2770/2669 2439/2772/2671 2401/2754/2654
f 2401/2754/2654 2439/2772/2671 2402/2756/2656
f 2439/2772/2671 2440/2774/2673 2402/2756/2656
f 2402/2756/2656 2440/2774/2673 2403/2758/2658
f 2442/2778/2677 2368/2762/2662 2404/2760/2660
f 2440/2774/2673 2441/2776/2675 2403/2758/2658
f 2403/2758/2658 2441/2776/2675 2404/2760/2660
f 2441/2776/2675 2442/2778/2677 2404/2760/2660
f 2369/2797/2696 2426/2795/2694 2419/2733/2633
f 2419/2733/2633 2426/2795/2694 2420/2731/2631
f 2426/2795/2694 2427/2793/2692 2420/2731/2631
f 2420/2731/2631 2427/2793/2692 2421/2729/2629
f 2427/2793/2692 2428/2791/2690 2421/2729/2629
f 2421/2729/2629 2428/2791/2690 2422/2727/2627
f 2428/2791/2690 2429/2789/2688 2422/2727/2627
f 2422/2727/2627 2429/2789/2688 2423/2725/2625
f 2418/2785/2684 2425/2721/2621 2424/2723/2623
f 2429/2789/2688 2430/2787/2686 2423/2725/2625
f 2423/2725/2625 2430/2787/2686 2424/2723/2623
f 2430/2787/2686 2418/2785/2684 2424/2723/2623
f 1272/2799/1349 1271/2800/1350 2355/2801/2698
f 2355/2801/2698 1271/2800/1350 2356/2802/2699
f 2356/2802/2699 1271/2800/1350 2451/2803/2700
f 2356/2802/2699 2451/2803/2700 2357/2804/2701
f 2357/2804/2701 2451/2803/2700 2453/2805/2702
f 2357/2804/2701 2453/2805/2702 2358/2806/2703
f 2358/2806/2703 2453/2805/2702 2456/2807/2704
f 2358/2806/2703 2456/2807/2704 2359/2808/2705
f 2359/2808/2705 2456/2807/2704 2360/2809/2706
f 2360/2809/2706 2456/2807/2704 2455/2810/2707
f 2360/2809/2706 2455/2810/2707 2361/2811/2708
f 2361/2811/2708 2455/2810/2707 2459/2812/2709
f 2361/2811/2708 2459/2812/2709 2362/2813/2710
f 2362/2813/2710 2459/2812/2709 2363/2814/2711
f 2363/2814/2711 2459/2812/2709 2458/2815/2712
f 2363/2814/2711 2458/2815/2712 2449/2816/2713
f 2449/2816/2713 2458/2815/2712 2448/2817/2714
f 2448/2817/2714 2458/2815/2712 2447/2818/2715
f 2447/2818/2715 2458/2815/2712 2446/2819/2716
f 2446/2819/2716 2458/2815/2712 2454/2820/2717
f 2446/2819/2716 2454/2820/2717 2445/2821/2718
f 2445/2821/2718 2454/2820/2717 2457/2822/2719
f 2445/2821/2718 2457/2822/2719 2444/2823/2720
f 2444/2823/2720 2457/2822/2719 2452/2824/2721
f 2444/2823/2720 2452/2824/2721 2443/2825/2722
f 2443/2825/2722 2452/2824/2721 2450/2826/2723
f 2443/2825/2722 2450/2826/2723 1271/2800/1350
f 1271/2800/1350 2450/2826/2723 2451/2803/2700
f 1351/2827/1503 1350/2828/1510 2449/2816/2713
f 2449/2816/2713 1350/2828/1510 2363/2814/2711
f 2453/2805/2702 2451/2803/2700 2450/2826/2723
f 2456/2807/2704 2453/2805/2702 2452/2824/2721
f 2452/2824/2721 2453/2805/2702 2450/2826/2723
f 2454/2820/2717 2455/2810/2707 2457/2822/2719
f 2457/2822/2719 2455/2810/2707 2456/2807/2704
f 2457/2822/2719 2456/2807/2704 2452/2824/2721
f 2458/2815/2712 2459/2812/2709 2454/2820/2717
f 2454/2820/2717 2459/2812/2709 2455/2810/2707
f 1273/2829/2724 1158/2830/2725 2467/2831/2726
f 2467/2831/2726 1158/2830/2725 2460/2832/2727
f 2467/2831/2726 2460/2832/2727 2490/2833/2728
f 2490/2833/2728 2460/2832/2727 2477/2834/2729
f 2490/2833/2728 2477/2834/2729 2478/2835/2730
f 2478/2835/2730 2477/2834/2729 2495/2836/2731
f 2478/2835/2730 2495/2836/2731 2494/2837/2732
f 2494/2837/2732 2495/2836/2731 2462/2838/2733
f 2494/2837/2732 2462/2838/2733 2463/2839/2734
f 2477/2834/2729 2460/2832/2727 2469/2840/2735
f 2469/2840/2735 2460/2832/2727 2329/2841/2535
f 2469/2840/2735 2329/2841/2535 2461/2842/2736
f 2469/2840/2735 2461/2842/2736 2495/2836/2731
f 2495/2836/2731 2461/2842/2736 2462/2838/2733
f 2494/2837/2732 2463/2839/2734 2493/2843/2737
f 2493/2843/2737 2463/2839/2734 2464/2844/2738
f 2493/2843/2737 2464/2844/2738 2492/2845/2739
f 2492/2845/2739 2464/2844/2738 2491/2846/2740
f 2492/2845/2739 2491/2846/2740 2481/2847/2741
f 2481/2847/2741 2491/2846/2740 2482/2848/2742
f 2481/2847/2741 2482/2848/2742 2486/2849/2743
f 2486/2849/2743 2482/2848/2742 2485/2850/2744
f 2486/2849/2743 2485/2850/2744 2497/2851/2745
f 2497/2851/2745 2485/2850/2744 2496/2852/2746
f 2497/2851/2745 2496/2852/2746 2474/2853/2747
f 2474/2853/2747 2496/2852/2746 2475/2854/2748
f 2474/2853/2747 2475/2854/2748 1278/2855/2749
f 1278/2855/2749 2475/2854/2748 2476/2856/2750
f 1278/2855/2749 2476/2856/2750 1279/2857/2751
f 1279/2857/2751 2476/2856/2750 2466/2858/2752
f 1279/2857/2751 2466/2858/2752 2484/2859/2753
f 2484/2859/2753 2466/2858/2752 2496/2852/2746
f 2484/2859/2753 2496/2852/2746 2485/2850/2744
f 2464/2844/2738 2465/2860/2754 2491/2846/2740
f 2491/2846/2740 2465/2860/2754 2468/2861/2755
f 2491/2846/2740 2468/2861/2755 2482/2848/2742
f 2482/2848/2742 2468/2861/2755 2483/2862/2756
f 2482/2848/2742 2483/2862/2756 2485/2850/2744
f 2485/2850/2744 2483/2862/2756 2484/2859/2753
f 2465/2860/2754 1238/2863/1366 2468/2861/2755
f 2468/2861/2755 1238/2863/1366 1237/2864/1362
f 2468/2861/2755 1237/2864/1362 2483/2862/2756
f 2483/2862/2756 1237/2864/1362 2484/2859/2753
f 1236/2865/1361 1280/2866/2757 1237/2864/1362
f 1237/2864/1362 1280/2866/2757 2484/2859/2753
f 1280/2866/2757 1279/2857/2751 2484/2859/2753
f 1278/2855/2749 1277/2867/2758 2474/2853/2747
f 2474/2853/2747 1277/2867/2758 2473/2868/2759
f 2474/2853/2747 2473/2868/2759 2497/2851/2745
f 2497/2851/2745 2473/2868/2759 2498/2869/2760
f 2497/2851/2745 2498/2869/2760 2486/2849/2743
f 2486/2849/2743 2498/2869/2760 2487/2870/2761
f 2486/2849/2743 2487/2870/2761 2481/2847/2741
f 2481/2847/2741 2487/2870/2761 2480/2871/2762
f 2481/2847/2741 2480/2871/2762 2492/2845/2739
f 2492/2845/2739 2480/2871/2762 2493/2843/2737
f 1277/2867/2758 1276/2872/2763 2473/2868/2759
f 2473/2868/2759 1276/2872/2763 2472/2873/2764
f 2473/2868/2759 2472/2873/2764 2498/2869/2760
f 2498/2869/2760 2472/2873/2764 2499/2874/2765
f 2498/2869/2760 2499/2874/2765 2487/2870/2761
f 2487/2870/2761 2499/2874/2765 2488/2875/2766
f 2487/2870/2761 2488/2875/2766 2480/2871/2762
f 2480/2871/2762 2488/2875/2766 2479/2876/2767
f 2480/2871/2762 2479/2876/2767 2493/2843/2737
f 2493/2843/2737 2479/2876/2767 2494/2837/2732
f 1276/2872/2763 1275/2877/2768 2472/2873/2764
f 2472/2873/2764 1275/2877/2768 2471/2878/2769
f 2472/2873/2764 2471/2878/2769 2499/2874/2765
f 2499/2874/2765 2471/2878/2769 2500/2879/2770
f 2499/2874/2765 2500/2879/2770 2488/2875/2766
f 2488/2875/2766 2500/2879/2770 2489/2880/2771
f 2488/2875/2766 2489/2880/2771 2479/2876/2767
f 2479/2876/2767 2489/2880/2771 2478/2835/2730
f 2479/2876/2767 2478/2835/2730 2494/2837/2732
f 1275/2877/2768 1274/2881/2772 2471/2878/2769
f 2471/2878/2769 1274/2881/2772 2470/2882/2773
f 2471/2878/2769 2470/2882/2773 2500/2879/2770
f 2500/2879/2770 2470/2882/2773 2467/2831/2726
f 2500/2879/2770 2467/2831/2726 2489/2880/2771
f 2489/2880/2771 2467/2831/2726 2490/2833/2728
f 2489/2880/2771 2490/2833/2728 2478/2835/2730
f 1274/2881/2772 1273/2829/2724 2470/2882/2773
f 2470/2882/2773 1273/2829/2724 2467/2831/2726
f 2466/2858/2752 2476/2856/2750 2475/2854/2748
f 2466/2858/2752 2475/2854/2748 2496/2852/2746
f 2469/2840/2735 2495/2836/2731 2477/2834/2729
f 2321/2883/2550 2501/2884/2774 2322/2885/2775
f 2322/2885/2775 2501/2884/2774 2516/2886/2776
f 2322/2885/2775 2516/2886/2776 2509/2887/2777
f 2509/2887/2777 2516/2886/2776 2515/2888/2778
f 2509/2887/2777 2515/2888/2778 2521/2889/2779
f 2521/2889/2779 2515/2888/2778 2514/2890/2780
f 2521/2889/2779 2514/2890/2780 2520/2891/2781
f 2520/2891/2781 2514/2890/2780 2513/2892/2782
f 2520/2891/2781 2513/2892/2782 2519/2893/2783
f 2519/2893/2783 2513/2892/2782 2512/2894/2784
f 2519/2893/2783 2512/2894/2784 2518/2895/2785
f 2518/2895/2785 2512/2894/2784 2511/2896/2786
f 2518/2895/2785 2511/2896/2786 2517/2897/2787
f 2517/2897/2787 2511/2896/2786 2510/2898/2788
f 2517/2897/2787 2510/2898/2788 2508/2899/2789
f 2508/2899/2789 2510/2898/2788 1245/2900/1373
f 2508/2899/2789 1245/2900/1373 1244/2901/1369
f 2501/2884/2774 2502/2902/2790 2516/2886/2776
f 2516/2886/2776 2502/2902/2790 2515/2888/2778
f 2502/2902/2790 2503/2903/2791 2515/2888/2778
f 2515/2888/2778 2503/2903/2791 2514/2890/2780
f 2503/2903/2791 2504/2904/2792 2514/2890/2780
f 2514/2890/2780 2504/2904/2792 2513/2892/2782
f 2504/2904/2792 2505/2905/2793 2513/2892/2782
f 2513/2892/2782 2505/2905/2793 2512/2894/2784
f 2505/2905/2793 2506/2906/2794 2512/2894/2784
f 2512/2894/2784 2506/2906/2794 2511/2896/2786
f 2511/2896/2786 2506/2906/2794 2510/2898/2788
f 2510/2898/2788 2506/2906/2794 2507/2907/2795
f 2510/2898/2788 2507/2907/2795 1246/2908/1358
f 1246/2908/1358 1245/2900/1373 2510/2898/2788
f 1243/2909/1368 2522/2910/2796 1244/2901/1369
f 1244/2901/1369 2522/2910/2796 2535/2911/2797
f 1244/2901/1369 2535/2911/2797 2508/2899/2789
f 2508/2899/2789 2535/2911/2797 2534/2912/2798
f 2508/2899/2789 2534/2912/2798 2517/2897/2787
f 2517/2897/2787 2534/2912/2798 2533/2913/2799
f 2517/2897/2787 2533/2913/2799 2518/2895/2785
f 2518/2895/2785 2533/2913/2799 2532/2914/2800
f 2518/2895/2785 2532/2914/2800 2519/2893/2783
f 2519/2893/2783 2532/2914/2800 2531/2915/2801
f 2519/2893/2783 2531/2915/2801 2520/2891/2781
f 2520/2891/2781 2531/2915/2801 2530/2916/2802
f 2520/2891/2781 2530/2916/2802 2521/2889/2779
f 2521/2889/2779 2530/2916/2802 2529/2917/2803
f 2521/2889/2779 2529/2917/2803 2509/2887/2777
f 2509/2887/2777 2529/2917/2803 2323/2918/2804
f 2509/2887/2777 2323/2918/2804 2322/2885/2775
f 2522/2910/2796 1243/2909/1368 2536/2919/2805
f 2536/2919/2805 1243/2909/1368 1242/2920/1367
f 2536/2919/2805 1242/2920/1367 1241/2921/1372
f 2536/2919/2805 1241/2921/1372 2543/2922/2806
f 2543/2922/2806 1241/2921/1372 1240/2923/1371
f 2543/2922/2806 1240/2923/1371 2550/2924/2807
f 2550/2924/2807 1240/2923/1371 1239/2925/1370
f 2550/2924/2807 1239/2925/1370 2557/2926/2808
f 2557/2926/2808 1239/2925/1370 1238/2927/1366
f 2557/2926/2808 1238/2927/1366 2465/2928/2754
f 2557/2926/2808 2465/2928/2754 2558/2929/2809
f 2558/2929/2809 2465/2928/2754 2464/2930/2738
f 2558/2929/2809 2464/2930/2738 2559/2931/2810
f 2559/2931/2810 2464/2930/2738 2560/2932/2811
f 2559/2931/2810 2560/2932/2811 2552/2933/2812
f 2552/2933/2812 2560/2932/2811 2553/2934/2813
f 2552/2933/2812 2553/2934/2813 2545/2935/2814
f 2545/2935/2814 2553/2934/2813 2546/2936/2815
f 2545/2935/2814 2546/2936/2815 2538/2937/2816
f 2538/2937/2816 2546/2936/2815 2539/2938/2817
f 2538/2937/2816 2539/2938/2817 2524/2939/2818
f 2524/2939/2818 2539/2938/2817 2525/2940/2819
f 2524/2939/2818 2525/2940/2819 2533/2913/2799
f 2533/2913/2799 2525/2940/2819 2532/2914/2800
f 2464/2930/2738 2463/2941/2734 2560/2932/2811
f 2560/2932/2811 2463/2941/2734 2561/2942/2820
f 2560/2932/2811 2561/2942/2820 2553/2934/2813
f 2553/2934/2813 2561/2942/2820 2554/2943/2821
f 2553/2934/2813 2554/2943/2821 2546/2936/2815
f 2546/2936/2815 2554/2943/2821 2547/2944/2822
f 2546/2936/2815 2547/2944/2822 2539/2938/2817
f 2539/2938/2817 2547/2944/2822 2540/2945/2823
f 2539/2938/2817 2540/2945/2823 2525/2940/2819
f 2525/2940/2819 2540/2945/2823 2526/2946/2824
f 2525/2940/2819 2526/2946/2824 2532/2914/2800
f 2532/2914/2800 2526/2946/2824 2531/2915/2801
f 2463/2941/2734 2462/2947/2733 2561/2942/2820
f 2561/2942/2820 2462/2947/2733 2562/2948/2825
f 2561/2942/2820 2562/2948/2825 2554/2943/2821
f 2554/2943/2821 2562/2948/2825 2555/2949/2826
f 2554/2943/2821 2555/2949/2826 2547/2944/2822
f 2547/2944/2822 2555/2949/2826 2548/2950/2827
f 2547/2944/2822 2548/2950/2827 2540/2945/2823
f 2540/2945/2823 2548/2950/2827 2541/2951/2828
f 2540/2945/2823 2541/2951/2828 2526/2946/2824
f 2526/2946/2824 2541/2951/2828 2527/2952/2829
f 2526/2946/2824 2527/2952/2829 2531/2915/2801
f 2531/2915/2801 2527/2952/2829 2530/2916/2802
f 2462/2947/2733 2461/2953/2736 2562/2948/2825
f 2562/2948/2825 2461/2953/2736 2563/2954/2830
f 2562/2948/2825 2563/2954/2830 2555/2949/2826
f 2555/2949/2826 2563/2954/2830 2556/2955/2831
f 2555/2949/2826 2556/2955/2831 2548/2950/2827
f 2548/2950/2827 2556/2955/2831 2549/2956/2832
f 2548/2950/2827 2549/2956/2832 2541/2951/2828
f 2541/2951/2828 2549/2956/2832 2542/2957/2833
f 2541/2951/2828 2542/2957/2833 2527/2952/2829
f 2527/2952/2829 2542/2957/2833 2528/2958/2834
f 2527/2952/2829 2528/2958/2834 2530/2916/2802
f 2530/2916/2802 2528/2958/2834 2529/2917/2803
f 2461/2953/2736 2329/2959/2535 2563/2954/2830
f 2563/2954/2830 2329/2959/2535 2328/2960/2835
f 2563/2954/2830 2328/2960/2835 2556/2955/2831
f 2556/2955/2831 2328/2960/2835 2327/2961/2836
f 2556/2955/2831 2327/2961/2836 2549/2956/2832
f 2549/2956/2832 2327/2961/2836 2326/2962/2837
f 2549/2956/2832 2326/2962/2837 2542/2957/2833
f 2542/2957/2833 2326/2962/2837 2325/2963/2838
f 2542/2957/2833 2325/2963/2838 2528/2958/2834
f 2528/2958/2834 2325/2963/2838 2324/2964/2839
f 2528/2958/2834 2324/2964/2839 2323/2918/2804
f 2528/2958/2834 2323/2918/2804 2529/2917/2803
f 2534/2912/2798 2535/2911/2797 2523/2965/2840
f 2523/2965/2840 2535/2911/2797 2522/2910/2796
f 2523/2965/2840 2522/2910/2796 2537/2966/2841
f 2537/2966/2841 2522/2910/2796 2536/2919/2805
f 2537/2966/2841 2536/2919/2805 2544/2967/2842
f 2544/2967/2842 2536/2919/2805 2543/2922/2806
f 2544/2967/2842 2543/2922/2806 2551/2968/2843
f 2551/2968/2843 2543/2922/2806 2550/2924/2807
f 2551/2968/2843 2550/2924/2807 2558/2929/2809
f 2558/2929/2809 2550/2924/2807 2557/2926/2808
f 2533/2913/2799 2534/2912/2798 2524/2939/2818
f 2524/2939/2818 2534/2912/2798 2523/2965/2840
f 2524/2939/2818 2523/2965/2840 2538/2937/2816
f 2538/2937/2816 2523/2965/2840 2537/2966/2841
f 2538/2937/2816 2537/2966/2841 2545/2935/2814
f 2545/2935/2814 2537/2966/2841 2544/2967/2842
f 2545/2935/2814 2544/2967/2842 2552/2933/2812
f 2552/2933/2812 2544/2967/2842 2551/2968/2843
f 2552/2933/2812 2551/2968/2843 2559/2931/2810
f 2559/2931/2810 2551/2968/2843 2558/2929/2809
f 1246/2969/2844 2507/2970/2845 1247/2971/1359
f 1247/2971/1359 2507/2970/2845 2568/2972/2846
f 2568/2972/2846 2507/2970/2845 2506/2973/2847
f 2568/2972/2846 2506/2973/2847 2567/2974/2848
f 2567/2974/2848 2506/2973/2847 2505/2975/2849
f 2567/2974/2848 2505/2975/2849 2566/2976/2850
f 2566/2976/2850 2505/2975/2849 2504/2977/2851
f 2566/2976/2850 2504/2977/2851 2503/2978/2852
f 2566/2976/2850 2503/2978/2852 2565/2979/2853
f 2565/2979/2853 2503/2978/2852 2502/2980/2854
f 2565/2979/2853 2502/2980/2854 2564/2981/2855
f 2564/2981/2855 2502/2980/2854 2501/2982/2856
f 2564/2981/2855 2501/2982/2856 2330/2983/2552
f 2330/2983/2552 2501/2982/2856 2321/2984/2551
f 2569/2985/2857 2588/2986/2858 2331/2987/2572
f 2331/2987/2572 2588/2986/2858 2581/2988/2859
f 2331/2987/2572 2581/2988/2859 2683/2989/2860
f 2683/2989/2860 2581/2988/2859 2675/2990/2861
f 2683/2989/2860 2675/2990/2861 2682/2991/2862
f 2682/2991/2862 2675/2990/2861 2674/2992/2863
f 2682/2991/2862 2674/2992/2863 2681/2993/2864
f 2681/2993/2864 2674/2992/2863 2673/2994/2865
f 2681/2993/2864 2673/2994/2865 2680/2995/2866
f 2680/2995/2866 2673/2994/2865 2672/2996/2867
f 2680/2995/2866 2672/2996/2867 2679/2997/2868
f 2679/2997/2868 2672/2996/2867 2671/2998/2869
f 2679/2997/2868 2671/2998/2869 2678/2999/2870
f 2678/2999/2870 2671/2998/2869 2579/3000/2871
f 2678/2999/2870 2579/3000/2871 2677/3001/2872
f 2677/3001/2872 2579/3000/2871 1257/3002/1375
f 2677/3001/2872 1257/3002/1375 1256/3003/1379
f 2588/2986/2858 2569/2985/2857 2587/3004/2873
f 2587/3004/2873 2569/2985/2857 2570/3005/2874
f 2587/3004/2873 2570/3005/2874 2586/3006/2875
f 2586/3006/2875 2570/3005/2874 2571/3007/2876
f 2586/3006/2875 2571/3007/2876 2585/3008/2877
f 2585/3008/2877 2571/3007/2876 2572/3009/2878
f 2585/3008/2877 2572/3009/2878 2584/3010/2879
f 2584/3010/2879 2572/3009/2878 2583/3011/2880
f 2584/3010/2879 2583/3011/2880 2672/2996/2867
f 2672/2996/2867 2583/3011/2880 2671/2998/2869
f 2572/3009/2878 2573/3012/2881 2583/3011/2880
f 2583/3011/2880 2573/3012/2881 2582/3013/2882
f 2583/3011/2880 2582/3013/2882 2671/2998/2869
f 2671/2998/2869 2582/3013/2882 2579/3000/2871
f 2573/3012/2881 1257/3002/1375 2582/3013/2882
f 2582/3013/2882 1257/3002/1375 2579/3000/2871
f 1255/3014/1384 2576/3015/2883 1256/3003/1379
f 1256/3003/1379 2576/3015/2883 2695/3016/2884
f 1256/3003/1379 2695/3016/2884 2589/3017/2885
f 2589/3017/2885 2695/3016/2884 2696/3018/2886
f 2589/3017/2885 2696/3018/2886 2590/3019/2887
f 2590/3019/2887 2696/3018/2886 2697/3020/2888
f 2590/3019/2887 2697/3020/2888 2591/3021/2889
f 2591/3021/2889 2697/3020/2888 2698/3022/2890
f 2591/3021/2889 2698/3022/2890 2592/3023/2891
f 2592/3023/2891 2698/3022/2890 2699/3024/2892
f 2592/3023/2891 2699/3024/2892 2593/3025/2893
f 2593/3025/2893 2699/3024/2892 2700/3026/2894
f 2593/3025/2893 2700/3026/2894 2594/3027/2895
f 2594/3027/2895 2700/3026/2894 2577/3028/2896
f 2594/3027/2895 2577/3028/2896 2595/3029/2897
f 2595/3029/2897 2577/3028/2896 2332/3030/2898
f 2595/3029/2897 2332/3030/2898 2596/3031/2899
f 2596/3031/2899 2332/3030/2898 2580/3032/2900
f 2596/3031/2899 2580/3032/2900 2694/3033/2901
f 2694/3033/2901 2580/3032/2900 2689/3034/2902
f 2694/3033/2901 2689/3034/2902 2688/3035/2903
f 2688/3035/2903 2689/3034/2902 2681/2993/2864
f 2688/3035/2903 2681/2993/2864 2680/2995/2866
f 1254/3036/1383 2603/3037/2904 1255/3014/1384
f 1255/3014/1384 2603/3037/2904 2616/3038/2905
f 1255/3014/1384 2616/3038/2905 2576/3015/2883
f 2576/3015/2883 2616/3038/2905 2615/3039/2906
f 2576/3015/2883 2615/3039/2906 2702/3040/2907
f 2702/3040/2907 2615/3039/2906 2614/3041/2908
f 2702/3040/2907 2614/3041/2908 2703/3042/2909
f 2703/3042/2909 2614/3041/2908 2613/3043/2910
f 2703/3042/2909 2613/3043/2910 2704/3044/2911
f 2704/3044/2911 2613/3043/2910 2612/3045/2912
f 2704/3044/2911 2612/3045/2912 2705/3046/2913
f 2705/3046/2913 2612/3045/2912 2611/3047/2914
f 2705/3046/2913 2611/3047/2914 2706/3048/2915
f 2706/3048/2915 2611/3047/2914 2610/3049/2916
f 2706/3048/2915 2610/3049/2916 2701/3050/2917
f 2701/3050/2917 2610/3049/2916 2333/3051/2918
f 2701/3050/2917 2333/3051/2918 2332/3030/2898
f 1253/3052/1382 2574/3053/2919 1254/3036/1383
f 1254/3036/1383 2574/3053/2919 2617/3054/2920
f 1254/3036/1383 2617/3054/2920 2603/3037/2904
f 2603/3037/2904 2617/3054/2920 2618/3055/2921
f 2603/3037/2904 2618/3055/2921 2604/3056/2922
f 2604/3056/2922 2618/3055/2921 2619/3057/2923
f 2604/3056/2922 2619/3057/2923 2605/3058/2924
f 2605/3058/2924 2619/3057/2923 2620/3059/2925
f 2605/3058/2924 2620/3059/2925 2606/3060/2926
f 2606/3060/2926 2620/3059/2925 2621/3061/2927
f 2606/3060/2926 2621/3061/2927 2607/3062/2928
f 2607/3062/2928 2621/3061/2927 2622/3063/2929
f 2607/3062/2928 2622/3063/2929 2608/3064/2930
f 2608/3064/2930 2622/3063/2929 2623/3065/2931
f 2608/3064/2930 2623/3065/2931 2609/3066/2932
f 2609/3066/2932 2623/3065/2931 2334/3067/2933
f 2609/3066/2932 2334/3067/2933 2333/3051/2918
f 2574/3053/2919 1253/3052/1382 2624/3068/2934
f 2624/3068/2934 1253/3052/1382 1252/3069/1381
f 2624/3068/2934 1252/3069/1381 2636/3070/2935
f 2636/3070/2935 1252/3069/1381 1251/3071/1380
f 2636/3070/2935 1251/3071/1380 2643/3072/2936
f 2643/3072/2936 1251/3071/1380 1250/3073/1378
f 2643/3072/2936 1250/3073/1378 2650/3074/2937
f 2650/3074/2937 1250/3073/1378 1249/3075/1377
f 2650/3074/2937 1249/3075/1377 2657/3076/2938
f 2657/3076/2938 1249/3075/1377 1248/3077/1374
f 2657/3076/2938 1248/3077/1374 2664/3078/2939
f 2664/3078/2939 1248/3077/1374 1247/3079/1359
f 2664/3078/2939 1247/3079/1359 2568/3080/2940
f 2664/3078/2939 2568/3080/2940 2665/3081/2941
f 2665/3081/2941 2568/3080/2940 2567/3082/2942
f 2665/3081/2941 2567/3082/2942 2666/3083/2943
f 2666/3083/2943 2567/3082/2942 2667/3084/2944
f 2666/3083/2943 2667/3084/2944 2659/3085/2945
f 2659/3085/2945 2667/3084/2944 2660/3086/2946
f 2659/3085/2945 2660/3086/2946 2652/3087/2947
f 2652/3087/2947 2660/3086/2946 2653/3088/2948
f 2652/3087/2947 2653/3088/2948 2645/3089/2949
f 2645/3089/2949 2653/3088/2948 2646/3090/2950
f 2645/3089/2949 2646/3090/2950 2638/3091/2951
f 2638/3091/2951 2646/3090/2950 2639/3092/2952
f 2638/3091/2951 2639/3092/2952 2626/3093/2953
f 2626/3093/2953 2639/3092/2952 2627/3094/2954
f 2626/3093/2953 2627/3094/2954 2634/3095/2955
f 2634/3095/2955 2627/3094/2954 2633/3096/2956
f 2634/3095/2955 2633/3096/2956 2619/3057/2923
f 2619/3057/2923 2633/3096/2956 2620/3059/2925
f 2567/3082/2942 2566/3097/2850 2667/3084/2944
f 2667/3084/2944 2566/3097/2850 2668/3098/2957
f 2667/3084/2944 2668/3098/2957 2660/3086/2946
f 2660/3086/2946 2668/3098/2957 2661/3099/2958
f 2660/3086/2946 2661/3099/2958 2653/3088/2948
f 2653/3088/2948 2661/3099/2958 2654/3100/2959
f 2653/3088/2948 2654/3100/2959 2646/3090/2950
f 2646/3090/2950 2654/3100/2959 2647/3101/2960
f 2646/3090/2950 2647/3101/2960 2639/3092/2952
f 2639/3092/2952 2647/3101/2960 2640/3102/2961
f 2639/3092/2952 2640/3102/2961 2627/3094/2954
f 2627/3094/2954 2640/3102/2961 2628/3103/2962
f 2627/3094/2954 2628/3103/2962 2633/3096/2956
f 2633/3096/2956 2628/3103/2962 2632/3104/2963
f 2633/3096/2956 2632/3104/2963 2620/3059/2925
f 2620/3059/2925 2632/3104/2963 2621/3061/2927
f 2566/3097/2850 2565/3105/2964 2668/3098/2957
f 2668/3098/2957 2565/3105/2964 2669/3106/2965
f 2668/3098/2957 2669/3106/2965 2661/3099/2958
f 2661/3099/2958 2669/3106/2965 2662/3107/2966
f 2661/3099/2958 2662/3107/2966 2654/3100/2959
f 2654/3100/2959 2662/3107/2966 2655/3108/2967
f 2654/3100/2959 2655/3108/2967 2647/3101/2960
f 2647/3101/2960 2655/3108/2967 2648/3109/2968
f 2647/3101/2960 2648/3109/2968 2640/3102/2961
f 2640/3102/2961 2648/3109/2968 2641/3110/2969
f 2640/3102/2961 2641/3110/2969 2628/3103/2962
f 2628/3103/2962 2641/3110/2969 2629/3111/2970
f 2628/3103/2962 2629/3111/2970 2632/3104/2963
f 2632/3104/2963 2629/3111/2970 2631/3112/2971
f 2632/3104/2963 2631/3112/2971 2621/3061/2927
f 2621/3061/2927 2631/3112/2971 2622/3063/2929
f 2565/3105/2964 2564/3113/2972 2669/3106/2965
f 2669/3106/2965 2564/3113/2972 2670/3114/2973
f 2669/3106/2965 2670/3114/2973 2662/3107/2966
f 2662/3107/2966 2670/3114/2973 2663/3115/2974
f 2662/3107/2966 2663/3115/2974 2655/3108/2967
f 2655/3108/2967 2663/3115/2974 2656/3116/2975
f 2655/3108/2967 2656/3116/2975 2648/3109/2968
f 2648/3109/2968 2656/3116/2975 2649/3117/2976
f 2648/3109/2968 2649/3117/2976 2641/3110/2969
f 2641/3110/2969 2649/3117/2976 2642/3118/2977
f 2641/3110/2969 2642/3118/2977 2629/3111/2970
f 2629/3111/2970 2642/3118/2977 2630/3119/2978
f 2629/3111/2970 2630/3119/2978 2631/3112/2971
f 2631/3112/2971 2630/3119/2978 2575/3120/2979
f 2631/3112/2971 2575/3120/2979 2622/3063/2929
f 2622/3063/2929 2575/3120/2979 2623/3065/2931
f 2564/3113/2972 2330/3121/2552 2670/3114/2973
f 2670/3114/2973 2330/3121/2552 2341/3122/2980
f 2670/3114/2973 2341/3122/2980 2663/3115/2974
f 2663/3115/2974 2341/3122/2980 2340/3123/2981
f 2663/3115/2974 2340/3123/2981 2656/3116/2975
f 2656/3116/2975 2340/3123/2981 2339/3124/2982
f 2656/3116/2975 2339/3124/2982 2649/3117/2976
f 2649/3117/2976 2339/3124/2982 2338/3125/2983
f 2649/3117/2976 2338/3125/2983 2642/3118/2977
f 2642/3118/2977 2338/3125/2983 2337/3126/2984
f 2642/3118/2977 2337/3126/2984 2336/3127/2985
f 2642/3118/2977 2336/3127/2985 2630/3119/2978
f 2630/3119/2978 2336/3127/2985 2335/3128/2986
f 2630/3119/2978 2335/3128/2986 2575/3120/2979
f 2575/3120/2979 2335/3128/2986 2334/3067/2933
f 2575/3120/2979 2334/3067/2933 2623/3065/2931
f 2580/3032/2900 2332/3030/2898 2676/3129/2987
f 2676/3129/2987 2332/3030/2898 2331/2987/2572
f 2676/3129/2987 2331/2987/2572 2683/2989/2860
f 2609/3066/2932 2333/3051/2918 2610/3049/2916
f 2701/3050/2917 2332/3030/2898 2577/3028/2896
f 2578/3130/2988 1256/3003/1379 2602/3131/2989
f 2602/3131/2989 1256/3003/1379 2589/3017/2885
f 2602/3131/2989 2589/3017/2885 2590/3019/2887
f 2689/3034/2902 2580/3032/2900 2676/3129/2987
f 2672/2996/2867 2673/2994/2865 2584/3010/2879
f 2584/3010/2879 2673/2994/2865 2585/3008/2877
f 2673/2994/2865 2674/2992/2863 2585/3008/2877
f 2585/3008/2877 2674/2992/2863 2586/3006/2875
f 2581/2988/2859 2588/2986/2858 2587/3004/2873
f 2674/2992/2863 2675/2990/2861 2586/3006/2875
f 2586/3006/2875 2675/2990/2861 2587/3004/2873
f 2675/2990/2861 2581/2988/2859 2587/3004/2873
f 2590/3019/2887 2591/3021/2889 2601/3132/2990
f 2601/3132/2990 2591/3021/2889 2600/3133/2991
f 2601/3132/2990 2600/3133/2991 2690/3134/2992
f 2690/3134/2992 2600/3133/2991 2691/3135/2993
f 2690/3134/2992 2691/3135/2993 2685/3136/2994
f 2685/3136/2994 2691/3135/2993 2686/3137/2995
f 2685/3136/2994 2686/3137/2995 2678/2999/2870
f 2678/2999/2870 2686/3137/2995 2679/2997/2868
f 2591/3021/2889 2592/3023/2891 2600/3133/2991
f 2600/3133/2991 2592/3023/2891 2599/3138/2996
f 2600/3133/2991 2599/3138/2996 2691/3135/2993
f 2691/3135/2993 2599/3138/2996 2692/3139/2997
f 2691/3135/2993 2692/3139/2997 2686/3137/2995
f 2686/3137/2995 2692/3139/2997 2687/3140/2998
f 2686/3137/2995 2687/3140/2998 2679/2997/2868
f 2679/2997/2868 2687/3140/2998 2680/2995/2866
f 2592/3023/2891 2593/3025/2893 2599/3138/2996
f 2599/3138/2996 2593/3025/2893 2598/3141/2999
f 2599/3138/2996 2598/3141/2999 2692/3139/2997
f 2692/3139/2997 2598/3141/2999 2693/3142/3000
f 2692/3139/2997 2693/3142/3000 2687/3140/2998
f 2687/3140/2998 2693/3142/3000 2688/3035/2903
f 2687/3140/2998 2688/3035/2903 2680/2995/2866
f 2593/3025/2893 2594/3027/2895 2598/3141/2999
f 2598/3141/2999 2594/3027/2895 2597/3143/3001
f 2598/3141/2999 2597/3143/3001 2693/3142/3000
f 2693/3142/3000 2597/3143/3001 2694/3033/2901
f 2693/3142/3000 2694/3033/2901 2688/3035/2903
f 2594/3027/2895 2595/3029/2897 2597/3143/3001
f 2597/3143/3001 2595/3029/2897 2596/3031/2899
f 2597/3143/3001 2596/3031/2899 2694/3033/2901
f 2578/3130/2988 2602/3131/2989 2601/3132/2990
f 2601/3132/2990 2602/3131/2989 2590/3019/2887
f 2578/3130/2988 2601/3132/2990 2690/3134/2992
f 1256/3003/1379 2578/3130/2988 2684/3144/3002
f 2684/3144/3002 2578/3130/2988 2690/3134/2992
f 2684/3144/3002 2690/3134/2992 2685/3136/2994
f 2615/3039/2906 2616/3038/2905 2604/3056/2922
f 2604/3056/2922 2616/3038/2905 2603/3037/2904
f 2614/3041/2908 2615/3039/2906 2605/3058/2924
f 2605/3058/2924 2615/3039/2906 2604/3056/2922
f 2613/3043/2910 2614/3041/2908 2606/3060/2926
f 2606/3060/2926 2614/3041/2908 2605/3058/2924
f 2612/3045/2912 2613/3043/2910 2607/3062/2928
f 2607/3062/2928 2613/3043/2910 2606/3060/2926
f 2611/3047/2914 2612/3045/2912 2608/3064/2930
f 2608/3064/2930 2612/3045/2912 2607/3062/2928
f 2610/3049/2916 2611/3047/2914 2609/3066/2932
f 2609/3066/2932 2611/3047/2914 2608/3064/2930
f 2634/3095/2955 2619/3057/2923 2618/3055/2921
f 2618/3055/2921 2617/3054/2920 2635/3145/3003
f 2635/3145/3003 2617/3054/2920 2574/3053/2919
f 2635/3145/3003 2574/3053/2919 2625/3146/3004
f 2625/3146/3004 2574/3053/2919 2624/3068/2934
f 2625/3146/3004 2624/3068/2934 2637/3147/3005
f 2637/3147/3005 2624/3068/2934 2636/3070/2935
f 2637/3147/3005 2636/3070/2935 2644/3148/3006
f 2644/3148/3006 2636/3070/2935 2643/3072/2936
f 2644/3148/3006 2643/3072/2936 2651/3149/3007
f 2651/3149/3007 2643/3072/2936 2650/3074/2937
f 2651/3149/3007 2650/3074/2937 2658/3150/3008
f 2658/3150/3008 2650/3074/2937 2657/3076/2938
f 2658/3150/3008 2657/3076/2938 2665/3081/2941
f 2665/3081/2941 2657/3076/2938 2664/3078/2939
f 2625/3146/3004 2626/3093/2953 2635/3145/3003
f 2635/3145/3003 2626/3093/2953 2634/3095/2955
f 2635/3145/3003 2634/3095/2955 2618/3055/2921
f 2626/3093/2953 2625/3146/3004 2638/3091/2951
f 2638/3091/2951 2625/3146/3004 2637/3147/3005
f 2638/3091/2951 2637/3147/3005 2645/3089/2949
f 2645/3089/2949 2637/3147/3005 2644/3148/3006
f 2645/3089/2949 2644/3148/3006 2652/3087/2947
f 2652/3087/2947 2644/3148/3006 2651/3149/3007
f 2652/3087/2947 2651/3149/3007 2659/3085/2945
f 2659/3085/2945 2651/3149/3007 2658/3150/3008
f 2659/3085/2945 2658/3150/3008 2666/3083/2943
f 2666/3083/2943 2658/3150/3008 2665/3081/2941
f 2685/3136/2994 2678/2999/2870 2677/3001/2872
f 2684/3144/3002 2685/3136/2994 2677/3001/2872
f 2676/3129/2987 2683/2989/2860 2682/2991/2862
f 2676/3129/2987 2682/2991/2862 2689/3034/2902
f 2689/3034/2902 2682/2991/2862 2681/2993/2864
f 1256/3003/1379 2684/3144/3002 2677/3001/2872
f 2576/3015/2883 2702/3040/2907 2695/3016/2884
f 2695/3016/2884 2702/3040/2907 2696/3018/2886
f 2702/3040/2907 2703/3042/2909 2696/3018/2886
f 2696/3018/2886 2703/3042/2909 2697/3020/2888
f 2703/3042/2909 2704/3044/2911 2697/3020/2888
f 2697/3020/2888 2704/3044/2911 2698/3022/2890
f 2704/3044/2911 2705/3046/2913 2698/3022/2890
f 2698/3022/2890 2705/3046/2913 2699/3024/2892
f 2701/3050/2917 2577/3028/2896 2700/3026/2894
f 2705/3046/2913 2706/3048/2915 2699/3024/2892
f 2699/3024/2892 2706/3048/2915 2700/3026/2894
f 2706/3048/2915 2701/3050/2917 2700/3026/2894
f 2342/3151/2597 2707/3152/3009 2343/3153/3010
f 2343/3153/3010 2707/3152/3009 2756/3154/3011
f 2343/3153/3010 2756/3154/3011 2344/3155/3012
f 2344/3155/3012 2756/3154/3011 2763/3156/3013
f 2344/3155/3012 2763/3156/3013 2345/3157/3014
f 2345/3157/3014 2763/3156/3013 2770/3158/3015
f 2345/3157/3014 2770/3158/3015 2346/3159/3016
f 2346/3159/3016 2770/3158/3015 2777/3160/3017
f 2346/3159/3016 2777/3160/3017 2347/3161/3018
f 2347/3161/3018 2777/3160/3017 2784/3162/3019
f 2347/3161/3018 2784/3162/3019 2348/3163/3020
f 2348/3163/3020 2784/3162/3019 2791/3164/3021
f 2348/3163/3020 2791/3164/3021 2749/3165/3022
f 2749/3165/3022 2791/3164/3021 2790/3166/3023
f 2749/3165/3022 2790/3166/3023 2799/3167/3024
f 2799/3167/3024 2790/3166/3023 2789/3168/3025
f 2799/3167/3024 2789/3168/3025 2800/3169/3026
f 2800/3169/3026 2789/3168/3025 2788/3170/3027
f 2800/3169/3026 2788/3170/3027 2801/3171/3028
f 2801/3171/3028 2788/3170/3027 2787/3172/3029
f 2801/3171/3028 2787/3172/3029 2802/3173/3030
f 2802/3173/3030 2787/3172/3029 2786/3174/3031
f 2802/3173/3030 2786/3174/3031 2803/3175/3032
f 2803/3175/3032 2786/3174/3031 2785/3176/3033
f 2803/3175/3032 2785/3176/3033 2748/3177/3034
f 2748/3177/3034 2785/3176/3033 1264/3178/1385
f 2748/3177/3034 1264/3178/1385 1263/3179/1354
f 2756/3154/3011 2707/3152/3009 2755/3180/3035
f 2755/3180/3035 2707/3152/3009 2708/3181/3036
f 2755/3180/3035 2708/3181/3036 2754/3182/3037
f 2754/3182/3037 2708/3181/3036 2709/3183/3038
f 2754/3182/3037 2709/3183/3038 2753/3184/3039
f 2753/3184/3039 2709/3183/3038 2710/3185/3040
f 2753/3184/3039 2710/3185/3040 2752/3186/3041
f 2752/3186/3041 2710/3185/3040 2751/3187/3042
f 2752/3186/3041 2751/3187/3042 2759/3188/3043
f 2759/3188/3043 2751/3187/3042 2758/3189/3044
f 2759/3188/3043 2758/3189/3044 2766/3190/3045
f 2766/3190/3045 2758/3189/3044 2765/3191/3046
f 2766/3190/3045 2765/3191/3046 2773/3192/3047
f 2773/3192/3047 2765/3191/3046 2772/3193/3048
f 2773/3192/3047 2772/3193/3048 2780/3194/3049
f 2780/3194/3049 2772/3193/3048 2779/3195/3050
f 2780/3194/3049 2779/3195/3050 2787/3172/3029
f 2787/3172/3029 2779/3195/3050 2786/3174/3031
f 2710/3185/3040 2711/3196/3051 2751/3187/3042
f 2751/3187/3042 2711/3196/3051 2750/3197/3052
f 2751/3187/3042 2750/3197/3052 2758/3189/3044
f 2758/3189/3044 2750/3197/3052 2757/3198/3053
f 2758/3189/3044 2757/3198/3053 2765/3191/3046
f 2765/3191/3046 2757/3198/3053 2764/3199/3054
f 2765/3191/3046 2764/3199/3054 2772/3193/3048
f 2772/3193/3048 2764/3199/3054 2771/3200/3055
f 2772/3193/3048 2771/3200/3055 2779/3195/3050
f 2779/3195/3050 2771/3200/3055 2778/3201/3056
f 2779/3195/3050 2778/3201/3056 2786/3174/3031
f 2786/3174/3031 2778/3201/3056 2785/3176/3033
f 2711/3196/3051 1270/3202/1348 2750/3197/3052
f 2750/3197/3052 1270/3202/1348 1269/3203/1390
f 2750/3197/3052 1269/3203/1390 1268/3204/1389
f 2750/3197/3052 1268/3204/1389 2757/3198/3053
f 2757/3198/3053 1268/3204/1389 1267/3205/1388
f 2757/3198/3053 1267/3205/1388 2764/3199/3054
f 2764/3199/3054 1267/3205/1388 1266/3206/1387
f 2764/3199/3054 1266/3206/1387 2771/3200/3055
f 2771/3200/3055 1266/3206/1387 1265/3207/1386
f 2771/3200/3055 1265/3207/1386 2778/3201/3056
f 2778/3201/3056 1265/3207/1386 1264/3178/1385
f 2778/3201/3056 1264/3178/1385 2785/3176/3033
f 1262/3208/1353 2895/3209/3057 1263/3179/1354
f 1263/3179/1354 2895/3209/3057 2888/3210/3058
f 1263/3179/1354 2888/3210/3058 2792/3211/3059
f 2792/3211/3059 2888/3210/3058 2889/3212/3060
f 2792/3211/3059 2889/3212/3060 2793/3213/3061
f 2793/3213/3061 2889/3212/3060 2890/3214/3062
f 2793/3213/3061 2890/3214/3062 2794/3215/3063
f 2794/3215/3063 2890/3214/3062 2891/3216/3064
f 2794/3215/3063 2891/3216/3064 2795/3217/3065
f 2795/3217/3065 2891/3216/3064 2892/3218/3066
f 2795/3217/3065 2892/3218/3066 2796/3219/3067
f 2796/3219/3067 2892/3218/3066 2893/3220/3068
f 2796/3219/3067 2893/3220/3068 2797/3221/3069
f 2797/3221/3069 2893/3220/3068 2747/3222/3070
f 2797/3221/3069 2747/3222/3070 2798/3223/3071
f 2798/3223/3071 2747/3222/3070 2349/3224/3072
f 2798/3223/3071 2349/3224/3072 2749/3165/3022
f 2749/3165/3022 2349/3224/3072 2348/3163/3020
f 1261/3225/1352 2741/3226/3073 1262/3208/1353
f 1262/3208/1353 2741/3226/3073 2920/3227/3074
f 1262/3208/1353 2920/3227/3074 2913/3228/3075
f 2913/3228/3075 2920/3227/3074 2921/3229/3076
f 2913/3228/3075 2921/3229/3076 2914/3230/3077
f 2914/3230/3077 2921/3229/3076 2922/3231/3078
f 2914/3230/3077 2922/3231/3078 2915/3232/3079
f 2915/3232/3079 2922/3231/3078 2923/3233/3080
f 2915/3232/3079 2923/3233/3080 2916/3234/3081
f 2916/3234/3081 2923/3233/3080 2924/3235/3082
f 2916/3234/3081 2924/3235/3082 2917/3236/3083
f 2917/3236/3083 2924/3235/3082 2925/3237/3084
f 2917/3236/3083 2925/3237/3084 2918/3238/3085
f 2918/3238/3085 2925/3237/3084 2912/3239/3086
f 2918/3238/3085 2912/3239/3086 2919/3240/3087
f 2919/3240/3087 2912/3239/3086 2350/3241/3088
f 2919/3240/3087 2350/3241/3088 2745/3242/3089
f 2745/3242/3089 2350/3241/3088 2810/3243/3090
f 2745/3242/3089 2810/3243/3090 2809/3244/3091
f 2809/3244/3091 2810/3243/3090 2812/3245/3092
f 2809/3244/3091 2812/3245/3092 2813/3246/3093
f 2813/3246/3093 2812/3245/3092 2904/3247/3094
f 2813/3246/3093 2904/3247/3094 2903/3248/3095
f 2903/3248/3095 2904/3247/3094 2898/3249/3096
f 2903/3248/3095 2898/3249/3096 2897/3250/3097
f 2897/3250/3097 2898/3249/3096 2890/3214/3062
f 2897/3250/3097 2890/3214/3062 2889/3212/3060
f 1260/3251/1355 3011/3252/3098 1261/3225/1352
f 1261/3225/1352 3011/3252/3098 3004/3253/3099
f 1261/3225/1352 3004/3253/3099 2733/3254/3100
f 2733/3254/3100 3004/3253/3099 3005/3255/3101
f 2733/3254/3100 3005/3255/3101 2998/3256/3102
f 2998/3256/3102 3005/3255/3101 3006/3257/3103
f 2998/3256/3102 3006/3257/3103 2999/3258/3104
f 2999/3258/3104 3006/3257/3103 3007/3259/3105
f 2999/3258/3104 3007/3259/3105 3000/3260/3106
f 3000/3260/3106 3007/3259/3105 3008/3261/3107
f 3000/3260/3106 3008/3261/3107 3001/3262/3108
f 3001/3262/3108 3008/3261/3107 3009/3263/3109
f 3001/3262/3108 3009/3263/3109 3002/3264/3110
f 3002/3264/3110 3009/3263/3109 3010/3265/3111
f 3002/3264/3110 3010/3265/3111 2976/3266/3112
f 2976/3266/3112 3010/3265/3111 2351/3267/3113
f 2976/3266/3112 2351/3267/3113 2997/3268/3114
f 2997/3268/3114 2351/3267/3113 2738/3269/3115
f 2997/3268/3114 2738/3269/3115 2989/3270/3116
f 2989/3270/3116 2738/3269/3115 2982/3271/3117
f 2989/3270/3116 2982/3271/3117 2981/3272/3118
f 2981/3272/3118 2982/3271/3117 2974/3273/3119
f 2981/3272/3118 2974/3273/3119 2973/3274/3120
f 2973/3274/3120 2974/3273/3119 2967/3275/3121
f 2973/3274/3120 2967/3275/3121 2966/3276/3122
f 2966/3276/3122 2967/3275/3121 2959/3277/3123
f 2966/3276/3122 2959/3277/3123 2958/3278/3124
f 2958/3278/3124 2959/3277/3123 2819/3279/3125
f 2958/3278/3124 2819/3279/3125 2818/3280/3126
f 2818/3280/3126 2819/3279/3125 2831/3281/3127
f 2818/3280/3126 2831/3281/3127 1261/3225/1352
f 1261/3225/1352 2831/3281/3127 2740/3282/3128
f 1261/3225/1352 2740/3282/3128 2945/3283/3129
f 2945/3283/3129 2740/3282/3128 2952/3284/3130
f 2945/3283/3129 2952/3284/3130 2946/3285/3131
f 2946/3285/3131 2952/3284/3130 2953/3286/3132
f 2946/3285/3131 2953/3286/3132 2947/3287/3133
f 2947/3287/3133 2953/3286/3132 2954/3288/3134
f 2947/3287/3133 2954/3288/3134 2948/3289/3135
f 2948/3289/3135 2954/3288/3134 2955/3290/3136
f 2948/3289/3135 2955/3290/3136 2949/3291/3137
f 2949/3291/3137 2955/3290/3136 2956/3292/3138
f 2949/3291/3137 2956/3292/3138 2950/3293/3139
f 2950/3293/3139 2956/3292/3138 2743/3294/3140
f 2950/3293/3139 2743/3294/3140 2951/3295/3141
f 2951/3295/3141 2743/3294/3140 2351/3267/3113
f 2951/3295/3141 2351/3267/3113 2926/3296/3142
f 2926/3296/3142 2351/3267/3113 2744/3297/3143
f 2926/3296/3142 2744/3297/3143 2938/3298/3144
f 2938/3298/3144 2744/3297/3143 2931/3299/3145
f 2938/3298/3144 2931/3299/3145 2930/3300/3146
f 2930/3300/3146 2931/3299/3145 2924/3235/3082
f 2930/3300/3146 2924/3235/3082 2923/3233/3080
f 1259/3301/1357 3120/3302/3147 1260/3251/1355
f 1260/3251/1355 3120/3302/3147 2723/3303/3148
f 1260/3251/1355 2723/3303/3148 3107/3304/3149
f 3107/3304/3149 2723/3303/3148 3114/3305/3150
f 3107/3304/3149 3114/3305/3150 3108/3306/3151
f 3108/3306/3151 3114/3305/3150 3115/3307/3152
f 3108/3306/3151 3115/3307/3152 3109/3308/3153
f 3109/3308/3153 3115/3307/3152 3116/3309/3154
f 3109/3308/3153 3116/3309/3154 3110/3310/3155
f 3110/3310/3155 3116/3309/3154 3117/3311/3156
f 3110/3310/3155 3117/3311/3156 3111/3312/3157
f 3111/3312/3157 3117/3311/3156 3118/3313/3158
f 3111/3312/3157 3118/3313/3158 3112/3314/3159
f 3112/3314/3159 3118/3313/3158 3092/3315/3160
f 3112/3314/3159 3092/3315/3160 3113/3316/3161
f 3113/3316/3161 3092/3315/3160 2352/3317/3162
f 3113/3316/3161 2352/3317/3162 2728/3318/3163
f 2728/3318/3163 2352/3317/3162 3099/3319/3164
f 2728/3318/3163 3099/3319/3164 3098/3320/3165
f 3098/3320/3165 3099/3319/3164 3091/3321/3166
f 3098/3320/3165 3091/3321/3166 3090/3322/3167
f 3090/3322/3167 3091/3321/3166 3084/3323/3168
f 3090/3322/3167 3084/3323/3168 3083/3324/3169
f 3083/3324/3169 3084/3323/3168 3076/3325/3170
f 3083/3324/3169 3076/3325/3170 3075/3326/3171
f 3075/3326/3171 3076/3325/3170 2834/3327/3172
f 3075/3326/3171 2834/3327/3172 2833/3328/3173
f 2833/3328/3173 2834/3327/3172 2844/3329/3174
f 2833/3328/3173 2844/3329/3174 2845/3330/3175
f 2845/3330/3175 2844/3329/3174 2730/3331/3176
f 2845/3330/3175 2730/3331/3176 1260/3251/1355
f 1260/3251/1355 2730/3331/3176 3061/3332/3177
f 1260/3251/1355 3061/3332/3177 3055/3333/3178
f 3055/3333/3178 3061/3332/3177 3062/3334/3179
f 3055/3333/3178 3062/3334/3179 3056/3335/3180
f 3056/3335/3180 3062/3334/3179 3063/3336/3181
f 3056/3335/3180 3063/3336/3181 3057/3337/3182
f 3057/3337/3182 3063/3336/3181 3064/3338/3183
f 3057/3337/3182 3064/3338/3183 3058/3339/3184
f 3058/3339/3184 3064/3338/3183 3065/3340/3185
f 3058/3339/3184 3065/3340/3185 3059/3341/3186
f 3059/3341/3186 3065/3340/3185 3066/3342/3187
f 3059/3341/3186 3066/3342/3187 3060/3343/3188
f 3060/3343/3188 3066/3342/3187 3067/3344/3189
f 3060/3343/3188 3067/3344/3189 2735/3345/3190
f 2735/3345/3190 3067/3344/3189 2352/3317/3162
f 2735/3345/3190 2352/3317/3162 3054/3346/3191
f 3054/3346/3191 2352/3317/3162 3003/3347/3192
f 3054/3346/3191 3003/3347/3192 3047/3348/3193
f 3047/3348/3193 3003/3347/3192 3041/3349/3194
f 3047/3348/3193 3041/3349/3194 3040/3350/3195
f 3040/3350/3195 3041/3349/3194 3034/3351/3196
f 3040/3350/3195 3034/3351/3196 3033/3352/3197
f 3033/3352/3197 3034/3351/3196 3026/3353/3198
f 3033/3352/3197 3026/3353/3198 3025/3354/3199
f 3025/3354/3199 3026/3353/3198 3019/3355/3200
f 3025/3354/3199 3019/3355/3200 3018/3356/3201
f 3018/3356/3201 3019/3355/3200 3012/3357/3202
f 3018/3356/3201 3012/3357/3202 3011/3252/3098
f 3011/3252/3098 3012/3357/3202 3004/3253/3099
f 1258/3358/1376 2717/3359/3203 1259/3301/1357
f 1259/3301/1357 2717/3359/3203 3203/3360/3204
f 1259/3301/1357 3203/3360/3204 3196/3361/3205
f 3196/3361/3205 3203/3360/3204 3204/3362/3206
f 3196/3361/3205 3204/3362/3206 3197/3363/3207
f 3197/3363/3207 3204/3362/3206 3205/3364/3208
f 3197/3363/3207 3205/3364/3208 3198/3365/3209
f 3198/3365/3209 3205/3364/3208 3206/3366/3210
f 3198/3365/3209 3206/3366/3210 3199/3367/3211
f 3199/3367/3211 3206/3366/3210 3207/3368/3212
f 3199/3367/3211 3207/3368/3212 3200/3369/3213
f 3200/3369/3213 3207/3368/3212 3208/3370/3214
f 3200/3369/3213 3208/3370/3214 3201/3371/3215
f 3201/3371/3215 3208/3370/3214 3195/3372/3216
f 3201/3371/3215 3195/3372/3216 3202/3373/3217
f 3202/3373/3217 3195/3372/3216 2353/3374/3218
f 3202/3373/3217 2353/3374/3218 2719/3375/3219
f 2719/3375/3219 2353/3374/3218 2852/3376/3220
f 2719/3375/3219 2852/3376/3220 2851/3377/3221
f 2851/3377/3221 2852/3376/3220 2854/3378/3222
f 2851/3377/3221 2854/3378/3222 2855/3379/3223
f 2855/3379/3223 2854/3378/3222 3187/3380/3224
f 2855/3379/3223 3187/3380/3224 3186/3381/3225
f 3186/3381/3225 3187/3380/3224 3180/3382/3226
f 3186/3381/3225 3180/3382/3226 3179/3383/3227
f 3179/3383/3227 3180/3382/3226 3173/3384/3228
f 3179/3383/3227 3173/3384/3228 3172/3385/3229
f 3172/3385/3229 3173/3384/3228 3165/3386/3230
f 3172/3385/3229 3165/3386/3230 3164/3387/3231
f 3164/3387/3231 3165/3386/3230 2721/3388/3232
f 3164/3387/3231 2721/3388/3232 1259/3301/1357
f 1259/3301/1357 2721/3388/3232 3152/3389/3233
f 1259/3301/1357 3152/3389/3233 3146/3390/3234
f 3146/3390/3234 3152/3389/3233 3153/3391/3235
f 3146/3390/3234 3153/3391/3235 3147/3392/3236
f 3147/3392/3236 3153/3391/3235 3154/3393/3237
f 3147/3392/3236 3154/3393/3237 3148/3394/3238
f 3148/3394/3238 3154/3393/3237 3155/3395/3239
f 3148/3394/3238 3155/3395/3239 3149/3396/3240
f 3149/3396/3240 3155/3395/3239 3156/3397/3241
f 3149/3396/3240 3156/3397/3241 3150/3398/3242
f 3150/3398/3242 3156/3397/3241 3157/3399/3243
f 3150/3398/3242 3157/3399/3243 3151/3400/3244
f 3151/3400/3244 3157/3399/3243 3158/3401/3245
f 3151/3400/3244 3158/3401/3245 2726/3402/3246
f 2726/3402/3246 3158/3401/3245 2353/3374/3218
f 2726/3402/3246 2353/3374/3218 3145/3403/3247
f 3145/3403/3247 2353/3374/3218 3106/3404/3248
f 3145/3403/3247 3106/3404/3248 3138/3405/3249
f 3138/3405/3249 3106/3404/3248 3132/3406/3250
f 3138/3405/3249 3132/3406/3250 3131/3407/3251
f 3131/3407/3251 3132/3406/3250 3124/3408/3252
f 3131/3407/3251 3124/3408/3252 3123/3409/3253
f 3123/3409/3253 3124/3408/3252 3116/3309/3154
f 3123/3409/3253 3116/3309/3154 3115/3307/3152
f 1257/3410/1375 2713/3411/3254 1258/3358/1376
f 1258/3358/1376 2713/3411/3254 3248/3412/3255
f 1258/3358/1376 3248/3412/3255 3241/3413/3256
f 3241/3413/3256 3248/3412/3255 3249/3414/3257
f 3241/3413/3256 3249/3414/3257 3242/3415/3258
f 3242/3415/3258 3249/3414/3257 3250/3416/3259
f 3242/3415/3258 3250/3416/3259 3243/3417/3260
f 3243/3417/3260 3250/3416/3259 3251/3418/3261
f 3243/3417/3260 3251/3418/3261 3244/3419/3262
f 3244/3419/3262 3251/3418/3261 3252/3420/3263
f 3244/3419/3262 3252/3420/3263 3245/3421/3264
f 3245/3421/3264 3252/3420/3263 3253/3422/3265
f 3245/3421/3264 3253/3422/3265 3246/3423/3266
f 3246/3423/3266 3253/3422/3265 3240/3424/3267
f 3246/3423/3266 3240/3424/3267 3247/3425/3268
f 3247/3425/3268 3240/3424/3267 2354/3426/3269
f 3247/3425/3268 2354/3426/3269 2715/3427/3270
f 2715/3427/3270 2354/3426/3269 2866/3428/3271
f 2715/3427/3270 2866/3428/3271 2865/3429/3272
f 2865/3429/3272 2866/3428/3271 2868/3430/3273
f 2865/3429/3272 2868/3430/3273 2869/3431/3274
f 2869/3431/3274 2868/3430/3273 2883/3432/3275
f 2869/3431/3274 2883/3432/3275 2884/3433/3276
f 2884/3433/3276 2883/3432/3275 3230/3434/3277
f 2884/3433/3276 3230/3434/3277 3229/3435/3278
f 3229/3435/3278 3230/3434/3277 3224/3436/3279
f 3229/3435/3278 3224/3436/3279 3223/3437/3280
f 3223/3437/3280 3224/3436/3279 3217/3438/3281
f 3223/3437/3280 3217/3438/3281 3216/3439/3282
f 3216/3439/3282 3217/3438/3281 2717/3359/3203
f 3216/3439/3282 2717/3359/3203 1258/3358/1376
f 2573/3440/2881 2880/3441/3283 1257/3410/1375
f 1257/3410/1375 2880/3441/3283 2712/3442/3284
f 1257/3410/1375 2712/3442/3284 3267/3443/3285
f 3267/3443/3285 2712/3442/3284 3273/3444/3286
f 3267/3443/3285 3273/3444/3286 3268/3445/3287
f 3268/3445/3287 3273/3444/3286 3274/3446/3288
f 3268/3445/3287 3274/3446/3288 3269/3447/3289
f 3269/3447/3289 3274/3446/3288 3275/3448/3290
f 3269/3447/3289 3275/3448/3290 3270/3449/3291
f 3270/3449/3291 3275/3448/3290 3276/3450/3292
f 3270/3449/3291 3276/3450/3292 3271/3451/3293
f 3271/3451/3293 3276/3450/3292 3277/3452/3294
f 3271/3451/3293 3277/3452/3294 3272/3453/3295
f 3272/3453/3295 3277/3452/3294 3278/3454/3296
f 3272/3453/3295 3278/3454/3296 3254/3455/3297
f 3254/3455/3297 3278/3454/3296 2331/3456/2572
f 3254/3455/3297 2331/3456/2572 3266/3457/3298
f 3266/3457/3298 2331/3456/2572 2714/3458/3299
f 3266/3457/3298 2714/3458/3299 3259/3459/3300
f 3259/3459/3300 2714/3458/3299 3253/3422/3265
f 3259/3459/3300 3253/3422/3265 3252/3420/3263
f 2880/3441/3283 2573/3440/2881 2879/3460/3301
f 2879/3460/3301 2573/3440/2881 2572/3461/2878
f 2879/3460/3301 2572/3461/2878 2878/3462/3302
f 2878/3462/3302 2572/3461/2878 2877/3463/3303
f 2878/3462/3302 2877/3463/3303 3274/3446/3288
f 3274/3446/3288 2877/3463/3303 3275/3448/3290
f 2572/3461/2878 2571/3464/2876 2877/3463/3303
f 2877/3463/3303 2571/3464/2876 2876/3465/3304
f 2877/3463/3303 2876/3465/3304 3275/3448/3290
f 3275/3448/3290 2876/3465/3304 3276/3450/3292
f 2571/3464/2876 2570/3466/2874 2876/3465/3304
f 2876/3465/3304 2570/3466/2874 2875/3467/3305
f 2876/3465/3304 2875/3467/3305 3276/3450/3292
f 3276/3450/3292 2875/3467/3305 3277/3452/3294
f 2570/3466/2874 2569/3468/2857 2875/3467/3305
f 2875/3467/3305 2569/3468/2857 2874/3469/3306
f 2875/3467/3305 2874/3469/3306 3277/3452/3294
f 3277/3452/3294 2874/3469/3306 3278/3454/3296
f 2569/3468/2857 2331/3456/2572 2874/3469/3306
f 2874/3469/3306 2331/3456/2572 3278/3454/3296
f 2331/3456/2572 2354/3426/3269 2714/3458/3299
f 2714/3458/3299 2354/3426/3269 3240/3424/3267
f 2714/3458/3299 3240/3424/3267 3253/3422/3265
f 2353/3374/3218 2718/3470/3307 2354/3426/3269
f 2354/3426/3269 2718/3470/3307 3209/3471/3308
f 2354/3426/3269 3209/3471/3308 3233/3472/3309
f 3233/3472/3309 3209/3471/3308 3227/3473/3310
f 3233/3472/3309 3227/3473/3310 3232/3474/3311
f 3232/3474/3311 3227/3473/3310 3226/3475/3312
f 3232/3474/3311 3226/3475/3312 3231/3476/3313
f 3231/3476/3313 3226/3475/3312 3225/3477/3314
f 3231/3476/3313 3225/3477/3314 3230/3434/3277
f 3230/3434/3277 3225/3477/3314 3224/3436/3279
f 3106/3404/3248 2353/3374/3218 2727/3478/3315
f 2727/3478/3315 2353/3374/3218 2352/3317/3162
f 2727/3478/3315 2352/3317/3162 3126/3479/3316
f 3126/3479/3316 2352/3317/3162 3092/3315/3160
f 3126/3479/3316 3092/3315/3160 3118/3313/3158
f 2351/3267/3113 2990/3480/3317 2352/3317/3162
f 2352/3317/3162 2990/3480/3317 3029/3481/3318
f 2352/3317/3162 3029/3481/3318 2736/3482/3319
f 2736/3482/3319 3029/3481/3318 3028/3483/3320
f 2736/3482/3319 3028/3483/3320 3035/3484/3321
f 3035/3484/3321 3028/3483/3320 3027/3485/3322
f 3035/3484/3321 3027/3485/3322 3034/3351/3196
f 3034/3351/3196 3027/3485/3322 3026/3353/3198
f 2351/3267/3113 2350/3241/3088 2744/3297/3143
f 2744/3297/3143 2350/3241/3088 2932/3486/3323
f 2744/3297/3143 2932/3486/3323 2931/3299/3145
f 2931/3299/3145 2932/3486/3323 2925/3237/3084
f 2931/3299/3145 2925/3237/3084 2924/3235/3082
f 2349/3224/3072 2894/3487/3324 2350/3241/3088
f 2350/3241/3088 2894/3487/3324 2906/3488/3325
f 2350/3241/3088 2906/3488/3325 2811/3489/3326
f 2811/3489/3326 2906/3488/3325 2905/3490/3327
f 2811/3489/3326 2905/3490/3327 2812/3245/3092
f 2812/3245/3092 2905/3490/3327 2904/3247/3094
f 1257/3410/1375 3260/3491/3328 2713/3411/3254
f 2713/3411/3254 3260/3491/3328 3261/3492/3329
f 2713/3411/3254 3261/3492/3329 3255/3493/3330
f 3255/3493/3330 3261/3492/3329 3262/3494/3331
f 3255/3493/3330 3262/3494/3331 3256/3495/3332
f 3256/3495/3332 3262/3494/3331 3263/3496/3333
f 3256/3495/3332 3263/3496/3333 3257/3497/3334
f 3257/3497/3334 3263/3496/3333 3264/3498/3335
f 3257/3497/3334 3264/3498/3335 3258/3499/3336
f 3258/3499/3336 3264/3498/3335 3265/3500/3337
f 3258/3499/3336 3265/3500/3337 3259/3459/3300
f 3259/3459/3300 3265/3500/3337 3266/3457/3298
f 1258/3358/1376 3241/3413/3256 3234/3501/3338
f 3234/3501/3338 3241/3413/3256 3242/3415/3258
f 3234/3501/3338 3242/3415/3258 3235/3502/3339
f 3235/3502/3339 3242/3415/3258 3243/3417/3260
f 3235/3502/3339 3243/3417/3260 3236/3503/3340
f 3236/3503/3340 3243/3417/3260 3244/3419/3262
f 3236/3503/3340 3244/3419/3262 3237/3504/3341
f 3237/3504/3341 3244/3419/3262 3245/3421/3264
f 3237/3504/3341 3245/3421/3264 3238/3505/3342
f 3238/3505/3342 3245/3421/3264 3246/3423/3266
f 3238/3505/3342 3246/3423/3266 3239/3506/3343
f 3239/3506/3343 3246/3423/3266 3247/3425/3268
f 3239/3506/3343 3247/3425/3268 2715/3427/3270
f 1258/3358/1376 2873/3507/3344 2887/3508/3345
f 2887/3508/3345 2873/3507/3344 2872/3509/3346
f 2887/3508/3345 2872/3509/3346 2886/3510/3347
f 2886/3510/3347 2872/3509/3346 2871/3511/3348
f 2886/3510/3347 2871/3511/3348 2885/3512/3349
f 2885/3512/3349 2871/3511/3348 2870/3513/3350
f 2885/3512/3349 2870/3513/3350 2884/3433/3276
f 2884/3433/3276 2870/3513/3350 2869/3431/3274
f 2868/3430/3273 2866/3428/3271 2867/3514/3351
f 2867/3514/3351 2866/3428/3271 2354/3426/3269
f 2867/3514/3351 2354/3426/3269 2881/3515/3352
f 2881/3515/3352 2354/3426/3269 3233/3472/3309
f 2881/3515/3352 3233/3472/3309 3232/3474/3311
f 1258/3358/1376 2887/3508/3345 2716/3516/3353
f 2716/3516/3353 2887/3508/3345 2886/3510/3347
f 2716/3516/3353 2886/3510/3347 3228/3517/3354
f 3228/3517/3354 2886/3510/3347 2885/3512/3349
f 3228/3517/3354 2885/3512/3349 3229/3435/3278
f 3229/3435/3278 2885/3512/3349 2884/3433/3276
f 1259/3301/1357 3196/3361/3205 3189/3518/3355
f 3189/3518/3355 3196/3361/3205 3197/3363/3207
f 3189/3518/3355 3197/3363/3207 3190/3519/3356
f 3190/3519/3356 3197/3363/3207 3198/3365/3209
f 3190/3519/3356 3198/3365/3209 3191/3520/3357
f 3191/3520/3357 3198/3365/3209 3199/3367/3211
f 3191/3520/3357 3199/3367/3211 3192/3521/3358
f 3192/3521/3358 3199/3367/3211 3200/3369/3213
f 3192/3521/3358 3200/3369/3213 3193/3522/3359
f 3193/3522/3359 3200/3369/3213 3201/3371/3215
f 3193/3522/3359 3201/3371/3215 3194/3523/3360
f 3194/3523/3360 3201/3371/3215 3202/3373/3217
f 3194/3523/3360 3202/3373/3217 2719/3375/3219
f 2718/3470/3307 2353/3374/3218 3215/3524/3361
f 3215/3524/3361 2353/3374/3218 3195/3372/3216
f 3215/3524/3361 3195/3372/3216 3208/3370/3214
f 2720/3525/3362 1259/3301/1357 2859/3526/3363
f 2859/3526/3363 1259/3301/1357 2846/3527/3364
f 2859/3526/3363 2846/3527/3364 2847/3528/3365
f 2847/3528/3365 2846/3527/3364 3190/3519/3356
f 2847/3528/3365 3190/3519/3356 3191/3520/3357
f 3172/3385/3229 3164/3387/3231 3171/3529/3366
f 3171/3529/3366 3164/3387/3231 1259/3301/1357
f 3171/3529/3366 1259/3301/1357 3177/3530/3367
f 3177/3530/3367 1259/3301/1357 2720/3525/3362
f 3177/3530/3367 2720/3525/3362 3184/3531/3368
f 3184/3531/3368 2720/3525/3362 2858/3532/3369
f 3184/3531/3368 2858/3532/3369 2857/3533/3370
f 2857/3533/3370 2858/3532/3369 2848/3534/3371
f 2857/3533/3370 2848/3534/3371 2849/3535/3372
f 2849/3535/3372 2848/3534/3371 3192/3521/3358
f 2849/3535/3372 3192/3521/3358 3193/3522/3359
f 1259/3301/1357 3146/3390/3234 3139/3536/3373
f 3139/3536/3373 3146/3390/3234 3147/3392/3236
f 3139/3536/3373 3147/3392/3236 3140/3537/3374
f 3140/3537/3374 3147/3392/3236 3148/3394/3238
f 3140/3537/3374 3148/3394/3238 3141/3538/3375
f 3141/3538/3375 3148/3394/3238 3149/3396/3240
f 3141/3538/3375 3149/3396/3240 3142/3539/3376
f 3142/3539/3376 3149/3396/3240 3150/3398/3242
f 3142/3539/3376 3150/3398/3242 3143/3540/3377
f 3143/3540/3377 3150/3398/3242 3151/3400/3244
f 3143/3540/3377 3151/3400/3244 3144/3541/3378
f 3144/3541/3378 3151/3400/3244 2726/3402/3246
f 3144/3541/3378 2726/3402/3246 3145/3403/3247
f 1259/3301/1357 3139/3536/3373 2722/3542/3379
f 2722/3542/3379 3139/3536/3373 3140/3537/3374
f 2722/3542/3379 3140/3537/3374 3134/3543/3380
f 3134/3543/3380 3140/3537/3374 3141/3538/3375
f 3134/3543/3380 3141/3538/3375 3135/3544/3381
f 3135/3544/3381 3141/3538/3375 3142/3539/3376
f 3135/3544/3381 3142/3539/3376 3136/3545/3382
f 3136/3545/3382 3142/3539/3376 3143/3540/3377
f 3136/3545/3382 3143/3540/3377 3137/3546/3383
f 3137/3546/3383 3143/3540/3377 3144/3541/3378
f 3137/3546/3383 3144/3541/3378 3138/3405/3249
f 3138/3405/3249 3144/3541/3378 3145/3403/3247
f 1260/3251/1355 3100/3547/3384 3093/3548/3385
f 3093/3548/3385 3100/3547/3384 3101/3549/3386
f 3093/3548/3385 3101/3549/3386 3094/3550/3387
f 3094/3550/3387 3101/3549/3386 3102/3551/3388
f 3094/3550/3387 3102/3551/3388 3095/3552/3389
f 3095/3552/3389 3102/3551/3388 3103/3553/3390
f 3095/3552/3389 3103/3553/3390 3096/3554/3391
f 3096/3554/3391 3103/3553/3390 3104/3555/3392
f 3096/3554/3391 3104/3555/3392 3097/3556/3393
f 3097/3556/3393 3104/3555/3392 3105/3557/3394
f 3097/3556/3393 3105/3557/3394 3098/3320/3165
f 3098/3320/3165 3105/3557/3394 2728/3318/3163
f 1260/3251/1355 3093/3548/3385 2724/3558/3395
f 2724/3558/3395 3093/3548/3385 3094/3550/3387
f 2724/3558/3395 3094/3550/3387 3087/3559/3396
f 3087/3559/3396 3094/3550/3387 3095/3552/3389
f 3087/3559/3396 3095/3552/3389 3088/3560/3397
f 3088/3560/3397 3095/3552/3389 3096/3554/3391
f 3088/3560/3397 3096/3554/3391 3089/3561/3398
f 3089/3561/3398 3096/3554/3391 3097/3556/3393
f 3089/3561/3398 3097/3556/3393 3090/3322/3167
f 3090/3322/3167 3097/3556/3393 3098/3320/3165
f 1260/3251/1355 3073/3562/3399 2832/3563/3400
f 2832/3563/3400 3073/3562/3399 3074/3564/3401
f 2832/3563/3400 3074/3564/3401 2833/3328/3173
f 2833/3328/3173 3074/3564/3401 3075/3326/3171
f 2353/3374/3218 3133/3565/3402 2853/3566/3403
f 2853/3566/3403 3133/3565/3402 3188/3567/3404
f 2853/3566/3403 3188/3567/3404 2854/3378/3222
f 2854/3378/3222 3188/3567/3404 3187/3380/3224
f 2725/3568/3405 2353/3374/3218 3170/3569/3406
f 3170/3569/3406 2353/3374/3218 3119/3570/3407
f 3170/3569/3406 3119/3570/3407 3163/3571/3408
f 3163/3571/3408 3119/3570/3407 3157/3399/3243
f 3163/3571/3408 3157/3399/3243 3156/3397/3241
f 3091/3321/3166 3099/3319/3164 3079/3572/3409
f 3079/3572/3409 3099/3319/3164 2352/3317/3162
f 3079/3572/3409 2352/3317/3162 3086/3573/3410
f 3086/3573/3410 2352/3317/3162 2729/3574/3411
f 3086/3573/3410 2729/3574/3411 3078/3575/3412
f 3078/3575/3412 2729/3574/3411 2837/3576/3413
f 3078/3575/3412 2837/3576/3413 2836/3577/3414
f 2836/3577/3414 2837/3576/3413 2841/3578/3415
f 2836/3577/3414 2841/3578/3415 2842/3579/3416
f 2842/3579/3416 2841/3578/3415 3070/3580/3417
f 2842/3579/3416 3070/3580/3417 3069/3581/3418
f 3069/3581/3418 3070/3580/3417 3063/3336/3181
f 3069/3581/3418 3063/3336/3181 3062/3334/3179
f 2729/3574/3411 2352/3317/3162 2838/3582/3419
f 2838/3582/3419 2352/3317/3162 2839/3583/3420
f 2838/3582/3419 2839/3583/3420 2840/3584/3421
f 2840/3584/3421 2839/3583/3420 3072/3585/3422
f 2840/3584/3421 3072/3585/3422 3071/3586/3423
f 3071/3586/3423 3072/3585/3422 3065/3340/3185
f 3071/3586/3423 3065/3340/3185 3064/3338/3183
f 1260/3251/1355 3055/3333/3178 3048/3587/3424
f 3048/3587/3424 3055/3333/3178 3056/3335/3180
f 3048/3587/3424 3056/3335/3180 3049/3588/3425
f 3049/3588/3425 3056/3335/3180 3057/3337/3182
f 3049/3588/3425 3057/3337/3182 3050/3589/3426
f 3050/3589/3426 3057/3337/3182 3058/3339/3184
f 3050/3589/3426 3058/3339/3184 3051/3590/3427
f 3051/3590/3427 3058/3339/3184 3059/3341/3186
f 3051/3590/3427 3059/3341/3186 3052/3591/3428
f 3052/3591/3428 3059/3341/3186 3060/3343/3188
f 3052/3591/3428 3060/3343/3188 3053/3592/3429
f 3053/3592/3429 3060/3343/3188 2735/3345/3190
f 3053/3592/3429 2735/3345/3190 3054/3346/3191
f 1260/3251/1355 3048/3587/3424 2731/3593/3430
f 2731/3593/3430 3048/3587/3424 3049/3588/3425
f 2731/3593/3430 3049/3588/3425 3043/3594/3431
f 3043/3594/3431 3049/3588/3425 3050/3589/3426
f 3043/3594/3431 3050/3589/3426 3044/3595/3432
f 3044/3595/3432 3050/3589/3426 3051/3590/3427
f 3044/3595/3432 3051/3590/3427 3045/3596/3433
f 3045/3596/3433 3051/3590/3427 3052/3591/3428
f 3045/3596/3433 3052/3591/3428 3046/3597/3434
f 3046/3597/3434 3052/3591/3428 3053/3592/3429
f 3046/3597/3434 3053/3592/3429 3047/3348/3193
f 3047/3348/3193 3053/3592/3429 3054/3346/3191
f 1260/3251/1355 3030/3598/3435 3023/3599/3436
f 3023/3599/3436 3030/3598/3435 3031/3600/3437
f 3023/3599/3436 3031/3600/3437 3024/3601/3438
f 3024/3601/3438 3031/3600/3437 3032/3602/3439
f 3024/3601/3438 3032/3602/3439 3025/3354/3199
f 3025/3354/3199 3032/3602/3439 3033/3352/3197
f 1260/3251/1355 3023/3599/3436 2732/3603/3440
f 2732/3603/3440 3023/3599/3436 3024/3601/3438
f 2732/3603/3440 3024/3601/3438 3018/3356/3201
f 3018/3356/3201 3024/3601/3438 3025/3354/3199
f 1261/3225/1352 2984/3604/3441 2977/3605/3442
f 2977/3605/3442 2984/3604/3441 2985/3606/3443
f 2977/3605/3442 2985/3606/3443 2978/3607/3444
f 2978/3607/3444 2985/3606/3443 2986/3608/3445
f 2978/3607/3444 2986/3608/3445 2979/3609/3446
f 2979/3609/3446 2986/3608/3445 2987/3610/3447
f 2979/3609/3446 2987/3610/3447 2980/3611/3448
f 2980/3611/3448 2987/3610/3447 2988/3612/3449
f 2980/3611/3448 2988/3612/3449 2981/3272/3118
f 2981/3272/3118 2988/3612/3449 2989/3270/3116
f 1261/3225/1352 2977/3605/3442 2734/3613/3450
f 2734/3613/3450 2977/3605/3442 2978/3607/3444
f 2734/3613/3450 2978/3607/3444 2971/3614/3451
f 2971/3614/3451 2978/3607/3444 2979/3609/3446
f 2971/3614/3451 2979/3609/3446 2972/3615/3452
f 2972/3615/3452 2979/3609/3446 2980/3611/3448
f 2972/3615/3452 2980/3611/3448 2973/3274/3120
f 2973/3274/3120 2980/3611/3448 2981/3272/3118
f 2958/3278/3124 2818/3280/3126 2957/3616/3453
f 2957/3616/3453 2818/3280/3126 1261/3225/1352
f 2957/3616/3453 1261/3225/1352 2964/3617/3454
f 2964/3617/3454 1261/3225/1352 2734/3613/3450
f 2964/3617/3454 2734/3613/3450 2971/3614/3451
f 3072/3585/3422 2839/3583/3420 3017/3618/3455
f 3017/3618/3455 2839/3583/3420 2352/3317/3162
f 3017/3618/3455 2352/3317/3162 3067/3344/3189
f 2351/3267/3113 3010/3265/3111 2737/3619/3456
f 2737/3619/3456 3010/3265/3111 3009/3263/3109
f 2737/3619/3456 3009/3263/3109 3016/3620/3457
f 3016/3620/3457 3009/3263/3109 3008/3261/3107
f 3016/3620/3457 3008/3261/3107 3015/3621/3458
f 3015/3621/3458 3008/3261/3107 3007/3259/3105
f 3015/3621/3458 3007/3259/3105 3014/3622/3459
f 3014/3622/3459 3007/3259/3105 3006/3257/3103
f 3014/3622/3459 3006/3257/3103 3013/3623/3460
f 3013/3623/3460 3006/3257/3103 3005/3255/3101
f 3013/3623/3460 3005/3255/3101 3012/3357/3202
f 3012/3357/3202 3005/3255/3101 3004/3253/3099
f 2738/3269/3115 2351/3267/3113 2983/3624/3461
f 2983/3624/3461 2351/3267/3113 2963/3625/3462
f 2983/3624/3461 2963/3625/3462 2975/3626/3463
f 2975/3626/3463 2963/3625/3462 2969/3627/3464
f 2975/3626/3463 2969/3627/3464 2968/3628/3465
f 2968/3628/3465 2969/3627/3464 2961/3629/3466
f 2968/3628/3465 2961/3629/3466 2960/3630/3467
f 2960/3630/3467 2961/3629/3466 2821/3631/3468
f 2960/3630/3467 2821/3631/3468 2820/3632/3469
f 2820/3632/3469 2821/3631/3468 2829/3633/3470
f 2820/3632/3469 2829/3633/3470 2830/3634/3471
f 2830/3634/3471 2829/3633/3470 2952/3284/3130
f 2830/3634/3471 2952/3284/3130 2740/3282/3128
f 2739/3635/3472 2351/3267/3113 2824/3636/3473
f 2824/3636/3473 2351/3267/3113 2825/3637/3474
f 2824/3636/3473 2825/3637/3474 2826/3638/3475
f 2826/3638/3475 2825/3637/3474 2956/3292/3138
f 2826/3638/3475 2956/3292/3138 2955/3290/3136
f 2830/3634/3471 2740/3282/3128 2831/3281/3127
f 1261/3225/1352 2939/3639/3476 2933/3640/3477
f 2933/3640/3477 2939/3639/3476 2940/3641/3478
f 2933/3640/3477 2940/3641/3478 2934/3642/3479
f 2934/3642/3479 2940/3641/3478 2941/3643/3480
f 2934/3642/3479 2941/3643/3480 2935/3644/3481
f 2935/3644/3481 2941/3643/3480 2942/3645/3482
f 2935/3644/3481 2942/3645/3482 2936/3646/3483
f 2936/3646/3483 2942/3645/3482 2943/3647/3484
f 2936/3646/3483 2943/3647/3484 2937/3648/3485
f 2937/3648/3485 2943/3647/3484 2944/3649/3486
f 2937/3648/3485 2944/3649/3486 2938/3298/3144
f 2938/3298/3144 2944/3649/3486 2926/3296/3142
f 1261/3225/1352 2933/3640/3477 2741/3226/3073
f 2741/3226/3073 2933/3640/3477 2934/3642/3479
f 2741/3226/3073 2934/3642/3479 2927/3650/3487
f 2927/3650/3487 2934/3642/3479 2935/3644/3481
f 2927/3650/3487 2935/3644/3481 2928/3651/3488
f 2928/3651/3488 2935/3644/3481 2936/3646/3483
f 2928/3651/3488 2936/3646/3483 2929/3652/3489
f 2929/3652/3489 2936/3646/3483 2937/3648/3485
f 2929/3652/3489 2937/3648/3485 2930/3300/3146
f 2930/3300/3146 2937/3648/3485 2938/3298/3144
f 1262/3208/1353 2913/3228/3075 2742/3653/3490
f 2742/3653/3490 2913/3228/3075 2914/3230/3077
f 2742/3653/3490 2914/3230/3077 2907/3654/3491
f 2907/3654/3491 2914/3230/3077 2915/3232/3079
f 2907/3654/3491 2915/3232/3079 2908/3655/3492
f 2908/3655/3492 2915/3232/3079 2916/3234/3081
f 2908/3655/3492 2916/3234/3081 2909/3656/3493
f 2909/3656/3493 2916/3234/3081 2917/3236/3083
f 2909/3656/3493 2917/3236/3083 2910/3657/3494
f 2910/3657/3494 2917/3236/3083 2918/3238/3085
f 2910/3657/3494 2918/3238/3085 2911/3658/3495
f 2911/3658/3495 2918/3238/3085 2919/3240/3087
f 2911/3658/3495 2919/3240/3087 2745/3242/3089
f 2825/3637/3474 2351/3267/3113 2743/3294/3140
f 2925/3237/3084 2932/3486/3323 2912/3239/3086
f 2912/3239/3086 2932/3486/3323 2350/3241/3088
f 2746/3659/3496 1262/3208/1353 2817/3660/3497
f 2817/3660/3497 1262/3208/1353 2804/3661/3498
f 2817/3660/3497 2804/3661/3498 2805/3662/3499
f 2805/3662/3499 2804/3661/3498 2907/3654/3491
f 2805/3662/3499 2907/3654/3491 2908/3655/3492
f 2894/3487/3324 2349/3224/3072 2747/3222/3070
f 2753/3184/3039 2752/3186/3041 2760/3663/3500
f 2760/3663/3500 2752/3186/3041 2759/3188/3043
f 2760/3663/3500 2759/3188/3043 2767/3664/3501
f 2767/3664/3501 2759/3188/3043 2766/3190/3045
f 2767/3664/3501 2766/3190/3045 2774/3665/3502
f 2774/3665/3502 2766/3190/3045 2773/3192/3047
f 2774/3665/3502 2773/3192/3047 2781/3666/3503
f 2781/3666/3503 2773/3192/3047 2780/3194/3049
f 2781/3666/3503 2780/3194/3049 2788/3170/3027
f 2788/3170/3027 2780/3194/3049 2787/3172/3029
f 2754/3182/3037 2753/3184/3039 2761/3667/3504
f 2761/3667/3504 2753/3184/3039 2760/3663/3500
f 2761/3667/3504 2760/3663/3500 2768/3668/3505
f 2768/3668/3505 2760/3663/3500 2767/3664/3501
f 2768/3668/3505 2767/3664/3501 2775/3669/3506
f 2775/3669/3506 2767/3664/3501 2774/3665/3502
f 2775/3669/3506 2774/3665/3502 2782/3670/3507
f 2782/3670/3507 2774/3665/3502 2781/3666/3503
f 2782/3670/3507 2781/3666/3503 2789/3168/3025
f 2789/3168/3025 2781/3666/3503 2788/3170/3027
f 2763/3156/3013 2756/3154/3011 2755/3180/3035
f 2755/3180/3035 2754/3182/3037 2762/3671/3508
f 2762/3671/3508 2754/3182/3037 2761/3667/3504
f 2762/3671/3508 2761/3667/3504 2769/3672/3509
f 2769/3672/3509 2761/3667/3504 2768/3668/3505
f 2769/3672/3509 2768/3668/3505 2776/3673/3510
f 2776/3673/3510 2768/3668/3505 2775/3669/3506
f 2776/3673/3510 2775/3669/3506 2783/3674/3511
f 2783/3674/3511 2775/3669/3506 2782/3670/3507
f 2783/3674/3511 2782/3670/3507 2790/3166/3023
f 2790/3166/3023 2782/3670/3507 2789/3168/3025
f 2770/3158/3015 2763/3156/3013 2762/3671/3508
f 2762/3671/3508 2763/3156/3013 2755/3180/3035
f 2770/3158/3015 2762/3671/3508 2769/3672/3509
f 2777/3160/3017 2770/3158/3015 2769/3672/3509
f 2777/3160/3017 2769/3672/3509 2776/3673/3510
f 2784/3162/3019 2777/3160/3017 2776/3673/3510
f 2784/3162/3019 2776/3673/3510 2783/3674/3511
f 2791/3164/3021 2784/3162/3019 2783/3674/3511
f 2791/3164/3021 2783/3674/3511 2790/3166/3023
f 2803/3175/3032 2748/3177/3034 2793/3213/3061
f 2793/3213/3061 2748/3177/3034 2792/3211/3059
f 2802/3173/3030 2803/3175/3032 2794/3215/3063
f 2794/3215/3063 2803/3175/3032 2793/3213/3061
f 2801/3171/3028 2802/3173/3030 2795/3217/3065
f 2795/3217/3065 2802/3173/3030 2794/3215/3063
f 2800/3169/3026 2801/3171/3028 2796/3219/3067
f 2796/3219/3067 2801/3171/3028 2795/3217/3065
f 2799/3167/3024 2800/3169/3026 2797/3221/3069
f 2797/3221/3069 2800/3169/3026 2796/3219/3067
f 2749/3165/3022 2799/3167/3024 2798/3223/3071
f 2798/3223/3071 2799/3167/3024 2797/3221/3069
f 1263/3179/1354 2792/3211/3059 2748/3177/3034
f 2805/3662/3499 2806/3675/3512 2816/3676/3513
f 2816/3676/3513 2806/3675/3512 2815/3677/3514
f 2816/3676/3513 2815/3677/3514 2901/3678/3515
f 2901/3678/3515 2815/3677/3514 2902/3679/3516
f 2901/3678/3515 2902/3679/3516 2896/3680/3517
f 2896/3680/3517 2902/3679/3516 2897/3250/3097
f 2896/3680/3517 2897/3250/3097 2889/3212/3060
f 2742/3653/3490 2907/3654/3491 2804/3661/3498
f 2806/3675/3512 2807/3681/3518 2815/3677/3514
f 2815/3677/3514 2807/3681/3518 2814/3682/3519
f 2815/3677/3514 2814/3682/3519 2902/3679/3516
f 2902/3679/3516 2814/3682/3519 2903/3248/3095
f 2902/3679/3516 2903/3248/3095 2897/3250/3097
f 2805/3662/3499 2908/3655/3492 2806/3675/3512
f 2806/3675/3512 2908/3655/3492 2909/3656/3493
f 2806/3675/3512 2909/3656/3493 2807/3681/3518
f 2807/3681/3518 2909/3656/3493 2910/3657/3494
f 2807/3681/3518 2910/3657/3494 2808/3683/3520
f 2808/3683/3520 2910/3657/3494 2911/3658/3495
f 2808/3683/3520 2911/3658/3495 2809/3244/3091
f 2809/3244/3091 2911/3658/3495 2745/3242/3089
f 2807/3681/3518 2808/3683/3520 2814/3682/3519
f 2814/3682/3519 2808/3683/3520 2813/3246/3093
f 2814/3682/3519 2813/3246/3093 2903/3248/3095
f 2808/3683/3520 2809/3244/3091 2813/3246/3093
f 2811/3489/3326 2812/3245/3092 2810/3243/3090
f 2350/3241/3088 2811/3489/3326 2810/3243/3090
f 2746/3659/3496 2817/3660/3497 2816/3676/3513
f 2816/3676/3513 2817/3660/3497 2805/3662/3499
f 2746/3659/3496 2816/3676/3513 2901/3678/3515
f 1262/3208/1353 2746/3659/3496 2895/3209/3057
f 2895/3209/3057 2746/3659/3496 2901/3678/3515
f 2895/3209/3057 2901/3678/3515 2896/3680/3517
f 2742/3653/3490 2804/3661/3498 1262/3208/1353
f 2830/3634/3471 2831/3281/3127 2819/3279/3125
f 2830/3634/3471 2819/3279/3125 2820/3632/3469
f 2820/3632/3469 2819/3279/3125 2959/3277/3123
f 2820/3632/3469 2959/3277/3123 2960/3630/3467
f 2960/3630/3467 2959/3277/3123 2967/3275/3121
f 2960/3630/3467 2967/3275/3121 2968/3628/3465
f 2968/3628/3465 2967/3275/3121 2974/3273/3119
f 2968/3628/3465 2974/3273/3119 2975/3626/3463
f 2975/3626/3463 2974/3273/3119 2982/3271/3117
f 2975/3626/3463 2982/3271/3117 2983/3624/3461
f 2983/3624/3461 2982/3271/3117 2738/3269/3115
f 2821/3631/3468 2822/3684/3521 2828/3685/3522
f 2828/3685/3522 2822/3684/3521 2827/3686/3523
f 2828/3685/3522 2827/3686/3523 2954/3288/3134
f 2954/3288/3134 2827/3686/3523 2955/3290/3136
f 2822/3684/3521 2823/3687/3524 2827/3686/3523
f 2827/3686/3523 2823/3687/3524 2826/3638/3475
f 2827/3686/3523 2826/3638/3475 2955/3290/3136
f 2821/3631/3468 2961/3629/3466 2822/3684/3521
f 2822/3684/3521 2961/3629/3466 2962/3688/3525
f 2822/3684/3521 2962/3688/3525 2823/3687/3524
f 2823/3687/3524 2962/3688/3525 2739/3635/3472
f 2823/3687/3524 2739/3635/3472 2824/3636/3473
f 2823/3687/3524 2824/3636/3473 2826/3638/3475
f 2351/3267/3113 2739/3635/3472 2970/3689/3526
f 2970/3689/3526 2739/3635/3472 2962/3688/3525
f 2970/3689/3526 2962/3688/3525 2969/3627/3464
f 2969/3627/3464 2962/3688/3525 2961/3629/3466
f 2743/3294/3140 2956/3292/3138 2825/3637/3474
f 2821/3631/3468 2828/3685/3522 2829/3633/3470
f 2829/3633/3470 2828/3685/3522 2953/3286/3132
f 2829/3633/3470 2953/3286/3132 2952/3284/3130
f 2953/3286/3132 2828/3685/3522 2954/3288/3134
f 2939/3639/3476 1261/3225/1352 2945/3283/3129
f 1260/3251/1355 2832/3563/3400 2845/3330/3175
f 2845/3330/3175 2832/3563/3400 2833/3328/3173
f 2834/3327/3172 2835/3690/3527 2843/3691/3528
f 2843/3691/3528 2835/3690/3527 2842/3579/3416
f 2843/3691/3528 2842/3579/3416 3069/3581/3418
f 2842/3579/3416 2835/3690/3527 2836/3577/3414
f 2836/3577/3414 2835/3690/3527 3077/3692/3529
f 2836/3577/3414 3077/3692/3529 3078/3575/3412
f 3078/3575/3412 3077/3692/3529 3085/3693/3530
f 3078/3575/3412 3085/3693/3530 3086/3573/3410
f 3086/3573/3410 3085/3693/3530 3079/3572/3409
f 3077/3692/3529 2835/3690/3527 3076/3325/3170
f 3076/3325/3170 2835/3690/3527 2834/3327/3172
f 2841/3578/3415 2837/3576/3413 2840/3584/3421
f 2840/3584/3421 2837/3576/3413 2838/3582/3419
f 2838/3582/3419 2837/3576/3413 2729/3574/3411
f 3070/3580/3417 2841/3578/3415 3071/3586/3423
f 3071/3586/3423 2841/3578/3415 2840/3584/3421
f 2834/3327/3172 2843/3691/3528 2844/3329/3174
f 2844/3329/3174 2843/3691/3528 3068/3694/3531
f 2844/3329/3174 3068/3694/3531 2730/3331/3176
f 2730/3331/3176 3068/3694/3531 3061/3332/3177
f 3068/3694/3531 2843/3691/3528 3069/3581/3418
f 2859/3526/3363 2847/3528/3365 2858/3532/3369
f 2858/3532/3369 2847/3528/3365 2848/3534/3371
f 3189/3518/3355 3190/3519/3356 2846/3527/3364
f 3192/3521/3358 2848/3534/3371 3191/3520/3357
f 3191/3520/3357 2848/3534/3371 2847/3528/3365
f 2849/3535/3372 2850/3695/3532 2856/3696/3533
f 2856/3696/3533 2850/3695/3532 2855/3379/3223
f 2856/3696/3533 2855/3379/3223 3186/3381/3225
f 2855/3379/3223 2850/3695/3532 2851/3377/3221
f 2851/3377/3221 2850/3695/3532 3194/3523/3360
f 2851/3377/3221 3194/3523/3360 2719/3375/3219
f 3194/3523/3360 2850/3695/3532 3193/3522/3359
f 3193/3522/3359 2850/3695/3532 2849/3535/3372
f 2853/3566/3403 2854/3378/3222 2852/3376/3220
f 2353/3374/3218 2853/3566/3403 2852/3376/3220
f 2849/3535/3372 2856/3696/3533 2857/3533/3370
f 2857/3533/3370 2856/3696/3533 3185/3697/3534
f 2857/3533/3370 3185/3697/3534 3184/3531/3368
f 3184/3531/3368 3185/3697/3534 3178/3698/3535
f 3184/3531/3368 3178/3698/3535 3177/3530/3367
f 3177/3530/3367 3178/3698/3535 3171/3529/3366
f 3185/3697/3534 2856/3696/3533 3186/3381/3225
f 2720/3525/3362 2859/3526/3363 2858/3532/3369
f 3189/3518/3355 2846/3527/3364 1259/3301/1357
f 2872/3509/3346 2873/3507/3344 2861/3699/3536
f 2861/3699/3536 2873/3507/3344 2860/3700/3537
f 2861/3699/3536 2860/3700/3537 3235/3502/3339
f 3235/3502/3339 2860/3700/3537 3234/3501/3338
f 2871/3511/3348 2872/3509/3346 2862/3701/3538
f 2862/3701/3538 2872/3509/3346 2861/3699/3536
f 2862/3701/3538 2861/3699/3536 3236/3503/3340
f 3236/3503/3340 2861/3699/3536 3235/3502/3339
f 2870/3513/3350 2871/3511/3348 2863/3702/3539
f 2863/3702/3539 2871/3511/3348 2862/3701/3538
f 2863/3702/3539 2862/3701/3538 3237/3504/3341
f 3237/3504/3341 2862/3701/3538 3236/3503/3340
f 2869/3431/3274 2870/3513/3350 2864/3703/3540
f 2864/3703/3540 2870/3513/3350 2863/3702/3539
f 2864/3703/3540 2863/3702/3539 3238/3505/3342
f 3238/3505/3342 2863/3702/3539 3237/3504/3341
f 2869/3431/3274 2864/3703/3540 2865/3429/3272
f 2865/3429/3272 2864/3703/3540 3239/3506/3343
f 2865/3429/3272 3239/3506/3343 2715/3427/3270
f 3239/3506/3343 2864/3703/3540 3238/3505/3342
f 2868/3430/3273 2867/3514/3351 2882/3704/3541
f 2882/3704/3541 2867/3514/3351 2881/3515/3352
f 2882/3704/3541 2881/3515/3352 3232/3474/3311
f 3234/3501/3338 2860/3700/3537 1258/3358/1376
f 1258/3358/1376 2860/3700/3537 2873/3507/3344
f 2712/3442/3284 2880/3441/3283 2879/3460/3301
f 3274/3446/3288 3273/3444/3286 2878/3462/3302
f 2878/3462/3302 3273/3444/3286 2879/3460/3301
f 3260/3491/3328 1257/3410/1375 3267/3443/3285
f 3273/3444/3286 2712/3442/3284 2879/3460/3301
f 2868/3430/3273 2882/3704/3541 2883/3432/3275
f 2883/3432/3275 2882/3704/3541 3231/3476/3313
f 2883/3432/3275 3231/3476/3313 3230/3434/3277
f 3231/3476/3313 2882/3704/3541 3232/3474/3311
f 1258/3358/1376 2716/3516/3353 3222/3705/3542
f 3222/3705/3542 2716/3516/3353 3228/3517/3354
f 3222/3705/3542 3228/3517/3354 3223/3437/3280
f 3223/3437/3280 3228/3517/3354 3229/3435/3278
f 2896/3680/3517 2889/3212/3060 2888/3210/3058
f 2895/3209/3057 2896/3680/3517 2888/3210/3058
f 2890/3214/3062 2898/3249/3096 2891/3216/3064
f 2891/3216/3064 2898/3249/3096 2899/3706/3543
f 2891/3216/3064 2899/3706/3543 2892/3218/3066
f 2892/3218/3066 2899/3706/3543 2900/3707/3544
f 2892/3218/3066 2900/3707/3544 2893/3220/3068
f 2893/3220/3068 2900/3707/3544 2894/3487/3324
f 2893/3220/3068 2894/3487/3324 2747/3222/3070
f 2898/3249/3096 2904/3247/3094 2899/3706/3543
f 2899/3706/3543 2904/3247/3094 2905/3490/3327
f 2899/3706/3543 2905/3490/3327 2900/3707/3544
f 2900/3707/3544 2905/3490/3327 2906/3488/3325
f 2900/3707/3544 2906/3488/3325 2894/3487/3324
f 2741/3226/3073 2927/3650/3487 2920/3227/3074
f 2920/3227/3074 2927/3650/3487 2921/3229/3076
f 2927/3650/3487 2928/3651/3488 2921/3229/3076
f 2921/3229/3076 2928/3651/3488 2922/3231/3078
f 2928/3651/3488 2929/3652/3489 2922/3231/3078
f 2922/3231/3078 2929/3652/3489 2923/3233/3080
f 2929/3652/3489 2930/3300/3146 2923/3233/3080
f 2945/3283/3129 2946/3285/3131 2939/3639/3476
f 2939/3639/3476 2946/3285/3131 2940/3641/3478
f 2946/3285/3131 2947/3287/3133 2940/3641/3478
f 2940/3641/3478 2947/3287/3133 2941/3643/3480
f 2947/3287/3133 2948/3289/3135 2941/3643/3480
f 2941/3643/3480 2948/3289/3135 2942/3645/3482
f 2948/3289/3135 2949/3291/3137 2942/3645/3482
f 2942/3645/3482 2949/3291/3137 2943/3647/3484
f 2951/3295/3141 2926/3296/3142 2944/3649/3486
f 2949/3291/3137 2950/3293/3139 2943/3647/3484
f 2943/3647/3484 2950/3293/3139 2944/3649/3486
f 2950/3293/3139 2951/3295/3141 2944/3649/3486
f 2958/3278/3124 2957/3616/3453 2965/3708/3545
f 2965/3708/3545 2957/3616/3453 2964/3617/3454
f 2965/3708/3545 2964/3617/3454 2971/3614/3451
f 2969/3627/3464 2963/3625/3462 2970/3689/3526
f 2970/3689/3526 2963/3625/3462 2351/3267/3113
f 2958/3278/3124 2965/3708/3545 2966/3276/3122
f 2966/3276/3122 2965/3708/3545 2972/3615/3452
f 2966/3276/3122 2972/3615/3452 2973/3274/3120
f 2972/3615/3452 2965/3708/3545 2971/3614/3451
f 2351/3267/3113 2737/3619/3456 2990/3480/3317
f 2990/3480/3317 2737/3619/3456 3016/3620/3457
f 2990/3480/3317 3016/3620/3457 3022/3709/3546
f 3022/3709/3546 3016/3620/3457 3015/3621/3458
f 3022/3709/3546 3015/3621/3458 3021/3710/3547
f 3021/3710/3547 3015/3621/3458 3014/3622/3459
f 3021/3710/3547 3014/3622/3459 3020/3711/3548
f 3020/3711/3548 3014/3622/3459 3013/3623/3460
f 3020/3711/3548 3013/3623/3460 3019/3355/3200
f 3019/3355/3200 3013/3623/3460 3012/3357/3202
f 2985/3606/3443 2984/3604/3441 2992/3712/3549
f 2992/3712/3549 2984/3604/3441 2991/3713/3550
f 2992/3712/3549 2991/3713/3550 2998/3256/3102
f 2998/3256/3102 2991/3713/3550 2733/3254/3100
f 2986/3608/3445 2985/3606/3443 2993/3714/3551
f 2993/3714/3551 2985/3606/3443 2992/3712/3549
f 2993/3714/3551 2992/3712/3549 2999/3258/3104
f 2999/3258/3104 2992/3712/3549 2998/3256/3102
f 2987/3610/3447 2986/3608/3445 2994/3715/3552
f 2994/3715/3552 2986/3608/3445 2993/3714/3551
f 2994/3715/3552 2993/3714/3551 3000/3260/3106
f 3000/3260/3106 2993/3714/3551 2999/3258/3104
f 2988/3612/3449 2987/3610/3447 2995/3716/3553
f 2995/3716/3553 2987/3610/3447 2994/3715/3552
f 2995/3716/3553 2994/3715/3552 3001/3262/3108
f 3001/3262/3108 2994/3715/3552 3000/3260/3106
f 2989/3270/3116 2988/3612/3449 2996/3717/3554
f 2996/3717/3554 2988/3612/3449 2995/3716/3553
f 2996/3717/3554 2995/3716/3553 3002/3264/3110
f 3002/3264/3110 2995/3716/3553 3001/3262/3108
f 2991/3713/3550 2984/3604/3441 1261/3225/1352
f 2976/3266/3112 2997/3268/3114 2996/3717/3554
f 2996/3717/3554 2997/3268/3114 2989/3270/3116
f 2976/3266/3112 2996/3717/3554 3002/3264/3110
f 2352/3317/3162 2736/3482/3319 3042/3718/3555
f 3042/3718/3555 2736/3482/3319 3035/3484/3321
f 3042/3718/3555 3035/3484/3321 3041/3349/3194
f 3041/3349/3194 3035/3484/3321 3034/3351/3196
f 2733/3254/3100 2991/3713/3550 1261/3225/1352
f 3041/3349/3194 3003/3347/3192 3042/3718/3555
f 3042/3718/3555 3003/3347/3192 2352/3317/3162
f 2732/3603/3440 3018/3356/3201 3011/3252/3098
f 1260/3251/1355 2732/3603/3440 3011/3252/3098
f 3019/3355/3200 3026/3353/3198 3020/3711/3548
f 3020/3711/3548 3026/3353/3198 3027/3485/3322
f 3020/3711/3548 3027/3485/3322 3021/3710/3547
f 3021/3710/3547 3027/3485/3322 3028/3483/3320
f 3021/3710/3547 3028/3483/3320 3022/3709/3546
f 3022/3709/3546 3028/3483/3320 3029/3481/3318
f 3022/3709/3546 3029/3481/3318 2990/3480/3317
f 3031/3600/3437 3030/3598/3435 3037/3719/3556
f 3037/3719/3556 3030/3598/3435 3036/3720/3557
f 3037/3719/3556 3036/3720/3557 3043/3594/3431
f 3043/3594/3431 3036/3720/3557 2731/3593/3430
f 3032/3602/3439 3031/3600/3437 3038/3721/3558
f 3038/3721/3558 3031/3600/3437 3037/3719/3556
f 3038/3721/3558 3037/3719/3556 3044/3595/3432
f 3044/3595/3432 3037/3719/3556 3043/3594/3431
f 3033/3352/3197 3032/3602/3439 3039/3722/3559
f 3039/3722/3559 3032/3602/3439 3038/3721/3558
f 3039/3722/3559 3038/3721/3558 3045/3596/3433
f 3045/3596/3433 3038/3721/3558 3044/3595/3432
f 3036/3720/3557 3030/3598/3435 1260/3251/1355
f 3033/3352/3197 3039/3722/3559 3040/3350/3195
f 3040/3350/3195 3039/3722/3559 3046/3597/3434
f 3040/3350/3195 3046/3597/3434 3047/3348/3193
f 3046/3597/3434 3039/3722/3559 3045/3596/3433
f 2731/3593/3430 3036/3720/3557 1260/3251/1355
f 3069/3581/3418 3062/3334/3179 3068/3694/3531
f 3068/3694/3531 3062/3334/3179 3061/3332/3177
f 3071/3586/3423 3064/3338/3183 3070/3580/3417
f 3070/3580/3417 3064/3338/3183 3063/3336/3181
f 3017/3618/3455 3067/3344/3189 3066/3342/3187
f 3017/3618/3455 3066/3342/3187 3072/3585/3422
f 3072/3585/3422 3066/3342/3187 3065/3340/3185
f 3074/3564/3401 3073/3562/3399 3081/3723/3560
f 3081/3723/3560 3073/3562/3399 3080/3724/3561
f 3081/3723/3560 3080/3724/3561 3087/3559/3396
f 3087/3559/3396 3080/3724/3561 2724/3558/3395
f 3075/3326/3171 3074/3564/3401 3082/3725/3562
f 3082/3725/3562 3074/3564/3401 3081/3723/3560
f 3082/3725/3562 3081/3723/3560 3088/3560/3397
f 3088/3560/3397 3081/3723/3560 3087/3559/3396
f 3085/3693/3530 3077/3692/3529 3084/3323/3168
f 3084/3323/3168 3077/3692/3529 3076/3325/3170
f 3080/3724/3561 3073/3562/3399 1260/3251/1355
f 3075/3326/3171 3082/3725/3562 3083/3324/3169
f 3083/3324/3169 3082/3725/3562 3089/3561/3398
f 3083/3324/3169 3089/3561/3398 3090/3322/3167
f 3089/3561/3398 3082/3725/3562 3088/3560/3397
f 3079/3572/3409 3085/3693/3530 3091/3321/3166
f 3091/3321/3166 3085/3693/3530 3084/3323/3168
f 2724/3558/3395 3080/3724/3561 1260/3251/1355
f 3107/3304/3149 3108/3306/3151 3100/3547/3384
f 3100/3547/3384 3108/3306/3151 3101/3549/3386
f 3108/3306/3151 3109/3308/3153 3101/3549/3386
f 3101/3549/3386 3109/3308/3153 3102/3551/3388
f 3109/3308/3153 3110/3310/3155 3102/3551/3388
f 3102/3551/3388 3110/3310/3155 3103/3553/3390
f 3110/3310/3155 3111/3312/3157 3103/3553/3390
f 3103/3553/3390 3111/3312/3157 3104/3555/3392
f 3113/3316/3161 2728/3318/3163 3105/3557/3394
f 3111/3312/3157 3112/3314/3159 3104/3555/3392
f 3104/3555/3392 3112/3314/3159 3105/3557/3394
f 3132/3406/3250 3106/3404/3248 2727/3478/3315
f 3112/3314/3159 3113/3316/3161 3105/3557/3394
f 3107/3304/3149 3100/3547/3384 1260/3251/1355
f 3119/3570/3407 2353/3374/3218 3158/3401/3245
f 3114/3305/3150 2723/3303/3148 3121/3726/3563
f 3121/3726/3563 2723/3303/3148 3120/3302/3147
f 3121/3726/3563 3120/3302/3147 3128/3727/3564
f 3128/3727/3564 3120/3302/3147 3127/3728/3565
f 3128/3727/3564 3127/3728/3565 3134/3543/3380
f 3134/3543/3380 3127/3728/3565 2722/3542/3379
f 3115/3307/3152 3114/3305/3150 3122/3729/3566
f 3122/3729/3566 3114/3305/3150 3121/3726/3563
f 3122/3729/3566 3121/3726/3563 3129/3730/3567
f 3129/3730/3567 3121/3726/3563 3128/3727/3564
f 3129/3730/3567 3128/3727/3564 3135/3544/3381
f 3135/3544/3381 3128/3727/3564 3134/3543/3380
f 3116/3309/3154 3124/3408/3252 3117/3311/3156
f 3117/3311/3156 3124/3408/3252 3125/3731/3568
f 3117/3311/3156 3125/3731/3568 3118/3313/3158
f 3118/3313/3158 3125/3731/3568 3126/3479/3316
f 3157/3399/3243 3119/3570/3407 3158/3401/3245
f 3115/3307/3152 3122/3729/3566 3123/3409/3253
f 3123/3409/3253 3122/3729/3566 3130/3732/3569
f 3123/3409/3253 3130/3732/3569 3131/3407/3251
f 3131/3407/3251 3130/3732/3569 3137/3546/3383
f 3131/3407/3251 3137/3546/3383 3138/3405/3249
f 3130/3732/3569 3122/3729/3566 3129/3730/3567
f 2727/3478/3315 3126/3479/3316 3125/3731/3568
f 2727/3478/3315 3125/3731/3568 3132/3406/3250
f 3132/3406/3250 3125/3731/3568 3124/3408/3252
f 2353/3374/3218 2725/3568/3405 3183/3733/3570
f 3183/3733/3570 2725/3568/3405 3176/3734/3571
f 3183/3733/3570 3176/3734/3571 3182/3735/3572
f 3182/3735/3572 3176/3734/3571 3175/3736/3573
f 3182/3735/3572 3175/3736/3573 3181/3737/3574
f 3181/3737/3574 3175/3736/3573 3174/3738/3575
f 3181/3737/3574 3174/3738/3575 3180/3382/3226
f 3180/3382/3226 3174/3738/3575 3173/3384/3228
f 3135/3544/3381 3136/3545/3382 3129/3730/3567
f 3129/3730/3567 3136/3545/3382 3130/3732/3569
f 3136/3545/3382 3137/3546/3383 3130/3732/3569
f 2353/3374/3218 3183/3733/3570 3133/3565/3402
f 3133/3565/3402 3183/3733/3570 3182/3735/3572
f 3133/3565/3402 3182/3735/3572 3188/3567/3404
f 3188/3567/3404 3182/3735/3572 3181/3737/3574
f 3188/3567/3404 3181/3737/3574 3187/3380/3224
f 3187/3380/3224 3181/3737/3574 3180/3382/3226
f 2722/3542/3379 3127/3728/3565 1259/3301/1357
f 1259/3301/1357 3127/3728/3565 3120/3302/3147
f 3153/3391/3235 3152/3389/3233 3159/3739/3576
f 3159/3739/3576 3152/3389/3233 2721/3388/3232
f 3159/3739/3576 2721/3388/3232 3165/3386/3230
f 3154/3393/3237 3153/3391/3235 3160/3740/3577
f 3160/3740/3577 3153/3391/3235 3159/3739/3576
f 3160/3740/3577 3159/3739/3576 3166/3741/3578
f 3166/3741/3578 3159/3739/3576 3165/3386/3230
f 3166/3741/3578 3165/3386/3230 3173/3384/3228
f 3155/3395/3239 3154/3393/3237 3161/3742/3579
f 3161/3742/3579 3154/3393/3237 3160/3740/3577
f 3161/3742/3579 3160/3740/3577 3167/3743/3580
f 3167/3743/3580 3160/3740/3577 3166/3741/3578
f 3167/3743/3580 3166/3741/3578 3174/3738/3575
f 3174/3738/3575 3166/3741/3578 3173/3384/3228
f 3156/3397/3241 3155/3395/3239 3162/3744/3581
f 3162/3744/3581 3155/3395/3239 3161/3742/3579
f 3162/3744/3581 3161/3742/3579 3168/3745/3582
f 3168/3745/3582 3161/3742/3579 3167/3743/3580
f 3168/3745/3582 3167/3743/3580 3175/3736/3573
f 3175/3736/3573 3167/3743/3580 3174/3738/3575
f 3156/3397/3241 3162/3744/3581 3163/3571/3408
f 3163/3571/3408 3162/3744/3581 3169/3746/3583
f 3163/3571/3408 3169/3746/3583 3170/3569/3406
f 3170/3569/3406 3169/3746/3583 2725/3568/3405
f 3169/3746/3583 3162/3744/3581 3168/3745/3582
f 3175/3736/3573 3176/3734/3571 3168/3745/3582
f 3168/3745/3582 3176/3734/3571 3169/3746/3583
f 3176/3734/3571 2725/3568/3405 3169/3746/3583
f 3179/3383/3227 3172/3385/3229 3178/3698/3535
f 3178/3698/3535 3172/3385/3229 3171/3529/3366
f 3186/3381/3225 3179/3383/3227 3185/3697/3534
f 3185/3697/3534 3179/3383/3227 3178/3698/3535
f 3204/3362/3206 3203/3360/3204 3210/3747/3584
f 3210/3747/3584 3203/3360/3204 2717/3359/3203
f 3210/3747/3584 2717/3359/3203 3217/3438/3281
f 3205/3364/3208 3204/3362/3206 3211/3748/3585
f 3211/3748/3585 3204/3362/3206 3210/3747/3584
f 3211/3748/3585 3210/3747/3584 3218/3749/3586
f 3218/3749/3586 3210/3747/3584 3217/3438/3281
f 3218/3749/3586 3217/3438/3281 3224/3436/3279
f 3206/3366/3210 3205/3364/3208 3212/3750/3587
f 3212/3750/3587 3205/3364/3208 3211/3748/3585
f 3212/3750/3587 3211/3748/3585 3219/3751/3588
f 3219/3751/3588 3211/3748/3585 3218/3749/3586
f 3219/3751/3588 3218/3749/3586 3225/3477/3314
f 3225/3477/3314 3218/3749/3586 3224/3436/3279
f 3207/3368/3212 3206/3366/3210 3213/3752/3589
f 3213/3752/3589 3206/3366/3210 3212/3750/3587
f 3213/3752/3589 3212/3750/3587 3220/3753/3590
f 3220/3753/3590 3212/3750/3587 3219/3751/3588
f 3220/3753/3590 3219/3751/3588 3226/3475/3312
f 3226/3475/3312 3219/3751/3588 3225/3477/3314
f 3208/3370/3214 3207/3368/3212 3214/3754/3591
f 3214/3754/3591 3207/3368/3212 3213/3752/3589
f 3214/3754/3591 3213/3752/3589 3221/3755/3592
f 3221/3755/3592 3213/3752/3589 3220/3753/3590
f 3221/3755/3592 3220/3753/3590 3227/3473/3310
f 3227/3473/3310 3220/3753/3590 3226/3475/3312
f 2718/3470/3307 3215/3524/3361 3214/3754/3591
f 3214/3754/3591 3215/3524/3361 3208/3370/3214
f 2718/3470/3307 3214/3754/3591 3221/3755/3592
f 3222/3705/3542 3223/3437/3280 3216/3439/3282
f 3209/3471/3308 2718/3470/3307 3221/3755/3592
f 3209/3471/3308 3221/3755/3592 3227/3473/3310
f 3222/3705/3542 3216/3439/3282 1258/3358/1376
f 2713/3411/3254 3255/3493/3330 3248/3412/3255
f 3248/3412/3255 3255/3493/3330 3249/3414/3257
f 3255/3493/3330 3256/3495/3332 3249/3414/3257
f 3249/3414/3257 3256/3495/3332 3250/3416/3259
f 3256/3495/3332 3257/3497/3334 3250/3416/3259
f 3250/3416/3259 3257/3497/3334 3251/3418/3261
f 3257/3497/3334 3258/3499/3336 3251/3418/3261
f 3251/3418/3261 3258/3499/3336 3252/3420/3263
f 3258/3499/3336 3259/3459/3300 3252/3420/3263
f 3267/3443/3285 3268/3445/3287 3260/3491/3328
f 3260/3491/3328 3268/3445/3287 3261/3492/3329
f 3268/3445/3287 3269/3447/3289 3261/3492/3329
f 3261/3492/3329 3269/3447/3289 3262/3494/3331
f 3269/3447/3289 3270/3449/3291 3262/3494/3331
f 3262/3494/3331 3270/3449/3291 3263/3496/3333
f 3270/3449/3291 3271/3451/3293 3263/3496/3333
f 3263/3496/3333 3271/3451/3293 3264/3498/3335
f 3254/3455/3297 3266/3457/3298 3265/3500/3337
f 3271/3451/3293 3272/3453/3295 3264/3498/3335
f 3264/3498/3335 3272/3453/3295 3265/3500/3337
f 3272/3453/3295 3254/3455/3297 3265/3500/3337
f 2443/3756/3593 1271/3757/1350 3279/3758/3594
f 3279/3758/3594 1271/3757/1350 1270/3759/1348
f 3279/3758/3594 1270/3759/1348 2711/3760/3595
f 3279/3758/3594 2711/3760/3595 3280/3761/3596
f 3280/3761/3596 2711/3760/3595 2710/3762/3597
f 3280/3761/3596 2710/3762/3597 3281/3763/3598
f 3281/3763/3598 2710/3762/3597 2709/3764/3599
f 3281/3763/3598 2709/3764/3599 3282/3765/3600
f 3282/3765/3600 2709/3764/3599 2708/3766/3601
f 3282/3765/3600 2708/3766/3601 3283/3767/3602
f 3283/3767/3602 2708/3766/3601 2707/3768/3603
f 3283/3767/3602 2707/3768/3603 2342/3769/2597
f 2342/3769/2597 1351/3770/2599 3283/3767/3602
f 3283/3767/3602 1351/3770/2599 2449/3771/3604
f 3283/3767/3602 2449/3771/3604 2448/3772/3605
f 2448/3772/3605 2447/3773/3606 3283/3767/3602
f 3283/3767/3602 2447/3773/3606 2446/3774/3607
f 3283/3767/3602 2446/3774/3607 3282/3765/3600
f 3282/3765/3600 2446/3774/3607 2445/3775/3608
f 3282/3765/3600 2445/3775/3608 3281/3763/3598
f 3281/3763/3598 2445/3775/3608 2444/3776/3609
f 3281/3763/3598 2444/3776/3609 3280/3761/3596
f 3280/3761/3596 2444/3776/3609 2443/3756/3593
f 3280/3761/3596 2443/3756/3593 3279/3758/3594
f 1217/3777/2398 2186/3778/3610 1157/3779/3611
f 1157/3779/3611 2186/3778/3610 2460/3780/3612
f 1157/3779/3611 2460/3780/3612 1158/3781/2725
f 2186/3778/3610 2117/3782/2308 2460/3780/3612
f 2460/3780/3612 2117/3782/2308 2329/3783/2535
f 1219/3784/1532 3284/3785/3613 1220/3786/2437
f 1220/3786/2437 3284/3785/3613 3285/3787/3614
f 1220/3786/2437 3285/3787/3614 3286/3788/3615
f 3286/3788/3615 3287/3789/3616 1220/3786/2437
f 1220/3786/2437 3287/3789/3616 3288/3790/3617
f 1220/3786/2437 3288/3790/3617 3289/3791/3618
f 3289/3791/3618 3290/3792/3619 1220/3786/2437
f 1220/3786/2437 3290/3792/3619 3291/3793/3620
f 1220/3786/2437 3291/3793/3620 3292/3794/3621
f 3292/3794/3621 3293/3795/3622 1220/3786/2437
f 1220/3786/2437 3293/3795/3622 2241/3796/3623
f 3294/3797/3624 3296/3798/3625 1350/3799/3626
f 1350/3799/3626 3296/3798/3625 3297/3800/3627
f 1350/3799/3626 3297/3800/3627 3298/3801/3628
f 3294/3797/3624 3295/3802/3629 3296/3798/3625
f 3298/3801/3628 3299/3803/3630 1350/3799/3626
f 1350/3799/3626 3299/3803/3630 2363/3804/3631
f 2363/3804/3631 3299/3803/3630 3300/3805/3632
f 2363/3804/3631 3300/3805/3632 3301/3806/3633
f 3301/3806/3633 3302/3807/3634 2363/3804/3631
f 2363/3804/3631 3302/3807/3634 2364/3808/3635
f 2364/3808/3635 3302/3807/3634 3303/3809/3636
f 2364/3808/3635 3303/3809/3636 2365/3810/3637
f 2365/3810/3637 3303/3809/3636 3304/3811/3638
f 2365/3810/3637 3304/3811/3638 1361/3812/3639
f 3303/3813/3640 3817/3814/3641 3304/3815/3642
f 3304/3815/3642 3817/3814/3641 3348/3816/3643
f 3304/3815/3642 3348/3816/3643 3849/3817/3644
f 3849/3817/3644 3348/3816/3643 3840/3818/3645
f 3849/3817/3644 3840/3818/3645 3848/3819/3646
f 3848/3819/3646 3840/3818/3645 3839/3820/3647
f 3848/3819/3646 3839/3820/3647 3847/3821/3648
f 3847/3821/3648 3839/3820/3647 3838/3822/3649
f 3847/3821/3648 3838/3822/3649 3846/3823/3650
f 3846/3823/3650 3838/3822/3649 3837/3824/3651
f 3846/3823/3650 3837/3824/3651 3845/3825/3652
f 3845/3825/3652 3837/3824/3651 3836/3826/3653
f 3845/3825/3652 3836/3826/3653 3844/3827/3654
f 3844/3827/3654 3836/3826/3653 3835/3828/3655
f 3844/3827/3654 3835/3828/3655 3843/3829/3656
f 3843/3829/3656 3835/3828/3655 3834/3830/3657
f 3843/3829/3656 3834/3830/3657 3842/3831/3658
f 3842/3831/3658 3834/3830/3657 3833/3832/3659
f 3842/3831/3658 3833/3832/3659 3841/3833/3660
f 3841/3833/3660 3833/3832/3659 3320/3834/3661
f 3841/3833/3660 3320/3834/3661 3362/3835/3662
f 3362/3835/3662 3320/3834/3661 3352/3836/3663
f 3362/3835/3662 3352/3836/3663 3364/3837/3664
f 3364/3837/3664 3352/3836/3663 3851/3838/3665
f 3364/3837/3664 3851/3838/3665 3852/3839/3666
f 3852/3839/3666 3851/3838/3665 3860/3840/3667
f 3852/3839/3666 3860/3840/3667 3861/3841/3668
f 3861/3841/3668 3860/3840/3667 3648/3842/3669
f 3861/3841/3668 3648/3842/3669 3647/3843/3670
f 3647/3843/3670 3648/3842/3669 3638/3844/3671
f 3647/3843/3670 3638/3844/3671 3639/3845/3672
f 3639/3845/3672 3638/3844/3671 1362/3846/3673
f 3639/3845/3672 1362/3846/3673 3640/3847/3674
f 3640/3847/3674 1362/3846/3673 3641/3848/3675
f 3640/3847/3674 3641/3848/3675 3645/3849/3676
f 3645/3849/3676 3641/3848/3675 3644/3850/3677
f 3645/3849/3676 3644/3850/3677 3864/3851/3678
f 3864/3851/3678 3644/3850/3677 3865/3852/3679
f 3864/3851/3678 3865/3852/3679 3856/3853/3680
f 3856/3853/3680 3865/3852/3679 3857/3854/3681
f 3856/3853/3680 3857/3854/3681 3369/3855/3682
f 3369/3855/3682 3857/3854/3681 3370/3856/3683
f 3369/3855/3682 3370/3856/3683 3356/3857/3684
f 3356/3857/3684 3370/3856/3683 3355/3858/3685
f 3356/3857/3684 3355/3858/3685 3847/3821/3648
f 3847/3821/3648 3355/3858/3685 3848/3819/3646
f 3302/3859/3634 3611/3860/3686 3303/3813/3640
f 3303/3813/3640 3611/3860/3686 3345/3861/3687
f 3303/3813/3640 3345/3861/3687 3620/3862/3688
f 3620/3862/3688 3345/3861/3687 3621/3863/3689
f 3620/3862/3688 3621/3863/3689 3619/3864/3690
f 3619/3864/3690 3621/3863/3689 3622/3865/3691
f 3619/3864/3690 3622/3865/3691 3618/3866/3692
f 3618/3866/3692 3622/3865/3691 3623/3867/3693
f 3618/3866/3692 3623/3867/3693 3617/3868/3694
f 3617/3868/3694 3623/3867/3693 3624/3869/3695
f 3617/3868/3694 3624/3869/3695 3616/3870/3696
f 3616/3870/3696 3624/3869/3695 3625/3871/3697
f 3616/3870/3696 3625/3871/3697 3615/3872/3698
f 3615/3872/3698 3625/3871/3697 3626/3873/3699
f 3615/3872/3698 3626/3873/3699 3614/3874/3700
f 3614/3874/3700 3626/3873/3699 3627/3875/3701
f 3614/3874/3700 3627/3875/3701 3613/3876/3702
f 3613/3876/3702 3627/3875/3701 3628/3877/3703
f 3613/3876/3702 3628/3877/3703 3612/3878/3704
f 3612/3878/3704 3628/3877/3703 3319/3879/3705
f 3612/3878/3704 3319/3879/3705 3380/3880/3706
f 3380/3880/3706 3319/3879/3705 3349/3881/3707
f 3380/3880/3706 3349/3881/3707 3381/3882/3708
f 3381/3882/3708 3349/3881/3707 3810/3883/3709
f 3381/3882/3708 3810/3883/3709 3811/3884/3710
f 3811/3884/3710 3810/3883/3709 3819/3885/3711
f 3811/3884/3710 3819/3885/3711 3820/3886/3712
f 3820/3886/3712 3819/3885/3711 3828/3887/3713
f 3820/3886/3712 3828/3887/3713 3829/3888/3714
f 3829/3888/3714 3828/3887/3713 3837/3824/3651
f 3829/3888/3714 3837/3824/3651 3838/3822/3649
f 3301/3889/3633 3602/3890/3715 3302/3859/3634
f 3302/3859/3634 3602/3890/3715 3389/3891/3716
f 3302/3859/3634 3389/3891/3716 3406/3892/3717
f 3406/3892/3717 3389/3891/3716 3390/3893/3718
f 3406/3892/3717 3390/3893/3718 3405/3894/3719
f 3405/3894/3719 3390/3893/3718 3391/3895/3720
f 3405/3894/3719 3391/3895/3720 3404/3896/3721
f 3404/3896/3721 3391/3895/3720 3392/3897/3722
f 3404/3896/3721 3392/3897/3722 3403/3898/3723
f 3403/3898/3723 3392/3897/3722 3393/3899/3724
f 3403/3898/3723 3393/3899/3724 3402/3900/3725
f 3402/3900/3725 3393/3899/3724 3394/3901/3726
f 3402/3900/3725 3394/3901/3726 3401/3902/3727
f 3401/3902/3727 3394/3901/3726 3395/3903/3728
f 3401/3902/3727 3395/3903/3728 3400/3904/3729
f 3400/3904/3729 3395/3903/3728 3396/3905/3730
f 3400/3904/3729 3396/3905/3730 3399/3906/3731
f 3399/3906/3731 3396/3905/3730 3344/3907/3732
f 3399/3906/3731 3344/3907/3732 3398/3908/3733
f 3398/3908/3733 3344/3907/3732 3318/3909/3734
f 3398/3908/3733 3318/3909/3734 3603/3910/3735
f 3603/3910/3735 3318/3909/3734 3793/3911/3736
f 3603/3910/3735 3793/3911/3736 3794/3912/3737
f 3794/3912/3737 3793/3911/3736 3802/3913/3738
f 3794/3912/3737 3802/3913/3738 3803/3914/3739
f 3803/3914/3739 3802/3913/3738 3626/3873/3699
f 3803/3914/3739 3626/3873/3699 3625/3871/3697
f 3300/3915/3632 3340/3916/3740 3301/3889/3633
f 3301/3889/3633 3340/3916/3740 3407/3917/3741
f 3301/3889/3633 3407/3917/3741 3424/3918/3742
f 3424/3918/3742 3407/3917/3741 3408/3919/3743
f 3424/3918/3742 3408/3919/3743 3423/3920/3744
f 3423/3920/3744 3408/3919/3743 3409/3921/3745
f 3423/3920/3744 3409/3921/3745 3422/3922/3746
f 3422/3922/3746 3409/3921/3745 3410/3923/3747
f 3422/3922/3746 3410/3923/3747 3421/3924/3748
f 3421/3924/3748 3410/3923/3747 3411/3925/3749
f 3421/3924/3748 3411/3925/3749 3420/3926/3750
f 3420/3926/3750 3411/3925/3749 3412/3927/3751
f 3420/3926/3750 3412/3927/3751 3419/3928/3752
f 3419/3928/3752 3412/3927/3751 3413/3929/3753
f 3419/3928/3752 3413/3929/3753 3418/3930/3754
f 3418/3930/3754 3413/3929/3753 3414/3931/3755
f 3418/3930/3754 3414/3931/3755 3417/3932/3756
f 3417/3932/3756 3414/3931/3755 3342/3933/3757
f 3417/3932/3756 3342/3933/3757 3416/3934/3758
f 3416/3934/3758 3342/3933/3757 3317/3935/3759
f 3416/3934/3758 3317/3935/3759 3594/3936/3760
f 3594/3936/3760 3317/3935/3759 3397/3937/3761
f 3594/3936/3760 3397/3937/3761 3786/3938/3762
f 3786/3938/3762 3397/3937/3761 3396/3905/3730
f 3786/3938/3762 3396/3905/3730 3395/3903/3728
f 3299/3939/3630 3584/3940/3763 3300/3915/3632
f 3300/3915/3632 3584/3940/3763 3337/3941/3764
f 3300/3915/3632 3337/3941/3764 3778/3942/3765
f 3778/3942/3765 3337/3941/3764 3770/3943/3766
f 3778/3942/3765 3770/3943/3766 3777/3944/3767
f 3777/3944/3767 3770/3943/3766 3769/3945/3768
f 3777/3944/3767 3769/3945/3768 3776/3946/3769
f 3776/3946/3769 3769/3945/3768 3768/3947/3770
f 3776/3946/3769 3768/3947/3770 3775/3948/3771
f 3775/3948/3771 3768/3947/3770 3767/3949/3772
f 3775/3948/3771 3767/3949/3772 3774/3950/3773
f 3774/3950/3773 3767/3949/3772 3766/3951/3774
f 3774/3950/3773 3766/3951/3774 3773/3952/3775
f 3773/3952/3775 3766/3951/3774 3765/3953/3776
f 3773/3952/3775 3765/3953/3776 3772/3954/3777
f 3772/3954/3777 3765/3953/3776 3764/3955/3778
f 3772/3954/3777 3764/3955/3778 3771/3956/3779
f 3771/3956/3779 3764/3955/3778 3763/3957/3780
f 3771/3956/3779 3763/3957/3780 3339/3958/3781
f 3339/3958/3781 3763/3957/3780 3316/3959/3782
f 3339/3958/3781 3316/3959/3782 3433/3960/3783
f 3433/3960/3783 3316/3959/3782 3434/3961/3784
f 3433/3960/3783 3434/3961/3784 3435/3962/3785
f 3435/3962/3785 3434/3961/3784 3779/3963/3786
f 3435/3962/3785 3779/3963/3786 3780/3964/3787
f 3780/3964/3787 3779/3963/3786 3413/3929/3753
f 3780/3964/3787 3413/3929/3753 3412/3927/3751
f 3298/3965/3628 3723/3966/3788 3299/3939/3630
f 3299/3939/3630 3723/3966/3788 3332/3967/3789
f 3299/3939/3630 3332/3967/3789 3755/3968/3790
f 3755/3968/3790 3332/3967/3789 3746/3969/3791
f 3755/3968/3790 3746/3969/3791 3754/3970/3792
f 3754/3970/3792 3746/3969/3791 3745/3971/3793
f 3754/3970/3792 3745/3971/3793 3753/3972/3794
f 3753/3972/3794 3745/3971/3793 3744/3973/3795
f 3753/3972/3794 3744/3973/3795 3752/3974/3796
f 3752/3974/3796 3744/3973/3795 3743/3975/3797
f 3752/3974/3796 3743/3975/3797 3751/3976/3798
f 3751/3976/3798 3743/3975/3797 3742/3977/3799
f 3751/3976/3798 3742/3977/3799 3750/3978/3800
f 3750/3978/3800 3742/3977/3799 3741/3979/3801
f 3750/3978/3800 3741/3979/3801 3749/3980/3802
f 3749/3980/3802 3741/3979/3801 3740/3981/3803
f 3749/3980/3802 3740/3981/3803 3748/3982/3804
f 3748/3982/3804 3740/3981/3803 3336/3983/3805
f 3748/3982/3804 3336/3983/3805 3747/3984/3806
f 3747/3984/3806 3336/3983/3805 3315/3985/3807
f 3747/3984/3806 3315/3985/3807 3452/3986/3808
f 3452/3986/3808 3315/3985/3807 3453/3987/3809
f 3452/3986/3808 3453/3987/3809 3454/3988/3810
f 3454/3988/3810 3453/3987/3809 3756/3989/3811
f 3454/3988/3810 3756/3989/3811 3757/3990/3812
f 3757/3990/3812 3756/3989/3811 3591/3991/3813
f 3757/3990/3812 3591/3991/3813 3590/3992/3814
f 3590/3992/3814 3591/3991/3813 3579/3993/3815
f 3590/3992/3814 3579/3993/3815 3580/3994/3816
f 3580/3994/3816 3579/3993/3815 3767/3949/3772
f 3580/3994/3816 3767/3949/3772 3768/3947/3770
f 3297/3995/3627 3575/3996/3817 3298/3965/3628
f 3298/3965/3628 3575/3996/3817 3330/3997/3818
f 3298/3965/3628 3330/3997/3818 3714/3998/3819
f 3714/3998/3819 3330/3997/3818 3705/3999/3820
f 3714/3998/3819 3705/3999/3820 3713/4000/3821
f 3713/4000/3821 3705/3999/3820 3704/4001/3822
f 3713/4000/3821 3704/4001/3822 3712/4002/3823
f 3712/4002/3823 3704/4001/3822 3703/4003/3824
f 3712/4002/3823 3703/4003/3824 3711/4004/3825
f 3711/4004/3825 3703/4003/3824 3702/4005/3826
f 3711/4004/3825 3702/4005/3826 3710/4006/3827
f 3710/4006/3827 3702/4005/3826 3701/4007/3828
f 3710/4006/3827 3701/4007/3828 3709/4008/3829
f 3709/4008/3829 3701/4007/3828 3700/4009/3830
f 3709/4008/3829 3700/4009/3830 3708/4010/3831
f 3708/4010/3831 3700/4009/3830 3699/4011/3832
f 3708/4010/3831 3699/4011/3832 3707/4012/3833
f 3707/4012/3833 3699/4011/3832 3333/4013/3834
f 3707/4012/3833 3333/4013/3834 3706/4014/3835
f 3706/4014/3835 3333/4013/3834 3314/4015/3836
f 3706/4014/3835 3314/4015/3836 3470/4016/3837
f 3470/4016/3837 3314/4015/3836 3334/4017/3838
f 3470/4016/3837 3334/4017/3838 3471/4018/3839
f 3471/4018/3839 3334/4017/3838 3716/4019/3840
f 3471/4018/3839 3716/4019/3840 3717/4020/3841
f 3717/4020/3841 3716/4019/3840 3725/4021/3842
f 3717/4020/3841 3725/4021/3842 3726/4022/3843
f 3726/4022/3843 3725/4021/3842 3735/4023/3844
f 3726/4022/3843 3735/4023/3844 3736/4024/3845
f 3736/4024/3845 3735/4023/3844 3743/3975/3797
f 3736/4024/3845 3743/3975/3797 3744/3973/3795
f 3296/4025/3625 3549/4026/3846 3297/3995/3627
f 3297/3995/3627 3549/4026/3846 3326/4027/3847
f 3297/3995/3627 3326/4027/3847 3558/4028/3848
f 3558/4028/3848 3326/4027/3847 3559/4029/3849
f 3558/4028/3848 3559/4029/3849 3557/4030/3850
f 3557/4030/3850 3559/4029/3849 3560/4031/3851
f 3557/4030/3850 3560/4031/3851 3556/4032/3852
f 3556/4032/3852 3560/4031/3851 3561/4033/3853
f 3556/4032/3852 3561/4033/3853 3555/4034/3854
f 3555/4034/3854 3561/4033/3853 3562/4035/3855
f 3555/4034/3854 3562/4035/3855 3554/4036/3856
f 3554/4036/3856 3562/4035/3855 3563/4037/3857
f 3554/4036/3856 3563/4037/3857 3553/4038/3858
f 3553/4038/3858 3563/4037/3857 3564/4039/3859
f 3553/4038/3858 3564/4039/3859 3552/4040/3860
f 3552/4040/3860 3564/4039/3859 3565/4041/3861
f 3552/4040/3860 3565/4041/3861 3551/4042/3862
f 3551/4042/3862 3565/4041/3861 3566/4043/3863
f 3551/4042/3862 3566/4043/3863 3550/4044/3864
f 3550/4044/3864 3566/4043/3863 3313/4045/3865
f 3550/4044/3864 3313/4045/3865 3329/4046/3866
f 3329/4046/3866 3313/4045/3865 3314/4015/3836
f 3329/4046/3866 3314/4015/3836 3487/4047/3867
f 3487/4047/3867 3314/4015/3836 3567/4048/3868
f 3487/4047/3867 3567/4048/3868 3568/4049/3869
f 3568/4049/3869 3567/4048/3868 3683/4050/3870
f 3568/4049/3869 3683/4050/3870 3684/4051/3871
f 3684/4051/3871 3683/4050/3870 3693/4052/3872
f 3684/4051/3871 3693/4052/3872 3694/4053/3873
f 3694/4053/3873 3693/4052/3872 3701/4007/3828
f 3694/4053/3873 3701/4007/3828 3702/4005/3826
f 3295/4054/3874 3323/4055/3875 3296/4025/3625
f 3296/4025/3625 3323/4055/3875 3505/4056/3876
f 3296/4025/3625 3505/4056/3876 3504/4057/3877
f 3504/4057/3877 3505/4056/3876 3506/4058/3878
f 3504/4057/3877 3506/4058/3878 3503/4059/3879
f 3503/4059/3879 3506/4058/3878 3507/4060/3880
f 3503/4059/3879 3507/4060/3880 3502/4061/3881
f 3502/4061/3881 3507/4060/3880 3508/4062/3882
f 3502/4061/3881 3508/4062/3882 3501/4063/3883
f 3501/4063/3883 3508/4062/3882 3509/4064/3884
f 3501/4063/3883 3509/4064/3884 3500/4065/3885
f 3500/4065/3885 3509/4064/3884 3510/4066/3886
f 3500/4065/3885 3510/4066/3886 3499/4067/3887
f 3499/4067/3887 3510/4066/3886 3511/4068/3888
f 3499/4067/3887 3511/4068/3888 3498/4069/3889
f 3498/4069/3889 3511/4068/3888 3512/4070/3890
f 3498/4069/3889 3512/4070/3890 3497/4071/3891
f 3497/4071/3891 3512/4070/3890 3325/4072/3892
f 3497/4071/3891 3325/4072/3892 3496/4073/3893
f 3496/4073/3893 3325/4072/3892 3312/4074/3894
f 3496/4073/3893 3312/4074/3894 3541/4075/3895
f 3541/4075/3895 3312/4074/3894 3666/4076/3896
f 3541/4075/3895 3666/4076/3896 3667/4077/3897
f 3667/4077/3897 3666/4076/3896 3675/4078/3898
f 3667/4077/3897 3675/4078/3898 3676/4079/3899
f 3676/4079/3899 3675/4078/3898 3564/4039/3859
f 3676/4079/3899 3564/4039/3859 3563/4037/3857
f 3294/4080/3900 3321/4081/3901 3295/4054/3874
f 3295/4054/3874 3321/4081/3901 3514/4082/3902
f 3295/4054/3874 3514/4082/3902 3531/4083/3903
f 3531/4083/3903 3514/4082/3902 3515/4084/3904
f 3531/4083/3903 3515/4084/3904 3530/4085/3905
f 3530/4085/3905 3515/4084/3904 3516/4086/3906
f 3530/4085/3905 3516/4086/3906 3529/4087/3907
f 3529/4087/3907 3516/4086/3906 3517/4088/3908
f 3529/4087/3907 3517/4088/3908 3528/4089/3909
f 3528/4089/3909 3517/4088/3908 3518/4090/3910
f 3528/4089/3909 3518/4090/3910 3527/4091/3911
f 3527/4091/3911 3518/4090/3910 3519/4092/3912
f 3527/4091/3911 3519/4092/3912 3526/4093/3913
f 3526/4093/3913 3519/4092/3912 3520/4094/3914
f 3526/4093/3913 3520/4094/3914 3525/4095/3915
f 3525/4095/3915 3520/4094/3914 3521/4096/3916
f 3525/4095/3915 3521/4096/3916 3524/4097/3917
f 3524/4097/3917 3521/4096/3916 3522/4098/3918
f 3524/4097/3917 3522/4098/3918 3523/4099/3919
f 3523/4099/3919 3522/4098/3918 3311/4100/3920
f 3523/4099/3919 3311/4100/3920 3513/4101/3921
f 3513/4101/3921 3311/4100/3920 3312/4074/3894
f 3513/4101/3921 3312/4074/3894 3325/4072/3892
f 3321/4081/3901 3294/4080/3900 3540/4102/3922
f 3540/4102/3922 3294/4080/3900 3305/4103/3923
f 3540/4102/3922 3305/4103/3923 3539/4104/3924
f 3539/4104/3924 3305/4103/3923 3538/4105/3925
f 3539/4104/3924 3538/4105/3925 3658/4106/3926
f 3658/4106/3926 3538/4105/3925 3657/4107/3927
f 3658/4106/3926 3657/4107/3927 3515/4084/3904
f 3515/4084/3904 3657/4107/3927 3516/4086/3906
f 3305/4103/3923 3306/4108/3928 3538/4105/3925
f 3538/4105/3925 3306/4108/3928 3537/4109/3929
f 3538/4105/3925 3537/4109/3929 3657/4107/3927
f 3657/4107/3927 3537/4109/3929 3656/4110/3930
f 3657/4107/3927 3656/4110/3930 3516/4086/3906
f 3516/4086/3906 3656/4110/3930 3517/4088/3908
f 3306/4108/3928 3307/4111/3931 3537/4109/3929
f 3537/4109/3929 3307/4111/3931 3536/4112/3932
f 3537/4109/3929 3536/4112/3932 3656/4110/3930
f 3656/4110/3930 3536/4112/3932 3655/4113/3933
f 3656/4110/3930 3655/4113/3933 3517/4088/3908
f 3517/4088/3908 3655/4113/3933 3518/4090/3910
f 3536/4112/3932 3307/4111/3931 3535/4114/3934
f 3535/4114/3934 3307/4111/3931 3308/4115/3935
f 3535/4114/3934 3308/4115/3935 3534/4116/3936
f 3534/4116/3936 3308/4115/3935 3533/4117/3937
f 3534/4116/3936 3533/4117/3937 3653/4118/3938
f 3653/4118/3938 3533/4117/3937 3652/4119/3939
f 3653/4118/3938 3652/4119/3939 3520/4094/3914
f 3520/4094/3914 3652/4119/3939 3521/4096/3916
f 3308/4115/3935 3309/4120/3940 3533/4117/3937
f 3533/4117/3937 3309/4120/3940 3532/4121/3941
f 3533/4117/3937 3532/4121/3941 3652/4119/3939
f 3652/4119/3939 3532/4121/3941 3322/4122/3942
f 3652/4119/3939 3322/4122/3942 3521/4096/3916
f 3521/4096/3916 3322/4122/3942 3522/4098/3918
f 3309/4120/3940 3310/4123/3943 3532/4121/3941
f 3532/4121/3941 3310/4123/3943 3322/4122/3942
f 3310/4123/3943 3311/4100/3920 3322/4122/3942
f 3322/4122/3942 3311/4100/3920 3522/4098/3918
f 3312/4074/3894 3313/4045/3865 3666/4076/3896
f 3666/4076/3896 3313/4045/3865 3327/4124/3944
f 3666/4076/3896 3327/4124/3944 3675/4078/3898
f 3675/4078/3898 3327/4124/3944 3565/4041/3861
f 3675/4078/3898 3565/4041/3861 3564/4039/3859
f 3314/4015/3836 3315/3985/3807 3334/4017/3838
f 3334/4017/3838 3315/3985/3807 3715/4125/3945
f 3334/4017/3838 3715/4125/3945 3716/4019/3840
f 3716/4019/3840 3715/4125/3945 3724/4126/3946
f 3716/4019/3840 3724/4126/3946 3725/4021/3842
f 3725/4021/3842 3724/4126/3946 3734/4127/3947
f 3725/4021/3842 3734/4127/3947 3735/4023/3844
f 3735/4023/3844 3734/4127/3947 3742/3977/3799
f 3735/4023/3844 3742/3977/3799 3743/3975/3797
f 3316/3959/3782 3763/3957/3780 3315/3985/3807
f 3315/3985/3807 3763/3957/3780 3576/4128/3948
f 3315/3985/3807 3576/4128/3948 3593/4129/3949
f 3593/4129/3949 3576/4128/3948 3577/4130/3950
f 3593/4129/3949 3577/4130/3950 3592/4131/3951
f 3592/4131/3951 3577/4130/3950 3578/4132/3952
f 3592/4131/3951 3578/4132/3952 3591/3991/3813
f 3591/3991/3813 3578/4132/3952 3579/3993/3815
f 3434/3961/3784 3316/3959/3782 3415/4133/3953
f 3415/4133/3953 3316/3959/3782 3317/3935/3759
f 3415/4133/3953 3317/3935/3759 3342/3933/3757
f 3317/3935/3759 3318/3909/3734 3397/3937/3761
f 3397/3937/3761 3318/3909/3734 3344/3907/3732
f 3397/3937/3761 3344/3907/3732 3396/3905/3730
f 3318/3909/3734 3319/3879/3705 3793/3911/3736
f 3793/3911/3736 3319/3879/3705 3346/4134/3954
f 3793/3911/3736 3346/4134/3954 3802/3913/3738
f 3802/3913/3738 3346/4134/3954 3627/3875/3701
f 3802/3913/3738 3627/3875/3701 3626/3873/3699
f 3320/3834/3661 3351/4135/3955 3319/3879/3705
f 3319/3879/3705 3351/4135/3955 3363/4136/3956
f 3319/3879/3705 3363/4136/3956 3809/4137/3957
f 3809/4137/3957 3363/4136/3956 3818/4138/3958
f 3809/4137/3957 3818/4138/3958 3810/3883/3709
f 3810/3883/3709 3818/4138/3958 3819/3885/3711
f 1219/4139/3959 1371/4140/3960 3320/3834/3661
f 3320/3834/3661 1371/4140/3960 1370/4141/3961
f 3320/3834/3661 1370/4141/3961 1369/4142/3962
f 1369/4142/3962 1368/4143/3963 3320/3834/3661
f 3320/3834/3661 1368/4143/3963 1367/4144/3964
f 3320/3834/3661 1367/4144/3964 3633/4145/3965
f 3633/4145/3965 1367/4144/3964 1366/4146/3966
f 3633/4145/3965 1366/4146/3966 1365/4147/3967
f 3633/4145/3965 1365/4147/3967 3632/4148/3968
f 3632/4148/3968 1365/4147/3967 1364/4149/3969
f 3632/4148/3968 1364/4149/3969 3631/4150/3970
f 3631/4150/3970 1364/4149/3969 1363/4151/3971
f 3631/4150/3970 1363/4151/3971 3630/4152/3972
f 3630/4152/3972 1363/4151/3971 3629/4153/3973
f 3630/4152/3972 3629/4153/3973 3637/4154/3974
f 3637/4154/3974 3629/4153/3973 3638/3844/3671
f 3637/4154/3974 3638/3844/3671 3648/3842/3669
f 1363/4151/3971 1362/3846/3673 3629/4153/3973
f 3629/4153/3973 1362/3846/3673 3638/3844/3671
f 3641/3848/3675 1362/3846/3673 3642/4155/3975
f 3642/4155/3975 1362/3846/3673 1361/4156/3639
f 3642/4155/3975 1361/4156/3639 3643/4157/3976
f 3643/4157/3976 1361/4156/3639 3858/4158/3977
f 3643/4157/3976 3858/4158/3977 3865/3852/3679
f 3865/3852/3679 3858/4158/3977 3857/3854/3681
f 1361/4156/3639 3304/3815/3642 3858/4158/3977
f 3858/4158/3977 3304/3815/3642 3350/4159/3978
f 3858/4158/3977 3350/4159/3978 3857/3854/3681
f 3857/3854/3681 3350/4159/3978 3370/3856/3683
f 3295/4054/3874 3531/4083/3903 3323/4055/3875
f 3323/4055/3875 3531/4083/3903 3530/4085/3905
f 3323/4055/3875 3530/4085/3905 3665/4160/3979
f 3665/4160/3979 3530/4085/3905 3529/4087/3907
f 3665/4160/3979 3529/4087/3907 3664/4161/3980
f 3664/4161/3980 3529/4087/3907 3528/4089/3909
f 3664/4161/3980 3528/4089/3909 3663/4162/3981
f 3663/4162/3981 3528/4089/3909 3527/4091/3911
f 3663/4162/3981 3527/4091/3911 3662/4163/3982
f 3662/4163/3982 3527/4091/3911 3526/4093/3913
f 3662/4163/3982 3526/4093/3913 3661/4164/3983
f 3661/4164/3983 3526/4093/3913 3525/4095/3915
f 3661/4164/3983 3525/4095/3915 3660/4165/3984
f 3660/4165/3984 3525/4095/3915 3524/4097/3917
f 3660/4165/3984 3524/4097/3917 3659/4166/3985
f 3659/4166/3985 3524/4097/3917 3523/4099/3919
f 3659/4166/3985 3523/4099/3919 3513/4101/3921
f 3296/4025/3625 3504/4057/3877 3324/4167/3986
f 3324/4167/3986 3504/4057/3877 3503/4059/3879
f 3324/4167/3986 3503/4059/3879 3548/4168/3987
f 3548/4168/3987 3503/4059/3879 3502/4061/3881
f 3548/4168/3987 3502/4061/3881 3547/4169/3988
f 3547/4169/3988 3502/4061/3881 3501/4063/3883
f 3547/4169/3988 3501/4063/3883 3546/4170/3989
f 3546/4170/3989 3501/4063/3883 3500/4065/3885
f 3546/4170/3989 3500/4065/3885 3545/4171/3990
f 3545/4171/3990 3500/4065/3885 3499/4067/3887
f 3545/4171/3990 3499/4067/3887 3544/4172/3991
f 3544/4172/3991 3499/4067/3887 3498/4069/3889
f 3544/4172/3991 3498/4069/3889 3543/4173/3992
f 3543/4173/3992 3498/4069/3889 3497/4071/3891
f 3543/4173/3992 3497/4071/3891 3542/4174/3993
f 3542/4174/3993 3497/4071/3891 3496/4073/3893
f 3542/4174/3993 3496/4073/3893 3541/4075/3895
f 3565/4041/3861 3327/4124/3944 3566/4043/3863
f 3566/4043/3863 3327/4124/3944 3313/4045/3865
f 3328/4175/3994 3297/3995/3627 3495/4176/3995
f 3495/4176/3995 3297/3995/3627 3479/4177/3996
f 3495/4176/3995 3479/4177/3996 3480/4178/3997
f 3480/4178/3997 3479/4177/3996 3557/4030/3850
f 3480/4178/3997 3557/4030/3850 3556/4032/3852
f 3331/4179/3998 3298/3965/3628 3478/4180/3999
f 3478/4180/3999 3298/3965/3628 3462/4181/4000
f 3478/4180/3999 3462/4181/4000 3463/4182/4001
f 3463/4182/4001 3462/4181/4000 3713/4000/3821
f 3463/4182/4001 3713/4000/3821 3712/4002/3823
f 3683/4050/3870 3567/4048/3868 3682/4183/4002
f 3682/4183/4002 3567/4048/3868 3314/4015/3836
f 3682/4183/4002 3314/4015/3836 3691/4184/4003
f 3691/4184/4003 3314/4015/3836 3333/4013/3834
f 3691/4184/4003 3333/4013/3834 3699/4011/3832
f 3724/4126/3946 3715/4125/3945 3451/4185/4004
f 3451/4185/4004 3715/4125/3945 3315/3985/3807
f 3451/4185/4004 3315/3985/3807 3732/4186/4005
f 3732/4186/4005 3315/3985/3807 3336/3983/3805
f 3732/4186/4005 3336/3983/3805 3740/3981/3803
f 3335/4187/4006 3299/3939/3630 3461/4188/4007
f 3461/4188/4007 3299/3939/3630 3443/4189/4008
f 3461/4188/4007 3443/4189/4008 3444/4190/4009
f 3444/4190/4009 3443/4189/4008 3754/3970/3792
f 3444/4190/4009 3754/3970/3792 3753/3972/3794
f 3315/3985/3807 3593/4129/3949 3338/4191/4010
f 3338/4191/4010 3593/4129/3949 3592/4131/3951
f 3338/4191/4010 3592/4131/3951 3756/3989/3811
f 3756/3989/3811 3592/4131/3951 3591/3991/3813
f 3340/3916/3740 3300/3915/3632 3442/4192/4011
f 3442/4192/4011 3300/3915/3632 3425/4193/4012
f 3442/4192/4011 3425/4193/4012 3426/4194/4013
f 3426/4194/4013 3425/4193/4012 3777/3944/3767
f 3426/4194/4013 3777/3944/3767 3776/3946/3769
f 3779/3963/3786 3434/3961/3784 3415/4133/3953
f 3301/3889/3633 3424/3918/3742 3341/4195/4014
f 3341/4195/4014 3424/3918/3742 3423/3920/3744
f 3341/4195/4014 3423/3920/3744 3601/4196/4015
f 3601/4196/4015 3423/3920/3744 3422/3922/3746
f 3601/4196/4015 3422/3922/3746 3600/4197/4016
f 3600/4197/4016 3422/3922/3746 3421/3924/3748
f 3600/4197/4016 3421/3924/3748 3599/4198/4017
f 3599/4198/4017 3421/3924/3748 3420/3926/3750
f 3599/4198/4017 3420/3926/3750 3598/4199/4018
f 3598/4199/4018 3420/3926/3750 3419/3928/3752
f 3598/4199/4018 3419/3928/3752 3597/4200/4019
f 3597/4200/4019 3419/3928/3752 3418/3930/3754
f 3597/4200/4019 3418/3930/3754 3596/4201/4020
f 3596/4201/4020 3418/3930/3754 3417/3932/3756
f 3596/4201/4020 3417/3932/3756 3595/4202/4021
f 3595/4202/4021 3417/3932/3756 3416/3934/3758
f 3595/4202/4021 3416/3934/3758 3594/3936/3760
f 3302/3859/3634 3406/3892/3717 3343/4203/4022
f 3343/4203/4022 3406/3892/3717 3405/3894/3719
f 3343/4203/4022 3405/3894/3719 3610/4204/4023
f 3610/4204/4023 3405/3894/3719 3404/3896/3721
f 3610/4204/4023 3404/3896/3721 3609/4205/4024
f 3609/4205/4024 3404/3896/3721 3403/3898/3723
f 3609/4205/4024 3403/3898/3723 3608/4206/4025
f 3608/4206/4025 3403/3898/3723 3402/3900/3725
f 3608/4206/4025 3402/3900/3725 3607/4207/4026
f 3607/4207/4026 3402/3900/3725 3401/3902/3727
f 3607/4207/4026 3401/3902/3727 3606/4208/4027
f 3606/4208/4027 3401/3902/3727 3400/3904/3729
f 3606/4208/4027 3400/3904/3729 3605/4209/4028
f 3605/4209/4028 3400/3904/3729 3399/3906/3731
f 3605/4209/4028 3399/3906/3731 3604/4210/4029
f 3604/4210/4029 3399/3906/3731 3398/3908/3733
f 3604/4210/4029 3398/3908/3733 3603/3910/3735
f 3627/3875/3701 3346/4134/3954 3628/3877/3703
f 3628/3877/3703 3346/4134/3954 3319/3879/3705
f 3347/4211/4030 3303/3813/3640 3388/4212/4031
f 3388/4212/4031 3303/3813/3640 3372/4213/4032
f 3388/4212/4031 3372/4213/4032 3373/4214/4033
f 3373/4214/4033 3372/4213/4032 3619/3864/3690
f 3373/4214/4033 3619/3864/3690 3618/3866/3692
f 3810/3883/3709 3349/3881/3707 3809/4137/3957
f 3809/4137/3957 3349/3881/3707 3319/3879/3705
f 3350/4159/3978 3304/3815/3642 3371/4215/4034
f 3371/4215/4034 3304/3815/3642 3354/4216/4035
f 3371/4215/4034 3354/4216/4035 3355/3858/3685
f 3355/3858/3685 3354/4216/4035 3848/3819/3646
f 3320/3834/3661 3833/3832/3659 3351/4135/3955
f 3351/4135/3955 3833/3832/3659 3834/3830/3657
f 3351/4135/3955 3834/3830/3657 3826/4217/4036
f 3826/4217/4036 3834/3830/3657 3835/3828/3655
f 3826/4217/4036 3835/3828/3655 3827/4218/4037
f 3827/4218/4037 3835/3828/3655 3836/3826/3653
f 3827/4218/4037 3836/3826/3653 3828/3887/3713
f 3828/3887/3713 3836/3826/3653 3837/3824/3651
f 3352/3836/3663 3320/3834/3661 3850/4219/4038
f 3850/4219/4038 3320/3834/3661 3634/4220/4039
f 3850/4219/4038 3634/4220/4039 3859/4221/4040
f 3859/4221/4040 3634/4220/4039 3650/4222/4041
f 3859/4221/4040 3650/4222/4041 3649/4223/4042
f 3649/4223/4042 3650/4222/4041 3636/4224/4043
f 3649/4223/4042 3636/4224/4043 3637/4154/3974
f 3637/4154/3974 3636/4224/4043 3630/4152/3972
f 3320/3834/3661 3633/4145/3965 3353/4225/4044
f 3353/4225/4044 3633/4145/3965 3632/4148/3968
f 3353/4225/4044 3632/4148/3968 3635/4226/4045
f 3635/4226/4045 3632/4148/3968 3631/4150/3970
f 3635/4226/4045 3631/4150/3970 3636/4224/4043
f 3636/4224/4043 3631/4150/3970 3630/4152/3972
f 3371/4215/4034 3355/3858/3685 3370/3856/3683
f 3849/3817/3644 3848/3819/3646 3354/4216/4035
f 3356/3857/3684 3357/4227/4046 3369/3855/3682
f 3369/3855/3682 3357/4227/4046 3368/4228/4047
f 3369/3855/3682 3368/4228/4047 3856/3853/3680
f 3856/3853/3680 3368/4228/4047 3855/4229/4048
f 3856/3853/3680 3855/4229/4048 3864/3851/3678
f 3864/3851/3678 3855/4229/4048 3863/4230/4049
f 3864/3851/3678 3863/4230/4049 3645/3849/3676
f 3645/3849/3676 3863/4230/4049 3646/4231/4050
f 3645/3849/3676 3646/4231/4050 3640/3847/3674
f 3640/3847/3674 3646/4231/4050 3639/3845/3672
f 3357/4227/4046 3358/4232/4051 3368/4228/4047
f 3368/4228/4047 3358/4232/4051 3367/4233/4052
f 3368/4228/4047 3367/4233/4052 3855/4229/4048
f 3855/4229/4048 3367/4233/4052 3854/4234/4053
f 3855/4229/4048 3854/4234/4053 3863/4230/4049
f 3863/4230/4049 3854/4234/4053 3862/4235/4054
f 3863/4230/4049 3862/4235/4054 3646/4231/4050
f 3646/4231/4050 3862/4235/4054 3647/3843/3670
f 3646/4231/4050 3647/3843/3670 3639/3845/3672
f 3847/3821/3648 3846/3823/3650 3356/3857/3684
f 3356/3857/3684 3846/3823/3650 3357/4227/4046
f 3358/4232/4051 3359/4236/4055 3367/4233/4052
f 3367/4233/4052 3359/4236/4055 3366/4237/4056
f 3367/4233/4052 3366/4237/4056 3854/4234/4053
f 3854/4234/4053 3366/4237/4056 3853/4238/4057
f 3854/4234/4053 3853/4238/4057 3862/4235/4054
f 3862/4235/4054 3853/4238/4057 3861/3841/3668
f 3862/4235/4054 3861/3841/3668 3647/3843/3670
f 3846/3823/3650 3845/3825/3652 3357/4227/4046
f 3357/4227/4046 3845/3825/3652 3358/4232/4051
f 3359/4236/4055 3360/4239/4058 3366/4237/4056
f 3366/4237/4056 3360/4239/4058 3365/4240/4059
f 3366/4237/4056 3365/4240/4059 3853/4238/4057
f 3853/4238/4057 3365/4240/4059 3852/3839/3666
f 3853/4238/4057 3852/3839/3666 3861/3841/3668
f 3845/3825/3652 3844/3827/3654 3358/4232/4051
f 3358/4232/4051 3844/3827/3654 3359/4236/4055
f 3360/4239/4058 3361/4241/4060 3365/4240/4059
f 3365/4240/4059 3361/4241/4060 3364/3837/3664
f 3365/4240/4059 3364/3837/3664 3852/3839/3666
f 3844/3827/3654 3843/3829/3656 3359/4236/4055
f 3359/4236/4055 3843/3829/3656 3360/4239/4058
f 3841/3833/3660 3362/3835/3662 3361/4241/4060
f 3361/4241/4060 3362/3835/3662 3364/3837/3664
f 3843/3829/3656 3842/3831/3658 3360/4239/4058
f 3360/4239/4058 3842/3831/3658 3361/4241/4060
f 3842/3831/3658 3841/3833/3660 3361/4241/4060
f 3350/4159/3978 3371/4215/4034 3370/3856/3683
f 3849/3817/3644 3354/4216/4035 3304/3815/3642
f 3373/4214/4033 3374/4242/4061 3387/4243/4062
f 3387/4243/4062 3374/4242/4061 3386/4244/4063
f 3387/4243/4062 3386/4244/4063 3816/4245/4064
f 3816/4245/4064 3386/4244/4063 3815/4246/4065
f 3816/4245/4064 3815/4246/4065 3824/4247/4066
f 3824/4247/4066 3815/4246/4065 3823/4248/4067
f 3824/4247/4066 3823/4248/4067 3832/4249/4068
f 3832/4249/4068 3823/4248/4067 3831/4250/4069
f 3832/4249/4068 3831/4250/4069 3840/3818/3645
f 3840/3818/3645 3831/4250/4069 3839/3820/3647
f 3620/3862/3688 3619/3864/3690 3372/4213/4032
f 3374/4242/4061 3375/4251/4070 3386/4244/4063
f 3386/4244/4063 3375/4251/4070 3385/4252/4071
f 3386/4244/4063 3385/4252/4071 3815/4246/4065
f 3815/4246/4065 3385/4252/4071 3814/4253/4072
f 3815/4246/4065 3814/4253/4072 3823/4248/4067
f 3823/4248/4067 3814/4253/4072 3822/4254/4073
f 3823/4248/4067 3822/4254/4073 3831/4250/4069
f 3831/4250/4069 3822/4254/4073 3830/4255/4074
f 3831/4250/4069 3830/4255/4074 3839/3820/3647
f 3839/3820/3647 3830/4255/4074 3838/3822/3649
f 3373/4214/4033 3618/3866/3692 3374/4242/4061
f 3374/4242/4061 3618/3866/3692 3617/3868/3694
f 3374/4242/4061 3617/3868/3694 3375/4251/4070
f 3375/4251/4070 3617/3868/3694 3616/3870/3696
f 3375/4251/4070 3616/3870/3696 3376/4256/4075
f 3376/4256/4075 3616/3870/3696 3615/3872/3698
f 3376/4256/4075 3615/3872/3698 3377/4257/4076
f 3377/4257/4076 3615/3872/3698 3614/3874/3700
f 3377/4257/4076 3614/3874/3700 3378/4258/4077
f 3378/4258/4077 3614/3874/3700 3613/3876/3702
f 3378/4258/4077 3613/3876/3702 3379/4259/4078
f 3379/4259/4078 3613/3876/3702 3612/3878/3704
f 3379/4259/4078 3612/3878/3704 3380/3880/3706
f 3375/4251/4070 3376/4256/4075 3385/4252/4071
f 3385/4252/4071 3376/4256/4075 3384/4260/4079
f 3385/4252/4071 3384/4260/4079 3814/4253/4072
f 3814/4253/4072 3384/4260/4079 3813/4261/4080
f 3814/4253/4072 3813/4261/4080 3822/4254/4073
f 3822/4254/4073 3813/4261/4080 3821/4262/4081
f 3822/4254/4073 3821/4262/4081 3830/4255/4074
f 3830/4255/4074 3821/4262/4081 3829/3888/3714
f 3830/4255/4074 3829/3888/3714 3838/3822/3649
f 3376/4256/4075 3377/4257/4076 3384/4260/4079
f 3384/4260/4079 3377/4257/4076 3383/4263/4082
f 3384/4260/4079 3383/4263/4082 3813/4261/4080
f 3813/4261/4080 3383/4263/4082 3812/4264/4083
f 3813/4261/4080 3812/4264/4083 3821/4262/4081
f 3821/4262/4081 3812/4264/4083 3820/3886/3712
f 3821/4262/4081 3820/3886/3712 3829/3888/3714
f 3377/4257/4076 3378/4258/4077 3383/4263/4082
f 3383/4263/4082 3378/4258/4077 3382/4265/4084
f 3383/4263/4082 3382/4265/4084 3812/4264/4083
f 3812/4264/4083 3382/4265/4084 3811/3884/3710
f 3812/4264/4083 3811/3884/3710 3820/3886/3712
f 3378/4258/4077 3379/4259/4078 3382/4265/4084
f 3382/4265/4084 3379/4259/4078 3381/3882/3708
f 3382/4265/4084 3381/3882/3708 3811/3884/3710
f 3379/4259/4078 3380/3880/3706 3381/3882/3708
f 3347/4211/4030 3388/4212/4031 3387/4243/4062
f 3387/4243/4062 3388/4212/4031 3373/4214/4033
f 3347/4211/4030 3387/4243/4062 3816/4245/4064
f 3303/3813/3640 3347/4211/4030 3825/4266/4085
f 3825/4266/4085 3347/4211/4030 3816/4245/4064
f 3825/4266/4085 3816/4245/4064 3824/4247/4066
f 3620/3862/3688 3372/4213/4032 3303/3813/3640
f 3390/3893/3718 3389/3891/3716 3792/4267/4086
f 3792/4267/4086 3389/3891/3716 3602/3890/3715
f 3792/4267/4086 3602/3890/3715 3601/4196/4015
f 3601/4196/4015 3602/3890/3715 3341/4195/4014
f 3391/3895/3720 3390/3893/3718 3791/4268/4087
f 3791/4268/4087 3390/3893/3718 3792/4267/4086
f 3791/4268/4087 3792/4267/4086 3600/4197/4016
f 3600/4197/4016 3792/4267/4086 3601/4196/4015
f 3392/3897/3722 3391/3895/3720 3790/4269/4088
f 3790/4269/4088 3391/3895/3720 3791/4268/4087
f 3790/4269/4088 3791/4268/4087 3599/4198/4017
f 3599/4198/4017 3791/4268/4087 3600/4197/4016
f 3393/3899/3724 3392/3897/3722 3789/4270/4089
f 3789/4270/4089 3392/3897/3722 3790/4269/4088
f 3789/4270/4089 3790/4269/4088 3598/4199/4018
f 3598/4199/4018 3790/4269/4088 3599/4198/4017
f 3394/3901/3726 3393/3899/3724 3788/4271/4090
f 3788/4271/4090 3393/3899/3724 3789/4270/4089
f 3788/4271/4090 3789/4270/4089 3597/4200/4019
f 3597/4200/4019 3789/4270/4089 3598/4199/4018
f 3395/3903/3728 3394/3901/3726 3787/4272/4091
f 3787/4272/4091 3394/3901/3726 3788/4271/4090
f 3787/4272/4091 3788/4271/4090 3596/4201/4020
f 3596/4201/4020 3788/4271/4090 3597/4200/4019
f 3302/3859/3634 3343/4203/4022 3801/4273/4092
f 3801/4273/4092 3343/4203/4022 3610/4204/4023
f 3801/4273/4092 3610/4204/4023 3800/4274/4093
f 3800/4274/4093 3610/4204/4023 3609/4205/4024
f 3800/4274/4093 3609/4205/4024 3799/4275/4094
f 3799/4275/4094 3609/4205/4024 3608/4206/4025
f 3799/4275/4094 3608/4206/4025 3798/4276/4095
f 3798/4276/4095 3608/4206/4025 3607/4207/4026
f 3798/4276/4095 3607/4207/4026 3797/4277/4096
f 3797/4277/4096 3607/4207/4026 3606/4208/4027
f 3797/4277/4096 3606/4208/4027 3796/4278/4097
f 3796/4278/4097 3606/4208/4027 3605/4209/4028
f 3796/4278/4097 3605/4209/4028 3795/4279/4098
f 3795/4279/4098 3605/4209/4028 3604/4210/4029
f 3795/4279/4098 3604/4210/4029 3794/3912/3737
f 3794/3912/3737 3604/4210/4029 3603/3910/3735
f 3408/3919/3743 3407/3917/3741 3785/4280/4099
f 3785/4280/4099 3407/3917/3741 3340/3916/3740
f 3785/4280/4099 3340/3916/3740 3441/4281/4100
f 3441/4281/4100 3340/3916/3740 3442/4192/4011
f 3441/4281/4100 3442/4192/4011 3426/4194/4013
f 3409/3921/3745 3408/3919/3743 3784/4282/4101
f 3784/4282/4101 3408/3919/3743 3785/4280/4099
f 3784/4282/4101 3785/4280/4099 3440/4283/4102
f 3440/4283/4102 3785/4280/4099 3441/4281/4100
f 3440/4283/4102 3441/4281/4100 3427/4284/4103
f 3427/4284/4103 3441/4281/4100 3426/4194/4013
f 3427/4284/4103 3426/4194/4013 3776/3946/3769
f 3410/3923/3747 3409/3921/3745 3783/4285/4104
f 3783/4285/4104 3409/3921/3745 3784/4282/4101
f 3783/4285/4104 3784/4282/4101 3439/4286/4105
f 3439/4286/4105 3784/4282/4101 3440/4283/4102
f 3439/4286/4105 3440/4283/4102 3428/4287/4106
f 3428/4287/4106 3440/4283/4102 3427/4284/4103
f 3428/4287/4106 3427/4284/4103 3775/3948/3771
f 3775/3948/3771 3427/4284/4103 3776/3946/3769
f 3411/3925/3749 3410/3923/3747 3782/4288/4107
f 3782/4288/4107 3410/3923/3747 3783/4285/4104
f 3782/4288/4107 3783/4285/4104 3438/4289/4108
f 3438/4289/4108 3783/4285/4104 3439/4286/4105
f 3438/4289/4108 3439/4286/4105 3429/4290/4109
f 3429/4290/4109 3439/4286/4105 3428/4287/4106
f 3429/4290/4109 3428/4287/4106 3774/3950/3773
f 3774/3950/3773 3428/4287/4106 3775/3948/3771
f 3412/3927/3751 3411/3925/3749 3781/4291/4110
f 3781/4291/4110 3411/3925/3749 3782/4288/4107
f 3781/4291/4110 3782/4288/4107 3437/4292/4111
f 3437/4292/4111 3782/4288/4107 3438/4289/4108
f 3437/4292/4111 3438/4289/4108 3430/4293/4112
f 3430/4293/4112 3438/4289/4108 3429/4290/4109
f 3430/4293/4112 3429/4290/4109 3773/3952/3775
f 3773/3952/3775 3429/4290/4109 3774/3950/3773
f 3415/4133/3953 3342/3933/3757 3414/3931/3755
f 3415/4133/3953 3414/3931/3755 3779/3963/3786
f 3779/3963/3786 3414/3931/3755 3413/3929/3753
f 3301/3889/3633 3341/4195/4014 3602/3890/3715
f 3778/3942/3765 3777/3944/3767 3425/4193/4012
f 3430/4293/4112 3431/4294/4113 3437/4292/4111
f 3437/4292/4111 3431/4294/4113 3436/4295/4114
f 3437/4292/4111 3436/4295/4114 3781/4291/4110
f 3781/4291/4110 3436/4295/4114 3780/3964/3787
f 3781/4291/4110 3780/3964/3787 3412/3927/3751
f 3431/4294/4113 3432/4296/4115 3436/4295/4114
f 3436/4295/4114 3432/4296/4115 3435/3962/3785
f 3436/4295/4114 3435/3962/3785 3780/3964/3787
f 3773/3952/3775 3772/3954/3777 3430/4293/4112
f 3430/4293/4112 3772/3954/3777 3431/4294/4113
f 3339/3958/3781 3433/3960/3783 3432/4296/4115
f 3432/4296/4115 3433/3960/3783 3435/3962/3785
f 3772/3954/3777 3771/3956/3779 3431/4294/4113
f 3431/4294/4113 3771/3956/3779 3432/4296/4115
f 3771/3956/3779 3339/3958/3781 3432/4296/4115
f 3778/3942/3765 3425/4193/4012 3300/3915/3632
f 3444/4190/4009 3445/4297/4116 3460/4298/4117
f 3460/4298/4117 3445/4297/4116 3459/4299/4118
f 3460/4298/4117 3459/4299/4118 3762/4300/4119
f 3762/4300/4119 3459/4299/4118 3761/4301/4120
f 3762/4300/4119 3761/4301/4120 3586/4302/4121
f 3586/4302/4121 3761/4301/4120 3587/4303/4122
f 3586/4302/4121 3587/4303/4122 3583/4304/4123
f 3583/4304/4123 3587/4303/4122 3582/4305/4124
f 3583/4304/4123 3582/4305/4124 3770/3943/3766
f 3770/3943/3766 3582/4305/4124 3769/3945/3768
f 3755/3968/3790 3754/3970/3792 3443/4189/4008
f 3445/4297/4116 3446/4306/4125 3459/4299/4118
f 3459/4299/4118 3446/4306/4125 3458/4307/4126
f 3459/4299/4118 3458/4307/4126 3761/4301/4120
f 3761/4301/4120 3458/4307/4126 3760/4308/4127
f 3761/4301/4120 3760/4308/4127 3587/4303/4122
f 3587/4303/4122 3760/4308/4127 3588/4309/4128
f 3587/4303/4122 3588/4309/4128 3582/4305/4124
f 3582/4305/4124 3588/4309/4128 3581/4310/4129
f 3582/4305/4124 3581/4310/4129 3769/3945/3768
f 3769/3945/3768 3581/4310/4129 3768/3947/3770
f 3444/4190/4009 3753/3972/3794 3445/4297/4116
f 3445/4297/4116 3753/3972/3794 3752/3974/3796
f 3445/4297/4116 3752/3974/3796 3446/4306/4125
f 3446/4306/4125 3752/3974/3796 3751/3976/3798
f 3446/4306/4125 3751/3976/3798 3447/4311/4130
f 3447/4311/4130 3751/3976/3798 3750/3978/3800
f 3447/4311/4130 3750/3978/3800 3448/4312/4131
f 3448/4312/4131 3750/3978/3800 3749/3980/3802
f 3448/4312/4131 3749/3980/3802 3449/4313/4132
f 3449/4313/4132 3749/3980/3802 3748/3982/3804
f 3449/4313/4132 3748/3982/3804 3450/4314/4133
f 3450/4314/4133 3748/3982/3804 3747/3984/3806
f 3450/4314/4133 3747/3984/3806 3452/3986/3808
f 3446/4306/4125 3447/4311/4130 3458/4307/4126
f 3458/4307/4126 3447/4311/4130 3457/4315/4134
f 3458/4307/4126 3457/4315/4134 3760/4308/4127
f 3760/4308/4127 3457/4315/4134 3759/4316/4135
f 3760/4308/4127 3759/4316/4135 3588/4309/4128
f 3588/4309/4128 3759/4316/4135 3589/4317/4136
f 3588/4309/4128 3589/4317/4136 3581/4310/4129
f 3581/4310/4129 3589/4317/4136 3580/3994/3816
f 3581/4310/4129 3580/3994/3816 3768/3947/3770
f 3447/4311/4130 3448/4312/4131 3457/4315/4134
f 3457/4315/4134 3448/4312/4131 3456/4318/4137
f 3457/4315/4134 3456/4318/4137 3759/4316/4135
f 3759/4316/4135 3456/4318/4137 3758/4319/4138
f 3759/4316/4135 3758/4319/4138 3589/4317/4136
f 3589/4317/4136 3758/4319/4138 3590/3992/3814
f 3589/4317/4136 3590/3992/3814 3580/3994/3816
f 3448/4312/4131 3449/4313/4132 3456/4318/4137
f 3456/4318/4137 3449/4313/4132 3455/4320/4139
f 3456/4318/4137 3455/4320/4139 3758/4319/4138
f 3758/4319/4138 3455/4320/4139 3757/3990/3812
f 3758/4319/4138 3757/3990/3812 3590/3992/3814
f 3449/4313/4132 3450/4314/4133 3455/4320/4139
f 3455/4320/4139 3450/4314/4133 3454/3988/3810
f 3455/4320/4139 3454/3988/3810 3757/3990/3812
f 3450/4314/4133 3452/3986/3808 3454/3988/3810
f 3338/4191/4010 3756/3989/3811 3453/3987/3809
f 3335/4187/4006 3461/4188/4007 3460/4298/4117
f 3460/4298/4117 3461/4188/4007 3444/4190/4009
f 3335/4187/4006 3460/4298/4117 3762/4300/4119
f 3299/3939/3630 3335/4187/4006 3585/4321/4140
f 3585/4321/4140 3335/4187/4006 3762/4300/4119
f 3585/4321/4140 3762/4300/4119 3586/4302/4121
f 3755/3968/3790 3443/4189/4008 3299/3939/3630
f 3338/4191/4010 3453/3987/3809 3315/3985/3807
f 3463/4182/4001 3464/4322/4141 3477/4323/4142
f 3477/4323/4142 3464/4322/4141 3476/4324/4143
f 3477/4323/4142 3476/4324/4143 3722/4325/4144
f 3722/4325/4144 3476/4324/4143 3721/4326/4145
f 3722/4325/4144 3721/4326/4145 3730/4327/4146
f 3730/4327/4146 3721/4326/4145 3729/4328/4147
f 3730/4327/4146 3729/4328/4147 3739/4329/4148
f 3739/4329/4148 3729/4328/4147 3738/4330/4149
f 3739/4329/4148 3738/4330/4149 3746/3969/3791
f 3746/3969/3791 3738/4330/4149 3745/3971/3793
f 3714/3998/3819 3713/4000/3821 3462/4181/4000
f 3464/4322/4141 3465/4331/4150 3476/4324/4143
f 3476/4324/4143 3465/4331/4150 3475/4332/4151
f 3476/4324/4143 3475/4332/4151 3721/4326/4145
f 3721/4326/4145 3475/4332/4151 3720/4333/4152
f 3721/4326/4145 3720/4333/4152 3729/4328/4147
f 3729/4328/4147 3720/4333/4152 3728/4334/4153
f 3729/4328/4147 3728/4334/4153 3738/4330/4149
f 3738/4330/4149 3728/4334/4153 3737/4335/4154
f 3738/4330/4149 3737/4335/4154 3745/3971/3793
f 3745/3971/3793 3737/4335/4154 3744/3973/3795
f 3463/4182/4001 3712/4002/3823 3464/4322/4141
f 3464/4322/4141 3712/4002/3823 3711/4004/3825
f 3464/4322/4141 3711/4004/3825 3465/4331/4150
f 3465/4331/4150 3711/4004/3825 3710/4006/3827
f 3465/4331/4150 3710/4006/3827 3466/4336/4155
f 3466/4336/4155 3710/4006/3827 3709/4008/3829
f 3466/4336/4155 3709/4008/3829 3467/4337/4156
f 3467/4337/4156 3709/4008/3829 3708/4010/3831
f 3467/4337/4156 3708/4010/3831 3468/4338/4157
f 3468/4338/4157 3708/4010/3831 3707/4012/3833
f 3468/4338/4157 3707/4012/3833 3469/4339/4158
f 3469/4339/4158 3707/4012/3833 3706/4014/3835
f 3469/4339/4158 3706/4014/3835 3470/4016/3837
f 3465/4331/4150 3466/4336/4155 3475/4332/4151
f 3475/4332/4151 3466/4336/4155 3474/4340/4159
f 3475/4332/4151 3474/4340/4159 3720/4333/4152
f 3720/4333/4152 3474/4340/4159 3719/4341/4160
f 3720/4333/4152 3719/4341/4160 3728/4334/4153
f 3728/4334/4153 3719/4341/4160 3727/4342/4161
f 3728/4334/4153 3727/4342/4161 3737/4335/4154
f 3737/4335/4154 3727/4342/4161 3736/4024/3845
f 3737/4335/4154 3736/4024/3845 3744/3973/3795
f 3466/4336/4155 3467/4337/4156 3474/4340/4159
f 3474/4340/4159 3467/4337/4156 3473/4343/4162
f 3474/4340/4159 3473/4343/4162 3719/4341/4160
f 3719/4341/4160 3473/4343/4162 3718/4344/4163
f 3719/4341/4160 3718/4344/4163 3727/4342/4161
f 3727/4342/4161 3718/4344/4163 3726/4022/3843
f 3727/4342/4161 3726/4022/3843 3736/4024/3845
f 3467/4337/4156 3468/4338/4157 3473/4343/4162
f 3473/4343/4162 3468/4338/4157 3472/4345/4164
f 3473/4343/4162 3472/4345/4164 3718/4344/4163
f 3718/4344/4163 3472/4345/4164 3717/4020/3841
f 3718/4344/4163 3717/4020/3841 3726/4022/3843
f 3468/4338/4157 3469/4339/4158 3472/4345/4164
f 3472/4345/4164 3469/4339/4158 3471/4018/3839
f 3472/4345/4164 3471/4018/3839 3717/4020/3841
f 3469/4339/4158 3470/4016/3837 3471/4018/3839
f 3331/4179/3998 3478/4180/3999 3477/4323/4142
f 3477/4323/4142 3478/4180/3999 3463/4182/4001
f 3331/4179/3998 3477/4323/4142 3722/4325/4144
f 3298/3965/3628 3331/4179/3998 3731/4346/4165
f 3731/4346/4165 3331/4179/3998 3722/4325/4144
f 3731/4346/4165 3722/4325/4144 3730/4327/4146
f 3714/3998/3819 3462/4181/4000 3298/3965/3628
f 3480/4178/3997 3481/4347/4166 3494/4348/4167
f 3494/4348/4167 3481/4347/4166 3493/4349/4168
f 3494/4348/4167 3493/4349/4168 3574/4350/4169
f 3574/4350/4169 3493/4349/4168 3573/4351/4170
f 3574/4350/4169 3573/4351/4170 3689/4352/4171
f 3689/4352/4171 3573/4351/4170 3688/4353/4172
f 3689/4352/4171 3688/4353/4172 3698/4354/4173
f 3698/4354/4173 3688/4353/4172 3697/4355/4174
f 3698/4354/4173 3697/4355/4174 3705/3999/3820
f 3705/3999/3820 3697/4355/4174 3704/4001/3822
f 3558/4028/3848 3557/4030/3850 3479/4177/3996
f 3481/4347/4166 3482/4356/4175 3493/4349/4168
f 3493/4349/4168 3482/4356/4175 3492/4357/4176
f 3493/4349/4168 3492/4357/4176 3573/4351/4170
f 3573/4351/4170 3492/4357/4176 3572/4358/4177
f 3573/4351/4170 3572/4358/4177 3688/4353/4172
f 3688/4353/4172 3572/4358/4177 3687/4359/4178
f 3688/4353/4172 3687/4359/4178 3697/4355/4174
f 3697/4355/4174 3687/4359/4178 3696/4360/4179
f 3697/4355/4174 3696/4360/4179 3704/4001/3822
f 3704/4001/3822 3696/4360/4179 3703/4003/3824
f 3480/4178/3997 3556/4032/3852 3481/4347/4166
f 3481/4347/4166 3556/4032/3852 3555/4034/3854
f 3481/4347/4166 3555/4034/3854 3482/4356/4175
f 3482/4356/4175 3555/4034/3854 3554/4036/3856
f 3482/4356/4175 3554/4036/3856 3483/4361/4180
f 3483/4361/4180 3554/4036/3856 3553/4038/3858
f 3483/4361/4180 3553/4038/3858 3484/4362/4181
f 3484/4362/4181 3553/4038/3858 3552/4040/3860
f 3484/4362/4181 3552/4040/3860 3485/4363/4182
f 3485/4363/4182 3552/4040/3860 3551/4042/3862
f 3485/4363/4182 3551/4042/3862 3486/4364/4183
f 3486/4364/4183 3551/4042/3862 3550/4044/3864
f 3486/4364/4183 3550/4044/3864 3329/4046/3866
f 3482/4356/4175 3483/4361/4180 3492/4357/4176
f 3492/4357/4176 3483/4361/4180 3491/4365/4184
f 3492/4357/4176 3491/4365/4184 3572/4358/4177
f 3572/4358/4177 3491/4365/4184 3571/4366/4185
f 3572/4358/4177 3571/4366/4185 3687/4359/4178
f 3687/4359/4178 3571/4366/4185 3686/4367/4186
f 3687/4359/4178 3686/4367/4186 3696/4360/4179
f 3696/4360/4179 3686/4367/4186 3695/4368/4187
f 3696/4360/4179 3695/4368/4187 3703/4003/3824
f 3703/4003/3824 3695/4368/4187 3702/4005/3826
f 3483/4361/4180 3484/4362/4181 3491/4365/4184
f 3491/4365/4184 3484/4362/4181 3490/4369/4188
f 3491/4365/4184 3490/4369/4188 3571/4366/4185
f 3571/4366/4185 3490/4369/4188 3570/4370/4189
f 3571/4366/4185 3570/4370/4189 3686/4367/4186
f 3686/4367/4186 3570/4370/4189 3685/4371/4190
f 3686/4367/4186 3685/4371/4190 3695/4368/4187
f 3695/4368/4187 3685/4371/4190 3694/4053/3873
f 3695/4368/4187 3694/4053/3873 3702/4005/3826
f 3484/4362/4181 3485/4363/4182 3490/4369/4188
f 3490/4369/4188 3485/4363/4182 3489/4372/4191
f 3490/4369/4188 3489/4372/4191 3570/4370/4189
f 3570/4370/4189 3489/4372/4191 3569/4373/4192
f 3570/4370/4189 3569/4373/4192 3685/4371/4190
f 3685/4371/4190 3569/4373/4192 3684/4051/3871
f 3685/4371/4190 3684/4051/3871 3694/4053/3873
f 3485/4363/4182 3486/4364/4183 3489/4372/4191
f 3489/4372/4191 3486/4364/4183 3488/4374/4193
f 3489/4372/4191 3488/4374/4193 3569/4373/4192
f 3569/4373/4192 3488/4374/4193 3568/4049/3869
f 3569/4373/4192 3568/4049/3869 3684/4051/3871
f 3486/4364/4183 3329/4046/3866 3488/4374/4193
f 3488/4374/4193 3329/4046/3866 3487/4047/3867
f 3488/4374/4193 3487/4047/3867 3568/4049/3869
f 3328/4175/3994 3495/4176/3995 3494/4348/4167
f 3494/4348/4167 3495/4176/3995 3480/4178/3997
f 3328/4175/3994 3494/4348/4167 3574/4350/4169
f 3297/3995/3627 3328/4175/3994 3690/4375/4194
f 3690/4375/4194 3328/4175/3994 3574/4350/4169
f 3690/4375/4194 3574/4350/4169 3689/4352/4171
f 3558/4028/3848 3479/4177/3996 3297/3995/3627
f 3296/4025/3625 3324/4167/3986 3674/4376/4195
f 3674/4376/4195 3324/4167/3986 3548/4168/3987
f 3674/4376/4195 3548/4168/3987 3673/4377/4196
f 3673/4377/4196 3548/4168/3987 3547/4169/3988
f 3673/4377/4196 3547/4169/3988 3672/4378/4197
f 3672/4378/4197 3547/4169/3988 3546/4170/3989
f 3672/4378/4197 3546/4170/3989 3671/4379/4198
f 3671/4379/4198 3546/4170/3989 3545/4171/3990
f 3671/4379/4198 3545/4171/3990 3670/4380/4199
f 3670/4380/4199 3545/4171/3990 3544/4172/3991
f 3670/4380/4199 3544/4172/3991 3669/4381/4200
f 3669/4381/4200 3544/4172/3991 3543/4173/3992
f 3669/4381/4200 3543/4173/3992 3668/4382/4201
f 3668/4382/4201 3543/4173/3992 3542/4174/3993
f 3668/4382/4201 3542/4174/3993 3667/4077/3897
f 3667/4077/3897 3542/4174/3993 3541/4075/3895
f 3323/4055/3875 3665/4160/3979 3505/4056/3876
f 3505/4056/3876 3665/4160/3979 3506/4058/3878
f 3665/4160/3979 3664/4161/3980 3506/4058/3878
f 3506/4058/3878 3664/4161/3980 3507/4060/3880
f 3664/4161/3980 3663/4162/3981 3507/4060/3880
f 3507/4060/3880 3663/4162/3981 3508/4062/3882
f 3663/4162/3981 3662/4163/3982 3508/4062/3882
f 3508/4062/3882 3662/4163/3982 3509/4064/3884
f 3662/4163/3982 3661/4164/3983 3509/4064/3884
f 3509/4064/3884 3661/4164/3983 3510/4066/3886
f 3661/4164/3983 3660/4165/3984 3510/4066/3886
f 3510/4066/3886 3660/4165/3984 3511/4068/3888
f 3513/4101/3921 3325/4072/3892 3512/4070/3890
f 3660/4165/3984 3659/4166/3985 3511/4068/3888
f 3511/4068/3888 3659/4166/3985 3512/4070/3890
f 3659/4166/3985 3513/4101/3921 3512/4070/3890
f 3658/4106/3926 3515/4084/3904 3514/4082/3902
f 3653/4118/3938 3520/4094/3914 3519/4092/3912
f 3519/4092/3912 3518/4090/3910 3654/4383/4202
f 3654/4383/4202 3518/4090/3910 3655/4113/3933
f 3654/4383/4202 3655/4113/3933 3535/4114/3934
f 3535/4114/3934 3655/4113/3933 3536/4112/3932
f 3654/4383/4202 3535/4114/3934 3534/4116/3936
f 3654/4383/4202 3534/4116/3936 3653/4118/3938
f 3321/4081/3901 3540/4102/3922 3539/4104/3924
f 3321/4081/3901 3539/4104/3924 3658/4106/3926
f 3296/4025/3625 3674/4376/4195 3549/4026/3846
f 3549/4026/3846 3674/4376/4195 3673/4377/4196
f 3549/4026/3846 3673/4377/4196 3681/4384/4203
f 3681/4384/4203 3673/4377/4196 3672/4378/4197
f 3681/4384/4203 3672/4378/4197 3680/4385/4204
f 3680/4385/4204 3672/4378/4197 3671/4379/4198
f 3680/4385/4204 3671/4379/4198 3679/4386/4205
f 3679/4386/4205 3671/4379/4198 3670/4380/4199
f 3679/4386/4205 3670/4380/4199 3678/4387/4206
f 3678/4387/4206 3670/4380/4199 3669/4381/4200
f 3678/4387/4206 3669/4381/4200 3677/4388/4207
f 3677/4388/4207 3669/4381/4200 3668/4382/4201
f 3677/4388/4207 3668/4382/4201 3676/4079/3899
f 3676/4079/3899 3668/4382/4201 3667/4077/3897
f 3549/4026/3846 3681/4384/4203 3326/4027/3847
f 3326/4027/3847 3681/4384/4203 3559/4029/3849
f 3681/4384/4203 3680/4385/4204 3559/4029/3849
f 3559/4029/3849 3680/4385/4204 3560/4031/3851
f 3680/4385/4204 3679/4386/4205 3560/4031/3851
f 3560/4031/3851 3679/4386/4205 3561/4033/3853
f 3679/4386/4205 3678/4387/4206 3561/4033/3853
f 3561/4033/3853 3678/4387/4206 3562/4035/3855
f 3678/4387/4206 3677/4388/4207 3562/4035/3855
f 3562/4035/3855 3677/4388/4207 3563/4037/3857
f 3677/4388/4207 3676/4079/3899 3563/4037/3857
f 3297/3995/3627 3690/4375/4194 3575/3996/3817
f 3575/3996/3817 3690/4375/4194 3689/4352/4171
f 3575/3996/3817 3689/4352/4171 3698/4354/4173
f 3763/3957/3780 3764/3955/3778 3576/4128/3948
f 3576/4128/3948 3764/3955/3778 3577/4130/3950
f 3764/3955/3778 3765/3953/3776 3577/4130/3950
f 3577/4130/3950 3765/3953/3776 3578/4132/3952
f 3765/3953/3776 3766/3951/3774 3578/4132/3952
f 3578/4132/3952 3766/3951/3774 3579/3993/3815
f 3766/3951/3774 3767/3949/3772 3579/3993/3815
f 3585/4321/4140 3586/4302/4121 3584/3940/3763
f 3584/3940/3763 3586/4302/4121 3583/4304/4123
f 3584/3940/3763 3583/4304/4123 3337/3941/3764
f 3337/3941/3764 3583/4304/4123 3770/3943/3766
f 3299/3939/3630 3585/4321/4140 3584/3940/3763
f 3787/4272/4091 3596/4201/4020 3595/4202/4021
f 3787/4272/4091 3595/4202/4021 3786/3938/3762
f 3786/3938/3762 3595/4202/4021 3594/3936/3760
f 3302/3859/3634 3801/4273/4092 3611/3860/3686
f 3611/3860/3686 3801/4273/4092 3800/4274/4093
f 3611/3860/3686 3800/4274/4093 3808/4389/4208
f 3808/4389/4208 3800/4274/4093 3799/4275/4094
f 3808/4389/4208 3799/4275/4094 3807/4390/4209
f 3807/4390/4209 3799/4275/4094 3798/4276/4095
f 3807/4390/4209 3798/4276/4095 3806/4391/4210
f 3806/4391/4210 3798/4276/4095 3797/4277/4096
f 3806/4391/4210 3797/4277/4096 3805/4392/4211
f 3805/4392/4211 3797/4277/4096 3796/4278/4097
f 3805/4392/4211 3796/4278/4097 3804/4393/4212
f 3804/4393/4212 3796/4278/4097 3795/4279/4098
f 3804/4393/4212 3795/4279/4098 3803/3914/3739
f 3803/3914/3739 3795/4279/4098 3794/3912/3737
f 3611/3860/3686 3808/4389/4208 3345/3861/3687
f 3345/3861/3687 3808/4389/4208 3621/3863/3689
f 3808/4389/4208 3807/4390/4209 3621/3863/3689
f 3621/3863/3689 3807/4390/4209 3622/3865/3691
f 3807/4390/4209 3806/4391/4210 3622/3865/3691
f 3622/3865/3691 3806/4391/4210 3623/3867/3693
f 3806/4391/4210 3805/4392/4211 3623/3867/3693
f 3623/3867/3693 3805/4392/4211 3624/3869/3695
f 3805/4392/4211 3804/4393/4212 3624/3869/3695
f 3624/3869/3695 3804/4393/4212 3625/3871/3697
f 3804/4393/4212 3803/3914/3739 3625/3871/3697
f 3320/3834/3661 3353/4225/4044 3651/4394/4213
f 3651/4394/4213 3353/4225/4044 3635/4226/4045
f 3651/4394/4213 3635/4226/4045 3650/4222/4041
f 3650/4222/4041 3635/4226/4045 3636/4224/4043
f 3650/4222/4041 3634/4220/4039 3651/4394/4213
f 3651/4394/4213 3634/4220/4039 3320/3834/3661
f 3649/4223/4042 3637/4154/3974 3648/3842/3669
f 3641/3848/3675 3642/4155/3975 3644/3850/3677
f 3644/3850/3677 3642/4155/3975 3643/4157/3976
f 3644/3850/3677 3643/4157/3976 3865/3852/3679
f 3859/4221/4040 3649/4223/4042 3860/3840/3667
f 3860/3840/3667 3649/4223/4042 3648/3842/3669
f 3519/4092/3912 3654/4383/4202 3653/4118/3938
f 3514/4082/3902 3321/4081/3901 3658/4106/3926
f 3683/4050/3870 3682/4183/4002 3692/4395/4214
f 3692/4395/4214 3682/4183/4002 3691/4184/4003
f 3692/4395/4214 3691/4184/4003 3699/4011/3832
f 3683/4050/3870 3692/4395/4214 3693/4052/3872
f 3693/4052/3872 3692/4395/4214 3700/4009/3830
f 3693/4052/3872 3700/4009/3830 3701/4007/3828
f 3700/4009/3830 3692/4395/4214 3699/4011/3832
f 3330/3997/3818 3575/3996/3817 3698/4354/4173
f 3330/3997/3818 3698/4354/4173 3705/3999/3820
f 3298/3965/3628 3731/4346/4165 3723/3966/3788
f 3723/3966/3788 3731/4346/4165 3730/4327/4146
f 3723/3966/3788 3730/4327/4146 3739/4329/4148
f 3724/4126/3946 3451/4185/4004 3733/4396/4215
f 3733/4396/4215 3451/4185/4004 3732/4186/4005
f 3733/4396/4215 3732/4186/4005 3740/3981/3803
f 3724/4126/3946 3733/4396/4215 3734/4127/3947
f 3734/4127/3947 3733/4396/4215 3741/3979/3801
f 3734/4127/3947 3741/3979/3801 3742/3977/3799
f 3741/3979/3801 3733/4396/4215 3740/3981/3803
f 3332/3967/3789 3723/3966/3788 3739/4329/4148
f 3332/3967/3789 3739/4329/4148 3746/3969/3791
f 3395/3903/3728 3787/4272/4091 3786/3938/3762
f 3303/3813/3640 3825/4266/4085 3817/3814/3641
f 3817/3814/3641 3825/4266/4085 3824/4247/4066
f 3817/3814/3641 3824/4247/4066 3832/4249/4068
f 3351/4135/3955 3826/4217/4036 3363/4136/3956
f 3363/4136/3956 3826/4217/4036 3818/4138/3958
f 3826/4217/4036 3827/4218/4037 3818/4138/3958
f 3818/4138/3958 3827/4218/4037 3819/3885/3711
f 3827/4218/4037 3828/3887/3713 3819/3885/3711
f 3348/3816/3643 3817/3814/3641 3832/4249/4068
f 3348/3816/3643 3832/4249/4068 3840/3818/3645
f 3352/3836/3663 3850/4219/4038 3851/3838/3665
f 3851/3838/3665 3850/4219/4038 3859/4221/4040
f 3851/3838/3665 3859/4221/4040 3860/3840/3667
f 3309/4397/4216 3890/4398/4217 3310/4399/4218
f 3310/4399/4218 3890/4398/4217 3883/4400/4219
f 3890/4398/4217 3309/4397/4216 3891/4401/4220
f 3891/4401/4220 3309/4397/4216 3308/4402/4221
f 3891/4401/4220 3308/4402/4221 3893/4403/4222
f 3893/4403/4222 3308/4402/4221 3892/4404/4223
f 3893/4403/4222 3892/4404/4223 3897/4405/4224
f 3897/4405/4224 3892/4404/4223 3896/4406/4225
f 3897/4405/4224 3896/4406/4225 3902/4407/4226
f 3902/4407/4226 3896/4406/4225 3901/4408/4227
f 3902/4407/4226 3901/4408/4227 3909/4409/4228
f 3909/4409/4228 3901/4408/4227 3908/4410/4229
f 3909/4409/4228 3908/4410/4229 3916/4411/4230
f 3916/4411/4230 3908/4410/4229 3915/4412/4231
f 3916/4411/4230 3915/4412/4231 3923/4413/4232
f 3923/4413/4232 3915/4412/4231 3922/4414/4233
f 3923/4413/4232 3922/4414/4233 3930/4415/4234
f 3930/4415/4234 3922/4414/4233 3929/4416/4235
f 3930/4415/4234 3929/4416/4235 3935/4417/4236
f 3935/4417/4236 3929/4416/4235 3936/4418/4237
f 3935/4417/4236 3936/4418/4237 3944/4419/4238
f 3944/4419/4238 3936/4418/4237 3943/4420/4239
f 3944/4419/4238 3943/4420/4239 3951/4421/4240
f 3951/4421/4240 3943/4420/4239 3950/4422/4241
f 3951/4421/4240 3950/4422/4241 3958/4423/4242
f 3958/4423/4242 3950/4422/4241 3957/4424/4243
f 3958/4423/4242 3957/4424/4243 3965/4425/4244
f 3965/4425/4244 3957/4424/4243 3964/4426/4245
f 3965/4425/4244 3964/4426/4245 3971/4427/4246
f 3971/4427/4246 3964/4426/4245 3970/4428/4247
f 3971/4427/4246 3970/4428/4247 3887/4429/4248
f 3887/4429/4248 3970/4428/4247 3886/4430/4249
f 3887/4431/4248 3886/4432/4249 3880/4433/4250
f 3880/4433/4250 3886/4432/4249 3879/4434/4251
f 3879/4434/4251 3886/4432/4249 3885/4435/4252
f 3879/4434/4251 3885/4435/4252 3878/4436/4253
f 3878/4436/4253 3885/4435/4252 3884/4437/4254
f 3878/4436/4253 3884/4437/4254 3877/4438/4255
f 3877/4439/4255 3884/4440/4254 3968/4441/4256
f 3877/4439/4255 3968/4441/4256 3876/4442/4257
f 3876/4442/4257 3968/4441/4256 3962/4443/4258
f 3876/4442/4257 3962/4443/4258 3875/4444/4259
f 3875/4444/4259 3962/4443/4258 3961/4445/4260
f 3875/4444/4259 3961/4445/4260 3874/4446/4261
f 3874/4446/4261 3961/4445/4260 3954/4447/4262
f 3874/4446/4261 3954/4447/4262 3873/4448/4263
f 3873/4448/4263 3954/4447/4262 3947/4449/4264
f 3873/4448/4263 3947/4449/4264 3872/4450/4265
f 3872/4450/4265 3947/4449/4264 3940/4451/4266
f 3872/4450/4265 3940/4451/4266 3871/4452/4267
f 3871/4452/4267 3940/4451/4266 3939/4453/4268
f 3871/4452/4267 3939/4453/4268 3926/4454/4269
f 3926/4454/4269 3939/4453/4268 3938/4455/4270
f 3926/4454/4269 3938/4455/4270 3927/4456/4271
f 3927/4456/4271 3938/4455/4270 3937/4457/4272
f 3927/4456/4271 3937/4457/4272 3928/4458/4273
f 3928/4458/4273 3937/4457/4272 3936/4418/4237
f 3928/4458/4273 3936/4418/4237 3929/4416/4235
f 3308/4402/4221 3307/4459/4274 3892/4404/4223
f 3892/4404/4223 3307/4459/4274 3896/4406/4225
f 3896/4406/4225 3307/4459/4274 3895/4460/4275
f 3895/4460/4275 3307/4459/4274 3306/4461/4276
f 3895/4460/4275 3306/4461/4276 3894/4462/4277
f 3894/4462/4277 3306/4461/4276 3305/4463/4278
f 3894/4462/4277 3305/4463/4278 3294/4464/4279
f 3894/4462/4277 3294/4464/4279 3899/4465/4280
f 3899/4465/4280 3294/4464/4279 3866/4466/4281
f 3899/4465/4280 3866/4466/4281 3906/4467/4282
f 3906/4467/4282 3866/4466/4281 3867/4468/4283
f 3906/4467/4282 3867/4468/4283 3905/4469/4284
f 3905/4469/4284 3867/4468/4283 3868/4470/4285
f 3905/4469/4284 3868/4470/4285 3912/4471/4286
f 3912/4471/4286 3868/4470/4285 3869/4472/4287
f 3912/4471/4286 3869/4472/4287 3919/4473/4288
f 3919/4473/4288 3869/4472/4287 3870/4474/4289
f 3919/4473/4288 3870/4474/4289 3926/4454/4269
f 3926/4454/4269 3870/4474/4289 3871/4452/4267
f 3880/4433/4250 3881/4475/4290 3887/4431/4248
f 3887/4431/4248 3881/4475/4290 3888/4476/4291
f 3887/4429/4248 3888/4477/4291 3971/4427/4246
f 3971/4427/4246 3888/4477/4291 3972/4478/4292
f 3971/4427/4246 3972/4478/4292 3965/4425/4244
f 3965/4425/4244 3972/4478/4292 3966/4479/4293
f 3965/4425/4244 3966/4479/4293 3958/4423/4242
f 3958/4423/4242 3966/4479/4293 3959/4480/4294
f 3958/4423/4242 3959/4480/4294 3951/4421/4240
f 3951/4421/4240 3959/4480/4294 3952/4481/4295
f 3951/4421/4240 3952/4481/4295 3944/4419/4238
f 3944/4419/4238 3952/4481/4295 3945/4482/4296
f 3944/4419/4238 3945/4482/4296 3935/4417/4236
f 3935/4417/4236 3945/4482/4296 3934/4483/4297
f 3935/4417/4236 3934/4483/4297 3930/4415/4234
f 3930/4415/4234 3934/4483/4297 3931/4484/4298
f 3930/4415/4234 3931/4484/4298 3923/4413/4232
f 3923/4413/4232 3931/4484/4298 3924/4485/4299
f 3923/4413/4232 3924/4485/4299 3916/4411/4230
f 3916/4411/4230 3924/4485/4299 3917/4486/4300
f 3916/4411/4230 3917/4486/4300 3909/4409/4228
f 3909/4409/4228 3917/4486/4300 3910/4487/4301
f 3909/4409/4228 3910/4487/4301 3902/4407/4226
f 3902/4407/4226 3910/4487/4301 3903/4488/4302
f 3902/4407/4226 3903/4488/4302 3897/4405/4224
f 3897/4405/4224 3903/4488/4302 3898/4489/4303
f 3897/4405/4224 3898/4489/4303 3893/4403/4222
f 3893/4403/4222 3898/4489/4303 3883/4490/4219
f 3893/4403/4222 3883/4490/4219 3891/4401/4220
f 3888/4476/4291 3881/4475/4290 3974/4491/4304
f 3974/4491/4304 3881/4475/4290 3882/4492/4305
f 3974/4491/4304 3882/4492/4305 3975/4493/4306
f 3975/4493/4306 3882/4492/4305 3976/4494/4307
f 3975/4493/4306 3976/4494/4307 3883/4495/4219
f 3976/4494/4307 3882/4492/4305 3977/4496/4308
f 3977/4496/4308 3882/4492/4305 3310/4399/4218
f 3977/4496/4308 3310/4399/4218 3883/4497/4219
f 3889/4498/4309 3883/4499/4219 3973/4500/4310
f 3973/4500/4310 3883/4501/4219 3967/4502/4311
f 3967/4502/4311 3883/4503/4219 3960/4504/4312
f 3960/4504/4312 3883/4505/4219 3953/4506/4313
f 3953/4506/4313 3883/4507/4219 3946/4508/4314
f 3946/4508/4314 3883/4509/4219 3933/4510/4315
f 3933/4510/4315 3883/4511/4219 3932/4512/4316
f 3932/4512/4316 3883/4513/4219 3925/4514/4317
f 3918/4515/4318 3883/4516/4219 3911/4517/4319
f 3911/4517/4319 3883/4518/4219 3904/4519/4320
f 3904/4519/4320 3883/4520/4219 3898/4489/4303
f 3891/4401/4220 3883/4521/4219 3890/4398/4217
f 3977/4496/4308 3883/4522/4219 3976/4494/4307
f 3975/4493/4306 3883/4523/4219 3889/4524/4309
f 3884/4440/4254 3885/4525/4252 3968/4441/4256
f 3968/4441/4256 3885/4525/4252 3969/4526/4321
f 3968/4441/4256 3969/4526/4321 3962/4443/4258
f 3962/4443/4258 3969/4526/4321 3963/4527/4322
f 3962/4443/4258 3963/4527/4322 3955/4528/4323
f 3955/4528/4323 3963/4527/4322 3956/4529/4324
f 3955/4528/4323 3956/4529/4324 3948/4530/4325
f 3948/4530/4325 3956/4529/4324 3949/4531/4326
f 3948/4530/4325 3949/4531/4326 3941/4532/4327
f 3941/4532/4327 3949/4531/4326 3942/4533/4328
f 3941/4532/4327 3942/4533/4328 3938/4455/4270
f 3938/4455/4270 3942/4533/4328 3937/4457/4272
f 3885/4525/4252 3886/4430/4249 3969/4526/4321
f 3969/4526/4321 3886/4430/4249 3970/4428/4247
f 3969/4526/4321 3970/4428/4247 3963/4527/4322
f 3963/4527/4322 3970/4428/4247 3964/4426/4245
f 3963/4527/4322 3964/4426/4245 3956/4529/4324
f 3956/4529/4324 3964/4426/4245 3957/4424/4243
f 3956/4529/4324 3957/4424/4243 3949/4531/4326
f 3949/4531/4326 3957/4424/4243 3950/4422/4241
f 3949/4531/4326 3950/4422/4241 3942/4533/4328
f 3942/4533/4328 3950/4422/4241 3943/4420/4239
f 3942/4533/4328 3943/4420/4239 3937/4457/4272
f 3937/4457/4272 3943/4420/4239 3936/4418/4237
f 3888/4477/4291 3889/4498/4309 3972/4478/4292
f 3972/4478/4292 3889/4498/4309 3973/4500/4310
f 3972/4478/4292 3973/4500/4310 3966/4479/4293
f 3966/4479/4293 3973/4500/4310 3967/4502/4311
f 3966/4479/4293 3967/4502/4311 3959/4480/4294
f 3959/4480/4294 3967/4502/4311 3960/4504/4312
f 3959/4480/4294 3960/4504/4312 3952/4481/4295
f 3952/4481/4295 3960/4504/4312 3953/4506/4313
f 3952/4481/4295 3953/4506/4313 3945/4482/4296
f 3945/4482/4296 3953/4506/4313 3946/4508/4314
f 3945/4482/4296 3946/4508/4314 3934/4483/4297
f 3934/4483/4297 3946/4508/4314 3933/4510/4315
f 3934/4483/4297 3933/4510/4315 3931/4484/4298
f 3931/4484/4298 3933/4510/4315 3932/4512/4316
f 3931/4484/4298 3932/4512/4316 3924/4485/4299
f 3924/4485/4299 3932/4512/4316 3925/4514/4317
f 3924/4485/4299 3925/4514/4317 3917/4486/4300
f 3917/4486/4300 3925/4514/4317 3918/4515/4318
f 3917/4486/4300 3918/4515/4318 3910/4487/4301
f 3910/4487/4301 3918/4515/4318 3911/4517/4319
f 3910/4487/4301 3911/4517/4319 3903/4488/4302
f 3903/4488/4302 3911/4517/4319 3904/4519/4320
f 3903/4488/4302 3904/4519/4320 3898/4489/4303
f 3974/4491/4304 3975/4493/4306 3888/4476/4291
f 3888/4476/4291 3975/4493/4306 3889/4524/4309
f 3925/4514/4317 3883/4534/4219 3918/4515/4318
f 3901/4408/4227 3896/4406/4225 3895/4460/4275
f 3895/4460/4275 3894/4462/4277 3900/4535/4329
f 3900/4535/4329 3894/4462/4277 3899/4465/4280
f 3900/4535/4329 3899/4465/4280 3907/4536/4330
f 3907/4536/4330 3899/4465/4280 3906/4467/4282
f 3907/4536/4330 3906/4467/4282 3914/4537/4331
f 3914/4537/4331 3906/4467/4282 3913/4538/4332
f 3914/4537/4331 3913/4538/4332 3921/4539/4333
f 3921/4539/4333 3913/4538/4332 3920/4540/4334
f 3921/4539/4333 3920/4540/4334 3928/4458/4273
f 3928/4458/4273 3920/4540/4334 3927/4456/4271
f 3908/4410/4229 3901/4408/4227 3900/4535/4329
f 3900/4535/4329 3901/4408/4227 3895/4460/4275
f 3908/4410/4229 3900/4535/4329 3907/4536/4330
f 3913/4538/4332 3906/4467/4282 3905/4469/4284
f 3915/4412/4231 3908/4410/4229 3907/4536/4330
f 3915/4412/4231 3907/4536/4330 3914/4537/4331
f 3920/4540/4334 3913/4538/4332 3912/4471/4286
f 3912/4471/4286 3913/4538/4332 3905/4469/4284
f 3922/4414/4233 3915/4412/4231 3914/4537/4331
f 3922/4414/4233 3914/4537/4331 3921/4539/4333
f 3927/4456/4271 3920/4540/4334 3919/4473/4288
f 3919/4473/4288 3920/4540/4334 3912/4471/4286
f 3926/4454/4269 3927/4456/4271 3919/4473/4288
f 3929/4416/4235 3922/4414/4233 3921/4539/4333
f 3929/4416/4235 3921/4539/4333 3928/4458/4273
f 3938/4455/4270 3939/4453/4268 3941/4532/4327
f 3941/4532/4327 3939/4453/4268 3940/4451/4266
f 3941/4532/4327 3940/4451/4266 3948/4530/4325
f 3948/4530/4325 3940/4451/4266 3947/4449/4264
f 3948/4530/4325 3947/4449/4264 3955/4528/4323
f 3955/4528/4323 3947/4449/4264 3954/4447/4262
f 3955/4528/4323 3954/4447/4262 3962/4443/4258
f 3962/4443/4258 3954/4447/4262 3961/4445/4260
f 3319/4541/4335 4482/4542/4336 3320/4543/4337
f 3320/4543/4337 4482/4542/4336 3992/4544/4338
f 3320/4543/4337 3992/4544/4338 4293/4545/4339
f 4293/4545/4339 3992/4544/4338 4294/4546/4340
f 4293/4545/4339 4294/4546/4340 4292/4547/4341
f 4292/4547/4341 4294/4546/4340 4295/4548/4342
f 4292/4547/4341 4295/4548/4342 4291/4549/4343
f 4291/4549/4343 4295/4548/4342 4296/4550/4344
f 4291/4549/4343 4296/4550/4344 4290/4551/4345
f 4290/4551/4345 4296/4550/4344 4297/4552/4346
f 4290/4551/4345 4297/4552/4346 4289/4553/4347
f 4289/4553/4347 4297/4552/4346 4298/4554/4348
f 4289/4553/4347 4298/4554/4348 4288/4555/4349
f 4288/4555/4349 4298/4554/4348 4299/4556/4350
f 4288/4555/4349 4299/4556/4350 4287/4557/4351
f 4287/4557/4351 4299/4556/4350 4300/4558/4352
f 4287/4557/4351 4300/4558/4352 4286/4559/4353
f 4286/4559/4353 4300/4558/4352 4301/4560/4354
f 4286/4559/4353 4301/4560/4354 4285/4561/4355
f 4285/4561/4355 4301/4560/4354 3987/4562/4356
f 4285/4561/4355 3987/4562/4356 4517/4563/4357
f 4517/4563/4357 3987/4562/4356 3988/4564/4358
f 4517/4563/4357 3988/4564/4358 4525/4565/4359
f 4525/4565/4359 3988/4564/4358 4308/4566/4360
f 4525/4565/4359 4308/4566/4360 4307/4567/4361
f 4307/4567/4361 4308/4566/4360 4312/4568/4362
f 4307/4567/4361 4312/4568/4362 4313/4569/4363
f 4313/4569/4363 4312/4568/4362 3293/4570/4364
f 4313/4569/4363 3293/4570/4364 4314/4571/4365
f 4314/4571/4365 3293/4570/4364 4025/4572/4366
f 4314/4571/4365 4025/4572/4366 4024/4573/4367
f 4024/4573/4367 4025/4572/4366 3292/4574/4368
f 4024/4573/4367 3292/4574/4368 3291/4575/4369
f 3318/4576/4370 3997/4577/4371 3319/4541/4335
f 3319/4541/4335 3997/4577/4371 4467/4578/4372
f 3319/4541/4335 4467/4578/4372 4026/4579/4373
f 4026/4579/4373 4467/4578/4372 4474/4580/4374
f 4026/4579/4373 4474/4580/4374 4027/4581/4375
f 4027/4581/4375 4474/4580/4374 4473/4582/4376
f 4027/4581/4375 4473/4582/4376 4028/4583/4377
f 4028/4583/4377 4473/4582/4376 4472/4584/4378
f 4028/4583/4377 4472/4584/4378 4029/4585/4379
f 4029/4585/4379 4472/4584/4378 4471/4586/4380
f 4029/4585/4379 4471/4586/4380 4030/4587/4381
f 4030/4587/4381 4471/4586/4380 4470/4588/4382
f 4030/4587/4381 4470/4588/4382 4031/4589/4383
f 4031/4589/4383 4470/4588/4382 4469/4590/4384
f 4031/4589/4383 4469/4590/4384 4032/4591/4385
f 4032/4591/4385 4469/4590/4384 4468/4592/4386
f 4032/4591/4385 4468/4592/4386 4033/4593/4387
f 4033/4593/4387 4468/4592/4386 4035/4594/4388
f 4033/4593/4387 4035/4594/4388 4034/4595/4389
f 4034/4595/4389 4035/4594/4388 3986/4596/4390
f 4034/4595/4389 3986/4596/4390 3994/4597/4391
f 3994/4597/4391 3986/4596/4390 4275/4598/4392
f 3994/4597/4391 4275/4598/4392 4274/4599/4393
f 4274/4599/4393 4275/4598/4392 4277/4600/4394
f 4274/4599/4393 4277/4600/4394 4278/4601/4395
f 4278/4601/4395 4277/4600/4394 4476/4602/4396
f 4278/4601/4395 4476/4602/4396 4477/4603/4397
f 4477/4603/4397 4476/4602/4396 4486/4604/4398
f 4477/4603/4397 4486/4604/4398 4487/4605/4399
f 4487/4605/4399 4486/4604/4398 4496/4606/4400
f 4487/4605/4399 4496/4606/4400 4497/4607/4401
f 4497/4607/4401 4496/4606/4400 4506/4608/4402
f 4497/4607/4401 4506/4608/4402 4507/4609/4403
f 4507/4609/4403 4506/4608/4402 4515/4610/4404
f 4507/4609/4403 4515/4610/4404 4516/4611/4405
f 4516/4611/4405 4515/4610/4404 4294/4546/4340
f 4516/4611/4405 4294/4546/4340 3992/4544/4338
f 3317/4612/4406 3999/4613/4407 3318/4576/4370
f 3318/4576/4370 3999/4613/4407 4258/4614/4408
f 3318/4576/4370 4258/4614/4408 4044/4615/4409
f 4044/4615/4409 4258/4614/4408 4259/4616/4410
f 4044/4615/4409 4259/4616/4410 4045/4617/4411
f 4045/4617/4411 4259/4616/4410 4260/4618/4412
f 4045/4617/4411 4260/4618/4412 4046/4619/4413
f 4046/4619/4413 4260/4618/4412 4261/4620/4414
f 4046/4619/4413 4261/4620/4414 4047/4621/4415
f 4047/4621/4415 4261/4620/4414 4262/4622/4416
f 4047/4621/4415 4262/4622/4416 4048/4623/4417
f 4048/4623/4417 4262/4622/4416 4263/4624/4418
f 4048/4623/4417 4263/4624/4418 4049/4625/4419
f 4049/4625/4419 4263/4624/4418 4264/4626/4420
f 4049/4625/4419 4264/4626/4420 4050/4627/4421
f 4050/4627/4421 4264/4626/4420 4265/4628/4422
f 4050/4627/4421 4265/4628/4422 4051/4629/4423
f 4051/4629/4423 4265/4628/4422 4266/4630/4424
f 4051/4629/4423 4266/4630/4424 4052/4631/4425
f 4052/4631/4425 4266/4630/4424 3985/4632/4426
f 4052/4631/4425 3985/4632/4426 4053/4633/4427
f 4053/4633/4427 3985/4632/4426 3996/4634/4428
f 4053/4633/4427 3996/4634/4428 4460/4635/4429
f 4460/4635/4429 3996/4634/4428 4468/4592/4386
f 4460/4635/4429 4468/4592/4386 4469/4590/4384
f 3316/4636/4430 4001/4637/4431 3317/4612/4406
f 3317/4612/4406 4001/4637/4431 4249/4638/4432
f 3317/4612/4406 4249/4638/4432 4062/4639/4433
f 4062/4639/4433 4249/4638/4432 4250/4640/4434
f 4062/4639/4433 4250/4640/4434 4063/4641/4435
f 4063/4641/4435 4250/4640/4434 4251/4642/4436
f 4063/4641/4435 4251/4642/4436 4064/4643/4437
f 4064/4643/4437 4251/4642/4436 4252/4644/4438
f 4064/4643/4437 4252/4644/4438 4065/4645/4439
f 4065/4645/4439 4252/4644/4438 4253/4646/4440
f 4065/4645/4439 4253/4646/4440 4066/4647/4441
f 4066/4647/4441 4253/4646/4440 4254/4648/4442
f 4066/4647/4441 4254/4648/4442 4067/4649/4443
f 4067/4649/4443 4254/4648/4442 4255/4650/4444
f 4067/4649/4443 4255/4650/4444 4068/4651/4445
f 4068/4651/4445 4255/4650/4444 4256/4652/4446
f 4068/4651/4445 4256/4652/4446 4069/4653/4447
f 4069/4653/4447 4256/4652/4446 4257/4654/4448
f 4069/4653/4447 4257/4654/4448 4070/4655/4449
f 4070/4655/4449 4257/4654/4448 3984/4656/4450
f 4070/4655/4449 3984/4656/4450 4071/4657/4451
f 4071/4657/4451 3984/4656/4450 3998/4658/4452
f 4071/4657/4451 3998/4658/4452 4453/4659/4453
f 4453/4659/4453 3998/4658/4452 4265/4628/4422
f 4453/4659/4453 4265/4628/4422 4264/4626/4420
f 3315/4660/4454 4004/4661/4455 3316/4636/4430
f 3316/4636/4430 4004/4661/4455 4438/4662/4456
f 3316/4636/4430 4438/4662/4456 4080/4663/4457
f 4080/4663/4457 4438/4662/4456 4445/4664/4458
f 4080/4663/4457 4445/4664/4458 4081/4665/4459
f 4081/4665/4459 4445/4664/4458 4444/4666/4460
f 4081/4665/4459 4444/4666/4460 4082/4667/4461
f 4082/4667/4461 4444/4666/4460 4443/4668/4462
f 4082/4667/4461 4443/4668/4462 4083/4669/4463
f 4083/4669/4463 4443/4668/4462 4442/4670/4464
f 4083/4669/4463 4442/4670/4464 4084/4671/4465
f 4084/4671/4465 4442/4670/4464 4441/4672/4466
f 4084/4671/4465 4441/4672/4466 4085/4673/4467
f 4085/4673/4467 4441/4672/4466 4440/4674/4468
f 4085/4673/4467 4440/4674/4468 4086/4675/4469
f 4086/4675/4469 4440/4674/4468 4439/4676/4470
f 4086/4675/4469 4439/4676/4470 4087/4677/4471
f 4087/4677/4471 4439/4676/4470 4002/4678/4472
f 4087/4677/4471 4002/4678/4472 4088/4679/4473
f 4088/4679/4473 4002/4678/4472 3983/4680/4474
f 4088/4679/4473 3983/4680/4474 4089/4681/4475
f 4089/4681/4475 3983/4680/4474 4000/4682/4476
f 4089/4681/4475 4000/4682/4476 4446/4683/4477
f 4446/4683/4477 4000/4682/4476 4256/4652/4446
f 4446/4683/4477 4256/4652/4446 4255/4650/4444
f 3314/4684/4478 4373/4685/4479 3315/4660/4454
f 3315/4660/4454 4373/4685/4479 4009/4686/4480
f 3315/4660/4454 4009/4686/4480 4406/4687/4481
f 4406/4687/4481 4009/4686/4480 4397/4688/4482
f 4406/4687/4481 4397/4688/4482 4405/4689/4483
f 4405/4689/4483 4397/4688/4482 4396/4690/4484
f 4405/4689/4483 4396/4690/4484 4404/4691/4485
f 4404/4691/4485 4396/4690/4484 4395/4692/4486
f 4404/4691/4485 4395/4692/4486 4403/4693/4487
f 4403/4693/4487 4395/4692/4486 4394/4694/4488
f 4403/4693/4487 4394/4694/4488 4402/4695/4489
f 4402/4695/4489 4394/4694/4488 4393/4696/4490
f 4402/4695/4489 4393/4696/4490 4401/4697/4491
f 4401/4697/4491 4393/4696/4490 4392/4698/4492
f 4401/4697/4491 4392/4698/4492 4400/4699/4493
f 4400/4699/4493 4392/4698/4492 4391/4700/4494
f 4400/4699/4493 4391/4700/4494 4399/4701/4495
f 4399/4701/4495 4391/4700/4494 4390/4702/4496
f 4399/4701/4495 4390/4702/4496 4398/4703/4497
f 4398/4703/4497 4390/4702/4496 3982/4704/4498
f 4398/4703/4497 3982/4704/4498 4005/4705/4499
f 4005/4705/4499 3982/4704/4498 4248/4706/4500
f 4005/4705/4499 4248/4706/4500 4247/4707/4501
f 4247/4707/4501 4248/4706/4500 4233/4708/4502
f 4247/4707/4501 4233/4708/4502 4234/4709/4503
f 4234/4709/4503 4233/4708/4502 4415/4710/4504
f 4234/4709/4503 4415/4710/4504 4416/4711/4505
f 4416/4711/4505 4415/4710/4504 4425/4712/4506
f 4416/4711/4505 4425/4712/4506 4426/4713/4507
f 4426/4713/4507 4425/4712/4506 4102/4714/4508
f 4426/4713/4507 4102/4714/4508 4101/4715/4509
f 4101/4715/4509 4102/4714/4508 4112/4716/4510
f 4101/4715/4509 4112/4716/4510 4113/4717/4511
f 4113/4717/4511 4112/4716/4510 4436/4718/4512
f 4113/4717/4511 4436/4718/4512 4437/4719/4513
f 4437/4719/4513 4436/4718/4512 4445/4664/4458
f 4437/4719/4513 4445/4664/4458 4438/4662/4456
f 3313/4720/4514 4014/4721/4515 3314/4684/4478
f 3314/4684/4478 4014/4721/4515 4116/4722/4516
f 3314/4684/4478 4116/4722/4516 4133/4723/4517
f 4133/4723/4517 4116/4722/4516 4117/4724/4518
f 4133/4723/4517 4117/4724/4518 4132/4725/4519
f 4132/4725/4519 4117/4724/4518 4118/4726/4520
f 4132/4725/4519 4118/4726/4520 4131/4727/4521
f 4131/4727/4521 4118/4726/4520 4119/4728/4522
f 4131/4727/4521 4119/4728/4522 4130/4729/4523
f 4130/4729/4523 4119/4728/4522 4120/4730/4524
f 4130/4729/4523 4120/4730/4524 4129/4731/4525
f 4129/4731/4525 4120/4730/4524 4121/4732/4526
f 4129/4731/4525 4121/4732/4526 4128/4733/4527
f 4128/4733/4527 4121/4732/4526 4122/4734/4528
f 4128/4733/4527 4122/4734/4528 4127/4735/4529
f 4127/4735/4529 4122/4734/4528 4123/4736/4530
f 4127/4735/4529 4123/4736/4530 4126/4737/4531
f 4126/4737/4531 4123/4736/4530 4124/4738/4532
f 4126/4737/4531 4124/4738/4532 4125/4739/4533
f 4125/4739/4533 4124/4738/4532 3980/4740/4534
f 4125/4739/4533 3980/4740/4534 4010/4741/4535
f 4010/4741/4535 3980/4740/4534 3981/4742/4536
f 4010/4741/4535 3981/4742/4536 4356/4743/4537
f 4356/4743/4537 3981/4742/4536 4365/4744/4538
f 4356/4743/4537 4365/4744/4538 4366/4745/4539
f 4366/4745/4539 4365/4744/4538 4374/4746/4540
f 4366/4745/4539 4374/4746/4540 4375/4747/4541
f 4375/4747/4541 4374/4746/4540 4229/4748/4542
f 4375/4747/4541 4229/4748/4542 4228/4749/4543
f 4228/4749/4543 4229/4748/4542 4217/4750/4544
f 4228/4749/4543 4217/4750/4544 4218/4751/4545
f 4218/4751/4545 4217/4750/4544 4385/4752/4546
f 4218/4751/4545 4385/4752/4546 4386/4753/4547
f 4386/4753/4547 4385/4752/4546 4395/4692/4486
f 4386/4753/4547 4395/4692/4486 4396/4690/4484
f 3312/4754/4548 4016/4755/4549 3313/4720/4514
f 3313/4720/4514 4016/4755/4549 4340/4756/4550
f 3313/4720/4514 4340/4756/4550 4134/4757/4551
f 4134/4757/4551 4340/4756/4550 4347/4758/4552
f 4134/4757/4551 4347/4758/4552 4135/4759/4553
f 4135/4759/4553 4347/4758/4552 4346/4760/4554
f 4135/4759/4553 4346/4760/4554 4136/4761/4555
f 4136/4761/4555 4346/4760/4554 4345/4762/4556
f 4136/4761/4555 4345/4762/4556 4137/4763/4557
f 4137/4763/4557 4345/4762/4556 4344/4764/4558
f 4137/4763/4557 4344/4764/4558 4138/4765/4559
f 4138/4765/4559 4344/4764/4558 4343/4766/4560
f 4138/4765/4559 4343/4766/4560 4139/4767/4561
f 4139/4767/4561 4343/4766/4560 4342/4768/4562
f 4139/4767/4561 4342/4768/4562 4140/4769/4563
f 4140/4769/4563 4342/4768/4562 4341/4770/4564
f 4140/4769/4563 4341/4770/4564 4141/4771/4565
f 4141/4771/4565 4341/4770/4564 4143/4772/4566
f 4141/4771/4565 4143/4772/4566 4142/4773/4567
f 4142/4773/4567 4143/4772/4566 3980/4740/4534
f 4142/4773/4567 3980/4740/4534 4013/4774/4568
f 4013/4774/4568 3980/4740/4534 4213/4775/4569
f 4013/4774/4568 4213/4775/4569 4212/4776/4570
f 4212/4776/4570 4213/4775/4569 4123/4736/4530
f 4212/4776/4570 4123/4736/4530 4122/4734/4528
f 3311/4777/4571 4197/4778/4572 3312/4754/4548
f 3312/4754/4548 4197/4778/4572 4152/4779/4573
f 3312/4754/4548 4152/4779/4573 4169/4780/4574
f 4169/4780/4574 4152/4779/4573 4153/4781/4575
f 4169/4780/4574 4153/4781/4575 4168/4782/4576
f 4168/4782/4576 4153/4781/4575 4154/4783/4577
f 4168/4782/4576 4154/4783/4577 4167/4784/4578
f 4167/4784/4578 4154/4783/4577 4155/4785/4579
f 4167/4784/4578 4155/4785/4579 4166/4786/4580
f 4166/4786/4580 4155/4785/4579 4156/4787/4581
f 4166/4786/4580 4156/4787/4581 4165/4788/4582
f 4165/4788/4582 4156/4787/4581 4157/4789/4583
f 4165/4788/4582 4157/4789/4583 4164/4790/4584
f 4164/4790/4584 4157/4789/4583 4158/4791/4585
f 4164/4790/4584 4158/4791/4585 4163/4792/4586
f 4163/4792/4586 4158/4791/4585 4159/4793/4587
f 4163/4792/4586 4159/4793/4587 4162/4794/4588
f 4162/4794/4588 4159/4793/4587 4160/4795/4589
f 4162/4794/4588 4160/4795/4589 4161/4796/4590
f 4161/4796/4590 4160/4795/4589 3979/4797/4591
f 4161/4796/4590 3979/4797/4591 4015/4798/4592
f 4015/4798/4592 3979/4797/4591 4143/4772/4566
f 4015/4798/4592 4143/4772/4566 4341/4770/4564
f 3310/4799/4593 4020/4800/4594 3311/4777/4571
f 3311/4777/4571 4020/4800/4594 4170/4801/4595
f 3311/4777/4571 4170/4801/4595 4187/4802/4596
f 4187/4802/4596 4170/4801/4595 4171/4803/4597
f 4187/4802/4596 4171/4803/4597 4186/4804/4598
f 4186/4804/4598 4171/4803/4597 4172/4805/4599
f 4186/4804/4598 4172/4805/4599 4185/4806/4600
f 4185/4806/4600 4172/4805/4599 4173/4807/4601
f 4185/4806/4600 4173/4807/4601 4184/4808/4602
f 4184/4808/4602 4173/4807/4601 4174/4809/4603
f 4184/4808/4602 4174/4809/4603 4183/4810/4604
f 4183/4810/4604 4174/4809/4603 4175/4811/4605
f 4183/4810/4604 4175/4811/4605 4182/4812/4606
f 4182/4812/4606 4175/4811/4605 4176/4813/4607
f 4182/4812/4606 4176/4813/4607 4181/4814/4608
f 4181/4814/4608 4176/4813/4607 4177/4815/4609
f 4181/4814/4608 4177/4815/4609 4180/4816/4610
f 4180/4816/4610 4177/4815/4609 4178/4817/4611
f 4180/4816/4610 4178/4817/4611 4179/4818/4612
f 4179/4818/4612 4178/4817/4611 3978/4819/4613
f 4179/4818/4612 3978/4819/4613 4017/4820/4614
f 4017/4820/4614 3978/4819/4613 3979/4797/4591
f 4017/4820/4614 3979/4797/4591 4205/4821/4615
f 4205/4821/4615 3979/4797/4591 4160/4795/4589
f 4205/4821/4615 4160/4795/4589 4159/4793/4587
f 4020/4800/4594 3310/4799/4593 4196/4822/4616
f 4196/4822/4616 3310/4799/4593 3882/4823/4617
f 4196/4822/4616 3882/4823/4617 4195/4824/4618
f 4195/4824/4618 3882/4823/4617 3881/4825/4619
f 4195/4824/4618 3881/4825/4619 4194/4826/4620
f 4194/4826/4620 3881/4825/4619 4193/4827/4621
f 4194/4826/4620 4193/4827/4621 4324/4828/4622
f 4324/4828/4622 4193/4827/4621 4323/4829/4623
f 4324/4828/4622 4323/4829/4623 4172/4805/4599
f 4172/4805/4599 4323/4829/4623 4173/4807/4601
f 3881/4825/4619 3880/4830/4624 4193/4827/4621
f 4193/4827/4621 3880/4830/4624 4192/4831/4625
f 4193/4827/4621 4192/4831/4625 4323/4829/4623
f 4323/4829/4623 4192/4831/4625 4322/4832/4626
f 4323/4829/4623 4322/4832/4626 4173/4807/4601
f 4173/4807/4601 4322/4832/4626 4174/4809/4603
f 4192/4831/4625 3880/4830/4624 4191/4833/4627
f 4191/4833/4627 3880/4830/4624 3879/4834/4628
f 4191/4833/4627 3879/4834/4628 4190/4835/4629
f 4190/4835/4629 3879/4834/4628 3878/4836/4630
f 4190/4835/4629 3878/4836/4630 4189/4837/4631
f 4189/4837/4631 3878/4836/4630 4188/4838/4632
f 4189/4837/4631 4188/4838/4632 4319/4839/4633
f 4319/4839/4633 4188/4838/4632 4019/4840/4634
f 4319/4839/4633 4019/4840/4634 4177/4815/4609
f 4177/4815/4609 4019/4840/4634 4178/4817/4611
f 3878/4836/4630 3877/4841/4635 4188/4838/4632
f 4188/4838/4632 3877/4841/4635 4019/4840/4634
f 3877/4841/4635 3978/4819/4613 4019/4840/4634
f 4019/4840/4634 3978/4819/4613 4178/4817/4611
f 3979/4797/4591 3980/4740/4534 4143/4772/4566
f 3982/4704/4498 4006/4842/4636 3981/4742/4536
f 3981/4742/4536 4006/4842/4636 4214/4843/4637
f 3981/4742/4536 4214/4843/4637 4231/4844/4638
f 4231/4844/4638 4214/4843/4637 4215/4845/4639
f 4231/4844/4638 4215/4845/4639 4230/4846/4640
f 4230/4846/4640 4215/4845/4639 4216/4847/4641
f 4230/4846/4640 4216/4847/4641 4229/4748/4542
f 4229/4748/4542 4216/4847/4641 4217/4750/4544
f 3983/4680/4474 4003/4848/4642 3982/4704/4498
f 3982/4704/4498 4003/4848/4642 4422/4849/4643
f 3982/4704/4498 4422/4849/4643 4107/4850/4644
f 4107/4850/4644 4422/4849/4643 4423/4851/4645
f 4107/4850/4644 4423/4851/4645 4414/4852/4646
f 4414/4852/4646 4423/4851/4645 4424/4853/4647
f 4414/4852/4646 4424/4853/4647 4415/4710/4504
f 4415/4710/4504 4424/4853/4647 4425/4712/4506
f 3983/4680/4474 3984/4656/4450 4000/4682/4476
f 4000/4682/4476 3984/4656/4450 4257/4654/4448
f 4000/4682/4476 4257/4654/4448 4256/4652/4446
f 3984/4656/4450 3985/4632/4426 3998/4658/4452
f 3998/4658/4452 3985/4632/4426 4266/4630/4424
f 3998/4658/4452 4266/4630/4424 4265/4628/4422
f 3985/4632/4426 3986/4596/4390 3996/4634/4428
f 3996/4634/4428 3986/4596/4390 4035/4594/4388
f 3996/4634/4428 4035/4594/4388 4468/4592/4386
f 3987/4562/4356 3990/4854/4648 3986/4596/4390
f 3986/4596/4390 3990/4854/4648 4276/4855/4649
f 3986/4596/4390 4276/4855/4649 4275/4598/4392
f 4275/4598/4392 4276/4855/4649 4277/4600/4394
f 3987/4562/4356 2241/4856/4650 3988/4564/4358
f 3988/4564/4358 2241/4856/4650 4309/4857/4651
f 3988/4564/4358 4309/4857/4651 4308/4566/4360
f 4308/4566/4360 4309/4857/4651 4311/4858/4652
f 4308/4566/4360 4311/4858/4652 4312/4568/4362
f 4312/4568/4362 4311/4858/4652 3293/4570/4364
f 4309/4857/4651 2241/4856/4650 4310/4859/4653
f 4310/4859/4653 2241/4856/4650 3293/4570/4364
f 4310/4859/4653 3293/4570/4364 4311/4858/4652
f 3293/4570/4364 3292/4574/4368 4025/4572/4366
f 3290/4860/4654 4022/4861/4655 3291/4575/4369
f 3291/4575/4369 4022/4861/4655 4023/4862/4656
f 3291/4575/4369 4023/4862/4656 4024/4573/4367
f 4024/4573/4367 4023/4862/4656 4315/4863/4657
f 4024/4573/4367 4315/4863/4657 4314/4571/4365
f 4314/4571/4365 4315/4863/4657 4305/4864/4658
f 4314/4571/4365 4305/4864/4658 4306/4865/4659
f 4306/4865/4659 4305/4864/4658 4527/4866/4660
f 4306/4865/4659 4527/4866/4660 4526/4867/4661
f 4526/4867/4661 4527/4866/4660 4519/4868/4662
f 4526/4867/4661 4519/4868/4662 4518/4869/4663
f 4518/4869/4663 4519/4868/4662 4286/4559/4353
f 4518/4869/4663 4286/4559/4353 4285/4561/4355
f 4022/4861/4655 3290/4860/4654 4021/4870/4664
f 4021/4870/4664 3290/4860/4654 3289/4871/4665
f 4021/4870/4664 3289/4871/4665 3288/4872/4666
f 4021/4870/4664 3288/4872/4666 3320/4543/4337
f 3320/4543/4337 3288/4872/4666 3287/4873/4667
f 3320/4543/4337 3287/4873/4667 3286/4874/4668
f 3286/4874/4668 3285/4875/4669 3320/4543/4337
f 3320/4543/4337 3285/4875/4669 3284/4876/4670
f 3320/4543/4337 3284/4876/4670 1219/4877/3959
f 4518/4869/4663 4285/4561/4355 4517/4563/4357
f 3987/4562/4356 4301/4560/4354 3989/4878/4671
f 3989/4878/4671 4301/4560/4354 4300/4558/4352
f 3989/4878/4671 4300/4558/4352 4510/4879/4672
f 4510/4879/4672 4300/4558/4352 4299/4556/4350
f 4510/4879/4672 4299/4556/4350 4511/4880/4673
f 4511/4880/4673 4299/4556/4350 4298/4554/4348
f 4511/4880/4673 4298/4554/4348 4512/4881/4674
f 4512/4881/4674 4298/4554/4348 4297/4552/4346
f 4512/4881/4674 4297/4552/4346 4513/4882/4675
f 4513/4882/4675 4297/4552/4346 4296/4550/4344
f 4513/4882/4675 4296/4550/4344 4514/4883/4676
f 4514/4883/4676 4296/4550/4344 4295/4548/4342
f 4514/4883/4676 4295/4548/4342 4515/4610/4404
f 4515/4610/4404 4295/4548/4342 4294/4546/4340
f 3987/4562/4356 4492/4884/4677 4483/4885/4678
f 4483/4885/4678 4492/4884/4677 4493/4886/4679
f 4483/4885/4678 4493/4886/4679 4484/4887/4680
f 4484/4887/4680 4493/4886/4679 4494/4888/4681
f 4484/4887/4680 4494/4888/4681 4485/4889/4682
f 4485/4889/4682 4494/4888/4681 4495/4890/4683
f 4485/4889/4682 4495/4890/4683 4486/4604/4398
f 4486/4604/4398 4495/4890/4683 4496/4606/4400
f 3987/4562/4356 4483/4885/4678 3990/4854/4648
f 3990/4854/4648 4483/4885/4678 4484/4887/4680
f 3990/4854/4648 4484/4887/4680 4475/4891/4684
f 4475/4891/4684 4484/4887/4680 4485/4889/4682
f 4475/4891/4684 4485/4889/4682 4476/4602/4396
f 4476/4602/4396 4485/4889/4682 4486/4604/4398
f 3991/4892/4685 3320/4543/4337 4532/4893/4686
f 4532/4893/4686 3320/4543/4337 4500/4894/4687
f 4532/4893/4686 4500/4894/4687 4524/4895/4688
f 4524/4895/4688 4500/4894/4687 4292/4547/4341
f 4524/4895/4688 4292/4547/4341 4291/4549/4343
f 4516/4611/4405 3992/4544/4338 4482/4542/4336
f 3993/4896/4689 3319/4541/4335 4491/4897/4690
f 4491/4897/4690 3319/4541/4335 4267/4898/4691
f 4491/4897/4690 4267/4898/4691 4481/4899/4692
f 4481/4899/4692 4267/4898/4691 4283/4900/4693
f 4481/4899/4692 4283/4900/4693 4282/4901/4694
f 4282/4901/4694 4283/4900/4693 4269/4902/4695
f 4282/4901/4694 4269/4902/4695 4270/4903/4696
f 4270/4903/4696 4269/4902/4695 4040/4904/4697
f 4270/4903/4696 4040/4904/4697 4039/4905/4698
f 4039/4905/4698 4040/4904/4697 4030/4587/4381
f 4039/4905/4698 4030/4587/4381 4031/4589/4383
f 3995/4906/4699 3319/4541/4335 4043/4907/4700
f 4043/4907/4700 3319/4541/4335 4026/4579/4373
f 4043/4907/4700 4026/4579/4373 4027/4581/4375
f 3997/4577/4371 3318/4576/4370 4061/4908/4701
f 4061/4908/4701 3318/4576/4370 4044/4615/4409
f 4061/4908/4701 4044/4615/4409 4045/4617/4411
f 3999/4613/4407 3317/4612/4406 4079/4909/4702
f 4079/4909/4702 3317/4612/4406 4062/4639/4433
f 4079/4909/4702 4062/4639/4433 4063/4641/4435
f 4001/4637/4431 3316/4636/4430 4097/4910/4703
f 4097/4910/4703 3316/4636/4430 4080/4663/4457
f 4097/4910/4703 4080/4663/4457 4081/4665/4459
f 3983/4680/4474 4106/4911/4704 4003/4848/4642
f 4003/4848/4642 4106/4911/4704 4108/4912/4705
f 4003/4848/4642 4108/4912/4705 4105/4913/4706
f 4105/4913/4706 4108/4912/4705 4109/4914/4707
f 4105/4913/4706 4109/4914/4707 4104/4915/4708
f 4104/4915/4708 4109/4914/4707 4110/4916/4709
f 4104/4915/4708 4110/4916/4709 4103/4917/4710
f 4103/4917/4710 4110/4916/4709 4111/4918/4711
f 4103/4917/4710 4111/4918/4711 4102/4714/4508
f 4102/4714/4508 4111/4918/4711 4112/4716/4510
f 3982/4704/4498 4107/4850/4644 4232/4919/4712
f 4232/4919/4712 4107/4850/4644 4414/4852/4646
f 4232/4919/4712 4414/4852/4646 4233/4708/4502
f 4233/4708/4502 4414/4852/4646 4415/4710/4504
f 4004/4661/4455 3315/4660/4454 4115/4920/4713
f 4115/4920/4713 3315/4660/4454 4098/4921/4714
f 4115/4920/4713 4098/4921/4714 4099/4922/4715
f 4099/4922/4715 4098/4921/4714 4429/4923/4716
f 4099/4922/4715 4429/4923/4716 4428/4924/4717
f 4428/4924/4717 4429/4923/4716 4419/4925/4718
f 4428/4924/4717 4419/4925/4718 4418/4926/4719
f 4418/4926/4719 4419/4925/4718 4237/4927/4720
f 4418/4926/4719 4237/4927/4720 4236/4928/4721
f 4236/4928/4721 4237/4927/4720 4244/4929/4722
f 4236/4928/4721 4244/4929/4722 4245/4930/4723
f 4245/4930/4723 4244/4929/4722 4409/4931/4724
f 4245/4930/4723 4409/4931/4724 4408/4932/4725
f 4408/4932/4725 4409/4931/4724 4400/4699/4493
f 4408/4932/4725 4400/4699/4493 4399/4701/4495
f 3982/4704/4498 4390/4702/4496 4006/4842/4636
f 4006/4842/4636 4390/4702/4496 4391/4700/4494
f 4006/4842/4636 4391/4700/4494 4382/4933/4726
f 4382/4933/4726 4391/4700/4494 4392/4698/4492
f 4382/4933/4726 4392/4698/4492 4383/4934/4727
f 4383/4934/4727 4392/4698/4492 4393/4696/4490
f 4383/4934/4727 4393/4696/4490 4384/4935/4728
f 4384/4935/4728 4393/4696/4490 4394/4694/4488
f 4384/4935/4728 4394/4694/4488 4385/4752/4546
f 4385/4752/4546 4394/4694/4488 4395/4692/4486
f 4429/4923/4716 4098/4921/4714 4389/4936/4729
f 4389/4936/4729 4098/4921/4714 3315/4660/4454
f 4389/4936/4729 3315/4660/4454 4421/4937/4730
f 4421/4937/4730 3315/4660/4454 4007/4938/4731
f 4421/4937/4730 4007/4938/4731 4239/4939/4732
f 4239/4939/4732 4007/4938/4731 4241/4940/4733
f 4239/4939/4732 4241/4940/4733 4242/4941/4734
f 4242/4941/4734 4241/4940/4733 4412/4942/4735
f 4242/4941/4734 4412/4942/4735 4411/4943/4736
f 4411/4943/4736 4412/4942/4735 4403/4693/4487
f 4411/4943/4736 4403/4693/4487 4402/4695/4489
f 4007/4938/4731 3315/4660/4454 4240/4944/4737
f 4240/4944/4737 3315/4660/4454 4223/4945/4738
f 4240/4944/4737 4223/4945/4738 4413/4946/4739
f 4413/4946/4739 4223/4945/4738 4405/4689/4483
f 4413/4946/4739 4405/4689/4483 4404/4691/4485
f 3981/4742/4536 4231/4844/4638 4008/4947/4740
f 4008/4947/4740 4231/4844/4638 4230/4846/4640
f 4008/4947/4740 4230/4846/4640 4374/4746/4540
f 4374/4746/4540 4230/4846/4640 4229/4748/4542
f 4011/4948/4741 3314/4684/4478 4381/4949/4742
f 4381/4949/4742 3314/4684/4478 4355/4950/4743
f 4381/4949/4742 4355/4950/4743 4372/4951/4744
f 4372/4951/4744 4355/4950/4743 4363/4952/4745
f 4372/4951/4744 4363/4952/4745 4362/4953/4746
f 4362/4953/4746 4363/4952/4745 4353/4954/4747
f 4362/4953/4746 4353/4954/4747 4352/4955/4748
f 4352/4955/4748 4353/4954/4747 4130/4729/4523
f 4352/4955/4748 4130/4729/4523 4129/4731/4525
f 3314/4684/4478 4133/4723/4517 4012/4956/4749
f 4012/4956/4749 4133/4723/4517 4132/4725/4519
f 4012/4956/4749 4132/4725/4519 4354/4957/4750
f 4354/4957/4750 4132/4725/4519 4131/4727/4521
f 4354/4957/4750 4131/4727/4521 4353/4954/4747
f 4353/4954/4747 4131/4727/4521 4130/4729/4523
f 4014/4721/4515 3313/4720/4514 4151/4958/4751
f 4151/4958/4751 3313/4720/4514 4134/4757/4551
f 4151/4958/4751 4134/4757/4551 4135/4759/4553
f 3312/4754/4548 4169/4780/4574 4016/4755/4549
f 4016/4755/4549 4169/4780/4574 4168/4782/4576
f 4016/4755/4549 4168/4782/4576 4339/4959/4752
f 4339/4959/4752 4168/4782/4576 4167/4784/4578
f 4339/4959/4752 4167/4784/4578 4338/4960/4753
f 4338/4960/4753 4167/4784/4578 4166/4786/4580
f 4338/4960/4753 4166/4786/4580 4337/4961/4754
f 4337/4961/4754 4166/4786/4580 4165/4788/4582
f 4337/4961/4754 4165/4788/4582 4336/4962/4755
f 4336/4962/4755 4165/4788/4582 4164/4790/4584
f 4336/4962/4755 4164/4790/4584 4335/4963/4756
f 4335/4963/4756 4164/4790/4584 4163/4792/4586
f 4335/4963/4756 4163/4792/4586 4334/4964/4757
f 4334/4964/4757 4163/4792/4586 4162/4794/4588
f 4334/4964/4757 4162/4794/4588 4333/4965/4758
f 4333/4965/4758 4162/4794/4588 4161/4796/4590
f 4333/4965/4758 4161/4796/4590 4015/4798/4592
f 3311/4777/4571 4187/4802/4596 4018/4966/4759
f 4018/4966/4759 4187/4802/4596 4186/4804/4598
f 4018/4966/4759 4186/4804/4598 4332/4967/4760
f 4332/4967/4760 4186/4804/4598 4185/4806/4600
f 4332/4967/4760 4185/4806/4600 4331/4968/4761
f 4331/4968/4761 4185/4806/4600 4184/4808/4602
f 4331/4968/4761 4184/4808/4602 4330/4969/4762
f 4330/4969/4762 4184/4808/4602 4183/4810/4604
f 4330/4969/4762 4183/4810/4604 4329/4970/4763
f 4329/4970/4763 4183/4810/4604 4182/4812/4606
f 4329/4970/4763 4182/4812/4606 4328/4971/4764
f 4328/4971/4764 4182/4812/4606 4181/4814/4608
f 4328/4971/4764 4181/4814/4608 4327/4972/4765
f 4327/4972/4765 4181/4814/4608 4180/4816/4610
f 4327/4972/4765 4180/4816/4610 4326/4973/4766
f 4326/4973/4766 4180/4816/4610 4179/4818/4612
f 4326/4973/4766 4179/4818/4612 4017/4820/4614
f 4022/4861/4655 4021/4870/4664 4317/4974/4767
f 4317/4974/4767 4021/4870/4664 4318/4975/4768
f 4317/4974/4767 4318/4975/4768 4302/4976/4769
f 4302/4976/4769 4318/4975/4768 3991/4892/4685
f 4302/4976/4769 3991/4892/4685 4531/4977/4770
f 4531/4977/4770 3991/4892/4685 4532/4893/4686
f 4531/4977/4770 4532/4893/4686 4524/4895/4688
f 4023/4862/4656 4022/4861/4655 4316/4978/4771
f 4316/4978/4771 4022/4861/4655 4317/4974/4767
f 4316/4978/4771 4317/4974/4767 4303/4979/4772
f 4303/4979/4772 4317/4974/4767 4302/4976/4769
f 4303/4979/4772 4302/4976/4769 4530/4980/4773
f 4530/4980/4773 4302/4976/4769 4531/4977/4770
f 4530/4980/4773 4531/4977/4770 4523/4981/4774
f 4523/4981/4774 4531/4977/4770 4524/4895/4688
f 4523/4981/4774 4524/4895/4688 4291/4549/4343
f 4027/4581/4375 4028/4583/4377 4042/4982/4775
f 4042/4982/4775 4028/4583/4377 4041/4983/4776
f 4042/4982/4775 4041/4983/4776 4268/4984/4777
f 4268/4984/4777 4041/4983/4776 4269/4902/4695
f 4268/4984/4777 4269/4902/4695 4283/4900/4693
f 4028/4583/4377 4029/4585/4379 4041/4983/4776
f 4041/4983/4776 4029/4585/4379 4040/4904/4697
f 4041/4983/4776 4040/4904/4697 4269/4902/4695
f 4029/4585/4379 4030/4587/4381 4040/4904/4697
f 4031/4589/4383 4032/4591/4385 4038/4985/4778
f 4038/4985/4778 4032/4591/4385 4037/4986/4779
f 4038/4985/4778 4037/4986/4779 4272/4987/4780
f 4272/4987/4780 4037/4986/4779 4273/4988/4781
f 4272/4987/4780 4273/4988/4781 4279/4989/4782
f 4279/4989/4782 4273/4988/4781 4278/4601/4395
f 4279/4989/4782 4278/4601/4395 4477/4603/4397
f 4032/4591/4385 4033/4593/4387 4037/4986/4779
f 4037/4986/4779 4033/4593/4387 4036/4990/4783
f 4037/4986/4779 4036/4990/4783 4273/4988/4781
f 4273/4988/4781 4036/4990/4783 4274/4599/4393
f 4273/4988/4781 4274/4599/4393 4278/4601/4395
f 4033/4593/4387 4034/4595/4389 4036/4990/4783
f 4036/4990/4783 4034/4595/4389 3994/4597/4391
f 4036/4990/4783 3994/4597/4391 4274/4599/4393
f 4031/4589/4383 4038/4985/4778 4039/4905/4698
f 4039/4905/4698 4038/4985/4778 4271/4991/4784
f 4039/4905/4698 4271/4991/4784 4270/4903/4696
f 4270/4903/4696 4271/4991/4784 4281/4992/4785
f 4270/4903/4696 4281/4992/4785 4282/4901/4694
f 4282/4901/4694 4281/4992/4785 4480/4993/4786
f 4282/4901/4694 4480/4993/4786 4481/4899/4692
f 4481/4899/4692 4480/4993/4786 4490/4994/4787
f 4481/4899/4692 4490/4994/4787 4491/4897/4690
f 4491/4897/4690 4490/4994/4787 3993/4896/4689
f 4271/4991/4784 4038/4985/4778 4272/4987/4780
f 3995/4906/4699 4043/4907/4700 4042/4982/4775
f 4042/4982/4775 4043/4907/4700 4027/4581/4375
f 3995/4906/4699 4042/4982/4775 4268/4984/4777
f 3319/4541/4335 3995/4906/4699 4284/4995/4788
f 4284/4995/4788 3995/4906/4699 4268/4984/4777
f 4284/4995/4788 4268/4984/4777 4283/4900/4693
f 4045/4617/4411 4046/4619/4413 4060/4996/4789
f 4060/4996/4789 4046/4619/4413 4059/4997/4790
f 4060/4996/4789 4059/4997/4790 4466/4998/4791
f 4466/4998/4791 4059/4997/4790 4465/4999/4792
f 4466/4998/4791 4465/4999/4792 4474/4580/4374
f 4474/4580/4374 4465/4999/4792 4473/4582/4376
f 4046/4619/4413 4047/4621/4415 4059/4997/4790
f 4059/4997/4790 4047/4621/4415 4058/5000/4793
f 4059/4997/4790 4058/5000/4793 4465/4999/4792
f 4465/4999/4792 4058/5000/4793 4464/5001/4794
f 4465/4999/4792 4464/5001/4794 4473/4582/4376
f 4473/4582/4376 4464/5001/4794 4472/4584/4378
f 4047/4621/4415 4048/4623/4417 4058/5000/4793
f 4058/5000/4793 4048/4623/4417 4057/5002/4795
f 4058/5000/4793 4057/5002/4795 4464/5001/4794
f 4464/5001/4794 4057/5002/4795 4463/5003/4796
f 4464/5001/4794 4463/5003/4796 4472/4584/4378
f 4472/4584/4378 4463/5003/4796 4471/4586/4380
f 4048/4623/4417 4049/4625/4419 4057/5002/4795
f 4057/5002/4795 4049/4625/4419 4056/5004/4797
f 4057/5002/4795 4056/5004/4797 4463/5003/4796
f 4463/5003/4796 4056/5004/4797 4462/5005/4798
f 4463/5003/4796 4462/5005/4798 4471/4586/4380
f 4471/4586/4380 4462/5005/4798 4470/4588/4382
f 4049/4625/4419 4050/4627/4421 4056/5004/4797
f 4056/5004/4797 4050/4627/4421 4055/5006/4799
f 4056/5004/4797 4055/5006/4799 4462/5005/4798
f 4462/5005/4798 4055/5006/4799 4461/5007/4800
f 4462/5005/4798 4461/5007/4800 4470/4588/4382
f 4470/4588/4382 4461/5007/4800 4469/4590/4384
f 4050/4627/4421 4051/4629/4423 4055/5006/4799
f 4055/5006/4799 4051/4629/4423 4054/5008/4801
f 4055/5006/4799 4054/5008/4801 4461/5007/4800
f 4461/5007/4800 4054/5008/4801 4460/4635/4429
f 4461/5007/4800 4460/4635/4429 4469/4590/4384
f 4051/4629/4423 4052/4631/4425 4054/5008/4801
f 4054/5008/4801 4052/4631/4425 4053/4633/4427
f 4054/5008/4801 4053/4633/4427 4460/4635/4429
f 3997/4577/4371 4061/4908/4701 4060/4996/4789
f 4060/4996/4789 4061/4908/4701 4045/4617/4411
f 3997/4577/4371 4060/4996/4789 4466/4998/4791
f 4063/4641/4435 4064/4643/4437 4078/5009/4802
f 4078/5009/4802 4064/4643/4437 4077/5010/4803
f 4078/5009/4802 4077/5010/4803 4459/5011/4804
f 4459/5011/4804 4077/5010/4803 4458/5012/4805
f 4459/5011/4804 4458/5012/4805 4259/4616/4410
f 4259/4616/4410 4458/5012/4805 4260/4618/4412
f 4064/4643/4437 4065/4645/4439 4077/5010/4803
f 4077/5010/4803 4065/4645/4439 4076/5013/4806
f 4077/5010/4803 4076/5013/4806 4458/5012/4805
f 4458/5012/4805 4076/5013/4806 4457/5014/4807
f 4458/5012/4805 4457/5014/4807 4260/4618/4412
f 4260/4618/4412 4457/5014/4807 4261/4620/4414
f 4065/4645/4439 4066/4647/4441 4076/5013/4806
f 4076/5013/4806 4066/4647/4441 4075/5015/4808
f 4076/5013/4806 4075/5015/4808 4457/5014/4807
f 4457/5014/4807 4075/5015/4808 4456/5016/4809
f 4457/5014/4807 4456/5016/4809 4261/4620/4414
f 4261/4620/4414 4456/5016/4809 4262/4622/4416
f 4066/4647/4441 4067/4649/4443 4075/5015/4808
f 4075/5015/4808 4067/4649/4443 4074/5017/4810
f 4075/5015/4808 4074/5017/4810 4456/5016/4809
f 4456/5016/4809 4074/5017/4810 4455/5018/4811
f 4456/5016/4809 4455/5018/4811 4262/4622/4416
f 4262/4622/4416 4455/5018/4811 4263/4624/4418
f 4067/4649/4443 4068/4651/4445 4074/5017/4810
f 4074/5017/4810 4068/4651/4445 4073/5019/4812
f 4074/5017/4810 4073/5019/4812 4455/5018/4811
f 4455/5018/4811 4073/5019/4812 4454/5020/4813
f 4455/5018/4811 4454/5020/4813 4263/4624/4418
f 4263/4624/4418 4454/5020/4813 4264/4626/4420
f 4068/4651/4445 4069/4653/4447 4073/5019/4812
f 4073/5019/4812 4069/4653/4447 4072/5021/4814
f 4073/5019/4812 4072/5021/4814 4454/5020/4813
f 4454/5020/4813 4072/5021/4814 4453/4659/4453
f 4454/5020/4813 4453/4659/4453 4264/4626/4420
f 4069/4653/4447 4070/4655/4449 4072/5021/4814
f 4072/5021/4814 4070/4655/4449 4071/4657/4451
f 4072/5021/4814 4071/4657/4451 4453/4659/4453
f 3999/4613/4407 4079/4909/4702 4078/5009/4802
f 4078/5009/4802 4079/4909/4702 4063/4641/4435
f 3999/4613/4407 4078/5009/4802 4459/5011/4804
f 4081/4665/4459 4082/4667/4461 4096/5022/4815
f 4096/5022/4815 4082/4667/4461 4095/5023/4816
f 4096/5022/4815 4095/5023/4816 4452/5024/4817
f 4452/5024/4817 4095/5023/4816 4451/5025/4818
f 4452/5024/4817 4451/5025/4818 4250/4640/4434
f 4250/4640/4434 4451/5025/4818 4251/4642/4436
f 4082/4667/4461 4083/4669/4463 4095/5023/4816
f 4095/5023/4816 4083/4669/4463 4094/5026/4819
f 4095/5023/4816 4094/5026/4819 4451/5025/4818
f 4451/5025/4818 4094/5026/4819 4450/5027/4820
f 4451/5025/4818 4450/5027/4820 4251/4642/4436
f 4251/4642/4436 4450/5027/4820 4252/4644/4438
f 4083/4669/4463 4084/4671/4465 4094/5026/4819
f 4094/5026/4819 4084/4671/4465 4093/5028/4821
f 4094/5026/4819 4093/5028/4821 4450/5027/4820
f 4450/5027/4820 4093/5028/4821 4449/5029/4822
f 4450/5027/4820 4449/5029/4822 4252/4644/4438
f 4252/4644/4438 4449/5029/4822 4253/4646/4440
f 4084/4671/4465 4085/4673/4467 4093/5028/4821
f 4093/5028/4821 4085/4673/4467 4092/5030/4823
f 4093/5028/4821 4092/5030/4823 4449/5029/4822
f 4449/5029/4822 4092/5030/4823 4448/5031/4824
f 4449/5029/4822 4448/5031/4824 4253/4646/4440
f 4253/4646/4440 4448/5031/4824 4254/4648/4442
f 4085/4673/4467 4086/4675/4469 4092/5030/4823
f 4092/5030/4823 4086/4675/4469 4091/5032/4825
f 4092/5030/4823 4091/5032/4825 4448/5031/4824
f 4448/5031/4824 4091/5032/4825 4447/5033/4826
f 4448/5031/4824 4447/5033/4826 4254/4648/4442
f 4254/4648/4442 4447/5033/4826 4255/4650/4444
f 4086/4675/4469 4087/4677/4471 4091/5032/4825
f 4091/5032/4825 4087/4677/4471 4090/5034/4827
f 4091/5032/4825 4090/5034/4827 4447/5033/4826
f 4447/5033/4826 4090/5034/4827 4446/4683/4477
f 4447/5033/4826 4446/4683/4477 4255/4650/4444
f 4087/4677/4471 4088/4679/4473 4090/5034/4827
f 4090/5034/4827 4088/4679/4473 4089/4681/4475
f 4090/5034/4827 4089/4681/4475 4446/4683/4477
f 3983/4680/4474 4002/4678/4472 4430/5035/4828
f 4430/5035/4828 4002/4678/4472 4439/4676/4470
f 4430/5035/4828 4439/4676/4470 4431/5036/4829
f 4431/5036/4829 4439/4676/4470 4440/4674/4468
f 4431/5036/4829 4440/4674/4468 4432/5037/4830
f 4432/5037/4830 4440/4674/4468 4441/4672/4466
f 4432/5037/4830 4441/4672/4466 4433/5038/4831
f 4433/5038/4831 4441/4672/4466 4442/4670/4464
f 4433/5038/4831 4442/4670/4464 4434/5039/4832
f 4434/5039/4832 4442/4670/4464 4443/4668/4462
f 4434/5039/4832 4443/4668/4462 4435/5040/4833
f 4435/5040/4833 4443/4668/4462 4444/4666/4460
f 4435/5040/4833 4444/4666/4460 4436/4718/4512
f 4436/4718/4512 4444/4666/4460 4445/4664/4458
f 4001/4637/4431 4097/4910/4703 4096/5022/4815
f 4096/5022/4815 4097/4910/4703 4081/4665/4459
f 4001/4637/4431 4096/5022/4815 4452/5024/4817
f 4099/4922/4715 4100/5041/4834 4114/5042/4835
f 4114/5042/4835 4100/5041/4834 4113/4717/4511
f 4114/5042/4835 4113/4717/4511 4437/4719/4513
f 4113/4717/4511 4100/5041/4834 4101/4715/4509
f 4101/4715/4509 4100/5041/4834 4427/5043/4836
f 4101/4715/4509 4427/5043/4836 4426/4713/4507
f 4426/4713/4507 4427/5043/4836 4417/5044/4837
f 4426/4713/4507 4417/5044/4837 4416/4711/4505
f 4416/4711/4505 4417/5044/4837 4235/5045/4838
f 4416/4711/4505 4235/5045/4838 4234/4709/4503
f 4234/4709/4503 4235/5045/4838 4246/5046/4839
f 4234/4709/4503 4246/5046/4839 4247/4707/4501
f 4247/4707/4501 4246/5046/4839 4407/5047/4840
f 4247/4707/4501 4407/5047/4840 4005/4705/4499
f 4005/4705/4499 4407/5047/4840 4398/4703/4497
f 4427/5043/4836 4100/5041/4834 4428/4924/4717
f 4428/4924/4717 4100/5041/4834 4099/4922/4715
f 4102/4714/4508 4425/4712/4506 4103/4917/4710
f 4103/4917/4710 4425/4712/4506 4424/4853/4647
f 4103/4917/4710 4424/4853/4647 4104/4915/4708
f 4104/4915/4708 4424/4853/4647 4423/4851/4645
f 4104/4915/4708 4423/4851/4645 4105/4913/4706
f 4105/4913/4706 4423/4851/4645 4422/4849/4643
f 4105/4913/4706 4422/4849/4643 4003/4848/4642
f 4430/5035/4828 4431/5036/4829 4106/4911/4704
f 4106/4911/4704 4431/5036/4829 4108/4912/4705
f 4431/5036/4829 4432/5037/4830 4108/4912/4705
f 4108/4912/4705 4432/5037/4830 4109/4914/4707
f 4432/5037/4830 4433/5038/4831 4109/4914/4707
f 4109/4914/4707 4433/5038/4831 4110/4916/4709
f 4433/5038/4831 4434/5039/4832 4110/4916/4709
f 4110/4916/4709 4434/5039/4832 4111/4918/4711
f 4434/5039/4832 4435/5040/4833 4111/4918/4711
f 4111/4918/4711 4435/5040/4833 4112/4716/4510
f 4435/5040/4833 4436/4718/4512 4112/4716/4510
f 4004/4661/4455 4115/4920/4713 4114/5042/4835
f 4114/5042/4835 4115/4920/4713 4099/4922/4715
f 4004/4661/4455 4114/5042/4835 4437/4719/4513
f 4430/5035/4828 4106/4911/4704 3983/4680/4474
f 4117/4724/4518 4116/4722/4516 4206/5048/4841
f 4206/5048/4841 4116/4722/4516 4014/4721/4515
f 4206/5048/4841 4014/4721/4515 4150/5049/4842
f 4150/5049/4842 4014/4721/4515 4151/4958/4751
f 4150/5049/4842 4151/4958/4751 4135/4759/4553
f 4118/4726/4520 4117/4724/4518 4207/5050/4843
f 4207/5050/4843 4117/4724/4518 4206/5048/4841
f 4207/5050/4843 4206/5048/4841 4149/5051/4844
f 4149/5051/4844 4206/5048/4841 4150/5049/4842
f 4149/5051/4844 4150/5049/4842 4136/4761/4555
f 4136/4761/4555 4150/5049/4842 4135/4759/4553
f 4119/4728/4522 4118/4726/4520 4208/5052/4845
f 4208/5052/4845 4118/4726/4520 4207/5050/4843
f 4208/5052/4845 4207/5050/4843 4148/5053/4846
f 4148/5053/4846 4207/5050/4843 4149/5051/4844
f 4148/5053/4846 4149/5051/4844 4137/4763/4557
f 4137/4763/4557 4149/5051/4844 4136/4761/4555
f 4120/4730/4524 4119/4728/4522 4209/5054/4847
f 4209/5054/4847 4119/4728/4522 4208/5052/4845
f 4209/5054/4847 4208/5052/4845 4147/5055/4848
f 4147/5055/4848 4208/5052/4845 4148/5053/4846
f 4147/5055/4848 4148/5053/4846 4138/4765/4559
f 4138/4765/4559 4148/5053/4846 4137/4763/4557
f 4121/4732/4526 4120/4730/4524 4210/5056/4849
f 4210/5056/4849 4120/4730/4524 4209/5054/4847
f 4210/5056/4849 4209/5054/4847 4146/5057/4850
f 4146/5057/4850 4209/5054/4847 4147/5055/4848
f 4146/5057/4850 4147/5055/4848 4139/4767/4561
f 4139/4767/4561 4147/5055/4848 4138/4765/4559
f 4122/4734/4528 4121/4732/4526 4211/5058/4851
f 4211/5058/4851 4121/4732/4526 4210/5056/4849
f 4211/5058/4851 4210/5056/4849 4145/5059/4852
f 4145/5059/4852 4210/5056/4849 4146/5057/4850
f 4145/5059/4852 4146/5057/4850 4140/4769/4563
f 4140/4769/4563 4146/5057/4850 4139/4767/4561
f 3980/4740/4534 4124/4738/4532 4213/4775/4569
f 4213/4775/4569 4124/4738/4532 4123/4736/4530
f 4126/4737/4531 4125/4739/4533 4348/5060/4853
f 4348/5060/4853 4125/4739/4533 4010/4741/4535
f 4348/5060/4853 4010/4741/4535 4357/5061/4854
f 4357/5061/4854 4010/4741/4535 4356/4743/4537
f 4357/5061/4854 4356/4743/4537 4366/4745/4539
f 4127/4735/4529 4126/4737/4531 4349/5062/4855
f 4349/5062/4855 4126/4737/4531 4348/5060/4853
f 4349/5062/4855 4348/5060/4853 4358/5063/4856
f 4358/5063/4856 4348/5060/4853 4357/5061/4854
f 4358/5063/4856 4357/5061/4854 4367/5064/4857
f 4367/5064/4857 4357/5061/4854 4366/4745/4539
f 4367/5064/4857 4366/4745/4539 4375/4747/4541
f 4128/4733/4527 4127/4735/4529 4350/5065/4858
f 4350/5065/4858 4127/4735/4529 4349/5062/4855
f 4350/5065/4858 4349/5062/4855 4359/5066/4859
f 4359/5066/4859 4349/5062/4855 4358/5063/4856
f 4359/5066/4859 4358/5063/4856 4368/5067/4860
f 4368/5067/4860 4358/5063/4856 4367/5064/4857
f 4368/5067/4860 4367/5064/4857 4376/5068/4861
f 4376/5068/4861 4367/5064/4857 4375/4747/4541
f 4376/5068/4861 4375/4747/4541 4228/4749/4543
f 4129/4731/4525 4128/4733/4527 4351/5069/4862
f 4351/5069/4862 4128/4733/4527 4350/5065/4858
f 4351/5069/4862 4350/5065/4858 4360/5070/4863
f 4360/5070/4863 4350/5065/4858 4359/5066/4859
f 4360/5070/4863 4359/5066/4859 4369/5071/4864
f 4369/5071/4864 4359/5066/4859 4368/5067/4860
f 4369/5071/4864 4368/5067/4860 4377/5072/4865
f 4377/5072/4865 4368/5067/4860 4376/5068/4861
f 4377/5072/4865 4376/5068/4861 4227/5073/4866
f 4227/5073/4866 4376/5068/4861 4228/4749/4543
f 4227/5073/4866 4228/4749/4543 4218/4751/4545
f 3314/4684/4478 4012/4956/4749 4364/5074/4867
f 4364/5074/4867 4012/4956/4749 4354/4957/4750
f 4364/5074/4867 4354/4957/4750 4363/4952/4745
f 4363/4952/4745 4354/4957/4750 4353/4954/4747
f 4140/4769/4563 4141/4771/4565 4145/5059/4852
f 4145/5059/4852 4141/4771/4565 4144/5075/4868
f 4145/5059/4852 4144/5075/4868 4211/5058/4851
f 4211/5058/4851 4144/5075/4868 4212/4776/4570
f 4211/5058/4851 4212/4776/4570 4122/4734/4528
f 4141/4771/4565 4142/4773/4567 4144/5075/4868
f 4144/5075/4868 4142/4773/4567 4013/4774/4568
f 4144/5075/4868 4013/4774/4568 4212/4776/4570
f 4153/4781/4575 4152/4779/4573 4198/5076/4869
f 4198/5076/4869 4152/4779/4573 4197/4778/4572
f 4198/5076/4869 4197/4778/4572 4332/4967/4760
f 4332/4967/4760 4197/4778/4572 4018/4966/4759
f 4154/4783/4577 4153/4781/4575 4199/5077/4870
f 4199/5077/4870 4153/4781/4575 4198/5076/4869
f 4199/5077/4870 4198/5076/4869 4331/4968/4761
f 4331/4968/4761 4198/5076/4869 4332/4967/4760
f 4155/4785/4579 4154/4783/4577 4200/5078/4871
f 4200/5078/4871 4154/4783/4577 4199/5077/4870
f 4200/5078/4871 4199/5077/4870 4330/4969/4762
f 4330/4969/4762 4199/5077/4870 4331/4968/4761
f 4156/4787/4581 4155/4785/4579 4201/5079/4872
f 4201/5079/4872 4155/4785/4579 4200/5078/4871
f 4201/5079/4872 4200/5078/4871 4329/4970/4763
f 4329/4970/4763 4200/5078/4871 4330/4969/4762
f 4157/4789/4583 4156/4787/4581 4202/5080/4873
f 4202/5080/4873 4156/4787/4581 4201/5079/4872
f 4202/5080/4873 4201/5079/4872 4328/4971/4764
f 4328/4971/4764 4201/5079/4872 4329/4970/4763
f 4158/4791/4585 4157/4789/4583 4203/5081/4874
f 4203/5081/4874 4157/4789/4583 4202/5080/4873
f 4203/5081/4874 4202/5080/4873 4327/4972/4765
f 4327/4972/4765 4202/5080/4873 4328/4971/4764
f 4159/4793/4587 4158/4791/4585 4204/5082/4875
f 4204/5082/4875 4158/4791/4585 4203/5081/4874
f 4204/5082/4875 4203/5081/4874 4326/4973/4766
f 4326/4973/4766 4203/5081/4874 4327/4972/4765
f 4324/4828/4622 4172/4805/4599 4171/4803/4597
f 4171/4803/4597 4170/4801/4595 4325/5083/4876
f 4325/5083/4876 4170/4801/4595 4020/4800/4594
f 4325/5083/4876 4020/4800/4594 4195/4824/4618
f 4195/4824/4618 4020/4800/4594 4196/4822/4616
f 4175/4811/4605 4174/4809/4603 4321/5084/4877
f 4321/5084/4877 4174/4809/4603 4322/4832/4626
f 4321/5084/4877 4322/4832/4626 4191/4833/4627
f 4191/4833/4627 4322/4832/4626 4192/4831/4625
f 4319/4839/4633 4177/4815/4609 4176/4813/4607
f 4176/4813/4607 4175/4811/4605 4320/5085/4878
f 4320/5085/4878 4175/4811/4605 4321/5084/4877
f 4320/5085/4878 4321/5084/4877 4190/4835/4629
f 4190/4835/4629 4321/5084/4877 4191/4833/4627
f 3311/4777/4571 4018/4966/4759 4197/4778/4572
f 4320/5085/4878 4190/4835/4629 4189/4837/4631
f 4320/5085/4878 4189/4837/4631 4319/4839/4633
f 4325/5083/4876 4195/4824/4618 4194/4826/4620
f 4325/5083/4876 4194/4826/4620 4324/4828/4622
f 4017/4820/4614 4205/4821/4615 4204/5082/4875
f 4204/5082/4875 4205/4821/4615 4159/4793/4587
f 4017/4820/4614 4204/5082/4875 4326/4973/4766
f 4006/4842/4636 4382/4933/4726 4214/4843/4637
f 4214/4843/4637 4382/4933/4726 4215/4845/4639
f 4382/4933/4726 4383/4934/4727 4215/4845/4639
f 4215/4845/4639 4383/4934/4727 4216/4847/4641
f 4383/4934/4727 4384/4935/4728 4216/4847/4641
f 4216/4847/4641 4384/4935/4728 4217/4750/4544
f 4218/4751/4545 4219/5086/4879 4227/5073/4866
f 4227/5073/4866 4219/5086/4879 4226/5087/4880
f 4227/5073/4866 4226/5087/4880 4377/5072/4865
f 4377/5072/4865 4226/5087/4880 4378/5088/4881
f 4377/5072/4865 4378/5088/4881 4369/5071/4864
f 4369/5071/4864 4378/5088/4881 4370/5089/4882
f 4369/5071/4864 4370/5089/4882 4360/5070/4863
f 4360/5070/4863 4370/5089/4882 4361/5090/4883
f 4360/5070/4863 4361/5090/4883 4351/5069/4862
f 4351/5069/4862 4361/5090/4883 4352/4955/4748
f 4351/5069/4862 4352/4955/4748 4129/4731/4525
f 4384/4935/4728 4385/4752/4546 4217/4750/4544
f 4219/5086/4879 4220/5091/4884 4226/5087/4880
f 4226/5087/4880 4220/5091/4884 4225/5092/4885
f 4226/5087/4880 4225/5092/4885 4378/5088/4881
f 4378/5088/4881 4225/5092/4885 4379/5093/4886
f 4378/5088/4881 4379/5093/4886 4370/5089/4882
f 4370/5089/4882 4379/5093/4886 4371/5094/4887
f 4370/5089/4882 4371/5094/4887 4361/5090/4883
f 4361/5090/4883 4371/5094/4887 4362/4953/4746
f 4361/5090/4883 4362/4953/4746 4352/4955/4748
f 4218/4751/4545 4386/4753/4547 4219/5086/4879
f 4219/5086/4879 4386/4753/4547 4387/5095/4888
f 4219/5086/4879 4387/5095/4888 4220/5091/4884
f 4220/5091/4884 4387/5095/4888 4388/5096/4889
f 4220/5091/4884 4388/5096/4889 4221/5097/4890
f 4221/5097/4890 4388/5096/4889 4373/4685/4479
f 4221/5097/4890 4373/4685/4479 4222/5098/4891
f 4222/5098/4891 4373/4685/4479 3314/4684/4478
f 4222/5098/4891 3314/4684/4478 4011/4948/4741
f 4220/5091/4884 4221/5097/4890 4225/5092/4885
f 4225/5092/4885 4221/5097/4890 4224/5099/4892
f 4225/5092/4885 4224/5099/4892 4379/5093/4886
f 4379/5093/4886 4224/5099/4892 4380/5100/4893
f 4379/5093/4886 4380/5100/4893 4371/5094/4887
f 4371/5094/4887 4380/5100/4893 4372/4951/4744
f 4371/5094/4887 4372/4951/4744 4362/4953/4746
f 4221/5097/4890 4222/5098/4891 4224/5099/4892
f 4224/5099/4892 4222/5098/4891 4011/4948/4741
f 4224/5099/4892 4011/4948/4741 4380/5100/4893
f 4380/5100/4893 4011/4948/4741 4381/4949/4742
f 4380/5100/4893 4381/4949/4742 4372/4951/4744
f 4405/4689/4483 4223/4945/4738 4406/4687/4481
f 4406/4687/4481 4223/4945/4738 3315/4660/4454
f 4374/4746/4540 4365/4744/4538 4008/4947/4740
f 4008/4947/4740 4365/4744/4538 3981/4742/4536
f 3982/4704/4498 4232/4919/4712 4248/4706/4500
f 4248/4706/4500 4232/4919/4712 4233/4708/4502
f 4246/5046/4839 4235/5045/4838 4245/4930/4723
f 4245/4930/4723 4235/5045/4838 4236/4928/4721
f 4418/4926/4719 4236/4928/4721 4417/5044/4837
f 4417/5044/4837 4236/4928/4721 4235/5045/4838
f 4237/4927/4720 4238/5101/4894 4243/5102/4895
f 4243/5102/4895 4238/5101/4894 4242/4941/4734
f 4243/5102/4895 4242/4941/4734 4411/4943/4736
f 4242/4941/4734 4238/5101/4894 4239/4939/4732
f 4239/4939/4732 4238/5101/4894 4420/5103/4896
f 4239/4939/4732 4420/5103/4896 4421/4937/4730
f 4421/4937/4730 4420/5103/4896 4389/4936/4729
f 4420/5103/4896 4238/5101/4894 4419/4925/4718
f 4419/4925/4718 4238/5101/4894 4237/4927/4720
f 4007/4938/4731 4240/4944/4737 4241/4940/4733
f 4241/4940/4733 4240/4944/4737 4413/4946/4739
f 4241/4940/4733 4413/4946/4739 4412/4942/4735
f 4412/4942/4735 4413/4946/4739 4404/4691/4485
f 4412/4942/4735 4404/4691/4485 4403/4693/4487
f 4237/4927/4720 4243/5102/4895 4244/4929/4722
f 4244/4929/4722 4243/5102/4895 4410/5104/4897
f 4244/4929/4722 4410/5104/4897 4409/4931/4724
f 4409/4931/4724 4410/5104/4897 4401/4697/4491
f 4409/4931/4724 4401/4697/4491 4400/4699/4493
f 4410/5104/4897 4243/5102/4895 4411/4943/4736
f 4407/5047/4840 4246/5046/4839 4408/4932/4725
f 4408/4932/4725 4246/5046/4839 4245/4930/4723
f 4452/5024/4817 4250/4640/4434 4249/4638/4432
f 4001/4637/4431 4452/5024/4817 4249/4638/4432
f 4459/5011/4804 4259/4616/4410 4258/4614/4408
f 3999/4613/4407 4459/5011/4804 4258/4614/4408
f 4283/4900/4693 4267/4898/4691 4284/4995/4788
f 4284/4995/4788 4267/4898/4691 3319/4541/4335
f 4271/4991/4784 4272/4987/4780 4280/5105/4898
f 4280/5105/4898 4272/4987/4780 4279/4989/4782
f 4280/5105/4898 4279/4989/4782 4478/5106/4899
f 4478/5106/4899 4279/4989/4782 4477/4603/4397
f 4478/5106/4899 4477/4603/4397 4487/4605/4399
f 3990/4854/4648 4475/4891/4684 4276/4855/4649
f 4276/4855/4649 4475/4891/4684 4277/4600/4394
f 4475/4891/4684 4476/4602/4396 4277/4600/4394
f 4271/4991/4784 4280/5105/4898 4281/4992/4785
f 4281/4992/4785 4280/5105/4898 4479/5107/4900
f 4281/4992/4785 4479/5107/4900 4480/4993/4786
f 4480/4993/4786 4479/5107/4900 4489/5108/4901
f 4480/4993/4786 4489/5108/4901 4490/4994/4787
f 4490/4994/4787 4489/5108/4901 4499/5109/4902
f 4490/4994/4787 4499/5109/4902 3993/4896/4689
f 3993/4896/4689 4499/5109/4902 4509/5110/4903
f 3993/4896/4689 4509/5110/4903 3319/4541/4335
f 3319/4541/4335 4509/5110/4903 4482/4542/4336
f 4479/5107/4900 4280/5105/4898 4478/5106/4899
f 4286/4559/4353 4519/4868/4662 4287/4557/4351
f 4287/4557/4351 4519/4868/4662 4520/5111/4904
f 4287/4557/4351 4520/5111/4904 4288/4555/4349
f 4288/4555/4349 4520/5111/4904 4521/5112/4905
f 4288/4555/4349 4521/5112/4905 4289/4553/4347
f 4289/4553/4347 4521/5112/4905 4522/5113/4906
f 4289/4553/4347 4522/5113/4906 4290/4551/4345
f 4290/4551/4345 4522/5113/4906 4523/4981/4774
f 4290/4551/4345 4523/4981/4774 4291/4549/4343
f 3320/4543/4337 4293/4545/4339 4500/4894/4687
f 4500/4894/4687 4293/4545/4339 4292/4547/4341
f 3987/4562/4356 3989/4878/4671 4501/5114/4907
f 4501/5114/4907 3989/4878/4671 4510/4879/4672
f 4501/5114/4907 4510/4879/4672 4502/5115/4908
f 4502/5115/4908 4510/4879/4672 4511/4880/4673
f 4502/5115/4908 4511/4880/4673 4503/5116/4909
f 4503/5116/4909 4511/4880/4673 4512/4881/4674
f 4503/5116/4909 4512/4881/4674 4504/5117/4910
f 4504/5117/4910 4512/4881/4674 4513/4882/4675
f 4504/5117/4910 4513/4882/4675 4505/5118/4911
f 4505/5118/4911 4513/4882/4675 4514/4883/4676
f 4505/5118/4911 4514/4883/4676 4506/4608/4402
f 4506/4608/4402 4514/4883/4676 4515/4610/4404
f 3320/4543/4337 3991/4892/4685 4318/4975/4768
f 4303/4979/4772 4304/5119/4912 4316/4978/4771
f 4316/4978/4771 4304/5119/4912 4315/4863/4657
f 4316/4978/4771 4315/4863/4657 4023/4862/4656
f 4315/4863/4657 4304/5119/4912 4305/4864/4658
f 4305/4864/4658 4304/5119/4912 4528/5120/4913
f 4305/4864/4658 4528/5120/4913 4527/4866/4660
f 4527/4866/4660 4528/5120/4913 4520/5111/4904
f 4527/4866/4660 4520/5111/4904 4519/4868/4662
f 4304/5119/4912 4303/4979/4772 4529/5121/4914
f 4529/5121/4914 4303/4979/4772 4530/4980/4773
f 4529/5121/4914 4530/4980/4773 4522/5113/4906
f 4522/5113/4906 4530/4980/4773 4523/4981/4774
f 4313/4569/4363 4314/4571/4365 4306/4865/4659
f 4313/4569/4363 4306/4865/4659 4307/4567/4361
f 4307/4567/4361 4306/4865/4659 4526/4867/4661
f 4307/4567/4361 4526/4867/4661 4525/4565/4359
f 4525/4565/4359 4526/4867/4661 4518/4869/4663
f 4525/4565/4359 4518/4869/4663 4517/4563/4357
f 4310/4859/4653 4311/4858/4652 4309/4857/4651
f 3320/4543/4337 4318/4975/4768 4021/4870/4664
f 4176/4813/4607 4320/5085/4878 4319/4839/4633
f 4171/4803/4597 4325/5083/4876 4324/4828/4622
f 4015/4798/4592 4341/4770/4564 4333/4965/4758
f 4333/4965/4758 4341/4770/4564 4342/4768/4562
f 4333/4965/4758 4342/4768/4562 4334/4964/4757
f 4334/4964/4757 4342/4768/4562 4343/4766/4560
f 4334/4964/4757 4343/4766/4560 4335/4963/4756
f 4335/4963/4756 4343/4766/4560 4344/4764/4558
f 4335/4963/4756 4344/4764/4558 4336/4962/4755
f 4336/4962/4755 4344/4764/4558 4345/4762/4556
f 4336/4962/4755 4345/4762/4556 4337/4961/4754
f 4337/4961/4754 4345/4762/4556 4346/4760/4554
f 4337/4961/4754 4346/4760/4554 4338/4960/4753
f 4338/4960/4753 4346/4760/4554 4347/4758/4552
f 4338/4960/4753 4347/4758/4552 4339/4959/4752
f 4339/4959/4752 4347/4758/4552 4340/4756/4550
f 4339/4959/4752 4340/4756/4550 4016/4755/4549
f 4363/4952/4745 4355/4950/4743 4364/5074/4867
f 4364/5074/4867 4355/4950/4743 3314/4684/4478
f 4386/4753/4547 4396/4690/4484 4387/5095/4888
f 4387/5095/4888 4396/4690/4484 4397/4688/4482
f 4387/5095/4888 4397/4688/4482 4388/5096/4889
f 4388/5096/4889 4397/4688/4482 4009/4686/4480
f 4388/5096/4889 4009/4686/4480 4373/4685/4479
f 4408/4932/4725 4399/4701/4495 4407/5047/4840
f 4407/5047/4840 4399/4701/4495 4398/4703/4497
f 4411/4943/4736 4402/4695/4489 4410/5104/4897
f 4410/5104/4897 4402/4695/4489 4401/4697/4491
f 4428/4924/4717 4418/4926/4719 4427/5043/4836
f 4427/5043/4836 4418/4926/4719 4417/5044/4837
f 4389/4936/4729 4420/5103/4896 4429/4923/4716
f 4429/4923/4716 4420/5103/4896 4419/4925/4718
f 4438/4662/4456 4004/4661/4455 4437/4719/4513
f 4467/4578/4372 3997/4577/4371 4466/4998/4791
f 4467/4578/4372 4466/4998/4791 4474/4580/4374
f 4479/5107/4900 4478/5106/4899 4488/5122/4915
f 4488/5122/4915 4478/5106/4899 4487/4605/4399
f 4488/5122/4915 4487/4605/4399 4497/4607/4401
f 4479/5107/4900 4488/5122/4915 4489/5108/4901
f 4489/5108/4901 4488/5122/4915 4498/5123/4916
f 4489/5108/4901 4498/5123/4916 4499/5109/4902
f 4499/5109/4902 4498/5123/4916 4508/5124/4917
f 4499/5109/4902 4508/5124/4917 4509/5110/4903
f 4509/5110/4903 4508/5124/4917 4482/4542/4336
f 4498/5123/4916 4488/5122/4915 4497/4607/4401
f 4501/5114/4907 4502/5115/4908 4492/4884/4677
f 4492/4884/4677 4502/5115/4908 4493/4886/4679
f 4502/5115/4908 4503/5116/4909 4493/4886/4679
f 4493/4886/4679 4503/5116/4909 4494/4888/4681
f 4503/5116/4909 4504/5117/4910 4494/4888/4681
f 4494/4888/4681 4504/5117/4910 4495/4890/4683
f 4504/5117/4910 4505/5118/4911 4495/4890/4683
f 4495/4890/4683 4505/5118/4911 4496/4606/4400
f 4505/5118/4911 4506/4608/4402 4496/4606/4400
f 4508/5124/4917 4498/5123/4916 4507/4609/4403
f 4507/4609/4403 4498/5123/4916 4497/4607/4401
f 4501/5114/4907 4492/4884/4677 3987/4562/4356
f 4482/4542/4336 4508/5124/4917 4516/4611/4405
f 4516/4611/4405 4508/5124/4917 4507/4609/4403
f 4529/5121/4914 4522/5113/4906 4521/5112/4905
f 4529/5121/4914 4521/5112/4905 4528/5120/4913
f 4528/5120/4913 4521/5112/4905 4520/5111/4904
f 4304/5119/4912 4529/5121/4914 4528/5120/4913
f 2241/5125/4650 3987/5126/4918 2242/5127/4919
f 2242/5127/4919 3987/5126/4918 3986/5128/4920
f 2242/5127/4919 3986/5128/4920 2243/5129/4921
f 2243/5129/4921 3986/5128/4920 3985/5130/4426
f 2243/5129/4921 3985/5130/4426 2222/5131/4922
f 2222/5131/4922 3985/5130/4426 3984/5132/4450
f 2222/5131/4922 3984/5132/4450 3983/5133/4474
f 3983/5133/4474 3982/5134/4498 2222/5131/4922
f 2222/5131/4922 3982/5134/4498 1352/5135/4923
f 1352/5135/4923 3982/5134/4498 3981/5136/4536
f 1352/5135/4923 3981/5136/4536 3980/5137/4534
f 3980/5137/4534 3979/5138/4591 1352/5135/4923
f 1352/5135/4923 3979/5138/4591 3877/5139/4924
f 3877/5139/4924 3979/5138/4591 3978/5140/4925
f 1352/5141/4923 3877/5142/4926 1353/5143/4927
f 1353/5143/4927 3877/5142/4926 4543/5144/4928
f 1353/5143/4927 4543/5144/4928 4544/5145/4929
f 4544/5145/4929 4543/5144/4928 4559/5146/4930
f 4544/5145/4929 4559/5146/4930 4560/5147/4931
f 4560/5147/4931 4559/5146/4930 4575/5148/4932
f 4560/5147/4931 4575/5148/4932 4576/5149/4933
f 4576/5149/4933 4575/5148/4932 4591/5150/4934
f 4576/5149/4933 4591/5150/4934 4592/5151/4935
f 4592/5151/4935 4591/5150/4934 4607/5152/4936
f 4592/5151/4935 4607/5152/4936 1358/5153/4937
f 1358/5153/4937 4607/5152/4936 1359/5154/4938
f 1359/5154/4938 4607/5152/4936 4622/5155/4939
f 1359/5154/4938 4622/5155/4939 1342/5156/2598
f 1342/5156/2598 4622/5155/4939 1343/5157/4940
f 1343/5157/4940 4622/5155/4939 4637/5158/4941
f 1343/5157/4940 4637/5158/4941 1344/5159/4942
f 1344/5159/4942 4637/5158/4941 4652/5160/4943
f 1344/5159/4942 4652/5160/4943 1345/5161/4944
f 1345/5161/4944 4652/5160/4943 4667/5162/4945
f 1345/5161/4944 4667/5162/4945 1346/5163/4946
f 1346/5163/4946 4667/5162/4945 1347/5164/4947
f 1347/5164/4947 4667/5162/4945 4682/5165/4948
f 1347/5164/4947 4682/5165/4948 1348/5166/4949
f 1348/5166/4949 4682/5165/4948 4697/5167/4950
f 1348/5166/4949 4697/5167/4950 1349/5168/4951
f 1349/5168/4951 4697/5167/4950 1350/5169/3626
f 1350/5169/3626 4697/5167/4950 4696/5170/4952
f 1350/5169/3626 4696/5170/4952 4695/5171/4953
f 4695/5171/4953 4696/5170/4952 4680/5172/4954
f 4695/5171/4953 4680/5172/4954 4679/5173/4955
f 4679/5173/4955 4680/5172/4954 4664/5174/4956
f 4679/5173/4955 4664/5174/4956 4663/5175/4957
f 4663/5175/4957 4664/5174/4956 4648/5176/4958
f 4663/5175/4957 4648/5176/4958 4647/5177/4959
f 4647/5177/4959 4648/5176/4958 4632/5178/4960
f 4647/5177/4959 4632/5178/4960 4631/5179/4961
f 4631/5179/4961 4632/5178/4960 4616/5180/4962
f 4631/5179/4961 4616/5180/4962 4615/5181/4963
f 4615/5181/4963 4616/5180/4962 4600/5182/4964
f 4615/5181/4963 4600/5182/4964 4599/5183/4965
f 4599/5183/4965 4600/5182/4964 4584/5184/4966
f 4599/5183/4965 4584/5184/4966 4583/5185/4967
f 4583/5185/4967 4584/5184/4966 4568/5186/4968
f 4583/5185/4967 4568/5186/4968 4567/5187/4969
f 4567/5187/4969 4568/5186/4968 4552/5188/4970
f 4567/5187/4969 4552/5188/4970 4551/5189/4971
f 4551/5189/4971 4552/5188/4970 4536/5190/4972
f 4551/5189/4971 4536/5190/4972 4535/5191/4973
f 4535/5191/4973 4536/5190/4972 3877/5142/4926
f 4535/5191/4973 3877/5142/4926 4534/5192/4974
f 4534/5192/4974 3877/5142/4926 4533/5193/4975
f 4534/5192/4974 4533/5193/4975 4549/5194/4976
f 4549/5194/4976 4533/5193/4975 4548/5195/4977
f 4549/5194/4976 4548/5195/4977 4564/5196/4978
f 4564/5196/4978 4548/5195/4977 4563/5197/4979
f 4564/5196/4978 4563/5197/4979 4579/5198/4980
f 4579/5198/4980 4563/5197/4979 4578/5199/4981
f 4579/5198/4980 4578/5199/4981 4594/5200/4982
f 4594/5200/4982 4578/5199/4981 4593/5201/4983
f 4594/5200/4982 4593/5201/4983 4609/5202/4984
f 4609/5202/4984 4593/5201/4983 4608/5203/4985
f 4609/5202/4984 4608/5203/4985 4624/5204/4986
f 4624/5204/4986 4608/5203/4985 4623/5205/4987
f 4624/5204/4986 4623/5205/4987 4639/5206/4988
f 4639/5206/4988 4623/5205/4987 4638/5207/4989
f 4639/5206/4988 4638/5207/4989 4654/5208/4990
f 4654/5208/4990 4638/5207/4989 4653/5209/4991
f 4654/5208/4990 4653/5209/4991 4669/5210/4992
f 4669/5210/4992 4653/5209/4991 4668/5211/4993
f 4669/5210/4992 4668/5211/4993 4684/5212/4994
f 4684/5212/4994 4668/5211/4993 4683/5213/4995
f 4684/5212/4994 4683/5213/4995 3294/5214/3624
f 3294/5214/3624 4683/5213/4995 3866/5215/4996
f 3866/5215/4996 4683/5213/4995 3867/5216/4997
f 3867/5216/4997 4683/5213/4995 4668/5211/4993
f 3867/5216/4997 4668/5211/4993 3868/5217/4998
f 3868/5217/4998 4668/5211/4993 4653/5209/4991
f 3868/5217/4998 4653/5209/4991 3869/5218/4999
f 3869/5218/4999 4653/5209/4991 4638/5207/4989
f 3869/5218/4999 4638/5207/4989 3870/5219/5000
f 3870/5219/5000 4638/5207/4989 4623/5205/4987
f 3870/5219/5000 4623/5205/4987 3871/5220/4267
f 3871/5220/4267 4623/5205/4987 4608/5203/4985
f 3871/5220/4267 4608/5203/4985 3872/5221/5001
f 3872/5221/5001 4608/5203/4985 4593/5201/4983
f 3872/5221/5001 4593/5201/4983 3873/5222/5002
f 3873/5222/5002 4593/5201/4983 4578/5199/4981
f 3873/5222/5002 4578/5199/4981 3874/5223/5003
f 3874/5223/5003 4578/5199/4981 4563/5197/4979
f 3874/5223/5003 4563/5197/4979 3875/5224/5004
f 3875/5224/5004 4563/5197/4979 4548/5195/4977
f 3875/5224/5004 4548/5195/4977 3876/5225/5005
f 3876/5225/5005 4548/5195/4977 4533/5193/4975
f 3876/5225/5005 4533/5193/4975 3877/5142/4926
f 1350/5169/3626 4690/5226/5006 3294/5214/3624
f 3294/5214/3624 4690/5226/5006 4689/5227/5007
f 3294/5214/3624 4689/5227/5007 4688/5228/5008
f 4688/5228/5008 4689/5227/5007 4673/5229/5009
f 4688/5228/5008 4673/5229/5009 4672/5230/5010
f 4672/5230/5010 4673/5229/5009 4657/5231/5011
f 4672/5230/5010 4657/5231/5011 4656/5232/5012
f 4656/5232/5012 4657/5231/5011 4641/5233/5013
f 4656/5232/5012 4641/5233/5013 4640/5234/5014
f 4640/5234/5014 4641/5233/5013 4625/5235/5015
f 4640/5234/5014 4625/5235/5015 4624/5204/4986
f 4624/5204/4986 4625/5235/5015 4609/5202/4984
f 1358/5153/4937 1357/5236/5016 4592/5151/4935
f 4592/5151/4935 1357/5236/5016 4577/5237/5017
f 4592/5151/4935 4577/5237/5017 4576/5149/4933
f 4576/5149/4933 4577/5237/5017 4561/5238/5018
f 4576/5149/4933 4561/5238/5018 4560/5147/4931
f 4560/5147/4931 4561/5238/5018 4545/5239/5019
f 4560/5147/4931 4545/5239/5019 4544/5145/4929
f 4544/5145/4929 4545/5239/5019 1353/5143/4927
f 1357/5236/5016 1356/5240/5020 4577/5237/5017
f 4577/5237/5017 1356/5240/5020 1355/5241/5021
f 4577/5237/5017 1355/5241/5021 4562/5242/5022
f 4562/5242/5022 1355/5241/5021 1354/5243/5023
f 4562/5242/5022 1354/5243/5023 4547/5244/5024
f 4547/5244/5024 1354/5243/5023 1353/5143/4927
f 4547/5244/5024 1353/5143/4927 4546/5245/5025
f 4546/5245/5025 1353/5143/4927 4545/5239/5019
f 4546/5245/5025 4545/5239/5019 4561/5238/5018
f 4535/5191/4973 4534/5192/4974 4550/5246/5026
f 4550/5246/5026 4534/5192/4974 4549/5194/4976
f 4550/5246/5026 4549/5194/4976 4565/5247/5027
f 4565/5247/5027 4549/5194/4976 4564/5196/4978
f 4565/5247/5027 4564/5196/4978 4580/5248/5028
f 4580/5248/5028 4564/5196/4978 4579/5198/4980
f 4580/5248/5028 4579/5198/4980 4595/5249/5029
f 4595/5249/5029 4579/5198/4980 4594/5200/4982
f 4595/5249/5029 4594/5200/4982 4610/5250/5030
f 4610/5250/5030 4594/5200/4982 4609/5202/4984
f 4610/5250/5030 4609/5202/4984 4625/5235/5015
f 4536/5190/4972 4537/5251/5031 3877/5142/4926
f 3877/5142/4926 4537/5251/5031 4538/5252/5032
f 3877/5142/4926 4538/5252/5032 4539/5253/5033
f 4539/5253/5033 4538/5252/5032 4554/5254/5034
f 4539/5253/5033 4554/5254/5034 4555/5255/5035
f 4555/5255/5035 4554/5254/5034 4570/5256/5036
f 4555/5255/5035 4570/5256/5036 4571/5257/5037
f 4571/5257/5037 4570/5256/5036 4586/5258/5038
f 4571/5257/5037 4586/5258/5038 4587/5259/5039
f 4587/5259/5039 4586/5258/5038 4602/5260/5040
f 4587/5259/5039 4602/5260/5040 4603/5261/5041
f 4603/5261/5041 4602/5260/5040 4618/5262/5042
f 4603/5261/5041 4618/5262/5042 4619/5263/5043
f 4619/5263/5043 4618/5262/5042 4634/5264/5044
f 4619/5263/5043 4634/5264/5044 4635/5265/5045
f 4635/5265/5045 4634/5264/5044 4650/5266/5046
f 4635/5265/5045 4650/5266/5046 4651/5267/5047
f 4651/5267/5047 4650/5266/5046 4666/5268/5048
f 4651/5267/5047 4666/5268/5048 4667/5162/4945
f 4667/5162/4945 4666/5268/5048 4682/5165/4948
f 4536/5190/4972 4552/5188/4970 4537/5251/5031
f 4537/5251/5031 4552/5188/4970 4553/5269/5049
f 4537/5251/5031 4553/5269/5049 4538/5252/5032
f 4538/5252/5032 4553/5269/5049 4554/5254/5034
f 4539/5253/5033 4540/5270/5050 3877/5142/4926
f 3877/5142/4926 4540/5270/5050 4541/5271/5051
f 3877/5142/4926 4541/5271/5051 4542/5272/5052
f 4542/5272/5052 4541/5271/5051 4557/5273/5053
f 4542/5272/5052 4557/5273/5053 4558/5274/5054
f 4558/5274/5054 4557/5273/5053 4573/5275/5055
f 4558/5274/5054 4573/5275/5055 4574/5276/5056
f 4574/5276/5056 4573/5275/5055 4589/5277/5057
f 4574/5276/5056 4589/5277/5057 4590/5278/5058
f 4590/5278/5058 4589/5277/5057 4605/5279/5059
f 4590/5278/5058 4605/5279/5059 4606/5280/5060
f 4606/5280/5060 4605/5279/5059 4621/5281/5061
f 4606/5280/5060 4621/5281/5061 4622/5155/4939
f 4622/5155/4939 4621/5281/5061 4637/5158/4941
f 4539/5253/5033 4555/5255/5035 4540/5270/5050
f 4540/5270/5050 4555/5255/5035 4556/5282/5062
f 4540/5270/5050 4556/5282/5062 4541/5271/5051
f 4541/5271/5051 4556/5282/5062 4557/5273/5053
f 4543/5144/4928 3877/5142/4926 4542/5272/5052
f 4559/5146/4930 4543/5144/4928 4558/5274/5054
f 4558/5274/5054 4543/5144/4928 4542/5272/5052
f 4562/5242/5022 4547/5244/5024 4546/5245/5025
f 4562/5242/5022 4546/5245/5025 4561/5238/5018
f 4535/5191/4973 4550/5246/5026 4551/5189/4971
f 4551/5189/4971 4550/5246/5026 4566/5283/5063
f 4551/5189/4971 4566/5283/5063 4567/5187/4969
f 4567/5187/4969 4566/5283/5063 4582/5284/5064
f 4567/5187/4969 4582/5284/5064 4583/5185/4967
f 4583/5185/4967 4582/5284/5064 4598/5285/5065
f 4583/5185/4967 4598/5285/5065 4599/5183/4965
f 4599/5183/4965 4598/5285/5065 4614/5286/5066
f 4599/5183/4965 4614/5286/5066 4615/5181/4963
f 4615/5181/4963 4614/5286/5066 4630/5287/5067
f 4615/5181/4963 4630/5287/5067 4631/5179/4961
f 4631/5179/4961 4630/5287/5067 4646/5288/5068
f 4631/5179/4961 4646/5288/5068 4647/5177/4959
f 4647/5177/4959 4646/5288/5068 4662/5289/5069
f 4647/5177/4959 4662/5289/5069 4663/5175/4957
f 4663/5175/4957 4662/5289/5069 4678/5290/5070
f 4663/5175/4957 4678/5290/5070 4679/5173/4955
f 4679/5173/4955 4678/5290/5070 4694/5291/5071
f 4679/5173/4955 4694/5291/5071 4695/5171/4953
f 4695/5171/4953 4694/5291/5071 1350/5169/3626
f 4566/5283/5063 4550/5246/5026 4565/5247/5027
f 4552/5188/4970 4568/5186/4968 4553/5269/5049
f 4553/5269/5049 4568/5186/4968 4569/5292/5072
f 4553/5269/5049 4569/5292/5072 4554/5254/5034
f 4554/5254/5034 4569/5292/5072 4570/5256/5036
f 4555/5255/5035 4571/5257/5037 4556/5282/5062
f 4556/5282/5062 4571/5257/5037 4572/5293/5073
f 4556/5282/5062 4572/5293/5073 4557/5273/5053
f 4557/5273/5053 4572/5293/5073 4573/5275/5055
f 4575/5148/4932 4559/5146/4930 4574/5276/5056
f 4574/5276/5056 4559/5146/4930 4558/5274/5054
f 4577/5237/5017 4562/5242/5022 4561/5238/5018
f 4566/5283/5063 4565/5247/5027 4581/5294/5074
f 4581/5294/5074 4565/5247/5027 4580/5248/5028
f 4581/5294/5074 4580/5248/5028 4596/5295/5075
f 4596/5295/5075 4580/5248/5028 4595/5249/5029
f 4596/5295/5075 4595/5249/5029 4611/5296/5076
f 4611/5296/5076 4595/5249/5029 4610/5250/5030
f 4611/5296/5076 4610/5250/5030 4626/5297/5077
f 4626/5297/5077 4610/5250/5030 4625/5235/5015
f 4626/5297/5077 4625/5235/5015 4641/5233/5013
f 4568/5186/4968 4584/5184/4966 4569/5292/5072
f 4569/5292/5072 4584/5184/4966 4585/5298/5078
f 4569/5292/5072 4585/5298/5078 4570/5256/5036
f 4570/5256/5036 4585/5298/5078 4586/5258/5038
f 4571/5257/5037 4587/5259/5039 4572/5293/5073
f 4572/5293/5073 4587/5259/5039 4588/5299/5079
f 4572/5293/5073 4588/5299/5079 4573/5275/5055
f 4573/5275/5055 4588/5299/5079 4589/5277/5057
f 4591/5150/4934 4575/5148/4932 4590/5278/5058
f 4590/5278/5058 4575/5148/4932 4574/5276/5056
f 4566/5283/5063 4581/5294/5074 4582/5284/5064
f 4582/5284/5064 4581/5294/5074 4597/5300/5080
f 4582/5284/5064 4597/5300/5080 4598/5285/5065
f 4598/5285/5065 4597/5300/5080 4613/5301/5081
f 4598/5285/5065 4613/5301/5081 4614/5286/5066
f 4614/5286/5066 4613/5301/5081 4629/5302/5082
f 4614/5286/5066 4629/5302/5082 4630/5287/5067
f 4630/5287/5067 4629/5302/5082 4645/5303/5083
f 4630/5287/5067 4645/5303/5083 4646/5288/5068
f 4646/5288/5068 4645/5303/5083 4661/5304/5084
f 4646/5288/5068 4661/5304/5084 4662/5289/5069
f 4662/5289/5069 4661/5304/5084 4677/5305/5085
f 4662/5289/5069 4677/5305/5085 4678/5290/5070
f 4678/5290/5070 4677/5305/5085 4693/5306/5086
f 4678/5290/5070 4693/5306/5086 4694/5291/5071
f 4694/5291/5071 4693/5306/5086 1350/5169/3626
f 4597/5300/5080 4581/5294/5074 4596/5295/5075
f 4584/5184/4966 4600/5182/4964 4585/5298/5078
f 4585/5298/5078 4600/5182/4964 4601/5307/5087
f 4585/5298/5078 4601/5307/5087 4586/5258/5038
f 4586/5258/5038 4601/5307/5087 4602/5260/5040
f 4587/5259/5039 4603/5261/5041 4588/5299/5079
f 4588/5299/5079 4603/5261/5041 4604/5308/5088
f 4588/5299/5079 4604/5308/5088 4589/5277/5057
f 4589/5277/5057 4604/5308/5088 4605/5279/5059
f 4607/5152/4936 4591/5150/4934 4606/5280/5060
f 4606/5280/5060 4591/5150/4934 4590/5278/5058
f 4597/5300/5080 4596/5295/5075 4612/5309/5089
f 4612/5309/5089 4596/5295/5075 4611/5296/5076
f 4612/5309/5089 4611/5296/5076 4627/5310/5090
f 4627/5310/5090 4611/5296/5076 4626/5297/5077
f 4627/5310/5090 4626/5297/5077 4642/5311/5091
f 4642/5311/5091 4626/5297/5077 4641/5233/5013
f 4642/5311/5091 4641/5233/5013 4657/5231/5011
f 4600/5182/4964 4616/5180/4962 4601/5307/5087
f 4601/5307/5087 4616/5180/4962 4617/5312/5092
f 4601/5307/5087 4617/5312/5092 4602/5260/5040
f 4602/5260/5040 4617/5312/5092 4618/5262/5042
f 4603/5261/5041 4619/5263/5043 4604/5308/5088
f 4604/5308/5088 4619/5263/5043 4620/5313/5093
f 4604/5308/5088 4620/5313/5093 4605/5279/5059
f 4605/5279/5059 4620/5313/5093 4621/5281/5061
f 4622/5155/4939 4607/5152/4936 4606/5280/5060
f 4597/5300/5080 4612/5309/5089 4613/5301/5081
f 4613/5301/5081 4612/5309/5089 4628/5314/5094
f 4613/5301/5081 4628/5314/5094 4629/5302/5082
f 4629/5302/5082 4628/5314/5094 4644/5315/5095
f 4629/5302/5082 4644/5315/5095 4645/5303/5083
f 4645/5303/5083 4644/5315/5095 4660/5316/5096
f 4645/5303/5083 4660/5316/5096 4661/5304/5084
f 4661/5304/5084 4660/5316/5096 4676/5317/5097
f 4661/5304/5084 4676/5317/5097 4677/5305/5085
f 4677/5305/5085 4676/5317/5097 4692/5318/5098
f 4677/5305/5085 4692/5318/5098 4693/5306/5086
f 4693/5306/5086 4692/5318/5098 1350/5169/3626
f 4628/5314/5094 4612/5309/5089 4627/5310/5090
f 4616/5180/4962 4632/5178/4960 4617/5312/5092
f 4617/5312/5092 4632/5178/4960 4633/5319/5099
f 4617/5312/5092 4633/5319/5099 4618/5262/5042
f 4618/5262/5042 4633/5319/5099 4634/5264/5044
f 4619/5263/5043 4635/5265/5045 4620/5313/5093
f 4620/5313/5093 4635/5265/5045 4636/5320/5100
f 4620/5313/5093 4636/5320/5100 4621/5281/5061
f 4621/5281/5061 4636/5320/5100 4637/5158/4941
f 4640/5234/5014 4624/5204/4986 4639/5206/4988
f 4628/5314/5094 4627/5310/5090 4643/5321/5101
f 4643/5321/5101 4627/5310/5090 4642/5311/5091
f 4643/5321/5101 4642/5311/5091 4658/5322/5102
f 4658/5322/5102 4642/5311/5091 4657/5231/5011
f 4658/5322/5102 4657/5231/5011 4673/5229/5009
f 4632/5178/4960 4648/5176/4958 4633/5319/5099
f 4633/5319/5099 4648/5176/4958 4649/5323/5103
f 4633/5319/5099 4649/5323/5103 4634/5264/5044
f 4634/5264/5044 4649/5323/5103 4650/5266/5046
f 4652/5160/4943 4637/5158/4941 4636/5320/5100
f 4652/5160/4943 4636/5320/5100 4651/5267/5047
f 4651/5267/5047 4636/5320/5100 4635/5265/5045
f 4640/5234/5014 4639/5206/4988 4655/5324/5104
f 4655/5324/5104 4639/5206/4988 4654/5208/4990
f 4655/5324/5104 4654/5208/4990 4670/5325/5105
f 4670/5325/5105 4654/5208/4990 4669/5210/4992
f 4670/5325/5105 4669/5210/4992 4685/5326/5106
f 4685/5326/5106 4669/5210/4992 4684/5212/4994
f 4685/5326/5106 4684/5212/4994 3294/5214/3624
f 4628/5314/5094 4643/5321/5101 4644/5315/5095
f 4644/5315/5095 4643/5321/5101 4659/5327/5107
f 4644/5315/5095 4659/5327/5107 4660/5316/5096
f 4660/5316/5096 4659/5327/5107 4675/5328/5108
f 4660/5316/5096 4675/5328/5108 4676/5317/5097
f 4676/5317/5097 4675/5328/5108 4691/5329/5109
f 4676/5317/5097 4691/5329/5109 4692/5318/5098
f 4692/5318/5098 4691/5329/5109 1350/5169/3626
f 4659/5327/5107 4643/5321/5101 4658/5322/5102
f 4648/5176/4958 4664/5174/4956 4649/5323/5103
f 4649/5323/5103 4664/5174/4956 4665/5330/5110
f 4649/5323/5103 4665/5330/5110 4650/5266/5046
f 4650/5266/5046 4665/5330/5110 4666/5268/5048
f 4667/5162/4945 4652/5160/4943 4651/5267/5047
f 4640/5234/5014 4655/5324/5104 4656/5232/5012
f 4656/5232/5012 4655/5324/5104 4671/5331/5111
f 4656/5232/5012 4671/5331/5111 4672/5230/5010
f 4672/5230/5010 4671/5331/5111 4687/5332/5112
f 4672/5230/5010 4687/5332/5112 4688/5228/5008
f 4688/5228/5008 4687/5332/5112 3294/5214/3624
f 4671/5331/5111 4655/5324/5104 4670/5325/5105
f 4659/5327/5107 4658/5322/5102 4674/5333/5113
f 4674/5333/5113 4658/5322/5102 4673/5229/5009
f 4674/5333/5113 4673/5229/5009 4689/5227/5007
f 4664/5174/4956 4680/5172/4954 4665/5330/5110
f 4665/5330/5110 4680/5172/4954 4681/5334/5114
f 4665/5330/5110 4681/5334/5114 4666/5268/5048
f 4666/5268/5048 4681/5334/5114 4682/5165/4948
f 4671/5331/5111 4670/5325/5105 4686/5335/5115
f 4686/5335/5115 4670/5325/5105 4685/5326/5106
f 4686/5335/5115 4685/5326/5106 3294/5214/3624
f 4659/5327/5107 4674/5333/5113 4675/5328/5108
f 4675/5328/5108 4674/5333/5113 4690/5226/5006
f 4675/5328/5108 4690/5226/5006 4691/5329/5109
f 4691/5329/5109 4690/5226/5006 1350/5169/3626
f 4690/5226/5006 4674/5333/5113 4689/5227/5007
f 4697/5167/4950 4682/5165/4948 4681/5334/5114
f 4697/5167/4950 4681/5334/5114 4696/5170/4952
f 4696/5170/4952 4681/5334/5114 4680/5172/4954
f 3294/5214/3624 4687/5332/5112 4686/5335/5115
f 4686/5335/5115 4687/5332/5112 4671/5331/5111
# 4697 vertices
# 5335 texture params
# 5115 normals
# 9386 facets

# 2 groups
