# WaveFront *.obj file (generated by Autodesk ATF)

mtllib side.mtl

g Body74

v -0.041133 7.163275 0.200997
v -0.041529 7.167800 0.199921
v -0.041901 7.172048 0.198019
v -0.042235 7.175869 0.195358
v -0.048633 7.174758 0.194706
v -0.054499 7.172629 0.192796
v -0.059434 7.169628 0.189758
v -0.063101 7.165958 0.185798
v -0.065251 7.161871 0.181187
v -0.065736 7.157643 0.176239
v -0.064966 7.158611 0.182647
v -0.062551 7.159662 0.188618
v -0.058655 7.160723 0.193746
v -0.053545 7.161723 0.197680
v -0.047569 7.162593 0.200154
v -0.046120 7.167375 0.199476
v -0.045774 7.173402 0.196639
v -0.043985 7.168486 0.199476
v -0.049120 7.171660 0.196639
v -0.047894 7.165749 0.199476
v -0.055281 7.171947 0.192645
v -0.051901 7.169111 0.196639
v -0.057927 7.167794 0.192645
v -0.053928 7.165929 0.196639
v -0.049187 7.163719 0.199476
v -0.062701 7.163678 0.187722
v -0.059408 7.163098 0.192645
v -0.055063 7.162331 0.196639
v -0.034677 7.163721 0.200154
v -0.028640 7.163902 0.197680
v -0.023434 7.163804 0.193746
v -0.019414 7.163436 0.188618
v -0.016853 7.162820 0.182647
v -0.015926 7.162001 0.176239
v -0.017138 7.166080 0.181187
v -0.019965 7.169732 0.185798
v -0.024214 7.172709 0.189758
v -0.029595 7.174808 0.192796
v -0.035741 7.175886 0.194706
v -0.034905 7.166885 0.199476
v -0.039230 7.168902 0.199476
v -0.038322 7.174054 0.196639
v -0.025379 7.170642 0.192645
v -0.028994 7.168111 0.196639
v -0.033279 7.165110 0.199476
v -0.027252 7.164765 0.196639
v -0.023105 7.166274 0.192645
v -0.019964 7.167417 0.187722
v -0.028706 7.174272 0.192645
v -0.031542 7.170892 0.196639
v -0.036935 7.168178 0.199476
v -0.034724 7.172919 0.196639
v -0.025000 6.692033 0.241673
v -0.024152 6.692107 0.248207
v -0.021664 6.692325 0.254295
v -0.017706 6.692671 0.259523
v -0.012548 6.693123 0.263535
v -0.006541 6.693648 0.266057
v -0.000096 6.694212 0.266917
v 0.006350 6.694776 0.266057
v 0.012357 6.695302 0.263535
v 0.017515 6.695753 0.259523
v 0.021473 6.696099 0.254295
v 0.023961 6.696317 0.248207
v 0.024809 6.696391 0.241673
v -0.034187 6.806814 0.232086
v -0.044447 6.924080 0.215606
v -0.054706 7.041345 0.199127
v -0.031772 6.807864 0.238058
v -0.042032 6.925130 0.221578
v -0.052291 7.042396 0.205098
v -0.027877 6.808926 0.243185
v -0.038136 6.926192 0.226705
v -0.048396 7.043457 0.210226
v -0.022767 6.809926 0.247120
v -0.033026 6.927192 0.230640
v -0.043286 7.044457 0.214160
v -0.016791 6.810796 0.249593
v -0.027050 6.928062 0.233113
v -0.037309 7.045328 0.216634
v -0.010355 6.811478 0.250437
v -0.020614 6.928744 0.233957
v -0.030874 7.046009 0.217477
v -0.003899 6.811924 0.249593
v -0.014158 6.929190 0.233113
v -0.024418 7.046456 0.216634
v 0.002138 6.812105 0.247120
v -0.008122 6.929370 0.230640
v -0.018381 7.046636 0.214160
v 0.007344 6.812007 0.243185
v -0.002916 6.929273 0.226705
v -0.013175 7.046539 0.210226
v 0.011364 6.811638 0.238058
v 0.001105 6.928904 0.221578
v -0.009155 7.046170 0.205098
v 0.013925 6.811023 0.232086
v 0.003666 6.928289 0.215606
v -0.006594 7.045555 0.199127
v -0.064159 7.713305 -0.374518
v -0.065109 7.719282 -0.374518
v -0.066908 7.725060 -0.374518
v -0.069551 7.730456 -0.374518
v -0.072912 7.735145 -0.374518
v -0.076877 7.738957 -0.374518
v -0.081443 7.741814 -0.374518
v -0.086550 7.743511 -0.374518
v -0.089228 7.743841 -0.374518
v -0.091922 7.743796 -0.374518
v -0.080294 7.610884 -0.223207
v -0.068129 7.471842 -0.077557
v -0.055438 7.326781 0.062096
v -0.028719 7.308227 0.047263
v -0.041030 7.448942 -0.087748
v -0.052847 7.584006 -0.228456
v -0.062137 7.687265 -0.338821
v -0.082635 7.701281 -0.325139
v -0.038442 7.416432 -0.050680
v -0.058838 7.429275 -0.035751
v -0.079225 7.700802 -0.325812
v -0.075957 7.699971 -0.326778
v -0.072897 7.698803 -0.328020
v -0.070110 7.697313 -0.329519
v -0.066374 7.694332 -0.332382
v -0.064529 7.692148 -0.334412
v -0.063106 7.689777 -0.336573
v -0.067183 7.524659 -0.131882
v -0.063776 7.524217 -0.132596
v -0.060513 7.523440 -0.133621
v -0.057459 7.522342 -0.134940
v -0.054679 7.520937 -0.136531
v -0.050957 7.518114 -0.139568
v -0.049122 7.516043 -0.141721
v -0.047710 7.513791 -0.144012
v -0.046751 7.511403 -0.146396
v -0.054557 7.600621 -0.241423
v -0.055521 7.603072 -0.239106
v -0.056939 7.605384 -0.236880
v -0.058779 7.607513 -0.234788
v -0.062508 7.610415 -0.231836
v -0.065291 7.611864 -0.230290
v -0.068348 7.612997 -0.229010
v -0.071614 7.613802 -0.228014
v -0.075022 7.614262 -0.227320
v -0.055433 7.428853 -0.036485
v -0.052172 7.428105 -0.037540
v -0.049121 7.427043 -0.038895
v -0.046346 7.425682 -0.040531
v -0.042631 7.422946 -0.043655
v -0.040801 7.420937 -0.045870
v -0.039395 7.418751 -0.048227
v -0.040843 7.223592 0.154023
v -0.037442 7.223215 0.153247
v -0.034187 7.222533 0.152132
v -0.031143 7.221555 0.150699
v -0.028377 7.220296 0.148969
v -0.024679 7.217752 0.145668
v -0.022861 7.215878 0.143328
v -0.021467 7.213837 0.140837
v -0.020528 7.211667 0.138246
v -0.029608 7.315461 0.045324
v -0.030554 7.317706 0.047847
v -0.031955 7.319821 0.050272
v -0.033779 7.321764 0.052550
v -0.037485 7.324405 0.055764
v -0.040256 7.325716 0.057448
v -0.043303 7.326736 0.058843
v -0.046561 7.327452 0.059928
v -0.049965 7.327852 0.060683
v -0.094709 7.743343 -0.374518
v -0.097392 7.742494 -0.374518
v -0.099947 7.741270 -0.374518
v -0.102315 7.739720 -0.374518
v -0.106423 7.735813 -0.374518
v -0.109636 7.731112 -0.374518
v -0.111958 7.725893 -0.374518
v -0.113428 7.720362 -0.374518
v -0.114087 7.714675 -0.374518
v -0.113969 7.708947 -0.374518
v -0.102657 7.579648 -0.228456
v -0.090840 7.444585 -0.087748
v -0.078529 7.303869 0.047263
v -0.087744 7.412118 -0.050680
v -0.069888 7.428308 -0.035751
v -0.111439 7.682952 -0.338821
v -0.093686 7.700314 -0.325139
v -0.110920 7.685594 -0.336573
v -0.109930 7.688176 -0.334412
v -0.108493 7.690647 -0.332382
v -0.105331 7.694232 -0.329519
v -0.102846 7.696182 -0.328020
v -0.100035 7.697864 -0.326778
v -0.096961 7.699250 -0.325812
v -0.096053 7.507090 -0.146396
v -0.095523 7.509608 -0.144012
v -0.094523 7.512071 -0.141721
v -0.093076 7.514429 -0.139568
v -0.089900 7.517855 -0.136531
v -0.087407 7.519722 -0.134940
v -0.084590 7.521334 -0.133621
v -0.081511 7.522665 -0.132596
v -0.078233 7.523692 -0.131882
v -0.086072 7.613296 -0.227320
v -0.089349 7.612250 -0.228014
v -0.092426 7.610891 -0.229010
v -0.095240 7.609243 -0.230290
v -0.097729 7.607334 -0.231836
v -0.100897 7.603828 -0.234788
v -0.102340 7.601412 -0.236880
v -0.103334 7.598889 -0.239106
v -0.103858 7.596308 -0.241423
v -0.087208 7.414568 -0.048227
v -0.086203 7.416964 -0.045870
v -0.084750 7.419261 -0.043655
v -0.081567 7.422601 -0.040531
v -0.079070 7.424423 -0.038895
v -0.076250 7.425998 -0.037540
v -0.073168 7.427302 -0.036485
v -0.069829 7.207354 0.138246
v -0.069281 7.209653 0.140837
v -0.068262 7.211906 0.143328
v -0.066797 7.214067 0.145668
v -0.063598 7.217214 0.148969
v -0.061092 7.218935 0.150699
v -0.058264 7.220426 0.152132
v -0.055177 7.221664 0.153247
v -0.051893 7.222625 0.154023
v -0.061015 7.326885 0.060683
v -0.064297 7.325901 0.059928
v -0.067381 7.324630 0.058843
v -0.070205 7.323096 0.057448
v -0.072706 7.321324 0.055764
v -0.075897 7.318079 0.052550
v -0.077356 7.315849 0.050272
v -0.078368 7.313523 0.047847
v -0.078910 7.311147 0.045324
v 0.024809 6.696391 -0.374518
v -0.025000 6.692033 -0.374518
vt -0.031117 0.029631 0.000000
vt -0.029827 0.039507 0.000000
vt -0.035793 0.029631 0.000000
vt -0.029827 0.044446 0.000000
vt -0.031877 0.050254 0.000000
vt -0.029827 0.049384 0.000000
vt -0.025768 0.054815 0.000000
vt -0.023862 0.049384 0.000000
vt -0.023862 0.054323 0.000000
vt -0.017896 0.049384 0.000000
vt -0.017896 0.054323 0.000000
vt -0.014284 0.048464 0.000000
vt -0.011931 0.054323 0.000000
vt -0.009809 0.052543 0.000000
vt -0.004981 0.056036 0.000000
vt -0.029827 0.034569 0.000000
vt -0.026442 0.029631 0.000000
vt -0.023862 0.034569 0.000000
vt -0.021767 0.029631 0.000000
vt -0.020779 0.037065 0.000000
vt -0.023862 0.039507 0.000000
vt -0.018097 0.043413 0.000000
vt -0.023862 0.044446 0.000000
vt -0.017896 0.044446 0.000000
vt -0.000000 0.059261 0.000000
vt -0.006480 0.058561 0.000000
vt -0.012951 0.057754 0.000000
vt -0.019395 0.056662 0.000000
vt -0.020779 0.022196 0.000000
vt -0.021767 0.029631 0.000000
vt -0.023862 0.024692 0.000000
vt -0.026442 0.029631 0.000000
vt -0.029827 0.024692 0.000000
vt -0.031117 0.029631 0.000000
vt -0.035793 0.029631 0.000000
vt -0.029827 0.019754 0.000000
vt -0.031877 0.009007 0.000000
vt -0.029827 0.014815 0.000000
vt -0.029827 0.009877 0.000000
vt -0.023862 0.009877 0.000000
vt -0.025768 0.004446 0.000000
vt -0.023862 0.004938 0.000000
vt -0.019395 0.002599 0.000000
vt -0.017896 0.004938 0.000000
vt -0.012951 0.001507 0.000000
vt -0.011931 0.004938 0.000000
vt -0.006480 0.000700 0.000000
vt -0.004981 0.003225 0.000000
vt 0.000000 0.000000 0.000000
vt -0.009809 0.006718 0.000000
vt -0.014284 0.010797 0.000000
vt -0.017896 0.009877 0.000000
vt -0.023862 0.014815 0.000000
vt -0.017896 0.014815 0.000000
vt -0.018097 0.015848 0.000000
vt -0.023862 0.019754 0.000000
vt -0.521813 0.052360 0.000000
vt -0.405546 0.052360 0.000000
vt -0.520907 0.058905 0.000000
vt -0.286684 0.052360 0.000000
vt -0.048961 0.058905 0.000000
vt -0.167822 0.052360 0.000000
vt -0.048961 0.052360 0.000000
vt -0.048961 0.045815 0.000000
vt -0.167822 0.045815 0.000000
vt -0.048961 0.039270 0.000000
vt -0.167822 0.039270 0.000000
vt -0.048961 0.032725 0.000000
vt -0.167822 0.032725 0.000000
vt -0.048961 0.026180 0.000000
vt -0.167822 0.026180 0.000000
vt -0.048961 0.019635 0.000000
vt -0.167822 0.019635 0.000000
vt -0.048961 0.013090 0.000000
vt -0.167822 0.013090 0.000000
vt -0.048961 0.006545 0.000000
vt -0.167822 0.006545 0.000000
vt -0.048961 0.000000 0.000000
vt -0.167822 0.000000 0.000000
vt -0.048961 -0.006545 0.000000
vt -0.167822 -0.006545 0.000000
vt -0.048961 -0.013090 0.000000
vt -0.167822 -0.013090 0.000000
vt -0.048961 -0.019635 0.000000
vt -0.286684 -0.013090 0.000000
vt -0.520907 -0.019635 0.000000
vt -0.405546 -0.013090 0.000000
vt -0.521813 -0.013090 0.000000
vt -0.405546 -0.006545 0.000000
vt -0.522657 -0.006545 0.000000
vt -0.405546 0.000000 0.000000
vt -0.523382 0.000000 0.000000
vt -0.405546 0.006545 0.000000
vt -0.523938 0.006545 0.000000
vt -0.405546 0.013090 0.000000
vt -0.524288 0.013090 0.000000
vt -0.405546 0.019635 0.000000
vt -0.524407 0.019635 0.000000
vt -0.524288 0.026180 0.000000
vt -0.405546 0.026180 0.000000
vt -0.523938 0.032725 0.000000
vt -0.405546 0.032725 0.000000
vt -0.523382 0.039270 0.000000
vt -0.405546 0.039270 0.000000
vt -0.522657 0.045815 0.000000
vt -0.405546 0.045815 0.000000
vt -0.286684 0.045815 0.000000
vt -0.286684 0.039270 0.000000
vt -0.286684 0.032725 0.000000
vt -0.286684 0.026180 0.000000
vt -0.286684 0.019635 0.000000
vt -0.286684 0.013090 0.000000
vt -0.286684 0.006545 0.000000
vt -0.286684 0.000000 0.000000
vt -0.286684 -0.006545 0.000000
vt -0.039270 0.217385 0.000000
vt -0.039270 0.021247 0.000000
vt -0.035760 0.065487 0.000000
vt -0.034649 0.017318 0.000000
vt -0.032250 0.065487 0.000000
vt -0.029964 0.013478 0.000000
vt -0.028741 0.065487 0.000000
vt -0.025173 0.009845 0.000000
vt -0.025231 0.065487 0.000000
vt -0.020363 0.006633 0.000000
vt -0.019635 0.065487 0.000000
vt -0.015539 0.003956 0.000000
vt -0.016125 0.065487 0.000000
vt -0.012615 0.065487 0.000000
vt -0.016125 0.196462 0.000000
vt -0.012615 0.196462 0.000000
vt -0.016125 0.327437 0.000000
vt -0.012615 0.327437 0.000000
vt -0.016125 0.462937 0.000000
vt -0.012615 0.462937 0.000000
vt -0.016125 0.602962 0.000000
vt -0.012615 0.602962 0.000000
vt -0.016125 0.742988 0.000000
vt -0.012615 0.742988 0.000000
vt -0.013079 0.805799 0.000000
vt -0.009106 0.742988 0.000000
vt -0.006543 0.805799 0.000000
vt -0.005596 0.742988 0.000000
vt -0.000000 0.805800 0.000000
vt -0.000000 0.604350 0.000000
vt -0.005596 0.602962 0.000000
vt -0.005596 0.462937 0.000000
vt -0.009106 0.602962 0.000000
vt -0.009106 0.462937 0.000000
vt -0.010572 0.001862 0.000000
vt -0.009106 0.065487 0.000000
vt -0.009106 0.196462 0.000000
vt -0.009106 0.327437 0.000000
vt -0.005367 0.000485 0.000000
vt -0.005596 0.065487 0.000000
vt -0.005596 0.196462 0.000000
vt -0.005596 0.327437 0.000000
vt -0.002694 0.000122 0.000000
vt -0.000000 0.000000 0.000000
vt -0.000000 0.201450 0.000000
vt -0.000000 0.402900 0.000000
vt -0.019635 0.805800 0.000000
vt -0.019635 0.742988 0.000000
vt -0.019635 0.602962 0.000000
vt -0.019635 0.462937 0.000000
vt -0.019635 0.327437 0.000000
vt -0.019635 0.196462 0.000000
vt -0.025231 0.742988 0.000000
vt -0.026191 0.805800 0.000000
vt -0.028741 0.742988 0.000000
vt -0.032727 0.805800 0.000000
vt -0.032250 0.742988 0.000000
vt -0.035760 0.742988 0.000000
vt -0.032250 0.602962 0.000000
vt -0.035760 0.602962 0.000000
vt -0.032250 0.462937 0.000000
vt -0.035760 0.462937 0.000000
vt -0.032250 0.327437 0.000000
vt -0.035760 0.327437 0.000000
vt -0.032250 0.196462 0.000000
vt -0.035760 0.196462 0.000000
vt -0.039270 0.805800 0.000000
vt -0.039270 0.609662 0.000000
vt -0.039270 0.413524 0.000000
vt -0.025231 0.196462 0.000000
vt -0.025231 0.327437 0.000000
vt -0.025231 0.462937 0.000000
vt -0.025231 0.602962 0.000000
vt -0.028741 0.196462 0.000000
vt -0.028741 0.327437 0.000000
vt -0.028741 0.462937 0.000000
vt -0.028741 0.602962 0.000000
vt -0.000000 0.611550 0.000000
vt -0.000000 0.813000 0.000000
vt -0.005596 0.747513 0.000000
vt -0.002822 0.812866 0.000000
vt -0.005608 0.812471 0.000000
vt -0.008365 0.811829 0.000000
vt -0.009106 0.747513 0.000000
vt -0.005596 0.616538 0.000000
vt -0.009106 0.616538 0.000000
vt -0.005596 0.485564 0.000000
vt -0.009106 0.485564 0.000000
vt -0.005596 0.350064 0.000000
vt -0.009106 0.350064 0.000000
vt -0.005596 0.210038 0.000000
vt -0.009106 0.210038 0.000000
vt -0.005596 0.070013 0.000000
vt -0.009106 0.070013 0.000000
vt -0.006543 0.007201 0.000000
vt -0.013079 0.007201 0.000000
vt -0.012615 0.070013 0.000000
vt -0.016125 0.070013 0.000000
vt -0.016125 0.210038 0.000000
vt -0.019635 0.210038 0.000000
vt -0.019635 0.350064 0.000000
vt -0.025231 0.350064 0.000000
vt -0.025231 0.485564 0.000000
vt -0.028741 0.485564 0.000000
vt -0.028741 0.616538 0.000000
vt -0.032250 0.616538 0.000000
vt -0.032250 0.747513 0.000000
vt -0.035760 0.747513 0.000000
vt -0.034897 0.795473 0.000000
vt -0.039270 0.791753 0.000000
vt -0.011057 0.810966 0.000000
vt -0.012615 0.747513 0.000000
vt -0.012615 0.616538 0.000000
vt -0.012615 0.485564 0.000000
vt -0.012615 0.350064 0.000000
vt -0.012615 0.210038 0.000000
vt -0.016256 0.808685 0.000000
vt -0.016125 0.747513 0.000000
vt -0.016125 0.616538 0.000000
vt -0.016125 0.485564 0.000000
vt -0.016125 0.350064 0.000000
vt -0.019635 0.747513 0.000000
vt -0.021209 0.805839 0.000000
vt -0.025231 0.747513 0.000000
vt -0.025932 0.802605 0.000000
vt -0.028741 0.747513 0.000000
vt -0.030473 0.799116 0.000000
vt -0.039270 0.595615 0.000000
vt -0.035760 0.616538 0.000000
vt -0.032250 0.485564 0.000000
vt -0.028741 0.350064 0.000000
vt -0.025231 0.210038 0.000000
vt -0.019635 0.070013 0.000000
vt -0.019635 0.007200 0.000000
vt -0.035760 0.485564 0.000000
vt -0.039270 0.399477 0.000000
vt -0.035760 0.350064 0.000000
vt -0.039270 0.203339 0.000000
vt -0.035760 0.210038 0.000000
vt -0.035760 0.070013 0.000000
vt -0.032250 0.070013 0.000000
vt -0.032727 0.007200 0.000000
vt -0.028741 0.070013 0.000000
vt -0.026191 0.007200 0.000000
vt -0.025231 0.070013 0.000000
vt -0.039270 0.007200 0.000000
vt -0.000000 0.007200 0.000000
vt -0.000000 0.208650 0.000000
vt -0.000000 0.410100 0.000000
vt -0.025231 0.616538 0.000000
vt -0.019635 0.616538 0.000000
vt -0.032250 0.350064 0.000000
vt -0.028741 0.210038 0.000000
vt -0.019635 0.485564 0.000000
vt -0.032250 0.210038 0.000000
vt 0.494002 -0.320718 0.000000
vt 0.364209 -0.174655 0.000000
vt -0.526797 -0.320718 0.000000
vt 0.228630 -0.033948 0.000000
vt 0.087377 0.101064 0.000000
vt -0.059408 0.230039 0.000000
vt -0.526797 0.295474 0.000000
vt 0.018710 0.024148 0.000000
vt 0.012622 0.021651 0.000000
vt 0.025244 0.025000 0.000000
vt 0.641435 0.025000 0.000000
vt 0.007394 0.017678 0.000000
vt 0.003382 0.012500 0.000000
vt 0.000860 0.006470 0.000000
vt -0.000000 0.000000 0.000000
vt 0.641435 -0.025000 0.000000
vt 0.000860 -0.006470 0.000000
vt 0.003382 -0.012500 0.000000
vt 0.007394 -0.017678 0.000000
vt 0.012622 -0.021651 0.000000
vt 0.025244 -0.025000 0.000000
vt 0.018710 -0.024148 0.000000
vt 0.526797 0.295474 0.000000
vt 0.059408 0.230039 0.000000
vt 0.526797 -0.320718 0.000000
vt -0.087377 0.101064 0.000000
vt -0.228630 -0.033948 0.000000
vt -0.364209 -0.174655 0.000000
vt -0.494002 -0.320718 0.000000
vt 1.053403 0.002688 0.000000
vt 0.000000 0.025000 0.000000
vt 1.053593 0.000000 0.000000
vt -0.000000 -0.025000 0.000000
vt 1.053385 -0.002815 0.000000
vt 1.052773 -0.005562 0.000000
vt 1.051776 -0.008214 0.000000
vt 1.050438 -0.010708 0.000000
vt 1.046904 -0.015141 0.000000
vt 1.042501 -0.018752 0.000000
vt 1.037505 -0.021520 0.000000
vt 1.020798 -0.025000 0.000000
vt 1.032122 -0.023466 0.000000
vt 1.026515 -0.024619 0.000000
vt 1.052841 0.005327 0.000000
vt 1.050705 0.010267 0.000000
vt 1.047461 0.014566 0.000000
vt 1.043318 0.018184 0.000000
vt 1.038354 0.021124 0.000000
vt 1.020798 0.025000 0.000000
vt 1.032749 0.023286 0.000000
vt 1.026836 0.024574 0.000000
vn -0.027921 0.319135 0.947298
vn -0.211532 0.302099 0.929511
vn -0.012084 0.138120 0.990342
vn -0.282514 0.237057 0.929511
vn -0.269506 0.110856 0.956597
vn -0.334242 0.155860 0.929511
vn -0.508562 0.076038 0.857661
vn -0.523886 0.244292 0.816006
vn -0.569262 0.100376 0.816006
vn -0.683841 0.318881 0.656259
vn -0.743072 0.131024 0.656259
vn -0.744124 0.392233 0.540771
vn -0.874774 0.154246 0.459324
vn -0.890808 0.245449 0.382383
vn -0.976784 0.081939 0.197936
vn -0.126135 0.346554 0.929511
vn -0.042784 0.489022 0.871221
vn -0.197703 0.543184 0.816006
vn -0.056155 0.641857 0.764765
vn -0.312076 0.597429 0.738707
vn -0.331552 0.473506 0.816006
vn -0.546729 0.512287 0.662306
vn -0.442807 0.371559 0.816006
vn -0.578008 0.485006 0.656259
vn -0.996195 -0.087156 0.000000
vn -0.965378 -0.048438 0.256319
vn -0.868772 -0.006419 0.495171
vn -0.712961 0.036037 0.700277
vn 0.203592 0.642544 0.738707
vn 0.100376 0.569262 0.816006
vn 0.064041 0.363193 0.929511
vn 0.155860 0.334242 0.929511
vn 0.246162 0.155971 0.956597
vn 0.237057 0.282514 0.929511
vn 0.302099 0.211532 0.929511
vn 0.473506 0.331552 0.816006
vn 0.487632 0.163194 0.857661
vn 0.543184 0.197703 0.816006
vn 0.695871 0.159294 0.700277
vn 0.709032 0.258066 0.656259
vn 0.856688 0.144539 0.495171
vn 0.834700 0.303806 0.459324
vn 0.959123 0.119934 0.256319
vn 0.947716 0.250311 0.197936
vn 0.996195 0.087156 -0.000000
vn 0.834652 0.396408 0.382383
vn 0.664708 0.515490 0.540771
vn 0.618079 0.432784 0.656259
vn 0.371559 0.442807 0.816006
vn 0.485006 0.578008 0.656259
vn 0.449466 0.599442 0.662306
vn 0.244292 0.523886 0.816006
vn -0.965378 -0.048438 0.256319
vn -0.965378 -0.048438 0.256319
vn -0.996195 -0.087156 0.000000
vn -0.965378 -0.048438 0.256319
vn -0.965378 -0.048438 0.256319
vn -0.868772 -0.006419 0.495171
vn -0.712961 0.036037 0.700277
vn -0.508562 0.076038 0.857661
vn -0.269506 0.110856 0.956597
vn -0.012084 0.138120 0.990342
vn 0.246162 0.155971 0.956597
vn 0.487632 0.163194 0.857661
vn 0.695871 0.159294 0.700277
vn 0.856688 0.144539 0.495171
vn 0.959123 0.119934 0.256319
vn 0.959123 0.119934 0.256319
vn 0.996195 0.087156 0.000000
vn 0.959123 0.119934 0.256319
vn 0.959123 0.119934 0.256319
vn 0.856688 0.144539 0.495171
vn 0.856688 0.144539 0.495171
vn 0.695871 0.159294 0.700277
vn 0.695871 0.159294 0.700277
vn 0.487632 0.163194 0.857661
vn 0.487632 0.163194 0.857661
vn 0.246162 0.155971 0.956597
vn 0.246162 0.155971 0.956597
vn -0.012084 0.138120 0.990342
vn -0.012084 0.138120 0.990342
vn -0.269506 0.110856 0.956597
vn -0.269506 0.110856 0.956597
vn -0.508562 0.076038 0.857661
vn -0.508562 0.076038 0.857661
vn -0.712961 0.036037 0.700277
vn -0.712961 0.036037 0.700277
vn -0.868772 -0.006419 0.495171
vn -0.868772 -0.006419 0.495171
vn -0.868772 -0.006419 0.495171
vn -0.712961 0.036037 0.700277
vn -0.508562 0.076038 0.857661
vn -0.269506 0.110856 0.956597
vn -0.012084 0.138120 0.990342
vn 0.246162 0.155971 0.956597
vn 0.487632 0.163194 0.857661
vn 0.695871 0.159294 0.700277
vn 0.856688 0.144539 0.495171
vn 0.996195 0.087156 -0.000000
vn 0.996195 0.087156 -0.000000
vn 0.976328 0.194566 0.094484
vn 0.965957 0.228197 0.121870
vn 0.937903 0.294266 0.183699
vn 0.903452 0.357833 0.236073
vn 0.882471 0.386644 0.267863
vn 0.808542 0.477491 0.343893
vn 0.810236 0.472110 0.347317
vn 0.679997 0.584230 0.443035
vn 0.657892 0.593349 0.463804
vn 0.522695 0.670324 0.526741
vn 0.543117 0.654759 0.525656
vn 0.421728 0.701108 0.574972
vn 0.544380 0.640424 0.541763
vn 0.423109 0.685430 0.592591
vn 0.545661 0.625681 0.557474
vn 0.424510 0.669303 0.609775
vn 0.547056 0.609708 0.573573
vn 0.426037 0.651830 0.627383
vn 0.548581 0.592400 0.590018
vn 0.427704 0.632900 0.645373
vn 0.550130 0.574570 0.605992
vn 0.429399 0.613396 0.662844
vn 0.446480 0.600268 0.663577
vn 0.302595 0.640022 0.706263
vn 0.206878 0.642272 0.738030
vn 0.169451 0.654740 0.736615
vn -0.056155 0.641864 0.764759
vn -0.058962 0.673935 0.736434
vn 0.167547 0.676419 0.717206
vn 0.165715 0.697452 0.697208
vn 0.300783 0.660806 0.687652
vn 0.299012 0.680974 0.668481
vn 0.347641 0.729506 0.589039
vn 0.294420 0.733480 0.612637
vn 0.295886 0.716778 0.631412
vn 0.297385 0.699591 0.649719
vn 0.151239 0.761583 0.630173
vn 0.160923 0.752215 0.638965
vn 0.162439 0.734796 0.658550
vn 0.164015 0.716870 0.677640
vn 0.044712 0.765825 0.641493
vn -0.066567 0.760868 0.645483
vn -0.064163 0.733394 0.676769
vn -0.061652 0.704704 0.706817
vn 0.664707 0.515496 0.540767
vn 0.664080 0.522595 0.534688
vn 0.662710 0.538328 0.520594
vn 0.661368 0.553600 0.506083
vn 0.660136 0.567692 0.491879
vn 0.659003 0.580702 0.478017
vn 0.814871 0.419126 0.400398
vn 0.836477 0.394695 0.380161
vn 0.886046 0.345781 0.308801
vn 0.946660 0.252323 0.200420
vn 0.940355 0.266243 0.211774
vn 0.977589 0.180152 0.108924
vn 0.939809 0.272476 0.206193
vn 0.977309 0.183358 0.106054
vn 0.939280 0.278523 0.200444
vn 0.977037 0.186468 0.103096
vn 0.938792 0.284104 0.194818
vn 0.976786 0.189339 0.100203
vn 0.938341 0.289259 0.189330
vn 0.976554 0.191991 0.097380
vn 0.996195 0.087157 0.000001
vn 0.996195 0.087156 0.000000
vn 0.996195 0.087156 -0.000000
vn 0.811065 0.462641 0.357962
vn 0.811917 0.452897 0.368341
vn 0.812840 0.442344 0.378976
vn 0.813841 0.430910 0.389846
vn 0.883109 0.379342 0.276074
vn 0.883767 0.371827 0.284078
vn 0.884479 0.363687 0.292280
vn 0.885251 0.354870 0.300664
vn -0.064164 0.733394 0.676769
vn -0.289099 0.712844 0.638965
vn -0.182112 0.745526 0.641114
vn -0.290315 0.721325 0.628815
vn -0.391691 0.689289 0.609474
vn -0.417315 0.671211 0.612637
vn -0.287568 0.695426 0.658550
vn -0.415858 0.654508 0.631412
vn -0.286006 0.677498 0.677640
vn -0.414350 0.637323 0.649719
vn -0.284308 0.658080 0.697208
vn -0.412720 0.618705 0.668481
vn -0.282460 0.637049 0.717206
vn -0.410961 0.598537 0.687652
vn -0.280571 0.615369 0.736615
vn -0.409137 0.577754 0.706263
vn -0.315264 0.596591 0.738030
vn -0.543932 0.513618 0.663577
vn -0.529390 0.529513 0.662844
vn -0.641545 0.470311 0.605992
vn -0.643116 0.488140 0.590018
vn -0.746122 0.415071 0.520594
vn -0.747452 0.430344 0.506083
vn -0.877303 0.294475 0.378976
vn -0.878227 0.305029 0.368341
vn -0.934908 0.212713 0.284078
vn -0.935565 0.220229 0.276074
vn -0.974315 0.121923 0.189330
vn -0.974753 0.126931 0.183699
vn -0.995282 0.022073 0.094484
vn -0.992070 0.049438 0.115557
vn -0.996195 -0.087156 0.000000
vn -0.485602 0.650525 0.583958
vn -0.537067 0.617225 0.574972
vn -0.535704 0.601545 0.592591
vn -0.534284 0.585419 0.609775
vn -0.532753 0.567947 0.627383
vn -0.531109 0.549015 0.645373
vn -0.653132 0.554398 0.515811
vn -0.648564 0.550500 0.525656
vn -0.647318 0.536164 0.541763
vn -0.646019 0.521422 0.557474
vn -0.644620 0.505450 0.573573
vn -0.750931 0.470093 0.463804
vn -0.792847 0.435472 0.426330
vn -0.879908 0.324242 0.347317
vn -0.892928 0.309022 0.327390
vn -0.936205 0.227531 0.267863
vn -0.957646 0.180818 0.224096
vn -0.996195 -0.087156 0.000000
vn -0.995056 0.019497 0.097380
vn -0.973864 0.116769 0.194818
vn -0.934196 0.204574 0.292280
vn -0.876304 0.283041 0.389846
vn -0.744739 0.399339 0.534688
vn -0.744123 0.392239 0.540767
vn -0.994824 0.016846 0.100203
vn -0.996195 -0.087156 -0.000000
vn -0.994573 0.013975 0.103096
vn -0.996195 -0.087156 0.000000
vn -0.994301 0.010865 0.106054
vn -0.994021 0.007659 0.108924
vn -0.972301 0.098907 0.211774
vn -0.976093 0.084104 0.200420
vn -0.932629 0.186668 0.308801
vn -0.892307 0.243446 0.380161
vn -0.875272 0.271258 0.400398
vn -0.996195 -0.087155 0.000001
vn -0.056157 0.641864 0.764759
vn -0.058962 0.673935 0.736434
vn -0.061656 0.704704 0.706817
vn -0.879080 0.314773 0.357962
vn -0.749829 0.457445 0.478017
vn -0.973376 0.111187 0.200444
vn -0.933424 0.195756 0.300664
vn -0.748686 0.444436 0.491879
vn -0.972846 0.105140 0.206193
vn 0.996195 0.087156 0.000000
vn 0.996195 0.087156 0.000000
vn 0.996195 0.087156 0.000000
vn 0.087156 -0.996195 0.000000
vn 0.087156 -0.996195 0.000000
vn 0.087156 -0.996195 0.000000
vn 0.087156 -0.996195 0.000000
vn 0.087156 -0.996195 0.000000
vn 0.087156 -0.996195 0.000000
vn 0.087156 -0.996195 0.000000
vn 0.087156 -0.996195 0.000000
vn 0.087156 -0.996195 0.000000
vn 0.087156 -0.996195 0.000000
vn 0.087156 -0.996195 0.000000
vn 0.087156 -0.996195 0.000000
vn 0.087156 -0.996195 0.000000
vn 0.087156 -0.996195 0.000000
vn 0.087156 -0.996195 0.000000
vn -0.996195 -0.087156 -0.000000
vn -0.996195 -0.087156 -0.000000
vn -0.996195 -0.087156 -0.000000
vn 0.000000 0.000000 -1.000000
vn 0.000000 0.000000 -1.000000
vn 0.000000 0.000000 -1.000000
vn 0.000000 0.000000 -1.000000
vn 0.000000 0.000000 -1.000000
vn 0.000000 0.000000 -1.000000
vn 0.000000 0.000000 -1.000000
vn 0.000000 0.000000 -1.000000
vn 0.000000 0.000000 -1.000000
vn 0.000000 0.000000 -1.000000
vn 0.000000 0.000000 -1.000000
vn 0.000000 0.000000 -1.000000
vn 0.000000 0.000000 -1.000000
vn 0.000000 0.000000 -1.000000
vn 0.000000 0.000000 -1.000000
vn 0.000000 0.000000 -1.000000
vn 0.000000 0.000000 -1.000000
vn 0.000000 0.000000 -1.000000
vn 0.000000 0.000000 -1.000000
vn 0.000000 0.000000 -1.000000
vn 0.000000 0.000000 -1.000000
vn 0.000000 0.000000 -1.000000
usemtl Steel_-_Satin
f 2/1/1 16/2/2 1/3/3
f 1/3/3 16/2/2 20/4/4
f 1/3/3 20/4/4 15/5/5
f 15/5/5 20/4/4 25/6/6
f 15/5/5 25/6/6 14/7/7
f 14/7/7 25/6/6 24/8/8
f 14/7/7 24/8/8 28/9/9
f 28/9/9 24/8/8 23/10/10
f 28/9/9 23/10/10 27/11/11
f 27/11/11 23/10/10 7/12/12
f 27/11/11 7/12/12 26/13/13
f 26/13/13 7/12/12 8/14/14
f 26/13/13 8/14/14 9/15/15
f 16/2/2 2/1/1 18/16/16
f 18/16/16 2/1/1 3/17/17
f 18/16/16 3/17/17 17/18/18
f 17/18/18 3/17/17 4/19/19
f 17/18/18 4/19/19 5/20/20
f 17/18/18 5/20/20 19/21/21
f 19/21/21 5/20/20 6/22/22
f 19/21/21 6/22/22 22/23/23
f 22/23/23 6/22/22 21/24/24
f 22/23/23 21/24/24 24/8/8
f 24/8/8 21/24/24 23/10/10
f 6/22/22 7/12/12 21/24/24
f 21/24/24 7/12/12 23/10/10
f 10/25/25 11/26/26 9/15/15
f 9/15/15 11/26/26 26/13/13
f 11/26/26 12/27/27 26/13/13
f 26/13/13 12/27/27 27/11/11
f 12/27/27 13/28/28 27/11/11
f 27/11/11 13/28/28 28/9/9
f 13/28/28 14/7/7 28/9/9
f 16/2/2 18/16/16 17/18/18
f 20/4/4 16/2/2 19/21/21
f 19/21/21 16/2/2 17/18/18
f 25/6/6 20/4/4 22/23/23
f 22/23/23 20/4/4 19/21/21
f 25/6/6 22/23/23 24/8/8
f 39/29/29 4/30/19 42/31/30
f 42/31/30 4/30/19 3/32/17
f 42/31/30 3/32/17 41/33/31
f 41/33/31 3/32/17 2/34/1
f 41/33/31 2/34/1 1/35/3
f 41/33/31 1/35/3 51/36/32
f 51/36/32 1/35/3 29/37/33
f 51/36/32 29/37/33 40/38/34
f 40/38/34 29/37/33 45/39/35
f 40/38/34 45/39/35 44/40/36
f 44/40/36 45/39/35 30/41/37
f 44/40/36 30/41/37 46/42/38
f 46/42/38 30/41/37 31/43/39
f 46/42/38 31/43/39 47/44/40
f 47/44/40 31/43/39 32/45/41
f 47/44/40 32/45/41 48/46/42
f 48/46/42 32/45/41 33/47/43
f 48/46/42 33/47/43 35/48/44
f 35/48/44 33/47/43 34/49/45
f 29/37/33 30/41/37 45/39/35
f 35/48/44 36/50/46 48/46/42
f 48/46/42 36/50/46 37/51/47
f 48/46/42 37/51/47 47/44/40
f 47/44/40 37/51/47 43/52/48
f 47/44/40 43/52/48 44/40/36
f 44/40/36 43/52/48 50/53/49
f 44/40/36 50/53/49 40/38/34
f 40/38/34 50/53/49 51/36/32
f 43/52/48 37/51/47 49/54/50
f 49/54/50 37/51/47 38/55/51
f 49/54/50 38/55/51 50/53/49
f 50/53/49 38/55/51 52/56/52
f 50/53/49 52/56/52 51/36/32
f 51/36/32 52/56/52 41/33/31
f 38/55/51 39/29/29 52/56/52
f 52/56/52 39/29/29 42/31/30
f 52/56/52 42/31/30 41/33/31
f 46/42/38 47/44/40 44/40/36
f 49/54/50 50/53/49 43/52/48
f 54/57/53 66/58/54 53/59/55
f 53/59/55 66/58/54 67/60/56
f 53/59/55 67/60/56 10/61/25
f 10/61/25 67/60/56 68/62/57
f 10/61/25 68/62/57 11/63/26
f 11/63/26 68/62/57 12/64/27
f 12/64/27 68/62/57 71/65/58
f 12/64/27 71/65/58 13/66/28
f 13/66/28 71/65/58 74/67/59
f 13/66/28 74/67/59 14/68/7
f 14/68/7 74/67/59 77/69/60
f 14/68/7 77/69/60 15/70/5
f 15/70/5 77/69/60 80/71/61
f 15/70/5 80/71/61 1/72/3
f 1/72/3 80/71/61 83/73/62
f 1/72/3 83/73/62 29/74/33
f 29/74/33 83/73/62 86/75/63
f 29/74/33 86/75/63 30/76/37
f 30/76/37 86/75/63 89/77/64
f 30/76/37 89/77/64 31/78/39
f 31/78/39 89/77/64 92/79/65
f 31/78/39 92/79/65 32/80/41
f 32/80/41 92/79/65 95/81/66
f 32/80/41 95/81/66 33/82/43
f 33/82/43 95/81/66 98/83/67
f 33/82/43 98/83/67 34/84/45
f 34/84/45 98/83/67 97/85/68
f 34/84/45 97/85/68 65/86/69
f 65/86/69 97/85/68 96/87/70
f 65/86/69 96/87/70 64/88/71
f 64/88/71 96/87/70 93/89/72
f 64/88/71 93/89/72 63/90/73
f 63/90/73 93/89/72 90/91/74
f 63/90/73 90/91/74 62/92/75
f 62/92/75 90/91/74 87/93/76
f 62/92/75 87/93/76 61/94/77
f 61/94/77 87/93/76 84/95/78
f 61/94/77 84/95/78 60/96/79
f 60/96/79 84/95/78 81/97/80
f 60/96/79 81/97/80 59/98/81
f 59/98/81 81/97/80 58/99/82
f 58/99/82 81/97/80 78/100/83
f 58/99/82 78/100/83 57/101/84
f 57/101/84 78/100/83 75/102/85
f 57/101/84 75/102/85 56/103/86
f 56/103/86 75/102/85 72/104/87
f 56/103/86 72/104/87 55/105/88
f 55/105/88 72/104/87 69/106/89
f 55/105/88 69/106/89 54/57/53
f 54/57/53 69/106/89 66/58/54
f 71/65/58 68/62/57 67/60/56
f 67/60/56 66/58/54 70/107/90
f 70/107/90 66/58/54 69/106/89
f 70/107/90 69/106/89 73/108/91
f 73/108/91 69/106/89 72/104/87
f 73/108/91 72/104/87 76/109/92
f 76/109/92 72/104/87 75/102/85
f 76/109/92 75/102/85 79/110/93
f 79/110/93 75/102/85 78/100/83
f 79/110/93 78/100/83 82/111/94
f 82/111/94 78/100/83 81/97/80
f 82/111/94 81/97/80 85/112/95
f 85/112/95 81/97/80 84/95/78
f 85/112/95 84/95/78 88/113/96
f 88/113/96 84/95/78 87/93/76
f 88/113/96 87/93/76 91/114/97
f 91/114/97 87/93/76 90/91/74
f 91/114/97 90/91/74 94/115/98
f 94/115/98 90/91/74 93/89/72
f 94/115/98 93/89/72 97/85/68
f 97/85/68 93/89/72 96/87/70
f 74/67/59 71/65/58 70/107/90
f 70/107/90 71/65/58 67/60/56
f 74/67/59 70/107/90 73/108/91
f 77/69/60 74/67/59 73/108/91
f 77/69/60 73/108/91 76/109/92
f 80/71/61 77/69/60 76/109/92
f 80/71/61 76/109/92 79/110/93
f 83/73/62 80/71/61 79/110/93
f 83/73/62 79/110/93 82/111/94
f 86/75/63 83/73/62 82/111/94
f 86/75/63 82/111/94 85/112/95
f 89/77/64 86/75/63 85/112/95
f 89/77/64 85/112/95 88/113/96
f 92/79/65 89/77/64 88/113/96
f 92/79/65 88/113/96 91/114/97
f 95/81/66 92/79/65 91/114/97
f 95/81/66 91/114/97 94/115/98
f 98/83/67 95/81/66 94/115/98
f 98/83/67 94/115/98 97/85/68
f 114/116/99 99/117/100 115/118/101
f 115/118/101 99/117/100 100/119/102
f 115/118/101 100/119/102 125/120/103
f 125/120/103 100/119/102 101/121/104
f 125/120/103 101/121/104 124/122/105
f 124/122/105 101/121/104 102/123/106
f 124/122/105 102/123/106 123/124/107
f 123/124/107 102/123/106 103/125/108
f 123/124/107 103/125/108 122/126/109
f 122/126/109 103/125/108 104/127/110
f 122/126/109 104/127/110 121/128/111
f 121/128/111 104/127/110 120/129/112
f 121/128/111 120/129/112 140/130/113
f 140/130/113 120/129/112 141/131/114
f 140/130/113 141/131/114 129/132/115
f 129/132/115 141/131/114 128/133/116
f 129/132/115 128/133/116 146/134/117
f 146/134/117 128/133/116 145/135/118
f 146/134/117 145/135/118 165/136/119
f 165/136/119 145/135/118 166/137/120
f 165/136/119 166/137/120 154/138/121
f 154/138/121 166/137/120 153/139/122
f 154/138/121 153/139/122 38/140/123
f 38/140/123 153/139/122 152/141/124
f 38/140/123 152/141/124 39/142/125
f 39/142/125 152/141/124 151/143/126
f 39/142/125 151/143/126 4/144/127
f 4/144/127 151/143/126 111/145/128
f 111/145/128 151/143/126 168/146/129
f 111/145/128 168/146/129 118/147/130
f 118/147/130 168/146/129 167/148/131
f 118/147/130 167/148/131 144/149/132
f 144/149/132 167/148/131 166/137/120
f 144/149/132 166/137/120 145/135/118
f 104/127/110 105/150/133 120/129/112
f 120/129/112 105/150/133 119/151/134
f 120/129/112 119/151/134 141/131/114
f 141/131/114 119/151/134 142/152/135
f 141/131/114 142/152/135 128/133/116
f 128/133/116 142/152/135 127/153/136
f 128/133/116 127/153/136 145/135/118
f 145/135/118 127/153/136 144/149/132
f 105/150/133 106/154/137 119/151/134
f 119/151/134 106/154/137 116/155/138
f 119/151/134 116/155/138 142/152/135
f 142/152/135 116/155/138 143/156/139
f 142/152/135 143/156/139 127/153/136
f 127/153/136 143/156/139 126/157/140
f 127/153/136 126/157/140 144/149/132
f 144/149/132 126/157/140 118/147/130
f 106/154/137 107/158/141 116/155/138
f 116/155/138 107/158/141 108/159/142
f 116/155/138 108/159/142 109/160/143
f 110/161/144 126/157/140 109/160/143
f 109/160/143 126/157/140 143/156/139
f 109/160/143 143/156/139 116/155/138
f 126/157/140 110/161/144 118/147/130
f 118/147/130 110/161/144 111/145/128
f 38/140/123 37/162/145 154/138/121
f 154/138/121 37/162/145 155/163/146
f 154/138/121 155/163/146 165/136/119
f 165/136/119 155/163/146 164/164/147
f 165/136/119 164/164/147 146/134/117
f 146/134/117 164/164/147 147/165/148
f 146/134/117 147/165/148 129/132/115
f 129/132/115 147/165/148 130/166/149
f 129/132/115 130/166/149 140/130/113
f 140/130/113 130/166/149 139/167/150
f 140/130/113 139/167/150 121/128/111
f 121/128/111 139/167/150 122/126/109
f 155/163/146 37/162/145 156/168/151
f 156/168/151 37/162/145 36/169/152
f 156/168/151 36/169/152 157/170/153
f 157/170/153 36/169/152 35/171/154
f 157/170/153 35/171/154 158/172/155
f 158/172/155 35/171/154 159/173/156
f 158/172/155 159/173/156 161/174/157
f 161/174/157 159/173/156 160/175/158
f 161/174/157 160/175/158 150/176/159
f 150/176/159 160/175/158 117/177/160
f 150/176/159 117/177/160 133/178/161
f 133/178/161 117/177/160 134/179/162
f 133/178/161 134/179/162 136/180/163
f 136/180/163 134/179/162 135/181/164
f 136/180/163 135/181/164 125/120/103
f 125/120/103 135/181/164 115/118/101
f 35/171/154 34/182/165 159/173/156
f 159/173/156 34/182/165 112/183/166
f 159/173/156 112/183/166 160/175/158
f 160/175/158 112/183/166 117/177/160
f 112/183/166 113/184/167 117/177/160
f 117/177/160 113/184/167 134/179/162
f 113/184/167 114/116/99 134/179/162
f 134/179/162 114/116/99 135/181/164
f 135/181/164 114/116/99 115/118/101
f 123/124/107 122/126/109 138/185/168
f 138/185/168 122/126/109 139/167/150
f 138/185/168 139/167/150 131/186/169
f 131/186/169 139/167/150 130/166/149
f 131/186/169 130/166/149 148/187/170
f 148/187/170 130/166/149 147/165/148
f 148/187/170 147/165/148 163/188/171
f 163/188/171 147/165/148 164/164/147
f 163/188/171 164/164/147 156/168/151
f 156/168/151 164/164/147 155/163/146
f 136/180/163 125/120/103 124/122/105
f 124/122/105 123/124/107 137/189/172
f 137/189/172 123/124/107 138/185/168
f 137/189/172 138/185/168 132/190/173
f 132/190/173 138/185/168 131/186/169
f 132/190/173 131/186/169 149/191/174
f 149/191/174 131/186/169 148/187/170
f 149/191/174 148/187/170 162/192/175
f 162/192/175 148/187/170 163/188/171
f 162/192/175 163/188/171 157/170/153
f 157/170/153 163/188/171 156/168/151
f 132/190/173 133/178/161 137/189/172
f 137/189/172 133/178/161 136/180/163
f 137/189/172 136/180/163 124/122/105
f 133/178/161 132/190/173 150/176/159
f 150/176/159 132/190/173 149/191/174
f 150/176/159 149/191/174 161/174/157
f 161/174/157 149/191/174 162/192/175
f 161/174/157 162/192/175 158/172/155
f 158/172/155 162/192/175 157/170/153
f 167/148/131 168/146/129 152/141/124
f 152/141/124 168/146/129 151/143/126
f 166/137/120 167/148/131 153/139/122
f 153/139/122 167/148/131 152/141/124
f 109/193/176 108/194/142 185/195/177
f 185/195/177 108/194/142 169/196/178
f 185/195/177 169/196/178 170/197/179
f 170/197/179 171/198/180 185/195/177
f 185/195/177 171/198/180 192/199/181
f 185/195/177 192/199/181 202/200/182
f 202/200/182 192/199/181 203/201/183
f 202/200/182 203/201/183 201/202/184
f 201/202/184 203/201/183 200/203/185
f 201/202/184 200/203/185 183/204/186
f 183/204/186 200/203/185 217/205/187
f 183/204/186 217/205/187 227/206/188
f 227/206/188 217/205/187 228/207/189
f 227/206/188 228/207/189 226/208/190
f 226/208/190 228/207/189 225/209/191
f 226/208/190 225/209/191 5/210/192
f 5/210/192 225/209/191 6/211/193
f 6/211/193 225/209/191 224/212/194
f 6/211/193 224/212/194 223/213/195
f 223/213/195 224/212/194 230/214/196
f 223/213/195 230/214/196 231/215/197
f 231/215/197 230/214/196 214/216/198
f 231/215/197 214/216/198 213/217/199
f 213/217/199 214/216/198 196/218/200
f 213/217/199 196/218/200 195/219/201
f 195/219/201 196/218/200 208/220/202
f 195/219/201 208/220/202 209/221/203
f 209/221/203 208/220/202 186/222/204
f 209/221/203 186/222/204 184/223/205
f 184/223/205 186/222/204 177/224/206
f 184/223/205 177/224/206 178/225/207
f 171/198/180 172/226/208 192/199/181
f 192/199/181 172/226/208 191/227/209
f 192/199/181 191/227/209 203/201/183
f 203/201/183 191/227/209 204/228/210
f 203/201/183 204/228/210 200/203/185
f 200/203/185 204/228/210 199/229/211
f 200/203/185 199/229/211 217/205/187
f 217/205/187 199/229/211 216/230/212
f 217/205/187 216/230/212 228/207/189
f 228/207/189 216/230/212 229/231/213
f 228/207/189 229/231/213 225/209/191
f 225/209/191 229/231/213 224/212/194
f 172/226/208 173/232/214 191/227/209
f 191/227/209 173/232/214 190/233/215
f 191/227/209 190/233/215 204/228/210
f 204/228/210 190/233/215 205/234/216
f 204/228/210 205/234/216 199/229/211
f 199/229/211 205/234/216 198/235/217
f 199/229/211 198/235/217 216/230/212
f 216/230/212 198/235/217 215/236/218
f 216/230/212 215/236/218 229/231/213
f 229/231/213 215/236/218 230/214/196
f 229/231/213 230/214/196 224/212/194
f 190/233/215 173/232/214 189/237/219
f 189/237/219 173/232/214 174/238/220
f 189/237/219 174/238/220 188/239/221
f 188/239/221 174/238/220 175/240/222
f 188/239/221 175/240/222 187/241/223
f 187/241/223 175/240/222 176/242/224
f 187/241/223 176/242/224 186/222/204
f 186/222/204 176/242/224 177/224/206
f 178/225/207 179/243/225 184/223/205
f 184/223/205 179/243/225 210/244/226
f 184/223/205 210/244/226 209/221/203
f 209/221/203 210/244/226 194/245/227
f 209/221/203 194/245/227 195/219/201
f 195/219/201 194/245/227 212/246/228
f 195/219/201 212/246/228 213/217/199
f 213/217/199 212/246/228 232/247/229
f 213/217/199 232/247/229 231/215/197
f 231/215/197 232/247/229 222/248/230
f 231/215/197 222/248/230 223/213/195
f 223/213/195 222/248/230 7/249/231
f 223/213/195 7/249/231 6/211/193
f 210/244/226 179/243/225 193/250/232
f 193/250/232 179/243/225 180/251/233
f 193/250/232 180/251/233 182/252/234
f 182/252/234 180/251/233 181/253/235
f 182/252/234 181/253/235 235/254/236
f 235/254/236 181/253/235 218/255/237
f 235/254/236 218/255/237 219/256/238
f 219/256/238 218/255/237 9/257/239
f 219/256/238 9/257/239 220/258/240
f 220/258/240 9/257/239 8/259/241
f 220/258/240 8/259/241 221/260/242
f 221/260/242 8/259/241 7/249/231
f 221/260/242 7/249/231 222/248/230
f 181/253/235 10/261/243 218/255/237
f 218/255/237 10/261/243 9/257/239
f 5/210/192 4/262/244 226/208/190
f 226/208/190 4/262/244 111/263/245
f 226/208/190 111/263/245 227/206/188
f 227/206/188 111/263/245 183/204/186
f 111/263/245 110/264/246 183/204/186
f 183/204/186 110/264/246 201/202/184
f 110/264/246 109/193/176 201/202/184
f 201/202/184 109/193/176 202/200/182
f 202/200/182 109/193/176 185/195/177
f 186/222/204 208/220/202 187/241/223
f 187/241/223 208/220/202 207/265/247
f 187/241/223 207/265/247 188/239/221
f 188/239/221 207/265/247 206/266/248
f 188/239/221 206/266/248 189/237/219
f 189/237/219 206/266/248 205/234/216
f 189/237/219 205/234/216 190/233/215
f 210/244/226 193/250/232 194/245/227
f 194/245/227 193/250/232 211/267/249
f 194/245/227 211/267/249 212/246/228
f 212/246/228 211/267/249 233/268/250
f 212/246/228 233/268/250 232/247/229
f 232/247/229 233/268/250 221/260/242
f 232/247/229 221/260/242 222/248/230
f 207/265/247 208/220/202 196/218/200
f 206/266/248 207/265/247 197/269/251
f 197/269/251 207/265/247 196/218/200
f 197/269/251 196/218/200 214/216/198
f 205/234/216 206/266/248 198/235/217
f 198/235/217 206/266/248 197/269/251
f 198/235/217 197/269/251 215/236/218
f 215/236/218 197/269/251 214/216/198
f 215/236/218 214/216/198 230/214/196
f 193/250/232 182/252/234 211/267/249
f 211/267/249 182/252/234 234/270/252
f 211/267/249 234/270/252 233/268/250
f 233/268/250 234/270/252 220/258/240
f 233/268/250 220/258/240 221/260/242
f 235/254/236 219/256/238 234/270/252
f 234/270/252 219/256/238 220/258/240
f 182/252/234 235/254/236 234/270/252
f 99/271/100 114/272/99 236/273/253
f 236/273/253 114/272/99 113/274/167
f 236/273/253 113/274/167 112/275/254
f 112/275/254 34/276/45 236/273/253
f 236/273/253 34/276/45 65/277/255
f 64/278/256 63/279/257 65/280/258
f 65/280/258 63/279/257 236/281/259
f 236/281/259 63/279/257 62/282/260
f 236/281/259 62/282/260 61/283/261
f 61/283/261 60/284/262 236/281/259
f 236/281/259 60/284/262 59/285/263
f 236/281/259 59/285/263 237/286/264
f 237/286/264 59/285/263 58/287/265
f 237/286/264 58/287/265 57/288/266
f 57/288/266 56/289/267 237/286/264
f 237/286/264 56/289/267 55/290/268
f 237/286/264 55/290/268 53/291/269
f 53/291/269 55/290/268 54/292/270
f 53/293/271 10/294/25 237/295/272
f 237/295/272 10/294/25 181/296/273
f 237/295/272 181/296/273 180/297/233
f 180/297/233 179/298/225 237/295/272
f 237/295/272 179/298/225 178/299/207
f 107/300/274 236/301/275 108/302/276
f 108/302/276 236/301/275 237/303/277
f 108/302/276 237/303/277 169/304/278
f 169/304/278 237/303/277 170/305/279
f 170/305/279 237/303/277 171/306/280
f 171/306/280 237/303/277 172/307/281
f 172/307/281 237/303/277 173/308/282
f 173/308/282 237/303/277 174/309/283
f 174/309/283 237/303/277 175/310/284
f 175/310/284 237/303/277 178/311/285
f 175/310/284 178/311/285 176/312/286
f 176/312/286 178/311/285 177/313/287
f 107/300/274 106/314/288 236/301/275
f 236/301/275 106/314/288 105/315/289
f 236/301/275 105/315/289 104/316/290
f 104/316/290 103/317/291 236/301/275
f 236/301/275 103/317/291 102/318/292
f 236/301/275 102/318/292 99/319/293
f 99/319/293 102/318/292 101/320/294
f 99/319/293 101/320/294 100/321/295
g Body75

v 0.000000 -2.250000 -0.513059
v 0.037353 -2.250000 -0.516154
v 0.073688 -2.250000 -0.525355
v 0.108012 -2.250000 -0.540411
v 0.139390 -2.250000 -0.560911
v 0.166966 -2.250000 -0.586297
v 0.189988 -2.250000 -0.615875
v 0.207827 -2.250000 -0.648839
v 0.219997 -2.250000 -0.684289
v 0.226166 -2.250000 -0.721259
v 0.226166 -2.250000 -0.758741
v 0.219997 -2.250000 -0.795711
v 0.207827 -2.250000 -0.831161
v 0.189988 -2.250000 -0.864125
v 0.166966 -2.250000 -0.893703
v 0.139390 -2.250000 -0.919089
v 0.108012 -2.250000 -0.939589
v 0.073688 -2.250000 -0.954645
v 0.037353 -2.250000 -0.963846
v 0.000000 -2.250000 -0.966941
v -0.037353 -2.250000 -0.963846
v -0.073688 -2.250000 -0.954645
v -0.108012 -2.250000 -0.939589
v -0.139390 -2.250000 -0.919089
v -0.166966 -2.250000 -0.893703
v -0.189988 -2.250000 -0.864125
v -0.207827 -2.250000 -0.831161
v -0.219997 -2.250000 -0.795711
v -0.226166 -2.250000 -0.758741
v -0.226166 -2.250000 -0.721259
v -0.219997 -2.250000 -0.684289
v -0.207827 -2.250000 -0.648839
v -0.189988 -2.250000 -0.615875
v -0.166966 -2.250000 -0.586297
v -0.139390 -2.250000 -0.560911
v -0.108012 -2.250000 -0.540411
v -0.073688 -2.250000 -0.525355
v -0.037353 -2.250000 -0.516154
v 0.000000 -2.318035 -0.532657
v 0.000000 -2.385800 -0.556060
v 0.000000 -2.452202 -0.582636
v 0.000000 -2.515535 -0.611643
v 0.000000 -2.545371 -0.626835
v 0.000000 -2.573570 -0.642382
v 0.000000 -2.599798 -0.658214
v 0.000000 -2.623710 -0.674274
v 0.000000 -2.644970 -0.690514
v 0.000000 -2.663269 -0.706898
v 0.000000 -2.678340 -0.723398
v 0.000000 -2.690000 -0.740000
v 0.218530 -2.277205 -0.718477
v 0.142063 -2.277205 -0.907441
v 0.112890 -2.277205 -0.928346
v 0.080702 -2.277205 -0.944220
v -0.093886 -2.277205 -0.938505
v -0.124967 -2.277205 -0.920560
v -0.152710 -2.277205 -0.897791
v -0.176374 -2.277205 -0.870808
v -0.195326 -2.277205 -0.840330
v -0.206751 -2.277205 -0.666023
v -0.191939 -2.277205 -0.633333
v -0.172000 -2.277205 -0.603491
v -0.147466 -2.277205 -0.577297
v -0.118993 -2.277205 -0.555448
v -0.087341 -2.277205 -0.538530
v 0.001463 -2.683420 -0.730135
v 0.002921 -2.675594 -0.720305
v 0.004374 -2.666548 -0.710512
v 0.005821 -2.656323 -0.700759
v 0.007261 -2.644970 -0.691050
v 0.008694 -2.632550 -0.681392
v 0.010118 -2.619129 -0.671793
v 0.011532 -2.604776 -0.662260
v 0.012934 -2.589565 -0.652805
v 0.014324 -2.573570 -0.643438
v 0.015698 -2.556865 -0.634174
v 0.017055 -2.539524 -0.625024
v 0.018393 -2.521617 -0.616006
v 0.019709 -2.503214 -0.607136
v 0.021000 -2.484380 -0.598430
v 0.022264 -2.465178 -0.589909
v 0.023902 -2.439104 -0.578865
v 0.025480 -2.412607 -0.568230
v 0.026990 -2.385800 -0.558051
v 0.028425 -2.358782 -0.548375
v 0.029779 -2.331635 -0.539247
v 0.031046 -2.304427 -0.530708
v 0.032220 -2.277205 -0.522789
v -0.035770 -2.277205 -0.523346
v -0.034466 -2.304427 -0.531244
v -0.033060 -2.331635 -0.539761
v -0.031556 -2.358782 -0.548866
v -0.029963 -2.385800 -0.558517
v -0.028287 -2.412607 -0.568670
v -0.026535 -2.439104 -0.579278
v -0.024717 -2.465178 -0.590293
v -0.023313 -2.484380 -0.598793
v -0.021880 -2.503214 -0.607476
v -0.020419 -2.521617 -0.616324
v -0.018934 -2.539524 -0.625319
v -0.017427 -2.556865 -0.634445
v -0.015902 -2.573570 -0.643686
v -0.014359 -2.589565 -0.653028
v -0.012802 -2.604776 -0.662459
v -0.011232 -2.619129 -0.671967
v -0.009651 -2.632550 -0.681542
v -0.008061 -2.644970 -0.691175
v -0.006462 -2.656323 -0.700859
v -0.004856 -2.666548 -0.710587
v -0.003243 -2.675594 -0.720356
v -0.001624 -2.683420 -0.730161
v -0.070584 -2.277205 -0.532066
v -0.068011 -2.304427 -0.539646
v -0.065236 -2.331635 -0.547821
v -0.062270 -2.358782 -0.556559
v -0.059126 -2.385800 -0.565822
v -0.055818 -2.412607 -0.575566
v -0.052362 -2.439104 -0.585747
v -0.048773 -2.465178 -0.596319
v -0.046004 -2.484380 -0.604477
v -0.043175 -2.503214 -0.612810
v -0.040293 -2.521617 -0.621302
v -0.037362 -2.539524 -0.629935
v -0.034389 -2.556865 -0.638693
v -0.031378 -2.573570 -0.647562
v -0.028335 -2.589565 -0.656529
v -0.025262 -2.604776 -0.665580
v -0.022164 -2.619129 -0.674706
v -0.019045 -2.632550 -0.683895
v -0.015907 -2.644970 -0.693141
v -0.012752 -2.656323 -0.702435
v -0.009582 -2.666548 -0.711771
v -0.006400 -2.675594 -0.721146
v -0.003206 -2.683420 -0.730557
v -0.084157 -2.304427 -0.545874
v -0.080723 -2.331635 -0.553795
v -0.077052 -2.358782 -0.562261
v -0.073162 -2.385800 -0.571236
v -0.069069 -2.412607 -0.580678
v -0.064792 -2.439104 -0.590542
v -0.060352 -2.465178 -0.600785
v -0.056925 -2.484380 -0.608689
v -0.053425 -2.503214 -0.616764
v -0.049858 -2.521617 -0.624992
v -0.046232 -2.539524 -0.633356
v -0.042553 -2.556865 -0.641842
v -0.038827 -2.573570 -0.650436
v -0.035061 -2.589565 -0.659124
v -0.031259 -2.604776 -0.667894
v -0.027426 -2.619129 -0.676735
v -0.023566 -2.632550 -0.685639
v -0.019683 -2.644970 -0.694597
v -0.015779 -2.656323 -0.703602
v -0.011857 -2.666548 -0.712649
v -0.007919 -2.675594 -0.721733
v -0.003967 -2.683420 -0.730850
v -0.114655 -2.304427 -0.562176
v -0.109977 -2.331635 -0.569431
v -0.104976 -2.358782 -0.577187
v -0.099675 -2.385800 -0.585408
v -0.094099 -2.412607 -0.594057
v -0.088273 -2.439104 -0.603093
v -0.082223 -2.465178 -0.612476
v -0.077555 -2.484380 -0.619716
v -0.072786 -2.503214 -0.627113
v -0.067926 -2.521617 -0.634649
v -0.062986 -2.539524 -0.642312
v -0.057974 -2.556865 -0.650085
v -0.052898 -2.573570 -0.657957
v -0.047767 -2.589565 -0.665915
v -0.042588 -2.604776 -0.673949
v -0.037365 -2.619129 -0.682048
v -0.032107 -2.632550 -0.690204
v -0.026816 -2.644970 -0.698410
v -0.021497 -2.656323 -0.706659
v -0.016154 -2.666548 -0.714946
v -0.010789 -2.675594 -0.723267
v -0.005404 -2.683420 -0.731619
v -0.004701 -2.683420 -0.731205
v -0.009386 -2.675594 -0.722441
v -0.014053 -2.666548 -0.713709
v -0.018701 -2.656323 -0.705013
v -0.023327 -2.644970 -0.696358
v -0.027930 -2.632550 -0.687747
v -0.032505 -2.619129 -0.679188
v -0.037047 -2.604776 -0.670689
v -0.041553 -2.589565 -0.662259
v -0.046017 -2.573570 -0.653908
v -0.050432 -2.556865 -0.645648
v -0.054792 -2.539524 -0.637491
v -0.059090 -2.521617 -0.629451
v -0.063317 -2.503214 -0.621542
v -0.067466 -2.484380 -0.613781
v -0.071527 -2.465178 -0.606183
v -0.076790 -2.439104 -0.596337
v -0.081858 -2.412607 -0.586855
v -0.086709 -2.385800 -0.577779
v -0.091320 -2.358782 -0.569153
v -0.095670 -2.331635 -0.561015
v -0.099739 -2.304427 -0.553401
v -0.103513 -2.277205 -0.546341
v -0.142090 -2.304427 -0.583228
v -0.136292 -2.331635 -0.589624
v -0.130095 -2.358782 -0.596462
v -0.123526 -2.385800 -0.603710
v -0.116616 -2.412607 -0.611334
v -0.109396 -2.439104 -0.619301
v -0.101898 -2.465178 -0.627573
v -0.096113 -2.484380 -0.633956
v -0.090203 -2.503214 -0.640477
v -0.084180 -2.521617 -0.647121
v -0.078058 -2.539524 -0.653876
v -0.071846 -2.556865 -0.660730
v -0.065556 -2.573570 -0.667670
v -0.059197 -2.589565 -0.674686
v -0.052778 -2.604776 -0.681768
v -0.046307 -2.619129 -0.688909
v -0.039789 -2.632550 -0.696099
v -0.033233 -2.644970 -0.703334
v -0.026641 -2.656323 -0.710606
v -0.020020 -2.666548 -0.717912
v -0.013371 -2.675594 -0.725248
v -0.006697 -2.683420 -0.732611
v -0.006071 -2.683420 -0.732088
v -0.012121 -2.675594 -0.724204
v -0.018148 -2.666548 -0.716350
v -0.024150 -2.656323 -0.708527
v -0.030125 -2.644970 -0.700740
v -0.036069 -2.632550 -0.692994
v -0.041976 -2.619129 -0.685295
v -0.047843 -2.604776 -0.677650
v -0.053662 -2.589565 -0.670067
v -0.059426 -2.573570 -0.662554
v -0.065128 -2.556865 -0.655124
v -0.070759 -2.539524 -0.647786
v -0.076309 -2.521617 -0.640553
v -0.081768 -2.503214 -0.633438
v -0.087125 -2.484380 -0.626456
v -0.092370 -2.465178 -0.619622
v -0.099166 -2.439104 -0.610764
v -0.105711 -2.412607 -0.602235
v -0.111976 -2.385800 -0.594071
v -0.117930 -2.358782 -0.586310
v -0.123548 -2.331635 -0.578989
v -0.128803 -2.304427 -0.572140
v -0.133676 -2.277205 -0.565790
v -0.165730 -2.304427 -0.608468
v -0.158968 -2.331635 -0.613834
v -0.151740 -2.358782 -0.619571
v -0.144078 -2.385800 -0.625652
v -0.136017 -2.412607 -0.632049
v -0.127596 -2.439104 -0.638733
v -0.118851 -2.465178 -0.645673
v -0.112103 -2.484380 -0.651029
v -0.105210 -2.503214 -0.656500
v -0.098185 -2.521617 -0.662075
v -0.091044 -2.539524 -0.667742
v -0.083799 -2.556865 -0.673492
v -0.076463 -2.573570 -0.679315
v -0.069046 -2.589565 -0.685201
v -0.061559 -2.604776 -0.691143
v -0.054011 -2.619129 -0.697134
v -0.046409 -2.632550 -0.703167
v -0.038761 -2.644970 -0.709237
v -0.031074 -2.656323 -0.715338
v -0.023350 -2.666548 -0.721468
v -0.015595 -2.675594 -0.727623
v -0.007811 -2.683420 -0.733800
v -0.007279 -2.683420 -0.733183
v -0.014532 -2.675594 -0.726390
v -0.021758 -2.666548 -0.719622
v -0.028954 -2.656323 -0.712881
v -0.036118 -2.644970 -0.706172
v -0.043244 -2.632550 -0.699498
v -0.050327 -2.619129 -0.692864
v -0.057360 -2.604776 -0.686276
v -0.064337 -2.589565 -0.679742
v -0.071248 -2.573570 -0.673269
v -0.078084 -2.556865 -0.666866
v -0.084835 -2.539524 -0.660544
v -0.091489 -2.521617 -0.654311
v -0.098034 -2.503214 -0.648181
v -0.104457 -2.484380 -0.642165
v -0.110745 -2.465178 -0.636276
v -0.118893 -2.439104 -0.628644
v -0.126740 -2.412607 -0.621295
v -0.134251 -2.385800 -0.614260
v -0.141390 -2.358782 -0.607573
v -0.148125 -2.331635 -0.601265
v -0.154426 -2.304427 -0.595364
v -0.160269 -2.277205 -0.589892
v -0.184942 -2.304427 -0.637221
v -0.177396 -2.331635 -0.641415
v -0.169330 -2.358782 -0.645897
v -0.160780 -2.385800 -0.650649
v -0.151785 -2.412607 -0.655647
v -0.142387 -2.439104 -0.660870
v -0.132629 -2.465178 -0.666293
v -0.125099 -2.484380 -0.670478
v -0.117406 -2.503214 -0.674753
v -0.109568 -2.521617 -0.679109
v -0.101599 -2.539524 -0.683538
v -0.093514 -2.556865 -0.688031
v -0.085327 -2.573570 -0.692581
v -0.077050 -2.589565 -0.697180
v -0.068695 -2.604776 -0.701824
v -0.060272 -2.619129 -0.706505
v -0.051789 -2.632550 -0.711219
v -0.043255 -2.644970 -0.715962
v -0.034676 -2.656323 -0.720729
v -0.026057 -2.666548 -0.725519
v -0.017403 -2.675594 -0.730328
v -0.008717 -2.683420 -0.735156
v -0.008292 -2.683420 -0.734460
v -0.016555 -2.675594 -0.728938
v -0.024787 -2.666548 -0.723438
v -0.032985 -2.656323 -0.717960
v -0.041146 -2.644970 -0.712507
v -0.049264 -2.632550 -0.707083
v -0.057333 -2.619129 -0.701691
v -0.065346 -2.604776 -0.696337
v -0.073293 -2.589565 -0.691027
v -0.081167 -2.573570 -0.685766
v -0.088954 -2.556865 -0.680563
v -0.096645 -2.539524 -0.675424
v -0.104225 -2.521617 -0.670359
v -0.111681 -2.503214 -0.665377
v -0.118999 -2.484380 -0.660487
v -0.126162 -2.465178 -0.655701
v -0.135445 -2.439104 -0.649499
v -0.144384 -2.412607 -0.643526
v -0.152940 -2.385800 -0.637808
v -0.161074 -2.358782 -0.632374
v -0.168746 -2.331635 -0.627247
v -0.175924 -2.304427 -0.622451
v -0.182580 -2.277205 -0.618004
v -0.199214 -2.304427 -0.668720
v -0.191086 -2.331635 -0.671628
v -0.182397 -2.358782 -0.674737
v -0.173188 -2.385800 -0.678033
v -0.163499 -2.412607 -0.681499
v -0.153376 -2.439104 -0.685121
v -0.142864 -2.465178 -0.688882
v -0.134753 -2.484380 -0.691785
v -0.126466 -2.503214 -0.694750
v -0.118023 -2.521617 -0.697771
v -0.109439 -2.539524 -0.700842
v -0.100731 -2.556865 -0.703958
v -0.091912 -2.573570 -0.707113
v -0.082996 -2.589565 -0.710303
v -0.073996 -2.604776 -0.713524
v -0.064923 -2.619129 -0.716770
v -0.055786 -2.632550 -0.720040
v -0.046593 -2.644970 -0.723329
v -0.037352 -2.656323 -0.726635
v -0.028068 -2.666548 -0.729957
v -0.018746 -2.675594 -0.733292
v -0.009390 -2.683420 -0.736640
v -0.009084 -2.683420 -0.735884
v -0.018135 -2.675594 -0.731783
v -0.027153 -2.666548 -0.727697
v -0.036135 -2.656323 -0.723628
v -0.045075 -2.644970 -0.719577
v -0.053968 -2.632550 -0.715547
v -0.062807 -2.619129 -0.711542
v -0.071585 -2.604776 -0.707565
v -0.080292 -2.589565 -0.703620
v -0.088917 -2.573570 -0.699712
v -0.097448 -2.556865 -0.695847
v -0.105873 -2.539524 -0.692030
v -0.114177 -2.521617 -0.688267
v -0.122345 -2.503214 -0.684566
v -0.130362 -2.484380 -0.680934
v -0.138209 -2.465178 -0.677378
v -0.148378 -2.439104 -0.672771
v -0.158171 -2.412607 -0.668334
v -0.167544 -2.385800 -0.664087
v -0.176454 -2.358782 -0.660050
v -0.184859 -2.331635 -0.656241
v -0.192723 -2.304427 -0.652678
v -0.200014 -2.277205 -0.649375
v -0.218530 -2.277205 -0.718477
v -0.210564 -2.304427 -0.719261
v -0.201972 -2.331635 -0.720107
v -0.192789 -2.358782 -0.721012
v -0.183054 -2.385800 -0.721971
v -0.172813 -2.412607 -0.722979
v -0.162113 -2.439104 -0.724033
v -0.151003 -2.465178 -0.725127
v -0.142430 -2.484380 -0.725972
v -0.133671 -2.503214 -0.726835
v -0.124747 -2.521617 -0.727713
v -0.115674 -2.539524 -0.728607
v -0.106469 -2.556865 -0.729514
v -0.097148 -2.573570 -0.730432
v -0.087725 -2.589565 -0.731360
v -0.078212 -2.604776 -0.732297
v -0.068622 -2.619129 -0.733241
v -0.058964 -2.632550 -0.734193
v -0.049247 -2.644970 -0.735150
v -0.039480 -2.656323 -0.736112
v -0.029667 -2.666548 -0.737078
v -0.019814 -2.675594 -0.738048
v -0.009925 -2.683420 -0.739022
v -0.009633 -2.683420 -0.737419
v -0.019232 -2.675594 -0.734847
v -0.028795 -2.666548 -0.732284
v -0.038319 -2.656323 -0.729732
v -0.047799 -2.644970 -0.727192
v -0.057230 -2.632550 -0.724665
v -0.066604 -2.619129 -0.722153
v -0.075913 -2.604776 -0.719659
v -0.085146 -2.589565 -0.717185
v -0.094292 -2.573570 -0.714735
v -0.103339 -2.556865 -0.712310
v -0.112273 -2.539524 -0.709916
v -0.121079 -2.521617 -0.707557
v -0.129741 -2.503214 -0.705236
v -0.138242 -2.484380 -0.702958
v -0.146564 -2.465178 -0.700728
v -0.157347 -2.439104 -0.697839
v -0.167732 -2.412607 -0.695056
v -0.177672 -2.385800 -0.692393
v -0.187121 -2.358782 -0.689861
v -0.196034 -2.331635 -0.687473
v -0.204373 -2.304427 -0.685238
v -0.212105 -2.277205 -0.683167
v -0.219117 -2.277205 -0.754362
v -0.211129 -2.304427 -0.753838
v -0.202515 -2.331635 -0.753274
v -0.193307 -2.358782 -0.752670
v -0.183546 -2.385800 -0.752030
v -0.173278 -2.412607 -0.751357
v -0.162549 -2.439104 -0.750654
v -0.151409 -2.465178 -0.749924
v -0.142812 -2.484380 -0.749360
v -0.134030 -2.503214 -0.748785
v -0.125082 -2.521617 -0.748198
v -0.115985 -2.539524 -0.747602
v -0.106755 -2.556865 -0.746997
v -0.097409 -2.573570 -0.746385
v -0.087960 -2.589565 -0.745765
v -0.078422 -2.604776 -0.745140
v -0.068806 -2.619129 -0.744510
v -0.059122 -2.632550 -0.743875
v -0.049380 -2.644970 -0.743237
v -0.039586 -2.656323 -0.742595
v -0.029747 -2.666548 -0.741950
v -0.019868 -2.675594 -0.741302
v -0.009951 -2.683420 -0.740652
v -0.213851 -2.277205 -0.789863
v -0.206055 -2.304427 -0.788045
v -0.197648 -2.331635 -0.786085
v -0.188661 -2.358782 -0.783990
v -0.179135 -2.385800 -0.781768
v -0.169113 -2.412607 -0.779432
v -0.158642 -2.439104 -0.776990
v -0.147770 -2.465178 -0.774455
v -0.139380 -2.484380 -0.772499
v -0.130809 -2.503214 -0.770500
v -0.122076 -2.521617 -0.768464
v -0.113197 -2.539524 -0.766394
v -0.104190 -2.556865 -0.764294
v -0.095068 -2.573570 -0.762167
v -0.085846 -2.589565 -0.760017
v -0.076538 -2.604776 -0.757846
v -0.067152 -2.619129 -0.755658
v -0.057701 -2.632550 -0.753454
v -0.048193 -2.644970 -0.751237
v -0.038634 -2.656323 -0.749008
v -0.029032 -2.666548 -0.746769
v -0.019390 -2.675594 -0.744521
v -0.009712 -2.683420 -0.742265
v -0.202872 -2.277205 -0.824032
v -0.195477 -2.304427 -0.820969
v -0.187501 -2.331635 -0.817665
v -0.178975 -2.358782 -0.814134
v -0.169938 -2.385800 -0.810391
v -0.160431 -2.412607 -0.806453
v -0.150498 -2.439104 -0.802338
v -0.140184 -2.465178 -0.798066
v -0.132224 -2.484380 -0.794769
v -0.124094 -2.503214 -0.791401
v -0.115809 -2.521617 -0.787970
v -0.107386 -2.539524 -0.784481
v -0.098841 -2.556865 -0.780941
v -0.090187 -2.573570 -0.777357
v -0.081439 -2.589565 -0.773733
v -0.072608 -2.604776 -0.770075
v -0.063705 -2.619129 -0.766387
v -0.054739 -2.632550 -0.762674
v -0.045719 -2.644970 -0.758937
v -0.036651 -2.656323 -0.755181
v -0.027541 -2.666548 -0.751408
v -0.018395 -2.675594 -0.747619
v -0.009213 -2.683420 -0.743816
v -0.188206 -2.304427 -0.836673
v -0.180527 -2.331635 -0.832728
v -0.172318 -2.358782 -0.828512
v -0.163617 -2.385800 -0.824043
v -0.154464 -2.412607 -0.819341
v -0.144900 -2.439104 -0.814429
v -0.134970 -2.465178 -0.809328
v -0.127306 -2.484380 -0.805391
v -0.119478 -2.503214 -0.801370
v -0.111501 -2.521617 -0.797273
v -0.103392 -2.539524 -0.793108
v -0.095164 -2.556865 -0.788882
v -0.086833 -2.573570 -0.784602
v -0.078410 -2.589565 -0.780276
v -0.069908 -2.604776 -0.775908
v -0.061335 -2.619129 -0.771505
v -0.052703 -2.632550 -0.767071
v -0.044018 -2.644970 -0.762610
v -0.035288 -2.656323 -0.758126
v -0.026517 -2.666548 -0.753621
v -0.017710 -2.675594 -0.749097
v -0.008871 -2.683420 -0.744556
v -0.169945 -2.304427 -0.866039
v -0.163010 -2.331635 -0.860897
v -0.155599 -2.358782 -0.855400
v -0.147742 -2.385800 -0.849573
v -0.139477 -2.412607 -0.843443
v -0.130841 -2.439104 -0.837038
v -0.121874 -2.465178 -0.830388
v -0.114954 -2.484380 -0.825256
v -0.107885 -2.503214 -0.820013
v -0.100682 -2.521617 -0.814671
v -0.093360 -2.539524 -0.809240
v -0.085931 -2.556865 -0.803731
v -0.078408 -2.573570 -0.798151
v -0.070802 -2.589565 -0.792510
v -0.063125 -2.604776 -0.786816
v -0.055384 -2.619129 -0.781076
v -0.047589 -2.632550 -0.775295
v -0.039747 -2.644970 -0.769479
v -0.031864 -2.656323 -0.763632
v -0.023944 -2.666548 -0.757758
v -0.015992 -2.675594 -0.751860
v -0.008010 -2.683420 -0.745941
v -0.008469 -2.683420 -0.745266
v -0.016908 -2.675594 -0.750514
v -0.025315 -2.666548 -0.755742
v -0.033689 -2.656323 -0.760949
v -0.042023 -2.644970 -0.766132
v -0.050315 -2.632550 -0.771288
v -0.058556 -2.619129 -0.776412
v -0.066739 -2.604776 -0.781501
v -0.074857 -2.589565 -0.786549
v -0.082898 -2.573570 -0.791549
v -0.090851 -2.556865 -0.796495
v -0.098706 -2.539524 -0.801379
v -0.106448 -2.521617 -0.806194
v -0.114063 -2.503214 -0.810929
v -0.121537 -2.484380 -0.815576
v -0.128853 -2.465178 -0.820126
v -0.138333 -2.439104 -0.826021
v -0.147463 -2.412607 -0.831699
v -0.156202 -2.385800 -0.837133
v -0.164509 -2.358782 -0.842298
v -0.172345 -2.331635 -0.847171
v -0.179676 -2.304427 -0.851730
v -0.186474 -2.277205 -0.855957
v -0.147143 -2.304427 -0.892039
v -0.141140 -2.331635 -0.885836
v -0.134722 -2.358782 -0.879205
v -0.127920 -2.385800 -0.872176
v -0.120763 -2.412607 -0.864781
v -0.113286 -2.439104 -0.857055
v -0.105522 -2.465178 -0.849033
v -0.099531 -2.484380 -0.842842
v -0.093411 -2.503214 -0.836518
v -0.087174 -2.521617 -0.830075
v -0.080834 -2.539524 -0.823523
v -0.074402 -2.556865 -0.816877
v -0.067888 -2.573570 -0.810147
v -0.061303 -2.589565 -0.803342
v -0.054655 -2.604776 -0.796474
v -0.047953 -2.619129 -0.789549
v -0.041204 -2.632550 -0.782575
v -0.034414 -2.644970 -0.775559
v -0.027589 -2.656323 -0.768507
v -0.020732 -2.666548 -0.761421
v -0.013846 -2.675594 -0.754307
v -0.006935 -2.683420 -0.747166
v -0.007498 -2.683420 -0.746575
v -0.014969 -2.675594 -0.753128
v -0.022413 -2.666548 -0.759656
v -0.029826 -2.656323 -0.766157
v -0.037205 -2.644970 -0.772628
v -0.044546 -2.632550 -0.779066
v -0.051842 -2.619129 -0.785464
v -0.059087 -2.604776 -0.791818
v -0.066274 -2.589565 -0.798121
v -0.073393 -2.573570 -0.804364
v -0.080435 -2.556865 -0.810540
v -0.087389 -2.539524 -0.816638
v -0.094243 -2.521617 -0.822649
v -0.100986 -2.503214 -0.828562
v -0.107602 -2.484380 -0.834365
v -0.114079 -2.465178 -0.840045
v -0.122473 -2.439104 -0.847406
v -0.130557 -2.412607 -0.854495
v -0.138293 -2.385800 -0.861280
v -0.145648 -2.358782 -0.867730
v -0.152585 -2.331635 -0.873814
v -0.159076 -2.304427 -0.879506
v -0.165094 -2.277205 -0.884784
v -0.120412 -2.304427 -0.913977
v -0.115499 -2.331635 -0.906879
v -0.110247 -2.358782 -0.899291
v -0.104680 -2.385800 -0.891248
v -0.098824 -2.412607 -0.882786
v -0.092705 -2.439104 -0.873946
v -0.086352 -2.465178 -0.864766
v -0.081449 -2.484380 -0.857682
v -0.076440 -2.503214 -0.850445
v -0.071337 -2.521617 -0.843072
v -0.066149 -2.539524 -0.835575
v -0.060885 -2.556865 -0.827970
v -0.055555 -2.573570 -0.820268
v -0.050166 -2.589565 -0.812482
v -0.044726 -2.604776 -0.804622
v -0.039242 -2.619129 -0.796698
v -0.033719 -2.632550 -0.788719
v -0.028162 -2.644970 -0.780690
v -0.022577 -2.656323 -0.772620
v -0.016965 -2.666548 -0.764512
v -0.011331 -2.675594 -0.756371
v -0.005675 -2.683420 -0.748200
v -0.006327 -2.683420 -0.747709
v -0.012631 -2.675594 -0.755391
v -0.018912 -2.666548 -0.763044
v -0.025167 -2.656323 -0.770666
v -0.031393 -2.644970 -0.778253
v -0.037587 -2.632550 -0.785800
v -0.043744 -2.619129 -0.793302
v -0.049857 -2.604776 -0.800751
v -0.055921 -2.589565 -0.808140
v -0.061928 -2.573570 -0.815460
v -0.067870 -2.556865 -0.822700
v -0.073738 -2.539524 -0.829850
v -0.079522 -2.521617 -0.836897
v -0.085210 -2.503214 -0.843829
v -0.090794 -2.484380 -0.850632
v -0.096259 -2.465178 -0.857292
v -0.103341 -2.439104 -0.865922
v -0.110162 -2.412607 -0.874233
v -0.116690 -2.385800 -0.882187
v -0.122896 -2.358782 -0.889749
v -0.128750 -2.331635 -0.896882
v -0.134226 -2.304427 -0.903555
v -0.139305 -2.277205 -0.909743
v -0.090463 -2.304427 -0.931268
v -0.086772 -2.331635 -0.923464
v -0.082827 -2.358782 -0.915122
v -0.078644 -2.385800 -0.906280
v -0.074245 -2.412607 -0.896977
v -0.069648 -2.439104 -0.887258
v -0.064875 -2.465178 -0.877166
v -0.061191 -2.484380 -0.869378
v -0.057428 -2.503214 -0.861422
v -0.053594 -2.521617 -0.853315
v -0.049696 -2.539524 -0.845074
v -0.045742 -2.556865 -0.836713
v -0.041737 -2.573570 -0.828246
v -0.037689 -2.589565 -0.819686
v -0.033602 -2.604776 -0.811045
v -0.029482 -2.619129 -0.802333
v -0.025332 -2.632550 -0.793561
v -0.021158 -2.644970 -0.784734
v -0.016961 -2.656323 -0.775862
v -0.012746 -2.666548 -0.766949
v -0.008513 -2.675594 -0.757999
v -0.004264 -2.683420 -0.749015
v -0.004986 -2.683420 -0.748636
v -0.009955 -2.675594 -0.757243
v -0.014905 -2.666548 -0.765817
v -0.019835 -2.656323 -0.774356
v -0.024743 -2.644970 -0.782856
v -0.029625 -2.632550 -0.791311
v -0.034477 -2.619129 -0.799716
v -0.039295 -2.604776 -0.808061
v -0.044075 -2.589565 -0.816339
v -0.048809 -2.573570 -0.824540
v -0.053492 -2.556865 -0.832651
v -0.058117 -2.539524 -0.840661
v -0.062675 -2.521617 -0.848557
v -0.067159 -2.503214 -0.856323
v -0.071559 -2.484380 -0.863944
v -0.075867 -2.465178 -0.871405
v -0.081449 -2.439104 -0.881074
v -0.086825 -2.412607 -0.890385
v -0.091970 -2.385800 -0.899297
v -0.096861 -2.358782 -0.907768
v -0.101475 -2.331635 -0.915759
v -0.105791 -2.304427 -0.923236
v -0.109794 -2.277205 -0.930168
v -0.042839 -2.277205 -0.955368
v -0.041278 -2.304427 -0.947517
v -0.039593 -2.331635 -0.939050
v -0.037793 -2.358782 -0.929999
v -0.035885 -2.385800 -0.920406
v -0.033877 -2.412607 -0.910313
v -0.031780 -2.439104 -0.899768
v -0.029602 -2.465178 -0.888818
v -0.027921 -2.484380 -0.880369
v -0.026204 -2.503214 -0.871737
v -0.024455 -2.521617 -0.862942
v -0.022676 -2.539524 -0.854000
v -0.020872 -2.556865 -0.844929
v -0.019044 -2.573570 -0.835742
v -0.017197 -2.589565 -0.826455
v -0.015332 -2.604776 -0.817080
v -0.013452 -2.619129 -0.807629
v -0.011559 -2.632550 -0.798111
v -0.009654 -2.644970 -0.788535
v -0.007739 -2.656323 -0.778909
v -0.005816 -2.666548 -0.769238
v -0.003884 -2.675594 -0.759528
v -0.001946 -2.683420 -0.749781
v -0.003513 -2.683420 -0.749333
v -0.007013 -2.675594 -0.758634
v -0.010501 -2.666548 -0.767900
v -0.013974 -2.656323 -0.777128
v -0.017431 -2.644970 -0.786314
v -0.020871 -2.632550 -0.795452
v -0.024289 -2.619129 -0.804534
v -0.027684 -2.604776 -0.813553
v -0.031051 -2.589565 -0.822499
v -0.034386 -2.573570 -0.831361
v -0.037685 -2.556865 -0.840127
v -0.040943 -2.539524 -0.848784
v -0.044155 -2.521617 -0.857316
v -0.047314 -2.503214 -0.865709
v -0.050414 -2.484380 -0.873946
v -0.053448 -2.465178 -0.882008
v -0.057381 -2.439104 -0.892457
v -0.061168 -2.412607 -0.902519
v -0.064793 -2.385800 -0.912150
v -0.068238 -2.358782 -0.921305
v -0.071489 -2.331635 -0.929942
v -0.074530 -2.304427 -0.938021
v -0.077350 -2.277205 -0.945513
v -0.007185 -2.277205 -0.959470
v -0.006923 -2.304427 -0.951469
v -0.006640 -2.331635 -0.942841
v -0.006338 -2.358782 -0.933618
v -0.006018 -2.385800 -0.923841
v -0.005682 -2.412607 -0.913556
v -0.005330 -2.439104 -0.902811
v -0.004965 -2.465178 -0.891652
v -0.004683 -2.484380 -0.883042
v -0.004395 -2.503214 -0.874246
v -0.004101 -2.521617 -0.865283
v -0.003803 -2.539524 -0.856171
v -0.003500 -2.556865 -0.846927
v -0.003194 -2.573570 -0.837566
v -0.002884 -2.589565 -0.828102
v -0.002571 -2.604776 -0.818548
v -0.002256 -2.619129 -0.808917
v -0.001939 -2.632550 -0.799217
v -0.001619 -2.644970 -0.789459
v -0.001298 -2.656323 -0.779650
v -0.000975 -2.666548 -0.769795
v -0.000651 -2.675594 -0.759899
v -0.000326 -2.683420 -0.749967
v 0.028662 -2.277205 -0.957709
v 0.027617 -2.304427 -0.949772
v 0.026490 -2.331635 -0.941213
v 0.025286 -2.358782 -0.932064
v 0.024009 -2.385800 -0.922366
v 0.022666 -2.412607 -0.912164
v 0.021262 -2.439104 -0.901504
v 0.019805 -2.465178 -0.890436
v 0.018681 -2.484380 -0.881894
v 0.017532 -2.503214 -0.873169
v 0.016362 -2.521617 -0.864278
v 0.015172 -2.539524 -0.855239
v 0.013964 -2.556865 -0.846069
v 0.012742 -2.573570 -0.836783
v 0.011506 -2.589565 -0.827395
v 0.010258 -2.604776 -0.817918
v 0.009000 -2.619129 -0.808364
v 0.007734 -2.632550 -0.798742
v 0.006459 -2.644970 -0.789062
v 0.005178 -2.656323 -0.779331
v 0.003891 -2.666548 -0.769556
v 0.002599 -2.675594 -0.759740
v 0.001302 -2.683420 -0.749887
v 0.063743 -2.277205 -0.950132
v 0.061419 -2.304427 -0.942472
v 0.058913 -2.331635 -0.934210
v 0.056234 -2.358782 -0.925380
v 0.053395 -2.385800 -0.916019
v 0.050408 -2.412607 -0.906172
v 0.047287 -2.439104 -0.895884
v 0.044046 -2.465178 -0.885200
v 0.041545 -2.484380 -0.876956
v 0.038990 -2.503214 -0.868534
v 0.036387 -2.521617 -0.859953
v 0.033741 -2.539524 -0.851229
v 0.031056 -2.556865 -0.842378
v 0.028337 -2.573570 -0.833415
v 0.025588 -2.589565 -0.824354
v 0.022814 -2.604776 -0.815206
v 0.020016 -2.619129 -0.805985
v 0.017199 -2.632550 -0.796698
v 0.014365 -2.644970 -0.787355
v 0.011516 -2.656323 -0.777963
v 0.008654 -2.666548 -0.768527
v 0.005780 -2.675594 -0.759053
v 0.002895 -2.683420 -0.749543
v 0.077760 -2.304427 -0.936775
v 0.074587 -2.331635 -0.928746
v 0.071196 -2.358782 -0.920164
v 0.067601 -2.385800 -0.911067
v 0.063819 -2.412607 -0.901497
v 0.059868 -2.439104 -0.891498
v 0.055765 -2.465178 -0.881115
v 0.052598 -2.484380 -0.873103
v 0.049364 -2.503214 -0.864918
v 0.046068 -2.521617 -0.856578
v 0.042718 -2.539524 -0.848099
v 0.039318 -2.556865 -0.839497
v 0.035876 -2.573570 -0.830787
v 0.032396 -2.589565 -0.821980
v 0.028883 -2.604776 -0.813091
v 0.025342 -2.619129 -0.804128
v 0.021775 -2.632550 -0.795103
v 0.018187 -2.644970 -0.786023
v 0.014580 -2.656323 -0.776895
v 0.010956 -2.666548 -0.767724
v 0.007317 -2.675594 -0.758517
v 0.003665 -2.683420 -0.749275
v 0.108775 -2.304427 -0.921480
v 0.104337 -2.331635 -0.914075
v 0.099593 -2.358782 -0.906161
v 0.094564 -2.385800 -0.897770
v 0.089274 -2.412607 -0.888944
v 0.083746 -2.439104 -0.879722
v 0.078007 -2.465178 -0.870146
v 0.073578 -2.484380 -0.862757
v 0.069053 -2.503214 -0.855208
v 0.064443 -2.521617 -0.847517
v 0.059756 -2.539524 -0.839697
v 0.055001 -2.556865 -0.831764
v 0.050186 -2.573570 -0.823730
v 0.045318 -2.589565 -0.815608
v 0.040404 -2.604776 -0.807409
v 0.035449 -2.619129 -0.799144
v 0.030460 -2.632550 -0.790820
v 0.025441 -2.644970 -0.782445
v 0.020395 -2.656323 -0.774027
v 0.015326 -2.666548 -0.765569
v 0.010236 -2.675594 -0.757078
v 0.005127 -2.683420 -0.748554
v 0.004411 -2.683420 -0.748944
v 0.008806 -2.675594 -0.757857
v 0.013185 -2.666548 -0.766736
v 0.017546 -2.656323 -0.775580
v 0.021887 -2.644970 -0.784382
v 0.026205 -2.632550 -0.793139
v 0.030497 -2.619129 -0.801843
v 0.034760 -2.604776 -0.810486
v 0.038987 -2.589565 -0.819059
v 0.043175 -2.573570 -0.827551
v 0.047318 -2.556865 -0.835951
v 0.051409 -2.539524 -0.844247
v 0.055441 -2.521617 -0.852423
v 0.059407 -2.503214 -0.860466
v 0.063300 -2.484380 -0.868359
v 0.067110 -2.465178 -0.876086
v 0.072048 -2.439104 -0.886099
v 0.076803 -2.412607 -0.895741
v 0.081355 -2.385800 -0.904971
v 0.085681 -2.358782 -0.913744
v 0.089762 -2.331635 -0.922020
v 0.093581 -2.304427 -0.929762
v 0.097121 -2.277205 -0.936942
v 0.136885 -2.304427 -0.901337
v 0.131299 -2.331635 -0.894754
v 0.125329 -2.358782 -0.887718
v 0.119001 -2.385800 -0.880259
v 0.112344 -2.412607 -0.872412
v 0.105388 -2.439104 -0.864214
v 0.098165 -2.465178 -0.855701
v 0.092592 -2.484380 -0.849132
v 0.086898 -2.503214 -0.842421
v 0.081096 -2.521617 -0.835583
v 0.075198 -2.539524 -0.828631
v 0.069214 -2.556865 -0.821579
v 0.063155 -2.573570 -0.814436
v 0.057029 -2.589565 -0.807216
v 0.050845 -2.604776 -0.799927
v 0.044610 -2.619129 -0.792579
v 0.038332 -2.632550 -0.785179
v 0.032015 -2.644970 -0.777734
v 0.025665 -2.656323 -0.770250
v 0.019286 -2.666548 -0.762731
v 0.012881 -2.675594 -0.755182
v 0.006452 -2.683420 -0.747604
v 0.005809 -2.683420 -0.748106
v 0.011597 -2.675594 -0.756184
v 0.017364 -2.666548 -0.764232
v 0.023107 -2.656323 -0.772246
v 0.028824 -2.644970 -0.780224
v 0.034511 -2.632550 -0.788160
v 0.040164 -2.619129 -0.796049
v 0.045777 -2.604776 -0.803882
v 0.051345 -2.589565 -0.811652
v 0.056860 -2.573570 -0.819349
v 0.062316 -2.556865 -0.826962
v 0.067704 -2.539524 -0.834480
v 0.073014 -2.521617 -0.841891
v 0.078237 -2.503214 -0.849180
v 0.083363 -2.484380 -0.856334
v 0.088382 -2.465178 -0.863336
v 0.094884 -2.439104 -0.872411
v 0.101147 -2.412607 -0.881150
v 0.107141 -2.385800 -0.889515
v 0.112839 -2.358782 -0.897466
v 0.118213 -2.331635 -0.904967
v 0.123242 -2.304427 -0.911984
v 0.127905 -2.277205 -0.918491
v 0.176374 -2.277205 -0.870808
v 0.169945 -2.304427 -0.866039
v 0.163010 -2.331635 -0.860897
v 0.155599 -2.358782 -0.855400
v 0.147742 -2.385800 -0.849573
v 0.139477 -2.412607 -0.843443
v 0.130841 -2.439104 -0.837038
v 0.121874 -2.465178 -0.830388
v 0.114954 -2.484380 -0.825256
v 0.107885 -2.503214 -0.820013
v 0.100682 -2.521617 -0.814671
v 0.093360 -2.539524 -0.809240
v 0.085931 -2.556865 -0.803731
v 0.078408 -2.573570 -0.798151
v 0.070802 -2.589565 -0.792510
v 0.063125 -2.604776 -0.786816
v 0.055384 -2.619129 -0.781076
v 0.047589 -2.632550 -0.775295
v 0.039747 -2.644970 -0.769479
v 0.031864 -2.656323 -0.763632
v 0.023944 -2.666548 -0.757758
v 0.015992 -2.675594 -0.751860
v 0.008010 -2.683420 -0.745941
v 0.007052 -2.683420 -0.747052
v 0.014079 -2.675594 -0.754079
v 0.021079 -2.666548 -0.761079
v 0.028051 -2.656323 -0.768051
v 0.034992 -2.644970 -0.774992
v 0.041895 -2.632550 -0.781895
v 0.048758 -2.619129 -0.788758
v 0.055572 -2.604776 -0.795572
v 0.062331 -2.589565 -0.802331
v 0.069026 -2.573570 -0.809026
v 0.075649 -2.556865 -0.815649
v 0.082190 -2.539524 -0.822190
v 0.088636 -2.521617 -0.828636
v 0.094977 -2.503214 -0.834977
v 0.101200 -2.484380 -0.841200
v 0.107292 -2.465178 -0.847292
v 0.115186 -2.439104 -0.855186
v 0.122789 -2.412607 -0.862789
v 0.130065 -2.385800 -0.870065
v 0.136982 -2.358782 -0.876982
v 0.143507 -2.331635 -0.883507
v 0.149611 -2.304427 -0.889611
v 0.155272 -2.277205 -0.895272
v 0.193659 -2.277205 -0.843513
v 0.186599 -2.304427 -0.839739
v 0.178985 -2.331635 -0.835670
v 0.170847 -2.358782 -0.831320
v 0.162220 -2.385800 -0.826709
v 0.153145 -2.412607 -0.821858
v 0.143663 -2.439104 -0.816790
v 0.133817 -2.465178 -0.811527
v 0.126219 -2.484380 -0.807466
v 0.118458 -2.503214 -0.803317
v 0.110549 -2.521617 -0.799090
v 0.102509 -2.539524 -0.794792
v 0.094352 -2.556865 -0.790432
v 0.086092 -2.573570 -0.786017
v 0.077741 -2.589565 -0.781553
v 0.069311 -2.604776 -0.777047
v 0.060812 -2.619129 -0.772505
v 0.052253 -2.632550 -0.767930
v 0.043642 -2.644970 -0.763327
v 0.034987 -2.656323 -0.758701
v 0.026291 -2.666548 -0.754053
v 0.017559 -2.675594 -0.749386
v 0.008795 -2.683420 -0.744701
v 0.206751 -2.277205 -0.813977
v 0.199214 -2.304427 -0.811280
v 0.191086 -2.331635 -0.808372
v 0.182397 -2.358782 -0.805263
v 0.173188 -2.385800 -0.801967
v 0.163499 -2.412607 -0.798501
v 0.153376 -2.439104 -0.794879
v 0.142864 -2.465178 -0.791118
v 0.134753 -2.484380 -0.788215
v 0.126466 -2.503214 -0.785250
v 0.118023 -2.521617 -0.782229
v 0.109439 -2.539524 -0.779158
v 0.100731 -2.556865 -0.776042
v 0.091912 -2.573570 -0.772887
v 0.082996 -2.589565 -0.769697
v 0.073996 -2.604776 -0.766476
v 0.064923 -2.619129 -0.763230
v 0.055786 -2.632550 -0.759960
v 0.046593 -2.644970 -0.756671
v 0.037352 -2.656323 -0.753365
v 0.028068 -2.666548 -0.750043
v 0.018746 -2.675594 -0.746708
v 0.009390 -2.683420 -0.743360
v 0.215368 -2.277205 -0.782839
v 0.207517 -2.304427 -0.781278
v 0.199050 -2.331635 -0.779593
v 0.189999 -2.358782 -0.777793
v 0.180406 -2.385800 -0.775885
v 0.170313 -2.412607 -0.773877
v 0.159768 -2.439104 -0.771780
v 0.148818 -2.465178 -0.769602
v 0.140369 -2.484380 -0.767921
v 0.131737 -2.503214 -0.766204
v 0.122942 -2.521617 -0.764455
v 0.114000 -2.539524 -0.762676
v 0.104929 -2.556865 -0.760872
v 0.095742 -2.573570 -0.759044
v 0.086455 -2.589565 -0.757197
v 0.077080 -2.604776 -0.755332
v 0.067629 -2.619129 -0.753452
v 0.058111 -2.632550 -0.751559
v 0.048535 -2.644970 -0.749654
v 0.038909 -2.656323 -0.747739
v 0.029238 -2.666548 -0.745816
v 0.019528 -2.675594 -0.743884
v 0.009781 -2.683420 -0.741946
v 0.219323 -2.277205 -0.750775
v 0.211328 -2.304427 -0.750382
v 0.202705 -2.331635 -0.749958
v 0.193488 -2.358782 -0.749505
v 0.183718 -2.385800 -0.749025
v 0.173440 -2.412607 -0.748521
v 0.162702 -2.439104 -0.747993
v 0.151551 -2.465178 -0.747445
v 0.142946 -2.484380 -0.747022
v 0.134156 -2.503214 -0.746591
v 0.125200 -2.521617 -0.746151
v 0.116094 -2.539524 -0.745703
v 0.106856 -2.556865 -0.745249
v 0.097501 -2.573570 -0.744790
v 0.088043 -2.589565 -0.744325
v 0.078496 -2.604776 -0.743856
v 0.068871 -2.619129 -0.743383
v 0.059178 -2.632550 -0.742907
v 0.049426 -2.644970 -0.742428
v 0.039623 -2.656323 -0.741947
v 0.029775 -2.666548 -0.741463
v 0.019886 -2.675594 -0.740977
v 0.009961 -2.683420 -0.740489
v 0.210564 -2.304427 -0.719261
v 0.201972 -2.331635 -0.720107
v 0.192789 -2.358782 -0.721012
v 0.183054 -2.385800 -0.721971
v 0.172813 -2.412607 -0.722979
v 0.162113 -2.439104 -0.724033
v 0.151003 -2.465178 -0.725127
v 0.142430 -2.484380 -0.725972
v 0.133671 -2.503214 -0.726835
v 0.124747 -2.521617 -0.727713
v 0.115674 -2.539524 -0.728607
v 0.106469 -2.556865 -0.729514
v 0.097148 -2.573570 -0.730432
v 0.087725 -2.589565 -0.731360
v 0.078212 -2.604776 -0.732297
v 0.068622 -2.619129 -0.733241
v 0.058964 -2.632550 -0.734193
v 0.049247 -2.644970 -0.735150
v 0.039480 -2.656323 -0.736112
v 0.029667 -2.666548 -0.737078
v 0.019814 -2.675594 -0.738048
v 0.009925 -2.683420 -0.739022
v 0.202872 -2.277205 -0.655968
v 0.195477 -2.304427 -0.659031
v 0.187501 -2.331635 -0.662335
v 0.178975 -2.358782 -0.665866
v 0.169938 -2.385800 -0.669609
v 0.160431 -2.412607 -0.673547
v 0.150498 -2.439104 -0.677662
v 0.140184 -2.465178 -0.681934
v 0.132224 -2.484380 -0.685231
v 0.124094 -2.503214 -0.688599
v 0.115809 -2.521617 -0.692030
v 0.107386 -2.539524 -0.695519
v 0.098841 -2.556865 -0.699059
v 0.090187 -2.573570 -0.702643
v 0.081439 -2.589565 -0.706267
v 0.072608 -2.604776 -0.709925
v 0.063705 -2.619129 -0.713613
v 0.054739 -2.632550 -0.717326
v 0.045719 -2.644970 -0.721063
v 0.036651 -2.656323 -0.724819
v 0.027541 -2.666548 -0.728592
v 0.018395 -2.675594 -0.732381
v 0.009213 -2.683420 -0.736184
v 0.009674 -2.683420 -0.737577
v 0.019313 -2.675594 -0.735162
v 0.028917 -2.666548 -0.732757
v 0.038482 -2.656323 -0.730361
v 0.048003 -2.644970 -0.727976
v 0.057474 -2.632550 -0.725604
v 0.066887 -2.619129 -0.723246
v 0.076235 -2.604776 -0.720904
v 0.085507 -2.589565 -0.718581
v 0.094693 -2.573570 -0.716281
v 0.103778 -2.556865 -0.714005
v 0.112750 -2.539524 -0.711757
v 0.121594 -2.521617 -0.709542
v 0.130293 -2.503214 -0.707363
v 0.138830 -2.484380 -0.705225
v 0.147186 -2.465178 -0.703132
v 0.158016 -2.439104 -0.700419
v 0.168445 -2.412607 -0.697807
v 0.178427 -2.385800 -0.695306
v 0.187916 -2.358782 -0.692929
v 0.196867 -2.331635 -0.690687
v 0.205242 -2.304427 -0.688590
v 0.213007 -2.277205 -0.686645
v 0.188346 -2.277205 -0.627110
v 0.181480 -2.304427 -0.631225
v 0.174075 -2.331635 -0.635663
v 0.166161 -2.358782 -0.640407
v 0.157770 -2.385800 -0.645436
v 0.148944 -2.412607 -0.650726
v 0.139722 -2.439104 -0.656254
v 0.130146 -2.465178 -0.661993
v 0.122757 -2.484380 -0.666422
v 0.115208 -2.503214 -0.670947
v 0.107517 -2.521617 -0.675557
v 0.099697 -2.539524 -0.680244
v 0.091764 -2.556865 -0.684999
v 0.083730 -2.573570 -0.689814
v 0.075608 -2.589565 -0.694682
v 0.067409 -2.604776 -0.699596
v 0.059144 -2.619129 -0.704551
v 0.050820 -2.632550 -0.709540
v 0.042445 -2.644970 -0.714559
v 0.034027 -2.656323 -0.719605
v 0.025569 -2.666548 -0.724674
v 0.017078 -2.675594 -0.729764
v 0.008554 -2.683420 -0.734873
v 0.169743 -2.277205 -0.600695
v 0.163555 -2.304427 -0.605774
v 0.156882 -2.331635 -0.611250
v 0.149749 -2.358782 -0.617104
v 0.142187 -2.385800 -0.623310
v 0.134233 -2.412607 -0.629838
v 0.125922 -2.439104 -0.636659
v 0.117292 -2.465178 -0.643741
v 0.110632 -2.484380 -0.649206
v 0.103829 -2.503214 -0.654789
v 0.096897 -2.521617 -0.660478
v 0.089850 -2.539524 -0.666262
v 0.082700 -2.556865 -0.672130
v 0.075460 -2.573570 -0.678072
v 0.068140 -2.589565 -0.684079
v 0.060751 -2.604776 -0.690143
v 0.053302 -2.619129 -0.696256
v 0.045800 -2.632550 -0.702413
v 0.038253 -2.644970 -0.708607
v 0.030666 -2.656323 -0.714833
v 0.023044 -2.666548 -0.721088
v 0.015391 -2.675594 -0.727369
v 0.007709 -2.683420 -0.733673
v 0.147466 -2.277205 -0.577297
v 0.142090 -2.304427 -0.583228
v 0.136292 -2.331635 -0.589624
v 0.130095 -2.358782 -0.596462
v 0.123526 -2.385800 -0.603710
v 0.116616 -2.412607 -0.611334
v 0.109396 -2.439104 -0.619301
v 0.101898 -2.465178 -0.627573
v 0.096113 -2.484380 -0.633956
v 0.090203 -2.503214 -0.640477
v 0.084180 -2.521617 -0.647121
v 0.078058 -2.539524 -0.653876
v 0.071846 -2.556865 -0.660730
v 0.065556 -2.573570 -0.667670
v 0.059197 -2.589565 -0.674686
v 0.052778 -2.604776 -0.681768
v 0.046307 -2.619129 -0.688909
v 0.039789 -2.632550 -0.696099
v 0.033233 -2.644970 -0.703334
v 0.026641 -2.656323 -0.710606
v 0.020020 -2.666548 -0.717912
v 0.013371 -2.675594 -0.725248
v 0.006697 -2.683420 -0.732611
v 0.121996 -2.277205 -0.557420
v 0.117549 -2.304427 -0.564076
v 0.112753 -2.331635 -0.571254
v 0.107626 -2.358782 -0.578926
v 0.102192 -2.385800 -0.587060
v 0.096474 -2.412607 -0.595616
v 0.090501 -2.439104 -0.604555
v 0.084299 -2.465178 -0.613838
v 0.079512 -2.484380 -0.621001
v 0.074623 -2.503214 -0.628319
v 0.069641 -2.521617 -0.635775
v 0.064576 -2.539524 -0.643355
v 0.059437 -2.556865 -0.651046
v 0.054234 -2.573570 -0.658833
v 0.048973 -2.589565 -0.666707
v 0.043663 -2.604776 -0.674654
v 0.038309 -2.619129 -0.682667
v 0.032917 -2.632550 -0.690736
v 0.027493 -2.644970 -0.698854
v 0.022040 -2.656323 -0.707015
v 0.016562 -2.666548 -0.715213
v 0.011061 -2.675594 -0.723445
v 0.005540 -2.683420 -0.731708
v 0.093886 -2.277205 -0.541495
v 0.090463 -2.304427 -0.548732
v 0.086772 -2.331635 -0.556536
v 0.082827 -2.358782 -0.564878
v 0.078644 -2.385800 -0.573720
v 0.074245 -2.412607 -0.583023
v 0.069648 -2.439104 -0.592742
v 0.064875 -2.465178 -0.602834
v 0.061191 -2.484380 -0.610622
v 0.057428 -2.503214 -0.618578
v 0.053594 -2.521617 -0.626684
v 0.049696 -2.539524 -0.634926
v 0.045742 -2.556865 -0.643287
v 0.041737 -2.573570 -0.651754
v 0.037689 -2.589565 -0.660314
v 0.033602 -2.604776 -0.668955
v 0.029482 -2.619129 -0.677667
v 0.025332 -2.632550 -0.686439
v 0.021158 -2.644970 -0.695265
v 0.016961 -2.656323 -0.704138
v 0.012746 -2.666548 -0.713051
v 0.008513 -2.675594 -0.722001
v 0.004264 -2.683420 -0.730985
v 0.063743 -2.277205 -0.529868
v 0.061419 -2.304427 -0.537528
v 0.058913 -2.331635 -0.545790
v 0.056234 -2.358782 -0.554620
v 0.053395 -2.385800 -0.563980
v 0.050408 -2.412607 -0.573828
v 0.047287 -2.439104 -0.584116
v 0.044046 -2.465178 -0.594800
v 0.041545 -2.484380 -0.603044
v 0.038990 -2.503214 -0.611466
v 0.036387 -2.521617 -0.620047
v 0.033741 -2.539524 -0.628771
v 0.031056 -2.556865 -0.637622
v 0.028337 -2.573570 -0.646585
v 0.025588 -2.589565 -0.655646
v 0.022814 -2.604776 -0.664794
v 0.020016 -2.619129 -0.674015
v 0.017199 -2.632550 -0.683302
v 0.014365 -2.644970 -0.692645
v 0.011516 -2.656323 -0.702037
v 0.008654 -2.666548 -0.711473
v 0.005780 -2.675594 -0.720947
v 0.002895 -2.683420 -0.730457
vt 0.223846 0.037353 0.000000
vt -0.223846 0.037353 0.000000
vt 0.226941 0.000000 0.000000
vt -0.226941 0.000000 0.000000
vt 0.223846 -0.037353 0.000000
vt -0.223846 -0.037353 0.000000
vt 0.214645 -0.073688 0.000000
vt -0.214645 -0.073688 0.000000
vt 0.199589 -0.108012 0.000000
vt -0.199589 -0.108012 0.000000
vt 0.179089 -0.139390 0.000000
vt -0.179089 -0.139390 0.000000
vt 0.153703 -0.166966 0.000000
vt -0.153703 -0.166966 0.000000
vt 0.124125 -0.189988 0.000000
vt -0.124125 -0.189988 0.000000
vt 0.091161 -0.207827 0.000000
vt -0.091161 -0.207827 0.000000
vt 0.055711 -0.219997 0.000000
vt -0.055711 -0.219997 0.000000
vt 0.018741 -0.226166 0.000000
vt -0.018741 -0.226166 0.000000
vt -0.214645 0.073688 0.000000
vt 0.214645 0.073688 0.000000
vt -0.199589 0.108012 0.000000
vt 0.199589 0.108012 0.000000
vt -0.179089 0.139390 0.000000
vt 0.179089 0.139390 0.000000
vt -0.153703 0.166966 0.000000
vt 0.153703 0.166966 0.000000
vt -0.124125 0.189988 0.000000
vt 0.124125 0.189988 0.000000
vt -0.091161 0.207827 0.000000
vt 0.091161 0.207827 0.000000
vt -0.055711 0.219997 0.000000
vt 0.055711 0.219997 0.000000
vt -0.018741 0.226166 0.000000
vt 0.018741 0.226166 0.000000
vt 0.000000 0.021223 0.000000
vt 0.000000 0.000000 0.000000
vt 0.027221 0.018902 0.000000
vt 0.068051 0.000000 0.000000
vt 0.054441 0.018902 0.000000
vt 0.081662 0.018902 0.000000
vt 0.054441 0.037804 0.000000
vt 0.081662 0.037804 0.000000
vt 0.054441 0.056706 0.000000
vt 0.081662 0.056706 0.000000
vt 0.054441 0.075609 0.000000
vt 0.081662 0.075609 0.000000
vt 0.054441 0.094511 0.000000
vt 0.081662 0.094511 0.000000
vt 0.054441 0.113413 0.000000
vt 0.081662 0.113413 0.000000
vt 0.054441 0.132315 0.000000
vt 0.081662 0.132315 0.000000
vt 0.054441 0.151217 0.000000
vt 0.081662 0.151217 0.000000
vt 0.054441 0.170119 0.000000
vt 0.081662 0.170119 0.000000
vt 0.054441 0.189021 0.000000
vt 0.081662 0.189021 0.000000
vt 0.054441 0.207924 0.000000
vt 0.081662 0.207924 0.000000
vt 0.054441 0.226826 0.000000
vt 0.081662 0.226826 0.000000
vt 0.054441 0.245728 0.000000
vt 0.081662 0.245728 0.000000
vt 0.054441 0.264630 0.000000
vt 0.081662 0.264630 0.000000
vt 0.054441 0.283532 0.000000
vt 0.081662 0.283532 0.000000
vt 0.054441 0.302434 0.000000
vt 0.081662 0.302434 0.000000
vt 0.054441 0.312936 0.000000
vt 0.081662 0.312936 0.000000
vt 0.054441 0.323437 0.000000
vt 0.081662 0.323437 0.000000
vt 0.054441 0.333938 0.000000
vt 0.081662 0.333938 0.000000
vt 0.054441 0.344439 0.000000
vt 0.081662 0.344439 0.000000
vt 0.054441 0.354940 0.000000
vt 0.081662 0.354940 0.000000
vt 0.054441 0.365442 0.000000
vt 0.081662 0.365442 0.000000
vt 0.054441 0.386444 0.000000
vt 0.081662 0.386444 0.000000
vt 0.054441 0.407446 0.000000
vt 0.081662 0.407446 0.000000
vt 0.054441 0.428449 0.000000
vt 0.081662 0.428449 0.000000
vt 0.054441 0.449451 0.000000
vt 0.081662 0.449451 0.000000
vt 0.054441 0.459952 0.000000
vt 0.081662 0.459952 0.000000
vt 0.054441 0.470453 0.000000
vt 0.081662 0.470453 0.000000
vt 0.054441 0.480955 0.000000
vt 0.081662 0.480955 0.000000
vt 0.054441 0.491456 0.000000
vt 0.081662 0.491456 0.000000
vt 0.054441 0.501957 0.000000
vt 0.081662 0.501957 0.000000
vt 0.054441 0.512458 0.000000
vt 0.081662 0.512458 0.000000
vt 0.054441 0.522959 0.000000
vt 0.081662 0.522959 0.000000
vt 0.054441 0.533461 0.000000
vt 0.081662 0.533461 0.000000
vt 0.054441 0.543962 0.000000
vt 0.081662 0.543962 0.000000
vt 0.054441 0.554463 0.000000
vt 0.081662 0.554463 0.000000
vt 0.054441 0.575465 0.000000
vt 0.081662 0.575465 0.000000
vt 0.054441 0.596468 0.000000
vt 0.081662 0.596468 0.000000
vt 0.054441 0.617470 0.000000
vt 0.081662 0.617470 0.000000
vt 0.054441 0.638473 0.000000
vt 0.081662 0.638473 0.000000
vt 0.054441 0.648974 0.000000
vt 0.081662 0.648974 0.000000
vt 0.054441 0.659475 0.000000
vt 0.081662 0.659475 0.000000
vt 0.054441 0.669976 0.000000
vt 0.081662 0.669976 0.000000
vt 0.054441 0.680477 0.000000
vt 0.081662 0.680477 0.000000
vt 0.054441 0.690979 0.000000
vt 0.081662 0.690979 0.000000
vt 0.054441 0.701480 0.000000
vt 0.081662 0.701480 0.000000
vt 0.054441 0.711981 0.000000
vt 0.081662 0.711981 0.000000
vt 0.054441 0.722482 0.000000
vt 0.081662 0.722482 0.000000
vt 0.054441 0.732983 0.000000
vt 0.081662 0.732983 0.000000
vt 0.054441 0.743484 0.000000
vt 0.081662 0.743484 0.000000
vt 0.054441 0.753986 0.000000
vt 0.081662 0.753986 0.000000
vt 0.054441 0.764487 0.000000
vt 0.081662 0.764487 0.000000
vt 0.054441 0.785489 0.000000
vt 0.081662 0.785489 0.000000
vt 0.068051 0.806492 0.000000
vt 0.108882 0.785489 0.000000
vt 0.136103 0.806492 0.000000
vt 0.136103 0.785489 0.000000
vt 0.163323 0.785489 0.000000
vt 0.163323 0.764487 0.000000
vt 0.190544 0.764487 0.000000
vt 0.190544 0.753986 0.000000
vt 0.217765 0.753986 0.000000
vt 0.217765 0.743484 0.000000
vt 0.238180 0.743484 0.000000
vt 0.238180 0.732983 0.000000
vt 0.258595 0.732983 0.000000
vt 0.258595 0.722482 0.000000
vt 0.279011 0.722482 0.000000
vt 0.279011 0.711981 0.000000
vt 0.299426 0.711981 0.000000
vt 0.299426 0.701480 0.000000
vt 0.319842 0.701480 0.000000
vt 0.319842 0.690979 0.000000
vt 0.340257 0.690979 0.000000
vt 0.340257 0.680477 0.000000
vt 0.360673 0.680477 0.000000
vt 0.360673 0.669976 0.000000
vt 0.381088 0.669976 0.000000
vt 0.381088 0.659475 0.000000
vt 0.401503 0.659475 0.000000
vt 0.401503 0.648974 0.000000
vt 0.421919 0.648974 0.000000
vt 0.421919 0.638473 0.000000
vt 0.442334 0.638473 0.000000
vt 0.442334 0.617470 0.000000
vt 0.462750 0.617470 0.000000
vt 0.462750 0.596468 0.000000
vt 0.483165 0.596468 0.000000
vt 0.483165 0.575465 0.000000
vt 0.503581 0.575465 0.000000
vt 0.503581 0.554463 0.000000
vt 0.523996 0.554463 0.000000
vt 0.523996 0.543962 0.000000
vt 0.544411 0.543962 0.000000
vt 0.108882 0.018902 0.000000
vt 0.136103 0.000000 0.000000
vt 0.136103 0.018902 0.000000
vt 0.163323 0.018902 0.000000
vt 0.136103 0.037804 0.000000
vt 0.163323 0.037804 0.000000
vt 0.136103 0.056706 0.000000
vt 0.163323 0.056706 0.000000
vt 0.136103 0.075609 0.000000
vt 0.163323 0.075609 0.000000
vt 0.136103 0.094511 0.000000
vt 0.163323 0.094511 0.000000
vt 0.136103 0.113413 0.000000
vt 0.163323 0.113413 0.000000
vt 0.136103 0.132315 0.000000
vt 0.163323 0.132315 0.000000
vt 0.136103 0.151217 0.000000
vt 0.163323 0.151217 0.000000
vt 0.136103 0.170119 0.000000
vt 0.163323 0.170119 0.000000
vt 0.136103 0.189021 0.000000
vt 0.163323 0.189021 0.000000
vt 0.136103 0.207924 0.000000
vt 0.163323 0.207924 0.000000
vt 0.136103 0.226826 0.000000
vt 0.163323 0.226826 0.000000
vt 0.136103 0.245728 0.000000
vt 0.163323 0.245728 0.000000
vt 0.136103 0.264630 0.000000
vt 0.163323 0.264630 0.000000
vt 0.136103 0.283532 0.000000
vt 0.163323 0.283532 0.000000
vt 0.136103 0.302434 0.000000
vt 0.163323 0.302434 0.000000
vt 0.136103 0.312936 0.000000
vt 0.163323 0.312936 0.000000
vt 0.136103 0.323437 0.000000
vt 0.163323 0.323437 0.000000
vt 0.136103 0.333938 0.000000
vt 0.163323 0.333938 0.000000
vt 0.136103 0.344439 0.000000
vt 0.163323 0.344439 0.000000
vt 0.136103 0.354940 0.000000
vt 0.163323 0.354940 0.000000
vt 0.136103 0.365442 0.000000
vt 0.163323 0.365442 0.000000
vt 0.136103 0.386444 0.000000
vt 0.163323 0.386444 0.000000
vt 0.136103 0.407446 0.000000
vt 0.163323 0.407446 0.000000
vt 0.136103 0.428449 0.000000
vt 0.163323 0.428449 0.000000
vt 0.136103 0.449451 0.000000
vt 0.163323 0.449451 0.000000
vt 0.136103 0.459952 0.000000
vt 0.163323 0.459952 0.000000
vt 0.136103 0.470453 0.000000
vt 0.163323 0.470453 0.000000
vt 0.136103 0.480955 0.000000
vt 0.163323 0.480955 0.000000
vt 0.136103 0.491456 0.000000
vt 0.163323 0.491456 0.000000
vt 0.136103 0.501957 0.000000
vt 0.163323 0.501957 0.000000
vt 0.136103 0.512458 0.000000
vt 0.163323 0.512458 0.000000
vt 0.136103 0.522959 0.000000
vt 0.163323 0.522959 0.000000
vt 0.136103 0.533461 0.000000
vt 0.163323 0.533461 0.000000
vt 0.136103 0.543962 0.000000
vt 0.163323 0.543962 0.000000
vt 0.136103 0.554463 0.000000
vt 0.163323 0.554463 0.000000
vt 0.136103 0.575465 0.000000
vt 0.163323 0.575465 0.000000
vt 0.136103 0.596468 0.000000
vt 0.163323 0.596468 0.000000
vt 0.136103 0.617470 0.000000
vt 0.163323 0.617470 0.000000
vt 0.136103 0.638473 0.000000
vt 0.163323 0.638473 0.000000
vt 0.136103 0.648974 0.000000
vt 0.163323 0.648974 0.000000
vt 0.136103 0.659475 0.000000
vt 0.163323 0.659475 0.000000
vt 0.136103 0.669976 0.000000
vt 0.163323 0.669976 0.000000
vt 0.136103 0.680477 0.000000
vt 0.163323 0.680477 0.000000
vt 0.136103 0.690979 0.000000
vt 0.163323 0.690979 0.000000
vt 0.136103 0.701480 0.000000
vt 0.163323 0.701480 0.000000
vt 0.136103 0.711981 0.000000
vt 0.163323 0.711981 0.000000
vt 0.136103 0.722482 0.000000
vt 0.163323 0.722482 0.000000
vt 0.136103 0.732983 0.000000
vt 0.163323 0.732983 0.000000
vt 0.136103 0.743484 0.000000
vt 0.163323 0.743484 0.000000
vt 0.136103 0.753986 0.000000
vt 0.163323 0.753986 0.000000
vt 0.136103 0.764487 0.000000
vt 0.204154 0.000000 0.000000
vt 0.190544 0.018902 0.000000
vt 0.190544 0.037804 0.000000
vt 0.190544 0.056706 0.000000
vt 0.190544 0.075609 0.000000
vt 0.190544 0.094511 0.000000
vt 0.190544 0.113413 0.000000
vt 0.190544 0.132315 0.000000
vt 0.190544 0.151217 0.000000
vt 0.190544 0.170119 0.000000
vt 0.190544 0.189021 0.000000
vt 0.190544 0.207924 0.000000
vt 0.190544 0.226826 0.000000
vt 0.190544 0.245728 0.000000
vt 0.190544 0.264630 0.000000
vt 0.190544 0.283532 0.000000
vt 0.190544 0.302434 0.000000
vt 0.190544 0.312936 0.000000
vt 0.190544 0.323437 0.000000
vt 0.190544 0.333938 0.000000
vt 0.190544 0.344439 0.000000
vt 0.190544 0.354940 0.000000
vt 0.190544 0.365442 0.000000
vt 0.190544 0.386444 0.000000
vt 0.190544 0.407446 0.000000
vt 0.190544 0.428449 0.000000
vt 0.190544 0.449451 0.000000
vt 0.190544 0.459952 0.000000
vt 0.190544 0.470453 0.000000
vt 0.190544 0.480955 0.000000
vt 0.190544 0.491456 0.000000
vt 0.190544 0.501957 0.000000
vt 0.190544 0.512458 0.000000
vt 0.190544 0.522959 0.000000
vt 0.190544 0.533461 0.000000
vt 0.190544 0.543962 0.000000
vt 0.190544 0.554463 0.000000
vt 0.190544 0.575465 0.000000
vt 0.190544 0.596468 0.000000
vt 0.190544 0.617470 0.000000
vt 0.190544 0.638473 0.000000
vt 0.190544 0.648974 0.000000
vt 0.190544 0.659475 0.000000
vt 0.190544 0.669976 0.000000
vt 0.190544 0.680477 0.000000
vt 0.190544 0.690979 0.000000
vt 0.190544 0.701480 0.000000
vt 0.190544 0.711981 0.000000
vt 0.190544 0.722482 0.000000
vt 0.190544 0.732983 0.000000
vt 0.190544 0.743484 0.000000
vt 0.272206 0.000000 0.000000
vt 0.238180 0.018902 0.000000
vt 0.217765 0.018902 0.000000
vt 0.306231 0.000000 0.000000
vt 0.279011 0.018902 0.000000
vt 0.258595 0.018902 0.000000
vt 0.238180 0.037804 0.000000
vt 0.217765 0.037804 0.000000
vt 0.217765 0.056706 0.000000
vt 0.340257 0.000000 0.000000
vt 0.319842 0.018902 0.000000
vt 0.299426 0.018902 0.000000
vt 0.279011 0.037804 0.000000
vt 0.258595 0.037804 0.000000
vt 0.258595 0.056706 0.000000
vt 0.238180 0.056706 0.000000
vt 0.238180 0.075609 0.000000
vt 0.217765 0.075609 0.000000
vt 0.217765 0.094511 0.000000
vt 0.374283 0.000000 0.000000
vt 0.360673 0.018902 0.000000
vt 0.340257 0.018902 0.000000
vt 0.319842 0.037804 0.000000
vt 0.299426 0.037804 0.000000
vt 0.299426 0.056706 0.000000
vt 0.279011 0.056706 0.000000
vt 0.279011 0.075609 0.000000
vt 0.258595 0.075609 0.000000
vt 0.258595 0.094511 0.000000
vt 0.238180 0.094511 0.000000
vt 0.238180 0.113413 0.000000
vt 0.217765 0.113413 0.000000
vt 0.217765 0.132315 0.000000
vt 0.381088 0.018902 0.000000
vt 0.408309 0.000000 0.000000
vt 0.401503 0.018902 0.000000
vt 0.421919 0.018902 0.000000
vt 0.401503 0.037804 0.000000
vt 0.421919 0.037804 0.000000
vt 0.401503 0.056706 0.000000
vt 0.421919 0.056706 0.000000
vt 0.401503 0.075609 0.000000
vt 0.421919 0.075609 0.000000
vt 0.401503 0.094511 0.000000
vt 0.421919 0.094511 0.000000
vt 0.401503 0.113413 0.000000
vt 0.421919 0.113413 0.000000
vt 0.401503 0.132315 0.000000
vt 0.421919 0.132315 0.000000
vt 0.401503 0.151217 0.000000
vt 0.421919 0.151217 0.000000
vt 0.401503 0.170119 0.000000
vt 0.421919 0.170119 0.000000
vt 0.401503 0.189021 0.000000
vt 0.421919 0.189021 0.000000
vt 0.401503 0.207924 0.000000
vt 0.421919 0.207924 0.000000
vt 0.401503 0.226826 0.000000
vt 0.421919 0.226826 0.000000
vt 0.401503 0.245728 0.000000
vt 0.421919 0.245728 0.000000
vt 0.401503 0.264630 0.000000
vt 0.421919 0.264630 0.000000
vt 0.401503 0.283532 0.000000
vt 0.421919 0.283532 0.000000
vt 0.401503 0.302434 0.000000
vt 0.421919 0.302434 0.000000
vt 0.401503 0.312936 0.000000
vt 0.421919 0.312936 0.000000
vt 0.401503 0.323437 0.000000
vt 0.421919 0.323437 0.000000
vt 0.401503 0.333938 0.000000
vt 0.421919 0.333938 0.000000
vt 0.401503 0.344439 0.000000
vt 0.421919 0.344439 0.000000
vt 0.401503 0.354940 0.000000
vt 0.421919 0.354940 0.000000
vt 0.401503 0.365442 0.000000
vt 0.421919 0.365442 0.000000
vt 0.401503 0.386444 0.000000
vt 0.421919 0.386444 0.000000
vt 0.401503 0.407446 0.000000
vt 0.421919 0.407446 0.000000
vt 0.401503 0.428449 0.000000
vt 0.421919 0.428449 0.000000
vt 0.401503 0.449451 0.000000
vt 0.421919 0.449451 0.000000
vt 0.401503 0.459952 0.000000
vt 0.421919 0.459952 0.000000
vt 0.401503 0.470453 0.000000
vt 0.421919 0.470453 0.000000
vt 0.401503 0.480955 0.000000
vt 0.421919 0.480955 0.000000
vt 0.401503 0.491456 0.000000
vt 0.421919 0.491456 0.000000
vt 0.401503 0.501957 0.000000
vt 0.421919 0.501957 0.000000
vt 0.401503 0.512458 0.000000
vt 0.421919 0.512458 0.000000
vt 0.401503 0.522959 0.000000
vt 0.421919 0.522959 0.000000
vt 0.401503 0.533461 0.000000
vt 0.421919 0.533461 0.000000
vt 0.401503 0.543962 0.000000
vt 0.421919 0.543962 0.000000
vt 0.401503 0.554463 0.000000
vt 0.421919 0.554463 0.000000
vt 0.401503 0.575465 0.000000
vt 0.421919 0.575465 0.000000
vt 0.401503 0.596468 0.000000
vt 0.421919 0.596468 0.000000
vt 0.401503 0.617470 0.000000
vt 0.421919 0.617470 0.000000
vt 0.401503 0.638473 0.000000
vt 0.442334 0.000000 0.000000
vt 0.442334 0.018902 0.000000
vt 0.442334 0.037804 0.000000
vt 0.442334 0.056706 0.000000
vt 0.442334 0.075609 0.000000
vt 0.442334 0.094511 0.000000
vt 0.442334 0.113413 0.000000
vt 0.442334 0.132315 0.000000
vt 0.442334 0.151217 0.000000
vt 0.442334 0.170119 0.000000
vt 0.442334 0.189021 0.000000
vt 0.442334 0.207924 0.000000
vt 0.442334 0.226826 0.000000
vt 0.442334 0.245728 0.000000
vt 0.442334 0.264630 0.000000
vt 0.442334 0.283532 0.000000
vt 0.442334 0.302434 0.000000
vt 0.442334 0.312936 0.000000
vt 0.442334 0.323437 0.000000
vt 0.442334 0.333938 0.000000
vt 0.442334 0.344439 0.000000
vt 0.442334 0.354940 0.000000
vt 0.442334 0.365442 0.000000
vt 0.442334 0.386444 0.000000
vt 0.442334 0.407446 0.000000
vt 0.442334 0.428449 0.000000
vt 0.442334 0.449451 0.000000
vt 0.442334 0.459952 0.000000
vt 0.442334 0.470453 0.000000
vt 0.442334 0.480955 0.000000
vt 0.442334 0.491456 0.000000
vt 0.442334 0.501957 0.000000
vt 0.442334 0.512458 0.000000
vt 0.442334 0.522959 0.000000
vt 0.442334 0.533461 0.000000
vt 0.442334 0.543962 0.000000
vt 0.442334 0.554463 0.000000
vt 0.442334 0.575465 0.000000
vt 0.442334 0.596468 0.000000
vt 0.462750 0.018902 0.000000
vt 0.476360 0.000000 0.000000
vt 0.483165 0.018902 0.000000
vt 0.510386 0.000000 0.000000
vt 0.503581 0.018902 0.000000
vt 0.523996 0.018902 0.000000
vt 0.503581 0.037804 0.000000
vt 0.523996 0.037804 0.000000
vt 0.503581 0.056706 0.000000
vt 0.523996 0.056706 0.000000
vt 0.503581 0.075609 0.000000
vt 0.523996 0.075609 0.000000
vt 0.503581 0.094511 0.000000
vt 0.523996 0.094511 0.000000
vt 0.503581 0.113413 0.000000
vt 0.523996 0.113413 0.000000
vt 0.503581 0.132315 0.000000
vt 0.523996 0.132315 0.000000
vt 0.503581 0.151217 0.000000
vt 0.523996 0.151217 0.000000
vt 0.503581 0.170119 0.000000
vt 0.523996 0.170119 0.000000
vt 0.503581 0.189021 0.000000
vt 0.523996 0.189021 0.000000
vt 0.503581 0.207924 0.000000
vt 0.523996 0.207924 0.000000
vt 0.503581 0.226826 0.000000
vt 0.523996 0.226826 0.000000
vt 0.503581 0.245728 0.000000
vt 0.523996 0.245728 0.000000
vt 0.503581 0.264630 0.000000
vt 0.523996 0.264630 0.000000
vt 0.503581 0.283532 0.000000
vt 0.523996 0.283532 0.000000
vt 0.503581 0.302434 0.000000
vt 0.523996 0.302434 0.000000
vt 0.503581 0.312936 0.000000
vt 0.523996 0.312936 0.000000
vt 0.503581 0.323437 0.000000
vt 0.523996 0.323437 0.000000
vt 0.503581 0.333938 0.000000
vt 0.523996 0.333938 0.000000
vt 0.503581 0.344439 0.000000
vt 0.523996 0.344439 0.000000
vt 0.503581 0.354940 0.000000
vt 0.523996 0.354940 0.000000
vt 0.503581 0.365442 0.000000
vt 0.523996 0.365442 0.000000
vt 0.503581 0.386444 0.000000
vt 0.523996 0.386444 0.000000
vt 0.503581 0.407446 0.000000
vt 0.523996 0.407446 0.000000
vt 0.503581 0.428449 0.000000
vt 0.523996 0.428449 0.000000
vt 0.503581 0.449451 0.000000
vt 0.523996 0.449451 0.000000
vt 0.503581 0.459952 0.000000
vt 0.523996 0.459952 0.000000
vt 0.503581 0.470453 0.000000
vt 0.523996 0.470453 0.000000
vt 0.503581 0.480955 0.000000
vt 0.523996 0.480955 0.000000
vt 0.503581 0.491456 0.000000
vt 0.523996 0.491456 0.000000
vt 0.503581 0.501957 0.000000
vt 0.523996 0.501957 0.000000
vt 0.503581 0.512458 0.000000
vt 0.523996 0.512458 0.000000
vt 0.503581 0.522959 0.000000
vt 0.523996 0.522959 0.000000
vt 0.503581 0.533461 0.000000
vt 0.523996 0.533461 0.000000
vt 0.503581 0.543962 0.000000
vt 0.544411 0.000000 0.000000
vt 0.476360 0.806492 0.000000
vt 0.503581 0.785489 0.000000
vt 0.510386 0.806492 0.000000
vt 0.523996 0.785489 0.000000
vt 0.544411 0.785489 0.000000
vt 0.442334 0.806492 0.000000
vt 0.462750 0.785489 0.000000
vt 0.483165 0.785489 0.000000
vt 0.503581 0.764487 0.000000
vt 0.523996 0.764487 0.000000
vt 0.523996 0.753986 0.000000
vt 0.544411 0.753986 0.000000
vt 0.408309 0.806492 0.000000
vt 0.421919 0.785489 0.000000
vt 0.442334 0.785489 0.000000
vt 0.462750 0.764487 0.000000
vt 0.483165 0.764487 0.000000
vt 0.483165 0.753986 0.000000
vt 0.503581 0.753986 0.000000
vt 0.503581 0.743484 0.000000
vt 0.523996 0.743484 0.000000
vt 0.523996 0.732983 0.000000
vt 0.544411 0.732983 0.000000
vt 0.401503 0.785489 0.000000
vt 0.374283 0.806492 0.000000
vt 0.381088 0.785489 0.000000
vt 0.360673 0.785489 0.000000
vt 0.381088 0.764487 0.000000
vt 0.360673 0.764487 0.000000
vt 0.381088 0.753986 0.000000
vt 0.360673 0.753986 0.000000
vt 0.381088 0.743484 0.000000
vt 0.360673 0.743484 0.000000
vt 0.381088 0.732983 0.000000
vt 0.360673 0.732983 0.000000
vt 0.381088 0.722482 0.000000
vt 0.360673 0.722482 0.000000
vt 0.381088 0.711981 0.000000
vt 0.360673 0.711981 0.000000
vt 0.381088 0.701480 0.000000
vt 0.360673 0.701480 0.000000
vt 0.381088 0.690979 0.000000
vt 0.360673 0.690979 0.000000
vt 0.381088 0.680477 0.000000
vt 0.340257 0.806492 0.000000
vt 0.340257 0.785489 0.000000
vt 0.340257 0.764487 0.000000
vt 0.340257 0.753986 0.000000
vt 0.340257 0.743484 0.000000
vt 0.340257 0.732983 0.000000
vt 0.340257 0.722482 0.000000
vt 0.340257 0.711981 0.000000
vt 0.340257 0.701480 0.000000
vt 0.319842 0.785489 0.000000
vt 0.306231 0.806492 0.000000
vt 0.299426 0.785489 0.000000
vt 0.272206 0.806492 0.000000
vt 0.279011 0.785489 0.000000
vt 0.258595 0.785489 0.000000
vt 0.279011 0.764487 0.000000
vt 0.258595 0.764487 0.000000
vt 0.279011 0.753986 0.000000
vt 0.258595 0.753986 0.000000
vt 0.279011 0.743484 0.000000
vt 0.258595 0.743484 0.000000
vt 0.279011 0.732983 0.000000
vt 0.238180 0.785489 0.000000
vt 0.204154 0.806492 0.000000
vt 0.217765 0.785489 0.000000
vt 0.190544 0.785489 0.000000
vt 0.217765 0.764487 0.000000
vt 0.027221 0.785489 0.000000
vt 0.000000 0.806492 0.000000
vt 0.000000 0.785268 0.000000
vt 0.027221 0.764487 0.000000
vt 0.000000 0.764045 0.000000
vt 0.027221 0.753986 0.000000
vt 0.000000 0.742821 0.000000
vt 0.027221 0.743484 0.000000
vt 0.027221 0.732983 0.000000
vt 0.000000 0.721598 0.000000
vt 0.027221 0.722482 0.000000
vt 0.027221 0.711981 0.000000
vt 0.000000 0.700374 0.000000
vt 0.027221 0.701480 0.000000
vt 0.027221 0.690979 0.000000
vt 0.000000 0.679151 0.000000
vt 0.027221 0.680477 0.000000
vt 0.027221 0.669976 0.000000
vt 0.000000 0.657927 0.000000
vt 0.027221 0.659475 0.000000
vt 0.027221 0.648974 0.000000
vt 0.000000 0.636704 0.000000
vt 0.027221 0.638473 0.000000
vt 0.027221 0.617470 0.000000
vt 0.000000 0.615480 0.000000
vt 0.027221 0.596468 0.000000
vt 0.000000 0.594257 0.000000
vt 0.027221 0.575465 0.000000
vt 0.000000 0.573034 0.000000
vt 0.027221 0.554463 0.000000
vt 0.000000 0.551810 0.000000
vt 0.027221 0.543962 0.000000
vt 0.000000 0.530587 0.000000
vt 0.027221 0.533461 0.000000
vt 0.027221 0.522959 0.000000
vt 0.000000 0.509363 0.000000
vt 0.027221 0.512458 0.000000
vt 0.027221 0.501957 0.000000
vt 0.000000 0.488140 0.000000
vt 0.027221 0.491456 0.000000
vt 0.027221 0.480955 0.000000
vt 0.000000 0.466916 0.000000
vt 0.027221 0.470453 0.000000
vt 0.027221 0.459952 0.000000
vt 0.000000 0.445693 0.000000
vt 0.027221 0.449451 0.000000
vt 0.027221 0.428449 0.000000
vt 0.000000 0.424469 0.000000
vt 0.027221 0.407446 0.000000
vt 0.000000 0.403246 0.000000
vt 0.027221 0.386444 0.000000
vt 0.000000 0.382022 0.000000
vt 0.027221 0.365442 0.000000
vt 0.000000 0.360799 0.000000
vt 0.027221 0.354940 0.000000
vt 0.000000 0.339575 0.000000
vt 0.027221 0.344439 0.000000
vt 0.027221 0.333938 0.000000
vt 0.000000 0.318352 0.000000
vt 0.027221 0.323437 0.000000
vt 0.027221 0.312936 0.000000
vt 0.000000 0.297129 0.000000
vt 0.027221 0.302434 0.000000
vt 0.027221 0.283532 0.000000
vt 0.000000 0.275905 0.000000
vt 0.027221 0.264630 0.000000
vt 0.000000 0.254682 0.000000
vt 0.027221 0.245728 0.000000
vt 0.000000 0.233458 0.000000
vt 0.027221 0.226826 0.000000
vt 0.000000 0.212235 0.000000
vt 0.027221 0.207924 0.000000
vt 0.000000 0.191011 0.000000
vt 0.027221 0.189021 0.000000
vt 0.000000 0.169788 0.000000
vt 0.027221 0.170119 0.000000
vt 0.027221 0.151217 0.000000
vt 0.000000 0.148564 0.000000
vt 0.027221 0.132315 0.000000
vt 0.000000 0.127341 0.000000
vt 0.027221 0.113413 0.000000
vt 0.000000 0.106117 0.000000
vt 0.027221 0.094511 0.000000
vt 0.000000 0.084894 0.000000
vt 0.027221 0.075609 0.000000
vt 0.000000 0.063670 0.000000
vt 0.027221 0.056706 0.000000
vt 0.000000 0.042447 0.000000
vt 0.027221 0.037804 0.000000
vt 0.544411 0.018902 0.000000
vt 0.544411 0.037804 0.000000
vt 0.544411 0.056706 0.000000
vt 0.544411 0.075609 0.000000
vt 0.544411 0.094511 0.000000
vt 0.544411 0.113413 0.000000
vt 0.544411 0.132315 0.000000
vt 0.544411 0.151217 0.000000
vt 0.544411 0.170119 0.000000
vt 0.544411 0.189021 0.000000
vt 0.544411 0.207924 0.000000
vt 0.544411 0.226826 0.000000
vt 0.544411 0.245728 0.000000
vt 0.544411 0.283532 0.000000
vt 0.544411 0.302434 0.000000
vt 0.544411 0.312936 0.000000
vt 0.544411 0.323437 0.000000
vt 0.544411 0.333938 0.000000
vt 0.544411 0.344439 0.000000
vt 0.544411 0.354940 0.000000
vt 0.544411 0.365442 0.000000
vt 0.544411 0.386444 0.000000
vt 0.544411 0.407446 0.000000
vt 0.544411 0.428449 0.000000
vt 0.544411 0.449451 0.000000
vt 0.544411 0.459952 0.000000
vt 0.544411 0.470453 0.000000
vt 0.544411 0.480955 0.000000
vt 0.544411 0.491456 0.000000
vt 0.544411 0.501957 0.000000
vt 0.544411 0.512458 0.000000
vt 0.544411 0.522959 0.000000
vt 0.544411 0.554463 0.000000
vt 0.523996 0.575465 0.000000
vt 0.544411 0.575465 0.000000
vt 0.523996 0.596468 0.000000
vt 0.544411 0.596468 0.000000
vt 0.523996 0.617470 0.000000
vt 0.544411 0.617470 0.000000
vt 0.523996 0.638473 0.000000
vt 0.544411 0.638473 0.000000
vt 0.523996 0.648974 0.000000
vt 0.544411 0.648974 0.000000
vt 0.523996 0.659475 0.000000
vt 0.544411 0.659475 0.000000
vt 0.523996 0.669976 0.000000
vt 0.544411 0.669976 0.000000
vt 0.523996 0.680477 0.000000
vt 0.544411 0.680477 0.000000
vt 0.523996 0.690979 0.000000
vt 0.544411 0.690979 0.000000
vt 0.523996 0.701480 0.000000
vt 0.544411 0.701480 0.000000
vt 0.523996 0.711981 0.000000
vt 0.544411 0.711981 0.000000
vt 0.523996 0.722482 0.000000
vt 0.544411 0.722482 0.000000
vt 0.544411 0.743484 0.000000
vt 0.544411 0.764487 0.000000
vt 0.544411 0.268831 0.000000
vt 0.544411 0.537661 0.000000
vt 0.483165 0.037804 0.000000
vt 0.483165 0.056706 0.000000
vt 0.483165 0.075609 0.000000
vt 0.483165 0.094511 0.000000
vt 0.483165 0.113413 0.000000
vt 0.483165 0.132315 0.000000
vt 0.483165 0.151217 0.000000
vt 0.483165 0.170119 0.000000
vt 0.483165 0.189021 0.000000
vt 0.483165 0.207924 0.000000
vt 0.483165 0.226826 0.000000
vt 0.483165 0.245728 0.000000
vt 0.483165 0.264630 0.000000
vt 0.483165 0.283532 0.000000
vt 0.483165 0.302434 0.000000
vt 0.483165 0.312936 0.000000
vt 0.483165 0.323437 0.000000
vt 0.483165 0.333938 0.000000
vt 0.483165 0.344439 0.000000
vt 0.483165 0.354940 0.000000
vt 0.483165 0.365442 0.000000
vt 0.483165 0.386444 0.000000
vt 0.483165 0.407446 0.000000
vt 0.483165 0.428449 0.000000
vt 0.483165 0.449451 0.000000
vt 0.483165 0.459952 0.000000
vt 0.483165 0.470453 0.000000
vt 0.483165 0.480955 0.000000
vt 0.483165 0.491456 0.000000
vt 0.483165 0.501957 0.000000
vt 0.483165 0.512458 0.000000
vt 0.483165 0.522959 0.000000
vt 0.483165 0.533461 0.000000
vt 0.483165 0.543962 0.000000
vt 0.483165 0.554463 0.000000
vt 0.462750 0.037804 0.000000
vt 0.462750 0.056706 0.000000
vt 0.462750 0.075609 0.000000
vt 0.462750 0.094511 0.000000
vt 0.462750 0.113413 0.000000
vt 0.462750 0.132315 0.000000
vt 0.462750 0.151217 0.000000
vt 0.462750 0.170119 0.000000
vt 0.462750 0.189021 0.000000
vt 0.462750 0.207924 0.000000
vt 0.462750 0.226826 0.000000
vt 0.462750 0.245728 0.000000
vt 0.462750 0.264630 0.000000
vt 0.462750 0.283532 0.000000
vt 0.462750 0.302434 0.000000
vt 0.462750 0.312936 0.000000
vt 0.462750 0.323437 0.000000
vt 0.462750 0.333938 0.000000
vt 0.462750 0.344439 0.000000
vt 0.462750 0.354940 0.000000
vt 0.462750 0.365442 0.000000
vt 0.462750 0.386444 0.000000
vt 0.462750 0.407446 0.000000
vt 0.462750 0.428449 0.000000
vt 0.462750 0.449451 0.000000
vt 0.462750 0.459952 0.000000
vt 0.462750 0.470453 0.000000
vt 0.462750 0.480955 0.000000
vt 0.462750 0.491456 0.000000
vt 0.462750 0.501957 0.000000
vt 0.462750 0.512458 0.000000
vt 0.462750 0.522959 0.000000
vt 0.462750 0.533461 0.000000
vt 0.462750 0.543962 0.000000
vt 0.462750 0.554463 0.000000
vt 0.462750 0.575465 0.000000
vt 0.381088 0.037804 0.000000
vt 0.381088 0.056706 0.000000
vt 0.381088 0.075609 0.000000
vt 0.381088 0.094511 0.000000
vt 0.381088 0.113413 0.000000
vt 0.381088 0.132315 0.000000
vt 0.381088 0.151217 0.000000
vt 0.381088 0.170119 0.000000
vt 0.381088 0.189021 0.000000
vt 0.381088 0.207924 0.000000
vt 0.381088 0.226826 0.000000
vt 0.381088 0.245728 0.000000
vt 0.381088 0.264630 0.000000
vt 0.381088 0.283532 0.000000
vt 0.381088 0.302434 0.000000
vt 0.381088 0.312936 0.000000
vt 0.381088 0.323437 0.000000
vt 0.381088 0.333938 0.000000
vt 0.381088 0.344439 0.000000
vt 0.381088 0.354940 0.000000
vt 0.381088 0.365442 0.000000
vt 0.381088 0.386444 0.000000
vt 0.381088 0.407446 0.000000
vt 0.381088 0.428449 0.000000
vt 0.381088 0.449451 0.000000
vt 0.381088 0.459952 0.000000
vt 0.381088 0.470453 0.000000
vt 0.381088 0.480955 0.000000
vt 0.381088 0.491456 0.000000
vt 0.381088 0.501957 0.000000
vt 0.381088 0.512458 0.000000
vt 0.381088 0.522959 0.000000
vt 0.381088 0.533461 0.000000
vt 0.381088 0.543962 0.000000
vt 0.381088 0.554463 0.000000
vt 0.381088 0.575465 0.000000
vt 0.381088 0.596468 0.000000
vt 0.381088 0.617470 0.000000
vt 0.381088 0.638473 0.000000
vt 0.381088 0.648974 0.000000
vt 0.360673 0.037804 0.000000
vt 0.360673 0.056706 0.000000
vt 0.360673 0.075609 0.000000
vt 0.360673 0.094511 0.000000
vt 0.360673 0.113413 0.000000
vt 0.360673 0.132315 0.000000
vt 0.360673 0.151217 0.000000
vt 0.360673 0.170119 0.000000
vt 0.360673 0.189021 0.000000
vt 0.360673 0.207924 0.000000
vt 0.360673 0.226826 0.000000
vt 0.360673 0.245728 0.000000
vt 0.360673 0.264630 0.000000
vt 0.360673 0.283532 0.000000
vt 0.360673 0.302434 0.000000
vt 0.360673 0.312936 0.000000
vt 0.360673 0.323437 0.000000
vt 0.360673 0.333938 0.000000
vt 0.360673 0.344439 0.000000
vt 0.360673 0.354940 0.000000
vt 0.360673 0.365442 0.000000
vt 0.360673 0.386444 0.000000
vt 0.360673 0.407446 0.000000
vt 0.360673 0.428449 0.000000
vt 0.360673 0.449451 0.000000
vt 0.360673 0.459952 0.000000
vt 0.360673 0.470453 0.000000
vt 0.360673 0.480955 0.000000
vt 0.360673 0.491456 0.000000
vt 0.360673 0.501957 0.000000
vt 0.360673 0.512458 0.000000
vt 0.360673 0.522959 0.000000
vt 0.360673 0.533461 0.000000
vt 0.360673 0.543962 0.000000
vt 0.360673 0.554463 0.000000
vt 0.360673 0.575465 0.000000
vt 0.360673 0.596468 0.000000
vt 0.360673 0.617470 0.000000
vt 0.360673 0.638473 0.000000
vt 0.360673 0.648974 0.000000
vt 0.360673 0.659475 0.000000
vt 0.340257 0.037804 0.000000
vt 0.340257 0.056706 0.000000
vt 0.340257 0.075609 0.000000
vt 0.340257 0.094511 0.000000
vt 0.340257 0.113413 0.000000
vt 0.340257 0.132315 0.000000
vt 0.340257 0.151217 0.000000
vt 0.340257 0.170119 0.000000
vt 0.340257 0.189021 0.000000
vt 0.340257 0.207924 0.000000
vt 0.340257 0.226826 0.000000
vt 0.340257 0.245728 0.000000
vt 0.340257 0.264630 0.000000
vt 0.340257 0.283532 0.000000
vt 0.340257 0.302434 0.000000
vt 0.340257 0.312936 0.000000
vt 0.340257 0.323437 0.000000
vt 0.340257 0.333938 0.000000
vt 0.340257 0.344439 0.000000
vt 0.340257 0.354940 0.000000
vt 0.340257 0.365442 0.000000
vt 0.340257 0.386444 0.000000
vt 0.340257 0.407446 0.000000
vt 0.340257 0.428449 0.000000
vt 0.340257 0.449451 0.000000
vt 0.340257 0.459952 0.000000
vt 0.340257 0.470453 0.000000
vt 0.340257 0.480955 0.000000
vt 0.340257 0.491456 0.000000
vt 0.340257 0.501957 0.000000
vt 0.340257 0.512458 0.000000
vt 0.340257 0.522959 0.000000
vt 0.340257 0.533461 0.000000
vt 0.340257 0.543962 0.000000
vt 0.340257 0.554463 0.000000
vt 0.340257 0.575465 0.000000
vt 0.340257 0.596468 0.000000
vt 0.340257 0.617470 0.000000
vt 0.340257 0.638473 0.000000
vt 0.340257 0.648974 0.000000
vt 0.340257 0.659475 0.000000
vt 0.340257 0.669976 0.000000
vt 0.108882 0.037804 0.000000
vt 0.108882 0.056706 0.000000
vt 0.108882 0.075609 0.000000
vt 0.108882 0.094511 0.000000
vt 0.108882 0.113413 0.000000
vt 0.108882 0.132315 0.000000
vt 0.108882 0.151217 0.000000
vt 0.108882 0.170119 0.000000
vt 0.108882 0.189021 0.000000
vt 0.108882 0.207924 0.000000
vt 0.108882 0.226826 0.000000
vt 0.108882 0.245728 0.000000
vt 0.108882 0.264630 0.000000
vt 0.108882 0.283532 0.000000
vt 0.108882 0.302434 0.000000
vt 0.108882 0.312936 0.000000
vt 0.108882 0.323437 0.000000
vt 0.108882 0.333938 0.000000
vt 0.108882 0.344439 0.000000
vt 0.108882 0.354940 0.000000
vt 0.108882 0.365442 0.000000
vt 0.108882 0.386444 0.000000
vt 0.108882 0.407446 0.000000
vt 0.108882 0.428449 0.000000
vt 0.108882 0.449451 0.000000
vt 0.108882 0.459952 0.000000
vt 0.108882 0.470453 0.000000
vt 0.108882 0.480955 0.000000
vt 0.108882 0.491456 0.000000
vt 0.108882 0.501957 0.000000
vt 0.108882 0.512458 0.000000
vt 0.108882 0.522959 0.000000
vt 0.108882 0.533461 0.000000
vt 0.108882 0.543962 0.000000
vt 0.108882 0.554463 0.000000
vt 0.108882 0.575465 0.000000
vt 0.108882 0.596468 0.000000
vt 0.108882 0.617470 0.000000
vt 0.108882 0.638473 0.000000
vt 0.108882 0.648974 0.000000
vt 0.108882 0.659475 0.000000
vt 0.108882 0.669976 0.000000
vt 0.108882 0.680477 0.000000
vt 0.108882 0.690979 0.000000
vt 0.108882 0.701480 0.000000
vt 0.108882 0.711981 0.000000
vt 0.108882 0.722482 0.000000
vt 0.108882 0.732983 0.000000
vt 0.108882 0.743484 0.000000
vt 0.108882 0.753986 0.000000
vt 0.108882 0.764487 0.000000
vt 0.238180 0.764487 0.000000
vt 0.238180 0.753986 0.000000
vt 0.299426 0.764487 0.000000
vt 0.299426 0.753986 0.000000
vt 0.299426 0.743484 0.000000
vt 0.299426 0.732983 0.000000
vt 0.299426 0.722482 0.000000
vt 0.319842 0.764487 0.000000
vt 0.319842 0.753986 0.000000
vt 0.319842 0.743484 0.000000
vt 0.319842 0.732983 0.000000
vt 0.319842 0.722482 0.000000
vt 0.319842 0.711981 0.000000
vt 0.401503 0.764487 0.000000
vt 0.401503 0.753986 0.000000
vt 0.401503 0.743484 0.000000
vt 0.401503 0.732983 0.000000
vt 0.401503 0.722482 0.000000
vt 0.401503 0.711981 0.000000
vt 0.401503 0.701480 0.000000
vt 0.401503 0.690979 0.000000
vt 0.401503 0.680477 0.000000
vt 0.401503 0.669976 0.000000
vt 0.421919 0.764487 0.000000
vt 0.421919 0.753986 0.000000
vt 0.421919 0.743484 0.000000
vt 0.421919 0.732983 0.000000
vt 0.421919 0.722482 0.000000
vt 0.421919 0.711981 0.000000
vt 0.421919 0.701480 0.000000
vt 0.421919 0.690979 0.000000
vt 0.421919 0.680477 0.000000
vt 0.421919 0.669976 0.000000
vt 0.421919 0.659475 0.000000
vt 0.442334 0.764487 0.000000
vt 0.442334 0.753986 0.000000
vt 0.442334 0.743484 0.000000
vt 0.442334 0.732983 0.000000
vt 0.442334 0.722482 0.000000
vt 0.442334 0.711981 0.000000
vt 0.442334 0.701480 0.000000
vt 0.442334 0.690979 0.000000
vt 0.442334 0.680477 0.000000
vt 0.442334 0.669976 0.000000
vt 0.442334 0.659475 0.000000
vt 0.442334 0.648974 0.000000
vt 0.462750 0.753986 0.000000
vt 0.483165 0.743484 0.000000
vt 0.503581 0.732983 0.000000
vt 0.462750 0.743484 0.000000
vt 0.462750 0.732983 0.000000
vt 0.462750 0.722482 0.000000
vt 0.462750 0.711981 0.000000
vt 0.462750 0.701480 0.000000
vt 0.462750 0.690979 0.000000
vt 0.462750 0.680477 0.000000
vt 0.462750 0.669976 0.000000
vt 0.462750 0.659475 0.000000
vt 0.462750 0.648974 0.000000
vt 0.462750 0.638473 0.000000
vt 0.217765 0.732983 0.000000
vt 0.217765 0.722482 0.000000
vt 0.217765 0.711981 0.000000
vt 0.217765 0.701480 0.000000
vt 0.217765 0.690979 0.000000
vt 0.217765 0.680477 0.000000
vt 0.217765 0.669976 0.000000
vt 0.217765 0.659475 0.000000
vt 0.217765 0.648974 0.000000
vt 0.217765 0.638473 0.000000
vt 0.217765 0.617470 0.000000
vt 0.217765 0.596468 0.000000
vt 0.217765 0.575465 0.000000
vt 0.217765 0.554463 0.000000
vt 0.217765 0.543962 0.000000
vt 0.217765 0.533461 0.000000
vt 0.217765 0.522959 0.000000
vt 0.217765 0.512458 0.000000
vt 0.217765 0.501957 0.000000
vt 0.217765 0.491456 0.000000
vt 0.217765 0.480955 0.000000
vt 0.217765 0.470453 0.000000
vt 0.217765 0.459952 0.000000
vt 0.217765 0.449451 0.000000
vt 0.217765 0.428449 0.000000
vt 0.217765 0.407446 0.000000
vt 0.217765 0.386444 0.000000
vt 0.217765 0.365442 0.000000
vt 0.217765 0.354940 0.000000
vt 0.217765 0.344439 0.000000
vt 0.217765 0.333938 0.000000
vt 0.217765 0.323437 0.000000
vt 0.217765 0.312936 0.000000
vt 0.217765 0.302434 0.000000
vt 0.217765 0.283532 0.000000
vt 0.217765 0.264630 0.000000
vt 0.217765 0.245728 0.000000
vt 0.217765 0.226826 0.000000
vt 0.217765 0.207924 0.000000
vt 0.217765 0.189021 0.000000
vt 0.217765 0.170119 0.000000
vt 0.217765 0.151217 0.000000
vt 0.238180 0.722482 0.000000
vt 0.258595 0.711981 0.000000
vt 0.279011 0.701480 0.000000
vt 0.299426 0.690979 0.000000
vt 0.319842 0.680477 0.000000
vt 0.483165 0.732983 0.000000
vt 0.503581 0.722482 0.000000
vt 0.483165 0.722482 0.000000
vt 0.483165 0.711981 0.000000
vt 0.483165 0.701480 0.000000
vt 0.483165 0.690979 0.000000
vt 0.483165 0.680477 0.000000
vt 0.483165 0.669976 0.000000
vt 0.483165 0.659475 0.000000
vt 0.483165 0.648974 0.000000
vt 0.483165 0.638473 0.000000
vt 0.483165 0.617470 0.000000
vt 0.238180 0.711981 0.000000
vt 0.238180 0.701480 0.000000
vt 0.238180 0.690979 0.000000
vt 0.238180 0.680477 0.000000
vt 0.238180 0.669976 0.000000
vt 0.238180 0.659475 0.000000
vt 0.238180 0.648974 0.000000
vt 0.238180 0.638473 0.000000
vt 0.238180 0.617470 0.000000
vt 0.238180 0.596468 0.000000
vt 0.238180 0.575465 0.000000
vt 0.238180 0.554463 0.000000
vt 0.238180 0.543962 0.000000
vt 0.238180 0.533461 0.000000
vt 0.238180 0.522959 0.000000
vt 0.238180 0.512458 0.000000
vt 0.238180 0.501957 0.000000
vt 0.238180 0.491456 0.000000
vt 0.238180 0.480955 0.000000
vt 0.238180 0.470453 0.000000
vt 0.238180 0.459952 0.000000
vt 0.238180 0.449451 0.000000
vt 0.238180 0.428449 0.000000
vt 0.238180 0.407446 0.000000
vt 0.238180 0.386444 0.000000
vt 0.238180 0.365442 0.000000
vt 0.238180 0.354940 0.000000
vt 0.238180 0.344439 0.000000
vt 0.238180 0.333938 0.000000
vt 0.238180 0.323437 0.000000
vt 0.238180 0.312936 0.000000
vt 0.238180 0.302434 0.000000
vt 0.238180 0.283532 0.000000
vt 0.238180 0.264630 0.000000
vt 0.238180 0.245728 0.000000
vt 0.238180 0.226826 0.000000
vt 0.238180 0.207924 0.000000
vt 0.238180 0.189021 0.000000
vt 0.238180 0.170119 0.000000
vt 0.238180 0.151217 0.000000
vt 0.238180 0.132315 0.000000
vt 0.258595 0.701480 0.000000
vt 0.279011 0.690979 0.000000
vt 0.299426 0.680477 0.000000
vt 0.319842 0.669976 0.000000
vt 0.503581 0.711981 0.000000
vt 0.503581 0.701480 0.000000
vt 0.503581 0.690979 0.000000
vt 0.503581 0.680477 0.000000
vt 0.503581 0.669976 0.000000
vt 0.503581 0.659475 0.000000
vt 0.503581 0.648974 0.000000
vt 0.503581 0.638473 0.000000
vt 0.503581 0.617470 0.000000
vt 0.503581 0.596468 0.000000
vt 0.258595 0.690979 0.000000
vt 0.258595 0.680477 0.000000
vt 0.258595 0.669976 0.000000
vt 0.258595 0.659475 0.000000
vt 0.258595 0.648974 0.000000
vt 0.258595 0.638473 0.000000
vt 0.258595 0.617470 0.000000
vt 0.258595 0.596468 0.000000
vt 0.258595 0.575465 0.000000
vt 0.258595 0.554463 0.000000
vt 0.258595 0.543962 0.000000
vt 0.258595 0.533461 0.000000
vt 0.258595 0.522959 0.000000
vt 0.258595 0.512458 0.000000
vt 0.258595 0.501957 0.000000
vt 0.258595 0.491456 0.000000
vt 0.258595 0.480955 0.000000
vt 0.258595 0.470453 0.000000
vt 0.258595 0.459952 0.000000
vt 0.258595 0.449451 0.000000
vt 0.258595 0.428449 0.000000
vt 0.258595 0.407446 0.000000
vt 0.258595 0.386444 0.000000
vt 0.258595 0.365442 0.000000
vt 0.258595 0.354940 0.000000
vt 0.258595 0.344439 0.000000
vt 0.258595 0.333938 0.000000
vt 0.258595 0.323437 0.000000
vt 0.258595 0.312936 0.000000
vt 0.258595 0.302434 0.000000
vt 0.258595 0.283532 0.000000
vt 0.258595 0.264630 0.000000
vt 0.258595 0.245728 0.000000
vt 0.258595 0.226826 0.000000
vt 0.258595 0.207924 0.000000
vt 0.258595 0.189021 0.000000
vt 0.258595 0.170119 0.000000
vt 0.258595 0.151217 0.000000
vt 0.258595 0.132315 0.000000
vt 0.258595 0.113413 0.000000
vt 0.279011 0.680477 0.000000
vt 0.299426 0.669976 0.000000
vt 0.319842 0.659475 0.000000
vt 0.279011 0.669976 0.000000
vt 0.279011 0.659475 0.000000
vt 0.279011 0.648974 0.000000
vt 0.279011 0.638473 0.000000
vt 0.279011 0.617470 0.000000
vt 0.279011 0.596468 0.000000
vt 0.279011 0.575465 0.000000
vt 0.279011 0.554463 0.000000
vt 0.279011 0.543962 0.000000
vt 0.279011 0.533461 0.000000
vt 0.279011 0.522959 0.000000
vt 0.279011 0.512458 0.000000
vt 0.279011 0.501957 0.000000
vt 0.279011 0.491456 0.000000
vt 0.279011 0.480955 0.000000
vt 0.279011 0.470453 0.000000
vt 0.279011 0.459952 0.000000
vt 0.279011 0.449451 0.000000
vt 0.279011 0.428449 0.000000
vt 0.279011 0.407446 0.000000
vt 0.279011 0.386444 0.000000
vt 0.279011 0.365442 0.000000
vt 0.279011 0.354940 0.000000
vt 0.279011 0.344439 0.000000
vt 0.279011 0.333938 0.000000
vt 0.279011 0.323437 0.000000
vt 0.279011 0.312936 0.000000
vt 0.279011 0.302434 0.000000
vt 0.279011 0.283532 0.000000
vt 0.279011 0.264630 0.000000
vt 0.279011 0.245728 0.000000
vt 0.279011 0.226826 0.000000
vt 0.279011 0.207924 0.000000
vt 0.279011 0.189021 0.000000
vt 0.279011 0.170119 0.000000
vt 0.279011 0.151217 0.000000
vt 0.279011 0.132315 0.000000
vt 0.279011 0.113413 0.000000
vt 0.279011 0.094511 0.000000
vt 0.299426 0.659475 0.000000
vt 0.319842 0.648974 0.000000
vt 0.299426 0.648974 0.000000
vt 0.299426 0.638473 0.000000
vt 0.299426 0.617470 0.000000
vt 0.299426 0.596468 0.000000
vt 0.299426 0.575465 0.000000
vt 0.299426 0.554463 0.000000
vt 0.299426 0.543962 0.000000
vt 0.299426 0.533461 0.000000
vt 0.299426 0.522959 0.000000
vt 0.299426 0.512458 0.000000
vt 0.299426 0.501957 0.000000
vt 0.299426 0.491456 0.000000
vt 0.299426 0.480955 0.000000
vt 0.299426 0.470453 0.000000
vt 0.299426 0.459952 0.000000
vt 0.299426 0.449451 0.000000
vt 0.299426 0.428449 0.000000
vt 0.299426 0.407446 0.000000
vt 0.299426 0.386444 0.000000
vt 0.299426 0.365442 0.000000
vt 0.299426 0.354940 0.000000
vt 0.299426 0.344439 0.000000
vt 0.299426 0.333938 0.000000
vt 0.299426 0.323437 0.000000
vt 0.299426 0.312936 0.000000
vt 0.299426 0.302434 0.000000
vt 0.299426 0.283532 0.000000
vt 0.299426 0.264630 0.000000
vt 0.299426 0.245728 0.000000
vt 0.299426 0.226826 0.000000
vt 0.299426 0.207924 0.000000
vt 0.299426 0.189021 0.000000
vt 0.299426 0.170119 0.000000
vt 0.299426 0.151217 0.000000
vt 0.299426 0.132315 0.000000
vt 0.299426 0.113413 0.000000
vt 0.299426 0.094511 0.000000
vt 0.299426 0.075609 0.000000
vt 0.319842 0.638473 0.000000
vt 0.319842 0.617470 0.000000
vt 0.319842 0.596468 0.000000
vt 0.319842 0.575465 0.000000
vt 0.319842 0.554463 0.000000
vt 0.319842 0.543962 0.000000
vt 0.319842 0.533461 0.000000
vt 0.319842 0.522959 0.000000
vt 0.319842 0.512458 0.000000
vt 0.319842 0.501957 0.000000
vt 0.319842 0.491456 0.000000
vt 0.319842 0.480955 0.000000
vt 0.319842 0.470453 0.000000
vt 0.319842 0.459952 0.000000
vt 0.319842 0.449451 0.000000
vt 0.319842 0.428449 0.000000
vt 0.319842 0.407446 0.000000
vt 0.319842 0.386444 0.000000
vt 0.319842 0.365442 0.000000
vt 0.319842 0.354940 0.000000
vt 0.319842 0.344439 0.000000
vt 0.319842 0.333938 0.000000
vt 0.319842 0.323437 0.000000
vt 0.319842 0.312936 0.000000
vt 0.319842 0.302434 0.000000
vt 0.319842 0.283532 0.000000
vt 0.319842 0.264630 0.000000
vt 0.319842 0.245728 0.000000
vt 0.319842 0.226826 0.000000
vt 0.319842 0.207924 0.000000
vt 0.319842 0.189021 0.000000
vt 0.319842 0.170119 0.000000
vt 0.319842 0.151217 0.000000
vt 0.319842 0.132315 0.000000
vt 0.319842 0.113413 0.000000
vt 0.319842 0.094511 0.000000
vt 0.319842 0.075609 0.000000
vt 0.319842 0.056706 0.000000
vn 0.000000 1.000000 0.000000
vn 0.000000 1.000000 0.000000
vn 0.000000 1.000000 0.000000
vn 0.000000 1.000000 0.000000
vn 0.000000 1.000000 0.000000
vn 0.000000 1.000000 0.000000
vn 0.000000 1.000000 0.000000
vn 0.000000 1.000000 0.000000
vn 0.000000 1.000000 0.000000
vn 0.000000 1.000000 0.000000
vn 0.000000 1.000000 0.000000
vn 0.000000 1.000000 0.000000
vn 0.000000 1.000000 0.000000
vn 0.000000 1.000000 0.000000
vn 0.000000 1.000000 0.000000
vn 0.000000 1.000000 0.000000
vn 0.000000 1.000000 0.000000
vn 0.000000 1.000000 0.000000
vn 0.000000 1.000000 0.000000
vn 0.000000 1.000000 0.000000
vn 0.000000 1.000000 0.000000
vn 0.000000 1.000000 0.000000
vn 0.000000 1.000000 0.000000
vn 0.000000 1.000000 0.000000
vn 0.000000 1.000000 0.000000
vn 0.000000 1.000000 0.000000
vn 0.000000 1.000000 0.000000
vn 0.000000 1.000000 0.000000
vn 0.000000 1.000000 0.000000
vn 0.000000 1.000000 0.000000
vn 0.000000 1.000000 0.000000
vn 0.000000 1.000000 0.000000
vn 0.000000 1.000000 0.000000
vn 0.000000 1.000000 0.000000
vn 0.000000 1.000000 0.000000
vn 0.000000 1.000000 0.000000
vn 0.000000 1.000000 0.000000
vn 0.000000 1.000000 0.000000
vn 0.159363 -0.250128 0.955008
vn 0.000000 -0.250128 0.968213
vn 0.141213 -0.271647 0.951981
vn 0.000000 -0.302457 0.953163
vn 0.140317 -0.292411 0.945942
vn 0.139393 -0.312272 0.939710
vn 0.277597 -0.292411 0.915115
vn 0.275768 -0.312272 0.909086
vn 0.408868 -0.292411 0.864479
vn 0.406174 -0.312272 0.858783
vn 0.531288 -0.292411 0.795128
vn 0.527788 -0.312272 0.789890
vn 0.642207 -0.292411 0.708566
vn 0.637976 -0.312272 0.703898
vn 0.739224 -0.292411 0.606666
vn 0.734354 -0.312272 0.602669
vn 0.820240 -0.292411 0.491633
vn 0.814836 -0.312272 0.488394
vn 0.883499 -0.292411 0.365957
vn 0.877679 -0.312272 0.363546
vn 0.927634 -0.292411 0.232360
vn 0.921523 -0.312272 0.230829
vn 0.951688 -0.292411 0.093733
vn 0.945418 -0.312272 0.093116
vn 0.955141 -0.292411 -0.046923
vn 0.948848 -0.312272 -0.046614
vn 0.937918 -0.292411 -0.186563
vn 0.931739 -0.312272 -0.185334
vn 0.900392 -0.292411 -0.322165
vn 0.894460 -0.312272 -0.320043
vn 0.843375 -0.292411 -0.450793
vn 0.837819 -0.312272 -0.447823
vn 0.768102 -0.292411 -0.569663
vn 0.763041 -0.312272 -0.565910
vn 0.676201 -0.292411 -0.676201
vn 0.671746 -0.312272 -0.671746
vn 0.618680 -0.292411 -0.729199
vn 0.614604 -0.312272 -0.724395
vn 0.557019 -0.292411 -0.777319
vn 0.553350 -0.312272 -0.772198
vn 0.491633 -0.292411 -0.820240
vn 0.488394 -0.312272 -0.814836
vn 0.422958 -0.292411 -0.857673
vn 0.420171 -0.312272 -0.852022
vn 0.351453 -0.292411 -0.889369
vn 0.349137 -0.312272 -0.883509
vn 0.277597 -0.292411 -0.915115
vn 0.275768 -0.312272 -0.909086
vn 0.124821 -0.292411 -0.948112
vn 0.123999 -0.312272 -0.941865
vn -0.031289 -0.292411 -0.955781
vn -0.031083 -0.312272 -0.949484
vn -0.186563 -0.292411 -0.937918
vn -0.185334 -0.312272 -0.931739
vn -0.336854 -0.292411 -0.895000
vn -0.334635 -0.312272 -0.889104
vn -0.408868 -0.292411 -0.864479
vn -0.406174 -0.312272 -0.858783
vn -0.478146 -0.292411 -0.828174
vn -0.474996 -0.312272 -0.822718
vn -0.544226 -0.292411 -0.786329
vn -0.540641 -0.312272 -0.781149
vn -0.606666 -0.292411 -0.739224
vn -0.602669 -0.312272 -0.734354
vn -0.665047 -0.292411 -0.687174
vn -0.660665 -0.312272 -0.682647
vn -0.718979 -0.292411 -0.630528
vn -0.714242 -0.312272 -0.626374
vn -0.768102 -0.292411 -0.569663
vn -0.763041 -0.312272 -0.565910
vn -0.812086 -0.292411 -0.504988
vn -0.806736 -0.312272 -0.501661
vn -0.850638 -0.292411 -0.436934
vn -0.845034 -0.312272 -0.434055
vn -0.883499 -0.292411 -0.365957
vn -0.877679 -0.312272 -0.363546
vn -0.931312 -0.292411 -0.217151
vn -0.925176 -0.312272 -0.215721
vn -0.954245 -0.292411 -0.062545
vn -0.947959 -0.312272 -0.062132
vn -0.951688 -0.292411 0.093733
vn -0.945418 -0.312272 0.093116
vn -0.923708 -0.292411 0.247507
vn -0.917622 -0.312272 0.245876
vn -0.900392 -0.292411 0.322165
vn -0.894460 -0.312272 0.320043
vn -0.871053 -0.292411 0.394669
vn -0.865314 -0.312272 0.392069
vn -0.835886 -0.292411 0.464532
vn -0.830379 -0.312272 0.461472
vn -0.795128 -0.292411 0.531288
vn -0.789890 -0.312272 0.527788
vn -0.749052 -0.292411 0.594490
vn -0.744117 -0.312272 0.590573
vn -0.697964 -0.292411 0.653714
vn -0.693365 -0.312272 0.649408
vn -0.642207 -0.292411 0.708566
vn -0.637976 -0.312272 0.703898
vn -0.582154 -0.292411 0.758678
vn -0.578319 -0.312272 0.753680
vn -0.518207 -0.292411 0.803715
vn -0.514793 -0.312272 0.798420
vn -0.450793 -0.292411 0.843375
vn -0.447823 -0.312272 0.837819
vn -0.380364 -0.292411 0.877393
vn -0.377858 -0.312272 0.871613
vn -0.307390 -0.292411 0.905543
vn -0.305365 -0.312272 0.899577
vn -0.155776 -0.292411 0.943520
vn -0.154749 -0.312272 0.937304
vn -0.153699 -0.331244 0.930942
vn -0.000000 -0.349475 0.936946
vn -0.152624 -0.349475 0.924431
vn -0.151515 -0.367212 0.917714
vn -0.298983 -0.367212 0.880775
vn -0.296693 -0.384769 0.874029
vn -0.367127 -0.384769 0.846859
vn -0.364102 -0.402529 0.839881
vn -0.431520 -0.402529 0.807317
vn -0.428617 -0.416255 0.801885
vn -0.492714 -0.416255 0.764176
vn -0.489088 -0.430570 0.758553
vn -0.549442 -0.430570 0.716047
vn -0.544948 -0.445714 0.710191
vn -0.601163 -0.445714 0.663281
vn -0.595609 -0.461951 0.657154
vn -0.647320 -0.461951 0.606282
vn -0.640455 -0.479578 0.599852
vn -0.687334 -0.479578 0.545507
vn -0.678830 -0.498929 0.538758
vn -0.720587 -0.498929 0.481481
vn -0.710022 -0.520378 0.474421
vn -0.746417 -0.520378 0.414811
vn -0.733250 -0.544328 0.407494
vn -0.764099 -0.544328 0.346209
vn -0.747645 -0.571203 0.338753
vn -0.772827 -0.571203 0.276522
vn -0.752220 -0.601436 0.269148
vn -0.771699 -0.601436 0.206776
vn -0.745849 -0.635428 0.199850
vn -0.768442 -0.635428 0.075685
vn -0.735641 -0.673485 0.072454
vn -0.737618 -0.673485 -0.048346
vn -0.696951 -0.715662 -0.045681
vn -0.680201 -0.715662 -0.158601
vn -0.631166 -0.761558 -0.147167
vn -0.598763 -0.761558 -0.248016
vn -0.541717 -0.810058 -0.224386
vn -0.521568 -0.810058 -0.267906
vn -0.455316 -0.859063 -0.233875
vn 0.138447 -0.331244 0.933333
vn 0.137478 -0.349475 0.926805
vn 0.136479 -0.367212 0.920070
vn 0.271981 -0.349475 0.896601
vn 0.270005 -0.367212 0.890086
vn 0.400596 -0.349475 0.846989
vn 0.397685 -0.367212 0.840834
vn 0.520539 -0.349475 0.779042
vn 0.516757 -0.367212 0.773381
vn 0.629214 -0.349475 0.694231
vn 0.624642 -0.367212 0.689186
vn 0.724269 -0.349475 0.594392
vn 0.719006 -0.367212 0.590073
vn 0.803645 -0.349475 0.481686
vn 0.797805 -0.367212 0.478186
vn 0.865625 -0.349475 0.358554
vn 0.859335 -0.367212 0.355948
vn 0.908866 -0.349475 0.227659
vn 0.902262 -0.367212 0.226005
vn 0.932434 -0.349475 0.091837
vn 0.925658 -0.367212 0.091169
vn 0.935817 -0.349475 -0.045974
vn 0.929017 -0.367212 -0.045640
vn 0.918942 -0.349475 -0.182789
vn 0.912265 -0.367212 -0.181461
vn 0.882176 -0.349475 -0.315647
vn 0.875765 -0.367212 -0.313354
vn 0.826312 -0.349475 -0.441673
vn 0.820308 -0.367212 -0.438464
vn 0.752562 -0.349475 -0.558138
vn 0.747093 -0.367212 -0.554082
vn 0.662521 -0.349475 -0.662521
vn 0.657706 -0.367212 -0.657706
vn 0.606163 -0.349475 -0.714446
vn 0.601758 -0.367212 -0.709255
vn 0.545750 -0.349475 -0.761593
vn 0.541784 -0.367212 -0.756059
vn 0.481686 -0.349475 -0.803645
vn 0.478186 -0.367212 -0.797805
vn 0.414400 -0.349475 -0.840321
vn 0.411389 -0.367212 -0.834215
vn 0.344342 -0.349475 -0.871376
vn 0.341840 -0.367212 -0.865044
vn 0.271981 -0.349475 -0.896601
vn 0.270005 -0.367212 -0.890086
vn 0.122296 -0.349475 -0.928930
vn 0.121407 -0.367212 -0.922180
vn -0.030656 -0.349475 -0.936444
vn -0.030433 -0.367212 -0.929639
vn -0.182789 -0.349475 -0.918942
vn -0.181461 -0.367212 -0.912265
vn -0.330039 -0.349475 -0.876893
vn -0.327641 -0.367212 -0.870521
vn -0.400596 -0.349475 -0.846989
vn -0.397685 -0.367212 -0.840834
vn -0.468473 -0.349475 -0.811419
vn -0.465069 -0.367212 -0.805522
vn -0.533216 -0.349475 -0.770421
vn -0.529341 -0.367212 -0.764822
vn -0.594392 -0.349475 -0.724269
vn -0.590073 -0.367212 -0.719006
vn -0.651592 -0.349475 -0.673272
vn -0.646857 -0.367212 -0.668380
vn -0.704433 -0.349475 -0.617771
vn -0.699314 -0.367212 -0.613282
vn -0.752562 -0.349475 -0.558138
vn -0.747093 -0.367212 -0.554082
vn -0.795656 -0.349475 -0.494771
vn -0.789875 -0.367212 -0.491176
vn -0.833428 -0.349475 -0.428094
vn -0.827372 -0.367212 -0.424983
vn -0.865625 -0.349475 -0.358554
vn -0.859335 -0.367212 -0.355948
vn -0.912470 -0.349475 -0.212758
vn -0.905839 -0.367212 -0.211212
vn -0.934940 -0.349475 -0.061279
vn -0.928146 -0.367212 -0.060834
vn -0.932434 -0.349475 0.091837
vn -0.925658 -0.367212 0.091169
vn -0.905020 -0.349475 0.242499
vn -0.898444 -0.367212 0.240737
vn -0.882176 -0.349475 0.315647
vn -0.875765 -0.367212 0.313354
vn -0.853430 -0.349475 0.386684
vn -0.847228 -0.367212 0.383874
vn -0.818975 -0.349475 0.455134
vn -0.813024 -0.367212 0.451827
vn -0.779042 -0.349475 0.520539
vn -0.773381 -0.367212 0.516757
vn -0.733897 -0.349475 0.582462
vn -0.728564 -0.367212 0.578230
vn -0.683843 -0.349475 0.640489
vn -0.678874 -0.367212 0.635835
vn -0.629214 -0.349475 0.694231
vn -0.624642 -0.367212 0.689186
vn -0.570376 -0.349475 0.743329
vn -0.566232 -0.367212 0.737927
vn -0.507723 -0.349475 0.787454
vn -0.504034 -0.367212 0.781732
vn -0.441673 -0.349475 0.826312
vn -0.438464 -0.367212 0.820308
vn -0.372669 -0.349475 0.859642
vn -0.369961 -0.367212 0.853396
vn -0.301171 -0.349475 0.887222
vn 0.000000 -0.393597 0.919283
vn 0.135434 -0.384769 0.913023
vn 0.267936 -0.384769 0.883268
vn 0.394639 -0.384769 0.834394
vn 0.512798 -0.384769 0.767457
vn 0.619858 -0.384769 0.683907
vn 0.713499 -0.384769 0.585553
vn 0.791695 -0.384769 0.474523
vn 0.852753 -0.384769 0.353222
vn 0.895351 -0.384769 0.224274
vn 0.918568 -0.384769 0.090471
vn 0.921901 -0.384769 -0.045290
vn 0.905277 -0.384769 -0.180071
vn 0.869057 -0.384769 -0.310954
vn 0.814025 -0.384769 -0.435105
vn 0.741371 -0.384769 -0.549838
vn 0.652669 -0.384769 -0.652669
vn 0.597149 -0.384769 -0.703822
vn 0.537634 -0.384769 -0.750268
vn 0.474523 -0.384769 -0.791695
vn 0.408238 -0.384769 -0.827825
vn 0.339222 -0.384769 -0.858418
vn 0.267936 -0.384769 -0.883268
vn 0.120477 -0.384769 -0.915116
vn -0.030200 -0.384769 -0.922519
vn -0.180071 -0.384769 -0.905277
vn -0.325131 -0.384769 -0.863853
vn -0.394639 -0.384769 -0.834394
vn -0.461506 -0.384769 -0.799353
vn -0.525287 -0.384769 -0.758964
vn -0.585553 -0.384769 -0.713499
vn -0.641902 -0.384769 -0.663260
vn -0.693958 -0.384769 -0.608585
vn -0.741371 -0.384769 -0.549838
vn -0.783824 -0.384769 -0.487413
vn -0.821035 -0.384769 -0.421728
vn -0.852753 -0.384769 -0.353222
vn -0.898901 -0.384769 -0.209594
vn -0.921037 -0.384769 -0.060368
vn -0.918568 -0.384769 0.090471
vn -0.891562 -0.384769 0.238893
vn -0.869057 -0.384769 0.310954
vn -0.840739 -0.384769 0.380934
vn -0.806797 -0.384769 0.448366
vn -0.767457 -0.384769 0.512798
vn -0.722984 -0.384769 0.573801
vn -0.673674 -0.384769 0.630964
vn -0.619858 -0.384769 0.683907
vn -0.561895 -0.384769 0.732275
vn -0.500173 -0.384769 0.775745
vn -0.435105 -0.384769 0.814025
vn 0.000000 -0.440558 0.897724
vn 0.133414 -0.416255 0.899407
vn 0.134318 -0.402529 0.905499
vn 0.000000 -0.467657 0.883910
vn 0.131350 -0.445714 0.885487
vn 0.132433 -0.430570 0.892789
vn 0.263941 -0.416255 0.870096
vn 0.265729 -0.402529 0.875990
vn 0.391387 -0.402529 0.827518
vn 0.000000 -0.498929 0.866643
vn 0.128756 -0.479578 0.868002
vn 0.130136 -0.461951 0.877306
vn 0.259856 -0.445714 0.856630
vn 0.261999 -0.430570 0.863694
vn 0.385893 -0.430570 0.815902
vn 0.388754 -0.416255 0.821951
vn 0.505151 -0.416255 0.756012
vn 0.508573 -0.402529 0.761133
vn 0.614750 -0.402529 0.678272
vn 0.000000 -0.536041 0.844192
vn 0.125298 -0.520378 0.844693
vn 0.127163 -0.498929 0.857263
vn 0.254725 -0.479578 0.839715
vn 0.257455 -0.461951 0.848716
vn 0.379201 -0.461951 0.801753
vn 0.382737 -0.445714 0.809229
vn 0.497333 -0.445714 0.744311
vn 0.501434 -0.430570 0.750449
vn 0.606120 -0.430570 0.668751
vn 0.610614 -0.416255 0.673708
vn 0.702858 -0.416255 0.576821
vn 0.707619 -0.402529 0.580728
vn 0.785171 -0.402529 0.470613
vn 0.123088 -0.544328 0.829793
vn 0.000000 -0.580887 0.813984
vn 0.120438 -0.571203 0.811924
vn 0.117226 -0.601436 0.790274
vn 0.238268 -0.571203 0.785465
vn 0.231915 -0.601436 0.764520
vn 0.350941 -0.571203 0.742002
vn 0.341583 -0.601436 0.722216
vn 0.456017 -0.571203 0.682477
vn 0.443857 -0.601436 0.664279
vn 0.551221 -0.571203 0.608179
vn 0.536523 -0.601436 0.591962
vn 0.634494 -0.571203 0.520715
vn 0.617574 -0.601436 0.506830
vn 0.704031 -0.571203 0.421980
vn 0.685258 -0.601436 0.410728
vn 0.758328 -0.571203 0.314110
vn 0.738107 -0.601436 0.305734
vn 0.796210 -0.571203 0.199440
vn 0.774979 -0.601436 0.194122
vn 0.816856 -0.571203 0.080453
vn 0.795074 -0.601436 0.078308
vn 0.819820 -0.571203 -0.040275
vn 0.797959 -0.601436 -0.039201
vn 0.805037 -0.571203 -0.160132
vn 0.783570 -0.601436 -0.155862
vn 0.772827 -0.571203 -0.276522
vn 0.752220 -0.601436 -0.269148
vn 0.723888 -0.571203 -0.386926
vn 0.704586 -0.601436 -0.376609
vn 0.659280 -0.571203 -0.488955
vn 0.641700 -0.601436 -0.475917
vn 0.580399 -0.571203 -0.580399
vn 0.564923 -0.601436 -0.564923
vn 0.531027 -0.571203 -0.625889
vn 0.516867 -0.601436 -0.609199
vn 0.478103 -0.571203 -0.667191
vn 0.465354 -0.601436 -0.649400
vn 0.421980 -0.571203 -0.704031
vn 0.410728 -0.601436 -0.685258
vn 0.363034 -0.571203 -0.736161
vn 0.353354 -0.601436 -0.716531
vn 0.301660 -0.571203 -0.763366
vn 0.293616 -0.601436 -0.743011
vn 0.238268 -0.571203 -0.785465
vn 0.231915 -0.601436 -0.764520
vn 0.107137 -0.571203 -0.813786
vn 0.104280 -0.601436 -0.792086
vn -0.026856 -0.571203 -0.820369
vn -0.026140 -0.601436 -0.798493
vn -0.160132 -0.571203 -0.805037
vn -0.155862 -0.601436 -0.783570
vn -0.289130 -0.571203 -0.768200
vn -0.281420 -0.601436 -0.747715
vn -0.350941 -0.571203 -0.742002
vn -0.341583 -0.601436 -0.722216
vn -0.410404 -0.571203 -0.710841
vn -0.399461 -0.601436 -0.691886
vn -0.467122 -0.571203 -0.674925
vn -0.454666 -0.601436 -0.656928
vn -0.520715 -0.571203 -0.634494
vn -0.506830 -0.601436 -0.617574
vn -0.570825 -0.571203 -0.589818
vn -0.555604 -0.601436 -0.574090
vn -0.617117 -0.571203 -0.541197
vn -0.600661 -0.601436 -0.526765
vn -0.659280 -0.571203 -0.488955
vn -0.641700 -0.601436 -0.475917
vn -0.697032 -0.571203 -0.433443
vn -0.678446 -0.601436 -0.421885
vn -0.730122 -0.571203 -0.375031
vn -0.710653 -0.601436 -0.365030
vn -0.758328 -0.571203 -0.314110
vn -0.738107 -0.601436 -0.305734
vn -0.799366 -0.571203 -0.186386
vn -0.778051 -0.601436 -0.181416
vn -0.819051 -0.571203 -0.053683
vn -0.797211 -0.601436 -0.052252
vn -0.816856 -0.571203 0.080453
vn -0.795074 -0.601436 0.078308
vn -0.792840 -0.571203 0.212441
vn 0.000000 -0.635428 0.772160
vn 0.113299 -0.635428 0.763802
vn 0.224146 -0.635428 0.738911
vn 0.330141 -0.635428 0.698024
vn 0.428989 -0.635428 0.642028
vn 0.518551 -0.635428 0.572133
vn 0.596888 -0.635428 0.489853
vn 0.662304 -0.635428 0.396970
vn 0.713383 -0.635428 0.295493
vn 0.749019 -0.635428 0.187620
vn 0.768442 -0.635428 0.075685
vn 0.771230 -0.635428 -0.037888
vn 0.757323 -0.635428 -0.150641
vn 0.727023 -0.635428 -0.260133
vn 0.680984 -0.635428 -0.363994
vn 0.620205 -0.635428 -0.459975
vn 0.546000 -0.635428 -0.546000
vn 0.499554 -0.635428 -0.588793
vn 0.449766 -0.635428 -0.627648
vn 0.396970 -0.635428 -0.662304
vn 0.341518 -0.635428 -0.692529
vn 0.283781 -0.635428 -0.718122
vn 0.224146 -0.635428 -0.738911
vn 0.100787 -0.635428 -0.765554
vn -0.025264 -0.635428 -0.771747
vn -0.150641 -0.635428 -0.757323
vn -0.271993 -0.635428 -0.722669
vn -0.330141 -0.635428 -0.698024
vn -0.386080 -0.635428 -0.668710
vn -0.439436 -0.635428 -0.634923
vn -0.489853 -0.635428 -0.596888
vn -0.536993 -0.635428 -0.554860
vn -0.580541 -0.635428 -0.509120
vn -0.620205 -0.635428 -0.459975
vn -0.655720 -0.635428 -0.407753
vn -0.686849 -0.635428 -0.352803
vn -0.713383 -0.635428 -0.295493
vn -0.751989 -0.635428 -0.175339
vn -0.770507 -0.635428 -0.050502
vn 0.108463 -0.673485 0.731200
vn 0.000000 -0.701158 0.713006
vn 0.102483 -0.715662 0.690887
vn 0.000000 -0.777516 0.628863
vn 0.095095 -0.761558 0.641082
vn 0.086035 -0.810058 0.580004
vn 0.188132 -0.761558 0.620190
vn 0.170208 -0.810058 0.561102
vn 0.277097 -0.761558 0.585872
vn 0.250697 -0.810058 0.530054
vn 0.360063 -0.761558 0.538872
vn 0.325759 -0.810058 0.487532
vn 0.435235 -0.761558 0.480208
vn 0.393769 -0.810058 0.434457
vn 0.500985 -0.761558 0.411148
vn 0.453255 -0.810058 0.371977
vn 0.555891 -0.761558 0.333188
vn 0.502929 -0.810058 0.301444
vn 0.598763 -0.761558 0.248016
vn 0.541717 -0.810058 0.224386
vn 0.628674 -0.761558 0.157475
vn 0.568778 -0.810058 0.142471
vn 0.644976 -0.761558 0.063525
vn 0.583527 -0.810058 0.057472
vn 0.647316 -0.761558 -0.031801
vn 0.585644 -0.810058 -0.028771
vn 0.635643 -0.761558 -0.126437
vn 0.575083 -0.810058 -0.114391
vn 0.610211 -0.761558 -0.218337
vn 0.552074 -0.810058 -0.197535
vn 0.571570 -0.761558 -0.305511
vn 0.517115 -0.810058 -0.276403
vn 0.520556 -0.761558 -0.386071
vn 0.470961 -0.810058 -0.349288
vn 0.458273 -0.761558 -0.458273
vn 0.414612 -0.810058 -0.414612
vn 0.419290 -0.761558 -0.494191
vn 0.379343 -0.810058 -0.447108
vn 0.377502 -0.761558 -0.526803
vn 0.341536 -0.810058 -0.476613
vn 0.333188 -0.761558 -0.555891
vn 0.301444 -0.810058 -0.502929
vn 0.286646 -0.761558 -0.581260
vn 0.259336 -0.810058 -0.525881
vn 0.238186 -0.761558 -0.602741
vn 0.215493 -0.810058 -0.545316
vn 0.188132 -0.761558 -0.620190
vn 0.170208 -0.810058 -0.561102
vn 0.084594 -0.761558 -0.642552
vn 0.076534 -0.810058 -0.581334
vn -0.021205 -0.761558 -0.647749
vn -0.019185 -0.810058 -0.586036
vn -0.126437 -0.761558 -0.635643
vn -0.114391 -0.810058 -0.575083
vn -0.228292 -0.761558 -0.606557
vn -0.206542 -0.810058 -0.548768
vn -0.277097 -0.761558 -0.585872
vn -0.250697 -0.810058 -0.530054
vn -0.324048 -0.761558 -0.561268
vn -0.293175 -0.810058 -0.507794
vn -0.368832 -0.761558 -0.532909
vn -0.333692 -0.810058 -0.482137
vn -0.411148 -0.761558 -0.500985
vn -0.371977 -0.810058 -0.453255
vn -0.450714 -0.761558 -0.465710
vn -0.407773 -0.810058 -0.421340
vn -0.487265 -0.761558 -0.427320
vn -0.440841 -0.810058 -0.386607
vn -0.520556 -0.761558 -0.386071
vn -0.470961 -0.810058 -0.349288
vn -0.550365 -0.761558 -0.342239
vn -0.497930 -0.810058 -0.309633
vn -0.576492 -0.761558 -0.296118
vn 0.000000 -0.859063 0.511870
vn -0.105572 -0.761558 0.639440
vn -0.095514 -0.810058 0.578518
vn -0.083381 -0.859063 0.505033
vn -0.120412 -0.673485 0.729327
vn -0.113774 -0.715662 0.689117
vn -0.208324 -0.761558 0.613702
vn -0.188476 -0.810058 0.555233
vn -0.233220 -0.810058 0.537973
vn -0.203595 -0.859063 0.469638
vn -0.130141 -0.601436 0.788250
vn -0.125781 -0.635428 0.761846
vn -0.237608 -0.673485 0.699971
vn -0.224508 -0.715662 0.661380
vn -0.277806 -0.715662 0.640821
vn -0.257779 -0.761558 0.594625
vn -0.305511 -0.761558 0.571570
vn -0.276403 -0.810058 0.517115
vn -0.317738 -0.810058 0.492797
vn -0.277378 -0.859063 0.430200
vn -0.133706 -0.571203 0.809845
vn -0.136649 -0.544328 0.827668
vn -0.139102 -0.520378 0.842530
vn -0.269647 -0.544328 0.794354
vn -0.274489 -0.520378 0.808618
vn -0.333660 -0.544328 0.769661
vn -0.339652 -0.520378 0.783482
vn -0.395442 -0.544328 0.739819
vn -0.402543 -0.520378 0.753104
vn -0.454578 -0.544328 0.705029
vn -0.462741 -0.520378 0.717689
vn -0.510673 -0.544328 0.665522
vn -0.519843 -0.520378 0.677473
vn -0.563352 -0.544328 0.621564
vn -0.573468 -0.520378 0.632725
vn -0.612263 -0.544328 0.573447
vn -0.623257 -0.520378 0.583744
vn -0.657078 -0.544328 0.521494
vn -0.668877 -0.520378 0.530858
vn -0.697497 -0.544328 0.466053
vn -0.141172 -0.498929 0.855067
vn -0.278573 -0.498929 0.820650
vn -0.344706 -0.498929 0.795140
vn -0.408533 -0.498929 0.764311
vn -0.469627 -0.498929 0.728369
vn -0.527579 -0.498929 0.687554
vn -0.582002 -0.498929 0.642140
vn -0.632532 -0.498929 0.592430
vn -0.142941 -0.479578 0.865779
vn -0.144473 -0.461951 0.875059
vn -0.145820 -0.445714 0.883219
vn -0.147023 -0.430570 0.890502
vn -0.287745 -0.445714 0.847669
vn -0.290118 -0.430570 0.854659
vn -0.356055 -0.445714 0.821319
vn -0.358991 -0.430570 0.828091
vn -0.421983 -0.445714 0.789474
vn -0.425463 -0.430570 0.795984
vn -0.485088 -0.445714 0.752349
vn -0.148112 -0.416255 0.897104
vn -0.149116 -0.402529 0.903180
vn -0.150355 -0.384769 0.910684
vn -0.294248 -0.402529 0.866827
vn -0.156770 -0.271647 0.949543
vn -0.159363 -0.250128 0.955008
vn -0.309352 -0.271647 0.911323
vn -0.314378 -0.250128 0.915752
vn -0.382792 -0.271647 0.882994
vn -0.460818 -0.250128 0.851518
vn -0.453671 -0.271647 0.848758
vn -0.521515 -0.271647 0.808845
vn -0.594689 -0.250128 0.764056
vn -0.585870 -0.271647 0.763521
vn -0.646306 -0.271647 0.713089
vn -0.712337 -0.250128 0.655753
vn -0.702419 -0.271647 0.657887
vn -0.753833 -0.271647 0.598284
vn -0.810555 -0.250128 0.529562
vn -0.800204 -0.271647 0.534679
vn -0.841222 -0.271647 0.467497
vn -0.886663 -0.250128 0.388927
vn -0.876613 -0.271647 0.397188
vn -0.906139 -0.271647 0.324222
vn -0.938586 -0.250128 0.237682
vn -0.929604 -0.271647 0.249087
vn -0.957763 -0.271647 0.094331
vn -0.964906 -0.250128 0.079954
vn -0.960337 -0.271647 -0.062944
vn -0.964906 -0.250128 -0.079954
vn -0.937256 -0.271647 -0.218538
vn -0.938586 -0.250128 -0.237682
vn -0.889139 -0.271647 -0.368293
vn -0.886663 -0.250128 -0.388927
vn -0.856068 -0.271647 -0.439723
vn -0.810555 -0.250128 -0.529562
vn -0.817270 -0.271647 -0.508211
vn -0.773005 -0.271647 -0.573299
vn -0.712337 -0.250128 -0.655753
vn -0.723568 -0.271647 -0.634552
vn -0.669292 -0.271647 -0.691561
vn -0.594689 -0.250128 -0.764056
vn -0.610538 -0.271647 -0.743943
vn -0.547700 -0.271647 -0.791349
vn -0.460818 -0.250128 -0.851518
vn -0.481199 -0.271647 -0.833460
vn -0.411478 -0.271647 -0.869997
vn -0.314378 -0.250128 -0.915752
vn -0.339004 -0.271647 -0.900713
vn -0.187754 -0.271647 -0.943905
vn -0.159363 -0.250128 -0.955008
vn -0.031489 -0.271647 -0.961882
vn 0.000000 -0.250128 -0.968213
vn 0.125618 -0.271647 -0.954164
vn 0.159363 -0.250128 -0.955008
vn 0.279369 -0.271647 -0.920957
vn 0.314378 -0.250128 -0.915752
vn 0.353696 -0.271647 -0.895046
vn 0.460818 -0.250128 -0.851518
vn 0.425657 -0.271647 -0.863148
vn 0.494771 -0.271647 -0.825476
vn 0.594689 -0.250128 -0.764056
vn 0.560575 -0.271647 -0.782281
vn 0.622629 -0.271647 -0.733854
vn 0.712337 -0.250128 -0.655753
vn 0.680518 -0.271647 -0.680518
vn 0.773005 -0.271647 -0.573299
vn 0.810555 -0.250128 -0.529562
vn 0.848758 -0.271647 -0.453671
vn 0.886663 -0.250128 -0.388927
vn 0.906139 -0.271647 -0.324222
vn 0.938586 -0.250128 -0.237682
vn 0.943905 -0.271647 -0.187754
vn 0.964906 -0.250128 -0.079954
vn 0.961238 -0.271647 -0.047223
vn 0.964906 -0.250128 0.079954
vn 0.957763 -0.271647 0.094331
vn 0.938586 -0.250128 0.237682
vn 0.933555 -0.271647 0.233843
vn 0.889139 -0.271647 0.368293
vn 0.886663 -0.250128 0.388927
vn 0.825476 -0.271647 0.494771
vn 0.810555 -0.250128 0.529562
vn 0.743943 -0.271647 0.610538
vn 0.712337 -0.250128 0.655753
vn 0.646306 -0.271647 0.713089
vn 0.594689 -0.250128 0.764056
vn 0.534679 -0.271647 0.800204
vn 0.460818 -0.250128 0.851518
vn 0.411478 -0.271647 0.869997
vn 0.314378 -0.250128 0.915752
vn 0.279369 -0.271647 0.920957
vn 0.075107 -0.859063 0.506330
vn 0.148588 -0.859063 0.489829
vn 0.218853 -0.859063 0.462725
vn 0.284380 -0.859063 0.425604
vn 0.343751 -0.859063 0.379270
vn 0.395681 -0.859063 0.324727
vn 0.439045 -0.859063 0.263154
vn 0.472906 -0.859063 0.195884
vn 0.496530 -0.859063 0.124374
vn 0.509405 -0.859063 0.050172
vn 0.511253 -0.859063 -0.025116
vn 0.502034 -0.859063 -0.099861
vn 0.481948 -0.859063 -0.172444
vn 0.411138 -0.859063 -0.304920
vn 0.361947 -0.859063 -0.361947
vn 0.331157 -0.859063 -0.390315
vn 0.298153 -0.859063 -0.416072
vn 0.263154 -0.859063 -0.439045
vn 0.226394 -0.859063 -0.459082
vn 0.188120 -0.859063 -0.476048
vn 0.148588 -0.859063 -0.489829
vn 0.066812 -0.859063 -0.507491
vn -0.016748 -0.859063 -0.511596
vn -0.099861 -0.859063 -0.502034
vn -0.180306 -0.859063 -0.479062
vn -0.218853 -0.859063 -0.462725
vn -0.255935 -0.859063 -0.443292
vn -0.291305 -0.859063 -0.420894
vn -0.324727 -0.859063 -0.395681
vn -0.355976 -0.859063 -0.367820
vn -0.384844 -0.859063 -0.337499
vn -0.411138 -0.859063 -0.304920
vn -0.472906 -0.859063 -0.195884
vn -0.571033 -0.810058 -0.133146
vn -0.498498 -0.859063 -0.116233
vn -0.585095 -0.810058 -0.038349
vn -0.510774 -0.859063 -0.033478
vn -0.583527 -0.810058 0.057472
vn -0.509405 -0.859063 0.050172
vn -0.566371 -0.810058 0.151759
vn -0.494428 -0.859063 0.132482
vn -0.552074 -0.810058 0.197535
vn -0.481948 -0.859063 0.172444
vn -0.534085 -0.810058 0.241991
vn -0.466244 -0.859063 0.211252
vn -0.512523 -0.810058 0.284827
vn -0.447420 -0.859063 0.248648
vn -0.487532 -0.810058 0.325759
vn -0.425604 -0.859063 0.284380
vn -0.459280 -0.810058 0.364511
vn -0.400941 -0.859063 0.318209
vn -0.427956 -0.810058 0.400824
vn -0.373595 -0.859063 0.349910
vn -0.393769 -0.810058 0.434457
vn -0.343751 -0.859063 0.379270
vn -0.356947 -0.810058 0.465183
vn -0.311607 -0.859063 0.406094
vn -0.241294 -0.859063 0.451429
vn -0.164535 -0.859063 0.484705
vn 0.443292 -0.859063 -0.255935
vn -0.443292 -0.859063 -0.255935
vn 0.202748 -0.715662 0.668371
vn 0.298624 -0.715662 0.631388
vn 0.388036 -0.715662 0.580737
vn 0.469048 -0.715662 0.517515
vn 0.539906 -0.715662 0.443090
vn 0.599077 -0.715662 0.359073
vn 0.645280 -0.715662 0.267284
vn 0.677515 -0.715662 0.169709
vn 0.695083 -0.715662 0.068460
vn 0.697605 -0.715662 -0.034271
vn 0.685026 -0.715662 -0.136260
vn 0.657618 -0.715662 -0.235299
vn 0.615975 -0.715662 -0.329245
vn 0.560997 -0.715662 -0.416064
vn 0.493876 -0.715662 -0.493876
vn 0.451864 -0.715662 -0.532584
vn 0.406829 -0.715662 -0.567730
vn 0.359073 -0.715662 -0.599077
vn 0.308915 -0.715662 -0.626417
vn 0.256690 -0.715662 -0.649567
vn 0.202748 -0.715662 -0.668371
vn 0.091166 -0.715662 -0.692471
vn -0.022853 -0.715662 -0.698072
vn -0.136260 -0.715662 -0.685026
vn -0.246028 -0.715662 -0.653680
vn -0.298624 -0.715662 -0.631388
vn -0.349223 -0.715662 -0.604872
vn -0.397486 -0.715662 -0.574310
vn -0.443090 -0.715662 -0.539906
vn -0.485729 -0.715662 -0.501891
vn -0.525120 -0.715662 -0.460518
vn -0.560997 -0.715662 -0.416064
vn -0.593122 -0.715662 -0.368827
vn -0.621279 -0.715662 -0.319123
vn -0.645280 -0.715662 -0.267284
vn 0.214579 -0.673485 0.707371
vn 0.316049 -0.673485 0.668229
vn 0.410678 -0.673485 0.614623
vn 0.496417 -0.673485 0.547712
vn 0.571410 -0.673485 0.468944
vn 0.634034 -0.673485 0.380025
vn 0.682932 -0.673485 0.282880
vn 0.717048 -0.673485 0.179611
vn 0.735641 -0.673485 0.072454
vn 0.738310 -0.673485 -0.036271
vn 0.724997 -0.673485 -0.144211
vn 0.695990 -0.673485 -0.249029
vn 0.651917 -0.673485 -0.348457
vn 0.593732 -0.673485 -0.440341
vn 0.522694 -0.673485 -0.522694
vn 0.478230 -0.673485 -0.563661
vn 0.430568 -0.673485 -0.600857
vn 0.380025 -0.673485 -0.634034
vn 0.326940 -0.673485 -0.662969
vn 0.271668 -0.673485 -0.687469
vn 0.214579 -0.673485 -0.707371
vn 0.096485 -0.673485 -0.732877
vn -0.024186 -0.673485 -0.738805
vn -0.144211 -0.673485 -0.724997
vn -0.260383 -0.673485 -0.691822
vn -0.316049 -0.673485 -0.668229
vn -0.369600 -0.673485 -0.640167
vn -0.420679 -0.673485 -0.607821
vn -0.468944 -0.673485 -0.571410
vn -0.514072 -0.673485 -0.531176
vn -0.555760 -0.673485 -0.487389
vn -0.593732 -0.673485 -0.440341
vn -0.627731 -0.673485 -0.390348
vn -0.657531 -0.673485 -0.337744
vn -0.682932 -0.673485 -0.282880
vn -0.719890 -0.673485 -0.167855
vn 0.243512 -0.544328 0.802751
vn 0.358664 -0.544328 0.758332
vn 0.466053 -0.544328 0.697497
vn 0.563352 -0.544328 0.621564
vn 0.648457 -0.544328 0.532175
vn 0.719525 -0.544328 0.431267
vn 0.775017 -0.544328 0.321023
vn 0.813733 -0.544328 0.203829
vn 0.834833 -0.544328 0.082224
vn 0.837862 -0.544328 -0.041162
vn 0.822754 -0.544328 -0.163656
vn 0.789835 -0.544328 -0.282608
vn 0.739819 -0.544328 -0.395442
vn 0.673789 -0.544328 -0.499716
vn 0.593172 -0.544328 -0.593172
vn 0.542714 -0.544328 -0.639663
vn 0.488625 -0.544328 -0.681875
vn 0.431267 -0.544328 -0.719525
vn 0.371024 -0.544328 -0.752362
vn 0.308299 -0.544328 -0.780166
vn 0.243512 -0.544328 -0.802751
vn 0.109495 -0.544328 -0.831696
vn -0.027447 -0.544328 -0.838423
vn -0.163656 -0.544328 -0.822754
vn -0.295493 -0.544328 -0.785106
vn -0.358664 -0.544328 -0.758332
vn -0.419436 -0.544328 -0.726485
vn -0.477402 -0.544328 -0.689778
vn -0.532175 -0.544328 -0.648457
vn -0.583388 -0.544328 -0.602798
vn -0.630698 -0.544328 -0.553107
vn -0.673789 -0.544328 -0.499716
vn -0.712372 -0.544328 -0.442982
vn -0.746191 -0.544328 -0.383284
vn -0.775017 -0.544328 -0.321023
vn -0.816959 -0.544328 -0.190488
vn -0.837076 -0.544328 -0.054865
vn -0.834833 -0.544328 0.082224
vn -0.810289 -0.544328 0.217116
vn -0.789835 -0.544328 0.282608
vn 0.247885 -0.520378 0.817166
vn 0.365105 -0.520378 0.771949
vn 0.474421 -0.520378 0.710022
vn 0.573468 -0.520378 0.632725
vn 0.660102 -0.520378 0.541731
vn 0.732445 -0.520378 0.439011
vn 0.788934 -0.520378 0.326787
vn 0.828345 -0.520378 0.207490
vn 0.849824 -0.520378 0.083700
vn 0.852907 -0.520378 -0.041901
vn 0.837528 -0.520378 -0.166595
vn 0.804018 -0.520378 -0.287682
vn 0.753104 -0.520378 -0.402543
vn 0.685888 -0.520378 -0.508689
vn 0.603824 -0.520378 -0.603824
vn 0.552459 -0.520378 -0.651149
vn 0.497399 -0.520378 -0.694119
vn 0.439011 -0.520378 -0.732445
vn 0.377686 -0.520378 -0.765872
vn 0.313835 -0.520378 -0.794175
vn 0.247885 -0.520378 -0.817166
vn 0.111461 -0.520378 -0.846631
vn -0.027940 -0.520378 -0.853479
vn -0.166595 -0.520378 -0.837528
vn -0.300799 -0.520378 -0.799204
vn -0.365105 -0.520378 -0.771949
vn -0.426968 -0.520378 -0.739530
vn -0.485975 -0.520378 -0.702164
vn -0.541731 -0.520378 -0.660102
vn -0.593864 -0.520378 -0.613623
vn -0.642023 -0.520378 -0.563039
vn -0.685888 -0.520378 -0.508689
vn -0.725164 -0.520378 -0.450936
vn -0.759590 -0.520378 -0.390167
vn -0.788934 -0.520378 -0.326787
vn -0.831629 -0.520378 -0.193909
vn -0.852108 -0.520378 -0.055850
vn -0.849824 -0.520378 0.083700
vn -0.824839 -0.520378 0.221015
vn -0.804018 -0.520378 0.287682
vn -0.777819 -0.520378 0.352425
vn 0.251573 -0.498929 0.829326
vn 0.370538 -0.498929 0.783436
vn 0.481481 -0.498929 0.720587
vn 0.582002 -0.498929 0.642140
vn 0.669924 -0.498929 0.549792
vn 0.743344 -0.498929 0.445544
vn 0.800674 -0.498929 0.331650
vn 0.840671 -0.498929 0.210577
vn 0.862470 -0.498929 0.084946
vn 0.865599 -0.498929 -0.042524
vn 0.849991 -0.498929 -0.169074
vn 0.815983 -0.498929 -0.291963
vn 0.764311 -0.498929 -0.408533
vn 0.696094 -0.498929 -0.516259
vn 0.612809 -0.498929 -0.612809
vn 0.560680 -0.498929 -0.660839
vn 0.504800 -0.498929 -0.704448
vn 0.445544 -0.498929 -0.743344
vn 0.383306 -0.498929 -0.777268
vn 0.318505 -0.498929 -0.805993
vn 0.251573 -0.498929 -0.829326
vn 0.113120 -0.498929 -0.859229
vn -0.028356 -0.498929 -0.866179
vn -0.169074 -0.498929 -0.849991
vn -0.305275 -0.498929 -0.811096
vn -0.370538 -0.498929 -0.783436
vn -0.433321 -0.498929 -0.750535
vn -0.493207 -0.498929 -0.712613
vn -0.549792 -0.498929 -0.669924
vn -0.602700 -0.498929 -0.622754
vn -0.651577 -0.498929 -0.571417
vn -0.696094 -0.498929 -0.516259
vn -0.735955 -0.498929 -0.457646
vn -0.770893 -0.498929 -0.395973
vn -0.800674 -0.498929 -0.331650
vn -0.844004 -0.498929 -0.196794
vn -0.864787 -0.498929 -0.056681
vn -0.862470 -0.498929 0.084946
vn -0.837113 -0.498929 0.224304
vn -0.815983 -0.498929 0.291963
vn -0.789394 -0.498929 0.357670
vn -0.757524 -0.498929 0.420983
vn 0.273897 -0.331244 0.902916
vn 0.403417 -0.331244 0.852955
vn 0.524206 -0.331244 0.784529
vn 0.633646 -0.331244 0.699121
vn 0.729370 -0.331244 0.598579
vn 0.809306 -0.331244 0.485079
vn 0.871722 -0.331244 0.361079
vn 0.915268 -0.331244 0.229263
vn 0.939002 -0.331244 0.092484
vn 0.942408 -0.331244 -0.046298
vn 0.925415 -0.331244 -0.184077
vn 0.888389 -0.331244 -0.317871
vn 0.832132 -0.331244 -0.444784
vn 0.757862 -0.331244 -0.562069
vn 0.667187 -0.331244 -0.667187
vn 0.610432 -0.331244 -0.719479
vn 0.549594 -0.331244 -0.766957
vn 0.485079 -0.331244 -0.809306
vn 0.417319 -0.331244 -0.846240
vn 0.346768 -0.331244 -0.877513
vn 0.273897 -0.331244 -0.902916
vn 0.123157 -0.331244 -0.935473
vn -0.030872 -0.331244 -0.943040
vn -0.184077 -0.331244 -0.925415
vn -0.332364 -0.331244 -0.883069
vn -0.403417 -0.331244 -0.852955
vn -0.471773 -0.331244 -0.817134
vn -0.536972 -0.331244 -0.775847
vn -0.598579 -0.331244 -0.729370
vn -0.656181 -0.331244 -0.678014
vn -0.709395 -0.331244 -0.622122
vn -0.757862 -0.331244 -0.562069
vn -0.801260 -0.331244 -0.498256
vn -0.839298 -0.331244 -0.431109
vn -0.871722 -0.331244 -0.361079
vn -0.918897 -0.331244 -0.214257
vn -0.941525 -0.331244 -0.061711
vn -0.939002 -0.331244 0.092484
vn -0.911395 -0.331244 0.244207
vn -0.888389 -0.331244 0.317871
vn -0.859441 -0.331244 0.389408
vn -0.824744 -0.331244 0.458340
vn -0.784529 -0.331244 0.524206
vn -0.739066 -0.331244 0.586565
vn -0.688660 -0.331244 0.645000
vn -0.633646 -0.331244 0.699121
vn -0.574394 -0.331244 0.748565
vn -0.511299 -0.331244 0.793001
vn -0.444784 -0.331244 0.832132
vn -0.375294 -0.331244 0.865697
vn -0.303293 -0.331244 0.893471
vn -0.292268 -0.416255 0.860994
vn -0.361652 -0.416255 0.834230
vn -0.285086 -0.461951 0.839838
vn -0.352765 -0.461951 0.813731
vn -0.418084 -0.461951 0.782181
vn -0.480607 -0.461951 0.745398
vn -0.539914 -0.461951 0.703629
vn -0.282063 -0.479578 0.830931
vn -0.349024 -0.479578 0.805101
vn -0.413650 -0.479578 0.773885
vn -0.475510 -0.479578 0.737493
vn -0.534188 -0.479578 0.696167
vn -0.589293 -0.479578 0.650184
vn -0.263840 -0.571203 0.777248
vn -0.326475 -0.571203 0.753087
vn -0.386926 -0.571203 0.723888
vn -0.444789 -0.571203 0.689847
vn -0.499677 -0.571203 0.651191
vn -0.551221 -0.571203 0.608179
vn -0.599079 -0.571203 0.561098
vn -0.642928 -0.571203 0.510264
vn -0.682477 -0.571203 0.456017
vn -0.717461 -0.571203 0.398719
vn -0.256805 -0.601436 0.756523
vn -0.317770 -0.601436 0.733006
vn -0.376609 -0.601436 0.704586
vn -0.432929 -0.601436 0.671452
vn -0.486352 -0.601436 0.633827
vn -0.536523 -0.601436 0.591962
vn -0.583104 -0.601436 0.546136
vn -0.625784 -0.601436 0.496658
vn -0.664279 -0.601436 0.443857
vn -0.698329 -0.601436 0.388087
vn -0.727708 -0.601436 0.329720
vn -0.248203 -0.635428 0.731182
vn -0.307125 -0.635428 0.708453
vn -0.363994 -0.635428 0.680984
vn -0.418427 -0.635428 0.648961
vn -0.470061 -0.635428 0.612596
vn -0.518551 -0.635428 0.572133
vn -0.563572 -0.635428 0.527843
vn -0.604823 -0.635428 0.480021
vn -0.642028 -0.635428 0.428989
vn -0.674938 -0.635428 0.375087
vn -0.703333 -0.635428 0.318676
vn -0.727023 -0.635428 0.260133
vn -0.294016 -0.673485 0.678213
vn -0.329245 -0.715662 0.615975
vn -0.351198 -0.761558 0.544692
vn -0.348457 -0.673485 0.651917
vn -0.400567 -0.673485 0.621260
vn -0.449997 -0.673485 0.586447
vn -0.496417 -0.673485 0.547712
vn -0.539516 -0.673485 0.505312
vn -0.579006 -0.673485 0.459532
vn -0.614623 -0.673485 0.410678
vn -0.646128 -0.673485 0.359077
vn -0.673311 -0.673485 0.305073
vn -0.695990 -0.673485 0.249029
vn -0.714013 -0.673485 0.191319
vn -0.496051 -0.402529 0.769353
vn -0.557265 -0.402529 0.726241
vn -0.614750 -0.402529 0.678272
vn -0.668123 -0.402529 0.625765
vn -0.717026 -0.402529 0.569073
vn -0.761133 -0.402529 0.508573
vn -0.800149 -0.402529 0.444671
vn -0.833811 -0.402529 0.377795
vn -0.861896 -0.402529 0.308391
vn -0.884215 -0.402529 0.236925
vn -0.910999 -0.402529 0.089726
vn -0.913447 -0.402529 -0.059870
vn -0.891494 -0.402529 -0.207867
vn -0.845726 -0.402529 -0.350311
vn -0.814269 -0.402529 -0.418253
vn -0.777366 -0.402529 -0.483397
vn -0.735262 -0.402529 -0.545307
vn -0.688240 -0.402529 -0.603570
vn -0.636613 -0.402529 -0.657795
vn -0.580728 -0.402529 -0.707619
vn -0.520958 -0.402529 -0.752710
vn -0.457704 -0.402529 -0.792766
vn -0.391387 -0.402529 -0.827518
vn -0.322452 -0.402529 -0.856735
vn -0.178587 -0.402529 -0.897818
vn -0.029951 -0.402529 -0.914917
vn 0.119485 -0.402529 -0.907576
vn 0.265729 -0.402529 -0.875990
vn 0.336427 -0.402529 -0.851344
vn 0.404874 -0.402529 -0.821004
vn 0.470613 -0.402529 -0.785171
vn 0.533204 -0.402529 -0.744086
vn 0.592228 -0.402529 -0.698023
vn 0.647291 -0.402529 -0.647291
vn 0.735262 -0.402529 -0.545307
vn 0.807317 -0.402529 -0.431520
vn 0.861896 -0.402529 -0.308391
vn 0.897818 -0.402529 -0.178587
vn 0.914305 -0.402529 -0.044917
vn 0.910999 -0.402529 0.089726
vn 0.887974 -0.402529 0.222426
vn 0.845726 -0.402529 0.350311
vn -0.553515 -0.416255 0.721355
vn -0.606120 -0.430570 0.668751
vn -0.653357 -0.445714 0.611935
vn -0.694701 -0.461951 0.551354
vn -0.729614 -0.479578 0.487513
vn -0.378482 -0.715662 0.587008
vn -0.394536 -0.761558 0.514169
vn -0.425187 -0.715662 0.554115
vn -0.469048 -0.715662 0.517515
vn -0.509771 -0.715662 0.477453
vn -0.547084 -0.715662 0.434197
vn -0.580737 -0.715662 0.388036
vn -0.610505 -0.715662 0.339280
vn -0.636189 -0.715662 0.288254
vn -0.657618 -0.715662 0.235299
vn -0.674647 -0.715662 0.180771
vn -0.695083 -0.715662 0.068460
vn -0.610614 -0.416255 0.673708
vn -0.663627 -0.416255 0.621555
vn -0.712202 -0.416255 0.565244
vn -0.756012 -0.416255 0.505151
vn -0.794765 -0.416255 0.441679
vn -0.828201 -0.416255 0.375253
vn -0.856097 -0.416255 0.306316
vn -0.878266 -0.416255 0.235331
vn -0.904870 -0.416255 0.089122
vn -0.907301 -0.416255 -0.059468
vn -0.885496 -0.416255 -0.206469
vn -0.840036 -0.416255 -0.347954
vn -0.808791 -0.416255 -0.415439
vn -0.772135 -0.416255 -0.480145
vn -0.730315 -0.416255 -0.541638
vn -0.683609 -0.416255 -0.599509
vn -0.632330 -0.416255 -0.653369
vn -0.576821 -0.416255 -0.702858
vn -0.517453 -0.416255 -0.747646
vn -0.454624 -0.416255 -0.787432
vn -0.388754 -0.416255 -0.821951
vn -0.320283 -0.416255 -0.850971
vn -0.177385 -0.416255 -0.891777
vn -0.029750 -0.416255 -0.908761
vn 0.118681 -0.416255 -0.901469
vn 0.263941 -0.416255 -0.870096
vn 0.334163 -0.416255 -0.845616
vn 0.402150 -0.416255 -0.815480
vn 0.467447 -0.416255 -0.779888
vn 0.529617 -0.416255 -0.739079
vn 0.588244 -0.416255 -0.693326
vn 0.642935 -0.416255 -0.642935
vn 0.730315 -0.416255 -0.541638
vn 0.801885 -0.416255 -0.428617
vn 0.856097 -0.416255 -0.306316
vn 0.891777 -0.416255 -0.177385
vn 0.908153 -0.416255 -0.044615
vn 0.904870 -0.416255 0.089122
vn 0.881999 -0.416255 0.220929
vn 0.840036 -0.416255 0.347954
vn 0.779888 -0.416255 0.467447
vn -0.658744 -0.430570 0.616981
vn -0.701179 -0.445714 0.556495
vn -0.737435 -0.461951 0.492738
vn -0.767014 -0.479578 0.426257
vn -0.435235 -0.761558 0.480208
vn -0.473022 -0.761558 0.443034
vn -0.507645 -0.761558 0.402896
vn -0.538872 -0.761558 0.360063
vn -0.566495 -0.761558 0.314822
vn -0.590328 -0.761558 0.267474
vn -0.610211 -0.761558 0.218337
vn -0.626013 -0.761558 0.167740
vn -0.644976 -0.761558 0.063525
vn -0.646709 -0.761558 -0.042388
vn -0.706961 -0.430570 0.561084
vn -0.750449 -0.430570 0.501434
vn -0.788917 -0.430570 0.438429
vn -0.822107 -0.430570 0.372492
vn -0.849797 -0.430570 0.304062
vn -0.871803 -0.430570 0.233599
vn -0.898211 -0.430570 0.088466
vn -0.900625 -0.430570 -0.059030
vn -0.878980 -0.430570 -0.204949
vn -0.833854 -0.430570 -0.345394
vn -0.802839 -0.430570 -0.412382
vn -0.766454 -0.430570 -0.476612
vn -0.724941 -0.430570 -0.537653
vn -0.678579 -0.430570 -0.595097
vn -0.627677 -0.430570 -0.648561
vn -0.572576 -0.430570 -0.697686
vn -0.513646 -0.430570 -0.742144
vn -0.451279 -0.430570 -0.781638
vn -0.385893 -0.430570 -0.815902
vn -0.317926 -0.430570 -0.844709
vn -0.176080 -0.430570 -0.885215
vn -0.029531 -0.430570 -0.902074
vn 0.117807 -0.430570 -0.894836
vn 0.261999 -0.430570 -0.863694
vn 0.331704 -0.430570 -0.839394
vn 0.399191 -0.430570 -0.809479
vn 0.464007 -0.430570 -0.774149
vn 0.525720 -0.430570 -0.733641
vn 0.583915 -0.430570 -0.688225
vn 0.638204 -0.430570 -0.638204
vn 0.724941 -0.430570 -0.537653
vn 0.795984 -0.430570 -0.425463
vn 0.849797 -0.430570 -0.304062
vn 0.885215 -0.430570 -0.176080
vn 0.901470 -0.430570 -0.044286
vn 0.898211 -0.430570 0.088466
vn 0.875509 -0.430570 0.219304
vn 0.833854 -0.430570 0.345394
vn 0.774149 -0.430570 0.464007
vn 0.697686 -0.430570 0.572576
vn -0.744311 -0.445714 0.497333
vn -0.775236 -0.461951 0.430826
vn -0.799282 -0.479578 0.362150
vn -0.782464 -0.445714 0.434844
vn -0.815383 -0.445714 0.369445
vn -0.842847 -0.445714 0.301576
vn -0.864673 -0.445714 0.231688
vn -0.890865 -0.445714 0.087743
vn -0.893259 -0.445714 -0.058547
vn -0.871791 -0.445714 -0.203273
vn -0.827034 -0.445714 -0.342569
vn -0.796273 -0.445714 -0.409009
vn -0.760185 -0.445714 -0.472713
vn -0.719012 -0.445714 -0.533255
vn -0.673029 -0.445714 -0.590230
vn -0.622543 -0.445714 -0.643257
vn -0.567893 -0.445714 -0.691980
vn -0.509445 -0.445714 -0.736074
vn -0.447588 -0.445714 -0.775245
vn -0.382737 -0.445714 -0.809229
vn -0.315326 -0.445714 -0.837800
vn -0.174640 -0.445714 -0.877975
vn -0.029289 -0.445714 -0.894696
vn 0.116844 -0.445714 -0.887517
vn 0.259856 -0.445714 -0.856630
vn 0.328991 -0.445714 -0.832529
vn 0.395926 -0.445714 -0.802859
vn 0.460212 -0.445714 -0.767818
vn 0.521420 -0.445714 -0.727641
vn 0.579139 -0.445714 -0.682596
vn 0.632985 -0.445714 -0.632985
vn 0.719012 -0.445714 -0.533255
vn 0.789474 -0.445714 -0.421983
vn 0.842847 -0.445714 -0.301576
vn 0.877975 -0.445714 -0.174640
vn 0.894097 -0.445714 -0.043924
vn 0.890865 -0.445714 0.087743
vn 0.868348 -0.445714 0.217510
vn 0.827034 -0.445714 0.342569
vn 0.767818 -0.445714 0.460212
vn 0.691980 -0.445714 0.567893
vn 0.601163 -0.445714 0.663281
vn -0.807850 -0.461951 0.366032
vn -0.826204 -0.479578 0.295621
vn -0.835061 -0.461951 0.298789
vn -0.856685 -0.461951 0.229548
vn -0.882635 -0.461951 0.086932
vn -0.885007 -0.461951 -0.058006
vn -0.863737 -0.461951 -0.201395
vn -0.819394 -0.461951 -0.339404
vn -0.788917 -0.461951 -0.405231
vn -0.753162 -0.461951 -0.468346
vn -0.712369 -0.461951 -0.528329
vn -0.666811 -0.461951 -0.584777
vn -0.616792 -0.461951 -0.637314
vn -0.562647 -0.461951 -0.685587
vn -0.504738 -0.461951 -0.729274
vn -0.443453 -0.461951 -0.768083
vn -0.379201 -0.461951 -0.801753
vn -0.312412 -0.461951 -0.830060
vn -0.173027 -0.461951 -0.869864
vn -0.029019 -0.461951 -0.886431
vn 0.115764 -0.461951 -0.879318
vn 0.257455 -0.461951 -0.848716
vn 0.325952 -0.461951 -0.824837
vn 0.392268 -0.461951 -0.795441
vn 0.455961 -0.461951 -0.760724
vn 0.516603 -0.461951 -0.720918
vn 0.573789 -0.461951 -0.676290
vn 0.627137 -0.461951 -0.627137
vn 0.712369 -0.461951 -0.528329
vn 0.782181 -0.461951 -0.418084
vn 0.835061 -0.461951 -0.298789
vn 0.869864 -0.461951 -0.173027
vn 0.885837 -0.461951 -0.043518
vn 0.882635 -0.461951 0.086932
vn 0.860326 -0.461951 0.215500
vn 0.819394 -0.461951 0.339404
vn 0.760724 -0.461951 0.455961
vn 0.685587 -0.461951 0.562647
vn 0.595609 -0.461951 0.657154
vn 0.492738 -0.461951 0.737435
vn -0.847599 -0.479578 0.227114
vn -0.873274 -0.479578 0.086010
vn -0.875621 -0.479578 -0.057391
vn -0.854576 -0.479578 -0.199259
vn -0.810704 -0.479578 -0.335804
vn -0.780550 -0.479578 -0.400933
vn -0.745174 -0.479578 -0.463379
vn -0.704814 -0.479578 -0.522726
vn -0.659739 -0.479578 -0.578576
vn -0.610250 -0.479578 -0.630555
vn -0.556680 -0.479578 -0.678316
vn -0.499385 -0.479578 -0.721540
vn -0.438750 -0.479578 -0.759937
vn -0.375179 -0.479578 -0.793250
vn -0.309099 -0.479578 -0.821257
vn -0.171192 -0.479578 -0.860638
vn -0.028711 -0.479578 -0.877030
vn 0.114537 -0.479578 -0.869992
vn 0.254725 -0.479578 -0.839715
vn 0.322495 -0.479578 -0.816090
vn 0.388108 -0.479578 -0.787005
vn 0.451125 -0.479578 -0.752656
vn 0.511124 -0.479578 -0.713272
vn 0.567704 -0.479578 -0.669117
vn 0.620486 -0.479578 -0.620486
vn 0.704814 -0.479578 -0.522726
vn 0.773885 -0.479578 -0.413650
vn 0.826204 -0.479578 -0.295621
vn 0.860638 -0.479578 -0.171192
vn 0.876442 -0.479578 -0.043057
vn 0.873274 -0.479578 0.086010
vn 0.851202 -0.479578 0.213215
vn 0.810704 -0.479578 0.335804
vn 0.752656 -0.479578 0.451125
vn 0.678316 -0.479578 0.556680
vn 0.589293 -0.479578 0.650184
vn 0.487513 -0.479578 0.729614
vn 0.375179 -0.479578 0.793250
f 239/322/296 256/323/297 238/324/298
f 238/324/298 256/323/297 257/325/299
f 238/324/298 257/325/299 275/326/300
f 275/326/300 257/325/299 258/327/301
f 275/326/300 258/327/301 274/328/302
f 274/328/302 258/327/301 259/329/303
f 274/328/302 259/329/303 273/330/304
f 273/330/304 259/329/303 260/331/305
f 273/330/304 260/331/305 272/332/306
f 272/332/306 260/331/305 261/333/307
f 272/332/306 261/333/307 271/334/308
f 271/334/308 261/333/307 262/335/309
f 271/334/308 262/335/309 270/336/310
f 270/336/310 262/335/309 263/337/311
f 270/336/310 263/337/311 269/338/312
f 269/338/312 263/337/311 264/339/313
f 269/338/312 264/339/313 268/340/314
f 268/340/314 264/339/313 265/341/315
f 268/340/314 265/341/315 267/342/316
f 267/342/316 265/341/315 266/343/317
f 256/323/297 239/322/296 255/344/318
f 255/344/318 239/322/296 240/345/319
f 255/344/318 240/345/319 254/346/320
f 254/346/320 240/345/319 241/347/321
f 254/346/320 241/347/321 253/348/322
f 253/348/322 241/347/321 242/349/323
f 253/348/322 242/349/323 252/350/324
f 252/350/324 242/349/323 243/351/325
f 252/350/324 243/351/325 251/352/326
f 251/352/326 243/351/325 244/353/327
f 251/352/326 244/353/327 250/354/328
f 250/354/328 244/353/327 245/355/329
f 250/354/328 245/355/329 249/356/330
f 249/356/330 245/355/329 246/357/331
f 249/356/330 246/357/331 248/358/332
f 248/358/332 246/357/331 247/359/333
f 239/360/334 238/361/335 325/362/336
f 325/362/336 238/361/335 276/363/337
f 325/362/336 276/363/337 324/364/338
f 324/364/338 276/363/337 323/365/339
f 324/364/338 323/365/339 1485/366/340
f 1485/366/340 323/365/339 1486/367/341
f 1485/366/340 1486/367/341 1462/368/342
f 1462/368/342 1486/367/341 1463/369/343
f 1462/368/342 1463/369/343 1439/370/344
f 1439/370/344 1463/369/343 1440/371/345
f 1439/370/344 1440/371/345 1416/372/346
f 1416/372/346 1440/371/345 1417/373/347
f 1416/372/346 1417/373/347 1393/374/348
f 1393/374/348 1417/373/347 1394/375/349
f 1393/374/348 1394/375/349 1370/376/350
f 1370/376/350 1394/375/349 1371/377/351
f 1370/376/350 1371/377/351 1324/378/352
f 1324/378/352 1371/377/351 1325/379/353
f 1324/378/352 1325/379/353 1367/380/354
f 1367/380/354 1325/379/353 1366/381/355
f 1367/380/354 1366/381/355 1301/382/356
f 1301/382/356 1366/381/355 1302/383/357
f 1301/382/356 1302/383/357 1279/384/358
f 1279/384/358 1302/383/357 1280/385/359
f 1279/384/358 1280/385/359 1256/386/360
f 1256/386/360 1280/385/359 1257/387/361
f 1256/386/360 1257/387/361 1233/388/362
f 1233/388/362 1257/387/361 1234/389/363
f 1233/388/362 1234/389/363 1210/390/364
f 1210/390/364 1234/389/363 1211/391/365
f 1210/390/364 1211/391/365 1164/392/366
f 1164/392/366 1211/391/365 1165/393/367
f 1164/392/366 1165/393/367 1207/394/368
f 1207/394/368 1165/393/367 1206/395/369
f 1207/394/368 1206/395/369 1118/396/370
f 1118/396/370 1206/395/369 1119/397/371
f 1118/396/370 1119/397/371 1161/398/372
f 1161/398/372 1119/397/371 1160/399/373
f 1161/398/372 1160/399/373 1073/400/374
f 1073/400/374 1160/399/373 1074/401/375
f 1073/400/374 1074/401/375 1116/402/376
f 1116/402/376 1074/401/375 1115/403/377
f 1116/402/376 1115/403/377 1051/404/378
f 1051/404/378 1115/403/377 1052/405/379
f 1051/404/378 1052/405/379 1029/406/380
f 1029/406/380 1052/405/379 1030/407/381
f 1029/406/380 1030/407/381 1006/408/382
f 1006/408/382 1030/407/381 1007/409/383
f 1006/408/382 1007/409/383 983/410/384
f 983/410/384 1007/409/383 984/411/385
f 983/410/384 984/411/385 937/412/386
f 937/412/386 984/411/385 938/413/387
f 937/412/386 938/413/387 980/414/388
f 980/414/388 938/413/387 979/415/389
f 980/414/388 979/415/389 891/416/390
f 891/416/390 979/415/389 892/417/391
f 891/416/390 892/417/391 934/418/392
f 934/418/392 892/417/391 933/419/393
f 934/418/392 933/419/393 846/420/394
f 846/420/394 933/419/393 847/421/395
f 846/420/394 847/421/395 889/422/396
f 889/422/396 847/421/395 888/423/397
f 889/422/396 888/423/397 801/424/398
f 801/424/398 888/423/397 802/425/399
f 801/424/398 802/425/399 844/426/400
f 844/426/400 802/425/399 843/427/401
f 844/426/400 843/427/401 756/428/402
f 756/428/402 843/427/401 757/429/403
f 756/428/402 757/429/403 799/430/404
f 799/430/404 757/429/403 798/431/405
f 799/430/404 798/431/405 734/432/406
f 734/432/406 798/431/405 735/433/407
f 734/432/406 735/433/407 712/434/408
f 712/434/408 735/433/407 713/435/409
f 712/434/408 713/435/409 689/436/410
f 689/436/410 713/435/409 690/437/411
f 689/436/410 690/437/411 666/438/412
f 666/438/412 690/437/411 667/439/413
f 666/438/412 667/439/413 620/440/414
f 620/440/414 667/439/413 621/441/415
f 620/440/414 621/441/415 663/442/416
f 663/442/416 621/441/415 662/443/417
f 663/442/416 662/443/417 574/444/418
f 574/444/418 662/443/417 575/445/419
f 574/444/418 575/445/419 617/446/420
f 617/446/420 575/445/419 616/447/421
f 617/446/420 616/447/421 529/448/422
f 529/448/422 616/447/421 530/449/423
f 529/448/422 530/449/423 572/450/424
f 572/450/424 530/449/423 571/451/425
f 572/450/424 571/451/425 484/452/426
f 484/452/426 571/451/425 485/453/427
f 484/452/426 485/453/427 527/454/428
f 527/454/428 485/453/427 526/455/429
f 527/454/428 526/455/429 439/456/430
f 439/456/430 526/455/429 440/457/431
f 439/456/430 440/457/431 482/458/432
f 482/458/432 440/457/431 481/459/433
f 482/458/432 481/459/433 394/460/434
f 394/460/434 481/459/433 395/461/435
f 394/460/434 395/461/435 437/462/436
f 437/462/436 395/461/435 436/463/437
f 437/462/436 436/463/437 372/464/438
f 372/464/438 436/463/437 373/465/439
f 372/464/438 373/465/439 350/466/440
f 350/466/440 373/465/439 351/467/441
f 350/466/440 351/467/441 327/468/442
f 327/468/442 351/467/441 328/469/443
f 327/468/442 328/469/443 276/470/337
f 276/470/337 328/469/443 329/471/444
f 276/470/337 329/471/444 277/472/445
f 277/472/445 329/471/444 330/473/446
f 277/472/445 330/473/446 331/474/447
f 331/474/447 330/473/446 354/475/448
f 331/474/447 354/475/448 355/476/449
f 355/476/449 354/475/448 377/477/450
f 355/476/449 377/477/450 378/478/451
f 378/478/451 377/477/450 431/479/452
f 378/478/451 431/479/452 430/480/453
f 430/480/453 431/479/452 401/481/454
f 430/480/453 401/481/454 402/482/455
f 402/482/455 401/481/454 474/483/456
f 402/482/455 474/483/456 473/484/457
f 473/484/457 474/483/456 448/485/458
f 473/484/457 448/485/458 449/486/459
f 449/486/459 448/485/458 517/487/460
f 449/486/459 517/487/460 516/488/461
f 516/488/461 517/487/460 495/489/462
f 516/488/461 495/489/462 496/490/463
f 496/490/463 495/489/462 560/491/464
f 496/490/463 560/491/464 559/492/465
f 559/492/465 560/491/464 542/493/466
f 559/492/465 542/493/466 543/494/467
f 543/494/467 542/493/466 603/495/468
f 543/494/467 603/495/468 602/496/469
f 602/496/469 603/495/468 589/497/470
f 602/496/469 589/497/470 590/498/471
f 590/498/471 589/497/470 647/499/472
f 590/498/471 647/499/472 646/500/473
f 646/500/473 647/499/472 637/501/474
f 646/500/473 637/501/474 638/502/475
f 638/502/475 637/501/474 684/503/476
f 638/502/475 684/503/476 685/504/477
f 685/504/477 684/503/476 708/505/478
f 685/504/477 708/505/478 709/506/479
f 709/506/479 708/505/478 732/507/480
f 709/506/479 732/507/480 733/508/481
f 733/508/481 732/507/480 755/509/482
f 733/508/481 755/509/482 287/510/483
f 323/365/339 276/363/337 322/511/484
f 322/511/484 276/363/337 277/512/445
f 322/511/484 277/512/445 321/513/485
f 321/513/485 277/512/445 320/514/486
f 321/513/485 320/514/486 1488/515/487
f 1488/515/487 320/514/486 1489/516/488
f 1488/515/487 1489/516/488 1465/517/489
f 1465/517/489 1489/516/488 1466/518/490
f 1465/517/489 1466/518/490 1442/519/491
f 1442/519/491 1466/518/490 1443/520/492
f 1442/519/491 1443/520/492 1419/521/493
f 1419/521/493 1443/520/492 1420/522/494
f 1419/521/493 1420/522/494 1396/523/495
f 1396/523/495 1420/522/494 1397/524/496
f 1396/523/495 1397/524/496 1373/525/497
f 1373/525/497 1397/524/496 1374/526/498
f 1373/525/497 1374/526/498 1327/527/499
f 1327/527/499 1374/526/498 1328/528/500
f 1327/527/499 1328/528/500 1364/529/501
f 1364/529/501 1328/528/500 1363/530/502
f 1364/529/501 1363/530/502 1304/531/503
f 1304/531/503 1363/530/502 1305/532/504
f 1304/531/503 1305/532/504 1282/533/505
f 1282/533/505 1305/532/504 1283/534/506
f 1282/533/505 1283/534/506 1259/535/507
f 1259/535/507 1283/534/506 1260/536/508
f 1259/535/507 1260/536/508 1236/537/509
f 1236/537/509 1260/536/508 1237/538/510
f 1236/537/509 1237/538/510 1213/539/511
f 1213/539/511 1237/538/510 1214/540/512
f 1213/539/511 1214/540/512 1167/541/513
f 1167/541/513 1214/540/512 1168/542/514
f 1167/541/513 1168/542/514 1204/543/515
f 1204/543/515 1168/542/514 1203/544/516
f 1204/543/515 1203/544/516 1121/545/517
f 1121/545/517 1203/544/516 1122/546/518
f 1121/545/517 1122/546/518 1158/547/519
f 1158/547/519 1122/546/518 1157/548/520
f 1158/547/519 1157/548/520 1076/549/521
f 1076/549/521 1157/548/520 1077/550/522
f 1076/549/521 1077/550/522 1113/551/523
f 1113/551/523 1077/550/522 1112/552/524
f 1113/551/523 1112/552/524 1054/553/525
f 1054/553/525 1112/552/524 1055/554/526
f 1054/553/525 1055/554/526 1032/555/527
f 1032/555/527 1055/554/526 1033/556/528
f 1032/555/527 1033/556/528 1009/557/529
f 1009/557/529 1033/556/528 1010/558/530
f 1009/557/529 1010/558/530 986/559/531
f 986/559/531 1010/558/530 987/560/532
f 986/559/531 987/560/532 940/561/533
f 940/561/533 987/560/532 941/562/534
f 940/561/533 941/562/534 977/563/535
f 977/563/535 941/562/534 976/564/536
f 977/563/535 976/564/536 894/565/537
f 894/565/537 976/564/536 895/566/538
f 894/565/537 895/566/538 931/567/539
f 931/567/539 895/566/538 930/568/540
f 931/567/539 930/568/540 849/569/541
f 849/569/541 930/568/540 850/570/542
f 849/569/541 850/570/542 886/571/543
f 886/571/543 850/570/542 885/572/544
f 886/571/543 885/572/544 804/573/545
f 804/573/545 885/572/544 805/574/546
f 804/573/545 805/574/546 841/575/547
f 841/575/547 805/574/546 840/576/548
f 841/575/547 840/576/548 759/577/549
f 759/577/549 840/576/548 760/578/550
f 759/577/549 760/578/550 796/579/551
f 796/579/551 760/578/550 795/580/552
f 796/579/551 795/580/552 737/581/553
f 737/581/553 795/580/552 738/582/554
f 737/581/553 738/582/554 715/583/555
f 715/583/555 738/582/554 716/584/556
f 715/583/555 716/584/556 692/585/557
f 692/585/557 716/584/556 693/586/558
f 692/585/557 693/586/558 669/587/559
f 669/587/559 693/586/558 670/588/560
f 669/587/559 670/588/560 623/589/561
f 623/589/561 670/588/560 624/590/562
f 623/589/561 624/590/562 660/591/563
f 660/591/563 624/590/562 659/592/564
f 660/591/563 659/592/564 577/593/565
f 577/593/565 659/592/564 578/594/566
f 577/593/565 578/594/566 614/595/567
f 614/595/567 578/594/566 613/596/568
f 614/595/567 613/596/568 532/597/569
f 532/597/569 613/596/568 533/598/570
f 532/597/569 533/598/570 569/599/571
f 569/599/571 533/598/570 568/600/572
f 569/599/571 568/600/572 487/601/573
f 487/601/573 568/600/572 488/602/574
f 487/601/573 488/602/574 524/603/575
f 524/603/575 488/602/574 523/604/576
f 524/603/575 523/604/576 442/605/577
f 442/605/577 523/604/576 443/606/578
f 442/605/577 443/606/578 479/607/579
f 479/607/579 443/606/578 478/608/580
f 479/607/579 478/608/580 397/609/581
f 397/609/581 478/608/580 398/610/582
f 397/609/581 398/610/582 434/611/583
f 434/611/583 398/610/582 433/612/584
f 434/611/583 433/612/584 375/613/585
f 375/613/585 433/612/584 376/614/586
f 375/613/585 376/614/586 353/615/587
f 353/615/587 376/614/586 354/475/448
f 353/615/587 354/475/448 330/473/446
f 277/512/445 278/616/588 320/514/486
f 320/514/486 278/616/588 319/617/589
f 320/514/486 319/617/589 1489/516/488
f 1489/516/488 319/617/589 1490/618/590
f 1489/516/488 1490/618/590 1466/518/490
f 1466/518/490 1490/618/590 1467/619/591
f 1466/518/490 1467/619/591 1443/520/492
f 1443/520/492 1467/619/591 1444/620/592
f 1443/520/492 1444/620/592 1420/522/494
f 1420/522/494 1444/620/592 1421/621/593
f 1420/522/494 1421/621/593 1397/524/496
f 1397/524/496 1421/621/593 1398/622/594
f 1397/524/496 1398/622/594 1374/526/498
f 1374/526/498 1398/622/594 1375/623/595
f 1374/526/498 1375/623/595 1328/528/500
f 1328/528/500 1375/623/595 1329/624/596
f 1328/528/500 1329/624/596 1363/530/502
f 1363/530/502 1329/624/596 1362/625/597
f 1363/530/502 1362/625/597 1305/532/504
f 1305/532/504 1362/625/597 1306/626/598
f 1305/532/504 1306/626/598 1283/534/506
f 1283/534/506 1306/626/598 1284/627/599
f 1283/534/506 1284/627/599 1260/536/508
f 1260/536/508 1284/627/599 1261/628/600
f 1260/536/508 1261/628/600 1237/538/510
f 1237/538/510 1261/628/600 1238/629/601
f 1237/538/510 1238/629/601 1214/540/512
f 1214/540/512 1238/629/601 1215/630/602
f 1214/540/512 1215/630/602 1168/542/514
f 1168/542/514 1215/630/602 1169/631/603
f 1168/542/514 1169/631/603 1203/544/516
f 1203/544/516 1169/631/603 1202/632/604
f 1203/544/516 1202/632/604 1122/546/518
f 1122/546/518 1202/632/604 1123/633/605
f 1122/546/518 1123/633/605 1157/548/520
f 1157/548/520 1123/633/605 1156/634/606
f 1157/548/520 1156/634/606 1077/550/522
f 1077/550/522 1156/634/606 1078/635/607
f 1077/550/522 1078/635/607 1112/552/524
f 1112/552/524 1078/635/607 1111/636/608
f 1112/552/524 1111/636/608 1055/554/526
f 1055/554/526 1111/636/608 1056/637/609
f 1055/554/526 1056/637/609 1033/556/528
f 1033/556/528 1056/637/609 1034/638/610
f 1033/556/528 1034/638/610 1010/558/530
f 1010/558/530 1034/638/610 1011/639/611
f 1010/558/530 1011/639/611 987/560/532
f 987/560/532 1011/639/611 988/640/612
f 987/560/532 988/640/612 941/562/534
f 941/562/534 988/640/612 942/641/613
f 941/562/534 942/641/613 976/564/536
f 976/564/536 942/641/613 975/642/614
f 976/564/536 975/642/614 895/566/538
f 895/566/538 975/642/614 896/643/615
f 895/566/538 896/643/615 930/568/540
f 930/568/540 896/643/615 929/644/616
f 930/568/540 929/644/616 850/570/542
f 850/570/542 929/644/616 851/645/617
f 850/570/542 851/645/617 885/572/544
f 885/572/544 851/645/617 884/646/618
f 885/572/544 884/646/618 805/574/546
f 805/574/546 884/646/618 806/647/619
f 805/574/546 806/647/619 840/576/548
f 840/576/548 806/647/619 839/648/620
f 840/576/548 839/648/620 760/578/550
f 760/578/550 839/648/620 761/649/621
f 760/578/550 761/649/621 795/580/552
f 795/580/552 761/649/621 794/650/622
f 795/580/552 794/650/622 738/582/554
f 738/582/554 794/650/622 739/651/623
f 738/582/554 739/651/623 716/584/556
f 716/584/556 739/651/623 717/652/624
f 716/584/556 717/652/624 693/586/558
f 693/586/558 717/652/624 694/653/625
f 693/586/558 694/653/625 670/588/560
f 670/588/560 694/653/625 671/654/626
f 670/588/560 671/654/626 624/590/562
f 624/590/562 671/654/626 625/655/627
f 624/590/562 625/655/627 659/592/564
f 659/592/564 625/655/627 658/656/628
f 659/592/564 658/656/628 578/594/566
f 578/594/566 658/656/628 579/657/629
f 578/594/566 579/657/629 613/596/568
f 613/596/568 579/657/629 612/658/630
f 613/596/568 612/658/630 533/598/570
f 533/598/570 612/658/630 534/659/631
f 533/598/570 534/659/631 568/600/572
f 568/600/572 534/659/631 567/660/632
f 568/600/572 567/660/632 488/602/574
f 488/602/574 567/660/632 489/661/633
f 488/602/574 489/661/633 523/604/576
f 523/604/576 489/661/633 522/662/634
f 523/604/576 522/662/634 443/606/578
f 443/606/578 522/662/634 444/663/635
f 443/606/578 444/663/635 478/608/580
f 478/608/580 444/663/635 477/664/636
f 478/608/580 477/664/636 398/610/582
f 398/610/582 477/664/636 399/665/637
f 398/610/582 399/665/637 433/612/584
f 433/612/584 399/665/637 432/666/638
f 433/612/584 432/666/638 376/614/586
f 376/614/586 432/666/638 377/477/450
f 376/614/586 377/477/450 354/475/448
f 279/667/639 317/668/640 278/616/588
f 278/616/588 317/668/640 318/669/641
f 278/616/588 318/669/641 319/617/589
f 319/617/589 318/669/641 1490/618/590
f 280/670/642 315/671/643 279/667/639
f 279/667/639 315/671/643 316/672/644
f 279/667/639 316/672/644 317/668/640
f 317/668/640 316/672/644 1492/673/645
f 317/668/640 1492/673/645 1491/674/646
f 1491/674/646 1492/673/645 1468/675/647
f 1491/674/646 1468/675/647 1467/619/591
f 1467/619/591 1468/675/647 1444/620/592
f 281/676/648 313/677/649 280/670/642
f 280/670/642 313/677/649 314/678/650
f 280/670/642 314/678/650 315/671/643
f 315/671/643 314/678/650 1494/679/651
f 315/671/643 1494/679/651 1493/680/652
f 1493/680/652 1494/679/651 1470/681/653
f 1493/680/652 1470/681/653 1469/682/654
f 1469/682/654 1470/681/653 1446/683/655
f 1469/682/654 1446/683/655 1445/684/656
f 1445/684/656 1446/683/655 1422/685/657
f 1445/684/656 1422/685/657 1421/621/593
f 1421/621/593 1422/685/657 1398/622/594
f 282/686/658 311/687/659 281/676/648
f 281/676/648 311/687/659 312/688/660
f 281/676/648 312/688/660 313/677/649
f 313/677/649 312/688/660 1496/689/661
f 313/677/649 1496/689/661 1495/690/662
f 1495/690/662 1496/689/661 1472/691/663
f 1495/690/662 1472/691/663 1471/692/664
f 1471/692/664 1472/691/663 1448/693/665
f 1471/692/664 1448/693/665 1447/694/666
f 1447/694/666 1448/693/665 1424/695/667
f 1447/694/666 1424/695/667 1423/696/668
f 1423/696/668 1424/695/667 1400/697/669
f 1423/696/668 1400/697/669 1399/698/670
f 1399/698/670 1400/697/669 1376/699/671
f 1399/698/670 1376/699/671 1375/623/595
f 1375/623/595 1376/699/671 1329/624/596
f 311/687/659 282/686/658 310/700/672
f 310/700/672 282/686/658 283/701/673
f 310/700/672 283/701/673 309/702/674
f 309/702/674 283/701/673 308/703/675
f 309/702/674 308/703/675 1500/704/676
f 1500/704/676 308/703/675 1501/705/677
f 1500/704/676 1501/705/677 1477/706/678
f 1477/706/678 1501/705/677 1478/707/679
f 1477/706/678 1478/707/679 1454/708/680
f 1454/708/680 1478/707/679 1455/709/681
f 1454/708/680 1455/709/681 1431/710/682
f 1431/710/682 1455/709/681 1432/711/683
f 1431/710/682 1432/711/683 1408/712/684
f 1408/712/684 1432/711/683 1409/713/685
f 1408/712/684 1409/713/685 1385/714/686
f 1385/714/686 1409/713/685 1386/715/687
f 1385/714/686 1386/715/687 1339/716/688
f 1339/716/688 1386/715/687 1340/717/689
f 1339/716/688 1340/717/689 1352/718/690
f 1352/718/690 1340/717/689 1351/719/691
f 1352/718/690 1351/719/691 1316/720/692
f 1316/720/692 1351/719/691 1317/721/693
f 1316/720/692 1317/721/693 1294/722/694
f 1294/722/694 1317/721/693 1295/723/695
f 1294/722/694 1295/723/695 1271/724/696
f 1271/724/696 1295/723/695 1272/725/697
f 1271/724/696 1272/725/697 1248/726/698
f 1248/726/698 1272/725/697 1249/727/699
f 1248/726/698 1249/727/699 1225/728/700
f 1225/728/700 1249/727/699 1226/729/701
f 1225/728/700 1226/729/701 1179/730/702
f 1179/730/702 1226/729/701 1180/731/703
f 1179/730/702 1180/731/703 1192/732/704
f 1192/732/704 1180/731/703 1191/733/705
f 1192/732/704 1191/733/705 1133/734/706
f 1133/734/706 1191/733/705 1134/735/707
f 1133/734/706 1134/735/707 1146/736/708
f 1146/736/708 1134/735/707 1145/737/709
f 1146/736/708 1145/737/709 1088/738/710
f 1088/738/710 1145/737/709 1089/739/711
f 1088/738/710 1089/739/711 1101/740/712
f 1101/740/712 1089/739/711 1100/741/713
f 1101/740/712 1100/741/713 1066/742/714
f 1066/742/714 1100/741/713 1067/743/715
f 1066/742/714 1067/743/715 1044/744/716
f 1044/744/716 1067/743/715 1045/745/717
f 1044/744/716 1045/745/717 1021/746/718
f 1021/746/718 1045/745/717 1022/747/719
f 1021/746/718 1022/747/719 998/748/720
f 998/748/720 1022/747/719 999/749/721
f 998/748/720 999/749/721 952/750/722
f 952/750/722 999/749/721 953/751/723
f 952/750/722 953/751/723 965/752/724
f 965/752/724 953/751/723 964/753/725
f 965/752/724 964/753/725 906/754/726
f 906/754/726 964/753/725 907/755/727
f 906/754/726 907/755/727 919/756/728
f 919/756/728 907/755/727 918/757/729
f 919/756/728 918/757/729 861/758/730
f 861/758/730 918/757/729 862/759/731
f 861/758/730 862/759/731 874/760/732
f 874/760/732 862/759/731 873/761/733
f 874/760/732 873/761/733 816/762/734
f 816/762/734 873/761/733 817/763/735
f 816/762/734 817/763/735 829/764/736
f 829/764/736 817/763/735 828/765/737
f 829/764/736 828/765/737 771/766/738
f 771/766/738 828/765/737 772/767/739
f 771/766/738 772/767/739 784/768/740
f 784/768/740 772/767/739 783/769/741
f 784/768/740 783/769/741 749/770/742
f 749/770/742 783/769/741 750/771/743
f 749/770/742 750/771/743 727/772/744
f 727/772/744 750/771/743 728/773/745
f 727/772/744 728/773/745 704/774/746
f 704/774/746 728/773/745 705/775/747
f 704/774/746 705/775/747 681/776/748
f 681/776/748 705/775/747 682/777/749
f 681/776/748 682/777/749 635/778/750
f 635/778/750 682/777/749 636/779/751
f 635/778/750 636/779/751 648/780/752
f 648/780/752 636/779/751 647/499/472
f 648/780/752 647/499/472 589/497/470
f 283/701/673 284/781/753 308/703/675
f 308/703/675 284/781/753 307/782/754
f 308/703/675 307/782/754 1501/705/677
f 1501/705/677 307/782/754 1502/783/755
f 1501/705/677 1502/783/755 1478/707/679
f 1478/707/679 1502/783/755 1479/784/756
f 1478/707/679 1479/784/756 1455/709/681
f 1455/709/681 1479/784/756 1456/785/757
f 1455/709/681 1456/785/757 1432/711/683
f 1432/711/683 1456/785/757 1433/786/758
f 1432/711/683 1433/786/758 1409/713/685
f 1409/713/685 1433/786/758 1410/787/759
f 1409/713/685 1410/787/759 1386/715/687
f 1386/715/687 1410/787/759 1387/788/760
f 1386/715/687 1387/788/760 1340/717/689
f 1340/717/689 1387/788/760 1341/789/761
f 1340/717/689 1341/789/761 1351/719/691
f 1351/719/691 1341/789/761 1350/790/762
f 1351/719/691 1350/790/762 1317/721/693
f 1317/721/693 1350/790/762 1318/791/763
f 1317/721/693 1318/791/763 1295/723/695
f 1295/723/695 1318/791/763 1296/792/764
f 1295/723/695 1296/792/764 1272/725/697
f 1272/725/697 1296/792/764 1273/793/765
f 1272/725/697 1273/793/765 1249/727/699
f 1249/727/699 1273/793/765 1250/794/766
f 1249/727/699 1250/794/766 1226/729/701
f 1226/729/701 1250/794/766 1227/795/767
f 1226/729/701 1227/795/767 1180/731/703
f 1180/731/703 1227/795/767 1181/796/768
f 1180/731/703 1181/796/768 1191/733/705
f 1191/733/705 1181/796/768 1190/797/769
f 1191/733/705 1190/797/769 1134/735/707
f 1134/735/707 1190/797/769 1135/798/770
f 1134/735/707 1135/798/770 1145/737/709
f 1145/737/709 1135/798/770 1144/799/771
f 1145/737/709 1144/799/771 1089/739/711
f 1089/739/711 1144/799/771 1090/800/772
f 1089/739/711 1090/800/772 1100/741/713
f 1100/741/713 1090/800/772 1099/801/773
f 1100/741/713 1099/801/773 1067/743/715
f 1067/743/715 1099/801/773 1068/802/774
f 1067/743/715 1068/802/774 1045/745/717
f 1045/745/717 1068/802/774 1046/803/775
f 1045/745/717 1046/803/775 1022/747/719
f 1022/747/719 1046/803/775 1023/804/776
f 1022/747/719 1023/804/776 999/749/721
f 999/749/721 1023/804/776 1000/805/777
f 999/749/721 1000/805/777 953/751/723
f 953/751/723 1000/805/777 954/806/778
f 953/751/723 954/806/778 964/753/725
f 964/753/725 954/806/778 963/807/779
f 964/753/725 963/807/779 907/755/727
f 907/755/727 963/807/779 908/808/780
f 907/755/727 908/808/780 918/757/729
f 918/757/729 908/808/780 917/809/781
f 918/757/729 917/809/781 862/759/731
f 862/759/731 917/809/781 863/810/782
f 862/759/731 863/810/782 873/761/733
f 873/761/733 863/810/782 872/811/783
f 873/761/733 872/811/783 817/763/735
f 817/763/735 872/811/783 818/812/784
f 817/763/735 818/812/784 828/765/737
f 828/765/737 818/812/784 827/813/785
f 828/765/737 827/813/785 772/767/739
f 772/767/739 827/813/785 773/814/786
f 772/767/739 773/814/786 783/769/741
f 783/769/741 773/814/786 782/815/787
f 783/769/741 782/815/787 750/771/743
f 750/771/743 782/815/787 751/816/788
f 750/771/743 751/816/788 728/773/745
f 728/773/745 751/816/788 729/817/789
f 728/773/745 729/817/789 705/775/747
f 705/775/747 729/817/789 706/818/790
f 705/775/747 706/818/790 682/777/749
f 682/777/749 706/818/790 683/819/791
f 682/777/749 683/819/791 636/779/751
f 636/779/751 683/819/791 637/501/474
f 636/779/751 637/501/474 647/499/472
f 307/782/754 284/781/753 306/820/792
f 306/820/792 284/781/753 285/821/793
f 306/820/792 285/821/793 305/822/794
f 305/822/794 285/821/793 286/823/795
f 305/822/794 286/823/795 304/824/796
f 304/824/796 286/823/795 303/825/797
f 304/824/796 303/825/797 1505/826/798
f 1505/826/798 303/825/797 1506/827/799
f 1505/826/798 1506/827/799 1482/828/800
f 1482/828/800 1506/827/799 1483/829/801
f 1482/828/800 1483/829/801 1459/830/802
f 1459/830/802 1483/829/801 1460/831/803
f 1459/830/802 1460/831/803 1436/832/804
f 1436/832/804 1460/831/803 1437/833/805
f 1436/832/804 1437/833/805 1413/834/806
f 1413/834/806 1437/833/805 1414/835/807
f 1413/834/806 1414/835/807 1390/836/808
f 1390/836/808 1414/835/807 1391/837/809
f 1390/836/808 1391/837/809 1344/838/810
f 1344/838/810 1391/837/809 1345/839/811
f 1344/838/810 1345/839/811 1347/840/812
f 1347/840/812 1345/839/811 1346/841/813
f 1347/840/812 1346/841/813 1321/842/814
f 1321/842/814 1346/841/813 1322/843/815
f 1321/842/814 1322/843/815 1299/844/816
f 1299/844/816 1322/843/815 1300/845/817
f 1299/844/816 1300/845/817 1276/846/818
f 1276/846/818 1300/845/817 1277/847/819
f 1276/846/818 1277/847/819 1253/848/820
f 1253/848/820 1277/847/819 1254/849/821
f 1253/848/820 1254/849/821 1230/850/822
f 1230/850/822 1254/849/821 1231/851/823
f 1230/850/822 1231/851/823 1184/852/824
f 1184/852/824 1231/851/823 1185/853/825
f 1184/852/824 1185/853/825 1187/854/826
f 1187/854/826 1185/853/825 1186/855/827
f 1187/854/826 1186/855/827 1138/856/828
f 1138/856/828 1186/855/827 1139/857/829
f 1138/856/828 1139/857/829 1141/858/830
f 1141/858/830 1139/857/829 1140/859/831
f 1141/858/830 1140/859/831 1093/860/832
f 1093/860/832 1140/859/831 1094/861/833
f 1093/860/832 1094/861/833 1096/862/834
f 1096/862/834 1094/861/833 1095/863/835
f 1096/862/834 1095/863/835 1071/864/836
f 1071/864/836 1095/863/835 1072/865/837
f 1071/864/836 1072/865/837 1049/866/838
f 1049/866/838 1072/865/837 1050/867/839
f 1049/866/838 1050/867/839 1026/868/840
f 1026/868/840 1050/867/839 1027/869/841
f 1026/868/840 1027/869/841 1003/870/842
f 1003/870/842 1027/869/841 1004/871/843
f 1003/870/842 1004/871/843 957/872/844
f 957/872/844 1004/871/843 958/873/845
f 957/872/844 958/873/845 960/874/846
f 960/874/846 958/873/845 959/875/847
f 960/874/846 959/875/847 911/876/848
f 911/876/848 959/875/847 912/877/849
f 911/876/848 912/877/849 914/878/850
f 914/878/850 912/877/849 913/879/851
f 914/878/850 913/879/851 866/880/852
f 866/880/852 913/879/851 867/881/853
f 866/880/852 867/881/853 869/882/854
f 869/882/854 867/881/853 868/883/855
f 869/882/854 868/883/855 821/884/856
f 821/884/856 868/883/855 822/885/857
f 821/884/856 822/885/857 824/886/858
f 824/886/858 822/885/857 823/887/859
f 824/886/858 823/887/859 776/888/860
f 776/888/860 823/887/859 777/889/861
f 776/888/860 777/889/861 779/890/862
f 779/890/862 777/889/861 778/891/863
f 779/890/862 778/891/863 754/892/864
f 754/892/864 778/891/863 755/509/482
f 754/892/864 755/509/482 732/507/480
f 286/823/795 287/893/865 303/825/797
f 285/894/793 347/895/866 286/896/795
f 286/896/795 347/895/866 348/897/867
f 286/896/795 348/897/867 287/898/868
f 284/899/753 345/900/869 285/894/793
f 285/894/793 345/900/869 346/901/870
f 285/894/793 346/901/870 347/895/866
f 347/895/866 346/901/870 370/902/871
f 347/895/866 370/902/871 371/903/872
f 371/903/872 370/902/871 393/904/873
f 371/903/872 393/904/873 287/905/874
f 283/906/673 343/907/875 284/899/753
f 284/899/753 343/907/875 344/908/876
f 284/899/753 344/908/876 345/900/869
f 345/900/869 344/908/876 368/909/877
f 345/900/869 368/909/877 369/910/878
f 369/910/878 368/909/877 391/911/879
f 369/910/878 391/911/879 392/912/880
f 392/912/880 391/911/879 417/913/881
f 392/912/880 417/913/881 416/914/882
f 416/914/882 417/913/881 415/915/883
f 416/914/882 415/915/883 287/916/884
f 343/907/875 283/906/673 342/917/885
f 342/917/885 283/906/673 282/918/658
f 342/917/885 282/918/658 341/919/886
f 341/919/886 282/918/658 340/920/887
f 341/919/886 340/920/887 364/921/888
f 364/921/888 340/920/887 363/922/889
f 364/921/888 363/922/889 386/923/890
f 386/923/890 363/922/889 385/924/891
f 386/923/890 385/924/891 423/925/892
f 423/925/892 385/924/891 424/926/893
f 423/925/892 424/926/893 408/927/894
f 408/927/894 424/926/893 407/928/895
f 408/927/894 407/928/895 468/929/896
f 468/929/896 407/928/895 469/930/897
f 468/929/896 469/930/897 453/931/898
f 453/931/898 469/930/897 452/932/899
f 453/931/898 452/932/899 513/933/900
f 513/933/900 452/932/899 514/934/901
f 513/933/900 514/934/901 498/935/902
f 498/935/902 514/934/901 497/936/903
f 498/935/902 497/936/903 558/937/904
f 558/937/904 497/936/903 559/492/465
f 558/937/904 559/492/465 543/494/467
f 282/918/658 281/938/648 340/920/887
f 340/920/887 281/938/648 339/939/905
f 340/920/887 339/939/905 363/922/889
f 363/922/889 339/939/905 362/940/906
f 363/922/889 362/940/906 385/924/891
f 385/924/891 362/940/906 384/941/907
f 385/924/891 384/941/907 424/926/893
f 424/926/893 384/941/907 425/942/908
f 424/926/893 425/942/908 407/928/895
f 407/928/895 425/942/908 406/943/909
f 407/928/895 406/943/909 469/930/897
f 469/930/897 406/943/909 470/944/910
f 469/930/897 470/944/910 452/932/899
f 452/932/899 470/944/910 451/945/911
f 452/932/899 451/945/911 514/934/901
f 514/934/901 451/945/911 515/946/912
f 514/934/901 515/946/912 497/936/903
f 497/936/903 515/946/912 496/490/463
f 497/936/903 496/490/463 559/492/465
f 339/939/905 281/938/648 338/947/913
f 338/947/913 281/938/648 280/948/642
f 338/947/913 280/948/642 337/949/914
f 337/949/914 280/948/642 279/950/639
f 337/949/914 279/950/639 336/951/915
f 336/951/915 279/950/639 335/952/916
f 336/951/915 335/952/916 359/953/917
f 359/953/917 335/952/916 358/954/918
f 359/953/917 358/954/918 381/955/919
f 381/955/919 358/954/918 380/956/920
f 381/955/919 380/956/920 428/957/921
f 428/957/921 380/956/920 429/958/922
f 428/957/921 429/958/922 403/959/923
f 403/959/923 429/958/922 402/482/455
f 403/959/923 402/482/455 473/484/457
f 335/952/916 279/950/639 334/960/924
f 334/960/924 279/950/639 278/961/588
f 334/960/924 278/961/588 333/962/925
f 333/962/925 278/961/588 332/963/926
f 333/962/925 332/963/926 356/964/927
f 356/964/927 332/963/926 355/476/449
f 356/964/927 355/476/449 378/478/451
f 332/963/926 278/961/588 331/474/447
f 331/474/447 278/961/588 277/472/445
f 327/468/442 276/470/337 326/965/928
f 326/965/928 276/470/337 238/966/335
f 326/965/928 238/966/335 275/967/929
f 326/965/928 275/967/929 349/968/930
f 349/968/930 275/967/929 274/969/931
f 349/968/930 274/969/931 302/970/932
f 302/970/932 274/969/931 273/971/933
f 302/970/932 273/971/933 438/972/934
f 438/972/934 273/971/933 301/973/935
f 438/972/934 301/973/935 394/460/434
f 394/460/434 301/973/935 482/458/432
f 273/971/933 272/974/936 301/973/935
f 301/973/935 272/974/936 483/975/937
f 301/973/935 483/975/937 482/458/432
f 482/458/432 483/975/937 439/456/430
f 483/975/937 272/974/936 300/976/938
f 300/976/938 272/974/936 271/977/939
f 300/976/938 271/977/939 528/978/940
f 528/978/940 271/977/939 299/979/941
f 528/978/940 299/979/941 484/452/426
f 484/452/426 299/979/941 572/450/424
f 271/977/939 270/980/942 299/979/941
f 299/979/941 270/980/942 573/981/943
f 299/979/941 573/981/943 572/450/424
f 572/450/424 573/981/943 529/448/422
f 573/981/943 270/980/942 298/982/944
f 298/982/944 270/980/942 269/983/945
f 298/982/944 269/983/945 618/984/946
f 618/984/946 269/983/945 297/985/947
f 618/984/946 297/985/947 574/444/418
f 574/444/418 297/985/947 663/442/416
f 269/983/945 268/986/948 297/985/947
f 297/985/947 268/986/948 664/987/949
f 297/985/947 664/987/949 663/442/416
f 663/442/416 664/987/949 620/440/414
f 664/987/949 268/986/948 619/988/950
f 619/988/950 268/986/948 267/989/951
f 619/988/950 267/989/951 665/990/952
f 665/990/952 267/989/951 266/991/953
f 665/990/952 266/991/953 688/992/954
f 688/992/954 266/991/953 265/993/955
f 688/992/954 265/993/955 711/994/956
f 711/994/956 265/993/955 264/995/957
f 711/994/956 264/995/957 296/996/958
f 296/996/958 264/995/957 263/997/959
f 296/996/958 263/997/959 800/998/960
f 800/998/960 263/997/959 295/999/961
f 800/998/960 295/999/961 756/428/402
f 756/428/402 295/999/961 844/426/400
f 263/997/959 262/1000/962 295/999/961
f 295/999/961 262/1000/962 845/1001/963
f 295/999/961 845/1001/963 844/426/400
f 844/426/400 845/1001/963 801/424/398
f 845/1001/963 262/1000/962 294/1002/964
f 294/1002/964 262/1000/962 261/1003/965
f 294/1002/964 261/1003/965 890/1004/966
f 890/1004/966 261/1003/965 293/1005/967
f 890/1004/966 293/1005/967 846/420/394
f 846/420/394 293/1005/967 934/418/392
f 261/1003/965 260/1006/968 293/1005/967
f 293/1005/967 260/1006/968 935/1007/969
f 293/1005/967 935/1007/969 934/418/392
f 934/418/392 935/1007/969 891/416/390
f 935/1007/969 260/1006/968 292/1008/970
f 292/1008/970 260/1006/968 259/1009/971
f 292/1008/970 259/1009/971 981/1010/972
f 981/1010/972 259/1009/971 936/1011/973
f 981/1010/972 936/1011/973 937/412/386
f 937/412/386 936/1011/973 983/410/384
f 259/1009/971 258/1012/974 936/1011/973
f 936/1011/973 258/1012/974 982/1013/975
f 936/1011/973 982/1013/975 983/410/384
f 983/410/384 982/1013/975 1006/408/382
f 258/1012/974 257/1014/976 982/1013/975
f 982/1013/975 257/1014/976 1005/1015/977
f 982/1013/975 1005/1015/977 1006/408/382
f 1006/408/382 1005/1015/977 1029/406/380
f 257/1014/976 256/1016/978 1005/1015/977
f 1005/1015/977 256/1016/978 1028/1017/979
f 1005/1015/977 1028/1017/979 1029/406/380
f 1029/406/380 1028/1017/979 1051/404/378
f 256/1016/978 255/1018/980 1028/1017/979
f 1028/1017/979 255/1018/980 291/1019/981
f 1028/1017/979 291/1019/981 1051/404/378
f 1051/404/378 291/1019/981 1116/402/376
f 255/1018/980 254/1020/982 291/1019/981
f 291/1019/981 254/1020/982 1117/1021/983
f 291/1019/981 1117/1021/983 1116/402/376
f 1116/402/376 1117/1021/983 1073/400/374
f 1117/1021/983 254/1020/982 290/1022/984
f 290/1022/984 254/1020/982 253/1023/985
f 290/1022/984 253/1023/985 1162/1024/986
f 1162/1024/986 253/1023/985 289/1025/987
f 1162/1024/986 289/1025/987 1118/396/370
f 1118/396/370 289/1025/987 1207/394/368
f 253/1023/985 252/1026/988 289/1025/987
f 289/1025/987 252/1026/988 1208/1027/989
f 289/1025/987 1208/1027/989 1207/394/368
f 1207/394/368 1208/1027/989 1164/392/366
f 1208/1027/989 252/1026/988 1163/1028/990
f 1163/1028/990 252/1026/988 251/1029/991
f 1163/1028/990 251/1029/991 1209/1030/992
f 1209/1030/992 251/1029/991 250/1031/993
f 1209/1030/992 250/1031/993 1232/1032/994
f 1232/1032/994 250/1031/993 249/1033/995
f 1232/1032/994 249/1033/995 1255/1034/996
f 1255/1034/996 249/1033/995 248/1035/997
f 1255/1034/996 248/1035/997 1278/1036/998
f 1278/1036/998 248/1035/997 247/1037/999
f 1278/1036/998 247/1037/999 288/1038/1000
f 288/1038/1000 247/1037/999 246/1039/1001
f 288/1038/1000 246/1039/1001 1368/1040/1002
f 1368/1040/1002 246/1039/1001 1323/1041/1003
f 1368/1040/1002 1323/1041/1003 1324/378/352
f 1324/378/352 1323/1041/1003 1370/376/350
f 246/1039/1001 245/1042/1004 1323/1041/1003
f 1323/1041/1003 245/1042/1004 1369/1043/1005
f 1323/1041/1003 1369/1043/1005 1370/376/350
f 1370/376/350 1369/1043/1005 1393/374/348
f 245/1042/1004 244/1044/1006 1369/1043/1005
f 1369/1043/1005 244/1044/1006 1392/1045/1007
f 1369/1043/1005 1392/1045/1007 1393/374/348
f 1393/374/348 1392/1045/1007 1416/372/346
f 244/1044/1006 243/1046/1008 1392/1045/1007
f 1392/1045/1007 243/1046/1008 1415/1047/1009
f 1392/1045/1007 1415/1047/1009 1416/372/346
f 1416/372/346 1415/1047/1009 1439/370/344
f 243/1046/1008 242/1048/1010 1415/1047/1009
f 1415/1047/1009 242/1048/1010 1438/1049/1011
f 1415/1047/1009 1438/1049/1011 1439/370/344
f 1439/370/344 1438/1049/1011 1462/368/342
f 242/1048/1010 241/1050/1012 1438/1049/1011
f 1438/1049/1011 241/1050/1012 1461/1051/1013
f 1438/1049/1011 1461/1051/1013 1462/368/342
f 1462/368/342 1461/1051/1013 1485/366/340
f 241/1050/1012 240/1052/1014 1461/1051/1013
f 1461/1051/1013 240/1052/1014 1484/1053/1015
f 1461/1051/1013 1484/1053/1015 1485/366/340
f 1485/366/340 1484/1053/1015 324/364/338
f 240/1052/1014 239/360/334 1484/1053/1015
f 1484/1053/1015 239/360/334 325/362/336
f 1484/1053/1015 325/362/336 324/364/338
f 303/825/797 287/1054/1016 1506/827/799
f 1506/827/799 287/1055/1017 1483/829/801
f 1483/829/801 287/1056/1018 1460/831/803
f 1460/831/803 287/1057/1019 1437/833/805
f 1437/833/805 287/1058/1020 1414/835/807
f 1414/835/807 287/1059/1021 1391/837/809
f 1391/837/809 287/1060/1022 1345/839/811
f 1345/839/811 287/1061/1023 1346/841/813
f 1346/841/813 287/1062/1024 1322/843/815
f 1322/843/815 287/1063/1025 1300/845/817
f 1300/845/817 287/1064/1026 1277/847/819
f 1277/847/819 287/1065/1027 1254/849/821
f 1254/849/821 287/1066/1028 1231/851/823
f 1185/853/825 287/1067/1029 1186/855/827
f 1186/855/827 287/1068/1030 1139/857/829
f 1139/857/829 287/1069/1031 1140/859/831
f 1140/859/831 287/1070/1032 1094/861/833
f 1094/861/833 287/1071/1033 1095/863/835
f 1095/863/835 287/1072/1034 1072/865/837
f 1072/865/837 287/1073/1035 1050/867/839
f 1050/867/839 287/1074/1036 1027/869/841
f 1027/869/841 287/1075/1037 1004/871/843
f 1004/871/843 287/1076/1038 958/873/845
f 958/873/845 287/1077/1039 959/875/847
f 959/875/847 287/1078/1040 912/877/849
f 912/877/849 287/1079/1041 913/879/851
f 913/879/851 287/1080/1042 867/881/853
f 867/881/853 287/1081/1043 868/883/855
f 868/883/855 287/1082/1044 822/885/857
f 822/885/857 287/1083/1045 823/887/859
f 823/887/859 287/1084/1046 777/889/861
f 777/889/861 287/1085/1047 778/891/863
f 733/508/481 287/1086/1048 710/1087/1049
f 710/1087/1049 287/1088/1050 687/1089/1051
f 687/1089/1051 287/1090/1052 641/1091/1053
f 641/1091/1053 287/1092/1054 642/1093/1055
f 642/1093/1055 287/1094/1056 595/1095/1057
f 595/1095/1057 287/1096/1058 596/1097/1059
f 596/1097/1059 287/1098/1060 550/1099/1061
f 550/1099/1061 287/1100/1062 551/1101/1063
f 551/1101/1063 287/1102/1064 505/1103/1065
f 505/1103/1065 287/1104/1066 506/1105/1067
f 506/1105/1067 287/1106/1068 460/1107/1069
f 460/1107/1069 287/1108/1070 461/1109/1071
f 461/1109/1071 287/1110/1072 415/915/883
f 416/914/882 287/1111/1073 393/904/873
f 371/903/872 287/1112/1074 348/897/867
f 1231/851/823 287/1113/1075 1185/853/825
f 778/891/863 287/1114/1076 755/509/482
f 305/822/794 304/824/796 1504/1115/1077
f 1504/1115/1077 304/824/796 1505/826/798
f 1504/1115/1077 1505/826/798 1481/1116/1078
f 1481/1116/1078 1505/826/798 1482/828/800
f 1481/1116/1078 1482/828/800 1458/1117/1079
f 1458/1117/1079 1482/828/800 1459/830/802
f 1458/1117/1079 1459/830/802 1435/1118/1080
f 1435/1118/1080 1459/830/802 1436/832/804
f 1435/1118/1080 1436/832/804 1412/1119/1081
f 1412/1119/1081 1436/832/804 1413/834/806
f 1412/1119/1081 1413/834/806 1389/1120/1082
f 1389/1120/1082 1413/834/806 1390/836/808
f 1389/1120/1082 1390/836/808 1343/1121/1083
f 1343/1121/1083 1390/836/808 1344/838/810
f 1343/1121/1083 1344/838/810 1348/1122/1084
f 1348/1122/1084 1344/838/810 1347/840/812
f 1348/1122/1084 1347/840/812 1320/1123/1085
f 1320/1123/1085 1347/840/812 1321/842/814
f 1320/1123/1085 1321/842/814 1298/1124/1086
f 1298/1124/1086 1321/842/814 1299/844/816
f 1298/1124/1086 1299/844/816 1275/1125/1087
f 1275/1125/1087 1299/844/816 1276/846/818
f 1275/1125/1087 1276/846/818 1252/1126/1088
f 1252/1126/1088 1276/846/818 1253/848/820
f 1252/1126/1088 1253/848/820 1229/1127/1089
f 1229/1127/1089 1253/848/820 1230/850/822
f 1229/1127/1089 1230/850/822 1183/1128/1090
f 1183/1128/1090 1230/850/822 1184/852/824
f 1183/1128/1090 1184/852/824 1188/1129/1091
f 1188/1129/1091 1184/852/824 1187/854/826
f 1188/1129/1091 1187/854/826 1137/1130/1092
f 1137/1130/1092 1187/854/826 1138/856/828
f 1137/1130/1092 1138/856/828 1142/1131/1093
f 1142/1131/1093 1138/856/828 1141/858/830
f 1142/1131/1093 1141/858/830 1092/1132/1094
f 1092/1132/1094 1141/858/830 1093/860/832
f 1092/1132/1094 1093/860/832 1097/1133/1095
f 1097/1133/1095 1093/860/832 1096/862/834
f 1097/1133/1095 1096/862/834 1070/1134/1096
f 1070/1134/1096 1096/862/834 1071/864/836
f 1070/1134/1096 1071/864/836 1048/1135/1097
f 1048/1135/1097 1071/864/836 1049/866/838
f 1048/1135/1097 1049/866/838 1025/1136/1098
f 1025/1136/1098 1049/866/838 1026/868/840
f 1025/1136/1098 1026/868/840 1002/1137/1099
f 1002/1137/1099 1026/868/840 1003/870/842
f 1002/1137/1099 1003/870/842 956/1138/1100
f 956/1138/1100 1003/870/842 957/872/844
f 956/1138/1100 957/872/844 961/1139/1101
f 961/1139/1101 957/872/844 960/874/846
f 961/1139/1101 960/874/846 910/1140/1102
f 910/1140/1102 960/874/846 911/876/848
f 910/1140/1102 911/876/848 915/1141/1103
f 915/1141/1103 911/876/848 914/878/850
f 915/1141/1103 914/878/850 865/1142/1104
f 865/1142/1104 914/878/850 866/880/852
f 865/1142/1104 866/880/852 870/1143/1105
f 870/1143/1105 866/880/852 869/882/854
f 870/1143/1105 869/882/854 820/1144/1106
f 820/1144/1106 869/882/854 821/884/856
f 820/1144/1106 821/884/856 825/1145/1107
f 825/1145/1107 821/884/856 824/886/858
f 825/1145/1107 824/886/858 775/1146/1108
f 775/1146/1108 824/886/858 776/888/860
f 775/1146/1108 776/888/860 780/1147/1109
f 780/1147/1109 776/888/860 779/890/862
f 780/1147/1109 779/890/862 753/1148/1110
f 753/1148/1110 779/890/862 754/892/864
f 753/1148/1110 754/892/864 731/1149/1111
f 731/1149/1111 754/892/864 732/507/480
f 731/1149/1111 732/507/480 708/505/478
f 1502/783/755 307/782/754 306/820/792
f 306/820/792 305/822/794 1503/1150/1112
f 1503/1150/1112 305/822/794 1504/1115/1077
f 1503/1150/1112 1504/1115/1077 1480/1151/1113
f 1480/1151/1113 1504/1115/1077 1481/1116/1078
f 1480/1151/1113 1481/1116/1078 1457/1152/1114
f 1457/1152/1114 1481/1116/1078 1458/1117/1079
f 1457/1152/1114 1458/1117/1079 1434/1153/1115
f 1434/1153/1115 1458/1117/1079 1435/1118/1080
f 1434/1153/1115 1435/1118/1080 1411/1154/1116
f 1411/1154/1116 1435/1118/1080 1412/1119/1081
f 1411/1154/1116 1412/1119/1081 1388/1155/1117
f 1388/1155/1117 1412/1119/1081 1389/1120/1082
f 1388/1155/1117 1389/1120/1082 1342/1156/1118
f 1342/1156/1118 1389/1120/1082 1343/1121/1083
f 1342/1156/1118 1343/1121/1083 1349/1157/1119
f 1349/1157/1119 1343/1121/1083 1348/1122/1084
f 1349/1157/1119 1348/1122/1084 1319/1158/1120
f 1319/1158/1120 1348/1122/1084 1320/1123/1085
f 1319/1158/1120 1320/1123/1085 1297/1159/1121
f 1297/1159/1121 1320/1123/1085 1298/1124/1086
f 1297/1159/1121 1298/1124/1086 1274/1160/1122
f 1274/1160/1122 1298/1124/1086 1275/1125/1087
f 1274/1160/1122 1275/1125/1087 1251/1161/1123
f 1251/1161/1123 1275/1125/1087 1252/1126/1088
f 1251/1161/1123 1252/1126/1088 1228/1162/1124
f 1228/1162/1124 1252/1126/1088 1229/1127/1089
f 1228/1162/1124 1229/1127/1089 1182/1163/1125
f 1182/1163/1125 1229/1127/1089 1183/1128/1090
f 1182/1163/1125 1183/1128/1090 1189/1164/1126
f 1189/1164/1126 1183/1128/1090 1188/1129/1091
f 1189/1164/1126 1188/1129/1091 1136/1165/1127
f 1136/1165/1127 1188/1129/1091 1137/1130/1092
f 1136/1165/1127 1137/1130/1092 1143/1166/1128
f 1143/1166/1128 1137/1130/1092 1142/1131/1093
f 1143/1166/1128 1142/1131/1093 1091/1167/1129
f 1091/1167/1129 1142/1131/1093 1092/1132/1094
f 1091/1167/1129 1092/1132/1094 1098/1168/1130
f 1098/1168/1130 1092/1132/1094 1097/1133/1095
f 1098/1168/1130 1097/1133/1095 1069/1169/1131
f 1069/1169/1131 1097/1133/1095 1070/1134/1096
f 1069/1169/1131 1070/1134/1096 1047/1170/1132
f 1047/1170/1132 1070/1134/1096 1048/1135/1097
f 1047/1170/1132 1048/1135/1097 1024/1171/1133
f 1024/1171/1133 1048/1135/1097 1025/1136/1098
f 1024/1171/1133 1025/1136/1098 1001/1172/1134
f 1001/1172/1134 1025/1136/1098 1002/1137/1099
f 1001/1172/1134 1002/1137/1099 955/1173/1135
f 955/1173/1135 1002/1137/1099 956/1138/1100
f 955/1173/1135 956/1138/1100 962/1174/1136
f 962/1174/1136 956/1138/1100 961/1139/1101
f 962/1174/1136 961/1139/1101 909/1175/1137
f 909/1175/1137 961/1139/1101 910/1140/1102
f 909/1175/1137 910/1140/1102 916/1176/1138
f 916/1176/1138 910/1140/1102 915/1141/1103
f 916/1176/1138 915/1141/1103 864/1177/1139
f 864/1177/1139 915/1141/1103 865/1142/1104
f 864/1177/1139 865/1142/1104 871/1178/1140
f 871/1178/1140 865/1142/1104 870/1143/1105
f 871/1178/1140 870/1143/1105 819/1179/1141
f 819/1179/1141 870/1143/1105 820/1144/1106
f 819/1179/1141 820/1144/1106 826/1180/1142
f 826/1180/1142 820/1144/1106 825/1145/1107
f 826/1180/1142 825/1145/1107 774/1181/1143
f 774/1181/1143 825/1145/1107 775/1146/1108
f 774/1181/1143 775/1146/1108 781/1182/1144
f 781/1182/1144 775/1146/1108 780/1147/1109
f 781/1182/1144 780/1147/1109 752/1183/1145
f 752/1183/1145 780/1147/1109 753/1148/1110
f 752/1183/1145 753/1148/1110 730/1184/1146
f 730/1184/1146 753/1148/1110 731/1149/1111
f 730/1184/1146 731/1149/1111 707/1185/1147
f 707/1185/1147 731/1149/1111 708/505/478
f 707/1185/1147 708/505/478 684/503/476
f 310/700/672 309/702/674 1499/1186/1148
f 1499/1186/1148 309/702/674 1500/704/676
f 1499/1186/1148 1500/704/676 1476/1187/1149
f 1476/1187/1149 1500/704/676 1477/706/678
f 1476/1187/1149 1477/706/678 1453/1188/1150
f 1453/1188/1150 1477/706/678 1454/708/680
f 1453/1188/1150 1454/708/680 1430/1189/1151
f 1430/1189/1151 1454/708/680 1431/710/682
f 1430/1189/1151 1431/710/682 1407/1190/1152
f 1407/1190/1152 1431/710/682 1408/712/684
f 1407/1190/1152 1408/712/684 1384/1191/1153
f 1384/1191/1153 1408/712/684 1385/714/686
f 1384/1191/1153 1385/714/686 1338/1192/1154
f 1338/1192/1154 1385/714/686 1339/716/688
f 1338/1192/1154 1339/716/688 1353/1193/1155
f 1353/1193/1155 1339/716/688 1352/718/690
f 1353/1193/1155 1352/718/690 1315/1194/1156
f 1315/1194/1156 1352/718/690 1316/720/692
f 1315/1194/1156 1316/720/692 1293/1195/1157
f 1293/1195/1157 1316/720/692 1294/722/694
f 1293/1195/1157 1294/722/694 1270/1196/1158
f 1270/1196/1158 1294/722/694 1271/724/696
f 1270/1196/1158 1271/724/696 1247/1197/1159
f 1247/1197/1159 1271/724/696 1248/726/698
f 1247/1197/1159 1248/726/698 1224/1198/1160
f 1224/1198/1160 1248/726/698 1225/728/700
f 1224/1198/1160 1225/728/700 1178/1199/1161
f 1178/1199/1161 1225/728/700 1179/730/702
f 1178/1199/1161 1179/730/702 1193/1200/1162
f 1193/1200/1162 1179/730/702 1192/732/704
f 1193/1200/1162 1192/732/704 1132/1201/1163
f 1132/1201/1163 1192/732/704 1133/734/706
f 1132/1201/1163 1133/734/706 1147/1202/1164
f 1147/1202/1164 1133/734/706 1146/736/708
f 1147/1202/1164 1146/736/708 1087/1203/1165
f 1087/1203/1165 1146/736/708 1088/738/710
f 1087/1203/1165 1088/738/710 1102/1204/1166
f 1102/1204/1166 1088/738/710 1101/740/712
f 1102/1204/1166 1101/740/712 1065/1205/1167
f 1065/1205/1167 1101/740/712 1066/742/714
f 1065/1205/1167 1066/742/714 1043/1206/1168
f 1043/1206/1168 1066/742/714 1044/744/716
f 1043/1206/1168 1044/744/716 1020/1207/1169
f 1020/1207/1169 1044/744/716 1021/746/718
f 1020/1207/1169 1021/746/718 997/1208/1170
f 997/1208/1170 1021/746/718 998/748/720
f 997/1208/1170 998/748/720 951/1209/1171
f 951/1209/1171 998/748/720 952/750/722
f 951/1209/1171 952/750/722 966/1210/1172
f 966/1210/1172 952/750/722 965/752/724
f 966/1210/1172 965/752/724 905/1211/1173
f 905/1211/1173 965/752/724 906/754/726
f 905/1211/1173 906/754/726 920/1212/1174
f 920/1212/1174 906/754/726 919/756/728
f 920/1212/1174 919/756/728 860/1213/1175
f 860/1213/1175 919/756/728 861/758/730
f 860/1213/1175 861/758/730 875/1214/1176
f 875/1214/1176 861/758/730 874/760/732
f 875/1214/1176 874/760/732 815/1215/1177
f 815/1215/1177 874/760/732 816/762/734
f 815/1215/1177 816/762/734 830/1216/1178
f 830/1216/1178 816/762/734 829/764/736
f 830/1216/1178 829/764/736 770/1217/1179
f 770/1217/1179 829/764/736 771/766/738
f 770/1217/1179 771/766/738 785/1218/1180
f 785/1218/1180 771/766/738 784/768/740
f 785/1218/1180 784/768/740 748/1219/1181
f 748/1219/1181 784/768/740 749/770/742
f 748/1219/1181 749/770/742 726/1220/1182
f 726/1220/1182 749/770/742 727/772/744
f 726/1220/1182 727/772/744 703/1221/1183
f 703/1221/1183 727/772/744 704/774/746
f 703/1221/1183 704/774/746 680/1222/1184
f 680/1222/1184 704/774/746 681/776/748
f 680/1222/1184 681/776/748 634/1223/1185
f 634/1223/1185 681/776/748 635/778/750
f 634/1223/1185 635/778/750 649/1224/1186
f 649/1224/1186 635/778/750 648/780/752
f 649/1224/1186 648/780/752 588/1225/1187
f 588/1225/1187 648/780/752 589/497/470
f 588/1225/1187 589/497/470 603/495/468
f 311/687/659 310/700/672 1498/1226/1188
f 1498/1226/1188 310/700/672 1499/1186/1148
f 1498/1226/1188 1499/1186/1148 1475/1227/1189
f 1475/1227/1189 1499/1186/1148 1476/1187/1149
f 1475/1227/1189 1476/1187/1149 1452/1228/1190
f 1452/1228/1190 1476/1187/1149 1453/1188/1150
f 1452/1228/1190 1453/1188/1150 1429/1229/1191
f 1429/1229/1191 1453/1188/1150 1430/1189/1151
f 1429/1229/1191 1430/1189/1151 1406/1230/1192
f 1406/1230/1192 1430/1189/1151 1407/1190/1152
f 1406/1230/1192 1407/1190/1152 1383/1231/1193
f 1383/1231/1193 1407/1190/1152 1384/1191/1153
f 1383/1231/1193 1384/1191/1153 1337/1232/1194
f 1337/1232/1194 1384/1191/1153 1338/1192/1154
f 1337/1232/1194 1338/1192/1154 1354/1233/1195
f 1354/1233/1195 1338/1192/1154 1353/1193/1155
f 1354/1233/1195 1353/1193/1155 1314/1234/1196
f 1314/1234/1196 1353/1193/1155 1315/1194/1156
f 1314/1234/1196 1315/1194/1156 1292/1235/1197
f 1292/1235/1197 1315/1194/1156 1293/1195/1157
f 1292/1235/1197 1293/1195/1157 1269/1236/1198
f 1269/1236/1198 1293/1195/1157 1270/1196/1158
f 1269/1236/1198 1270/1196/1158 1246/1237/1199
f 1246/1237/1199 1270/1196/1158 1247/1197/1159
f 1246/1237/1199 1247/1197/1159 1223/1238/1200
f 1223/1238/1200 1247/1197/1159 1224/1198/1160
f 1223/1238/1200 1224/1198/1160 1177/1239/1201
f 1177/1239/1201 1224/1198/1160 1178/1199/1161
f 1177/1239/1201 1178/1199/1161 1194/1240/1202
f 1194/1240/1202 1178/1199/1161 1193/1200/1162
f 1194/1240/1202 1193/1200/1162 1131/1241/1203
f 1131/1241/1203 1193/1200/1162 1132/1201/1163
f 1131/1241/1203 1132/1201/1163 1148/1242/1204
f 1148/1242/1204 1132/1201/1163 1147/1202/1164
f 1148/1242/1204 1147/1202/1164 1086/1243/1205
f 1086/1243/1205 1147/1202/1164 1087/1203/1165
f 1086/1243/1205 1087/1203/1165 1103/1244/1206
f 1103/1244/1206 1087/1203/1165 1102/1204/1166
f 1103/1244/1206 1102/1204/1166 1064/1245/1207
f 1064/1245/1207 1102/1204/1166 1065/1205/1167
f 1064/1245/1207 1065/1205/1167 1042/1246/1208
f 1042/1246/1208 1065/1205/1167 1043/1206/1168
f 1042/1246/1208 1043/1206/1168 1019/1247/1209
f 1019/1247/1209 1043/1206/1168 1020/1207/1169
f 1019/1247/1209 1020/1207/1169 996/1248/1210
f 996/1248/1210 1020/1207/1169 997/1208/1170
f 996/1248/1210 997/1208/1170 950/1249/1211
f 950/1249/1211 997/1208/1170 951/1209/1171
f 950/1249/1211 951/1209/1171 967/1250/1212
f 967/1250/1212 951/1209/1171 966/1210/1172
f 967/1250/1212 966/1210/1172 904/1251/1213
f 904/1251/1213 966/1210/1172 905/1211/1173
f 904/1251/1213 905/1211/1173 921/1252/1214
f 921/1252/1214 905/1211/1173 920/1212/1174
f 921/1252/1214 920/1212/1174 859/1253/1215
f 859/1253/1215 920/1212/1174 860/1213/1175
f 859/1253/1215 860/1213/1175 876/1254/1216
f 876/1254/1216 860/1213/1175 875/1214/1176
f 876/1254/1216 875/1214/1176 814/1255/1217
f 814/1255/1217 875/1214/1176 815/1215/1177
f 814/1255/1217 815/1215/1177 831/1256/1218
f 831/1256/1218 815/1215/1177 830/1216/1178
f 831/1256/1218 830/1216/1178 769/1257/1219
f 769/1257/1219 830/1216/1178 770/1217/1179
f 769/1257/1219 770/1217/1179 786/1258/1220
f 786/1258/1220 770/1217/1179 785/1218/1180
f 786/1258/1220 785/1218/1180 747/1259/1221
f 747/1259/1221 785/1218/1180 748/1219/1181
f 747/1259/1221 748/1219/1181 725/1260/1222
f 725/1260/1222 748/1219/1181 726/1220/1182
f 725/1260/1222 726/1220/1182 702/1261/1223
f 702/1261/1223 726/1220/1182 703/1221/1183
f 702/1261/1223 703/1221/1183 679/1262/1224
f 679/1262/1224 703/1221/1183 680/1222/1184
f 679/1262/1224 680/1222/1184 633/1263/1225
f 633/1263/1225 680/1222/1184 634/1223/1185
f 633/1263/1225 634/1223/1185 650/1264/1226
f 650/1264/1226 634/1223/1185 649/1224/1186
f 650/1264/1226 649/1224/1186 587/1265/1227
f 587/1265/1227 649/1224/1186 588/1225/1187
f 587/1265/1227 588/1225/1187 604/1266/1228
f 604/1266/1228 588/1225/1187 603/495/468
f 604/1266/1228 603/495/468 542/493/466
f 312/688/660 311/687/659 1497/1267/1229
f 1497/1267/1229 311/687/659 1498/1226/1188
f 1497/1267/1229 1498/1226/1188 1474/1268/1230
f 1474/1268/1230 1498/1226/1188 1475/1227/1189
f 1474/1268/1230 1475/1227/1189 1451/1269/1231
f 1451/1269/1231 1475/1227/1189 1452/1228/1190
f 1451/1269/1231 1452/1228/1190 1428/1270/1232
f 1428/1270/1232 1452/1228/1190 1429/1229/1191
f 1428/1270/1232 1429/1229/1191 1405/1271/1233
f 1405/1271/1233 1429/1229/1191 1406/1230/1192
f 1405/1271/1233 1406/1230/1192 1382/1272/1234
f 1382/1272/1234 1406/1230/1192 1383/1231/1193
f 1382/1272/1234 1383/1231/1193 1336/1273/1235
f 1336/1273/1235 1383/1231/1193 1337/1232/1194
f 1336/1273/1235 1337/1232/1194 1355/1274/1236
f 1355/1274/1236 1337/1232/1194 1354/1233/1195
f 1355/1274/1236 1354/1233/1195 1313/1275/1237
f 1313/1275/1237 1354/1233/1195 1314/1234/1196
f 1313/1275/1237 1314/1234/1196 1291/1276/1238
f 1291/1276/1238 1314/1234/1196 1292/1235/1197
f 1291/1276/1238 1292/1235/1197 1268/1277/1239
f 1268/1277/1239 1292/1235/1197 1269/1236/1198
f 1268/1277/1239 1269/1236/1198 1245/1278/1240
f 1245/1278/1240 1269/1236/1198 1246/1237/1199
f 1245/1278/1240 1246/1237/1199 1222/1279/1241
f 1222/1279/1241 1246/1237/1199 1223/1238/1200
f 1222/1279/1241 1223/1238/1200 1176/1280/1242
f 1176/1280/1242 1223/1238/1200 1177/1239/1201
f 1176/1280/1242 1177/1239/1201 1195/1281/1243
f 1195/1281/1243 1177/1239/1201 1194/1240/1202
f 1195/1281/1243 1194/1240/1202 1130/1282/1244
f 1130/1282/1244 1194/1240/1202 1131/1241/1203
f 1130/1282/1244 1131/1241/1203 1149/1283/1245
f 1149/1283/1245 1131/1241/1203 1148/1242/1204
f 1149/1283/1245 1148/1242/1204 1085/1284/1246
f 1085/1284/1246 1148/1242/1204 1086/1243/1205
f 1085/1284/1246 1086/1243/1205 1104/1285/1247
f 1104/1285/1247 1086/1243/1205 1103/1244/1206
f 1104/1285/1247 1103/1244/1206 1063/1286/1248
f 1063/1286/1248 1103/1244/1206 1064/1245/1207
f 1063/1286/1248 1064/1245/1207 1041/1287/1249
f 1041/1287/1249 1064/1245/1207 1042/1246/1208
f 1041/1287/1249 1042/1246/1208 1018/1288/1250
f 1018/1288/1250 1042/1246/1208 1019/1247/1209
f 1018/1288/1250 1019/1247/1209 995/1289/1251
f 995/1289/1251 1019/1247/1209 996/1248/1210
f 995/1289/1251 996/1248/1210 949/1290/1252
f 949/1290/1252 996/1248/1210 950/1249/1211
f 949/1290/1252 950/1249/1211 968/1291/1253
f 968/1291/1253 950/1249/1211 967/1250/1212
f 968/1291/1253 967/1250/1212 903/1292/1254
f 903/1292/1254 967/1250/1212 904/1251/1213
f 903/1292/1254 904/1251/1213 922/1293/1255
f 922/1293/1255 904/1251/1213 921/1252/1214
f 922/1293/1255 921/1252/1214 858/1294/1256
f 858/1294/1256 921/1252/1214 859/1253/1215
f 858/1294/1256 859/1253/1215 877/1295/1257
f 877/1295/1257 859/1253/1215 876/1254/1216
f 877/1295/1257 876/1254/1216 813/1296/1258
f 813/1296/1258 876/1254/1216 814/1255/1217
f 813/1296/1258 814/1255/1217 832/1297/1259
f 832/1297/1259 814/1255/1217 831/1256/1218
f 832/1297/1259 831/1256/1218 768/1298/1260
f 768/1298/1260 831/1256/1218 769/1257/1219
f 768/1298/1260 769/1257/1219 787/1299/1261
f 787/1299/1261 769/1257/1219 786/1258/1220
f 787/1299/1261 786/1258/1220 746/1300/1262
f 746/1300/1262 786/1258/1220 747/1259/1221
f 746/1300/1262 747/1259/1221 724/1301/1263
f 724/1301/1263 747/1259/1221 725/1260/1222
f 724/1301/1263 725/1260/1222 701/1302/1264
f 701/1302/1264 725/1260/1222 702/1261/1223
f 701/1302/1264 702/1261/1223 678/1303/1265
f 678/1303/1265 702/1261/1223 679/1262/1224
f 678/1303/1265 679/1262/1224 632/1304/1266
f 632/1304/1266 679/1262/1224 633/1263/1225
f 632/1304/1266 633/1263/1225 651/1305/1267
f 651/1305/1267 633/1263/1225 650/1264/1226
f 651/1305/1267 650/1264/1226 586/1306/1268
f 586/1306/1268 650/1264/1226 587/1265/1227
f 586/1306/1268 587/1265/1227 605/1307/1269
f 605/1307/1269 587/1265/1227 604/1266/1228
f 605/1307/1269 604/1266/1228 541/1308/1270
f 541/1308/1270 604/1266/1228 542/493/466
f 541/1308/1270 542/493/466 560/491/464
f 1494/679/651 314/678/650 1495/690/662
f 1495/690/662 314/678/650 313/677/649
f 1492/673/645 316/672/644 1493/680/652
f 1493/680/652 316/672/644 315/671/643
f 1490/618/590 318/669/641 1491/674/646
f 1491/674/646 318/669/641 317/668/640
f 1486/367/341 323/365/339 322/511/484
f 322/511/484 321/513/485 1487/1309/1271
f 1487/1309/1271 321/513/485 1488/515/487
f 1487/1309/1271 1488/515/487 1464/1310/1272
f 1464/1310/1272 1488/515/487 1465/517/489
f 1464/1310/1272 1465/517/489 1441/1311/1273
f 1441/1311/1273 1465/517/489 1442/519/491
f 1441/1311/1273 1442/519/491 1418/1312/1274
f 1418/1312/1274 1442/519/491 1419/521/493
f 1418/1312/1274 1419/521/493 1395/1313/1275
f 1395/1313/1275 1419/521/493 1396/523/495
f 1395/1313/1275 1396/523/495 1372/1314/1276
f 1372/1314/1276 1396/523/495 1373/525/497
f 1372/1314/1276 1373/525/497 1326/1315/1277
f 1326/1315/1277 1373/525/497 1327/527/499
f 1326/1315/1277 1327/527/499 1365/1316/1278
f 1365/1316/1278 1327/527/499 1364/529/501
f 1365/1316/1278 1364/529/501 1303/1317/1279
f 1303/1317/1279 1364/529/501 1304/531/503
f 1303/1317/1279 1304/531/503 1281/1318/1280
f 1281/1318/1280 1304/531/503 1282/533/505
f 1281/1318/1280 1282/533/505 1258/1319/1281
f 1258/1319/1281 1282/533/505 1259/535/507
f 1258/1319/1281 1259/535/507 1235/1320/1282
f 1235/1320/1282 1259/535/507 1236/537/509
f 1235/1320/1282 1236/537/509 1212/1321/1283
f 1212/1321/1283 1236/537/509 1213/539/511
f 1212/1321/1283 1213/539/511 1166/1322/1284
f 1166/1322/1284 1213/539/511 1167/541/513
f 1166/1322/1284 1167/541/513 1205/1323/1285
f 1205/1323/1285 1167/541/513 1204/543/515
f 1205/1323/1285 1204/543/515 1120/1324/1286
f 1120/1324/1286 1204/543/515 1121/545/517
f 1120/1324/1286 1121/545/517 1159/1325/1287
f 1159/1325/1287 1121/545/517 1158/547/519
f 1159/1325/1287 1158/547/519 1075/1326/1288
f 1075/1326/1288 1158/547/519 1076/549/521
f 1075/1326/1288 1076/549/521 1114/1327/1289
f 1114/1327/1289 1076/549/521 1113/551/523
f 1114/1327/1289 1113/551/523 1053/1328/1290
f 1053/1328/1290 1113/551/523 1054/553/525
f 1053/1328/1290 1054/553/525 1031/1329/1291
f 1031/1329/1291 1054/553/525 1032/555/527
f 1031/1329/1291 1032/555/527 1008/1330/1292
f 1008/1330/1292 1032/555/527 1009/557/529
f 1008/1330/1292 1009/557/529 985/1331/1293
f 985/1331/1293 1009/557/529 986/559/531
f 985/1331/1293 986/559/531 939/1332/1294
f 939/1332/1294 986/559/531 940/561/533
f 939/1332/1294 940/561/533 978/1333/1295
f 978/1333/1295 940/561/533 977/563/535
f 978/1333/1295 977/563/535 893/1334/1296
f 893/1334/1296 977/563/535 894/565/537
f 893/1334/1296 894/565/537 932/1335/1297
f 932/1335/1297 894/565/537 931/567/539
f 932/1335/1297 931/567/539 848/1336/1298
f 848/1336/1298 931/567/539 849/569/541
f 848/1336/1298 849/569/541 887/1337/1299
f 887/1337/1299 849/569/541 886/571/543
f 887/1337/1299 886/571/543 803/1338/1300
f 803/1338/1300 886/571/543 804/573/545
f 803/1338/1300 804/573/545 842/1339/1301
f 842/1339/1301 804/573/545 841/575/547
f 842/1339/1301 841/575/547 758/1340/1302
f 758/1340/1302 841/575/547 759/577/549
f 758/1340/1302 759/577/549 797/1341/1303
f 797/1341/1303 759/577/549 796/579/551
f 797/1341/1303 796/579/551 736/1342/1304
f 736/1342/1304 796/579/551 737/581/553
f 736/1342/1304 737/581/553 714/1343/1305
f 714/1343/1305 737/581/553 715/583/555
f 714/1343/1305 715/583/555 691/1344/1306
f 691/1344/1306 715/583/555 692/585/557
f 691/1344/1306 692/585/557 668/1345/1307
f 668/1345/1307 692/585/557 669/587/559
f 668/1345/1307 669/587/559 622/1346/1308
f 622/1346/1308 669/587/559 623/589/561
f 622/1346/1308 623/589/561 661/1347/1309
f 661/1347/1309 623/589/561 660/591/563
f 661/1347/1309 660/591/563 576/1348/1310
f 576/1348/1310 660/591/563 577/593/565
f 576/1348/1310 577/593/565 615/1349/1311
f 615/1349/1311 577/593/565 614/595/567
f 615/1349/1311 614/595/567 531/1350/1312
f 531/1350/1312 614/595/567 532/597/569
f 531/1350/1312 532/597/569 570/1351/1313
f 570/1351/1313 532/597/569 569/599/571
f 570/1351/1313 569/599/571 486/1352/1314
f 486/1352/1314 569/599/571 487/601/573
f 486/1352/1314 487/601/573 525/1353/1315
f 525/1353/1315 487/601/573 524/603/575
f 525/1353/1315 524/603/575 441/1354/1316
f 441/1354/1316 524/603/575 442/605/577
f 441/1354/1316 442/605/577 480/1355/1317
f 480/1355/1317 442/605/577 479/607/579
f 480/1355/1317 479/607/579 396/1356/1318
f 396/1356/1318 479/607/579 397/609/581
f 396/1356/1318 397/609/581 435/1357/1319
f 435/1357/1319 397/609/581 434/611/583
f 435/1357/1319 434/611/583 374/1358/1320
f 374/1358/1320 434/611/583 375/613/585
f 374/1358/1320 375/613/585 352/1359/1321
f 352/1359/1321 375/613/585 353/615/587
f 352/1359/1321 353/615/587 329/471/444
f 329/471/444 353/615/587 330/473/446
f 350/466/440 327/468/442 326/965/928
f 352/1359/1321 329/471/444 328/469/443
f 352/1359/1321 328/469/443 351/467/441
f 355/476/449 332/963/926 331/474/447
f 358/954/918 335/952/916 334/960/924
f 334/960/924 333/962/925 357/1360/1322
f 357/1360/1322 333/962/925 356/964/927
f 357/1360/1322 356/964/927 379/1361/1323
f 379/1361/1323 356/964/927 378/478/451
f 379/1361/1323 378/478/451 430/480/453
f 337/949/914 336/951/915 360/1362/1324
f 360/1362/1324 336/951/915 359/953/917
f 360/1362/1324 359/953/917 382/1363/1325
f 382/1363/1325 359/953/917 381/955/919
f 382/1363/1325 381/955/919 427/1364/1326
f 427/1364/1326 381/955/919 428/957/921
f 427/1364/1326 428/957/921 404/1365/1327
f 404/1365/1327 428/957/921 403/959/923
f 404/1365/1327 403/959/923 472/1366/1328
f 472/1366/1328 403/959/923 473/484/457
f 472/1366/1328 473/484/457 449/486/459
f 362/940/906 339/939/905 338/947/913
f 338/947/913 337/949/914 361/1367/1329
f 361/1367/1329 337/949/914 360/1362/1324
f 361/1367/1329 360/1362/1324 383/1368/1330
f 383/1368/1330 360/1362/1324 382/1363/1325
f 383/1368/1330 382/1363/1325 426/1369/1331
f 426/1369/1331 382/1363/1325 427/1364/1326
f 426/1369/1331 427/1364/1326 405/1370/1332
f 405/1370/1332 427/1364/1326 404/1365/1327
f 405/1370/1332 404/1365/1327 471/1371/1333
f 471/1371/1333 404/1365/1327 472/1366/1328
f 471/1371/1333 472/1366/1328 450/1372/1334
f 450/1372/1334 472/1366/1328 449/486/459
f 450/1372/1334 449/486/459 516/488/461
f 342/917/885 341/919/886 365/1373/1335
f 365/1373/1335 341/919/886 364/921/888
f 365/1373/1335 364/921/888 387/1374/1336
f 387/1374/1336 364/921/888 386/923/890
f 387/1374/1336 386/923/890 422/1375/1337
f 422/1375/1337 386/923/890 423/925/892
f 422/1375/1337 423/925/892 409/1376/1338
f 409/1376/1338 423/925/892 408/927/894
f 409/1376/1338 408/927/894 467/1377/1339
f 467/1377/1339 408/927/894 468/929/896
f 467/1377/1339 468/929/896 454/1378/1340
f 454/1378/1340 468/929/896 453/931/898
f 454/1378/1340 453/931/898 512/1379/1341
f 512/1379/1341 453/931/898 513/933/900
f 512/1379/1341 513/933/900 499/1380/1342
f 499/1380/1342 513/933/900 498/935/902
f 499/1380/1342 498/935/902 557/1381/1343
f 557/1381/1343 498/935/902 558/937/904
f 557/1381/1343 558/937/904 544/1382/1344
f 544/1382/1344 558/937/904 543/494/467
f 544/1382/1344 543/494/467 602/496/469
f 343/907/875 342/917/885 366/1383/1345
f 366/1383/1345 342/917/885 365/1373/1335
f 366/1383/1345 365/1373/1335 388/1384/1346
f 388/1384/1346 365/1373/1335 387/1374/1336
f 388/1384/1346 387/1374/1336 421/1385/1347
f 421/1385/1347 387/1374/1336 422/1375/1337
f 421/1385/1347 422/1375/1337 410/1386/1348
f 410/1386/1348 422/1375/1337 409/1376/1338
f 410/1386/1348 409/1376/1338 466/1387/1349
f 466/1387/1349 409/1376/1338 467/1377/1339
f 466/1387/1349 467/1377/1339 455/1388/1350
f 455/1388/1350 467/1377/1339 454/1378/1340
f 455/1388/1350 454/1378/1340 511/1389/1351
f 511/1389/1351 454/1378/1340 512/1379/1341
f 511/1389/1351 512/1379/1341 500/1390/1352
f 500/1390/1352 512/1379/1341 499/1380/1342
f 500/1390/1352 499/1380/1342 556/1391/1353
f 556/1391/1353 499/1380/1342 557/1381/1343
f 556/1391/1353 557/1381/1343 545/1392/1354
f 545/1392/1354 557/1381/1343 544/1382/1344
f 545/1392/1354 544/1382/1344 601/1393/1355
f 601/1393/1355 544/1382/1344 602/496/469
f 601/1393/1355 602/496/469 590/498/471
f 344/908/876 343/907/875 367/1394/1356
f 367/1394/1356 343/907/875 366/1383/1345
f 367/1394/1356 366/1383/1345 389/1395/1357
f 389/1395/1357 366/1383/1345 388/1384/1346
f 389/1395/1357 388/1384/1346 420/1396/1358
f 420/1396/1358 388/1384/1346 421/1385/1347
f 420/1396/1358 421/1385/1347 411/1397/1359
f 411/1397/1359 421/1385/1347 410/1386/1348
f 411/1397/1359 410/1386/1348 465/1398/1360
f 465/1398/1360 410/1386/1348 466/1387/1349
f 465/1398/1360 466/1387/1349 456/1399/1361
f 456/1399/1361 466/1387/1349 455/1388/1350
f 456/1399/1361 455/1388/1350 510/1400/1362
f 510/1400/1362 455/1388/1350 511/1389/1351
f 510/1400/1362 511/1389/1351 501/1401/1363
f 501/1401/1363 511/1389/1351 500/1390/1352
f 501/1401/1363 500/1390/1352 555/1402/1364
f 555/1402/1364 500/1390/1352 556/1391/1353
f 555/1402/1364 556/1391/1353 546/1403/1365
f 546/1403/1365 556/1391/1353 545/1392/1354
f 546/1403/1365 545/1392/1354 600/1404/1366
f 600/1404/1366 545/1392/1354 601/1393/1355
f 600/1404/1366 601/1393/1355 591/1405/1367
f 591/1405/1367 601/1393/1355 590/498/471
f 591/1405/1367 590/498/471 646/500/473
f 370/902/871 346/901/870 369/910/878
f 369/910/878 346/901/870 345/900/869
f 371/903/872 348/897/867 347/895/866
f 372/464/438 350/466/440 349/968/930
f 349/968/930 350/466/440 326/965/928
f 374/1358/1320 352/1359/1321 351/467/441
f 374/1358/1320 351/467/441 373/465/439
f 380/956/920 358/954/918 357/1360/1322
f 357/1360/1322 358/954/918 334/960/924
f 380/956/920 357/1360/1322 379/1361/1323
f 384/941/907 362/940/906 361/1367/1329
f 361/1367/1329 362/940/906 338/947/913
f 384/941/907 361/1367/1329 383/1368/1330
f 344/908/876 367/1394/1356 368/909/877
f 368/909/877 367/1394/1356 390/1406/1368
f 368/909/877 390/1406/1368 391/911/879
f 391/911/879 390/1406/1368 418/1407/1369
f 391/911/879 418/1407/1369 417/913/881
f 417/913/881 418/1407/1369 414/1408/1370
f 417/913/881 414/1408/1370 415/915/883
f 415/915/883 414/1408/1370 461/1109/1071
f 390/1406/1368 367/1394/1356 389/1395/1357
f 393/904/873 370/902/871 392/912/880
f 392/912/880 370/902/871 369/910/878
f 437/462/436 372/464/438 302/970/932
f 302/970/932 372/464/438 349/968/930
f 435/1357/1319 374/1358/1320 373/465/439
f 435/1357/1319 373/465/439 436/463/437
f 431/479/452 377/477/450 432/666/638
f 429/958/922 380/956/920 379/1361/1323
f 429/958/922 379/1361/1323 430/480/453
f 425/942/908 384/941/907 383/1368/1330
f 425/942/908 383/1368/1330 426/1369/1331
f 390/1406/1368 389/1395/1357 419/1409/1371
f 419/1409/1371 389/1395/1357 420/1396/1358
f 419/1409/1371 420/1396/1358 412/1410/1372
f 412/1410/1372 420/1396/1358 411/1397/1359
f 412/1410/1372 411/1397/1359 464/1411/1373
f 464/1411/1373 411/1397/1359 465/1398/1360
f 464/1411/1373 465/1398/1360 457/1412/1374
f 457/1412/1374 465/1398/1360 456/1399/1361
f 457/1412/1374 456/1399/1361 509/1413/1375
f 509/1413/1375 456/1399/1361 510/1400/1362
f 509/1413/1375 510/1400/1362 502/1414/1376
f 502/1414/1376 510/1400/1362 501/1401/1363
f 502/1414/1376 501/1401/1363 554/1415/1377
f 554/1415/1377 501/1401/1363 555/1402/1364
f 554/1415/1377 555/1402/1364 547/1416/1378
f 547/1416/1378 555/1402/1364 546/1403/1365
f 547/1416/1378 546/1403/1365 599/1417/1379
f 599/1417/1379 546/1403/1365 600/1404/1366
f 599/1417/1379 600/1404/1366 592/1418/1380
f 592/1418/1380 600/1404/1366 591/1405/1367
f 592/1418/1380 591/1405/1367 645/1419/1381
f 645/1419/1381 591/1405/1367 646/500/473
f 645/1419/1381 646/500/473 638/502/475
f 416/914/882 393/904/873 392/912/880
f 438/972/934 394/460/434 437/462/436
f 435/1357/1319 436/463/437 396/1356/1318
f 396/1356/1318 436/463/437 395/461/435
f 396/1356/1318 395/461/435 480/1355/1317
f 480/1355/1317 395/461/435 481/459/433
f 480/1355/1317 481/459/433 441/1354/1316
f 441/1354/1316 481/459/433 440/457/431
f 441/1354/1316 440/457/431 525/1353/1315
f 525/1353/1315 440/457/431 526/455/429
f 525/1353/1315 526/455/429 486/1352/1314
f 486/1352/1314 526/455/429 485/453/427
f 486/1352/1314 485/453/427 570/1351/1313
f 570/1351/1313 485/453/427 571/451/425
f 570/1351/1313 571/451/425 531/1350/1312
f 531/1350/1312 571/451/425 530/449/423
f 531/1350/1312 530/449/423 615/1349/1311
f 615/1349/1311 530/449/423 616/447/421
f 615/1349/1311 616/447/421 576/1348/1310
f 576/1348/1310 616/447/421 575/445/419
f 576/1348/1310 575/445/419 661/1347/1309
f 661/1347/1309 575/445/419 662/443/417
f 661/1347/1309 662/443/417 622/1346/1308
f 622/1346/1308 662/443/417 621/441/415
f 622/1346/1308 621/441/415 668/1345/1307
f 668/1345/1307 621/441/415 667/439/413
f 668/1345/1307 667/439/413 691/1344/1306
f 691/1344/1306 667/439/413 690/437/411
f 691/1344/1306 690/437/411 714/1343/1305
f 714/1343/1305 690/437/411 713/435/409
f 714/1343/1305 713/435/409 736/1342/1304
f 736/1342/1304 713/435/409 735/433/407
f 736/1342/1304 735/433/407 797/1341/1303
f 797/1341/1303 735/433/407 798/431/405
f 797/1341/1303 798/431/405 758/1340/1302
f 758/1340/1302 798/431/405 757/429/403
f 758/1340/1302 757/429/403 842/1339/1301
f 842/1339/1301 757/429/403 843/427/401
f 842/1339/1301 843/427/401 803/1338/1300
f 803/1338/1300 843/427/401 802/425/399
f 803/1338/1300 802/425/399 887/1337/1299
f 887/1337/1299 802/425/399 888/423/397
f 887/1337/1299 888/423/397 848/1336/1298
f 848/1336/1298 888/423/397 847/421/395
f 848/1336/1298 847/421/395 932/1335/1297
f 932/1335/1297 847/421/395 933/419/393
f 932/1335/1297 933/419/393 893/1334/1296
f 893/1334/1296 933/419/393 892/417/391
f 893/1334/1296 892/417/391 978/1333/1295
f 978/1333/1295 892/417/391 979/415/389
f 978/1333/1295 979/415/389 939/1332/1294
f 939/1332/1294 979/415/389 938/413/387
f 939/1332/1294 938/413/387 985/1331/1293
f 985/1331/1293 938/413/387 984/411/385
f 985/1331/1293 984/411/385 1008/1330/1292
f 1008/1330/1292 984/411/385 1007/409/383
f 1008/1330/1292 1007/409/383 1031/1329/1291
f 1031/1329/1291 1007/409/383 1030/407/381
f 1031/1329/1291 1030/407/381 1053/1328/1290
f 1053/1328/1290 1030/407/381 1052/405/379
f 1053/1328/1290 1052/405/379 1114/1327/1289
f 1114/1327/1289 1052/405/379 1115/403/377
f 1114/1327/1289 1115/403/377 1075/1326/1288
f 1075/1326/1288 1115/403/377 1074/401/375
f 1075/1326/1288 1074/401/375 1159/1325/1287
f 1159/1325/1287 1074/401/375 1160/399/373
f 1159/1325/1287 1160/399/373 1120/1324/1286
f 1120/1324/1286 1160/399/373 1119/397/371
f 1120/1324/1286 1119/397/371 1205/1323/1285
f 1205/1323/1285 1119/397/371 1206/395/369
f 1205/1323/1285 1206/395/369 1166/1322/1284
f 1166/1322/1284 1206/395/369 1165/393/367
f 1166/1322/1284 1165/393/367 1212/1321/1283
f 1212/1321/1283 1165/393/367 1211/391/365
f 1212/1321/1283 1211/391/365 1235/1320/1282
f 1235/1320/1282 1211/391/365 1234/389/363
f 1235/1320/1282 1234/389/363 1258/1319/1281
f 1258/1319/1281 1234/389/363 1257/387/361
f 1258/1319/1281 1257/387/361 1281/1318/1280
f 1281/1318/1280 1257/387/361 1280/385/359
f 1281/1318/1280 1280/385/359 1303/1317/1279
f 1303/1317/1279 1280/385/359 1302/383/357
f 1303/1317/1279 1302/383/357 1365/1316/1278
f 1365/1316/1278 1302/383/357 1366/381/355
f 1365/1316/1278 1366/381/355 1326/1315/1277
f 1326/1315/1277 1366/381/355 1325/379/353
f 1326/1315/1277 1325/379/353 1372/1314/1276
f 1372/1314/1276 1325/379/353 1371/377/351
f 1372/1314/1276 1371/377/351 1395/1313/1275
f 1395/1313/1275 1371/377/351 1394/375/349
f 1395/1313/1275 1394/375/349 1418/1312/1274
f 1418/1312/1274 1394/375/349 1417/373/347
f 1418/1312/1274 1417/373/347 1441/1311/1273
f 1441/1311/1273 1417/373/347 1440/371/345
f 1441/1311/1273 1440/371/345 1464/1310/1272
f 1464/1310/1272 1440/371/345 1463/369/343
f 1464/1310/1272 1463/369/343 1487/1309/1271
f 1487/1309/1271 1463/369/343 1486/367/341
f 1487/1309/1271 1486/367/341 322/511/484
f 431/479/452 432/666/638 400/1420/1382
f 400/1420/1382 432/666/638 399/665/637
f 400/1420/1382 399/665/637 476/1421/1383
f 476/1421/1383 399/665/637 477/664/636
f 476/1421/1383 477/664/636 445/1422/1384
f 445/1422/1384 477/664/636 444/663/635
f 445/1422/1384 444/663/635 521/1423/1385
f 521/1423/1385 444/663/635 522/662/634
f 521/1423/1385 522/662/634 490/1424/1386
f 490/1424/1386 522/662/634 489/661/633
f 490/1424/1386 489/661/633 566/1425/1387
f 566/1425/1387 489/661/633 567/660/632
f 566/1425/1387 567/660/632 535/1426/1388
f 535/1426/1388 567/660/632 534/659/631
f 535/1426/1388 534/659/631 611/1427/1389
f 611/1427/1389 534/659/631 612/658/630
f 611/1427/1389 612/658/630 580/1428/1390
f 580/1428/1390 612/658/630 579/657/629
f 580/1428/1390 579/657/629 657/1429/1391
f 657/1429/1391 579/657/629 658/656/628
f 657/1429/1391 658/656/628 626/1430/1392
f 626/1430/1392 658/656/628 625/655/627
f 626/1430/1392 625/655/627 672/1431/1393
f 672/1431/1393 625/655/627 671/654/626
f 672/1431/1393 671/654/626 695/1432/1394
f 695/1432/1394 671/654/626 694/653/625
f 695/1432/1394 694/653/625 718/1433/1395
f 718/1433/1395 694/653/625 717/652/624
f 718/1433/1395 717/652/624 740/1434/1396
f 740/1434/1396 717/652/624 739/651/623
f 740/1434/1396 739/651/623 793/1435/1397
f 793/1435/1397 739/651/623 794/650/622
f 793/1435/1397 794/650/622 762/1436/1398
f 762/1436/1398 794/650/622 761/649/621
f 762/1436/1398 761/649/621 838/1437/1399
f 838/1437/1399 761/649/621 839/648/620
f 838/1437/1399 839/648/620 807/1438/1400
f 807/1438/1400 839/648/620 806/647/619
f 807/1438/1400 806/647/619 883/1439/1401
f 883/1439/1401 806/647/619 884/646/618
f 883/1439/1401 884/646/618 852/1440/1402
f 852/1440/1402 884/646/618 851/645/617
f 852/1440/1402 851/645/617 928/1441/1403
f 928/1441/1403 851/645/617 929/644/616
f 928/1441/1403 929/644/616 897/1442/1404
f 897/1442/1404 929/644/616 896/643/615
f 897/1442/1404 896/643/615 974/1443/1405
f 974/1443/1405 896/643/615 975/642/614
f 974/1443/1405 975/642/614 943/1444/1406
f 943/1444/1406 975/642/614 942/641/613
f 943/1444/1406 942/641/613 989/1445/1407
f 989/1445/1407 942/641/613 988/640/612
f 989/1445/1407 988/640/612 1012/1446/1408
f 1012/1446/1408 988/640/612 1011/639/611
f 1012/1446/1408 1011/639/611 1035/1447/1409
f 1035/1447/1409 1011/639/611 1034/638/610
f 1035/1447/1409 1034/638/610 1057/1448/1410
f 1057/1448/1410 1034/638/610 1056/637/609
f 1057/1448/1410 1056/637/609 1110/1449/1411
f 1110/1449/1411 1056/637/609 1111/636/608
f 1110/1449/1411 1111/636/608 1079/1450/1412
f 1079/1450/1412 1111/636/608 1078/635/607
f 1079/1450/1412 1078/635/607 1155/1451/1413
f 1155/1451/1413 1078/635/607 1156/634/606
f 1155/1451/1413 1156/634/606 1124/1452/1414
f 1124/1452/1414 1156/634/606 1123/633/605
f 1124/1452/1414 1123/633/605 1201/1453/1415
f 1201/1453/1415 1123/633/605 1202/632/604
f 1201/1453/1415 1202/632/604 1170/1454/1416
f 1170/1454/1416 1202/632/604 1169/631/603
f 1170/1454/1416 1169/631/603 1216/1455/1417
f 1216/1455/1417 1169/631/603 1215/630/602
f 1216/1455/1417 1215/630/602 1239/1456/1418
f 1239/1456/1418 1215/630/602 1238/629/601
f 1239/1456/1418 1238/629/601 1262/1457/1419
f 1262/1457/1419 1238/629/601 1261/628/600
f 1262/1457/1419 1261/628/600 1285/1458/1420
f 1285/1458/1420 1261/628/600 1284/627/599
f 1285/1458/1420 1284/627/599 1307/1459/1421
f 1307/1459/1421 1284/627/599 1306/626/598
f 1307/1459/1421 1306/626/598 1361/1460/1422
f 1361/1460/1422 1306/626/598 1362/625/597
f 1361/1460/1422 1362/625/597 1330/1461/1423
f 1330/1461/1423 1362/625/597 1329/624/596
f 1330/1461/1423 1329/624/596 1376/699/671
f 431/479/452 400/1420/1382 401/481/454
f 401/481/454 400/1420/1382 475/1462/1424
f 401/481/454 475/1462/1424 474/483/456
f 474/483/456 475/1462/1424 447/1463/1425
f 474/483/456 447/1463/1425 448/485/458
f 448/485/458 447/1463/1425 518/1464/1426
f 448/485/458 518/1464/1426 517/487/460
f 517/487/460 518/1464/1426 494/1465/1427
f 517/487/460 494/1465/1427 495/489/462
f 495/489/462 494/1465/1427 561/1466/1428
f 495/489/462 561/1466/1428 560/491/464
f 560/491/464 561/1466/1428 541/1308/1270
f 475/1462/1424 400/1420/1382 476/1421/1383
f 429/958/922 430/480/453 402/482/455
f 425/942/908 426/1369/1331 406/943/909
f 406/943/909 426/1369/1331 405/1370/1332
f 406/943/909 405/1370/1332 470/944/910
f 470/944/910 405/1370/1332 471/1371/1333
f 470/944/910 471/1371/1333 451/945/911
f 451/945/911 471/1371/1333 450/1372/1334
f 451/945/911 450/1372/1334 515/946/912
f 515/946/912 450/1372/1334 516/488/461
f 515/946/912 516/488/461 496/490/463
f 412/1410/1372 413/1467/1429 419/1409/1371
f 419/1409/1371 413/1467/1429 418/1407/1369
f 419/1409/1371 418/1407/1369 390/1406/1368
f 418/1407/1369 413/1467/1429 414/1408/1370
f 414/1408/1370 413/1467/1429 462/1468/1430
f 414/1408/1370 462/1468/1430 461/1109/1071
f 461/1109/1071 462/1468/1430 460/1107/1069
f 413/1467/1429 412/1410/1372 463/1469/1431
f 463/1469/1431 412/1410/1372 464/1411/1373
f 463/1469/1431 464/1411/1373 458/1470/1432
f 458/1470/1432 464/1411/1373 457/1412/1374
f 458/1470/1432 457/1412/1374 508/1471/1433
f 508/1471/1433 457/1412/1374 509/1413/1375
f 508/1471/1433 509/1413/1375 503/1472/1434
f 503/1472/1434 509/1413/1375 502/1414/1376
f 503/1472/1434 502/1414/1376 553/1473/1435
f 553/1473/1435 502/1414/1376 554/1415/1377
f 553/1473/1435 554/1415/1377 548/1474/1436
f 548/1474/1436 554/1415/1377 547/1416/1378
f 548/1474/1436 547/1416/1378 598/1475/1437
f 598/1475/1437 547/1416/1378 599/1417/1379
f 598/1475/1437 599/1417/1379 593/1476/1438
f 593/1476/1438 599/1417/1379 592/1418/1380
f 593/1476/1438 592/1418/1380 644/1477/1439
f 644/1477/1439 592/1418/1380 645/1419/1381
f 644/1477/1439 645/1419/1381 639/1478/1440
f 639/1478/1440 645/1419/1381 638/502/475
f 639/1478/1440 638/502/475 685/504/477
f 302/970/932 438/972/934 437/462/436
f 527/454/428 439/456/430 300/976/938
f 300/976/938 439/456/430 483/975/937
f 475/1462/1424 476/1421/1383 446/1479/1441
f 446/1479/1441 476/1421/1383 445/1422/1384
f 446/1479/1441 445/1422/1384 520/1480/1442
f 520/1480/1442 445/1422/1384 521/1423/1385
f 520/1480/1442 521/1423/1385 491/1481/1443
f 491/1481/1443 521/1423/1385 490/1424/1386
f 491/1481/1443 490/1424/1386 565/1482/1444
f 565/1482/1444 490/1424/1386 566/1425/1387
f 565/1482/1444 566/1425/1387 536/1483/1445
f 536/1483/1445 566/1425/1387 535/1426/1388
f 536/1483/1445 535/1426/1388 610/1484/1446
f 610/1484/1446 535/1426/1388 611/1427/1389
f 610/1484/1446 611/1427/1389 581/1485/1447
f 581/1485/1447 611/1427/1389 580/1428/1390
f 581/1485/1447 580/1428/1390 656/1486/1448
f 656/1486/1448 580/1428/1390 657/1429/1391
f 656/1486/1448 657/1429/1391 627/1487/1449
f 627/1487/1449 657/1429/1391 626/1430/1392
f 627/1487/1449 626/1430/1392 673/1488/1450
f 673/1488/1450 626/1430/1392 672/1431/1393
f 673/1488/1450 672/1431/1393 696/1489/1451
f 696/1489/1451 672/1431/1393 695/1432/1394
f 696/1489/1451 695/1432/1394 719/1490/1452
f 719/1490/1452 695/1432/1394 718/1433/1395
f 719/1490/1452 718/1433/1395 741/1491/1453
f 741/1491/1453 718/1433/1395 740/1434/1396
f 741/1491/1453 740/1434/1396 792/1492/1454
f 792/1492/1454 740/1434/1396 793/1435/1397
f 792/1492/1454 793/1435/1397 763/1493/1455
f 763/1493/1455 793/1435/1397 762/1436/1398
f 763/1493/1455 762/1436/1398 837/1494/1456
f 837/1494/1456 762/1436/1398 838/1437/1399
f 837/1494/1456 838/1437/1399 808/1495/1457
f 808/1495/1457 838/1437/1399 807/1438/1400
f 808/1495/1457 807/1438/1400 882/1496/1458
f 882/1496/1458 807/1438/1400 883/1439/1401
f 882/1496/1458 883/1439/1401 853/1497/1459
f 853/1497/1459 883/1439/1401 852/1440/1402
f 853/1497/1459 852/1440/1402 927/1498/1460
f 927/1498/1460 852/1440/1402 928/1441/1403
f 927/1498/1460 928/1441/1403 898/1499/1461
f 898/1499/1461 928/1441/1403 897/1442/1404
f 898/1499/1461 897/1442/1404 973/1500/1462
f 973/1500/1462 897/1442/1404 974/1443/1405
f 973/1500/1462 974/1443/1405 944/1501/1463
f 944/1501/1463 974/1443/1405 943/1444/1406
f 944/1501/1463 943/1444/1406 990/1502/1464
f 990/1502/1464 943/1444/1406 989/1445/1407
f 990/1502/1464 989/1445/1407 1013/1503/1465
f 1013/1503/1465 989/1445/1407 1012/1446/1408
f 1013/1503/1465 1012/1446/1408 1036/1504/1466
f 1036/1504/1466 1012/1446/1408 1035/1447/1409
f 1036/1504/1466 1035/1447/1409 1058/1505/1467
f 1058/1505/1467 1035/1447/1409 1057/1448/1410
f 1058/1505/1467 1057/1448/1410 1109/1506/1468
f 1109/1506/1468 1057/1448/1410 1110/1449/1411
f 1109/1506/1468 1110/1449/1411 1080/1507/1469
f 1080/1507/1469 1110/1449/1411 1079/1450/1412
f 1080/1507/1469 1079/1450/1412 1154/1508/1470
f 1154/1508/1470 1079/1450/1412 1155/1451/1413
f 1154/1508/1470 1155/1451/1413 1125/1509/1471
f 1125/1509/1471 1155/1451/1413 1124/1452/1414
f 1125/1509/1471 1124/1452/1414 1200/1510/1472
f 1200/1510/1472 1124/1452/1414 1201/1453/1415
f 1200/1510/1472 1201/1453/1415 1171/1511/1473
f 1171/1511/1473 1201/1453/1415 1170/1454/1416
f 1171/1511/1473 1170/1454/1416 1217/1512/1474
f 1217/1512/1474 1170/1454/1416 1216/1455/1417
f 1217/1512/1474 1216/1455/1417 1240/1513/1475
f 1240/1513/1475 1216/1455/1417 1239/1456/1418
f 1240/1513/1475 1239/1456/1418 1263/1514/1476
f 1263/1514/1476 1239/1456/1418 1262/1457/1419
f 1263/1514/1476 1262/1457/1419 1286/1515/1477
f 1286/1515/1477 1262/1457/1419 1285/1458/1420
f 1286/1515/1477 1285/1458/1420 1308/1516/1478
f 1308/1516/1478 1285/1458/1420 1307/1459/1421
f 1308/1516/1478 1307/1459/1421 1360/1517/1479
f 1360/1517/1479 1307/1459/1421 1361/1460/1422
f 1360/1517/1479 1361/1460/1422 1331/1518/1480
f 1331/1518/1480 1361/1460/1422 1330/1461/1423
f 1331/1518/1480 1330/1461/1423 1377/1519/1481
f 1377/1519/1481 1330/1461/1423 1376/699/671
f 1377/1519/1481 1376/699/671 1400/697/669
f 475/1462/1424 446/1479/1441 447/1463/1425
f 447/1463/1425 446/1479/1441 519/1520/1482
f 447/1463/1425 519/1520/1482 518/1464/1426
f 518/1464/1426 519/1520/1482 493/1521/1483
f 518/1464/1426 493/1521/1483 494/1465/1427
f 494/1465/1427 493/1521/1483 562/1522/1484
f 494/1465/1427 562/1522/1484 561/1466/1428
f 561/1466/1428 562/1522/1484 540/1523/1485
f 561/1466/1428 540/1523/1485 541/1308/1270
f 541/1308/1270 540/1523/1485 605/1307/1269
f 519/1520/1482 446/1479/1441 520/1480/1442
f 458/1470/1432 459/1524/1486 463/1469/1431
f 463/1469/1431 459/1524/1486 462/1468/1430
f 463/1469/1431 462/1468/1430 413/1467/1429
f 506/1105/1067 460/1107/1069 459/1524/1486
f 459/1524/1486 460/1107/1069 462/1468/1430
f 459/1524/1486 458/1470/1432 507/1525/1487
f 507/1525/1487 458/1470/1432 508/1471/1433
f 507/1525/1487 508/1471/1433 504/1526/1488
f 504/1526/1488 508/1471/1433 503/1472/1434
f 504/1526/1488 503/1472/1434 552/1527/1489
f 552/1527/1489 503/1472/1434 553/1473/1435
f 552/1527/1489 553/1473/1435 549/1528/1490
f 549/1528/1490 553/1473/1435 548/1474/1436
f 549/1528/1490 548/1474/1436 597/1529/1491
f 597/1529/1491 548/1474/1436 598/1475/1437
f 597/1529/1491 598/1475/1437 594/1530/1492
f 594/1530/1492 598/1475/1437 593/1476/1438
f 594/1530/1492 593/1476/1438 643/1531/1493
f 643/1531/1493 593/1476/1438 644/1477/1439
f 643/1531/1493 644/1477/1439 640/1532/1494
f 640/1532/1494 644/1477/1439 639/1478/1440
f 640/1532/1494 639/1478/1440 686/1533/1495
f 686/1533/1495 639/1478/1440 685/504/477
f 686/1533/1495 685/504/477 709/506/479
f 528/978/940 484/452/426 527/454/428
f 519/1520/1482 520/1480/1442 492/1534/1496
f 492/1534/1496 520/1480/1442 491/1481/1443
f 492/1534/1496 491/1481/1443 564/1535/1497
f 564/1535/1497 491/1481/1443 565/1482/1444
f 564/1535/1497 565/1482/1444 537/1536/1498
f 537/1536/1498 565/1482/1444 536/1483/1445
f 537/1536/1498 536/1483/1445 609/1537/1499
f 609/1537/1499 536/1483/1445 610/1484/1446
f 609/1537/1499 610/1484/1446 582/1538/1500
f 582/1538/1500 610/1484/1446 581/1485/1447
f 582/1538/1500 581/1485/1447 655/1539/1501
f 655/1539/1501 581/1485/1447 656/1486/1448
f 655/1539/1501 656/1486/1448 628/1540/1502
f 628/1540/1502 656/1486/1448 627/1487/1449
f 628/1540/1502 627/1487/1449 674/1541/1503
f 674/1541/1503 627/1487/1449 673/1488/1450
f 674/1541/1503 673/1488/1450 697/1542/1504
f 697/1542/1504 673/1488/1450 696/1489/1451
f 697/1542/1504 696/1489/1451 720/1543/1505
f 720/1543/1505 696/1489/1451 719/1490/1452
f 720/1543/1505 719/1490/1452 742/1544/1506
f 742/1544/1506 719/1490/1452 741/1491/1453
f 742/1544/1506 741/1491/1453 791/1545/1507
f 791/1545/1507 741/1491/1453 792/1492/1454
f 791/1545/1507 792/1492/1454 764/1546/1508
f 764/1546/1508 792/1492/1454 763/1493/1455
f 764/1546/1508 763/1493/1455 836/1547/1509
f 836/1547/1509 763/1493/1455 837/1494/1456
f 836/1547/1509 837/1494/1456 809/1548/1510
f 809/1548/1510 837/1494/1456 808/1495/1457
f 809/1548/1510 808/1495/1457 881/1549/1511
f 881/1549/1511 808/1495/1457 882/1496/1458
f 881/1549/1511 882/1496/1458 854/1550/1512
f 854/1550/1512 882/1496/1458 853/1497/1459
f 854/1550/1512 853/1497/1459 926/1551/1513
f 926/1551/1513 853/1497/1459 927/1498/1460
f 926/1551/1513 927/1498/1460 899/1552/1514
f 899/1552/1514 927/1498/1460 898/1499/1461
f 899/1552/1514 898/1499/1461 972/1553/1515
f 972/1553/1515 898/1499/1461 973/1500/1462
f 972/1553/1515 973/1500/1462 945/1554/1516
f 945/1554/1516 973/1500/1462 944/1501/1463
f 945/1554/1516 944/1501/1463 991/1555/1517
f 991/1555/1517 944/1501/1463 990/1502/1464
f 991/1555/1517 990/1502/1464 1014/1556/1518
f 1014/1556/1518 990/1502/1464 1013/1503/1465
f 1014/1556/1518 1013/1503/1465 1037/1557/1519
f 1037/1557/1519 1013/1503/1465 1036/1504/1466
f 1037/1557/1519 1036/1504/1466 1059/1558/1520
f 1059/1558/1520 1036/1504/1466 1058/1505/1467
f 1059/1558/1520 1058/1505/1467 1108/1559/1521
f 1108/1559/1521 1058/1505/1467 1109/1506/1468
f 1108/1559/1521 1109/1506/1468 1081/1560/1522
f 1081/1560/1522 1109/1506/1468 1080/1507/1469
f 1081/1560/1522 1080/1507/1469 1153/1561/1523
f 1153/1561/1523 1080/1507/1469 1154/1508/1470
f 1153/1561/1523 1154/1508/1470 1126/1562/1524
f 1126/1562/1524 1154/1508/1470 1125/1509/1471
f 1126/1562/1524 1125/1509/1471 1199/1563/1525
f 1199/1563/1525 1125/1509/1471 1200/1510/1472
f 1199/1563/1525 1200/1510/1472 1172/1564/1526
f 1172/1564/1526 1200/1510/1472 1171/1511/1473
f 1172/1564/1526 1171/1511/1473 1218/1565/1527
f 1218/1565/1527 1171/1511/1473 1217/1512/1474
f 1218/1565/1527 1217/1512/1474 1241/1566/1528
f 1241/1566/1528 1217/1512/1474 1240/1513/1475
f 1241/1566/1528 1240/1513/1475 1264/1567/1529
f 1264/1567/1529 1240/1513/1475 1263/1514/1476
f 1264/1567/1529 1263/1514/1476 1287/1568/1530
f 1287/1568/1530 1263/1514/1476 1286/1515/1477
f 1287/1568/1530 1286/1515/1477 1309/1569/1531
f 1309/1569/1531 1286/1515/1477 1308/1516/1478
f 1309/1569/1531 1308/1516/1478 1359/1570/1532
f 1359/1570/1532 1308/1516/1478 1360/1517/1479
f 1359/1570/1532 1360/1517/1479 1332/1571/1533
f 1332/1571/1533 1360/1517/1479 1331/1518/1480
f 1332/1571/1533 1331/1518/1480 1378/1572/1534
f 1378/1572/1534 1331/1518/1480 1377/1519/1481
f 1378/1572/1534 1377/1519/1481 1401/1573/1535
f 1401/1573/1535 1377/1519/1481 1400/697/669
f 1401/1573/1535 1400/697/669 1424/695/667
f 519/1520/1482 492/1534/1496 493/1521/1483
f 493/1521/1483 492/1534/1496 563/1574/1536
f 493/1521/1483 563/1574/1536 562/1522/1484
f 562/1522/1484 563/1574/1536 539/1575/1537
f 562/1522/1484 539/1575/1537 540/1523/1485
f 540/1523/1485 539/1575/1537 606/1576/1538
f 540/1523/1485 606/1576/1538 605/1307/1269
f 605/1307/1269 606/1576/1538 586/1306/1268
f 563/1574/1536 492/1534/1496 564/1535/1497
f 504/1526/1488 505/1103/1065 507/1525/1487
f 507/1525/1487 505/1103/1065 506/1105/1067
f 507/1525/1487 506/1105/1067 459/1524/1486
f 505/1103/1065 504/1526/1488 551/1101/1063
f 551/1101/1063 504/1526/1488 552/1527/1489
f 551/1101/1063 552/1527/1489 550/1099/1061
f 550/1099/1061 552/1527/1489 549/1528/1490
f 550/1099/1061 549/1528/1490 596/1097/1059
f 596/1097/1059 549/1528/1490 597/1529/1491
f 596/1097/1059 597/1529/1491 595/1095/1057
f 595/1095/1057 597/1529/1491 594/1530/1492
f 595/1095/1057 594/1530/1492 642/1093/1055
f 642/1093/1055 594/1530/1492 643/1531/1493
f 642/1093/1055 643/1531/1493 641/1091/1053
f 641/1091/1053 643/1531/1493 640/1532/1494
f 641/1091/1053 640/1532/1494 687/1089/1051
f 687/1089/1051 640/1532/1494 686/1533/1495
f 687/1089/1051 686/1533/1495 710/1087/1049
f 710/1087/1049 686/1533/1495 709/506/479
f 710/1087/1049 709/506/479 733/508/481
f 300/976/938 528/978/940 527/454/428
f 617/446/420 529/448/422 298/982/944
f 298/982/944 529/448/422 573/981/943
f 563/1574/1536 564/1535/1497 538/1577/1539
f 538/1577/1539 564/1535/1497 537/1536/1498
f 538/1577/1539 537/1536/1498 608/1578/1540
f 608/1578/1540 537/1536/1498 609/1537/1499
f 608/1578/1540 609/1537/1499 583/1579/1541
f 583/1579/1541 609/1537/1499 582/1538/1500
f 583/1579/1541 582/1538/1500 654/1580/1542
f 654/1580/1542 582/1538/1500 655/1539/1501
f 654/1580/1542 655/1539/1501 629/1581/1543
f 629/1581/1543 655/1539/1501 628/1540/1502
f 629/1581/1543 628/1540/1502 675/1582/1544
f 675/1582/1544 628/1540/1502 674/1541/1503
f 675/1582/1544 674/1541/1503 698/1583/1545
f 698/1583/1545 674/1541/1503 697/1542/1504
f 698/1583/1545 697/1542/1504 721/1584/1546
f 721/1584/1546 697/1542/1504 720/1543/1505
f 721/1584/1546 720/1543/1505 743/1585/1547
f 743/1585/1547 720/1543/1505 742/1544/1506
f 743/1585/1547 742/1544/1506 790/1586/1548
f 790/1586/1548 742/1544/1506 791/1545/1507
f 790/1586/1548 791/1545/1507 765/1587/1549
f 765/1587/1549 791/1545/1507 764/1546/1508
f 765/1587/1549 764/1546/1508 835/1588/1550
f 835/1588/1550 764/1546/1508 836/1547/1509
f 835/1588/1550 836/1547/1509 810/1589/1551
f 810/1589/1551 836/1547/1509 809/1548/1510
f 810/1589/1551 809/1548/1510 880/1590/1552
f 880/1590/1552 809/1548/1510 881/1549/1511
f 880/1590/1552 881/1549/1511 855/1591/1553
f 855/1591/1553 881/1549/1511 854/1550/1512
f 855/1591/1553 854/1550/1512 925/1592/1554
f 925/1592/1554 854/1550/1512 926/1551/1513
f 925/1592/1554 926/1551/1513 900/1593/1555
f 900/1593/1555 926/1551/1513 899/1552/1514
f 900/1593/1555 899/1552/1514 971/1594/1556
f 971/1594/1556 899/1552/1514 972/1553/1515
f 971/1594/1556 972/1553/1515 946/1595/1557
f 946/1595/1557 972/1553/1515 945/1554/1516
f 946/1595/1557 945/1554/1516 992/1596/1558
f 992/1596/1558 945/1554/1516 991/1555/1517
f 992/1596/1558 991/1555/1517 1015/1597/1559
f 1015/1597/1559 991/1555/1517 1014/1556/1518
f 1015/1597/1559 1014/1556/1518 1038/1598/1560
f 1038/1598/1560 1014/1556/1518 1037/1557/1519
f 1038/1598/1560 1037/1557/1519 1060/1599/1561
f 1060/1599/1561 1037/1557/1519 1059/1558/1520
f 1060/1599/1561 1059/1558/1520 1107/1600/1562
f 1107/1600/1562 1059/1558/1520 1108/1559/1521
f 1107/1600/1562 1108/1559/1521 1082/1601/1563
f 1082/1601/1563 1108/1559/1521 1081/1560/1522
f 1082/1601/1563 1081/1560/1522 1152/1602/1564
f 1152/1602/1564 1081/1560/1522 1153/1561/1523
f 1152/1602/1564 1153/1561/1523 1127/1603/1565
f 1127/1603/1565 1153/1561/1523 1126/1562/1524
f 1127/1603/1565 1126/1562/1524 1198/1604/1566
f 1198/1604/1566 1126/1562/1524 1199/1563/1525
f 1198/1604/1566 1199/1563/1525 1173/1605/1567
f 1173/1605/1567 1199/1563/1525 1172/1564/1526
f 1173/1605/1567 1172/1564/1526 1219/1606/1568
f 1219/1606/1568 1172/1564/1526 1218/1565/1527
f 1219/1606/1568 1218/1565/1527 1242/1607/1569
f 1242/1607/1569 1218/1565/1527 1241/1566/1528
f 1242/1607/1569 1241/1566/1528 1265/1608/1570
f 1265/1608/1570 1241/1566/1528 1264/1567/1529
f 1265/1608/1570 1264/1567/1529 1288/1609/1571
f 1288/1609/1571 1264/1567/1529 1287/1568/1530
f 1288/1609/1571 1287/1568/1530 1310/1610/1572
f 1310/1610/1572 1287/1568/1530 1309/1569/1531
f 1310/1610/1572 1309/1569/1531 1358/1611/1573
f 1358/1611/1573 1309/1569/1531 1359/1570/1532
f 1358/1611/1573 1359/1570/1532 1333/1612/1574
f 1333/1612/1574 1359/1570/1532 1332/1571/1533
f 1333/1612/1574 1332/1571/1533 1379/1613/1575
f 1379/1613/1575 1332/1571/1533 1378/1572/1534
f 1379/1613/1575 1378/1572/1534 1402/1614/1576
f 1402/1614/1576 1378/1572/1534 1401/1573/1535
f 1402/1614/1576 1401/1573/1535 1425/1615/1577
f 1425/1615/1577 1401/1573/1535 1424/695/667
f 1425/1615/1577 1424/695/667 1448/693/665
f 563/1574/1536 538/1577/1539 539/1575/1537
f 539/1575/1537 538/1577/1539 607/1616/1578
f 539/1575/1537 607/1616/1578 606/1576/1538
f 606/1576/1538 607/1616/1578 585/1617/1579
f 606/1576/1538 585/1617/1579 586/1306/1268
f 586/1306/1268 585/1617/1579 651/1305/1267
f 607/1616/1578 538/1577/1539 608/1578/1540
f 618/984/946 574/444/418 617/446/420
f 607/1616/1578 608/1578/1540 584/1618/1580
f 584/1618/1580 608/1578/1540 583/1579/1541
f 584/1618/1580 583/1579/1541 653/1619/1581
f 653/1619/1581 583/1579/1541 654/1580/1542
f 653/1619/1581 654/1580/1542 630/1620/1582
f 630/1620/1582 654/1580/1542 629/1581/1543
f 630/1620/1582 629/1581/1543 676/1621/1583
f 676/1621/1583 629/1581/1543 675/1582/1544
f 676/1621/1583 675/1582/1544 699/1622/1584
f 699/1622/1584 675/1582/1544 698/1583/1545
f 699/1622/1584 698/1583/1545 722/1623/1585
f 722/1623/1585 698/1583/1545 721/1584/1546
f 722/1623/1585 721/1584/1546 744/1624/1586
f 744/1624/1586 721/1584/1546 743/1585/1547
f 744/1624/1586 743/1585/1547 789/1625/1587
f 789/1625/1587 743/1585/1547 790/1586/1548
f 789/1625/1587 790/1586/1548 766/1626/1588
f 766/1626/1588 790/1586/1548 765/1587/1549
f 766/1626/1588 765/1587/1549 834/1627/1589
f 834/1627/1589 765/1587/1549 835/1588/1550
f 834/1627/1589 835/1588/1550 811/1628/1590
f 811/1628/1590 835/1588/1550 810/1589/1551
f 811/1628/1590 810/1589/1551 879/1629/1591
f 879/1629/1591 810/1589/1551 880/1590/1552
f 879/1629/1591 880/1590/1552 856/1630/1592
f 856/1630/1592 880/1590/1552 855/1591/1553
f 856/1630/1592 855/1591/1553 924/1631/1593
f 924/1631/1593 855/1591/1553 925/1592/1554
f 924/1631/1593 925/1592/1554 901/1632/1594
f 901/1632/1594 925/1592/1554 900/1593/1555
f 901/1632/1594 900/1593/1555 970/1633/1595
f 970/1633/1595 900/1593/1555 971/1594/1556
f 970/1633/1595 971/1594/1556 947/1634/1596
f 947/1634/1596 971/1594/1556 946/1595/1557
f 947/1634/1596 946/1595/1557 993/1635/1597
f 993/1635/1597 946/1595/1557 992/1596/1558
f 993/1635/1597 992/1596/1558 1016/1636/1598
f 1016/1636/1598 992/1596/1558 1015/1597/1559
f 1016/1636/1598 1015/1597/1559 1039/1637/1599
f 1039/1637/1599 1015/1597/1559 1038/1598/1560
f 1039/1637/1599 1038/1598/1560 1061/1638/1600
f 1061/1638/1600 1038/1598/1560 1060/1599/1561
f 1061/1638/1600 1060/1599/1561 1106/1639/1601
f 1106/1639/1601 1060/1599/1561 1107/1600/1562
f 1106/1639/1601 1107/1600/1562 1083/1640/1602
f 1083/1640/1602 1107/1600/1562 1082/1601/1563
f 1083/1640/1602 1082/1601/1563 1151/1641/1603
f 1151/1641/1603 1082/1601/1563 1152/1602/1564
f 1151/1641/1603 1152/1602/1564 1128/1642/1604
f 1128/1642/1604 1152/1602/1564 1127/1603/1565
f 1128/1642/1604 1127/1603/1565 1197/1643/1605
f 1197/1643/1605 1127/1603/1565 1198/1604/1566
f 1197/1643/1605 1198/1604/1566 1174/1644/1606
f 1174/1644/1606 1198/1604/1566 1173/1605/1567
f 1174/1644/1606 1173/1605/1567 1220/1645/1607
f 1220/1645/1607 1173/1605/1567 1219/1606/1568
f 1220/1645/1607 1219/1606/1568 1243/1646/1608
f 1243/1646/1608 1219/1606/1568 1242/1607/1569
f 1243/1646/1608 1242/1607/1569 1266/1647/1609
f 1266/1647/1609 1242/1607/1569 1265/1608/1570
f 1266/1647/1609 1265/1608/1570 1289/1648/1610
f 1289/1648/1610 1265/1608/1570 1288/1609/1571
f 1289/1648/1610 1288/1609/1571 1311/1649/1611
f 1311/1649/1611 1288/1609/1571 1310/1610/1572
f 1311/1649/1611 1310/1610/1572 1357/1650/1612
f 1357/1650/1612 1310/1610/1572 1358/1611/1573
f 1357/1650/1612 1358/1611/1573 1334/1651/1613
f 1334/1651/1613 1358/1611/1573 1333/1612/1574
f 1334/1651/1613 1333/1612/1574 1380/1652/1614
f 1380/1652/1614 1333/1612/1574 1379/1613/1575
f 1380/1652/1614 1379/1613/1575 1403/1653/1615
f 1403/1653/1615 1379/1613/1575 1402/1614/1576
f 1403/1653/1615 1402/1614/1576 1426/1654/1616
f 1426/1654/1616 1402/1614/1576 1425/1615/1577
f 1426/1654/1616 1425/1615/1577 1449/1655/1617
f 1449/1655/1617 1425/1615/1577 1448/693/665
f 1449/1655/1617 1448/693/665 1472/691/663
f 607/1616/1578 584/1618/1580 585/1617/1579
f 585/1617/1579 584/1618/1580 652/1656/1618
f 585/1617/1579 652/1656/1618 651/1305/1267
f 651/1305/1267 652/1656/1618 632/1304/1266
f 652/1656/1618 584/1618/1580 653/1619/1581
f 298/982/944 618/984/946 617/446/420
f 666/438/412 620/440/414 619/988/950
f 619/988/950 620/440/414 664/987/949
f 652/1656/1618 653/1619/1581 631/1657/1619
f 631/1657/1619 653/1619/1581 630/1620/1582
f 631/1657/1619 630/1620/1582 677/1658/1620
f 677/1658/1620 630/1620/1582 676/1621/1583
f 677/1658/1620 676/1621/1583 700/1659/1621
f 700/1659/1621 676/1621/1583 699/1622/1584
f 700/1659/1621 699/1622/1584 723/1660/1622
f 723/1660/1622 699/1622/1584 722/1623/1585
f 723/1660/1622 722/1623/1585 745/1661/1623
f 745/1661/1623 722/1623/1585 744/1624/1586
f 745/1661/1623 744/1624/1586 788/1662/1624
f 788/1662/1624 744/1624/1586 789/1625/1587
f 788/1662/1624 789/1625/1587 767/1663/1625
f 767/1663/1625 789/1625/1587 766/1626/1588
f 767/1663/1625 766/1626/1588 833/1664/1626
f 833/1664/1626 766/1626/1588 834/1627/1589
f 833/1664/1626 834/1627/1589 812/1665/1627
f 812/1665/1627 834/1627/1589 811/1628/1590
f 812/1665/1627 811/1628/1590 878/1666/1628
f 878/1666/1628 811/1628/1590 879/1629/1591
f 878/1666/1628 879/1629/1591 857/1667/1629
f 857/1667/1629 879/1629/1591 856/1630/1592
f 857/1667/1629 856/1630/1592 923/1668/1630
f 923/1668/1630 856/1630/1592 924/1631/1593
f 923/1668/1630 924/1631/1593 902/1669/1631
f 902/1669/1631 924/1631/1593 901/1632/1594
f 902/1669/1631 901/1632/1594 969/1670/1632
f 969/1670/1632 901/1632/1594 970/1633/1595
f 969/1670/1632 970/1633/1595 948/1671/1633
f 948/1671/1633 970/1633/1595 947/1634/1596
f 948/1671/1633 947/1634/1596 994/1672/1634
f 994/1672/1634 947/1634/1596 993/1635/1597
f 994/1672/1634 993/1635/1597 1017/1673/1635
f 1017/1673/1635 993/1635/1597 1016/1636/1598
f 1017/1673/1635 1016/1636/1598 1040/1674/1636
f 1040/1674/1636 1016/1636/1598 1039/1637/1599
f 1040/1674/1636 1039/1637/1599 1062/1675/1637
f 1062/1675/1637 1039/1637/1599 1061/1638/1600
f 1062/1675/1637 1061/1638/1600 1105/1676/1638
f 1105/1676/1638 1061/1638/1600 1106/1639/1601
f 1105/1676/1638 1106/1639/1601 1084/1677/1639
f 1084/1677/1639 1106/1639/1601 1083/1640/1602
f 1084/1677/1639 1083/1640/1602 1150/1678/1640
f 1150/1678/1640 1083/1640/1602 1151/1641/1603
f 1150/1678/1640 1151/1641/1603 1129/1679/1641
f 1129/1679/1641 1151/1641/1603 1128/1642/1604
f 1129/1679/1641 1128/1642/1604 1196/1680/1642
f 1196/1680/1642 1128/1642/1604 1197/1643/1605
f 1196/1680/1642 1197/1643/1605 1175/1681/1643
f 1175/1681/1643 1197/1643/1605 1174/1644/1606
f 1175/1681/1643 1174/1644/1606 1221/1682/1644
f 1221/1682/1644 1174/1644/1606 1220/1645/1607
f 1221/1682/1644 1220/1645/1607 1244/1683/1645
f 1244/1683/1645 1220/1645/1607 1243/1646/1608
f 1244/1683/1645 1243/1646/1608 1267/1684/1646
f 1267/1684/1646 1243/1646/1608 1266/1647/1609
f 1267/1684/1646 1266/1647/1609 1290/1685/1647
f 1290/1685/1647 1266/1647/1609 1289/1648/1610
f 1290/1685/1647 1289/1648/1610 1312/1686/1648
f 1312/1686/1648 1289/1648/1610 1311/1649/1611
f 1312/1686/1648 1311/1649/1611 1356/1687/1649
f 1356/1687/1649 1311/1649/1611 1357/1650/1612
f 1356/1687/1649 1357/1650/1612 1335/1688/1650
f 1335/1688/1650 1357/1650/1612 1334/1651/1613
f 1335/1688/1650 1334/1651/1613 1381/1689/1651
f 1381/1689/1651 1334/1651/1613 1380/1652/1614
f 1381/1689/1651 1380/1652/1614 1404/1690/1652
f 1404/1690/1652 1380/1652/1614 1403/1653/1615
f 1404/1690/1652 1403/1653/1615 1427/1691/1653
f 1427/1691/1653 1403/1653/1615 1426/1654/1616
f 1427/1691/1653 1426/1654/1616 1450/1692/1654
f 1450/1692/1654 1426/1654/1616 1449/1655/1617
f 1450/1692/1654 1449/1655/1617 1473/1693/1655
f 1473/1693/1655 1449/1655/1617 1472/691/663
f 1473/1693/1655 1472/691/663 1496/689/661
f 678/1303/1265 632/1304/1266 631/1657/1619
f 631/1657/1619 632/1304/1266 652/1656/1618
f 678/1303/1265 631/1657/1619 677/1658/1620
f 684/503/476 637/501/474 683/819/791
f 689/436/410 666/438/412 665/990/952
f 665/990/952 666/438/412 619/988/950
f 701/1302/1264 678/1303/1265 677/1658/1620
f 701/1302/1264 677/1658/1620 700/1659/1621
f 707/1185/1147 684/503/476 683/819/791
f 707/1185/1147 683/819/791 706/818/790
f 712/434/408 689/436/410 688/992/954
f 688/992/954 689/436/410 665/990/952
f 724/1301/1263 701/1302/1264 700/1659/1621
f 724/1301/1263 700/1659/1621 723/1660/1622
f 730/1184/1146 707/1185/1147 706/818/790
f 730/1184/1146 706/818/790 729/817/789
f 734/432/406 712/434/408 711/994/956
f 711/994/956 712/434/408 688/992/954
f 746/1300/1262 724/1301/1263 723/1660/1622
f 746/1300/1262 723/1660/1622 745/1661/1623
f 752/1183/1145 730/1184/1146 729/817/789
f 752/1183/1145 729/817/789 751/816/788
f 799/430/404 734/432/406 296/996/958
f 296/996/958 734/432/406 711/994/956
f 787/1299/1261 746/1300/1262 745/1661/1623
f 787/1299/1261 745/1661/1623 788/1662/1624
f 781/1182/1144 752/1183/1145 751/816/788
f 781/1182/1144 751/816/788 782/815/787
f 800/998/960 756/428/402 799/430/404
f 787/1299/1261 788/1662/1624 768/1298/1260
f 768/1298/1260 788/1662/1624 767/1663/1625
f 768/1298/1260 767/1663/1625 832/1297/1259
f 832/1297/1259 767/1663/1625 833/1664/1626
f 832/1297/1259 833/1664/1626 813/1296/1258
f 813/1296/1258 833/1664/1626 812/1665/1627
f 813/1296/1258 812/1665/1627 877/1295/1257
f 877/1295/1257 812/1665/1627 878/1666/1628
f 877/1295/1257 878/1666/1628 858/1294/1256
f 858/1294/1256 878/1666/1628 857/1667/1629
f 858/1294/1256 857/1667/1629 922/1293/1255
f 922/1293/1255 857/1667/1629 923/1668/1630
f 922/1293/1255 923/1668/1630 903/1292/1254
f 903/1292/1254 923/1668/1630 902/1669/1631
f 903/1292/1254 902/1669/1631 968/1291/1253
f 968/1291/1253 902/1669/1631 969/1670/1632
f 968/1291/1253 969/1670/1632 949/1290/1252
f 949/1290/1252 969/1670/1632 948/1671/1633
f 949/1290/1252 948/1671/1633 995/1289/1251
f 995/1289/1251 948/1671/1633 994/1672/1634
f 995/1289/1251 994/1672/1634 1018/1288/1250
f 1018/1288/1250 994/1672/1634 1017/1673/1635
f 1018/1288/1250 1017/1673/1635 1041/1287/1249
f 1041/1287/1249 1017/1673/1635 1040/1674/1636
f 1041/1287/1249 1040/1674/1636 1063/1286/1248
f 1063/1286/1248 1040/1674/1636 1062/1675/1637
f 1063/1286/1248 1062/1675/1637 1104/1285/1247
f 1104/1285/1247 1062/1675/1637 1105/1676/1638
f 1104/1285/1247 1105/1676/1638 1085/1284/1246
f 1085/1284/1246 1105/1676/1638 1084/1677/1639
f 1085/1284/1246 1084/1677/1639 1149/1283/1245
f 1149/1283/1245 1084/1677/1639 1150/1678/1640
f 1149/1283/1245 1150/1678/1640 1130/1282/1244
f 1130/1282/1244 1150/1678/1640 1129/1679/1641
f 1130/1282/1244 1129/1679/1641 1195/1281/1243
f 1195/1281/1243 1129/1679/1641 1196/1680/1642
f 1195/1281/1243 1196/1680/1642 1176/1280/1242
f 1176/1280/1242 1196/1680/1642 1175/1681/1643
f 1176/1280/1242 1175/1681/1643 1222/1279/1241
f 1222/1279/1241 1175/1681/1643 1221/1682/1644
f 1222/1279/1241 1221/1682/1644 1245/1278/1240
f 1245/1278/1240 1221/1682/1644 1244/1683/1645
f 1245/1278/1240 1244/1683/1645 1268/1277/1239
f 1268/1277/1239 1244/1683/1645 1267/1684/1646
f 1268/1277/1239 1267/1684/1646 1291/1276/1238
f 1291/1276/1238 1267/1684/1646 1290/1685/1647
f 1291/1276/1238 1290/1685/1647 1313/1275/1237
f 1313/1275/1237 1290/1685/1647 1312/1686/1648
f 1313/1275/1237 1312/1686/1648 1355/1274/1236
f 1355/1274/1236 1312/1686/1648 1356/1687/1649
f 1355/1274/1236 1356/1687/1649 1336/1273/1235
f 1336/1273/1235 1356/1687/1649 1335/1688/1650
f 1336/1273/1235 1335/1688/1650 1382/1272/1234
f 1382/1272/1234 1335/1688/1650 1381/1689/1651
f 1382/1272/1234 1381/1689/1651 1405/1271/1233
f 1405/1271/1233 1381/1689/1651 1404/1690/1652
f 1405/1271/1233 1404/1690/1652 1428/1270/1232
f 1428/1270/1232 1404/1690/1652 1427/1691/1653
f 1428/1270/1232 1427/1691/1653 1451/1269/1231
f 1451/1269/1231 1427/1691/1653 1450/1692/1654
f 1451/1269/1231 1450/1692/1654 1474/1268/1230
f 1474/1268/1230 1450/1692/1654 1473/1693/1655
f 1474/1268/1230 1473/1693/1655 1497/1267/1229
f 1497/1267/1229 1473/1693/1655 1496/689/661
f 1497/1267/1229 1496/689/661 312/688/660
f 781/1182/1144 782/815/787 774/1181/1143
f 774/1181/1143 782/815/787 773/814/786
f 774/1181/1143 773/814/786 826/1180/1142
f 826/1180/1142 773/814/786 827/813/785
f 826/1180/1142 827/813/785 819/1179/1141
f 819/1179/1141 827/813/785 818/812/784
f 819/1179/1141 818/812/784 871/1178/1140
f 871/1178/1140 818/812/784 872/811/783
f 871/1178/1140 872/811/783 864/1177/1139
f 864/1177/1139 872/811/783 863/810/782
f 864/1177/1139 863/810/782 916/1176/1138
f 916/1176/1138 863/810/782 917/809/781
f 916/1176/1138 917/809/781 909/1175/1137
f 909/1175/1137 917/809/781 908/808/780
f 909/1175/1137 908/808/780 962/1174/1136
f 962/1174/1136 908/808/780 963/807/779
f 962/1174/1136 963/807/779 955/1173/1135
f 955/1173/1135 963/807/779 954/806/778
f 955/1173/1135 954/806/778 1001/1172/1134
f 1001/1172/1134 954/806/778 1000/805/777
f 1001/1172/1134 1000/805/777 1024/1171/1133
f 1024/1171/1133 1000/805/777 1023/804/776
f 1024/1171/1133 1023/804/776 1047/1170/1132
f 1047/1170/1132 1023/804/776 1046/803/775
f 1047/1170/1132 1046/803/775 1069/1169/1131
f 1069/1169/1131 1046/803/775 1068/802/774
f 1069/1169/1131 1068/802/774 1098/1168/1130
f 1098/1168/1130 1068/802/774 1099/801/773
f 1098/1168/1130 1099/801/773 1091/1167/1129
f 1091/1167/1129 1099/801/773 1090/800/772
f 1091/1167/1129 1090/800/772 1143/1166/1128
f 1143/1166/1128 1090/800/772 1144/799/771
f 1143/1166/1128 1144/799/771 1136/1165/1127
f 1136/1165/1127 1144/799/771 1135/798/770
f 1136/1165/1127 1135/798/770 1189/1164/1126
f 1189/1164/1126 1135/798/770 1190/797/769
f 1189/1164/1126 1190/797/769 1182/1163/1125
f 1182/1163/1125 1190/797/769 1181/796/768
f 1182/1163/1125 1181/796/768 1228/1162/1124
f 1228/1162/1124 1181/796/768 1227/795/767
f 1228/1162/1124 1227/795/767 1251/1161/1123
f 1251/1161/1123 1227/795/767 1250/794/766
f 1251/1161/1123 1250/794/766 1274/1160/1122
f 1274/1160/1122 1250/794/766 1273/793/765
f 1274/1160/1122 1273/793/765 1297/1159/1121
f 1297/1159/1121 1273/793/765 1296/792/764
f 1297/1159/1121 1296/792/764 1319/1158/1120
f 1319/1158/1120 1296/792/764 1318/791/763
f 1319/1158/1120 1318/791/763 1349/1157/1119
f 1349/1157/1119 1318/791/763 1350/790/762
f 1349/1157/1119 1350/790/762 1342/1156/1118
f 1342/1156/1118 1350/790/762 1341/789/761
f 1342/1156/1118 1341/789/761 1388/1155/1117
f 1388/1155/1117 1341/789/761 1387/788/760
f 1388/1155/1117 1387/788/760 1411/1154/1116
f 1411/1154/1116 1387/788/760 1410/787/759
f 1411/1154/1116 1410/787/759 1434/1153/1115
f 1434/1153/1115 1410/787/759 1433/786/758
f 1434/1153/1115 1433/786/758 1457/1152/1114
f 1457/1152/1114 1433/786/758 1456/785/757
f 1457/1152/1114 1456/785/757 1480/1151/1113
f 1480/1151/1113 1456/785/757 1479/784/756
f 1480/1151/1113 1479/784/756 1503/1150/1112
f 1503/1150/1112 1479/784/756 1502/783/755
f 1503/1150/1112 1502/783/755 306/820/792
f 296/996/958 800/998/960 799/430/404
f 889/422/396 801/424/398 294/1002/964
f 294/1002/964 801/424/398 845/1001/963
f 890/1004/966 846/420/394 889/422/396
f 294/1002/964 890/1004/966 889/422/396
f 980/414/388 891/416/390 292/1008/970
f 292/1008/970 891/416/390 935/1007/969
f 981/1010/972 937/412/386 980/414/388
f 292/1008/970 981/1010/972 980/414/388
f 1161/398/372 1073/400/374 290/1022/984
f 290/1022/984 1073/400/374 1117/1021/983
f 1162/1024/986 1118/396/370 1161/398/372
f 290/1022/984 1162/1024/986 1161/398/372
f 1210/390/364 1164/392/366 1163/1028/990
f 1163/1028/990 1164/392/366 1208/1027/989
f 1233/388/362 1210/390/364 1209/1030/992
f 1209/1030/992 1210/390/364 1163/1028/990
f 1256/386/360 1233/388/362 1232/1032/994
f 1232/1032/994 1233/388/362 1209/1030/992
f 1279/384/358 1256/386/360 1255/1034/996
f 1255/1034/996 1256/386/360 1232/1032/994
f 1301/382/356 1279/384/358 1278/1036/998
f 1278/1036/998 1279/384/358 1255/1034/996
f 1367/380/354 1301/382/356 288/1038/1000
f 288/1038/1000 1301/382/356 1278/1036/998
f 1368/1040/1002 1324/378/352 1367/380/354
f 288/1038/1000 1368/1040/1002 1367/380/354
f 1399/698/670 1375/623/595 1398/622/594
f 1423/696/668 1399/698/670 1422/685/657
f 1422/685/657 1399/698/670 1398/622/594
f 1445/684/656 1421/621/593 1444/620/592
f 1447/694/666 1423/696/668 1446/683/655
f 1446/683/655 1423/696/668 1422/685/657
f 1469/682/654 1445/684/656 1468/675/647
f 1468/675/647 1445/684/656 1444/620/592
f 1471/692/664 1447/694/666 1470/681/653
f 1470/681/653 1447/694/666 1446/683/655
f 1491/674/646 1467/619/591 1490/618/590
f 1493/680/652 1469/682/654 1492/673/645
f 1492/673/645 1469/682/654 1468/675/647
f 1495/690/662 1471/692/664 1494/679/651
f 1494/679/651 1471/692/664 1470/681/653
g Body76

v 0.100000 0.630000 -0.430000
v 0.100000 0.702047 -0.407954
v 0.095578 0.743556 -0.395253
v 0.090157 0.762364 -0.389498
v 0.082864 0.778804 -0.384468
v 0.073946 0.792349 -0.380323
v 0.063720 0.802521 -0.377211
v 0.058250 0.806204 -0.376084
v 0.052503 0.808951 -0.375243
v 0.046361 0.810712 -0.374704
v 0.040000 0.811320 -0.374518
v -0.040000 0.811320 -0.374518
v -0.047776 0.810410 -0.374797
v -0.055172 0.807812 -0.375592
v -0.061917 0.803857 -0.376802
v -0.067934 0.798895 -0.378320
v -0.077960 0.786912 -0.381987
v -0.085719 0.773130 -0.386204
v -0.096463 0.739328 -0.396547
v -0.100000 0.702047 -0.407954
v -0.100000 0.630000 -0.430000
v 0.100000 -1.420000 -0.430000
v -0.100000 -1.420000 -0.430000
v 0.100000 -1.506023 -0.388859
v -0.100000 -1.506023 -0.388859
v -0.095855 -1.537333 -0.373884
v -0.090787 -1.551660 -0.367032
v -0.083944 -1.564367 -0.360955
v -0.075560 -1.575029 -0.355856
v -0.065507 -1.583561 -0.351775
v -0.059720 -1.586923 -0.350167
v -0.053462 -1.589495 -0.348937
v -0.046831 -1.591119 -0.348160
v -0.040000 -1.591675 -0.347894
v 0.040000 -1.591675 -0.347894
v 0.047529 -1.590999 -0.348218
v 0.054786 -1.589037 -0.349156
v 0.061588 -1.585946 -0.350634
v 0.067794 -1.581943 -0.352549
v 0.078358 -1.571908 -0.357348
v 0.086533 -1.560121 -0.362986
v 0.092597 -1.547269 -0.369132
v 0.096761 -1.533812 -0.375568
v 0.100000 -2.230000 -0.569824
v 0.100000 -2.230000 -0.970000
v 0.100000 -2.017906 -1.032131
v 0.100000 -1.910794 -1.084558
v 0.100000 -1.802393 -1.162817
v 0.100000 6.760934 -1.162817
v 0.100000 7.415451 -1.149043
v 0.100000 7.742355 -1.121068
v 0.100000 7.903848 -1.092716
v 0.100000 7.982700 -1.070529
v 0.100000 8.020780 -1.055385
v 0.100000 8.039030 -1.045969
v 0.100000 8.055536 -1.034179
v 0.100000 8.061343 -1.016932
v 0.100000 8.066241 -0.999404
v 0.100000 8.066621 -0.998171
v 0.100000 8.067405 -0.993011
v 0.100000 8.067450 -0.987768
v 0.100000 8.066436 -0.977356
v 0.100000 8.061906 -0.956926
v 0.100000 8.047895 -0.917450
v 0.100000 8.010786 -0.842331
v 0.100000 7.921585 -0.700448
v 0.100000 7.717656 -0.434518
v 0.100000 0.803365 -0.434518
v 0.040000 -1.911478 -0.427110
v 0.040000 -2.230000 -0.507892
v 0.051866 -2.230000 -0.509115
v 0.063244 -2.230000 -0.512728
v 0.073657 -2.230000 -0.518553
v 0.082723 -2.230000 -0.526339
v 0.090094 -2.230000 -0.535735
v 0.095538 -2.230000 -0.546388
v 0.098876 -2.230000 -0.557895
v 0.098806 -1.759377 -0.438750
v 0.098806 -2.218265 -0.554585
v 0.054933 -1.984160 -0.447367
v 0.095308 -1.762122 -0.427696
v 0.054933 -1.770522 -0.393868
v 0.066124 -1.769537 -0.397836
v 0.076275 -1.768037 -0.403881
v 0.085001 -1.766080 -0.411758
v 0.091962 -1.763750 -0.421140
v 0.098806 -1.972844 -0.492206
v 0.098806 -1.545189 -0.386123
v 0.095308 -1.547484 -0.374959
v 0.066124 -1.983159 -0.451331
v 0.076275 -1.981635 -0.457370
v 0.085001 -1.979650 -0.465239
v 0.091962 -1.977284 -0.474613
v 0.095308 -1.975631 -0.481162
v 0.098806 -2.186019 -0.546343
v 0.095308 -2.188838 -0.535307
v 0.091962 -2.190509 -0.528762
v 0.085001 -2.192901 -0.519396
v 0.076275 -2.194910 -0.511532
v 0.066124 -2.196451 -0.505497
v 0.054933 -2.197463 -0.501536
v 0.066124 -2.229625 -0.513977
v 0.091962 -2.223083 -0.537088
v 0.095308 -2.221285 -0.543601
v 0.085001 -2.225676 -0.527773
v 0.076275 -2.227884 -0.519961
v 0.099998 0.803423 -0.434081
v 0.098780 0.804961 -0.422481
v 0.095335 0.806441 -0.411322
v 0.089792 0.807804 -0.401041
v 0.082349 0.809000 -0.392015
v 0.073296 0.809983 -0.384604
v 0.062944 0.810716 -0.379079
v 0.051720 0.811167 -0.375674
v 0.098806 0.798815 -0.421011
v 0.095308 0.801824 -0.410025
v 0.091962 0.803610 -0.403511
v 0.066124 0.809989 -0.380362
v 0.076275 0.808325 -0.386364
v 0.085001 0.806170 -0.394188
v -0.040000 -1.911478 -0.427110
v -0.040000 -2.230000 -0.507892
v -0.100000 -2.230000 -0.569824
v -0.098879 -2.230000 -0.557907
v -0.095549 -2.230000 -0.546416
v -0.090109 -2.230000 -0.535760
v -0.082737 -2.230000 -0.526354
v -0.073671 -2.230000 -0.518563
v -0.063254 -2.230000 -0.512732
v -0.051872 -2.230000 -0.509116
v -0.098806 -2.186019 -0.546343
v -0.098806 -1.545178 -0.386120
v -0.054933 -2.016262 -0.455477
v -0.095308 -1.547462 -0.374953
v -0.098806 -1.823334 -0.454673
v -0.095308 -1.826094 -0.443622
v -0.091962 -1.827730 -0.437068
v -0.085001 -1.830072 -0.427689
v -0.076275 -1.832038 -0.419814
v -0.066124 -1.833546 -0.413772
v -0.054933 -1.834536 -0.409805
v -0.066124 -2.229626 -0.513977
v -0.066124 -2.196451 -0.505497
v -0.076275 -2.194910 -0.511532
v -0.091962 -2.223084 -0.537089
v -0.085001 -2.192901 -0.519396
v -0.095308 -2.221285 -0.543601
v -0.095308 -2.188838 -0.535307
v -0.054933 -2.197463 -0.501536
v -0.091962 -2.190509 -0.528762
v -0.098806 -2.218265 -0.554585
v -0.085001 -2.225677 -0.527773
v -0.076275 -2.227885 -0.519961
v -0.098806 -2.004926 -0.500311
v -0.095308 -2.007718 -0.489268
v -0.091962 -2.009374 -0.482720
v -0.085001 -2.011744 -0.473347
v -0.076275 -2.013733 -0.465479
v -0.066124 -2.015260 -0.459441
v 0.025000 6.180083 0.313345
v 0.024148 6.180980 0.319753
v 0.021651 6.181816 0.325724
v 0.017678 6.182534 0.330852
v 0.012500 6.183084 0.334786
v 0.006470 6.183431 0.337260
v 0.000000 6.183549 0.338103
v -0.006470 6.183431 0.337260
v -0.012500 6.183084 0.334786
v -0.017678 6.182534 0.330852
v -0.021651 6.181816 0.325724
v -0.024148 6.180980 0.319753
v -0.025000 6.180083 0.313345
v -0.024148 6.175192 0.317581
v -0.021651 6.170634 0.321529
v -0.017678 6.166721 0.324919
v -0.012500 6.163718 0.327520
v -0.006470 6.161830 0.329155
v 0.000000 6.161186 0.329713
v 0.006470 6.161830 0.329155
v 0.012500 6.163718 0.327520
v 0.017678 6.166721 0.324919
v 0.021651 6.170634 0.321529
v 0.024148 6.175192 0.317581
v -0.012837 6.176625 0.334516
v 0.021643 6.177990 0.325681
v 0.021446 6.171967 0.323304
v 0.024099 6.179958 0.319993
v 0.016521 6.182207 0.331987
v 0.017736 6.176022 0.330490
v 0.017759 6.170110 0.327841
v 0.011489 6.180394 0.335546
v 0.012660 6.174193 0.334082
v 0.012980 6.168387 0.331226
v 0.005618 6.178834 0.337673
v 0.006714 6.172612 0.336238
v 0.007358 6.166892 0.333266
v -0.000677 6.177637 0.338215
v 0.000350 6.171402 0.336787
v 0.001353 6.165750 0.333783
v -0.006972 6.176884 0.337139
v -0.006014 6.170640 0.335698
v -0.004652 6.165031 0.332756
v -0.011944 6.170379 0.333047
v -0.010248 6.164785 0.330255
v -0.017036 6.170636 0.329014
v -0.017875 6.176879 0.330527
v -0.021740 6.177629 0.325443
v -0.020943 6.171393 0.323874
v -0.024169 6.178822 0.319610
v 0.000000 4.043435 -0.374518
v 0.000578 4.043499 -0.374518
v 0.001131 4.043683 -0.374518
v 0.001647 4.043961 -0.374518
v 0.002123 4.044310 -0.374518
v 0.002967 4.045148 -0.374518
v 0.003737 4.046156 -0.374518
v 0.006227 4.051057 -0.374518
v 0.009897 4.063103 -0.374518
v 0.014878 4.090238 -0.374518
v 0.020515 4.143603 -0.374518
v 0.025000 4.267439 -0.374518
v 0.025000 4.781258 -0.300091
v 0.025000 5.288429 -0.188925
v 0.025000 5.535352 -0.109102
v 0.025000 5.772612 -0.003424
v 0.025000 5.991307 0.135696
v 0.000000 5.954217 0.139093
v 0.000000 5.711897 -0.006258
v 0.000000 5.448672 -0.113513
v 0.000000 5.174651 -0.193026
v 0.000000 4.612521 -0.302221
v 0.024745 6.056520 0.193776
v 0.005546 6.042724 0.209424
v 0.024745 5.848830 0.043428
v 0.005546 5.838074 0.061286
v 0.024745 5.619925 -0.071689
v 0.024745 5.460265 -0.132282
v 0.005546 5.533216 -0.083875
v 0.024745 5.151283 -0.220907
v 0.005546 5.352230 -0.145067
v 0.005546 5.042330 -0.224574
v 0.024745 4.639510 -0.319803
v 0.005546 4.734586 -0.283319
v 0.005546 4.241595 -0.353150
v 0.017678 4.143250 -0.371175
v 0.015032 4.143013 -0.368900
v 0.012085 4.142820 -0.367016
v 0.008902 4.142673 -0.365550
v 0.005546 4.142575 -0.364528
v 0.024745 4.244063 -0.373866
v 0.023998 4.243657 -0.370463
v 0.022787 4.243267 -0.367193
v 0.021140 4.242901 -0.364119
v 0.017678 4.242385 -0.359784
v 0.015032 4.242114 -0.357513
v 0.012085 4.241891 -0.355632
v 0.008902 4.241717 -0.354169
v 0.005546 4.340476 -0.340980
v 0.024745 4.343113 -0.361675
v 0.023998 4.342680 -0.358275
v 0.022787 4.342264 -0.355008
v 0.021140 4.341874 -0.351938
v 0.017678 4.341322 -0.347607
v 0.015032 4.341032 -0.345338
v 0.012085 4.340792 -0.343460
v 0.008902 4.340606 -0.341998
v 0.024745 4.836387 -0.286790
v 0.023998 4.835775 -0.283418
v 0.022787 4.835188 -0.280177
v 0.021140 4.834635 -0.277131
v 0.017678 4.833856 -0.272835
v 0.015032 4.833448 -0.270585
v 0.012085 4.833109 -0.268721
v 0.008902 4.832846 -0.267271
v 0.005546 4.832663 -0.266262
v 0.005546 4.937724 -0.246362
v 0.008902 4.734756 -0.284330
v 0.012085 4.734999 -0.285784
v 0.015032 4.735312 -0.287652
v 0.017678 4.735689 -0.289908
v 0.021140 4.736412 -0.294213
v 0.022787 4.736924 -0.297266
v 0.023998 4.737470 -0.300514
v 0.024745 4.738037 -0.303894
v 0.024745 5.358262 -0.165038
v 0.023998 5.357271 -0.161757
v 0.022787 5.356319 -0.158604
v 0.021140 5.355424 -0.155641
v 0.017678 5.354162 -0.151462
v 0.015032 5.353500 -0.149273
v 0.012085 5.352953 -0.147460
v 0.008902 5.352527 -0.146049
v 0.005546 5.249753 -0.174256
v 0.008902 5.250020 -0.175247
v 0.012085 5.250401 -0.176670
v 0.015032 5.250892 -0.178500
v 0.017678 5.251485 -0.180708
v 0.021140 5.252619 -0.184924
v 0.022787 5.253423 -0.187913
v 0.023998 5.254279 -0.191093
v 0.024745 5.255170 -0.194402
v 0.024745 5.540608 -0.103383
v 0.023998 5.539396 -0.100177
v 0.022787 5.538231 -0.097097
v 0.021140 5.537136 -0.094202
v 0.017678 5.535589 -0.090120
v 0.015032 5.534776 -0.087982
v 0.012085 5.534103 -0.086212
v 0.008902 5.533579 -0.084834
v 0.005546 5.611832 -0.052462
v 0.005546 5.453512 -0.112543
v 0.008902 5.453843 -0.113514
v 0.012085 5.454323 -0.114908
v 0.015032 5.454939 -0.116699
v 0.017678 5.455682 -0.118861
v 0.021140 5.457095 -0.122992
v 0.022787 5.458095 -0.125921
v 0.023998 5.459158 -0.129038
v 0.024745 5.774434 0.001498
v 0.023998 5.772824 0.004524
v 0.022787 5.771277 0.007431
v 0.021140 5.769823 0.010164
v 0.017678 5.767773 0.014015
v 0.015032 5.766700 0.016030
v 0.012085 5.765812 0.017698
v 0.008902 5.765121 0.018996
v 0.005546 5.764639 0.019902
v 0.005546 5.689098 -0.017945
v 0.008902 5.689537 -0.018872
v 0.012085 5.690163 -0.020205
v 0.015032 5.690967 -0.021917
v 0.017678 5.691939 -0.023985
v 0.021140 5.693801 -0.027932
v 0.022787 5.695124 -0.030730
v 0.023998 5.696532 -0.033707
v 0.024745 5.697998 -0.036805
v 0.024745 5.990299 0.139332
v 0.023998 5.988206 0.142046
v 0.022787 5.986195 0.144654
v 0.021140 5.984303 0.147104
v 0.017678 5.981629 0.150552
v 0.015032 5.980221 0.152353
v 0.012085 5.979053 0.153841
v 0.008902 5.978145 0.155000
v 0.005546 5.977518 0.155813
v 0.005546 5.909022 0.106413
v 0.008902 5.909598 0.105565
v 0.012085 5.910434 0.104354
v 0.015032 5.911508 0.102799
v 0.017678 5.912803 0.100919
v 0.021140 5.915263 0.097316
v 0.022787 5.917003 0.094756
v 0.023998 5.918854 0.092031
v 0.024745 5.920779 0.089195
v 0.005546 6.104229 0.267350
v 0.008902 6.104957 0.266627
v 0.012085 6.106002 0.265588
v 0.015032 6.107345 0.264253
v 0.017678 6.108966 0.262641
v 0.021140 6.112064 0.259566
v 0.022787 6.114261 0.257385
v 0.023998 6.116599 0.255066
v 0.024745 6.119032 0.252652
v 0.005546 5.146376 -0.200630
v 0.008902 5.146617 -0.201627
v 0.012085 5.146966 -0.203059
v 0.015032 5.147414 -0.204899
v 0.017678 5.147954 -0.207121
v 0.021140 5.148981 -0.211365
v 0.022787 5.149707 -0.214374
v 0.023998 5.150479 -0.217575
v 0.024745 5.046788 -0.244956
v 0.005546 4.537839 -0.314051
v 0.008902 4.537986 -0.315066
v 0.012085 4.538200 -0.316524
v 0.015032 4.538474 -0.318398
v 0.017678 4.538805 -0.320661
v 0.021140 4.539435 -0.324981
v 0.022787 4.539881 -0.328044
v 0.023998 4.540354 -0.331303
v 0.024745 4.540847 -0.334695
v 0.023998 4.638982 -0.316417
v 0.022787 4.638474 -0.313163
v 0.021140 4.637997 -0.310105
v 0.017678 4.637323 -0.305791
v 0.015032 4.636971 -0.303532
v 0.012085 4.636679 -0.301660
v 0.008902 4.636452 -0.300204
v 0.005546 4.636293 -0.299190
v 0.008902 6.043402 0.208654
v 0.012085 6.044378 0.207550
v 0.015032 6.045633 0.206132
v 0.017678 6.047148 0.204418
v 0.021140 6.050035 0.201144
v 0.022787 6.052080 0.198821
v 0.023998 6.054256 0.196348
v 0.008902 5.838602 0.060406
v 0.012085 5.839364 0.059149
v 0.015032 5.840344 0.057534
v 0.017678 5.841526 0.055581
v 0.021140 5.843777 0.051845
v 0.022787 5.845371 0.049192
v 0.023998 5.847066 0.046367
v 0.008902 5.612230 -0.053408
v 0.012085 5.612800 -0.054767
v 0.015032 5.613532 -0.056513
v 0.017678 5.614416 -0.058622
v 0.021140 5.616110 -0.062645
v 0.022787 5.617313 -0.065497
v 0.023998 5.618593 -0.068532
v 0.008902 5.042548 -0.225577
v 0.012085 5.042866 -0.227016
v 0.015032 5.043274 -0.228866
v 0.017678 5.043766 -0.231099
v 0.021140 5.044699 -0.235364
v 0.022787 5.045358 -0.238389
v 0.023998 5.046059 -0.241607
v 0.008902 4.937923 -0.247369
v 0.012085 4.938212 -0.248814
v 0.015032 4.938583 -0.250671
v 0.017678 4.939031 -0.252914
v 0.021140 4.939881 -0.257196
v 0.022787 4.940483 -0.260233
v 0.023998 4.941123 -0.263464
v 0.024745 4.941788 -0.266826
v 0.005546 4.439228 -0.327964
v 0.008902 4.439367 -0.328980
v 0.012085 4.439566 -0.330440
v 0.015032 4.439824 -0.332317
v 0.017678 4.440133 -0.334583
v 0.021140 4.440723 -0.338908
v 0.022787 4.441140 -0.341975
v 0.023998 4.441583 -0.345239
v 0.024745 4.442045 -0.348635
v 0.025000 6.692022 0.241673
v 0.024148 6.692022 0.248207
v 0.021651 6.692022 0.254295
v 0.017678 6.692022 0.259523
v 0.012500 6.692022 0.263535
v 0.006470 6.692022 0.266057
v 0.000000 6.692022 0.266917
v -0.006470 6.692022 0.266057
v -0.012500 6.692022 0.263535
v -0.017678 6.692022 0.259523
v -0.021651 6.692022 0.254295
v -0.024148 6.692022 0.248207
v -0.025000 6.692022 0.241673
v 0.024148 6.564934 0.265999
v 0.024148 6.436949 0.283917
v 0.024148 6.308965 0.301835
v 0.021651 6.565770 0.271970
v 0.021651 6.437785 0.289888
v 0.021651 6.309801 0.307806
v 0.017678 6.566488 0.277098
v 0.017678 6.438503 0.295016
v 0.017678 6.310518 0.312934
v 0.012500 6.567039 0.281032
v 0.012500 6.439054 0.298950
v 0.012500 6.311069 0.316868
v 0.006470 6.567385 0.283506
v 0.006470 6.439400 0.301424
v 0.006470 6.311416 0.319342
v -0.000000 6.567503 0.284350
v 0.000000 6.439518 0.302267
v 0.000000 6.311534 0.320185
v -0.006470 6.567385 0.283506
v -0.006470 6.439400 0.301424
v -0.006470 6.311416 0.319342
v -0.012500 6.567039 0.281032
v -0.012500 6.439054 0.298950
v -0.012500 6.311069 0.316868
v -0.017678 6.566488 0.277098
v -0.017678 6.438503 0.295016
v -0.017678 6.310518 0.312934
v -0.021651 6.565770 0.271970
v -0.021651 6.437785 0.289888
v -0.021651 6.309801 0.307806
v -0.024148 6.564934 0.265999
v -0.024148 6.436949 0.283917
v -0.024148 6.308965 0.301835
v -0.025000 4.267439 -0.374518
v -0.019888 4.135863 -0.374518
v -0.014117 4.085155 -0.374518
v -0.009297 4.060716 -0.374518
v -0.005903 4.050273 -0.374518
v -0.003604 4.045965 -0.374518
v -0.002881 4.045049 -0.374518
v -0.002053 4.044253 -0.374518
v -0.001590 4.043925 -0.374518
v -0.001088 4.043664 -0.374518
v -0.000555 4.043494 -0.374518
v -0.025000 5.991307 0.135696
v -0.025000 5.772612 -0.003424
v -0.025000 5.535352 -0.109102
v -0.025000 5.288429 -0.188925
v -0.025000 4.781258 -0.300091
v -0.024745 4.429257 -0.350371
v -0.005546 4.241595 -0.353150
v -0.005546 4.518720 -0.316822
v -0.024745 4.890113 -0.276844
v -0.024745 5.163820 -0.217853
v -0.005546 4.794641 -0.273034
v -0.005546 5.068398 -0.218801
v -0.024745 5.421856 -0.145096
v -0.005546 5.338055 -0.149311
v -0.024745 5.650487 -0.058502
v -0.005546 5.567544 -0.070577
v -0.024745 5.867258 0.054623
v -0.005546 5.856252 0.072328
v -0.024745 6.063133 0.199633
v -0.005546 6.049233 0.215190
v -0.005546 4.334086 -0.341792
v -0.008902 4.334215 -0.342810
v -0.012085 4.334401 -0.344272
v -0.015032 4.334639 -0.346151
v -0.017678 4.334928 -0.348419
v -0.021140 4.335477 -0.352750
v -0.022787 4.335866 -0.355821
v -0.023998 4.336280 -0.359088
v -0.024745 4.336711 -0.362488
v -0.024745 4.244063 -0.373866
v -0.023998 4.243657 -0.370463
v -0.022787 4.243267 -0.367193
v -0.021140 4.242901 -0.364119
v -0.017678 4.242385 -0.359784
v -0.015032 4.242114 -0.357513
v -0.012085 4.241891 -0.355633
v -0.008902 4.241717 -0.354169
v -0.005546 4.142599 -0.364525
v -0.008902 4.142713 -0.365545
v -0.012085 4.142875 -0.367010
v -0.015032 4.143084 -0.368893
v -0.017678 4.143336 -0.371166
v -0.005546 4.702825 -0.288570
v -0.008902 4.702991 -0.289582
v -0.012085 4.703228 -0.291037
v -0.015032 4.703534 -0.292906
v -0.017678 4.703902 -0.295163
v -0.021140 4.704608 -0.299471
v -0.022787 4.705109 -0.302526
v -0.023998 4.705641 -0.305776
v -0.024745 4.706196 -0.309158
v -0.024745 4.614004 -0.323749
v -0.023998 4.613485 -0.320361
v -0.022787 4.612986 -0.317106
v -0.021140 4.612517 -0.314046
v -0.017678 4.611856 -0.309731
v -0.015032 4.611509 -0.307471
v -0.012085 4.611221 -0.305599
v -0.008902 4.610998 -0.304142
v -0.005546 4.610842 -0.303128
v -0.005546 5.248794 -0.174514
v -0.008902 5.249061 -0.175504
v -0.012085 5.249442 -0.176928
v -0.015032 5.249933 -0.178758
v -0.017678 5.250525 -0.180966
v -0.021140 5.251657 -0.185183
v -0.022787 5.252461 -0.188172
v -0.023998 5.253316 -0.191352
v -0.024745 5.254206 -0.194661
v -0.023998 5.163006 -0.214524
v -0.022787 5.162225 -0.211324
v -0.021140 5.161490 -0.208318
v -0.017678 5.160451 -0.204077
v -0.015032 5.159905 -0.201857
v -0.012085 5.159451 -0.200017
v -0.008902 5.159099 -0.198586
v -0.005546 5.158855 -0.197590
v -0.005546 5.491925 -0.099094
v -0.008902 5.492271 -0.100060
v -0.012085 5.492772 -0.101446
v -0.015032 5.493416 -0.103227
v -0.017678 5.494192 -0.105378
v -0.021140 5.495668 -0.109487
v -0.022787 5.496712 -0.112401
v -0.023998 5.497823 -0.115501
v -0.024745 5.498978 -0.118728
v -0.023998 5.420795 -0.141837
v -0.022787 5.419776 -0.138705
v -0.021140 5.418817 -0.135761
v -0.017678 5.417464 -0.131611
v -0.015032 5.416753 -0.129438
v -0.012085 5.416163 -0.127638
v -0.008902 5.415704 -0.126238
v -0.005546 5.415387 -0.125262
v -0.005546 5.715280 -0.005321
v -0.008902 5.715733 -0.006241
v -0.012085 5.716381 -0.007563
v -0.015032 5.717213 -0.009261
v -0.017678 5.718218 -0.011312
v -0.021140 5.720143 -0.015228
v -0.022787 5.721510 -0.018005
v -0.023998 5.722965 -0.020959
v -0.024745 5.724479 -0.024034
v -0.023998 5.649104 -0.055366
v -0.022787 5.647776 -0.052353
v -0.021140 5.646528 -0.049520
v -0.017678 5.644771 -0.045525
v -0.015032 5.643854 -0.043431
v -0.012085 5.643096 -0.041696
v -0.008902 5.642506 -0.040346
v -0.005546 5.642092 -0.039407
v -0.005546 5.987811 0.163810
v -0.008902 5.988446 0.163004
v -0.012085 5.989365 0.161853
v -0.015032 5.990547 0.160375
v -0.017678 5.991971 0.158588
v -0.021140 5.994679 0.155165
v -0.022787 5.996594 0.152733
v -0.023998 5.998631 0.150145
v -0.024745 6.000750 0.147451
v -0.024745 5.935340 0.099175
v -0.023998 5.933381 0.101988
v -0.022787 5.931498 0.104690
v -0.021140 5.929727 0.107228
v -0.017678 5.927223 0.110801
v -0.015032 5.925905 0.112666
v -0.012085 5.924811 0.114207
v -0.008902 5.923960 0.115408
v -0.005546 5.923373 0.116249
v -0.024745 6.122142 0.255797
v -0.023998 6.119700 0.258202
v -0.022787 6.117354 0.260514
v -0.021140 6.115150 0.262686
v -0.017678 6.112041 0.265751
v -0.015032 6.110414 0.267357
v -0.012085 6.109066 0.268687
v -0.008902 6.108017 0.269722
v -0.005546 6.107287 0.270442
v -0.005546 5.786777 0.031864
v -0.008902 5.787272 0.030966
v -0.012085 5.787984 0.029679
v -0.015032 5.788899 0.028026
v -0.017678 5.790004 0.026029
v -0.021140 5.792113 0.022210
v -0.022787 5.793608 0.019500
v -0.023998 5.795198 0.016615
v -0.024745 5.796853 0.013614
v -0.008902 5.567922 -0.071531
v -0.012085 5.568465 -0.072901
v -0.015032 5.569162 -0.074662
v -0.017678 5.570005 -0.076788
v -0.021140 5.571613 -0.080846
v -0.022787 5.572754 -0.083724
v -0.023998 5.573967 -0.086785
v -0.024745 5.575230 -0.089971
v -0.008902 5.338347 -0.150294
v -0.012085 5.338766 -0.151707
v -0.015032 5.339305 -0.153522
v -0.017678 5.339956 -0.155715
v -0.021140 5.341199 -0.159900
v -0.022787 5.342080 -0.162867
v -0.023998 5.343019 -0.166024
v -0.024745 5.343995 -0.169309
v -0.008902 4.794818 -0.274045
v -0.012085 4.795073 -0.275496
v -0.015032 4.795401 -0.277362
v -0.017678 4.795797 -0.279614
v -0.021140 4.796553 -0.283914
v -0.022787 4.797089 -0.286963
v -0.023998 4.797660 -0.290207
v -0.024745 4.798254 -0.293582
v -0.005546 4.426464 -0.329696
v -0.008902 4.426601 -0.330713
v -0.012085 4.426799 -0.332174
v -0.015032 4.427054 -0.334051
v -0.017678 4.427361 -0.336317
v -0.021140 4.427946 -0.340643
v -0.022787 4.428359 -0.343711
v -0.023998 4.428799 -0.346974
v -0.024745 4.521691 -0.337472
v -0.008902 4.518866 -0.317838
v -0.012085 4.519077 -0.319296
v -0.015032 4.519348 -0.321171
v -0.017678 4.519675 -0.323434
v -0.021140 4.520296 -0.327756
v -0.022787 4.520736 -0.330819
v -0.023998 4.521204 -0.334079
v -0.005546 4.886221 -0.256346
v -0.008902 4.886412 -0.257354
v -0.012085 4.886688 -0.258802
v -0.015032 4.887043 -0.260662
v -0.017678 4.887470 -0.262909
v -0.021140 4.888285 -0.267198
v -0.022787 4.888861 -0.270240
v -0.023998 4.889475 -0.273476
v -0.024745 5.072963 -0.239159
v -0.005546 4.977497 -0.238327
v -0.008902 4.977703 -0.239333
v -0.012085 4.978003 -0.240776
v -0.015032 4.978388 -0.242630
v -0.017678 4.978851 -0.244869
v -0.021140 4.979732 -0.249146
v -0.022787 4.980354 -0.252178
v -0.023998 4.981016 -0.255405
v -0.024745 4.981705 -0.258763
v -0.008902 5.068622 -0.219802
v -0.012085 5.068947 -0.221240
v -0.015032 5.069365 -0.223087
v -0.017678 5.069869 -0.225318
v -0.021140 5.070824 -0.229578
v -0.022787 5.071499 -0.232599
v -0.023998 5.072216 -0.235814
v -0.008902 5.856792 0.071455
v -0.012085 5.857572 0.070209
v -0.015032 5.858576 0.068609
v -0.017678 5.859786 0.066674
v -0.021140 5.862090 0.062969
v -0.022787 5.863720 0.060338
v -0.023998 5.865454 0.057538
v -0.008902 6.049917 0.214425
v -0.012085 6.050900 0.213327
v -0.015032 6.052163 0.211916
v -0.017678 6.053688 0.210212
v -0.021140 6.056597 0.206956
v -0.022787 6.058658 0.204647
v -0.023998 6.060851 0.202190
v -0.025000 6.692022 -0.374518
v 0.025000 6.692022 -0.374518
v 0.096759 -1.780783 -1.182270
v 0.092477 -1.770614 -1.191908
v 0.086181 -1.761185 -1.201122
v 0.077694 -1.752845 -1.209500
v 0.066932 -1.746097 -1.216433
v 0.060760 -1.743526 -1.219111
v 0.054111 -1.741597 -1.221134
v 0.047141 -1.740404 -1.222390
v 0.040000 -1.740000 -1.222817
v 0.040000 6.760934 -1.222817
v 0.055529 6.760934 -1.220772
v 0.070000 6.760934 -1.214778
v 0.082426 6.760934 -1.205243
v 0.091962 6.760934 -1.192817
v 0.097956 6.760934 -1.178346
v 0.097956 -1.473034 -1.178346
v 0.097956 -1.143676 -1.178346
v 0.097956 -0.814317 -1.178346
v 0.097956 -0.484958 -1.178346
v 0.097956 -0.155599 -1.178346
v 0.097956 0.173759 -1.178346
v 0.097956 0.503118 -1.178346
v 0.097956 0.832477 -1.178346
v 0.097956 1.161836 -1.178346
v 0.097956 1.491194 -1.178346
v 0.097956 1.820553 -1.178346
v 0.097956 2.149912 -1.178346
v 0.097956 2.479270 -1.178346
v 0.097956 2.808629 -1.178346
v 0.097956 3.137988 -1.178346
v 0.097956 3.467347 -1.178346
v 0.097956 3.796705 -1.178346
v 0.097956 4.126064 -1.178346
v 0.097956 4.455423 -1.178346
v 0.097956 4.784782 -1.178346
v 0.097956 5.114140 -1.178346
v 0.097956 5.443499 -1.178346
v 0.097956 5.772858 -1.178346
v 0.097956 6.102216 -1.178346
v 0.097956 6.431575 -1.178346
v 0.091962 -1.473034 -1.192817
v 0.091962 -1.143676 -1.192817
v 0.091962 -0.814317 -1.192817
v 0.091962 -0.484958 -1.192817
v 0.091962 -0.155599 -1.192817
v 0.091962 0.173759 -1.192817
v 0.091962 0.503118 -1.192817
v 0.091962 0.832477 -1.192817
v 0.091962 1.161836 -1.192817
v 0.091962 1.491194 -1.192817
v 0.091962 1.820553 -1.192817
v 0.091962 2.149912 -1.192817
v 0.091962 2.479270 -1.192817
v 0.091962 2.808629 -1.192817
v 0.091962 3.137988 -1.192817
v 0.091962 3.467347 -1.192817
v 0.091962 3.796705 -1.192817
v 0.091962 4.126064 -1.192817
v 0.091962 4.455423 -1.192817
v 0.091962 4.784782 -1.192817
v 0.091962 5.114140 -1.192817
v 0.091962 5.443499 -1.192817
v 0.091962 5.772858 -1.192817
v 0.091962 6.102216 -1.192817
v 0.091962 6.431575 -1.192817
v 0.082426 -1.473034 -1.205243
v 0.082426 -1.143676 -1.205243
v 0.082426 -0.814317 -1.205243
v 0.082426 -0.484958 -1.205243
v 0.082426 -0.155599 -1.205243
v 0.082426 0.173759 -1.205243
v 0.082426 0.503118 -1.205243
v 0.082426 0.832477 -1.205243
v 0.082426 1.161836 -1.205243
v 0.082426 1.491194 -1.205243
v 0.082426 1.820553 -1.205243
v 0.082426 2.149912 -1.205243
v 0.082426 2.479270 -1.205243
v 0.082426 2.808629 -1.205243
v 0.082426 3.137988 -1.205243
v 0.082426 3.467347 -1.205243
v 0.082426 3.796705 -1.205243
v 0.082426 4.126064 -1.205243
v 0.082426 4.455423 -1.205243
v 0.082426 4.784782 -1.205243
v 0.082426 5.114140 -1.205243
v 0.082426 5.443499 -1.205243
v 0.082426 5.772858 -1.205243
v 0.082426 6.102216 -1.205243
v 0.082426 6.431575 -1.205243
v 0.070000 -1.473034 -1.214778
v 0.070000 -1.143676 -1.214778
v 0.070000 -0.814317 -1.214778
v 0.070000 -0.484958 -1.214778
v 0.070000 -0.155599 -1.214778
v 0.070000 0.173759 -1.214778
v 0.070000 0.503118 -1.214778
v 0.070000 0.832477 -1.214778
v 0.070000 1.161836 -1.214778
v 0.070000 1.491194 -1.214778
v 0.070000 1.820553 -1.214778
v 0.070000 2.149912 -1.214778
v 0.070000 2.479270 -1.214778
v 0.070000 2.808629 -1.214778
v 0.070000 3.137988 -1.214778
v 0.070000 3.467347 -1.214778
v 0.070000 3.796705 -1.214778
v 0.070000 4.126064 -1.214778
v 0.070000 4.455423 -1.214778
v 0.070000 4.784782 -1.214778
v 0.070000 5.114140 -1.214778
v 0.070000 5.443499 -1.214778
v 0.070000 5.772858 -1.214778
v 0.070000 6.102216 -1.214778
v 0.070000 6.431575 -1.214778
v 0.055529 -1.473034 -1.220772
v 0.055529 -1.143676 -1.220772
v 0.055529 -0.814317 -1.220772
v 0.055529 -0.484958 -1.220772
v 0.055529 -0.155599 -1.220772
v 0.055529 0.173759 -1.220772
v 0.055529 0.503118 -1.220772
v 0.055529 0.832477 -1.220772
v 0.055529 1.161836 -1.220772
v 0.055529 1.491194 -1.220772
v 0.055529 1.820553 -1.220772
v 0.055529 2.149912 -1.220772
v 0.055529 2.479270 -1.220772
v 0.055529 2.808629 -1.220772
v 0.055529 3.137988 -1.220772
v 0.055529 3.467347 -1.220772
v 0.055529 3.796705 -1.220772
v 0.055529 4.126064 -1.220772
v 0.055529 4.455423 -1.220772
v 0.055529 4.784782 -1.220772
v 0.055529 5.114140 -1.220772
v 0.055529 5.443499 -1.220772
v 0.055529 5.772858 -1.220772
v 0.055529 6.102216 -1.220772
v 0.055529 6.431575 -1.220772
v 0.040000 8.103073 -1.070979
v 0.051705 8.101049 -1.071598
v 0.062961 8.097747 -1.070187
v 0.073332 8.093022 -1.067144
v 0.082426 8.087057 -1.062608
v 0.089885 8.080054 -1.056779
v 0.095433 8.072274 -1.049906
v 0.098843 8.064000 -1.042268
v 0.040000 7.419337 -1.208922
v 0.040000 7.751294 -1.180420
v 0.040000 7.918727 -1.150865
v 0.040000 8.003641 -1.126802
v 0.040000 8.047555 -1.109107
v 0.040000 8.070947 -1.096807
v 0.040000 8.083870 -1.088392
v 0.040000 8.091279 -1.082677
v 0.098806 6.880901 -1.174367
v 0.098806 7.133613 -1.171032
v 0.098806 7.325623 -1.165073
v 0.054933 6.881159 -1.220611
v 0.054933 7.070216 -1.218539
v 0.054933 7.327506 -1.211279
v 0.098806 7.528772 -1.153907
v 0.054933 7.673315 -1.187749
v 0.098806 7.807864 -1.123387
v 0.054933 7.815264 -1.169038
v 0.098806 7.926964 -1.099286
v 0.054933 7.938346 -1.144111
v 0.098806 8.054452 -1.050226
v 0.095308 8.066984 -1.055069
v 0.095308 8.060952 -1.059579
v 0.091962 8.071240 -1.060314
v 0.085001 8.077330 -1.067821
v 0.076275 8.082444 -1.074124
v 0.066124 8.086368 -1.078960
v 0.054933 8.088944 -1.082135
v 0.098806 8.059807 -1.046224
v 0.098806 8.043613 -1.057010
v 0.095308 8.049258 -1.066903
v 0.091962 8.052606 -1.072770
v 0.085001 8.057397 -1.081166
v 0.076275 8.061420 -1.088215
v 0.066124 8.064507 -1.093625
v 0.054933 8.066533 -1.097175
v 0.054933 8.080844 -1.088200
v 0.066124 8.078511 -1.084843
v 0.076275 8.074957 -1.079729
v 0.085001 8.070325 -1.073064
v 0.091962 8.064807 -1.065126
v 0.098806 8.021568 -1.068046
v 0.095308 8.026204 -1.078450
v 0.091962 8.028954 -1.084620
v 0.085001 8.032889 -1.093450
v 0.076275 8.036193 -1.100863
v 0.066124 8.038728 -1.106552
v 0.054933 8.040393 -1.110286
v 0.098806 7.976550 -1.085085
v 0.095308 7.980063 -1.095923
v 0.091962 7.982147 -1.102352
v 0.085001 7.985128 -1.111551
v 0.076275 7.987631 -1.119275
v 0.066124 7.989553 -1.125200
v 0.054933 7.990815 -1.129089
v 0.098806 7.876995 -1.110737
v 0.095308 7.879299 -1.121893
v 0.091962 7.880666 -1.128509
v 0.085001 7.882621 -1.137977
v 0.076275 7.884263 -1.145927
v 0.066124 7.885524 -1.152027
v 0.054933 7.886351 -1.156030
v 0.066124 7.937331 -1.140151
v 0.076275 7.935793 -1.134116
v 0.085001 7.933798 -1.126248
v 0.091962 7.931425 -1.116876
v 0.095308 7.929765 -1.110327
v 0.098806 7.738296 -1.133563
v 0.095308 7.739756 -1.144862
v 0.091962 7.740621 -1.151563
v 0.085001 7.741857 -1.161153
v 0.076275 7.742896 -1.169204
v 0.066124 7.743702 -1.175381
v 0.054933 7.744236 -1.179434
v 0.066124 7.814603 -1.165003
v 0.076275 7.813602 -1.158856
v 0.085001 7.812305 -1.150844
v 0.091962 7.810763 -1.141300
v 0.095308 7.809684 -1.134631
v 0.098806 7.389542 -1.162225
v 0.095308 7.390098 -1.173602
v 0.091962 7.390427 -1.180349
v 0.085001 7.390899 -1.190005
v 0.076275 7.391295 -1.198111
v 0.066124 7.391599 -1.204332
v 0.054933 7.391799 -1.208415
v 0.054933 7.461841 -1.204638
v 0.066124 7.461596 -1.200558
v 0.076275 7.461225 -1.194340
v 0.085001 7.460746 -1.186238
v 0.091962 7.460175 -1.176588
v 0.095308 7.459776 -1.169845
v 0.098806 7.459102 -1.158474
v 0.054933 6.821027 -1.220845
v 0.066124 6.821017 -1.216756
v 0.076275 6.821001 -1.210528
v 0.085001 6.820979 -1.202412
v 0.091962 6.820953 -1.192745
v 0.095308 6.820935 -1.185990
v 0.098806 6.820904 -1.174600
v 0.066124 6.881136 -1.216523
v 0.076275 6.881102 -1.210295
v 0.085001 6.881056 -1.202179
v 0.091962 6.881002 -1.192512
v 0.095308 6.880964 -1.185757
v 0.098806 7.005183 -1.173261
v 0.054933 6.941313 -1.220191
v 0.066124 6.941276 -1.216103
v 0.076275 6.941221 -1.209875
v 0.085001 6.941150 -1.201759
v 0.091962 6.941065 -1.192092
v 0.095308 6.941005 -1.185337
v 0.098806 6.940905 -1.173947
v 0.054933 7.005771 -1.219503
v 0.066124 7.005717 -1.215416
v 0.076275 7.005637 -1.209188
v 0.085001 7.005534 -1.201072
v 0.091962 7.005412 -1.191405
v 0.095308 7.005327 -1.184651
v 0.098806 7.197721 -1.169426
v 0.066124 7.070144 -1.214452
v 0.076275 7.070035 -1.208224
v 0.085001 7.069898 -1.200109
v 0.091962 7.069735 -1.190443
v 0.095308 7.069620 -1.183689
v 0.098806 7.069427 -1.172300
v 0.054933 7.134631 -1.217267
v 0.066124 7.134537 -1.213180
v 0.076275 7.134398 -1.206953
v 0.085001 7.134220 -1.198839
v 0.091962 7.134010 -1.189173
v 0.095308 7.133863 -1.182420
v 0.054933 7.198994 -1.215654
v 0.066124 7.198878 -1.211568
v 0.076275 7.198704 -1.205342
v 0.085001 7.198482 -1.197229
v 0.091962 7.198218 -1.187565
v 0.095308 7.198033 -1.180812
v 0.054933 7.263287 -1.213669
v 0.066124 7.263147 -1.209584
v 0.076275 7.262936 -1.203359
v 0.085001 7.262662 -1.195247
v 0.091962 7.262337 -1.185586
v 0.095308 7.262110 -1.178835
v 0.098806 7.261726 -1.167451
v 0.066124 7.327340 -1.207195
v 0.076275 7.327087 -1.200972
v 0.085001 7.326756 -1.192862
v 0.091962 7.326362 -1.183203
v 0.095308 7.326087 -1.176454
v 0.054933 7.532086 -1.200033
v 0.066124 7.531790 -1.195955
v 0.076275 7.531342 -1.189743
v 0.085001 7.530762 -1.181648
v 0.091962 7.530071 -1.172005
v 0.095308 7.529588 -1.165268
v 0.098806 7.598577 -1.148392
v 0.054933 7.602575 -1.194465
v 0.066124 7.602224 -1.190392
v 0.076275 7.601686 -1.184187
v 0.085001 7.600984 -1.176101
v 0.091962 7.600147 -1.166470
v 0.095308 7.599562 -1.159740
v 0.066124 7.672884 -1.183683
v 0.076275 7.672231 -1.177488
v 0.085001 7.671382 -1.169415
v 0.091962 7.670372 -1.159799
v 0.095308 7.669665 -1.153079
v 0.098806 7.668474 -1.141749
v 0.097956 7.729577 -0.424566
v 0.091962 7.740685 -0.415292
v 0.082426 7.750225 -0.407329
v 0.070000 7.757544 -0.401218
v 0.055529 7.762146 -0.397377
v 0.040000 7.763715 -0.396066
v 0.040000 7.754271 -0.386986
v 0.040000 7.743081 -0.380172
v 0.040000 7.730679 -0.375949
v 0.040000 7.717656 -0.374518
v 0.055529 7.717656 -0.376563
v 0.070000 7.717656 -0.382557
v 0.082426 7.717656 -0.392092
v 0.091962 7.717656 -0.404518
v 0.097956 7.717656 -0.418989
v 0.051478 7.729956 -0.376925
v 0.091497 7.740434 -0.413800
v 0.093697 7.727569 -0.409652
v 0.098361 7.724243 -0.422246
v 0.083942 7.742784 -0.402306
v 0.086206 7.729900 -0.398255
v 0.069831 7.755524 -0.398796
v 0.073948 7.744002 -0.392645
v 0.076296 7.731108 -0.388675
v 0.045895 7.754414 -0.387464
v 0.048919 7.742841 -0.380795
v 0.064509 7.731127 -0.381435
v 0.062063 7.744022 -0.385344
v 0.058467 7.755543 -0.391815
v -0.100000 7.717656 -0.434518
v -0.097956 7.717656 -0.418989
v -0.091962 7.717656 -0.404518
v -0.082426 7.717656 -0.392092
v -0.070000 7.717656 -0.382557
v -0.055529 7.717656 -0.376563
v -0.040000 7.717656 -0.374518
v -0.040000 7.730679 -0.375949
v -0.040000 7.743081 -0.380172
v -0.040000 7.754271 -0.386986
v -0.040000 7.763715 -0.396066
v -0.055529 7.762146 -0.397377
v -0.070000 7.757544 -0.401218
v -0.082426 7.750225 -0.407329
v -0.091962 7.740685 -0.415292
v -0.097956 7.729577 -0.424566
v -0.098361 7.724243 -0.422246
v -0.093697 7.727569 -0.409652
v -0.091497 7.740434 -0.413800
v -0.086206 7.729900 -0.398255
v -0.083942 7.742784 -0.402306
v -0.076296 7.731108 -0.388675
v -0.073948 7.744002 -0.392645
v -0.069831 7.755524 -0.398796
v -0.064509 7.731127 -0.381435
v -0.062063 7.744022 -0.385344
v -0.058467 7.755543 -0.391815
v -0.051478 7.729956 -0.376925
v -0.048919 7.742841 -0.380795
v -0.045895 7.754414 -0.387464
v -0.040000 8.123960 -1.015840
v -0.051705 8.122721 -1.015935
v -0.062961 8.119501 -1.014803
v -0.073332 8.114152 -1.013323
v -0.082426 8.106976 -1.011281
v -0.089885 8.098238 -1.008757
v -0.095433 8.088279 -1.005856
v -0.098843 8.077474 -1.002696
v -0.100000 8.066241 -0.999403
v -0.100000 8.066621 -0.998171
v -0.100000 8.067405 -0.993011
v -0.100000 8.067450 -0.987768
v -0.100000 8.066436 -0.977356
v -0.100000 8.061906 -0.956926
v -0.100000 8.047895 -0.917450
v -0.100000 8.010786 -0.842331
v -0.100000 7.921585 -0.700448
v -0.040000 7.970968 -0.666348
v -0.040000 8.063243 -0.813202
v -0.040000 8.103267 -0.894299
v -0.040000 8.119690 -0.940734
v -0.040000 8.125790 -0.968293
v -0.040000 8.127412 -0.985593
v -0.040000 8.127293 -0.996687
v -0.098806 7.798422 -0.515003
v -0.054933 7.909868 -0.584390
v -0.098806 7.977126 -0.762869
v -0.054933 8.016168 -0.738078
v -0.098806 8.079238 -0.993737
v -0.095308 8.090607 -0.994435
v -0.091962 8.097349 -0.994849
v -0.085001 8.106998 -0.995442
v -0.076275 8.115099 -0.995940
v -0.066124 8.121316 -0.996319
v -0.054933 8.125397 -0.996567
v -0.098806 8.079230 -0.985863
v -0.095308 8.090604 -0.985248
v -0.091962 8.097349 -0.984884
v -0.085001 8.107002 -0.984361
v -0.076275 8.115107 -0.983924
v -0.066124 8.121326 -0.983590
v -0.054933 8.125408 -0.983372
v -0.098806 8.077475 -0.971465
v -0.095308 8.088686 -0.969423
v -0.091962 8.095336 -0.968211
v -0.085001 8.104852 -0.966477
v -0.076275 8.112841 -0.965022
v -0.066124 8.118970 -0.963907
v -0.054933 8.122993 -0.963176
v -0.098806 8.070122 -0.943148
v -0.095308 8.080959 -0.939635
v -0.091962 8.087386 -0.937552
v -0.085001 8.096584 -0.934570
v -0.076275 8.104305 -0.932066
v -0.066124 8.110230 -0.930146
v -0.054933 8.114119 -0.928885
v -0.098806 8.042555 -0.877280
v -0.095308 8.052772 -0.872240
v -0.091962 8.058831 -0.869252
v -0.085001 8.067503 -0.864975
v -0.076275 8.074783 -0.861383
v -0.066124 8.080369 -0.858627
v -0.054933 8.084035 -0.856817
v -0.098806 8.009038 -0.815277
v -0.095308 8.018884 -0.809549
v -0.091962 8.024723 -0.806153
v -0.085001 8.033079 -0.801292
v -0.076275 8.040095 -0.797211
v -0.066124 8.045478 -0.794079
v -0.054933 8.049012 -0.792022
v -0.098806 7.908654 -0.661340
v -0.095308 7.917935 -0.654735
v -0.091962 7.923440 -0.650817
v -0.085001 7.931317 -0.645211
v -0.076275 7.937931 -0.640504
v -0.066124 7.943006 -0.636893
v -0.054933 7.946338 -0.634523
v -0.054933 7.981855 -0.685671
v -0.066124 7.978465 -0.687957
v -0.076275 7.973305 -0.691446
v -0.085001 7.966585 -0.696000
v -0.091962 7.958582 -0.701427
v -0.095308 7.952990 -0.705218
v -0.098806 7.943559 -0.711609
v -0.054933 7.796004 -0.438170
v -0.066124 7.792836 -0.440755
v -0.076275 7.788010 -0.444691
v -0.085001 7.781720 -0.449820
v -0.091962 7.774227 -0.455928
v -0.095308 7.768991 -0.460197
v -0.098806 7.760163 -0.467395
v -0.095308 7.986740 -0.756760
v -0.091962 7.992442 -0.753137
v -0.085001 8.000601 -0.747951
v -0.076275 8.007452 -0.743598
v -0.066124 8.012712 -0.740263
v -0.098806 7.872704 -0.611912
v -0.095308 7.881858 -0.605134
v -0.091962 7.887287 -0.601114
v -0.085001 7.895056 -0.595362
v -0.076275 7.901579 -0.590532
v -0.066124 7.906584 -0.586824
v -0.054933 7.872650 -0.535027
v -0.098806 7.835954 -0.563168
v -0.095308 7.844991 -0.556236
v -0.091962 7.850351 -0.552125
v -0.085001 7.858021 -0.546240
v -0.076275 7.864461 -0.541300
v -0.066124 7.869404 -0.537512
v -0.095308 7.807352 -0.507932
v -0.091962 7.812648 -0.503738
v -0.085001 7.820226 -0.497736
v -0.076275 7.826589 -0.492697
v -0.066124 7.831473 -0.488832
v -0.054933 7.834679 -0.486297
v -0.100000 0.803365 -0.434518
v -0.099998 0.803423 -0.434081
v -0.098781 0.804961 -0.422483
v -0.095341 0.806439 -0.411337
v -0.089798 0.807803 -0.401050
v -0.082359 0.808999 -0.392024
v -0.073290 0.809983 -0.384601
v -0.062940 0.810716 -0.379077
v -0.051697 0.811168 -0.375669
v -0.055529 7.388404 -0.376563
v -0.055529 7.059152 -0.376563
v -0.055529 6.729900 -0.376563
v -0.055529 6.400648 -0.376563
v -0.055529 6.071396 -0.376563
v -0.055529 5.742144 -0.376563
v -0.055529 5.412892 -0.376563
v -0.055529 5.083640 -0.376563
v -0.055529 4.754388 -0.376563
v -0.055529 4.425136 -0.376563
v -0.055529 4.095884 -0.376563
v -0.055529 3.766633 -0.376563
v -0.055529 3.437381 -0.376563
v -0.055529 3.108129 -0.376563
v -0.055529 2.778877 -0.376563
v -0.055529 2.449625 -0.376563
v -0.055529 2.120373 -0.376563
v -0.055529 1.791121 -0.376563
v -0.055529 1.461869 -0.376563
v -0.055529 1.132617 -0.376563
v -0.070000 7.388404 -0.382557
v -0.070000 7.059152 -0.382557
v -0.070000 6.729900 -0.382557
v -0.070000 6.400648 -0.382557
v -0.070000 6.071396 -0.382557
v -0.070000 5.742144 -0.382557
v -0.070000 5.412892 -0.382557
v -0.070000 5.083640 -0.382557
v -0.070000 4.754388 -0.382557
v -0.070000 4.425136 -0.382557
v -0.070000 4.095884 -0.382557
v -0.070000 3.766633 -0.382557
v -0.070000 3.437381 -0.382557
v -0.070000 3.108129 -0.382557
v -0.070000 2.778877 -0.382557
v -0.070000 2.449625 -0.382557
v -0.070000 2.120373 -0.382557
v -0.070000 1.791121 -0.382557
v -0.070000 1.461869 -0.382557
v -0.070000 1.132617 -0.382557
v -0.082423 7.388404 -0.392089
v -0.082420 7.059152 -0.392085
v -0.082417 6.729900 -0.392082
v -0.082414 6.400648 -0.392079
v -0.082410 6.071396 -0.392076
v -0.082407 5.742144 -0.392073
v -0.082404 5.412892 -0.392069
v -0.082401 5.083640 -0.392066
v -0.082397 4.754388 -0.392063
v -0.082394 4.425136 -0.392060
v -0.082391 4.095884 -0.392056
v -0.082388 3.766633 -0.392053
v -0.082385 3.437381 -0.392050
v -0.082381 3.108129 -0.392047
v -0.082378 2.778877 -0.392044
v -0.082375 2.449625 -0.392040
v -0.082372 2.120373 -0.392037
v -0.082368 1.791121 -0.392034
v -0.082365 1.461869 -0.392031
v -0.082362 1.132617 -0.392027
v -0.091962 7.388404 -0.404518
v -0.091962 7.059152 -0.404518
v -0.091962 6.729900 -0.404518
v -0.091962 6.400648 -0.404518
v -0.091962 6.071396 -0.404518
v -0.091962 5.742144 -0.404518
v -0.091962 5.412892 -0.404518
v -0.091962 5.083640 -0.404518
v -0.091962 4.754388 -0.404518
v -0.091962 4.425136 -0.404518
v -0.091962 4.095884 -0.404518
v -0.091962 3.766633 -0.404518
v -0.091962 3.437381 -0.404518
v -0.091962 3.108129 -0.404518
v -0.091962 2.778877 -0.404518
v -0.091962 2.449625 -0.404518
v -0.091962 2.120373 -0.404518
v -0.091962 1.791121 -0.404518
v -0.091962 1.461869 -0.404518
v -0.091962 1.132617 -0.404518
v -0.097956 7.388404 -0.418989
v -0.097956 7.059152 -0.418989
v -0.097956 6.729900 -0.418989
v -0.097956 6.400648 -0.418989
v -0.097956 6.071396 -0.418989
v -0.097956 5.742144 -0.418989
v -0.097956 5.412892 -0.418989
v -0.097956 5.083640 -0.418989
v -0.097956 4.754388 -0.418989
v -0.097956 4.425136 -0.418989
v -0.097956 4.095884 -0.418989
v -0.097956 3.766633 -0.418989
v -0.097956 3.437381 -0.418989
v -0.097956 3.108129 -0.418989
v -0.097956 2.778877 -0.418989
v -0.097956 2.449625 -0.418989
v -0.097956 2.120373 -0.418989
v -0.097956 1.791121 -0.418989
v -0.097956 1.461869 -0.418989
v -0.097956 1.132617 -0.418989
v -0.098806 0.798815 -0.421011
v -0.091962 0.803610 -0.403511
v -0.095308 0.801824 -0.410025
v -0.085001 0.806170 -0.394188
v -0.076275 0.808326 -0.386364
v -0.066124 0.809989 -0.380362
v -0.040000 8.111573 -1.056040
v -0.051705 8.110559 -1.055439
v -0.062961 8.107421 -1.054084
v -0.073332 8.102269 -1.052017
v -0.082426 8.095313 -1.049315
v -0.089885 8.086813 -1.046074
v -0.095433 8.077107 -1.042415
v -0.098843 8.066563 -1.038469
v -0.100000 8.055592 -1.034384
v -0.100000 8.061317 -1.017015
v -0.040000 8.118230 -1.036076
v -0.098806 8.076459 -1.007140
v -0.098806 8.070552 -1.027171
v -0.054933 8.121123 -1.019129
v -0.054933 8.114543 -1.041432
v -0.098806 8.067121 -1.037333
v -0.095308 8.077871 -1.041098
v -0.091962 8.084247 -1.043331
v -0.085001 8.093370 -1.046527
v -0.076275 8.101030 -1.049209
v -0.066124 8.106908 -1.051269
v -0.054933 8.110766 -1.052621
v -0.095308 8.087460 -1.010093
v -0.091962 8.093984 -1.011844
v -0.085001 8.103321 -1.014351
v -0.076275 8.111159 -1.016455
v -0.066124 8.117174 -1.018069
v -0.054933 8.116676 -1.034665
v -0.066124 8.112767 -1.033467
v -0.076275 8.106812 -1.031643
v -0.085001 8.099052 -1.029267
v -0.091962 8.089808 -1.026437
v -0.095308 8.083349 -1.024460
v -0.098806 8.072458 -1.021125
v -0.091962 8.094938 -1.008244
v -0.095308 8.088403 -1.006534
v -0.098806 8.077384 -1.003651
v -0.085001 8.104290 -1.010690
v -0.066124 8.110654 -1.040172
v -0.076275 8.104729 -1.038252
v -0.085001 8.097008 -1.035749
v -0.091962 8.087812 -1.032767
v -0.095308 8.081387 -1.030684
v 0.097956 7.388404 -0.418989
v 0.097956 7.059152 -0.418989
v 0.097956 6.729900 -0.418989
v 0.097956 6.400648 -0.418989
v 0.097956 6.071396 -0.418989
v 0.097956 5.742144 -0.418989
v 0.097956 5.412892 -0.418989
v 0.097956 5.083640 -0.418989
v 0.097956 4.754388 -0.418989
v 0.097956 4.425136 -0.418989
v 0.097956 4.095884 -0.418989
v 0.097956 3.766633 -0.418989
v 0.097956 3.437381 -0.418989
v 0.097956 3.108129 -0.418989
v 0.097956 2.778877 -0.418989
v 0.097956 2.449625 -0.418989
v 0.097956 2.120373 -0.418989
v 0.097956 1.791121 -0.418989
v 0.097956 1.461869 -0.418989
v 0.097956 1.132617 -0.418989
v 0.091962 7.388404 -0.404518
v 0.091962 7.059152 -0.404518
v 0.091962 6.729900 -0.404518
v 0.091962 6.400648 -0.404518
v 0.091962 6.071396 -0.404518
v 0.091962 5.742144 -0.404518
v 0.091962 5.412892 -0.404518
v 0.091962 5.083640 -0.404518
v 0.091962 4.754388 -0.404518
v 0.091962 4.425136 -0.404518
v 0.091962 4.095884 -0.404518
v 0.091962 3.766633 -0.404518
v 0.091962 3.437381 -0.404518
v 0.091962 3.108129 -0.404518
v 0.091962 2.778877 -0.404518
v 0.091962 2.449625 -0.404518
v 0.091962 2.120373 -0.404518
v 0.091962 1.791121 -0.404518
v 0.091962 1.461869 -0.404518
v 0.091962 1.132617 -0.404518
v 0.082423 7.388404 -0.392088
v 0.082419 7.059152 -0.392084
v 0.082415 6.729900 -0.392081
v 0.082412 6.400648 -0.392077
v 0.082408 6.071396 -0.392073
v 0.082404 5.742144 -0.392070
v 0.082401 5.412892 -0.392066
v 0.082397 5.083640 -0.392062
v 0.082393 4.754388 -0.392059
v 0.082390 4.425136 -0.392055
v 0.082386 4.095884 -0.392051
v 0.082382 3.766633 -0.392048
v 0.082378 3.437381 -0.392044
v 0.082375 3.108129 -0.392040
v 0.082371 2.778877 -0.392037
v 0.082367 2.449625 -0.392033
v 0.082364 2.120373 -0.392029
v 0.082360 1.791121 -0.392026
v 0.082356 1.461869 -0.392022
v 0.082353 1.132617 -0.392018
v 0.070000 7.388404 -0.382557
v 0.070000 7.059152 -0.382557
v 0.070000 6.729900 -0.382557
v 0.070000 6.400648 -0.382557
v 0.070000 6.071396 -0.382557
v 0.070000 5.742144 -0.382557
v 0.070000 5.412892 -0.382557
v 0.070000 5.083640 -0.382557
v 0.070000 4.754388 -0.382557
v 0.070000 4.425136 -0.382557
v 0.070000 4.095884 -0.382557
v 0.070000 3.766633 -0.382557
v 0.070000 3.437381 -0.382557
v 0.070000 3.108129 -0.382557
v 0.070000 2.778877 -0.382557
v 0.070000 2.449625 -0.382557
v 0.070000 2.120373 -0.382557
v 0.070000 1.791121 -0.382557
v 0.070000 1.461869 -0.382557
v 0.070000 1.132617 -0.382557
v 0.055529 7.388404 -0.376563
v 0.055529 7.059152 -0.376563
v 0.055529 6.729900 -0.376563
v 0.055529 6.400648 -0.376563
v 0.055529 6.071396 -0.376563
v 0.055529 5.742144 -0.376563
v 0.055529 5.412892 -0.376563
v 0.055529 5.083640 -0.376563
v 0.055529 4.754388 -0.376563
v 0.055529 4.425136 -0.376563
v 0.055529 4.095884 -0.376563
v 0.055529 3.766633 -0.376563
v 0.055529 3.437381 -0.376563
v 0.055529 3.108129 -0.376563
v 0.055529 2.778877 -0.376563
v 0.055529 2.449625 -0.376563
v 0.055529 2.120373 -0.376563
v 0.055529 1.791121 -0.376563
v 0.055529 1.461869 -0.376563
v 0.055529 1.132617 -0.376563
v 0.040000 8.123960 -1.015840
v 0.040000 8.127293 -0.996687
v 0.040000 8.127412 -0.985593
v 0.040000 8.125790 -0.968293
v 0.040000 8.119690 -0.940734
v 0.040000 8.103267 -0.894299
v 0.040000 8.063243 -0.813202
v 0.040000 7.970968 -0.666348
v 0.099998 8.066662 -0.999523
v 0.098771 8.077862 -1.002713
v 0.095307 8.088618 -1.005776
v 0.089736 8.098526 -1.008597
v 0.082272 8.107203 -1.011068
v 0.073196 8.114321 -1.013095
v 0.062857 8.119608 -1.014601
v 0.051646 8.122863 -1.015527
v 0.098806 7.972619 -0.755785
v 0.054933 8.011549 -0.730818
v 0.098806 7.852671 -0.585138
v 0.054933 7.846731 -0.501595
v 0.054933 8.125397 -0.996567
v 0.066124 8.121316 -0.996319
v 0.076275 8.115099 -0.995940
v 0.085001 8.106998 -0.995442
v 0.091962 8.097349 -0.994849
v 0.095308 8.090607 -0.994435
v 0.098806 8.079238 -0.993737
v 0.054933 8.125408 -0.983373
v 0.066124 8.121326 -0.983591
v 0.076275 8.115107 -0.983925
v 0.085001 8.107002 -0.984362
v 0.091962 8.097349 -0.984885
v 0.095308 8.090604 -0.985249
v 0.098806 8.079230 -0.985863
v 0.054933 8.122993 -0.963176
v 0.066124 8.118970 -0.963907
v 0.076275 8.112841 -0.965022
v 0.085001 8.104852 -0.966477
v 0.091962 8.095336 -0.968211
v 0.095308 8.088686 -0.969423
v 0.098806 8.077475 -0.971465
v 0.054933 8.114119 -0.928885
v 0.066124 8.110230 -0.930146
v 0.076275 8.104305 -0.932066
v 0.085001 8.096584 -0.934570
v 0.091962 8.087386 -0.937552
v 0.095308 8.080959 -0.939635
v 0.098806 8.070122 -0.943148
v 0.054933 8.087655 -0.864224
v 0.066124 8.083970 -0.865994
v 0.076275 8.078355 -0.868692
v 0.085001 8.071038 -0.872210
v 0.091962 8.062323 -0.876400
v 0.095308 8.056233 -0.879328
v 0.098806 8.045964 -0.884265
v 0.054933 8.049012 -0.792022
v 0.066124 8.045478 -0.794079
v 0.076275 8.040095 -0.797211
v 0.085001 8.033079 -0.801292
v 0.091962 8.024723 -0.806153
v 0.095308 8.018884 -0.809549
v 0.098806 8.009038 -0.815277
v 0.054933 7.931456 -0.613819
v 0.066124 7.928146 -0.616217
v 0.076275 7.923101 -0.619871
v 0.085001 7.916526 -0.624631
v 0.091962 7.908694 -0.630300
v 0.095308 7.903222 -0.634261
v 0.098806 7.893995 -0.640941
v 0.098806 7.934120 -0.697749
v 0.095308 7.943507 -0.691294
v 0.091962 7.949074 -0.687465
v 0.085001 7.957040 -0.681984
v 0.076275 7.963729 -0.677384
v 0.066124 7.968864 -0.673858
v 0.054933 7.972237 -0.671548
v 0.098806 7.760163 -0.467395
v 0.095308 7.768991 -0.460197
v 0.091962 7.774227 -0.455928
v 0.085001 7.781720 -0.449820
v 0.076275 7.788010 -0.444691
v 0.066124 7.792836 -0.440755
v 0.054933 7.796004 -0.438170
v 0.098806 7.810338 -0.530129
v 0.095308 7.819301 -0.523100
v 0.091962 7.824616 -0.518931
v 0.085001 7.832223 -0.512965
v 0.076275 7.838609 -0.507956
v 0.066124 7.843512 -0.504115
v 0.054933 7.889575 -0.557270
v 0.095308 7.861760 -0.578274
v 0.091962 7.867150 -0.574203
v 0.085001 7.874864 -0.568376
v 0.076275 7.881341 -0.563485
v 0.066124 7.886312 -0.559732
v 0.095308 7.982206 -0.749633
v 0.091962 7.987891 -0.745984
v 0.085001 7.996027 -0.740760
v 0.076275 8.002857 -0.736376
v 0.066124 8.008103 -0.733018
v 0.040000 8.115248 -1.045377
v 0.098806 8.070552 -1.027171
v 0.054933 8.109783 -1.055401
v 0.098806 8.076459 -1.007140
v 0.054933 8.116676 -1.034665
v 0.054933 8.121123 -1.019129
v 0.054933 8.110766 -1.052621
v 0.066124 8.106908 -1.051269
v 0.076275 8.101030 -1.049209
v 0.085001 8.093370 -1.046527
v 0.091962 8.084247 -1.043331
v 0.095308 8.077871 -1.041098
v 0.098806 8.067121 -1.037333
v 0.098806 8.066228 -1.039861
v 0.095308 8.076956 -1.043689
v 0.091962 8.083318 -1.045959
v 0.085001 8.092423 -1.049207
v 0.076275 8.100067 -1.051934
v 0.066124 8.105933 -1.054027
v 0.054933 8.114543 -1.041432
v 0.066124 8.110654 -1.040172
v 0.076275 8.104729 -1.038252
v 0.085001 8.097008 -1.035749
v 0.091962 8.087812 -1.032767
v 0.095308 8.081387 -1.030684
v 0.095308 8.087460 -1.010093
v 0.091962 8.093984 -1.011844
v 0.085001 8.103321 -1.014351
v 0.076275 8.111159 -1.016455
v 0.066124 8.117174 -1.018069
v 0.091962 8.094942 -1.008228
v 0.095308 8.088406 -1.006522
v 0.098806 8.077385 -1.003645
v 0.085001 8.104296 -1.010669
v 0.076275 8.112150 -1.012717
v 0.066124 8.118177 -1.014287
v 0.098806 8.072458 -1.021125
v 0.095308 8.083349 -1.024460
v 0.091962 8.089808 -1.026437
v 0.085001 8.099052 -1.029267
v 0.076275 8.106812 -1.031643
v 0.066124 8.112767 -1.033467
v -0.040000 -1.740000 -1.222817
v -0.047170 -1.740407 -1.222387
v -0.054149 -1.741605 -1.221125
v -0.060769 -1.743529 -1.219108
v -0.066965 -1.746113 -1.216416
v -0.077712 -1.752860 -1.209485
v -0.086193 -1.761199 -1.201110
v -0.092489 -1.770637 -1.191885
v -0.096764 -1.780798 -1.182256
v -0.100000 -1.802393 -1.162817
v -0.100000 6.760934 -1.162817
v -0.097956 6.760934 -1.178346
v -0.091962 6.760934 -1.192817
v -0.082426 6.760934 -1.205243
v -0.070000 6.760934 -1.214778
v -0.055529 6.760934 -1.220772
v -0.040000 6.760934 -1.222817
v -0.055529 -1.473034 -1.220772
v -0.055529 -1.143676 -1.220772
v -0.055529 -0.814317 -1.220772
v -0.055529 -0.484958 -1.220772
v -0.055529 -0.155599 -1.220772
v -0.055529 0.173759 -1.220772
v -0.055529 0.503118 -1.220772
v -0.055529 0.832477 -1.220772
v -0.055529 1.161836 -1.220772
v -0.055529 1.491194 -1.220772
v -0.055529 1.820553 -1.220772
v -0.055529 2.149912 -1.220772
v -0.055529 2.479270 -1.220772
v -0.055529 2.808629 -1.220772
v -0.055529 3.137988 -1.220772
v -0.055529 3.467347 -1.220772
v -0.055529 3.796705 -1.220772
v -0.055529 4.126064 -1.220772
v -0.055529 4.455423 -1.220772
v -0.055529 4.784782 -1.220772
v -0.055529 5.114140 -1.220772
v -0.055529 5.443499 -1.220772
v -0.055529 5.772858 -1.220772
v -0.055529 6.102216 -1.220772
v -0.055529 6.431575 -1.220772
v -0.070000 -1.473034 -1.214778
v -0.070000 -1.143676 -1.214778
v -0.070000 -0.814317 -1.214778
v -0.070000 -0.484958 -1.214778
v -0.070000 -0.155599 -1.214778
v -0.070000 0.173759 -1.214778
v -0.070000 0.503118 -1.214778
v -0.070000 0.832477 -1.214778
v -0.070000 1.161836 -1.214778
v -0.070000 1.491194 -1.214778
v -0.070000 1.820553 -1.214778
v -0.070000 2.149912 -1.214778
v -0.070000 2.479270 -1.214778
v -0.070000 2.808629 -1.214778
v -0.070000 3.137988 -1.214778
v -0.070000 3.467347 -1.214778
v -0.070000 3.796705 -1.214778
v -0.070000 4.126064 -1.214778
v -0.070000 4.455423 -1.214778
v -0.070000 4.784782 -1.214778
v -0.070000 5.114140 -1.214778
v -0.070000 5.443499 -1.214778
v -0.070000 5.772858 -1.214778
v -0.070000 6.102216 -1.214778
v -0.070000 6.431575 -1.214778
v -0.082426 -1.473034 -1.205243
v -0.082426 -1.143676 -1.205243
v -0.082426 -0.814317 -1.205243
v -0.082426 -0.484958 -1.205243
v -0.082426 -0.155599 -1.205243
v -0.082426 0.173759 -1.205243
v -0.082426 0.503118 -1.205243
v -0.082426 0.832477 -1.205243
v -0.082426 1.161836 -1.205243
v -0.082426 1.491194 -1.205243
v -0.082426 1.820553 -1.205243
v -0.082426 2.149912 -1.205243
v -0.082426 2.479270 -1.205243
v -0.082426 2.808629 -1.205243
v -0.082426 3.137988 -1.205243
v -0.082426 3.467347 -1.205243
v -0.082426 3.796705 -1.205243
v -0.082426 4.126064 -1.205243
v -0.082426 4.455423 -1.205243
v -0.082426 4.784782 -1.205243
v -0.082426 5.114140 -1.205243
v -0.082426 5.443499 -1.205243
v -0.082426 5.772858 -1.205243
v -0.082426 6.102216 -1.205243
v -0.082426 6.431575 -1.205243
v -0.091962 -1.473034 -1.192817
v -0.091962 -1.143676 -1.192817
v -0.091962 -0.814317 -1.192817
v -0.091962 -0.484958 -1.192817
v -0.091962 -0.155599 -1.192817
v -0.091962 0.173759 -1.192817
v -0.091962 0.503118 -1.192817
v -0.091962 0.832477 -1.192817
v -0.091962 1.161836 -1.192817
v -0.091962 1.491194 -1.192817
v -0.091962 1.820553 -1.192817
v -0.091962 2.149912 -1.192817
v -0.091962 2.479270 -1.192817
v -0.091962 2.808629 -1.192817
v -0.091962 3.137988 -1.192817
v -0.091962 3.467347 -1.192817
v -0.091962 3.796705 -1.192817
v -0.091962 4.126064 -1.192817
v -0.091962 4.455423 -1.192817
v -0.091962 4.784782 -1.192817
v -0.091962 5.114140 -1.192817
v -0.091962 5.443499 -1.192817
v -0.091962 5.772858 -1.192817
v -0.091962 6.102216 -1.192817
v -0.091962 6.431575 -1.192817
v -0.097956 -1.473034 -1.178346
v -0.097956 -1.143676 -1.178346
v -0.097956 -0.814317 -1.178346
v -0.097956 -0.484958 -1.178346
v -0.097956 -0.155599 -1.178346
v -0.097956 0.173759 -1.178346
v -0.097956 0.503118 -1.178346
v -0.097956 0.832477 -1.178346
v -0.097956 1.161836 -1.178346
v -0.097956 1.491194 -1.178346
v -0.097956 1.820553 -1.178346
v -0.097956 2.149912 -1.178346
v -0.097956 2.479270 -1.178346
v -0.097956 2.808629 -1.178346
v -0.097956 3.137988 -1.178346
v -0.097956 3.467347 -1.178346
v -0.097956 3.796705 -1.178346
v -0.097956 4.126064 -1.178346
v -0.097956 4.455423 -1.178346
v -0.097956 4.784782 -1.178346
v -0.097956 5.114140 -1.178346
v -0.097956 5.443499 -1.178346
v -0.097956 5.772858 -1.178346
v -0.097956 6.102216 -1.178346
v -0.097956 6.431575 -1.178346
v -0.040000 8.091279 -1.082677
v -0.040000 8.083870 -1.088392
v -0.040000 8.070947 -1.096807
v -0.040000 8.047555 -1.109107
v -0.040000 8.003641 -1.126802
v -0.040000 7.918727 -1.150865
v -0.040000 7.751321 -1.180563
v -0.040000 7.419323 -1.208902
v -0.100000 7.415341 -1.149029
v -0.100000 7.742302 -1.121210
v -0.100000 7.903692 -1.092752
v -0.100000 7.982538 -1.070585
v -0.100000 8.020619 -1.055459
v -0.100000 8.038874 -1.046060
v -0.098806 8.054452 -1.050226
v -0.098806 7.976550 -1.085085
v -0.098806 7.838364 -1.118161
v -0.054933 7.846547 -1.163676
v -0.098806 7.633061 -1.145626
v -0.054933 7.505676 -1.202009
v -0.098806 7.307852 -1.165795
v -0.098806 7.111759 -1.171451
v -0.054933 7.112698 -1.217686
v -0.054933 6.907543 -1.220421
v -0.054933 8.088944 -1.082135
v -0.066124 8.086368 -1.078960
v -0.076275 8.082444 -1.074124
v -0.085001 8.077330 -1.067821
v -0.091962 8.071240 -1.060314
v -0.095308 8.066984 -1.055069
v -0.098806 8.059807 -1.046224
v -0.054933 8.080844 -1.088200
v -0.066124 8.078511 -1.084843
v -0.076275 8.074957 -1.079729
v -0.085001 8.070325 -1.073064
v -0.091962 8.064807 -1.065126
v -0.095308 8.060952 -1.059579
v -0.054933 8.066533 -1.097175
v -0.066124 8.064507 -1.093625
v -0.076275 8.061420 -1.088215
v -0.085001 8.057397 -1.081166
v -0.091962 8.052606 -1.072770
v -0.095308 8.049258 -1.066903
v -0.098806 8.043613 -1.057010
v -0.054933 8.040393 -1.110286
v -0.066124 8.038728 -1.106552
v -0.076275 8.036193 -1.100863
v -0.085001 8.032889 -1.093450
v -0.091962 8.028954 -1.084620
v -0.095308 8.026204 -1.078450
v -0.098806 8.021568 -1.068046
v -0.054933 7.990815 -1.129089
v -0.066124 7.989553 -1.125200
v -0.076275 7.987631 -1.119275
v -0.085001 7.985128 -1.111551
v -0.091962 7.982147 -1.102352
v -0.095308 7.980063 -1.095923
v -0.066124 7.845823 -1.159652
v -0.076275 7.844721 -1.153523
v -0.085001 7.843285 -1.145534
v -0.091962 7.841575 -1.136020
v -0.095308 7.840380 -1.129371
v -0.098806 7.907800 -1.103969
v -0.095308 7.910386 -1.115063
v -0.091962 7.911920 -1.121643
v -0.085001 7.914112 -1.131060
v -0.076275 7.915955 -1.138966
v -0.066124 7.917374 -1.145030
v -0.054933 7.918309 -1.149010
v -0.054933 7.703437 -1.184701
v -0.066124 7.702960 -1.180640
v -0.076275 7.702249 -1.174449
v -0.085001 7.701340 -1.166378
v -0.091962 7.700261 -1.156764
v -0.095308 7.699506 -1.150047
v -0.098806 7.698228 -1.138721
v -0.098806 7.768444 -1.129513
v -0.095308 7.770040 -1.140794
v -0.091962 7.770985 -1.147485
v -0.085001 7.772335 -1.157060
v -0.076275 7.773471 -1.165099
v -0.066124 7.774355 -1.171266
v -0.054933 7.774944 -1.175312
v -0.054933 7.374828 -1.209215
v -0.066124 7.374635 -1.205132
v -0.076275 7.374343 -1.198910
v -0.085001 7.373964 -1.190803
v -0.091962 7.373515 -1.181146
v -0.095308 7.373200 -1.174399
v -0.098806 7.372669 -1.163021
v -0.098806 7.437565 -1.159706
v -0.095308 7.438200 -1.171078
v -0.091962 7.438576 -1.177823
v -0.085001 7.439116 -1.187475
v -0.076275 7.439568 -1.195579
v -0.066124 7.439915 -1.201798
v -0.054933 7.440141 -1.205880
v -0.098806 6.834017 -1.174554
v -0.095308 6.834055 -1.185944
v -0.091962 6.834077 -1.192699
v -0.085001 6.834110 -1.202366
v -0.076275 6.834137 -1.210482
v -0.066124 6.834157 -1.216710
v -0.054933 6.834170 -1.220798
v -0.054933 7.637356 -1.191706
v -0.066124 7.636964 -1.187635
v -0.076275 7.636378 -1.181431
v -0.085001 7.635628 -1.173342
v -0.091962 7.634738 -1.163708
v -0.095308 7.634115 -1.156976
v -0.098806 7.567833 -1.151247
v -0.054933 7.571425 -1.197380
v -0.066124 7.571102 -1.193303
v -0.076275 7.570614 -1.187091
v -0.085001 7.569986 -1.178994
v -0.091962 7.569239 -1.169349
v -0.095308 7.568716 -1.162610
v -0.066124 7.505407 -1.197929
v -0.076275 7.504998 -1.191713
v -0.085001 7.504464 -1.183612
v -0.091962 7.503829 -1.173963
v -0.095308 7.503385 -1.167220
v -0.098806 7.502637 -1.155851
v -0.054933 7.309643 -1.212005
v -0.066124 7.309482 -1.207920
v -0.076275 7.309239 -1.201697
v -0.085001 7.308926 -1.193587
v -0.091962 7.308553 -1.183926
v -0.095308 7.308293 -1.177176
v -0.098806 7.177190 -1.169960
v -0.054933 7.244004 -1.214317
v -0.066124 7.243873 -1.210231
v -0.076275 7.243675 -1.204006
v -0.085001 7.243418 -1.195894
v -0.091962 7.243112 -1.186231
v -0.095308 7.242898 -1.179480
v -0.098806 7.242537 -1.168095
v -0.054933 7.178375 -1.216190
v -0.066124 7.178271 -1.212103
v -0.076275 7.178111 -1.205877
v -0.085001 7.177903 -1.197763
v -0.091962 7.177655 -1.188099
v -0.095308 7.177482 -1.181347
v -0.098806 6.980409 -1.173507
v -0.066124 7.112616 -1.213599
v -0.076275 7.112490 -1.207372
v -0.085001 7.112325 -1.199258
v -0.091962 7.112128 -1.189592
v -0.095308 7.111991 -1.182839
v -0.054933 7.046898 -1.218864
v -0.066124 7.046833 -1.214776
v -0.076275 7.046736 -1.208548
v -0.085001 7.046609 -1.200433
v -0.091962 7.046459 -1.190767
v -0.095308 7.046354 -1.184013
v -0.098806 7.046177 -1.172624
v -0.054933 6.980933 -1.219749
v -0.066124 6.980885 -1.215661
v -0.076275 6.980814 -1.209433
v -0.085001 6.980723 -1.201318
v -0.091962 6.980614 -1.191651
v -0.095308 6.980538 -1.184897
v -0.066124 6.907514 -1.216333
v -0.076275 6.907470 -1.210105
v -0.085001 6.907412 -1.201989
v -0.091962 6.907344 -1.192322
v -0.095308 6.907297 -1.185567
v -0.098806 6.907216 -1.174177
v -0.100000 -2.230000 -0.970000
v -0.100000 -1.910794 -1.084558
v -0.100000 -2.017906 -1.032131
vt -0.000000 0.100000 0.000000
vt -0.075345 0.100000 0.000000
vt -0.000000 -0.100000 0.000000
vt -0.075345 -0.100000 0.000000
vt -0.114331 -0.096463 0.000000
vt -0.118753 0.095578 0.000000
vt -0.138422 0.090157 0.000000
vt -0.155614 0.082864 0.000000
vt -0.189619 0.040000 0.000000
vt -0.189619 -0.040000 0.000000
vt -0.149681 -0.085719 0.000000
vt -0.164093 -0.077960 0.000000
vt -0.176625 -0.067934 0.000000
vt -0.181814 -0.061917 0.000000
vt -0.185950 -0.055172 0.000000
vt -0.188667 -0.047776 0.000000
vt -0.169780 0.073946 0.000000
vt -0.188983 0.046361 0.000000
vt -0.187141 0.052503 0.000000
vt -0.184268 0.058250 0.000000
vt -0.180417 0.063720 0.000000
vt -0.000000 0.100000 0.000000
vt -2.050000 0.100000 0.000000
vt -0.000000 -0.100000 0.000000
vt -2.050000 -0.100000 0.000000
vt -0.254951 0.100000 0.000000
vt -0.254951 -0.100000 0.000000
vt -0.159596 0.100000 0.000000
vt -0.159596 -0.100000 0.000000
vt -0.128793 0.096761 0.000000
vt -0.124889 -0.095855 0.000000
vt -0.064652 -0.040000 0.000000
vt -0.109008 -0.090787 0.000000
vt -0.094923 -0.083944 0.000000
vt -0.083104 -0.075560 0.000000
vt -0.073647 -0.065507 0.000000
vt -0.069919 -0.059720 0.000000
vt -0.067069 -0.053462 0.000000
vt -0.065268 -0.046831 0.000000
vt -0.064652 0.040000 0.000000
vt -0.113876 0.092597 0.000000
vt -0.099629 0.086533 0.000000
vt -0.065401 0.047529 0.000000
vt -0.067576 0.054786 0.000000
vt -0.071002 0.061588 0.000000
vt -0.075440 0.067794 0.000000
vt -0.086564 0.078358 0.000000
vt -2.247884 0.286508 0.000000
vt -2.319931 0.264462 0.000000
vt -2.146566 0.259944 0.000000
vt -5.179931 0.124638 0.000000
vt -5.179931 -0.275538 0.000000
vt -4.369931 0.264462 0.000000
vt -4.455954 0.305603 0.000000
vt -4.967837 -0.337669 0.000000
vt 5.097964 -0.222989 0.000000
vt 5.060855 -0.147869 0.000000
vt 4.971653 -0.005987 0.000000
vt 4.767725 0.259944 0.000000
vt 3.811003 -0.468355 0.000000
vt -4.860725 -0.390096 0.000000
vt -4.752324 -0.468355 0.000000
vt 4.465520 -0.454581 0.000000
vt 4.792424 -0.426606 0.000000
vt 4.953916 -0.398254 0.000000
vt 5.032769 -0.376067 0.000000
vt 5.070849 -0.360923 0.000000
vt 5.089099 -0.351507 0.000000
vt 5.105605 -0.339717 0.000000
vt 5.111411 -0.322470 0.000000
vt 5.116310 -0.304942 0.000000
vt 5.116690 -0.303709 0.000000
vt 5.117474 -0.298549 0.000000
vt 5.117519 -0.293306 0.000000
vt 5.116504 -0.282894 0.000000
vt 5.111975 -0.262464 0.000000
vt -0.074461 2.365400 0.000000
vt -0.082313 2.378959 0.000000
vt -0.094248 2.341483 0.000000
vt -0.082313 2.599636 0.000000
vt -0.082313 2.819910 0.000000
vt -0.070378 2.599636 0.000000
vt -0.070378 2.819910 0.000000
vt -0.062832 2.599636 0.000000
vt -0.062832 2.819910 0.000000
vt -0.050897 2.599636 0.000000
vt -0.050897 2.819910 0.000000
vt -0.038962 2.599636 0.000000
vt -0.038962 2.819910 0.000000
vt -0.027028 2.599636 0.000000
vt -0.027028 2.819910 0.000000
vt -0.015093 2.599636 0.000000
vt -0.015093 2.819910 0.000000
vt -0.000000 2.744420 0.000000
vt -0.000000 3.073728 0.000000
vt -0.064141 2.376972 0.000000
vt -0.070378 2.378556 0.000000
vt -0.053265 2.388017 0.000000
vt -0.041625 2.398142 0.000000
vt -0.028903 2.406758 0.000000
vt -0.022084 2.410194 0.000000
vt -0.014941 2.412846 0.000000
vt -0.007550 2.414530 0.000000
vt -0.000000 2.415111 0.000000
vt -0.015093 3.040567 0.000000
vt -0.011944 3.074032 0.000000
vt -0.023865 3.074929 0.000000
vt -0.035733 3.076375 0.000000
vt -0.027028 3.074875 0.000000
vt -0.027028 3.040567 0.000000
vt -0.047544 3.078308 0.000000
vt -0.038962 3.074671 0.000000
vt -0.038962 3.040567 0.000000
vt -0.059275 3.080641 0.000000
vt -0.050897 3.074468 0.000000
vt -0.050897 3.040567 0.000000
vt -0.070966 3.083286 0.000000
vt -0.062832 3.074264 0.000000
vt -0.062832 3.040567 0.000000
vt -0.082619 3.086143 0.000000
vt -0.082313 3.073932 0.000000
vt -0.082313 3.040567 0.000000
vt -0.070378 3.040567 0.000000
vt -0.094248 3.089105 0.000000
vt -0.070378 3.074135 0.000000
vt -0.000000 0.000000 0.000000
vt -0.006373 0.000537 0.000000
vt -0.011794 -0.000154 0.000000
vt -0.012594 0.002093 0.000000
vt -0.018541 0.004521 0.000000
vt -0.023541 -0.000609 0.000000
vt -0.024383 0.007777 0.000000
vt -0.027028 -0.000239 0.000000
vt -0.036083 0.016782 0.000000
vt -0.035298 -0.001346 0.000000
vt -0.038962 -0.000197 0.000000
vt -0.047015 -0.002335 0.000000
vt -0.047743 0.028797 0.000000
vt -0.050897 -0.000154 0.000000
vt -0.059386 0.043420 0.000000
vt -0.058731 -0.003540 0.000000
vt -0.062832 -0.000112 0.000000
vt -0.070434 -0.004912 0.000000
vt -0.070378 -0.000085 0.000000
vt -0.082129 -0.006401 0.000000
vt -0.082313 -0.000042 0.000000
vt -0.093810 -0.007949 0.000000
vt -0.094233 0.097434 0.000000
vt -0.094248 -0.008008 0.000000
vt -0.071062 0.060201 0.000000
vt -0.658299 0.040000 0.000000
vt -0.658299 -0.040000 0.000000
vt -0.306415 0.040000 0.000000
vt -0.306415 -0.040000 0.000000
vt 0.000000 -0.040000 0.000000
vt -0.000000 0.040000 0.000000
vt -0.000000 0.329309 0.000000
vt -0.000000 0.658619 0.000000
vt -0.015093 0.408155 0.000000
vt -0.006847 0.659096 0.000000
vt -0.013578 0.660490 0.000000
vt -0.020094 0.662697 0.000000
vt -0.027028 0.408155 0.000000
vt -0.015093 0.220658 0.000000
vt -0.027028 0.220658 0.000000
vt -0.015093 0.033161 0.000000
vt -0.027028 0.033161 0.000000
vt -0.023876 -0.001202 0.000000
vt -0.027028 -0.001148 0.000000
vt -0.035750 -0.002649 0.000000
vt -0.038962 0.033161 0.000000
vt -0.038962 0.220658 0.000000
vt -0.050897 0.220658 0.000000
vt -0.050897 0.408155 0.000000
vt -0.062832 0.408155 0.000000
vt -0.060568 0.692983 0.000000
vt -0.070378 0.695196 0.000000
vt -0.071834 0.705300 0.000000
vt -0.082313 0.694782 0.000000
vt -0.094248 0.732247 0.000000
vt -0.082313 0.408155 0.000000
vt -0.094248 -0.015377 0.000000
vt -0.082313 0.220658 0.000000
vt -0.082313 0.033161 0.000000
vt -0.070378 0.033161 0.000000
vt -0.070995 -0.009565 0.000000
vt -0.070378 -0.000408 0.000000
vt -0.062832 -0.000537 0.000000
vt -0.062832 0.033161 0.000000
vt -0.059302 -0.006919 0.000000
vt -0.050897 0.033161 0.000000
vt -0.050897 -0.000740 0.000000
vt -0.047564 -0.004584 0.000000
vt -0.026348 0.665583 0.000000
vt -0.038072 0.672907 0.000000
vt -0.038962 0.408155 0.000000
vt -0.049319 0.682064 0.000000
vt -0.082313 -0.000204 0.000000
vt -0.082631 -0.012418 0.000000
vt -0.038962 -0.000944 0.000000
vt -0.062832 0.220658 0.000000
vt -0.070378 0.408155 0.000000
vt -0.011950 -0.000304 0.000000
vt -0.000000 0.000000 0.000000
vt -0.070378 0.220658 0.000000
vt -0.003981 -0.052184 0.000000
vt -0.001304 -0.046198 0.000000
vt -0.007493 -0.046528 0.000000
vt -0.002209 -0.045664 0.000000
vt -0.008706 -0.039145 0.000000
vt -0.002209 -0.039145 0.000000
vt -0.008706 -0.032625 0.000000
vt -0.002209 -0.032625 0.000000
vt -0.008706 -0.026138 0.000000
vt -0.002209 -0.026125 0.000000
vt -0.008706 -0.019586 0.000000
vt -0.002209 -0.019586 0.000000
vt -0.008706 -0.013067 0.000000
vt -0.002209 -0.013067 0.000000
vt -0.008706 -0.006548 0.000000
vt -0.002209 -0.006548 0.000000
vt -0.008706 -0.000028 0.000000
vt -0.002209 -0.000028 0.000000
vt -0.010183 0.003612 0.000000
vt -0.002209 0.006491 0.000000
vt -0.006992 0.009665 0.000000
vt -0.002209 0.013011 0.000000
vt -0.003440 0.015268 0.000000
vt 0.004288 0.013011 0.000000
vt 0.000277 0.020650 0.000000
vt 0.004288 0.019530 0.000000
vt 0.003981 0.026050 0.000000
vt 0.006426 0.019865 0.000000
vt 0.008475 0.013384 0.000000
vt 0.004288 0.006491 0.000000
vt 0.009967 0.006574 0.000000
vt 0.004288 -0.000028 0.000000
vt 0.010764 -0.000500 0.000000
vt 0.004288 -0.006548 0.000000
vt 0.010785 -0.007680 0.000000
vt 0.004288 -0.013067 0.000000
vt 0.010026 -0.014764 0.000000
vt 0.004288 -0.019586 0.000000
vt 0.008568 -0.021590 0.000000
vt 0.004288 -0.026112 0.000000
vt 0.006544 -0.028089 0.000000
vt 0.004288 -0.032625 0.000000
vt 0.004116 -0.034287 0.000000
vt 0.001447 -0.040280 0.000000
vt -0.012780 -0.003073 0.000000
vt -0.014528 -0.010435 0.000000
vt -0.015203 -0.018274 0.000000
vt -0.014701 -0.026151 0.000000
vt -0.013099 -0.033603 0.000000
vt -0.010611 -0.040391 0.000000
vt -0.000578 2.304911 0.000000
vt -0.001132 2.304729 0.000000
vt -0.000000 2.304975 0.000000
vt -0.005596 2.205543 0.000000
vt -0.005596 2.106063 0.000000
vt -0.009106 2.106063 0.000000
vt -0.005596 2.006607 0.000000
vt -0.009106 2.006607 0.000000
vt -0.005596 1.907150 0.000000
vt -0.009106 1.907150 0.000000
vt -0.005596 1.807694 0.000000
vt -0.009106 1.807694 0.000000
vt -0.005596 1.708238 0.000000
vt -0.009106 1.708238 0.000000
vt -0.005596 1.608782 0.000000
vt -0.009106 1.608782 0.000000
vt -0.005596 1.509326 0.000000
vt -0.009106 1.509326 0.000000
vt -0.005596 1.402443 0.000000
vt -0.009106 1.402443 0.000000
vt -0.005596 1.295561 0.000000
vt -0.009106 1.295561 0.000000
vt -0.005596 1.188678 0.000000
vt -0.009106 1.188678 0.000000
vt -0.005596 1.081796 0.000000
vt -0.009106 1.081796 0.000000
vt -0.005596 0.974913 0.000000
vt -0.009106 0.974913 0.000000
vt -0.005596 0.868031 0.000000
vt -0.009106 0.868031 0.000000
vt -0.005596 0.782816 0.000000
vt -0.009106 0.782816 0.000000
vt -0.005596 0.697602 0.000000
vt -0.009106 0.697602 0.000000
vt -0.005596 0.612387 0.000000
vt -0.009106 0.612387 0.000000
vt -0.005596 0.527173 0.000000
vt -0.009106 0.527173 0.000000
vt -0.005596 0.441958 0.000000
vt -0.009106 0.441958 0.000000
vt -0.005596 0.356743 0.000000
vt -0.009106 0.356743 0.000000
vt -0.005596 0.270996 0.000000
vt -0.009106 0.270996 0.000000
vt -0.005596 0.185248 0.000000
vt -0.009106 0.185248 0.000000
vt -0.005596 0.099500 0.000000
vt -0.009106 0.099500 0.000000
vt -0.000000 0.013759 0.000000
vt -0.006543 0.013753 0.000000
vt -0.012616 0.099500 0.000000
vt -0.016125 0.099500 0.000000
vt -0.016125 0.185248 0.000000
vt -0.019635 0.185248 0.000000
vt -0.019635 0.270996 0.000000
vt -0.025231 0.270996 0.000000
vt -0.025231 0.356743 0.000000
vt -0.028741 0.356743 0.000000
vt -0.028741 0.441958 0.000000
vt -0.032250 0.441958 0.000000
vt -0.032250 0.527173 0.000000
vt -0.035760 0.527173 0.000000
vt -0.035760 0.612387 0.000000
vt -0.039270 0.531074 0.000000
vt -0.035760 0.697602 0.000000
vt -0.039270 0.789732 0.000000
vt -0.035760 0.782816 0.000000
vt -0.035760 0.868031 0.000000
vt -0.032250 0.782816 0.000000
vt -0.032250 0.868031 0.000000
vt -0.028741 0.782816 0.000000
vt -0.028741 0.868031 0.000000
vt -0.025231 0.782816 0.000000
vt -0.025231 0.868031 0.000000
vt -0.019635 0.782816 0.000000
vt -0.019635 0.868031 0.000000
vt -0.016125 0.782816 0.000000
vt -0.016125 0.868031 0.000000
vt -0.012616 0.782816 0.000000
vt -0.012616 0.868031 0.000000
vt -0.001648 2.304452 0.000000
vt -0.002126 2.304106 0.000000
vt -0.002975 2.303275 0.000000
vt -0.003751 2.302274 0.000000
vt -0.006292 2.297410 0.000000
vt -0.009106 2.205559 0.000000
vt -0.010167 2.285456 0.000000
vt -0.012616 2.205574 0.000000
vt -0.015922 2.258535 0.000000
vt -0.016125 2.205589 0.000000
vt -0.019635 2.205605 0.000000
vt -0.019635 2.106063 0.000000
vt -0.024048 2.205624 0.000000
vt -0.025231 2.106063 0.000000
vt -0.028741 2.106063 0.000000
vt -0.025231 2.006607 0.000000
vt -0.028741 2.006607 0.000000
vt -0.025231 1.907150 0.000000
vt -0.028741 1.907150 0.000000
vt -0.025231 1.807694 0.000000
vt -0.028741 1.807694 0.000000
vt -0.025231 1.708238 0.000000
vt -0.028741 1.708238 0.000000
vt -0.025231 1.608782 0.000000
vt -0.028741 1.608782 0.000000
vt -0.025231 1.509326 0.000000
vt -0.028741 1.509326 0.000000
vt -0.025231 1.402443 0.000000
vt -0.028741 1.402443 0.000000
vt -0.025231 1.295561 0.000000
vt -0.028741 1.295561 0.000000
vt -0.025231 1.188678 0.000000
vt -0.028741 1.188678 0.000000
vt -0.025231 1.081796 0.000000
vt -0.028741 1.081796 0.000000
vt -0.025231 0.974913 0.000000
vt -0.028741 0.974913 0.000000
vt -0.039203 2.083014 0.000000
vt -0.035760 2.106063 0.000000
vt -0.032250 2.106063 0.000000
vt -0.039270 1.565706 0.000000
vt -0.035760 1.807694 0.000000
vt -0.035760 1.907150 0.000000
vt -0.035760 2.006607 0.000000
vt -0.032250 1.907150 0.000000
vt -0.032250 2.006607 0.000000
vt -0.039270 1.048390 0.000000
vt -0.035760 1.295561 0.000000
vt -0.035760 1.402443 0.000000
vt -0.035760 1.509326 0.000000
vt -0.032250 1.402443 0.000000
vt -0.032250 1.509326 0.000000
vt -0.035760 0.974913 0.000000
vt -0.035760 1.081796 0.000000
vt -0.032250 0.974913 0.000000
vt -0.032250 1.081796 0.000000
vt -0.035760 0.441958 0.000000
vt -0.039270 0.272416 0.000000
vt -0.035760 0.356743 0.000000
vt -0.035760 0.270996 0.000000
vt -0.032250 0.270996 0.000000
vt -0.032250 0.185248 0.000000
vt -0.028741 0.185248 0.000000
vt -0.028741 0.099500 0.000000
vt -0.025231 0.099500 0.000000
vt -0.026191 0.013760 0.000000
vt -0.019635 0.013759 0.000000
vt -0.035760 0.185248 0.000000
vt -0.039270 0.013759 0.000000
vt -0.035760 0.099500 0.000000
vt -0.032728 0.013760 0.000000
vt -0.032250 0.099500 0.000000
vt -0.019635 0.099500 0.000000
vt -0.013080 0.013755 0.000000
vt -0.000000 0.300160 0.000000
vt -0.000000 0.586563 0.000000
vt -0.000000 0.872965 0.000000
vt -0.000000 1.159367 0.000000
vt -0.000000 1.732171 0.000000
vt -0.035760 1.188678 0.000000
vt -0.032250 1.188678 0.000000
vt -0.035760 1.708238 0.000000
vt -0.035760 1.608782 0.000000
vt -0.016125 2.106063 0.000000
vt -0.016125 2.006607 0.000000
vt -0.019635 2.006607 0.000000
vt -0.016125 1.907150 0.000000
vt -0.019635 1.907150 0.000000
vt -0.016125 1.807694 0.000000
vt -0.019635 1.807694 0.000000
vt -0.016125 1.708238 0.000000
vt -0.019635 1.708238 0.000000
vt -0.016125 1.608782 0.000000
vt -0.019635 1.608782 0.000000
vt -0.016125 1.509326 0.000000
vt -0.019635 1.509326 0.000000
vt -0.016125 1.402443 0.000000
vt -0.019635 1.402443 0.000000
vt -0.016125 1.295561 0.000000
vt -0.019635 1.295561 0.000000
vt -0.016125 1.188678 0.000000
vt -0.019635 1.188678 0.000000
vt -0.016125 1.081796 0.000000
vt -0.019635 1.081796 0.000000
vt -0.016125 0.974913 0.000000
vt -0.019635 0.974913 0.000000
vt -0.012616 2.106063 0.000000
vt -0.012616 2.006607 0.000000
vt -0.012616 1.907150 0.000000
vt -0.012616 1.807694 0.000000
vt -0.012616 1.708238 0.000000
vt -0.012616 1.608782 0.000000
vt -0.012616 1.509326 0.000000
vt -0.012616 1.402443 0.000000
vt -0.012616 1.295561 0.000000
vt -0.012616 1.188678 0.000000
vt -0.012616 1.081796 0.000000
vt -0.012616 0.974913 0.000000
vt -0.032250 1.608782 0.000000
vt -0.032250 1.708238 0.000000
vt -0.032250 1.807694 0.000000
vt -0.032250 1.295561 0.000000
vt -0.032250 0.697602 0.000000
vt -0.032250 0.612387 0.000000
vt -0.028741 0.697602 0.000000
vt -0.028741 0.612387 0.000000
vt -0.028741 0.527173 0.000000
vt -0.025231 0.697602 0.000000
vt -0.025231 0.612387 0.000000
vt -0.025231 0.527173 0.000000
vt -0.025231 0.441958 0.000000
vt -0.019635 0.697602 0.000000
vt -0.019635 0.612387 0.000000
vt -0.019635 0.527173 0.000000
vt -0.019635 0.441958 0.000000
vt -0.019635 0.356743 0.000000
vt -0.016125 0.697602 0.000000
vt -0.016125 0.612387 0.000000
vt -0.016125 0.527173 0.000000
vt -0.016125 0.441958 0.000000
vt -0.016125 0.356743 0.000000
vt -0.016125 0.270996 0.000000
vt -0.012616 0.697602 0.000000
vt -0.012616 0.612387 0.000000
vt -0.012616 0.527173 0.000000
vt -0.012616 0.441958 0.000000
vt -0.012616 0.356743 0.000000
vt -0.012616 0.270996 0.000000
vt -0.012616 0.185248 0.000000
vt -0.028741 0.270996 0.000000
vt -0.032250 0.356743 0.000000
vt -0.025231 0.185248 0.000000
vt 0.638646 -0.013090 0.000000
vt 0.510318 -0.013090 0.000000
vt 0.639551 -0.019635 0.000000
vt 0.381085 -0.013090 0.000000
vt 0.122619 -0.019635 0.000000
vt 0.251852 -0.013090 0.000000
vt 0.122619 -0.013090 0.000000
vt 0.122619 -0.006545 0.000000
vt 0.251852 -0.006545 0.000000
vt 0.122619 -0.000000 0.000000
vt 0.251852 -0.000000 0.000000
vt 0.122619 0.006545 0.000000
vt 0.251852 0.006545 0.000000
vt 0.122619 0.013090 0.000000
vt 0.251852 0.013090 0.000000
vt 0.122619 0.019635 0.000000
vt 0.251852 0.019635 0.000000
vt 0.122619 0.026180 0.000000
vt 0.251852 0.026180 0.000000
vt 0.122619 0.032725 0.000000
vt 0.251852 0.032725 0.000000
vt 0.122619 0.039270 0.000000
vt 0.251852 0.039270 0.000000
vt 0.122619 0.045815 0.000000
vt 0.251852 0.045815 0.000000
vt 0.122619 0.052360 0.000000
vt 0.251852 0.052360 0.000000
vt 0.122619 0.058905 0.000000
vt 0.381085 0.052360 0.000000
vt 0.639551 0.058905 0.000000
vt 0.510318 0.052360 0.000000
vt 0.638646 0.052360 0.000000
vt 0.637801 0.045815 0.000000
vt 0.510318 0.045815 0.000000
vt 0.637077 0.039270 0.000000
vt 0.510318 0.039270 0.000000
vt 0.636520 0.032725 0.000000
vt 0.510318 0.032725 0.000000
vt 0.636171 0.026180 0.000000
vt 0.510318 0.026180 0.000000
vt 0.636051 0.019635 0.000000
vt 0.510318 0.019635 0.000000
vt 0.510318 0.013090 0.000000
vt 0.381085 0.019635 0.000000
vt 0.381085 0.013090 0.000000
vt 0.637801 -0.006545 0.000000
vt 0.510318 -0.006545 0.000000
vt 0.381085 -0.006545 0.000000
vt 0.381085 -0.000000 0.000000
vt 0.637077 0.000000 0.000000
vt 0.510318 -0.000000 0.000000
vt 0.381085 0.006545 0.000000
vt 0.636520 0.006545 0.000000
vt 0.510318 0.006545 0.000000
vt 0.636171 0.013090 0.000000
vt 0.381085 0.026180 0.000000
vt 0.381085 0.032725 0.000000
vt 0.381085 0.039270 0.000000
vt 0.381085 0.045815 0.000000
vt -0.022990 0.091680 0.000000
vt -0.035760 0.198912 0.000000
vt -0.039203 0.221961 0.000000
vt -0.035760 0.291937 0.000000
vt -0.035760 0.384962 0.000000
vt -0.032251 0.291937 0.000000
vt -0.032251 0.384962 0.000000
vt -0.028741 0.291937 0.000000
vt -0.028741 0.384962 0.000000
vt -0.025231 0.291937 0.000000
vt -0.025231 0.384962 0.000000
vt -0.019635 0.291937 0.000000
vt -0.019635 0.384962 0.000000
vt -0.016125 0.291937 0.000000
vt -0.016125 0.384962 0.000000
vt -0.012616 0.291937 0.000000
vt -0.012616 0.384962 0.000000
vt -0.009106 0.291937 0.000000
vt -0.009106 0.384962 0.000000
vt -0.005596 0.291937 0.000000
vt -0.005596 0.384962 0.000000
vt -0.000000 0.572804 0.000000
vt -0.005596 0.477986 0.000000
vt -0.005596 0.571011 0.000000
vt -0.009106 0.571011 0.000000
vt -0.009106 0.664036 0.000000
vt -0.012616 0.664036 0.000000
vt -0.012616 0.757060 0.000000
vt -0.016125 0.757060 0.000000
vt -0.016125 0.850085 0.000000
vt -0.019635 0.850085 0.000000
vt -0.019635 0.943109 0.000000
vt -0.025231 0.943109 0.000000
vt -0.025231 1.036134 0.000000
vt -0.028741 1.036134 0.000000
vt -0.028741 1.129159 0.000000
vt -0.032251 1.129159 0.000000
vt -0.032251 1.222183 0.000000
vt -0.035760 1.222183 0.000000
vt -0.035760 1.315208 0.000000
vt -0.039270 1.256584 0.000000
vt -0.035760 1.396543 0.000000
vt -0.039270 1.515242 0.000000
vt -0.035760 1.477877 0.000000
vt -0.035760 1.559211 0.000000
vt -0.032251 1.477877 0.000000
vt -0.032251 1.559211 0.000000
vt -0.028741 1.477877 0.000000
vt -0.028741 1.559211 0.000000
vt -0.025231 1.477877 0.000000
vt -0.025231 1.559211 0.000000
vt -0.019635 1.477877 0.000000
vt -0.019635 1.559211 0.000000
vt -0.016125 1.477877 0.000000
vt -0.016125 1.559211 0.000000
vt -0.012616 1.477877 0.000000
vt -0.012616 1.559211 0.000000
vt -0.009106 1.477877 0.000000
vt -0.009106 1.559211 0.000000
vt -0.005596 1.477877 0.000000
vt -0.005596 1.559211 0.000000
vt -0.000000 1.432009 0.000000
vt -0.000000 1.718411 0.000000
vt -0.014988 0.041397 0.000000
vt -0.019635 0.099456 0.000000
vt -0.019635 0.198912 0.000000
vt -0.025231 0.198912 0.000000
vt -0.009519 0.017150 0.000000
vt -0.012616 0.099456 0.000000
vt -0.016125 0.099456 0.000000
vt -0.009106 0.099456 0.000000
vt -0.005958 0.006787 0.000000
vt -0.003617 0.002512 0.000000
vt -0.005596 0.099456 0.000000
vt -0.002888 0.001603 0.000000
vt -0.002055 0.000813 0.000000
vt -0.001591 0.000487 0.000000
vt -0.000000 0.000000 0.000000
vt -0.005596 0.198912 0.000000
vt -0.001089 0.000228 0.000000
vt -0.000555 0.000059 0.000000
vt -0.000000 1.145607 0.000000
vt -0.005596 0.850085 0.000000
vt -0.005596 0.757060 0.000000
vt -0.005596 0.664036 0.000000
vt -0.009106 0.757060 0.000000
vt -0.005596 1.315208 0.000000
vt -0.005596 1.222183 0.000000
vt -0.005596 1.129159 0.000000
vt -0.009106 1.222183 0.000000
vt -0.009106 1.129159 0.000000
vt -0.012616 1.222183 0.000000
vt -0.012616 1.129159 0.000000
vt -0.016125 1.222183 0.000000
vt -0.016125 1.129159 0.000000
vt -0.019635 1.222183 0.000000
vt -0.019635 1.129159 0.000000
vt -0.025231 1.222183 0.000000
vt -0.025231 1.129159 0.000000
vt -0.028741 1.222183 0.000000
vt -0.000000 2.004813 0.000000
vt -0.005596 1.884549 0.000000
vt -0.005596 1.803214 0.000000
vt -0.005596 1.721880 0.000000
vt -0.009106 1.803214 0.000000
vt -0.009106 1.721880 0.000000
vt -0.012616 1.803214 0.000000
vt -0.012616 1.721880 0.000000
vt -0.016125 1.803214 0.000000
vt -0.016125 1.721880 0.000000
vt -0.019635 1.803214 0.000000
vt -0.019635 1.721880 0.000000
vt -0.025231 1.803214 0.000000
vt -0.025231 1.721880 0.000000
vt -0.028741 1.803214 0.000000
vt -0.028741 1.721880 0.000000
vt -0.032251 1.803214 0.000000
vt -0.032251 1.721880 0.000000
vt -0.035760 1.803214 0.000000
vt -0.035760 1.721880 0.000000
vt -0.039270 1.773899 0.000000
vt -0.035760 1.640546 0.000000
vt -0.000000 2.291214 0.000000
vt -0.005596 2.128552 0.000000
vt -0.005596 2.047218 0.000000
vt -0.005596 1.965883 0.000000
vt -0.009106 2.047218 0.000000
vt -0.009106 1.965883 0.000000
vt -0.012616 2.047218 0.000000
vt -0.012616 1.965883 0.000000
vt -0.016125 2.047218 0.000000
vt -0.016125 1.965883 0.000000
vt -0.019635 2.047218 0.000000
vt -0.019635 1.965883 0.000000
vt -0.025231 2.047218 0.000000
vt -0.025231 1.965883 0.000000
vt -0.028741 2.047218 0.000000
vt -0.028741 1.965883 0.000000
vt -0.032251 2.047218 0.000000
vt -0.032251 1.965883 0.000000
vt -0.035760 2.047218 0.000000
vt -0.035760 1.965883 0.000000
vt -0.039270 2.032557 0.000000
vt -0.035760 1.884549 0.000000
vt -0.005596 2.209886 0.000000
vt -0.006543 2.291221 0.000000
vt -0.009106 2.209886 0.000000
vt -0.013080 2.291219 0.000000
vt -0.012616 2.209886 0.000000
vt -0.019635 2.291214 0.000000
vt -0.016125 2.209886 0.000000
vt -0.019635 2.209886 0.000000
vt -0.016125 2.128552 0.000000
vt -0.019635 2.128552 0.000000
vt -0.026191 2.291213 0.000000
vt -0.025231 2.209886 0.000000
vt -0.025231 2.128552 0.000000
vt -0.028741 2.209886 0.000000
vt -0.032728 2.291214 0.000000
vt -0.032251 2.209886 0.000000
vt -0.035760 2.209886 0.000000
vt -0.032251 2.128552 0.000000
vt -0.035760 2.128552 0.000000
vt -0.039270 2.291214 0.000000
vt -0.039270 0.739268 0.000000
vt -0.035760 1.036134 0.000000
vt -0.035760 1.129159 0.000000
vt -0.035760 0.477986 0.000000
vt -0.035760 0.571011 0.000000
vt -0.035760 0.664036 0.000000
vt -0.032251 0.571011 0.000000
vt -0.032251 0.664036 0.000000
vt -0.028741 0.571011 0.000000
vt -0.028741 0.664036 0.000000
vt -0.025231 0.571011 0.000000
vt -0.025231 0.664036 0.000000
vt -0.019635 0.571011 0.000000
vt -0.019635 0.664036 0.000000
vt -0.016125 0.571011 0.000000
vt -0.016125 0.664036 0.000000
vt -0.012616 0.571011 0.000000
vt -0.035760 0.850085 0.000000
vt -0.035760 0.757060 0.000000
vt -0.005596 1.036134 0.000000
vt -0.009106 1.036134 0.000000
vt -0.012616 1.036134 0.000000
vt -0.016125 1.036134 0.000000
vt -0.019635 1.036134 0.000000
vt -0.005596 1.396543 0.000000
vt -0.005596 1.640546 0.000000
vt -0.009106 1.884549 0.000000
vt -0.012616 1.884549 0.000000
vt -0.016125 1.884549 0.000000
vt -0.019635 1.884549 0.000000
vt -0.025231 1.884549 0.000000
vt -0.028741 1.884549 0.000000
vt -0.032251 1.884549 0.000000
vt -0.009106 0.198912 0.000000
vt -0.012616 0.198912 0.000000
vt -0.016125 0.198912 0.000000
vt -0.028741 0.198912 0.000000
vt -0.032251 0.198912 0.000000
vt -0.019635 0.757060 0.000000
vt -0.025231 0.757060 0.000000
vt -0.028741 0.757060 0.000000
vt -0.032251 0.757060 0.000000
vt -0.032251 0.477986 0.000000
vt -0.028741 0.477986 0.000000
vt -0.025231 0.477986 0.000000
vt -0.019635 0.477986 0.000000
vt -0.016125 0.477986 0.000000
vt -0.012616 0.477986 0.000000
vt -0.009106 0.477986 0.000000
vt -0.009106 1.315208 0.000000
vt -0.009106 1.396543 0.000000
vt -0.012616 1.315208 0.000000
vt -0.012616 1.396543 0.000000
vt -0.016125 1.315208 0.000000
vt -0.016125 1.396543 0.000000
vt -0.019635 1.315208 0.000000
vt -0.019635 1.396543 0.000000
vt -0.025231 1.315208 0.000000
vt -0.025231 1.396543 0.000000
vt -0.028741 1.315208 0.000000
vt -0.028741 1.396543 0.000000
vt -0.032251 1.315208 0.000000
vt -0.032251 1.396543 0.000000
vt -0.032251 1.036134 0.000000
vt -0.032251 0.943109 0.000000
vt -0.035760 0.943109 0.000000
vt -0.032251 0.850085 0.000000
vt -0.005596 0.943109 0.000000
vt -0.009106 0.943109 0.000000
vt -0.012616 0.943109 0.000000
vt -0.016125 0.943109 0.000000
vt -0.009106 1.640546 0.000000
vt -0.012616 1.640546 0.000000
vt -0.016125 1.640546 0.000000
vt -0.019635 1.640546 0.000000
vt -0.025231 1.640546 0.000000
vt -0.028741 1.640546 0.000000
vt -0.032251 1.640546 0.000000
vt -0.009106 2.128552 0.000000
vt -0.012616 2.128552 0.000000
vt -0.028741 2.128552 0.000000
vt -0.009106 0.850085 0.000000
vt -0.012616 0.850085 0.000000
vt -0.025231 0.850085 0.000000
vt -0.028741 0.850085 0.000000
vt -0.028741 0.943109 0.000000
vt 1.100289 -0.357259 0.000000
vt 0.586470 -0.282832 0.000000
vt -1.324294 -0.357259 0.000000
vt 0.079299 -0.171666 0.000000
vt -0.167624 -0.091843 0.000000
vt -0.404883 0.013835 0.000000
vt -0.623578 0.152955 0.000000
vt -1.324294 0.258932 0.000000
vt -0.812354 0.330604 0.000000
vt 0.622725 -0.024148 0.000000
vt 0.628813 -0.021651 0.000000
vt 0.616191 -0.025000 0.000000
vt 0.000000 -0.025000 0.000000
vt 0.634041 -0.017678 0.000000
vt 0.638053 -0.012500 0.000000
vt 0.640575 -0.006470 0.000000
vt 0.641435 0.000000 0.000000
vt 0.000000 0.025000 0.000000
vt 0.640575 0.006470 0.000000
vt 0.638053 0.012500 0.000000
vt 0.634041 0.017678 0.000000
vt 0.628813 0.021651 0.000000
vt 0.616191 0.025000 0.000000
vt 0.622725 0.024148 0.000000
vt 2.385748 -0.027313 0.000000
vt 2.078000 -0.031416 0.000000
vt 2.407359 -0.047124 0.000000
vt 1.748641 -0.031416 0.000000
vt 1.419282 -0.031416 0.000000
vt 1.419282 -0.015708 0.000000
vt 1.089924 -0.015708 0.000000
vt 1.089924 -0.000000 0.000000
vt 0.760565 -0.000000 0.000000
vt 0.760565 0.015708 0.000000
vt 0.431206 0.015708 0.000000
vt 0.431206 0.031416 0.000000
vt 0.101848 0.031416 0.000000
vt 2.345369 0.039966 0.000000
vt -0.227511 0.031416 0.000000
vt -0.556870 0.031416 0.000000
vt -0.227511 0.015708 0.000000
vt -0.556870 0.015708 0.000000
vt -0.227511 -0.000000 0.000000
vt -0.556870 -0.000000 0.000000
vt -0.227511 -0.015708 0.000000
vt -0.556870 -0.015708 0.000000
vt -0.227511 -0.031416 0.000000
vt -0.556870 -0.031416 0.000000
vt -0.886229 -0.031416 0.000000
vt -1.215587 -0.031416 0.000000
vt -1.215587 -0.015708 0.000000
vt -1.544946 -0.015708 0.000000
vt -1.544946 -0.000000 0.000000
vt -1.874305 -0.000000 0.000000
vt -1.874305 0.015708 0.000000
vt -2.203664 0.015708 0.000000
vt -2.203664 0.031416 0.000000
vt -2.533022 0.031416 0.000000
vt -6.155968 0.047124 0.000000
vt -2.862381 0.031416 0.000000
vt -3.191740 0.031416 0.000000
vt -2.862381 0.015708 0.000000
vt -3.191740 0.015708 0.000000
vt -2.862381 -0.000000 0.000000
vt -3.191740 -0.000000 0.000000
vt -2.862381 -0.015708 0.000000
vt -3.191740 -0.015708 0.000000
vt -2.862381 -0.031416 0.000000
vt -3.191740 -0.031416 0.000000
vt -6.155968 -0.047124 0.000000
vt -3.521098 -0.031416 0.000000
vt -3.850457 -0.031416 0.000000
vt -3.850457 -0.015708 0.000000
vt -4.179816 -0.015708 0.000000
vt -4.179816 -0.000000 0.000000
vt -4.509175 -0.000000 0.000000
vt -4.509175 0.015708 0.000000
vt -4.838533 0.015708 0.000000
vt -4.838533 0.031416 0.000000
vt -5.167892 0.031416 0.000000
vt -5.497251 0.031416 0.000000
vt -5.826610 0.031416 0.000000
vt -5.497251 0.015708 0.000000
vt -5.826610 0.015708 0.000000
vt -5.497251 -0.000000 0.000000
vt -5.826610 -0.000000 0.000000
vt -5.497251 -0.015708 0.000000
vt -5.826610 -0.015708 0.000000
vt -5.497251 -0.031416 0.000000
vt -5.826610 -0.031416 0.000000
vt -6.155968 -0.031416 0.000000
vt -6.155968 -0.015708 0.000000
vt -6.155968 -0.000000 0.000000
vt -6.155968 0.015708 0.000000
vt -6.155968 0.031416 0.000000
vt 2.078000 -0.015708 0.000000
vt 2.375579 -0.016753 0.000000
vt 2.366151 -0.005577 0.000000
vt 2.078000 -0.000000 0.000000
vt 2.357811 0.006368 0.000000
vt 2.078000 0.015708 0.000000
vt 2.351063 0.019194 0.000000
vt 2.348491 0.025926 0.000000
vt 2.078000 0.031416 0.000000
vt 2.346562 0.032879 0.000000
vt 2.344966 0.047124 0.000000
vt -1.215587 0.031416 0.000000
vt -0.886229 0.031416 0.000000
vt -0.886229 0.015708 0.000000
vt -1.874305 -0.031416 0.000000
vt -2.203664 -0.031416 0.000000
vt -2.533022 -0.031416 0.000000
vt -2.533022 -0.015708 0.000000
vt 1.748641 -0.015708 0.000000
vt 1.748641 -0.000000 0.000000
vt 1.748641 0.015708 0.000000
vt 1.748641 0.031416 0.000000
vt 1.089924 -0.031416 0.000000
vt 0.760565 -0.031416 0.000000
vt 0.431206 -0.031416 0.000000
vt 0.431206 -0.015708 0.000000
vt 0.101848 -0.015708 0.000000
vt 0.101848 -0.000000 0.000000
vt 0.760565 -0.015708 0.000000
vt 0.101848 -0.031416 0.000000
vt -0.886229 -0.015708 0.000000
vt -0.886229 -0.000000 0.000000
vt -1.544946 -0.031416 0.000000
vt -1.874305 -0.015708 0.000000
vt -2.203664 -0.015708 0.000000
vt -2.203664 -0.000000 0.000000
vt -3.521098 -0.015708 0.000000
vt -3.521098 -0.000000 0.000000
vt -3.521098 0.015708 0.000000
vt -3.521098 0.031416 0.000000
vt -4.179816 -0.031416 0.000000
vt -4.509175 -0.031416 0.000000
vt -4.838533 -0.031416 0.000000
vt -4.838533 -0.015708 0.000000
vt -5.167892 -0.015708 0.000000
vt -5.167892 -0.000000 0.000000
vt -4.509175 -0.015708 0.000000
vt -5.167892 -0.031416 0.000000
vt 1.419282 -0.000000 0.000000
vt 1.089924 0.015708 0.000000
vt 0.760565 0.031416 0.000000
vt 0.431206 -0.000000 0.000000
vt -1.215587 -0.000000 0.000000
vt -1.544946 0.015708 0.000000
vt -1.874305 0.031416 0.000000
vt -2.533022 -0.000000 0.000000
vt -3.850457 -0.000000 0.000000
vt -4.179816 0.015708 0.000000
vt -4.509175 0.031416 0.000000
vt -4.838533 -0.000000 0.000000
vt 1.419282 0.015708 0.000000
vt 1.419282 0.031416 0.000000
vt 0.101848 0.015708 0.000000
vt -1.215587 0.015708 0.000000
vt -2.533022 0.015708 0.000000
vt -3.850457 0.015708 0.000000
vt -3.850457 0.031416 0.000000
vt -5.167892 0.015708 0.000000
vt 1.089924 0.031416 0.000000
vt -1.544946 0.031416 0.000000
vt -4.179816 0.031416 0.000000
vt -0.000000 1.316189 0.000000
vt -0.011781 1.316009 0.000000
vt -0.000000 1.311048 0.000000
vt -0.015093 1.310315 0.000000
vt -0.000000 1.305906 0.000000
vt -0.015093 1.304440 0.000000
vt -0.000000 1.295624 0.000000
vt -0.015093 1.292691 0.000000
vt -0.000000 1.275058 0.000000
vt -0.015093 1.269194 0.000000
vt -0.000000 1.233927 0.000000
vt -0.015093 1.222198 0.000000
vt -0.015093 1.171258 0.000000
vt -0.027028 1.222198 0.000000
vt -0.027028 1.171258 0.000000
vt -0.038962 1.222198 0.000000
vt -0.038962 1.171258 0.000000
vt -0.050897 1.222198 0.000000
vt -0.050897 1.171258 0.000000
vt -0.062832 1.222198 0.000000
vt -0.062832 1.171258 0.000000
vt -0.070378 1.222198 0.000000
vt -0.070378 1.171258 0.000000
vt -0.082313 1.222198 0.000000
vt -0.082313 1.171258 0.000000
vt -0.094248 1.232552 0.000000
vt -0.094248 1.150382 0.000000
vt -0.023565 1.315838 0.000000
vt -0.027028 1.310315 0.000000
vt -0.027028 1.304440 0.000000
vt -0.027028 1.292691 0.000000
vt -0.027028 1.269194 0.000000
vt -0.035348 1.315625 0.000000
vt -0.038962 1.310315 0.000000
vt -0.038962 1.304440 0.000000
vt -0.038962 1.292691 0.000000
vt -0.038962 1.269194 0.000000
vt -0.047124 1.315417 0.000000
vt -0.050897 1.310315 0.000000
vt -0.050897 1.304440 0.000000
vt -0.050897 1.292691 0.000000
vt -0.050897 1.269194 0.000000
vt -0.058903 1.315224 0.000000
vt -0.062832 1.310315 0.000000
vt -0.062832 1.304440 0.000000
vt -0.062832 1.292691 0.000000
vt -0.062832 1.269194 0.000000
vt -0.070689 1.315031 0.000000
vt -0.070378 1.310315 0.000000
vt -0.070378 1.304440 0.000000
vt -0.070378 1.292691 0.000000
vt -0.070378 1.269194 0.000000
vt -0.082468 1.314838 0.000000
vt -0.082313 1.310315 0.000000
vt -0.094248 1.314645 0.000000
vt -0.082313 1.304440 0.000000
vt -0.094248 1.294180 0.000000
vt -0.082313 1.292691 0.000000
vt -0.094248 1.273637 0.000000
vt -0.082313 1.269194 0.000000
vt -0.094248 0.986042 0.000000
vt -0.082313 1.050368 0.000000
vt -0.082313 1.120317 0.000000
vt -0.070378 1.120317 0.000000
vt -0.062832 1.120317 0.000000
vt -0.050897 1.120317 0.000000
vt -0.038962 1.120317 0.000000
vt -0.027028 1.120317 0.000000
vt -0.015093 1.120317 0.000000
vt -0.000000 1.151665 0.000000
vt -0.094248 0.657361 0.000000
vt -0.082313 0.840518 0.000000
vt -0.082313 0.910468 0.000000
vt -0.082313 0.980418 0.000000
vt -0.070378 0.910468 0.000000
vt -0.070378 0.980418 0.000000
vt -0.062832 0.910468 0.000000
vt -0.062832 0.980418 0.000000
vt -0.050897 0.910468 0.000000
vt -0.050897 0.980418 0.000000
vt -0.038962 0.910468 0.000000
vt -0.038962 0.980418 0.000000
vt -0.027028 0.910468 0.000000
vt -0.027028 0.980418 0.000000
vt -0.015093 0.910468 0.000000
vt -0.015093 0.980418 0.000000
vt -0.000000 0.987142 0.000000
vt -0.015093 1.050368 0.000000
vt -0.094248 0.000000 0.000000
vt -0.082313 0.373253 0.000000
vt -0.082313 0.437607 0.000000
vt -0.082313 0.501961 0.000000
vt -0.070378 0.437607 0.000000
vt -0.070378 0.501961 0.000000
vt -0.062832 0.437607 0.000000
vt -0.062832 0.501961 0.000000
vt -0.050897 0.437607 0.000000
vt -0.050897 0.501961 0.000000
vt -0.038962 0.437607 0.000000
vt -0.038962 0.501961 0.000000
vt -0.027028 0.437607 0.000000
vt -0.027028 0.501961 0.000000
vt -0.015093 0.437607 0.000000
vt -0.015093 0.501961 0.000000
vt -0.000000 0.658094 0.000000
vt -0.015093 0.566315 0.000000
vt -0.015093 0.630669 0.000000
vt -0.027028 0.630669 0.000000
vt -0.027028 0.700619 0.000000
vt -0.038962 0.700619 0.000000
vt -0.038962 0.770568 0.000000
vt -0.050897 0.770568 0.000000
vt -0.050897 0.840518 0.000000
vt -0.062832 0.840518 0.000000
vt -0.078542 0.000000 0.000000
vt -0.082313 0.060064 0.000000
vt -0.082313 0.120128 0.000000
vt -0.082313 0.180191 0.000000
vt -0.070378 0.120128 0.000000
vt -0.070378 0.180191 0.000000
vt -0.062832 0.120128 0.000000
vt -0.062832 0.180191 0.000000
vt -0.050897 0.120128 0.000000
vt -0.050897 0.180191 0.000000
vt -0.038962 0.120128 0.000000
vt -0.038962 0.180191 0.000000
vt -0.027028 0.120128 0.000000
vt -0.027028 0.180191 0.000000
vt -0.015093 0.120128 0.000000
vt -0.015093 0.180191 0.000000
vt -0.000000 0.000000 0.000000
vt -0.015093 0.244545 0.000000
vt -0.015093 0.308899 0.000000
vt -0.027028 0.308899 0.000000
vt -0.027028 0.373253 0.000000
vt -0.038962 0.373253 0.000000
vt -0.070378 0.060064 0.000000
vt -0.062832 0.000000 0.000000
vt -0.062832 0.060064 0.000000
vt -0.050897 0.060064 0.000000
vt -0.047124 0.000000 0.000000
vt -0.038962 0.060064 0.000000
vt -0.031416 0.000000 0.000000
vt -0.027028 0.060064 0.000000
vt -0.015706 0.000000 0.000000
vt -0.015093 0.060064 0.000000
vt -0.015093 0.373253 0.000000
vt -0.015093 0.840518 0.000000
vt -0.015093 0.770568 0.000000
vt -0.015093 0.700619 0.000000
vt -0.027028 0.770568 0.000000
vt -0.082313 0.244545 0.000000
vt -0.082313 0.308899 0.000000
vt -0.070378 0.244545 0.000000
vt -0.070378 0.308899 0.000000
vt -0.062832 0.244545 0.000000
vt -0.062832 0.308899 0.000000
vt -0.050897 0.244545 0.000000
vt -0.050897 0.308899 0.000000
vt -0.038962 0.244545 0.000000
vt -0.038962 0.308899 0.000000
vt -0.027028 0.244545 0.000000
vt -0.070378 0.373253 0.000000
vt -0.062832 0.373253 0.000000
vt -0.050897 0.373253 0.000000
vt -0.082313 0.566315 0.000000
vt -0.070378 0.566315 0.000000
vt -0.062832 0.566315 0.000000
vt -0.050897 0.566315 0.000000
vt -0.038962 0.566315 0.000000
vt -0.027028 0.566315 0.000000
vt -0.082313 0.770568 0.000000
vt -0.082313 0.700619 0.000000
vt -0.082313 0.630669 0.000000
vt -0.070378 0.630669 0.000000
vt -0.070378 1.050368 0.000000
vt -0.062832 1.050368 0.000000
vt -0.050897 1.050368 0.000000
vt -0.038962 1.050368 0.000000
vt -0.027028 1.050368 0.000000
vt -0.062832 0.630669 0.000000
vt -0.070378 0.700619 0.000000
vt -0.062832 0.700619 0.000000
vt -0.070378 0.770568 0.000000
vt -0.062832 0.770568 0.000000
vt -0.070378 0.840518 0.000000
vt -0.050897 0.630669 0.000000
vt -0.050897 0.700619 0.000000
vt -0.038962 0.630669 0.000000
vt -0.027028 0.840518 0.000000
vt -0.038962 0.840518 0.000000
vt -0.016309 -0.047777 0.000000
vt -0.011657 -0.063157 0.000000
vt -0.009073 -0.049172 0.000000
vt -0.003273 -0.049799 0.000000
vt -0.009073 -0.035186 0.000000
vt 0.005271 -0.036644 0.000000
vt 0.004652 -0.035186 0.000000
vt 0.013555 -0.023161 0.000000
vt 0.004652 -0.021201 0.000000
vt 0.004652 -0.007215 0.000000
vt -0.009073 -0.007215 0.000000
vt 0.004652 0.006765 0.000000
vt -0.009073 0.006768 0.000000
vt 0.004652 0.020756 0.000000
vt -0.009073 0.020756 0.000000
vt -0.006473 0.032082 0.000000
vt -0.019341 0.034741 0.000000
vt 0.018376 -0.007215 0.000000
vt 0.021135 -0.008836 0.000000
vt 0.027504 0.006761 0.000000
vt 0.032101 0.023815 0.000000
vt 0.018376 0.020756 0.000000
vt 0.018376 0.006763 0.000000
vt 0.019274 0.026888 0.000000
vt 0.006407 0.029546 0.000000
vt -0.021837 0.018315 0.000000
vt -0.022797 0.001528 0.000000
vt -0.022130 -0.015290 0.000000
vt -0.009073 -0.021201 0.000000
vt -0.019898 -0.031802 0.000000
vt -0.003273 0.049799 0.000000
vt -0.011657 0.063157 0.000000
vt -0.009073 0.049172 0.000000
vt -0.016309 0.047777 0.000000
vt -0.009073 0.035186 0.000000
vt -0.019898 0.031802 0.000000
vt -0.009073 0.021201 0.000000
vt -0.022130 0.015290 0.000000
vt -0.009073 0.007215 0.000000
vt -0.022797 -0.001528 0.000000
vt -0.009073 -0.006768 0.000000
vt -0.021837 -0.018315 0.000000
vt -0.009073 -0.020756 0.000000
vt -0.019341 -0.034741 0.000000
vt -0.006473 -0.032082 0.000000
vt 0.004652 -0.020756 0.000000
vt 0.006407 -0.029546 0.000000
vt 0.018376 -0.020756 0.000000
vt 0.019274 -0.026888 0.000000
vt 0.032101 -0.023815 0.000000
vt 0.027504 -0.006761 0.000000
vt 0.018376 -0.006763 0.000000
vt 0.004652 -0.006765 0.000000
vt 0.004652 0.007215 0.000000
vt 0.018376 0.007215 0.000000
vt 0.021135 0.008836 0.000000
vt 0.013555 0.023161 0.000000
vt 0.005271 0.036644 0.000000
vt 0.004652 0.035186 0.000000
vt 0.004652 0.021201 0.000000
vt -0.000000 0.140000 0.000000
vt -0.013127 0.140000 0.000000
vt -0.000000 0.060000 0.000000
vt -0.013127 0.060000 0.000000
vt -0.026255 0.140000 0.000000
vt -0.026255 0.060000 0.000000
vt -0.039383 0.140000 0.000000
vt -0.039383 0.060000 0.000000
vt -0.052510 0.140000 0.000000
vt -0.052510 0.060000 0.000000
vt -0.000000 0.710239 0.000000
vt -0.011780 0.710703 0.000000
vt -0.000000 0.704911 0.000000
vt -0.015093 0.704911 0.000000
vt -0.000000 0.699583 0.000000
vt -0.015093 0.698294 0.000000
vt -0.000000 0.688927 0.000000
vt -0.015093 0.685039 0.000000
vt -0.000000 0.667614 0.000000
vt -0.015093 0.656856 0.000000
vt -0.000000 0.624989 0.000000
vt -0.015093 0.585947 0.000000
vt -0.000000 0.539739 0.000000
vt -0.015093 0.515039 0.000000
vt -0.015093 0.453100 0.000000
vt -0.027028 0.515039 0.000000
vt -0.027028 0.453100 0.000000
vt -0.038962 0.515039 0.000000
vt -0.038962 0.453100 0.000000
vt -0.050897 0.515039 0.000000
vt -0.050897 0.453100 0.000000
vt -0.062832 0.515039 0.000000
vt -0.062832 0.453100 0.000000
vt -0.070378 0.515039 0.000000
vt -0.070378 0.453100 0.000000
vt -0.082313 0.515039 0.000000
vt -0.082313 0.453100 0.000000
vt -0.094248 0.539739 0.000000
vt -0.094248 0.369239 0.000000
vt -0.023559 0.710567 0.000000
vt -0.027028 0.704911 0.000000
vt -0.027028 0.698294 0.000000
vt -0.027028 0.685039 0.000000
vt -0.027028 0.656856 0.000000
vt -0.027028 0.585947 0.000000
vt -0.035345 0.710730 0.000000
vt -0.038962 0.704911 0.000000
vt -0.038962 0.698294 0.000000
vt -0.038962 0.685039 0.000000
vt -0.038962 0.656856 0.000000
vt -0.038962 0.585947 0.000000
vt -0.047124 0.710894 0.000000
vt -0.050897 0.704911 0.000000
vt -0.050897 0.698294 0.000000
vt -0.050897 0.685039 0.000000
vt -0.050897 0.656856 0.000000
vt -0.050897 0.585947 0.000000
vt -0.058903 0.711058 0.000000
vt -0.062832 0.704911 0.000000
vt -0.062832 0.698294 0.000000
vt -0.062832 0.685039 0.000000
vt -0.062832 0.656856 0.000000
vt -0.062832 0.585947 0.000000
vt -0.070689 0.711222 0.000000
vt -0.070378 0.704911 0.000000
vt -0.070378 0.698294 0.000000
vt -0.070378 0.685039 0.000000
vt -0.070378 0.656856 0.000000
vt -0.070378 0.585947 0.000000
vt -0.082313 0.704911 0.000000
vt -0.082468 0.711386 0.000000
vt -0.094248 0.710239 0.000000
vt -0.094248 0.711549 0.000000
vt -0.094248 0.704911 0.000000
vt -0.094248 0.699583 0.000000
vt -0.082313 0.698294 0.000000
vt -0.094248 0.688927 0.000000
vt -0.082313 0.685039 0.000000
vt -0.094248 0.667614 0.000000
vt -0.082313 0.656856 0.000000
vt -0.094248 0.624989 0.000000
vt -0.082313 0.585947 0.000000
vt -0.094248 0.028247 0.000000
vt -0.082313 0.205346 0.000000
vt -0.082313 0.267284 0.000000
vt -0.082313 0.329223 0.000000
vt -0.070378 0.267284 0.000000
vt -0.070378 0.329223 0.000000
vt -0.062832 0.267284 0.000000
vt -0.062832 0.329223 0.000000
vt -0.050897 0.267284 0.000000
vt -0.050897 0.329223 0.000000
vt -0.038962 0.267284 0.000000
vt -0.038962 0.329223 0.000000
vt -0.027028 0.267284 0.000000
vt -0.027028 0.329223 0.000000
vt -0.015093 0.267284 0.000000
vt -0.015093 0.329223 0.000000
vt -0.000000 0.369239 0.000000
vt -0.015093 0.391162 0.000000
vt -0.078544 0.028248 0.000000
vt -0.082313 0.081468 0.000000
vt -0.082313 0.143407 0.000000
vt -0.070378 0.143407 0.000000
vt -0.070378 0.205346 0.000000
vt -0.062832 0.143407 0.000000
vt -0.062832 0.205346 0.000000
vt -0.050897 0.143407 0.000000
vt -0.050897 0.205346 0.000000
vt -0.038962 0.143407 0.000000
vt -0.038962 0.205346 0.000000
vt -0.027028 0.143407 0.000000
vt -0.027028 0.205346 0.000000
vt -0.015093 0.143407 0.000000
vt -0.015093 0.205346 0.000000
vt -0.000000 0.028248 0.000000
vt -0.070378 0.081468 0.000000
vt -0.062834 0.028248 0.000000
vt -0.062832 0.081468 0.000000
vt -0.050897 0.081468 0.000000
vt -0.047126 0.028247 0.000000
vt -0.038962 0.081468 0.000000
vt -0.031417 0.028248 0.000000
vt -0.027028 0.081468 0.000000
vt -0.015707 0.028251 0.000000
vt -0.015093 0.081468 0.000000
vt -0.082313 0.391162 0.000000
vt -0.070378 0.391162 0.000000
vt -0.062832 0.391162 0.000000
vt -0.050897 0.391162 0.000000
vt -0.038962 0.391162 0.000000
vt -0.027028 0.391162 0.000000
vt 4.536453 0.047124 0.000000
vt -2.369883 0.047124 0.000000
vt 4.536606 0.035352 0.000000
vt 2.239644 0.031416 0.000000
vt 2.568896 0.031416 0.000000
vt 2.568896 0.015708 0.000000
vt 2.898148 0.015708 0.000000
vt 2.898148 0.000073 0.000000
vt 3.227400 0.000077 0.000000
vt 3.227400 -0.015708 0.000000
vt 3.556652 -0.015708 0.000000
vt 3.556652 -0.031416 0.000000
vt 3.885904 -0.031416 0.000000
vt 4.544350 -0.046686 0.000000
vt 4.215156 -0.031416 0.000000
vt 4.542812 -0.035007 0.000000
vt 4.541334 -0.023323 0.000000
vt -2.369883 0.031416 0.000000
vt -2.040631 0.031416 0.000000
vt -1.711379 0.031416 0.000000
vt -1.382127 0.031416 0.000000
vt -1.382127 0.015708 0.000000
vt -1.052875 0.015708 0.000000
vt -1.052875 0.000018 0.000000
vt -0.723623 0.000023 0.000000
vt -0.723623 -0.015708 0.000000
vt -0.394371 -0.015708 0.000000
vt -0.394371 -0.031416 0.000000
vt -0.065119 -0.031416 0.000000
vt 0.264133 -0.031416 0.000000
vt 0.593385 -0.031416 0.000000
vt 0.264133 -0.015708 0.000000
vt 0.593385 -0.015708 0.000000
vt 0.264133 0.000036 0.000000
vt 0.593385 0.000041 0.000000
vt 0.264133 0.015708 0.000000
vt 0.593385 0.015708 0.000000
vt 0.264133 0.031416 0.000000
vt 0.593385 0.031416 0.000000
vt 0.922637 0.031416 0.000000
vt 1.251889 0.031416 0.000000
vt 1.251889 0.015708 0.000000
vt 1.581141 0.015708 0.000000
vt 1.581141 0.000055 0.000000
vt 1.910393 0.000059 0.000000
vt 1.910393 -0.015708 0.000000
vt 2.239644 -0.015708 0.000000
vt 2.239644 -0.031416 0.000000
vt 2.568896 -0.031416 0.000000
vt 2.898148 -0.031416 0.000000
vt 3.227400 -0.031416 0.000000
vt 2.898148 -0.015708 0.000000
vt -2.040631 0.015708 0.000000
vt -2.369883 0.015708 0.000000
vt -2.040631 0.000005 0.000000
vt -2.369883 0.000000 0.000000
vt -2.040631 -0.015708 0.000000
vt -2.369883 -0.015708 0.000000
vt -2.040631 -0.031416 0.000000
vt -2.369883 -0.031416 0.000000
vt -2.369883 -0.047124 0.000000
vt 4.544408 -0.047124 0.000000
vt 4.215156 -0.015708 0.000000
vt 4.539971 -0.011619 0.000000
vt 4.215156 0.000091 0.000000
vt 4.538774 0.000096 0.000000
vt 4.537790 0.011834 0.000000
vt 4.215156 0.015708 0.000000
vt 4.537057 0.023585 0.000000
vt 4.215156 0.031416 0.000000
vt 3.885904 0.031416 0.000000
vt 3.556652 0.031416 0.000000
vt 3.885904 0.015708 0.000000
vt 3.556652 0.015708 0.000000
vt 3.885904 0.000087 0.000000
vt 3.556652 0.000082 0.000000
vt 3.885904 -0.015708 0.000000
vt -1.711379 0.015708 0.000000
vt -1.711379 0.000009 0.000000
vt -1.711379 -0.015708 0.000000
vt -1.711379 -0.031416 0.000000
vt -1.052875 0.031416 0.000000
vt -0.723623 0.031416 0.000000
vt -0.394371 0.031416 0.000000
vt -0.394371 0.015708 0.000000
vt -0.065119 0.015708 0.000000
vt -0.065119 0.000032 0.000000
vt -0.723623 0.015708 0.000000
vt -0.065119 0.031416 0.000000
vt 0.922637 0.015708 0.000000
vt 0.922637 0.000046 0.000000
vt 0.922637 -0.015708 0.000000
vt 0.922637 -0.031416 0.000000
vt 1.581141 0.031416 0.000000
vt 1.910393 0.031416 0.000000
vt 2.239644 0.015708 0.000000
vt 2.568896 0.000068 0.000000
vt 1.910393 0.015708 0.000000
vt 2.898148 0.031416 0.000000
vt 3.227400 0.031416 0.000000
vt 3.227400 0.015708 0.000000
vt -1.382127 0.000014 0.000000
vt -1.052875 -0.015708 0.000000
vt -0.723623 -0.031416 0.000000
vt -0.394371 0.000027 0.000000
vt 1.251889 0.000050 0.000000
vt 1.581141 -0.015708 0.000000
vt 1.910393 -0.031416 0.000000
vt 2.239644 0.000064 0.000000
vt -1.382127 -0.015708 0.000000
vt -1.382127 -0.031416 0.000000
vt -0.065119 -0.015708 0.000000
vt 1.251889 -0.015708 0.000000
vt 1.251889 -0.031416 0.000000
vt 2.568896 -0.015708 0.000000
vt -1.052875 -0.031416 0.000000
vt 1.581141 -0.031416 0.000000
vt -0.073539 3.024357 0.000000
vt -0.082313 3.088380 0.000000
vt -0.094233 2.990904 0.000000
vt -0.093810 3.096287 0.000000
vt -0.094248 3.096345 0.000000
vt -0.051978 3.054498 0.000000
vt -0.062832 3.088449 0.000000
vt -0.070378 3.088422 0.000000
vt -0.082131 3.094739 0.000000
vt -0.041101 3.066736 0.000000
vt -0.047028 3.090674 0.000000
vt -0.050897 3.088492 0.000000
vt -0.058741 3.091878 0.000000
vt -0.029055 3.077352 0.000000
vt -0.035292 3.089683 0.000000
vt -0.038962 3.088534 0.000000
vt -0.027028 3.088577 0.000000
vt -0.022433 3.081741 0.000000
vt -0.023536 3.088946 0.000000
vt -0.015336 3.085238 0.000000
vt -0.011771 3.088491 0.000000
vt -0.007798 3.087533 0.000000
vt -0.000000 3.088337 0.000000
vt -0.070450 3.093251 0.000000
vt -0.000000 0.041205 0.000000
vt -0.011780 0.040983 0.000000
vt -0.000000 0.020602 0.000000
vt -0.015093 0.026610 0.000000
vt -0.015093 0.019743 0.000000
vt -0.027028 0.026610 0.000000
vt -0.027028 0.019743 0.000000
vt -0.038962 0.026610 0.000000
vt -0.038962 0.019743 0.000000
vt -0.050897 0.026610 0.000000
vt -0.050897 0.019743 0.000000
vt -0.062832 0.026610 0.000000
vt -0.062832 0.019743 0.000000
vt -0.070378 0.026610 0.000000
vt -0.070378 0.019743 0.000000
vt -0.082313 0.026610 0.000000
vt -0.082313 0.019743 0.000000
vt -0.094248 0.018996 0.000000
vt -0.082313 0.003949 0.000000
vt -0.094248 -0.001441 0.000000
vt -0.082313 -0.000001 0.000000
vt -0.082471 -0.001059 0.000000
vt -0.070696 -0.000699 0.000000
vt -0.015093 0.038286 0.000000
vt -0.023559 0.040761 0.000000
vt -0.027028 0.038286 0.000000
vt -0.035345 0.040541 0.000000
vt -0.038962 0.038286 0.000000
vt -0.047124 0.040319 0.000000
vt -0.050897 0.038286 0.000000
vt -0.058903 0.040098 0.000000
vt -0.062832 0.038286 0.000000
vt -0.070689 0.039876 0.000000
vt -0.070378 0.038286 0.000000
vt -0.082313 0.038286 0.000000
vt -0.082468 0.039655 0.000000
vt -0.094248 0.039433 0.000000
vt -0.058911 -0.000381 0.000000
vt -0.062832 -0.000002 0.000000
vt -0.070378 -0.000001 0.000000
vt -0.070378 0.003949 0.000000
vt -0.047132 -0.000124 0.000000
vt -0.050897 -0.000003 0.000000
vt -0.050897 0.003949 0.000000
vt -0.062832 0.003949 0.000000
vt -0.035351 0.000050 0.000000
vt -0.038962 0.003949 0.000000
vt -0.027028 0.003949 0.000000
vt -0.023563 0.000129 0.000000
vt -0.015093 0.003949 0.000000
vt -0.011784 0.000414 0.000000
vt -0.000000 -0.000000 0.000000
vt -4.544408 -0.047124 0.000000
vt 2.369883 -0.047124 0.000000
vt -4.544350 -0.046686 0.000000
vt -4.542812 -0.035004 0.000000
vt -2.239644 -0.031416 0.000000
vt -2.568896 -0.031416 0.000000
vt -2.568896 -0.015708 0.000000
vt -2.898148 -0.015708 0.000000
vt -2.568896 0.000078 0.000000
vt -2.898148 0.000083 0.000000
vt -2.568896 0.015708 0.000000
vt -2.898148 0.015708 0.000000
vt -2.898148 0.031416 0.000000
vt -3.227400 0.031416 0.000000
vt -4.536453 0.047124 0.000000
vt -3.556652 0.031416 0.000000
vt -3.885904 0.031416 0.000000
vt -3.556652 0.015708 0.000000
vt -3.885904 0.015708 0.000000
vt -3.885904 0.000099 0.000000
vt -4.215156 0.000104 0.000000
vt -4.215156 -0.015708 0.000000
vt -4.539969 -0.011609 0.000000
vt -4.541333 -0.023307 0.000000
vt 2.369883 -0.031416 0.000000
vt 2.040631 -0.031416 0.000000
vt 1.711379 -0.031416 0.000000
vt 1.382127 -0.031416 0.000000
vt 1.382127 -0.015708 0.000000
vt 1.052875 -0.015708 0.000000
vt 1.382127 0.000016 0.000000
vt 1.052875 0.000021 0.000000
vt 1.382127 0.015708 0.000000
vt 1.052875 0.015708 0.000000
vt 1.052875 0.031416 0.000000
vt 0.723623 0.031416 0.000000
vt 2.369883 0.047124 0.000000
vt 0.394371 0.031416 0.000000
vt 0.065119 0.031416 0.000000
vt 0.394371 0.015708 0.000000
vt 0.065119 0.015708 0.000000
vt 0.065119 0.000036 0.000000
vt -0.264133 0.000042 0.000000
vt -0.264133 -0.015708 0.000000
vt -0.593385 -0.015708 0.000000
vt -0.264133 -0.031416 0.000000
vt -0.593385 -0.031416 0.000000
vt -0.922637 -0.031416 0.000000
vt -1.251889 -0.031416 0.000000
vt -1.251889 -0.015708 0.000000
vt -1.581141 -0.015708 0.000000
vt -1.251889 0.000057 0.000000
vt -1.581141 0.000063 0.000000
vt -1.251889 0.015708 0.000000
vt -1.581141 0.015708 0.000000
vt -1.581141 0.031416 0.000000
vt -1.910393 0.031416 0.000000
vt -2.239644 0.031416 0.000000
vt -2.568896 0.031416 0.000000
vt -2.239644 0.015708 0.000000
vt 2.040631 -0.015708 0.000000
vt 2.369883 -0.015708 0.000000
vt 2.369883 0.000000 0.000000
vt 2.040631 0.000005 0.000000
vt 2.369883 0.015708 0.000000
vt 2.040631 0.015708 0.000000
vt 2.040631 0.031416 0.000000
vt 1.711379 0.031416 0.000000
vt 1.382127 0.031416 0.000000
vt 2.369883 0.031416 0.000000
vt -0.922637 0.031416 0.000000
vt -0.593385 0.031416 0.000000
vt -0.264133 0.031416 0.000000
vt -0.264133 0.015708 0.000000
vt -4.215156 0.031416 0.000000
vt -4.536606 0.035329 0.000000
vt -4.537058 0.023580 0.000000
vt -4.215156 0.015708 0.000000
vt -4.537790 0.011827 0.000000
vt -4.538773 0.000109 0.000000
vt -4.215156 -0.031416 0.000000
vt -3.885904 -0.031416 0.000000
vt -3.556652 -0.031416 0.000000
vt -3.885904 -0.015708 0.000000
vt -3.556652 -0.015708 0.000000
vt -3.556652 0.000094 0.000000
vt -3.227400 0.000089 0.000000
vt -3.227400 0.015708 0.000000
vt 1.711379 -0.015708 0.000000
vt 1.052875 -0.031416 0.000000
vt 0.723623 -0.031416 0.000000
vt 0.394371 -0.031416 0.000000
vt 0.394371 -0.015708 0.000000
vt 0.065119 -0.015708 0.000000
vt 0.394371 0.000031 0.000000
vt 0.723623 -0.015708 0.000000
vt 0.065119 -0.031416 0.000000
vt -0.922637 -0.015708 0.000000
vt -0.593385 0.000047 0.000000
vt -1.581141 -0.031416 0.000000
vt -1.910393 -0.031416 0.000000
vt -2.239644 -0.015708 0.000000
vt -2.239644 0.000073 0.000000
vt -1.910393 -0.015708 0.000000
vt -2.898148 -0.031416 0.000000
vt -3.227400 -0.031416 0.000000
vt -3.227400 -0.015708 0.000000
vt 1.711379 0.000010 0.000000
vt 1.711379 0.015708 0.000000
vt 0.723623 0.000026 0.000000
vt -0.922637 0.000052 0.000000
vt -0.922637 0.015708 0.000000
vt -1.251889 0.031416 0.000000
vt -1.910393 0.000068 0.000000
vt 0.723623 0.015708 0.000000
vt -0.593385 0.015708 0.000000
vt -1.910393 0.015708 0.000000
vt -0.000000 0.000000 0.000000
vt -0.000000 0.005328 0.000000
vt -0.011720 -0.000025 0.000000
vt -0.015093 0.005328 0.000000
vt -0.023446 -0.000099 0.000000
vt -0.027028 0.005328 0.000000
vt -0.035179 -0.000219 0.000000
vt -0.038962 0.005328 0.000000
vt -0.046906 -0.000381 0.000000
vt -0.050897 0.005328 0.000000
vt -0.058630 -0.000578 0.000000
vt -0.062832 0.005328 0.000000
vt -0.070363 -0.000803 0.000000
vt -0.070378 0.005328 0.000000
vt -0.082086 -0.001047 0.000000
vt -0.082313 0.005328 0.000000
vt -0.093810 -0.001301 0.000000
vt -0.094248 0.005328 0.000000
vt -0.094248 -0.000000 0.000000
vt -0.000000 0.010656 0.000000
vt -0.015093 0.011944 0.000000
vt -0.027028 0.011944 0.000000
vt -0.027028 0.025200 0.000000
vt -0.038962 0.025200 0.000000
vt -0.038962 0.053383 0.000000
vt -0.050897 0.053383 0.000000
vt -0.050897 0.116514 0.000000
vt -0.062832 0.116514 0.000000
vt -0.062832 0.195199 0.000000
vt -0.070378 0.195199 0.000000
vt -0.070378 0.265619 0.000000
vt -0.082313 0.265619 0.000000
vt -0.082313 0.336039 0.000000
vt -0.094248 0.340998 0.000000
vt -0.082313 0.406459 0.000000
vt -0.082313 0.476879 0.000000
vt -0.070378 0.406459 0.000000
vt -0.070378 0.476879 0.000000
vt -0.062832 0.406459 0.000000
vt -0.062832 0.476879 0.000000
vt -0.050897 0.406459 0.000000
vt -0.050897 0.476879 0.000000
vt -0.038962 0.406459 0.000000
vt -0.038962 0.476879 0.000000
vt -0.027028 0.406459 0.000000
vt -0.027028 0.476879 0.000000
vt -0.015093 0.406459 0.000000
vt -0.015093 0.476879 0.000000
vt -0.000000 0.340998 0.000000
vt -0.000000 0.681986 0.000000
vt -0.000000 0.021312 0.000000
vt -0.015093 0.025200 0.000000
vt -0.027028 0.053383 0.000000
vt -0.038962 0.116514 0.000000
vt -0.050897 0.195199 0.000000
vt -0.062832 0.265619 0.000000
vt -0.070378 0.336039 0.000000
vt -0.000000 0.042625 0.000000
vt -0.015093 0.053383 0.000000
vt -0.027028 0.116514 0.000000
vt -0.038962 0.195199 0.000000
vt -0.050897 0.265619 0.000000
vt -0.062832 0.336039 0.000000
vt -0.000000 0.085249 0.000000
vt -0.015093 0.116514 0.000000
vt -0.027028 0.195199 0.000000
vt -0.038962 0.265619 0.000000
vt -0.050897 0.336039 0.000000
vt -0.000000 0.170499 0.000000
vt -0.015093 0.195199 0.000000
vt -0.027028 0.265619 0.000000
vt -0.038962 0.336039 0.000000
vt -0.015093 0.265619 0.000000
vt -0.015093 0.336039 0.000000
vt -0.015707 0.681983 0.000000
vt -0.015093 0.628766 0.000000
vt -0.015093 0.547299 0.000000
vt -0.027028 0.547299 0.000000
vt -0.038962 0.547299 0.000000
vt -0.050897 0.547299 0.000000
vt -0.062832 0.547299 0.000000
vt -0.070378 0.547299 0.000000
vt -0.082313 0.547299 0.000000
vt -0.094248 0.681987 0.000000
vt -0.027028 0.628766 0.000000
vt -0.031417 0.681986 0.000000
vt -0.038962 0.628766 0.000000
vt -0.047126 0.681987 0.000000
vt -0.050897 0.628766 0.000000
vt -0.062834 0.681987 0.000000
vt -0.062832 0.628766 0.000000
vt -0.070378 0.628766 0.000000
vt -0.078544 0.681987 0.000000
vt -0.082313 0.628766 0.000000
vt -0.094248 0.170499 0.000000
vt -0.082313 0.195199 0.000000
vt -0.070378 0.116514 0.000000
vt -0.062832 0.053383 0.000000
vt -0.050897 0.025200 0.000000
vt -0.038962 0.011944 0.000000
vt -0.082313 0.116514 0.000000
vt -0.094248 0.085249 0.000000
vt -0.082313 0.053383 0.000000
vt -0.094248 0.042625 0.000000
vt -0.082313 0.025200 0.000000
vt -0.094248 0.021312 0.000000
vt -0.082313 0.011944 0.000000
vt -0.094248 0.010656 0.000000
vt -0.094248 -0.001312 0.000000
vt -0.050897 0.011944 0.000000
vt -0.062832 0.011944 0.000000
vt -0.070378 0.011944 0.000000
vt -0.062832 0.025200 0.000000
vt -0.070378 0.025200 0.000000
vt -0.070378 0.053383 0.000000
vt -0.027028 0.336039 0.000000
vt -0.083589 -0.003311 0.000000
vt -0.082313 0.000000 0.000000
vt -0.094248 0.001932 0.000000
vt -0.082313 0.002868 0.000000
vt -0.082313 0.014341 0.000000
vt -0.070378 0.002868 0.000000
vt -0.070378 0.014341 0.000000
vt -0.062832 0.002868 0.000000
vt -0.062832 0.014341 0.000000
vt -0.050897 0.002868 0.000000
vt -0.050897 0.014341 0.000000
vt -0.038962 0.002868 0.000000
vt -0.038962 0.014341 0.000000
vt -0.027028 0.002868 0.000000
vt -0.027028 0.014341 0.000000
vt -0.015093 0.002868 0.000000
vt -0.015093 0.014341 0.000000
vt -0.000000 0.010951 0.000000
vt -0.015093 0.021090 0.000000
vt -0.000000 0.040490 0.000000
vt -0.015093 0.036610 0.000000
vt -0.011720 0.040517 0.000000
vt -0.023446 0.040597 0.000000
vt -0.072595 -0.008158 0.000000
vt -0.070378 0.000000 0.000000
vt -0.062832 0.000000 0.000000
vt -0.061266 -0.012395 0.000000
vt -0.050897 0.000000 0.000000
vt -0.049555 -0.015840 0.000000
vt -0.038962 0.000000 0.000000
vt -0.037470 -0.018330 0.000000
vt -0.027028 0.000000 0.000000
vt -0.025056 -0.019734 0.000000
vt -0.015093 0.000000 0.000000
vt -0.012512 -0.019975 0.000000
vt -0.000000 -0.018588 0.000000
vt -0.035179 0.040727 0.000000
vt -0.027028 0.040533 0.000000
vt -0.027028 0.036610 0.000000
vt -0.046906 0.040901 0.000000
vt -0.038962 0.040525 0.000000
vt -0.038962 0.036610 0.000000
vt -0.027028 0.021090 0.000000
vt -0.058630 0.041114 0.000000
vt -0.050897 0.040518 0.000000
vt -0.050897 0.036610 0.000000
vt -0.038962 0.021090 0.000000
vt -0.070363 0.041357 0.000000
vt -0.062832 0.040510 0.000000
vt -0.062832 0.036610 0.000000
vt -0.050897 0.021090 0.000000
vt -0.070378 0.040505 0.000000
vt -0.082086 0.041621 0.000000
vt -0.082313 0.040498 0.000000
vt -0.093810 0.041896 0.000000
vt -0.082313 0.036610 0.000000
vt -0.094248 0.021919 0.000000
vt -0.082313 0.021090 0.000000
vt -0.094248 0.041905 0.000000
vt -0.062832 0.021090 0.000000
vt -0.070378 0.021090 0.000000
vt -0.070378 0.036610 0.000000
vt -2.345373 0.039937 0.000000
vt -2.078000 0.031416 0.000000
vt -2.344966 0.047124 0.000000
vt -1.748641 0.031416 0.000000
vt -1.419282 0.031416 0.000000
vt -1.419282 0.015708 0.000000
vt -1.089924 0.015708 0.000000
vt -1.089924 -0.000000 0.000000
vt -0.760565 -0.000000 0.000000
vt -0.760565 -0.015708 0.000000
vt -0.431206 -0.015708 0.000000
vt -0.431206 -0.031416 0.000000
vt -0.101848 -0.031416 0.000000
vt -2.407359 -0.047124 0.000000
vt 0.227511 -0.031416 0.000000
vt 0.556870 -0.031416 0.000000
vt 0.227511 -0.015708 0.000000
vt 0.556870 -0.015708 0.000000
vt 0.227511 -0.000000 0.000000
vt 0.556870 -0.000000 0.000000
vt 0.227511 0.015708 0.000000
vt 0.556870 0.015708 0.000000
vt 0.227511 0.031416 0.000000
vt 0.556870 0.031416 0.000000
vt 0.886229 0.031416 0.000000
vt 1.215587 0.031416 0.000000
vt 1.215587 0.015708 0.000000
vt 1.544946 0.015708 0.000000
vt 1.544946 -0.000000 0.000000
vt 1.874305 -0.000000 0.000000
vt 1.874305 -0.015708 0.000000
vt 2.203664 -0.015708 0.000000
vt 2.203664 -0.031416 0.000000
vt 2.533022 -0.031416 0.000000
vt 6.155968 -0.047124 0.000000
vt 2.862381 -0.031416 0.000000
vt 3.191740 -0.031416 0.000000
vt 2.862381 -0.015708 0.000000
vt 3.191740 -0.015708 0.000000
vt 2.862381 -0.000000 0.000000
vt 3.191740 -0.000000 0.000000
vt 2.862381 0.015708 0.000000
vt 3.191740 0.015708 0.000000
vt 2.862381 0.031416 0.000000
vt 3.191740 0.031416 0.000000
vt 6.155968 0.047124 0.000000
vt 3.521098 0.031416 0.000000
vt 3.850457 0.031416 0.000000
vt 3.850457 0.015708 0.000000
vt 4.179816 0.015708 0.000000
vt 4.179816 -0.000000 0.000000
vt 4.509175 -0.000000 0.000000
vt 4.509175 -0.015708 0.000000
vt 4.838533 -0.015708 0.000000
vt 4.838533 -0.031416 0.000000
vt 5.167892 -0.031416 0.000000
vt 5.497251 -0.031416 0.000000
vt 5.826610 -0.031416 0.000000
vt 5.497251 -0.015708 0.000000
vt 5.826610 -0.015708 0.000000
vt 5.497251 -0.000000 0.000000
vt 5.826610 -0.000000 0.000000
vt 5.497251 0.015708 0.000000
vt 5.826610 0.015708 0.000000
vt 5.497251 0.031416 0.000000
vt 5.826610 0.031416 0.000000
vt 6.155968 0.031416 0.000000
vt 6.155968 0.015708 0.000000
vt 6.155968 -0.000000 0.000000
vt 6.155968 -0.015708 0.000000
vt 6.155968 -0.031416 0.000000
vt -2.346571 0.032841 0.000000
vt -2.348495 0.025916 0.000000
vt -2.078000 0.015708 0.000000
vt -2.351079 0.019157 0.000000
vt -2.357826 0.006345 0.000000
vt -2.078000 -0.000000 0.000000
vt -2.366164 -0.005594 0.000000
vt -2.078000 -0.015708 0.000000
vt -2.375603 -0.016778 0.000000
vt -2.385763 -0.027328 0.000000
vt -2.078000 -0.031416 0.000000
vt -1.748641 -0.031416 0.000000
vt -1.419282 -0.031416 0.000000
vt -1.748641 -0.015708 0.000000
vt -1.419282 -0.015708 0.000000
vt -1.748641 -0.000000 0.000000
vt -1.419282 -0.000000 0.000000
vt -1.748641 0.015708 0.000000
vt 1.874305 -0.031416 0.000000
vt 1.544946 -0.031416 0.000000
vt 1.215587 -0.031416 0.000000
vt 1.215587 -0.015708 0.000000
vt 0.886229 -0.015708 0.000000
vt 0.886229 -0.000000 0.000000
vt 1.874305 0.031416 0.000000
vt 2.203664 0.031416 0.000000
vt 2.533022 0.031416 0.000000
vt 2.533022 0.015708 0.000000
vt -1.089924 0.031416 0.000000
vt -0.760565 0.031416 0.000000
vt -0.431206 0.031416 0.000000
vt -0.431206 0.015708 0.000000
vt -0.101848 0.015708 0.000000
vt -0.101848 -0.000000 0.000000
vt -0.760565 0.015708 0.000000
vt -0.101848 0.031416 0.000000
vt 0.886229 0.015708 0.000000
vt 1.544946 0.031416 0.000000
vt 1.874305 0.015708 0.000000
vt 2.203664 0.015708 0.000000
vt 2.203664 -0.000000 0.000000
vt 3.521098 0.015708 0.000000
vt 3.521098 -0.000000 0.000000
vt 3.521098 -0.015708 0.000000
vt 3.521098 -0.031416 0.000000
vt 4.179816 0.031416 0.000000
vt 4.509175 0.031416 0.000000
vt 4.838533 0.031416 0.000000
vt 4.838533 0.015708 0.000000
vt 5.167892 0.015708 0.000000
vt 5.167892 -0.000000 0.000000
vt 4.509175 0.015708 0.000000
vt 5.167892 0.031416 0.000000
vt -0.431206 -0.000000 0.000000
vt 1.215587 -0.000000 0.000000
vt 1.544946 -0.015708 0.000000
vt 2.533022 -0.000000 0.000000
vt 3.850457 -0.000000 0.000000
vt 4.179816 -0.015708 0.000000
vt 4.509175 -0.031416 0.000000
vt 4.838533 -0.000000 0.000000
vt -1.089924 -0.015708 0.000000
vt -1.089924 -0.031416 0.000000
vt -0.101848 -0.015708 0.000000
vt 2.533022 -0.015708 0.000000
vt 3.850457 -0.015708 0.000000
vt 3.850457 -0.031416 0.000000
vt 5.167892 -0.015708 0.000000
vt -0.760565 -0.031416 0.000000
vt 0.886229 -0.031416 0.000000
vt 4.179816 -0.031416 0.000000
vt -0.094248 0.022189 0.000000
vt -0.094063 0.001650 0.000000
vt -0.082313 0.011749 0.000000
vt -0.083004 0.000000 0.000000
vt -0.082313 0.005874 0.000000
vt -0.071748 0.000000 0.000000
vt -0.070378 0.005874 0.000000
vt -0.062832 0.005874 0.000000
vt -0.070378 0.011749 0.000000
vt -0.062832 0.011749 0.000000
vt -0.070378 0.023498 0.000000
vt -0.062832 0.023498 0.000000
vt -0.070378 0.046995 0.000000
vt -0.062832 0.046995 0.000000
vt -0.070378 0.093990 0.000000
vt -0.062832 0.093990 0.000000
vt -0.070378 0.164512 0.000000
vt -0.062832 0.164513 0.000000
vt -0.070378 0.235025 0.000000
vt -0.062832 0.235025 0.000000
vt -0.070378 0.305543 0.000000
vt -0.062832 0.305543 0.000000
vt -0.070378 0.376061 0.000000
vt -0.062832 0.376061 0.000000
vt -0.070378 0.441346 0.000000
vt -0.062832 0.441346 0.000000
vt -0.070378 0.506632 0.000000
vt -0.062832 0.506632 0.000000
vt -0.070378 0.571917 0.000000
vt -0.062832 0.571917 0.000000
vt -0.070378 0.637203 0.000000
vt -0.062832 0.637203 0.000000
vt -0.070378 0.702488 0.000000
vt -0.062832 0.702488 0.000000
vt -0.070378 0.767774 0.000000
vt -0.062832 0.767774 0.000000
vt -0.070378 0.833583 0.000000
vt -0.062832 0.833583 0.000000
vt -0.070378 0.899392 0.000000
vt -0.062832 0.899392 0.000000
vt -0.070378 0.965201 0.000000
vt -0.062832 0.965201 0.000000
vt -0.070378 1.031010 0.000000
vt -0.062832 1.031010 0.000000
vt -0.070378 1.096820 0.000000
vt -0.062832 1.096820 0.000000
vt -0.070378 1.169941 0.000000
vt -0.062832 1.169941 0.000000
vt -0.070378 1.243062 0.000000
vt -0.062832 1.243062 0.000000
vt -0.062832 1.316183 0.000000
vt -0.050897 1.243062 0.000000
vt -0.047124 1.316183 0.000000
vt -0.038962 1.243062 0.000000
vt -0.031416 1.316183 0.000000
vt -0.027028 1.243062 0.000000
vt -0.015706 1.316183 0.000000
vt -0.015093 1.243062 0.000000
vt -0.000000 1.316183 0.000000
vt -0.015093 1.169941 0.000000
vt -0.015093 1.096820 0.000000
vt -0.027028 1.169941 0.000000
vt -0.027028 1.096820 0.000000
vt -0.038962 1.169941 0.000000
vt -0.038962 1.096820 0.000000
vt -0.050897 1.169941 0.000000
vt -0.050897 1.096820 0.000000
vt -0.060317 0.000000 0.000000
vt -0.050897 0.005874 0.000000
vt -0.050897 0.011749 0.000000
vt -0.050897 0.023498 0.000000
vt -0.050897 0.046995 0.000000
vt -0.050897 0.093990 0.000000
vt -0.050897 0.164515 0.000000
vt -0.050897 0.235025 0.000000
vt -0.050897 0.305543 0.000000
vt -0.050897 0.376061 0.000000
vt -0.050897 0.441346 0.000000
vt -0.050897 0.506632 0.000000
vt -0.050897 0.571917 0.000000
vt -0.050897 0.637203 0.000000
vt -0.050897 0.702488 0.000000
vt -0.050897 0.767774 0.000000
vt -0.050897 0.833583 0.000000
vt -0.050897 0.899392 0.000000
vt -0.050897 0.965201 0.000000
vt -0.050897 1.031010 0.000000
vt -0.048670 0.000000 0.000000
vt -0.038962 0.005874 0.000000
vt -0.038962 0.011749 0.000000
vt -0.038962 0.023498 0.000000
vt -0.038962 0.046995 0.000000
vt -0.038962 0.093990 0.000000
vt -0.038962 0.164517 0.000000
vt -0.038962 0.235025 0.000000
vt -0.038962 0.305543 0.000000
vt -0.038962 0.376061 0.000000
vt -0.038962 0.441346 0.000000
vt -0.038962 0.506632 0.000000
vt -0.038962 0.571917 0.000000
vt -0.038962 0.637203 0.000000
vt -0.038962 0.702488 0.000000
vt -0.038962 0.767774 0.000000
vt -0.038962 0.833583 0.000000
vt -0.038962 0.899392 0.000000
vt -0.038962 0.965201 0.000000
vt -0.038962 1.031010 0.000000
vt -0.036783 0.000000 0.000000
vt -0.027028 0.005874 0.000000
vt -0.027028 0.011749 0.000000
vt -0.027028 0.023498 0.000000
vt -0.027028 0.046995 0.000000
vt -0.027028 0.093990 0.000000
vt -0.027028 0.164519 0.000000
vt -0.027028 0.235025 0.000000
vt -0.027028 0.305543 0.000000
vt -0.027028 0.376061 0.000000
vt -0.027028 0.441346 0.000000
vt -0.027028 0.506632 0.000000
vt -0.027028 0.571917 0.000000
vt -0.027028 0.637203 0.000000
vt -0.027028 0.702488 0.000000
vt -0.027028 0.767774 0.000000
vt -0.027028 0.833583 0.000000
vt -0.027028 0.899392 0.000000
vt -0.027028 0.965201 0.000000
vt -0.027028 1.031010 0.000000
vt -0.024652 0.000000 0.000000
vt -0.015093 0.005874 0.000000
vt -0.015093 0.011749 0.000000
vt -0.015093 0.023498 0.000000
vt -0.015093 0.046995 0.000000
vt -0.015093 0.093990 0.000000
vt -0.015093 0.164520 0.000000
vt -0.015093 0.235025 0.000000
vt -0.015093 0.305543 0.000000
vt -0.015093 0.376061 0.000000
vt -0.015093 0.441346 0.000000
vt -0.015093 0.506632 0.000000
vt -0.015093 0.571917 0.000000
vt -0.015093 0.637203 0.000000
vt -0.015093 0.702488 0.000000
vt -0.015093 0.767774 0.000000
vt -0.015093 0.833583 0.000000
vt -0.015093 0.899392 0.000000
vt -0.015093 0.965201 0.000000
vt -0.015093 1.031010 0.000000
vt -0.012368 0.000000 0.000000
vt -0.000000 0.005141 0.000000
vt -0.000000 0.010283 0.000000
vt -0.000000 0.000000 0.000000
vt -0.000000 0.020565 0.000000
vt -0.000000 0.041131 0.000000
vt -0.000000 0.082261 0.000000
vt -0.000000 0.164523 0.000000
vt -0.000000 0.329046 0.000000
vt -0.000000 0.658092 0.000000
vt -0.078542 1.316183 0.000000
vt -0.082313 1.243062 0.000000
vt -0.082313 1.169941 0.000000
vt -0.082313 1.096820 0.000000
vt -0.082313 1.031010 0.000000
vt -0.082313 0.965201 0.000000
vt -0.082313 0.899392 0.000000
vt -0.082313 0.833583 0.000000
vt -0.082313 0.767774 0.000000
vt -0.082313 0.702488 0.000000
vt -0.082313 0.637203 0.000000
vt -0.082313 0.571917 0.000000
vt -0.082313 0.506632 0.000000
vt -0.082313 0.441346 0.000000
vt -0.082313 0.376061 0.000000
vt -0.082313 0.305543 0.000000
vt -0.082313 0.235025 0.000000
vt -0.082313 0.164510 0.000000
vt -0.082313 0.093990 0.000000
vt -0.082313 0.046995 0.000000
vt -0.082313 0.023498 0.000000
vt -0.094248 1.316183 0.000000
vt -0.094248 0.658917 0.000000
vt -0.094248 0.330283 0.000000
vt -0.094248 0.165966 0.000000
vt -0.094248 0.083808 0.000000
vt -0.094248 0.042729 0.000000
vt 0.027959 0.040000 0.000000
vt 3.478176 0.025000 0.000000
vt 6.934295 0.040000 0.000000
vt 3.602013 0.020515 0.000000
vt 3.655377 0.014878 0.000000
vt 1.053593 0.025000 0.000000
vt 0.027959 -0.040000 0.000000
vt 1.053593 -0.025000 0.000000
vt 3.478176 -0.025000 0.000000
vt 6.934295 -0.040000 0.000000
vt 3.609752 -0.019888 0.000000
vt 3.660460 -0.014117 0.000000
vt 3.684899 -0.009297 0.000000
vt 3.695342 -0.005903 0.000000
vt 3.699650 -0.003604 0.000000
vt 3.700566 -0.002881 0.000000
vt 3.701362 -0.002053 0.000000
vt 3.701690 -0.001590 0.000000
vt 3.701951 -0.001088 0.000000
vt 3.702121 -0.000555 0.000000
vt 3.702180 0.000000 0.000000
vt 3.702116 0.000578 0.000000
vt 3.701932 0.001131 0.000000
vt 3.701654 0.001647 0.000000
vt 3.701305 0.002123 0.000000
vt 3.700467 0.002967 0.000000
vt 3.699459 0.003737 0.000000
vt 3.694558 0.006227 0.000000
vt 3.682512 0.009897 0.000000
vt 0.050003 0.098876 0.000000
vt 0.038496 0.095538 0.000000
vt 0.061932 0.100000 0.000000
vt 0.027844 0.090094 0.000000
vt 0.018447 0.082723 0.000000
vt 0.010661 0.073657 0.000000
vt 0.004836 0.063244 0.000000
vt 0.001223 0.051866 0.000000
vt -0.000000 0.040000 0.000000
vt 0.462108 0.100000 0.000000
vt 0.462108 -0.100000 0.000000
vt -0.000000 -0.040000 0.000000
vt 0.061932 -0.100000 0.000000
vt 0.001224 -0.051872 0.000000
vt 0.004840 -0.063254 0.000000
vt 0.010671 -0.073671 0.000000
vt 0.018462 -0.082737 0.000000
vt 0.027868 -0.090109 0.000000
vt 0.038524 -0.095549 0.000000
vt 0.050015 -0.098879 0.000000
vt 2.247884 0.286508 0.000000
vt 2.146566 0.259944 0.000000
vt 2.319931 0.264462 0.000000
vt 5.179931 0.124638 0.000000
vt 4.369931 0.264462 0.000000
vt 4.455954 0.305603 0.000000
vt -4.767725 0.259944 0.000000
vt -4.971653 -0.005987 0.000000
vt -5.060855 -0.147869 0.000000
vt 5.179931 -0.275538 0.000000
vt -5.097964 -0.222989 0.000000
vt 4.967837 -0.337669 0.000000
vt -3.811003 -0.468355 0.000000
vt 4.860725 -0.390096 0.000000
vt 4.752324 -0.468355 0.000000
vt -5.111975 -0.262464 0.000000
vt -5.116504 -0.282894 0.000000
vt -5.117519 -0.293306 0.000000
vt -5.117474 -0.298549 0.000000
vt -5.116690 -0.303709 0.000000
vt -5.116310 -0.304941 0.000000
vt -5.111386 -0.322553 0.000000
vt -5.105661 -0.339922 0.000000
vt -5.088943 -0.351598 0.000000
vt -5.070688 -0.360997 0.000000
vt -5.032607 -0.376123 0.000000
vt -4.953761 -0.398290 0.000000
vt -4.792371 -0.426748 0.000000
vt -4.465410 -0.454567 0.000000
vt 0.812354 0.330604 0.000000
vt 0.623578 0.152955 0.000000
vt 1.324294 0.258932 0.000000
vt 1.324294 -0.357259 0.000000
vt 0.404883 0.013835 0.000000
vt 0.167624 -0.091843 0.000000
vt -0.079299 -0.171666 0.000000
vt -0.586470 -0.282832 0.000000
vt -1.100289 -0.357259 0.000000
vt 8.500934 0.040000 0.000000
vt 0.000000 0.040000 0.000000
vt 8.500934 -0.040000 0.000000
vt 0.000000 -0.040000 0.000000
vt 0.534582 0.047141 0.000000
vt 0.512481 0.086181 0.000000
vt 0.535011 0.040000 0.000000
vt 0.502430 0.092477 0.000000
vt 0.491572 0.096759 0.000000
vt 0.533315 0.054111 0.000000
vt 0.531266 0.060760 0.000000
vt 0.528534 0.066932 0.000000
vt 0.521360 0.077694 0.000000
vt 0.468440 -0.100000 0.000000
vt 0.468440 0.100000 0.000000
vt 0.351330 0.100000 0.000000
vt 0.351330 -0.100000 0.000000
vt 0.234220 0.100000 0.000000
vt 0.234220 -0.100000 0.000000
vt 0.000000 0.100000 0.000000
vt 0.000000 -0.100000 0.000000
vt 0.491556 -0.096764 0.000000
vt 0.502405 -0.092489 0.000000
vt 0.535011 -0.040000 0.000000
vt 0.512467 -0.086193 0.000000
vt 0.521344 -0.077712 0.000000
vt 0.534578 -0.047170 0.000000
vt 0.533306 -0.054149 0.000000
vt 0.531263 -0.060769 0.000000
vt 0.528517 -0.066965 0.000000
vt 0.760763 0.040000 0.000000
vt 0.500859 0.040000 0.000000
vt 0.760763 -0.040000 0.000000
vt 0.500859 -0.040000 0.000000
vt 0.336406 0.040000 0.000000
vt 0.336406 -0.040000 0.000000
vt 0.228500 0.040000 0.000000
vt 0.228500 -0.040000 0.000000
vt 0.155963 0.040000 0.000000
vt 0.155963 -0.040000 0.000000
vt 0.106535 0.040000 0.000000
vt 0.106535 -0.040000 0.000000
vt 0.071833 0.040000 0.000000
vt 0.071833 -0.040000 0.000000
vt 0.047489 0.040000 0.000000
vt 0.047489 -0.040000 0.000000
vt 0.000000 0.040000 0.000000
vt 0.000000 -0.040000 0.000000
vt 0.039931 -0.040000 0.000000
vt 0.039931 0.040000 0.000000
vt 0.023103 -0.040000 0.000000
vt 0.013106 0.040000 0.000000
vt 0.000000 -0.040000 0.000000
vt 0.000000 0.040000 0.000000
vt -0.082128 0.040000 0.000000
vt -0.145926 -0.040000 0.000000
vt -0.145926 0.040000 0.000000
vt -0.176984 0.040000 0.000000
vt -0.176984 -0.040000 0.000000
vt -0.222652 0.040000 0.000000
vt -0.222652 -0.040000 0.000000
vt -0.289446 0.040000 0.000000
vt -0.289446 -0.040000 0.000000
vt -0.386082 0.040000 0.000000
vt -0.386082 -0.040000 0.000000
vt -0.522236 0.040000 0.000000
vt -0.522236 -0.040000 0.000000
vt -0.705555 -0.040000 0.000000
vt -0.705562 0.040000 0.000000
vt -0.937622 0.040000 0.000000
vt -0.937629 -0.040000 0.000000
vt -1.220670 0.040000 0.000000
vt -1.220670 -0.040000 0.000000
vn -0.000000 -0.292596 0.956236
vn -0.000000 -0.292596 0.956236
vn -0.000000 -0.292596 0.956236
vn -0.000000 -0.292596 0.956236
vn -0.000000 -0.292596 0.956236
vn -0.000000 -0.292596 0.956236
vn -0.000000 -0.292596 0.956236
vn -0.000000 -0.292596 0.956236
vn -0.000000 -0.292596 0.956236
vn -0.000000 -0.292596 0.956236
vn -0.000000 -0.292596 0.956236
vn -0.000000 -0.292596 0.956236
vn -0.000000 -0.292596 0.956236
vn -0.000000 -0.292596 0.956236
vn -0.000000 -0.292596 0.956236
vn -0.000000 -0.292596 0.956236
vn -0.000000 -0.292596 0.956236
vn -0.000000 -0.292596 0.956236
vn -0.000000 -0.292596 0.956236
vn -0.000000 -0.292596 0.956236
vn -0.000000 -0.292596 0.956236
vn -0.000000 -0.000000 1.000000
vn -0.000000 -0.000000 1.000000
vn -0.000000 -0.000000 1.000000
vn -0.000000 -0.000000 1.000000
vn -0.000000 0.431455 0.902134
vn -0.000000 0.431455 0.902134
vn -0.000000 0.431455 0.902134
vn -0.000000 0.431455 0.902134
vn -0.000000 0.431455 0.902134
vn -0.000000 0.431455 0.902134
vn -0.000000 0.431455 0.902134
vn -0.000000 0.431455 0.902134
vn -0.000000 0.431455 0.902134
vn -0.000000 0.431455 0.902134
vn -0.000000 0.431455 0.902134
vn -0.000000 0.431455 0.902134
vn -0.000000 0.431455 0.902134
vn -0.000000 0.431455 0.902134
vn -0.000000 0.431455 0.902134
vn -0.000000 0.431455 0.902134
vn -0.000000 0.431455 0.902134
vn -0.000000 0.431455 0.902134
vn -0.000000 0.431455 0.902134
vn -0.000000 0.431455 0.902134
vn -0.000000 0.431455 0.902134
vn -0.000000 0.431455 0.902134
vn 1.000000 0.000000 0.000000
vn 1.000000 0.000000 0.000000
vn 1.000000 0.000000 0.000000
vn 1.000000 0.000000 0.000000
vn 1.000000 0.000000 0.000000
vn 1.000000 0.000000 0.000000
vn 1.000000 0.000000 0.000000
vn 1.000000 0.000000 0.000000
vn 1.000000 0.000000 0.000000
vn 1.000000 0.000000 0.000000
vn 1.000000 0.000000 0.000000
vn 1.000000 0.000000 0.000000
vn 1.000000 0.000000 0.000000
vn 1.000000 0.000000 0.000000
vn 1.000000 0.000000 0.000000
vn 1.000000 0.000000 0.000000
vn 1.000000 0.000000 0.000000
vn 1.000000 0.000000 0.000000
vn 1.000000 0.000000 0.000000
vn 1.000000 0.000000 0.000000
vn 1.000000 0.000000 0.000000
vn 1.000000 0.000000 0.000000
vn 1.000000 0.000000 0.000000
vn 1.000000 0.000000 0.000000
vn 1.000000 0.000000 0.000000
vn 1.000000 0.000000 0.000000
vn 1.000000 0.000000 0.000000
vn 1.000000 0.000000 0.000000
vn 1.000000 0.000000 0.000000
vn 0.946349 -0.076090 0.314062
vn 0.980144 -0.046773 0.192692
vn 0.980144 -0.047778 0.192446
vn 0.980144 -0.048521 0.192260
vn 0.922339 -0.093100 0.374998
vn 0.922339 -0.094548 0.374635
vn 0.865984 -0.120494 0.485338
vn 0.865984 -0.122368 0.484868
vn 0.749662 -0.159468 0.642321
vn 0.749662 -0.161949 0.641700
vn 0.605673 -0.191730 0.772269
vn 0.605673 -0.194713 0.771523
vn 0.434485 -0.217022 0.874142
vn 0.434485 -0.220398 0.873297
vn 0.249035 -0.233362 0.939959
vn 0.249035 -0.236992 0.939051
vn 0.000001 -0.243538 0.969891
vn 0.000000 -0.247827 0.968804
vn 0.876904 -0.113352 0.467110
vn 0.922339 -0.091136 0.375479
vn 0.774972 -0.149248 0.614120
vn 0.640191 -0.181644 0.746432
vn 0.462695 -0.209832 0.861327
vn 0.358883 -0.221014 0.906839
vn 0.246608 -0.229546 0.941538
vn 0.126652 -0.234999 0.963709
vn 0.000002 -0.236923 0.971528
vn 0.249035 -0.239663 0.938373
vn 0.198440 -0.242898 0.949538
vn 0.386320 -0.228587 0.893591
vn 0.561908 -0.205002 0.801395
vn 0.434485 -0.223212 0.872582
vn 0.434485 -0.222882 0.872666
vn 0.711982 -0.174023 0.680292
vn 0.605673 -0.197199 0.770891
vn 0.605673 -0.196907 0.770966
vn 0.834307 -0.136627 0.534103
vn 0.749662 -0.164017 0.641175
vn 0.749662 -0.163774 0.641237
vn 0.926070 -0.093518 0.365581
vn 0.865984 -0.123931 0.484471
vn 0.865984 -0.123748 0.484518
vn 0.981133 -0.047913 0.187303
vn 0.980144 -0.049141 0.192103
vn 0.980144 -0.049068 0.192121
vn 0.922339 -0.095614 0.374365
vn 0.922339 -0.095756 0.374329
vn -0.000000 0.260591 0.965449
vn 0.107185 0.259006 0.959910
vn 0.196019 0.255536 0.946720
vn 0.208941 0.254519 0.944226
vn 0.303639 0.247614 0.920049
vn 0.381339 0.240900 0.892495
vn 0.394249 0.238365 0.887553
vn 0.434485 0.234709 0.869560
vn 0.566746 0.212531 0.796009
vn 0.555850 0.216625 0.802561
vn 0.605673 0.207356 0.768221
vn 0.705834 0.184597 0.683903
vn 0.714273 0.179212 0.676533
vn 0.749662 0.172465 0.638955
vn 0.835340 0.139495 0.531741
vn 0.829237 0.145644 0.539587
vn 0.865984 0.130314 0.482794
vn 0.922695 0.100466 0.372211
vn 0.922339 0.100688 0.373032
vn 0.979537 0.052448 0.194312
vn 0.980144 0.051672 0.191437
vn 0.999972 0.001942 0.007194
vn 1.000000 0.000061 0.000241
vn 0.926670 0.094374 0.363835
vn 0.000000 -0.236769 0.971566
vn 0.000000 -0.236769 0.971566
vn 0.000000 -0.243533 0.969893
vn 0.000000 -0.243533 0.969893
vn 0.000000 -0.247827 0.968804
vn -0.000001 -0.243538 0.969891
vn -0.000002 -0.236923 0.971528
vn -0.249035 -0.234558 0.939662
vn -0.115032 -0.235337 0.965082
vn -0.224783 -0.230810 0.946678
vn -0.327953 -0.223714 0.917823
vn -0.434485 -0.218134 0.873865
vn -0.249035 -0.237449 0.938935
vn -0.434485 -0.220822 0.873190
vn -0.249035 -0.239663 0.938373
vn -0.434486 -0.222882 0.872666
vn -0.386489 -0.228569 0.893523
vn -0.434486 -0.223212 0.872582
vn -0.562145 -0.204962 0.801239
vn -0.605673 -0.196907 0.770966
vn -0.605673 -0.195088 0.771428
vn -0.749662 -0.162261 0.641622
vn -0.749662 -0.160285 0.642118
vn -0.865984 -0.121112 0.485184
vn -0.846133 -0.125748 0.517925
vn -0.922339 -0.091136 0.375479
vn -0.931410 -0.085737 0.353730
vn -0.980144 -0.046772 0.192692
vn -1.000000 0.000000 -0.000000
vn -0.980144 -0.048023 0.192385
vn -1.000000 0.000000 -0.000000
vn -0.980144 -0.048615 0.192236
vn -0.980144 -0.049068 0.192121
vn -0.922339 -0.095614 0.374365
vn -0.926252 -0.093407 0.365147
vn -0.922339 -0.095756 0.374329
vn -0.865984 -0.123931 0.484471
vn -0.865984 -0.123748 0.484518
vn -0.834566 -0.136530 0.533723
vn -0.749662 -0.163774 0.641237
vn -0.749662 -0.164017 0.641175
vn -0.712215 -0.173965 0.680063
vn -0.424191 -0.214377 0.879832
vn -0.593813 -0.190309 0.781773
vn -0.605673 -0.192713 0.772025
vn -0.732201 -0.160915 0.661806
vn -0.980144 -0.049141 0.192103
vn -0.981172 -0.047865 0.187112
vn -0.605673 -0.197199 0.770891
vn -0.865984 -0.122604 0.484809
vn -0.922339 -0.093577 0.374879
vn -0.198536 -0.242893 0.949519
vn -0.922339 -0.094730 0.374589
vn 1.000000 0.000000 -0.000000
vn 0.965926 0.035885 0.256319
vn 0.965926 -0.195634 0.169454
vn 0.963976 -0.004990 0.265942
vn 0.857858 -0.324621 0.398373
vn 0.865725 -0.083687 0.493475
vn 0.710368 -0.398907 0.579871
vn 0.709429 -0.162409 0.685809
vn 0.519202 -0.467829 0.715238
vn 0.506396 -0.235586 0.829495
vn 0.294320 -0.527639 0.796852
vn 0.268541 -0.298826 0.915745
vn 0.054115 -0.573312 0.817548
vn 0.013994 -0.347226 0.937677
vn -0.186090 -0.602059 0.776463
vn -0.240553 -0.377690 0.894139
vn -0.409926 -0.611922 0.676397
vn -0.477753 -0.388141 0.788098
vn -0.500000 -0.654603 0.567005
vn -0.681441 -0.377868 0.626781
vn -0.707107 -0.534481 0.462958
vn -0.837736 -0.347570 0.421181
vn -0.866025 -0.377935 0.327361
vn -0.869587 -0.098162 0.483925
vn -0.965926 -0.195634 0.169454
vn -0.966776 -0.050426 0.250604
vn -1.000000 0.000000 0.000000
vn -0.965926 0.035885 0.256319
vn -0.866025 0.069324 0.495171
vn -0.714981 -0.128132 0.687302
vn -0.707107 0.098039 0.700277
vn -0.513496 -0.138295 0.846875
vn -0.500000 0.120073 0.857661
vn -0.278861 -0.127956 0.951769
vn -0.258819 0.133924 0.956597
vn -0.027067 -0.097822 0.994836
vn 0.000000 0.138648 0.990342
vn 0.224728 -0.049946 0.973141
vn 0.258819 0.133924 0.956597
vn 0.459561 0.012472 0.888059
vn 0.500000 0.120073 0.857661
vn 0.660848 0.084997 0.745691
vn 0.707107 0.098039 0.700277
vn 0.866025 0.069324 0.495171
vn -0.258819 -0.730115 0.632412
vn 0.000000 -0.755870 0.654722
vn 0.258819 -0.730115 0.632412
vn 0.500000 -0.654603 0.567005
vn 0.707107 -0.534481 0.462958
vn 0.866025 -0.377935 0.327361
vn 0.024251 -0.103065 0.994379
vn 0.047304 -0.102992 0.993557
vn -0.000000 -0.103090 0.994672
vn 0.225873 -0.107471 0.968211
vn 0.225883 -0.115019 0.967340
vn 0.357233 -0.110280 0.927482
vn 0.225888 -0.123067 0.966348
vn 0.357232 -0.117997 0.926532
vn 0.225884 -0.131615 0.965222
vn 0.357233 -0.126192 0.925452
vn 0.225873 -0.140660 0.963948
vn 0.357233 -0.134864 0.924227
vn 0.225866 -0.150200 0.962509
vn 0.357234 -0.144010 0.922846
vn 0.225892 -0.160736 0.960800
vn 0.357235 -0.154113 0.921212
vn 0.225935 -0.173451 0.958576
vn 0.357237 -0.166305 0.919089
vn 0.225959 -0.189541 0.955519
vn 0.357237 -0.181734 0.916163
vn 0.225938 -0.208138 0.951646
vn 0.357236 -0.199565 0.912445
vn 0.225888 -0.229219 0.946802
vn 0.357234 -0.219775 0.907790
vn 0.225874 -0.253006 0.940728
vn 0.357231 -0.242580 0.901965
vn 0.225949 -0.281521 0.932573
vn 0.357206 -0.269928 0.894172
vn 0.225947 -0.314930 0.921828
vn 0.357206 -0.301962 0.883868
vn 0.225880 -0.344955 0.911035
vn 0.357229 -0.330742 0.873497
vn 0.225921 -0.378796 0.897482
vn 0.357191 -0.363197 0.860524
vn 0.226171 -0.416302 0.880647
vn 0.356995 -0.399215 0.844501
vn 0.226428 -0.456749 0.860297
vn 0.356794 -0.438065 0.825104
vn 0.226532 -0.499999 0.835873
vn 0.356713 -0.479574 0.801726
vn 0.226418 -0.545771 0.806765
vn 0.356804 -0.523443 0.773756
vn 0.226135 -0.593891 0.772112
vn 0.357026 -0.569504 0.740404
vn 0.225884 -0.643353 0.731487
vn 0.357220 -0.616848 0.701351
vn 0.225938 -0.691495 0.686139
vn 0.357176 -0.663026 0.657891
vn 0.000046 -0.755808 0.654793
vn 0.262077 -0.729403 0.631891
vn 0.481128 -0.622293 0.617469
vn 0.598021 -0.568936 0.564520
vn 0.598100 -0.529270 0.601788
vn 0.707093 -0.466990 0.530981
vn 0.706890 -0.431224 0.560671
vn 0.848279 -0.322841 0.419758
vn 0.848253 -0.296735 0.438651
vn 0.912825 -0.228805 0.338230
vn 0.912827 -0.209634 0.350430
vn 0.959997 -0.143750 0.240295
vn 0.959994 -0.131325 0.247314
vn 0.989573 -0.067550 0.127211
vn 0.989572 -0.061569 0.130218
vn 1.000000 0.000000 0.000000
vn 0.989571 -0.056018 0.132708
vn 1.000000 -0.000000 -0.000000
vn 0.989571 -0.051008 0.134713
vn 0.989572 -0.046566 0.136301
vn 0.959982 -0.099171 0.261914
vn 0.959988 -0.090535 0.265002
vn 0.912814 -0.144608 0.381915
vn 0.912824 -0.132016 0.386424
vn 0.848304 -0.187501 0.495200
vn 0.848314 -0.171180 0.501060
vn 0.707102 -0.250390 0.661295
vn 0.707080 -0.228608 0.669161
vn 0.598114 -0.283783 0.749484
vn 0.598061 -0.259100 0.758413
vn 0.481227 -0.310408 0.819797
vn 0.481167 -0.283405 0.829554
vn 0.068643 -0.102884 0.992322
vn 0.088217 -0.102749 0.990788
vn 0.122611 -0.102431 0.987155
vn 0.153664 -0.102053 0.982839
vn 0.252528 -0.100264 0.962381
vn 0.357233 -0.103041 0.928314
vn 0.395496 -0.095952 0.913442
vn 0.481236 -0.096705 0.871240
vn 0.591552 -0.085790 0.801689
vn 0.598123 -0.088410 0.796513
vn 0.707107 -0.078006 0.702791
vn 0.707107 -0.083489 0.702161
vn 0.822520 -0.062740 0.565265
vn 0.848307 -0.062519 0.525801
vn 0.912816 -0.048217 0.405515
vn 0.848309 -0.066893 0.525260
vn 0.912817 -0.051590 0.405097
vn 0.848307 -0.071540 0.524649
vn 0.912816 -0.055174 0.404626
vn 0.848304 -0.076457 0.523960
vn 0.912814 -0.058966 0.404097
vn 0.848302 -0.081642 0.523181
vn 0.912812 -0.062966 0.403497
vn 0.848311 -0.087367 0.522240
vn 0.912819 -0.067379 0.402767
vn 0.848327 -0.094275 0.521013
vn 0.912831 -0.072706 0.401813
vn 0.848335 -0.103020 0.519341
vn 0.912837 -0.079450 0.400519
vn 0.848327 -0.113130 0.517246
vn 0.912831 -0.087248 0.398907
vn 0.848309 -0.124593 0.514634
vn 0.912818 -0.096091 0.396901
vn 0.848303 -0.137525 0.511340
vn 0.912813 -0.106064 0.394363
vn 0.848314 -0.153023 0.506899
vn 0.912825 -0.118013 0.390926
vn 0.999996 -0.000339 0.002810
vn 0.989571 -0.017007 0.143037
vn 0.959983 -0.033066 0.278098
vn 1.000000 0.000000 0.000000
vn 0.989571 -0.020799 0.142537
vn 0.989571 -0.019461 0.142724
vn 0.989571 -0.018197 0.142889
vn 0.959983 -0.037838 0.277489
vn 0.959984 -0.035380 0.277811
vn 1.000000 -0.000000 -0.000000
vn 0.989573 -0.030775 0.140704
vn 0.989574 -0.028023 0.141272
vn 0.989573 -0.025644 0.141729
vn 0.959994 -0.054485 0.274667
vn 0.959991 -0.049860 0.275556
vn 0.989572 -0.041626 0.137890
vn 0.989571 -0.037412 0.139104
vn 0.959989 -0.080931 0.268090
vn 0.959982 -0.072737 0.270452
vn 0.989573 -0.073942 0.123601
vn 1.000000 0.000000 0.000000
vn 0.989573 -0.080705 0.119299
vn 0.989572 -0.087816 0.114175
vn 0.959988 -0.170730 0.221979
vn 0.959982 -0.184956 0.210301
vn 0.912812 -0.269697 0.306654
vn 0.912813 -0.289892 0.287637
vn 0.848295 -0.375889 0.372965
vn 0.867707 -0.375692 0.325485
vn 0.707116 -0.534430 0.463004
vn 0.989571 -0.095131 0.108166
vn 1.000000 -0.000000 -0.000000
vn 0.989571 -0.102253 0.101458
vn 0.965057 -0.198051 0.171583
vn 0.959983 -0.198803 0.197257
vn 0.707047 -0.501989 0.498088
vn 0.497096 -0.655819 0.568152
vn 0.002216 -0.592666 0.805445
vn 0.002318 -0.439703 0.898140
vn 0.000396 -0.321595 0.946877
vn 0.000035 -0.241672 0.970358
vn 0.000002 -0.151781 0.988414
vn 0.989571 -0.033895 0.139998
vn 0.959984 -0.065899 0.272191
vn 0.989571 -0.022210 0.142326
vn 0.989572 -0.023766 0.142068
vn 0.598119 -0.094623 0.795801
vn 0.598117 -0.101244 0.794988
vn 0.707106 -0.089331 0.701442
vn 0.598119 -0.108275 0.794059
vn 0.707107 -0.095535 0.700624
vn 0.598123 -0.115716 0.793006
vn 0.707107 -0.102100 0.699697
vn 0.598126 -0.123564 0.791819
vn 0.707107 -0.109025 0.698651
vn 0.598120 -0.132233 0.790422
vn 0.707110 -0.116673 0.697412
vn 0.598109 -0.142696 0.788608
vn 0.707114 -0.125903 0.695801
vn 0.598102 -0.155936 0.786103
vn 0.707115 -0.137584 0.693584
vn 0.598107 -0.171234 0.782910
vn 0.707112 -0.151082 0.690772
vn 0.598120 -0.188572 0.778905
vn 0.707108 -0.166383 0.687252
vn 0.598119 -0.208142 0.773906
vn 0.707104 -0.183651 0.682844
vn 0.598060 -0.231618 0.767253
vn 0.707080 -0.204362 0.676960
vn 0.481232 -0.103500 0.870462
vn 0.481229 -0.110742 0.869572
vn 0.481231 -0.118434 0.868556
vn 0.481236 -0.126572 0.867405
vn 0.481239 -0.135156 0.866107
vn 0.481232 -0.144639 0.864578
vn 0.481217 -0.156083 0.862594
vn 0.481208 -0.170565 0.859852
vn 0.481214 -0.187298 0.856360
vn 0.481232 -0.206264 0.851981
vn 0.481233 -0.227667 0.846512
vn 0.481166 -0.253342 0.839224
vn 0.959985 -0.046207 0.276213
vn 0.959981 -0.043182 0.276716
vn 0.959982 -0.040439 0.277127
vn 0.959991 -0.059834 0.273563
vn 0.959982 -0.108912 0.258015
vn 0.959988 -0.119701 0.253168
vn 0.912813 -0.158814 0.376232
vn 0.912819 -0.174554 0.369179
vn 0.912824 -0.191513 0.360659
vn 0.848297 -0.205925 0.487839
vn 0.848275 -0.226356 0.478741
vn 0.848251 -0.248372 0.467740
vn 0.848242 -0.271885 0.454493
vn 0.707063 -0.274998 0.651490
vn 0.706859 -0.302346 0.639483
vn 0.706649 -0.331829 0.624929
vn 0.706565 -0.363280 0.607284
vn 0.706660 -0.396449 0.586055
vn 0.598047 -0.311664 0.738380
vn 0.597687 -0.342669 0.724809
vn 0.597317 -0.376106 0.708348
vn 0.597168 -0.411771 0.688357
vn 0.597334 -0.449368 0.664274
vn 0.597742 -0.488762 0.635465
vn 0.481156 -0.340886 0.807642
vn 0.480772 -0.374756 0.792727
vn 0.480378 -0.411289 0.774647
vn 0.480219 -0.450284 0.752751
vn 0.480396 -0.491429 0.726441
vn 0.480831 -0.534573 0.695006
vn 0.481212 -0.578926 0.658239
vn 0.912818 -0.248962 0.323698
vn 0.959995 -0.156900 0.231933
vn 0.848301 -0.349696 0.397616
vn 0.965926 0.035885 0.256319
vn 0.965926 0.035885 0.256319
vn 1.000000 -0.000000 -0.000000
vn 0.965926 0.035885 0.256319
vn 0.965926 0.035885 0.256319
vn 0.965926 0.035885 0.256319
vn 0.866025 0.069324 0.495171
vn 0.866025 0.069324 0.495171
vn 0.707107 0.098039 0.700277
vn 0.707107 0.098039 0.700277
vn 0.500000 0.120073 0.857661
vn 0.500000 0.120073 0.857661
vn 0.258819 0.133924 0.956597
vn 0.258819 0.133924 0.956597
vn 0.000000 0.138648 0.990342
vn -0.258819 0.133924 0.956597
vn -0.258819 0.133924 0.956597
vn -0.500000 0.120073 0.857661
vn -0.500000 0.120073 0.857661
vn -0.707107 0.098039 0.700277
vn -0.707107 0.098039 0.700277
vn -0.866025 0.069324 0.495171
vn -0.866025 0.069324 0.495171
vn -0.965926 0.035885 0.256319
vn -0.965926 0.035885 0.256319
vn -1.000000 0.000000 0.000000
vn -0.965926 0.035885 0.256319
vn -1.000000 -0.000000 -0.000000
vn -0.965926 0.035885 0.256319
vn -0.965926 0.035885 0.256319
vn -0.866025 0.069324 0.495171
vn -0.866025 0.069324 0.495171
vn -0.707107 0.098039 0.700277
vn -0.707107 0.098039 0.700277
vn -0.500000 0.120073 0.857661
vn -0.500000 0.120073 0.857661
vn -0.258819 0.133924 0.956597
vn -0.258819 0.133924 0.956597
vn -0.000000 0.138648 0.990342
vn -0.000000 0.138648 0.990342
vn 0.258819 0.133924 0.956597
vn 0.000000 0.138648 0.990342
vn 0.258819 0.133924 0.956597
vn 0.866025 0.069324 0.495171
vn 0.866025 0.069324 0.495171
vn 0.866025 0.069324 0.495171
vn 0.707107 0.098039 0.700277
vn 0.707107 0.098039 0.700277
vn 0.707107 0.098039 0.700277
vn 0.500000 0.120073 0.857661
vn 0.500000 0.120073 0.857661
vn 0.500000 0.120073 0.857661
vn 0.258819 0.133924 0.956597
vn -0.258819 0.133924 0.956597
vn -0.500000 0.120073 0.857661
vn -0.707107 0.098039 0.700277
vn -0.866025 0.069324 0.495171
vn -0.797664 -0.066184 0.599459
vn -0.989571 -0.017007 0.143036
vn -0.999996 -0.000339 0.002810
vn -0.989571 -0.018118 0.142899
vn -0.989571 -0.019294 0.142746
vn -0.959984 -0.035226 0.277830
vn -0.959984 -0.037512 0.277531
vn -0.912818 -0.051366 0.405123
vn -0.912817 -0.054698 0.404689
vn -0.848310 -0.066602 0.525295
vn -0.848309 -0.070923 0.524730
vn -0.707106 -0.088942 0.701491
vn -0.707106 -0.094712 0.700735
vn -0.598118 -0.100803 0.795043
vn -0.598119 -0.107343 0.794186
vn -0.481230 -0.110261 0.869632
vn -0.481232 -0.117414 0.868695
vn -0.357234 -0.117483 0.926597
vn -0.357234 -0.125105 0.925598
vn -0.225890 -0.122532 0.966416
vn -0.225887 -0.130481 0.965375
vn -0.000002 -0.151781 0.988414
vn -0.225878 -0.138866 0.964207
vn -0.225870 -0.147685 0.962898
vn -0.357235 -0.141599 0.923219
vn -0.357236 -0.150618 0.921790
vn -0.481237 -0.141358 0.865118
vn -0.481224 -0.151410 0.863423
vn -0.598114 -0.138424 0.789366
vn -0.598105 -0.149181 0.787410
vn -0.707115 -0.131624 0.694740
vn -0.707115 -0.142495 0.692592
vn -0.848335 -0.106698 0.518598
vn -0.848324 -0.115870 0.516643
vn -0.912829 -0.089361 0.398444
vn -0.912817 -0.097224 0.396627
vn -0.959984 -0.066676 0.272003
vn -0.959982 -0.072667 0.270469
vn -0.989571 -0.037376 0.139113
vn -0.989572 -0.040996 0.138079
vn -1.000000 -0.000000 -0.000000
vn -0.989573 -0.044614 0.136949
vn -1.000000 -0.000000 -0.000000
vn -0.989572 -0.048646 0.135577
vn -0.989571 -0.053073 0.133914
vn -0.959986 -0.094578 0.263595
vn -0.959982 -0.103186 0.260362
vn -0.912820 -0.137910 0.384369
vn -0.912813 -0.150462 0.379650
vn -0.848311 -0.178820 0.498390
vn -0.848304 -0.195091 0.492261
vn -0.707090 -0.238806 0.665579
vn -0.707107 -0.260524 0.657364
vn -0.598086 -0.270656 0.754346
vn -0.598126 -0.295266 0.745026
vn -0.481196 -0.296048 0.825110
vn -0.481240 -0.322968 0.814923
vn -0.357218 -0.315437 0.879144
vn -0.357235 -0.344125 0.868309
vn -0.225918 -0.328987 0.916912
vn -0.225869 -0.358916 0.905628
vn -0.000396 -0.321595 0.946877
vn -0.002318 -0.439703 0.898140
vn -0.561048 -0.087777 0.823116
vn -0.707107 -0.078011 0.702790
vn -0.707107 -0.083489 0.702161
vn -0.848308 -0.062519 0.525799
vn -0.372192 -0.096808 0.923093
vn -0.481237 -0.096708 0.871239
vn -0.598124 -0.088414 0.796512
vn -0.357235 -0.103044 0.928313
vn -0.239750 -0.100547 0.965614
vn -0.148327 -0.102124 0.983651
vn -0.225875 -0.107472 0.968210
vn -0.119110 -0.102468 0.987579
vn -0.085328 -0.102771 0.991038
vn -0.066298 -0.102898 0.992480
vn -0.225885 -0.115019 0.967340
vn -0.045529 -0.103000 0.993639
vn -0.023293 -0.103067 0.994402
vn -0.000035 -0.241672 0.970358
vn -0.225955 -0.181332 0.957112
vn -0.225921 -0.168259 0.959504
vn -0.225882 -0.157091 0.961405
vn -0.357238 -0.161326 0.919975
vn -0.225943 -0.277262 0.933850
vn -0.225876 -0.252763 0.940793
vn -0.225884 -0.231921 0.946144
vn -0.357233 -0.242348 0.902027
vn -0.357236 -0.222366 0.907158
vn -0.481234 -0.227449 0.846570
vn -0.481235 -0.208695 0.851387
vn -0.598120 -0.207942 0.773959
vn -0.598122 -0.190795 0.778362
vn -0.707104 -0.183476 0.682891
vn -0.707108 -0.168344 0.686774
vn -0.848305 -0.137393 0.511373
vn -0.848309 -0.126062 0.514277
vn -0.912814 -0.105962 0.394389
vn -0.002216 -0.592666 0.805445
vn -0.226527 -0.511342 0.828984
vn -0.226482 -0.469363 0.853466
vn -0.226271 -0.429878 0.874074
vn -0.356756 -0.450176 0.818576
vn -0.356921 -0.412256 0.838243
vn -0.480300 -0.422673 0.768544
vn -0.480624 -0.387022 0.786902
vn -0.597243 -0.386521 0.702782
vn -0.597548 -0.353897 0.719509
vn -0.706607 -0.341012 0.620014
vn -0.706779 -0.312247 0.634795
vn -0.848248 -0.255232 0.464038
vn -0.848267 -0.233748 0.475189
vn -0.912826 -0.196798 0.357797
vn -0.912821 -0.180247 0.366426
vn -0.959996 -0.134949 0.245349
vn -0.959991 -0.123604 0.251276
vn -0.989573 -0.069414 0.126201
vn -0.989572 -0.063576 0.129246
vn -1.000000 -0.000000 0.000000
vn -0.989571 -0.058127 0.131795
vn -0.000046 -0.755808 0.654793
vn -0.225876 -0.648483 0.726946
vn -0.226089 -0.601462 0.766242
vn -0.226372 -0.555528 0.800090
vn -0.357065 -0.576748 0.734756
vn -0.356844 -0.532786 0.767334
vn -0.480906 -0.541357 0.689683
vn -0.480473 -0.500185 0.720390
vn -0.597812 -0.494956 0.630587
vn -0.597405 -0.457364 0.658730
vn -0.706929 -0.436692 0.556373
vn -0.706699 -0.403506 0.581170
vn -0.848285 -0.326947 0.416556
vn -0.848259 -0.302028 0.435012
vn -0.912818 -0.252133 0.321235
vn -0.912824 -0.232891 0.335431
vn -0.959987 -0.172906 0.220292
vn -0.959994 -0.159703 0.230015
vn -0.989572 -0.088935 0.113307
vn -0.989573 -0.082146 0.118312
vn -1.000000 -0.000000 0.000000
vn -0.989573 -0.075618 0.122583
vn -0.225944 -0.693876 0.683729
vn -0.262077 -0.729403 0.631891
vn -0.357175 -0.665311 0.655581
vn -0.497096 -0.655819 0.568152
vn -0.481123 -0.624438 0.615303
vn -0.707116 -0.534430 0.463004
vn -0.598016 -0.570898 0.562541
vn -0.707044 -0.503719 0.496342
vn -0.598116 -0.533484 0.598040
vn -0.707101 -0.470710 0.527674
vn -0.867707 -0.375692 0.325485
vn -0.848296 -0.377182 0.371656
vn -0.848303 -0.352484 0.395142
vn -0.912814 -0.290888 0.286627
vn -0.965057 -0.198051 0.171583
vn -0.959983 -0.199487 0.196564
vn -0.989571 -0.102605 0.101102
vn -0.959982 -0.186432 0.208993
vn -0.989571 -0.095890 0.107494
vn -1.000000 0.000000 0.000000
vn -1.000000 0.000000 0.000000
vn -0.989573 -0.031521 0.140541
vn -0.989571 -0.034294 0.139902
vn -0.989571 -0.020534 0.142575
vn -0.989571 -0.021838 0.142383
vn -0.989571 -0.023228 0.142159
vn -0.959982 -0.042458 0.276826
vn -0.959983 -0.045160 0.276392
vn -0.912813 -0.061911 0.403658
vn -0.912816 -0.065852 0.403026
vn -0.848304 -0.080275 0.523390
vn -0.848308 -0.085387 0.522573
vn -0.707107 -0.107199 0.698934
vn -0.707108 -0.114027 0.697851
vn -0.598126 -0.121495 0.792139
vn -0.598123 -0.129234 0.790915
vn -0.481240 -0.132893 0.866457
vn -0.989574 -0.026809 0.141508
vn -0.989573 -0.024877 0.141869
vn -0.225929 -0.213176 0.950532
vn -0.357237 -0.204395 0.911375
vn -0.481219 -0.191831 0.855353
vn -0.598110 -0.175378 0.781989
vn -0.707111 -0.154739 0.689963
vn -0.225965 -0.301735 0.926227
vn -0.226007 -0.393043 0.891313
vn -0.356722 -0.490452 0.795114
vn -0.480233 -0.460493 0.746540
vn -0.597180 -0.421103 0.682677
vn -0.706572 -0.371511 0.602275
vn -0.848245 -0.278045 0.450746
vn -0.912827 -0.214385 0.347542
vn -0.959997 -0.147008 0.238315
vn -0.357234 -0.110280 0.927481
vn -0.481233 -0.103500 0.870461
vn -0.598120 -0.094623 0.795801
vn -0.912817 -0.048217 0.405513
vn -0.959984 -0.033066 0.278097
vn -0.707112 -0.122134 0.696473
vn -0.848322 -0.091454 0.521522
vn -0.912827 -0.070530 0.402209
vn -0.959989 -0.048368 0.275828
vn -0.959983 -0.039923 0.277199
vn -0.912815 -0.058214 0.404203
vn -0.848306 -0.075481 0.524098
vn -0.707107 -0.100798 0.699886
vn -0.598123 -0.114240 0.793220
vn -0.481236 -0.124958 0.867639
vn -0.357235 -0.133144 0.924476
vn -0.357211 -0.265844 0.895392
vn -0.357202 -0.289311 0.888091
vn -0.481175 -0.249508 0.840367
vn -0.481154 -0.271535 0.833522
vn -0.598067 -0.228113 0.768297
vn -0.598049 -0.248250 0.762043
vn -0.707083 -0.201270 0.677882
vn -0.707075 -0.219034 0.672361
vn -0.848314 -0.150709 0.507592
vn -0.848318 -0.164008 0.503447
vn -0.912824 -0.116228 0.391462
vn -0.912828 -0.126484 0.388262
vn -0.959988 -0.079707 0.268458
vn -0.959990 -0.086740 0.266262
vn -0.959990 -0.061283 0.273246
vn -0.959994 -0.056430 0.274274
vn -0.989574 -0.029024 0.141070
vn -0.959994 -0.052124 0.275127
vn -0.225959 -0.196307 0.954152
vn -0.357239 -0.188222 0.914851
vn -0.481210 -0.176653 0.858621
vn -0.598103 -0.161502 0.784978
vn -0.357128 -0.376875 0.854649
vn -0.481029 -0.353746 0.802169
vn -0.597928 -0.323435 0.733397
vn -0.706995 -0.285383 0.647082
vn -0.848291 -0.213686 0.484500
vn -0.912816 -0.164794 0.373645
vn -0.959985 -0.113011 0.256237
vn -0.357230 -0.621763 0.696992
vn -0.481230 -0.583536 0.654144
vn -0.912813 -0.271848 0.304748
vn -0.357239 -0.173862 0.917688
vn -0.481212 -0.163176 0.861283
vn -0.848334 -0.098557 0.520208
vn -0.912836 -0.076008 0.401189
vn -0.912837 -0.082286 0.399946
vn -1.000000 -0.000000 -0.000000
vn -1.000000 -0.000000 -0.000000
vn -1.000000 -0.000000 -0.000000
vn -0.000000 1.000000 0.000000
vn -0.000000 1.000000 0.000000
vn -0.000000 1.000000 0.000000
vn -0.000000 1.000000 0.000000
vn -0.000000 1.000000 0.000000
vn -0.000000 1.000000 0.000000
vn -0.000000 1.000000 0.000000
vn -0.000000 1.000000 0.000000
vn -0.000000 1.000000 0.000000
vn -0.000000 1.000000 0.000000
vn -0.000000 1.000000 0.000000
vn -0.000000 1.000000 0.000000
vn -0.000000 1.000000 0.000000
vn -0.000000 1.000000 0.000000
vn -0.000000 1.000000 0.000000
vn 0.945985 -0.000000 -0.324211
vn 0.965926 -0.000000 -0.258819
vn 0.965926 -0.000000 -0.258819
vn 0.965926 -0.000000 -0.258819
vn 0.866025 -0.000000 -0.500000
vn 0.866025 -0.000000 -0.500000
vn 0.707107 -0.000000 -0.707107
vn 0.707107 -0.000000 -0.707107
vn 0.500000 -0.000000 -0.866025
vn 0.500000 -0.000000 -0.866025
vn 0.258819 -0.000000 -0.965926
vn 0.258819 -0.000000 -0.965926
vn 0.119017 -0.000000 -0.992892
vn 0.258819 -0.000000 -0.965926
vn 0.258819 -0.000000 -0.965926
vn 0.500000 -0.000000 -0.866025
vn 0.500000 -0.000000 -0.866025
vn 0.707107 -0.000000 -0.707107
vn 0.707107 -0.000000 -0.707107
vn 0.866025 -0.000000 -0.500000
vn 0.866025 -0.000000 -0.500000
vn 0.965926 -0.000000 -0.258819
vn 0.965926 -0.000000 -0.258819
vn 0.965926 -0.000000 -0.258819
vn 0.965926 -0.000000 -0.258819
vn 0.866025 -0.000000 -0.500000
vn 0.866025 -0.000000 -0.500000
vn 0.707107 -0.000000 -0.707107
vn 0.707107 -0.000000 -0.707107
vn 0.500000 -0.000000 -0.866025
vn 0.500000 -0.000000 -0.866025
vn 0.258819 -0.000000 -0.965926
vn 0.258819 -0.000000 -0.965926
vn -0.000000 -0.000000 -1.000000
vn 0.258819 -0.000000 -0.965926
vn 0.258819 -0.000000 -0.965926
vn 0.500000 -0.000000 -0.866025
vn 0.500000 -0.000000 -0.866025
vn 0.707107 -0.000000 -0.707107
vn 0.707107 -0.000000 -0.707107
vn 0.866025 -0.000000 -0.500000
vn 0.866025 -0.000000 -0.500000
vn 0.965926 -0.000000 -0.258819
vn 0.965926 -0.000000 -0.258819
vn 0.965926 -0.000000 -0.258819
vn 0.965926 -0.000000 -0.258819
vn 0.866025 -0.000000 -0.500000
vn 0.866025 -0.000000 -0.500000
vn 0.707107 -0.000000 -0.707107
vn 0.707107 -0.000000 -0.707107
vn 0.500000 -0.000000 -0.866025
vn 0.500000 -0.000000 -0.866025
vn 0.258819 -0.000000 -0.965926
vn 0.258819 -0.000000 -0.965926
vn 0.258819 -0.000000 -0.965926
vn 0.258819 -0.000000 -0.965926
vn 0.500000 -0.000000 -0.866025
vn 0.500000 -0.000000 -0.866025
vn 0.707107 -0.000000 -0.707107
vn 0.707107 -0.000000 -0.707107
vn 0.866025 -0.000000 -0.500000
vn 0.866025 -0.000000 -0.500000
vn 0.965926 -0.000000 -0.258819
vn 0.965926 -0.000000 -0.258819
vn 0.965926 -0.000000 -0.258819
vn 0.866025 -0.000000 -0.500000
vn 0.707107 -0.000000 -0.707107
vn 0.500000 -0.000000 -0.866025
vn 0.258819 -0.000000 -0.965926
vn 0.866025 -0.000000 -0.500000
vn 0.874602 -0.000000 -0.484842
vn 0.769686 -0.000000 -0.638423
vn 0.707107 -0.000000 -0.707107
vn 0.628217 -0.000000 -0.778038
vn 0.500000 -0.000000 -0.866025
vn 0.448867 -0.000000 -0.893599
vn 0.345999 -0.000000 -0.938235
vn 0.258819 -0.000000 -0.965926
vn 0.235190 -0.000000 -0.971949
vn -0.000000 -0.000000 -1.000000
vn 0.258819 -0.000000 -0.965926
vn 0.258819 -0.000000 -0.965926
vn 0.500000 -0.000000 -0.866025
vn 0.965926 -0.000000 -0.258819
vn 0.965926 -0.000000 -0.258819
vn 0.965926 -0.000000 -0.258819
vn 0.866025 -0.000000 -0.500000
vn 0.866025 -0.000000 -0.500000
vn 0.707107 -0.000000 -0.707107
vn 0.500000 -0.000000 -0.866025
vn 0.258819 -0.000000 -0.965926
vn 0.965926 -0.000000 -0.258819
vn 0.965926 -0.000000 -0.258819
vn 0.965926 -0.000000 -0.258819
vn 0.866025 -0.000000 -0.500000
vn 0.866025 -0.000000 -0.500000
vn 0.707107 -0.000000 -0.707107
vn 0.866025 -0.000000 -0.500000
vn 0.965926 -0.000000 -0.258819
vn 0.866025 -0.000000 -0.500000
vn 0.707107 -0.000000 -0.707107
vn 0.965926 -0.000000 -0.258819
vn 0.866025 -0.000000 -0.500000
vn 0.866025 -0.000000 -0.500000
vn 0.707107 -0.000000 -0.707107
vn 0.866025 -0.000000 -0.500000
vn 0.707107 -0.000000 -0.707107
vn 0.500000 -0.000000 -0.866025
vn 0.258819 -0.000000 -0.965926
vn 0.965926 -0.000000 -0.258819
vn 0.965926 -0.000000 -0.258819
vn 0.965926 -0.000000 -0.258819
vn 0.866025 -0.000000 -0.500000
vn 0.866025 -0.000000 -0.500000
vn 0.707107 -0.000000 -0.707107
vn 0.866025 -0.000000 -0.500000
vn 0.965926 -0.000000 -0.258819
vn 0.707107 -0.000000 -0.707107
vn 0.500000 -0.000000 -0.866025
vn 0.258819 -0.000000 -0.965926
vn 0.707107 -0.000000 -0.707107
vn 0.707107 -0.000000 -0.707107
vn 0.500000 -0.000000 -0.866025
vn 0.258819 -0.000000 -0.965926
vn 0.707107 -0.000000 -0.707107
vn 0.707107 -0.000000 -0.707107
vn 0.500000 -0.000000 -0.866025
vn 0.258819 -0.000000 -0.965926
vn 0.707107 -0.000000 -0.707107
vn 0.500000 -0.000000 -0.866025
vn 0.258819 -0.000000 -0.965926
vn 0.500000 -0.000000 -0.866025
vn 0.500000 -0.000000 -0.866025
vn 0.500000 -0.000000 -0.866025
vn 0.500000 -0.000000 -0.866025
vn 0.258819 -0.000000 -0.965926
vn 0.500000 -0.000000 -0.866025
vn 0.258819 -0.000000 -0.965926
vn 0.258819 -0.000000 -0.965926
vn 0.258819 -0.000000 -0.965926
vn -0.000000 0.774864 -0.632128
vn 0.195831 0.748324 -0.633768
vn 0.000038 0.639111 -0.769114
vn 0.249034 0.610219 -0.752074
vn 0.000059 0.582531 -0.812808
vn 0.249034 0.552744 -0.795271
vn 0.000085 0.510367 -0.859957
vn 0.249034 0.480032 -0.841161
vn 0.000108 0.423886 -0.905716
vn 0.249034 0.394271 -0.884608
vn 0.000461 0.328072 -0.944653
vn 0.249062 0.297647 -0.921615
vn 0.249036 0.239332 -0.938457
vn 0.434506 0.276799 -0.857080
vn 0.434479 0.222574 -0.872748
vn 0.605784 0.244547 -0.757114
vn 0.605701 0.196623 -0.771016
vn 0.749784 0.203448 -0.629629
vn 0.749696 0.163517 -0.641263
vn 0.866062 0.153787 -0.475695
vn 0.866006 0.123536 -0.484534
vn 0.922386 0.118859 -0.367529
vn 0.922351 0.095442 -0.374378
vn 0.980156 0.061027 -0.188598
vn 0.980147 0.048973 -0.192128
vn 0.381747 0.690108 -0.614834
vn 0.434485 0.567491 -0.699412
vn 0.434485 0.514041 -0.739584
vn 0.434485 0.446419 -0.782261
vn 0.434485 0.366664 -0.822667
vn 0.556543 0.604818 -0.569610
vn 0.605672 0.501356 -0.617902
vn 0.605672 0.454135 -0.653393
vn 0.605672 0.394394 -0.691097
vn 0.605672 0.323932 -0.726793
vn 0.707107 0.516528 -0.482907
vn 0.749662 0.416993 -0.513930
vn 0.749662 0.377718 -0.543449
vn 0.749662 0.328029 -0.574808
vn 0.749662 0.269424 -0.604498
vn 0.830851 0.402715 -0.384066
vn 0.865984 0.315079 -0.388325
vn 0.865984 0.285403 -0.410630
vn 0.865984 0.247858 -0.434325
vn 0.865984 0.203576 -0.456758
vn 0.924323 0.273662 -0.265964
vn 0.922339 0.243447 -0.300041
vn 0.922339 0.220517 -0.317275
vn 0.922339 0.191508 -0.335583
vn 0.922339 0.157294 -0.352917
vn 0.980647 0.139266 -0.137612
vn 0.980144 0.124935 -0.153979
vn 0.980144 0.113167 -0.162823
vn 0.980144 0.098280 -0.172219
vn 0.980144 0.080722 -0.181114
vn 0.980145 0.031928 -0.195693
vn 0.980148 0.040041 -0.194180
vn 0.922356 0.078010 -0.378383
vn 0.866014 0.100953 -0.489723
vn 0.749709 0.133587 -0.648144
vn 0.605712 0.160600 -0.779308
vn 0.434479 0.181787 -0.882146
vn 0.249037 0.195480 -0.948561
vn 0.000225 0.228106 -0.973636
vn 0.980145 0.017018 -0.197551
vn 0.980151 0.020707 -0.197166
vn 0.980152 0.025675 -0.196577
vn 0.922367 0.040343 -0.384203
vn 0.922370 0.050036 -0.383054
vn 0.866031 0.052207 -0.497257
vn 0.866036 0.064762 -0.495770
vn 0.749735 0.069083 -0.658123
vn 0.749742 0.085719 -0.656154
vn 0.605740 0.083051 -0.791316
vn 0.605747 0.103074 -0.788953
vn 0.434501 0.094007 -0.895752
vn 0.434501 0.116682 -0.893081
vn 0.249053 0.101086 -0.963200
vn 0.249054 0.125471 -0.960328
vn 0.000206 0.132317 -0.991207
vn 0.249038 0.156025 -0.955843
vn 0.980145 0.004424 -0.198235
vn 0.980144 0.005525 -0.198209
vn 0.980144 0.006728 -0.198174
vn 0.922340 0.010766 -0.386228
vn 0.922339 0.013110 -0.386159
vn 0.865987 0.013934 -0.499872
vn 0.865985 0.016968 -0.499783
vn 0.749666 0.018442 -0.661559
vn 0.749663 0.022457 -0.661439
vn 0.605676 0.022173 -0.795402
vn 0.605673 0.027000 -0.795255
vn 0.434485 0.025099 -0.900329
vn 0.434485 0.030562 -0.900160
vn 0.249035 0.026989 -0.968118
vn 0.249034 0.032863 -0.967937
vn 0.000036 0.052624 -0.998614
vn 0.249034 0.039315 -0.967696
vn 0.249033 0.047148 -0.967347
vn 0.434482 0.043846 -0.899613
vn 0.434481 0.053428 -0.899095
vn 0.605678 0.047201 -0.794309
vn 0.605674 0.057160 -0.793657
vn 0.749664 0.047541 -0.660109
vn 0.749673 0.056768 -0.659369
vn 0.865992 0.042903 -0.498215
vn 0.965931 0.000000 -0.258800
vn 0.980144 0.000490 -0.198287
vn 0.980144 0.001064 -0.198283
vn 0.980145 0.001724 -0.198277
vn 0.922340 0.002073 -0.386373
vn 0.922342 0.003358 -0.386361
vn 0.865987 0.002683 -0.500059
vn 0.865989 0.004345 -0.500044
vn 0.749666 0.003550 -0.661806
vn 0.749670 0.005750 -0.661787
vn 0.605677 0.004267 -0.795699
vn 0.605680 0.006913 -0.795679
vn 0.434486 0.004829 -0.900666
vn 0.434486 0.007824 -0.900645
vn 0.249035 0.005193 -0.968481
vn 0.249036 0.008413 -0.968458
vn 0.249036 0.012328 -0.968416
vn 0.249036 0.016726 -0.968350
vn 0.434485 0.015555 -0.900545
vn 0.434485 0.020098 -0.900455
vn 0.605680 0.017755 -0.795510
vn 0.922339 0.000954 -0.386380
vn 0.865984 0.000000 -0.500071
vn 0.865985 0.001235 -0.500068
vn 0.749663 0.001633 -0.661817
vn 0.605674 0.001963 -0.795711
vn 0.500071 0.000000 -0.865984
vn 0.434485 0.002222 -0.900676
vn 0.258800 0.000000 -0.965931
vn 0.249035 0.002389 -0.968492
vn 0.249036 0.021612 -0.968253
vn 0.249037 0.083053 -0.964926
vn 0.249034 0.069572 -0.965993
vn 0.249033 0.057451 -0.966789
vn 0.434484 0.064700 -0.898353
vn 0.980145 0.002524 -0.198267
vn 0.980145 0.003424 -0.198254
vn 0.922343 0.004919 -0.386342
vn 0.922343 0.006672 -0.386315
vn 0.865991 0.006366 -0.500020
vn 0.865991 0.008636 -0.499985
vn 0.749672 0.008425 -0.661756
vn 0.749672 0.011429 -0.661711
vn 0.605682 0.010129 -0.795643
vn 0.605682 0.013742 -0.795588
vn 0.434486 0.011465 -0.900606
vn 0.922342 0.008621 -0.386279
vn 0.865989 0.011157 -0.499938
vn 0.749670 0.014767 -0.661647
vn 0.980144 0.008050 -0.198125
vn 0.922339 0.015686 -0.386063
vn 0.865985 0.020301 -0.499658
vn 0.749663 0.026866 -0.661275
vn 0.605673 0.032301 -0.795058
vn 0.434485 0.036561 -0.899937
vn 0.980144 0.014243 -0.197775
vn 0.980144 0.011762 -0.197936
vn 0.980144 0.009654 -0.198051
vn 0.922341 0.018811 -0.385919
vn 0.922345 0.062223 -0.381324
vn 0.865995 0.080538 -0.493525
vn 0.749678 0.106601 -0.653161
vn 0.605687 0.128180 -0.785310
vn 0.434488 0.145098 -0.888913
vn 0.865988 0.024345 -0.499472
vn 0.922341 0.022919 -0.385696
vn 0.865989 0.029663 -0.499183
vn 0.922339 0.027754 -0.385383
vn 0.865986 0.035921 -0.498777
vn 0.922343 0.033154 -0.384947
vn 0.749668 0.032219 -0.661030
vn 0.749669 0.039258 -0.660647
vn 0.605677 0.038736 -0.794767
vn 0.434488 0.077238 -0.897360
vn 0.605683 0.068241 -0.792774
vn 0.965926 0.000000 0.258819
vn 1.000000 0.000000 -0.000000
vn 0.972683 0.109780 0.204537
vn 0.965926 0.198683 0.165868
vn 0.894952 0.165225 0.414442
vn 0.866025 0.383826 0.320433
vn 0.858280 0.379633 0.345304
vn 0.707107 0.542812 0.453161
vn 0.732373 0.418807 0.536871
vn 0.565803 0.439106 0.697891
vn 0.604942 0.224198 0.764056
vn 0.367711 0.439431 0.819566
vn 0.408481 0.224518 0.884723
vn 0.148648 0.419752 0.895384
vn 0.191303 0.205006 0.959883
vn -0.000000 0.217051 0.976160
vn 0.000000 0.000000 1.000000
vn 0.497189 0.631140 0.595370
vn 0.500000 0.664807 0.555006
vn 0.258819 0.741496 0.619029
vn -0.000000 0.767653 0.640866
vn 0.098248 0.612630 0.784239
vn 0.307784 0.631452 0.711715
vn -0.000000 0.610251 0.792208
vn 0.000000 0.423753 0.905778
vn 0.258819 0.000000 0.965926
vn 0.500000 0.000000 0.866025
vn 0.707107 0.000000 0.707107
vn 0.770107 0.204069 0.604393
vn 0.866025 0.000000 0.500000
vn -0.965926 0.198683 0.165868
vn -1.000000 0.000000 -0.000000
vn -0.972683 0.109780 0.204537
vn -0.965926 0.000000 0.258819
vn -0.894952 0.165225 0.414442
vn -0.866025 0.000000 0.500000
vn -0.770107 0.204069 0.604393
vn -0.707107 0.000000 0.707107
vn -0.604942 0.224198 0.764056
vn -0.500000 0.000000 0.866025
vn -0.408481 0.224518 0.884723
vn -0.258819 0.000000 0.965926
vn -0.191303 0.205006 0.959883
vn -0.000000 0.000000 1.000000
vn -0.000000 0.217051 0.976160
vn -0.148648 0.419752 0.895384
vn -0.000000 0.423753 0.905778
vn -0.098248 0.612630 0.784239
vn -0.000000 0.610251 0.792208
vn -0.000000 0.767653 0.640866
vn -0.258819 0.741496 0.619029
vn -0.307784 0.631452 0.711715
vn -0.367711 0.439431 0.819566
vn -0.565803 0.439106 0.697891
vn -0.497189 0.631140 0.595370
vn -0.500000 0.664807 0.555006
vn -0.707107 0.542812 0.453161
vn -0.866025 0.383826 0.320433
vn -0.858280 0.379633 0.345304
vn -0.732373 0.418807 0.536871
vn -0.000000 0.216860 0.976203
vn -0.000000 0.216860 0.976203
vn -0.000000 0.610406 0.792088
vn -0.000000 0.610406 0.792088
vn 0.000000 0.955659 -0.294477
vn -0.195786 0.937163 -0.288778
vn -0.000032 0.998184 -0.060244
vn -0.249032 0.966722 -0.058577
vn -0.000050 0.999292 0.037622
vn -0.249035 0.967139 0.051214
vn -0.000717 0.988713 0.149823
vn -0.249077 0.952187 0.176921
vn -0.000279 0.963332 0.268313
vn -0.249034 0.921013 0.299529
vn -0.000290 0.923704 0.383106
vn -0.249052 0.867866 0.429863
vn -0.000077 0.874407 0.485193
vn -0.249031 0.837070 0.487132
vn -0.249040 0.818312 0.518020
vn -0.434475 0.778458 0.453029
vn -0.434488 0.761011 0.481748
vn -0.605679 0.687728 0.400229
vn -0.605693 0.672308 0.425603
vn -0.749673 0.572001 0.332875
vn -0.749684 0.559164 0.353990
vn -0.865991 0.432204 0.251514
vn -0.865999 0.422494 0.267480
vn -0.922342 0.333946 0.194331
vn -0.922347 0.326437 0.206673
vn -0.980145 0.171379 0.099727
vn -0.980146 0.167522 0.106066
vn -1.000000 0.000000 -0.000000
vn -1.000000 -0.000000 0.000000
vn -0.381616 0.883335 -0.272191
vn -0.434480 0.899040 -0.054352
vn -0.434486 0.899419 0.047622
vn -0.434515 0.885497 0.164596
vn -0.434469 0.856518 0.278592
vn -0.434498 0.807094 0.399764
vn -0.556499 0.794007 -0.244666
vn -0.605675 0.794266 -0.047950
vn -0.605674 0.794599 0.042084
vn -0.605844 0.782200 0.145317
vn -0.605721 0.756660 0.246105
vn -0.605739 0.713010 0.353125
vn -0.707107 0.675753 -0.208227
vn -0.749666 0.660611 -0.039927
vn -0.749664 0.660891 0.035040
vn -0.749850 0.650528 0.120580
vn -0.749723 0.629322 0.204619
vn -0.749734 0.593031 0.293623
vn -0.830848 0.531823 -0.163876
vn -0.865987 0.499151 -0.030247
vn -0.865985 0.499366 0.026519
vn -0.866105 0.491546 0.090805
vn -0.866023 0.475524 0.154537
vn -0.866030 0.448110 0.221787
vn -0.924321 0.364694 -0.112377
vn -0.922340 0.385669 -0.023411
vn -0.922339 0.385836 0.020515
vn -0.922411 0.379813 0.069998
vn -0.922361 0.367425 0.119368
vn -0.922366 0.346247 0.171329
vn -0.980144 0.197920 -0.012052
vn -0.980647 0.187105 -0.057654
vn -1.000000 0.000000 0.000000
vn -1.000000 -0.000000 -0.000000
vn -1.000000 -0.000000 -0.000000
vn -1.000000 -0.000000 0.000000
vn -0.980144 0.198006 0.010553
vn -1.000000 0.000000 -0.000000
vn -0.980163 0.194936 0.035776
vn -1.000000 0.000000 -0.000000
vn -0.980150 0.188567 0.061230
vn -1.000000 0.000000 -0.000000
vn -0.980151 0.177702 0.087895
vn -1.000000 -0.000000 0.000000
vn -0.980144 0.157360 0.120647
vn -0.980145 0.159278 0.118098
vn -0.980150 0.161499 0.114994
vn -0.922342 0.310363 0.230131
vn -0.922363 0.314693 0.224086
vn -0.865989 0.401681 0.297850
vn -0.866025 0.407288 0.290030
vn -0.749670 0.531602 0.394201
vn -0.749726 0.539035 0.383865
vn -0.605680 0.639148 0.473964
vn -0.605731 0.648114 0.461561
vn -0.434487 0.723461 0.536493
vn -0.434496 0.733642 0.522478
vn -0.249037 0.777934 0.576888
vn -0.249049 0.788882 0.561818
vn -0.000232 0.823330 0.567564
vn -0.249052 0.802482 0.542214
vn -0.965940 0.198619 0.165862
vn -0.980144 0.153668 0.125313
vn -0.980144 0.155468 0.123072
vn -0.922341 0.302944 0.239816
vn -0.922339 0.306630 0.235091
vn -0.865989 0.392082 0.310379
vn -0.865986 0.396853 0.304264
vn -0.749669 0.518904 0.410773
vn -0.749664 0.525218 0.402678
vn -0.605676 0.623889 0.493882
vn -0.605674 0.631477 0.484144
vn -0.434473 0.706195 0.559036
vn -0.434481 0.714779 0.548011
vn -0.249029 0.759363 0.601126
vn -0.249033 0.768596 0.589273
vn -0.000011 0.767559 0.640978
vn -0.922341 0.299436 0.244184
vn -0.866002 0.383813 0.320514
vn -0.865988 0.387541 0.316033
vn -0.749668 0.512893 0.418257
vn -0.707127 0.542732 0.453226
vn -0.605675 0.616661 0.502879
vn -0.500087 0.664688 0.555070
vn -0.434475 0.698012 0.569219
vn -0.258808 0.741410 0.619136
vn -0.249030 0.750566 0.612074
vn -0.980152 0.164264 0.110995
vn -0.922368 0.320090 0.216285
vn -0.866034 0.414279 0.279926
vn -0.749739 0.548302 0.370480
vn -0.605743 0.659274 0.445458
vn -0.434497 0.746289 0.504248
vn 0.000000 -0.000000 1.000000
vn -0.194949 -0.000000 0.980813
vn -0.258819 -0.000000 0.965926
vn -0.258819 -0.000000 0.965926
vn -0.500000 -0.000000 0.866025
vn -0.500000 -0.000000 0.866025
vn -0.706247 -0.000000 0.707965
vn -0.706194 -0.000000 0.708019
vn -0.866025 -0.000000 0.500000
vn -0.866025 -0.000000 0.500000
vn -0.965926 -0.000000 0.258819
vn -0.965926 -0.000000 0.258819
vn -0.999973 -0.000000 0.007291
vn -0.965926 -0.000000 0.258819
vn -0.979676 -0.000000 0.200585
vn -0.922347 -0.000000 0.386362
vn -0.258819 -0.000000 0.965926
vn -0.258819 -0.000000 0.965926
vn -0.258819 -0.000000 0.965926
vn -0.258819 -0.000000 0.965926
vn -0.500000 -0.000000 0.866025
vn -0.500000 -0.000000 0.866025
vn -0.706892 -0.000000 0.707321
vn -0.706838 -0.000000 0.707375
vn -0.866025 -0.000000 0.500000
vn -0.866025 -0.000000 0.500000
vn -0.965926 -0.000000 0.258819
vn -0.965926 -0.000000 0.258819
vn -0.965926 -0.000000 0.258819
vn -0.965926 -0.000000 0.258819
vn -0.866025 -0.000000 0.500000
vn -0.866025 -0.000000 0.500000
vn -0.706677 -0.000000 0.707536
vn -0.706623 -0.000000 0.707590
vn -0.500000 -0.000000 0.866025
vn -0.500000 -0.000000 0.866025
vn -0.258819 -0.000000 0.965926
vn -0.258819 -0.000000 0.965926
vn -0.258819 -0.000000 0.965926
vn -0.258819 -0.000000 0.965926
vn -0.500000 -0.000000 0.866025
vn -0.500000 -0.000000 0.866025
vn -0.706462 -0.000000 0.707751
vn -0.706409 -0.000000 0.707804
vn -0.866025 -0.000000 0.500000
vn -0.866025 -0.000000 0.500000
vn -0.965926 -0.000000 0.258819
vn -0.965926 -0.000000 0.258819
vn -0.965926 -0.000000 0.258819
vn -0.965926 -0.000000 0.258819
vn -0.866025 -0.000000 0.500000
vn -0.500000 -0.000000 0.866025
vn -0.500000 -0.000000 0.866025
vn -0.707053 -0.000000 0.707160
vn -0.707107 -0.000000 0.707107
vn -0.866025 -0.000000 0.500000
vn -0.866025 -0.000000 0.500000
vn -0.965926 -0.000000 0.258819
vn -0.965926 -0.000000 0.258819
vn -1.000000 -0.000000 0.000000
vn -0.866025 -0.000000 0.500000
vn -0.829968 -0.000000 0.557811
vn -0.706032 -0.000000 0.708180
vn -0.705980 -0.000000 0.708232
vn -0.554837 -0.000000 0.831959
vn -0.500000 -0.000000 0.866025
vn -0.382335 -0.000000 0.924024
vn -0.258819 -0.000000 0.965926
vn -0.258819 -0.000000 0.965926
vn -0.258819 -0.000000 0.965926
vn -0.500000 -0.000000 0.866025
vn -0.500000 -0.000000 0.866025
vn -0.706086 -0.000000 0.708126
vn -0.706140 -0.000000 0.708072
vn -0.866025 -0.000000 0.500000
vn -0.500000 -0.000000 0.866025
vn -0.706999 -0.000000 0.707214
vn -0.866025 -0.000000 0.500000
vn -0.965926 -0.000000 0.258819
vn -0.258819 -0.000000 0.965926
vn -0.258819 -0.000000 0.965926
vn -0.258819 -0.000000 0.965926
vn -0.500000 -0.000000 0.866025
vn -0.500000 -0.000000 0.866025
vn -0.706731 -0.000000 0.707482
vn -0.500000 -0.000000 0.866025
vn -0.258819 -0.000000 0.965926
vn -0.500000 -0.000000 0.866025
vn -0.706570 -0.000000 0.707643
vn -0.866025 -0.000000 0.500000
vn -0.965926 -0.000000 0.258819
vn -0.258819 -0.000000 0.965926
vn -0.258819 -0.000000 0.965926
vn -0.500000 -0.000000 0.866025
vn -0.706301 -0.000000 0.707912
vn -0.500000 -0.000000 0.866025
vn -0.258819 -0.000000 0.965926
vn -0.258819 -0.000000 0.965926
vn -0.500000 -0.000000 0.866025
vn -0.706946 -0.000000 0.707268
vn -0.866025 -0.000000 0.500000
vn -0.965926 -0.000000 0.258819
vn -0.706785 -0.000000 0.707429
vn -0.706516 -0.000000 0.707697
vn -0.866025 -0.000000 0.500000
vn -0.965926 -0.000000 0.258819
vn -0.706355 -0.000000 0.707858
vn -0.866025 -0.000000 0.500000
vn -0.965926 -0.000000 0.258819
vn -0.866025 -0.000000 0.500000
vn -0.866025 -0.000000 0.500000
vn -0.965926 -0.000000 0.258819
vn -0.866025 -0.000000 0.500000
vn -0.965926 -0.000000 0.258819
vn -0.965926 -0.000000 0.258819
vn -0.941310 0.084546 0.326784
vn -0.980144 0.051672 0.191437
vn -1.000000 0.000061 0.000241
vn -0.999972 0.001942 0.007194
vn -1.000000 0.000000 -0.000000
vn -0.761349 0.165502 0.626863
vn -0.865984 0.130314 0.482794
vn -0.922339 0.100688 0.373032
vn -0.979545 0.052438 0.194273
vn -0.633503 0.199007 0.747710
vn -0.705994 0.184555 0.683748
vn -0.749662 0.172465 0.638955
vn -0.829332 0.145607 0.539450
vn -0.464973 0.229184 0.855146
vn -0.555760 0.216641 0.802619
vn -0.605673 0.207356 0.768221
vn -0.434486 0.234709 0.869560
vn -0.364268 0.241725 0.899376
vn -0.381268 0.240907 0.892523
vn -0.252914 0.251650 0.934188
vn -0.195646 0.255555 0.946791
vn -0.130741 0.258230 0.957196
vn 0.000000 0.260591 0.965449
vn -0.922796 0.100403 0.371976
vn -0.000000 0.941847 -0.336041
vn -0.195786 0.923763 -0.329134
vn -0.000009 0.955611 -0.294630
vn -0.249034 0.921283 -0.298698
vn -0.249032 0.926104 -0.283399
vn -0.434484 0.856774 -0.277779
vn -0.434481 0.861255 -0.263564
vn -0.605673 0.756926 -0.245404
vn -0.605671 0.760882 -0.232855
vn -0.749662 0.629560 -0.204111
vn -0.749661 0.632849 -0.193675
vn -0.865984 0.475694 -0.154227
vn -0.865984 0.478180 -0.146342
vn -0.922339 0.367547 -0.119165
vn -0.922338 0.369468 -0.113073
vn -0.980144 0.188622 -0.061155
vn -0.980144 0.189608 -0.058030
vn -1.000000 0.000000 0.000000
vn -0.980144 0.191508 -0.051408
vn -1.000000 0.000000 -0.000000
vn -0.980144 0.191829 -0.050198
vn -0.980659 0.189349 -0.049549
vn -0.924364 0.369084 -0.096583
vn -0.249035 0.914027 -0.320212
vn -0.381616 0.870840 -0.309851
vn -0.434485 0.850025 -0.297793
vn -0.556499 0.782896 -0.278179
vn -0.605673 0.750962 -0.263089
vn -0.707107 0.666399 -0.236457
vn -0.749663 0.624600 -0.218818
vn -0.830849 0.524543 -0.185863
vn -0.865985 0.471948 -0.165337
vn -0.924321 0.359758 -0.127296
vn -0.922339 0.364653 -0.127747
vn -0.980144 0.187137 -0.065558
vn -0.980647 0.184600 -0.065227
vn -1.000000 -0.000000 -0.000000
vn -0.830926 0.538259 -0.140853
vn -0.865984 0.483781 -0.126597
vn -0.922339 0.373796 -0.097816
vn -0.922339 0.373171 -0.100173
vn -0.707201 0.683981 -0.178986
vn -0.749662 0.640262 -0.167546
vn -0.749662 0.639192 -0.171581
vn -0.865984 0.482973 -0.129647
vn -0.556588 0.803711 -0.210380
vn -0.605673 0.768508 -0.206293
vn -0.434484 0.869883 -0.233510
vn -0.381672 0.894144 -0.234163
vn -0.249034 0.935378 -0.251097
vn -0.195844 0.948538 -0.248838
vn -0.000000 0.967425 -0.253159
vn 1.000000 -0.000000 -0.000000
vn 0.999973 0.000000 0.007291
vn 0.979668 0.000000 0.200626
vn 0.965926 0.000000 0.258819
vn 0.965926 0.000000 0.258819
vn 0.866025 0.000000 0.500000
vn 0.866025 0.000000 0.500000
vn 0.706185 0.000000 0.708027
vn 0.706124 0.000000 0.708089
vn 0.500000 0.000000 0.866025
vn 0.500000 0.000000 0.866025
vn 0.258819 0.000000 0.965926
vn 0.258819 0.000000 0.965926
vn -0.000000 -0.000000 1.000000
vn 0.258819 0.000000 0.965926
vn 0.258819 0.000000 0.965926
vn 0.500000 0.000000 0.866025
vn 0.500000 0.000000 0.866025
vn 0.705939 0.000000 0.708272
vn 0.705878 0.000000 0.708334
vn 0.866025 0.000000 0.500000
vn 0.829873 0.000000 0.557952
vn 0.922245 0.000000 0.386605
vn 0.965926 0.000000 0.258819
vn 0.965926 0.000000 0.258819
vn 0.965926 0.000000 0.258819
vn 0.965926 0.000000 0.258819
vn 0.866025 0.000000 0.500000
vn 0.866025 0.000000 0.500000
vn 0.706923 0.000000 0.707291
vn 0.706861 0.000000 0.707352
vn 0.500000 0.000000 0.866025
vn 0.500000 0.000000 0.866025
vn 0.258819 0.000000 0.965926
vn 0.258819 0.000000 0.965926
vn 0.258819 0.000000 0.965926
vn 0.258819 0.000000 0.965926
vn 0.500000 0.000000 0.866025
vn 0.500000 0.000000 0.866025
vn 0.706677 0.000000 0.707536
vn 0.706615 0.000000 0.707598
vn 0.866025 0.000000 0.500000
vn 0.866025 0.000000 0.500000
vn 0.965926 0.000000 0.258819
vn 0.965926 0.000000 0.258819
vn 0.965926 0.000000 0.258819
vn 0.965926 0.000000 0.258819
vn 0.866025 0.000000 0.500000
vn 0.866025 0.000000 0.500000
vn 0.706431 0.000000 0.707782
vn 0.706370 0.000000 0.707843
vn 0.500000 0.000000 0.866025
vn 0.500000 0.000000 0.866025
vn 0.258819 0.000000 0.965926
vn 0.258819 0.000000 0.965926
vn 0.258819 0.000000 0.965926
vn 0.258819 0.000000 0.965926
vn 0.500000 0.000000 0.866025
vn 0.866025 0.000000 0.500000
vn 0.866025 0.000000 0.500000
vn 0.707107 0.000000 0.707107
vn 0.707045 0.000000 0.707168
vn 0.500000 0.000000 0.866025
vn 0.500000 0.000000 0.866025
vn 0.258819 0.000000 0.965926
vn 0.258819 0.000000 0.965926
vn 0.258819 0.000000 0.965926
vn 0.258819 0.000000 0.965926
vn 0.258819 0.000000 0.965926
vn 0.258819 0.000000 0.965926
vn 0.258819 0.000000 0.965926
vn 0.500000 0.000000 0.866025
vn 0.258819 0.000000 0.965926
vn 0.195326 0.000000 0.980738
vn 0.382406 0.000000 0.923995
vn 0.500000 0.000000 0.866025
vn 0.554926 0.000000 0.831900
vn 0.705817 0.000000 0.708394
vn 0.965926 0.000000 0.258819
vn 0.965926 0.000000 0.258819
vn 0.965926 0.000000 0.258819
vn 0.866025 0.000000 0.500000
vn 0.866025 0.000000 0.500000
vn 0.706001 0.000000 0.708211
vn 0.706062 0.000000 0.708150
vn 0.500000 0.000000 0.866025
vn 0.866025 0.000000 0.500000
vn 0.965926 0.000000 0.258819
vn 0.965926 0.000000 0.258819
vn 0.965926 0.000000 0.258819
vn 0.866025 0.000000 0.500000
vn 0.866025 0.000000 0.500000
vn 0.706738 0.000000 0.707475
vn 0.866025 0.000000 0.500000
vn 0.965926 0.000000 0.258819
vn 0.866025 0.000000 0.500000
vn 0.706554 0.000000 0.707659
vn 0.965926 0.000000 0.258819
vn 0.965926 0.000000 0.258819
vn 0.866025 0.000000 0.500000
vn 0.706247 0.000000 0.707966
vn 0.866025 0.000000 0.500000
vn 0.965926 0.000000 0.258819
vn 0.965926 0.000000 0.258819
vn 0.866025 0.000000 0.500000
vn 0.706984 0.000000 0.707230
vn 0.500000 0.000000 0.866025
vn 0.706800 0.000000 0.707414
vn 0.706492 0.000000 0.707721
vn 0.500000 0.000000 0.866025
vn 0.258819 0.000000 0.965926
vn 0.706308 0.000000 0.707905
vn 0.500000 0.000000 0.866025
vn 0.500000 0.000000 0.866025
vn 0.500000 0.000000 0.866025
vn -0.000000 0.955659 -0.294477
vn 0.000032 0.998184 -0.060244
vn 0.194807 0.937350 -0.288835
vn 0.249032 0.966722 -0.058577
vn 0.379882 0.884018 -0.272402
vn 0.434480 0.899040 -0.054352
vn 0.554180 0.795487 -0.245122
vn 0.605675 0.794266 -0.047950
vn 0.704563 0.678175 -0.208973
vn 0.749666 0.660611 -0.039927
vn 0.828291 0.535454 -0.164995
vn 0.865987 0.499151 -0.030247
vn 0.922241 0.369472 -0.113849
vn 0.922340 0.385669 -0.023411
vn 0.979393 0.193009 -0.059474
vn 0.980144 0.197920 -0.012052
vn 0.999972 0.007121 -0.002194
vn 1.000000 0.000000 0.000000
vn 0.000050 0.999292 0.037622
vn 0.249035 0.967140 0.051208
vn 0.434486 0.899419 0.047616
vn 0.434515 0.885497 0.164596
vn 0.605844 0.782200 0.145317
vn 0.605721 0.756660 0.246105
vn 0.749723 0.629322 0.204619
vn 0.749776 0.596094 0.287242
vn 0.866057 0.450410 0.216969
vn 0.865991 0.432204 0.251514
vn 0.922342 0.333946 0.194331
vn 0.922351 0.325520 0.208100
vn 0.980147 0.167051 0.106799
vn 0.980152 0.163454 0.112180
vn 0.980148 0.160519 0.116377
vn 0.980144 0.158243 0.119488
vn 0.922354 0.312782 0.226781
vn 0.922339 0.308351 0.232832
vn 0.866010 0.404813 0.293518
vn 0.865984 0.399080 0.301340
vn 0.749702 0.535752 0.388480
vn 0.749662 0.528165 0.398809
vn 0.605710 0.644152 0.467102
vn 0.605673 0.635018 0.479492
vn 0.434492 0.729142 0.528742
vn 0.434485 0.718785 0.542744
vn 0.249044 0.784043 0.568554
vn 0.249035 0.772905 0.583609
vn 0.000232 0.823330 0.567564
vn 0.000011 0.767559 0.640978
vn 0.000717 0.988713 0.149823
vn 0.249077 0.952187 0.176921
vn 0.434469 0.856518 0.278592
vn 0.605777 0.716725 0.345455
vn 0.749673 0.572001 0.332875
vn 0.866004 0.421307 0.269327
vn 0.922370 0.318510 0.218598
vn 0.000279 0.963332 0.268313
vn 0.249034 0.921013 0.299529
vn 0.434505 0.811330 0.391087
vn 0.605679 0.687728 0.400229
vn 0.749693 0.557596 0.356435
vn 0.866036 0.412233 0.282922
vn 0.000290 0.923704 0.383106
vn 0.249061 0.872423 0.420531
vn 0.434475 0.778458 0.453029
vn 0.605701 0.670428 0.428546
vn 0.749744 0.545592 0.374451
vn 0.000077 0.874407 0.485193
vn 0.249031 0.837070 0.487132
vn 0.434490 0.758890 0.485083
vn 0.605747 0.656015 0.450239
vn 0.249041 0.816031 0.521605
vn 0.249053 0.798516 0.548038
vn 0.258808 0.741410 0.619136
vn 0.249030 0.750566 0.612074
vn 0.249030 0.762229 0.597487
vn 0.434475 0.708860 0.555652
vn 0.605675 0.626245 0.490892
vn 0.749668 0.520863 0.408288
vn 0.865988 0.393562 0.308502
vn 0.922341 0.304088 0.238366
vn 0.980144 0.156055 0.122328
vn 0.434475 0.698012 0.569219
vn 0.500087 0.664688 0.555070
vn 0.605675 0.616661 0.502879
vn 0.707127 0.542732 0.453226
vn 0.749668 0.512893 0.418257
vn 0.866002 0.383813 0.320514
vn 0.865988 0.387541 0.316033
vn 0.922341 0.299436 0.244184
vn 0.965940 0.198619 0.165862
vn 0.980144 0.153668 0.125313
vn 0.980145 0.171379 0.099727
vn 0.922383 0.348019 0.167609
vn 0.866023 0.475524 0.154537
vn 0.749850 0.650528 0.120580
vn 0.605674 0.794599 0.042079
vn 0.980156 0.178609 0.085989
vn 0.980150 0.188567 0.061230
vn 0.980163 0.194936 0.035776
vn 0.980144 0.198007 0.010552
vn 1.000000 0.000000 -0.000000
vn 0.749664 0.660891 0.035035
vn 0.865985 0.499366 0.026516
vn 0.922339 0.385836 0.020513
vn 0.866105 0.491546 0.090805
vn 0.922411 0.379813 0.069998
vn 0.922361 0.367425 0.119368
vn 0.434497 0.742600 0.509663
vn 0.984106 0.167256 -0.059675
vn 0.980144 0.186757 -0.066633
vn 1.000000 -0.000000 -0.000000
vn 0.980144 0.187137 -0.065558
vn 0.980144 0.188622 -0.061155
vn 0.922339 0.364653 -0.127747
vn 0.922339 0.367547 -0.119165
vn 0.865985 0.471948 -0.165337
vn 0.865984 0.475694 -0.154227
vn 0.749663 0.624600 -0.218818
vn 0.749662 0.629560 -0.204111
vn 0.605673 0.750962 -0.263089
vn 0.605673 0.756926 -0.245404
vn 0.434485 0.850025 -0.297793
vn 0.434484 0.856774 -0.277779
vn 0.249035 0.914027 -0.320212
vn 0.249034 0.921283 -0.298698
vn 0.000004 0.948930 -0.315488
vn 0.249032 0.926104 -0.283399
vn 0.000000 0.967425 -0.253159
vn 0.249034 0.935378 -0.251097
vn 0.194807 0.948890 -0.248308
vn 0.379882 0.894902 -0.234181
vn 0.935924 0.331720 -0.118354
vn 0.922339 0.363913 -0.129840
vn 0.865984 0.470991 -0.168045
vn 0.852367 0.492534 -0.175731
vn 0.749662 0.623334 -0.222399
vn 0.734841 0.638798 -0.227916
vn 0.605673 0.749441 -0.267393
vn 0.585700 0.763393 -0.272371
vn 0.434486 0.848302 -0.302665
vn 0.404546 0.861336 -0.307316
vn 0.249035 0.912174 -0.325454
vn 0.207621 0.921324 -0.328719
vn -0.000000 0.941847 -0.336041
vn 0.554180 0.805282 -0.210728
vn 0.434486 0.871339 -0.228015
vn 0.434484 0.869883 -0.233510
vn 0.704563 0.686525 -0.179652
vn 0.605673 0.769793 -0.201442
vn 0.605673 0.768508 -0.206293
vn 0.434481 0.861255 -0.263564
vn 0.828291 0.542047 -0.141844
vn 0.749662 0.640262 -0.167546
vn 0.749662 0.639192 -0.171581
vn 0.605671 0.760882 -0.232855
vn 0.922241 0.374021 -0.097875
vn 0.865984 0.483781 -0.126597
vn 0.865984 0.482973 -0.129647
vn 0.749661 0.632849 -0.193675
vn 0.922339 0.373796 -0.097816
vn 0.979393 0.195385 -0.051129
vn 0.980144 0.191829 -0.050198
vn 0.999972 0.007209 -0.001886
vn 0.980144 0.191508 -0.051408
vn 0.980144 0.189608 -0.058030
vn 0.865984 0.478180 -0.146342
vn 0.922338 0.369468 -0.113073
vn 0.922339 0.373171 -0.100173
vn -0.119497 -0.000000 -0.992835
vn -0.258819 -0.000000 -0.965926
vn 0.000000 -0.000000 -1.000000
vn -0.258819 -0.000000 -0.965926
vn -0.258819 -0.000000 -0.965926
vn -0.500000 -0.000000 -0.866025
vn -0.500000 -0.000000 -0.866025
vn -0.707107 -0.000000 -0.707107
vn -0.707107 -0.000000 -0.707107
vn -0.866025 -0.000000 -0.500000
vn -0.866025 -0.000000 -0.500000
vn -0.965926 -0.000000 -0.258819
vn -0.965926 -0.000000 -0.258819
vn -1.000000 -0.000000 0.000000
vn -0.965926 -0.000000 -0.258819
vn -0.965926 -0.000000 -0.258819
vn -0.866025 -0.000000 -0.500000
vn -0.866025 -0.000000 -0.500000
vn -0.707107 -0.000000 -0.707107
vn -0.707107 -0.000000 -0.707107
vn -0.500000 -0.000000 -0.866025
vn -0.500000 -0.000000 -0.866025
vn -0.258819 -0.000000 -0.965926
vn -0.258819 -0.000000 -0.965926
vn -0.258819 -0.000000 -0.965926
vn -0.258819 -0.000000 -0.965926
vn -0.500000 -0.000000 -0.866025
vn -0.500000 -0.000000 -0.866025
vn -0.707107 -0.000000 -0.707107
vn -0.707107 -0.000000 -0.707107
vn -0.866025 -0.000000 -0.500000
vn -0.866025 -0.000000 -0.500000
vn -0.965926 -0.000000 -0.258819
vn -0.965926 -0.000000 -0.258819
vn -1.000000 -0.000000 0.000000
vn -0.965926 -0.000000 -0.258819
vn -0.965926 -0.000000 -0.258819
vn -0.866025 -0.000000 -0.500000
vn -0.866025 -0.000000 -0.500000
vn -0.707107 -0.000000 -0.707107
vn -0.707107 -0.000000 -0.707107
vn -0.500000 -0.000000 -0.866025
vn -0.500000 -0.000000 -0.866025
vn -0.258819 -0.000000 -0.965926
vn -0.258819 -0.000000 -0.965926
vn 0.000000 -0.000000 -1.000000
vn -0.258819 -0.000000 -0.965926
vn -0.258819 -0.000000 -0.965926
vn -0.500000 -0.000000 -0.866025
vn -0.500000 -0.000000 -0.866025
vn -0.707107 -0.000000 -0.707107
vn -0.707107 -0.000000 -0.707107
vn -0.866025 -0.000000 -0.500000
vn -0.866025 -0.000000 -0.500000
vn -0.965926 -0.000000 -0.258819
vn -0.965926 -0.000000 -0.258819
vn -0.965926 -0.000000 -0.258819
vn -0.965926 -0.000000 -0.258819
vn -0.866025 -0.000000 -0.500000
vn -0.866025 -0.000000 -0.500000
vn -0.707107 -0.000000 -0.707107
vn -0.707107 -0.000000 -0.707107
vn -0.500000 -0.000000 -0.866025
vn -0.500000 -0.000000 -0.866025
vn -0.258819 -0.000000 -0.965926
vn -0.258819 -0.000000 -0.965926
vn -0.258819 -0.000000 -0.965926
vn -0.500000 -0.000000 -0.866025
vn -0.707107 -0.000000 -0.707107
vn -0.866025 -0.000000 -0.500000
vn -0.965926 -0.000000 -0.258819
vn -0.235809 -0.000000 -0.971800
vn -0.346146 -0.000000 -0.938181
vn -0.500000 -0.000000 -0.866025
vn -0.449421 -0.000000 -0.893320
vn -0.628523 -0.000000 -0.777791
vn -0.707107 -0.000000 -0.707107
vn -0.769870 -0.000000 -0.638201
vn -0.866025 -0.000000 -0.500000
vn -0.874808 -0.000000 -0.484470
vn -0.946063 -0.000000 -0.323982
vn -0.965926 -0.000000 -0.258819
vn -0.965926 -0.000000 -0.258819
vn -0.965926 -0.000000 -0.258819
vn -0.866025 -0.000000 -0.500000
vn -0.866025 -0.000000 -0.500000
vn -0.707107 -0.000000 -0.707107
vn -0.707107 -0.000000 -0.707107
vn -0.500000 -0.000000 -0.866025
vn -0.965926 -0.000000 -0.258819
vn -0.965926 -0.000000 -0.258819
vn -0.965926 -0.000000 -0.258819
vn -0.866025 -0.000000 -0.500000
vn -0.866025 -0.000000 -0.500000
vn -0.707107 -0.000000 -0.707107
vn -0.258819 -0.000000 -0.965926
vn -0.258819 -0.000000 -0.965926
vn -0.258819 -0.000000 -0.965926
vn -0.500000 -0.000000 -0.866025
vn -0.258819 -0.000000 -0.965926
vn -0.258819 -0.000000 -0.965926
vn -0.258819 -0.000000 -0.965926
vn -0.500000 -0.000000 -0.866025
vn -0.500000 -0.000000 -0.866025
vn -0.707107 -0.000000 -0.707107
vn -0.500000 -0.000000 -0.866025
vn -0.258819 -0.000000 -0.965926
vn -0.500000 -0.000000 -0.866025
vn -0.258819 -0.000000 -0.965926
vn -0.500000 -0.000000 -0.866025
vn -0.500000 -0.000000 -0.866025
vn -0.707107 -0.000000 -0.707107
vn -0.500000 -0.000000 -0.866025
vn -0.707107 -0.000000 -0.707107
vn -0.866025 -0.000000 -0.500000
vn -0.965926 -0.000000 -0.258819
vn -0.258819 -0.000000 -0.965926
vn -0.258819 -0.000000 -0.965926
vn -0.258819 -0.000000 -0.965926
vn -0.500000 -0.000000 -0.866025
vn -0.500000 -0.000000 -0.866025
vn -0.707107 -0.000000 -0.707107
vn -0.500000 -0.000000 -0.866025
vn -0.258819 -0.000000 -0.965926
vn -0.707107 -0.000000 -0.707107
vn -0.707107 -0.000000 -0.707107
vn -0.866025 -0.000000 -0.500000
vn -0.707107 -0.000000 -0.707107
vn -0.707107 -0.000000 -0.707107
vn -0.866025 -0.000000 -0.500000
vn -0.965926 -0.000000 -0.258819
vn -0.707107 -0.000000 -0.707107
vn -0.866025 -0.000000 -0.500000
vn -0.965926 -0.000000 -0.258819
vn -0.866025 -0.000000 -0.500000
vn -0.866025 -0.000000 -0.500000
vn -0.866025 -0.000000 -0.500000
vn -0.965926 -0.000000 -0.258819
vn -0.866025 -0.000000 -0.500000
vn -0.965926 -0.000000 -0.258819
vn -0.965926 -0.000000 -0.258819
vn -0.965926 -0.000000 -0.258819
vn -1.000000 -0.000000 -0.000000
vn -0.999995 0.002214 -0.002237
vn -0.980144 0.113167 -0.162823
vn -0.982341 0.144975 -0.118269
vn -0.980144 0.124935 -0.153979
vn -0.930890 0.283058 -0.230917
vn -0.922339 0.243447 -0.300041
vn -0.865984 0.315079 -0.388325
vn -0.922339 0.220517 -0.317275
vn -0.865984 0.285403 -0.410630
vn -0.922339 0.191508 -0.335583
vn -0.865984 0.247858 -0.434325
vn -0.922339 0.157294 -0.352916
vn -0.865984 0.203576 -0.456758
vn -0.922386 0.118859 -0.367529
vn -0.866062 0.153787 -0.475695
vn -0.922361 0.088114 -0.376147
vn -0.866022 0.114044 -0.486827
vn -0.922339 0.068365 -0.380286
vn -0.865984 0.088481 -0.492181
vn -0.922378 0.055778 -0.382239
vn -0.866049 0.072206 -0.494718
vn -0.922434 0.044990 -0.383526
vn -0.866139 0.058239 -0.496399
vn -0.922451 0.036648 -0.384371
vn -0.866167 0.047430 -0.497499
vn -0.922427 0.029898 -0.385012
vn -0.866128 0.038682 -0.498324
vn -0.922379 0.024740 -0.385492
vn -0.866050 0.032002 -0.498932
vn -0.922342 0.021175 -0.385794
vn -0.865989 0.027399 -0.499311
vn -0.922339 0.018088 -0.385958
vn -0.865985 0.023410 -0.499522
vn -0.922340 0.015009 -0.386087
vn -0.865987 0.019425 -0.499690
vn -0.922340 0.012252 -0.386184
vn -0.865987 0.015857 -0.499815
vn -0.922340 0.009851 -0.386254
vn -0.865986 0.012750 -0.499906
vn -0.922339 0.007813 -0.386303
vn -0.865984 0.010112 -0.499969
vn -0.922339 0.006024 -0.386335
vn -0.865984 0.007797 -0.500010
vn -0.922339 0.004376 -0.386357
vn -0.865985 0.005664 -0.500039
vn -0.922339 0.002731 -0.386372
vn -0.865985 0.003535 -0.500058
vn -0.922339 0.001275 -0.386380
vn -0.865984 0.001650 -0.500068
vn -0.865984 0.000000 -0.500071
vn -0.749662 0.002184 -0.661817
vn -0.605673 0.002625 -0.795709
vn -0.500071 0.000000 -0.865984
vn -0.434485 0.002972 -0.900674
vn -0.258800 0.000000 -0.965931
vn -0.249035 0.003196 -0.968489
vn -0.249034 0.006846 -0.968470
vn -0.249034 0.010969 -0.968433
vn -0.434484 0.006367 -0.900657
vn -0.434484 0.010201 -0.900622
vn -0.605673 0.005625 -0.795694
vn -0.605673 0.009012 -0.795663
vn -0.749663 0.004678 -0.661803
vn -0.749663 0.007496 -0.661778
vn -0.843862 0.415761 -0.339175
vn -0.749662 0.416993 -0.513929
vn -0.749662 0.377718 -0.543449
vn -0.749662 0.328029 -0.574808
vn -0.749662 0.269424 -0.604498
vn -0.749784 0.203448 -0.629629
vn -0.749721 0.150942 -0.644310
vn -0.749662 0.117101 -0.651379
vn -0.749762 0.095594 -0.654767
vn -0.749900 0.077102 -0.657042
vn -0.749944 0.062772 -0.658517
vn -0.749883 0.051169 -0.659588
vn -0.749764 0.042321 -0.660351
vn -0.749670 0.036248 -0.660819
vn -0.749663 0.030983 -0.661094
vn -0.749666 0.025709 -0.661317
vn -0.749667 0.020985 -0.661483
vn -0.749665 0.016873 -0.661603
vn -0.749662 0.013382 -0.661685
vn -0.749662 0.010318 -0.661740
vn -0.724874 0.533789 -0.435461
vn -0.605673 0.501356 -0.617902
vn -0.605673 0.454134 -0.653393
vn -0.605673 0.394394 -0.691096
vn -0.605673 0.323932 -0.726793
vn -0.605785 0.244547 -0.757114
vn -0.605721 0.181494 -0.774701
vn -0.605673 0.140791 -0.783159
vn -0.605774 0.114969 -0.787287
vn -0.605915 0.092733 -0.790106
vn -0.605960 0.075478 -0.791906
vn -0.605899 0.061502 -0.793161
vn -0.605777 0.050853 -0.794008
vn -0.605681 0.043568 -0.794514
vn -0.605674 0.037251 -0.794841
vn -0.605676 0.030910 -0.795111
vn -0.605676 0.025231 -0.795311
vn -0.605675 0.020286 -0.795454
vn -0.605673 0.016089 -0.795551
vn -0.605673 0.012406 -0.795617
vn -0.576369 0.633210 -0.516569
vn -0.434486 0.567491 -0.699412
vn -0.434486 0.514040 -0.739584
vn -0.434486 0.446419 -0.782261
vn -0.434486 0.366664 -0.822667
vn -0.434506 0.276799 -0.857080
vn -0.434476 0.205449 -0.876939
vn -0.434486 0.159363 -0.886468
vn -0.434537 0.130163 -0.891199
vn -0.434611 0.104996 -0.894477
vn -0.434636 0.085448 -0.896543
vn -0.434606 0.069609 -0.897926
vn -0.434542 0.057544 -0.898811
vn -0.434490 0.049307 -0.899326
vn -0.434485 0.042165 -0.899692
vn -0.434483 0.034988 -0.900000
vn -0.434483 0.028559 -0.900227
vn -0.434484 0.022962 -0.900387
vn -0.434485 0.018211 -0.900495
vn -0.434485 0.014043 -0.900570
vn -0.398368 0.710725 -0.579804
vn -0.249035 0.610219 -0.752074
vn -0.249035 0.552744 -0.795271
vn -0.249035 0.480032 -0.841161
vn -0.249035 0.394271 -0.884608
vn -0.249063 0.297647 -0.921615
vn -0.249038 0.220918 -0.942961
vn -0.249035 0.171363 -0.953214
vn -0.249076 0.139976 -0.958315
vn -0.249135 0.112914 -0.961864
vn -0.249155 0.091887 -0.964095
vn -0.249130 0.074846 -0.965573
vn -0.249079 0.061869 -0.966505
vn -0.249038 0.053016 -0.967041
vn -0.249035 0.045340 -0.967433
vn -0.249034 0.037623 -0.967764
vn -0.249034 0.030710 -0.968008
vn -0.249034 0.024691 -0.968180
vn -0.249035 0.019582 -0.968297
vn -0.249035 0.015100 -0.968377
vn -0.205297 0.758359 -0.618664
vn -0.000038 0.639111 -0.769114
vn -0.000059 0.582531 -0.812808
vn -0.000000 0.774864 -0.632128
vn -0.000085 0.510367 -0.859957
vn -0.000108 0.423886 -0.905716
vn -0.000461 0.328072 -0.944653
vn -0.000225 0.228106 -0.973636
vn -0.000256 0.134726 -0.990883
vn -0.000000 0.052724 -0.998609
vn -0.965931 0.000000 -0.258800
vn -0.980144 0.000654 -0.198287
vn -0.980144 0.001402 -0.198283
vn -0.980144 0.002246 -0.198275
vn -0.980144 0.003091 -0.198264
vn -0.980144 0.004010 -0.198248
vn -0.980144 0.005056 -0.198223
vn -0.980144 0.006288 -0.198186
vn -0.980144 0.007702 -0.198137
vn -0.980144 0.009282 -0.198070
vn -0.980145 0.010871 -0.197986
vn -0.980155 0.012707 -0.197825
vn -0.980168 0.015352 -0.197573
vn -0.980174 0.018809 -0.197242
vn -0.980170 0.023081 -0.196811
vn -0.980155 0.028614 -0.196159
vn -0.980144 0.035085 -0.195160
vn -0.980150 0.045217 -0.193034
vn -0.980156 0.061027 -0.188598
vn -0.980144 0.080722 -0.181114
vn -0.980144 0.098280 -0.172219
vn -1.000000 -0.000000 -0.000000
vn -1.000000 0.000000 0.000000
vn -1.000000 -0.000000 -0.000000
vn -1.000000 0.000000 0.000000
vn -1.000000 0.000000 0.000000
vn 0.000000 0.000000 1.000000
vn 0.000000 0.000000 1.000000
vn 0.000000 0.000000 1.000000
vn 0.000000 0.000000 1.000000
vn 0.000000 0.000000 1.000000
vn 0.000000 0.000000 1.000000
vn 0.000000 0.000000 1.000000
vn 0.000000 0.000000 1.000000
vn 0.000000 0.000000 1.000000
vn 0.000000 0.000000 1.000000
vn 0.000000 0.000000 1.000000
vn 0.000000 0.000000 1.000000
vn 0.000000 0.000000 1.000000
vn 0.000000 0.000000 1.000000
vn 0.000000 0.000000 1.000000
vn 0.000000 0.000000 1.000000
vn 0.000000 0.000000 1.000000
vn 0.000000 0.000000 1.000000
vn 0.000000 0.000000 1.000000
vn 0.000000 0.000000 1.000000
vn 0.000000 0.000000 1.000000
vn 0.000000 0.000000 1.000000
vn 0.000000 0.000000 1.000000
vn 0.000000 0.000000 1.000000
vn 0.000000 0.000000 1.000000
vn 0.000000 -1.000000 0.000000
vn 0.000000 -1.000000 0.000000
vn 0.000000 -1.000000 0.000000
vn 0.000000 -1.000000 0.000000
vn 0.000000 -1.000000 0.000000
vn 0.000000 -1.000000 0.000000
vn 0.000000 -1.000000 0.000000
vn 0.000000 -1.000000 0.000000
vn 0.000000 -1.000000 0.000000
vn 0.000000 -1.000000 0.000000
vn 0.000000 -1.000000 0.000000
vn 0.000000 -1.000000 0.000000
vn 0.000000 -1.000000 0.000000
vn 0.000000 -1.000000 0.000000
vn 0.000000 -1.000000 0.000000
vn 0.000000 -1.000000 0.000000
vn 0.000000 -1.000000 0.000000
vn 0.000000 -1.000000 0.000000
vn 0.000000 -1.000000 0.000000
vn 0.000000 -1.000000 0.000000
vn -1.000000 -0.000000 -0.000000
vn -1.000000 -0.000000 -0.000000
vn -1.000000 -0.000000 -0.000000
vn -1.000000 -0.000000 -0.000000
vn -1.000000 -0.000000 -0.000000
vn -1.000000 -0.000000 -0.000000
vn -1.000000 -0.000000 -0.000000
vn -1.000000 -0.000000 -0.000000
vn 1.000000 0.000000 0.000000
vn 1.000000 0.000000 0.000000
vn 1.000000 0.000000 0.000000
vn 0.000000 -0.725807 -0.687898
vn 0.000000 -0.704170 -0.710031
vn 0.000000 -0.726207 -0.687476
vn 0.000000 -0.693688 -0.720276
vn 0.000000 -0.681943 -0.731405
vn 0.000000 -0.724622 -0.689147
vn 0.000000 -0.722690 -0.691172
vn 0.000000 -0.720087 -0.693884
vn 0.000000 -0.713103 -0.701060
vn 0.000000 -0.655607 -0.755102
vn 0.000000 -0.655607 -0.755102
vn 0.000000 -0.507976 -0.861371
vn 0.000000 -0.507976 -0.861371
vn 0.000000 -0.374218 -0.927341
vn 0.000000 -0.374218 -0.927341
vn 0.000000 -0.198748 -0.980051
vn 0.000000 -0.198748 -0.980051
vn 0.000000 -0.681925 -0.731422
vn 0.000000 -0.693661 -0.720301
vn 0.000000 -0.726207 -0.687476
vn 0.000000 -0.704156 -0.710045
vn 0.000000 -0.713087 -0.701076
vn 0.000000 -0.725804 -0.687902
vn 0.000000 -0.724613 -0.689156
vn 0.000000 -0.722687 -0.691176
vn 0.000000 -0.720071 -0.693901
vn -0.000000 0.823399 0.567463
vn -0.000000 0.823399 0.567463
vn -0.000000 0.874300 0.485386
vn -0.000000 0.874300 0.485386
vn -0.000000 0.922896 0.385049
vn -0.000000 0.922896 0.385049
vn -0.000000 0.963007 0.269477
vn -0.000000 0.963007 0.269477
vn -0.000000 0.988720 0.149774
vn -0.000000 0.988720 0.149774
vn -0.000000 0.999344 0.036228
vn -0.000000 0.999344 0.036228
vn 0.000000 0.998120 -0.061284
vn 0.000000 0.998120 -0.061284
vn 0.000000 0.955659 -0.294477
vn 0.000000 0.967425 -0.253159
vn 0.000000 0.955565 -0.294780
vn 0.000000 0.948931 -0.315483
vn 0.000000 0.941847 -0.336041
vn 0.000000 0.952294 -0.305184
vn 0.000000 0.639733 -0.768597
vn 0.000000 0.639733 -0.768597
vn 0.000000 0.583307 -0.812252
vn 0.000000 0.583307 -0.812252
vn 0.000000 0.511221 -0.859449
vn 0.000000 0.511221 -0.859449
vn 0.000000 0.424929 -0.905227
vn 0.000000 0.424929 -0.905227
vn 0.000000 0.328417 -0.944533
vn 0.000000 0.328417 -0.944533
vn 0.000000 0.227703 -0.973731
vn 0.000000 0.227703 -0.973731
vn 0.000000 0.131526 -0.991313
vn 0.000000 0.131523 -0.991313
vn 0.000000 0.052726 -0.998609
f 1507/1694/1656 1508/1695/1657 1527/1696/1658
f 1527/1696/1658 1508/1695/1657 1526/1697/1659
f 1526/1697/1659 1508/1695/1657 1525/1698/1660
f 1525/1698/1660 1508/1695/1657 1509/1699/1661
f 1525/1698/1660 1509/1699/1661 1510/1700/1662
f 1511/1701/1663 1517/1702/1664 1510/1700/1662
f 1510/1700/1662 1517/1702/1664 1518/1703/1665
f 1510/1700/1662 1518/1703/1665 1524/1704/1666
f 1524/1704/1666 1518/1703/1665 1523/1705/1667
f 1523/1705/1667 1518/1703/1665 1522/1706/1668
f 1522/1706/1668 1518/1703/1665 1521/1707/1669
f 1521/1707/1669 1518/1703/1665 1520/1708/1670
f 1520/1708/1670 1518/1703/1665 1519/1709/1671
f 1511/1701/1663 1512/1710/1672 1517/1702/1664
f 1517/1702/1664 1512/1710/1672 1516/1711/1673
f 1516/1711/1673 1512/1710/1672 1515/1712/1674
f 1515/1712/1674 1512/1710/1672 1514/1713/1675
f 1514/1713/1675 1512/1710/1672 1513/1714/1676
f 1524/1704/1666 1525/1698/1660 1510/1700/1662
f 1528/1715/1677 1507/1716/1678 1529/1717/1679
f 1529/1717/1679 1507/1716/1678 1527/1718/1680
f 1528/1719/1681 1529/1720/1682 1530/1721/1683
f 1530/1721/1683 1529/1720/1682 1531/1722/1684
f 1530/1721/1683 1531/1722/1684 1549/1723/1685
f 1549/1723/1685 1531/1722/1684 1532/1724/1686
f 1549/1723/1685 1532/1724/1686 1540/1725/1687
f 1540/1725/1687 1532/1724/1686 1533/1726/1688
f 1540/1725/1687 1533/1726/1688 1534/1727/1689
f 1534/1727/1689 1535/1728/1690 1540/1725/1687
f 1540/1725/1687 1535/1728/1690 1536/1729/1691
f 1540/1725/1687 1536/1729/1691 1537/1730/1692
f 1537/1730/1692 1538/1731/1693 1540/1725/1687
f 1540/1725/1687 1538/1731/1693 1539/1732/1694
f 1540/1725/1687 1541/1733/1695 1549/1723/1685
f 1549/1723/1685 1541/1733/1695 1548/1734/1696
f 1548/1734/1696 1541/1733/1695 1547/1735/1697
f 1547/1735/1697 1541/1733/1695 1542/1736/1698
f 1547/1735/1697 1542/1736/1698 1543/1737/1699
f 1543/1737/1699 1544/1738/1700 1547/1735/1697
f 1547/1735/1697 1544/1738/1700 1545/1739/1701
f 1547/1735/1697 1545/1739/1701 1546/1740/1702
f 1508/1741/1703 1507/1742/1704 1574/1743/1705
f 1574/1743/1705 1507/1742/1704 1550/1744/1706
f 1574/1743/1705 1550/1744/1706 1551/1745/1707
f 1507/1742/1704 1528/1746/1708 1550/1744/1706
f 1550/1744/1706 1528/1746/1708 1530/1747/1709
f 1552/1748/1710 1570/1749/1711 1551/1745/1707
f 1551/1745/1707 1570/1749/1711 1571/1750/1712
f 1551/1745/1707 1571/1750/1712 1574/1743/1705
f 1574/1743/1705 1571/1750/1712 1572/1751/1713
f 1574/1743/1705 1572/1751/1713 1573/1752/1714
f 1570/1749/1711 1552/1748/1710 1555/1753/1715
f 1555/1753/1715 1552/1748/1710 1553/1754/1716
f 1555/1753/1715 1553/1754/1716 1554/1755/1717
f 1556/1756/1718 1557/1757/1719 1555/1753/1715
f 1555/1753/1715 1557/1757/1719 1558/1758/1720
f 1555/1753/1715 1558/1758/1720 1559/1759/1721
f 1559/1759/1721 1560/1760/1722 1555/1753/1715
f 1555/1753/1715 1560/1760/1722 1561/1761/1723
f 1555/1753/1715 1561/1761/1723 1562/1762/1724
f 1562/1762/1724 1563/1763/1725 1555/1753/1715
f 1555/1753/1715 1563/1763/1725 1564/1764/1726
f 1555/1753/1715 1564/1764/1726 1565/1765/1727
f 1565/1765/1727 1566/1766/1728 1555/1753/1715
f 1555/1753/1715 1566/1766/1728 1567/1767/1729
f 1555/1753/1715 1567/1767/1729 1568/1768/1730
f 1568/1768/1730 1569/1769/1731 1555/1753/1715
f 1555/1753/1715 1569/1769/1731 1570/1749/1711
f 1549/1770/1732 1594/1771/1733 1530/1772/1709
f 1530/1772/1709 1594/1771/1733 1584/1773/1734
f 1530/1772/1709 1584/1773/1734 1593/1774/1735
f 1593/1774/1735 1584/1773/1734 1587/1775/1736
f 1593/1774/1735 1587/1775/1736 1600/1776/1737
f 1600/1776/1737 1587/1775/1736 1592/1777/1738
f 1600/1776/1737 1592/1777/1738 1599/1778/1739
f 1599/1778/1739 1592/1777/1738 1591/1779/1740
f 1599/1778/1739 1591/1779/1740 1598/1780/1741
f 1598/1780/1741 1591/1779/1740 1590/1781/1742
f 1598/1780/1741 1590/1781/1742 1597/1782/1743
f 1597/1782/1743 1590/1781/1742 1589/1783/1744
f 1597/1782/1743 1589/1783/1744 1596/1784/1745
f 1596/1784/1745 1589/1783/1744 1588/1785/1746
f 1596/1784/1745 1588/1785/1746 1586/1786/1747
f 1586/1786/1747 1588/1785/1746 1575/1787/1748
f 1586/1786/1747 1575/1787/1748 1576/1788/1749
f 1548/1789/1750 1595/1790/1751 1549/1770/1732
f 1549/1770/1732 1595/1790/1751 1587/1775/1736
f 1549/1770/1732 1587/1775/1736 1594/1771/1733
f 1594/1771/1733 1587/1775/1736 1584/1773/1734
f 1547/1791/1752 1592/1777/1738 1548/1789/1750
f 1548/1789/1750 1592/1777/1738 1587/1775/1736
f 1548/1789/1750 1587/1775/1736 1595/1790/1751
f 1592/1777/1738 1547/1791/1752 1591/1779/1740
f 1591/1779/1740 1547/1791/1752 1546/1792/1753
f 1591/1779/1740 1546/1792/1753 1590/1781/1742
f 1590/1781/1742 1546/1792/1753 1545/1793/1754
f 1590/1781/1742 1545/1793/1754 1589/1783/1744
f 1589/1783/1744 1545/1793/1754 1544/1794/1755
f 1589/1783/1744 1544/1794/1755 1588/1785/1746
f 1588/1785/1746 1544/1794/1755 1543/1795/1756
f 1588/1785/1746 1543/1795/1756 1542/1796/1757
f 1542/1796/1757 1541/1797/1758 1588/1785/1746
f 1588/1785/1746 1541/1797/1758 1575/1787/1748
f 1586/1786/1747 1576/1788/1749 1607/1798/1759
f 1607/1798/1759 1576/1788/1749 1577/1799/1760
f 1607/1798/1759 1577/1799/1760 1578/1800/1761
f 1579/1801/1762 1608/1802/1763 1578/1800/1761
f 1578/1800/1761 1608/1802/1763 1606/1803/1764
f 1578/1800/1761 1606/1803/1764 1607/1798/1759
f 1607/1798/1759 1606/1803/1764 1586/1786/1747
f 1580/1804/1765 1612/1805/1766 1579/1801/1762
f 1579/1801/1762 1612/1805/1766 1605/1806/1767
f 1579/1801/1762 1605/1806/1767 1606/1803/1764
f 1606/1803/1764 1605/1806/1767 1596/1784/1745
f 1606/1803/1764 1596/1784/1745 1586/1786/1747
f 1581/1807/1768 1611/1808/1769 1580/1804/1765
f 1580/1804/1765 1611/1808/1769 1604/1809/1770
f 1580/1804/1765 1604/1809/1770 1605/1806/1767
f 1605/1806/1767 1604/1809/1770 1597/1782/1743
f 1605/1806/1767 1597/1782/1743 1596/1784/1745
f 1582/1810/1771 1609/1811/1772 1581/1807/1768
f 1581/1807/1768 1609/1811/1772 1603/1812/1773
f 1581/1807/1768 1603/1812/1773 1604/1809/1770
f 1604/1809/1770 1603/1812/1773 1598/1780/1741
f 1604/1809/1770 1598/1780/1741 1597/1782/1743
f 1583/1813/1774 1585/1814/1775 1582/1810/1771
f 1582/1810/1771 1585/1814/1775 1601/1815/1776
f 1582/1810/1771 1601/1815/1776 1602/1816/1777
f 1602/1816/1777 1601/1815/1776 1600/1776/1737
f 1602/1816/1777 1600/1776/1737 1599/1778/1739
f 1585/1814/1775 1583/1813/1774 1601/1815/1776
f 1601/1815/1776 1583/1813/1774 1550/1817/1706
f 1601/1815/1776 1550/1817/1706 1593/1774/1735
f 1593/1774/1735 1550/1817/1706 1530/1772/1709
f 1600/1776/1737 1601/1815/1776 1593/1774/1735
f 1579/1801/1762 1606/1803/1764 1608/1802/1763
f 1602/1816/1777 1599/1778/1739 1603/1812/1773
f 1603/1812/1773 1599/1778/1739 1598/1780/1741
f 1602/1816/1777 1603/1812/1773 1610/1818/1778
f 1610/1818/1778 1603/1812/1773 1609/1811/1772
f 1610/1818/1778 1609/1811/1772 1582/1810/1771
f 1611/1808/1769 1581/1807/1768 1604/1809/1770
f 1612/1805/1766 1580/1804/1765 1605/1806/1767
f 1610/1818/1778 1582/1810/1771 1602/1816/1777
f 1517/1819/1779 1516/1820/1780 1620/1821/1781
f 1620/1821/1781 1516/1820/1780 1515/1822/1782
f 1620/1821/1781 1515/1822/1782 1514/1823/1783
f 1620/1821/1781 1514/1823/1783 1619/1824/1784
f 1619/1824/1784 1514/1823/1783 1513/1825/1785
f 1619/1824/1784 1513/1825/1785 1624/1826/1786
f 1624/1826/1786 1513/1825/1785 1512/1827/1787
f 1624/1826/1786 1512/1827/1787 1618/1828/1788
f 1618/1828/1788 1512/1827/1787 1625/1829/1789
f 1618/1828/1788 1625/1829/1789 1617/1830/1790
f 1617/1830/1790 1625/1829/1789 1511/1831/1791
f 1617/1830/1790 1511/1831/1791 1626/1832/1792
f 1626/1832/1792 1511/1831/1791 1510/1833/1793
f 1626/1832/1792 1510/1833/1793 1616/1834/1794
f 1616/1834/1794 1510/1833/1793 1623/1835/1795
f 1616/1834/1794 1623/1835/1795 1615/1836/1796
f 1615/1836/1796 1623/1835/1795 1622/1837/1797
f 1615/1836/1796 1622/1837/1797 1614/1838/1798
f 1614/1838/1798 1622/1837/1797 1621/1839/1799
f 1614/1838/1798 1621/1839/1799 1613/1840/1800
f 1613/1840/1800 1621/1839/1799 1508/1841/1801
f 1613/1840/1800 1508/1841/1801 1574/1842/1705
f 1512/1827/1787 1511/1831/1791 1625/1829/1789
f 1510/1833/1793 1509/1843/1802 1623/1835/1795
f 1623/1835/1795 1509/1843/1802 1622/1837/1797
f 1622/1837/1797 1509/1843/1802 1621/1839/1799
f 1621/1839/1799 1509/1843/1802 1508/1841/1801
f 1616/1834/1794 1617/1830/1790 1626/1832/1792
f 1618/1828/1788 1619/1824/1784 1624/1826/1786
f 1541/1844/1803 1540/1845/1804 1575/1846/1805
f 1575/1846/1805 1540/1845/1804 1627/1847/1806
f 1575/1846/1805 1627/1847/1806 1628/1848/1807
f 1628/1848/1807 1576/1849/1749 1575/1846/1805
f 1627/1850/1808 1540/1851/1809 1647/1852/1810
f 1647/1852/1810 1540/1851/1809 1539/1853/1811
f 1647/1852/1810 1539/1853/1811 1538/1854/1812
f 1538/1854/1812 1537/1855/1813 1647/1852/1810
f 1647/1852/1810 1537/1855/1813 1646/1856/1814
f 1647/1852/1810 1646/1856/1814 1639/1857/1815
f 1639/1857/1815 1646/1856/1814 1665/1858/1816
f 1639/1857/1815 1665/1858/1816 1655/1859/1817
f 1655/1859/1817 1665/1858/1816 1649/1860/1818
f 1655/1859/1817 1649/1860/1818 1635/1861/1819
f 1635/1861/1819 1649/1860/1818 1648/1862/1820
f 1635/1861/1819 1648/1862/1820 1634/1863/1821
f 1634/1863/1821 1648/1862/1820 1649/1860/1818
f 1634/1863/1821 1649/1860/1818 1650/1864/1822
f 1650/1864/1822 1649/1860/1818 1664/1865/1823
f 1650/1864/1822 1664/1865/1823 1663/1866/1824
f 1663/1866/1824 1664/1865/1823 1644/1867/1825
f 1663/1866/1824 1644/1867/1825 1643/1868/1826
f 1643/1868/1826 1644/1867/1825 1533/1869/1827
f 1643/1868/1826 1533/1869/1827 1640/1870/1828
f 1640/1870/1828 1533/1869/1827 1532/1871/1829
f 1640/1870/1828 1532/1871/1829 1638/1872/1830
f 1638/1872/1830 1532/1871/1829 1531/1873/1831
f 1638/1872/1830 1531/1873/1831 1641/1874/1832
f 1641/1874/1832 1531/1873/1831 1629/1875/1833
f 1641/1874/1832 1629/1875/1833 1660/1876/1834
f 1660/1876/1834 1629/1875/1833 1637/1877/1835
f 1660/1876/1834 1637/1877/1835 1654/1878/1836
f 1654/1878/1836 1637/1877/1835 1631/1879/1837
f 1654/1878/1836 1631/1879/1837 1653/1880/1838
f 1653/1880/1838 1631/1879/1837 1651/1881/1839
f 1653/1880/1838 1651/1881/1839 1656/1882/1840
f 1656/1882/1840 1651/1881/1839 1632/1883/1841
f 1656/1882/1840 1632/1883/1841 1652/1884/1842
f 1652/1884/1842 1632/1883/1841 1658/1885/1843
f 1652/1884/1842 1658/1885/1843 1633/1886/1844
f 1633/1886/1844 1658/1885/1843 1632/1883/1841
f 1537/1855/1813 1536/1887/1845 1646/1856/1814
f 1646/1856/1814 1536/1887/1845 1535/1888/1846
f 1646/1856/1814 1535/1888/1846 1645/1889/1847
f 1645/1889/1847 1535/1888/1846 1534/1890/1848
f 1645/1889/1847 1534/1890/1848 1644/1867/1825
f 1644/1867/1825 1534/1890/1848 1533/1869/1827
f 1637/1877/1835 1629/1875/1833 1657/1891/1849
f 1657/1891/1849 1629/1875/1833 1630/1892/1850
f 1657/1891/1849 1630/1892/1850 1631/1879/1837
f 1631/1879/1837 1632/1883/1841 1651/1881/1839
f 1634/1863/1821 1659/1893/1851 1633/1886/1844
f 1633/1886/1844 1659/1893/1851 1650/1864/1822
f 1633/1886/1844 1650/1864/1822 1652/1884/1842
f 1652/1884/1842 1650/1864/1822 1663/1866/1824
f 1652/1884/1842 1663/1866/1824 1662/1894/1852
f 1662/1894/1852 1663/1866/1824 1643/1868/1826
f 1662/1894/1852 1643/1868/1826 1642/1895/1853
f 1642/1895/1853 1643/1868/1826 1640/1870/1828
f 1642/1895/1853 1640/1870/1828 1638/1872/1830
f 1635/1861/1819 1636/1896/1854 1655/1859/1817
f 1655/1859/1817 1636/1896/1854 1628/1897/1807
f 1655/1859/1817 1628/1897/1807 1639/1857/1815
f 1639/1857/1815 1628/1897/1807 1627/1850/1808
f 1639/1857/1815 1627/1850/1808 1647/1852/1810
f 1631/1879/1837 1637/1877/1835 1657/1891/1849
f 1642/1895/1853 1638/1872/1830 1641/1874/1832
f 1642/1895/1853 1641/1874/1832 1661/1898/1855
f 1661/1898/1855 1641/1874/1832 1660/1876/1834
f 1661/1898/1855 1660/1876/1834 1654/1878/1836
f 1665/1858/1816 1646/1856/1814 1645/1889/1847
f 1665/1858/1816 1645/1889/1847 1664/1865/1823
f 1664/1865/1823 1645/1889/1847 1644/1867/1825
f 1659/1893/1851 1634/1863/1821 1650/1864/1822
f 1654/1878/1836 1653/1880/1838 1656/1882/1840
f 1664/1865/1823 1649/1860/1818 1665/1858/1816
f 1661/1898/1855 1654/1878/1836 1656/1882/1840
f 1661/1898/1855 1656/1882/1840 1662/1894/1852
f 1662/1894/1852 1656/1882/1840 1652/1884/1842
f 1661/1898/1855 1662/1894/1852 1642/1895/1853
f 1666/1899/1856 1667/1900/1857 1689/1901/1858
f 1689/1901/1858 1667/1900/1857 1693/1902/1859
f 1689/1901/1858 1693/1902/1859 1692/1903/1860
f 1692/1903/1860 1693/1902/1859 1691/1904/1861
f 1692/1903/1860 1691/1904/1861 1696/1905/1862
f 1696/1905/1862 1691/1904/1861 1695/1906/1863
f 1696/1905/1862 1695/1906/1863 1699/1907/1864
f 1699/1907/1864 1695/1906/1863 1698/1908/1865
f 1699/1907/1864 1698/1908/1865 1702/1909/1866
f 1702/1909/1866 1698/1908/1865 1701/1910/1867
f 1702/1909/1866 1701/1910/1867 1705/1911/1868
f 1705/1911/1868 1701/1910/1867 1704/1912/1869
f 1705/1911/1868 1704/1912/1869 1708/1913/1870
f 1708/1913/1870 1704/1912/1869 1707/1914/1871
f 1708/1913/1870 1707/1914/1871 1710/1915/1872
f 1710/1915/1872 1707/1914/1871 1709/1916/1873
f 1710/1915/1872 1709/1916/1873 1682/1917/1874
f 1682/1917/1874 1709/1916/1873 1711/1918/1875
f 1682/1917/1874 1711/1918/1875 1681/1919/1876
f 1681/1919/1876 1711/1918/1875 1714/1920/1877
f 1681/1919/1876 1714/1920/1877 1680/1921/1878
f 1680/1921/1878 1714/1920/1877 1713/1922/1879
f 1680/1921/1878 1713/1922/1879 1679/1923/1880
f 1679/1923/1880 1713/1922/1879 1715/1924/1881
f 1679/1923/1880 1715/1924/1881 1678/1925/1882
f 1678/1925/1882 1715/1924/1881 1677/1926/1883
f 1677/1926/1883 1715/1924/1881 1713/1922/1879
f 1677/1926/1883 1713/1922/1879 1676/1927/1884
f 1676/1927/1884 1713/1922/1879 1712/1928/1885
f 1676/1927/1884 1712/1928/1885 1675/1929/1886
f 1675/1929/1886 1712/1928/1885 1690/1930/1887
f 1675/1929/1886 1690/1930/1887 1674/1931/1888
f 1674/1931/1888 1690/1930/1887 1706/1932/1889
f 1674/1931/1888 1706/1932/1889 1673/1933/1890
f 1673/1933/1890 1706/1932/1889 1703/1934/1891
f 1673/1933/1890 1703/1934/1891 1672/1935/1892
f 1672/1935/1892 1703/1934/1891 1700/1936/1893
f 1672/1935/1892 1700/1936/1893 1671/1937/1894
f 1671/1937/1894 1700/1936/1893 1697/1938/1895
f 1671/1937/1894 1697/1938/1895 1670/1939/1896
f 1670/1939/1896 1697/1938/1895 1694/1940/1897
f 1670/1939/1896 1694/1940/1897 1669/1941/1898
f 1669/1941/1898 1694/1940/1897 1695/1906/1863
f 1669/1941/1898 1695/1906/1863 1691/1904/1861
f 1667/1900/1857 1668/1942/1899 1693/1902/1859
f 1693/1902/1859 1668/1942/1899 1691/1904/1861
f 1668/1942/1899 1669/1941/1898 1691/1904/1861
f 1682/1917/1874 1683/1943/1900 1710/1915/1872
f 1710/1915/1872 1683/1943/1900 1708/1913/1870
f 1683/1943/1900 1684/1944/1901 1708/1913/1870
f 1708/1913/1870 1684/1944/1901 1705/1911/1868
f 1684/1944/1901 1685/1945/1902 1705/1911/1868
f 1705/1911/1868 1685/1945/1902 1702/1909/1866
f 1685/1945/1902 1686/1946/1903 1702/1909/1866
f 1702/1909/1866 1686/1946/1903 1699/1907/1864
f 1699/1907/1864 1686/1946/1903 1696/1905/1862
f 1696/1905/1862 1686/1946/1903 1687/1947/1904
f 1696/1905/1862 1687/1947/1904 1692/1903/1860
f 1692/1903/1860 1687/1947/1904 1688/1948/1905
f 1692/1903/1860 1688/1948/1905 1689/1901/1858
f 1698/1908/1865 1695/1906/1863 1694/1940/1897
f 1701/1910/1867 1698/1908/1865 1697/1938/1895
f 1697/1938/1895 1698/1908/1865 1694/1940/1897
f 1704/1912/1869 1701/1910/1867 1700/1936/1893
f 1700/1936/1893 1701/1910/1867 1697/1938/1895
f 1707/1914/1871 1704/1912/1869 1703/1934/1891
f 1703/1934/1891 1704/1912/1869 1700/1936/1893
f 1709/1916/1873 1707/1914/1871 1706/1932/1889
f 1706/1932/1889 1707/1914/1871 1703/1934/1891
f 1711/1918/1875 1709/1916/1873 1690/1930/1887
f 1690/1930/1887 1709/1916/1873 1706/1932/1889
f 1713/1922/1879 1714/1920/1877 1712/1928/1885
f 1712/1928/1885 1714/1920/1877 1711/1918/1875
f 1712/1928/1885 1711/1918/1875 1690/1930/1887
f 1717/1949/1906 1718/1950/1907 1716/1951/1908
f 1716/1951/1908 1718/1950/1907 1755/1952/1909
f 1716/1951/1908 1755/1952/1909 1750/1953/1910
f 1750/1953/1910 1755/1952/1909 1763/1954/1911
f 1750/1953/1910 1763/1954/1911 1764/1955/1912
f 1764/1955/1912 1763/1954/1911 1772/1956/1913
f 1764/1955/1912 1772/1956/1913 1932/1957/1914
f 1932/1957/1914 1772/1956/1913 1933/1958/1915
f 1932/1957/1914 1933/1958/1915 1879/1959/1916
f 1879/1959/1916 1933/1958/1915 1880/1960/1917
f 1879/1959/1916 1880/1960/1917 1895/1961/1918
f 1895/1961/1918 1880/1960/1917 1894/1962/1919
f 1895/1961/1918 1894/1962/1919 1749/1963/1920
f 1749/1963/1920 1894/1962/1919 1783/1964/1921
f 1749/1963/1920 1783/1964/1921 1781/1965/1922
f 1781/1965/1922 1783/1964/1921 1780/1966/1923
f 1781/1965/1922 1780/1966/1923 1782/1967/1924
f 1782/1967/1924 1780/1966/1923 1924/1968/1925
f 1782/1967/1924 1924/1968/1925 1747/1969/1926
f 1747/1969/1926 1924/1968/1925 1917/1970/1927
f 1747/1969/1926 1917/1970/1927 1870/1971/1928
f 1870/1971/1928 1917/1970/1927 1871/1972/1929
f 1870/1971/1928 1871/1972/1929 1799/1973/1930
f 1799/1973/1930 1871/1972/1929 1800/1974/1931
f 1799/1973/1930 1800/1974/1931 1746/1975/1932
f 1746/1975/1932 1800/1974/1931 1798/1976/1933
f 1746/1975/1932 1798/1976/1933 1817/1977/1934
f 1817/1977/1934 1798/1976/1933 1818/1978/1935
f 1817/1977/1934 1818/1978/1935 1744/1979/1936
f 1744/1979/1936 1818/1978/1935 1815/1980/1937
f 1744/1979/1936 1815/1980/1937 1816/1981/1938
f 1816/1981/1938 1815/1980/1937 1910/1982/1939
f 1816/1981/1938 1910/1982/1939 1834/1983/1940
f 1834/1983/1940 1910/1982/1939 1835/1984/1941
f 1834/1983/1940 1835/1984/1941 1833/1985/1942
f 1833/1985/1942 1835/1984/1941 1832/1986/1943
f 1833/1985/1942 1832/1986/1943 1741/1987/1944
f 1741/1987/1944 1832/1986/1943 1903/1988/1945
f 1741/1987/1944 1903/1988/1945 1852/1989/1946
f 1852/1989/1946 1903/1988/1945 1853/1990/1947
f 1852/1989/1946 1853/1990/1947 1851/1991/1948
f 1851/1991/1948 1853/1990/1947 1850/1992/1949
f 1851/1991/1948 1850/1992/1949 1739/1993/1950
f 1739/1993/1950 1850/1992/1949 1896/1994/1951
f 1739/1993/1950 1896/1994/1951 1861/1995/1952
f 1861/1995/1952 1896/1994/1951 1862/1996/1953
f 1861/1995/1952 1862/1996/1953 1684/1997/1954
f 1684/1997/1954 1862/1996/1953 1685/1998/1955
f 1685/1998/1955 1862/1996/1953 1863/1999/1956
f 1685/1998/1955 1863/1999/1956 1864/2000/1957
f 1864/2000/1957 1863/1999/1956 1898/2001/1958
f 1864/2000/1957 1898/2001/1958 1899/2002/1959
f 1899/2002/1959 1898/2001/1958 1847/2003/1960
f 1899/2002/1959 1847/2003/1960 1846/2004/1961
f 1846/2004/1961 1847/2003/1960 1857/2005/1962
f 1846/2004/1961 1857/2005/1962 1858/2006/1963
f 1858/2006/1963 1857/2005/1962 1908/2007/1964
f 1858/2006/1963 1908/2007/1964 1909/2008/1965
f 1909/2008/1965 1908/2007/1964 1826/2009/1966
f 1909/2008/1965 1826/2009/1966 1825/2010/1967
f 1825/2010/1967 1826/2009/1966 1842/2011/1968
f 1825/2010/1967 1842/2011/1968 1731/2012/1969
f 1731/2012/1969 1842/2011/1968 1742/2013/1970
f 1731/2012/1969 1742/2013/1970 1730/2014/1971
f 1730/2014/1971 1742/2013/1970 1808/2015/1972
f 1730/2014/1971 1808/2015/1972 1743/2016/1973
f 1743/2016/1973 1808/2015/1972 1809/2017/1974
f 1743/2016/1973 1809/2017/1974 1824/2018/1975
f 1824/2018/1975 1809/2017/1974 1810/2019/1976
f 1824/2018/1975 1810/2019/1976 1823/2020/1977
f 1823/2020/1977 1810/2019/1976 1811/2021/1978
f 1823/2020/1977 1811/2021/1978 1822/2022/1979
f 1822/2022/1979 1811/2021/1978 1812/2023/1980
f 1822/2022/1979 1812/2023/1980 1821/2024/1981
f 1821/2024/1981 1812/2023/1980 1813/2025/1982
f 1821/2024/1981 1813/2025/1982 1820/2026/1983
f 1820/2026/1983 1813/2025/1982 1814/2027/1984
f 1820/2026/1983 1814/2027/1984 1819/2028/1985
f 1819/2028/1985 1814/2027/1984 1815/1980/1937
f 1819/2028/1985 1815/1980/1937 1818/1978/1935
f 1718/1950/1907 1719/2029/1986 1755/1952/1909
f 1755/1952/1909 1719/2029/1986 1720/2030/1987
f 1755/1952/1909 1720/2030/1987 1721/2031/1988
f 1721/2031/1988 1722/2032/1989 1755/1952/1909
f 1755/1952/1909 1722/2032/1989 1723/2033/1990
f 1755/1952/1909 1723/2033/1990 1754/2034/1991
f 1754/2034/1991 1723/2033/1990 1724/2035/1992
f 1754/2034/1991 1724/2035/1992 1753/2036/1993
f 1753/2036/1993 1724/2035/1992 1725/2037/1994
f 1753/2036/1993 1725/2037/1994 1752/2038/1995
f 1752/2038/1995 1725/2037/1994 1751/2039/1996
f 1752/2038/1995 1751/2039/1996 1760/2040/1997
f 1760/2040/1997 1751/2039/1996 1726/2041/1998
f 1760/2040/1997 1726/2041/1998 1759/2042/1999
f 1759/2042/1999 1726/2041/1998 1758/2043/2000
f 1759/2042/1999 1758/2043/2000 1768/2044/2001
f 1768/2044/2001 1758/2043/2000 1767/2045/2002
f 1768/2044/2001 1767/2045/2002 1937/2046/2003
f 1937/2046/2003 1767/2045/2002 1938/2047/2004
f 1937/2046/2003 1938/2047/2004 1884/2048/2005
f 1884/2048/2005 1938/2047/2004 1885/2049/2006
f 1884/2048/2005 1885/2049/2006 1890/2050/2007
f 1890/2050/2007 1885/2049/2006 1889/2051/2008
f 1890/2050/2007 1889/2051/2008 1787/2052/2009
f 1787/2052/2009 1889/2051/2008 1788/2053/2010
f 1787/2052/2009 1788/2053/2010 1776/2054/2011
f 1776/2054/2011 1788/2053/2010 1775/2055/2012
f 1776/2054/2011 1775/2055/2012 1928/2056/2013
f 1928/2056/2013 1775/2055/2012 1929/2057/2014
f 1928/2056/2013 1929/2057/2014 1921/2058/2015
f 1921/2058/2015 1929/2057/2014 1922/2059/2016
f 1921/2058/2015 1922/2059/2016 1875/2060/2017
f 1875/2060/2017 1922/2059/2016 1876/2061/2018
f 1875/2060/2017 1876/2061/2018 1804/2062/2019
f 1804/2062/2019 1876/2061/2018 1805/2063/2020
f 1804/2062/2019 1805/2063/2020 1794/2064/2021
f 1794/2064/2021 1805/2063/2020 1793/2065/2022
f 1794/2064/2021 1793/2065/2022 1822/2022/1979
f 1822/2022/1979 1793/2065/2022 1823/2020/1977
f 1725/2037/1994 1726/2041/1998 1751/2039/1996
f 1727/2066/2023 1756/2067/2024 1726/2041/1998
f 1726/2041/1998 1756/2067/2024 1757/2068/2025
f 1726/2041/1998 1757/2068/2025 1758/2043/2000
f 1758/2043/2000 1757/2068/2025 1767/2045/2002
f 1728/2069/2026 1887/2070/2027 1727/2066/2023
f 1727/2066/2023 1887/2070/2027 1940/2071/2028
f 1727/2066/2023 1940/2071/2028 1765/2072/2029
f 1765/2072/2029 1940/2071/2028 1939/2073/2030
f 1765/2072/2029 1939/2073/2030 1766/2074/2031
f 1766/2074/2031 1939/2073/2030 1938/2047/2004
f 1766/2074/2031 1938/2047/2004 1767/2045/2002
f 1729/2075/2032 1878/2076/2033 1728/2069/2026
f 1728/2069/2026 1878/2076/2033 1931/2077/2034
f 1728/2069/2026 1931/2077/2034 1773/2078/2035
f 1773/2078/2035 1931/2077/2034 1930/2079/2036
f 1773/2078/2035 1930/2079/2036 1774/2080/2037
f 1774/2080/2037 1930/2079/2036 1929/2057/2014
f 1774/2080/2037 1929/2057/2014 1775/2055/2012
f 1730/2014/1971 1743/2016/1973 1729/2075/2032
f 1729/2075/2032 1743/2016/1973 1791/2081/2038
f 1729/2075/2032 1791/2081/2038 1807/2082/2039
f 1807/2082/2039 1791/2081/2038 1792/2083/2040
f 1807/2082/2039 1792/2083/2040 1806/2084/2041
f 1806/2084/2041 1792/2083/2040 1793/2065/2022
f 1806/2084/2041 1793/2065/2022 1805/2063/2020
f 1825/2010/1967 1731/2012/1969 1740/2085/2042
f 1740/2085/2042 1731/2012/1969 1732/2086/2043
f 1740/2085/2042 1732/2086/2043 1860/2087/2044
f 1860/2087/2044 1732/2086/2043 1843/2088/2045
f 1860/2087/2044 1843/2088/2045 1844/2089/2046
f 1844/2089/2046 1843/2088/2045 1902/2090/2047
f 1844/2089/2046 1902/2090/2047 1901/2091/2048
f 1901/2091/2048 1902/2090/2047 1867/2092/2049
f 1901/2091/2048 1867/2092/2049 1866/2093/2050
f 1866/2093/2050 1867/2092/2049 1688/2094/2051
f 1866/2093/2050 1688/2094/2051 1687/2095/2052
f 1843/2088/2045 1732/2086/2043 1738/2096/2053
f 1738/2096/2053 1732/2086/2043 1666/2097/2054
f 1738/2096/2053 1666/2097/2054 1869/2098/2055
f 1869/2098/2055 1666/2097/2054 1689/2099/2056
f 1869/2098/2055 1689/2099/2056 1868/2100/2057
f 1868/2100/2057 1689/2099/2056 1688/2094/2051
f 1868/2100/2057 1688/2094/2051 1867/2092/2049
f 1866/2093/2050 1687/2095/2052 1865/2101/2058
f 1865/2101/2058 1687/2095/2052 1686/2102/2059
f 1865/2101/2058 1686/2102/2059 1864/2000/1957
f 1864/2000/1957 1686/2102/2059 1685/1998/1955
f 1861/1995/1952 1684/1997/1954 1739/1993/1950
f 1739/1993/1950 1684/1997/1954 1733/2103/2060
f 1739/1993/1950 1733/2103/2060 1851/1991/1948
f 1851/1991/1948 1733/2103/2060 1852/1989/1946
f 1852/1989/1946 1733/2103/2060 1741/1987/1944
f 1741/1987/1944 1733/2103/2060 1734/2104/2061
f 1741/1987/1944 1734/2104/2061 1833/1985/1942
f 1833/1985/1942 1734/2104/2061 1834/1983/1940
f 1834/1983/1940 1734/2104/2061 1816/1981/1938
f 1816/1981/1938 1734/2104/2061 1735/2105/2062
f 1816/1981/1938 1735/2105/2062 1744/1979/1936
f 1744/1979/1936 1735/2105/2062 1817/1977/1934
f 1817/1977/1934 1735/2105/2062 1746/1975/1932
f 1746/1975/1932 1735/2105/2062 1736/2106/2063
f 1746/1975/1932 1736/2106/2063 1799/1973/1930
f 1799/1973/1930 1736/2106/2063 1870/1971/1928
f 1737/2107/2064 1782/1967/1924 1736/2106/2063
f 1736/2106/2063 1782/1967/1924 1747/1969/1926
f 1736/2106/2063 1747/1969/1926 1870/1971/1928
f 1716/1951/1908 1764/1955/1912 1737/2107/2064
f 1737/2107/2064 1764/1955/1912 1932/1957/1914
f 1737/2107/2064 1932/1957/1914 1879/1959/1916
f 1729/2075/2032 1807/2082/2039 1745/2108/2065
f 1745/2108/2065 1807/2082/2039 1806/2084/2041
f 1745/2108/2065 1806/2084/2041 1877/2109/2066
f 1877/2109/2066 1806/2084/2041 1805/2063/2020
f 1877/2109/2066 1805/2063/2020 1876/2061/2018
f 1748/2110/2067 1728/2069/2026 1790/2111/2068
f 1790/2111/2068 1728/2069/2026 1773/2078/2035
f 1790/2111/2068 1773/2078/2035 1774/2080/2037
f 1879/1959/1916 1895/1961/1918 1737/2107/2064
f 1737/2107/2064 1895/1961/1918 1749/1963/1920
f 1737/2107/2064 1749/1963/1920 1781/1965/1922
f 1764/1955/1912 1716/1951/1908 1750/1953/1910
f 1753/2036/1993 1752/2038/1995 1761/2112/2069
f 1761/2112/2069 1752/2038/1995 1760/2040/1997
f 1761/2112/2069 1760/2040/1997 1770/2113/2070
f 1770/2113/2070 1760/2040/1997 1769/2114/2071
f 1770/2113/2070 1769/2114/2071 1935/2115/2072
f 1935/2115/2072 1769/2114/2071 1936/2116/2073
f 1935/2115/2072 1936/2116/2073 1882/2117/2074
f 1882/2117/2074 1936/2116/2073 1883/2118/2075
f 1882/2117/2074 1883/2118/2075 1892/2119/2076
f 1892/2119/2076 1883/2118/2075 1891/2120/2077
f 1892/2119/2076 1891/2120/2077 1785/2121/2078
f 1785/2121/2078 1891/2120/2077 1786/2122/2079
f 1785/2121/2078 1786/2122/2079 1778/2123/2080
f 1778/2123/2080 1786/2122/2079 1777/2124/2081
f 1778/2123/2080 1777/2124/2081 1926/2125/2082
f 1926/2125/2082 1777/2124/2081 1927/2126/2083
f 1926/2125/2082 1927/2126/2083 1919/2127/2084
f 1919/2127/2084 1927/2126/2083 1920/2128/2085
f 1919/2127/2084 1920/2128/2085 1873/2129/2086
f 1873/2129/2086 1920/2128/2085 1874/2130/2087
f 1873/2129/2086 1874/2130/2087 1802/2131/2088
f 1802/2131/2088 1874/2130/2087 1803/2132/2089
f 1802/2131/2088 1803/2132/2089 1796/2133/2090
f 1796/2133/2090 1803/2132/2089 1795/2134/2091
f 1796/2133/2090 1795/2134/2091 1820/2026/1983
f 1820/2026/1983 1795/2134/2091 1821/2024/1981
f 1763/1954/1911 1755/1952/1909 1754/2034/1991
f 1754/2034/1991 1753/2036/1993 1762/2135/2092
f 1762/2135/2092 1753/2036/1993 1761/2112/2069
f 1762/2135/2092 1761/2112/2069 1771/2136/2093
f 1771/2136/2093 1761/2112/2069 1770/2113/2070
f 1771/2136/2093 1770/2113/2070 1934/2137/2094
f 1934/2137/2094 1770/2113/2070 1935/2115/2072
f 1934/2137/2094 1935/2115/2072 1881/2138/2095
f 1881/2138/2095 1935/2115/2072 1882/2117/2074
f 1881/2138/2095 1882/2117/2074 1893/2139/2096
f 1893/2139/2096 1882/2117/2074 1892/2119/2076
f 1893/2139/2096 1892/2119/2076 1784/2140/2097
f 1784/2140/2097 1892/2119/2076 1785/2121/2078
f 1784/2140/2097 1785/2121/2078 1779/2141/2098
f 1779/2141/2098 1785/2121/2078 1778/2123/2080
f 1779/2141/2098 1778/2123/2080 1925/2142/2099
f 1925/2142/2099 1778/2123/2080 1926/2125/2082
f 1925/2142/2099 1926/2125/2082 1918/2143/2100
f 1918/2143/2100 1926/2125/2082 1919/2127/2084
f 1918/2143/2100 1919/2127/2084 1872/2144/2101
f 1872/2144/2101 1919/2127/2084 1873/2129/2086
f 1872/2144/2101 1873/2129/2086 1801/2145/2102
f 1801/2145/2102 1873/2129/2086 1802/2131/2088
f 1801/2145/2102 1802/2131/2088 1797/2146/2103
f 1797/2146/2103 1802/2131/2088 1796/2133/2090
f 1797/2146/2103 1796/2133/2090 1819/2028/1985
f 1819/2028/1985 1796/2133/2090 1820/2026/1983
f 1765/2072/2029 1766/2074/2031 1756/2067/2024
f 1756/2067/2024 1766/2074/2031 1757/2068/2025
f 1766/2074/2031 1767/2045/2002 1757/2068/2025
f 1769/2114/2071 1760/2040/1997 1759/2042/1999
f 1769/2114/2071 1759/2042/1999 1768/2044/2001
f 1772/1956/1913 1763/1954/1911 1762/2135/2092
f 1762/2135/2092 1763/1954/1911 1754/2034/1991
f 1772/1956/1913 1762/2135/2092 1771/2136/2093
f 1727/2066/2023 1765/2072/2029 1756/2067/2024
f 1936/2116/2073 1769/2114/2071 1768/2044/2001
f 1936/2116/2073 1768/2044/2001 1937/2046/2003
f 1933/1958/1915 1772/1956/1913 1771/2136/2093
f 1933/1958/1915 1771/2136/2093 1934/2137/2094
f 1774/2080/2037 1775/2055/2012 1789/2147/2104
f 1789/2147/2104 1775/2055/2012 1788/2053/2010
f 1789/2147/2104 1788/2053/2010 1888/2148/2105
f 1888/2148/2105 1788/2053/2010 1889/2051/2008
f 1888/2148/2105 1889/2051/2008 1886/2149/2106
f 1886/2149/2106 1889/2051/2008 1885/2049/2006
f 1886/2149/2106 1885/2049/2006 1939/2073/2030
f 1939/2073/2030 1885/2049/2006 1938/2047/2004
f 1776/2054/2011 1777/2124/2081 1787/2052/2009
f 1787/2052/2009 1777/2124/2081 1786/2122/2079
f 1787/2052/2009 1786/2122/2079 1890/2050/2007
f 1890/2050/2007 1786/2122/2079 1891/2120/2077
f 1890/2050/2007 1891/2120/2077 1884/2048/2005
f 1884/2048/2005 1891/2120/2077 1883/2118/2075
f 1884/2048/2005 1883/2118/2075 1937/2046/2003
f 1937/2046/2003 1883/2118/2075 1936/2116/2073
f 1777/2124/2081 1776/2054/2011 1927/2126/2083
f 1927/2126/2083 1776/2054/2011 1928/2056/2013
f 1927/2126/2083 1928/2056/2013 1920/2128/2085
f 1920/2128/2085 1928/2056/2013 1921/2058/2015
f 1920/2128/2085 1921/2058/2015 1874/2130/2087
f 1874/2130/2087 1921/2058/2015 1875/2060/2017
f 1874/2130/2087 1875/2060/2017 1803/2132/2089
f 1803/2132/2089 1875/2060/2017 1804/2062/2019
f 1803/2132/2089 1804/2062/2019 1795/2134/2091
f 1795/2134/2091 1804/2062/2019 1794/2064/2021
f 1795/2134/2091 1794/2064/2021 1821/2024/1981
f 1821/2024/1981 1794/2064/2021 1822/2022/1979
f 1779/2141/2098 1780/1966/1923 1784/2140/2097
f 1784/2140/2097 1780/1966/1923 1783/1964/1921
f 1784/2140/2097 1783/1964/1921 1893/2139/2096
f 1893/2139/2096 1783/1964/1921 1894/1962/1919
f 1893/2139/2096 1894/1962/1919 1881/2138/2095
f 1881/2138/2095 1894/1962/1919 1880/1960/1917
f 1881/2138/2095 1880/1960/1917 1934/2137/2094
f 1934/2137/2094 1880/1960/1917 1933/1958/1915
f 1780/1966/1923 1779/2141/2098 1924/1968/1925
f 1924/1968/1925 1779/2141/2098 1925/2142/2099
f 1924/1968/1925 1925/2142/2099 1917/1970/1927
f 1917/1970/1927 1925/2142/2099 1918/2143/2100
f 1917/1970/1927 1918/2143/2100 1871/1972/1929
f 1871/1972/1929 1918/2143/2100 1872/2144/2101
f 1871/1972/1929 1872/2144/2101 1800/1974/1931
f 1800/1974/1931 1872/2144/2101 1801/2145/2102
f 1800/1974/1931 1801/2145/2102 1798/1976/1933
f 1798/1976/1933 1801/2145/2102 1797/2146/2103
f 1798/1976/1933 1797/2146/2103 1818/1978/1935
f 1818/1978/1935 1797/2146/2103 1819/2028/1985
f 1737/2107/2064 1781/1965/1922 1782/1967/1924
f 1748/2110/2067 1790/2111/2068 1789/2147/2104
f 1789/2147/2104 1790/2111/2068 1774/2080/2037
f 1748/2110/2067 1789/2147/2104 1888/2148/2105
f 1728/2069/2026 1748/2110/2067 1887/2070/2027
f 1887/2070/2027 1748/2110/2067 1888/2148/2105
f 1887/2070/2027 1888/2148/2105 1886/2149/2106
f 1823/2020/1977 1793/2065/2022 1792/2083/2040
f 1743/2016/1973 1824/2018/1975 1791/2081/2038
f 1791/2081/2038 1824/2018/1975 1792/2083/2040
f 1824/2018/1975 1823/2020/1977 1792/2083/2040
f 1729/2075/2032 1745/2108/2065 1878/2076/2033
f 1878/2076/2033 1745/2108/2065 1877/2109/2066
f 1878/2076/2033 1877/2109/2066 1923/2150/2107
f 1923/2150/2107 1877/2109/2066 1876/2061/2018
f 1923/2150/2107 1876/2061/2018 1922/2059/2016
f 1809/2017/1974 1808/2015/1972 1916/2151/2108
f 1916/2151/2108 1808/2015/1972 1742/2013/1970
f 1916/2151/2108 1742/2013/1970 1841/2152/2109
f 1841/2152/2109 1742/2013/1970 1842/2011/1968
f 1841/2152/2109 1842/2011/1968 1826/2009/1966
f 1810/2019/1976 1809/2017/1974 1915/2153/2110
f 1915/2153/2110 1809/2017/1974 1916/2151/2108
f 1915/2153/2110 1916/2151/2108 1840/2154/2111
f 1840/2154/2111 1916/2151/2108 1841/2152/2109
f 1840/2154/2111 1841/2152/2109 1827/2155/2112
f 1827/2155/2112 1841/2152/2109 1826/2009/1966
f 1827/2155/2112 1826/2009/1966 1908/2007/1964
f 1811/2021/1978 1810/2019/1976 1914/2156/2113
f 1914/2156/2113 1810/2019/1976 1915/2153/2110
f 1914/2156/2113 1915/2153/2110 1839/2157/2114
f 1839/2157/2114 1915/2153/2110 1840/2154/2111
f 1839/2157/2114 1840/2154/2111 1828/2158/2115
f 1828/2158/2115 1840/2154/2111 1827/2155/2112
f 1828/2158/2115 1827/2155/2112 1907/2159/2116
f 1907/2159/2116 1827/2155/2112 1908/2007/1964
f 1907/2159/2116 1908/2007/1964 1857/2005/1962
f 1812/2023/1980 1811/2021/1978 1913/2160/2117
f 1913/2160/2117 1811/2021/1978 1914/2156/2113
f 1913/2160/2117 1914/2156/2113 1838/2161/2118
f 1838/2161/2118 1914/2156/2113 1839/2157/2114
f 1838/2161/2118 1839/2157/2114 1829/2162/2119
f 1829/2162/2119 1839/2157/2114 1828/2158/2115
f 1829/2162/2119 1828/2158/2115 1906/2163/2120
f 1906/2163/2120 1828/2158/2115 1907/2159/2116
f 1906/2163/2120 1907/2159/2116 1856/2164/2121
f 1856/2164/2121 1907/2159/2116 1857/2005/1962
f 1856/2164/2121 1857/2005/1962 1847/2003/1960
f 1813/2025/1982 1812/2023/1980 1912/2165/2122
f 1912/2165/2122 1812/2023/1980 1913/2160/2117
f 1912/2165/2122 1913/2160/2117 1837/2166/2123
f 1837/2166/2123 1913/2160/2117 1838/2161/2118
f 1837/2166/2123 1838/2161/2118 1830/2167/2124
f 1830/2167/2124 1838/2161/2118 1829/2162/2119
f 1830/2167/2124 1829/2162/2119 1905/2168/2125
f 1905/2168/2125 1829/2162/2119 1906/2163/2120
f 1905/2168/2125 1906/2163/2120 1855/2169/2126
f 1855/2169/2126 1906/2163/2120 1856/2164/2121
f 1855/2169/2126 1856/2164/2121 1848/2170/2127
f 1848/2170/2127 1856/2164/2121 1847/2003/1960
f 1848/2170/2127 1847/2003/1960 1898/2001/1958
f 1910/1982/1939 1815/1980/1937 1814/2027/1984
f 1814/2027/1984 1813/2025/1982 1911/2171/2128
f 1911/2171/2128 1813/2025/1982 1912/2165/2122
f 1911/2171/2128 1912/2165/2122 1836/2172/2129
f 1836/2172/2129 1912/2165/2122 1837/2166/2123
f 1836/2172/2129 1837/2166/2123 1831/2173/2130
f 1831/2173/2130 1837/2166/2123 1830/2167/2124
f 1831/2173/2130 1830/2167/2124 1904/2174/2131
f 1904/2174/2131 1830/2167/2124 1905/2168/2125
f 1904/2174/2131 1905/2168/2125 1854/2175/2132
f 1854/2175/2132 1905/2168/2125 1855/2169/2126
f 1854/2175/2132 1855/2169/2126 1849/2176/2133
f 1849/2176/2133 1855/2169/2126 1848/2170/2127
f 1849/2176/2133 1848/2170/2127 1897/2177/2134
f 1897/2177/2134 1848/2170/2127 1898/2001/1958
f 1897/2177/2134 1898/2001/1958 1863/1999/1956
f 1831/2173/2130 1832/1986/1943 1836/2172/2129
f 1836/2172/2129 1832/1986/1943 1835/1984/1941
f 1836/2172/2129 1835/1984/1941 1911/2171/2128
f 1911/2171/2128 1835/1984/1941 1910/1982/1939
f 1911/2171/2128 1910/1982/1939 1814/2027/1984
f 1832/1986/1943 1831/2173/2130 1903/1988/1945
f 1903/1988/1945 1831/2173/2130 1904/2174/2131
f 1903/1988/1945 1904/2174/2131 1853/1990/1947
f 1853/1990/1947 1904/2174/2131 1854/2175/2132
f 1853/1990/1947 1854/2175/2132 1850/1992/1949
f 1850/1992/1949 1854/2175/2132 1849/2176/2133
f 1850/1992/1949 1849/2176/2133 1896/1994/1951
f 1896/1994/1951 1849/2176/2133 1897/2177/2134
f 1896/1994/1951 1897/2177/2134 1862/1996/1953
f 1862/1996/1953 1897/2177/2134 1863/1999/1956
f 1844/2089/2046 1845/2178/2135 1859/2179/2136
f 1859/2179/2136 1845/2178/2135 1858/2006/1963
f 1859/2179/2136 1858/2006/1963 1909/2008/1965
f 1858/2006/1963 1845/2178/2135 1846/2004/1961
f 1846/2004/1961 1845/2178/2135 1900/2180/2137
f 1846/2004/1961 1900/2180/2137 1899/2002/1959
f 1899/2002/1959 1900/2180/2137 1865/2101/2058
f 1899/2002/1959 1865/2101/2058 1864/2000/1957
f 1900/2180/2137 1845/2178/2135 1901/2091/2048
f 1901/2091/2048 1845/2178/2135 1844/2089/2046
f 1740/2085/2042 1860/2087/2044 1859/2179/2136
f 1859/2179/2136 1860/2087/2044 1844/2089/2046
f 1740/2085/2042 1859/2179/2136 1909/2008/1965
f 1901/2091/2048 1866/2093/2050 1900/2180/2137
f 1900/2180/2137 1866/2093/2050 1865/2101/2058
f 1738/2096/2053 1869/2098/2055 1868/2100/2057
f 1738/2096/2053 1868/2100/2057 1902/2090/2047
f 1902/2090/2047 1868/2100/2057 1867/2092/2049
f 1940/2071/2028 1887/2070/2027 1886/2149/2106
f 1940/2071/2028 1886/2149/2106 1939/2073/2030
f 1843/2088/2045 1738/2096/2053 1902/2090/2047
f 1825/2010/1967 1740/2085/2042 1909/2008/1965
f 1931/2077/2034 1878/2076/2033 1923/2150/2107
f 1929/2057/2014 1930/2079/2036 1922/2059/2016
f 1922/2059/2016 1930/2079/2036 1923/2150/2107
f 1930/2079/2036 1931/2077/2034 1923/2150/2107
f 1942/2181/2138 1954/2182/2139 1941/2183/2140
f 1941/2183/2140 1954/2182/2139 1955/2184/2141
f 1941/2183/2140 1955/2184/2141 1666/2185/2054
f 1666/2185/2054 1955/2184/2141 1956/2186/2142
f 1666/2185/2054 1956/2186/2142 1667/2187/2143
f 1667/2187/2143 1956/2186/2142 1668/2188/2144
f 1668/2188/2144 1956/2186/2142 1959/2189/2145
f 1668/2188/2144 1959/2189/2145 1669/2190/2146
f 1669/2190/2146 1959/2189/2145 1962/2191/2147
f 1669/2190/2146 1962/2191/2147 1670/2192/2148
f 1670/2192/2148 1962/2191/2147 1965/2193/2149
f 1670/2192/2148 1965/2193/2149 1671/2194/2150
f 1671/2194/2150 1965/2193/2149 1968/2195/2151
f 1671/2194/2150 1968/2195/2151 1672/2196/1892
f 1672/2196/1892 1968/2195/2151 1971/2197/2152
f 1672/2196/1892 1971/2197/2152 1673/2198/2153
f 1673/2198/2153 1971/2197/2152 1974/2199/2154
f 1673/2198/2153 1974/2199/2154 1674/2200/2155
f 1674/2200/2155 1974/2199/2154 1977/2201/2156
f 1674/2200/2155 1977/2201/2156 1675/2202/2157
f 1675/2202/2157 1977/2201/2156 1980/2203/2158
f 1675/2202/2157 1980/2203/2158 1676/2204/2159
f 1676/2204/2159 1980/2203/2158 1983/2205/2160
f 1676/2204/2159 1983/2205/2160 1677/2206/2161
f 1677/2206/2161 1983/2205/2160 1986/2207/2162
f 1677/2206/2161 1986/2207/2162 1678/2208/2163
f 1678/2208/2163 1986/2207/2162 1985/2209/2164
f 1678/2208/2163 1985/2209/2164 1953/2210/2165
f 1953/2210/2165 1985/2209/2164 1984/2211/2166
f 1953/2210/2165 1984/2211/2166 1952/2212/2167
f 1952/2212/2167 1984/2211/2166 1951/2213/2168
f 1951/2213/2168 1984/2211/2166 1981/2214/2169
f 1951/2213/2168 1981/2214/2169 1950/2215/2170
f 1950/2215/2170 1981/2214/2169 1978/2216/2171
f 1950/2215/2170 1978/2216/2171 1949/2217/2172
f 1949/2217/2172 1978/2216/2171 1975/2218/2173
f 1949/2217/2172 1975/2218/2173 1948/2219/2174
f 1948/2219/2174 1975/2218/2173 1972/2220/2175
f 1948/2219/2174 1972/2220/2175 1947/2221/2176
f 1947/2221/2176 1972/2220/2175 1969/2222/2177
f 1947/2221/2176 1969/2222/2177 1966/2223/2178
f 1966/2223/2178 1969/2222/2177 1970/2224/2179
f 1966/2223/2178 1970/2224/2179 1967/2225/2180
f 1967/2225/2180 1970/2224/2179 1971/2197/2152
f 1967/2225/2180 1971/2197/2152 1968/2195/2151
f 1942/2181/2138 1943/2226/2181 1954/2182/2139
f 1954/2182/2139 1943/2226/2181 1957/2227/2182
f 1954/2182/2139 1957/2227/2182 1958/2228/2183
f 1958/2228/2183 1957/2227/2182 1961/2229/2184
f 1958/2228/2183 1961/2229/2184 1962/2191/2147
f 1962/2191/2147 1961/2229/2184 1965/2193/2149
f 1943/2226/2181 1944/2230/2185 1957/2227/2182
f 1957/2227/2182 1944/2230/2185 1960/2231/2186
f 1957/2227/2182 1960/2231/2186 1961/2229/2184
f 1961/2229/2184 1960/2231/2186 1964/2232/2187
f 1961/2229/2184 1964/2232/2187 1965/2193/2149
f 1965/2193/2149 1964/2232/2187 1968/2195/2151
f 1944/2230/2185 1945/2233/2188 1960/2231/2186
f 1960/2231/2186 1945/2233/2188 1963/2234/2189
f 1960/2231/2186 1963/2234/2189 1964/2232/2187
f 1964/2232/2187 1963/2234/2189 1967/2225/2180
f 1964/2232/2187 1967/2225/2180 1968/2195/2151
f 1945/2233/2188 1946/2235/2190 1963/2234/2189
f 1963/2234/2189 1946/2235/2190 1966/2223/2178
f 1963/2234/2189 1966/2223/2178 1967/2225/2180
f 1946/2235/2190 1947/2221/2176 1966/2223/2178
f 1959/2189/2145 1956/2186/2142 1955/2184/2141
f 1959/2189/2145 1955/2184/2141 1958/2228/2183
f 1958/2228/2183 1955/2184/2141 1954/2182/2139
f 1962/2191/2147 1959/2189/2145 1958/2228/2183
f 1974/2199/2154 1971/2197/2152 1970/2224/2179
f 1970/2224/2179 1969/2222/2177 1973/2236/2191
f 1973/2236/2191 1969/2222/2177 1972/2220/2175
f 1973/2236/2191 1972/2220/2175 1976/2237/2192
f 1976/2237/2192 1972/2220/2175 1975/2218/2173
f 1976/2237/2192 1975/2218/2173 1979/2238/2193
f 1979/2238/2193 1975/2218/2173 1978/2216/2171
f 1979/2238/2193 1978/2216/2171 1982/2239/2194
f 1982/2239/2194 1978/2216/2171 1981/2214/2169
f 1982/2239/2194 1981/2214/2169 1985/2209/2164
f 1985/2209/2164 1981/2214/2169 1984/2211/2166
f 1977/2201/2156 1974/2199/2154 1973/2236/2191
f 1973/2236/2191 1974/2199/2154 1970/2224/2179
f 1977/2201/2156 1973/2236/2191 1976/2237/2192
f 1980/2203/2158 1977/2201/2156 1976/2237/2192
f 1980/2203/2158 1976/2237/2192 1979/2238/2193
f 1983/2205/2160 1980/2203/2158 1979/2238/2193
f 1983/2205/2160 1979/2238/2193 1982/2239/2194
f 1986/2207/2162 1983/2205/2160 1982/2239/2194
f 1986/2207/2162 1982/2239/2194 1985/2209/2164
f 1988/2240/2195 2027/2241/2196 1987/2242/2197
f 1987/2242/2197 2027/2241/2196 2026/2243/2198
f 1987/2242/2197 2026/2243/2198 2003/2244/2199
f 2003/2244/2199 2026/2243/2198 2025/2245/2200
f 2003/2244/2199 2025/2245/2200 2176/2246/2201
f 2176/2246/2201 2025/2245/2200 2024/2247/2202
f 2176/2246/2201 2024/2247/2202 2175/2248/2203
f 2175/2248/2203 2024/2247/2202 2023/2249/2204
f 2175/2248/2203 2023/2249/2204 2174/2250/2205
f 2174/2250/2205 2023/2249/2204 2022/2251/2206
f 2174/2250/2205 2022/2251/2206 2173/2252/2207
f 2173/2252/2207 2022/2251/2206 2021/2253/2208
f 2173/2252/2207 2021/2253/2208 2172/2254/2209
f 2172/2254/2209 2021/2253/2208 2020/2255/2210
f 2172/2254/2209 2020/2255/2210 2171/2256/2211
f 2171/2256/2211 2020/2255/2210 2019/2257/2212
f 2171/2256/2211 2019/2257/2212 2170/2258/2213
f 2170/2258/2213 2019/2257/2212 2018/2259/2214
f 2170/2258/2213 2018/2259/2214 2169/2260/2215
f 2169/2260/2215 2018/2259/2214 1737/2261/2216
f 2169/2260/2215 1737/2261/2216 2005/2262/2217
f 2005/2262/2217 1737/2261/2216 2057/2263/2218
f 2005/2262/2217 2057/2263/2218 2056/2264/2219
f 2056/2264/2219 2057/2263/2218 2041/2265/2220
f 2056/2264/2219 2041/2265/2220 2042/2266/2221
f 2042/2266/2221 2041/2265/2220 2162/2267/2222
f 2042/2266/2221 2162/2267/2222 2163/2268/2223
f 2163/2268/2223 2162/2267/2222 2188/2269/2224
f 2163/2268/2223 2188/2269/2224 2189/2270/2225
f 2189/2270/2225 2188/2269/2224 2198/2271/2226
f 2189/2270/2225 2198/2271/2226 2199/2272/2227
f 2199/2272/2227 2198/2271/2226 2207/2273/2228
f 2199/2272/2227 2207/2273/2228 2208/2274/2229
f 2208/2274/2229 2207/2273/2228 2068/2275/2230
f 2208/2274/2229 2068/2275/2230 2067/2276/2231
f 2067/2276/2231 2068/2275/2230 2065/2277/2232
f 2067/2276/2231 2065/2277/2232 2066/2278/2233
f 2066/2278/2233 2065/2277/2232 2160/2279/2234
f 2066/2278/2233 2160/2279/2234 2001/2280/2235
f 2001/2280/2235 2160/2279/2234 2010/2281/2236
f 2001/2280/2235 2010/2281/2236 2000/2282/2237
f 2000/2282/2237 2010/2281/2236 2083/2283/2238
f 2000/2282/2237 2083/2283/2238 2152/2284/2239
f 2152/2284/2239 2083/2283/2238 2082/2285/2240
f 2152/2284/2239 2082/2285/2240 2151/2286/2241
f 2151/2286/2241 2082/2285/2240 2081/2287/2242
f 2151/2286/2241 2081/2287/2242 2150/2288/2243
f 2150/2288/2243 2081/2287/2242 2080/2289/2244
f 2150/2288/2243 2080/2289/2244 2149/2290/2245
f 2149/2290/2245 2080/2289/2244 2079/2291/2246
f 2149/2290/2245 2079/2291/2246 2148/2292/2247
f 2148/2292/2247 2079/2291/2246 2078/2293/2248
f 2148/2292/2247 2078/2293/2248 2147/2294/2249
f 2147/2294/2249 2078/2293/2248 2077/2295/2250
f 2147/2294/2249 2077/2295/2250 2146/2296/2251
f 2146/2296/2251 2077/2295/2250 2076/2297/2252
f 2146/2296/2251 2076/2297/2252 2145/2298/2253
f 2145/2298/2253 2076/2297/2252 2075/2299/2254
f 2145/2298/2253 2075/2299/2254 2013/2300/2255
f 2013/2300/2255 2075/2299/2254 1735/2301/2256
f 2013/2300/2255 1735/2301/2256 1734/2302/2257
f 1989/2303/2258 2039/2304/2259 1988/2240/2195
f 1988/2240/2195 2039/2304/2259 2031/2305/2260
f 1988/2240/2195 2031/2305/2260 2030/2306/2261
f 2030/2306/2261 2031/2305/2260 2023/2249/2204
f 2030/2306/2261 2023/2249/2204 2024/2247/2202
f 1990/2307/2262 2037/2308/2263 1989/2303/2258
f 1989/2303/2258 2037/2308/2263 2038/2309/2264
f 1989/2303/2258 2038/2309/2264 2039/2304/2259
f 2039/2304/2259 2038/2309/2264 2031/2305/2260
f 2037/2308/2263 1990/2307/2262 2036/2310/2265
f 2036/2310/2265 1990/2307/2262 1991/2311/2266
f 2036/2310/2265 1991/2311/2266 1992/2312/2267
f 2036/2310/2265 1992/2312/2267 2035/2313/2268
f 2035/2313/2268 1992/2312/2267 1993/2314/2269
f 2035/2313/2268 1993/2314/2269 1994/2315/2270
f 1994/2315/2270 1995/2316/2271 2035/2313/2268
f 2035/2313/2268 1995/2316/2271 1716/2317/1908
f 2035/2313/2268 1716/2317/1908 2004/2318/2272
f 2004/2318/2272 1716/2317/1908 2018/2259/2214
f 2004/2318/2272 2018/2259/2214 2019/2257/2212
f 1995/2316/2271 1996/2319/2273 1716/2317/1908
f 1716/2317/1908 1996/2319/2273 1997/2320/2274
f 1716/2317/1908 1737/2261/2216 2018/2259/2214
f 1736/2321/2275 2185/2322/2276 1737/2261/2216
f 1737/2261/2216 2185/2322/2276 2008/2323/2277
f 1737/2261/2216 2008/2323/2277 2040/2324/2278
f 2040/2324/2278 2008/2323/2277 2161/2325/2279
f 2040/2324/2278 2161/2325/2279 2041/2265/2220
f 2041/2265/2220 2161/2325/2279 2162/2267/2222
f 1735/2301/2256 2011/2326/2280 1736/2321/2275
f 1736/2321/2275 2011/2326/2280 2058/2327/2281
f 1736/2321/2275 2058/2327/2281 2074/2328/2282
f 2074/2328/2282 2058/2327/2281 2059/2329/2283
f 2074/2328/2282 2059/2329/2283 2073/2330/2284
f 2073/2330/2284 2059/2329/2283 2060/2331/2285
f 2073/2330/2284 2060/2331/2285 2072/2332/2286
f 2072/2332/2286 2060/2331/2285 2061/2333/2287
f 2072/2332/2286 2061/2333/2287 2071/2334/2288
f 2071/2334/2288 2061/2333/2287 2062/2335/2289
f 2071/2334/2288 2062/2335/2289 2070/2336/2290
f 2070/2336/2290 2062/2335/2289 2063/2337/2291
f 2070/2336/2290 2063/2337/2291 2069/2338/2292
f 2069/2338/2292 2063/2337/2291 2064/2339/2293
f 2069/2338/2292 2064/2339/2293 2068/2275/2230
f 2068/2275/2230 2064/2339/2293 2065/2277/2232
f 1733/2340/2294 2015/2341/2295 1734/2302/2257
f 1734/2302/2257 2015/2341/2295 2136/2342/2296
f 1734/2302/2257 2136/2342/2296 2092/2343/2297
f 2092/2343/2297 2136/2342/2296 2137/2344/2298
f 2092/2343/2297 2137/2344/2298 2093/2345/2299
f 2093/2345/2299 2137/2344/2298 2138/2346/2300
f 2093/2345/2299 2138/2346/2300 2094/2347/2301
f 2094/2347/2301 2138/2346/2300 2139/2348/2302
f 2094/2347/2301 2139/2348/2302 2095/2349/2303
f 2095/2349/2303 2139/2348/2302 2140/2350/2304
f 2095/2349/2303 2140/2350/2304 2096/2351/2305
f 2096/2351/2305 2140/2350/2304 2141/2352/2306
f 2096/2351/2305 2141/2352/2306 2097/2353/2307
f 2097/2353/2307 2141/2352/2306 2142/2354/2308
f 2097/2353/2307 2142/2354/2308 2098/2355/2309
f 2098/2355/2309 2142/2354/2308 2143/2356/2310
f 2098/2355/2309 2143/2356/2310 2099/2357/2311
f 2099/2357/2311 2143/2356/2310 2144/2358/2312
f 2099/2357/2311 2144/2358/2312 2100/2359/2313
f 2100/2359/2313 2144/2358/2312 1999/2360/2314
f 2100/2359/2313 1999/2360/2314 2012/2361/2315
f 2012/2361/2315 1999/2360/2314 2000/2282/2237
f 2012/2361/2315 2000/2282/2237 2152/2284/2239
f 1684/2362/2316 2017/2363/2317 1733/2340/2294
f 1733/2340/2294 2017/2363/2317 2109/2364/2318
f 1733/2340/2294 2109/2364/2318 2126/2365/2319
f 2126/2365/2319 2109/2364/2318 2110/2366/2320
f 2126/2365/2319 2110/2366/2320 2125/2367/2321
f 2125/2367/2321 2110/2366/2320 2111/2368/2322
f 2125/2367/2321 2111/2368/2322 2124/2369/2323
f 2124/2369/2323 2111/2368/2322 2112/2370/2324
f 2124/2369/2323 2112/2370/2324 2123/2371/2325
f 2123/2371/2325 2112/2370/2324 2113/2372/2326
f 2123/2371/2325 2113/2372/2326 2122/2373/2327
f 2122/2373/2327 2113/2372/2326 2114/2374/2328
f 2122/2373/2327 2114/2374/2328 2121/2375/2329
f 2121/2375/2329 2114/2374/2328 2115/2376/2330
f 2121/2375/2329 2115/2376/2330 2120/2377/2331
f 2120/2377/2331 2115/2376/2330 2116/2378/2332
f 2120/2377/2331 2116/2378/2332 2119/2379/2333
f 2119/2379/2333 2116/2378/2332 2117/2380/2334
f 2119/2379/2333 2117/2380/2334 2118/2381/2335
f 2118/2381/2335 2117/2380/2334 1998/2382/2336
f 2118/2381/2335 1998/2382/2336 2014/2383/2337
f 2014/2383/2337 1998/2382/2336 1999/2360/2314
f 2014/2383/2337 1999/2360/2314 2144/2358/2312
f 2017/2363/2317 1684/2362/2316 2135/2384/2338
f 2135/2384/2338 1684/2362/2316 1683/2385/2339
f 2135/2384/2338 1683/2385/2339 2134/2386/2340
f 2134/2386/2340 1683/2385/2339 1682/2387/2341
f 2134/2386/2340 1682/2387/2341 2133/2388/2342
f 2133/2388/2342 1682/2387/2341 1681/2389/2343
f 2133/2388/2342 1681/2389/2343 2132/2390/2344
f 2132/2390/2344 1681/2389/2343 2131/2391/2345
f 2132/2390/2344 2131/2391/2345 2219/2392/2346
f 2219/2392/2346 2131/2391/2345 2220/2393/2347
f 2219/2392/2346 2220/2393/2347 2112/2370/2324
f 2112/2370/2324 2220/2393/2347 2113/2372/2326
f 1681/2389/2343 1680/2394/2348 2131/2391/2345
f 2131/2391/2345 1680/2394/2348 2130/2395/2349
f 2131/2391/2345 2130/2395/2349 2220/2393/2347
f 2220/2393/2347 2130/2395/2349 2221/2396/2350
f 2220/2393/2347 2221/2396/2350 2113/2372/2326
f 2113/2372/2326 2221/2396/2350 2114/2374/2328
f 2130/2395/2349 1680/2394/2348 2129/2397/2351
f 2129/2397/2351 1680/2394/2348 1679/2398/2352
f 2129/2397/2351 1679/2398/2352 2128/2399/2353
f 2128/2399/2353 1679/2398/2352 2127/2400/2354
f 2128/2399/2353 2127/2400/2354 2223/2401/2355
f 2223/2401/2355 2127/2400/2354 2016/2402/2356
f 2223/2401/2355 2016/2402/2356 2116/2378/2332
f 2116/2378/2332 2016/2402/2356 2117/2380/2334
f 1679/2398/2352 1678/2403/2357 2127/2400/2354
f 2127/2400/2354 1678/2403/2357 2016/2402/2356
f 1678/2403/2357 1998/2382/2336 2016/2402/2356
f 2016/2402/2356 1998/2382/2336 2117/2380/2334
f 2002/2404/2358 2193/2405/2359 2001/2280/2235
f 2001/2280/2235 2193/2405/2359 2007/2406/2360
f 2001/2280/2235 2007/2406/2360 2066/2278/2233
f 2066/2278/2233 2007/2406/2360 2067/2276/2231
f 1987/2242/2197 2177/2407/2361 2002/2404/2358
f 2002/2404/2358 2177/2407/2361 2049/2408/2362
f 2002/2404/2358 2049/2408/2362 2048/2409/2363
f 2048/2409/2363 2049/2408/2362 2050/2410/2364
f 2048/2409/2363 2050/2410/2364 2047/2411/2365
f 2047/2411/2365 2050/2410/2364 2051/2412/2366
f 2047/2411/2365 2051/2412/2366 2046/2413/2367
f 2046/2413/2367 2051/2412/2366 2052/2414/2368
f 2046/2413/2367 2052/2414/2368 2045/2415/2369
f 2045/2415/2369 2052/2414/2368 2053/2416/2370
f 2045/2415/2369 2053/2416/2370 2044/2417/2371
f 2044/2417/2371 2053/2416/2370 2054/2418/2372
f 2044/2417/2371 2054/2418/2372 2043/2419/2373
f 2043/2419/2373 2054/2418/2372 2055/2420/2374
f 2043/2419/2373 2055/2420/2374 2042/2266/2221
f 2042/2266/2221 2055/2420/2374 2056/2264/2219
f 2177/2407/2361 1987/2242/2197 2003/2244/2199
f 2006/2421/2375 2002/2404/2358 2168/2422/2376
f 2168/2422/2376 2002/2404/2358 2048/2409/2363
f 2168/2422/2376 2048/2409/2363 2047/2411/2365
f 1736/2321/2275 2074/2328/2282 2009/2423/2377
f 2009/2423/2377 2074/2328/2282 2073/2330/2284
f 2009/2423/2377 2073/2330/2284 2203/2424/2378
f 2203/2424/2378 2073/2330/2284 2072/2332/2286
f 2203/2424/2378 2072/2332/2286 2204/2425/2379
f 2204/2425/2379 2072/2332/2286 2071/2334/2288
f 2204/2425/2379 2071/2334/2288 2205/2426/2380
f 2205/2426/2380 2071/2334/2288 2070/2336/2290
f 2205/2426/2380 2070/2336/2290 2206/2427/2381
f 2206/2427/2381 2070/2336/2290 2069/2338/2292
f 2206/2427/2381 2069/2338/2292 2207/2273/2228
f 2207/2273/2228 2069/2338/2292 2068/2275/2230
f 2011/2326/2280 1735/2301/2256 2091/2428/2382
f 2091/2428/2382 1735/2301/2256 2075/2299/2254
f 2091/2428/2382 2075/2299/2254 2076/2297/2252
f 2013/2300/2255 1734/2302/2257 2108/2429/2383
f 2108/2429/2383 1734/2302/2257 2092/2343/2297
f 2108/2429/2383 2092/2343/2297 2093/2345/2299
f 1733/2340/2294 2126/2365/2319 2015/2341/2295
f 2015/2341/2295 2126/2365/2319 2125/2367/2321
f 2015/2341/2295 2125/2367/2321 2210/2430/2384
f 2210/2430/2384 2125/2367/2321 2124/2369/2323
f 2210/2430/2384 2124/2369/2323 2211/2431/2385
f 2211/2431/2385 2124/2369/2323 2123/2371/2325
f 2211/2431/2385 2123/2371/2325 2212/2432/2386
f 2212/2432/2386 2123/2371/2325 2122/2373/2327
f 2212/2432/2386 2122/2373/2327 2213/2433/2387
f 2213/2433/2387 2122/2373/2327 2121/2375/2329
f 2213/2433/2387 2121/2375/2329 2214/2434/2388
f 2214/2434/2388 2121/2375/2329 2120/2377/2331
f 2214/2434/2388 2120/2377/2331 2215/2435/2389
f 2215/2435/2389 2120/2377/2331 2119/2379/2333
f 2215/2435/2389 2119/2379/2333 2216/2436/2390
f 2216/2436/2390 2119/2379/2333 2118/2381/2335
f 2216/2436/2390 2118/2381/2335 2014/2383/2337
f 2019/2257/2212 2020/2255/2210 2034/2437/2391
f 2034/2437/2391 2020/2255/2210 2033/2438/2392
f 2034/2437/2391 2033/2438/2392 2036/2310/2265
f 2036/2310/2265 2033/2438/2392 2037/2308/2263
f 2020/2255/2210 2021/2253/2208 2033/2438/2392
f 2033/2438/2392 2021/2253/2208 2032/2439/2393
f 2033/2438/2392 2032/2439/2393 2037/2308/2263
f 2037/2308/2263 2032/2439/2393 2038/2309/2264
f 2021/2253/2208 2022/2251/2206 2032/2439/2393
f 2032/2439/2393 2022/2251/2206 2031/2305/2260
f 2032/2439/2393 2031/2305/2260 2038/2309/2264
f 2022/2251/2206 2023/2249/2204 2031/2305/2260
f 2024/2247/2202 2025/2245/2200 2029/2440/2394
f 2029/2440/2394 2025/2245/2200 2028/2441/2395
f 2029/2440/2394 2028/2441/2395 1988/2240/2195
f 1988/2240/2195 2028/2441/2395 2027/2241/2196
f 2027/2241/2196 2028/2441/2395 2026/2243/2198
f 2026/2243/2198 2028/2441/2395 2025/2245/2200
f 1988/2240/2195 2030/2306/2261 2029/2440/2394
f 2029/2440/2394 2030/2306/2261 2024/2247/2202
f 2035/2313/2268 2004/2318/2272 2034/2437/2391
f 2034/2437/2391 2004/2318/2272 2019/2257/2212
f 2035/2313/2268 2034/2437/2391 2036/2310/2265
f 1737/2261/2216 2040/2324/2278 2057/2263/2218
f 2057/2263/2218 2040/2324/2278 2041/2265/2220
f 2042/2266/2221 2163/2268/2223 2043/2419/2373
f 2043/2419/2373 2163/2268/2223 2164/2442/2396
f 2043/2419/2373 2164/2442/2396 2044/2417/2371
f 2044/2417/2371 2164/2442/2396 2165/2443/2397
f 2044/2417/2371 2165/2443/2397 2045/2415/2369
f 2045/2415/2369 2165/2443/2397 2166/2444/2398
f 2045/2415/2369 2166/2444/2398 2046/2413/2367
f 2046/2413/2367 2166/2444/2398 2167/2445/2399
f 2046/2413/2367 2167/2445/2399 2047/2411/2365
f 2047/2411/2365 2167/2445/2399 2168/2422/2376
f 2050/2410/2364 2049/2408/2362 2184/2446/2400
f 2184/2446/2400 2049/2408/2362 2177/2407/2361
f 2184/2446/2400 2177/2407/2361 2176/2246/2201
f 2176/2246/2201 2177/2407/2361 2003/2244/2199
f 2051/2412/2366 2050/2410/2364 2183/2447/2401
f 2183/2447/2401 2050/2410/2364 2184/2446/2400
f 2183/2447/2401 2184/2446/2400 2175/2248/2203
f 2175/2248/2203 2184/2446/2400 2176/2246/2201
f 2052/2414/2368 2051/2412/2366 2182/2448/2402
f 2182/2448/2402 2051/2412/2366 2183/2447/2401
f 2182/2448/2402 2183/2447/2401 2174/2250/2205
f 2174/2250/2205 2183/2447/2401 2175/2248/2203
f 2053/2416/2370 2052/2414/2368 2181/2449/2403
f 2181/2449/2403 2052/2414/2368 2182/2448/2402
f 2181/2449/2403 2182/2448/2402 2173/2252/2207
f 2173/2252/2207 2182/2448/2402 2174/2250/2205
f 2054/2418/2372 2053/2416/2370 2180/2450/2404
f 2180/2450/2404 2053/2416/2370 2181/2449/2403
f 2180/2450/2404 2181/2449/2403 2172/2254/2209
f 2172/2254/2209 2181/2449/2403 2173/2252/2207
f 2055/2420/2374 2054/2418/2372 2179/2451/2405
f 2179/2451/2405 2054/2418/2372 2180/2450/2404
f 2179/2451/2405 2180/2450/2404 2171/2256/2211
f 2171/2256/2211 2180/2450/2404 2172/2254/2209
f 2056/2264/2219 2055/2420/2374 2178/2452/2406
f 2178/2452/2406 2055/2420/2374 2179/2451/2405
f 2178/2452/2406 2179/2451/2405 2170/2258/2213
f 2170/2258/2213 2179/2451/2405 2171/2256/2211
f 2059/2329/2283 2058/2327/2281 2153/2453/2407
f 2153/2453/2407 2058/2327/2281 2011/2326/2280
f 2153/2453/2407 2011/2326/2280 2090/2454/2408
f 2090/2454/2408 2011/2326/2280 2091/2428/2382
f 2090/2454/2408 2091/2428/2382 2076/2297/2252
f 2060/2331/2285 2059/2329/2283 2154/2455/2409
f 2154/2455/2409 2059/2329/2283 2153/2453/2407
f 2154/2455/2409 2153/2453/2407 2089/2456/2410
f 2089/2456/2410 2153/2453/2407 2090/2454/2408
f 2089/2456/2410 2090/2454/2408 2077/2295/2250
f 2077/2295/2250 2090/2454/2408 2076/2297/2252
f 2061/2333/2287 2060/2331/2285 2155/2457/2411
f 2155/2457/2411 2060/2331/2285 2154/2455/2409
f 2155/2457/2411 2154/2455/2409 2088/2458/2412
f 2088/2458/2412 2154/2455/2409 2089/2456/2410
f 2088/2458/2412 2089/2456/2410 2078/2293/2248
f 2078/2293/2248 2089/2456/2410 2077/2295/2250
f 2062/2335/2289 2061/2333/2287 2156/2459/2413
f 2156/2459/2413 2061/2333/2287 2155/2457/2411
f 2156/2459/2413 2155/2457/2411 2087/2460/2414
f 2087/2460/2414 2155/2457/2411 2088/2458/2412
f 2087/2460/2414 2088/2458/2412 2079/2291/2246
f 2079/2291/2246 2088/2458/2412 2078/2293/2248
f 2063/2337/2291 2062/2335/2289 2157/2461/2415
f 2157/2461/2415 2062/2335/2289 2156/2459/2413
f 2157/2461/2415 2156/2459/2413 2086/2462/2416
f 2086/2462/2416 2156/2459/2413 2087/2460/2414
f 2086/2462/2416 2087/2460/2414 2080/2289/2244
f 2080/2289/2244 2087/2460/2414 2079/2291/2246
f 2064/2339/2293 2063/2337/2291 2158/2463/2417
f 2158/2463/2417 2063/2337/2291 2157/2461/2415
f 2158/2463/2417 2157/2461/2415 2085/2464/2418
f 2085/2464/2418 2157/2461/2415 2086/2462/2416
f 2085/2464/2418 2086/2462/2416 2081/2287/2242
f 2081/2287/2242 2086/2462/2416 2080/2289/2244
f 2065/2277/2232 2064/2339/2293 2159/2465/2419
f 2159/2465/2419 2064/2339/2293 2158/2463/2417
f 2159/2465/2419 2158/2463/2417 2084/2466/2420
f 2084/2466/2420 2158/2463/2417 2085/2464/2418
f 2084/2466/2420 2085/2464/2418 2082/2285/2240
f 2082/2285/2240 2085/2464/2418 2081/2287/2242
f 2067/2276/2231 2007/2406/2360 2209/2467/2421
f 2209/2467/2421 2007/2406/2360 2193/2405/2359
f 2209/2467/2421 2193/2405/2359 2201/2468/2422
f 2201/2468/2422 2193/2405/2359 2202/2469/2423
f 2201/2468/2422 2202/2469/2423 2192/2470/2424
f 2192/2470/2424 2202/2469/2423 2006/2421/2375
f 2192/2470/2424 2006/2421/2375 2167/2445/2399
f 2167/2445/2399 2006/2421/2375 2168/2422/2376
f 1736/2321/2275 2009/2423/2377 2194/2471/2425
f 2194/2471/2425 2009/2423/2377 2203/2424/2378
f 2194/2471/2425 2203/2424/2378 2195/2472/2426
f 2195/2472/2426 2203/2424/2378 2204/2425/2379
f 2195/2472/2426 2204/2425/2379 2196/2473/2427
f 2196/2473/2427 2204/2425/2379 2205/2426/2380
f 2196/2473/2427 2205/2426/2380 2197/2474/2428
f 2197/2474/2428 2205/2426/2380 2206/2427/2381
f 2197/2474/2428 2206/2427/2381 2198/2271/2226
f 2198/2271/2226 2206/2427/2381 2207/2273/2228
f 2082/2285/2240 2083/2283/2238 2084/2466/2420
f 2084/2466/2420 2083/2283/2238 2010/2281/2236
f 2084/2466/2420 2010/2281/2236 2159/2465/2419
f 2159/2465/2419 2010/2281/2236 2160/2279/2234
f 2159/2465/2419 2160/2279/2234 2065/2277/2232
f 2093/2345/2299 2094/2347/2301 2107/2475/2429
f 2107/2475/2429 2094/2347/2301 2106/2476/2430
f 2107/2475/2429 2106/2476/2430 2145/2298/2253
f 2145/2298/2253 2106/2476/2430 2146/2296/2251
f 2094/2347/2301 2095/2349/2303 2106/2476/2430
f 2106/2476/2430 2095/2349/2303 2105/2477/2431
f 2106/2476/2430 2105/2477/2431 2146/2296/2251
f 2146/2296/2251 2105/2477/2431 2147/2294/2249
f 2095/2349/2303 2096/2351/2305 2105/2477/2431
f 2105/2477/2431 2096/2351/2305 2104/2478/2432
f 2105/2477/2431 2104/2478/2432 2147/2294/2249
f 2147/2294/2249 2104/2478/2432 2148/2292/2247
f 2096/2351/2305 2097/2353/2307 2104/2478/2432
f 2104/2478/2432 2097/2353/2307 2103/2479/2433
f 2104/2478/2432 2103/2479/2433 2148/2292/2247
f 2148/2292/2247 2103/2479/2433 2149/2290/2245
f 2097/2353/2307 2098/2355/2309 2103/2479/2433
f 2103/2479/2433 2098/2355/2309 2102/2480/2434
f 2103/2479/2433 2102/2480/2434 2149/2290/2245
f 2149/2290/2245 2102/2480/2434 2150/2288/2243
f 2098/2355/2309 2099/2357/2311 2102/2480/2434
f 2102/2480/2434 2099/2357/2311 2101/2481/2435
f 2102/2480/2434 2101/2481/2435 2150/2288/2243
f 2150/2288/2243 2101/2481/2435 2151/2286/2241
f 2099/2357/2311 2100/2359/2313 2101/2481/2435
f 2101/2481/2435 2100/2359/2313 2012/2361/2315
f 2101/2481/2435 2012/2361/2315 2151/2286/2241
f 2151/2286/2241 2012/2361/2315 2152/2284/2239
f 2013/2300/2255 2108/2429/2383 2107/2475/2429
f 2107/2475/2429 2108/2429/2383 2093/2345/2299
f 2013/2300/2255 2107/2475/2429 2145/2298/2253
f 2110/2366/2320 2109/2364/2318 2217/2482/2436
f 2217/2482/2436 2109/2364/2318 2017/2363/2317
f 2217/2482/2436 2017/2363/2317 2134/2386/2340
f 2134/2386/2340 2017/2363/2317 2135/2384/2338
f 2219/2392/2346 2112/2370/2324 2111/2368/2322
f 2111/2368/2322 2110/2366/2320 2218/2483/2437
f 2218/2483/2437 2110/2366/2320 2217/2482/2436
f 2218/2483/2437 2217/2482/2436 2133/2388/2342
f 2133/2388/2342 2217/2482/2436 2134/2386/2340
f 2223/2401/2355 2116/2378/2332 2115/2376/2330
f 2115/2376/2330 2114/2374/2328 2222/2484/2438
f 2222/2484/2438 2114/2374/2328 2221/2396/2350
f 2222/2484/2438 2221/2396/2350 2129/2397/2351
f 2129/2397/2351 2221/2396/2350 2130/2395/2349
f 2222/2484/2438 2129/2397/2351 2128/2399/2353
f 2222/2484/2438 2128/2399/2353 2223/2401/2355
f 2218/2483/2437 2133/2388/2342 2132/2390/2344
f 2218/2483/2437 2132/2390/2344 2219/2392/2346
f 2015/2341/2295 2210/2430/2384 2136/2342/2296
f 2136/2342/2296 2210/2430/2384 2137/2344/2298
f 2210/2430/2384 2211/2431/2385 2137/2344/2298
f 2137/2344/2298 2211/2431/2385 2138/2346/2300
f 2211/2431/2385 2212/2432/2386 2138/2346/2300
f 2138/2346/2300 2212/2432/2386 2139/2348/2302
f 2212/2432/2386 2213/2433/2387 2139/2348/2302
f 2139/2348/2302 2213/2433/2387 2140/2350/2304
f 2213/2433/2387 2214/2434/2388 2140/2350/2304
f 2140/2350/2304 2214/2434/2388 2141/2352/2306
f 2214/2434/2388 2215/2435/2389 2141/2352/2306
f 2141/2352/2306 2215/2435/2389 2142/2354/2308
f 2014/2383/2337 2144/2358/2312 2143/2356/2310
f 2215/2435/2389 2216/2436/2390 2142/2354/2308
f 2142/2354/2308 2216/2436/2390 2143/2356/2310
f 2216/2436/2390 2014/2383/2337 2143/2356/2310
f 2161/2325/2279 2008/2323/2277 2186/2485/2439
f 2186/2485/2439 2008/2323/2277 2185/2322/2276
f 2186/2485/2439 2185/2322/2276 2195/2472/2426
f 2195/2472/2426 2185/2322/2276 2194/2471/2425
f 2162/2267/2222 2161/2325/2279 2187/2486/2440
f 2187/2486/2440 2161/2325/2279 2186/2485/2439
f 2187/2486/2440 2186/2485/2439 2196/2473/2427
f 2196/2473/2427 2186/2485/2439 2195/2472/2426
f 2163/2268/2223 2189/2270/2225 2164/2442/2396
f 2164/2442/2396 2189/2270/2225 2190/2487/2441
f 2164/2442/2396 2190/2487/2441 2165/2443/2397
f 2165/2443/2397 2190/2487/2441 2191/2488/2442
f 2165/2443/2397 2191/2488/2442 2166/2444/2398
f 2166/2444/2398 2191/2488/2442 2192/2470/2424
f 2166/2444/2398 2192/2470/2424 2167/2445/2399
f 2193/2405/2359 2002/2404/2358 2202/2469/2423
f 2202/2469/2423 2002/2404/2358 2006/2421/2375
f 2178/2452/2406 2170/2258/2213 2169/2260/2215
f 2056/2264/2219 2178/2452/2406 2005/2262/2217
f 2005/2262/2217 2178/2452/2406 2169/2260/2215
f 2162/2267/2222 2187/2486/2440 2188/2269/2224
f 2188/2269/2224 2187/2486/2440 2197/2474/2428
f 2188/2269/2224 2197/2474/2428 2198/2271/2226
f 2197/2474/2428 2187/2486/2440 2196/2473/2427
f 2189/2270/2225 2199/2272/2227 2190/2487/2441
f 2190/2487/2441 2199/2272/2227 2200/2489/2443
f 2190/2487/2441 2200/2489/2443 2191/2488/2442
f 2191/2488/2442 2200/2489/2443 2201/2468/2422
f 2191/2488/2442 2201/2468/2422 2192/2470/2424
f 1736/2321/2275 2194/2471/2425 2185/2322/2276
f 2209/2467/2421 2201/2468/2422 2200/2489/2443
f 2209/2467/2421 2200/2489/2443 2208/2274/2229
f 2208/2274/2229 2200/2489/2443 2199/2272/2227
f 2067/2276/2231 2209/2467/2421 2208/2274/2229
f 2218/2483/2437 2219/2392/2346 2111/2368/2322
f 2222/2484/2438 2223/2401/2355 2115/2376/2330
f 1987/2490/2444 2002/2491/2358 2224/2492/2445
f 2224/2492/2445 2002/2491/2358 2001/2493/2235
f 2224/2492/2445 2001/2493/2235 2000/2494/2237
f 2000/2494/2237 1999/2495/2314 2224/2492/2445
f 2224/2492/2445 1999/2495/2314 1998/2496/2336
f 2224/2492/2445 1998/2496/2336 1953/2497/2446
f 1953/2497/2446 1998/2496/2336 1678/2498/2357
f 1952/2499/2447 1951/2500/2448 1953/2501/2449
f 1953/2501/2449 1951/2500/2448 2224/2502/2450
f 2224/2502/2450 1951/2500/2448 1950/2503/2451
f 2224/2502/2450 1950/2503/2451 1949/2504/2452
f 1949/2504/2452 1948/2505/2453 2224/2502/2450
f 2224/2502/2450 1948/2505/2453 1947/2506/2454
f 2224/2502/2450 1947/2506/2454 2225/2507/2455
f 2225/2507/2455 1947/2506/2454 1946/2508/2456
f 2225/2507/2455 1946/2508/2456 1945/2509/2457
f 1945/2509/2457 1944/2510/2458 2225/2507/2455
f 2225/2507/2455 1944/2510/2458 1943/2511/2459
f 2225/2507/2455 1943/2511/2459 1941/2512/2460
f 1941/2512/2460 1943/2511/2459 1942/2513/2461
f 2226/2514/2462 2241/2515/2463 1554/2516/1717
f 1554/2516/1717 2241/2515/2463 2242/2517/2464
f 1554/2516/1717 2242/2517/2464 2243/2518/2465
f 2243/2518/2465 2242/2517/2464 2268/2519/2466
f 2243/2518/2465 2268/2519/2466 2269/2520/2467
f 2269/2520/2467 2268/2519/2466 2294/2521/2468
f 2269/2520/2467 2294/2521/2468 2295/2522/2469
f 2295/2522/2469 2294/2521/2468 2320/2523/2470
f 2295/2522/2469 2320/2523/2470 2321/2524/2471
f 2321/2524/2471 2320/2523/2470 2346/2525/2472
f 2321/2524/2471 2346/2525/2472 2347/2526/2473
f 2347/2526/2473 2346/2525/2472 2233/2527/2474
f 2347/2526/2473 2233/2527/2474 2348/2528/2475
f 2348/2528/2475 2233/2527/2474 2349/2529/2476
f 2348/2528/2475 2349/2529/2476 2323/2530/2477
f 2323/2530/2477 2349/2529/2476 2324/2531/2478
f 2323/2530/2477 2324/2531/2478 2298/2532/2479
f 2298/2532/2479 2324/2531/2478 2299/2533/2480
f 2298/2532/2479 2299/2533/2480 2273/2534/2481
f 2273/2534/2481 2299/2533/2480 2274/2535/2482
f 2273/2534/2481 2274/2535/2482 2248/2536/2483
f 2248/2536/2483 2274/2535/2482 2249/2537/2484
f 2248/2536/2483 2249/2537/2484 1554/2516/1717
f 1554/2516/1717 2249/2537/2484 2250/2538/2485
f 1554/2516/1717 2250/2538/2485 2251/2539/2486
f 2251/2539/2486 2250/2538/2485 2276/2540/2487
f 2251/2539/2486 2276/2540/2487 2277/2541/2488
f 2277/2541/2488 2276/2540/2487 2302/2542/2489
f 2277/2541/2488 2302/2542/2489 2303/2543/2490
f 2303/2543/2490 2302/2542/2489 2328/2544/2491
f 2303/2543/2490 2328/2544/2491 2329/2545/2492
f 2329/2545/2492 2328/2544/2491 2354/2546/2493
f 2329/2545/2492 2354/2546/2493 2355/2547/2494
f 2355/2547/2494 2354/2546/2493 2235/2548/2495
f 2355/2547/2494 2235/2548/2495 2356/2549/2496
f 2356/2549/2496 2235/2548/2495 2357/2550/2497
f 2356/2549/2496 2357/2550/2497 2331/2551/2498
f 2331/2551/2498 2357/2550/2497 2332/2552/2499
f 2331/2551/2498 2332/2552/2499 2306/2553/2500
f 2306/2553/2500 2332/2552/2499 2307/2554/2501
f 2306/2553/2500 2307/2554/2501 2281/2555/2502
f 2281/2555/2502 2307/2554/2501 2282/2556/2503
f 2281/2555/2502 2282/2556/2503 2256/2557/2504
f 2256/2557/2504 2282/2556/2503 2257/2558/2505
f 2256/2557/2504 2257/2558/2505 1555/2559/1715
f 1555/2559/1715 2257/2558/2505 2258/2560/2506
f 1555/2559/1715 2258/2560/2506 2259/2561/2507
f 2259/2561/2507 2258/2560/2506 2284/2562/2508
f 2259/2561/2507 2284/2562/2508 2285/2563/2509
f 2285/2563/2509 2284/2562/2508 2310/2564/2510
f 2285/2563/2509 2310/2564/2510 2311/2565/2511
f 2311/2565/2511 2310/2564/2510 2336/2566/2512
f 2311/2565/2511 2336/2566/2512 2337/2567/2513
f 2337/2567/2513 2336/2566/2512 2362/2568/2514
f 2337/2567/2513 2362/2568/2514 2363/2569/2515
f 2363/2569/2515 2362/2568/2514 2235/2548/2495
f 2363/2569/2515 2235/2548/2495 2364/2570/2516
f 2364/2570/2516 2235/2548/2495 2365/2571/2517
f 2364/2570/2516 2365/2571/2517 2339/2572/2518
f 2339/2572/2518 2365/2571/2517 2340/2573/2519
f 2339/2572/2518 2340/2573/2519 2314/2574/2520
f 2314/2574/2520 2340/2573/2519 2315/2575/2521
f 2314/2574/2520 2315/2575/2521 2289/2576/2522
f 2289/2576/2522 2315/2575/2521 2290/2577/2523
f 2289/2576/2522 2290/2577/2523 2264/2578/2524
f 2264/2578/2524 2290/2577/2523 2265/2579/2525
f 2264/2578/2524 2265/2579/2525 1555/2559/1715
f 1555/2559/1715 2265/2579/2525 2240/2580/2526
f 2240/2580/2526 2265/2579/2525 2239/2581/2527
f 2239/2581/2527 2265/2579/2525 2290/2577/2523
f 2239/2581/2527 2290/2577/2523 2238/2582/2528
f 2238/2582/2528 2290/2577/2523 2315/2575/2521
f 2238/2582/2528 2315/2575/2521 2237/2583/2529
f 2237/2583/2529 2315/2575/2521 2340/2573/2519
f 2237/2583/2529 2340/2573/2519 2236/2584/2530
f 2236/2584/2530 2340/2573/2519 2365/2571/2517
f 2236/2584/2530 2365/2571/2517 2235/2548/2495
f 2241/2515/2463 2226/2514/2462 2266/2585/2531
f 2266/2585/2531 2226/2514/2462 2227/2586/2532
f 2266/2585/2531 2227/2586/2532 2228/2587/2533
f 2266/2585/2531 2228/2587/2533 2291/2588/2534
f 2291/2588/2534 2228/2587/2533 2229/2589/2535
f 2291/2588/2534 2229/2589/2535 2316/2590/2536
f 2316/2590/2536 2229/2589/2535 2230/2591/2537
f 2316/2590/2536 2230/2591/2537 2231/2592/2538
f 2316/2590/2536 2231/2592/2538 2341/2593/2539
f 2341/2593/2539 2231/2592/2538 2232/2594/2540
f 2341/2593/2539 2232/2594/2540 2233/2527/2474
f 2234/2595/2541 2235/2548/2495 2233/2527/2474
f 2233/2527/2474 2235/2548/2495 2351/2596/2542
f 2233/2527/2474 2351/2596/2542 2350/2597/2543
f 2350/2597/2543 2351/2596/2542 2325/2598/2544
f 2350/2597/2543 2325/2598/2544 2324/2531/2478
f 2324/2531/2478 2325/2598/2544 2299/2533/2480
f 1554/2516/1717 2253/2599/2545 1555/2559/1715
f 1555/2559/1715 2253/2599/2545 2254/2600/2546
f 1555/2559/1715 2254/2600/2546 2255/2601/2547
f 2255/2601/2547 2254/2600/2546 2280/2602/2548
f 2255/2601/2547 2280/2602/2548 2281/2555/2502
f 2281/2555/2502 2280/2602/2548 2306/2553/2500
f 2242/2517/2464 2241/2515/2463 2267/2603/2549
f 2267/2603/2549 2241/2515/2463 2266/2585/2531
f 2267/2603/2549 2266/2585/2531 2292/2604/2550
f 2292/2604/2550 2266/2585/2531 2291/2588/2534
f 2292/2604/2550 2291/2588/2534 2317/2605/2551
f 2317/2605/2551 2291/2588/2534 2316/2590/2536
f 2317/2605/2551 2316/2590/2536 2342/2606/2552
f 2342/2606/2552 2316/2590/2536 2341/2593/2539
f 2342/2606/2552 2341/2593/2539 2233/2527/2474
f 2243/2518/2465 2244/2607/2553 1554/2516/1717
f 1554/2516/1717 2244/2607/2553 2245/2608/2554
f 1554/2516/1717 2245/2608/2554 2246/2609/2555
f 2246/2609/2555 2245/2608/2554 2271/2610/2556
f 2246/2609/2555 2271/2610/2556 2272/2611/2557
f 2272/2611/2557 2271/2610/2556 2297/2612/2558
f 2272/2611/2557 2297/2612/2558 2298/2532/2479
f 2298/2532/2479 2297/2612/2558 2323/2530/2477
f 2243/2518/2465 2269/2520/2467 2244/2607/2553
f 2244/2607/2553 2269/2520/2467 2270/2613/2559
f 2244/2607/2553 2270/2613/2559 2245/2608/2554
f 2245/2608/2554 2270/2613/2559 2271/2610/2556
f 2248/2536/2483 1554/2516/1717 2247/2614/2560
f 2247/2614/2560 1554/2516/1717 2246/2609/2555
f 2247/2614/2560 2246/2609/2555 2272/2611/2557
f 2273/2534/2481 2248/2536/2483 2247/2614/2560
f 2273/2534/2481 2247/2614/2560 2272/2611/2557
f 2250/2538/2485 2249/2537/2484 2275/2615/2561
f 2275/2615/2561 2249/2537/2484 2274/2535/2482
f 2275/2615/2561 2274/2535/2482 2300/2616/2562
f 2300/2616/2562 2274/2535/2482 2299/2533/2480
f 2300/2616/2562 2299/2533/2480 2325/2598/2544
f 2253/2599/2545 1554/2516/1717 2252/2617/2563
f 2252/2617/2563 1554/2516/1717 2251/2539/2486
f 2252/2617/2563 2251/2539/2486 2277/2541/2488
f 2253/2599/2545 2252/2617/2563 2278/2618/2564
f 2278/2618/2564 2252/2617/2563 2277/2541/2488
f 2278/2618/2564 2277/2541/2488 2303/2543/2490
f 2256/2557/2504 1555/2559/1715 2255/2601/2547
f 2254/2600/2546 2253/2599/2545 2279/2619/2565
f 2279/2619/2565 2253/2599/2545 2278/2618/2564
f 2279/2619/2565 2278/2618/2564 2304/2620/2566
f 2304/2620/2566 2278/2618/2564 2303/2543/2490
f 2304/2620/2566 2303/2543/2490 2329/2545/2492
f 2281/2555/2502 2256/2557/2504 2255/2601/2547
f 2258/2560/2506 2257/2558/2505 2283/2621/2567
f 2283/2621/2567 2257/2558/2505 2282/2556/2503
f 2283/2621/2567 2282/2556/2503 2308/2622/2568
f 2308/2622/2568 2282/2556/2503 2307/2554/2501
f 2308/2622/2568 2307/2554/2501 2333/2623/2569
f 2333/2623/2569 2307/2554/2501 2332/2552/2499
f 2333/2623/2569 2332/2552/2499 2358/2624/2570
f 2358/2624/2570 2332/2552/2499 2357/2550/2497
f 2358/2624/2570 2357/2550/2497 2235/2548/2495
f 2259/2561/2507 2260/2625/2571 1555/2559/1715
f 1555/2559/1715 2260/2625/2571 2261/2626/2572
f 1555/2559/1715 2261/2626/2572 2262/2627/2573
f 2262/2627/2573 2261/2626/2572 2287/2628/2574
f 2262/2627/2573 2287/2628/2574 2288/2629/2575
f 2288/2629/2575 2287/2628/2574 2313/2630/2576
f 2288/2629/2575 2313/2630/2576 2314/2574/2520
f 2314/2574/2520 2313/2630/2576 2339/2572/2518
f 2259/2561/2507 2285/2563/2509 2260/2625/2571
f 2260/2625/2571 2285/2563/2509 2286/2631/2577
f 2260/2625/2571 2286/2631/2577 2261/2626/2572
f 2261/2626/2572 2286/2631/2577 2287/2628/2574
f 2264/2578/2524 1555/2559/1715 2263/2632/2578
f 2263/2632/2578 1555/2559/1715 2262/2627/2573
f 2263/2632/2578 2262/2627/2573 2288/2629/2575
f 2289/2576/2522 2264/2578/2524 2263/2632/2578
f 2289/2576/2522 2263/2632/2578 2288/2629/2575
f 2242/2517/2464 2267/2603/2549 2268/2519/2466
f 2268/2519/2466 2267/2603/2549 2293/2633/2579
f 2268/2519/2466 2293/2633/2579 2294/2521/2468
f 2294/2521/2468 2293/2633/2579 2319/2634/2580
f 2294/2521/2468 2319/2634/2580 2320/2523/2470
f 2320/2523/2470 2319/2634/2580 2345/2635/2581
f 2320/2523/2470 2345/2635/2581 2346/2525/2472
f 2346/2525/2472 2345/2635/2581 2233/2527/2474
f 2293/2633/2579 2267/2603/2549 2292/2604/2550
f 2269/2520/2467 2295/2522/2469 2270/2613/2559
f 2270/2613/2559 2295/2522/2469 2296/2636/2582
f 2270/2613/2559 2296/2636/2582 2271/2610/2556
f 2271/2610/2556 2296/2636/2582 2297/2612/2558
f 2298/2532/2479 2273/2534/2481 2272/2611/2557
f 2250/2538/2485 2275/2615/2561 2276/2540/2487
f 2276/2540/2487 2275/2615/2561 2301/2637/2583
f 2276/2540/2487 2301/2637/2583 2302/2542/2489
f 2302/2542/2489 2301/2637/2583 2327/2638/2584
f 2302/2542/2489 2327/2638/2584 2328/2544/2491
f 2328/2544/2491 2327/2638/2584 2353/2639/2585
f 2328/2544/2491 2353/2639/2585 2354/2546/2493
f 2354/2546/2493 2353/2639/2585 2235/2548/2495
f 2301/2637/2583 2275/2615/2561 2300/2616/2562
f 2254/2600/2546 2279/2619/2565 2280/2602/2548
f 2280/2602/2548 2279/2619/2565 2305/2640/2586
f 2280/2602/2548 2305/2640/2586 2306/2553/2500
f 2306/2553/2500 2305/2640/2586 2331/2551/2498
f 2305/2640/2586 2279/2619/2565 2304/2620/2566
f 2258/2560/2506 2283/2621/2567 2284/2562/2508
f 2284/2562/2508 2283/2621/2567 2309/2641/2587
f 2284/2562/2508 2309/2641/2587 2310/2564/2510
f 2310/2564/2510 2309/2641/2587 2335/2642/2588
f 2310/2564/2510 2335/2642/2588 2336/2566/2512
f 2336/2566/2512 2335/2642/2588 2361/2643/2589
f 2336/2566/2512 2361/2643/2589 2362/2568/2514
f 2362/2568/2514 2361/2643/2589 2235/2548/2495
f 2309/2641/2587 2283/2621/2567 2308/2622/2568
f 2285/2563/2509 2311/2565/2511 2286/2631/2577
f 2286/2631/2577 2311/2565/2511 2312/2644/2590
f 2286/2631/2577 2312/2644/2590 2287/2628/2574
f 2287/2628/2574 2312/2644/2590 2313/2630/2576
f 2314/2574/2520 2289/2576/2522 2288/2629/2575
f 2293/2633/2579 2292/2604/2550 2318/2645/2591
f 2318/2645/2591 2292/2604/2550 2317/2605/2551
f 2318/2645/2591 2317/2605/2551 2343/2646/2592
f 2343/2646/2592 2317/2605/2551 2342/2606/2552
f 2343/2646/2592 2342/2606/2552 2233/2527/2474
f 2295/2522/2469 2321/2524/2471 2296/2636/2582
f 2296/2636/2582 2321/2524/2471 2322/2647/2593
f 2296/2636/2582 2322/2647/2593 2297/2612/2558
f 2297/2612/2558 2322/2647/2593 2323/2530/2477
f 2301/2637/2583 2300/2616/2562 2326/2648/2594
f 2326/2648/2594 2300/2616/2562 2325/2598/2544
f 2326/2648/2594 2325/2598/2544 2351/2596/2542
f 2305/2640/2586 2304/2620/2566 2330/2649/2595
f 2330/2649/2595 2304/2620/2566 2329/2545/2492
f 2330/2649/2595 2329/2545/2492 2355/2547/2494
f 2309/2641/2587 2308/2622/2568 2334/2650/2596
f 2334/2650/2596 2308/2622/2568 2333/2623/2569
f 2334/2650/2596 2333/2623/2569 2359/2651/2597
f 2359/2651/2597 2333/2623/2569 2358/2624/2570
f 2359/2651/2597 2358/2624/2570 2235/2548/2495
f 2311/2565/2511 2337/2567/2513 2312/2644/2590
f 2312/2644/2590 2337/2567/2513 2338/2652/2598
f 2312/2644/2590 2338/2652/2598 2313/2630/2576
f 2313/2630/2576 2338/2652/2598 2339/2572/2518
f 2293/2633/2579 2318/2645/2591 2319/2634/2580
f 2319/2634/2580 2318/2645/2591 2344/2653/2599
f 2319/2634/2580 2344/2653/2599 2345/2635/2581
f 2345/2635/2581 2344/2653/2599 2233/2527/2474
f 2344/2653/2599 2318/2645/2591 2343/2646/2592
f 2348/2528/2475 2323/2530/2477 2322/2647/2593
f 2348/2528/2475 2322/2647/2593 2347/2526/2473
f 2347/2526/2473 2322/2647/2593 2321/2524/2471
f 2350/2597/2543 2324/2531/2478 2349/2529/2476
f 2301/2637/2583 2326/2648/2594 2327/2638/2584
f 2327/2638/2584 2326/2648/2594 2352/2654/2600
f 2327/2638/2584 2352/2654/2600 2353/2639/2585
f 2353/2639/2585 2352/2654/2600 2235/2548/2495
f 2352/2654/2600 2326/2648/2594 2351/2596/2542
f 2356/2549/2496 2331/2551/2498 2330/2649/2595
f 2330/2649/2595 2331/2551/2498 2305/2640/2586
f 2356/2549/2496 2330/2649/2595 2355/2547/2494
f 2309/2641/2587 2334/2650/2596 2335/2642/2588
f 2335/2642/2588 2334/2650/2596 2360/2655/2601
f 2335/2642/2588 2360/2655/2601 2361/2643/2589
f 2361/2643/2589 2360/2655/2601 2235/2548/2495
f 2360/2655/2601 2334/2650/2596 2359/2651/2597
f 2364/2570/2516 2339/2572/2518 2338/2652/2598
f 2364/2570/2516 2338/2652/2598 2363/2569/2515
f 2363/2569/2515 2338/2652/2598 2337/2567/2513
f 2233/2527/2474 2344/2653/2599 2343/2646/2592
f 2233/2527/2474 2350/2597/2543 2349/2529/2476
f 2235/2548/2495 2352/2654/2600 2351/2596/2542
f 2235/2548/2495 2360/2655/2601 2359/2651/2597
f 2366/2656/2602 2367/2657/2603 2381/2658/2604
f 2381/2658/2604 2367/2657/2603 2401/2659/2605
f 2381/2658/2604 2401/2659/2605 2380/2660/2606
f 2380/2660/2606 2401/2659/2605 2410/2661/2607
f 2380/2660/2606 2410/2661/2607 2379/2662/2608
f 2379/2662/2608 2410/2661/2607 2409/2663/2609
f 2379/2662/2608 2409/2663/2609 2378/2664/2610
f 2378/2664/2610 2409/2663/2609 2421/2665/2611
f 2378/2664/2610 2421/2665/2611 2377/2666/2612
f 2377/2666/2612 2421/2665/2611 2428/2667/2613
f 2377/2666/2612 2428/2667/2613 2393/2668/2614
f 2393/2668/2614 2428/2667/2613 2427/2669/2615
f 2393/2668/2614 2427/2669/2615 2436/2670/2616
f 2436/2670/2616 2427/2669/2615 2426/2671/2617
f 2436/2670/2616 2426/2671/2617 2437/2672/2618
f 2437/2672/2618 2426/2671/2617 2425/2673/2619
f 2437/2672/2618 2425/2673/2619 2438/2674/2620
f 2438/2674/2620 2425/2673/2619 2424/2675/2621
f 2438/2674/2620 2424/2675/2621 2439/2676/2622
f 2439/2676/2622 2424/2675/2621 2423/2677/2623
f 2439/2676/2622 2423/2677/2623 2440/2678/2624
f 2440/2678/2624 2423/2677/2623 2422/2679/2625
f 2440/2678/2624 2422/2679/2625 2392/2680/2626
f 2392/2680/2626 2422/2679/2625 1559/2681/1721
f 2392/2680/2626 1559/2681/1721 1558/2682/1720
f 2367/2657/2603 2368/2683/2627 2401/2659/2605
f 2401/2659/2605 2368/2683/2627 2400/2684/2628
f 2401/2659/2605 2400/2684/2628 2410/2661/2607
f 2410/2661/2607 2400/2684/2628 2411/2685/2629
f 2410/2661/2607 2411/2685/2629 2409/2663/2609
f 2409/2663/2609 2411/2685/2629 2408/2686/2630
f 2409/2663/2609 2408/2686/2630 2421/2665/2611
f 2421/2665/2611 2408/2686/2630 2420/2687/2631
f 2421/2665/2611 2420/2687/2631 2428/2667/2613
f 2428/2667/2613 2420/2687/2631 2427/2669/2615
f 2368/2683/2627 2369/2688/2632 2400/2684/2628
f 2400/2684/2628 2369/2688/2632 2399/2689/2633
f 2400/2684/2628 2399/2689/2633 2411/2685/2629
f 2411/2685/2629 2399/2689/2633 2412/2690/2634
f 2411/2685/2629 2412/2690/2634 2408/2686/2630
f 2408/2686/2630 2412/2690/2634 2407/2691/2635
f 2408/2686/2630 2407/2691/2635 2420/2687/2631
f 2420/2687/2631 2407/2691/2635 2419/2692/2636
f 2420/2687/2631 2419/2692/2636 2427/2669/2615
f 2427/2669/2615 2419/2692/2636 2426/2671/2617
f 2369/2688/2632 2370/2693/2637 2399/2689/2633
f 2399/2689/2633 2370/2693/2637 2398/2694/2638
f 2399/2689/2633 2398/2694/2638 2412/2690/2634
f 2412/2690/2634 2398/2694/2638 2413/2695/2639
f 2412/2690/2634 2413/2695/2639 2407/2691/2635
f 2407/2691/2635 2413/2695/2639 2406/2696/2640
f 2407/2691/2635 2406/2696/2640 2419/2692/2636
f 2419/2692/2636 2406/2696/2640 2418/2697/2641
f 2419/2692/2636 2418/2697/2641 2426/2671/2617
f 2426/2671/2617 2418/2697/2641 2425/2673/2619
f 2370/2693/2637 2371/2698/2642 2398/2694/2638
f 2398/2694/2638 2371/2698/2642 2397/2699/2643
f 2398/2694/2638 2397/2699/2643 2413/2695/2639
f 2413/2695/2639 2397/2699/2643 2414/2700/2644
f 2413/2695/2639 2414/2700/2644 2406/2696/2640
f 2406/2696/2640 2414/2700/2644 2405/2701/2645
f 2406/2696/2640 2405/2701/2645 2418/2697/2641
f 2418/2697/2641 2405/2701/2645 2417/2702/2646
f 2418/2697/2641 2417/2702/2646 2425/2673/2619
f 2425/2673/2619 2417/2702/2646 2424/2675/2621
f 2371/2698/2642 2372/2703/2647 2397/2699/2643
f 2397/2699/2643 2372/2703/2647 2395/2704/2648
f 2397/2699/2643 2395/2704/2648 2414/2700/2644
f 2414/2700/2644 2395/2704/2648 2396/2705/2649
f 2414/2700/2644 2396/2705/2649 2405/2701/2645
f 2405/2701/2645 2396/2705/2649 2404/2706/2650
f 2405/2701/2645 2404/2706/2650 2417/2702/2646
f 2417/2702/2646 2404/2706/2650 2416/2707/2651
f 2417/2702/2646 2416/2707/2651 2424/2675/2621
f 2424/2675/2621 2416/2707/2651 2423/2677/2623
f 2373/2708/2652 2402/2709/2653 2372/2703/2647
f 2372/2703/2647 2402/2709/2653 2396/2705/2649
f 2372/2703/2647 2396/2705/2649 2395/2704/2648
f 2373/2708/2652 1562/2710/1724 2402/2709/2653
f 2402/2709/2653 1562/2710/1724 2394/2711/2654
f 2402/2709/2653 2394/2711/2654 2396/2705/2649
f 2396/2705/2649 2394/2711/2654 2404/2706/2650
f 1562/2710/1724 1561/2712/1723 2394/2711/2654
f 2394/2711/2654 1561/2712/1723 2403/2713/2655
f 2394/2711/2654 2403/2713/2655 2404/2706/2650
f 2404/2706/2650 2403/2713/2655 2416/2707/2651
f 1561/2712/1723 1560/2714/1722 2403/2713/2655
f 2403/2713/2655 1560/2714/1722 2415/2715/2656
f 2403/2713/2655 2415/2715/2656 2416/2707/2651
f 2416/2707/2651 2415/2715/2656 2423/2677/2623
f 1560/2714/1722 1559/2681/1721 2415/2715/2656
f 2415/2715/2656 1559/2681/1721 2422/2679/2625
f 2415/2715/2656 2422/2679/2625 2423/2677/2623
f 1557/2716/1719 2390/2717/2657 1558/2682/1720
f 1558/2682/1720 2390/2717/2657 2429/2718/2658
f 1558/2682/1720 2429/2718/2658 2392/2680/2626
f 2392/2680/2626 2429/2718/2658 2430/2719/2659
f 2392/2680/2626 2430/2719/2659 2440/2678/2624
f 2440/2678/2624 2430/2719/2659 2431/2720/2660
f 2440/2678/2624 2431/2720/2660 2439/2676/2622
f 2439/2676/2622 2431/2720/2660 2432/2721/2661
f 2439/2676/2622 2432/2721/2661 2438/2674/2620
f 2438/2674/2620 2432/2721/2661 2433/2722/2662
f 2438/2674/2620 2433/2722/2662 2437/2672/2618
f 2437/2672/2618 2433/2722/2662 2434/2723/2663
f 2437/2672/2618 2434/2723/2663 2436/2670/2616
f 2436/2670/2616 2434/2723/2663 2435/2724/2664
f 2436/2670/2616 2435/2724/2664 2393/2668/2614
f 2393/2668/2614 2435/2724/2664 2376/2725/2665
f 2393/2668/2614 2376/2725/2665 2377/2666/2612
f 1556/2726/1718 2530/2727/2666 1557/2716/1719
f 1557/2716/1719 2530/2727/2666 2542/2728/2667
f 1557/2716/1719 2542/2728/2667 2441/2729/2668
f 2441/2729/2668 2542/2728/2667 2541/2730/2669
f 2441/2729/2668 2541/2730/2669 2442/2731/2670
f 2442/2731/2670 2541/2730/2669 2540/2732/2671
f 2442/2731/2670 2540/2732/2671 2443/2733/2672
f 2443/2733/2672 2540/2732/2671 2539/2734/2673
f 2443/2733/2672 2539/2734/2673 2444/2735/2674
f 2444/2735/2674 2539/2734/2673 2538/2736/2675
f 2444/2735/2674 2538/2736/2675 2445/2737/2676
f 2445/2737/2676 2538/2736/2675 2537/2738/2677
f 2445/2737/2676 2537/2738/2677 2446/2739/2678
f 2446/2739/2678 2537/2738/2677 2389/2740/2679
f 2446/2739/2678 2389/2740/2679 2447/2741/2680
f 2447/2741/2680 2389/2740/2679 2375/2742/2681
f 2447/2741/2680 2375/2742/2681 2391/2743/2682
f 2391/2743/2682 2375/2742/2681 2376/2725/2665
f 2391/2743/2682 2376/2725/2665 2435/2724/2664
f 1555/2744/1715 2383/2745/2683 1556/2726/1718
f 1556/2726/1718 2383/2745/2683 2493/2746/2684
f 1556/2726/1718 2493/2746/2684 2518/2747/2685
f 2518/2747/2685 2493/2746/2684 2511/2748/2686
f 2518/2747/2685 2511/2748/2686 2517/2749/2687
f 2517/2749/2687 2511/2748/2686 2510/2750/2688
f 2517/2749/2687 2510/2750/2688 2516/2751/2689
f 2516/2751/2689 2510/2750/2688 2509/2752/2690
f 2516/2751/2689 2509/2752/2690 2515/2753/2691
f 2515/2753/2691 2509/2752/2690 2508/2754/2692
f 2515/2753/2691 2508/2754/2692 2514/2755/2693
f 2514/2755/2693 2508/2754/2692 2507/2756/2694
f 2514/2755/2693 2507/2756/2694 2513/2757/2695
f 2513/2757/2695 2507/2756/2694 2506/2758/2696
f 2513/2757/2695 2506/2758/2696 2512/2759/2697
f 2512/2759/2697 2506/2758/2696 2374/2760/2698
f 2512/2759/2697 2374/2760/2698 2387/2761/2699
f 2387/2761/2699 2374/2760/2698 2459/2762/2700
f 2387/2761/2699 2459/2762/2700 2458/2763/2701
f 2458/2763/2701 2459/2762/2700 2461/2764/2702
f 2458/2763/2701 2461/2764/2702 2462/2765/2703
f 2462/2765/2703 2461/2764/2702 2526/2766/2704
f 2462/2765/2703 2526/2766/2704 2527/2767/2705
f 2527/2767/2705 2526/2766/2704 2534/2768/2706
f 2527/2767/2705 2534/2768/2706 2535/2769/2707
f 2535/2769/2707 2534/2768/2706 2540/2732/2671
f 2535/2769/2707 2540/2732/2671 2541/2730/2669
f 2240/2770/2708 2473/2771/2709 1555/2744/1715
f 1555/2744/1715 2473/2771/2709 2382/2772/2710
f 1555/2744/1715 2382/2772/2710 2486/2773/2711
f 2486/2773/2711 2382/2772/2710 2478/2774/2712
f 2486/2773/2711 2478/2774/2712 2485/2775/2713
f 2485/2775/2713 2478/2774/2712 2477/2776/2714
f 2485/2775/2713 2477/2776/2714 2484/2777/2715
f 2484/2777/2715 2477/2776/2714 2476/2778/2716
f 2484/2777/2715 2476/2778/2716 2483/2779/2717
f 2483/2779/2717 2476/2778/2716 2475/2780/2718
f 2483/2779/2717 2475/2780/2718 2482/2781/2719
f 2482/2781/2719 2475/2780/2718 2474/2782/2720
f 2482/2781/2719 2474/2782/2720 2481/2783/2721
f 2481/2783/2721 2474/2782/2720 2385/2784/2722
f 2481/2783/2721 2385/2784/2722 2480/2785/2723
f 2480/2785/2723 2385/2784/2722 2235/2786/2495
f 2480/2785/2723 2235/2786/2495 2487/2787/2724
f 2487/2787/2724 2235/2786/2495 2386/2788/2725
f 2487/2787/2724 2386/2788/2725 2494/2789/2726
f 2494/2789/2726 2386/2788/2725 2501/2790/2727
f 2494/2789/2726 2501/2790/2727 2502/2791/2728
f 2502/2791/2728 2501/2790/2727 2508/2754/2692
f 2502/2791/2728 2508/2754/2692 2509/2752/2690
f 2473/2771/2709 2240/2770/2708 2472/2792/2729
f 2472/2792/2729 2240/2770/2708 2239/2793/2730
f 2472/2792/2729 2239/2793/2730 2471/2794/2731
f 2471/2794/2731 2239/2793/2730 2470/2795/2732
f 2471/2794/2731 2470/2795/2732 2477/2776/2714
f 2477/2776/2714 2470/2795/2732 2476/2778/2716
f 2239/2793/2730 2238/2796/2528 2470/2795/2732
f 2470/2795/2732 2238/2796/2528 2469/2797/2733
f 2470/2795/2732 2469/2797/2733 2476/2778/2716
f 2476/2778/2716 2469/2797/2733 2475/2780/2718
f 2238/2796/2528 2237/2798/2734 2469/2797/2733
f 2469/2797/2733 2237/2798/2734 2468/2799/2735
f 2469/2797/2733 2468/2799/2735 2475/2780/2718
f 2475/2780/2718 2468/2799/2735 2474/2782/2720
f 2237/2798/2734 2236/2800/2736 2468/2799/2735
f 2468/2799/2735 2236/2800/2736 2467/2801/2737
f 2468/2799/2735 2467/2801/2737 2474/2782/2720
f 2474/2782/2720 2467/2801/2737 2385/2784/2722
f 2236/2800/2736 2235/2786/2495 2467/2801/2737
f 2467/2801/2737 2235/2786/2495 2385/2784/2722
f 2235/2786/2495 2374/2760/2698 2386/2788/2725
f 2386/2788/2725 2374/2760/2698 2500/2802/2738
f 2386/2788/2725 2500/2802/2738 2501/2790/2727
f 2501/2790/2727 2500/2802/2738 2507/2756/2694
f 2501/2790/2727 2507/2756/2694 2508/2754/2692
f 2375/2742/2681 2531/2803/2739 2374/2760/2698
f 2374/2760/2698 2531/2803/2739 2524/2804/2740
f 2374/2760/2698 2524/2804/2740 2460/2805/2741
f 2460/2805/2741 2524/2804/2740 2525/2806/2742
f 2460/2805/2741 2525/2806/2742 2461/2764/2702
f 2461/2764/2702 2525/2806/2742 2526/2766/2704
f 1555/2744/1715 2479/2807/2743 2499/2808/2744
f 2499/2808/2744 2479/2807/2743 2492/2809/2745
f 2499/2808/2744 2492/2809/2745 2498/2810/2746
f 2498/2810/2746 2492/2809/2745 2491/2811/2747
f 2498/2810/2746 2491/2811/2747 2497/2812/2748
f 2497/2812/2748 2491/2811/2747 2490/2813/2749
f 2497/2812/2748 2490/2813/2749 2496/2814/2750
f 2496/2814/2750 2490/2813/2749 2489/2815/2751
f 2496/2814/2750 2489/2815/2751 2495/2816/2752
f 2495/2816/2752 2489/2815/2751 2488/2817/2753
f 2495/2816/2752 2488/2817/2753 2494/2789/2726
f 2494/2789/2726 2488/2817/2753 2487/2787/2724
f 1555/2744/1715 2499/2808/2744 2383/2745/2683
f 2383/2745/2683 2499/2808/2744 2498/2810/2746
f 2383/2745/2683 2498/2810/2746 2505/2818/2754
f 2505/2818/2754 2498/2810/2746 2497/2812/2748
f 2505/2818/2754 2497/2812/2748 2504/2819/2755
f 2504/2819/2755 2497/2812/2748 2496/2814/2750
f 2504/2819/2755 2496/2814/2750 2503/2820/2756
f 2503/2820/2756 2496/2814/2750 2495/2816/2752
f 2503/2820/2756 2495/2816/2752 2502/2791/2728
f 2502/2791/2728 2495/2816/2752 2494/2789/2726
f 1556/2726/1718 2518/2747/2685 2384/2821/2757
f 2384/2821/2757 2518/2747/2685 2517/2749/2687
f 2384/2821/2757 2517/2749/2687 2523/2822/2758
f 2523/2822/2758 2517/2749/2687 2516/2751/2689
f 2523/2822/2758 2516/2751/2689 2522/2823/2759
f 2522/2823/2759 2516/2751/2689 2515/2753/2691
f 2522/2823/2759 2515/2753/2691 2521/2824/2760
f 2521/2824/2760 2515/2753/2691 2514/2755/2693
f 2521/2824/2760 2514/2755/2693 2520/2825/2761
f 2520/2825/2761 2514/2755/2693 2513/2757/2695
f 2520/2825/2761 2513/2757/2695 2519/2826/2762
f 2519/2826/2762 2513/2757/2695 2512/2759/2697
f 2519/2826/2762 2512/2759/2697 2387/2761/2699
f 2507/2756/2694 2500/2802/2738 2506/2758/2696
f 2506/2758/2696 2500/2802/2738 2374/2760/2698
f 2388/2827/2763 1556/2726/1718 2466/2828/2764
f 2466/2828/2764 1556/2726/1718 2453/2829/2765
f 2466/2828/2764 2453/2829/2765 2454/2830/2766
f 2454/2830/2766 2453/2829/2765 2523/2822/2758
f 2454/2830/2766 2523/2822/2758 2522/2823/2759
f 2531/2803/2739 2375/2742/2681 2389/2740/2679
f 2430/2719/2659 2429/2718/2658 2452/2831/2767
f 2452/2831/2767 2429/2718/2658 2390/2717/2657
f 2452/2831/2767 2390/2717/2657 2442/2731/2670
f 2442/2731/2670 2390/2717/2657 2441/2729/2668
f 2431/2720/2660 2430/2719/2659 2451/2832/2768
f 2451/2832/2768 2430/2719/2659 2452/2831/2767
f 2451/2832/2768 2452/2831/2767 2443/2733/2672
f 2443/2733/2672 2452/2831/2767 2442/2731/2670
f 2432/2721/2661 2431/2720/2660 2450/2833/2769
f 2450/2833/2769 2431/2720/2660 2451/2832/2768
f 2450/2833/2769 2451/2832/2768 2444/2735/2674
f 2444/2735/2674 2451/2832/2768 2443/2733/2672
f 2433/2722/2662 2432/2721/2661 2449/2834/2770
f 2449/2834/2770 2432/2721/2661 2450/2833/2769
f 2449/2834/2770 2450/2833/2769 2445/2737/2676
f 2445/2737/2676 2450/2833/2769 2444/2735/2674
f 2391/2743/2682 2435/2724/2664 2434/2723/2663
f 2434/2723/2663 2433/2722/2662 2448/2835/2771
f 2448/2835/2771 2433/2722/2662 2449/2834/2770
f 2448/2835/2771 2449/2834/2770 2446/2739/2678
f 2446/2739/2678 2449/2834/2770 2445/2737/2676
f 1557/2716/1719 2441/2729/2668 2390/2717/2657
f 2446/2739/2678 2447/2741/2680 2448/2835/2771
f 2448/2835/2771 2447/2741/2680 2391/2743/2682
f 2448/2835/2771 2391/2743/2682 2434/2723/2663
f 2454/2830/2766 2455/2836/2772 2465/2837/2773
f 2465/2837/2773 2455/2836/2772 2464/2838/2774
f 2465/2837/2773 2464/2838/2774 2529/2839/2775
f 2529/2839/2775 2464/2838/2774 2528/2840/2776
f 2529/2839/2775 2528/2840/2776 2536/2841/2777
f 2536/2841/2777 2528/2840/2776 2535/2769/2707
f 2536/2841/2777 2535/2769/2707 2541/2730/2669
f 2384/2821/2757 2523/2822/2758 2453/2829/2765
f 2455/2836/2772 2456/2842/2778 2464/2838/2774
f 2464/2838/2774 2456/2842/2778 2463/2843/2779
f 2464/2838/2774 2463/2843/2779 2528/2840/2776
f 2528/2840/2776 2463/2843/2779 2527/2767/2705
f 2528/2840/2776 2527/2767/2705 2535/2769/2707
f 2454/2830/2766 2522/2823/2759 2455/2836/2772
f 2455/2836/2772 2522/2823/2759 2521/2824/2760
f 2455/2836/2772 2521/2824/2760 2456/2842/2778
f 2456/2842/2778 2521/2824/2760 2520/2825/2761
f 2456/2842/2778 2520/2825/2761 2457/2844/2780
f 2457/2844/2780 2520/2825/2761 2519/2826/2762
f 2457/2844/2780 2519/2826/2762 2458/2763/2701
f 2458/2763/2701 2519/2826/2762 2387/2761/2699
f 2456/2842/2778 2457/2844/2780 2463/2843/2779
f 2463/2843/2779 2457/2844/2780 2462/2765/2703
f 2463/2843/2779 2462/2765/2703 2527/2767/2705
f 2457/2844/2780 2458/2763/2701 2462/2765/2703
f 2460/2805/2741 2461/2764/2702 2459/2762/2700
f 2374/2760/2698 2460/2805/2741 2459/2762/2700
f 2388/2827/2763 2466/2828/2764 2465/2837/2773
f 2465/2837/2773 2466/2828/2764 2454/2830/2766
f 2388/2827/2763 2465/2837/2773 2529/2839/2775
f 1556/2726/1718 2388/2827/2763 2530/2727/2666
f 2530/2727/2666 2388/2827/2763 2529/2839/2775
f 2530/2727/2666 2529/2839/2775 2536/2841/2777
f 2384/2821/2757 2453/2829/2765 1556/2726/1718
f 2382/2772/2710 2473/2771/2709 2472/2792/2729
f 2477/2776/2714 2478/2774/2712 2471/2794/2731
f 2471/2794/2731 2478/2774/2712 2472/2792/2729
f 2479/2807/2743 1555/2744/1715 2486/2773/2711
f 2478/2774/2712 2382/2772/2710 2472/2792/2729
f 2487/2787/2724 2488/2817/2753 2480/2785/2723
f 2480/2785/2723 2488/2817/2753 2481/2783/2721
f 2488/2817/2753 2489/2815/2751 2481/2783/2721
f 2481/2783/2721 2489/2815/2751 2482/2781/2719
f 2489/2815/2751 2490/2813/2749 2482/2781/2719
f 2482/2781/2719 2490/2813/2749 2483/2779/2717
f 2490/2813/2749 2491/2811/2747 2483/2779/2717
f 2483/2779/2717 2491/2811/2747 2484/2777/2715
f 2479/2807/2743 2486/2773/2711 2485/2775/2713
f 2491/2811/2747 2492/2809/2745 2484/2777/2715
f 2484/2777/2715 2492/2809/2745 2485/2775/2713
f 2492/2809/2745 2479/2807/2743 2485/2775/2713
f 2502/2791/2728 2509/2752/2690 2503/2820/2756
f 2503/2820/2756 2509/2752/2690 2510/2750/2688
f 2503/2820/2756 2510/2750/2688 2504/2819/2755
f 2504/2819/2755 2510/2750/2688 2511/2748/2686
f 2504/2819/2755 2511/2748/2686 2505/2818/2754
f 2505/2818/2754 2511/2748/2686 2493/2746/2684
f 2505/2818/2754 2493/2746/2684 2383/2745/2683
f 2525/2806/2742 2524/2804/2740 2532/2845/2781
f 2532/2845/2781 2524/2804/2740 2531/2803/2739
f 2532/2845/2781 2531/2803/2739 2537/2738/2677
f 2537/2738/2677 2531/2803/2739 2389/2740/2679
f 2526/2766/2704 2525/2806/2742 2533/2846/2782
f 2533/2846/2782 2525/2806/2742 2532/2845/2781
f 2533/2846/2782 2532/2845/2781 2538/2736/2675
f 2538/2736/2675 2532/2845/2781 2537/2738/2677
f 2526/2766/2704 2533/2846/2782 2534/2768/2706
f 2534/2768/2706 2533/2846/2782 2539/2734/2673
f 2534/2768/2706 2539/2734/2673 2540/2732/2671
f 2539/2734/2673 2533/2846/2782 2538/2736/2675
f 2542/2728/2667 2530/2727/2666 2536/2841/2777
f 2542/2728/2667 2536/2841/2777 2541/2730/2669
f 2557/2847/2783 1573/2848/2784 2561/2849/2785
f 2561/2849/2785 1573/2848/2784 2543/2850/2786
f 2561/2849/2785 2543/2850/2786 2560/2851/2787
f 2560/2851/2787 2543/2850/2786 2544/2852/2788
f 2560/2851/2787 2544/2852/2788 2559/2853/2789
f 2559/2853/2789 2544/2852/2788 2545/2854/2790
f 2559/2853/2789 2545/2854/2790 2562/2855/2791
f 2562/2855/2791 2545/2854/2790 2565/2856/2792
f 2562/2855/2791 2565/2856/2792 2566/2857/2793
f 2566/2857/2793 2565/2856/2792 2570/2858/2794
f 2566/2857/2793 2570/2858/2794 2569/2859/2795
f 2569/2859/2795 2570/2858/2794 2568/2860/2796
f 2569/2859/2795 2568/2860/2796 2558/2861/2797
f 2558/2861/2797 2568/2860/2796 2551/2862/2798
f 2558/2861/2797 2551/2862/2798 2552/2863/2799
f 2565/2856/2792 2545/2854/2790 2564/2864/2800
f 2564/2864/2800 2545/2854/2790 2546/2865/2801
f 2564/2864/2800 2546/2865/2801 2547/2866/2802
f 2548/2867/2803 2567/2868/2804 2547/2866/2802
f 2547/2866/2802 2567/2868/2804 2571/2869/2805
f 2547/2866/2802 2571/2869/2805 2564/2864/2800
f 2564/2864/2800 2571/2869/2805 2565/2856/2792
f 2548/2867/2803 2549/2870/2806 2567/2868/2804
f 2567/2868/2804 2549/2870/2806 2550/2871/2807
f 2567/2868/2804 2550/2871/2807 2568/2860/2796
f 2568/2860/2796 2550/2871/2807 2551/2862/2798
f 2552/2863/2799 2553/2872/2808 2558/2861/2797
f 2558/2861/2797 2553/2872/2808 2569/2859/2795
f 2553/2872/2808 2554/2873/2809 2569/2859/2795
f 2569/2859/2795 2554/2873/2809 2566/2857/2793
f 2554/2873/2809 2555/2874/2810 2566/2857/2793
f 2566/2857/2793 2555/2874/2810 2563/2875/2811
f 2566/2857/2793 2563/2875/2811 2562/2855/2791
f 2562/2855/2791 2563/2875/2811 2559/2853/2789
f 2555/2874/2810 2556/2876/2812 2563/2875/2811
f 2563/2875/2811 2556/2876/2812 2560/2851/2787
f 2563/2875/2811 2560/2851/2787 2559/2853/2789
f 2556/2876/2812 2557/2847/2783 2560/2851/2787
f 2560/2851/2787 2557/2847/2783 2561/2849/2785
f 2570/2858/2794 2565/2856/2792 2571/2869/2805
f 2571/2869/2805 2567/2868/2804 2570/2858/2794
f 2570/2858/2794 2567/2868/2804 2568/2860/2796
f 2587/2877/2813 2572/2878/2814 2588/2879/2815
f 2588/2879/2815 2572/2878/2814 2573/2880/2816
f 2588/2879/2815 2573/2880/2816 2589/2881/2817
f 2589/2881/2817 2573/2880/2816 2574/2882/2818
f 2589/2881/2817 2574/2882/2818 2591/2883/2819
f 2591/2883/2819 2574/2882/2818 2575/2884/2820
f 2591/2883/2819 2575/2884/2820 2593/2885/2821
f 2593/2885/2821 2575/2884/2820 2576/2886/2822
f 2593/2885/2821 2576/2886/2822 2596/2887/2823
f 2596/2887/2823 2576/2886/2822 2577/2888/2824
f 2596/2887/2823 2577/2888/2824 2599/2889/2825
f 2599/2889/2825 2577/2888/2824 2578/2890/2826
f 2599/2889/2825 2578/2890/2826 2579/2891/2827
f 2599/2889/2825 2579/2891/2827 2600/2892/2828
f 2600/2892/2828 2579/2891/2827 2580/2893/2829
f 2600/2892/2828 2580/2893/2829 2601/2894/2830
f 2601/2894/2830 2580/2893/2829 2581/2895/2831
f 2601/2894/2830 2581/2895/2831 2582/2896/2832
f 2582/2896/2832 2583/2897/2833 2601/2894/2830
f 2601/2894/2830 2583/2897/2833 2598/2898/2834
f 2601/2894/2830 2598/2898/2834 2597/2899/2835
f 2597/2899/2835 2598/2898/2834 2594/2900/2836
f 2597/2899/2835 2594/2900/2836 2593/2885/2821
f 2593/2885/2821 2594/2900/2836 2591/2883/2819
f 2598/2898/2834 2583/2897/2833 2595/2901/2837
f 2595/2901/2837 2583/2897/2833 2584/2902/2838
f 2595/2901/2837 2584/2902/2838 2585/2903/2839
f 2586/2904/2840 2590/2905/2841 2585/2903/2839
f 2585/2903/2839 2590/2905/2841 2592/2906/2842
f 2585/2903/2839 2592/2906/2842 2594/2900/2836
f 2594/2900/2836 2592/2906/2842 2591/2883/2819
f 2590/2905/2841 2586/2904/2840 2589/2881/2817
f 2589/2881/2817 2586/2904/2840 2587/2877/2813
f 2589/2881/2817 2587/2877/2813 2588/2879/2815
f 2592/2906/2842 2590/2905/2841 2589/2881/2817
f 2591/2883/2819 2592/2906/2842 2589/2881/2817
f 2598/2898/2834 2595/2901/2837 2594/2900/2836
f 2594/2900/2836 2595/2901/2837 2585/2903/2839
f 2593/2885/2821 2596/2887/2823 2597/2899/2835
f 2597/2899/2835 2596/2887/2823 2600/2892/2828
f 2597/2899/2835 2600/2892/2828 2601/2894/2830
f 2599/2889/2825 2600/2892/2828 2596/2887/2823
f 2552/2907/2799 2551/2908/2843 2578/2909/2826
f 2578/2909/2826 2551/2908/2843 2579/2910/2844
f 2579/2910/2844 2551/2908/2843 2550/2911/2807
f 2579/2910/2844 2550/2911/2807 2580/2912/2829
f 2580/2912/2829 2550/2911/2807 2549/2913/2845
f 2580/2912/2829 2549/2913/2845 2581/2914/2846
f 2581/2914/2846 2549/2913/2845 2548/2915/2803
f 2581/2914/2846 2548/2915/2803 2582/2916/2832
f 2602/2917/2847 2603/2918/2848 2625/2919/2849
f 2625/2919/2849 2603/2918/2848 2636/2920/2850
f 2625/2919/2849 2636/2920/2850 2624/2921/2851
f 2624/2921/2851 2636/2920/2850 2643/2922/2852
f 2624/2921/2851 2643/2922/2852 2623/2923/2853
f 2623/2923/2853 2643/2922/2852 2650/2924/2854
f 2623/2923/2853 2650/2924/2854 2622/2925/2855
f 2622/2925/2855 2650/2924/2854 2657/2926/2856
f 2622/2925/2855 2657/2926/2856 2621/2927/2857
f 2621/2927/2857 2657/2926/2856 2664/2928/2858
f 2621/2927/2857 2664/2928/2858 2620/2929/2859
f 2620/2929/2859 2664/2928/2858 2671/2930/2860
f 2620/2929/2859 2671/2930/2860 2629/2931/2861
f 2629/2931/2861 2671/2930/2860 2670/2932/2862
f 2629/2931/2861 2670/2932/2862 2697/2933/2863
f 2697/2933/2863 2670/2932/2862 2669/2934/2864
f 2697/2933/2863 2669/2934/2864 2696/2935/2865
f 2696/2935/2865 2669/2934/2864 2668/2936/2866
f 2696/2935/2865 2668/2936/2866 2695/2937/2867
f 2695/2937/2867 2668/2936/2866 2667/2938/2868
f 2695/2937/2867 2667/2938/2868 2694/2939/2869
f 2694/2939/2869 2667/2938/2868 2666/2940/2870
f 2694/2939/2869 2666/2940/2870 2693/2941/2871
f 2693/2941/2871 2666/2940/2870 2665/2942/2872
f 2693/2941/2871 2665/2942/2872 2628/2943/2873
f 2628/2943/2873 2665/2942/2872 2617/2944/2874
f 2628/2943/2873 2617/2944/2874 2618/2945/2875
f 2603/2918/2848 2604/2946/2876 2636/2920/2850
f 2636/2920/2850 2604/2946/2876 2635/2947/2877
f 2636/2920/2850 2635/2947/2877 2643/2922/2852
f 2643/2922/2852 2635/2947/2877 2642/2948/2878
f 2643/2922/2852 2642/2948/2878 2650/2924/2854
f 2650/2924/2854 2642/2948/2878 2649/2949/2879
f 2650/2924/2854 2649/2949/2879 2657/2926/2856
f 2657/2926/2856 2649/2949/2879 2656/2950/2880
f 2657/2926/2856 2656/2950/2880 2664/2928/2858
f 2664/2928/2858 2656/2950/2880 2663/2951/2881
f 2664/2928/2858 2663/2951/2881 2671/2930/2860
f 2671/2930/2860 2663/2951/2881 2670/2932/2862
f 2604/2946/2876 2605/2952/2882 2635/2947/2877
f 2635/2947/2877 2605/2952/2882 2634/2953/2883
f 2635/2947/2877 2634/2953/2883 2642/2948/2878
f 2642/2948/2878 2634/2953/2883 2641/2954/2884
f 2642/2948/2878 2641/2954/2884 2649/2949/2879
f 2649/2949/2879 2641/2954/2884 2648/2955/2885
f 2649/2949/2879 2648/2955/2885 2656/2950/2880
f 2656/2950/2880 2648/2955/2885 2655/2956/2886
f 2656/2950/2880 2655/2956/2886 2663/2951/2881
f 2663/2951/2881 2655/2956/2886 2662/2957/2887
f 2663/2951/2881 2662/2957/2887 2670/2932/2862
f 2670/2932/2862 2662/2957/2887 2669/2934/2864
f 2605/2952/2882 2606/2958/2888 2634/2953/2883
f 2634/2953/2883 2606/2958/2888 2633/2959/2889
f 2634/2953/2883 2633/2959/2889 2641/2954/2884
f 2641/2954/2884 2633/2959/2889 2640/2960/2890
f 2641/2954/2884 2640/2960/2890 2648/2955/2885
f 2648/2955/2885 2640/2960/2890 2647/2961/2891
f 2648/2955/2885 2647/2961/2891 2655/2956/2886
f 2655/2956/2886 2647/2961/2891 2654/2962/2892
f 2655/2956/2886 2654/2962/2892 2662/2957/2887
f 2662/2957/2887 2654/2962/2892 2661/2963/2893
f 2662/2957/2887 2661/2963/2893 2669/2934/2864
f 2669/2934/2864 2661/2963/2893 2668/2936/2866
f 2606/2958/2888 2607/2964/2894 2633/2959/2889
f 2633/2959/2889 2607/2964/2894 2632/2965/2895
f 2633/2959/2889 2632/2965/2895 2640/2960/2890
f 2640/2960/2890 2632/2965/2895 2639/2966/2896
f 2640/2960/2890 2639/2966/2896 2647/2961/2891
f 2647/2961/2891 2639/2966/2896 2646/2967/2897
f 2647/2961/2891 2646/2967/2897 2654/2962/2892
f 2654/2962/2892 2646/2967/2897 2653/2968/2898
f 2654/2962/2892 2653/2968/2898 2661/2963/2893
f 2661/2963/2893 2653/2968/2898 2660/2969/2899
f 2661/2963/2893 2660/2969/2899 2668/2936/2866
f 2668/2936/2866 2660/2969/2899 2667/2938/2868
f 2607/2964/2894 2608/2970/2900 2632/2965/2895
f 2632/2965/2895 2608/2970/2900 2631/2971/2901
f 2632/2965/2895 2631/2971/2901 2639/2966/2896
f 2639/2966/2896 2631/2971/2901 2638/2972/2902
f 2639/2966/2896 2638/2972/2902 2646/2967/2897
f 2646/2967/2897 2638/2972/2902 2645/2973/2903
f 2646/2967/2897 2645/2973/2903 2653/2968/2898
f 2653/2968/2898 2645/2973/2903 2652/2974/2904
f 2653/2968/2898 2652/2974/2904 2660/2969/2899
f 2660/2969/2899 2652/2974/2904 2659/2975/2905
f 2660/2969/2899 2659/2975/2905 2667/2938/2868
f 2667/2938/2868 2659/2975/2905 2666/2940/2870
f 2631/2971/2901 2608/2970/2900 2630/2976/2906
f 2630/2976/2906 2608/2970/2900 2609/2977/2907
f 2630/2976/2906 2609/2977/2907 2611/2978/2908
f 2611/2978/2908 2609/2977/2907 2610/2979/2909
f 2611/2978/2908 2612/2980/2910 2630/2976/2906
f 2630/2976/2906 2612/2980/2910 2613/2981/2911
f 2630/2976/2906 2613/2981/2911 2637/2982/2912
f 2637/2982/2912 2613/2981/2911 2614/2983/2913
f 2637/2982/2912 2614/2983/2913 2644/2984/2914
f 2644/2984/2914 2614/2983/2913 2615/2985/2915
f 2644/2984/2914 2615/2985/2915 2651/2986/2916
f 2651/2986/2916 2615/2985/2915 2616/2987/2917
f 2651/2986/2916 2616/2987/2917 2658/2988/2918
f 2658/2988/2918 2616/2987/2917 2617/2944/2874
f 2658/2988/2918 2617/2944/2874 2665/2942/2872
f 2572/2989/2919 2705/2990/2920 2618/2945/2875
f 2618/2945/2875 2705/2990/2920 2698/2991/2921
f 2618/2945/2875 2698/2991/2921 2672/2992/2922
f 2672/2992/2922 2698/2991/2921 2699/2993/2923
f 2672/2992/2922 2699/2993/2923 2673/2994/2924
f 2673/2994/2924 2699/2993/2923 2700/2995/2925
f 2673/2994/2924 2700/2995/2925 2674/2996/2926
f 2674/2996/2926 2700/2995/2925 2701/2997/2927
f 2674/2996/2926 2701/2997/2927 2675/2998/2928
f 2675/2998/2928 2701/2997/2927 2702/2999/2929
f 2675/2998/2928 2702/2999/2929 2676/3000/2930
f 2676/3000/2930 2702/2999/2929 2703/3001/2931
f 2676/3000/2930 2703/3001/2931 2677/3002/2932
f 2677/3002/2932 2703/3001/2931 2627/3003/2933
f 2677/3002/2932 2627/3003/2933 2678/3004/2934
f 2678/3004/2934 2627/3003/2933 2619/3005/2935
f 2678/3004/2934 2619/3005/2935 2679/3006/2936
f 2679/3006/2936 2619/3005/2935 2629/2931/2861
f 2679/3006/2936 2629/2931/2861 2697/2933/2863
f 2587/3007/2937 2692/3008/2938 2572/2989/2919
f 2572/2989/2919 2692/3008/2938 2626/3009/2939
f 2572/2989/2919 2626/3009/2939 2705/2990/2920
f 2705/2990/2920 2626/3009/2939 2711/3010/2940
f 2705/2990/2920 2711/3010/2940 2706/3011/2941
f 2706/3011/2941 2711/3010/2940 2712/3012/2942
f 2706/3011/2941 2712/3012/2942 2707/3013/2943
f 2707/3013/2943 2712/3012/2942 2713/3014/2944
f 2707/3013/2943 2713/3014/2944 2708/3015/2945
f 2708/3015/2945 2713/3014/2944 2714/3016/2946
f 2708/3015/2945 2714/3016/2946 2709/3017/2947
f 2709/3017/2947 2714/3016/2946 2715/3018/2948
f 2709/3017/2947 2715/3018/2948 2710/3019/2949
f 2710/3019/2949 2715/3018/2948 2716/3020/2950
f 2710/3019/2949 2716/3020/2950 2704/3021/2951
f 2704/3021/2951 2716/3020/2950 2582/3022/2952
f 2704/3021/2951 2582/3022/2952 2619/3005/2935
f 2692/3008/2938 2587/3007/2937 2691/3023/2953
f 2691/3023/2953 2587/3007/2937 2586/3024/2954
f 2691/3023/2953 2586/3024/2954 2690/3025/2955
f 2690/3025/2955 2586/3024/2954 2689/3026/2956
f 2690/3025/2955 2689/3026/2956 2712/3012/2942
f 2712/3012/2942 2689/3026/2956 2713/3014/2944
f 2586/3024/2954 2585/3027/2957 2689/3026/2956
f 2689/3026/2956 2585/3027/2957 2688/3028/2958
f 2689/3026/2956 2688/3028/2958 2713/3014/2944
f 2713/3014/2944 2688/3028/2958 2714/3016/2946
f 2585/3027/2957 2584/3029/2959 2688/3028/2958
f 2688/3028/2958 2584/3029/2959 2687/3030/2960
f 2688/3028/2958 2687/3030/2960 2714/3016/2946
f 2714/3016/2946 2687/3030/2960 2715/3018/2948
f 2584/3029/2959 2583/3031/2961 2687/3030/2960
f 2687/3030/2960 2583/3031/2961 2686/3032/2962
f 2687/3030/2960 2686/3032/2962 2715/3018/2948
f 2715/3018/2948 2686/3032/2962 2716/3020/2950
f 2583/3031/2961 2582/3022/2952 2686/3032/2962
f 2686/3032/2962 2582/3022/2952 2716/3020/2950
f 2619/3005/2935 2620/2929/2859 2629/2931/2861
f 2704/3021/2951 2619/3005/2935 2627/3003/2933
f 2628/2943/2873 2618/2945/2875 2685/3033/2963
f 2685/3033/2963 2618/2945/2875 2672/2992/2922
f 2685/3033/2963 2672/2992/2922 2673/2994/2924
f 2638/2972/2902 2631/2971/2901 2630/2976/2906
f 2645/2973/2903 2638/2972/2902 2637/2982/2912
f 2637/2982/2912 2638/2972/2902 2630/2976/2906
f 2652/2974/2904 2645/2973/2903 2644/2984/2914
f 2644/2984/2914 2645/2973/2903 2637/2982/2912
f 2659/2975/2905 2652/2974/2904 2651/2986/2916
f 2651/2986/2916 2652/2974/2904 2644/2984/2914
f 2666/2940/2870 2659/2975/2905 2658/2988/2918
f 2658/2988/2918 2659/2975/2905 2651/2986/2916
f 2665/2942/2872 2666/2940/2870 2658/2988/2918
f 2673/2994/2924 2674/2996/2926 2684/3034/2964
f 2684/3034/2964 2674/2996/2926 2683/3035/2965
f 2684/3034/2964 2683/3035/2965 2693/2941/2871
f 2693/2941/2871 2683/3035/2965 2694/2939/2869
f 2674/2996/2926 2675/2998/2928 2683/3035/2965
f 2683/3035/2965 2675/2998/2928 2682/3036/2966
f 2683/3035/2965 2682/3036/2966 2694/2939/2869
f 2694/2939/2869 2682/3036/2966 2695/2937/2867
f 2675/2998/2928 2676/3000/2930 2682/3036/2966
f 2682/3036/2966 2676/3000/2930 2681/3037/2967
f 2682/3036/2966 2681/3037/2967 2695/2937/2867
f 2695/2937/2867 2681/3037/2967 2696/2935/2865
f 2676/3000/2930 2677/3002/2932 2681/3037/2967
f 2681/3037/2967 2677/3002/2932 2680/3038/2968
f 2681/3037/2967 2680/3038/2968 2696/2935/2865
f 2696/2935/2865 2680/3038/2968 2697/2933/2863
f 2677/3002/2932 2678/3004/2934 2680/3038/2968
f 2680/3038/2968 2678/3004/2934 2679/3006/2936
f 2680/3038/2968 2679/3006/2936 2697/2933/2863
f 2628/2943/2873 2685/3033/2963 2684/3034/2964
f 2684/3034/2964 2685/3033/2963 2673/2994/2924
f 2628/2943/2873 2684/3034/2964 2693/2941/2871
f 2626/3009/2939 2692/3008/2938 2691/3023/2953
f 2712/3012/2942 2711/3010/2940 2690/3025/2955
f 2690/3025/2955 2711/3010/2940 2691/3023/2953
f 2711/3010/2940 2626/3009/2939 2691/3023/2953
f 2705/2990/2920 2706/3011/2941 2698/2991/2921
f 2698/2991/2921 2706/3011/2941 2699/2993/2923
f 2706/3011/2941 2707/3013/2943 2699/2993/2923
f 2699/2993/2923 2707/3013/2943 2700/2995/2925
f 2707/3013/2943 2708/3015/2945 2700/2995/2925
f 2700/2995/2925 2708/3015/2945 2701/2997/2927
f 2708/3015/2945 2709/3017/2947 2701/2997/2927
f 2701/2997/2927 2709/3017/2947 2702/2999/2929
f 2704/3021/2951 2627/3003/2933 2703/3001/2931
f 2709/3017/2947 2710/3019/2949 2702/2999/2929
f 2702/2999/2929 2710/3019/2949 2703/3001/2931
f 2710/3019/2949 2704/3021/2951 2703/3001/2931
f 1518/3039/2969 2578/3040/2826 2725/3041/2970
f 2725/3041/2970 2578/3040/2826 2739/3042/2971
f 2725/3041/2970 2739/3042/2971 2740/3043/2972
f 2740/3043/2972 2739/3042/2971 2760/3044/2973
f 2740/3043/2972 2760/3044/2973 2761/3045/2974
f 2761/3045/2974 2760/3044/2973 2781/3046/2975
f 2761/3045/2974 2781/3046/2975 2782/3047/2976
f 2782/3047/2976 2781/3046/2975 2802/3048/2977
f 2782/3047/2976 2802/3048/2977 2803/3049/2978
f 2803/3049/2978 2802/3048/2977 2823/3050/2979
f 2803/3049/2978 2823/3050/2979 2824/3051/2980
f 2824/3051/2980 2823/3050/2979 2718/3052/2981
f 2824/3051/2980 2718/3052/2981 2825/3053/2982
f 2825/3053/2982 2718/3052/2981 2719/3054/2983
f 2825/3053/2982 2719/3054/2983 2720/3055/2984
f 2577/3056/2985 2726/3057/2986 2578/3040/2826
f 2578/3040/2826 2726/3057/2986 2727/3058/2987
f 2578/3040/2826 2727/3058/2987 2728/3059/2988
f 2728/3059/2988 2727/3058/2987 2748/3060/2989
f 2728/3059/2988 2748/3060/2989 2749/3061/2990
f 2749/3061/2990 2748/3060/2989 2769/3062/2991
f 2749/3061/2990 2769/3062/2991 2770/3063/2992
f 2770/3063/2992 2769/3062/2991 2790/3064/2993
f 2770/3063/2992 2790/3064/2993 2791/3065/2994
f 2791/3065/2994 2790/3064/2993 2811/3066/2995
f 2791/3065/2994 2811/3066/2995 2812/3067/2996
f 2812/3067/2996 2811/3066/2995 2718/3052/2981
f 2812/3067/2996 2718/3052/2981 2813/3068/2997
f 2813/3068/2997 2718/3052/2981 2814/3069/2998
f 2813/3068/2997 2814/3069/2998 2793/3070/2999
f 2793/3070/2999 2814/3069/2998 2794/3071/3000
f 2793/3070/2999 2794/3071/3000 2773/3072/3001
f 2773/3072/3001 2794/3071/3000 2774/3073/3002
f 2773/3072/3001 2774/3073/3002 2753/3074/3003
f 2753/3074/3003 2774/3073/3002 2754/3075/3004
f 2753/3074/3003 2754/3075/3004 2733/3076/3005
f 2733/3076/3005 2754/3075/3004 2734/3077/3006
f 2733/3076/3005 2734/3077/3006 2578/3040/2826
f 2578/3040/2826 2734/3077/3006 2735/3078/3007
f 2578/3040/2826 2735/3078/3007 2736/3079/3008
f 2736/3079/3008 2735/3078/3007 2756/3080/3009
f 2736/3079/3008 2756/3080/3009 2757/3081/3010
f 2757/3081/3010 2756/3080/3009 2777/3082/3011
f 2757/3081/3010 2777/3082/3011 2778/3083/3012
f 2778/3083/3012 2777/3082/3011 2798/3084/3013
f 2778/3083/3012 2798/3084/3013 2799/3085/3014
f 2799/3085/3014 2798/3084/3013 2819/3086/3015
f 2799/3085/3014 2819/3086/3015 2820/3087/3016
f 2820/3087/3016 2819/3086/3015 2718/3052/2981
f 2820/3087/3016 2718/3052/2981 2821/3088/3017
f 2821/3088/3017 2718/3052/2981 2822/3089/3018
f 2821/3088/3017 2822/3089/3018 2801/3090/3019
f 2801/3090/3019 2822/3089/3018 2802/3048/2977
f 2801/3090/3019 2802/3048/2977 2781/3046/2975
f 2726/3057/2986 2577/3056/2985 2746/3091/3020
f 2746/3091/3020 2577/3056/2985 2576/3092/3021
f 2746/3091/3020 2576/3092/3021 2766/3093/3022
f 2766/3093/3022 2576/3092/3021 2575/3094/3023
f 2766/3093/3022 2575/3094/3023 2786/3095/3024
f 2786/3095/3024 2575/3094/3023 2574/3096/3025
f 2786/3095/3024 2574/3096/3025 2806/3097/3026
f 2806/3097/3026 2574/3096/3025 2573/3098/3027
f 2806/3097/3026 2573/3098/3027 2718/3052/2981
f 2718/3052/2981 2573/3098/3027 2572/3099/2919
f 2718/3052/2981 2572/3099/2919 2717/3100/3028
f 2825/3053/2982 2720/3055/2984 2805/3101/3029
f 2805/3101/3029 2720/3055/2984 2721/3102/3030
f 2805/3101/3029 2721/3102/3030 2785/3103/3031
f 2785/3103/3031 2721/3102/3030 2722/3104/3032
f 2785/3103/3031 2722/3104/3032 2723/3105/3033
f 2785/3103/3031 2723/3105/3033 2765/3106/3034
f 2765/3106/3034 2723/3105/3033 2724/3107/3035
f 2765/3106/3034 2724/3107/3035 2745/3108/3036
f 2745/3108/3036 2724/3107/3035 2725/3041/2970
f 2745/3108/3036 2725/3041/2970 2744/3109/3037
f 2744/3109/3037 2725/3041/2970 2743/3110/3038
f 2744/3109/3037 2743/3110/3038 2764/3111/3039
f 2764/3111/3039 2743/3110/3038 2763/3112/3040
f 2764/3111/3039 2763/3112/3040 2784/3113/3041
f 2784/3113/3041 2763/3112/3040 2783/3114/3042
f 2784/3113/3041 2783/3114/3042 2804/3115/3043
f 2804/3115/3043 2783/3114/3042 2803/3049/2978
f 2804/3115/3043 2803/3049/2978 2824/3051/2980
f 2727/3058/2987 2726/3057/2986 2747/3116/3044
f 2747/3116/3044 2726/3057/2986 2746/3091/3020
f 2747/3116/3044 2746/3091/3020 2767/3117/3045
f 2767/3117/3045 2746/3091/3020 2766/3093/3022
f 2767/3117/3045 2766/3093/3022 2787/3118/3046
f 2787/3118/3046 2766/3093/3022 2786/3095/3024
f 2787/3118/3046 2786/3095/3024 2807/3119/3047
f 2807/3119/3047 2786/3095/3024 2806/3097/3026
f 2807/3119/3047 2806/3097/3026 2718/3052/2981
f 2728/3059/2988 2729/3120/3048 2578/3040/2826
f 2578/3040/2826 2729/3120/3048 2730/3121/3049
f 2578/3040/2826 2730/3121/3049 2731/3122/3050
f 2731/3122/3050 2730/3121/3049 2751/3123/3051
f 2731/3122/3050 2751/3123/3051 2752/3124/3052
f 2752/3124/3052 2751/3123/3051 2772/3125/3053
f 2752/3124/3052 2772/3125/3053 2773/3072/3001
f 2773/3072/3001 2772/3125/3053 2793/3070/2999
f 2728/3059/2988 2749/3061/2990 2729/3120/3048
f 2729/3120/3048 2749/3061/2990 2750/3126/3054
f 2729/3120/3048 2750/3126/3054 2730/3121/3049
f 2730/3121/3049 2750/3126/3054 2751/3123/3051
f 2733/3076/3005 2578/3040/2826 2732/3127/3055
f 2732/3127/3055 2578/3040/2826 2731/3122/3050
f 2732/3127/3055 2731/3122/3050 2752/3124/3052
f 2753/3074/3003 2733/3076/3005 2732/3127/3055
f 2753/3074/3003 2732/3127/3055 2752/3124/3052
f 2735/3078/3007 2734/3077/3006 2755/3128/3056
f 2755/3128/3056 2734/3077/3006 2754/3075/3004
f 2755/3128/3056 2754/3075/3004 2775/3129/3057
f 2775/3129/3057 2754/3075/3004 2774/3073/3002
f 2775/3129/3057 2774/3073/3002 2795/3130/3058
f 2795/3130/3058 2774/3073/3002 2794/3071/3000
f 2795/3130/3058 2794/3071/3000 2815/3131/3059
f 2815/3131/3059 2794/3071/3000 2814/3069/2998
f 2815/3131/3059 2814/3069/2998 2718/3052/2981
f 2736/3079/3008 2737/3132/3060 2578/3040/2826
f 2578/3040/2826 2737/3132/3060 2738/3133/3061
f 2578/3040/2826 2738/3133/3061 2739/3042/2971
f 2739/3042/2971 2738/3133/3061 2759/3134/3062
f 2739/3042/2971 2759/3134/3062 2760/3044/2973
f 2760/3044/2973 2759/3134/3062 2780/3135/3063
f 2760/3044/2973 2780/3135/3063 2781/3046/2975
f 2781/3046/2975 2780/3135/3063 2801/3090/3019
f 2736/3079/3008 2757/3081/3010 2737/3132/3060
f 2737/3132/3060 2757/3081/3010 2758/3136/3064
f 2737/3132/3060 2758/3136/3064 2738/3133/3061
f 2738/3133/3061 2758/3136/3064 2759/3134/3062
f 2740/3043/2972 2741/3137/3065 2725/3041/2970
f 2725/3041/2970 2741/3137/3065 2742/3138/3066
f 2725/3041/2970 2742/3138/3066 2743/3110/3038
f 2743/3110/3038 2742/3138/3066 2763/3112/3040
f 2740/3043/2972 2761/3045/2974 2741/3137/3065
f 2741/3137/3065 2761/3045/2974 2762/3139/3067
f 2741/3137/3065 2762/3139/3067 2742/3138/3066
f 2742/3138/3066 2762/3139/3067 2763/3112/3040
f 2765/3106/3034 2745/3108/3036 2744/3109/3037
f 2765/3106/3034 2744/3109/3037 2764/3111/3039
f 2727/3058/2987 2747/3116/3044 2748/3060/2989
f 2748/3060/2989 2747/3116/3044 2768/3140/3068
f 2748/3060/2989 2768/3140/3068 2769/3062/2991
f 2769/3062/2991 2768/3140/3068 2789/3141/3069
f 2769/3062/2991 2789/3141/3069 2790/3064/2993
f 2790/3064/2993 2789/3141/3069 2810/3142/3070
f 2790/3064/2993 2810/3142/3070 2811/3066/2995
f 2811/3066/2995 2810/3142/3070 2718/3052/2981
f 2768/3140/3068 2747/3116/3044 2767/3117/3045
f 2749/3061/2990 2770/3063/2992 2750/3126/3054
f 2750/3126/3054 2770/3063/2992 2771/3143/3071
f 2750/3126/3054 2771/3143/3071 2751/3123/3051
f 2751/3123/3051 2771/3143/3071 2772/3125/3053
f 2773/3072/3001 2753/3074/3003 2752/3124/3052
f 2735/3078/3007 2755/3128/3056 2756/3080/3009
f 2756/3080/3009 2755/3128/3056 2776/3144/3072
f 2756/3080/3009 2776/3144/3072 2777/3082/3011
f 2777/3082/3011 2776/3144/3072 2797/3145/3073
f 2777/3082/3011 2797/3145/3073 2798/3084/3013
f 2798/3084/3013 2797/3145/3073 2818/3146/3074
f 2798/3084/3013 2818/3146/3074 2819/3086/3015
f 2819/3086/3015 2818/3146/3074 2718/3052/2981
f 2776/3144/3072 2755/3128/3056 2775/3129/3057
f 2757/3081/3010 2778/3083/3012 2758/3136/3064
f 2758/3136/3064 2778/3083/3012 2779/3147/3075
f 2758/3136/3064 2779/3147/3075 2759/3134/3062
f 2759/3134/3062 2779/3147/3075 2780/3135/3063
f 2783/3114/3042 2763/3112/3040 2762/3139/3067
f 2783/3114/3042 2762/3139/3067 2782/3047/2976
f 2782/3047/2976 2762/3139/3067 2761/3045/2974
f 2785/3103/3031 2765/3106/3034 2764/3111/3039
f 2785/3103/3031 2764/3111/3039 2784/3113/3041
f 2768/3140/3068 2767/3117/3045 2788/3148/3076
f 2788/3148/3076 2767/3117/3045 2787/3118/3046
f 2788/3148/3076 2787/3118/3046 2808/3149/3077
f 2808/3149/3077 2787/3118/3046 2807/3119/3047
f 2808/3149/3077 2807/3119/3047 2718/3052/2981
f 2770/3063/2992 2791/3065/2994 2771/3143/3071
f 2771/3143/3071 2791/3065/2994 2792/3150/3078
f 2771/3143/3071 2792/3150/3078 2772/3125/3053
f 2772/3125/3053 2792/3150/3078 2793/3070/2999
f 2776/3144/3072 2775/3129/3057 2796/3151/3079
f 2796/3151/3079 2775/3129/3057 2795/3130/3058
f 2796/3151/3079 2795/3130/3058 2816/3152/3080
f 2816/3152/3080 2795/3130/3058 2815/3131/3059
f 2816/3152/3080 2815/3131/3059 2718/3052/2981
f 2778/3083/3012 2799/3085/3014 2779/3147/3075
f 2779/3147/3075 2799/3085/3014 2800/3153/3081
f 2779/3147/3075 2800/3153/3081 2780/3135/3063
f 2780/3135/3063 2800/3153/3081 2801/3090/3019
f 2803/3049/2978 2783/3114/3042 2782/3047/2976
f 2805/3101/3029 2785/3103/3031 2784/3113/3041
f 2805/3101/3029 2784/3113/3041 2804/3115/3043
f 2768/3140/3068 2788/3148/3076 2789/3141/3069
f 2789/3141/3069 2788/3148/3076 2809/3154/3082
f 2789/3141/3069 2809/3154/3082 2810/3142/3070
f 2810/3142/3070 2809/3154/3082 2718/3052/2981
f 2809/3154/3082 2788/3148/3076 2808/3149/3077
f 2813/3068/2997 2793/3070/2999 2792/3150/3078
f 2813/3068/2997 2792/3150/3078 2812/3067/2996
f 2812/3067/2996 2792/3150/3078 2791/3065/2994
f 2776/3144/3072 2796/3151/3079 2797/3145/3073
f 2797/3145/3073 2796/3151/3079 2817/3155/3083
f 2797/3145/3073 2817/3155/3083 2818/3146/3074
f 2818/3146/3074 2817/3155/3083 2718/3052/2981
f 2817/3155/3083 2796/3151/3079 2816/3152/3080
f 2821/3088/3017 2801/3090/3019 2800/3153/3081
f 2821/3088/3017 2800/3153/3081 2820/3087/3016
f 2820/3087/3016 2800/3153/3081 2799/3085/3014
f 2823/3050/2979 2802/3048/2977 2822/3089/3018
f 2825/3053/2982 2805/3101/3029 2804/3115/3043
f 2825/3053/2982 2804/3115/3043 2824/3051/2980
f 2718/3052/2981 2809/3154/3082 2808/3149/3077
f 2718/3052/2981 2817/3155/3083 2816/3152/3080
f 2718/3052/2981 2823/3050/2979 2822/3089/3018
f 1525/3156/3084 2826/3157/3085 1526/3158/3086
f 1526/3158/3086 2826/3157/3085 2718/3159/3087
f 1526/3158/3086 2718/3159/3087 2717/3160/3088
f 1524/3161/3089 2827/3162/3090 1525/3156/3084
f 1525/3156/3084 2827/3162/3090 2828/3163/3091
f 1525/3156/3084 2828/3163/3091 2826/3157/3085
f 2826/3157/3085 2828/3163/3091 2719/3164/3092
f 2826/3157/3085 2719/3164/3092 2718/3159/3087
f 1523/3165/3093 2722/3166/3094 1524/3161/3089
f 1524/3161/3089 2722/3166/3094 2829/3167/3095
f 1524/3161/3089 2829/3167/3095 2721/3168/3096
f 2721/3168/3096 2829/3167/3095 2722/3166/3094
f 1522/3169/3097 2723/3170/3098 1523/3165/3093
f 1523/3165/3093 2723/3170/3098 2830/3171/3099
f 1523/3165/3093 2830/3171/3099 2722/3166/3094
f 2722/3166/3094 2830/3171/3099 2723/3170/3098
f 2723/3170/3098 1522/3169/3097 2831/3172/3100
f 2831/3172/3100 1522/3169/3097 1521/3173/3101
f 2831/3172/3100 1521/3173/3101 2724/3174/3102
f 2724/3174/3102 1521/3173/3101 1520/3175/3103
f 2724/3174/3102 1520/3175/3103 2725/3176/3104
f 2725/3176/3104 1520/3175/3103 1519/3177/3105
f 2725/3176/3104 1519/3177/3105 1518/3178/3106
f 2724/3174/3102 2723/3170/3098 2831/3172/3100
f 1524/3161/3089 2721/3168/3096 2827/3162/3090
f 2827/3162/3090 2721/3168/3096 2720/3179/3107
f 2827/3162/3090 2720/3179/3107 2828/3163/3091
f 2828/3163/3091 2720/3179/3107 2719/3164/3092
f 2832/3180/3108 2833/3181/3109 2842/3182/3110
f 2842/3182/3110 2833/3181/3109 2846/3183/3111
f 2842/3182/3110 2846/3183/3111 2859/3184/3112
f 2859/3184/3112 2846/3183/3111 2870/3185/3113
f 2859/3184/3112 2870/3185/3113 2860/3186/3114
f 2860/3186/3114 2870/3185/3113 2871/3187/3115
f 2860/3186/3114 2871/3187/3115 2861/3188/3116
f 2861/3188/3116 2871/3187/3115 2872/3189/3117
f 2861/3188/3116 2872/3189/3117 2862/3190/3118
f 2862/3190/3118 2872/3189/3117 2873/3191/3119
f 2862/3190/3118 2873/3191/3119 2863/3192/3120
f 2863/3192/3120 2873/3191/3119 2874/3193/3121
f 2863/3192/3120 2874/3193/3121 2864/3194/3122
f 2864/3194/3122 2874/3193/3121 2844/3195/3123
f 2864/3194/3122 2844/3195/3123 2865/3196/3124
f 2865/3196/3124 2844/3195/3123 2841/3197/3125
f 2865/3196/3124 2841/3197/3125 2843/3198/3126
f 2843/3198/3126 2841/3197/3125 2610/3199/3127
f 2843/3198/3126 2610/3199/3127 2868/3200/3128
f 2868/3200/3128 2610/3199/3127 2609/3201/3129
f 2868/3200/3128 2609/3201/3129 2608/3202/3130
f 2846/3183/3111 2833/3181/3109 2853/3203/3131
f 2853/3203/3131 2833/3181/3109 2834/3204/3132
f 2853/3203/3131 2834/3204/3132 2852/3205/3133
f 2852/3205/3133 2834/3204/3132 2835/3206/3134
f 2852/3205/3133 2835/3206/3134 2851/3207/3135
f 2851/3207/3135 2835/3206/3134 2836/3208/3136
f 2851/3207/3135 2836/3208/3136 2850/3209/3137
f 2850/3209/3137 2836/3208/3136 2837/3210/3138
f 2850/3209/3137 2837/3210/3138 2849/3211/3139
f 2849/3211/3139 2837/3210/3138 2838/3212/3140
f 2849/3211/3139 2838/3212/3140 2848/3213/3141
f 2848/3213/3141 2838/3212/3140 2847/3214/3142
f 2848/3213/3141 2847/3214/3142 2874/3193/3121
f 2874/3193/3121 2847/3214/3142 2844/3195/3123
f 2838/3212/3140 2839/3215/3143 2847/3214/3142
f 2847/3214/3142 2839/3215/3143 2840/3216/3144
f 2847/3214/3142 2840/3216/3144 2844/3195/3123
f 2844/3195/3123 2840/3216/3144 2841/3197/3125
f 2607/3217/3145 2866/3218/3146 2608/3202/3130
f 2608/3202/3130 2866/3218/3146 2867/3219/3147
f 2608/3202/3130 2867/3219/3147 2868/3200/3128
f 2868/3200/3128 2867/3219/3147 2854/3220/3148
f 2868/3200/3128 2854/3220/3148 2843/3198/3126
f 2843/3198/3126 2854/3220/3148 2865/3196/3124
f 2606/3221/3149 2869/3222/3150 2607/3217/3145
f 2607/3217/3145 2869/3222/3150 2856/3223/3151
f 2607/3217/3145 2856/3223/3151 2855/3224/3152
f 2855/3224/3152 2856/3223/3151 2863/3192/3120
f 2855/3224/3152 2863/3192/3120 2864/3194/3122
f 2605/3225/3153 2857/3226/3154 2606/3221/3149
f 2606/3221/3149 2857/3226/3154 2856/3223/3151
f 2606/3221/3149 2856/3223/3151 2869/3222/3150
f 2857/3226/3154 2605/3225/3153 2858/3227/3155
f 2858/3227/3155 2605/3225/3153 2604/3228/3156
f 2858/3227/3155 2604/3228/3156 2845/3229/3157
f 2845/3229/3157 2604/3228/3156 2603/3230/3158
f 2845/3229/3157 2603/3230/3158 2602/3231/3159
f 2602/3231/3159 2842/3182/3110 2845/3229/3157
f 2845/3229/3157 2842/3182/3110 2859/3184/3112
f 2845/3229/3157 2859/3184/3112 2860/3186/3114
f 2874/3193/3121 2873/3191/3119 2848/3213/3141
f 2848/3213/3141 2873/3191/3119 2849/3211/3139
f 2873/3191/3119 2872/3189/3117 2849/3211/3139
f 2849/3211/3139 2872/3189/3117 2850/3209/3137
f 2872/3189/3117 2871/3187/3115 2850/3209/3137
f 2850/3209/3137 2871/3187/3115 2851/3207/3135
f 2846/3183/3111 2853/3203/3131 2852/3205/3133
f 2871/3187/3115 2870/3185/3113 2851/3207/3135
f 2851/3207/3135 2870/3185/3113 2852/3205/3133
f 2870/3185/3113 2846/3183/3111 2852/3205/3133
f 2864/3194/3122 2865/3196/3124 2854/3220/3148
f 2864/3194/3122 2854/3220/3148 2855/3224/3152
f 2855/3224/3152 2854/3220/3148 2867/3219/3147
f 2855/3224/3152 2867/3219/3147 2866/3218/3146
f 2862/3190/3118 2863/3192/3120 2856/3223/3151
f 2861/3188/3116 2862/3190/3118 2857/3226/3154
f 2857/3226/3154 2862/3190/3118 2856/3223/3151
f 2866/3218/3146 2607/3217/3145 2855/3224/3152
f 2860/3186/3114 2861/3188/3116 2858/3227/3155
f 2858/3227/3155 2861/3188/3116 2857/3226/3154
f 2858/3227/3155 2845/3229/3157 2860/3186/3114
f 1574/3232/1705 1573/3233/3160 1613/3234/3161
f 1613/3234/3161 1573/3233/3160 1614/3235/3162
f 1614/3235/3162 1573/3233/3160 2888/3236/3163
f 1614/3235/3162 2888/3236/3163 2889/3237/3164
f 2889/3237/3164 2888/3236/3163 2909/3238/3165
f 2889/3237/3164 2909/3238/3165 2910/3239/3166
f 2910/3239/3166 2909/3238/3165 2929/3240/3167
f 2910/3239/3166 2929/3240/3167 2930/3241/3168
f 2930/3241/3168 2929/3240/3167 2949/3242/3169
f 2930/3241/3168 2949/3242/3169 2950/3243/3170
f 2950/3243/3170 2949/3242/3169 2970/3244/3171
f 2950/3243/3170 2970/3244/3171 2971/3245/3172
f 2971/3245/3172 2970/3244/3171 1517/3246/3173
f 2971/3245/3172 1517/3246/3173 2972/3247/3174
f 2972/3247/3174 1517/3246/3173 2973/3248/3175
f 2972/3247/3174 2973/3248/3175 2952/3249/3176
f 2952/3249/3176 2973/3248/3175 2953/3250/3177
f 2952/3249/3176 2953/3250/3177 2933/3251/3178
f 2933/3251/3178 2953/3250/3177 2934/3252/3179
f 2933/3251/3178 2934/3252/3179 2914/3253/3180
f 2914/3253/3180 2934/3252/3179 1616/3254/3181
f 2914/3253/3180 1616/3254/3181 1615/3255/3182
f 2557/3256/3183 2875/3257/3184 1573/3233/3160
f 1573/3233/3160 2875/3257/3184 2876/3258/3185
f 1573/3233/3160 2876/3258/3185 2877/3259/3186
f 2877/3259/3186 2876/3258/3185 2897/3260/3187
f 2877/3259/3186 2897/3260/3187 2898/3261/3188
f 2898/3261/3188 2897/3260/3187 2917/3262/3189
f 2898/3261/3188 2917/3262/3189 2918/3263/3190
f 2918/3263/3190 2917/3262/3189 2937/3264/3191
f 2918/3263/3190 2937/3264/3191 2938/3265/3192
f 2938/3265/3192 2937/3264/3191 2958/3266/3193
f 2938/3265/3192 2958/3266/3193 2959/3267/3194
f 2959/3267/3194 2958/3266/3193 2552/3268/2799
f 2959/3267/3194 2552/3268/2799 2960/3269/3195
f 2960/3269/3195 2552/3268/2799 2961/3270/3196
f 2960/3269/3195 2961/3270/3196 2940/3271/3197
f 2940/3271/3197 2961/3270/3196 2941/3272/3198
f 2940/3271/3197 2941/3272/3198 2921/3273/3199
f 2921/3273/3199 2941/3272/3198 2922/3274/3200
f 2921/3273/3199 2922/3274/3200 2902/3275/3201
f 2902/3275/3201 2922/3274/3200 2903/3276/3202
f 2902/3275/3201 2903/3276/3202 2882/3277/3203
f 2882/3277/3203 2903/3276/3202 2883/3278/3204
f 2882/3277/3203 2883/3278/3204 1573/3233/3160
f 1573/3233/3160 2883/3278/3204 2884/3279/3205
f 1573/3233/3160 2884/3279/3205 2885/3280/3206
f 2885/3280/3206 2884/3279/3205 2905/3281/3207
f 2885/3280/3206 2905/3281/3207 2906/3282/3208
f 2906/3282/3208 2905/3281/3207 2925/3283/3209
f 2906/3282/3208 2925/3283/3209 2926/3284/3210
f 2926/3284/3210 2925/3283/3209 2945/3285/3211
f 2926/3284/3210 2945/3285/3211 2946/3286/3212
f 2946/3286/3212 2945/3285/3211 2966/3287/3213
f 2946/3286/3212 2966/3287/3213 2967/3288/3214
f 2967/3288/3214 2966/3287/3213 1517/3246/3173
f 2967/3288/3214 1517/3246/3173 2968/3289/3215
f 2968/3289/3215 1517/3246/3173 2969/3290/3216
f 2968/3289/3215 2969/3290/3216 2948/3291/3217
f 2948/3291/3217 2969/3290/3216 2949/3242/3169
f 2948/3291/3217 2949/3242/3169 2929/3240/3167
f 2875/3257/3184 2557/3256/3183 2895/3292/3218
f 2895/3292/3218 2557/3256/3183 2556/3293/3219
f 2895/3292/3218 2556/3293/3219 2555/3294/3220
f 2895/3292/3218 2555/3294/3220 2915/3295/3221
f 2915/3295/3221 2555/3294/3220 2554/3296/3222
f 2915/3295/3221 2554/3296/3222 2935/3297/3223
f 2935/3297/3223 2554/3296/3222 2955/3298/3224
f 2935/3297/3223 2955/3298/3224 2956/3299/3225
f 2956/3299/3225 2955/3298/3224 2552/3268/2799
f 2956/3299/3225 2552/3268/2799 2957/3300/3226
f 2957/3300/3226 2552/3268/2799 2958/3266/3193
f 2957/3300/3226 2958/3266/3193 2937/3264/3191
f 2554/3296/3222 2553/3301/3227 2955/3298/3224
f 2955/3298/3224 2553/3301/3227 2552/3268/2799
f 1517/3246/3173 2964/3302/3228 2552/3268/2799
f 2552/3268/2799 2964/3302/3228 2963/3303/3229
f 2552/3268/2799 2963/3303/3229 2962/3304/3230
f 2962/3304/3230 2963/3303/3229 2942/3305/3231
f 2962/3304/3230 2942/3305/3231 2941/3272/3198
f 2941/3272/3198 2942/3305/3231 2922/3274/3200
f 2973/3248/3175 1517/3246/3173 2974/3306/3232
f 2974/3306/3232 1517/3246/3173 1620/3307/3233
f 2974/3306/3232 1620/3307/3233 1619/3308/3234
f 2974/3306/3232 1619/3308/3234 2954/3309/3235
f 2954/3309/3235 1619/3308/3234 1618/3310/3236
f 2954/3309/3235 1618/3310/3236 2934/3252/3179
f 2934/3252/3179 1618/3310/3236 1617/3311/3237
f 2934/3252/3179 1617/3311/3237 1616/3254/3181
f 2914/3253/3180 1615/3255/3182 2894/3312/3238
f 2894/3312/3238 1615/3255/3182 1614/3235/3162
f 2894/3312/3238 1614/3235/3162 2893/3313/3239
f 2893/3313/3239 1614/3235/3162 2892/3314/3240
f 2893/3313/3239 2892/3314/3240 2913/3315/3241
f 2913/3315/3241 2892/3314/3240 2912/3316/3242
f 2913/3315/3241 2912/3316/3242 2932/3317/3243
f 2932/3317/3243 2912/3316/3242 2931/3318/3244
f 2932/3317/3243 2931/3318/3244 2951/3319/3245
f 2951/3319/3245 2931/3318/3244 2950/3243/3170
f 2951/3319/3245 2950/3243/3170 2971/3245/3172
f 2876/3258/3185 2875/3257/3184 2896/3320/3246
f 2896/3320/3246 2875/3257/3184 2895/3292/3218
f 2896/3320/3246 2895/3292/3218 2915/3295/3221
f 2877/3259/3186 2878/3321/3247 1573/3233/3160
f 1573/3233/3160 2878/3321/3247 2879/3322/3248
f 1573/3233/3160 2879/3322/3248 2880/3323/3249
f 2880/3323/3249 2879/3322/3248 2900/3324/3250
f 2880/3323/3249 2900/3324/3250 2901/3325/3251
f 2901/3325/3251 2900/3324/3250 2920/3326/3252
f 2901/3325/3251 2920/3326/3252 2921/3273/3199
f 2921/3273/3199 2920/3326/3252 2940/3271/3197
f 2877/3259/3186 2898/3261/3188 2878/3321/3247
f 2878/3321/3247 2898/3261/3188 2899/3327/3253
f 2878/3321/3247 2899/3327/3253 2879/3322/3248
f 2879/3322/3248 2899/3327/3253 2900/3324/3250
f 2882/3277/3203 1573/3233/3160 2881/3328/3254
f 2881/3328/3254 1573/3233/3160 2880/3323/3249
f 2881/3328/3254 2880/3323/3249 2901/3325/3251
f 2902/3275/3201 2882/3277/3203 2881/3328/3254
f 2902/3275/3201 2881/3328/3254 2901/3325/3251
f 2884/3279/3205 2883/3278/3204 2904/3329/3255
f 2904/3329/3255 2883/3278/3204 2903/3276/3202
f 2904/3329/3255 2903/3276/3202 2923/3330/3256
f 2923/3330/3256 2903/3276/3202 2922/3274/3200
f 2923/3330/3256 2922/3274/3200 2942/3305/3231
f 2885/3280/3206 2886/3331/3257 1573/3233/3160
f 1573/3233/3160 2886/3331/3257 2887/3332/3258
f 1573/3233/3160 2887/3332/3258 2888/3236/3163
f 2888/3236/3163 2887/3332/3258 2908/3333/3259
f 2888/3236/3163 2908/3333/3259 2909/3238/3165
f 2909/3238/3165 2908/3333/3259 2928/3334/3260
f 2909/3238/3165 2928/3334/3260 2929/3240/3167
f 2929/3240/3167 2928/3334/3260 2948/3291/3217
f 2885/3280/3206 2906/3282/3208 2886/3331/3257
f 2886/3331/3257 2906/3282/3208 2907/3335/3261
f 2886/3331/3257 2907/3335/3261 2887/3332/3258
f 2887/3332/3258 2907/3335/3261 2908/3333/3259
f 2889/3237/3164 2890/3336/3262 1614/3235/3162
f 1614/3235/3162 2890/3336/3262 2891/3337/3263
f 1614/3235/3162 2891/3337/3263 2892/3314/3240
f 2892/3314/3240 2891/3337/3263 2912/3316/3242
f 2889/3237/3164 2910/3239/3166 2890/3336/3262
f 2890/3336/3262 2910/3239/3166 2911/3338/3264
f 2890/3336/3262 2911/3338/3264 2891/3337/3263
f 2891/3337/3263 2911/3338/3264 2912/3316/3242
f 2914/3253/3180 2894/3312/3238 2893/3313/3239
f 2914/3253/3180 2893/3313/3239 2913/3315/3241
f 2876/3258/3185 2896/3320/3246 2897/3260/3187
f 2897/3260/3187 2896/3320/3246 2916/3339/3265
f 2897/3260/3187 2916/3339/3265 2917/3262/3189
f 2917/3262/3189 2916/3339/3265 2936/3340/3266
f 2917/3262/3189 2936/3340/3266 2937/3264/3191
f 2937/3264/3191 2936/3340/3266 2957/3300/3226
f 2916/3339/3265 2896/3320/3246 2915/3295/3221
f 2898/3261/3188 2918/3263/3190 2899/3327/3253
f 2899/3327/3253 2918/3263/3190 2919/3341/3267
f 2899/3327/3253 2919/3341/3267 2900/3324/3250
f 2900/3324/3250 2919/3341/3267 2920/3326/3252
f 2921/3273/3199 2902/3275/3201 2901/3325/3251
f 2884/3279/3205 2904/3329/3255 2905/3281/3207
f 2905/3281/3207 2904/3329/3255 2924/3342/3268
f 2905/3281/3207 2924/3342/3268 2925/3283/3209
f 2925/3283/3209 2924/3342/3268 2944/3343/3269
f 2925/3283/3209 2944/3343/3269 2945/3285/3211
f 2945/3285/3211 2944/3343/3269 2965/3344/3270
f 2945/3285/3211 2965/3344/3270 2966/3287/3213
f 2966/3287/3213 2965/3344/3270 1517/3246/3173
f 2924/3342/3268 2904/3329/3255 2923/3330/3256
f 2906/3282/3208 2926/3284/3210 2907/3335/3261
f 2907/3335/3261 2926/3284/3210 2927/3345/3271
f 2907/3335/3261 2927/3345/3271 2908/3333/3259
f 2908/3333/3259 2927/3345/3271 2928/3334/3260
f 2931/3318/3244 2912/3316/3242 2911/3338/3264
f 2931/3318/3244 2911/3338/3264 2930/3241/3168
f 2930/3241/3168 2911/3338/3264 2910/3239/3166
f 2933/3251/3178 2914/3253/3180 2913/3315/3241
f 2933/3251/3178 2913/3315/3241 2932/3317/3243
f 2936/3340/3266 2916/3339/3265 2935/3297/3223
f 2935/3297/3223 2916/3339/3265 2915/3295/3221
f 2918/3263/3190 2938/3265/3192 2919/3341/3267
f 2919/3341/3267 2938/3265/3192 2939/3346/3272
f 2919/3341/3267 2939/3346/3272 2920/3326/3252
f 2920/3326/3252 2939/3346/3272 2940/3271/3197
f 2924/3342/3268 2923/3330/3256 2943/3347/3273
f 2943/3347/3273 2923/3330/3256 2942/3305/3231
f 2943/3347/3273 2942/3305/3231 2963/3303/3229
f 2926/3284/3210 2946/3286/3212 2927/3345/3271
f 2927/3345/3271 2946/3286/3212 2947/3348/3274
f 2927/3345/3271 2947/3348/3274 2928/3334/3260
f 2928/3334/3260 2947/3348/3274 2948/3291/3217
f 2950/3243/3170 2931/3318/3244 2930/3241/3168
f 2952/3249/3176 2933/3251/3178 2932/3317/3243
f 2952/3249/3176 2932/3317/3243 2951/3319/3245
f 2954/3309/3235 2934/3252/3179 2953/3250/3177
f 2957/3300/3226 2936/3340/3266 2956/3299/3225
f 2956/3299/3225 2936/3340/3266 2935/3297/3223
f 2960/3269/3195 2940/3271/3197 2939/3346/3272
f 2960/3269/3195 2939/3346/3272 2959/3267/3194
f 2959/3267/3194 2939/3346/3272 2938/3265/3192
f 2962/3304/3230 2941/3272/3198 2961/3270/3196
f 2924/3342/3268 2943/3347/3273 2944/3343/3269
f 2944/3343/3269 2943/3347/3273 2964/3302/3228
f 2944/3343/3269 2964/3302/3228 2965/3344/3270
f 2965/3344/3270 2964/3302/3228 1517/3246/3173
f 2964/3302/3228 2943/3347/3273 2963/3303/3229
f 2968/3289/3215 2948/3291/3217 2947/3348/3274
f 2968/3289/3215 2947/3348/3274 2967/3288/3214
f 2967/3288/3214 2947/3348/3274 2946/3286/3212
f 2970/3244/3171 2949/3242/3169 2969/3290/3216
f 2972/3247/3174 2952/3249/3176 2951/3319/3245
f 2972/3247/3174 2951/3319/3245 2971/3245/3172
f 2974/3306/3232 2954/3309/3235 2953/3250/3177
f 2974/3306/3232 2953/3250/3177 2973/3248/3175
f 2552/3268/2799 2962/3304/3230 2961/3270/3196
f 1517/3246/3173 2970/3244/3171 2969/3290/3216
f 2975/3349/3275 2976/3350/3276 2990/3351/3277
f 2990/3351/3277 2976/3350/3276 2995/3352/3278
f 2990/3351/3277 2995/3352/3278 2989/3353/3279
f 2989/3353/3279 2995/3352/3278 2996/3354/3280
f 2989/3353/3279 2996/3354/3280 2988/3355/3281
f 2988/3355/3281 2996/3354/3280 2997/3356/3282
f 2988/3355/3281 2997/3356/3282 2987/3357/3283
f 2987/3357/3283 2997/3356/3282 2998/3358/3284
f 2987/3357/3283 2998/3358/3284 2986/3359/3285
f 2986/3359/3285 2998/3358/3284 2999/3360/3286
f 2986/3359/3285 2999/3360/3286 2985/3361/3287
f 2985/3361/3287 2999/3360/3286 3000/3362/3288
f 2985/3361/3287 3000/3362/3288 2984/3363/3289
f 2984/3363/3289 3000/3362/3288 3001/3364/3290
f 2984/3363/3289 3001/3364/3290 2983/3365/3291
f 2983/3365/3291 3001/3364/3290 1566/3366/3292
f 2983/3365/3291 1566/3366/3292 1565/3367/1727
f 2976/3350/3276 2977/3368/3293 2995/3352/3278
f 2995/3352/3278 2977/3368/3293 3002/3369/3294
f 2995/3352/3278 3002/3369/3294 3003/3370/3295
f 3003/3370/3295 3002/3369/3294 3010/3371/3296
f 3003/3370/3295 3010/3371/3296 3011/3372/3297
f 3011/3372/3297 3010/3371/3296 3018/3373/3298
f 3011/3372/3297 3018/3373/3298 3019/3374/3299
f 3019/3374/3299 3018/3373/3298 3026/3375/3300
f 3019/3374/3299 3026/3375/3300 3027/3376/3301
f 3027/3376/3301 3026/3375/3300 3034/3377/3302
f 3027/3376/3301 3034/3377/3302 3035/3378/3303
f 3035/3378/3303 3034/3377/3302 3070/3379/3304
f 3035/3378/3303 3070/3379/3304 2991/3380/3305
f 2991/3380/3305 3070/3379/3304 3044/3381/3306
f 2991/3380/3305 3044/3381/3306 1572/3382/1713
f 1572/3382/1713 3044/3381/3306 3043/3383/3307
f 1572/3382/1713 3043/3383/3307 2993/3384/3308
f 2993/3384/3308 3043/3383/3307 3042/3385/3309
f 2993/3384/3308 3042/3385/3309 3065/3386/3310
f 3065/3386/3310 3042/3385/3309 3041/3387/3311
f 3065/3386/3310 3041/3387/3311 3066/3388/3312
f 3066/3388/3312 3041/3387/3311 3040/3389/3313
f 3066/3388/3312 3040/3389/3313 3067/3390/3314
f 3067/3390/3314 3040/3389/3313 3039/3391/3315
f 3067/3390/3314 3039/3391/3315 3068/3392/3316
f 3068/3392/3316 3039/3391/3315 3038/3393/3317
f 3068/3392/3316 3038/3393/3317 3069/3394/3318
f 3069/3394/3318 3038/3393/3317 3037/3395/3319
f 3069/3394/3318 3037/3395/3319 3064/3396/3320
f 3064/3396/3320 3037/3395/3319 2982/3397/3321
f 3064/3396/3320 2982/3397/3321 2548/3398/3322
f 2977/3368/3293 2978/3399/3323 3002/3369/3294
f 3002/3369/3294 2978/3399/3323 3009/3400/3324
f 3002/3369/3294 3009/3400/3324 3010/3371/3296
f 3010/3371/3296 3009/3400/3324 3017/3401/3325
f 3010/3371/3296 3017/3401/3325 3018/3373/3298
f 3018/3373/3298 3017/3401/3325 3025/3402/3326
f 3018/3373/3298 3025/3402/3326 3026/3375/3300
f 3026/3375/3300 3025/3402/3326 3033/3403/3327
f 3026/3375/3300 3033/3403/3327 3034/3377/3302
f 3034/3377/3302 3033/3403/3327 3071/3404/3328
f 3034/3377/3302 3071/3404/3328 3070/3379/3304
f 3070/3379/3304 3071/3404/3328 3045/3405/3329
f 3070/3379/3304 3045/3405/3329 3044/3381/3306
f 3044/3381/3306 3045/3405/3329 3043/3383/3307
f 2978/3399/3323 2979/3406/3330 3009/3400/3324
f 3009/3400/3324 2979/3406/3330 3016/3407/3331
f 3009/3400/3324 3016/3407/3331 3017/3401/3325
f 3017/3401/3325 3016/3407/3331 3024/3408/3332
f 3017/3401/3325 3024/3408/3332 3025/3402/3326
f 3025/3402/3326 3024/3408/3332 3032/3409/3333
f 3025/3402/3326 3032/3409/3333 3033/3403/3327
f 3033/3403/3327 3032/3409/3333 3072/3410/3334
f 3033/3403/3327 3072/3410/3334 3071/3404/3328
f 3071/3404/3328 3072/3410/3334 3046/3411/3335
f 3071/3404/3328 3046/3411/3335 3045/3405/3329
f 3045/3405/3329 3046/3411/3335 3042/3385/3309
f 3045/3405/3329 3042/3385/3309 3043/3383/3307
f 2979/3406/3330 2980/3412/3336 3016/3407/3331
f 3016/3407/3331 2980/3412/3336 3023/3413/3337
f 3016/3407/3331 3023/3413/3337 3024/3408/3332
f 3024/3408/3332 3023/3413/3337 3031/3414/3338
f 3024/3408/3332 3031/3414/3338 3032/3409/3333
f 3032/3409/3333 3031/3414/3338 3073/3415/3339
f 3032/3409/3333 3073/3415/3339 3072/3410/3334
f 3072/3410/3334 3073/3415/3339 3047/3416/3340
f 3072/3410/3334 3047/3416/3340 3046/3411/3335
f 3046/3411/3335 3047/3416/3340 3041/3387/3311
f 3046/3411/3335 3041/3387/3311 3042/3385/3309
f 2980/3412/3336 2981/3417/3341 3023/3413/3337
f 3023/3413/3337 2981/3417/3341 3030/3418/3342
f 3023/3413/3337 3030/3418/3342 3031/3414/3338
f 3031/3414/3338 3030/3418/3342 3074/3419/3343
f 3031/3414/3338 3074/3419/3343 3073/3415/3339
f 3073/3415/3339 3074/3419/3343 3048/3420/3344
f 3073/3415/3339 3048/3420/3344 3047/3416/3340
f 3047/3416/3340 3048/3420/3344 3040/3389/3313
f 3047/3416/3340 3040/3389/3313 3041/3387/3311
f 3030/3418/3342 2981/3417/3341 2992/3421/3345
f 2992/3421/3345 2981/3417/3341 2982/3397/3321
f 2992/3421/3345 2982/3397/3321 3050/3422/3346
f 3050/3422/3346 2982/3397/3321 3037/3395/3319
f 3050/3422/3346 3037/3395/3319 3038/3393/3317
f 2547/3423/3347 3057/3424/3348 2548/3398/3322
f 2548/3398/3322 3057/3424/3348 2994/3425/3349
f 2548/3398/3322 2994/3425/3349 3064/3396/3320
f 3064/3396/3320 2994/3425/3349 3063/3426/3350
f 3064/3396/3320 3063/3426/3350 3069/3394/3318
f 3069/3394/3318 3063/3426/3350 3062/3427/3351
f 3069/3394/3318 3062/3427/3351 3068/3392/3316
f 3068/3392/3316 3062/3427/3351 3061/3428/3352
f 3068/3392/3316 3061/3428/3352 3067/3390/3314
f 3067/3390/3314 3061/3428/3352 3060/3429/3353
f 3067/3390/3314 3060/3429/3353 3066/3388/3312
f 3066/3388/3312 3060/3429/3353 3059/3430/3354
f 3066/3388/3312 3059/3430/3354 3065/3386/3310
f 3065/3386/3310 3059/3430/3354 3058/3431/3355
f 3065/3386/3310 3058/3431/3355 2993/3384/3308
f 2993/3384/3308 3058/3431/3355 1573/3432/1714
f 2993/3384/3308 1573/3432/1714 1572/3382/1713
f 3057/3424/3348 2547/3423/3347 3056/3433/3356
f 3056/3433/3356 2547/3423/3347 2546/3434/3357
f 3056/3433/3356 2546/3434/3357 3055/3435/3358
f 3055/3435/3358 2546/3434/3357 2545/3436/3359
f 3055/3435/3358 2545/3436/3359 3054/3437/3360
f 3054/3437/3360 2545/3436/3359 2544/3438/3361
f 3054/3437/3360 2544/3438/3361 3053/3439/3362
f 3053/3439/3362 2544/3438/3361 3052/3440/3363
f 3053/3439/3362 3052/3440/3363 3060/3429/3353
f 3060/3429/3353 3052/3440/3363 3059/3430/3354
f 2544/3438/3361 2543/3441/3364 3052/3440/3363
f 3052/3440/3363 2543/3441/3364 3051/3442/3365
f 3052/3440/3363 3051/3442/3365 3059/3430/3354
f 3059/3430/3354 3051/3442/3365 3058/3431/3355
f 2543/3441/3364 1573/3432/1714 3051/3442/3365
f 3051/3442/3365 1573/3432/1714 3058/3431/3355
f 1572/3382/1713 1571/3443/1712 2991/3380/3305
f 2991/3380/3305 1571/3443/1712 3036/3444/3366
f 2991/3380/3305 3036/3444/3366 3035/3378/3303
f 3035/3378/3303 3036/3444/3366 3028/3445/3367
f 3035/3378/3303 3028/3445/3367 3027/3376/3301
f 3027/3376/3301 3028/3445/3367 3020/3446/3368
f 3027/3376/3301 3020/3446/3368 3019/3374/3299
f 3019/3374/3299 3020/3446/3368 3012/3447/3369
f 3019/3374/3299 3012/3447/3369 3011/3372/3297
f 3011/3372/3297 3012/3447/3369 3004/3448/3370
f 3011/3372/3297 3004/3448/3370 3003/3370/3295
f 3003/3370/3295 3004/3448/3370 2996/3354/3280
f 3003/3370/3295 2996/3354/3280 2995/3352/3278
f 3036/3444/3366 1571/3443/1712 3029/3449/3371
f 3029/3449/3371 1571/3443/1712 1570/3450/1711
f 3029/3449/3371 1570/3450/1711 3022/3451/3372
f 3022/3451/3372 1570/3450/1711 1569/3452/1731
f 3022/3451/3372 1569/3452/1731 3015/3453/3373
f 3015/3453/3373 1569/3452/1731 1568/3454/1730
f 3015/3453/3373 1568/3454/1730 3008/3455/3374
f 3008/3455/3374 1568/3454/1730 1567/3456/1729
f 3008/3455/3374 1567/3456/1729 3001/3364/3290
f 3001/3364/3290 1567/3456/1729 1566/3366/3292
f 1565/3367/1727 1564/3457/3375 2983/3365/3291
f 2996/3354/3280 3004/3448/3370 2997/3356/3282
f 2997/3356/3282 3004/3448/3370 3005/3458/3376
f 2997/3356/3282 3005/3458/3376 2998/3358/3284
f 2998/3358/3284 3005/3458/3376 3006/3459/3377
f 2998/3358/3284 3006/3459/3377 2999/3360/3286
f 2999/3360/3286 3006/3459/3377 3007/3460/3378
f 2999/3360/3286 3007/3460/3378 3000/3362/3288
f 3000/3362/3288 3007/3460/3378 3008/3455/3374
f 3000/3362/3288 3008/3455/3374 3001/3364/3290
f 3004/3448/3370 3012/3447/3369 3005/3458/3376
f 3005/3458/3376 3012/3447/3369 3013/3461/3379
f 3005/3458/3376 3013/3461/3379 3006/3459/3377
f 3006/3459/3377 3013/3461/3379 3014/3462/3380
f 3006/3459/3377 3014/3462/3380 3007/3460/3378
f 3007/3460/3378 3014/3462/3380 3015/3453/3373
f 3007/3460/3378 3015/3453/3373 3008/3455/3374
f 3012/3447/3369 3020/3446/3368 3013/3461/3379
f 3013/3461/3379 3020/3446/3368 3021/3463/3381
f 3013/3461/3379 3021/3463/3381 3014/3462/3380
f 3014/3462/3380 3021/3463/3381 3022/3451/3372
f 3014/3462/3380 3022/3451/3372 3015/3453/3373
f 3029/3449/3371 3022/3451/3372 3021/3463/3381
f 3029/3449/3371 3021/3463/3381 3028/3445/3367
f 3028/3445/3367 3021/3463/3381 3020/3446/3368
f 3036/3444/3366 3029/3449/3371 3028/3445/3367
f 3038/3393/3317 3039/3391/3315 3049/3464/3382
f 3049/3464/3382 3039/3391/3315 3048/3420/3344
f 3049/3464/3382 3048/3420/3344 3074/3419/3343
f 3039/3391/3315 3040/3389/3313 3048/3420/3344
f 2992/3421/3345 3050/3422/3346 3049/3464/3382
f 3049/3464/3382 3050/3422/3346 3038/3393/3317
f 2992/3421/3345 3049/3464/3382 3074/3419/3343
f 3060/3429/3353 3061/3428/3352 3053/3439/3362
f 3053/3439/3362 3061/3428/3352 3054/3437/3360
f 3061/3428/3352 3062/3427/3351 3054/3437/3360
f 3054/3437/3360 3062/3427/3351 3055/3435/3358
f 2994/3425/3349 3057/3424/3348 3056/3433/3356
f 3062/3427/3351 3063/3426/3350 3055/3435/3358
f 3055/3435/3358 3063/3426/3350 3056/3433/3356
f 3063/3426/3350 2994/3425/3349 3056/3433/3356
f 3030/3418/3342 2992/3421/3345 3074/3419/3343
f 2373/3465/3383 3088/3466/3384 1562/3467/3385
f 1562/3467/3385 3088/3466/3384 3087/3468/3386
f 1562/3467/3385 3087/3468/3386 3076/3469/3387
f 3076/3469/3387 3087/3468/3386 3086/3470/3388
f 3076/3469/3387 3086/3470/3388 3099/3471/3389
f 3099/3471/3389 3086/3470/3388 3085/3472/3390
f 3099/3471/3389 3085/3472/3390 3098/3473/3391
f 3098/3473/3391 3085/3472/3390 3084/3474/3392
f 3098/3473/3391 3084/3474/3392 3097/3475/3393
f 3097/3475/3393 3084/3474/3392 3083/3476/3394
f 3097/3475/3393 3083/3476/3394 3096/3477/3395
f 3096/3477/3395 3083/3476/3394 3082/3478/3396
f 3096/3477/3395 3082/3478/3396 3095/3479/3397
f 3095/3479/3397 3082/3478/3396 3081/3480/3398
f 3095/3479/3397 3081/3480/3398 3094/3481/3399
f 3094/3481/3399 3081/3480/3398 3075/3482/3400
f 3094/3481/3399 3075/3482/3400 3079/3483/3401
f 3079/3483/3401 3075/3482/3400 2975/3484/3402
f 3079/3483/3401 2975/3484/3402 3080/3485/3403
f 3080/3485/3403 2975/3484/3402 2990/3486/3404
f 3080/3485/3403 2990/3486/3404 2989/3487/3405
f 2373/3465/3383 2372/3488/3406 3088/3466/3384
f 3088/3466/3384 2372/3488/3406 3089/3489/3407
f 3088/3466/3384 3089/3489/3407 3087/3468/3386
f 3087/3468/3386 3089/3489/3407 3086/3470/3388
f 3089/3489/3407 2372/3488/3406 3090/3490/3408
f 3090/3490/3408 2372/3488/3406 2371/3491/3409
f 3090/3490/3408 2371/3491/3409 3091/3492/3410
f 3091/3492/3410 2371/3491/3409 2370/3493/3411
f 3091/3492/3410 2370/3493/3411 3092/3494/3412
f 3092/3494/3412 2370/3493/3411 2369/3495/3413
f 3092/3494/3412 2369/3495/3413 3093/3496/3414
f 3093/3496/3414 2369/3495/3413 2368/3497/3415
f 3093/3496/3414 2368/3497/3415 3077/3498/3416
f 3077/3498/3416 2368/3497/3415 2367/3499/3417
f 3077/3498/3416 2367/3499/3417 2366/3500/3418
f 2366/3500/3418 3075/3482/3400 3077/3498/3416
f 3077/3498/3416 3075/3482/3400 3081/3480/3398
f 3077/3498/3416 3081/3480/3398 3082/3478/3396
f 2988/3501/3419 3110/3502/3420 2989/3487/3405
f 2989/3487/3405 3110/3502/3420 3104/3503/3421
f 2989/3487/3405 3104/3503/3421 3080/3485/3403
f 3080/3485/3403 3104/3503/3421 3079/3483/3401
f 2987/3504/3422 3109/3505/3423 2988/3501/3419
f 2988/3501/3419 3109/3505/3423 3103/3506/3424
f 2988/3501/3419 3103/3506/3424 3104/3503/3421
f 3104/3503/3421 3103/3506/3424 3116/3507/3425
f 3104/3503/3421 3116/3507/3425 3079/3483/3401
f 3079/3483/3401 3116/3507/3425 3094/3481/3399
f 2986/3508/3426 3108/3509/3427 2987/3504/3422
f 2987/3504/3422 3108/3509/3427 3102/3510/3428
f 2987/3504/3422 3102/3510/3428 3103/3506/3424
f 3103/3506/3424 3102/3510/3428 3115/3511/3429
f 3103/3506/3424 3115/3511/3429 3116/3507/3425
f 3116/3507/3425 3115/3511/3429 3095/3479/3397
f 3116/3507/3425 3095/3479/3397 3094/3481/3399
f 2985/3512/3430 3105/3513/3431 2986/3508/3426
f 2986/3508/3426 3105/3513/3431 3101/3514/3432
f 2986/3508/3426 3101/3514/3432 3102/3510/3428
f 3102/3510/3428 3101/3514/3432 3114/3515/3433
f 3102/3510/3428 3114/3515/3433 3115/3511/3429
f 3115/3511/3429 3114/3515/3433 3096/3477/3395
f 3115/3511/3429 3096/3477/3395 3095/3479/3397
f 3105/3513/3431 2985/3512/3430 3106/3516/3434
f 3106/3516/3434 2985/3512/3430 2984/3517/3435
f 3106/3516/3434 2984/3517/3435 3107/3518/3436
f 3107/3518/3436 2984/3517/3435 2983/3519/3437
f 3107/3518/3436 2983/3519/3437 3078/3520/3438
f 3078/3520/3438 2983/3519/3437 1563/3521/1725
f 3078/3520/3438 1563/3521/1725 3111/3522/3439
f 3111/3522/3439 1563/3521/1725 3076/3469/3387
f 3111/3522/3439 3076/3469/3387 3099/3471/3389
f 2983/3519/3437 1564/3523/1726 1563/3521/1725
f 1563/3521/1725 1562/3467/3385 3076/3469/3387
f 3093/3496/3414 3077/3498/3416 3082/3478/3396
f 3092/3494/3412 3093/3496/3414 3083/3476/3394
f 3083/3476/3394 3093/3496/3414 3082/3478/3396
f 3091/3492/3410 3092/3494/3412 3084/3474/3392
f 3084/3474/3392 3092/3494/3412 3083/3476/3394
f 3090/3490/3408 3091/3492/3410 3085/3472/3390
f 3085/3472/3390 3091/3492/3410 3084/3474/3392
f 3089/3489/3407 3090/3490/3408 3086/3470/3388
f 3086/3470/3388 3090/3490/3408 3085/3472/3390
f 3096/3477/3395 3114/3515/3433 3097/3475/3393
f 3097/3475/3393 3114/3515/3433 3113/3524/3440
f 3097/3475/3393 3113/3524/3440 3098/3473/3391
f 3098/3473/3391 3113/3524/3440 3112/3525/3441
f 3098/3473/3391 3112/3525/3441 3099/3471/3389
f 3099/3471/3389 3112/3525/3441 3111/3522/3439
f 3106/3516/3434 3107/3518/3436 3100/3526/3442
f 3100/3526/3442 3107/3518/3436 3078/3520/3438
f 3100/3526/3442 3078/3520/3438 3112/3525/3441
f 3112/3525/3441 3078/3520/3438 3111/3522/3439
f 3105/3513/3431 3106/3516/3434 3101/3514/3432
f 3101/3514/3432 3106/3516/3434 3100/3526/3442
f 3101/3514/3432 3100/3526/3442 3113/3524/3440
f 3113/3524/3440 3100/3526/3442 3112/3525/3441
f 3108/3509/3427 2986/3508/3426 3102/3510/3428
f 3114/3515/3433 3101/3514/3432 3113/3524/3440
f 3109/3505/3423 2987/3504/3422 3103/3506/3424
f 3110/3502/3420 2988/3501/3419 3104/3503/3421
f 3118/3527/3443 3134/3528/3444 3117/3529/3445
f 3117/3529/3445 3134/3528/3444 3135/3530/3446
f 3117/3529/3445 3135/3530/3446 3136/3531/3447
f 3136/3531/3447 3135/3530/3446 3161/3532/3448
f 3136/3531/3447 3161/3532/3448 3162/3533/3449
f 3162/3533/3449 3161/3532/3448 3187/3534/3450
f 3162/3533/3449 3187/3534/3450 3188/3535/3451
f 3188/3535/3451 3187/3534/3450 3213/3536/3452
f 3188/3535/3451 3213/3536/3452 3214/3537/3453
f 3214/3537/3453 3213/3536/3452 3239/3538/3454
f 3214/3537/3453 3239/3538/3454 3240/3539/3455
f 3240/3539/3455 3239/3538/3454 3126/3540/3456
f 3240/3539/3455 3126/3540/3456 3241/3541/3457
f 3241/3541/3457 3126/3540/3456 3242/3542/3458
f 3241/3541/3457 3242/3542/3458 3216/3543/3459
f 3216/3543/3459 3242/3542/3458 3217/3544/3460
f 3216/3543/3459 3217/3544/3460 3191/3545/3461
f 3191/3545/3461 3217/3544/3460 3192/3546/3462
f 3191/3545/3461 3192/3546/3462 3166/3547/3463
f 3166/3547/3463 3192/3546/3462 3167/3548/3464
f 3166/3547/3463 3167/3548/3464 3141/3549/3465
f 3141/3549/3465 3167/3548/3464 3142/3550/3466
f 3141/3549/3465 3142/3550/3466 3117/3529/3445
f 3117/3529/3445 3142/3550/3466 3143/3551/3467
f 3117/3529/3445 3143/3551/3467 3144/3552/3468
f 3144/3552/3468 3143/3551/3467 3169/3553/3469
f 3144/3552/3468 3169/3553/3469 3170/3554/3470
f 3170/3554/3470 3169/3553/3469 3195/3555/3471
f 3170/3554/3470 3195/3555/3471 3196/3556/3472
f 3196/3556/3472 3195/3555/3471 3221/3557/3473
f 3196/3556/3472 3221/3557/3473 3222/3558/3474
f 3222/3558/3474 3221/3557/3473 3247/3559/3475
f 3222/3558/3474 3247/3559/3475 3248/3560/3476
f 3248/3560/3476 3247/3559/3475 3127/3561/3477
f 3248/3560/3476 3127/3561/3477 3249/3562/3478
f 3249/3562/3478 3127/3561/3477 3250/3563/3479
f 3249/3562/3478 3250/3563/3479 3224/3564/3480
f 3224/3564/3480 3250/3563/3479 3225/3565/3481
f 3224/3564/3480 3225/3565/3481 3199/3566/3482
f 3199/3566/3482 3225/3565/3481 3200/3567/3483
f 3199/3566/3482 3200/3567/3483 3174/3568/3484
f 3174/3568/3484 3200/3567/3483 3175/3569/3485
f 3174/3568/3484 3175/3569/3485 3149/3570/3486
f 3149/3570/3486 3175/3569/3485 3150/3571/3487
f 3149/3570/3486 3150/3571/3487 3133/3572/3488
f 3133/3572/3488 3150/3571/3487 3151/3573/3489
f 3133/3572/3488 3151/3573/3489 3152/3574/3490
f 3152/3574/3490 3151/3573/3489 3177/3575/3491
f 3152/3574/3490 3177/3575/3491 3178/3576/3492
f 3178/3576/3492 3177/3575/3491 3203/3577/3493
f 3178/3576/3492 3203/3577/3493 3204/3578/3494
f 3204/3578/3494 3203/3577/3493 3229/3579/3495
f 3204/3578/3494 3229/3579/3495 3230/3580/3496
f 3230/3580/3496 3229/3579/3495 3255/3581/3497
f 3230/3580/3496 3255/3581/3497 3256/3582/3498
f 3256/3582/3498 3255/3581/3497 3127/3561/3477
f 3256/3582/3498 3127/3561/3477 3257/3583/3499
f 3257/3583/3499 3127/3561/3477 3258/3584/3500
f 3257/3583/3499 3258/3584/3500 3232/3585/3501
f 3232/3585/3501 3258/3584/3500 3233/3586/3502
f 3232/3585/3501 3233/3586/3502 3207/3587/3503
f 3207/3587/3503 3233/3586/3502 3208/3588/3504
f 3207/3587/3503 3208/3588/3504 3182/3589/3505
f 3182/3589/3505 3208/3588/3504 3183/3590/3506
f 3182/3589/3505 3183/3590/3506 3157/3591/3507
f 3157/3591/3507 3183/3590/3506 3158/3592/3508
f 3157/3591/3507 3158/3592/3508 3133/3572/3488
f 3133/3572/3488 3158/3592/3508 3132/3593/3509
f 3132/3593/3509 3158/3592/3508 3131/3594/3510
f 3131/3594/3510 3158/3592/3508 3183/3590/3506
f 3131/3594/3510 3183/3590/3506 3130/3595/3511
f 3130/3595/3511 3183/3590/3506 3208/3588/3504
f 3130/3595/3511 3208/3588/3504 3129/3596/3512
f 3129/3596/3512 3208/3588/3504 3233/3586/3502
f 3129/3596/3512 3233/3586/3502 3128/3597/3513
f 3128/3597/3513 3233/3586/3502 3258/3584/3500
f 3128/3597/3513 3258/3584/3500 3127/3561/3477
f 3118/3527/3443 3119/3598/3514 3134/3528/3444
f 3134/3528/3444 3119/3598/3514 3120/3599/3515
f 3134/3528/3444 3120/3599/3515 3159/3600/3516
f 3159/3600/3516 3120/3599/3515 3121/3601/3517
f 3159/3600/3516 3121/3601/3517 3122/3602/3518
f 3159/3600/3516 3122/3602/3518 3184/3603/3519
f 3184/3603/3519 3122/3602/3518 3123/3604/3520
f 3184/3603/3519 3123/3604/3520 3209/3605/3521
f 3209/3605/3521 3123/3604/3520 3124/3606/3522
f 3209/3605/3521 3124/3606/3522 3125/3607/3523
f 3209/3605/3521 3125/3607/3523 3234/3608/3524
f 3234/3608/3524 3125/3607/3523 3126/3540/3456
f 3234/3608/3524 3126/3540/3456 3235/3609/3525
f 3235/3609/3525 3126/3540/3456 3236/3610/3526
f 3235/3609/3525 3236/3610/3526 3210/3611/3527
f 3210/3611/3527 3236/3610/3526 3211/3612/3528
f 3210/3611/3527 3211/3612/3528 3185/3613/3529
f 3185/3613/3529 3211/3612/3528 3186/3614/3530
f 3185/3613/3529 3186/3614/3530 3160/3615/3531
f 3160/3615/3531 3186/3614/3530 3161/3532/3448
f 3160/3615/3531 3161/3532/3448 3135/3530/3446
f 3127/3561/3477 3246/3616/3532 3126/3540/3456
f 3126/3540/3456 3246/3616/3532 3245/3617/3533
f 3126/3540/3456 3245/3617/3533 3244/3618/3534
f 3244/3618/3534 3245/3617/3533 3219/3619/3535
f 3244/3618/3534 3219/3619/3535 3218/3620/3536
f 3218/3620/3536 3219/3619/3535 3193/3621/3537
f 3218/3620/3536 3193/3621/3537 3192/3546/3462
f 3192/3546/3462 3193/3621/3537 3167/3548/3464
f 3117/3529/3445 3146/3622/3538 3133/3572/3488
f 3133/3572/3488 3146/3622/3538 3147/3623/3539
f 3133/3572/3488 3147/3623/3539 3148/3624/3540
f 3148/3624/3540 3147/3623/3539 3173/3625/3541
f 3148/3624/3540 3173/3625/3541 3174/3568/3484
f 3174/3568/3484 3173/3625/3541 3199/3566/3482
f 3160/3615/3531 3135/3530/3446 3134/3528/3444
f 3136/3531/3447 3137/3626/3542 3117/3529/3445
f 3117/3529/3445 3137/3626/3542 3138/3627/3543
f 3117/3529/3445 3138/3627/3543 3139/3628/3544
f 3139/3628/3544 3138/3627/3543 3164/3629/3545
f 3139/3628/3544 3164/3629/3545 3165/3630/3546
f 3165/3630/3546 3164/3629/3545 3190/3631/3547
f 3165/3630/3546 3190/3631/3547 3191/3545/3461
f 3191/3545/3461 3190/3631/3547 3216/3543/3459
f 3136/3531/3447 3162/3533/3449 3137/3626/3542
f 3137/3626/3542 3162/3533/3449 3163/3632/3548
f 3137/3626/3542 3163/3632/3548 3138/3627/3543
f 3138/3627/3543 3163/3632/3548 3164/3629/3545
f 3141/3549/3465 3117/3529/3445 3140/3633/3549
f 3140/3633/3549 3117/3529/3445 3139/3628/3544
f 3140/3633/3549 3139/3628/3544 3165/3630/3546
f 3166/3547/3463 3141/3549/3465 3140/3633/3549
f 3166/3547/3463 3140/3633/3549 3165/3630/3546
f 3143/3551/3467 3142/3550/3466 3168/3634/3550
f 3168/3634/3550 3142/3550/3466 3167/3548/3464
f 3168/3634/3550 3167/3548/3464 3193/3621/3537
f 3146/3622/3538 3117/3529/3445 3145/3635/3551
f 3145/3635/3551 3117/3529/3445 3144/3552/3468
f 3145/3635/3551 3144/3552/3468 3170/3554/3470
f 3146/3622/3538 3145/3635/3551 3171/3636/3552
f 3171/3636/3552 3145/3635/3551 3170/3554/3470
f 3171/3636/3552 3170/3554/3470 3196/3556/3472
f 3149/3570/3486 3133/3572/3488 3148/3624/3540
f 3147/3623/3539 3146/3622/3538 3172/3637/3553
f 3172/3637/3553 3146/3622/3538 3171/3636/3552
f 3172/3637/3553 3171/3636/3552 3197/3638/3554
f 3197/3638/3554 3171/3636/3552 3196/3556/3472
f 3197/3638/3554 3196/3556/3472 3222/3558/3474
f 3174/3568/3484 3149/3570/3486 3148/3624/3540
f 3151/3573/3489 3150/3571/3487 3176/3639/3555
f 3176/3639/3555 3150/3571/3487 3175/3569/3485
f 3176/3639/3555 3175/3569/3485 3201/3640/3556
f 3201/3640/3556 3175/3569/3485 3200/3567/3483
f 3201/3640/3556 3200/3567/3483 3226/3641/3557
f 3226/3641/3557 3200/3567/3483 3225/3565/3481
f 3226/3641/3557 3225/3565/3481 3251/3642/3558
f 3251/3642/3558 3225/3565/3481 3250/3563/3479
f 3251/3642/3558 3250/3563/3479 3127/3561/3477
f 3152/3574/3490 3153/3643/3559 3133/3572/3488
f 3133/3572/3488 3153/3643/3559 3154/3644/3560
f 3133/3572/3488 3154/3644/3560 3155/3645/3561
f 3155/3645/3561 3154/3644/3560 3180/3646/3562
f 3155/3645/3561 3180/3646/3562 3181/3647/3563
f 3181/3647/3563 3180/3646/3562 3206/3648/3564
f 3181/3647/3563 3206/3648/3564 3207/3587/3503
f 3207/3587/3503 3206/3648/3564 3232/3585/3501
f 3152/3574/3490 3178/3576/3492 3153/3643/3559
f 3153/3643/3559 3178/3576/3492 3179/3649/3565
f 3153/3643/3559 3179/3649/3565 3154/3644/3560
f 3154/3644/3560 3179/3649/3565 3180/3646/3562
f 3157/3591/3507 3133/3572/3488 3156/3650/3566
f 3156/3650/3566 3133/3572/3488 3155/3645/3561
f 3156/3650/3566 3155/3645/3561 3181/3647/3563
f 3182/3589/3505 3157/3591/3507 3156/3650/3566
f 3182/3589/3505 3156/3650/3566 3181/3647/3563
f 3185/3613/3529 3160/3615/3531 3159/3600/3516
f 3159/3600/3516 3160/3615/3531 3134/3528/3444
f 3187/3534/3450 3161/3532/3448 3186/3614/3530
f 3162/3533/3449 3188/3535/3451 3163/3632/3548
f 3163/3632/3548 3188/3535/3451 3189/3651/3567
f 3163/3632/3548 3189/3651/3567 3164/3629/3545
f 3164/3629/3545 3189/3651/3567 3190/3631/3547
f 3191/3545/3461 3166/3547/3463 3165/3630/3546
f 3143/3551/3467 3168/3634/3550 3169/3553/3469
f 3169/3553/3469 3168/3634/3550 3194/3652/3568
f 3169/3553/3469 3194/3652/3568 3195/3555/3471
f 3195/3555/3471 3194/3652/3568 3220/3653/3569
f 3195/3555/3471 3220/3653/3569 3221/3557/3473
f 3221/3557/3473 3220/3653/3569 3246/3616/3532
f 3221/3557/3473 3246/3616/3532 3247/3559/3475
f 3247/3559/3475 3246/3616/3532 3127/3561/3477
f 3194/3652/3568 3168/3634/3550 3193/3621/3537
f 3147/3623/3539 3172/3637/3553 3173/3625/3541
f 3173/3625/3541 3172/3637/3553 3198/3654/3570
f 3173/3625/3541 3198/3654/3570 3199/3566/3482
f 3199/3566/3482 3198/3654/3570 3224/3564/3480
f 3198/3654/3570 3172/3637/3553 3197/3638/3554
f 3151/3573/3489 3176/3639/3555 3177/3575/3491
f 3177/3575/3491 3176/3639/3555 3202/3655/3571
f 3177/3575/3491 3202/3655/3571 3203/3577/3493
f 3203/3577/3493 3202/3655/3571 3228/3656/3572
f 3203/3577/3493 3228/3656/3572 3229/3579/3495
f 3229/3579/3495 3228/3656/3572 3254/3657/3573
f 3229/3579/3495 3254/3657/3573 3255/3581/3497
f 3255/3581/3497 3254/3657/3573 3127/3561/3477
f 3202/3655/3571 3176/3639/3555 3201/3640/3556
f 3178/3576/3492 3204/3578/3494 3179/3649/3565
f 3179/3649/3565 3204/3578/3494 3205/3658/3574
f 3179/3649/3565 3205/3658/3574 3180/3646/3562
f 3180/3646/3562 3205/3658/3574 3206/3648/3564
f 3207/3587/3503 3182/3589/3505 3181/3647/3563
f 3210/3611/3527 3185/3613/3529 3184/3603/3519
f 3184/3603/3519 3185/3613/3529 3159/3600/3516
f 3187/3534/3450 3186/3614/3530 3212/3659/3575
f 3212/3659/3575 3186/3614/3530 3211/3612/3528
f 3212/3659/3575 3211/3612/3528 3237/3660/3576
f 3237/3660/3576 3211/3612/3528 3236/3610/3526
f 3237/3660/3576 3236/3610/3526 3126/3540/3456
f 3188/3535/3451 3214/3537/3453 3189/3651/3567
f 3189/3651/3567 3214/3537/3453 3215/3661/3577
f 3189/3651/3567 3215/3661/3577 3190/3631/3547
f 3190/3631/3547 3215/3661/3577 3216/3543/3459
f 3218/3620/3536 3192/3546/3462 3217/3544/3460
f 3220/3653/3569 3194/3652/3568 3219/3619/3535
f 3219/3619/3535 3194/3652/3568 3193/3621/3537
f 3198/3654/3570 3197/3638/3554 3223/3662/3578
f 3223/3662/3578 3197/3638/3554 3222/3558/3474
f 3223/3662/3578 3222/3558/3474 3248/3560/3476
f 3202/3655/3571 3201/3640/3556 3227/3663/3579
f 3227/3663/3579 3201/3640/3556 3226/3641/3557
f 3227/3663/3579 3226/3641/3557 3252/3664/3580
f 3252/3664/3580 3226/3641/3557 3251/3642/3558
f 3252/3664/3580 3251/3642/3558 3127/3561/3477
f 3204/3578/3494 3230/3580/3496 3205/3658/3574
f 3205/3658/3574 3230/3580/3496 3231/3665/3581
f 3205/3658/3574 3231/3665/3581 3206/3648/3564
f 3206/3648/3564 3231/3665/3581 3232/3585/3501
f 3235/3609/3525 3210/3611/3527 3209/3605/3521
f 3209/3605/3521 3210/3611/3527 3184/3603/3519
f 3234/3608/3524 3235/3609/3525 3209/3605/3521
f 3187/3534/3450 3212/3659/3575 3213/3536/3452
f 3213/3536/3452 3212/3659/3575 3238/3666/3582
f 3213/3536/3452 3238/3666/3582 3239/3538/3454
f 3239/3538/3454 3238/3666/3582 3126/3540/3456
f 3238/3666/3582 3212/3659/3575 3237/3660/3576
f 3241/3541/3457 3216/3543/3459 3215/3661/3577
f 3241/3541/3457 3215/3661/3577 3240/3539/3455
f 3240/3539/3455 3215/3661/3577 3214/3537/3453
f 3218/3620/3536 3217/3544/3460 3243/3667/3583
f 3243/3667/3583 3217/3544/3460 3242/3542/3458
f 3243/3667/3583 3242/3542/3458 3126/3540/3456
f 3246/3616/3532 3220/3653/3569 3245/3617/3533
f 3245/3617/3533 3220/3653/3569 3219/3619/3535
f 3249/3562/3478 3224/3564/3480 3223/3662/3578
f 3223/3662/3578 3224/3564/3480 3198/3654/3570
f 3249/3562/3478 3223/3662/3578 3248/3560/3476
f 3202/3655/3571 3227/3663/3579 3228/3656/3572
f 3228/3656/3572 3227/3663/3579 3253/3668/3584
f 3228/3656/3572 3253/3668/3584 3254/3657/3573
f 3254/3657/3573 3253/3668/3584 3127/3561/3477
f 3253/3668/3584 3227/3663/3579 3252/3664/3580
f 3257/3583/3499 3232/3585/3501 3231/3665/3581
f 3257/3583/3499 3231/3665/3581 3256/3582/3498
f 3256/3582/3498 3231/3665/3581 3230/3580/3496
f 3126/3540/3456 3238/3666/3582 3237/3660/3576
f 3126/3540/3456 3244/3618/3534 3243/3667/3583
f 3243/3667/3583 3244/3618/3534 3218/3620/3536
f 3127/3561/3477 3253/3668/3584 3252/3664/3580
f 3272/3669/3585 2840/3670/3586 3273/3671/3587
f 3273/3671/3587 2840/3670/3586 2839/3672/3588
f 3273/3671/3587 2839/3672/3588 3289/3673/3589
f 3289/3673/3589 2839/3672/3588 2838/3674/3590
f 3289/3673/3589 2838/3674/3590 3288/3675/3591
f 3288/3675/3591 2838/3674/3590 3287/3676/3592
f 3288/3675/3591 3287/3676/3592 3295/3677/3593
f 3295/3677/3593 3287/3676/3592 3294/3678/3594
f 3295/3677/3593 3294/3678/3594 3301/3679/3595
f 3301/3679/3595 3294/3678/3594 3300/3680/3596
f 3301/3679/3595 3300/3680/3596 3308/3681/3597
f 3308/3681/3597 3300/3680/3596 3307/3682/3598
f 3308/3681/3597 3307/3682/3598 3315/3683/3599
f 3315/3683/3599 3307/3682/3598 3314/3684/3600
f 3315/3683/3599 3314/3684/3600 3322/3685/3601
f 3322/3685/3601 3314/3684/3600 3323/3686/3602
f 3322/3685/3601 3323/3686/3602 3320/3687/3603
f 3320/3687/3603 3323/3686/3602 3319/3688/3604
f 3320/3687/3603 3319/3688/3604 3336/3689/3605
f 3336/3689/3605 3319/3688/3604 3337/3690/3606
f 3336/3689/3605 3337/3690/3606 3333/3691/3607
f 3333/3691/3607 3337/3690/3606 3332/3692/3608
f 3333/3691/3607 3332/3692/3608 3368/3693/3609
f 3368/3693/3609 3332/3692/3608 3367/3694/3610
f 3368/3693/3609 3367/3694/3610 3375/3695/3611
f 3375/3695/3611 3367/3694/3610 3374/3696/3612
f 3375/3695/3611 3374/3696/3612 3380/3697/3613
f 3380/3697/3613 3374/3696/3612 3379/3698/3614
f 3380/3697/3613 3379/3698/3614 3350/3699/3615
f 3350/3699/3615 3379/3698/3614 3351/3700/3616
f 3350/3699/3615 3351/3700/3616 3347/3701/3617
f 3347/3701/3617 3351/3700/3616 3346/3702/3618
f 3347/3701/3617 3346/3702/3618 3387/3703/3619
f 3387/3703/3619 3346/3702/3618 3386/3704/3620
f 3387/3703/3619 3386/3704/3620 3394/3705/3621
f 3394/3705/3621 3386/3704/3620 3393/3706/3622
f 3394/3705/3621 3393/3706/3622 3401/3707/3623
f 3401/3707/3623 3393/3706/3622 3400/3708/3624
f 3401/3707/3623 3400/3708/3624 3407/3709/3625
f 3407/3709/3625 3400/3708/3624 3406/3710/3626
f 3407/3709/3625 3406/3710/3626 3413/3711/3627
f 3413/3711/3627 3406/3710/3626 3412/3712/3628
f 3413/3711/3627 3412/3712/3628 3420/3713/3629
f 3420/3713/3629 3412/3712/3628 3419/3714/3630
f 3420/3713/3629 3419/3714/3630 3425/3715/3631
f 3425/3715/3631 3419/3714/3630 3424/3716/3632
f 3425/3715/3631 3424/3716/3632 3357/3717/3633
f 3357/3717/3633 3424/3716/3632 3358/3718/3634
f 3357/3717/3633 3358/3718/3634 3129/3719/3635
f 3129/3719/3635 3358/3718/3634 3359/3720/3636
f 3129/3719/3635 3359/3720/3636 3130/3721/3511
f 3130/3721/3511 3359/3720/3636 3360/3722/3637
f 3130/3721/3511 3360/3722/3637 3131/3723/3638
f 3131/3723/3638 3360/3722/3637 3361/3724/3639
f 3131/3723/3638 3361/3724/3639 3132/3725/3640
f 3132/3725/3640 3361/3724/3639 3362/3726/3641
f 3132/3725/3640 3362/3726/3641 3133/3727/3488
f 3133/3727/3488 3362/3726/3641 3282/3728/3642
f 3133/3727/3488 3282/3728/3642 3415/3729/3643
f 3415/3729/3643 3282/3728/3642 3421/3730/3644
f 3415/3729/3643 3421/3730/3644 3416/3731/3645
f 3416/3731/3645 3421/3730/3644 3422/3732/3646
f 3416/3731/3645 3422/3732/3646 3417/3733/3647
f 3417/3733/3647 3422/3732/3646 3423/3734/3648
f 3417/3733/3647 3423/3734/3648 3418/3735/3649
f 3418/3735/3649 3423/3734/3648 3424/3716/3632
f 3418/3735/3649 3424/3716/3632 3419/3714/3630
f 2838/3674/3590 2837/3736/3650 3287/3676/3592
f 3287/3676/3592 2837/3736/3650 3286/3737/3651
f 3287/3676/3592 3286/3737/3651 3294/3678/3594
f 3294/3678/3594 3286/3737/3651 3293/3738/3652
f 3294/3678/3594 3293/3738/3652 3300/3680/3596
f 3300/3680/3596 3293/3738/3652 3299/3739/3653
f 3300/3680/3596 3299/3739/3653 3307/3682/3598
f 3307/3682/3598 3299/3739/3653 3306/3740/3654
f 3307/3682/3598 3306/3740/3654 3314/3684/3600
f 3314/3684/3600 3306/3740/3654 3313/3741/3655
f 3314/3684/3600 3313/3741/3655 3323/3686/3602
f 3323/3686/3602 3313/3741/3655 3324/3742/3656
f 3323/3686/3602 3324/3742/3656 3319/3688/3604
f 3319/3688/3604 3324/3742/3656 3318/3743/3657
f 3319/3688/3604 3318/3743/3657 3337/3690/3606
f 3337/3690/3606 3318/3743/3657 3338/3744/3658
f 3337/3690/3606 3338/3744/3658 3332/3692/3608
f 3332/3692/3608 3338/3744/3658 3331/3745/3659
f 3332/3692/3608 3331/3745/3659 3367/3694/3610
f 3367/3694/3610 3331/3745/3659 3366/3746/3660
f 3367/3694/3610 3366/3746/3660 3374/3696/3612
f 3374/3696/3612 3366/3746/3660 3373/3747/3661
f 3374/3696/3612 3373/3747/3661 3379/3698/3614
f 3379/3698/3614 3373/3747/3661 3378/3748/3662
f 3379/3698/3614 3378/3748/3662 3351/3700/3616
f 3351/3700/3616 3378/3748/3662 3352/3749/3663
f 3351/3700/3616 3352/3749/3663 3346/3702/3618
f 3346/3702/3618 3352/3749/3663 3345/3750/3664
f 3346/3702/3618 3345/3750/3664 3386/3704/3620
f 3386/3704/3620 3345/3750/3664 3385/3751/3665
f 3386/3704/3620 3385/3751/3665 3393/3706/3622
f 3393/3706/3622 3385/3751/3665 3392/3752/3666
f 3393/3706/3622 3392/3752/3666 3400/3708/3624
f 3400/3708/3624 3392/3752/3666 3399/3753/3667
f 3400/3708/3624 3399/3753/3667 3406/3710/3626
f 3406/3710/3626 3399/3753/3667 3405/3754/3668
f 3406/3710/3626 3405/3754/3668 3412/3712/3628
f 3412/3712/3628 3405/3754/3668 3411/3755/3669
f 3412/3712/3628 3411/3755/3669 3419/3714/3630
f 3419/3714/3630 3411/3755/3669 3418/3735/3649
f 2837/3736/3650 2836/3756/3670 3286/3737/3651
f 3286/3737/3651 2836/3756/3670 3285/3757/3671
f 3286/3737/3651 3285/3757/3671 3293/3738/3652
f 3293/3738/3652 3285/3757/3671 3292/3758/3672
f 3293/3738/3652 3292/3758/3672 3299/3739/3653
f 3299/3739/3653 3292/3758/3672 3298/3759/3673
f 3299/3739/3653 3298/3759/3673 3306/3740/3654
f 3306/3740/3654 3298/3759/3673 3305/3760/3674
f 3306/3740/3654 3305/3760/3674 3313/3741/3655
f 3313/3741/3655 3305/3760/3674 3312/3761/3675
f 3313/3741/3655 3312/3761/3675 3324/3742/3656
f 3324/3742/3656 3312/3761/3675 3325/3762/3676
f 3324/3742/3656 3325/3762/3676 3318/3743/3657
f 3318/3743/3657 3325/3762/3676 3317/3763/3677
f 3318/3743/3657 3317/3763/3677 3338/3744/3658
f 3338/3744/3658 3317/3763/3677 3339/3764/3678
f 3338/3744/3658 3339/3764/3678 3331/3745/3659
f 3331/3745/3659 3339/3764/3678 3330/3765/3679
f 3331/3745/3659 3330/3765/3679 3366/3746/3660
f 3366/3746/3660 3330/3765/3679 3365/3766/3680
f 3366/3746/3660 3365/3766/3680 3373/3747/3661
f 3373/3747/3661 3365/3766/3680 3372/3767/3681
f 3373/3747/3661 3372/3767/3681 3378/3748/3662
f 3378/3748/3662 3372/3767/3681 3377/3768/3682
f 3378/3748/3662 3377/3768/3682 3352/3749/3663
f 3352/3749/3663 3377/3768/3682 3353/3769/3683
f 3352/3749/3663 3353/3769/3683 3345/3750/3664
f 3345/3750/3664 3353/3769/3683 3344/3770/3684
f 3345/3750/3664 3344/3770/3684 3385/3751/3665
f 3385/3751/3665 3344/3770/3684 3384/3771/3685
f 3385/3751/3665 3384/3771/3685 3392/3752/3666
f 3392/3752/3666 3384/3771/3685 3391/3772/3686
f 3392/3752/3666 3391/3772/3686 3399/3753/3667
f 3399/3753/3667 3391/3772/3686 3398/3773/3687
f 3399/3753/3667 3398/3773/3687 3405/3754/3668
f 3405/3754/3668 3398/3773/3687 3404/3774/3688
f 3405/3754/3668 3404/3774/3688 3411/3755/3669
f 3411/3755/3669 3404/3774/3688 3410/3775/3689
f 3411/3755/3669 3410/3775/3689 3418/3735/3649
f 3418/3735/3649 3410/3775/3689 3417/3733/3647
f 2836/3756/3670 2835/3776/3690 3285/3757/3671
f 3285/3757/3671 2835/3776/3690 3284/3777/3691
f 3285/3757/3671 3284/3777/3691 3292/3758/3672
f 3292/3758/3672 3284/3777/3691 3291/3778/3692
f 3292/3758/3672 3291/3778/3692 3298/3759/3673
f 3298/3759/3673 3291/3778/3692 3297/3779/3693
f 3298/3759/3673 3297/3779/3693 3305/3760/3674
f 3305/3760/3674 3297/3779/3693 3304/3780/3694
f 3305/3760/3674 3304/3780/3694 3312/3761/3675
f 3312/3761/3675 3304/3780/3694 3311/3781/3695
f 3312/3761/3675 3311/3781/3695 3325/3762/3676
f 3325/3762/3676 3311/3781/3695 3326/3782/3696
f 3325/3762/3676 3326/3782/3696 3317/3763/3677
f 3317/3763/3677 3326/3782/3696 3316/3783/3697
f 3317/3763/3677 3316/3783/3697 3339/3764/3678
f 3339/3764/3678 3316/3783/3697 3340/3784/3698
f 3339/3764/3678 3340/3784/3698 3330/3765/3679
f 3330/3765/3679 3340/3784/3698 3329/3785/3699
f 3330/3765/3679 3329/3785/3699 3365/3766/3680
f 3365/3766/3680 3329/3785/3699 3364/3786/3700
f 3365/3766/3680 3364/3786/3700 3372/3767/3681
f 3372/3767/3681 3364/3786/3700 3371/3787/3701
f 3372/3767/3681 3371/3787/3701 3377/3768/3682
f 3377/3768/3682 3371/3787/3701 3376/3788/3702
f 3377/3768/3682 3376/3788/3702 3353/3769/3683
f 3353/3769/3683 3376/3788/3702 3354/3789/3703
f 3353/3769/3683 3354/3789/3703 3344/3770/3684
f 3344/3770/3684 3354/3789/3703 3343/3790/3704
f 3344/3770/3684 3343/3790/3704 3384/3771/3685
f 3384/3771/3685 3343/3790/3704 3383/3791/3705
f 3384/3771/3685 3383/3791/3705 3391/3772/3686
f 3391/3772/3686 3383/3791/3705 3390/3792/3706
f 3391/3772/3686 3390/3792/3706 3398/3773/3687
f 3398/3773/3687 3390/3792/3706 3397/3793/3707
f 3398/3773/3687 3397/3793/3707 3404/3774/3688
f 3404/3774/3688 3397/3793/3707 3403/3794/3708
f 3404/3774/3688 3403/3794/3708 3410/3775/3689
f 3410/3775/3689 3403/3794/3708 3409/3795/3709
f 3410/3775/3689 3409/3795/3709 3417/3733/3647
f 3417/3733/3647 3409/3795/3709 3416/3731/3645
f 2835/3776/3690 2834/3796/3710 3284/3777/3691
f 3284/3777/3691 2834/3796/3710 3283/3797/3711
f 3284/3777/3691 3283/3797/3711 3291/3778/3692
f 3291/3778/3692 3283/3797/3711 3290/3798/3712
f 3291/3778/3692 3290/3798/3712 3297/3779/3693
f 3297/3779/3693 3290/3798/3712 3296/3799/3713
f 3297/3779/3693 3296/3799/3713 3304/3780/3694
f 3304/3780/3694 3296/3799/3713 3303/3800/3714
f 3304/3780/3694 3303/3800/3714 3311/3781/3695
f 3311/3781/3695 3303/3800/3714 3310/3801/3715
f 3311/3781/3695 3310/3801/3715 3326/3782/3696
f 3326/3782/3696 3310/3801/3715 3327/3802/3716
f 3326/3782/3696 3327/3802/3716 3316/3783/3697
f 3316/3783/3697 3327/3802/3716 3276/3803/3717
f 3316/3783/3697 3276/3803/3717 3340/3784/3698
f 3340/3784/3698 3276/3803/3717 3341/3804/3718
f 3340/3784/3698 3341/3804/3718 3329/3785/3699
f 3329/3785/3699 3341/3804/3718 3328/3805/3719
f 3329/3785/3699 3328/3805/3719 3364/3786/3700
f 3364/3786/3700 3328/3805/3719 3363/3806/3720
f 3364/3786/3700 3363/3806/3720 3371/3787/3701
f 3371/3787/3701 3363/3806/3720 3370/3807/3721
f 3371/3787/3701 3370/3807/3721 3376/3788/3702
f 3376/3788/3702 3370/3807/3721 3278/3808/3722
f 3376/3788/3702 3278/3808/3722 3354/3789/3703
f 3354/3789/3703 3278/3808/3722 3355/3809/3723
f 3354/3789/3703 3355/3809/3723 3343/3790/3704
f 3343/3790/3704 3355/3809/3723 3342/3810/3724
f 3343/3790/3704 3342/3810/3724 3383/3791/3705
f 3383/3791/3705 3342/3810/3724 3382/3811/3725
f 3383/3791/3705 3382/3811/3725 3390/3792/3706
f 3390/3792/3706 3382/3811/3725 3389/3812/3726
f 3390/3792/3706 3389/3812/3726 3397/3793/3707
f 3397/3793/3707 3389/3812/3726 3396/3813/3727
f 3397/3793/3707 3396/3813/3727 3403/3794/3708
f 3403/3794/3708 3396/3813/3727 3281/3814/3728
f 3403/3794/3708 3281/3814/3728 3409/3795/3709
f 3409/3795/3709 3281/3814/3728 3408/3815/3729
f 3409/3795/3709 3408/3815/3729 3416/3731/3645
f 3416/3731/3645 3408/3815/3729 3415/3729/3643
f 2834/3796/3710 2833/3816/3730 3283/3797/3711
f 3283/3797/3711 2833/3816/3730 3259/3817/3731
f 3283/3797/3711 3259/3817/3731 3260/3818/3732
f 2833/3816/3730 2832/3819/3733 3259/3817/3731
f 3283/3797/3711 3260/3818/3732 3290/3798/3712
f 3290/3798/3712 3260/3818/3732 3261/3820/3734
f 3290/3798/3712 3261/3820/3734 3296/3799/3713
f 3296/3799/3713 3261/3820/3734 3262/3821/3735
f 3296/3799/3713 3262/3821/3735 3303/3800/3714
f 3303/3800/3714 3262/3821/3735 3263/3822/3736
f 3303/3800/3714 3263/3822/3736 3310/3801/3715
f 3310/3801/3715 3263/3822/3736 3264/3823/3737
f 3310/3801/3715 3264/3823/3737 3327/3802/3716
f 3327/3802/3716 3264/3823/3737 3276/3803/3717
f 3264/3823/3737 3265/3824/3738 3276/3803/3717
f 3276/3803/3717 3265/3824/3738 3341/3804/3718
f 3266/3825/3739 3363/3806/3720 3265/3824/3738
f 3265/3824/3738 3363/3806/3720 3328/3805/3719
f 3265/3824/3738 3328/3805/3719 3341/3804/3718
f 3133/3727/3488 3281/3814/3728 3266/3825/3739
f 3266/3825/3739 3281/3814/3728 3396/3813/3727
f 3266/3825/3739 3396/3813/3727 3389/3812/3726
f 3129/3719/3635 3128/3826/3740 3357/3717/3633
f 3357/3717/3633 3128/3826/3740 3356/3827/3741
f 3357/3717/3633 3356/3827/3741 3425/3715/3631
f 3425/3715/3631 3356/3827/3741 3426/3828/3742
f 3425/3715/3631 3426/3828/3742 3420/3713/3629
f 3420/3713/3629 3426/3828/3742 3402/3829/3743
f 3420/3713/3629 3402/3829/3743 3413/3711/3627
f 3413/3711/3627 3402/3829/3743 3414/3830/3744
f 3413/3711/3627 3414/3830/3744 3407/3709/3625
f 3407/3709/3625 3414/3830/3744 3280/3831/3745
f 3407/3709/3625 3280/3831/3745 3401/3707/3623
f 3401/3707/3623 3280/3831/3745 3388/3832/3746
f 3401/3707/3623 3388/3832/3746 3394/3705/3621
f 3394/3705/3621 3388/3832/3746 3395/3833/3747
f 3394/3705/3621 3395/3833/3747 3387/3703/3619
f 3387/3703/3619 3395/3833/3747 3279/3834/3748
f 3387/3703/3619 3279/3834/3748 3347/3701/3617
f 3347/3701/3617 3279/3834/3748 3348/3835/3749
f 3347/3701/3617 3348/3835/3749 3350/3699/3615
f 3350/3699/3615 3348/3835/3749 3349/3836/3750
f 3350/3699/3615 3349/3836/3750 3380/3697/3613
f 3380/3697/3613 3349/3836/3750 3381/3837/3751
f 3380/3697/3613 3381/3837/3751 3375/3695/3611
f 3375/3695/3611 3381/3837/3751 3369/3838/3752
f 3375/3695/3611 3369/3838/3752 3368/3693/3609
f 3368/3693/3609 3369/3838/3752 3277/3839/3753
f 3368/3693/3609 3277/3839/3753 3333/3691/3607
f 3333/3691/3607 3277/3839/3753 3334/3840/3754
f 3333/3691/3607 3334/3840/3754 3336/3689/3605
f 3336/3689/3605 3334/3840/3754 3335/3841/3755
f 3336/3689/3605 3335/3841/3755 3320/3687/3603
f 3320/3687/3603 3335/3841/3755 3275/3842/3756
f 3320/3687/3603 3275/3842/3756 3322/3685/3601
f 3322/3685/3601 3275/3842/3756 3321/3843/3757
f 3322/3685/3601 3321/3843/3757 3315/3683/3599
f 3315/3683/3599 3321/3843/3757 3274/3844/3758
f 3315/3683/3599 3274/3844/3758 3308/3681/3597
f 3308/3681/3597 3274/3844/3758 3309/3845/3759
f 3308/3681/3597 3309/3845/3759 3301/3679/3595
f 3301/3679/3595 3309/3845/3759 3302/3846/3760
f 3301/3679/3595 3302/3846/3760 3295/3677/3593
f 3295/3677/3593 3302/3846/3760 3273/3671/3587
f 3295/3677/3593 3273/3671/3587 3288/3675/3591
f 3288/3675/3591 3273/3671/3587 3289/3673/3589
f 3128/3826/3740 3127/3847/3477 3356/3827/3741
f 3356/3827/3741 3127/3847/3477 3426/3828/3742
f 3267/3848/3761 3280/3831/3745 3127/3847/3477
f 3127/3847/3477 3280/3831/3745 3414/3830/3744
f 3127/3847/3477 3414/3830/3744 3402/3829/3743
f 3268/3849/3762 3369/3838/3752 3267/3848/3761
f 3267/3848/3761 3369/3838/3752 3381/3837/3751
f 3267/3848/3761 3381/3837/3751 3349/3836/3750
f 3269/3850/3763 3275/3842/3756 3268/3849/3762
f 3268/3849/3762 3275/3842/3756 3335/3841/3755
f 3268/3849/3762 3335/3841/3755 3334/3840/3754
f 3270/3851/3764 3274/3844/3758 3269/3850/3763
f 3269/3850/3763 3274/3844/3758 3321/3843/3757
f 3269/3850/3763 3321/3843/3757 3275/3842/3756
f 3274/3844/3758 3270/3851/3764 3309/3845/3759
f 3309/3845/3759 3270/3851/3764 3271/3852/3765
f 3309/3845/3759 3271/3852/3765 3302/3846/3760
f 3302/3846/3760 3271/3852/3765 3272/3669/3585
f 3302/3846/3760 3272/3669/3585 3273/3671/3587
f 3369/3838/3752 3268/3849/3762 3277/3839/3753
f 3277/3839/3753 3268/3849/3762 3334/3840/3754
f 3342/3810/3724 3355/3809/3723 3266/3825/3739
f 3266/3825/3739 3355/3809/3723 3278/3808/3722
f 3266/3825/3739 3278/3808/3722 3370/3807/3721
f 3349/3836/3750 3348/3835/3749 3267/3848/3761
f 3267/3848/3761 3348/3835/3749 3279/3834/3748
f 3267/3848/3761 3279/3834/3748 3395/3833/3747
f 3395/3833/3747 3388/3832/3746 3267/3848/3761
f 3267/3848/3761 3388/3832/3746 3280/3831/3745
f 3127/3847/3477 3402/3829/3743 3426/3828/3742
f 3342/3810/3724 3266/3825/3739 3382/3811/3725
f 3382/3811/3725 3266/3825/3739 3389/3812/3726
f 3415/3729/3643 3408/3815/3729 3133/3727/3488
f 3133/3727/3488 3408/3815/3729 3281/3814/3728
f 3363/3806/3720 3266/3825/3739 3370/3807/3721
f 3424/3716/3632 3423/3734/3648 3358/3718/3634
f 3358/3718/3634 3423/3734/3648 3359/3720/3636
f 3423/3734/3648 3422/3732/3646 3359/3720/3636
f 3359/3720/3636 3422/3732/3646 3360/3722/3637
f 3282/3728/3642 3362/3726/3641 3361/3724/3639
f 3422/3732/3646 3421/3730/3644 3360/3722/3637
f 3360/3722/3637 3421/3730/3644 3361/3724/3639
f 3421/3730/3644 3282/3728/3642 3361/3724/3639
f 2552/3853/2799 1727/3854/3766 1517/3855/3173
f 1517/3855/3173 1727/3854/3766 1726/3856/3767
f 1517/3855/3173 1726/3856/3767 1725/3857/3768
f 1727/3854/3766 2552/3853/2799 2225/3858/3769
f 2225/3858/3769 2552/3853/2799 2578/3859/2826
f 2225/3858/3769 2578/3859/2826 2224/3860/3770
f 2224/3860/3770 2578/3859/2826 1987/3861/3771
f 1987/3861/3771 2578/3859/2826 1518/3862/2969
f 1987/3861/3771 1518/3862/2969 1988/3863/3772
f 1988/3863/3772 1518/3862/2969 1989/3864/3773
f 1989/3864/3773 1518/3862/2969 1990/3865/3774
f 1990/3865/3774 1518/3862/2969 1991/3866/3775
f 1991/3866/3775 1518/3862/2969 1992/3867/3776
f 1992/3867/3776 1518/3862/2969 1993/3868/3777
f 1993/3868/3777 1518/3862/2969 1994/3869/3778
f 1994/3869/3778 1518/3862/2969 1995/3870/3779
f 1995/3870/3779 1518/3862/2969 1996/3871/3780
f 1996/3871/3780 1518/3862/2969 1997/3872/3781
f 1997/3872/3781 1518/3862/2969 1716/3873/3782
f 1716/3873/3782 1518/3862/2969 1517/3855/3173
f 1716/3873/3782 1517/3855/3173 1717/3874/3783
f 1717/3874/3783 1517/3855/3173 1718/3875/3784
f 1718/3875/3784 1517/3855/3173 1719/3876/3785
f 1719/3876/3785 1517/3855/3173 1720/3877/3786
f 1720/3877/3786 1517/3855/3173 1721/3878/3787
f 1721/3878/3787 1517/3855/3173 1722/3879/3788
f 1722/3879/3788 1517/3855/3173 1723/3880/3789
f 1723/3880/3789 1517/3855/3173 1724/3881/3790
f 1724/3881/3790 1517/3855/3173 1725/3857/3768
f 1583/3882/3791 1582/3883/3792 1550/3884/3793
f 1550/3884/3793 1582/3883/3792 1581/3885/3794
f 1550/3884/3793 1581/3885/3794 1580/3886/3795
f 1580/3886/3795 1579/3887/3796 1550/3884/3793
f 1550/3884/3793 1579/3887/3796 1578/3888/3797
f 1550/3884/3793 1578/3888/3797 1577/3889/3798
f 1577/3889/3798 1576/3890/3799 1550/3884/3793
f 1550/3884/3793 1576/3890/3799 1551/3891/3800
f 1551/3891/3800 1576/3890/3799 3427/3892/3801
f 3427/3892/3801 1576/3890/3799 1628/3893/3802
f 3427/3892/3801 1628/3893/3802 1629/3894/3803
f 1629/3894/3803 1628/3893/3802 1636/3895/3804
f 1629/3894/3803 1636/3895/3804 1635/3896/3805
f 1635/3896/3805 1634/3897/3806 1629/3894/3803
f 1629/3894/3803 1634/3897/3806 1633/3898/3807
f 1629/3894/3803 1633/3898/3807 1632/3899/3808
f 1632/3899/3808 1631/3900/3809 1629/3894/3803
f 1629/3894/3803 1631/3900/3809 1630/3901/3810
f 1526/3902/3811 2717/3903/3088 1527/3904/3812
f 1527/3904/3812 2717/3903/3088 1629/3905/1833
f 1527/3904/3812 1629/3905/1833 1529/3906/3813
f 1529/3906/3813 1629/3905/1833 1531/3907/1831
f 2572/3908/2919 2618/3909/2875 2717/3903/3088
f 2717/3903/3088 2618/3909/2875 2617/3910/2874
f 2717/3903/3088 2617/3910/2874 3427/3911/3814
f 3427/3911/3814 2617/3910/2874 2616/3912/2917
f 3427/3911/3814 2616/3912/2917 3429/3913/3815
f 3429/3913/3815 2616/3912/2917 3127/3914/3477
f 3429/3913/3815 3127/3914/3477 3428/3915/3816
f 3428/3915/3816 3127/3914/3477 3126/3916/3456
f 2616/3912/2917 2615/3917/2915 3127/3914/3477
f 3127/3914/3477 2615/3917/2915 2614/3918/2913
f 3127/3914/3477 2614/3918/2913 2613/3919/3817
f 2613/3919/3817 2612/3920/3818 3127/3914/3477
f 3127/3914/3477 2612/3920/3818 2611/3921/2908
f 3127/3914/3477 2611/3921/2908 2610/3922/2909
f 2610/3922/2909 2841/3923/3125 3127/3914/3477
f 3127/3914/3477 2841/3923/3125 2840/3924/3144
f 3127/3914/3477 2840/3924/3144 3272/3925/3585
f 3272/3925/3585 3271/3926/3765 3127/3914/3477
f 3127/3914/3477 3271/3926/3765 3270/3927/3764
f 3127/3914/3477 3270/3927/3764 3269/3928/3763
f 3269/3928/3763 3268/3929/3762 3127/3914/3477
f 3127/3914/3477 3268/3929/3762 3267/3930/3761
f 3427/3911/3814 1629/3905/1833 2717/3903/3088
f 1666/3931/2054 1732/3932/2043 1941/3933/3819
f 1941/3933/3819 1732/3932/2043 2225/3934/3820
f 2225/3934/3820 1732/3932/2043 1731/3935/1969
f 2225/3934/3820 1731/3935/1969 1730/3936/1971
f 1730/3936/1971 1729/3937/2032 2225/3934/3820
f 2225/3934/3820 1729/3937/2032 1728/3938/2026
f 2225/3934/3820 1728/3938/2026 1727/3939/3821
f 2235/3940/2495 2234/3941/2541 3133/3942/3488
f 3133/3942/3488 2234/3941/2541 3117/3943/3445
f 2233/3944/3822 2228/3945/3823 2234/3946/3824
f 2234/3946/3824 2228/3945/3823 2227/3947/3825
f 2234/3946/3824 2227/3947/3825 2226/3948/3826
f 2233/3944/3822 2232/3949/3827 2228/3945/3823
f 2228/3945/3823 2232/3949/3827 2231/3950/3828
f 2228/3945/3823 2231/3950/3828 2230/3951/3829
f 2230/3951/3829 2229/3952/3830 2228/3945/3823
f 2234/3946/3824 2226/3948/3826 3126/3953/3831
f 3126/3953/3831 2226/3948/3826 1554/3954/3832
f 3126/3953/3831 1554/3954/3832 1553/3955/3833
f 3126/3953/3831 1553/3955/3833 3428/3956/3834
f 3428/3956/3834 1553/3955/3833 1552/3957/3835
f 3428/3956/3834 1552/3957/3835 3429/3958/3836
f 3429/3958/3836 1552/3957/3835 1551/3959/3837
f 3429/3958/3836 1551/3959/3837 3427/3960/3838
f 3125/3961/3839 3124/3962/3840 3126/3953/3831
f 3126/3953/3831 3124/3962/3840 3117/3963/3841
f 3126/3953/3831 3117/3963/3841 2234/3946/3824
f 3124/3962/3840 3123/3964/3842 3117/3963/3841
f 3117/3963/3841 3123/3964/3842 3122/3965/3843
f 3117/3963/3841 3122/3965/3843 3118/3966/3844
f 3118/3966/3844 3122/3965/3843 3119/3967/3845
f 3119/3967/3845 3122/3965/3843 3120/3968/3846
f 3120/3968/3846 3122/3965/3843 3121/3969/3847
f 2548/3970/2803 2982/3971/3848 2582/3972/2832
f 2582/3972/2832 2982/3971/3848 2619/3973/3849
f 2619/3973/3849 2982/3971/3848 2981/3974/3850
f 2619/3973/3849 2981/3974/3850 2620/3975/3851
f 2620/3975/3851 2981/3974/3850 2980/3976/3852
f 2620/3975/3851 2980/3976/3852 2621/3977/3853
f 2621/3977/3853 2980/3976/3852 2979/3978/3854
f 2621/3977/3853 2979/3978/3854 2622/3979/3855
f 2622/3979/3855 2979/3978/3854 2978/3980/3856
f 2622/3979/3855 2978/3980/3856 2623/3981/3857
f 2623/3981/3857 2978/3980/3856 2977/3982/3858
f 2623/3981/3857 2977/3982/3858 2624/3983/3859
f 2624/3983/3859 2977/3982/3858 2976/3984/3860
f 2624/3983/3859 2976/3984/3860 2625/3985/3861
f 2625/3985/3861 2976/3984/3860 2975/3986/3275
f 2625/3985/3861 2975/3986/3275 2602/3987/3862
f 2602/3988/3159 2975/3989/3863 2842/3990/3864
f 2842/3990/3864 2975/3989/3863 3075/3991/3865
f 2842/3990/3864 3075/3991/3865 2832/3992/3866
f 2832/3992/3866 3075/3991/3865 2366/3993/3418
f 2832/3992/3867 2366/3994/2602 3259/3995/3868
f 3259/3995/3868 2366/3994/2602 2381/3996/3869
f 3259/3995/3868 2381/3996/3869 2380/3997/3870
f 3259/3995/3868 2380/3997/3870 3260/3998/3871
f 3260/3998/3871 2380/3997/3870 2379/3999/3872
f 3260/3998/3871 2379/3999/3872 3261/4000/3873
f 3261/4000/3873 2379/3999/3872 2378/4001/3874
f 3261/4000/3873 2378/4001/3874 3262/4002/3875
f 3262/4002/3875 2378/4001/3874 2377/4003/3876
f 3262/4002/3875 2377/4003/3876 3263/4004/3877
f 3263/4004/3877 2377/4003/3876 2376/4005/3878
f 3263/4004/3877 2376/4005/3878 3264/4006/3879
f 3264/4006/3879 2376/4005/3878 3265/4007/3880
f 3265/4007/3880 2376/4005/3878 2375/4008/3881
f 3265/4007/3880 2375/4008/3881 2374/4009/3882
f 3265/4007/3880 2374/4009/3882 3266/4010/3739
f 3266/4010/3739 2374/4009/3882 2235/4011/2495
f 3266/4010/3739 2235/4011/2495 3133/4012/3488
# 3429 vertices
# 4012 texture params
# 3882 normals
# 6846 facets

# 3 groups
