# WaveFront *.obj file (generated by Autodesk ATF)

mtllib top.mtl

g Body77

v -5.859807 2.240577 -0.800000
v -5.777825 2.387213 -0.800000
v -5.771458 2.387213 -0.814662
v -5.762522 2.387213 -0.827846
v -5.751317 2.387213 -0.839290
v -5.738366 2.387213 -0.848668
v -5.724051 2.387213 -0.855922
v -5.708794 2.387213 -0.861027
v -5.676858 2.387213 -0.865000
v -5.801720 2.142849 -0.911512
v -5.893315 1.882972 -0.952951
v -5.958243 1.615250 -0.988332
v -5.994913 1.343349 -1.021380
v -5.992758 1.065431 -1.051016
v -5.969240 0.921604 -1.057339
v -5.923644 0.776740 -1.046792
v -5.891069 0.707477 -1.032542
v -5.851736 0.643575 -1.012384
v -5.754655 0.538439 -0.961470
v -5.638461 0.463689 -0.906943
v -5.575571 0.435394 -0.879092
v -5.510871 0.409577 -0.844036
v -5.515478 0.404274 -0.829976
v -5.519863 0.401318 -0.815175
v -5.523918 0.400781 -0.800000
v -5.657085 0.434991 -0.831854
v -5.784535 0.494209 -0.869509
v -5.897832 0.583017 -0.908579
v -5.986773 0.698991 -0.939925
v -6.046697 0.831022 -0.955597
v -6.081204 0.967595 -0.955902
v -6.099631 1.236583 -0.933423
v -6.077361 1.497376 -0.903782
v -6.028393 1.751719 -0.873174
v -5.956631 1.999809 -0.839163
v -6.018212 1.145251 -1.041737
v -6.069980 0.927820 -0.982601
v -5.973251 0.860230 -1.053675
v -5.966554 0.671754 -0.957355
v -5.854642 0.621258 -1.001922
v -5.878630 1.992398 -0.934648
v -5.895994 1.997373 -0.928420
v -5.906644 2.000112 -0.922590
v -5.921548 2.003426 -0.911111
v -5.934250 2.005576 -0.896999
v -5.944262 2.006473 -0.880761
v -5.951211 2.006080 -0.862972
v -5.804249 2.342803 -0.805619
v -5.797486 2.342459 -0.822895
v -5.788084 2.340381 -0.838752
v -5.776376 2.336649 -0.852661
v -5.762782 2.331401 -0.864147
v -5.753125 2.327243 -0.870111
v -5.737432 2.319886 -0.876747
v -5.967109 1.668929 -0.979711
v -5.985300 1.672018 -0.973716
v -5.996434 1.673645 -0.967963
v -6.011963 1.675480 -0.956488
v -6.025114 1.676464 -0.942256
v -6.035368 1.676555 -0.925798
v -6.042328 1.675743 -0.907710
v -6.014855 1.338075 -1.020068
v -6.033594 1.338708 -1.014271
v -6.045046 1.338841 -1.008591
v -6.060980 1.338604 -0.997147
v -6.074411 1.337851 -0.982855
v -6.084797 1.336610 -0.966261
v -6.091724 1.334923 -0.947981
v -5.994605 0.945727 -1.055202
v -6.013084 0.941568 -1.049508
v -6.024366 0.938988 -1.043845
v -6.040035 0.935334 -1.032349
v -6.053199 0.932173 -1.017926
v -6.063317 0.929634 -1.001132
v -6.095357 1.134599 -0.969494
v -6.088540 1.136764 -0.987943
v -6.078186 1.138905 -1.004661
v -6.064712 1.140941 -1.019015
v -6.048674 1.142793 -1.030451
v -6.037126 1.143862 -1.036082
v -5.991005 0.854740 -1.047739
v -6.001861 0.851493 -1.041985
v -6.016980 0.847150 -1.030454
v -6.029750 0.843720 -1.016106
v -6.039658 0.841341 -0.999480
v -6.046318 0.840108 -0.981188
v -5.903621 0.694248 -1.027209
v -5.918127 0.686652 -1.020141
v -5.927081 0.682419 -1.014069
v -5.939754 0.677176 -1.002674
v -5.950789 0.673577 -0.989131
v -5.959820 0.671748 -0.973868
v -6.012229 0.753666 -0.973003
v -6.005508 0.754192 -0.990645
v -5.995929 0.756273 -1.006784
v -5.983844 0.759829 -1.020863
v -5.969702 0.764723 -1.032385
v -5.959611 0.768558 -1.038290
v -5.943168 0.775282 -1.044705
v -5.866732 0.613352 -0.994216
v -5.874251 0.608983 -0.988041
v -5.885027 0.603612 -0.976949
v -5.894628 0.599967 -0.964195
v -5.902787 0.598154 -0.950120
v -5.909281 0.598229 -0.935091
v -5.661802 0.466429 -0.907933
v -5.666784 0.460595 -0.899923
v -5.669945 0.457320 -0.894315
v -5.674629 0.453144 -0.885171
v -5.679057 0.450040 -0.875488
v -5.683173 0.448050 -0.865386
v -5.686927 0.447198 -0.854986
v -5.804958 0.508986 -0.895039
v -5.799555 0.509431 -0.907720
v -5.793296 0.511485 -0.919835
v -5.786300 0.515102 -0.931157
v -5.778704 0.520209 -0.941472
v -5.773501 0.524297 -0.947548
v -5.765229 0.531652 -0.955774
v -5.588370 0.434317 -0.876516
v -5.591591 0.429987 -0.869202
v -5.593644 0.427548 -0.864215
v -5.596713 0.424411 -0.856256
v -5.599656 0.422030 -0.847992
v -5.602448 0.420427 -0.839492
v -5.605067 0.419615 -0.830826
v -5.956548 1.999788 -0.760801
v -6.028309 1.752034 -0.726867
v -6.077326 1.497592 -0.696248
v -6.099605 1.237260 -0.666660
v -6.081363 0.968506 -0.644134
v -6.047071 0.832117 -0.644346
v -5.987274 0.699816 -0.659887
v -5.898264 0.583464 -0.691264
v -5.785004 0.494492 -0.730342
v -5.656983 0.434954 -0.768179
v -5.517705 0.402497 -0.777353
v -5.510871 0.409577 -0.755964
v -5.575367 0.435311 -0.720999
v -5.638477 0.463682 -0.693101
v -5.755085 0.538791 -0.638314
v -5.806389 0.587372 -0.611780
v -5.852281 0.644331 -0.587327
v -5.891587 0.708460 -0.567209
v -5.924073 0.777757 -0.552971
v -5.969542 0.922904 -0.542657
v -5.992855 1.066505 -0.549097
v -5.994850 1.344068 -0.578720
v -5.958107 1.615959 -0.611751
v -5.893161 1.883556 -0.647145
v -5.801453 2.143481 -0.688597
v -5.676858 2.387213 -0.735000
v -5.708767 2.387213 -0.738967
v -5.724027 2.387213 -0.744068
v -5.738352 2.387213 -0.751324
v -5.751310 2.387213 -0.760704
v -5.762516 2.387213 -0.772147
v -5.771457 2.387213 -0.785336
v -5.975832 1.654614 -0.619783
v -5.997294 0.930572 -0.545957
v -6.090201 1.045815 -0.628790
v -6.009664 0.745344 -0.633650
v -5.964582 0.666850 -0.649088
v -5.792567 2.355638 -0.784621
v -5.787274 2.354782 -0.773839
v -5.777062 2.352029 -0.758611
v -5.764707 2.347652 -0.745492
v -5.750628 2.341793 -0.734952
v -5.735295 2.334645 -0.727363
v -5.923365 2.086454 -0.755169
v -5.917368 2.087160 -0.737138
v -5.911824 2.086878 -0.726109
v -5.900928 2.085299 -0.710609
v -5.887575 2.082408 -0.697379
v -5.872243 2.078304 -0.686919
v -5.855467 2.073127 -0.679618
v -5.993718 1.875436 -0.723786
v -5.987756 1.876305 -0.705495
v -5.982134 1.876266 -0.694324
v -5.970973 1.875265 -0.678668
v -5.957197 1.873178 -0.665370
v -5.941312 1.870078 -0.654947
v -5.923888 1.866072 -0.647797
v -6.047004 1.659677 -0.696043
v -6.041079 1.660775 -0.677576
v -6.035409 1.661022 -0.666310
v -6.024065 1.660668 -0.650550
v -6.009993 1.659449 -0.637211
v -5.993718 1.657407 -0.626821
v -6.083031 1.439347 -0.669896
v -6.077147 1.440900 -0.651303
v -6.071446 1.441597 -0.639972
v -6.059969 1.442155 -0.624144
v -6.045672 1.442081 -0.610787
v -6.029096 1.441375 -0.600436
v -6.010853 1.440058 -0.593500
v -6.097991 1.214535 -0.644476
v -6.092215 1.216597 -0.625715
v -6.086531 1.217837 -0.614294
v -6.074997 1.219539 -0.598374
v -6.060555 1.220936 -0.584989
v -6.043762 1.221969 -0.574686
v -6.025247 1.222598 -0.567880
v -6.068073 0.913231 -0.623052
v -6.062487 0.914720 -0.604148
v -6.056969 0.916123 -0.592644
v -6.045754 0.918906 -0.576611
v -6.031696 0.922333 -0.563140
v -6.015337 0.926271 -0.552782
v -6.017849 1.059690 -0.551869
v -6.036354 1.057158 -0.558602
v -6.053117 1.054535 -0.568896
v -6.067504 1.051922 -0.582334
v -6.078953 1.049424 -0.598357
v -6.084564 1.047912 -0.609867
v -6.043874 0.828663 -0.625167
v -6.038214 0.829439 -0.606558
v -6.032768 0.830595 -0.595208
v -6.021843 0.833346 -0.579339
v -6.008263 0.837158 -0.565918
v -5.992538 0.841892 -0.555481
v -5.975243 0.847375 -0.548433
v -5.958568 0.666276 -0.632387
v -5.953411 0.666889 -0.622090
v -5.943695 0.669350 -0.607432
v -5.932134 0.673551 -0.594619
v -5.919089 0.679366 -0.584072
v -5.904961 0.686622 -0.576130
v -5.944617 0.764763 -0.558168
v -5.960618 0.758216 -0.565610
v -5.975254 0.752820 -0.576135
v -5.988023 0.748754 -0.589359
v -5.998477 0.746159 -0.604794
v -6.003824 0.745319 -0.615754
v -5.843004 0.535700 -0.695469
v -5.837497 0.535421 -0.681864
v -5.833310 0.536169 -0.673334
v -5.826011 0.538745 -0.660861
v -5.817832 0.542981 -0.649429
v -5.808949 0.548789 -0.639291
v -5.799548 0.556051 -0.630667
v -5.856235 0.616158 -0.601238
v -5.868066 0.608664 -0.609623
v -5.879117 0.602710 -0.620054
v -5.889100 0.598444 -0.632246
v -5.897751 0.595975 -0.645865
v -5.902534 0.595378 -0.655306
v -5.908492 0.596013 -0.670491
v -5.770900 0.487181 -0.721322
v -5.766191 0.487356 -0.709233
v -5.762755 0.488261 -0.701594
v -5.756942 0.490861 -0.690289
v -5.750588 0.494876 -0.679711
v -5.743800 0.500239 -0.670042
v -5.736690 0.506866 -0.661446
v -5.613786 0.421773 -0.769641
v -5.611120 0.422353 -0.760744
v -5.609283 0.423173 -0.755047
v -5.606307 0.425115 -0.746446
v -5.603178 0.427862 -0.738122
v -5.599922 0.431390 -0.730150
v -5.596567 0.435671 -0.722598
v -5.507138 0.407633 -0.840278
v -5.503902 0.405550 -0.835755
v -5.498924 0.401490 -0.824948
v -5.495938 0.398447 -0.812681
v -5.494942 0.397353 -0.800000
v -5.495938 0.398531 -0.787301
v -5.498924 0.401521 -0.775042
v -5.503902 0.405509 -0.764249
v -5.507138 0.407615 -0.759724
v -5.504617 0.399768 -0.816816
v -5.514369 0.399552 -0.808109
v -5.518399 0.399940 -0.804630
v -5.502137 0.397863 -0.803259
v -5.512884 0.399001 -0.801604
v -5.517470 0.399690 -0.800933
v -5.503054 0.398603 -0.789653
v -5.513562 0.399234 -0.794924
v -5.517926 0.399804 -0.797068
v -5.506817 0.401222 -0.777618
v -5.515899 0.400042 -0.789247
v -5.519411 0.400185 -0.793895
v -5.519432 0.401178 -0.785304
v -5.521556 0.400722 -0.791888
v -5.513199 0.404688 -0.768121
v -4.257644 2.387213 -0.865000
v -2.838429 2.387213 -0.865000
v -1.419215 2.387213 -0.865000
v 0.000000 2.387213 -0.865000
v 0.000000 1.971320 -0.935167
v 0.000000 1.602393 -0.987417
v 0.000000 1.276084 -1.026336
v 0.000000 0.983746 -1.052118
v 0.000000 0.708875 -1.052964
v 0.000000 0.438068 -1.007048
v 0.000000 0.315533 -0.965492
v 0.000000 0.215821 -0.915055
v 0.000000 0.178249 -0.887582
v 0.000000 0.150389 -0.859074
v 0.000000 0.140360 -0.844514
v 0.000000 0.133068 -0.829793
v 0.000000 0.128617 -0.814944
v 0.000000 0.127110 -0.800000
v 0.000000 0.128632 -0.785052
v 0.000000 0.133120 -0.770192
v 0.000000 0.140461 -0.755458
v 0.000000 0.150539 -0.740884
v 0.000000 0.178450 -0.712361
v 0.000000 0.215938 -0.684912
v 0.000000 0.315456 -0.634548
v 0.000000 0.437906 -0.593049
v 0.000000 0.708974 -0.547018
v 0.000000 0.983820 -0.547798
v 0.000000 1.276119 -0.573563
v 0.000000 1.602322 -0.612659
v 0.000000 1.971418 -0.664895
v 0.000000 2.387213 -0.735000
v -1.419215 2.387213 -0.735000
v -2.838429 2.387213 -0.735000
v -4.257644 2.387213 -0.735000
v -2.287500 2.058376 -0.923148
v -2.287500 2.108833 -0.685207
v -4.031638 2.068345 -0.922819
v -4.031638 2.117080 -0.685406
v -5.013275 2.073956 -0.922635
v -5.013275 1.797672 -0.964294
v -5.013275 1.549270 -0.996210
v -5.013275 1.317835 -1.023750
v -5.013275 1.133917 -1.043645
v -5.013275 0.893225 -1.057018
v -5.013275 0.714445 -1.039609
v -5.013275 0.620406 -1.013770
v -5.013275 0.537246 -0.977552
v -5.013275 0.459296 -0.927494
v -5.013275 0.404662 -0.874064
v -5.013275 0.391272 -0.854770
v -5.013275 0.381566 -0.835875
v -5.013275 0.375659 -0.817559
v -5.013275 0.374166 -0.808673
v -5.013275 0.373665 -0.800000
v -5.013275 0.374351 -0.789856
v -5.013275 0.376391 -0.779420
v -5.013275 0.384434 -0.757826
v -5.013275 0.397591 -0.735531
v -5.013275 0.415657 -0.712846
v -5.013275 0.488431 -0.651432
v -5.013275 0.590349 -0.597910
v -5.013275 0.713693 -0.560472
v -5.013275 0.850880 -0.544143
v -5.013275 1.126287 -0.555487
v -5.013275 1.515086 -0.599584
v -5.013275 1.882961 -0.647820
v -5.013275 2.121721 -0.685518
v -4.031638 1.785352 -0.965345
v -4.031638 1.530598 -0.998130
v -4.031638 1.294609 -1.025824
v -4.031638 1.108710 -1.045040
v -4.031638 0.866515 -1.056748
v -4.031638 0.684606 -1.038695
v -4.031638 0.587318 -1.013162
v -4.031638 0.500146 -0.977653
v -4.031638 0.417434 -0.928472
v -4.031638 0.358873 -0.875418
v -4.031638 0.344441 -0.856033
v -4.031638 0.333953 -0.836894
v -4.031638 0.327553 -0.818162
v -4.031638 0.325932 -0.809000
v -4.031638 0.325388 -0.800000
v -4.031638 0.326133 -0.789481
v -4.031638 0.328349 -0.778737
v -4.031638 0.337062 -0.756715
v -4.031638 0.351268 -0.734215
v -4.031638 0.370710 -0.711517
v -4.031638 0.448460 -0.650782
v -4.031638 0.555903 -0.598281
v -4.031638 0.683843 -0.561393
v -4.031638 0.823716 -0.544662
v -4.031638 1.101056 -0.554149
v -4.031638 1.495633 -0.597589
v -4.031638 1.872790 -0.647063
v -2.668750 2.060555 -0.923076
v -2.668750 1.768247 -0.966805
v -2.668750 1.504675 -1.000794
v -2.668750 1.262362 -1.028702
v -2.668750 1.073714 -1.046975
v -2.668750 0.829433 -1.056374
v -2.668750 0.643177 -1.037428
v -2.668750 0.541379 -1.012318
v -2.668750 0.448637 -0.977793
v -2.668750 0.359313 -0.929830
v -2.668750 0.295301 -0.877299
v -2.668750 0.279422 -0.857786
v -2.668750 0.267847 -0.838308
v -2.668750 0.260763 -0.819000
v -2.668750 0.258965 -0.809453
v -2.668750 0.258360 -0.800000
v -2.668750 0.259189 -0.788959
v -2.668750 0.261649 -0.777788
v -2.668750 0.271291 -0.755172
v -2.668750 0.286955 -0.732387
v -2.668750 0.308307 -0.709671
v -2.668750 0.392965 -0.649879
v -2.668750 0.508079 -0.598797
v -2.668750 0.642401 -0.562671
v -2.668750 0.786002 -0.545382
v -2.668750 1.066026 -0.552290
v -2.668750 1.468623 -0.594820
v -2.668750 1.858669 -0.646013
v -2.668750 2.110636 -0.685251
v -3.050000 2.112439 -0.685294
v -3.050000 1.862619 -0.646307
v -3.050000 1.476179 -0.595595
v -3.050000 1.075825 -0.552810
v -3.050000 0.796552 -0.545180
v -3.050000 0.653994 -0.562313
v -3.050000 0.521457 -0.598653
v -3.050000 0.408489 -0.650132
v -3.050000 0.325764 -0.710188
v -3.050000 0.304946 -0.732899
v -3.050000 0.289690 -0.755603
v -3.050000 0.280307 -0.778054
v -3.050000 0.277916 -0.789105
v -3.050000 0.277110 -0.800000
v -3.050000 0.277698 -0.809326
v -3.050000 0.279447 -0.818766
v -3.050000 0.286339 -0.837912
v -3.050000 0.297610 -0.857295
v -3.050000 0.313084 -0.876773
v -3.050000 0.375571 -0.929450
v -3.050000 0.463046 -0.977754
v -3.050000 0.554230 -1.012554
v -3.050000 0.654766 -1.037782
v -3.050000 0.839806 -1.056479
v -3.050000 1.083504 -1.046434
v -3.050000 1.271383 -1.027897
v -3.050000 1.511926 -1.000049
v -3.050000 1.773032 -0.966396
v -3.050000 2.062734 -0.923004
v -0.762500 2.049660 -0.923435
v -0.762500 1.744323 -0.968846
v -0.762500 1.468416 -1.004522
v -0.762500 1.217259 -1.032728
v -0.762500 1.024765 -1.049683
v -0.762500 0.777566 -1.055850
v -0.762500 0.585231 -1.035655
v -0.762500 0.477125 -1.011137
v -0.762500 0.376593 -0.977988
v -0.762500 0.278020 -0.931729
v -0.762500 0.206383 -0.879930
v -0.762500 0.188481 -0.860238
v -0.762500 0.175385 -0.840285
v -0.762500 0.167345 -0.820172
v -0.762500 0.165299 -0.810087
v -0.762500 0.164610 -0.800000
v -0.762500 0.165556 -0.788230
v -0.762500 0.168355 -0.776462
v -0.762500 0.179299 -0.753014
v -0.762500 0.197001 -0.729832
v -0.762500 0.221025 -0.707090
v -0.762500 0.315344 -0.648616
v -0.762500 0.441188 -0.599519
v -0.762500 0.584437 -0.564459
v -0.762500 0.733252 -0.546389
v -0.762500 1.017030 -0.549691
v -0.762500 1.430846 -0.590948
v -0.762500 1.838918 -0.644545
v -0.762500 2.101623 -0.685034
v -1.525000 2.105228 -0.685121
v -1.525000 1.846818 -0.645132
v -1.525000 1.445957 -0.592497
v -1.525000 1.036629 -0.550730
v -1.525000 0.754352 -0.545986
v -1.525000 0.607623 -0.563744
v -1.525000 0.467944 -0.599230
v -1.525000 0.346393 -0.649121
v -1.525000 0.255938 -0.708123
v -1.525000 0.232983 -0.730854
v -1.525000 0.216096 -0.753877
v -1.525000 0.205673 -0.776992
v -1.525000 0.203009 -0.788522
v -1.525000 0.202110 -0.800000
v -1.525000 0.202766 -0.809834
v -1.525000 0.204713 -0.819704
v -1.525000 0.212370 -0.839494
v -1.525000 0.224857 -0.859257
v -1.525000 0.241950 -0.878878
v -1.525000 0.310537 -0.930969
v -1.525000 0.405411 -0.977910
v -1.525000 0.502826 -1.011609
v -1.525000 0.608409 -1.036364
v -1.525000 0.798312 -1.056060
v -1.525000 1.044344 -1.048600
v -1.525000 1.235301 -1.031117
v -1.525000 1.482919 -1.003031
v -1.525000 1.753892 -0.968029
v -1.525000 2.054018 -0.923291
v -2.287500 1.763462 -0.967213
v -2.287500 1.497423 -1.001540
v -2.287500 1.253342 -1.029507
v -2.287500 1.063924 -1.047517
v -2.287500 0.819059 -1.056269
v -2.287500 0.631588 -1.037073
v -2.287500 0.528528 -1.012082
v -2.287500 0.434229 -0.977832
v -2.287500 0.343054 -0.930210
v -2.287500 0.277517 -0.877825
v -2.287500 0.261234 -0.858276
v -2.287500 0.249354 -0.838703
v -2.287500 0.242080 -0.819235
v -2.287500 0.240232 -0.809580
v -2.287500 0.239610 -0.800000
v -2.287500 0.240463 -0.788814
v -2.287500 0.242990 -0.777523
v -2.287500 0.252893 -0.754740
v -2.287500 0.268965 -0.731876
v -2.287500 0.290851 -0.709155
v -2.287500 0.377441 -0.649626
v -2.287500 0.494701 -0.598941
v -2.287500 0.630808 -0.563029
v -2.287500 0.775452 -0.545583
v -2.287500 1.056227 -0.551770
v -2.287500 1.461068 -0.594046
v -2.287500 1.854719 -0.645720
v 5.777825 2.387213 -0.800000
v 5.859807 2.240577 -0.800000
v 5.956631 1.999809 -0.839163
v 6.028393 1.751719 -0.873174
v 6.077361 1.497376 -0.903782
v 6.099631 1.236583 -0.933423
v 6.081204 0.967595 -0.955902
v 6.046697 0.831022 -0.955597
v 5.986773 0.698991 -0.939925
v 5.897832 0.583017 -0.908579
v 5.784535 0.494209 -0.869509
v 5.657085 0.434991 -0.831854
v 5.523918 0.400781 -0.800000
v 5.519863 0.401318 -0.815175
v 5.515478 0.404274 -0.829976
v 5.510871 0.409577 -0.844036
v 5.575571 0.435394 -0.879092
v 5.638461 0.463689 -0.906943
v 5.754655 0.538439 -0.961470
v 5.851736 0.643575 -1.012384
v 5.891069 0.707477 -1.032542
v 5.923644 0.776740 -1.046792
v 5.969240 0.921604 -1.057339
v 5.992758 1.065431 -1.051016
v 5.994913 1.343349 -1.021380
v 5.958243 1.615250 -0.988332
v 5.893315 1.882972 -0.952951
v 5.801720 2.142849 -0.911512
v 5.676858 2.387213 -0.865000
v 5.708794 2.387213 -0.861027
v 5.724051 2.387213 -0.855922
v 5.738366 2.387213 -0.848668
v 5.751317 2.387213 -0.839290
v 5.762522 2.387213 -0.827846
v 5.771458 2.387213 -0.814662
v 6.018212 1.145251 -1.041737
v 5.973251 0.860230 -1.053675
v 6.069980 0.927820 -0.982601
v 5.854642 0.621258 -1.001922
v 5.966554 0.671754 -0.957355
v 5.804249 2.342803 -0.805619
v 5.797486 2.342459 -0.822895
v 5.788084 2.340381 -0.838752
v 5.776376 2.336649 -0.852661
v 5.762782 2.331401 -0.864147
v 5.753125 2.327243 -0.870111
v 5.737432 2.319886 -0.876747
v 5.951211 2.006080 -0.862972
v 5.944262 2.006473 -0.880761
v 5.934250 2.005576 -0.896999
v 5.921548 2.003426 -0.911111
v 5.906644 2.000112 -0.922590
v 5.895994 1.997373 -0.928420
v 5.878630 1.992398 -0.934648
v 6.042328 1.675743 -0.907710
v 6.035368 1.676555 -0.925798
v 6.025114 1.676464 -0.942256
v 6.011963 1.675480 -0.956488
v 5.996434 1.673645 -0.967963
v 5.985300 1.672018 -0.973716
v 5.967109 1.668929 -0.979711
v 6.091724 1.334923 -0.947981
v 6.084797 1.336610 -0.966261
v 6.074411 1.337851 -0.982855
v 6.060980 1.338604 -0.997147
v 6.045046 1.338841 -1.008591
v 6.033594 1.338708 -1.014271
v 6.014855 1.338075 -1.020068
v 6.095357 1.134599 -0.969494
v 6.088540 1.136764 -0.987943
v 6.078186 1.138905 -1.004661
v 6.064712 1.140941 -1.019015
v 6.048674 1.142793 -1.030451
v 6.037126 1.143862 -1.036082
v 6.063317 0.929634 -1.001132
v 6.053199 0.932173 -1.017926
v 6.040035 0.935334 -1.032349
v 6.024366 0.938988 -1.043845
v 6.013084 0.941568 -1.049508
v 5.994605 0.945727 -1.055202
v 6.012229 0.753666 -0.973003
v 6.005508 0.754192 -0.990645
v 5.995929 0.756273 -1.006784
v 5.983844 0.759829 -1.020863
v 5.969702 0.764723 -1.032385
v 5.959611 0.768558 -1.038290
v 5.943168 0.775282 -1.044705
v 5.991005 0.854740 -1.047739
v 6.001861 0.851493 -1.041985
v 6.016980 0.847150 -1.030454
v 6.029750 0.843720 -1.016106
v 6.039658 0.841341 -0.999480
v 6.046318 0.840108 -0.981188
v 5.959820 0.671748 -0.973868
v 5.950789 0.673577 -0.989131
v 5.939754 0.677176 -1.002674
v 5.927081 0.682419 -1.014069
v 5.918127 0.686652 -1.020141
v 5.903621 0.694248 -1.027209
v 5.804958 0.508986 -0.895039
v 5.799555 0.509431 -0.907720
v 5.793296 0.511485 -0.919835
v 5.786300 0.515102 -0.931157
v 5.778704 0.520209 -0.941472
v 5.773501 0.524297 -0.947548
v 5.765229 0.531652 -0.955774
v 5.866732 0.613352 -0.994216
v 5.874251 0.608983 -0.988041
v 5.885027 0.603612 -0.976949
v 5.894628 0.599967 -0.964195
v 5.902787 0.598154 -0.950120
v 5.909281 0.598229 -0.935091
v 5.686927 0.447198 -0.854986
v 5.683173 0.448050 -0.865386
v 5.679057 0.450040 -0.875488
v 5.674629 0.453144 -0.885171
v 5.669945 0.457320 -0.894315
v 5.666784 0.460595 -0.899923
v 5.661802 0.466429 -0.907933
v 5.605067 0.419615 -0.830826
v 5.602448 0.420427 -0.839492
v 5.599656 0.422030 -0.847992
v 5.596713 0.424411 -0.856256
v 5.593644 0.427548 -0.864215
v 5.591591 0.429987 -0.869202
v 5.588370 0.434317 -0.876516
v 5.771457 2.387213 -0.785336
v 5.762516 2.387213 -0.772147
v 5.751310 2.387213 -0.760704
v 5.738352 2.387213 -0.751324
v 5.724027 2.387213 -0.744068
v 5.708767 2.387213 -0.738967
v 5.676858 2.387213 -0.735000
v 5.801453 2.143481 -0.688597
v 5.893161 1.883556 -0.647145
v 5.958107 1.615959 -0.611751
v 5.994850 1.344068 -0.578720
v 5.992855 1.066505 -0.549097
v 5.969542 0.922904 -0.542657
v 5.924073 0.777757 -0.552971
v 5.891587 0.708460 -0.567209
v 5.852281 0.644331 -0.587327
v 5.806389 0.587372 -0.611780
v 5.755085 0.538791 -0.638314
v 5.638477 0.463682 -0.693101
v 5.575367 0.435311 -0.720999
v 5.510871 0.409577 -0.755964
v 5.517705 0.402497 -0.777353
v 5.656983 0.434954 -0.768179
v 5.785004 0.494492 -0.730342
v 5.898264 0.583464 -0.691264
v 5.987274 0.699816 -0.659887
v 6.047071 0.832117 -0.644346
v 6.081363 0.968506 -0.644134
v 6.099605 1.237260 -0.666660
v 6.077326 1.497592 -0.696248
v 6.028309 1.752034 -0.726867
v 5.956548 1.999788 -0.760801
v 5.975832 1.654614 -0.619783
v 6.090201 1.045815 -0.628790
v 6.017849 1.059690 -0.551869
v 6.009664 0.745344 -0.633650
v 5.964582 0.666850 -0.649088
v 5.855467 2.073127 -0.679618
v 5.872243 2.078304 -0.686919
v 5.887575 2.082408 -0.697379
v 5.900928 2.085299 -0.710609
v 5.911824 2.086878 -0.726109
v 5.917368 2.087160 -0.737138
v 5.923365 2.086454 -0.755169
v 5.792567 2.355638 -0.784621
v 5.787274 2.354782 -0.773839
v 5.777062 2.352029 -0.758611
v 5.764707 2.347652 -0.745492
v 5.750628 2.341793 -0.734952
v 5.735295 2.334645 -0.727363
v 5.923888 1.866072 -0.647797
v 5.941312 1.870078 -0.654947
v 5.957197 1.873178 -0.665370
v 5.970973 1.875265 -0.678668
v 5.982134 1.876266 -0.694324
v 5.987756 1.876305 -0.705495
v 5.993718 1.875436 -0.723786
v 6.010853 1.440058 -0.593500
v 6.029096 1.441375 -0.600436
v 6.045672 1.442081 -0.610787
v 6.059969 1.442155 -0.624144
v 6.071446 1.441597 -0.639972
v 6.077147 1.440900 -0.651303
v 6.083031 1.439347 -0.669896
v 6.047004 1.659677 -0.696043
v 6.041079 1.660775 -0.677576
v 6.035409 1.661022 -0.666310
v 6.024065 1.660668 -0.650550
v 6.009993 1.659449 -0.637211
v 5.993718 1.657407 -0.626821
v 6.025247 1.222598 -0.567880
v 6.043762 1.221969 -0.574686
v 6.060555 1.220936 -0.584989
v 6.074997 1.219539 -0.598374
v 6.086531 1.217837 -0.614294
v 6.092215 1.216597 -0.625715
v 6.097991 1.214535 -0.644476
v 6.036354 1.057158 -0.558602
v 6.053117 1.054535 -0.568896
v 6.067504 1.051922 -0.582334
v 6.078953 1.049424 -0.598357
v 6.084564 1.047912 -0.609867
v 5.975243 0.847375 -0.548433
v 5.992538 0.841892 -0.555481
v 6.008263 0.837158 -0.565918
v 6.021843 0.833346 -0.579339
v 6.032768 0.830595 -0.595208
v 6.038214 0.829439 -0.606558
v 6.043874 0.828663 -0.625167
v 6.068073 0.913231 -0.623052
v 6.062487 0.914720 -0.604148
v 6.056969 0.916123 -0.592644
v 6.045754 0.918906 -0.576611
v 6.031696 0.922333 -0.563140
v 6.015337 0.926271 -0.552782
v 5.997294 0.930572 -0.545957
v 5.944617 0.764763 -0.558168
v 5.960618 0.758216 -0.565610
v 5.975254 0.752820 -0.576135
v 5.988023 0.748754 -0.589359
v 5.998477 0.746159 -0.604794
v 6.003824 0.745319 -0.615754
v 5.904961 0.686622 -0.576130
v 5.919089 0.679366 -0.584072
v 5.932134 0.673551 -0.594619
v 5.943695 0.669350 -0.607432
v 5.953411 0.666889 -0.622090
v 5.958568 0.666276 -0.632387
v 5.856235 0.616158 -0.601238
v 5.868066 0.608664 -0.609623
v 5.879117 0.602710 -0.620054
v 5.889100 0.598444 -0.632246
v 5.897751 0.595975 -0.645865
v 5.902534 0.595378 -0.655306
v 5.908492 0.596013 -0.670491
v 5.799548 0.556051 -0.630667
v 5.808949 0.548789 -0.639291
v 5.817832 0.542981 -0.649429
v 5.826011 0.538745 -0.660861
v 5.833310 0.536169 -0.673334
v 5.837497 0.535421 -0.681864
v 5.843004 0.535700 -0.695469
v 5.736690 0.506866 -0.661446
v 5.743800 0.500239 -0.670042
v 5.750588 0.494876 -0.679711
v 5.756942 0.490861 -0.690289
v 5.762755 0.488261 -0.701594
v 5.766191 0.487356 -0.709233
v 5.770900 0.487181 -0.721322
v 5.596567 0.435671 -0.722598
v 5.599922 0.431390 -0.730150
v 5.603178 0.427862 -0.738122
v 5.606307 0.425115 -0.746446
v 5.609283 0.423173 -0.755047
v 5.611120 0.422353 -0.760744
v 5.613786 0.421773 -0.769641
v 5.507138 0.407615 -0.759724
v 5.503902 0.405509 -0.764249
v 5.498924 0.401521 -0.775042
v 5.495938 0.398531 -0.787301
v 5.494942 0.397353 -0.800000
v 5.495938 0.398447 -0.812681
v 5.498924 0.401490 -0.824948
v 5.503902 0.405550 -0.835755
v 5.507138 0.407633 -0.840278
v 5.518399 0.399940 -0.804630
v 5.514369 0.399552 -0.808109
v 5.504617 0.399768 -0.816816
v 5.519432 0.401178 -0.785304
v 5.515899 0.400042 -0.789247
v 5.521556 0.400722 -0.791888
v 5.513199 0.404688 -0.768121
v 5.506817 0.401222 -0.777618
v 5.519411 0.400185 -0.793895
v 5.503054 0.398603 -0.789653
v 5.513562 0.399234 -0.794924
v 5.517926 0.399804 -0.797068
v 5.502137 0.397863 -0.803259
v 5.512884 0.399001 -0.801604
v 5.517470 0.399690 -0.800933
v 4.257644 2.387213 -0.735000
v 2.838429 2.387213 -0.735000
v 1.419215 2.387213 -0.735000
v 1.419215 2.387213 -0.865000
v 2.838429 2.387213 -0.865000
v 4.257644 2.387213 -0.865000
v 2.287500 2.108833 -0.685207
v 2.287500 2.058376 -0.923148
v 4.031638 2.117080 -0.685406
v 4.031638 2.068345 -0.922819
v 5.013275 2.121721 -0.685518
v 5.013275 1.882961 -0.647820
v 5.013275 1.515086 -0.599584
v 5.013275 1.126287 -0.555487
v 5.013275 0.850880 -0.544143
v 5.013275 0.713693 -0.560472
v 5.013275 0.590349 -0.597910
v 5.013275 0.488431 -0.651432
v 5.013275 0.415657 -0.712846
v 5.013275 0.397591 -0.735531
v 5.013275 0.384434 -0.757826
v 5.013275 0.376391 -0.779420
v 5.013275 0.374351 -0.789856
v 5.013275 0.373665 -0.800000
v 5.013275 0.374166 -0.808673
v 5.013275 0.375659 -0.817559
v 5.013275 0.381566 -0.835875
v 5.013275 0.391272 -0.854770
v 5.013275 0.404662 -0.874064
v 5.013275 0.459296 -0.927494
v 5.013275 0.537246 -0.977552
v 5.013275 0.620406 -1.013770
v 5.013275 0.714445 -1.039609
v 5.013275 0.893225 -1.057018
v 5.013275 1.133917 -1.043645
v 5.013275 1.317835 -1.023750
v 5.013275 1.549270 -0.996210
v 5.013275 1.797672 -0.964294
v 5.013275 2.073956 -0.922635
v 4.031638 1.872790 -0.647063
v 4.031638 1.495633 -0.597589
v 4.031638 1.101056 -0.554149
v 4.031638 0.823716 -0.544662
v 4.031638 0.683843 -0.561393
v 4.031638 0.555903 -0.598281
v 4.031638 0.448460 -0.650782
v 4.031638 0.370710 -0.711517
v 4.031638 0.351268 -0.734215
v 4.031638 0.337062 -0.756715
v 4.031638 0.328349 -0.778737
v 4.031638 0.326133 -0.789481
v 4.031638 0.325388 -0.800000
v 4.031638 0.325932 -0.809000
v 4.031638 0.327553 -0.818162
v 4.031638 0.333953 -0.836894
v 4.031638 0.344441 -0.856033
v 4.031638 0.358873 -0.875418
v 4.031638 0.417434 -0.928472
v 4.031638 0.500146 -0.977653
v 4.031638 0.587318 -1.013162
v 4.031638 0.684606 -1.038695
v 4.031638 0.866515 -1.056748
v 4.031638 1.108710 -1.045040
v 4.031638 1.294609 -1.025824
v 4.031638 1.530598 -0.998130
v 4.031638 1.785352 -0.965345
v 2.668750 2.110636 -0.685251
v 2.668750 1.858669 -0.646013
v 2.668750 1.468623 -0.594820
v 2.668750 1.066026 -0.552290
v 2.668750 0.786002 -0.545382
v 2.668750 0.642401 -0.562671
v 2.668750 0.508079 -0.598797
v 2.668750 0.392965 -0.649879
v 2.668750 0.308307 -0.709671
v 2.668750 0.286955 -0.732387
v 2.668750 0.271291 -0.755172
v 2.668750 0.261649 -0.777788
v 2.668750 0.259189 -0.788959
v 2.668750 0.258360 -0.800000
v 2.668750 0.258965 -0.809453
v 2.668750 0.260763 -0.819000
v 2.668750 0.267847 -0.838308
v 2.668750 0.279422 -0.857786
v 2.668750 0.295301 -0.877299
v 2.668750 0.359313 -0.929830
v 2.668750 0.448637 -0.977793
v 2.668750 0.541379 -1.012318
v 2.668750 0.643177 -1.037428
v 2.668750 0.829433 -1.056374
v 2.668750 1.073714 -1.046975
v 2.668750 1.262362 -1.028702
v 2.668750 1.504675 -1.000794
v 2.668750 1.768247 -0.966805
v 2.668750 2.060555 -0.923076
v 3.050000 2.062734 -0.923004
v 3.050000 1.773032 -0.966396
v 3.050000 1.511926 -1.000049
v 3.050000 1.271383 -1.027897
v 3.050000 1.083504 -1.046434
v 3.050000 0.839806 -1.056479
v 3.050000 0.654766 -1.037782
v 3.050000 0.554230 -1.012554
v 3.050000 0.463046 -0.977754
v 3.050000 0.375571 -0.929450
v 3.050000 0.313084 -0.876773
v 3.050000 0.297610 -0.857295
v 3.050000 0.286339 -0.837912
v 3.050000 0.279447 -0.818766
v 3.050000 0.277698 -0.809326
v 3.050000 0.277110 -0.800000
v 3.050000 0.277916 -0.789105
v 3.050000 0.280307 -0.778054
v 3.050000 0.289690 -0.755603
v 3.050000 0.304946 -0.732899
v 3.050000 0.325764 -0.710188
v 3.050000 0.408489 -0.650132
v 3.050000 0.521457 -0.598653
v 3.050000 0.653994 -0.562313
v 3.050000 0.796552 -0.545180
v 3.050000 1.075825 -0.552810
v 3.050000 1.476179 -0.595595
v 3.050000 1.862619 -0.646307
v 3.050000 2.112439 -0.685294
v 0.762500 2.101623 -0.685034
v 0.762500 1.838918 -0.644545
v 0.762500 1.430846 -0.590948
v 0.762500 1.017030 -0.549691
v 0.762500 0.733252 -0.546389
v 0.762500 0.584437 -0.564459
v 0.762500 0.441188 -0.599519
v 0.762500 0.315344 -0.648616
v 0.762500 0.221025 -0.707090
v 0.762500 0.197001 -0.729832
v 0.762500 0.179299 -0.753014
v 0.762500 0.168355 -0.776462
v 0.762500 0.165556 -0.788230
v 0.762500 0.164610 -0.800000
v 0.762500 0.165299 -0.810087
v 0.762500 0.167345 -0.820172
v 0.762500 0.175385 -0.840285
v 0.762500 0.188481 -0.860238
v 0.762500 0.206383 -0.879930
v 0.762500 0.278020 -0.931729
v 0.762500 0.376593 -0.977988
v 0.762500 0.477125 -1.011137
v 0.762500 0.585231 -1.035655
v 0.762500 0.777566 -1.055850
v 0.762500 1.024765 -1.049683
v 0.762500 1.217259 -1.032728
v 0.762500 1.468416 -1.004522
v 0.762500 1.744323 -0.968846
v 0.762500 2.049660 -0.923435
v 1.525000 2.054018 -0.923291
v 1.525000 1.753892 -0.968029
v 1.525000 1.482919 -1.003031
v 1.525000 1.235301 -1.031117
v 1.525000 1.044344 -1.048600
v 1.525000 0.798312 -1.056060
v 1.525000 0.608409 -1.036364
v 1.525000 0.502826 -1.011609
v 1.525000 0.405411 -0.977910
v 1.525000 0.310537 -0.930969
v 1.525000 0.241950 -0.878878
v 1.525000 0.224857 -0.859257
v 1.525000 0.212370 -0.839494
v 1.525000 0.204713 -0.819704
v 1.525000 0.202766 -0.809834
v 1.525000 0.202110 -0.800000
v 1.525000 0.203009 -0.788522
v 1.525000 0.205673 -0.776992
v 1.525000 0.216096 -0.753877
v 1.525000 0.232983 -0.730854
v 1.525000 0.255938 -0.708123
v 1.525000 0.346393 -0.649121
v 1.525000 0.467944 -0.599230
v 1.525000 0.607623 -0.563744
v 1.525000 0.754352 -0.545986
v 1.525000 1.036629 -0.550730
v 1.525000 1.445957 -0.592497
v 1.525000 1.846818 -0.645132
v 1.525000 2.105228 -0.685121
v 2.287500 1.854719 -0.645720
v 2.287500 1.461068 -0.594046
v 2.287500 1.056227 -0.551770
v 2.287500 0.775452 -0.545583
v 2.287500 0.630808 -0.563029
v 2.287500 0.494701 -0.598941
v 2.287500 0.377441 -0.649626
v 2.287500 0.290851 -0.709155
v 2.287500 0.268965 -0.731876
v 2.287500 0.252893 -0.754740
v 2.287500 0.242990 -0.777523
v 2.287500 0.240463 -0.788814
v 2.287500 0.239610 -0.800000
v 2.287500 0.240232 -0.809580
v 2.287500 0.242080 -0.819235
v 2.287500 0.249354 -0.838703
v 2.287500 0.261234 -0.858276
v 2.287500 0.277517 -0.877825
v 2.287500 0.343054 -0.930210
v 2.287500 0.434229 -0.977832
v 2.287500 0.528528 -1.012082
v 2.287500 0.631588 -1.037073
v 2.287500 0.819059 -1.056269
v 2.287500 1.063924 -1.047517
v 2.287500 1.253342 -1.029507
v 2.287500 1.497423 -1.001540
v 2.287500 1.763462 -0.967213
vt 0.028662 0.002323 0.000000
vt 0.025588 0.052768 0.000000
vt 0.000000 0.164253 0.000000
vt 0.025588 0.420902 0.000000
vt 0.000002 0.425028 0.000000
vt 0.000000 0.685802 0.000000
vt 0.025588 0.766750 0.000000
vt 0.000000 0.946577 0.000000
vt 0.025588 1.112597 0.000000
vt 0.000000 1.207351 0.000000
vt 0.025588 1.309883 0.000000
vt 0.000000 1.468125 0.000000
vt 0.025588 1.507169 0.000000
vt 0.000000 1.598513 0.000000
vt 0.025588 1.589633 0.000000
vt 0.025588 1.672097 0.000000
vt 0.045237 1.589633 0.000000
vt 0.045237 1.672097 0.000000
vt 0.064887 1.589633 0.000000
vt 0.064887 1.672097 0.000000
vt 0.084537 1.589633 0.000000
vt 0.084537 1.672097 0.000000
vt 0.104186 1.589633 0.000000
vt 0.104186 1.672097 0.000000
vt 0.116980 1.589633 0.000000
vt 0.116980 1.672097 0.000000
vt 0.136630 1.589633 0.000000
vt 0.136630 1.672097 0.000000
vt 0.156279 1.678182 0.000000
vt 0.156279 1.749715 0.000000
vt 0.045237 0.052768 0.000000
vt 0.045652 0.001619 0.000000
vt 0.062420 -0.000605 0.000000
vt 0.064887 0.052768 0.000000
vt 0.078980 -0.004274 0.000000
vt 0.084537 0.052768 0.000000
vt 0.095136 -0.009220 0.000000
vt 0.104186 0.052768 0.000000
vt 0.110945 -0.015300 0.000000
vt 0.116980 0.052768 0.000000
vt 0.126380 -0.022342 0.000000
vt 0.136630 0.052768 0.000000
vt 0.156247 -0.038686 0.000000
vt 0.156279 0.247516 0.000000
vt 0.136630 0.420902 0.000000
vt 0.156279 0.533649 0.000000
vt 0.136630 0.766750 0.000000
vt 0.156279 0.819782 0.000000
vt 0.136630 1.112597 0.000000
vt 0.156279 1.105915 0.000000
vt 0.136630 1.309883 0.000000
vt 0.156279 1.392049 0.000000
vt 0.136630 1.507169 0.000000
vt 0.156279 1.535115 0.000000
vt 0.136630 1.754561 0.000000
vt 0.156279 1.821249 0.000000
vt 0.136630 1.837025 0.000000
vt 0.156279 1.964315 0.000000
vt 0.136630 1.961526 0.000000
vt 0.136630 2.086027 0.000000
vt 0.116980 2.086027 0.000000
vt 0.116980 2.168252 0.000000
vt 0.104186 2.168252 0.000000
vt 0.103950 2.250467 0.000000
vt 0.084537 2.168252 0.000000
vt 0.051961 2.250458 0.000000
vt 0.064887 2.168252 0.000000
vt 0.045237 2.168252 0.000000
vt 0.064887 2.086027 0.000000
vt 0.045237 2.086027 0.000000
vt 0.064887 1.961526 0.000000
vt 0.045237 1.961526 0.000000
vt 0.064887 1.837025 0.000000
vt 0.045237 1.837025 0.000000
vt 0.064887 1.754561 0.000000
vt 0.045237 1.754561 0.000000
vt 0.156279 2.107382 0.000000
vt 0.136630 2.168252 0.000000
vt 0.156279 2.178915 0.000000
vt 0.155954 2.250477 0.000000
vt 0.025588 2.168252 0.000000
vt 0.000000 2.250448 0.000000
vt 0.000000 2.120061 0.000000
vt 0.025588 2.086027 0.000000
vt 0.000000 1.989674 0.000000
vt 0.025588 1.961526 0.000000
vt 0.000000 1.859287 0.000000
vt 0.025588 1.837025 0.000000
vt 0.025588 1.754561 0.000000
vt 0.000000 1.728900 0.000000
vt 0.116980 0.420902 0.000000
vt 0.116980 0.766750 0.000000
vt 0.116980 1.112597 0.000000
vt 0.116980 1.309883 0.000000
vt 0.116980 1.507169 0.000000
vt 0.104186 0.420902 0.000000
vt 0.104186 0.766750 0.000000
vt 0.104186 1.112597 0.000000
vt 0.104186 1.309883 0.000000
vt 0.104186 1.507169 0.000000
vt 0.084537 0.420902 0.000000
vt 0.084537 0.766750 0.000000
vt 0.084537 1.112597 0.000000
vt 0.084537 1.309883 0.000000
vt 0.084537 1.507169 0.000000
vt 0.064887 0.420902 0.000000
vt 0.064887 0.766750 0.000000
vt 0.064887 1.112597 0.000000
vt 0.064887 1.309883 0.000000
vt 0.064887 1.507169 0.000000
vt 0.045237 0.420902 0.000000
vt 0.045237 0.766750 0.000000
vt 0.045237 1.112597 0.000000
vt 0.045237 1.309883 0.000000
vt 0.045237 1.507169 0.000000
vt 0.116980 1.754561 0.000000
vt 0.116980 1.837025 0.000000
vt 0.116980 1.961526 0.000000
vt 0.104186 1.754561 0.000000
vt 0.104186 1.837025 0.000000
vt 0.104186 1.961526 0.000000
vt 0.104186 2.086027 0.000000
vt 0.084537 1.754561 0.000000
vt 0.084537 1.837025 0.000000
vt 0.084537 1.961526 0.000000
vt 0.084537 2.086027 0.000000
vt 0.110622 -2.258395 0.000000
vt 0.127614 -2.257690 0.000000
vt 0.116946 -2.221814 0.000000
vt 0.156268 -2.095593 0.000000
vt 0.116946 -1.925786 0.000000
vt 0.136611 -1.925786 0.000000
vt 0.116946 -1.701928 0.000000
vt 0.136611 -1.701928 0.000000
vt 0.116946 -1.478070 0.000000
vt 0.136611 -1.478070 0.000000
vt 0.116946 -1.254212 0.000000
vt 0.136611 -1.254212 0.000000
vt 0.116946 -1.030354 0.000000
vt 0.136611 -1.030354 0.000000
vt 0.116946 -0.867016 0.000000
vt 0.136611 -0.867016 0.000000
vt 0.116946 -0.741371 0.000000
vt 0.136611 -0.741371 0.000000
vt 0.116946 -0.661734 0.000000
vt 0.136611 -0.661734 0.000000
vt 0.116946 -0.582098 0.000000
vt 0.136611 -0.582098 0.000000
vt 0.116946 -0.502462 0.000000
vt 0.136611 -0.502462 0.000000
vt 0.116946 -0.422825 0.000000
vt 0.136611 -0.422825 0.000000
vt 0.116946 -0.343189 0.000000
vt 0.136611 -0.343189 0.000000
vt 0.116946 -0.263552 0.000000
vt 0.136611 -0.263552 0.000000
vt 0.116946 -0.104280 0.000000
vt 0.136611 -0.104280 0.000000
vt 0.156275 -0.014148 0.000000
vt 0.156275 -0.144238 0.000000
vt 0.156275 -0.274328 0.000000
vt 0.156275 -0.404418 0.000000
vt 0.156274 -1.835406 0.000000
vt 0.156275 -1.575226 0.000000
vt 0.156275 -1.315047 0.000000
vt 0.156275 -1.054867 0.000000
vt 0.156275 -0.794687 0.000000
vt 0.156275 -0.664597 0.000000
vt 0.156275 -0.534507 0.000000
vt 0.078137 -0.014148 0.000000
vt 0.104183 -0.104280 0.000000
vt 0.104183 -0.263552 0.000000
vt 0.104183 -0.343189 0.000000
vt 0.104183 -0.422825 0.000000
vt 0.104183 -0.502462 0.000000
vt 0.104183 -0.582098 0.000000
vt 0.104183 -0.661734 0.000000
vt 0.104183 -0.741371 0.000000
vt 0.104183 -0.867016 0.000000
vt 0.104183 -1.030354 0.000000
vt 0.104183 -1.254212 0.000000
vt 0.104183 -1.478070 0.000000
vt 0.104183 -1.701928 0.000000
vt 0.104183 -1.925786 0.000000
vt 0.104183 -2.221814 0.000000
vt 0.093847 -2.260625 0.000000
vt 0.084519 -2.221814 0.000000
vt 0.077287 -2.264302 0.000000
vt 0.064855 -2.221814 0.000000
vt 0.061126 -2.269261 0.000000
vt 0.045191 -2.221814 0.000000
vt 0.045308 -2.275359 0.000000
vt 0.029873 -2.282419 0.000000
vt 0.025526 -2.221814 0.000000
vt 0.000032 -2.298790 0.000000
vt 0.000000 -2.013150 0.000000
vt 0.025526 -1.925786 0.000000
vt 0.000000 -1.727578 0.000000
vt 0.025526 -1.701928 0.000000
vt 0.025526 -1.478070 0.000000
vt 0.045191 -1.701928 0.000000
vt 0.045191 -1.478070 0.000000
vt 0.064855 -1.701928 0.000000
vt 0.064855 -1.478070 0.000000
vt 0.084519 -1.701928 0.000000
vt 0.084519 -1.478070 0.000000
vt 0.000006 -0.014148 0.000000
vt 0.064855 -0.104280 0.000000
vt 0.084519 -0.104280 0.000000
vt 0.000000 -0.085541 0.000000
vt 0.025526 -0.104280 0.000000
vt 0.045191 -0.104280 0.000000
vt 0.064855 -0.263552 0.000000
vt 0.084519 -0.263552 0.000000
vt 0.084519 -0.343189 0.000000
vt 0.000000 -0.156934 0.000000
vt 0.025526 -0.263552 0.000000
vt 0.045191 -0.263552 0.000000
vt 0.045191 -0.343189 0.000000
vt 0.064855 -0.343189 0.000000
vt 0.064855 -0.422825 0.000000
vt 0.084519 -0.422825 0.000000
vt 0.084519 -0.502462 0.000000
vt 0.000000 -0.299720 0.000000
vt 0.025526 -0.343189 0.000000
vt 0.045191 -0.422825 0.000000
vt 0.064855 -0.502462 0.000000
vt 0.084519 -0.582098 0.000000
vt 0.000000 -0.371113 0.000000
vt 0.025526 -0.422825 0.000000
vt 0.045191 -0.502462 0.000000
vt 0.064855 -0.582098 0.000000
vt 0.084519 -0.661734 0.000000
vt 0.000000 -0.442506 0.000000
vt 0.025526 -0.502462 0.000000
vt 0.045191 -0.582098 0.000000
vt 0.064855 -0.661734 0.000000
vt 0.084519 -0.741371 0.000000
vt 0.000000 -0.513899 0.000000
vt 0.025526 -0.582098 0.000000
vt 0.045191 -0.661734 0.000000
vt 0.064855 -0.741371 0.000000
vt 0.084519 -0.867016 0.000000
vt 0.000000 -0.585291 0.000000
vt 0.025526 -0.661734 0.000000
vt 0.045191 -0.741371 0.000000
vt 0.064855 -0.867016 0.000000
vt 0.084519 -1.030354 0.000000
vt 0.000000 -0.728077 0.000000
vt 0.025526 -0.741371 0.000000
vt 0.045191 -0.867016 0.000000
vt 0.064855 -1.030354 0.000000
vt 0.084519 -1.254212 0.000000
vt 0.000000 -0.870863 0.000000
vt 0.025526 -0.867016 0.000000
vt 0.045191 -1.030354 0.000000
vt 0.064855 -1.254212 0.000000
vt 0.025526 -1.030354 0.000000
vt 0.000000 -1.156435 0.000000
vt 0.025526 -1.254212 0.000000
vt 0.000000 -1.442007 0.000000
vt 0.084519 -1.925786 0.000000
vt 0.064855 -1.925786 0.000000
vt 0.045191 -1.925786 0.000000
vt 0.045191 -1.254212 0.000000
vt 0.017837 0.000000 0.000000
vt 0.008919 0.014186 0.000000
vt 0.008919 0.000001 0.000000
vt 0.004887 0.014186 0.000000
vt 0.000000 0.014186 0.000000
vt 0.026756 0.000000 0.000000
vt 0.026756 0.003227 0.000000
vt 0.026756 0.006454 0.000000
vt 0.019791 0.014186 0.000000
vt 0.026756 0.012909 0.000000
vt 0.026756 0.019363 0.000000
vt 0.019791 0.023549 0.000000
vt 0.026756 0.025818 0.000000
vt 0.019791 0.032911 0.000000
vt 0.026756 0.032272 0.000000
vt 0.026756 0.038727 0.000000
vt 0.019791 0.041517 0.000000
vt 0.026756 0.045181 0.000000
vt 0.019791 0.050123 0.000000
vt 0.026756 0.048409 0.000000
vt 0.026756 0.051636 0.000000
vt 0.013379 0.051636 0.000000
vt 0.000000 0.051636 0.000000
vt 0.004887 0.050123 0.000000
vt 0.008919 0.050123 0.000000
vt 0.008919 0.041517 0.000000
vt 0.004887 0.041517 0.000000
vt 0.000000 0.050123 0.000000
vt 0.000000 0.041517 0.000000
vt 0.004887 0.032911 0.000000
vt 0.000000 0.032911 0.000000
vt 0.004887 0.023549 0.000000
vt 0.000000 0.023549 0.000000
vt 0.008919 0.023549 0.000000
vt 0.008919 0.032911 0.000000
vt -0.939183 5.582311 0.000000
vt -0.915069 5.019334 0.000000
vt -0.905149 5.517531 0.000000
vt -0.896501 5.019334 0.000000
vt -0.901419 5.513794 0.000000
vt -0.896902 5.510556 0.000000
vt -0.885925 5.505573 0.000000
vt -0.877934 5.019334 0.000000
vt -0.873102 5.502580 0.000000
vt -0.868650 5.019334 0.000000
vt -0.859366 5.501583 0.000000
vt -0.859366 5.019334 0.000000
vt -0.848537 5.019334 0.000000
vt -0.848537 4.036510 0.000000
vt -0.837709 4.036510 0.000000
vt -0.837709 3.053686 0.000000
vt -0.816051 3.053686 0.000000
vt -0.816051 2.671976 0.000000
vt -0.794393 2.671976 0.000000
vt -0.794393 2.290265 0.000000
vt -0.772735 2.290265 0.000000
vt -0.772735 1.526843 0.000000
vt -0.713516 1.526843 0.000000
vt -0.713516 0.763422 0.000000
vt -0.654297 0.763422 0.000000
vt -0.698235 0.000000 0.000000
vt -0.644525 0.000000 0.000000
vt -0.933637 5.019334 0.000000
vt -0.965605 5.645275 0.000000
vt -0.984525 5.019334 0.000000
vt -1.018612 5.761610 0.000000
vt -1.035414 5.019334 0.000000
vt -1.077072 5.858809 0.000000
vt -1.079705 5.019334 0.000000
vt -1.108209 5.898189 0.000000
vt -1.123997 5.019334 0.000000
vt -1.139746 5.930804 0.000000
vt -1.200505 5.019334 0.000000
vt -1.201491 5.976455 0.000000
vt -1.259855 6.000001 0.000000
vt -1.297261 5.019334 0.000000
vt -1.370130 6.002158 0.000000
vt -1.369232 5.019334 0.000000
vt -1.456607 5.019334 0.000000
vt -1.369232 4.036510 0.000000
vt -1.456607 4.036510 0.000000
vt -1.369232 3.053686 0.000000
vt -1.456607 3.053686 0.000000
vt -1.369232 2.671976 0.000000
vt -1.456607 2.671976 0.000000
vt -1.369232 2.290265 0.000000
vt -1.456607 2.290265 0.000000
vt -1.369232 1.526843 0.000000
vt -1.456607 1.526843 0.000000
vt -1.369232 0.763422 0.000000
vt -1.456607 0.763422 0.000000
vt -1.396470 0.000000 0.000000
vt -1.503891 0.000000 0.000000
vt -1.543982 0.763422 0.000000
vt -1.611312 0.000000 0.000000
vt -1.631358 0.763422 0.000000
vt -1.718733 0.000000 0.000000
vt -1.718733 1.420930 0.000000
vt -1.631358 1.526843 0.000000
vt -1.631358 2.290265 0.000000
vt -1.543982 1.526843 0.000000
vt -1.543982 2.290265 0.000000
vt -1.474514 5.965444 0.000000
vt -1.543982 5.019334 0.000000
vt -1.543982 4.036510 0.000000
vt -1.543982 3.053686 0.000000
vt -1.543982 2.671976 0.000000
vt -1.569085 5.900437 0.000000
vt -1.631358 5.019334 0.000000
vt -1.631358 4.036510 0.000000
vt -1.631358 3.053686 0.000000
vt -1.631358 2.671976 0.000000
vt -1.650573 5.808732 0.000000
vt -1.718733 5.683719 0.000000
vt -1.718733 4.262790 0.000000
vt -1.718733 2.841860 0.000000
vt -1.289049 0.000000 0.000000
vt -1.297261 0.763422 0.000000
vt -1.297261 1.526843 0.000000
vt -1.297261 2.290265 0.000000
vt -1.297261 2.671976 0.000000
vt -1.297261 3.053686 0.000000
vt -1.297261 4.036510 0.000000
vt -1.200505 0.763422 0.000000
vt -1.181629 0.000000 0.000000
vt -1.123997 0.763422 0.000000
vt -1.074208 0.000000 0.000000
vt -1.079705 0.763422 0.000000
vt -1.035414 0.763422 0.000000
vt -1.079705 1.526843 0.000000
vt -1.035414 1.526843 0.000000
vt -1.079705 2.290265 0.000000
vt -1.035414 2.290265 0.000000
vt -1.079705 2.671976 0.000000
vt -1.035414 2.671976 0.000000
vt -1.079705 3.053686 0.000000
vt -1.035414 3.053686 0.000000
vt -1.079705 4.036510 0.000000
vt -1.035414 4.036510 0.000000
vt -1.020497 0.000000 0.000000
vt -0.984525 0.763422 0.000000
vt -0.984525 1.526843 0.000000
vt -0.984525 2.290265 0.000000
vt -0.984525 2.671976 0.000000
vt -0.984525 3.053686 0.000000
vt -0.984525 4.036510 0.000000
vt -0.966787 0.000000 0.000000
vt -0.933637 0.763422 0.000000
vt -0.933637 1.526843 0.000000
vt -0.933637 2.290265 0.000000
vt -0.933637 2.671976 0.000000
vt -0.933637 3.053686 0.000000
vt -0.933637 4.036510 0.000000
vt -0.939932 0.000000 0.000000
vt -0.913077 0.000000 0.000000
vt -0.915069 0.763422 0.000000
vt -0.899649 0.000000 0.000000
vt -0.896501 0.763422 0.000000
vt -0.886221 0.000000 0.000000
vt -0.877934 0.763422 0.000000
vt -0.872794 0.000000 0.000000
vt -0.868650 0.763422 0.000000
vt -0.859366 0.000000 0.000000
vt -0.859366 0.763422 0.000000
vt -0.848537 0.763422 0.000000
vt -0.859366 1.526843 0.000000
vt -0.848537 1.526843 0.000000
vt -0.859366 2.290265 0.000000
vt -0.848537 2.290265 0.000000
vt -0.859366 2.671976 0.000000
vt -0.848537 2.671976 0.000000
vt -0.859366 3.053686 0.000000
vt -0.848537 3.053686 0.000000
vt -0.859366 4.036510 0.000000
vt -0.845939 0.000000 0.000000
vt -0.837709 0.763422 0.000000
vt -0.837709 1.526843 0.000000
vt -0.837709 2.290265 0.000000
vt -0.837709 2.671976 0.000000
vt -0.832511 0.000000 0.000000
vt -0.816051 0.763422 0.000000
vt -0.816051 1.526843 0.000000
vt -0.816051 2.290265 0.000000
vt -0.819084 0.000000 0.000000
vt -0.805656 0.000000 0.000000
vt -0.794393 0.763422 0.000000
vt -0.778801 0.000000 0.000000
vt -0.772735 0.763422 0.000000
vt -0.751946 0.000000 0.000000
vt -0.595078 0.763422 0.000000
vt -0.537104 0.000000 0.000000
vt -0.535859 0.763422 0.000000
vt -0.429683 0.000000 0.000000
vt -0.424460 0.763422 0.000000
vt -0.322262 0.000000 0.000000
vt -0.274702 0.763422 0.000000
vt -0.214842 0.000000 0.000000
vt -0.146748 0.763422 0.000000
vt -0.107421 0.000000 0.000000
vt -0.073374 0.763422 0.000000
vt -0.000000 0.000000 0.000000
vt -0.000000 1.420930 0.000000
vt -0.000000 2.841860 0.000000
vt -0.073374 2.290265 0.000000
vt -0.073374 1.526843 0.000000
vt -0.146748 1.526843 0.000000
vt -0.274702 1.526843 0.000000
vt -0.424460 1.526843 0.000000
vt -0.535859 1.526843 0.000000
vt -0.595078 1.526843 0.000000
vt -0.654297 1.526843 0.000000
vt -0.000000 4.262790 0.000000
vt -0.073374 4.036510 0.000000
vt -0.073374 3.053686 0.000000
vt -0.073374 2.671976 0.000000
vt -0.146748 3.053686 0.000000
vt -0.146748 2.671976 0.000000
vt -0.274702 3.053686 0.000000
vt -0.274702 2.671976 0.000000
vt -0.424460 3.053686 0.000000
vt -0.424460 2.671976 0.000000
vt -0.535859 3.053686 0.000000
vt -0.535859 2.671976 0.000000
vt -0.595078 3.053686 0.000000
vt -0.595078 2.671976 0.000000
vt -0.654297 3.053686 0.000000
vt -0.654297 2.671976 0.000000
vt -0.713516 3.053686 0.000000
vt -0.713516 2.671976 0.000000
vt -0.772735 3.053686 0.000000
vt -0.772735 2.671976 0.000000
vt -0.794393 3.053686 0.000000
vt -0.073374 5.019334 0.000000
vt -0.000000 5.683719 0.000000
vt -0.068048 5.808465 0.000000
vt -0.149576 5.900284 0.000000
vt -0.146748 5.019334 0.000000
vt -0.146748 4.036510 0.000000
vt -0.243968 5.965308 0.000000
vt -0.274702 5.019334 0.000000
vt -0.274702 4.036510 0.000000
vt -0.348300 6.002096 0.000000
vt -0.424460 5.019334 0.000000
vt -0.424460 4.036510 0.000000
vt -0.458454 6.000098 0.000000
vt -0.516787 5.976757 0.000000
vt -0.535859 5.019334 0.000000
vt -0.578527 5.931233 0.000000
vt -0.595078 5.019334 0.000000
vt -0.610070 5.898708 0.000000
vt -0.641254 5.859351 0.000000
vt -0.654297 5.019334 0.000000
vt -0.671397 5.813403 0.000000
vt -0.699876 5.762038 0.000000
vt -0.713516 5.019334 0.000000
vt -0.753211 5.645293 0.000000
vt -0.772735 5.019334 0.000000
vt -0.779748 5.582106 0.000000
vt -0.794393 5.019334 0.000000
vt -0.813662 5.517531 0.000000
vt -0.816051 5.019334 0.000000
vt -0.817393 5.513792 0.000000
vt -0.821909 5.510553 0.000000
vt -0.832824 5.505574 0.000000
vt -0.837709 5.019334 0.000000
vt -0.816051 4.036510 0.000000
vt -0.845608 5.502584 0.000000
vt -0.146748 2.290265 0.000000
vt -0.274702 2.290265 0.000000
vt -0.424460 2.290265 0.000000
vt -0.535859 2.290265 0.000000
vt -0.595078 2.290265 0.000000
vt -0.654297 2.290265 0.000000
vt -0.713516 2.290265 0.000000
vt -1.200505 4.036510 0.000000
vt -1.200505 3.053686 0.000000
vt -1.200505 2.671976 0.000000
vt -1.200505 2.290265 0.000000
vt -1.200505 1.526843 0.000000
vt -1.123997 4.036510 0.000000
vt -1.123997 3.053686 0.000000
vt -1.123997 2.671976 0.000000
vt -1.123997 2.290265 0.000000
vt -1.123997 1.526843 0.000000
vt -0.915069 4.036510 0.000000
vt -0.915069 3.053686 0.000000
vt -0.915069 2.671976 0.000000
vt -0.915069 2.290265 0.000000
vt -0.915069 1.526843 0.000000
vt -0.896501 4.036510 0.000000
vt -0.896501 3.053686 0.000000
vt -0.896501 2.671976 0.000000
vt -0.896501 2.290265 0.000000
vt -0.896501 1.526843 0.000000
vt -0.877934 4.036510 0.000000
vt -0.877934 3.053686 0.000000
vt -0.877934 2.671976 0.000000
vt -0.877934 2.290265 0.000000
vt -0.877934 1.526843 0.000000
vt -0.868650 4.036510 0.000000
vt -0.868650 3.053686 0.000000
vt -0.868650 2.671976 0.000000
vt -0.868650 2.290265 0.000000
vt -0.868650 1.526843 0.000000
vt -0.794393 4.036510 0.000000
vt -0.772735 4.036510 0.000000
vt -0.713516 4.036510 0.000000
vt -0.654297 4.036510 0.000000
vt -0.595078 4.036510 0.000000
vt -0.535859 4.036510 0.000000
vt -0.794393 1.526843 0.000000
vt 2.140086 0.800000 0.000000
vt 1.926227 0.839163 0.000000
vt 1.926233 0.760801 0.000000
vt 1.721064 0.726867 0.000000
vt 1.720806 0.873174 0.000000
vt 1.512562 0.696248 0.000000
vt 1.512381 0.903782 0.000000
vt 1.289460 0.666660 0.000000
vt 1.288854 0.933423 0.000000
vt 1.031521 0.644134 0.000000
vt 1.030568 0.955902 0.000000
vt 0.880154 0.644346 0.000000
vt 0.878855 0.955597 0.000000
vt 0.709924 0.659887 0.000000
vt 0.708751 0.939925 0.000000
vt 0.527036 0.691264 0.000000
vt 0.526250 0.908579 0.000000
vt 0.345340 0.730342 0.000000
vt 0.344661 0.869509 0.000000
vt 0.175085 0.768179 0.000000
vt 0.175211 0.831854 0.000000
vt 0.021749 0.800000 0.000000
vt -0.000000 0.164253 0.000000
vt -0.025588 0.052768 0.000000
vt -0.028662 0.002323 0.000000
vt -0.045237 0.052768 0.000000
vt -0.045652 0.001619 0.000000
vt -0.062420 -0.000605 0.000000
vt -0.064887 0.052768 0.000000
vt -0.078980 -0.004274 0.000000
vt -0.084537 0.052768 0.000000
vt -0.095136 -0.009220 0.000000
vt -0.104186 0.052768 0.000000
vt -0.110945 -0.015300 0.000000
vt -0.116980 0.052768 0.000000
vt -0.126380 -0.022342 0.000000
vt -0.136630 0.052768 0.000000
vt -0.156247 -0.038686 0.000000
vt -0.156279 0.247516 0.000000
vt -0.136630 0.420902 0.000000
vt -0.156279 0.533649 0.000000
vt -0.136630 0.766750 0.000000
vt -0.156279 0.819782 0.000000
vt -0.136630 1.112597 0.000000
vt -0.156279 1.105915 0.000000
vt -0.136630 1.309883 0.000000
vt -0.156279 1.392049 0.000000
vt -0.136630 1.507169 0.000000
vt -0.156279 1.535115 0.000000
vt -0.136630 1.589633 0.000000
vt -0.156279 1.678182 0.000000
vt -0.136630 1.672097 0.000000
vt -0.156279 1.749715 0.000000
vt -0.136630 1.754561 0.000000
vt -0.156279 1.821249 0.000000
vt -0.136630 1.837025 0.000000
vt -0.156279 1.964315 0.000000
vt -0.136630 1.961526 0.000000
vt -0.136630 2.086027 0.000000
vt -0.116980 1.961526 0.000000
vt -0.116980 2.086027 0.000000
vt -0.104186 1.961526 0.000000
vt -0.104186 2.086027 0.000000
vt -0.084537 1.961526 0.000000
vt -0.084537 2.086027 0.000000
vt -0.064887 1.961526 0.000000
vt -0.064887 2.086027 0.000000
vt -0.045237 1.961526 0.000000
vt -0.045237 2.086027 0.000000
vt -0.025588 1.961526 0.000000
vt -0.025588 2.086027 0.000000
vt -0.000000 1.989674 0.000000
vt -0.000000 2.120061 0.000000
vt -0.025588 0.420902 0.000000
vt -0.000002 0.425028 0.000000
vt -0.000000 0.685802 0.000000
vt -0.025588 0.766750 0.000000
vt -0.000000 0.946577 0.000000
vt -0.025588 1.112597 0.000000
vt -0.000000 1.207351 0.000000
vt -0.025588 1.309883 0.000000
vt -0.000000 1.468125 0.000000
vt -0.025588 1.507169 0.000000
vt -0.000000 1.598513 0.000000
vt -0.025588 1.589633 0.000000
vt -0.025588 1.672097 0.000000
vt -0.045237 1.672097 0.000000
vt -0.045237 1.754561 0.000000
vt -0.064887 1.754561 0.000000
vt -0.064887 1.837025 0.000000
vt -0.084537 1.837025 0.000000
vt -0.000000 1.728900 0.000000
vt -0.025588 1.754561 0.000000
vt -0.045237 1.837025 0.000000
vt -0.000000 1.859287 0.000000
vt -0.025588 1.837025 0.000000
vt -0.025588 2.168252 0.000000
vt -0.000000 2.250448 0.000000
vt -0.051961 2.250458 0.000000
vt -0.103950 2.250467 0.000000
vt -0.064887 2.168252 0.000000
vt -0.045237 2.168252 0.000000
vt -0.155954 2.250477 0.000000
vt -0.104186 2.168252 0.000000
vt -0.084537 2.168252 0.000000
vt -0.156279 2.178915 0.000000
vt -0.136630 2.168252 0.000000
vt -0.116980 2.168252 0.000000
vt -0.156279 2.107382 0.000000
vt -0.045237 0.420902 0.000000
vt -0.045237 0.766750 0.000000
vt -0.045237 1.112597 0.000000
vt -0.045237 1.309883 0.000000
vt -0.045237 1.507169 0.000000
vt -0.045237 1.589633 0.000000
vt -0.064887 0.420902 0.000000
vt -0.064887 0.766750 0.000000
vt -0.064887 1.112597 0.000000
vt -0.064887 1.309883 0.000000
vt -0.064887 1.507169 0.000000
vt -0.064887 1.589633 0.000000
vt -0.064887 1.672097 0.000000
vt -0.084537 0.420902 0.000000
vt -0.084537 0.766750 0.000000
vt -0.084537 1.112597 0.000000
vt -0.084537 1.309883 0.000000
vt -0.084537 1.507169 0.000000
vt -0.084537 1.589633 0.000000
vt -0.084537 1.672097 0.000000
vt -0.084537 1.754561 0.000000
vt -0.104186 0.420902 0.000000
vt -0.104186 0.766750 0.000000
vt -0.104186 1.112597 0.000000
vt -0.104186 1.309883 0.000000
vt -0.104186 1.507169 0.000000
vt -0.104186 1.589633 0.000000
vt -0.104186 1.672097 0.000000
vt -0.104186 1.754561 0.000000
vt -0.104186 1.837025 0.000000
vt -0.116980 0.420902 0.000000
vt -0.116980 0.766750 0.000000
vt -0.116980 1.112597 0.000000
vt -0.116980 1.309883 0.000000
vt -0.116980 1.507169 0.000000
vt -0.116980 1.589633 0.000000
vt -0.116980 1.672097 0.000000
vt -0.116980 1.754561 0.000000
vt -0.116980 1.837025 0.000000
vt -0.156274 -1.835406 0.000000
vt -0.156268 -2.095593 0.000000
vt -0.136611 -1.925786 0.000000
vt -0.127614 -2.257690 0.000000
vt -0.116946 -2.221814 0.000000
vt -0.110622 -2.258395 0.000000
vt -0.104183 -2.221814 0.000000
vt -0.093847 -2.260625 0.000000
vt -0.084519 -2.221814 0.000000
vt -0.077287 -2.264302 0.000000
vt -0.064855 -2.221814 0.000000
vt -0.061126 -2.269261 0.000000
vt -0.045191 -2.221814 0.000000
vt -0.045308 -2.275359 0.000000
vt -0.029873 -2.282419 0.000000
vt -0.025526 -2.221814 0.000000
vt -0.000032 -2.298790 0.000000
vt -0.000000 -2.013150 0.000000
vt -0.025526 -1.925786 0.000000
vt -0.000000 -1.727578 0.000000
vt -0.025526 -1.701928 0.000000
vt -0.025526 -1.478070 0.000000
vt -0.045191 -1.478070 0.000000
vt -0.045191 -1.254212 0.000000
vt -0.064855 -1.254212 0.000000
vt -0.064855 -1.030354 0.000000
vt -0.084519 -1.030354 0.000000
vt -0.084519 -0.867016 0.000000
vt -0.104183 -0.867016 0.000000
vt -0.104183 -0.741371 0.000000
vt -0.116946 -0.741371 0.000000
vt -0.116946 -0.661734 0.000000
vt -0.136611 -0.661734 0.000000
vt -0.136611 -0.582098 0.000000
vt -0.156275 -0.664597 0.000000
vt -0.156275 -0.534507 0.000000
vt -0.136611 -0.502462 0.000000
vt -0.156275 -0.404418 0.000000
vt -0.136611 -0.422825 0.000000
vt -0.136611 -0.343189 0.000000
vt -0.116946 -0.422825 0.000000
vt -0.116946 -0.343189 0.000000
vt -0.104183 -0.422825 0.000000
vt -0.104183 -0.343189 0.000000
vt -0.084519 -0.422825 0.000000
vt -0.084519 -0.343189 0.000000
vt -0.064855 -0.422825 0.000000
vt -0.064855 -0.343189 0.000000
vt -0.045191 -0.422825 0.000000
vt -0.045191 -0.343189 0.000000
vt -0.025526 -0.422825 0.000000
vt -0.025526 -0.343189 0.000000
vt -0.000000 -0.371113 0.000000
vt -0.000000 -0.299720 0.000000
vt -0.000000 -1.442007 0.000000
vt -0.025526 -1.254212 0.000000
vt -0.045191 -1.030354 0.000000
vt -0.064855 -0.867016 0.000000
vt -0.084519 -0.741371 0.000000
vt -0.104183 -0.661734 0.000000
vt -0.116946 -0.582098 0.000000
vt -0.000000 -1.156435 0.000000
vt -0.025526 -1.030354 0.000000
vt -0.045191 -0.867016 0.000000
vt -0.064855 -0.741371 0.000000
vt -0.084519 -0.661734 0.000000
vt -0.104183 -0.582098 0.000000
vt -0.116946 -0.502462 0.000000
vt -0.000000 -0.870863 0.000000
vt -0.025526 -0.867016 0.000000
vt -0.045191 -0.741371 0.000000
vt -0.064855 -0.661734 0.000000
vt -0.084519 -0.582098 0.000000
vt -0.104183 -0.502462 0.000000
vt -0.000000 -0.728077 0.000000
vt -0.025526 -0.741371 0.000000
vt -0.045191 -0.661734 0.000000
vt -0.064855 -0.582098 0.000000
vt -0.084519 -0.502462 0.000000
vt -0.025526 -0.661734 0.000000
vt -0.000000 -0.585291 0.000000
vt -0.025526 -0.582098 0.000000
vt -0.000000 -0.513899 0.000000
vt -0.025526 -0.502462 0.000000
vt -0.000000 -0.442506 0.000000
vt -0.025526 -0.263552 0.000000
vt -0.000000 -0.156934 0.000000
vt -0.025526 -0.104280 0.000000
vt -0.000000 -0.085541 0.000000
vt -0.000006 -0.014148 0.000000
vt -0.045191 -0.104280 0.000000
vt -0.078137 -0.014148 0.000000
vt -0.064855 -0.104280 0.000000
vt -0.084519 -0.104280 0.000000
vt -0.064855 -0.263552 0.000000
vt -0.084519 -0.263552 0.000000
vt -0.156275 -0.014148 0.000000
vt -0.116946 -0.104280 0.000000
vt -0.104183 -0.104280 0.000000
vt -0.136611 -0.104280 0.000000
vt -0.156275 -0.144238 0.000000
vt -0.136611 -0.263552 0.000000
vt -0.156275 -0.274328 0.000000
vt -0.136611 -0.741371 0.000000
vt -0.156275 -0.794687 0.000000
vt -0.136611 -0.867016 0.000000
vt -0.156275 -1.054867 0.000000
vt -0.136611 -1.030354 0.000000
vt -0.136611 -1.254212 0.000000
vt -0.116946 -1.254212 0.000000
vt -0.116946 -1.478070 0.000000
vt -0.104183 -1.478070 0.000000
vt -0.104183 -1.701928 0.000000
vt -0.084519 -1.701928 0.000000
vt -0.084519 -1.925786 0.000000
vt -0.064855 -1.925786 0.000000
vt -0.156275 -1.315047 0.000000
vt -0.136611 -1.478070 0.000000
vt -0.116946 -1.701928 0.000000
vt -0.104183 -1.925786 0.000000
vt -0.156275 -1.575226 0.000000
vt -0.136611 -1.701928 0.000000
vt -0.116946 -1.925786 0.000000
vt -0.045191 -1.925786 0.000000
vt -0.045191 -1.701928 0.000000
vt -0.064855 -1.701928 0.000000
vt -0.084519 -1.478070 0.000000
vt -0.104183 -1.254212 0.000000
vt -0.116946 -1.030354 0.000000
vt -0.064855 -1.478070 0.000000
vt -0.084519 -1.254212 0.000000
vt -0.104183 -1.030354 0.000000
vt -0.116946 -0.867016 0.000000
vt -0.045191 -0.582098 0.000000
vt -0.064855 -0.502462 0.000000
vt -0.045191 -0.502462 0.000000
vt -0.045191 -0.263552 0.000000
vt -0.104183 -0.263552 0.000000
vt -0.116946 -0.263552 0.000000
vt -0.026756 0.000000 0.000000
vt -0.017837 0.000000 0.000000
vt -0.026756 0.003227 0.000000
vt -0.026756 0.006454 0.000000
vt -0.026756 0.012909 0.000000
vt -0.019791 0.014186 0.000000
vt -0.026756 0.019363 0.000000
vt -0.019791 0.023549 0.000000
vt -0.026756 0.025818 0.000000
vt -0.019791 0.032911 0.000000
vt -0.026756 0.032272 0.000000
vt -0.026756 0.038727 0.000000
vt -0.019791 0.041517 0.000000
vt -0.026756 0.045181 0.000000
vt -0.019791 0.050123 0.000000
vt -0.026756 0.048409 0.000000
vt -0.026756 0.051636 0.000000
vt -0.013379 0.051636 0.000000
vt -0.008919 0.041517 0.000000
vt -0.008919 0.032911 0.000000
vt -0.004887 0.032911 0.000000
vt -0.004887 0.023549 0.000000
vt 0.000000 0.023549 0.000000
vt -0.008919 0.000001 0.000000
vt -0.008919 0.014186 0.000000
vt -0.008919 0.023549 0.000000
vt -0.004887 0.014186 0.000000
vt -0.000000 0.000001 0.000000
vt 0.000000 0.014186 0.000000
vt 0.000000 0.032911 0.000000
vt -0.004887 0.041517 0.000000
vt 0.000000 0.041517 0.000000
vt -0.004887 0.050123 0.000000
vt -0.008919 0.050123 0.000000
vt 0.000000 0.050123 0.000000
vt 1.718733 4.262790 0.000000
vt 1.718733 5.683719 0.000000
vt 1.631358 5.019334 0.000000
vt 1.650573 5.808732 0.000000
vt 1.569085 5.900437 0.000000
vt 1.543982 5.019334 0.000000
vt 1.474514 5.965444 0.000000
vt 1.456607 5.019334 0.000000
vt 1.370130 6.002158 0.000000
vt 1.369232 5.019334 0.000000
vt 1.297261 5.019334 0.000000
vt 1.369232 4.036510 0.000000
vt 1.297261 4.036510 0.000000
vt 1.369232 3.053686 0.000000
vt 1.297261 3.053686 0.000000
vt 1.369232 2.671976 0.000000
vt 1.297261 2.671976 0.000000
vt 1.369232 2.290265 0.000000
vt 1.297261 2.290265 0.000000
vt 1.369232 1.526843 0.000000
vt 1.297261 1.526843 0.000000
vt 1.369232 0.763422 0.000000
vt 1.297261 0.763422 0.000000
vt 1.396470 0.000000 0.000000
vt 1.289049 0.000000 0.000000
vt 1.200505 0.763422 0.000000
vt 1.181629 0.000000 0.000000
vt 1.123997 0.763422 0.000000
vt 1.074208 0.000000 0.000000
vt 1.079705 0.763422 0.000000
vt 1.035414 0.763422 0.000000
vt 1.035414 1.526843 0.000000
vt 0.984525 1.526843 0.000000
vt 0.984525 2.290265 0.000000
vt 0.933637 2.290265 0.000000
vt 0.933637 2.671976 0.000000
vt 0.915069 2.671976 0.000000
vt 0.915069 3.053686 0.000000
vt 0.896501 3.053686 0.000000
vt 0.896501 4.036510 0.000000
vt 0.877934 4.036510 0.000000
vt 0.877934 5.019334 0.000000
vt 0.868650 5.019334 0.000000
vt 0.873102 5.502580 0.000000
vt 0.859366 5.501583 0.000000
vt 1.259855 6.000001 0.000000
vt 1.200505 5.019334 0.000000
vt 1.200505 4.036510 0.000000
vt 1.200505 3.053686 0.000000
vt 1.200505 2.671976 0.000000
vt 1.200505 2.290265 0.000000
vt 1.200505 1.526843 0.000000
vt 1.201491 5.976455 0.000000
vt 1.139746 5.930804 0.000000
vt 1.123997 5.019334 0.000000
vt 1.108209 5.898189 0.000000
vt 1.079705 5.019334 0.000000
vt 1.077072 5.858809 0.000000
vt 1.035414 5.019334 0.000000
vt 1.018612 5.761610 0.000000
vt 0.984525 5.019334 0.000000
vt 0.965605 5.645275 0.000000
vt 0.933637 5.019334 0.000000
vt 0.939183 5.582311 0.000000
vt 0.915069 5.019334 0.000000
vt 0.905149 5.517531 0.000000
vt 0.896501 5.019334 0.000000
vt 0.901419 5.513794 0.000000
vt 0.896902 5.510556 0.000000
vt 0.885925 5.505573 0.000000
vt 0.845608 5.502584 0.000000
vt 0.848537 5.019334 0.000000
vt 0.859366 5.019334 0.000000
vt 0.868650 4.036510 0.000000
vt 0.877934 3.053686 0.000000
vt 0.896501 2.671976 0.000000
vt 0.915069 2.290265 0.000000
vt 0.933637 1.526843 0.000000
vt 0.984525 0.763422 0.000000
vt 1.020497 0.000000 0.000000
vt 0.837709 5.019334 0.000000
vt 0.832824 5.505574 0.000000
vt 0.816051 5.019334 0.000000
vt 0.821909 5.510553 0.000000
vt 0.817393 5.513792 0.000000
vt 0.813662 5.517531 0.000000
vt 0.794393 5.019334 0.000000
vt 0.816051 4.036510 0.000000
vt 0.794393 4.036510 0.000000
vt 0.816051 3.053686 0.000000
vt 0.794393 3.053686 0.000000
vt 0.816051 2.671976 0.000000
vt 0.794393 2.671976 0.000000
vt 0.816051 2.290265 0.000000
vt 0.794393 2.290265 0.000000
vt 0.816051 1.526843 0.000000
vt 0.794393 1.526843 0.000000
vt 0.816051 0.763422 0.000000
vt 0.794393 0.763422 0.000000
vt 0.805656 0.000000 0.000000
vt 0.778801 0.000000 0.000000
vt 0.772735 0.763422 0.000000
vt 0.751946 0.000000 0.000000
vt 0.713516 0.763422 0.000000
vt 0.698235 0.000000 0.000000
vt 0.654297 0.763422 0.000000
vt 0.644525 0.000000 0.000000
vt 0.595078 0.763422 0.000000
vt 0.537104 0.000000 0.000000
vt 0.535859 0.763422 0.000000
vt 0.429683 0.000000 0.000000
vt 0.424460 0.763422 0.000000
vt 0.322262 0.000000 0.000000
vt 0.274702 0.763422 0.000000
vt 0.214842 0.000000 0.000000
vt 0.146748 0.763422 0.000000
vt 0.107421 0.000000 0.000000
vt 0.073374 0.763422 0.000000
vt 0.000000 0.000000 0.000000
vt 0.000000 1.420930 0.000000
vt 0.073374 1.526843 0.000000
vt 0.073374 2.290265 0.000000
vt 0.146748 1.526843 0.000000
vt 0.146748 2.290265 0.000000
vt 0.274702 1.526843 0.000000
vt 0.274702 2.290265 0.000000
vt 0.424460 1.526843 0.000000
vt 0.424460 2.290265 0.000000
vt 0.535859 1.526843 0.000000
vt 0.535859 2.290265 0.000000
vt 0.595078 1.526843 0.000000
vt 0.595078 2.290265 0.000000
vt 0.654297 1.526843 0.000000
vt 0.654297 2.290265 0.000000
vt 0.713516 1.526843 0.000000
vt 0.713516 2.290265 0.000000
vt 0.772735 1.526843 0.000000
vt 0.772735 2.290265 0.000000
vt 0.779748 5.582106 0.000000
vt 0.772735 5.019334 0.000000
vt 0.772735 4.036510 0.000000
vt 0.772735 3.053686 0.000000
vt 0.772735 2.671976 0.000000
vt 0.753211 5.645293 0.000000
vt 0.713516 5.019334 0.000000
vt 0.713516 4.036510 0.000000
vt 0.713516 3.053686 0.000000
vt 0.713516 2.671976 0.000000
vt 0.699876 5.762038 0.000000
vt 0.654297 5.019334 0.000000
vt 0.654297 4.036510 0.000000
vt 0.654297 3.053686 0.000000
vt 0.654297 2.671976 0.000000
vt 0.671397 5.813403 0.000000
vt 0.641254 5.859351 0.000000
vt 0.595078 5.019334 0.000000
vt 0.610070 5.898708 0.000000
vt 0.578527 5.931233 0.000000
vt 0.535859 5.019334 0.000000
vt 0.516787 5.976757 0.000000
vt 0.424460 5.019334 0.000000
vt 0.458454 6.000098 0.000000
vt 0.348300 6.002096 0.000000
vt 0.274702 5.019334 0.000000
vt 0.243968 5.965308 0.000000
vt 0.146748 5.019334 0.000000
vt 0.149576 5.900284 0.000000
vt 0.073374 5.019334 0.000000
vt 0.068048 5.808465 0.000000
vt 0.000000 5.683719 0.000000
vt 0.000000 4.262790 0.000000
vt 0.073374 4.036510 0.000000
vt 0.146748 4.036510 0.000000
vt 0.146748 3.053686 0.000000
vt 0.274702 3.053686 0.000000
vt 0.274702 2.671976 0.000000
vt 0.424460 2.671976 0.000000
vt 0.000000 2.841860 0.000000
vt 0.073374 3.053686 0.000000
vt 0.146748 2.671976 0.000000
vt 0.073374 2.671976 0.000000
vt 0.819084 0.000000 0.000000
vt 0.832511 0.000000 0.000000
vt 0.837709 0.763422 0.000000
vt 0.845939 0.000000 0.000000
vt 0.848537 0.763422 0.000000
vt 0.859366 0.000000 0.000000
vt 0.859366 0.763422 0.000000
vt 0.868650 0.763422 0.000000
vt 0.859366 1.526843 0.000000
vt 0.868650 1.526843 0.000000
vt 0.859366 2.290265 0.000000
vt 0.868650 2.290265 0.000000
vt 0.859366 2.671976 0.000000
vt 0.868650 2.671976 0.000000
vt 0.859366 3.053686 0.000000
vt 0.868650 3.053686 0.000000
vt 0.859366 4.036510 0.000000
vt 0.872794 0.000000 0.000000
vt 0.877934 0.763422 0.000000
vt 0.877934 1.526843 0.000000
vt 0.877934 2.290265 0.000000
vt 0.877934 2.671976 0.000000
vt 0.886221 0.000000 0.000000
vt 0.896501 0.763422 0.000000
vt 0.896501 1.526843 0.000000
vt 0.896501 2.290265 0.000000
vt 0.899649 0.000000 0.000000
vt 0.915069 0.763422 0.000000
vt 0.915069 1.526843 0.000000
vt 0.913077 0.000000 0.000000
vt 0.933637 0.763422 0.000000
vt 0.939932 0.000000 0.000000
vt 0.966787 0.000000 0.000000
vt 1.456607 0.763422 0.000000
vt 1.503891 0.000000 0.000000
vt 1.543982 0.763422 0.000000
vt 1.611312 0.000000 0.000000
vt 1.631358 0.763422 0.000000
vt 1.718733 0.000000 0.000000
vt 1.718733 1.420930 0.000000
vt 1.718733 2.841860 0.000000
vt 1.631358 2.290265 0.000000
vt 1.631358 1.526843 0.000000
vt 1.543982 1.526843 0.000000
vt 1.456607 1.526843 0.000000
vt 1.631358 4.036510 0.000000
vt 1.631358 3.053686 0.000000
vt 1.631358 2.671976 0.000000
vt 1.543982 3.053686 0.000000
vt 1.543982 2.671976 0.000000
vt 1.456607 3.053686 0.000000
vt 1.456607 2.671976 0.000000
vt 1.543982 2.290265 0.000000
vt 1.456607 2.290265 0.000000
vt 0.274702 4.036510 0.000000
vt 0.424460 4.036510 0.000000
vt 0.535859 4.036510 0.000000
vt 0.595078 4.036510 0.000000
vt 0.837709 4.036510 0.000000
vt 0.837709 3.053686 0.000000
vt 0.837709 2.671976 0.000000
vt 0.837709 2.290265 0.000000
vt 0.837709 1.526843 0.000000
vt 0.848537 4.036510 0.000000
vt 0.848537 3.053686 0.000000
vt 0.848537 2.671976 0.000000
vt 0.848537 2.290265 0.000000
vt 0.848537 1.526843 0.000000
vt 0.915069 4.036510 0.000000
vt 0.933637 4.036510 0.000000
vt 0.933637 3.053686 0.000000
vt 0.984525 4.036510 0.000000
vt 0.984525 3.053686 0.000000
vt 0.984525 2.671976 0.000000
vt 1.035414 4.036510 0.000000
vt 1.035414 3.053686 0.000000
vt 1.035414 2.671976 0.000000
vt 1.035414 2.290265 0.000000
vt 1.079705 4.036510 0.000000
vt 1.079705 3.053686 0.000000
vt 1.079705 2.671976 0.000000
vt 1.079705 2.290265 0.000000
vt 1.079705 1.526843 0.000000
vt 1.123997 4.036510 0.000000
vt 1.123997 3.053686 0.000000
vt 1.123997 2.671976 0.000000
vt 1.123997 2.290265 0.000000
vt 1.123997 1.526843 0.000000
vt 1.456607 4.036510 0.000000
vt 1.543982 4.036510 0.000000
vt 0.424460 3.053686 0.000000
vt 0.535859 3.053686 0.000000
vt 0.595078 3.053686 0.000000
vt 0.535859 2.671976 0.000000
vt 0.595078 2.671976 0.000000
vt -0.021749 0.800000 0.000000
vt -0.175211 0.831854 0.000000
vt -0.175085 0.768179 0.000000
vt -0.344661 0.869509 0.000000
vt -0.345340 0.730342 0.000000
vt -0.526250 0.908579 0.000000
vt -0.527036 0.691264 0.000000
vt -0.708751 0.939925 0.000000
vt -0.709924 0.659887 0.000000
vt -0.878855 0.955597 0.000000
vt -0.880154 0.644346 0.000000
vt -1.030568 0.955902 0.000000
vt -1.031521 0.644134 0.000000
vt -1.288854 0.933423 0.000000
vt -1.289460 0.666660 0.000000
vt -1.512381 0.903782 0.000000
vt -1.512562 0.696248 0.000000
vt -1.720806 0.873174 0.000000
vt -1.721064 0.726867 0.000000
vt -1.926233 0.760801 0.000000
vt -1.926227 0.839163 0.000000
vt -2.140086 0.800000 0.000000
vt 0.050337 5.771458 0.000000
vt 0.000000 0.000000 0.000000
vt 0.065000 5.777825 0.000000
vt 0.130000 0.000000 0.000000
vt 0.079664 5.771457 0.000000
vt 0.130000 1.419215 0.000000
vt 0.092853 5.762516 0.000000
vt 0.130000 2.838429 0.000000
vt 0.104296 5.751310 0.000000
vt 0.130000 4.257644 0.000000
vt 0.113676 5.738352 0.000000
vt 0.120932 5.724027 0.000000
vt 0.126033 5.708767 0.000000
vt 0.130000 5.676858 0.000000
vt 0.000000 1.419215 0.000000
vt 0.037154 5.762522 0.000000
vt 0.000000 2.838429 0.000000
vt 0.025710 5.751317 0.000000
vt 0.000000 4.257644 0.000000
vt 0.016332 5.738366 0.000000
vt 0.009078 5.724051 0.000000
vt 0.003973 5.708794 0.000000
vt -0.000000 5.676858 0.000000
vt 0.000000 -1.419215 0.000000
vt 0.050337 -5.771458 0.000000
vt 0.065000 -5.777825 0.000000
vt 0.079664 -5.771457 0.000000
vt 0.130000 -1.419215 0.000000
vt 0.092853 -5.762516 0.000000
vt 0.130000 -2.838429 0.000000
vt 0.104296 -5.751310 0.000000
vt 0.130000 -4.257644 0.000000
vt 0.113676 -5.738352 0.000000
vt 0.120932 -5.724027 0.000000
vt 0.037154 -5.762522 0.000000
vt 0.000000 -2.838429 0.000000
vt 0.025710 -5.751317 0.000000
vt 0.000000 -4.257644 0.000000
vt 0.016332 -5.738366 0.000000
vt 0.009078 -5.724051 0.000000
vt 0.003973 -5.708794 0.000000
vt -0.000000 -5.676858 0.000000
vt 0.126033 -5.708767 0.000000
vt 0.130000 -5.676858 0.000000
vn -0.804814 0.532445 -0.262254
vn -0.830422 0.504574 -0.236231
vn -0.904220 0.427067 0.000025
vn -0.905312 0.347565 -0.244149
vn -0.946761 0.321936 -0.000159
vn -0.972169 0.234281 0.000000
vn -0.940912 0.230025 -0.248541
vn -0.989911 0.141690 0.000006
vn -0.962898 0.098179 -0.251375
vn -0.999787 0.020651 0.000015
vn -0.967109 -0.015369 -0.253898
vn -0.984796 -0.173712 0.000006
vn -0.945593 -0.201907 -0.255122
vn -0.946836 -0.321716 0.000008
vn -0.916194 -0.312023 -0.251457
vn -0.864684 -0.440053 -0.242227
vn -0.849881 -0.299710 -0.433447
vn -0.797692 -0.434995 -0.417693
vn -0.749732 -0.275641 -0.601601
vn -0.700947 -0.414119 -0.580671
vn -0.623341 -0.241634 -0.743679
vn -0.581298 -0.378955 -0.720059
vn -0.471560 -0.198043 -0.859308
vn -0.439453 -0.329908 -0.835489
vn -0.361985 -0.165271 -0.917416
vn -0.337729 -0.291248 -0.895050
vn -0.186074 -0.110816 -0.976267
vn -0.174823 -0.224469 -0.958671
vn -0.004076 -0.156772 -0.987626
vn -0.008028 -0.254484 -0.967044
vn -0.763060 0.501118 -0.408192
vn -0.744826 0.526765 -0.409576
vn -0.665428 0.508337 -0.546625
vn -0.668141 0.480123 -0.568392
vn -0.572058 0.478481 -0.666187
vn -0.552123 0.443125 -0.706258
vn -0.467674 0.438357 -0.767544
vn -0.415726 0.390434 -0.821422
vn -0.353407 0.388149 -0.851143
vn -0.318349 0.348488 -0.881595
vn -0.236477 0.331008 -0.913517
vn -0.162728 0.275509 -0.947425
vn -0.000599 0.198874 -0.980025
vn 0.000563 0.172449 -0.985018
vn -0.179871 0.211577 -0.960667
vn 0.000772 0.142277 -0.989827
vn -0.189219 0.162115 -0.968460
vn 0.000384 0.123063 -0.992399
vn -0.194713 0.129623 -0.972257
vn 0.000773 0.118463 -0.992958
vn -0.196160 0.091314 -0.976311
vn 0.001493 0.079054 -0.996869
vn -0.192397 -0.023019 -0.981047
vn 0.000192 -0.001715 -0.999999
vn -0.158744 -0.348716 -0.923687
vn -0.011563 -0.357206 -0.933954
vn -0.137654 -0.470636 -0.871524
vn -0.021525 -0.538450 -0.842382
vn -0.106251 -0.620684 -0.776828
vn -0.080545 -0.741190 -0.666446
vn -0.130271 -0.799295 -0.586649
vn -0.101121 -0.861274 -0.497977
vn -0.121710 -0.885702 -0.448016
vn -0.090717 -0.949801 -0.299415
vn -0.152441 -0.917096 -0.368371
vn -0.133953 -0.979338 -0.151507
vn -0.181803 -0.940856 -0.285898
vn -0.209802 -0.956922 -0.200709
vn -0.253254 -0.904743 -0.342493
vn -0.294647 -0.924676 -0.241158
vn -0.386660 -0.822099 -0.417908
vn -0.449619 -0.842713 -0.296103
vn -0.536885 -0.683222 -0.494936
vn -0.619091 -0.701473 -0.353076
vn -0.629404 -0.555126 -0.543770
vn -0.720415 -0.573721 -0.389675
vn -0.030804 -0.697528 -0.715895
vn -0.068992 -0.818060 -0.570979
vn -0.037004 -0.781317 -0.623037
vn -0.045557 -0.896823 -0.440038
vn -0.235973 -0.965032 -0.114153
vn -0.174200 -0.984710 0.000001
vn -0.328630 -0.944459 0.000074
vn -0.332217 -0.933145 -0.137374
vn -0.516283 -0.856418 0.000073
vn -0.503572 -0.847135 -0.169641
vn -0.710722 -0.703473 -0.000076
vn -0.683853 -0.700710 -0.203347
vn -0.787384 -0.573847 -0.225225
vn -0.861693 -0.507429 -0.000560
vn -0.351992 0.260778 -0.898942
vn -0.369494 0.192688 -0.909035
vn -0.380369 0.135940 -0.914789
vn -0.383544 0.077609 -0.920256
vn -0.375463 -0.064207 -0.924611
vn -0.459441 0.288315 -0.840112
vn -0.481859 0.209089 -0.850937
vn -0.495975 0.137304 -0.857413
vn -0.500141 0.066836 -0.863361
vn -0.489367 -0.090233 -0.867397
vn -0.609053 0.321469 -0.725060
vn -0.637752 0.227492 -0.735881
vn -0.655951 0.134970 -0.742638
vn -0.661184 0.048255 -0.748670
vn -0.646688 -0.126881 -0.752128
vn -0.734876 0.342628 -0.585289
vn -0.767965 0.237205 -0.594948
vn -0.788911 0.127529 -0.601129
vn -0.794536 0.028041 -0.606569
vn -0.776958 -0.158172 -0.609359
vn -0.836073 0.351572 -0.421164
vn -0.871603 0.238099 -0.428506
vn -0.893910 0.114974 -0.433250
vn -0.899236 0.006297 -0.437419
vn -0.879254 -0.183830 -0.439454
vn -0.302684 -0.424104 -0.853533
vn -0.257753 -0.549245 -0.794917
vn -0.188580 -0.693921 -0.694918
vn -0.392923 -0.466718 -0.792330
vn -0.333448 -0.593187 -0.732763
vn -0.240863 -0.734962 -0.633889
vn -0.162036 -0.832086 -0.530450
vn -0.520055 -0.519325 -0.678118
vn -0.441543 -0.647016 -0.621619
vn -0.317017 -0.786110 -0.530595
vn -0.209036 -0.873840 -0.438984
vn -0.744822 0.526758 0.409591
vn -0.804819 0.532437 0.262256
vn -0.781784 0.511367 0.356815
vn -0.904013 0.427504 -0.000033
vn -0.847804 0.383260 0.366524
vn -0.907310 0.376207 0.187768
vn -0.876700 0.305129 0.371879
vn -0.935807 0.296559 0.190574
vn -0.897399 0.231596 0.375551
vn -0.956148 0.220705 0.192538
vn -0.912865 0.153800 0.378184
vn -0.971202 0.138388 0.193947
vn -0.922959 0.049900 0.381649
vn -0.980209 0.029399 0.195771
vn -0.920275 -0.069184 0.385108
vn -0.976133 -0.089995 0.197651
vn -0.899531 -0.207091 0.384652
vn -0.954890 -0.221864 0.197384
vn -0.868141 -0.321076 0.378473
vn -0.924248 -0.328798 0.194056
vn -0.814950 -0.451263 0.363618
vn -0.872866 -0.451051 0.186164
vn -0.736340 -0.585660 0.338831
vn -0.796081 -0.579901 0.173121
vn -0.635919 -0.707987 0.307183
vn -0.695138 -0.701680 0.156293
vn -0.524559 -0.805845 0.274685
vn -0.579369 -0.803068 0.139333
vn -0.414362 -0.876917 0.243558
vn -0.461286 -0.878664 0.123149
vn -0.225732 -0.957675 0.178614
vn -0.252346 -0.963459 0.089823
vn -0.174201 -0.984710 -0.000000
vn -0.328384 -0.944544 -0.000001
vn -0.517102 -0.855924 -0.000001
vn -0.711239 -0.702950 -0.000071
vn -0.946603 0.322402 0.000049
vn -0.972238 0.233994 0.000053
vn -0.989907 0.141716 0.000007
vn -0.999764 0.021723 -0.000079
vn -0.984919 -0.173014 0.000001
vn -0.947257 -0.320475 -0.000015
vn -0.862069 -0.506792 0.000045
vn -0.112135 -0.967540 0.226476
vn -0.207319 -0.949456 0.235694
vn -0.379868 -0.867836 0.320251
vn -0.482472 -0.798319 0.360427
vn -0.587774 -0.701968 0.402198
vn -0.684343 -0.579495 0.442560
vn -0.760995 -0.442770 0.474175
vn -0.813145 -0.309390 0.493024
vn -0.843787 -0.192923 0.500803
vn -0.863576 -0.053909 0.501329
vn -0.865524 0.062441 0.496960
vn -0.855282 0.160832 0.492570
vn -0.840139 0.234088 0.489253
vn -0.819951 0.304689 0.484608
vn -0.791822 0.380440 0.477791
vn -0.728390 0.502711 0.465542
vn -0.665378 0.508322 0.546700
vn -0.626019 0.475127 0.618348
vn -0.571997 0.478456 0.666258
vn -0.503548 0.431726 0.748366
vn -0.467565 0.438306 0.767640
vn -0.361324 0.372523 0.854793
vn -0.353222 0.388055 0.851262
vn -0.236279 0.330899 0.913607
vn -0.208718 0.301368 0.930384
vn -0.000593 0.198871 0.980026
vn 0.000653 0.172736 0.984968
vn -0.228327 0.243297 0.942695
vn 0.000656 0.142021 0.989863
vn -0.237690 0.202606 0.949976
vn -0.244490 0.170022 0.954629
vn -0.411034 0.242505 0.878773
vn -0.422437 0.197811 0.884544
vn -0.571621 0.273907 0.773450
vn -0.587033 0.218473 0.779526
vn -0.708051 0.294625 0.641763
vn -0.726393 0.230549 0.647457
vn -0.043928 -0.896728 0.440397
vn -0.146318 -0.902609 0.404832
vn -0.177541 -0.930022 0.321774
vn -0.037089 -0.781590 0.622689
vn -0.080158 -0.824488 0.560173
vn -0.113651 -0.867244 0.484738
vn -0.258403 -0.801809 0.538823
vn -0.321669 -0.841797 0.433482
vn -0.409382 -0.772511 0.485421
vn -0.031792 -0.697174 0.716197
vn -0.119264 -0.681800 0.721751
vn -0.190163 -0.747925 0.635961
vn -0.238614 -0.671938 0.701116
vn -0.328042 -0.730365 0.599128
vn -0.401980 -0.634801 0.659879
vn -0.501118 -0.677210 0.538764
vn -0.586972 -0.554861 0.589571
vn -0.021454 -0.537814 0.842790
vn -0.144921 -0.599510 0.787137
vn -0.290585 -0.574799 0.764962
vn -0.472311 -0.513187 0.716632
vn -0.656209 -0.416726 0.629070
vn -0.016499 -0.451516 0.892110
vn -0.172760 -0.500078 0.848573
vn -0.340627 -0.454552 0.823016
vn -0.529696 -0.376407 0.760092
vn -0.703606 -0.281782 0.652332
vn -0.011561 -0.355936 0.934439
vn -0.200002 -0.382257 0.902152
vn -0.381762 -0.321926 0.866384
vn -0.569149 -0.243982 0.785202
vn -0.731331 -0.165014 0.661760
vn -0.007037 -0.254313 0.967096
vn -0.222536 -0.256750 0.940509
vn -0.410107 -0.196130 0.890699
vn -0.592169 -0.131092 0.795079
vn -0.748763 -0.028833 0.662210
vn -0.003755 -0.154429 0.987997
vn -0.238064 -0.141531 0.960882
vn -0.426654 -0.091311 0.899794
vn -0.606356 -0.002956 0.795188
vn -0.749847 0.079549 0.656811
vn 0.000201 -0.000641 1.000000
vn -0.247176 -0.048555 0.967753
vn -0.436724 0.023569 0.899287
vn -0.606862 0.093381 0.789302
vn -0.740193 0.166447 0.651468
vn 0.001300 0.079994 0.996795
vn -0.252664 0.048748 0.966325
vn -0.436949 0.103809 0.893476
vn -0.598628 0.165709 0.783700
vn -0.252776 0.110031 0.961248
vn 0.000691 0.117987 0.993015
vn -0.249488 0.145419 0.957397
vn 0.000405 0.123144 0.992389
vn -0.682555 0.364701 0.633334
vn -0.550244 0.336135 0.764359
vn -0.395258 0.294729 0.870003
vn -0.430967 0.158533 0.888333
vn -0.097785 -0.948539 -0.301185
vn -0.147112 -0.984666 -0.093760
vn -0.155359 -0.975132 -0.158055
vn -0.164435 -0.985115 -0.050099
vn -0.174201 -0.984710 -0.000004
vn -0.043737 -0.896755 -0.440360
vn -0.039993 -0.910455 -0.411670
vn -0.041549 -0.925639 -0.376120
vn -0.076178 -0.975843 -0.204762
vn -0.051006 -0.956586 -0.286953
vn -0.050951 -0.985440 -0.162210
vn -0.076447 -0.996345 -0.038114
vn -0.049121 -0.998793 0.000000
vn -0.072887 -0.988645 0.131408
vn -0.050140 -0.985031 0.164925
vn -0.041737 -0.958285 0.282751
vn -0.067611 -0.966046 0.249368
vn -0.039917 -0.925397 0.376890
vn -0.090585 -0.940974 0.326131
vn -0.044417 -0.909276 0.413818
vn -0.043737 -0.896755 0.440360
vn -0.126686 -0.964848 0.230257
vn -0.174213 -0.984708 0.000011
vn -0.183642 -0.978829 0.090390
vn -0.167691 -0.973060 0.158225
vn -0.144360 -0.983011 0.113355
vn -0.163767 -0.984618 0.060888
vn -0.174205 -0.984709 0.000008
vn -0.174201 -0.984710 0.000005
vn -0.158277 -0.986999 0.027940
vn -0.174201 -0.984710 0.000002
vn -0.158298 -0.987383 -0.004171
vn -0.174201 -0.984710 -0.000000
vn -0.139597 -0.990156 -0.010155
vn -0.138512 -0.988873 0.054267
vn -0.037019 -0.781279 -0.623084
vn -0.041451 -0.854930 -0.517085
vn -0.043731 -0.897182 -0.439491
vn -0.045077 -0.921073 -0.386771
vn -0.044415 -0.909602 -0.413101
vn -0.045213 -0.924248 -0.379106
vn -0.046960 -0.956920 -0.286528
vn -0.047930 -0.975329 -0.215489
vn -0.048475 -0.986058 -0.159185
vn -0.048800 -0.992402 -0.112942
vn -0.049121 -0.998793 -0.000000
vn -0.049121 -0.998793 0.000000
vn -0.048684 -0.990121 0.131493
vn -0.048642 -0.989208 0.138205
vn -0.047364 -0.964075 0.261375
vn -0.047203 -0.960594 0.273920
vn -0.042843 -0.876537 0.479424
vn -0.042639 -0.872127 0.487417
vn -0.037408 -0.774788 0.631113
vn -0.037074 -0.767474 0.640007
vn -0.031889 -0.674658 0.737441
vn -0.031077 -0.656434 0.753743
vn -0.019144 -0.455680 0.889938
vn -0.018379 -0.436737 0.899402
vn -0.010115 -0.298555 0.954339
vn -0.015291 -0.380328 0.924725
vn -0.008637 -0.267201 0.963602
vn -0.037570 -0.787233 -0.615510
vn -0.031749 -0.696910 -0.716456
vn -0.027139 -0.618029 -0.785687
vn -0.021575 -0.538369 -0.842433
vn -0.017706 -0.466095 -0.884557
vn -0.011533 -0.356011 -0.934411
vn -0.010607 -0.332001 -0.943220
vn -0.007185 -0.255272 -0.966843
vn -0.005179 -0.200358 -0.979709
vn -0.003736 -0.157451 -0.987520
vn 0.000006 -0.009862 -0.999951
vn 0.000212 -0.001709 -0.999999
vn 0.001291 0.079303 -0.996850
vn 0.001075 0.096910 -0.995293
vn 0.000703 0.118678 -0.992933
vn 0.000628 0.115220 -0.993340
vn 0.000356 0.120773 -0.992680
vn 0.000550 0.111940 -0.993715
vn 0.000351 0.120499 -0.992713
vn 0.000474 0.108751 -0.994069
vn 0.000346 0.120238 -0.992745
vn 0.000445 0.107536 -0.994201
vn 0.000344 0.120139 -0.992757
vn 0.000416 0.106334 -0.994330
vn 0.000342 0.120042 -0.992769
vn 0.000359 0.103968 -0.994581
vn 0.000338 0.119854 -0.992791
vn 0.000304 0.101651 -0.994820
vn 0.000335 0.119672 -0.992813
vn 0.000245 0.107248 -0.994232
vn 0.000509 0.128942 -0.991652
vn 0.000655 0.136721 -0.990609
vn 0.000755 0.152229 -0.988345
vn 0.000718 0.158199 -0.987407
vn -0.000000 0.180328 -0.983607
vn -0.000000 0.184986 -0.982741
vn 0.000724 0.159152 -0.987254
vn 0.000729 0.160134 -0.987095
vn 0.000653 0.136562 -0.990631
vn 0.000651 0.136396 -0.990654
vn 0.000389 0.122841 -0.992426
vn 0.000643 0.135749 -0.990743
vn 0.000646 0.135993 -0.990710
vn 0.000649 0.136224 -0.990678
vn 0.000650 0.136311 -0.990666
vn 0.000728 0.142263 -0.989829
vn 0.000751 0.163911 -0.986475
vn 0.000743 0.162501 -0.986708
vn 0.000735 0.161148 -0.986930
vn 0.000732 0.160637 -0.987013
vn 0.000679 0.172663 -0.984981
vn -0.000000 0.200015 -0.979793
vn -0.000000 0.194820 -0.980839
vn 0.000000 0.189814 -0.981820
vn 0.000256 0.059991 -0.998199
vn 0.000390 0.070384 -0.997520
vn 0.000510 0.075041 -0.997180
vn 0.000632 0.079741 -0.996815
vn 0.000693 0.082108 -0.996623
vn 0.000754 0.084486 -0.996424
vn 0.000913 0.090661 -0.995881
vn -0.000716 -0.036414 -0.999337
vn -0.001416 -0.070943 -0.997479
vn -0.004476 -0.177346 -0.984138
vn -0.008591 -0.266769 -0.963722
vn -0.008375 -0.266165 -0.963891
vn -0.013791 -0.362374 -0.931931
vn -0.008733 -0.276735 -0.960906
vn -0.014418 -0.378973 -0.925295
vn -0.009108 -0.287808 -0.957645
vn -0.015076 -0.396401 -0.917954
vn -0.009302 -0.293542 -0.955901
vn -0.015417 -0.405438 -0.913992
vn -0.009501 -0.299414 -0.954076
vn -0.015766 -0.414698 -0.909822
vn -0.010037 -0.315198 -0.948973
vn -0.016706 -0.439601 -0.898038
vn -0.015289 -0.380636 -0.924599
vn -0.022045 -0.496665 -0.867662
vn -0.022879 -0.516506 -0.855978
vn -0.023749 -0.537190 -0.843127
vn -0.024196 -0.547850 -0.836226
vn -0.024653 -0.558724 -0.828987
vn -0.025868 -0.587692 -0.808671
vn -0.024775 -0.537345 -0.842999
vn -0.033376 -0.694257 -0.718953
vn -0.034096 -0.710151 -0.703223
vn -0.034832 -0.726429 -0.686358
vn -0.035205 -0.734704 -0.677474
vn -0.035583 -0.743063 -0.668275
vn -0.036568 -0.764938 -0.643064
vn -0.031044 -0.648794 -0.760331
vn -0.038350 -0.785853 -0.617223
vn -0.038321 -0.786654 -0.616203
vn -0.042149 -0.859555 -0.509302
vn -0.043317 -0.883056 -0.467265
vn -0.045616 -0.928105 -0.369513
vn -0.047427 -0.964512 -0.259745
vn -0.048161 -0.979246 -0.196868
vn -0.048674 -0.989694 -0.134675
vn -0.049121 -0.998793 0.000000
vn -0.049121 -0.998793 0.000000
vn -0.048507 -0.986304 0.157646
vn -0.049121 -0.998793 0.000000
vn -0.048537 -0.986961 0.153469
vn -0.049121 -0.998793 0.000000
vn -0.048569 -0.987631 0.149087
vn -0.049121 -0.998793 0.000000
vn -0.048585 -0.987970 0.146814
vn -0.049121 -0.998793 0.000000
vn -0.048600 -0.988313 0.144484
vn -0.049121 -0.998793 0.000000
vn -0.048144 -0.978910 0.198540
vn -0.046833 -0.952662 0.300402
vn -0.046955 -0.955273 0.291973
vn -0.047078 -0.957918 0.283154
vn -0.047140 -0.959252 0.278591
vn -0.045570 -0.927247 0.371667
vn -0.041634 -0.850425 0.524447
vn -0.042033 -0.859027 0.510201
vn -0.042436 -0.867737 0.495208
vn -0.042087 -0.858478 0.511121
vn -0.038291 -0.784940 0.618388
vn -0.035770 -0.738898 0.672867
vn -0.031022 -0.648803 0.760324
vn -0.030287 -0.638730 0.768835
vn -0.024803 -0.538261 0.842413
vn -0.004476 -0.177560 0.984100
vn -0.001453 -0.072058 0.997399
vn -0.001317 -0.066648 0.997776
vn 0.000282 0.060577 0.998163
vn 0.000418 0.069205 0.997602
vn 0.000239 0.106527 0.994310
vn 0.000334 0.118656 0.992935
vn 0.000498 0.128558 0.991702
vn 0.000719 0.142975 0.989726
vn 0.000738 0.152170 0.988354
vn 0.000653 0.161834 0.986818
vn 0.000000 0.180328 0.983607
vn 0.000000 0.184986 0.982741
vn 0.000000 0.189814 0.981820
vn 0.000664 0.164166 0.986433
vn 0.000658 0.162983 0.986629
vn 0.000720 0.143093 0.989709
vn 0.000344 0.119129 0.992879
vn 0.000543 0.074029 0.997256
vn -0.001222 -0.063210 0.997999
vn -0.004589 -0.181262 0.983424
vn -0.010572 -0.311536 0.950176
vn 0.000000 0.194820 0.980839
vn 0.000677 0.167009 0.985955
vn 0.000670 0.165384 0.986229
vn 0.000667 0.164770 0.986332
vn 0.000723 0.143341 0.989673
vn 0.000722 0.143278 0.989682
vn 0.000364 0.120122 0.992759
vn 0.000358 0.119868 0.992790
vn 0.000795 0.083804 0.996482
vn 0.000732 0.081344 0.996686
vn -0.001026 -0.056129 0.998423
vn -0.001076 -0.057926 0.998320
vn -0.004829 -0.189096 0.981947
vn -0.004767 -0.187081 0.982333
vn -0.011556 -0.339459 0.940550
vn -0.011301 -0.332221 0.943134
vn -0.020782 -0.496254 0.867929
vn -0.020359 -0.485766 0.873852
vn -0.032723 -0.693378 0.719831
vn -0.032304 -0.683958 0.728806
vn -0.037743 -0.782162 0.621931
vn 0.000685 0.168699 0.985667
vn 0.000000 0.200015 0.979793
vn 0.000667 0.172218 0.985059
vn 0.000720 0.142978 0.989726
vn 0.000726 0.143690 0.989622
vn 0.000724 0.143512 0.989648
vn 0.000412 0.124276 0.992248
vn 0.000391 0.121503 0.992591
vn 0.000377 0.120798 0.992677
vn 0.000657 0.116739 0.993162
vn 0.001127 0.096637 0.995319
vn 0.000960 0.090185 0.995925
vn 0.001272 0.078802 0.996889
vn 0.000201 -0.001553 0.999999
vn -0.000761 -0.046586 0.998914
vn -0.003611 -0.153300 0.988173
vn -0.005166 -0.200119 0.979758
vn -0.007208 -0.256561 0.966501
vn -0.011601 -0.357606 0.933800
vn -0.012974 -0.379701 0.925018
vn -0.016427 -0.450108 0.892823
vn -0.021459 -0.535464 0.844286
vn -0.023109 -0.553992 0.832201
vn -0.031732 -0.696715 0.716646
vn -0.034950 -0.743571 0.667743
vn -0.037036 -0.781943 0.622249
vn -0.039500 -0.820882 0.569730
vn -0.043724 -0.897278 0.439296
vn -0.043898 -0.899446 0.434822
vn -0.044408 -0.909667 0.412957
vn -0.045206 -0.924281 0.379026
vn -0.046946 -0.956746 0.287112
vn -0.047527 -0.967585 0.248032
vn -0.043370 -0.887963 0.457865
vn -0.048466 -0.985904 0.160141
vn 0.000721 0.143215 0.989691
vn 0.000353 0.119617 0.992820
vn 0.000668 0.078895 0.996883
vn -0.001125 -0.059705 0.998215
vn -0.004707 -0.185105 0.982708
vn -0.011052 -0.325157 0.945595
vn -0.019945 -0.475510 0.879484
vn -0.000166 -0.016188 -0.999869
vn -0.000335 -0.022395 -0.999749
vn -0.000399 -0.024774 -0.999693
vn -0.000464 -0.027136 -0.999632
vn -0.000591 -0.031809 -0.999494
vn -0.005003 -0.194591 -0.980872
vn -0.004835 -0.189111 -0.981944
vn -0.004772 -0.187056 -0.982338
vn -0.004711 -0.185040 -0.982720
vn -0.004591 -0.181121 -0.983450
vn -0.040715 -0.838812 -0.542897
vn -0.039985 -0.822846 -0.566856
vn -0.039703 -0.816704 -0.575689
vn -0.039423 -0.810602 -0.584269
vn -0.038868 -0.798530 -0.600699
vn -0.044667 -0.912173 -0.407363
vn -0.044257 -0.903317 -0.426685
vn -0.044099 -0.899898 -0.433866
vn -0.043941 -0.896493 -0.440873
vn -0.043627 -0.889735 -0.454388
vn -0.047811 -0.972772 -0.226780
vn -0.047694 -0.970244 -0.237385
vn -0.047649 -0.969272 -0.241331
vn -0.047604 -0.968307 -0.245185
vn -0.047515 -0.966395 -0.252632
vn -0.048770 -0.991752 -0.118532
vn -0.048741 -0.991115 -0.123753
vn -0.048729 -0.990872 -0.125689
vn -0.048718 -0.990632 -0.127576
vn -0.048696 -0.990158 -0.131212
vn -0.038617 -0.801389 0.596895
vn -0.033823 -0.718147 0.695069
vn -0.021914 -0.524337 0.851229
vn -0.012242 -0.358937 0.933282
vn -0.004993 -0.194467 0.980896
vn -0.000895 -0.051419 0.998677
vn -0.036416 -0.753044 0.656962
vn -0.904289 0.426920 0.000000
vn -0.946507 0.322685 0.000000
vn -0.946506 0.322687 0.000000
vn -0.972161 0.234315 0.000000
vn -0.972187 0.234204 0.000000
vn -0.989899 0.141778 0.000000
vn -0.989911 0.141692 0.000000
vn -0.999771 0.021410 0.000000
vn -0.999779 0.021033 0.000000
vn -0.984926 -0.172978 -0.000000
vn -0.984776 -0.173830 -0.000000
vn -0.947336 -0.320242 -0.000000
vn -0.946876 -0.321600 -0.000000
vn -0.862225 -0.506526 -0.000000
vn -0.861453 -0.507838 -0.000000
vn -0.711321 -0.702867 -0.000000
vn -0.710553 -0.703644 -0.000000
vn -0.517105 -0.855922 -0.000000
vn -0.516343 -0.856382 -0.000000
vn -0.328382 -0.944545 -0.000000
vn -0.328517 -0.944498 -0.000000
vn -0.174202 -0.984710 -0.000000
vn 0.904220 0.427067 0.000025
vn 0.830422 0.504574 -0.236231
vn 0.804814 0.532445 -0.262254
vn 0.763060 0.501118 -0.408192
vn 0.744826 0.526765 -0.409576
vn 0.665428 0.508337 -0.546625
vn 0.668141 0.480123 -0.568392
vn 0.572058 0.478481 -0.666187
vn 0.552123 0.443125 -0.706258
vn 0.467674 0.438357 -0.767544
vn 0.415726 0.390434 -0.821422
vn 0.353407 0.388149 -0.851143
vn 0.318349 0.348488 -0.881595
vn 0.236477 0.331008 -0.913517
vn 0.162728 0.275509 -0.947425
vn 0.000599 0.198874 -0.980025
vn -0.000563 0.172449 -0.985018
vn 0.179871 0.211577 -0.960667
vn -0.000772 0.142277 -0.989827
vn 0.189219 0.162115 -0.968460
vn -0.000384 0.123063 -0.992399
vn 0.194713 0.129623 -0.972257
vn -0.000773 0.118463 -0.992958
vn 0.196160 0.091314 -0.976311
vn -0.001493 0.079054 -0.996869
vn 0.192397 -0.023019 -0.981047
vn -0.000192 -0.001715 -0.999999
vn 0.186074 -0.110816 -0.976267
vn 0.004076 -0.156772 -0.987626
vn 0.174823 -0.224469 -0.958671
vn 0.008028 -0.254484 -0.967044
vn 0.158744 -0.348716 -0.923687
vn 0.011563 -0.357206 -0.933954
vn 0.137654 -0.470636 -0.871524
vn 0.021525 -0.538450 -0.842382
vn 0.106251 -0.620684 -0.776828
vn 0.080545 -0.741190 -0.666446
vn 0.188580 -0.693921 -0.694918
vn 0.130271 -0.799295 -0.586649
vn 0.240863 -0.734962 -0.633889
vn 0.162036 -0.832086 -0.530450
vn 0.317017 -0.786110 -0.530595
vn 0.209036 -0.873840 -0.438984
vn 0.386660 -0.822099 -0.417908
vn 0.253254 -0.904743 -0.342493
vn 0.449619 -0.842713 -0.296103
vn 0.294647 -0.924676 -0.241158
vn 0.503572 -0.847135 -0.169641
vn 0.332217 -0.933145 -0.137374
vn 0.516283 -0.856418 0.000073
vn 0.328630 -0.944459 0.000074
vn 0.905312 0.347565 -0.244149
vn 0.946761 0.321936 -0.000159
vn 0.972169 0.234281 0.000000
vn 0.940912 0.230025 -0.248541
vn 0.989911 0.141690 0.000006
vn 0.962898 0.098179 -0.251375
vn 0.999787 0.020651 0.000015
vn 0.967109 -0.015369 -0.253898
vn 0.984796 -0.173712 0.000006
vn 0.945593 -0.201907 -0.255122
vn 0.946836 -0.321716 0.000008
vn 0.916194 -0.312023 -0.251457
vn 0.864684 -0.440053 -0.242227
vn 0.797692 -0.434995 -0.417693
vn 0.720415 -0.573721 -0.389675
vn 0.629404 -0.555126 -0.543770
vn 0.536885 -0.683222 -0.494936
vn 0.441543 -0.647016 -0.621619
vn 0.861693 -0.507429 -0.000560
vn 0.787384 -0.573847 -0.225225
vn 0.619091 -0.701473 -0.353076
vn 0.710722 -0.703473 -0.000076
vn 0.683853 -0.700710 -0.203347
vn 0.235973 -0.965032 -0.114153
vn 0.174200 -0.984710 0.000001
vn 0.133953 -0.979338 -0.151507
vn 0.090717 -0.949801 -0.299415
vn 0.181803 -0.940856 -0.285898
vn 0.209802 -0.956922 -0.200709
vn 0.045557 -0.896823 -0.440038
vn 0.121710 -0.885702 -0.448016
vn 0.152441 -0.917096 -0.368371
vn 0.037004 -0.781317 -0.623037
vn 0.068992 -0.818060 -0.570979
vn 0.101121 -0.861274 -0.497977
vn 0.030804 -0.697528 -0.715895
vn 0.836073 0.351572 -0.421164
vn 0.871603 0.238099 -0.428506
vn 0.893910 0.114974 -0.433250
vn 0.899236 0.006297 -0.437419
vn 0.879254 -0.183830 -0.439454
vn 0.849881 -0.299710 -0.433447
vn 0.734876 0.342628 -0.585289
vn 0.767965 0.237205 -0.594948
vn 0.788911 0.127529 -0.601129
vn 0.794536 0.028041 -0.606569
vn 0.776958 -0.158172 -0.609359
vn 0.749732 -0.275641 -0.601601
vn 0.700947 -0.414119 -0.580671
vn 0.609053 0.321469 -0.725060
vn 0.637752 0.227492 -0.735881
vn 0.655951 0.134970 -0.742638
vn 0.661184 0.048255 -0.748670
vn 0.646688 -0.126881 -0.752128
vn 0.623341 -0.241634 -0.743679
vn 0.581298 -0.378955 -0.720059
vn 0.520055 -0.519325 -0.678118
vn 0.459441 0.288315 -0.840112
vn 0.481859 0.209089 -0.850937
vn 0.495975 0.137304 -0.857413
vn 0.500141 0.066836 -0.863361
vn 0.489367 -0.090233 -0.867397
vn 0.471560 -0.198043 -0.859308
vn 0.439453 -0.329908 -0.835489
vn 0.392923 -0.466718 -0.792330
vn 0.333448 -0.593187 -0.732763
vn 0.351992 0.260778 -0.898942
vn 0.369494 0.192688 -0.909035
vn 0.380369 0.135940 -0.914789
vn 0.383544 0.077609 -0.920256
vn 0.375463 -0.064207 -0.924611
vn 0.361985 -0.165271 -0.917416
vn 0.337729 -0.291248 -0.895050
vn 0.302684 -0.424104 -0.853533
vn 0.257753 -0.549245 -0.794917
vn 0.946603 0.322402 0.000049
vn 0.904013 0.427504 -0.000033
vn 0.907310 0.376207 0.187768
vn 0.804819 0.532437 0.262256
vn 0.781784 0.511367 0.356815
vn 0.744822 0.526758 0.409591
vn 0.728390 0.502711 0.465542
vn 0.665378 0.508322 0.546700
vn 0.626019 0.475127 0.618348
vn 0.571997 0.478456 0.666258
vn 0.503548 0.431726 0.748366
vn 0.467565 0.438306 0.767640
vn 0.361324 0.372523 0.854793
vn 0.353222 0.388055 0.851262
vn 0.236279 0.330899 0.913607
vn 0.208718 0.301368 0.930384
vn 0.000593 0.198871 0.980026
vn -0.000653 0.172736 0.984968
vn 0.228327 0.243297 0.942695
vn -0.000656 0.142021 0.989863
vn 0.237690 0.202606 0.949976
vn 0.244490 0.170022 0.954629
vn 0.422437 0.197811 0.884544
vn 0.430967 0.158533 0.888333
vn 0.598628 0.165709 0.783700
vn 0.606862 0.093381 0.789302
vn 0.749847 0.079549 0.656811
vn 0.748763 -0.028833 0.662210
vn 0.863576 -0.053909 0.501329
vn 0.843787 -0.192923 0.500803
vn 0.899531 -0.207091 0.384652
vn 0.868141 -0.321076 0.378473
vn 0.924248 -0.328798 0.194056
vn 0.872866 -0.451051 0.186164
vn 0.947257 -0.320475 -0.000015
vn 0.862069 -0.506792 0.000045
vn 0.796081 -0.579901 0.173121
vn 0.711239 -0.702950 -0.000071
vn 0.695138 -0.701680 0.156293
vn 0.579369 -0.803068 0.139333
vn 0.635919 -0.707987 0.307183
vn 0.524559 -0.805845 0.274685
vn 0.587774 -0.701968 0.402198
vn 0.482472 -0.798319 0.360427
vn 0.501118 -0.677210 0.538764
vn 0.409382 -0.772511 0.485421
vn 0.401980 -0.634801 0.659879
vn 0.328042 -0.730365 0.599128
vn 0.290585 -0.574799 0.764962
vn 0.238614 -0.671938 0.701116
vn 0.172760 -0.500078 0.848573
vn 0.144921 -0.599510 0.787137
vn 0.016499 -0.451516 0.892110
vn 0.021454 -0.537814 0.842790
vn -0.000405 0.123144 0.992389
vn 0.249488 0.145419 0.957397
vn 0.436949 0.103809 0.893476
vn 0.606356 -0.002956 0.795188
vn 0.731331 -0.165014 0.661760
vn 0.813145 -0.309390 0.493024
vn 0.814950 -0.451263 0.363618
vn -0.000691 0.117987 0.993015
vn 0.252776 0.110031 0.961248
vn 0.436724 0.023569 0.899287
vn 0.592169 -0.131092 0.795079
vn 0.703606 -0.281782 0.652332
vn 0.760995 -0.442770 0.474175
vn 0.736340 -0.585660 0.338831
vn -0.001300 0.079994 0.996795
vn 0.252664 0.048748 0.966325
vn 0.426654 -0.091311 0.899794
vn 0.569149 -0.243982 0.785202
vn 0.656209 -0.416726 0.629070
vn 0.684343 -0.579495 0.442560
vn -0.000201 -0.000641 1.000000
vn 0.247176 -0.048555 0.967753
vn 0.410107 -0.196130 0.890699
vn 0.529696 -0.376407 0.760092
vn 0.586972 -0.554861 0.589571
vn 0.238064 -0.141531 0.960882
vn 0.003755 -0.154429 0.987997
vn 0.222536 -0.256750 0.940509
vn 0.007037 -0.254313 0.967096
vn 0.200002 -0.382257 0.902152
vn 0.011561 -0.355936 0.934439
vn 0.119264 -0.681800 0.721751
vn 0.031792 -0.697174 0.716197
vn 0.080158 -0.824488 0.560173
vn 0.037089 -0.781590 0.622689
vn 0.043928 -0.896728 0.440397
vn 0.113651 -0.867244 0.484738
vn 0.112135 -0.967540 0.226476
vn 0.146318 -0.902609 0.404832
vn 0.177541 -0.930022 0.321774
vn 0.258403 -0.801809 0.538823
vn 0.321669 -0.841797 0.433482
vn 0.174201 -0.984710 -0.000000
vn 0.225732 -0.957675 0.178614
vn 0.207319 -0.949456 0.235694
vn 0.252346 -0.963459 0.089823
vn 0.328384 -0.944544 -0.000001
vn 0.461286 -0.878664 0.123149
vn 0.517102 -0.855924 -0.000001
vn 0.954890 -0.221864 0.197384
vn 0.984919 -0.173014 0.000001
vn 0.976133 -0.089995 0.197651
vn 0.999764 0.021723 -0.000079
vn 0.980209 0.029399 0.195771
vn 0.971202 0.138388 0.193947
vn 0.912865 0.153800 0.378184
vn 0.897399 0.231596 0.375551
vn 0.840139 0.234088 0.489253
vn 0.819951 0.304689 0.484608
vn 0.708051 0.294625 0.641763
vn 0.682555 0.364701 0.633334
vn 0.550244 0.336135 0.764359
vn 0.989907 0.141716 0.000007
vn 0.956148 0.220705 0.192538
vn 0.876700 0.305129 0.371879
vn 0.791822 0.380440 0.477791
vn 0.972238 0.233994 0.000053
vn 0.935807 0.296559 0.190574
vn 0.847804 0.383260 0.366524
vn 0.395258 0.294729 0.870003
vn 0.411034 0.242505 0.878773
vn 0.571621 0.273907 0.773450
vn 0.726393 0.230549 0.647457
vn 0.855282 0.160832 0.492570
vn 0.922959 0.049900 0.381649
vn 0.587033 0.218473 0.779526
vn 0.740193 0.166447 0.651468
vn 0.865524 0.062441 0.496960
vn 0.920275 -0.069184 0.385108
vn 0.381762 -0.321926 0.866384
vn 0.472311 -0.513187 0.716632
vn 0.340627 -0.454552 0.823016
vn 0.190163 -0.747925 0.635961
vn 0.379868 -0.867836 0.320251
vn 0.414362 -0.876917 0.243558
vn 0.043737 -0.896755 -0.440360
vn 0.097785 -0.948539 -0.301185
vn 0.039993 -0.910455 -0.411670
vn 0.041549 -0.925639 -0.376120
vn 0.051006 -0.956586 -0.286953
vn 0.076178 -0.975843 -0.204762
vn 0.050951 -0.985440 -0.162210
vn 0.076447 -0.996345 -0.038114
vn 0.049121 -0.998793 0.000000
vn 0.072887 -0.988645 0.131408
vn 0.050140 -0.985031 0.164925
vn 0.041737 -0.958285 0.282751
vn 0.067611 -0.966046 0.249368
vn 0.039917 -0.925397 0.376890
vn 0.090585 -0.940974 0.326131
vn 0.044417 -0.909276 0.413818
vn 0.043737 -0.896755 0.440360
vn 0.126686 -0.964848 0.230257
vn 0.144360 -0.983011 0.113355
vn 0.138512 -0.988873 0.054267
vn 0.158277 -0.986999 0.027940
vn 0.158298 -0.987383 -0.004171
vn 0.174201 -0.984710 -0.000000
vn 0.155359 -0.975132 -0.158055
vn 0.147112 -0.984666 -0.093760
vn 0.139597 -0.990156 -0.010155
vn 0.164435 -0.985115 -0.050099
vn 0.174213 -0.984708 -0.000011
vn 0.174201 -0.984710 -0.000004
vn 0.174201 -0.984710 0.000002
vn 0.163767 -0.984618 0.060888
vn 0.174201 -0.984710 0.000005
vn 0.183642 -0.978829 0.090390
vn 0.167691 -0.973060 0.158225
vn 0.174205 -0.984709 0.000008
vn 0.000000 0.194820 -0.980839
vn -0.000000 0.200015 -0.979793
vn -0.000751 0.163911 -0.986475
vn -0.000679 0.172663 -0.984981
vn -0.000728 0.142263 -0.989829
vn -0.000643 0.135749 -0.990743
vn -0.000389 0.122841 -0.992426
vn -0.000356 0.120773 -0.992680
vn -0.000703 0.118678 -0.992933
vn -0.000628 0.115220 -0.993340
vn -0.001075 0.096910 -0.995293
vn -0.000550 0.111940 -0.993715
vn -0.000913 0.090661 -0.995881
vn -0.000474 0.108751 -0.994069
vn -0.000754 0.084486 -0.996424
vn -0.000445 0.107536 -0.994201
vn -0.000693 0.082108 -0.996623
vn -0.000416 0.106334 -0.994330
vn -0.000632 0.079741 -0.996815
vn -0.000359 0.103968 -0.994581
vn -0.000510 0.075041 -0.997180
vn -0.000304 0.101651 -0.994820
vn -0.000390 0.070384 -0.997520
vn -0.000245 0.107248 -0.994232
vn -0.000256 0.059991 -0.998199
vn 0.000716 -0.036414 -0.999337
vn 0.001416 -0.070943 -0.997479
vn 0.004476 -0.177346 -0.984138
vn 0.008591 -0.266769 -0.963722
vn 0.008375 -0.266165 -0.963891
vn 0.013791 -0.362374 -0.931931
vn 0.014418 -0.378973 -0.925295
vn 0.022879 -0.516506 -0.855978
vn 0.023749 -0.537190 -0.843127
vn 0.034832 -0.726429 -0.686358
vn 0.035205 -0.734704 -0.677474
vn 0.039703 -0.816704 -0.575689
vn 0.039985 -0.822846 -0.566856
vn 0.044257 -0.903317 -0.426685
vn 0.044667 -0.912173 -0.407363
vn 0.047811 -0.972772 -0.226780
vn 0.047930 -0.975329 -0.215489
vn 0.048800 -0.992402 -0.112942
vn 0.048475 -0.986058 -0.159185
vn 0.049121 -0.998793 -0.000000
vn -0.001291 0.079303 -0.996850
vn -0.000006 -0.009862 -0.999951
vn 0.000166 -0.016188 -0.999869
vn 0.000335 -0.022395 -0.999749
vn 0.000399 -0.024774 -0.999693
vn 0.000464 -0.027136 -0.999632
vn 0.000591 -0.031809 -0.999494
vn -0.000212 -0.001709 -0.999999
vn 0.003736 -0.157451 -0.987520
vn 0.005179 -0.200358 -0.979709
vn 0.007185 -0.255272 -0.966843
vn 0.010607 -0.332001 -0.943220
vn 0.011533 -0.356011 -0.934411
vn 0.017706 -0.466095 -0.884557
vn 0.021575 -0.538369 -0.842433
vn 0.027139 -0.618029 -0.785687
vn 0.031749 -0.696910 -0.716456
vn 0.037570 -0.787233 -0.615510
vn 0.037019 -0.781279 -0.623084
vn 0.041451 -0.854930 -0.517085
vn 0.043731 -0.897182 -0.439491
vn 0.045077 -0.921073 -0.386771
vn 0.044415 -0.909602 -0.413101
vn 0.045213 -0.924248 -0.379106
vn 0.046960 -0.956920 -0.286528
vn 0.048466 -0.985904 0.160141
vn 0.048684 -0.990121 0.131493
vn 0.049121 -0.998793 0.000000
vn 0.048770 -0.991752 -0.118532
vn 0.047694 -0.970244 -0.237385
vn 0.044099 -0.899898 -0.433866
vn 0.039423 -0.810602 -0.584269
vn 0.034096 -0.710151 -0.703223
vn 0.022045 -0.496665 -0.867662
vn 0.015289 -0.380636 -0.924599
vn 0.047527 -0.967585 0.248032
vn 0.046946 -0.956746 0.287112
vn 0.043898 -0.899446 0.434822
vn 0.045206 -0.924281 0.379026
vn 0.044408 -0.909667 0.412957
vn 0.043724 -0.897278 0.439296
vn 0.039500 -0.820882 0.569730
vn 0.043370 -0.887963 0.457865
vn 0.038617 -0.801389 0.596895
vn 0.042843 -0.876537 0.479424
vn 0.037743 -0.782162 0.621931
vn 0.042639 -0.872127 0.487417
vn 0.037408 -0.774788 0.631113
vn 0.042436 -0.867737 0.495208
vn 0.037074 -0.767474 0.640007
vn 0.042033 -0.859027 0.510201
vn 0.036416 -0.753044 0.656962
vn 0.041634 -0.850425 0.524447
vn 0.035770 -0.738898 0.672867
vn 0.038291 -0.784940 0.618388
vn 0.031022 -0.648803 0.760324
vn 0.030287 -0.638730 0.768835
vn 0.024803 -0.538261 0.842413
vn 0.018379 -0.436737 0.899402
vn 0.015291 -0.380328 0.924725
vn 0.010115 -0.298555 0.954339
vn 0.008637 -0.267201 0.963602
vn 0.004476 -0.177560 0.984100
vn 0.001453 -0.072058 0.997399
vn 0.001317 -0.066648 0.997776
vn -0.000282 0.060577 0.998163
vn -0.000418 0.069205 0.997602
vn -0.000239 0.106527 0.994310
vn -0.000334 0.118656 0.992935
vn -0.000498 0.128558 0.991702
vn -0.000719 0.142975 0.989726
vn -0.000738 0.152170 0.988354
vn -0.000653 0.161834 0.986818
vn -0.000000 0.184986 0.982741
vn -0.000658 0.162983 0.986629
vn -0.000664 0.164166 0.986433
vn -0.000720 0.143093 0.989709
vn -0.000721 0.143215 0.989691
vn -0.000344 0.119129 0.992879
vn -0.000353 0.119617 0.992820
vn -0.000543 0.074029 0.997256
vn -0.000668 0.078895 0.996883
vn 0.001222 -0.063210 0.997999
vn 0.001125 -0.059705 0.998215
vn 0.004589 -0.181262 0.983424
vn 0.004707 -0.185105 0.982708
vn 0.010572 -0.311536 0.950176
vn 0.011052 -0.325157 0.945595
vn 0.019144 -0.455680 0.889938
vn 0.019945 -0.475510 0.879484
vn 0.031077 -0.656434 0.753743
vn 0.031889 -0.674658 0.737441
vn 0.037036 -0.781943 0.622249
vn 0.034950 -0.743571 0.667743
vn 0.033823 -0.718147 0.695069
vn 0.032723 -0.693378 0.719831
vn 0.032304 -0.683958 0.728806
vn 0.031732 -0.696715 0.716646
vn 0.023109 -0.553992 0.832201
vn 0.021914 -0.524337 0.851229
vn 0.020782 -0.496254 0.867929
vn 0.020359 -0.485766 0.873852
vn 0.021459 -0.535464 0.844286
vn 0.012974 -0.379701 0.925018
vn 0.012242 -0.358937 0.933282
vn 0.011556 -0.339459 0.940550
vn 0.011301 -0.332221 0.943134
vn 0.016427 -0.450108 0.892823
vn 0.011601 -0.357606 0.933800
vn 0.005166 -0.200119 0.979758
vn 0.007208 -0.256561 0.966501
vn 0.003611 -0.153300 0.988173
vn 0.000761 -0.046586 0.998914
vn -0.000201 -0.001553 0.999999
vn -0.001127 0.096637 0.995319
vn -0.001272 0.078802 0.996889
vn -0.000657 0.116739 0.993162
vn -0.000391 0.121503 0.992591
vn -0.000412 0.124276 0.992248
vn -0.000726 0.143690 0.989622
vn -0.000720 0.142978 0.989726
vn -0.000685 0.168699 0.985667
vn -0.000667 0.172218 0.985059
vn -0.000000 0.200015 0.979793
vn -0.000000 0.194820 0.980839
vn -0.000677 0.167009 0.985955
vn -0.000724 0.143512 0.989648
vn -0.000723 0.143341 0.989673
vn -0.000364 0.120122 0.992759
vn -0.000358 0.119868 0.992790
vn -0.000732 0.081344 0.996686
vn -0.000000 0.189814 0.981820
vn -0.000670 0.165384 0.986229
vn -0.000722 0.143278 0.989682
vn -0.000667 0.164770 0.986332
vn 0.042087 -0.858478 0.511121
vn 0.045570 -0.927247 0.371667
vn 0.046833 -0.952662 0.300402
vn 0.048144 -0.978910 0.198540
vn 0.048507 -0.986304 0.157646
vn 0.049121 -0.998793 0.000000
vn 0.049121 -0.998793 0.000000
vn 0.048674 -0.989694 -0.134675
vn 0.049121 -0.998793 0.000000
vn 0.048696 -0.990158 -0.131212
vn 0.049121 -0.998793 0.000000
vn 0.048718 -0.990632 -0.127576
vn 0.049121 -0.998793 0.000000
vn 0.048729 -0.990872 -0.125689
vn 0.049121 -0.998793 0.000000
vn 0.048741 -0.991115 -0.123753
vn 0.049121 -0.998793 0.000000
vn 0.048161 -0.979246 -0.196868
vn 0.047427 -0.964512 -0.259745
vn 0.047515 -0.966395 -0.252632
vn 0.047604 -0.968307 -0.245185
vn 0.047649 -0.969272 -0.241331
vn 0.045616 -0.928105 -0.369513
vn 0.043317 -0.883056 -0.467265
vn 0.043627 -0.889735 -0.454388
vn 0.043941 -0.896493 -0.440873
vn 0.042149 -0.859555 -0.509302
vn 0.038321 -0.786654 -0.616203
vn 0.038868 -0.798530 -0.600699
vn 0.038350 -0.785853 -0.617223
vn 0.033376 -0.694257 -0.718953
vn 0.031044 -0.648794 -0.760331
vn 0.024775 -0.537345 -0.842999
vn -0.000335 0.119672 -0.992813
vn -0.000509 0.128942 -0.991652
vn -0.000655 0.136721 -0.990609
vn -0.000755 0.152229 -0.988345
vn -0.000718 0.158199 -0.987407
vn 0.000000 0.184986 -0.982741
vn -0.000000 0.189814 -0.981820
vn -0.000729 0.160134 -0.987095
vn -0.000724 0.159152 -0.987254
vn -0.000653 0.136562 -0.990631
vn -0.000338 0.119854 -0.992791
vn -0.000743 0.162501 -0.986708
vn -0.000735 0.161148 -0.986930
vn -0.000732 0.160637 -0.987013
vn -0.000649 0.136224 -0.990678
vn -0.000650 0.136311 -0.990666
vn -0.000346 0.120238 -0.992745
vn -0.000344 0.120139 -0.992757
vn -0.000651 0.136396 -0.990654
vn -0.000342 0.120042 -0.992769
vn -0.000377 0.120798 0.992677
vn -0.000960 0.090185 0.995925
vn 0.000895 -0.051419 0.998677
vn 0.004993 -0.194467 0.980896
vn 0.047364 -0.964075 0.261375
vn 0.047203 -0.960594 0.273920
vn 0.047140 -0.959252 0.278591
vn 0.047078 -0.957918 0.283154
vn 0.046955 -0.955273 0.291973
vn 0.048642 -0.989208 0.138205
vn 0.048600 -0.988313 0.144484
vn 0.048585 -0.987970 0.146814
vn 0.048569 -0.987631 0.149087
vn 0.048537 -0.986961 0.153469
vn 0.040715 -0.838812 -0.542897
vn 0.036568 -0.764938 -0.643064
vn 0.035583 -0.743063 -0.668275
vn 0.025868 -0.587692 -0.808671
vn 0.024653 -0.558724 -0.828987
vn 0.024196 -0.547850 -0.836226
vn 0.016706 -0.439601 -0.898038
vn 0.015766 -0.414698 -0.909822
vn 0.015417 -0.405438 -0.913992
vn 0.015076 -0.396401 -0.917954
vn 0.010037 -0.315198 -0.948973
vn 0.009501 -0.299414 -0.954076
vn 0.009302 -0.293542 -0.955901
vn 0.009108 -0.287808 -0.957645
vn 0.008733 -0.276735 -0.960906
vn 0.005003 -0.194591 -0.980872
vn 0.004835 -0.189111 -0.981944
vn 0.004772 -0.187056 -0.982338
vn 0.004711 -0.185040 -0.982720
vn 0.004591 -0.181121 -0.983450
vn -0.000351 0.120499 -0.992713
vn -0.000646 0.135993 -0.990710
vn -0.000795 0.083804 0.996482
vn 0.001026 -0.056129 0.998423
vn 0.004829 -0.189096 0.981947
vn 0.001076 -0.057926 0.998320
vn 0.004767 -0.187081 0.982333
vn 0.174202 -0.984710 -0.000000
vn 0.328517 -0.944498 -0.000000
vn 0.328382 -0.944545 -0.000000
vn 0.516343 -0.856382 -0.000000
vn 0.517105 -0.855922 -0.000000
vn 0.710553 -0.703644 -0.000000
vn 0.711321 -0.702867 -0.000000
vn 0.861453 -0.507838 -0.000000
vn 0.862225 -0.506526 -0.000000
vn 0.946876 -0.321600 -0.000000
vn 0.947336 -0.320242 -0.000000
vn 0.984776 -0.173830 -0.000000
vn 0.984926 -0.172978 -0.000000
vn 0.999779 0.021033 0.000000
vn 0.999771 0.021410 0.000000
vn 0.989911 0.141692 0.000000
vn 0.989899 0.141778 0.000000
vn 0.972187 0.234204 0.000000
vn 0.972161 0.234315 0.000000
vn 0.946506 0.322687 0.000000
vn 0.946507 0.322685 0.000000
vn 0.904289 0.426920 0.000000
vn -0.000000 1.000000 -0.000000
vn -0.000000 1.000000 -0.000000
vn -0.000000 1.000000 -0.000000
vn -0.000000 1.000000 -0.000000
vn -0.000000 1.000000 -0.000000
vn -0.000000 1.000000 -0.000000
vn -0.000000 1.000000 -0.000000
vn -0.000000 1.000000 -0.000000
vn -0.000000 1.000000 -0.000000
vn -0.000000 1.000000 -0.000000
vn -0.000000 1.000000 -0.000000
vn -0.000000 1.000000 -0.000000
vn -0.000000 1.000000 -0.000000
vn -0.000000 1.000000 -0.000000
vn -0.000000 1.000000 -0.000000
vn -0.000000 1.000000 -0.000000
vn -0.000000 1.000000 -0.000000
vn -0.000000 1.000000 -0.000000
vn -0.000000 1.000000 -0.000000
vn -0.000000 1.000000 -0.000000
vn -0.000000 1.000000 -0.000000
vn -0.000000 1.000000 -0.000000
vn -0.000000 1.000000 -0.000000
vn -0.000000 1.000000 -0.000000
vn -0.000000 1.000000 -0.000000
vn -0.000000 1.000000 -0.000000
vn -0.000000 1.000000 -0.000000
vn -0.000000 1.000000 -0.000000
vn -0.000000 1.000000 -0.000000
vn -0.000000 1.000000 -0.000000
vn -0.000000 1.000000 -0.000000
vn -0.000000 1.000000 -0.000000
vn -0.000000 1.000000 -0.000000
vn -0.000000 1.000000 -0.000000
vn -0.000000 1.000000 -0.000000
vn -0.000000 1.000000 -0.000000
vn -0.000000 1.000000 -0.000000
vn -0.000000 1.000000 -0.000000
vn -0.000000 1.000000 -0.000000
vn -0.000000 1.000000 -0.000000
vn -0.000000 1.000000 -0.000000
vn -0.000000 1.000000 -0.000000
vn -0.000000 1.000000 -0.000000
vn -0.000000 1.000000 -0.000000
usemtl Steel_-_Satin
f 2/1/1 48/2/2 1/3/3
f 1/3/3 48/2/2 47/4/4
f 1/3/3 47/4/4 35/5/5
f 35/5/5 47/4/4 34/6/6
f 34/6/6 47/4/4 61/7/7
f 34/6/6 61/7/7 33/8/8
f 33/8/8 61/7/7 68/9/9
f 33/8/8 68/9/9 32/10/10
f 32/10/10 68/9/9 75/11/11
f 32/10/10 75/11/11 31/12/12
f 31/12/12 75/11/11 37/13/13
f 31/12/12 37/13/13 30/14/14
f 30/14/14 37/13/13 86/15/15
f 30/14/14 86/15/15 93/16/16
f 93/16/16 86/15/15 85/17/17
f 93/16/16 85/17/17 94/18/18
f 94/18/18 85/17/17 84/19/19
f 94/18/18 84/19/19 95/20/20
f 95/20/20 84/19/19 83/21/21
f 95/20/20 83/21/21 96/22/22
f 96/22/22 83/21/21 82/23/23
f 96/22/22 82/23/23 97/24/24
f 97/24/24 82/23/23 81/25/25
f 97/24/24 81/25/25 98/26/26
f 98/26/26 81/25/25 38/27/27
f 98/26/26 38/27/27 99/28/28
f 99/28/28 38/27/27 16/29/29
f 99/28/28 16/29/29 17/30/30
f 48/2/2 2/1/1 49/31/31
f 49/31/31 2/1/1 3/32/32
f 49/31/31 3/32/32 4/33/33
f 49/31/31 4/33/33 50/34/34
f 50/34/34 4/33/33 5/35/35
f 50/34/34 5/35/35 51/36/36
f 51/36/36 5/35/35 6/37/37
f 51/36/36 6/37/37 52/38/38
f 52/38/38 6/37/37 7/39/39
f 52/38/38 7/39/39 53/40/40
f 53/40/40 7/39/39 8/41/41
f 53/40/40 8/41/41 54/42/42
f 54/42/42 8/41/41 9/43/43
f 54/42/42 9/43/43 10/44/44
f 54/42/42 10/44/44 41/45/45
f 41/45/45 10/44/44 11/46/46
f 41/45/45 11/46/46 55/47/47
f 55/47/47 11/46/46 12/48/48
f 55/47/47 12/48/48 62/49/49
f 62/49/49 12/48/48 13/50/50
f 62/49/49 13/50/50 36/51/51
f 36/51/51 13/50/50 14/52/52
f 36/51/51 14/52/52 69/53/53
f 69/53/53 14/52/52 15/54/54
f 69/53/53 15/54/54 38/27/27
f 38/27/27 15/54/54 16/29/29
f 99/28/28 17/30/30 87/55/55
f 87/55/55 17/30/30 18/56/56
f 87/55/55 18/56/56 40/57/57
f 40/57/57 18/56/56 19/58/58
f 40/57/57 19/58/58 119/59/59
f 119/59/59 19/58/58 106/60/60
f 119/59/59 106/60/60 107/61/61
f 107/61/61 106/60/60 121/62/62
f 107/61/61 121/62/62 122/63/63
f 122/63/63 121/62/62 23/64/64
f 122/63/63 23/64/64 123/65/65
f 123/65/65 23/64/64 24/66/66
f 123/65/65 24/66/66 124/67/67
f 124/67/67 24/66/66 125/68/68
f 124/67/67 125/68/68 110/69/69
f 110/69/69 125/68/68 111/70/70
f 110/69/69 111/70/70 115/71/71
f 115/71/71 111/70/70 114/72/72
f 115/71/71 114/72/72 103/73/73
f 103/73/73 114/72/72 104/74/74
f 103/73/73 104/74/74 91/75/75
f 91/75/75 104/74/74 92/76/76
f 91/75/75 92/76/76 95/20/20
f 95/20/20 92/76/76 94/18/18
f 19/58/58 20/77/77 106/60/60
f 106/60/60 20/77/77 120/78/78
f 106/60/60 120/78/78 121/62/62
f 121/62/62 120/78/78 23/64/64
f 20/77/77 21/79/79 120/78/78
f 120/78/78 21/79/79 22/80/80
f 120/78/78 22/80/80 23/64/64
f 125/68/68 24/66/66 126/81/81
f 126/81/81 24/66/66 25/82/82
f 126/81/81 25/82/82 26/83/83
f 126/81/81 26/83/83 112/84/84
f 112/84/84 26/83/83 27/85/85
f 112/84/84 27/85/85 113/86/86
f 113/86/86 27/85/85 28/87/87
f 113/86/86 28/87/87 105/88/88
f 105/88/88 28/87/87 39/89/89
f 105/88/88 39/89/89 92/76/76
f 92/76/76 39/89/89 94/18/18
f 28/87/87 29/90/90 39/89/89
f 39/89/89 29/90/90 93/16/16
f 39/89/89 93/16/16 94/18/18
f 29/90/90 30/14/14 93/16/16
f 53/40/40 54/42/42 42/91/91
f 42/91/91 54/42/42 41/45/45
f 42/91/91 41/45/45 56/92/92
f 56/92/92 41/45/45 55/47/47
f 56/92/92 55/47/47 63/93/93
f 63/93/93 55/47/47 62/49/49
f 63/93/93 62/49/49 80/94/94
f 80/94/94 62/49/49 36/51/51
f 80/94/94 36/51/51 70/95/95
f 70/95/95 36/51/51 69/53/53
f 70/95/95 69/53/53 81/25/25
f 81/25/25 69/53/53 38/27/27
f 52/38/38 53/40/40 43/96/96
f 43/96/96 53/40/40 42/91/91
f 43/96/96 42/91/91 57/97/97
f 57/97/97 42/91/91 56/92/92
f 57/97/97 56/92/92 64/98/98
f 64/98/98 56/92/92 63/93/93
f 64/98/98 63/93/93 79/99/99
f 79/99/99 63/93/93 80/94/94
f 79/99/99 80/94/94 71/100/100
f 71/100/100 80/94/94 70/95/95
f 71/100/100 70/95/95 82/23/23
f 82/23/23 70/95/95 81/25/25
f 51/36/36 52/38/38 44/101/101
f 44/101/101 52/38/38 43/96/96
f 44/101/101 43/96/96 58/102/102
f 58/102/102 43/96/96 57/97/97
f 58/102/102 57/97/97 65/103/103
f 65/103/103 57/97/97 64/98/98
f 65/103/103 64/98/98 78/104/104
f 78/104/104 64/98/98 79/99/99
f 78/104/104 79/99/99 72/105/105
f 72/105/105 79/99/99 71/100/100
f 72/105/105 71/100/100 83/21/21
f 83/21/21 71/100/100 82/23/23
f 50/34/34 51/36/36 45/106/106
f 45/106/106 51/36/36 44/101/101
f 45/106/106 44/101/101 59/107/107
f 59/107/107 44/101/101 58/102/102
f 59/107/107 58/102/102 66/108/108
f 66/108/108 58/102/102 65/103/103
f 66/108/108 65/103/103 77/109/109
f 77/109/109 65/103/103 78/104/104
f 77/109/109 78/104/104 73/110/110
f 73/110/110 78/104/104 72/105/105
f 73/110/110 72/105/105 84/19/19
f 84/19/19 72/105/105 83/21/21
f 49/31/31 50/34/34 46/111/111
f 46/111/111 50/34/34 45/106/106
f 46/111/111 45/106/106 60/112/112
f 60/112/112 45/106/106 59/107/107
f 60/112/112 59/107/107 67/113/113
f 67/113/113 59/107/107 66/108/108
f 67/113/113 66/108/108 76/114/114
f 76/114/114 66/108/108 77/109/109
f 76/114/114 77/109/109 74/115/115
f 74/115/115 77/109/109 73/110/110
f 74/115/115 73/110/110 85/17/17
f 85/17/17 73/110/110 84/19/19
f 48/2/2 49/31/31 47/4/4
f 47/4/4 49/31/31 46/111/111
f 47/4/4 46/111/111 61/7/7
f 61/7/7 46/111/111 60/112/112
f 61/7/7 60/112/112 68/9/9
f 68/9/9 60/112/112 67/113/113
f 68/9/9 67/113/113 75/11/11
f 75/11/11 67/113/113 76/114/114
f 75/11/11 76/114/114 37/13/13
f 37/13/13 76/114/114 74/115/115
f 37/13/13 74/115/115 86/15/15
f 86/15/15 74/115/115 85/17/17
f 98/26/26 99/28/28 88/116/116
f 88/116/116 99/28/28 87/55/55
f 88/116/116 87/55/55 100/117/117
f 100/117/117 87/55/55 40/57/57
f 100/117/117 40/57/57 118/118/118
f 118/118/118 40/57/57 119/59/59
f 118/118/118 119/59/59 107/61/61
f 97/24/24 98/26/26 89/119/119
f 89/119/119 98/26/26 88/116/116
f 89/119/119 88/116/116 101/120/120
f 101/120/120 88/116/116 100/117/117
f 101/120/120 100/117/117 117/121/121
f 117/121/121 100/117/117 118/118/118
f 117/121/121 118/118/118 108/122/122
f 108/122/122 118/118/118 107/61/61
f 108/122/122 107/61/61 122/63/63
f 96/22/22 97/24/24 90/123/123
f 90/123/123 97/24/24 89/119/119
f 90/123/123 89/119/119 102/124/124
f 102/124/124 89/119/119 101/120/120
f 102/124/124 101/120/120 116/125/125
f 116/125/125 101/120/120 117/121/121
f 116/125/125 117/121/121 109/126/126
f 109/126/126 117/121/121 108/122/122
f 109/126/126 108/122/122 123/65/65
f 123/65/65 108/122/122 122/63/63
f 95/20/20 96/22/22 91/75/75
f 91/75/75 96/22/22 90/123/123
f 91/75/75 90/123/123 103/73/73
f 103/73/73 90/123/123 102/124/124
f 103/73/73 102/124/124 115/71/71
f 115/71/71 102/124/124 116/125/125
f 115/71/71 116/125/125 110/69/69
f 110/69/69 116/125/125 109/126/126
f 110/69/69 109/126/126 124/67/67
f 124/67/67 109/126/126 123/65/65
f 105/88/88 92/76/76 104/74/74
f 113/86/86 105/88/88 104/74/74
f 113/86/86 104/74/74 114/72/72
f 113/86/86 114/72/72 112/84/84
f 112/84/84 114/72/72 111/70/70
f 112/84/84 111/70/70 126/81/81
f 126/81/81 111/70/70 125/68/68
f 158/127/127 2/128/128 164/129/129
f 164/129/129 2/128/128 1/130/130
f 164/129/129 1/130/130 171/131/131
f 171/131/131 1/130/130 170/132/132
f 171/131/131 170/132/132 178/133/133
f 178/133/133 170/132/132 177/134/134
f 178/133/133 177/134/134 185/135/135
f 185/135/135 177/134/134 184/136/136
f 185/135/135 184/136/136 191/137/137
f 191/137/137 184/136/136 190/138/138
f 191/137/137 190/138/138 198/139/139
f 198/139/139 190/138/138 197/140/140
f 198/139/139 197/140/140 215/141/141
f 215/141/141 197/140/140 161/142/142
f 215/141/141 161/142/142 205/143/143
f 205/143/143 161/142/142 204/144/144
f 205/143/143 204/144/144 217/145/145
f 217/145/145 204/144/144 216/146/146
f 217/145/145 216/146/146 234/147/147
f 234/147/147 216/146/146 162/148/148
f 234/147/147 162/148/148 223/149/149
f 223/149/149 162/148/148 163/150/150
f 223/149/149 163/150/150 247/151/151
f 247/151/151 163/150/150 248/152/152
f 247/151/151 248/152/152 236/153/153
f 236/153/153 248/152/152 235/154/154
f 236/153/153 235/154/154 250/155/155
f 250/155/155 235/154/154 249/156/156
f 250/155/155 249/156/156 257/157/157
f 257/157/157 249/156/156 256/158/158
f 257/157/157 256/158/158 25/159/159
f 25/159/159 256/158/158 136/160/160
f 136/160/160 256/158/158 249/156/156
f 136/160/160 249/156/156 135/161/161
f 135/161/161 249/156/156 235/154/154
f 135/161/161 235/154/154 134/162/162
f 134/162/162 235/154/154 248/152/152
f 134/162/162 248/152/152 163/150/150
f 1/130/130 127/163/163 170/132/132
f 170/132/132 127/163/163 177/134/134
f 127/163/163 128/164/164 177/134/134
f 177/134/134 128/164/164 184/136/136
f 128/164/164 129/165/165 184/136/136
f 184/136/136 129/165/165 190/138/138
f 129/165/165 130/166/166 190/138/138
f 190/138/138 130/166/166 197/140/140
f 197/140/140 130/166/166 161/142/142
f 161/142/142 130/166/166 131/167/167
f 161/142/142 131/167/167 204/144/144
f 204/144/144 131/167/167 132/168/168
f 204/144/144 132/168/168 216/146/146
f 216/146/146 132/168/168 162/148/148
f 132/168/168 133/169/169 162/148/148
f 162/148/148 133/169/169 163/150/150
f 133/169/169 134/162/162 163/150/150
f 25/159/159 137/170/170 257/157/157
f 257/157/157 137/170/170 258/171/171
f 257/157/157 258/171/171 250/155/155
f 250/155/155 258/171/171 251/172/172
f 250/155/155 251/172/172 236/153/153
f 236/153/153 251/172/172 237/173/173
f 236/153/153 237/173/173 247/151/151
f 247/151/151 237/173/173 246/174/174
f 247/151/151 246/174/174 223/149/149
f 223/149/149 246/174/174 224/175/175
f 223/149/149 224/175/175 234/147/147
f 234/147/147 224/175/175 233/176/176
f 234/147/147 233/176/176 217/145/145
f 217/145/145 233/176/176 218/177/177
f 217/145/145 218/177/177 205/143/143
f 205/143/143 218/177/177 206/178/178
f 205/143/143 206/178/178 215/141/141
f 215/141/141 206/178/178 214/179/179
f 215/141/141 214/179/179 198/139/139
f 198/139/139 214/179/179 199/180/180
f 198/139/139 199/180/180 191/137/137
f 191/137/137 199/180/180 192/181/181
f 191/137/137 192/181/181 185/135/135
f 185/135/135 192/181/181 186/182/182
f 185/135/135 186/182/182 178/133/133
f 178/133/133 186/182/182 179/183/183
f 178/133/133 179/183/183 171/131/131
f 171/131/131 179/183/183 172/184/184
f 171/131/131 172/184/184 164/129/129
f 164/129/129 172/184/184 165/185/185
f 164/129/129 165/185/185 158/127/127
f 158/127/127 165/185/185 157/186/186
f 157/186/186 165/185/185 166/187/187
f 157/186/186 166/187/187 156/188/188
f 156/188/188 166/187/187 167/189/189
f 156/188/188 167/189/189 155/190/190
f 155/190/190 167/189/189 168/191/191
f 155/190/190 168/191/191 154/192/192
f 154/192/192 168/191/191 153/193/193
f 153/193/193 168/191/191 169/194/194
f 153/193/193 169/194/194 152/195/195
f 152/195/195 169/194/194 151/196/196
f 151/196/196 169/194/194 176/197/197
f 151/196/196 176/197/197 150/198/198
f 150/198/198 176/197/197 183/199/199
f 150/198/198 183/199/199 159/200/200
f 159/200/200 183/199/199 182/201/201
f 159/200/200 182/201/201 189/202/202
f 189/202/202 182/201/201 181/203/203
f 189/202/202 181/203/203 188/204/204
f 188/204/204 181/203/203 180/205/205
f 188/204/204 180/205/205 187/206/206
f 187/206/206 180/205/205 179/183/183
f 187/206/206 179/183/183 186/182/182
f 138/207/207 260/208/208 137/170/170
f 137/170/170 260/208/208 259/209/209
f 137/170/170 259/209/209 258/171/171
f 258/171/171 259/209/209 251/172/172
f 139/210/210 262/211/211 138/207/207
f 138/207/207 262/211/211 261/212/212
f 138/207/207 261/212/212 260/208/208
f 260/208/208 261/212/212 253/213/213
f 260/208/208 253/213/213 252/214/214
f 252/214/214 253/213/213 238/215/215
f 252/214/214 238/215/215 237/173/173
f 237/173/173 238/215/215 246/174/174
f 139/210/210 140/216/216 262/211/211
f 262/211/211 140/216/216 255/217/217
f 262/211/211 255/217/217 254/218/218
f 254/218/218 255/217/217 240/219/219
f 254/218/218 240/219/219 239/220/220
f 239/220/220 240/219/219 244/221/221
f 239/220/220 244/221/221 245/222/222
f 245/222/222 244/221/221 225/223/223
f 245/222/222 225/223/223 224/175/175
f 224/175/175 225/223/223 233/176/176
f 140/216/216 141/224/224 255/217/217
f 255/217/217 141/224/224 241/225/225
f 255/217/217 241/225/225 240/219/219
f 240/219/219 241/225/225 243/226/226
f 240/219/219 243/226/226 244/221/221
f 244/221/221 243/226/226 226/227/227
f 244/221/221 226/227/227 225/223/223
f 225/223/223 226/227/227 232/228/228
f 225/223/223 232/228/228 233/176/176
f 233/176/176 232/228/228 218/177/177
f 141/224/224 142/229/229 241/225/225
f 241/225/225 142/229/229 242/230/230
f 241/225/225 242/230/230 243/226/226
f 243/226/226 242/230/230 227/231/231
f 243/226/226 227/231/231 226/227/227
f 226/227/227 227/231/231 231/232/232
f 226/227/227 231/232/232 232/228/228
f 232/228/228 231/232/232 219/233/233
f 232/228/228 219/233/233 218/177/177
f 218/177/177 219/233/233 206/178/178
f 142/229/229 143/234/234 242/230/230
f 242/230/230 143/234/234 228/235/235
f 242/230/230 228/235/235 227/231/231
f 227/231/231 228/235/235 230/236/236
f 227/231/231 230/236/236 231/232/232
f 231/232/232 230/236/236 220/237/237
f 231/232/232 220/237/237 219/233/233
f 219/233/233 220/237/237 207/238/238
f 219/233/233 207/238/238 206/178/178
f 206/178/178 207/238/238 214/179/179
f 143/234/234 144/239/239 228/235/235
f 228/235/235 144/239/239 229/240/240
f 228/235/235 229/240/240 230/236/236
f 230/236/236 229/240/240 221/241/241
f 230/236/236 221/241/241 220/237/237
f 220/237/237 221/241/241 208/242/242
f 220/237/237 208/242/242 207/238/238
f 207/238/238 208/242/242 213/243/243
f 207/238/238 213/243/243 214/179/179
f 214/179/179 213/243/243 199/180/180
f 144/239/239 145/244/244 229/240/240
f 229/240/240 145/244/244 222/245/245
f 229/240/240 222/245/245 221/241/241
f 221/241/241 222/245/245 209/246/246
f 221/241/241 209/246/246 208/242/242
f 208/242/242 209/246/246 212/247/247
f 208/242/242 212/247/247 213/243/243
f 213/243/243 212/247/247 200/248/248
f 213/243/243 200/248/248 199/180/180
f 199/180/180 200/248/248 192/181/181
f 145/244/244 146/249/249 222/245/245
f 222/245/245 146/249/249 160/250/250
f 222/245/245 160/250/250 209/246/246
f 209/246/246 160/250/250 211/251/251
f 209/246/246 211/251/251 212/247/247
f 212/247/247 211/251/251 201/252/252
f 212/247/247 201/252/252 200/248/248
f 200/248/248 201/252/252 193/253/253
f 200/248/248 193/253/253 192/181/181
f 192/181/181 193/253/253 186/182/182
f 146/249/249 147/254/254 160/250/250
f 160/250/250 147/254/254 210/255/255
f 160/250/250 210/255/255 211/251/251
f 211/251/251 210/255/255 202/256/256
f 211/251/251 202/256/256 201/252/252
f 201/252/252 202/256/256 194/257/257
f 201/252/252 194/257/257 193/253/253
f 193/253/253 194/257/257 187/206/206
f 193/253/253 187/206/206 186/182/182
f 210/255/255 147/254/254 203/258/258
f 203/258/258 147/254/254 148/259/259
f 203/258/258 148/259/259 196/260/260
f 196/260/260 148/259/259 149/261/261
f 196/260/260 149/261/261 159/200/200
f 159/200/200 149/261/261 150/198/198
f 166/187/187 165/185/185 173/262/262
f 173/262/262 165/185/185 172/184/184
f 173/262/262 172/184/184 180/205/205
f 180/205/205 172/184/184 179/183/183
f 167/189/189 166/187/187 174/263/263
f 174/263/263 166/187/187 173/262/262
f 174/263/263 173/262/262 181/203/203
f 181/203/203 173/262/262 180/205/205
f 176/197/197 169/194/194 168/191/191
f 168/191/191 167/189/189 175/264/264
f 175/264/264 167/189/189 174/263/263
f 175/264/264 174/263/263 182/201/201
f 182/201/201 174/263/263 181/203/203
f 183/199/199 176/197/197 175/264/264
f 175/264/264 176/197/197 168/191/191
f 183/199/199 175/264/264 182/201/201
f 187/206/206 194/257/257 188/204/204
f 188/204/204 194/257/257 195/265/265
f 188/204/204 195/265/265 189/202/202
f 189/202/202 195/265/265 196/260/260
f 189/202/202 196/260/260 159/200/200
f 203/258/258 196/260/260 195/265/265
f 203/258/258 195/265/265 202/256/256
f 202/256/256 195/265/265 194/257/257
f 210/255/255 203/258/258 202/256/256
f 245/222/222 224/175/175 246/174/174
f 245/222/222 246/174/174 238/215/215
f 252/214/214 237/173/173 251/172/172
f 245/222/222 238/215/215 239/220/220
f 239/220/220 238/215/215 253/213/213
f 239/220/220 253/213/213 254/218/218
f 254/218/218 253/213/213 261/212/212
f 254/218/218 261/212/212 262/211/211
f 260/208/208 252/214/214 259/209/209
f 259/209/209 252/214/214 251/172/172
f 23/266/266 273/267/267 24/268/268
f 24/268/268 273/267/267 274/269/269
f 24/268/268 274/269/269 25/270/270
f 22/271/271 263/272/272 23/266/266
f 23/266/266 263/272/272 264/273/273
f 23/266/266 264/273/273 272/274/274
f 272/274/274 264/273/273 265/275/275
f 272/274/274 265/275/275 266/276/276
f 272/274/274 266/276/276 275/277/277
f 275/277/277 266/276/276 267/278/278
f 275/277/277 267/278/278 278/279/279
f 278/279/279 267/278/278 268/280/280
f 278/279/279 268/280/280 269/281/281
f 278/279/279 269/281/281 281/282/282
f 281/282/282 269/281/281 270/283/283
f 281/282/282 270/283/283 286/284/284
f 286/284/284 270/283/283 271/285/285
f 286/284/284 271/285/285 138/286/286
f 138/286/286 137/287/287 286/284/284
f 286/284/284 137/287/287 281/282/282
f 25/288/288 285/289/289 137/287/287
f 137/287/287 285/289/289 284/290/290
f 137/287/287 284/290/290 282/291/291
f 282/291/291 284/290/290 285/289/289
f 282/291/291 285/289/289 283/292/292
f 283/292/292 285/289/289 25/293/293
f 283/292/292 25/294/294 280/295/295
f 280/295/295 25/296/296 277/297/297
f 277/297/297 25/298/298 274/269/269
f 23/266/266 272/274/274 273/267/267
f 273/267/267 272/274/274 276/299/299
f 273/267/267 276/299/299 277/297/297
f 277/297/297 276/299/299 280/295/295
f 277/297/297 274/269/269 273/267/267
f 272/274/274 275/277/277 276/299/299
f 276/299/299 275/277/277 279/300/300
f 276/299/299 279/300/300 280/295/295
f 280/295/295 279/300/300 283/292/292
f 275/277/277 278/279/279 279/300/300
f 279/300/300 278/279/279 282/291/291
f 279/300/300 282/291/291 283/292/292
f 137/287/287 282/291/291 281/282/282
f 281/282/282 282/291/291 278/279/279
f 21/301/301 337/302/302 22/303/303
f 22/303/303 337/302/302 338/304/304
f 22/303/303 338/304/304 263/305/305
f 263/305/305 338/304/304 264/306/306
f 264/306/306 338/304/304 265/307/307
f 265/307/307 338/304/304 339/308/308
f 265/307/307 339/308/308 266/309/309
f 266/309/309 339/308/308 340/310/310
f 266/309/309 340/310/310 267/311/311
f 267/311/311 340/310/310 341/312/312
f 267/311/311 341/312/312 342/313/313
f 342/313/313 341/312/312 370/314/314
f 342/313/313 370/314/314 371/315/315
f 371/315/315 370/314/314 422/316/316
f 371/315/315 422/316/316 421/317/317
f 421/317/317 422/316/316 400/318/318
f 421/317/317 400/318/318 401/319/319
f 401/319/319 400/318/318 516/320/320
f 401/319/319 516/320/320 517/321/321
f 517/321/321 516/320/320 477/322/322
f 517/321/321 477/322/322 476/323/323
f 476/323/323 477/322/322 461/324/324
f 476/323/323 461/324/324 462/325/325
f 462/325/325 461/324/324 311/326/326
f 462/325/325 311/326/326 312/327/327
f 337/302/302 21/301/301 336/328/328
f 336/328/328 21/301/301 20/329/329
f 336/328/328 20/329/329 335/330/330
f 335/330/330 20/329/329 19/331/331
f 335/330/330 19/331/331 334/332/332
f 334/332/332 19/331/331 18/333/333
f 334/332/332 18/333/333 333/334/334
f 333/334/334 18/333/333 17/335/335
f 333/334/334 17/335/335 332/336/336
f 332/336/336 17/335/335 16/337/337
f 332/336/336 16/337/337 331/338/338
f 331/338/338 16/337/337 15/339/339
f 331/338/338 15/339/339 14/340/340
f 331/338/338 14/340/340 330/341/341
f 330/341/341 14/340/340 13/342/342
f 330/341/341 13/342/342 329/343/343
f 329/343/343 13/342/342 328/344/344
f 329/343/343 328/344/344 357/345/345
f 357/345/345 328/344/344 356/346/346
f 357/345/345 356/346/346 436/347/347
f 436/347/347 356/346/346 437/348/348
f 436/347/347 437/348/348 385/349/349
f 385/349/349 437/348/348 384/350/350
f 385/349/349 384/350/350 500/351/351
f 500/351/351 384/350/350 499/352/352
f 500/351/351 499/352/352 494/353/353
f 494/353/353 499/352/352 495/354/354
f 494/353/353 495/354/354 443/355/355
f 443/355/355 495/354/354 442/356/356
f 443/355/355 442/356/356 293/357/357
f 293/357/357 442/356/356 292/358/358
f 292/358/358 442/356/356 441/359/359
f 292/358/358 441/359/359 291/360/360
f 291/360/360 441/359/359 440/361/361
f 291/360/360 440/361/361 290/362/362
f 290/362/362 440/361/361 289/363/363
f 289/363/363 440/361/361 497/364/364
f 289/363/363 497/364/364 322/365/365
f 322/365/365 497/364/364 496/366/366
f 322/365/365 496/366/366 498/367/367
f 498/367/367 496/366/366 495/354/354
f 498/367/367 495/354/354 499/352/352
f 13/342/342 12/368/368 328/344/344
f 328/344/344 12/368/368 327/369/369
f 328/344/344 327/369/369 356/346/346
f 356/346/346 327/369/369 355/370/370
f 356/346/346 355/370/370 437/348/348
f 437/348/348 355/370/370 438/371/371
f 437/348/348 438/371/371 384/350/350
f 384/350/350 438/371/371 383/372/372
f 384/350/350 383/372/372 499/352/352
f 499/352/352 383/372/372 498/367/367
f 12/368/368 11/373/373 327/369/369
f 327/369/369 11/373/373 326/374/374
f 327/369/369 326/374/374 355/370/370
f 355/370/370 326/374/374 324/375/375
f 355/370/370 324/375/375 438/371/371
f 438/371/371 324/375/375 439/376/376
f 438/371/371 439/376/376 383/372/372
f 383/372/372 439/376/376 382/377/377
f 383/372/372 382/377/377 498/367/367
f 498/367/367 382/377/377 322/365/365
f 11/373/373 10/378/378 326/374/374
f 326/374/374 10/378/378 9/379/379
f 326/374/374 9/379/379 287/380/380
f 326/374/374 287/380/380 324/375/375
f 324/375/375 287/380/380 288/381/381
f 324/375/375 288/381/381 439/376/376
f 439/376/376 288/381/381 382/377/377
f 288/381/381 289/363/363 382/377/377
f 382/377/377 289/363/363 322/365/365
f 293/357/357 294/382/382 443/355/355
f 443/355/355 294/382/382 444/383/383
f 443/355/355 444/383/383 494/353/353
f 494/353/353 444/383/383 493/384/384
f 494/353/353 493/384/384 500/351/351
f 500/351/351 493/384/384 501/385/385
f 500/351/351 501/385/385 385/349/349
f 385/349/349 501/385/385 386/386/386
f 385/349/349 386/386/386 436/347/347
f 436/347/347 386/386/386 435/387/387
f 436/347/347 435/387/387 357/345/345
f 357/345/345 435/387/387 358/388/388
f 357/345/345 358/388/388 329/343/343
f 329/343/343 358/388/388 330/341/341
f 444/383/383 294/382/382 445/389/389
f 445/389/389 294/382/382 295/390/390
f 445/389/389 295/390/390 446/391/391
f 446/391/391 295/390/390 296/392/392
f 446/391/391 296/392/392 447/393/393
f 447/393/393 296/392/392 448/394/394
f 447/393/393 448/394/394 490/395/395
f 490/395/395 448/394/394 489/396/396
f 490/395/395 489/396/396 504/397/397
f 504/397/397 489/396/396 505/398/398
f 504/397/397 505/398/398 389/399/399
f 389/399/399 505/398/398 390/400/400
f 389/399/399 390/400/400 432/401/401
f 432/401/401 390/400/400 431/402/402
f 432/401/401 431/402/402 361/403/403
f 361/403/403 431/402/402 362/404/404
f 361/403/403 362/404/404 333/334/334
f 333/334/334 362/404/404 334/332/332
f 296/392/392 297/405/405 448/394/394
f 448/394/394 297/405/405 449/406/406
f 448/394/394 449/406/406 489/396/396
f 489/396/396 449/406/406 488/407/407
f 489/396/396 488/407/407 505/398/398
f 505/398/398 488/407/407 506/408/408
f 505/398/398 506/408/408 390/400/400
f 390/400/400 506/408/408 391/409/409
f 390/400/400 391/409/409 431/402/402
f 431/402/402 391/409/409 430/410/410
f 431/402/402 430/410/410 362/404/404
f 362/404/404 430/410/410 363/411/411
f 362/404/404 363/411/411 334/332/332
f 334/332/332 363/411/411 335/330/330
f 297/405/405 298/412/412 449/406/406
f 449/406/406 298/412/412 450/413/413
f 449/406/406 450/413/413 488/407/407
f 488/407/407 450/413/413 487/414/414
f 488/407/407 487/414/414 506/408/408
f 506/408/408 487/414/414 507/415/415
f 506/408/408 507/415/415 391/409/409
f 391/409/409 507/415/415 392/416/416
f 391/409/409 392/416/416 430/410/410
f 430/410/410 392/416/416 429/417/417
f 430/410/410 429/417/417 363/411/411
f 363/411/411 429/417/417 364/418/418
f 363/411/411 364/418/418 335/330/330
f 335/330/330 364/418/418 336/328/328
f 298/412/412 299/419/419 450/413/413
f 450/413/413 299/419/419 300/420/420
f 450/413/413 300/420/420 451/421/421
f 451/421/421 300/420/420 301/422/422
f 451/421/421 301/422/422 452/423/423
f 452/423/423 301/422/422 302/424/424
f 452/423/423 302/424/424 453/425/425
f 453/425/425 302/424/424 303/426/426
f 453/425/425 303/426/426 454/427/427
f 454/427/427 303/426/426 304/428/428
f 454/427/427 304/428/428 455/429/429
f 455/429/429 304/428/428 456/430/430
f 455/429/429 456/430/430 482/431/431
f 482/431/431 456/430/430 481/432/432
f 482/431/431 481/432/432 512/433/433
f 512/433/433 481/432/432 513/434/434
f 512/433/433 513/434/434 397/435/435
f 397/435/435 513/434/434 398/436/436
f 397/435/435 398/436/436 424/437/437
f 424/437/437 398/436/436 423/438/438
f 424/437/437 423/438/438 369/439/439
f 369/439/439 423/438/438 370/314/314
f 369/439/439 370/314/314 341/312/312
f 304/428/428 305/440/440 456/430/430
f 456/430/430 305/440/440 457/441/441
f 456/430/430 457/441/441 481/432/432
f 481/432/432 457/441/441 480/442/442
f 481/432/432 480/442/442 513/434/434
f 513/434/434 480/442/442 514/443/443
f 513/434/434 514/443/443 398/436/436
f 398/436/436 514/443/443 399/444/444
f 398/436/436 399/444/444 423/438/438
f 423/438/438 399/444/444 422/316/316
f 423/438/438 422/316/316 370/314/314
f 305/440/440 306/445/445 457/441/441
f 457/441/441 306/445/445 458/446/446
f 457/441/441 458/446/446 480/442/442
f 480/442/442 458/446/446 479/447/447
f 480/442/442 479/447/447 514/443/443
f 514/443/443 479/447/447 515/448/448
f 514/443/443 515/448/448 399/444/444
f 399/444/444 515/448/448 400/318/318
f 399/444/444 400/318/318 422/316/316
f 306/445/445 307/449/449 458/446/446
f 458/446/446 307/449/449 308/450/450
f 458/446/446 308/450/450 459/451/451
f 459/451/451 308/450/450 309/452/452
f 459/451/451 309/452/452 460/453/453
f 460/453/453 309/452/452 310/454/454
f 460/453/453 310/454/454 461/324/324
f 461/324/324 310/454/454 311/326/326
f 462/325/325 312/327/327 463/455/455
f 463/455/455 312/327/327 313/456/456
f 463/455/455 313/456/456 464/457/457
f 464/457/457 313/456/456 314/458/458
f 464/457/457 314/458/458 465/459/459
f 465/459/459 314/458/458 315/460/460
f 465/459/459 315/460/460 466/461/461
f 466/461/461 315/460/460 316/462/462
f 466/461/461 316/462/462 467/463/463
f 467/463/463 316/462/462 317/464/464
f 467/463/463 317/464/464 468/465/465
f 468/465/465 317/464/464 318/466/466
f 468/465/465 318/466/466 319/467/467
f 320/468/468 323/469/469 319/467/467
f 319/467/467 323/469/469 469/470/470
f 319/467/467 469/470/470 468/465/465
f 468/465/465 469/470/470 470/471/471
f 468/465/465 470/471/471 467/463/463
f 467/463/463 470/471/471 471/472/472
f 467/463/463 471/472/472 466/461/461
f 466/461/461 471/472/472 472/473/473
f 466/461/461 472/473/473 465/459/459
f 465/459/459 472/473/473 473/474/474
f 465/459/459 473/474/474 464/457/457
f 464/457/457 473/474/474 474/475/475
f 464/457/457 474/475/475 463/455/455
f 463/455/455 474/475/475 475/476/476
f 463/455/455 475/476/476 462/325/325
f 462/325/325 475/476/476 476/323/323
f 321/477/477 325/478/478 320/468/468
f 320/468/468 325/478/478 411/479/479
f 320/468/468 411/479/479 410/480/480
f 410/480/480 411/479/479 412/481/481
f 410/480/480 412/481/481 409/482/482
f 409/482/482 412/481/481 413/483/483
f 409/482/482 413/483/483 408/484/484
f 408/484/484 413/483/483 414/485/485
f 408/484/484 414/485/485 407/486/486
f 407/486/486 414/485/485 415/487/487
f 407/486/486 415/487/487 406/488/488
f 406/488/488 415/487/487 416/489/489
f 406/488/488 416/489/489 405/490/490
f 405/490/490 416/489/489 417/491/491
f 405/490/490 417/491/491 404/492/492
f 404/492/492 417/491/491 418/493/493
f 404/492/492 418/493/493 403/494/494
f 403/494/494 418/493/493 419/495/495
f 403/494/494 419/495/495 402/496/496
f 402/496/496 419/495/495 420/497/497
f 402/496/496 420/497/497 401/319/319
f 401/319/319 420/497/497 421/317/317
f 325/478/478 321/477/477 354/498/498
f 354/498/498 321/477/477 152/499/499
f 354/498/498 152/499/499 151/500/500
f 151/500/500 150/501/501 354/498/498
f 354/498/498 150/501/501 353/502/502
f 354/498/498 353/502/502 325/478/478
f 325/478/478 353/502/502 381/503/503
f 325/478/478 381/503/503 411/479/479
f 411/479/479 381/503/503 412/481/481
f 150/501/501 149/504/504 353/502/502
f 353/502/502 149/504/504 352/505/505
f 353/502/502 352/505/505 381/503/503
f 381/503/503 352/505/505 380/506/506
f 381/503/503 380/506/506 412/481/481
f 412/481/481 380/506/506 413/483/483
f 149/504/504 148/507/507 352/505/505
f 352/505/505 148/507/507 351/508/508
f 352/505/505 351/508/508 380/506/506
f 380/506/506 351/508/508 379/509/509
f 380/506/506 379/509/509 413/483/483
f 413/483/483 379/509/509 414/485/485
f 148/507/507 147/510/510 351/508/508
f 351/508/508 147/510/510 146/511/511
f 351/508/508 146/511/511 350/512/512
f 350/512/512 146/511/511 145/513/513
f 350/512/512 145/513/513 349/514/514
f 349/514/514 145/513/513 144/515/515
f 349/514/514 144/515/515 143/516/516
f 349/514/514 143/516/516 348/517/517
f 348/517/517 143/516/516 142/518/518
f 348/517/517 142/518/518 141/519/519
f 348/517/517 141/519/519 347/520/520
f 347/520/520 141/519/519 140/521/521
f 347/520/520 140/521/521 346/522/522
f 346/522/522 140/521/521 139/523/523
f 346/522/522 139/523/523 345/524/524
f 345/524/524 139/523/523 138/525/525
f 345/524/524 138/525/525 344/526/526
f 344/526/526 138/525/525 271/527/527
f 344/526/526 271/527/527 270/528/528
f 270/528/528 269/529/529 344/526/526
f 344/526/526 269/529/529 343/530/530
f 344/526/526 343/530/530 372/531/531
f 372/531/531 343/530/530 371/315/315
f 372/531/531 371/315/315 421/317/317
f 269/529/529 268/532/532 343/530/530
f 343/530/530 268/532/532 342/313/313
f 343/530/530 342/313/313 371/315/315
f 268/532/532 267/311/311 342/313/313
f 320/468/468 410/480/480 323/469/469
f 323/469/469 410/480/480 409/482/482
f 323/469/469 409/482/482 524/533/533
f 524/533/533 409/482/482 408/484/484
f 524/533/533 408/484/484 523/534/534
f 523/534/534 408/484/484 407/486/486
f 523/534/534 407/486/486 522/535/535
f 522/535/535 407/486/486 406/488/488
f 522/535/535 406/488/488 521/536/536
f 521/536/536 406/488/488 405/490/490
f 521/536/536 405/490/490 520/537/537
f 520/537/537 405/490/490 404/492/492
f 520/537/537 404/492/492 519/538/538
f 519/538/538 404/492/492 403/494/494
f 519/538/538 403/494/494 518/539/539
f 518/539/539 403/494/494 402/496/496
f 518/539/539 402/496/496 517/321/321
f 517/321/321 402/496/496 401/319/319
f 331/338/338 330/341/341 359/540/540
f 359/540/540 330/341/341 358/388/388
f 359/540/540 358/388/388 434/541/541
f 434/541/541 358/388/388 435/387/387
f 434/541/541 435/387/387 387/542/542
f 387/542/542 435/387/387 386/386/386
f 387/542/542 386/386/386 502/543/543
f 502/543/543 386/386/386 501/385/385
f 502/543/543 501/385/385 492/544/544
f 492/544/544 501/385/385 493/384/384
f 492/544/544 493/384/384 445/389/389
f 445/389/389 493/384/384 444/383/383
f 361/403/403 333/334/334 332/336/336
f 332/336/336 331/338/338 360/545/545
f 360/545/545 331/338/338 359/540/540
f 360/545/545 359/540/540 433/546/546
f 433/546/546 359/540/540 434/541/541
f 433/546/546 434/541/541 388/547/547
f 388/547/547 434/541/541 387/542/542
f 388/547/547 387/542/542 503/548/548
f 503/548/548 387/542/542 502/543/543
f 503/548/548 502/543/543 491/549/549
f 491/549/549 502/543/543 492/544/544
f 491/549/549 492/544/544 446/391/391
f 446/391/391 492/544/544 445/389/389
f 337/302/302 336/328/328 365/550/550
f 365/550/550 336/328/328 364/418/418
f 365/550/550 364/418/418 428/551/551
f 428/551/551 364/418/418 429/417/417
f 428/551/551 429/417/417 393/552/552
f 393/552/552 429/417/417 392/416/416
f 393/552/552 392/416/416 508/553/553
f 508/553/553 392/416/416 507/415/415
f 508/553/553 507/415/415 486/554/554
f 486/554/554 507/415/415 487/414/414
f 486/554/554 487/414/414 451/421/421
f 451/421/421 487/414/414 450/413/413
f 338/304/304 337/302/302 366/555/555
f 366/555/555 337/302/302 365/550/550
f 366/555/555 365/550/550 427/556/556
f 427/556/556 365/550/550 428/551/551
f 427/556/556 428/551/551 394/557/557
f 394/557/557 428/551/551 393/552/552
f 394/557/557 393/552/552 509/558/558
f 509/558/558 393/552/552 508/553/553
f 509/558/558 508/553/553 485/559/559
f 485/559/559 508/553/553 486/554/554
f 485/559/559 486/554/554 452/423/423
f 452/423/423 486/554/554 451/421/421
f 339/308/308 338/304/304 367/560/560
f 367/560/560 338/304/304 366/555/555
f 367/560/560 366/555/555 426/561/561
f 426/561/561 366/555/555 427/556/556
f 426/561/561 427/556/556 395/562/562
f 395/562/562 427/556/556 394/557/557
f 395/562/562 394/557/557 510/563/563
f 510/563/563 394/557/557 509/558/558
f 510/563/563 509/558/558 484/564/564
f 484/564/564 509/558/558 485/559/559
f 484/564/564 485/559/559 453/425/425
f 453/425/425 485/559/559 452/423/423
f 369/439/439 341/312/312 340/310/310
f 340/310/310 339/308/308 368/565/565
f 368/565/565 339/308/308 367/560/560
f 368/565/565 367/560/560 425/566/566
f 425/566/566 367/560/560 426/561/561
f 425/566/566 426/561/561 396/567/567
f 396/567/567 426/561/561 395/562/562
f 396/567/567 395/562/562 511/568/568
f 511/568/568 395/562/562 510/563/563
f 511/568/568 510/563/563 483/569/569
f 483/569/569 510/563/563 484/564/564
f 483/569/569 484/564/564 454/427/427
f 454/427/427 484/564/564 453/425/425
f 345/524/524 344/526/526 373/570/570
f 373/570/570 344/526/526 372/531/531
f 373/570/570 372/531/531 420/497/497
f 420/497/497 372/531/531 421/317/317
f 346/522/522 345/524/524 374/571/571
f 374/571/571 345/524/524 373/570/570
f 374/571/571 373/570/570 419/495/495
f 419/495/495 373/570/570 420/497/497
f 347/520/520 346/522/522 375/572/572
f 375/572/572 346/522/522 374/571/571
f 375/572/572 374/571/571 418/493/493
f 418/493/493 374/571/571 419/495/495
f 348/517/517 347/520/520 376/573/573
f 376/573/573 347/520/520 375/572/572
f 376/573/573 375/572/572 417/491/491
f 417/491/491 375/572/572 418/493/493
f 349/514/514 348/517/517 377/574/574
f 377/574/574 348/517/517 376/573/573
f 377/574/574 376/573/573 416/489/489
f 416/489/489 376/573/573 417/491/491
f 379/509/509 351/508/508 350/512/512
f 350/512/512 349/514/514 378/575/575
f 378/575/575 349/514/514 377/574/574
f 378/575/575 377/574/574 415/487/487
f 415/487/487 377/574/574 416/489/489
f 432/401/401 361/403/403 360/545/545
f 360/545/545 361/403/403 332/336/336
f 432/401/401 360/545/545 433/546/546
f 424/437/437 369/439/439 368/565/565
f 368/565/565 369/439/439 340/310/310
f 424/437/437 368/565/565 425/566/566
f 414/485/485 379/509/509 378/575/575
f 378/575/575 379/509/509 350/512/512
f 414/485/485 378/575/575 415/487/487
f 432/401/401 433/546/546 389/399/399
f 389/399/399 433/546/546 388/547/547
f 389/399/399 388/547/547 504/397/397
f 504/397/397 388/547/547 503/548/548
f 504/397/397 503/548/548 490/395/395
f 490/395/395 503/548/548 491/549/549
f 490/395/395 491/549/549 447/393/393
f 447/393/393 491/549/549 446/391/391
f 424/437/437 425/566/566 397/435/435
f 397/435/435 425/566/566 396/567/567
f 397/435/435 396/567/567 512/433/433
f 512/433/433 396/567/567 511/568/568
f 512/433/433 511/568/568 482/431/431
f 482/431/431 511/568/568 483/569/569
f 482/431/431 483/569/569 455/429/429
f 455/429/429 483/569/569 454/427/427
f 516/320/320 400/318/318 515/448/448
f 496/366/366 497/364/364 441/359/359
f 441/359/359 497/364/364 440/361/361
f 495/354/354 496/366/366 442/356/356
f 442/356/356 496/366/366 441/359/359
f 458/446/446 459/451/451 479/447/447
f 479/447/447 459/451/451 478/576/576
f 479/447/447 478/576/576 515/448/448
f 515/448/448 478/576/576 516/320/320
f 459/451/451 460/453/453 478/576/576
f 478/576/576 460/453/453 477/322/322
f 478/576/576 477/322/322 516/320/320
f 460/453/453 461/324/324 477/322/322
f 323/469/469 524/533/533 469/470/470
f 469/470/470 524/533/533 470/471/471
f 524/533/533 523/534/534 470/471/471
f 470/471/471 523/534/534 471/472/472
f 523/534/534 522/535/535 471/472/472
f 471/472/472 522/535/535 472/473/473
f 522/535/535 521/536/536 472/473/473
f 472/473/473 521/536/536 473/474/474
f 521/536/536 520/537/537 473/474/474
f 473/474/474 520/537/537 474/475/475
f 520/537/537 519/538/538 474/475/475
f 474/475/475 519/538/538 475/476/476
f 519/538/538 518/539/539 475/476/476
f 475/476/476 518/539/539 476/323/323
f 518/539/539 517/321/321 476/323/323
f 1/577/577 35/578/578 127/579/579
f 127/579/579 35/578/578 128/580/580
f 128/580/580 35/578/578 34/581/581
f 128/580/580 34/581/581 129/582/582
f 129/582/582 34/581/581 33/583/583
f 129/582/582 33/583/583 130/584/584
f 130/584/584 33/583/583 32/585/585
f 130/584/584 32/585/585 131/586/586
f 131/586/586 32/585/585 31/587/587
f 131/586/586 31/587/587 132/588/588
f 132/588/588 31/587/587 30/589/589
f 132/588/588 30/589/589 133/590/590
f 133/590/590 30/589/589 29/591/591
f 133/590/590 29/591/591 134/592/592
f 134/592/592 29/591/591 28/593/593
f 134/592/592 28/593/593 135/594/594
f 135/594/594 28/593/593 27/595/595
f 135/594/594 27/595/595 136/596/596
f 136/596/596 27/595/595 26/597/597
f 136/596/596 26/597/597 25/598/598
f 526/599/599 565/600/600 525/601/601
f 525/601/601 565/600/600 566/602/602
f 525/601/601 566/602/602 559/603/603
f 559/603/603 566/602/602 558/604/604
f 558/604/604 566/602/602 567/605/605
f 558/604/604 567/605/605 557/606/606
f 557/606/606 567/605/605 568/607/607
f 557/606/606 568/607/607 556/608/608
f 556/608/608 568/607/607 569/609/609
f 556/608/608 569/609/609 555/610/610
f 555/610/610 569/609/609 570/611/611
f 555/610/610 570/611/611 554/612/612
f 554/612/612 570/611/611 571/613/613
f 554/612/612 571/613/613 553/614/614
f 553/614/614 571/613/613 552/615/615
f 552/615/615 571/613/613 578/616/616
f 552/615/615 578/616/616 551/617/617
f 551/617/617 578/616/616 585/618/618
f 551/617/617 585/618/618 550/619/619
f 550/619/619 585/618/618 592/620/620
f 550/619/619 592/620/620 549/621/621
f 549/621/621 592/620/620 560/622/622
f 549/621/621 560/622/622 548/623/623
f 548/623/623 560/622/622 604/624/624
f 548/623/623 604/624/624 547/625/625
f 547/625/625 604/624/624 561/626/626
f 547/625/625 561/626/626 546/627/627
f 546/627/627 561/626/626 611/628/628
f 546/627/627 611/628/628 545/629/629
f 545/629/629 611/628/628 623/630/630
f 545/629/629 623/630/630 544/631/631
f 544/631/631 623/630/630 563/632/632
f 544/631/631 563/632/632 543/633/633
f 543/633/633 563/632/632 630/634/634
f 543/633/633 630/634/634 643/635/635
f 643/635/635 630/634/634 629/636/636
f 643/635/635 629/636/636 642/637/637
f 642/637/637 629/636/636 628/638/638
f 642/637/637 628/638/638 641/639/639
f 641/639/639 628/638/638 627/640/640
f 641/639/639 627/640/640 640/641/641
f 640/641/641 627/640/640 626/642/642
f 640/641/641 626/642/642 639/643/643
f 639/643/643 626/642/642 625/644/644
f 639/643/643 625/644/644 638/645/645
f 638/645/645 625/644/644 624/646/646
f 638/645/645 624/646/646 637/647/647
f 637/647/647 624/646/646 535/648/648
f 637/647/647 535/648/648 536/649/649
f 565/600/600 526/599/599 572/650/650
f 572/650/650 526/599/599 527/651/651
f 572/650/650 527/651/651 528/652/652
f 572/650/650 528/652/652 579/653/653
f 579/653/653 528/652/652 529/654/654
f 579/653/653 529/654/654 586/655/655
f 586/655/655 529/654/654 530/656/656
f 586/655/655 530/656/656 593/657/657
f 593/657/657 530/656/656 531/658/658
f 593/657/657 531/658/658 562/659/659
f 562/659/659 531/658/658 532/660/660
f 562/659/659 532/660/660 617/661/661
f 617/661/661 532/660/660 605/662/662
f 617/661/661 605/662/662 606/663/663
f 606/663/663 605/662/662 618/664/664
f 606/663/663 618/664/664 619/665/665
f 619/665/665 618/664/664 634/666/666
f 619/665/665 634/666/666 633/667/667
f 633/667/667 634/666/666 627/640/640
f 633/667/667 627/640/640 628/638/638
f 532/660/660 533/668/668 605/662/662
f 605/662/662 533/668/668 564/669/669
f 605/662/662 564/669/669 618/664/664
f 618/664/664 564/669/669 635/670/670
f 618/664/664 635/670/670 634/666/666
f 634/666/666 635/670/670 626/642/642
f 634/666/666 626/642/642 627/640/640
f 533/668/668 534/671/671 564/669/669
f 564/669/669 534/671/671 636/672/672
f 564/669/669 636/672/672 635/670/670
f 635/670/670 636/672/672 625/644/644
f 635/670/670 625/644/644 626/642/642
f 636/672/672 534/671/671 624/646/646
f 624/646/646 534/671/671 535/648/648
f 637/647/647 536/649/649 644/673/673
f 644/673/673 536/649/649 537/674/674
f 644/673/673 537/674/674 538/675/675
f 539/676/676 646/677/677 538/675/675
f 538/675/675 646/677/677 645/678/678
f 538/675/675 645/678/678 644/673/673
f 644/673/673 645/678/678 637/647/647
f 540/679/679 648/680/680 539/676/676
f 539/676/676 648/680/680 647/681/681
f 539/676/676 647/681/681 646/677/677
f 646/677/677 647/681/681 639/643/643
f 646/677/677 639/643/643 638/645/645
f 541/682/682 650/683/683 540/679/679
f 540/679/679 650/683/683 649/684/684
f 540/679/679 649/684/684 648/680/680
f 648/680/680 649/684/684 641/639/639
f 648/680/680 641/639/639 640/641/641
f 541/682/682 542/685/685 650/683/683
f 650/683/683 542/685/685 643/635/635
f 650/683/683 643/635/635 642/637/637
f 542/685/685 543/633/633 643/635/635
f 566/602/602 565/600/600 573/686/686
f 573/686/686 565/600/600 572/650/650
f 573/686/686 572/650/650 580/687/687
f 580/687/687 572/650/650 579/653/653
f 580/687/687 579/653/653 587/688/688
f 587/688/688 579/653/653 586/655/655
f 587/688/688 586/655/655 594/689/689
f 594/689/689 586/655/655 593/657/657
f 594/689/689 593/657/657 599/690/690
f 599/690/690 593/657/657 562/659/659
f 599/690/690 562/659/659 616/691/691
f 616/691/691 562/659/659 617/661/661
f 616/691/691 617/661/661 606/663/663
f 567/605/605 566/602/602 574/692/692
f 574/692/692 566/602/602 573/686/686
f 574/692/692 573/686/686 581/693/693
f 581/693/693 573/686/686 580/687/687
f 581/693/693 580/687/687 588/694/694
f 588/694/694 580/687/687 587/688/688
f 588/694/694 587/688/688 595/695/695
f 595/695/695 587/688/688 594/689/689
f 595/695/695 594/689/689 600/696/696
f 600/696/696 594/689/689 599/690/690
f 600/696/696 599/690/690 615/697/697
f 615/697/697 599/690/690 616/691/691
f 615/697/697 616/691/691 607/698/698
f 607/698/698 616/691/691 606/663/663
f 607/698/698 606/663/663 619/665/665
f 568/607/607 567/605/605 575/699/699
f 575/699/699 567/605/605 574/692/692
f 575/699/699 574/692/692 582/700/700
f 582/700/700 574/692/692 581/693/693
f 582/700/700 581/693/693 589/701/701
f 589/701/701 581/693/693 588/694/694
f 589/701/701 588/694/694 596/702/702
f 596/702/702 588/694/694 595/695/695
f 596/702/702 595/695/695 601/703/703
f 601/703/703 595/695/695 600/696/696
f 601/703/703 600/696/696 614/704/704
f 614/704/704 600/696/696 615/697/697
f 614/704/704 615/697/697 608/705/705
f 608/705/705 615/697/697 607/698/698
f 608/705/705 607/698/698 620/706/706
f 620/706/706 607/698/698 619/665/665
f 620/706/706 619/665/665 633/667/667
f 569/609/609 568/607/607 576/707/707
f 576/707/707 568/607/607 575/699/699
f 576/707/707 575/699/699 583/708/708
f 583/708/708 575/699/699 582/700/700
f 583/708/708 582/700/700 590/709/709
f 590/709/709 582/700/700 589/701/701
f 590/709/709 589/701/701 597/710/710
f 597/710/710 589/701/701 596/702/702
f 597/710/710 596/702/702 602/711/711
f 602/711/711 596/702/702 601/703/703
f 602/711/711 601/703/703 613/712/712
f 613/712/712 601/703/703 614/704/704
f 613/712/712 614/704/704 609/713/713
f 609/713/713 614/704/704 608/705/705
f 609/713/713 608/705/705 621/714/714
f 621/714/714 608/705/705 620/706/706
f 621/714/714 620/706/706 632/715/715
f 632/715/715 620/706/706 633/667/667
f 632/715/715 633/667/667 628/638/638
f 578/616/616 571/613/613 570/611/611
f 570/611/611 569/609/609 577/716/716
f 577/716/716 569/609/609 576/707/707
f 577/716/716 576/707/707 584/717/717
f 584/717/717 576/707/707 583/708/708
f 584/717/717 583/708/708 591/718/718
f 591/718/718 583/708/708 590/709/709
f 591/718/718 590/709/709 598/719/719
f 598/719/719 590/709/709 597/710/710
f 598/719/719 597/710/710 603/720/720
f 603/720/720 597/710/710 602/711/711
f 603/720/720 602/711/711 612/721/721
f 612/721/721 602/711/711 613/712/712
f 612/721/721 613/712/712 610/722/722
f 610/722/722 613/712/712 609/713/713
f 610/722/722 609/713/713 622/723/723
f 622/723/723 609/713/713 621/714/714
f 622/723/723 621/714/714 631/724/724
f 631/724/724 621/714/714 632/715/715
f 631/724/724 632/715/715 629/636/636
f 629/636/636 632/715/715 628/638/638
f 585/618/618 578/616/616 577/716/716
f 577/716/716 578/616/616 570/611/611
f 585/618/618 577/716/716 584/717/717
f 592/620/620 585/618/618 584/717/717
f 592/620/620 584/717/717 591/718/718
f 560/622/622 592/620/620 591/718/718
f 560/622/622 591/718/718 598/719/719
f 604/624/624 560/622/622 598/719/719
f 604/624/624 598/719/719 603/720/720
f 561/626/626 604/624/624 603/720/720
f 561/626/626 603/720/720 612/721/721
f 561/626/626 612/721/721 611/628/628
f 611/628/628 612/721/721 610/722/722
f 611/628/628 610/722/722 623/630/630
f 623/630/630 610/722/722 622/723/723
f 623/630/630 622/723/723 563/632/632
f 563/632/632 622/723/723 631/724/724
f 563/632/632 631/724/724 630/634/634
f 630/634/634 631/724/724 629/636/636
f 624/646/646 625/644/644 636/672/672
f 646/677/677 638/645/645 645/678/678
f 645/678/678 638/645/645 637/647/647
f 648/680/680 640/641/641 647/681/681
f 647/681/681 640/641/641 639/643/643
f 650/683/683 642/637/637 649/684/684
f 649/684/684 642/637/637 641/639/639
f 682/725/725 526/726/726 694/727/727
f 694/727/727 526/726/726 525/728/728
f 694/727/727 525/728/728 695/729/729
f 695/729/729 525/728/728 651/730/730
f 695/729/729 651/730/730 696/731/731
f 696/731/731 651/730/730 652/732/732
f 696/731/731 652/732/732 697/733/733
f 697/733/733 652/732/732 653/734/734
f 697/733/733 653/734/734 698/735/735
f 698/735/735 653/734/734 654/736/736
f 698/735/735 654/736/736 699/737/737
f 699/737/737 654/736/736 655/738/738
f 699/737/737 655/738/738 656/739/739
f 699/737/737 656/739/739 700/740/740
f 700/740/740 656/739/739 657/741/741
f 700/740/740 657/741/741 658/742/742
f 700/740/740 658/742/742 688/743/743
f 688/743/743 658/742/742 659/744/744
f 688/743/743 659/744/744 701/745/745
f 701/745/745 659/744/744 683/746/746
f 701/745/745 683/746/746 720/747/747
f 720/747/747 683/746/746 709/748/748
f 720/747/747 709/748/748 710/749/749
f 710/749/749 709/748/748 723/750/750
f 710/749/749 723/750/750 724/751/751
f 724/751/751 723/750/750 730/752/752
f 724/751/751 730/752/752 731/753/753
f 731/753/753 730/752/752 742/754/754
f 731/753/753 742/754/754 741/755/755
f 741/755/755 742/754/754 738/756/756
f 741/755/755 738/756/756 739/757/757
f 739/757/757 738/756/756 686/758/758
f 739/757/757 686/758/758 677/759/759
f 677/759/759 686/758/758 676/760/760
f 676/760/760 686/758/758 687/761/761
f 676/760/760 687/761/761 675/762/762
f 675/762/762 687/761/761 765/763/763
f 675/762/762 765/763/763 772/764/764
f 772/764/764 765/763/763 764/765/765
f 772/764/764 764/765/765 771/766/766
f 771/766/766 764/765/765 763/767/767
f 771/766/766 763/767/767 770/768/768
f 770/768/768 763/767/767 762/769/769
f 770/768/768 762/769/769 769/770/770
f 769/770/770 762/769/769 761/771/771
f 769/770/770 761/771/771 768/772/772
f 768/772/772 761/771/771 760/773/773
f 768/772/772 760/773/773 767/774/774
f 767/774/774 760/773/773 759/775/775
f 767/774/774 759/775/775 766/776/776
f 766/776/776 759/775/775 667/777/777
f 766/776/776 667/777/777 668/778/778
f 659/744/744 660/779/779 683/746/746
f 683/746/746 660/779/779 708/780/780
f 683/746/746 708/780/780 709/748/748
f 709/748/748 708/780/780 722/781/781
f 709/748/748 722/781/781 723/750/750
f 723/750/750 722/781/781 729/782/782
f 723/750/750 729/782/782 730/752/752
f 730/752/752 729/782/782 743/783/783
f 730/752/752 743/783/783 742/754/754
f 742/754/754 743/783/783 737/784/784
f 742/754/754 737/784/784 738/756/756
f 738/756/756 737/784/784 752/785/785
f 738/756/756 752/785/785 686/758/758
f 686/758/758 752/785/785 687/761/761
f 660/779/779 661/786/786 708/780/780
f 708/780/780 661/786/786 721/787/787
f 708/780/780 721/787/787 722/781/781
f 722/781/781 721/787/787 728/788/788
f 722/781/781 728/788/788 729/782/782
f 729/782/782 728/788/788 744/789/789
f 729/782/782 744/789/789 743/783/783
f 743/783/783 744/789/789 736/790/790
f 743/783/783 736/790/790 737/784/784
f 737/784/784 736/790/790 751/791/791
f 737/784/784 751/791/791 752/785/785
f 752/785/785 751/791/791 758/792/792
f 752/785/785 758/792/792 687/761/761
f 687/761/761 758/792/792 765/763/763
f 661/786/786 662/793/793 721/787/787
f 721/787/787 662/793/793 685/794/794
f 721/787/787 685/794/794 728/788/788
f 728/788/788 685/794/794 745/795/795
f 728/788/788 745/795/795 744/789/789
f 744/789/789 745/795/795 735/796/796
f 744/789/789 735/796/796 736/790/790
f 736/790/790 735/796/796 750/797/797
f 736/790/790 750/797/797 751/791/791
f 751/791/791 750/797/797 757/798/798
f 751/791/791 757/798/798 758/792/792
f 758/792/792 757/798/798 764/765/765
f 758/792/792 764/765/765 765/763/763
f 662/793/793 663/799/799 685/794/794
f 685/794/794 663/799/799 746/800/800
f 685/794/794 746/800/800 745/795/795
f 745/795/795 746/800/800 734/801/801
f 745/795/795 734/801/801 735/796/796
f 735/796/796 734/801/801 749/802/802
f 735/796/796 749/802/802 750/797/797
f 750/797/797 749/802/802 756/803/803
f 750/797/797 756/803/803 757/798/798
f 757/798/798 756/803/803 763/767/767
f 757/798/798 763/767/767 764/765/765
f 746/800/800 663/799/799 733/804/804
f 733/804/804 663/799/799 664/805/805
f 733/804/804 664/805/805 747/806/806
f 747/806/806 664/805/805 665/807/807
f 747/806/806 665/807/807 753/808/808
f 753/808/808 665/807/807 666/809/809
f 753/808/808 666/809/809 759/775/775
f 759/775/775 666/809/809 667/777/777
f 766/776/776 668/778/778 773/810/810
f 773/810/810 668/778/778 669/811/811
f 773/810/810 669/811/811 780/812/812
f 780/812/812 669/811/811 670/813/813
f 780/812/812 670/813/813 671/814/814
f 780/812/812 671/814/814 781/815/815
f 781/815/815 671/814/814 672/816/816
f 781/815/815 672/816/816 782/817/817
f 782/817/817 672/816/816 783/818/818
f 782/817/817 783/818/818 775/819/819
f 775/819/819 783/818/818 776/820/820
f 775/819/819 776/820/820 768/772/772
f 768/772/772 776/820/820 769/770/770
f 537/821/821 785/822/822 672/816/816
f 672/816/816 785/822/822 784/823/823
f 672/816/816 784/823/823 783/818/818
f 783/818/818 784/823/823 776/820/820
f 785/822/822 537/821/821 786/824/824
f 786/824/824 537/821/821 673/825/825
f 786/824/824 673/825/825 779/826/826
f 779/826/826 673/825/825 674/827/827
f 779/826/826 674/827/827 772/764/764
f 772/764/764 674/827/827 675/762/762
f 739/757/757 677/759/759 740/828/828
f 740/828/828 677/759/759 678/829/829
f 740/828/828 678/829/829 684/830/830
f 684/830/830 678/829/829 679/831/831
f 684/830/830 679/831/831 727/832/832
f 727/832/832 679/831/831 714/833/833
f 727/832/832 714/833/833 713/834/834
f 713/834/834 714/833/833 716/835/835
f 713/834/834 716/835/835 717/836/836
f 717/836/836 716/835/835 705/837/837
f 717/836/836 705/837/837 704/838/838
f 704/838/838 705/837/837 691/839/839
f 704/838/838 691/839/839 690/840/840
f 690/840/840 691/839/839 698/735/735
f 690/840/840 698/735/735 699/737/737
f 679/831/831 680/841/841 714/833/833
f 714/833/833 680/841/841 715/842/842
f 714/833/833 715/842/842 716/835/835
f 716/835/835 715/842/842 706/843/843
f 716/835/835 706/843/843 705/837/837
f 705/837/837 706/843/843 692/844/844
f 705/837/837 692/844/844 691/839/839
f 691/839/839 692/844/844 697/733/733
f 691/839/839 697/733/733 698/735/735
f 680/841/841 681/845/845 715/842/842
f 715/842/842 681/845/845 707/846/846
f 715/842/842 707/846/846 706/843/843
f 706/843/843 707/846/846 693/847/847
f 706/843/843 693/847/847 692/844/844
f 692/844/844 693/847/847 696/731/731
f 692/844/844 696/731/731 697/733/733
f 681/845/845 682/725/725 707/846/846
f 707/846/846 682/725/725 694/727/727
f 707/846/846 694/727/727 693/847/847
f 693/847/847 694/727/727 695/729/729
f 693/847/847 695/729/729 696/731/731
f 699/737/737 700/740/740 689/848/848
f 689/848/848 700/740/740 688/743/743
f 689/848/848 688/743/743 702/849/849
f 702/849/849 688/743/743 701/745/745
f 702/849/849 701/745/745 720/747/747
f 699/737/737 689/848/848 690/840/840
f 690/840/840 689/848/848 703/850/850
f 690/840/840 703/850/850 704/838/838
f 704/838/838 703/850/850 718/851/851
f 704/838/838 718/851/851 717/836/836
f 717/836/836 718/851/851 712/852/852
f 717/836/836 712/852/852 713/834/834
f 713/834/834 712/852/852 726/853/853
f 713/834/834 726/853/853 727/832/832
f 727/832/832 726/853/853 684/830/830
f 703/850/850 689/848/848 702/849/849
f 703/850/850 702/849/849 719/854/854
f 719/854/854 702/849/849 720/747/747
f 719/854/854 720/747/747 710/749/749
f 710/749/749 711/855/855 719/854/854
f 719/854/854 711/855/855 718/851/851
f 719/854/854 718/851/851 703/850/850
f 718/851/851 711/855/855 712/852/852
f 712/852/852 711/855/855 725/856/856
f 712/852/852 725/856/856 726/853/853
f 726/853/853 725/856/856 732/857/857
f 726/853/853 732/857/857 684/830/830
f 684/830/830 732/857/857 740/828/828
f 725/856/856 711/855/855 724/751/751
f 724/751/751 711/855/855 710/749/749
f 732/857/857 725/856/856 731/753/753
f 731/753/753 725/856/856 724/751/751
f 740/828/828 732/857/857 741/755/755
f 741/755/755 732/857/857 731/753/753
f 746/800/800 733/804/804 734/801/801
f 734/801/801 733/804/804 748/858/858
f 734/801/801 748/858/858 749/802/802
f 749/802/802 748/858/858 755/859/859
f 749/802/802 755/859/859 756/803/803
f 756/803/803 755/859/859 762/769/769
f 756/803/803 762/769/769 763/767/767
f 740/828/828 741/755/755 739/757/757
f 733/804/804 747/806/806 748/858/858
f 748/858/858 747/806/806 754/860/860
f 748/858/858 754/860/860 755/859/859
f 755/859/859 754/860/860 761/771/771
f 755/859/859 761/771/771 762/769/769
f 747/806/806 753/808/808 754/860/860
f 754/860/860 753/808/808 760/773/773
f 754/860/860 760/773/773 761/771/771
f 759/775/775 760/773/773 753/808/808
f 775/819/819 768/772/772 767/774/774
f 767/774/774 766/776/776 774/861/861
f 774/861/861 766/776/776 773/810/810
f 774/861/861 773/810/810 781/815/815
f 781/815/815 773/810/810 780/812/812
f 770/768/768 769/770/770 777/862/862
f 777/862/862 769/770/770 776/820/820
f 777/862/862 776/820/820 784/823/823
f 779/826/826 772/764/764 771/766/766
f 771/766/766 770/768/768 778/863/863
f 778/863/863 770/768/768 777/862/862
f 778/863/863 777/862/862 785/822/822
f 785/822/822 777/862/862 784/823/823
f 782/817/817 775/819/819 774/861/861
f 774/861/861 775/819/819 767/774/774
f 782/817/817 774/861/861 781/815/815
f 786/824/824 779/826/826 778/863/863
f 778/863/863 779/826/826 771/766/766
f 786/824/824 778/863/863 785/822/822
f 540/864/864 539/865/865 795/866/866
f 795/866/866 539/865/865 794/867/867
f 794/867/867 539/865/865 793/868/868
f 793/868/868 539/865/865 798/869/869
f 793/868/868 798/869/869 792/870/870
f 792/870/870 798/869/869 808/871/871
f 792/870/870 808/871/871 791/872/872
f 791/872/872 808/871/871 805/873/873
f 791/872/872 805/873/873 790/874/874
f 790/874/874 805/873/873 789/875/875
f 789/875/875 805/873/873 803/876/876
f 789/875/875 803/876/876 788/877/877
f 788/877/877 803/876/876 802/878/878
f 788/877/877 802/878/878 787/879/879
f 787/879/879 802/878/878 671/880/880
f 671/880/880 802/878/878 672/881/881
f 672/881/881 802/878/878 803/876/876
f 672/881/881 803/876/876 800/882/882
f 800/882/882 803/876/876 806/883/883
f 800/882/882 806/883/883 807/884/884
f 807/884/884 806/883/883 810/885/885
f 807/884/884 810/885/885 537/886/886
f 539/865/865 538/887/887 798/869/869
f 798/869/869 538/887/887 797/888/888
f 798/869/869 797/888/888 808/871/871
f 808/871/871 797/888/888 809/889/889
f 808/871/871 809/889/889 805/873/873
f 805/873/873 809/889/889 806/883/883
f 805/873/873 806/883/883 803/876/876
f 797/888/888 538/887/887 796/890/890
f 796/890/890 538/887/887 537/891/891
f 796/890/890 537/892/892 810/885/885
f 807/884/884 537/893/893 804/894/894
f 804/894/894 537/895/895 801/896/896
f 809/889/889 797/888/888 796/890/890
f 809/889/889 796/890/890 810/885/885
f 672/881/881 800/882/882 799/897/897
f 799/897/897 800/882/882 804/894/894
f 799/897/897 804/894/894 801/896/896
f 537/898/898 672/881/881 801/896/896
f 801/896/896 672/881/881 799/897/897
f 807/884/884 804/894/894 800/882/882
f 810/885/885 806/883/883 809/889/889
f 816/899/899 553/900/900 849/901/901
f 849/901/901 553/900/900 552/902/902
f 849/901/901 552/902/902 551/903/903
f 849/901/901 551/903/903 848/904/904
f 848/904/904 551/903/903 550/905/905
f 848/904/904 550/905/905 847/906/906
f 847/906/906 550/905/905 549/907/907
f 847/906/906 549/907/907 846/908/908
f 846/908/908 549/907/907 845/909/909
f 846/908/908 845/909/909 874/910/910
f 874/910/910 845/909/909 873/911/911
f 874/910/910 873/911/911 909/912/912
f 909/912/912 873/911/911 910/913/913
f 909/912/912 910/913/913 902/914/914
f 902/914/914 910/913/913 901/915/915
f 902/914/914 901/915/915 1017/916/916
f 1017/916/916 901/915/915 1016/917/917
f 1017/916/916 1016/917/917 967/918/918
f 967/918/918 1016/917/917 968/919/919
f 967/918/918 968/919/919 960/920/920
f 960/920/920 968/919/919 959/921/921
f 960/920/920 959/921/921 293/922/922
f 293/922/922 959/921/921 294/923/923
f 294/923/923 959/921/921 958/924/924
f 294/923/923 958/924/924 295/925/925
f 295/925/925 958/924/924 957/926/926
f 295/925/925 957/926/926 296/927/927
f 296/927/927 957/926/926 956/928/928
f 296/927/927 956/928/928 955/929/929
f 955/929/929 956/928/928 972/930/930
f 955/929/929 972/930/930 973/931/931
f 973/931/931 972/930/930 1011/932/932
f 973/931/931 1011/932/932 1010/933/933
f 1010/933/933 1011/932/932 895/934/934
f 1010/933/933 895/934/934 894/935/935
f 894/935/935 895/934/934 917/936/936
f 894/935/935 917/936/936 918/937/937
f 918/937/937 917/936/936 865/938/938
f 918/937/937 865/938/938 864/939/939
f 864/939/939 865/938/938 836/940/940
f 864/939/939 836/940/940 835/941/941
f 835/941/941 836/940/940 792/942/942
f 835/941/941 792/942/942 791/943/943
f 549/907/907 548/944/944 845/909/909
f 845/909/909 548/944/944 844/945/945
f 845/909/909 844/945/945 873/911/911
f 873/911/911 844/945/945 872/946/946
f 873/911/911 872/946/946 910/913/913
f 910/913/913 872/946/946 911/947/947
f 910/913/913 911/947/947 901/915/915
f 901/915/915 911/947/947 900/948/948
f 901/915/915 900/948/948 1016/917/917
f 1016/917/917 900/948/948 1015/949/949
f 1016/917/917 1015/949/949 968/919/919
f 968/919/919 1015/949/949 969/950/950
f 968/919/919 969/950/950 959/921/921
f 959/921/921 969/950/950 958/924/924
f 548/944/944 547/951/951 844/945/945
f 844/945/945 547/951/951 546/952/952
f 844/945/945 546/952/952 843/953/953
f 843/953/953 546/952/952 545/954/954
f 843/953/953 545/954/954 842/955/955
f 842/955/955 545/954/954 544/956/956
f 842/955/955 544/956/956 841/957/957
f 841/957/957 544/956/956 543/958/958
f 841/957/957 543/958/958 840/959/959
f 840/959/959 543/958/958 542/960/960
f 840/959/959 542/960/960 839/961/961
f 839/961/961 542/960/960 541/962/962
f 839/961/961 541/962/962 838/963/963
f 838/963/963 541/962/962 540/964/964
f 838/963/963 540/964/964 837/965/965
f 837/965/965 540/964/964 795/966/966
f 837/965/965 795/966/966 794/967/967
f 794/967/967 793/968/968 837/965/965
f 837/965/965 793/968/968 836/940/940
f 837/965/965 836/940/940 865/938/938
f 793/968/968 792/942/942 836/940/940
f 790/969/969 833/970/970 791/943/943
f 791/943/943 833/970/970 834/971/971
f 791/943/943 834/971/971 835/941/941
f 835/941/941 834/971/971 863/972/972
f 835/941/941 863/972/972 864/939/939
f 864/939/939 863/972/972 919/973/973
f 864/939/939 919/973/973 918/937/937
f 918/937/937 919/973/973 893/974/974
f 918/937/937 893/974/974 894/935/935
f 894/935/935 893/974/974 1009/975/975
f 894/935/935 1009/975/975 1010/933/933
f 1010/933/933 1009/975/975 974/976/976
f 1010/933/933 974/976/976 973/931/931
f 973/931/931 974/976/976 954/977/977
f 973/931/931 954/977/977 955/929/929
f 955/929/929 954/977/977 297/978/978
f 955/929/929 297/978/978 296/927/927
f 833/970/970 790/969/969 832/979/979
f 832/979/979 790/969/969 789/980/980
f 832/979/979 789/980/980 831/981/981
f 831/981/981 789/980/980 788/982/982
f 831/981/981 788/982/982 787/983/983
f 787/983/983 671/984/984 831/981/981
f 831/981/981 671/984/984 830/985/985
f 831/981/981 830/985/985 859/986/986
f 859/986/986 830/985/985 858/987/987
f 859/986/986 858/987/987 924/988/988
f 924/988/988 858/987/987 925/989/989
f 924/988/988 925/989/989 887/990/990
f 887/990/990 925/989/989 886/991/991
f 887/990/990 886/991/991 1002/992/992
f 1002/992/992 886/991/991 1001/993/993
f 1002/992/992 1001/993/993 982/994/994
f 982/994/994 1001/993/993 983/995/995
f 982/994/994 983/995/995 945/996/996
f 945/996/996 983/995/995 944/997/997
f 945/996/996 944/997/997 308/998/998
f 308/998/998 944/997/997 309/999/999
f 309/999/999 944/997/997 943/1000/1000
f 309/999/999 943/1000/1000 310/1001/1001
f 310/1001/1001 943/1000/1000 942/1002/1002
f 310/1001/1001 942/1002/1002 311/1003/1003
f 311/1003/1003 942/1002/1002 941/1004/1004
f 311/1003/1003 941/1004/1004 312/1005/1005
f 312/1005/1005 941/1004/1004 940/1006/1006
f 312/1005/1005 940/1006/1006 313/1007/1007
f 313/1007/1007 940/1006/1006 939/1008/1008
f 313/1007/1007 939/1008/1008 314/1009/1009
f 314/1009/1009 939/1008/1008 938/1010/1010
f 314/1009/1009 938/1010/1010 315/1011/1011
f 315/1011/1011 938/1010/1010 937/1012/1012
f 315/1011/1011 937/1012/1012 316/1013/1013
f 316/1013/1013 937/1012/1012 936/1014/1014
f 316/1013/1013 936/1014/1014 317/1015/1015
f 317/1015/1015 936/1014/1014 935/1016/1016
f 317/1015/1015 935/1016/1016 318/1017/466
f 318/1017/466 935/1016/1016 813/1018/1017
f 813/1018/1017 935/1016/1016 992/1019/1018
f 813/1018/1017 992/1019/1018 817/1020/1019
f 817/1020/1019 992/1019/1018 991/1021/1020
f 817/1020/1019 991/1021/1020 993/1022/1021
f 993/1022/1021 991/1021/1020 990/1023/1022
f 993/1022/1021 990/1023/1022 994/1024/1023
f 994/1024/1023 990/1023/1022 989/1025/1024
f 994/1024/1023 989/1025/1024 995/1026/1025
f 995/1026/1025 989/1025/1024 988/1027/1026
f 995/1026/1025 988/1027/1026 996/1028/1027
f 996/1028/1027 988/1027/1026 987/1029/1028
f 996/1028/1027 987/1029/1028 997/1030/1029
f 997/1030/1029 987/1029/1028 986/1031/1030
f 997/1030/1029 986/1031/1030 998/1032/1031
f 998/1032/1031 986/1031/1030 985/1033/1032
f 998/1032/1031 985/1033/1032 999/1034/1033
f 999/1034/1033 985/1033/1032 984/1035/1034
f 999/1034/1033 984/1035/1034 1000/1036/1035
f 1000/1036/1035 984/1035/1034 983/995/995
f 1000/1036/1035 983/995/995 1001/993/993
f 671/984/984 670/1037/1036 830/985/985
f 830/985/985 670/1037/1036 829/1038/1037
f 830/985/985 829/1038/1037 858/987/987
f 858/987/987 829/1038/1037 857/1039/1038
f 858/987/987 857/1039/1038 925/989/989
f 925/989/989 857/1039/1038 926/1040/1039
f 925/989/989 926/1040/1039 886/991/991
f 886/991/991 926/1040/1039 885/1041/1040
f 886/991/991 885/1041/1040 1001/993/993
f 1001/993/993 885/1041/1040 1000/1036/1035
f 670/1037/1036 669/1042/1041 829/1038/1037
f 829/1038/1037 669/1042/1041 828/1043/1042
f 829/1038/1037 828/1043/1042 857/1039/1038
f 857/1039/1038 828/1043/1042 856/1044/1043
f 857/1039/1038 856/1044/1043 926/1040/1039
f 926/1040/1039 856/1044/1043 927/1045/1044
f 926/1040/1039 927/1045/1044 885/1041/1040
f 885/1041/1040 927/1045/1044 884/1046/1045
f 885/1041/1040 884/1046/1045 1000/1036/1035
f 1000/1036/1035 884/1046/1045 999/1034/1033
f 669/1042/1041 668/1047/1046 828/1043/1042
f 828/1043/1042 668/1047/1046 827/1048/1047
f 828/1043/1042 827/1048/1047 856/1044/1043
f 856/1044/1043 827/1048/1047 855/1049/1048
f 856/1044/1043 855/1049/1048 927/1045/1044
f 927/1045/1044 855/1049/1048 928/1050/1049
f 927/1045/1044 928/1050/1049 884/1046/1045
f 884/1046/1045 928/1050/1049 883/1051/1050
f 884/1046/1045 883/1051/1050 999/1034/1033
f 999/1034/1033 883/1051/1050 998/1032/1031
f 668/1047/1046 667/1052/1051 827/1048/1047
f 827/1048/1047 667/1052/1051 666/1053/1052
f 827/1048/1047 666/1053/1052 826/1054/1053
f 826/1054/1053 666/1053/1052 665/1055/1054
f 826/1054/1053 665/1055/1054 664/1056/1055
f 826/1054/1053 664/1056/1055 825/1057/1056
f 825/1057/1056 664/1056/1055 663/1058/1057
f 825/1057/1056 663/1058/1057 824/1059/1058
f 824/1059/1058 663/1058/1057 662/1060/1059
f 824/1059/1058 662/1060/1059 661/1061/1060
f 824/1059/1058 661/1061/1060 823/1062/1061
f 823/1062/1061 661/1061/1060 660/1063/1062
f 823/1062/1061 660/1063/1062 822/1064/1063
f 822/1064/1063 660/1063/1062 659/1065/1064
f 822/1064/1063 659/1065/1064 821/1066/1065
f 821/1066/1065 659/1065/1064 658/1067/1066
f 821/1066/1065 658/1067/1066 657/1068/1067
f 657/1068/1067 811/1069/1068 821/1066/1065
f 821/1066/1065 811/1069/1068 819/1070/1069
f 821/1066/1065 819/1070/1069 850/1071/1070
f 850/1071/1070 819/1070/1069 933/1072/1071
f 850/1071/1070 933/1072/1071 932/1073/1072
f 932/1073/1072 933/1072/1071 879/1074/1073
f 932/1073/1072 879/1074/1073 880/1075/1074
f 880/1075/1074 879/1074/1073 995/1026/1025
f 880/1075/1074 995/1026/1025 996/1028/1027
f 811/1069/1068 812/1076/1075 819/1070/1069
f 819/1070/1069 812/1076/1075 934/1077/1076
f 819/1070/1069 934/1077/1076 933/1072/1071
f 933/1072/1071 934/1077/1076 878/1078/1077
f 933/1072/1071 878/1078/1077 879/1074/1073
f 879/1074/1073 878/1078/1077 994/1024/1023
f 879/1074/1073 994/1024/1023 995/1026/1025
f 934/1077/1076 812/1076/1075 877/1079/1078
f 877/1079/1078 812/1076/1075 813/1018/1017
f 877/1079/1078 813/1018/1017 817/1020/1019
f 308/998/998 307/1080/1079 945/996/996
f 945/996/996 307/1080/1079 306/1081/1080
f 945/996/996 306/1081/1080 946/1082/1081
f 946/1082/1081 306/1081/1080 305/1083/1082
f 946/1082/1081 305/1083/1082 947/1084/1083
f 947/1084/1083 305/1083/1082 304/1085/1084
f 947/1084/1083 304/1085/1084 948/1086/1085
f 948/1086/1085 304/1085/1084 949/1087/1086
f 948/1086/1085 949/1087/1086 979/1088/1087
f 979/1088/1087 949/1087/1086 978/1089/1088
f 979/1088/1087 978/1089/1088 1005/1090/1089
f 1005/1090/1089 978/1089/1088 1006/1091/1090
f 1005/1090/1089 1006/1091/1090 890/1092/1091
f 890/1092/1091 1006/1091/1090 891/1093/1092
f 890/1092/1091 891/1093/1092 921/1094/1093
f 921/1094/1093 891/1093/1092 920/1095/1094
f 921/1094/1093 920/1095/1094 862/1096/1095
f 862/1096/1095 920/1095/1094 863/972/972
f 862/1096/1095 863/972/972 834/971/971
f 304/1085/1084 303/1097/1096 949/1087/1086
f 949/1087/1086 303/1097/1096 950/1098/1097
f 949/1087/1086 950/1098/1097 978/1089/1088
f 978/1089/1088 950/1098/1097 977/1099/1098
f 978/1089/1088 977/1099/1098 1006/1091/1090
f 1006/1091/1090 977/1099/1098 1007/1100/1099
f 1006/1091/1090 1007/1100/1099 891/1093/1092
f 891/1093/1092 1007/1100/1099 892/1101/1100
f 891/1093/1092 892/1101/1100 920/1095/1094
f 920/1095/1094 892/1101/1100 919/973/973
f 920/1095/1094 919/973/973 863/972/972
f 303/1097/1096 302/1102/1101 950/1098/1097
f 950/1098/1097 302/1102/1101 951/1103/1102
f 950/1098/1097 951/1103/1102 977/1099/1098
f 977/1099/1098 951/1103/1102 976/1104/1103
f 977/1099/1098 976/1104/1103 1007/1100/1099
f 1007/1100/1099 976/1104/1103 1008/1105/1104
f 1007/1100/1099 1008/1105/1104 892/1101/1100
f 892/1101/1100 1008/1105/1104 893/974/974
f 892/1101/1100 893/974/974 919/973/973
f 302/1102/1101 301/1106/1105 951/1103/1102
f 951/1103/1102 301/1106/1105 952/1107/1106
f 951/1103/1102 952/1107/1106 976/1104/1103
f 976/1104/1103 952/1107/1106 975/1108/1107
f 976/1104/1103 975/1108/1107 1008/1105/1104
f 1008/1105/1104 975/1108/1107 1009/975/975
f 1008/1105/1104 1009/975/975 893/974/974
f 301/1106/1105 300/1109/1108 952/1107/1106
f 952/1107/1106 300/1109/1108 953/1110/1109
f 952/1107/1106 953/1110/1109 975/1108/1107
f 975/1108/1107 953/1110/1109 974/976/976
f 975/1108/1107 974/976/976 1009/975/975
f 300/1109/1108 299/1111/1110 953/1110/1109
f 953/1110/1109 299/1111/1110 298/1112/1111
f 953/1110/1109 298/1112/1111 954/977/977
f 954/977/977 298/1112/1111 297/978/978
f 960/920/920 293/922/922 961/1113/1112
f 961/1113/1112 293/922/922 292/1114/1113
f 961/1113/1112 292/1114/1113 962/1115/1114
f 962/1115/1114 292/1114/1113 291/1116/1115
f 962/1115/1114 291/1116/1115 963/1117/1116
f 963/1117/1116 291/1116/1115 290/1118/362
f 963/1117/1116 290/1118/362 814/1119/1117
f 815/1120/1118 818/1121/1119 814/1119/1117
f 814/1119/1117 818/1121/1119 964/1122/1120
f 814/1119/1117 964/1122/1120 963/1117/1116
f 963/1117/1116 964/1122/1120 965/1123/1121
f 963/1117/1116 965/1123/1121 962/1115/1114
f 962/1115/1114 965/1123/1121 966/1124/1122
f 962/1115/1114 966/1124/1122 961/1113/1112
f 961/1113/1112 966/1124/1122 967/918/918
f 961/1113/1112 967/918/918 960/920/920
f 816/899/899 820/1125/1123 815/1120/1118
f 815/1120/1118 820/1125/1123 906/1126/1124
f 815/1120/1118 906/1126/1124 905/1127/1125
f 905/1127/1125 906/1126/1124 907/1128/1126
f 905/1127/1125 907/1128/1126 904/1129/1127
f 904/1129/1127 907/1128/1126 908/1130/1128
f 904/1129/1127 908/1130/1128 903/1131/1129
f 903/1131/1129 908/1130/1128 909/912/912
f 903/1131/1129 909/912/912 902/914/914
f 820/1125/1123 816/899/899 849/901/901
f 815/1120/1118 905/1127/1125 818/1121/1119
f 818/1121/1119 905/1127/1125 904/1129/1127
f 818/1121/1119 904/1129/1127 1019/1132/1130
f 1019/1132/1130 904/1129/1127 903/1131/1129
f 1019/1132/1130 903/1131/1129 1018/1133/1131
f 1018/1133/1131 903/1131/1129 902/914/914
f 1018/1133/1131 902/914/914 1017/916/916
f 821/1066/1065 850/1071/1070 822/1064/1063
f 822/1064/1063 850/1071/1070 851/1134/1132
f 822/1064/1063 851/1134/1132 823/1062/1061
f 823/1062/1061 851/1134/1132 852/1135/1133
f 823/1062/1061 852/1135/1133 824/1059/1058
f 824/1059/1058 852/1135/1133 853/1136/1134
f 824/1059/1058 853/1136/1134 825/1057/1056
f 825/1057/1056 853/1136/1134 854/1137/1135
f 825/1057/1056 854/1137/1135 826/1054/1053
f 826/1054/1053 854/1137/1135 855/1049/1048
f 826/1054/1053 855/1049/1048 827/1048/1047
f 832/979/979 831/981/981 860/1138/1136
f 860/1138/1136 831/981/981 859/986/986
f 860/1138/1136 859/986/986 923/1139/1137
f 923/1139/1137 859/986/986 924/988/988
f 923/1139/1137 924/988/988 888/1140/1138
f 888/1140/1138 924/988/988 887/990/990
f 888/1140/1138 887/990/990 1003/1141/1139
f 1003/1141/1139 887/990/990 1002/992/992
f 1003/1141/1139 1002/992/992 981/1142/1140
f 981/1142/1140 1002/992/992 982/994/994
f 981/1142/1140 982/994/994 946/1082/1081
f 946/1082/1081 982/994/994 945/996/996
f 862/1096/1095 834/971/971 833/970/970
f 833/970/970 832/979/979 861/1143/1141
f 861/1143/1141 832/979/979 860/1138/1136
f 861/1143/1141 860/1138/1136 922/1144/1142
f 922/1144/1142 860/1138/1136 923/1139/1137
f 922/1144/1142 923/1139/1137 889/1145/1143
f 889/1145/1143 923/1139/1137 888/1140/1138
f 889/1145/1143 888/1140/1138 1004/1146/1144
f 1004/1146/1144 888/1140/1138 1003/1141/1139
f 1004/1146/1144 1003/1141/1139 980/1147/1145
f 980/1147/1145 1003/1141/1139 981/1142/1140
f 980/1147/1145 981/1142/1140 947/1084/1083
f 947/1084/1083 981/1142/1140 946/1082/1081
f 838/963/963 837/965/965 866/1148/1146
f 866/1148/1146 837/965/965 865/938/938
f 866/1148/1146 865/938/938 917/936/936
f 839/961/961 838/963/963 867/1149/1147
f 867/1149/1147 838/963/963 866/1148/1146
f 867/1149/1147 866/1148/1146 916/1150/1148
f 916/1150/1148 866/1148/1146 917/936/936
f 916/1150/1148 917/936/936 895/934/934
f 840/959/959 839/961/961 868/1151/1149
f 868/1151/1149 839/961/961 867/1149/1147
f 868/1151/1149 867/1149/1147 915/1152/1150
f 915/1152/1150 867/1149/1147 916/1150/1148
f 915/1152/1150 916/1150/1148 896/1153/1151
f 896/1153/1151 916/1150/1148 895/934/934
f 896/1153/1151 895/934/934 1011/932/932
f 841/957/957 840/959/959 869/1154/1152
f 869/1154/1152 840/959/959 868/1151/1149
f 869/1154/1152 868/1151/1149 914/1155/1153
f 914/1155/1153 868/1151/1149 915/1152/1150
f 914/1155/1153 915/1152/1150 897/1156/1154
f 897/1156/1154 915/1152/1150 896/1153/1151
f 897/1156/1154 896/1153/1151 1012/1157/1155
f 1012/1157/1155 896/1153/1151 1011/932/932
f 1012/1157/1155 1011/932/932 972/930/930
f 842/955/955 841/957/957 870/1158/1156
f 870/1158/1156 841/957/957 869/1154/1152
f 870/1158/1156 869/1154/1152 913/1159/1157
f 913/1159/1157 869/1154/1152 914/1155/1153
f 913/1159/1157 914/1155/1153 898/1160/1158
f 898/1160/1158 914/1155/1153 897/1156/1154
f 898/1160/1158 897/1156/1154 1013/1161/1159
f 1013/1161/1159 897/1156/1154 1012/1157/1155
f 1013/1161/1159 1012/1157/1155 971/1162/1160
f 971/1162/1160 1012/1157/1155 972/930/930
f 971/1162/1160 972/930/930 956/928/928
f 872/946/946 844/945/945 843/953/953
f 843/953/953 842/955/955 871/1163/1161
f 871/1163/1161 842/955/955 870/1158/1156
f 871/1163/1161 870/1158/1156 912/1164/1162
f 912/1164/1162 870/1158/1156 913/1159/1157
f 912/1164/1162 913/1159/1157 899/1165/1163
f 899/1165/1163 913/1159/1157 898/1160/1158
f 899/1165/1163 898/1160/1158 1014/1166/1164
f 1014/1166/1164 898/1160/1158 1013/1161/1159
f 1014/1166/1164 1013/1161/1159 970/1167/1165
f 970/1167/1165 1013/1161/1159 971/1162/1160
f 970/1167/1165 971/1162/1160 957/926/926
f 957/926/926 971/1162/1160 956/928/928
f 847/906/906 846/908/908 875/1168/1166
f 875/1168/1166 846/908/908 874/910/910
f 875/1168/1166 874/910/910 908/1130/1128
f 908/1130/1128 874/910/910 909/912/912
f 820/1125/1123 849/901/901 848/904/904
f 848/904/904 847/906/906 876/1169/1167
f 876/1169/1167 847/906/906 875/1168/1166
f 876/1169/1167 875/1168/1166 907/1128/1126
f 907/1128/1126 875/1168/1166 908/1130/1128
f 850/1071/1070 932/1073/1072 851/1134/1132
f 851/1134/1132 932/1073/1072 931/1170/1168
f 851/1134/1132 931/1170/1168 852/1135/1133
f 852/1135/1133 931/1170/1168 930/1171/1169
f 852/1135/1133 930/1171/1169 853/1136/1134
f 853/1136/1134 930/1171/1169 929/1172/1170
f 853/1136/1134 929/1172/1170 854/1137/1135
f 854/1137/1135 929/1172/1170 928/1050/1049
f 854/1137/1135 928/1050/1049 855/1049/1048
f 921/1094/1093 862/1096/1095 861/1143/1141
f 861/1143/1141 862/1096/1095 833/970/970
f 921/1094/1093 861/1143/1141 922/1144/1142
f 911/947/947 872/946/946 871/1163/1161
f 871/1163/1161 872/946/946 843/953/953
f 911/947/947 871/1163/1161 912/1164/1162
f 906/1126/1124 820/1125/1123 876/1169/1167
f 876/1169/1167 820/1125/1123 848/904/904
f 906/1126/1124 876/1169/1167 907/1128/1126
f 934/1077/1076 877/1079/1078 878/1078/1077
f 878/1078/1077 877/1079/1078 993/1022/1021
f 878/1078/1077 993/1022/1021 994/1024/1023
f 817/1020/1019 993/1022/1021 877/1079/1078
f 931/1170/1168 932/1073/1072 880/1075/1074
f 930/1171/1169 931/1170/1168 881/1173/1171
f 881/1173/1171 931/1170/1168 880/1075/1074
f 881/1173/1171 880/1075/1074 996/1028/1027
f 929/1172/1170 930/1171/1169 882/1174/1172
f 882/1174/1172 930/1171/1169 881/1173/1171
f 882/1174/1172 881/1173/1171 997/1030/1029
f 997/1030/1029 881/1173/1171 996/1028/1027
f 928/1050/1049 929/1172/1170 883/1051/1050
f 883/1051/1050 929/1172/1170 882/1174/1172
f 883/1051/1050 882/1174/1172 998/1032/1031
f 998/1032/1031 882/1174/1172 997/1030/1029
f 921/1094/1093 922/1144/1142 890/1092/1091
f 890/1092/1091 922/1144/1142 889/1145/1143
f 890/1092/1091 889/1145/1143 1005/1090/1089
f 1005/1090/1089 889/1145/1143 1004/1146/1144
f 1005/1090/1089 1004/1146/1144 979/1088/1087
f 979/1088/1087 1004/1146/1144 980/1147/1145
f 979/1088/1087 980/1147/1145 948/1086/1085
f 948/1086/1085 980/1147/1145 947/1084/1083
f 911/947/947 912/1164/1162 900/948/948
f 900/948/948 912/1164/1162 899/1165/1163
f 900/948/948 899/1165/1163 1015/949/949
f 1015/949/949 899/1165/1163 1014/1166/1164
f 1015/949/949 1014/1166/1164 969/950/950
f 969/950/950 1014/1166/1164 970/1167/1165
f 969/950/950 970/1167/1165 958/924/924
f 958/924/924 970/1167/1165 957/926/926
f 991/1021/1020 992/1019/1018 936/1014/1014
f 936/1014/1014 992/1019/1018 935/1016/1016
f 990/1023/1022 991/1021/1020 937/1012/1012
f 937/1012/1012 991/1021/1020 936/1014/1014
f 989/1025/1024 990/1023/1022 938/1010/1010
f 938/1010/1010 990/1023/1022 937/1012/1012
f 988/1027/1026 989/1025/1024 939/1008/1008
f 939/1008/1008 989/1025/1024 938/1010/1010
f 987/1029/1028 988/1027/1026 940/1006/1006
f 940/1006/1006 988/1027/1026 939/1008/1008
f 986/1031/1030 987/1029/1028 941/1004/1004
f 941/1004/1004 987/1029/1028 940/1006/1006
f 985/1033/1032 986/1031/1030 942/1002/1002
f 942/1002/1002 986/1031/1030 941/1004/1004
f 984/1035/1034 985/1033/1032 943/1000/1000
f 943/1000/1000 985/1033/1032 942/1002/1002
f 983/995/995 984/1035/1034 944/997/997
f 944/997/997 984/1035/1034 943/1000/1000
f 953/1110/1109 954/977/977 974/976/976
f 818/1121/1119 1019/1132/1130 964/1122/1120
f 964/1122/1120 1019/1132/1130 965/1123/1121
f 1017/916/916 967/918/918 966/1124/1122
f 1019/1132/1130 1018/1133/1131 965/1123/1121
f 965/1123/1121 1018/1133/1131 966/1124/1122
f 1018/1133/1131 1017/916/916 966/1124/1122
f 537/1175/1173 536/1176/1174 673/1177/1175
f 673/1177/1175 536/1176/1174 535/1178/1176
f 673/1177/1175 535/1178/1176 674/1179/1177
f 674/1179/1177 535/1178/1176 534/1180/1178
f 674/1179/1177 534/1180/1178 675/1181/1179
f 675/1181/1179 534/1180/1178 533/1182/1180
f 675/1181/1179 533/1182/1180 676/1183/1181
f 676/1183/1181 533/1182/1180 532/1184/1182
f 676/1183/1181 532/1184/1182 677/1185/1183
f 677/1185/1183 532/1184/1182 531/1186/1184
f 677/1185/1183 531/1186/1184 678/1187/1185
f 678/1187/1185 531/1186/1184 530/1188/1186
f 678/1187/1185 530/1188/1186 679/1189/1187
f 679/1189/1187 530/1188/1186 529/1190/1188
f 679/1189/1187 529/1190/1188 680/1191/1189
f 680/1191/1189 529/1190/1188 528/1192/1190
f 680/1191/1189 528/1192/1190 681/1193/1191
f 681/1193/1191 528/1192/1190 682/1194/1192
f 682/1194/1192 528/1192/1190 527/1195/1193
f 682/1194/1192 527/1195/1193 526/1196/1194
f 559/1197/1195 290/1198/1196 525/1199/1197
f 525/1199/1197 290/1198/1196 318/1200/1198
f 525/1199/1197 318/1200/1198 651/1201/1199
f 651/1201/1199 318/1200/1198 813/1202/1200
f 651/1201/1199 813/1202/1200 652/1203/1201
f 652/1203/1201 813/1202/1200 812/1204/1202
f 652/1203/1201 812/1204/1202 653/1205/1203
f 653/1205/1203 812/1204/1202 811/1206/1204
f 653/1205/1203 811/1206/1204 654/1207/1205
f 654/1207/1205 811/1206/1204 655/1208/1206
f 655/1208/1206 811/1206/1204 656/1209/1207
f 656/1209/1207 811/1206/1204 657/1210/1208
f 290/1198/1196 559/1197/1195 814/1211/1209
f 814/1211/1209 559/1197/1195 558/1212/1210
f 814/1211/1209 558/1212/1210 815/1213/1211
f 815/1213/1211 558/1212/1210 557/1214/1212
f 815/1213/1211 557/1214/1212 816/1215/1213
f 816/1215/1213 557/1214/1212 556/1216/1214
f 816/1215/1213 556/1216/1214 555/1217/1215
f 555/1217/1215 554/1218/1216 816/1215/1213
f 816/1215/1213 554/1218/1216 553/1219/1217
f 289/1220/1218 3/1221/1219 290/1198/1196
f 290/1198/1196 3/1221/1219 2/1222/1220
f 290/1198/1196 2/1222/1220 318/1200/1198
f 318/1200/1198 2/1222/1220 158/1223/1221
f 318/1200/1198 158/1223/1221 319/1224/1222
f 319/1224/1222 158/1223/1221 157/1225/1223
f 319/1224/1222 157/1225/1223 320/1226/1224
f 320/1226/1224 157/1225/1223 156/1227/1225
f 320/1226/1224 156/1227/1225 321/1228/1226
f 321/1228/1226 156/1227/1225 155/1229/1227
f 321/1228/1226 155/1229/1227 154/1230/1228
f 3/1221/1219 289/1220/1218 4/1231/1229
f 4/1231/1229 289/1220/1218 288/1232/1230
f 4/1231/1229 288/1232/1230 5/1233/1231
f 5/1233/1231 288/1232/1230 287/1234/1232
f 5/1233/1231 287/1234/1232 6/1235/1233
f 6/1235/1233 287/1234/1232 7/1236/1234
f 7/1236/1234 287/1234/1232 8/1237/1235
f 8/1237/1235 287/1234/1232 9/1238/1236
f 154/1230/1228 153/1239/1237 321/1228/1226
f 321/1228/1226 153/1239/1237 152/1240/1238
g Body78

v 5.406446 2.708287 -0.836346
v 5.396091 2.711123 -0.836346
v 5.385437 2.712451 -0.836346
v 5.385776 2.718913 -0.835494
v 5.386092 2.724934 -0.832997
v 5.386363 2.730104 -0.829024
v 5.386572 2.734072 -0.823846
v 5.386702 2.736566 -0.817817
v 5.386747 2.737417 -0.811346
v 5.400952 2.735645 -0.811346
v 5.414758 2.731864 -0.811346
v 5.414475 2.731061 -0.817817
v 5.413644 2.728706 -0.823846
v 5.412323 2.724959 -0.829024
v 5.410602 2.720076 -0.832997
v 5.408597 2.714389 -0.835494
v 5.396335 2.714637 -0.836091
v 5.396982 2.718003 -0.835344
v 5.397603 2.721237 -0.834133
v 5.398188 2.724276 -0.832486
v 5.399013 2.728563 -0.829024
v 5.399447 2.730809 -0.826378
v 5.399806 2.732669 -0.823431
v 5.400085 2.734116 -0.820248
v 5.400279 2.735123 -0.816893
v 0.183347 2.985347 -0.836346
v 0.183347 2.991827 -0.835494
v 0.183347 2.997865 -0.832997
v 0.183347 3.003049 -0.829024
v 0.183347 3.007028 -0.823846
v 0.183347 3.009529 -0.817817
v 0.183347 3.010382 -0.811346
v 0.323009 2.984500 -0.835494
v 0.463641 2.977123 -0.835494
v 0.604274 2.969745 -0.835494
v 0.744906 2.962368 -0.835494
v 0.885539 2.954990 -0.835494
v 1.026171 2.947613 -0.835494
v 1.166803 2.940236 -0.835494
v 1.307436 2.932858 -0.835494
v 1.448068 2.925481 -0.835494
v 1.588701 2.918103 -0.835494
v 1.729333 2.910726 -0.835494
v 1.869966 2.903348 -0.835494
v 2.010598 2.895971 -0.835494
v 2.151230 2.888594 -0.835494
v 2.291863 2.881216 -0.835494
v 2.432495 2.873839 -0.835494
v 2.573128 2.866461 -0.835494
v 2.713760 2.859084 -0.835494
v 2.854393 2.851706 -0.835494
v 2.995025 2.844329 -0.835494
v 3.135657 2.836951 -0.835494
v 3.276290 2.829574 -0.835494
v 3.416922 2.822197 -0.835494
v 3.557555 2.814819 -0.835494
v 3.698187 2.807442 -0.835494
v 3.838820 2.800064 -0.835494
v 3.979452 2.792687 -0.835494
v 4.120084 2.785309 -0.835494
v 4.260717 2.777932 -0.835494
v 4.401349 2.770555 -0.835494
v 4.541982 2.763177 -0.835494
v 4.682614 2.755800 -0.835494
v 4.823247 2.748422 -0.835494
v 4.963879 2.741045 -0.835494
v 5.104511 2.733667 -0.835494
v 5.245144 2.726290 -0.835494
v 0.323325 2.990521 -0.832997
v 0.463957 2.983144 -0.832997
v 0.604590 2.975767 -0.832997
v 0.745222 2.968389 -0.832997
v 0.885854 2.961012 -0.832997
v 1.026487 2.953634 -0.832997
v 1.167119 2.946257 -0.832997
v 1.307752 2.938879 -0.832997
v 1.448384 2.931502 -0.832997
v 1.589017 2.924125 -0.832997
v 1.729649 2.916747 -0.832997
v 1.870281 2.909370 -0.832997
v 2.010914 2.901992 -0.832997
v 2.151546 2.894615 -0.832997
v 2.292179 2.887237 -0.832997
v 2.432811 2.879860 -0.832997
v 2.573444 2.872482 -0.832997
v 2.714076 2.865105 -0.832997
v 2.854708 2.857728 -0.832997
v 2.995341 2.850350 -0.832997
v 3.135973 2.842973 -0.832997
v 3.276606 2.835595 -0.832997
v 3.417238 2.828218 -0.832997
v 3.557871 2.820840 -0.832997
v 3.698503 2.813463 -0.832997
v 3.839135 2.806086 -0.832997
v 3.979768 2.798708 -0.832997
v 4.120400 2.791331 -0.832997
v 4.261033 2.783953 -0.832997
v 4.401665 2.776576 -0.832997
v 4.542298 2.769198 -0.832997
v 4.682930 2.761821 -0.832997
v 4.823562 2.754443 -0.832997
v 4.964195 2.747066 -0.832997
v 5.104827 2.739689 -0.832997
v 5.245460 2.732311 -0.832997
v 0.323596 2.995692 -0.829024
v 0.464228 2.988315 -0.829024
v 0.604861 2.980937 -0.829024
v 0.745493 2.973560 -0.829024
v 0.886126 2.966182 -0.829024
v 1.026758 2.958805 -0.829024
v 1.167391 2.951427 -0.829024
v 1.308023 2.944050 -0.829024
v 1.448655 2.936673 -0.829024
v 1.589288 2.929295 -0.829024
v 1.729920 2.921918 -0.829024
v 1.870553 2.914540 -0.829024
v 2.011185 2.907163 -0.829024
v 2.151818 2.899785 -0.829024
v 2.292450 2.892408 -0.829024
v 2.433082 2.885030 -0.829024
v 2.573715 2.877653 -0.829024
v 2.714347 2.870276 -0.829024
v 2.854980 2.862898 -0.829024
v 2.995612 2.855521 -0.829024
v 3.136245 2.848143 -0.829024
v 3.276877 2.840766 -0.829024
v 3.417509 2.833388 -0.829024
v 3.558142 2.826011 -0.829024
v 3.698774 2.818634 -0.829024
v 3.839407 2.811256 -0.829024
v 3.980039 2.803879 -0.829024
v 4.120672 2.796501 -0.829024
v 4.261304 2.789124 -0.829024
v 4.401936 2.781746 -0.829024
v 4.542569 2.774369 -0.829024
v 4.683201 2.766991 -0.829024
v 4.823834 2.759614 -0.829024
v 4.964466 2.752237 -0.829024
v 5.105099 2.744859 -0.829024
v 5.245731 2.737482 -0.829024
v 0.323804 2.999660 -0.823846
v 0.464437 2.992282 -0.823846
v 0.605069 2.984905 -0.823846
v 0.745701 2.977527 -0.823846
v 0.886334 2.970150 -0.823846
v 1.026966 2.962772 -0.823846
v 1.167599 2.955395 -0.823846
v 1.308231 2.948017 -0.823846
v 1.448864 2.940640 -0.823846
v 1.589496 2.933263 -0.823846
v 1.730128 2.925885 -0.823846
v 1.870761 2.918508 -0.823846
v 2.011393 2.911130 -0.823846
v 2.152026 2.903753 -0.823846
v 2.292658 2.896375 -0.823846
v 2.433291 2.888998 -0.823846
v 2.573923 2.881621 -0.823846
v 2.714555 2.874243 -0.823846
v 2.855188 2.866866 -0.823846
v 2.995820 2.859488 -0.823846
v 3.136453 2.852111 -0.823846
v 3.277085 2.844733 -0.823846
v 3.417718 2.837356 -0.823846
v 3.558350 2.829978 -0.823846
v 3.698982 2.822601 -0.823846
v 3.839615 2.815224 -0.823846
v 3.980247 2.807846 -0.823846
v 4.120880 2.800469 -0.823846
v 4.261512 2.793091 -0.823846
v 4.402145 2.785714 -0.823846
v 4.542777 2.778336 -0.823846
v 4.683409 2.770959 -0.823846
v 4.824042 2.763582 -0.823846
v 4.964674 2.756204 -0.823846
v 5.105307 2.748827 -0.823846
v 5.245939 2.741449 -0.823846
v 0.323935 3.002154 -0.817817
v 0.464567 2.994776 -0.817817
v 0.605200 2.987399 -0.817817
v 0.745832 2.980021 -0.817817
v 0.886465 2.972644 -0.817817
v 1.027097 2.965266 -0.817817
v 1.167730 2.957889 -0.817817
v 1.308362 2.950512 -0.817817
v 1.448994 2.943134 -0.817817
v 1.589627 2.935757 -0.817817
v 1.730259 2.928379 -0.817817
v 1.870892 2.921002 -0.817817
v 2.011524 2.913624 -0.817817
v 2.152157 2.906247 -0.817817
v 2.292789 2.898869 -0.817817
v 2.433421 2.891492 -0.817817
v 2.574054 2.884115 -0.817817
v 2.714686 2.876737 -0.817817
v 2.855319 2.869360 -0.817817
v 2.995951 2.861982 -0.817817
v 3.136584 2.854605 -0.817817
v 3.277216 2.847227 -0.817817
v 3.417848 2.839850 -0.817817
v 3.558481 2.832473 -0.817817
v 3.699113 2.825095 -0.817817
v 3.839746 2.817718 -0.817817
v 3.980378 2.810340 -0.817817
v 4.121011 2.802963 -0.817817
v 4.261643 2.795585 -0.817817
v 4.402275 2.788208 -0.817817
v 4.542908 2.780831 -0.817817
v 4.683540 2.773453 -0.817817
v 4.824173 2.766076 -0.817817
v 4.964805 2.758698 -0.817817
v 5.105438 2.751321 -0.817817
v 5.246070 2.743943 -0.817817
v 5.414758 2.731864 -0.788654
v 5.400952 2.735645 -0.788654
v 5.386747 2.737417 -0.788654
v 5.386702 2.736566 -0.782183
v 5.386572 2.734072 -0.776154
v 5.386363 2.730104 -0.770976
v 5.386092 2.724934 -0.767003
v 5.385776 2.718913 -0.764506
v 5.385437 2.712451 -0.763654
v 5.396091 2.711123 -0.763654
v 5.406446 2.708287 -0.763654
v 5.408597 2.714389 -0.764506
v 5.410602 2.720076 -0.767003
v 5.412323 2.724959 -0.770976
v 5.413644 2.728706 -0.776154
v 5.414475 2.731061 -0.782183
v 5.401374 2.734906 -0.783107
v 5.401169 2.733901 -0.779752
v 5.400875 2.732456 -0.776569
v 5.400498 2.730600 -0.773622
v 5.400042 2.728359 -0.770976
v 5.399170 2.724082 -0.767514
v 5.398551 2.721049 -0.765867
v 5.397892 2.717822 -0.764656
v 5.397206 2.714465 -0.763909
v 0.183347 3.010382 -0.788654
v 0.183347 3.009529 -0.782183
v 0.183347 3.007028 -0.776154
v 0.183347 3.003049 -0.770976
v 0.183347 2.997865 -0.767003
v 0.183347 2.991827 -0.764506
v 0.183347 2.985347 -0.763654
v 0.323935 3.002154 -0.782183
v 0.464567 2.994776 -0.782183
v 0.605200 2.987399 -0.782183
v 0.745832 2.980021 -0.782183
v 0.886465 2.972644 -0.782183
v 1.027097 2.965266 -0.782183
v 1.167730 2.957889 -0.782183
v 1.308362 2.950512 -0.782183
v 1.448994 2.943134 -0.782183
v 1.589627 2.935757 -0.782183
v 1.730259 2.928379 -0.782183
v 1.870892 2.921002 -0.782183
v 2.011524 2.913624 -0.782183
v 2.152157 2.906247 -0.782183
v 2.292789 2.898869 -0.782183
v 2.433421 2.891492 -0.782183
v 2.574054 2.884115 -0.782183
v 2.714686 2.876737 -0.782183
v 2.855319 2.869360 -0.782183
v 2.995951 2.861982 -0.782183
v 3.136584 2.854605 -0.782183
v 3.277216 2.847227 -0.782183
v 3.417848 2.839850 -0.782183
v 3.558481 2.832473 -0.782183
v 3.699113 2.825095 -0.782183
v 3.839746 2.817718 -0.782183
v 3.980378 2.810340 -0.782183
v 4.121011 2.802963 -0.782183
v 4.261643 2.795585 -0.782183
v 4.402275 2.788208 -0.782183
v 4.542908 2.780831 -0.782183
v 4.683540 2.773453 -0.782183
v 4.824173 2.766076 -0.782183
v 4.964805 2.758698 -0.782183
v 5.105438 2.751321 -0.782183
v 5.246070 2.743943 -0.782183
v 0.323804 2.999660 -0.776154
v 0.464437 2.992282 -0.776154
v 0.605069 2.984905 -0.776154
v 0.745701 2.977527 -0.776154
v 0.886334 2.970150 -0.776154
v 1.026966 2.962772 -0.776154
v 1.167599 2.955395 -0.776154
v 1.308231 2.948017 -0.776154
v 1.448864 2.940640 -0.776154
v 1.589496 2.933263 -0.776154
v 1.730128 2.925885 -0.776154
v 1.870761 2.918508 -0.776154
v 2.011393 2.911130 -0.776154
v 2.152026 2.903753 -0.776154
v 2.292658 2.896375 -0.776154
v 2.433291 2.888998 -0.776154
v 2.573923 2.881621 -0.776154
v 2.714555 2.874243 -0.776154
v 2.855188 2.866866 -0.776154
v 2.995820 2.859488 -0.776154
v 3.136453 2.852111 -0.776154
v 3.277085 2.844733 -0.776154
v 3.417718 2.837356 -0.776154
v 3.558350 2.829978 -0.776154
v 3.698982 2.822601 -0.776154
v 3.839615 2.815224 -0.776154
v 3.980247 2.807846 -0.776154
v 4.120880 2.800469 -0.776154
v 4.261512 2.793091 -0.776154
v 4.402145 2.785714 -0.776154
v 4.542777 2.778336 -0.776154
v 4.683409 2.770959 -0.776154
v 4.824042 2.763582 -0.776154
v 4.964674 2.756204 -0.776154
v 5.105307 2.748827 -0.776154
v 5.245939 2.741449 -0.776154
v 0.323596 2.995692 -0.770976
v 0.464228 2.988315 -0.770976
v 0.604861 2.980937 -0.770976
v 0.745493 2.973560 -0.770976
v 0.886126 2.966182 -0.770976
v 1.026758 2.958805 -0.770976
v 1.167391 2.951427 -0.770976
v 1.308023 2.944050 -0.770976
v 1.448655 2.936673 -0.770976
v 1.589288 2.929295 -0.770976
v 1.729920 2.921918 -0.770976
v 1.870553 2.914540 -0.770976
v 2.011185 2.907163 -0.770976
v 2.151818 2.899785 -0.770976
v 2.292450 2.892408 -0.770976
v 2.433082 2.885030 -0.770976
v 2.573715 2.877653 -0.770976
v 2.714347 2.870276 -0.770976
v 2.854980 2.862898 -0.770976
v 2.995612 2.855521 -0.770976
v 3.136245 2.848143 -0.770976
v 3.276877 2.840766 -0.770976
v 3.417509 2.833388 -0.770976
v 3.558142 2.826011 -0.770976
v 3.698774 2.818634 -0.770976
v 3.839407 2.811256 -0.770976
v 3.980039 2.803879 -0.770976
v 4.120672 2.796501 -0.770976
v 4.261304 2.789124 -0.770976
v 4.401936 2.781746 -0.770976
v 4.542569 2.774369 -0.770976
v 4.683201 2.766991 -0.770976
v 4.823834 2.759614 -0.770976
v 4.964466 2.752237 -0.770976
v 5.105099 2.744859 -0.770976
v 5.245731 2.737482 -0.770976
v 0.323325 2.990521 -0.767003
v 0.463957 2.983144 -0.767003
v 0.604590 2.975767 -0.767003
v 0.745222 2.968389 -0.767003
v 0.885854 2.961012 -0.767003
v 1.026487 2.953634 -0.767003
v 1.167119 2.946257 -0.767003
v 1.307752 2.938879 -0.767003
v 1.448384 2.931502 -0.767003
v 1.589017 2.924125 -0.767003
v 1.729649 2.916747 -0.767003
v 1.870281 2.909370 -0.767003
v 2.010914 2.901992 -0.767003
v 2.151546 2.894615 -0.767003
v 2.292179 2.887237 -0.767003
v 2.432811 2.879860 -0.767003
v 2.573444 2.872482 -0.767003
v 2.714076 2.865105 -0.767003
v 2.854708 2.857728 -0.767003
v 2.995341 2.850350 -0.767003
v 3.135973 2.842973 -0.767003
v 3.276606 2.835595 -0.767003
v 3.417238 2.828218 -0.767003
v 3.557871 2.820840 -0.767003
v 3.698503 2.813463 -0.767003
v 3.839135 2.806086 -0.767003
v 3.979768 2.798708 -0.767003
v 4.120400 2.791331 -0.767003
v 4.261033 2.783953 -0.767003
v 4.401665 2.776576 -0.767003
v 4.542298 2.769198 -0.767003
v 4.682930 2.761821 -0.767003
v 4.823562 2.754443 -0.767003
v 4.964195 2.747066 -0.767003
v 5.104827 2.739689 -0.767003
v 5.245460 2.732311 -0.767003
v 0.323009 2.984500 -0.764506
v 0.463641 2.977123 -0.764506
v 0.604274 2.969745 -0.764506
v 0.744906 2.962368 -0.764506
v 0.885539 2.954990 -0.764506
v 1.026171 2.947613 -0.764506
v 1.166803 2.940236 -0.764506
v 1.307436 2.932858 -0.764506
v 1.448068 2.925481 -0.764506
v 1.588701 2.918103 -0.764506
v 1.729333 2.910726 -0.764506
v 1.869966 2.903348 -0.764506
v 2.010598 2.895971 -0.764506
v 2.151230 2.888594 -0.764506
v 2.291863 2.881216 -0.764506
v 2.432495 2.873839 -0.764506
v 2.573128 2.866461 -0.764506
v 2.713760 2.859084 -0.764506
v 2.854393 2.851706 -0.764506
v 2.995025 2.844329 -0.764506
v 3.135657 2.836951 -0.764506
v 3.276290 2.829574 -0.764506
v 3.416922 2.822197 -0.764506
v 3.557555 2.814819 -0.764506
v 3.698187 2.807442 -0.764506
v 3.838820 2.800064 -0.764506
v 3.979452 2.792687 -0.764506
v 4.120084 2.785309 -0.764506
v 4.260717 2.777932 -0.764506
v 4.401349 2.770555 -0.764506
v 4.541982 2.763177 -0.764506
v 4.682614 2.755800 -0.764506
v 4.823247 2.748422 -0.764506
v 4.963879 2.741045 -0.764506
v 5.104511 2.733667 -0.764506
v 5.245144 2.726290 -0.764506
v 5.727220 2.427317 -0.763654
v 5.734128 2.426666 -0.764244
v 5.740800 2.424987 -0.765766
v 5.747500 2.422391 -0.768119
v 5.754114 2.418933 -0.771253
v 5.765777 2.410195 -0.779171
v 5.774451 2.399732 -0.788654
v 5.705284 2.501377 -0.788654
v 5.623996 2.594899 -0.788654
v 5.527633 2.674695 -0.788654
v 5.503625 2.660529 -0.763654
v 5.588989 2.593885 -0.763654
v 5.662971 2.514634 -0.763654
v 5.714116 2.452771 -0.763909
v 5.684072 2.527306 -0.783107
v 5.429793 2.703079 -0.763909
v 5.437738 2.722362 -0.783107
v 5.731208 2.464732 -0.783107
v 5.730367 2.464144 -0.779752
v 5.729161 2.463297 -0.776569
v 5.727611 2.462209 -0.773622
v 5.725739 2.460897 -0.770976
v 5.722162 2.458394 -0.767514
v 5.719625 2.456620 -0.765867
v 5.716925 2.454734 -0.764656
v 5.683276 2.526658 -0.779752
v 5.682132 2.525729 -0.776569
v 5.680661 2.524536 -0.773622
v 5.678886 2.523095 -0.770976
v 5.675500 2.520340 -0.767514
v 5.673099 2.518385 -0.765867
v 5.670546 2.516305 -0.764656
v 5.667889 2.514141 -0.763909
v 5.573369 2.639870 -0.783107
v 5.572719 2.639076 -0.779752
v 5.571784 2.637938 -0.776569
v 5.570583 2.636475 -0.773622
v 5.569133 2.634707 -0.770976
v 5.566366 2.631331 -0.767514
v 5.564405 2.628936 -0.765867
v 5.562318 2.626388 -0.764656
v 5.560147 2.623736 -0.763909
v 5.616781 2.571630 -0.763909
v 5.619234 2.574023 -0.764656
v 5.621592 2.576323 -0.765867
v 5.623808 2.578484 -0.767514
v 5.626929 2.581536 -0.770976
v 5.628561 2.583138 -0.773622
v 5.629912 2.584465 -0.776569
v 5.630963 2.585497 -0.779752
v 5.631698 2.586214 -0.783107
v 5.508887 2.685975 -0.783107
v 5.508350 2.685101 -0.779752
v 5.507578 2.683845 -0.776569
v 5.506586 2.682231 -0.773622
v 5.505389 2.680283 -0.770976
v 5.503103 2.676563 -0.767514
v 5.501483 2.673926 -0.765867
v 5.499759 2.671120 -0.764656
v 5.497964 2.668200 -0.763909
v 5.431102 2.706246 -0.764656
v 5.432361 2.709289 -0.765867
v 5.433542 2.712150 -0.767514
v 5.435205 2.716185 -0.770976
v 5.436072 2.718299 -0.773622
v 5.436788 2.720051 -0.776569
v 5.437346 2.721413 -0.779752
v 5.774451 2.399732 -0.811346
v 5.766047 2.409940 -0.820597
v 5.754498 2.418704 -0.828540
v 5.741504 2.424756 -0.834024
v 5.734531 2.426592 -0.835688
v 5.727220 2.427317 -0.836346
v 5.662969 2.514637 -0.836346
v 5.588988 2.593886 -0.836346
v 5.503626 2.660528 -0.836346
v 5.527637 2.674692 -0.811346
v 5.623994 2.594898 -0.811346
v 5.705281 2.501380 -0.811346
v 5.751030 2.423238 -0.829024
v 5.752951 2.424478 -0.826378
v 5.754543 2.425504 -0.823431
v 5.755781 2.426303 -0.820248
v 5.756643 2.426859 -0.816893
v 5.673422 2.507279 -0.836091
v 5.676099 2.509419 -0.835344
v 5.678671 2.511475 -0.834133
v 5.681089 2.513408 -0.832486
v 5.684501 2.516132 -0.829024
v 5.686289 2.517557 -0.826378
v 5.687771 2.518737 -0.823431
v 5.688923 2.519655 -0.820248
v 5.689725 2.520296 -0.816893
v 5.597356 2.590813 -0.836091
v 5.599720 2.593295 -0.835344
v 5.601990 2.595680 -0.834133
v 5.604124 2.597922 -0.832486
v 5.607134 2.601085 -0.829024
v 5.608709 2.602743 -0.826378
v 5.610013 2.604117 -0.823431
v 5.611028 2.605185 -0.820248
v 5.611736 2.605928 -0.816893
v 5.508968 2.661248 -0.836091
v 5.510834 2.664123 -0.835344
v 5.512627 2.666885 -0.834133
v 5.514312 2.669481 -0.832486
v 5.516690 2.673142 -0.829024
v 5.517936 2.675060 -0.826378
v 5.518969 2.676648 -0.823431
v 5.519772 2.677884 -0.820248
v 5.520330 2.678744 -0.816893
v 0.183347 2.427317 -0.836346
v 0.183347 2.387213 -0.800000
v 0.183347 2.427317 -0.763654
v 5.782030 2.387213 -0.800000
vt -0.032727 0.026556 0.000000
vt -0.039270 0.026556 0.000000
vt -0.035760 0.012754 0.000000
vt -0.039270 0.013278 0.000000
vt -0.039270 0.000000 0.000000
vt -0.032727 0.000000 0.000000
vt -0.032251 0.012754 0.000000
vt -0.028741 0.012754 0.000000
vt -0.026191 0.026556 0.000000
vt -0.025231 0.012754 0.000000
vt -0.019635 0.026556 0.000000
vt -0.019635 0.012754 0.000000
vt -0.016125 0.012754 0.000000
vt -0.019635 0.000000 0.000000
vt -0.013079 0.000000 0.000000
vt -0.026191 0.000000 0.000000
vt -0.006543 0.000000 0.000000
vt -0.009106 0.012754 0.000000
vt -0.012616 0.012754 0.000000
vt -0.013079 0.026556 0.000000
vt -0.005596 0.012754 0.000000
vt -0.000000 0.000000 0.000000
vt -0.000000 0.013278 0.000000
vt -0.000000 0.026556 0.000000
vt -0.006543 0.026556 0.000000
vt 2.534800 -0.013090 0.000000
vt 2.394946 -0.013090 0.000000
vt 2.534460 -0.019635 0.000000
vt 2.254120 -0.013090 0.000000
vt 2.113294 -0.013090 0.000000
vt 2.113294 -0.006545 0.000000
vt 1.972469 -0.006545 0.000000
vt 1.972469 0.000000 0.000000
vt 1.831643 0.000000 0.000000
vt 1.831643 0.006545 0.000000
vt 1.690817 0.006545 0.000000
vt 1.690817 0.013090 0.000000
vt 1.549991 0.013090 0.000000
vt 2.535772 0.019635 0.000000
vt 1.409165 0.013090 0.000000
vt 1.268339 0.013090 0.000000
vt 1.409165 0.006545 0.000000
vt 1.268339 0.006545 0.000000
vt 1.409165 0.000000 0.000000
vt 1.268339 0.000000 0.000000
vt 1.409165 -0.006545 0.000000
vt 1.268339 -0.006545 0.000000
vt 1.409165 -0.013090 0.000000
vt 1.268339 -0.013090 0.000000
vt 1.127514 -0.013090 0.000000
vt 0.986688 -0.013090 0.000000
vt 0.986688 -0.006545 0.000000
vt 0.845862 -0.006545 0.000000
vt 0.845862 0.000000 0.000000
vt 0.705036 0.000000 0.000000
vt 0.705036 0.006545 0.000000
vt 0.564210 0.006545 0.000000
vt 0.564210 0.013090 0.000000
vt 0.423385 0.013090 0.000000
vt 0.282559 0.013090 0.000000
vt 0.141733 0.013090 0.000000
vt 0.282559 0.006545 0.000000
vt 0.141733 0.006545 0.000000
vt 0.282559 0.000000 0.000000
vt 0.141733 0.000000 0.000000
vt 0.282559 -0.006545 0.000000
vt 0.141733 -0.006545 0.000000
vt 0.282559 -0.013090 0.000000
vt 0.141733 -0.013090 0.000000
vt 0.000907 -0.013090 0.000000
vt -0.139919 -0.013090 0.000000
vt -0.139919 -0.006545 0.000000
vt -0.280744 -0.006545 0.000000
vt -0.280744 0.000000 0.000000
vt -0.421570 0.000000 0.000000
vt -0.421570 0.006545 0.000000
vt -0.562396 0.006545 0.000000
vt -0.562396 0.013090 0.000000
vt -0.703222 0.013090 0.000000
vt -2.674783 0.019635 0.000000
vt -0.844048 0.013090 0.000000
vt -0.984873 0.013090 0.000000
vt -0.844048 0.006545 0.000000
vt -0.984873 0.006545 0.000000
vt -0.844048 0.000000 0.000000
vt -0.984873 0.000000 0.000000
vt -0.844048 -0.006545 0.000000
vt -0.984873 -0.006545 0.000000
vt -0.844048 -0.013090 0.000000
vt -0.984873 -0.013090 0.000000
vt -2.674783 -0.019635 0.000000
vt -1.125699 -0.013090 0.000000
vt -1.266525 -0.013090 0.000000
vt -1.266525 -0.006545 0.000000
vt -1.407351 -0.006545 0.000000
vt -1.407351 0.000000 0.000000
vt -1.548177 0.000000 0.000000
vt -1.548177 0.006545 0.000000
vt -1.689002 0.006545 0.000000
vt -1.689002 0.013090 0.000000
vt -1.829828 0.013090 0.000000
vt -1.970654 0.013090 0.000000
vt -2.111480 0.013090 0.000000
vt -1.970654 0.006545 0.000000
vt -2.111480 0.006545 0.000000
vt -1.970654 0.000000 0.000000
vt -2.111480 0.000000 0.000000
vt -1.970654 -0.006545 0.000000
vt -2.111480 -0.006545 0.000000
vt -1.970654 -0.013090 0.000000
vt -2.111480 -0.013090 0.000000
vt -2.252306 -0.013090 0.000000
vt -2.393131 -0.013090 0.000000
vt -2.393131 -0.006545 0.000000
vt -2.533957 -0.006545 0.000000
vt -2.533957 0.000000 0.000000
vt -2.674783 0.000000 0.000000
vt -2.674783 0.006545 0.000000
vt -2.533957 0.006545 0.000000
vt -2.674783 0.013090 0.000000
vt -2.533957 0.013090 0.000000
vt -2.393131 0.013090 0.000000
vt -2.252306 0.013090 0.000000
vt -2.252306 0.006545 0.000000
vt 2.394946 -0.006545 0.000000
vt 2.535116 -0.006545 0.000000
vt 2.394946 0.000000 0.000000
vt 2.535388 0.000000 0.000000
vt 2.394946 0.006545 0.000000
vt 2.535596 0.006545 0.000000
vt 2.394946 0.013090 0.000000
vt 2.535727 0.013090 0.000000
vt 0.000907 0.013090 0.000000
vt -0.139919 0.013090 0.000000
vt -0.280744 0.013090 0.000000
vt -0.139919 0.006545 0.000000
vt -0.280744 0.006545 0.000000
vt -0.139919 0.000000 0.000000
vt -2.674783 -0.006545 0.000000
vt -2.533957 -0.013090 0.000000
vt -2.674783 -0.013090 0.000000
vt -0.280744 -0.013090 0.000000
vt -0.421570 -0.013090 0.000000
vt -0.421570 -0.006545 0.000000
vt -0.562396 -0.006545 0.000000
vt -0.562396 0.000000 0.000000
vt -0.703222 0.000000 0.000000
vt -0.703222 0.006545 0.000000
vt 2.254120 -0.006545 0.000000
vt 2.254120 0.000000 0.000000
vt 2.254120 0.006545 0.000000
vt 2.254120 0.013090 0.000000
vt 1.972469 -0.013090 0.000000
vt 1.831643 -0.013090 0.000000
vt 1.690817 -0.013090 0.000000
vt 1.690817 -0.006545 0.000000
vt 1.549991 -0.006545 0.000000
vt 1.549991 0.000000 0.000000
vt 1.831643 -0.006545 0.000000
vt 1.549991 -0.013090 0.000000
vt 1.127514 -0.006545 0.000000
vt 1.127514 0.000000 0.000000
vt 1.127514 0.006545 0.000000
vt 1.127514 0.013090 0.000000
vt 0.845862 -0.013090 0.000000
vt 0.705036 -0.013090 0.000000
vt 0.564210 -0.013090 0.000000
vt 0.564210 -0.006545 0.000000
vt 0.423385 -0.006545 0.000000
vt 0.423385 0.000000 0.000000
vt 0.705036 -0.006545 0.000000
vt 0.423385 -0.013090 0.000000
vt 0.000907 -0.006545 0.000000
vt 0.000907 0.000000 0.000000
vt 0.000907 0.006545 0.000000
vt -0.562396 -0.013090 0.000000
vt -0.703222 -0.013090 0.000000
vt -0.703222 -0.006545 0.000000
vt -1.125699 -0.006545 0.000000
vt -1.125699 0.000000 0.000000
vt -1.125699 0.006545 0.000000
vt -1.125699 0.013090 0.000000
vt -1.407351 -0.013090 0.000000
vt -1.548177 -0.013090 0.000000
vt -1.689002 -0.013090 0.000000
vt -1.689002 -0.006545 0.000000
vt -1.829828 -0.006545 0.000000
vt -1.829828 0.000000 0.000000
vt -1.548177 -0.006545 0.000000
vt -1.829828 -0.013090 0.000000
vt -2.252306 -0.006545 0.000000
vt -2.252306 0.000000 0.000000
vt 2.113294 0.000000 0.000000
vt 1.972469 0.006545 0.000000
vt 1.831643 0.013090 0.000000
vt 1.690817 0.000000 0.000000
vt 0.986688 0.000000 0.000000
vt 0.845862 0.006545 0.000000
vt 0.705036 0.013090 0.000000
vt 0.564210 0.000000 0.000000
vt -1.266525 0.000000 0.000000
vt -1.407351 0.006545 0.000000
vt -1.548177 0.013090 0.000000
vt -1.689002 0.000000 0.000000
vt -2.393131 0.000000 0.000000
vt 2.113294 0.006545 0.000000
vt 2.113294 0.013090 0.000000
vt 1.549991 0.006545 0.000000
vt 0.986688 0.006545 0.000000
vt 0.986688 0.013090 0.000000
vt 0.423385 0.006545 0.000000
vt -1.266525 0.006545 0.000000
vt -1.266525 0.013090 0.000000
vt -1.829828 0.006545 0.000000
vt -2.393131 0.006545 0.000000
vt 1.972469 0.013090 0.000000
vt 0.845862 0.013090 0.000000
vt -0.421570 0.013090 0.000000
vt -1.407351 0.013090 0.000000
vt -0.006543 0.000000 0.000000
vt -0.000000 0.000000 0.000000
vt -0.005596 0.012754 0.000000
vt -0.000000 0.013278 0.000000
vt -0.000000 0.026556 0.000000
vt -0.006543 0.026556 0.000000
vt -0.009106 0.012754 0.000000
vt -0.013079 0.000000 0.000000
vt -0.012616 0.012754 0.000000
vt -0.016125 0.012754 0.000000
vt -0.013079 0.026556 0.000000
vt -0.019635 0.026556 0.000000
vt -0.026191 0.026556 0.000000
vt -0.025231 0.012754 0.000000
vt -0.019635 0.012754 0.000000
vt -0.019635 0.000000 0.000000
vt -0.028741 0.012754 0.000000
vt -0.032727 0.026556 0.000000
vt -0.032251 0.012754 0.000000
vt -0.035760 0.012754 0.000000
vt -0.032727 0.000000 0.000000
vt -0.039270 0.000000 0.000000
vt -0.039270 0.013278 0.000000
vt -0.039270 0.026556 0.000000
vt -0.026191 0.000000 0.000000
vt -2.520203 0.013090 0.000000
vt -2.379421 0.013090 0.000000
vt -2.520247 0.019635 0.000000
vt -2.238596 0.013090 0.000000
vt -2.097770 0.013090 0.000000
vt -2.097770 0.006545 0.000000
vt -1.956944 0.006545 0.000000
vt -1.956944 0.000000 0.000000
vt -1.816118 0.000000 0.000000
vt -1.816118 -0.006545 0.000000
vt -1.675292 -0.006545 0.000000
vt -1.675292 -0.013090 0.000000
vt -1.534467 -0.013090 0.000000
vt -2.518936 -0.019635 0.000000
vt -1.393641 -0.013090 0.000000
vt -1.252815 -0.013090 0.000000
vt -1.393641 -0.006545 0.000000
vt -1.252815 -0.006545 0.000000
vt -1.393641 0.000000 0.000000
vt -1.252815 0.000000 0.000000
vt -1.393641 0.006545 0.000000
vt -1.252815 0.006545 0.000000
vt -1.393641 0.013090 0.000000
vt -1.252815 0.013090 0.000000
vt -1.111989 0.013090 0.000000
vt -0.971163 0.013090 0.000000
vt -0.971163 0.006545 0.000000
vt -0.830338 0.006545 0.000000
vt -0.830338 0.000000 0.000000
vt -0.689512 0.000000 0.000000
vt -0.689512 -0.006545 0.000000
vt -0.548686 -0.006545 0.000000
vt -0.548686 -0.013090 0.000000
vt -0.407860 -0.013090 0.000000
vt -0.267034 -0.013090 0.000000
vt -0.126209 -0.013090 0.000000
vt -0.267034 -0.006545 0.000000
vt -0.126209 -0.006545 0.000000
vt -0.267034 0.000000 0.000000
vt -0.126209 0.000000 0.000000
vt -0.267034 0.006545 0.000000
vt -0.126209 0.006545 0.000000
vt -0.267034 0.013090 0.000000
vt -0.126209 0.013090 0.000000
vt 0.014617 0.013090 0.000000
vt 0.155443 0.013090 0.000000
vt 0.155443 0.006545 0.000000
vt 0.296269 0.006545 0.000000
vt 0.296269 0.000000 0.000000
vt 0.437095 0.000000 0.000000
vt 0.437095 -0.006545 0.000000
vt 0.577920 -0.006545 0.000000
vt 0.577920 -0.013090 0.000000
vt 0.718746 -0.013090 0.000000
vt 2.690307 -0.019635 0.000000
vt 0.859572 -0.013090 0.000000
vt 1.000398 -0.013090 0.000000
vt 0.859572 -0.006545 0.000000
vt 1.000398 -0.006545 0.000000
vt 0.859572 0.000000 0.000000
vt 1.000398 0.000000 0.000000
vt 0.859572 0.006545 0.000000
vt 1.000398 0.006545 0.000000
vt 0.859572 0.013090 0.000000
vt 1.000398 0.013090 0.000000
vt 2.690307 0.019635 0.000000
vt 1.141224 0.013090 0.000000
vt 1.282049 0.013090 0.000000
vt 1.282049 0.006545 0.000000
vt 1.422875 0.006545 0.000000
vt 1.422875 0.000000 0.000000
vt 1.563701 0.000000 0.000000
vt 1.563701 -0.006545 0.000000
vt 1.704527 -0.006545 0.000000
vt 1.704527 -0.013090 0.000000
vt 1.845353 -0.013090 0.000000
vt 1.986178 -0.013090 0.000000
vt 2.127004 -0.013090 0.000000
vt 1.986178 -0.006545 0.000000
vt 2.127004 -0.006545 0.000000
vt 1.986178 0.000000 0.000000
vt 2.127004 0.000000 0.000000
vt 1.986178 0.006545 0.000000
vt 2.127004 0.006545 0.000000
vt 1.986178 0.013090 0.000000
vt 2.127004 0.013090 0.000000
vt 2.267830 0.013090 0.000000
vt 2.408656 0.013090 0.000000
vt 2.408656 0.006545 0.000000
vt 2.549482 0.006545 0.000000
vt 2.549482 0.000000 0.000000
vt 2.690307 0.000000 0.000000
vt 2.690307 -0.006545 0.000000
vt 2.549482 -0.006545 0.000000
vt 2.690307 -0.013090 0.000000
vt 2.549482 -0.013090 0.000000
vt 2.408656 -0.013090 0.000000
vt 2.267830 -0.013090 0.000000
vt 2.267830 -0.006545 0.000000
vt -2.520072 0.006545 0.000000
vt -2.379421 0.006545 0.000000
vt -2.238596 0.006545 0.000000
vt -2.238596 0.000000 0.000000
vt -2.097770 0.000000 0.000000
vt -2.097770 -0.006545 0.000000
vt -1.956944 -0.006545 0.000000
vt -1.956944 -0.013090 0.000000
vt -1.816118 -0.013090 0.000000
vt -2.519863 0.000000 0.000000
vt -2.379421 0.000000 0.000000
vt -2.238596 -0.006545 0.000000
vt -2.097770 -0.013090 0.000000
vt -2.519592 -0.006545 0.000000
vt -2.379421 -0.006545 0.000000
vt -2.238596 -0.013090 0.000000
vt -2.519275 -0.013090 0.000000
vt -2.379421 -0.013090 0.000000
vt 0.155443 -0.013090 0.000000
vt 0.014617 -0.013090 0.000000
vt 2.690307 0.006545 0.000000
vt 2.549482 0.013090 0.000000
vt 2.690307 0.013090 0.000000
vt 0.296269 0.013090 0.000000
vt 0.437095 0.013090 0.000000
vt 0.437095 0.006545 0.000000
vt 0.577920 0.006545 0.000000
vt 0.577920 0.000000 0.000000
vt 0.718746 0.000000 0.000000
vt 0.718746 -0.006545 0.000000
vt -1.956944 0.013090 0.000000
vt -1.816118 0.013090 0.000000
vt -1.675292 0.013090 0.000000
vt -1.675292 0.006545 0.000000
vt -1.534467 0.006545 0.000000
vt -1.534467 0.000000 0.000000
vt -1.816118 0.006545 0.000000
vt -1.534467 0.013090 0.000000
vt -1.111989 0.006545 0.000000
vt -1.111989 0.000000 0.000000
vt -1.111989 -0.006545 0.000000
vt -1.111989 -0.013090 0.000000
vt -0.830338 0.013090 0.000000
vt -0.689512 0.013090 0.000000
vt -0.548686 0.013090 0.000000
vt -0.548686 0.006545 0.000000
vt -0.407860 0.006545 0.000000
vt -0.407860 0.000000 0.000000
vt -0.689512 0.006545 0.000000
vt -0.407860 0.013090 0.000000
vt 0.014617 0.006545 0.000000
vt 0.014617 0.000000 0.000000
vt 0.014617 -0.006545 0.000000
vt 0.577920 0.013090 0.000000
vt 0.718746 0.013090 0.000000
vt 0.718746 0.006545 0.000000
vt 1.141224 0.006545 0.000000
vt 1.141224 0.000000 0.000000
vt 1.141224 -0.006545 0.000000
vt 1.141224 -0.013090 0.000000
vt 1.422875 0.013090 0.000000
vt 1.563701 0.013090 0.000000
vt 1.704527 0.013090 0.000000
vt 1.704527 0.006545 0.000000
vt 1.845353 0.006545 0.000000
vt 1.845353 0.000000 0.000000
vt 1.563701 0.006545 0.000000
vt 1.845353 0.013090 0.000000
vt 2.267830 0.006545 0.000000
vt 2.267830 0.000000 0.000000
vt -1.675292 0.000000 0.000000
vt -0.971163 0.000000 0.000000
vt -0.830338 -0.006545 0.000000
vt -0.689512 -0.013090 0.000000
vt -0.548686 0.000000 0.000000
vt 0.155443 0.000000 0.000000
vt 0.296269 -0.006545 0.000000
vt 0.437095 -0.013090 0.000000
vt 1.282049 0.000000 0.000000
vt 1.422875 -0.006545 0.000000
vt 1.563701 -0.013090 0.000000
vt 1.704527 0.000000 0.000000
vt 2.408656 0.000000 0.000000
vt -1.534467 -0.006545 0.000000
vt -0.971163 -0.006545 0.000000
vt -0.971163 -0.013090 0.000000
vt -0.407860 -0.006545 0.000000
vt 0.155443 -0.006545 0.000000
vt 1.282049 -0.006545 0.000000
vt 1.282049 -0.013090 0.000000
vt 1.845353 -0.006545 0.000000
vt 2.408656 -0.006545 0.000000
vt -0.830338 -0.013090 0.000000
vt 0.296269 -0.013090 0.000000
vt 1.422875 -0.013090 0.000000
vt -0.039270 0.175187 0.000000
vt -0.039270 0.064099 0.000000
vt -0.035760 0.093171 0.000000
vt -0.033833 0.059646 0.000000
vt -0.032251 0.093171 0.000000
vt -0.028934 0.054489 0.000000
vt -0.028741 0.093171 0.000000
vt -0.025231 0.093171 0.000000
vt -0.028741 0.171617 0.000000
vt -0.025231 0.171617 0.000000
vt -0.028741 0.250064 0.000000
vt -0.025231 0.250064 0.000000
vt -0.028741 0.328510 0.000000
vt -0.025231 0.328510 0.000000
vt -0.028741 0.406396 0.000000
vt -0.025231 0.406396 0.000000
vt -0.028741 0.484282 0.000000
vt -0.025231 0.484282 0.000000
vt -0.026187 0.508424 0.000000
vt -0.019632 0.508420 0.000000
vt -0.019635 0.484282 0.000000
vt -0.016125 0.484282 0.000000
vt -0.016125 0.406396 0.000000
vt -0.012616 0.406396 0.000000
vt -0.012616 0.328510 0.000000
vt -0.009106 0.328510 0.000000
vt -0.009106 0.250064 0.000000
vt -0.005596 0.250064 0.000000
vt -0.005596 0.171617 0.000000
vt -0.000000 0.261573 0.000000
vt -0.000000 0.138149 0.000000
vt -0.005596 0.093171 0.000000
vt -0.000000 0.014724 0.000000
vt -0.009720 0.028279 0.000000
vt -0.009106 0.093171 0.000000
vt -0.012616 0.093171 0.000000
vt -0.012616 0.171617 0.000000
vt -0.016125 0.171617 0.000000
vt -0.016125 0.250064 0.000000
vt -0.019635 0.250064 0.000000
vt -0.019635 0.328510 0.000000
vt -0.024112 0.048573 0.000000
vt -0.019635 0.093171 0.000000
vt -0.019635 0.171617 0.000000
vt -0.019250 0.042011 0.000000
vt -0.016125 0.093171 0.000000
vt -0.005596 0.328510 0.000000
vt -0.000000 0.384997 0.000000
vt -0.005596 0.406396 0.000000
vt -0.005596 0.484282 0.000000
vt -0.009106 0.484282 0.000000
vt -0.006542 0.508403 0.000000
vt -0.013077 0.508409 0.000000
vt -0.000000 0.508420 0.000000
vt -0.012616 0.484282 0.000000
vt -0.009106 0.406396 0.000000
vt -0.032723 0.508422 0.000000
vt -0.032251 0.484282 0.000000
vt -0.032251 0.406396 0.000000
vt -0.032251 0.328510 0.000000
vt -0.032251 0.250064 0.000000
vt -0.032251 0.171617 0.000000
vt -0.035760 0.484282 0.000000
vt -0.039266 0.508421 0.000000
vt -0.039270 0.397343 0.000000
vt -0.039270 0.286265 0.000000
vt -0.035760 0.328510 0.000000
vt -0.035760 0.406396 0.000000
vt -0.035760 0.250064 0.000000
vt -0.035760 0.171617 0.000000
vt -0.009106 0.171617 0.000000
vt -0.012616 0.250064 0.000000
vt -0.016125 0.328510 0.000000
vt -0.019635 0.406396 0.000000
vt -0.000000 0.047692 0.000000
vt -0.014327 0.047692 0.000000
vt -0.000000 0.025000 0.000000
vt -0.014327 0.025000 0.000000
vt -0.028654 0.047692 0.000000
vt -0.028654 0.025000 0.000000
vt -0.000000 0.385058 0.000000
vt -0.000000 0.508478 0.000000
vt -0.005597 0.475849 0.000000
vt -0.009471 0.495287 0.000000
vt -0.009106 0.475849 0.000000
vt -0.012616 0.475849 0.000000
vt -0.009106 0.360587 0.000000
vt -0.012616 0.360587 0.000000
vt -0.009106 0.245325 0.000000
vt -0.012616 0.245325 0.000000
vt -0.009106 0.130063 0.000000
vt -0.012616 0.130063 0.000000
vt -0.013076 0.014817 0.000000
vt -0.016125 0.130063 0.000000
vt -0.019631 0.014805 0.000000
vt -0.019635 0.130063 0.000000
vt -0.025231 0.130063 0.000000
vt -0.025231 0.245325 0.000000
vt -0.028741 0.245325 0.000000
vt -0.028741 0.360587 0.000000
vt -0.032251 0.360587 0.000000
vt -0.028425 0.469304 0.000000
vt -0.033530 0.463848 0.000000
vt -0.018960 0.481597 0.000000
vt -0.016125 0.475849 0.000000
vt -0.016125 0.360587 0.000000
vt -0.016125 0.245325 0.000000
vt -0.019635 0.475849 0.000000
vt -0.025231 0.360587 0.000000
vt -0.035760 0.360587 0.000000
vt -0.039270 0.459106 0.000000
vt -0.039270 0.348024 0.000000
vt -0.035760 0.245325 0.000000
vt -0.039270 0.236950 0.000000
vt -0.035760 0.130063 0.000000
vt -0.039270 0.125876 0.000000
vt -0.039265 0.014805 0.000000
vt -0.032722 0.014803 0.000000
vt -0.032251 0.130063 0.000000
vt -0.032251 0.245325 0.000000
vt -0.028741 0.130063 0.000000
vt -0.026186 0.014801 0.000000
vt -0.006541 0.014823 0.000000
vt -0.005597 0.130063 0.000000
vt -0.005597 0.245325 0.000000
vt -0.005597 0.360587 0.000000
vt -0.000000 0.014806 0.000000
vt -0.000000 0.138221 0.000000
vt -0.000000 0.261640 0.000000
vt -0.019635 0.360587 0.000000
vt -0.019635 0.245325 0.000000
vt 0.558030 0.183347 0.000000
vt 0.285133 5.385437 0.000000
vt 0.000000 0.183347 0.000000
vt 0.233211 5.503626 0.000000
vt 0.166568 5.588988 0.000000
vt 0.283805 5.396091 0.000000
vt 0.280969 5.406446 0.000000
vt 0.087319 5.662969 0.000000
vt -0.000000 5.727220 0.000000
vt -0.000000 0.788654 0.000000
vt -0.000000 0.811346 0.000000
vt -0.623169 0.800000 0.000000
vt -0.000853 0.817817 0.000000
vt -0.583064 0.836346 0.000000
vt -0.003354 0.823846 0.000000
vt -0.007332 0.829024 0.000000
vt -0.025034 0.836346 0.000000
vt -0.012517 0.832997 0.000000
vt -0.018555 0.835494 0.000000
vt -0.000853 0.782183 0.000000
vt -0.583064 0.763654 0.000000
vt -0.003354 0.776154 0.000000
vt -0.007332 0.770976 0.000000
vt -0.025034 0.763654 0.000000
vt -0.012517 0.767003 0.000000
vt -0.018555 0.764506 0.000000
vt 0.054124 5.727220 0.000000
vt 0.053145 5.734531 0.000000
vt 0.054124 0.183347 0.000000
vt 0.050667 5.741504 0.000000
vt 0.042499 5.754498 0.000000
vt 0.030672 5.766047 0.000000
vt -0.000000 0.183347 0.000000
vt 0.016896 5.774451 0.000000
vt -0.000000 5.782030 0.000000
vt -2.126368 0.811346 0.000000
vt -2.234528 0.811346 0.000000
vt -2.113970 0.800000 0.000000
vt -2.234524 0.788654 0.000000
vt -2.126368 0.788654 0.000000
vt -2.352191 0.788654 0.000000
vt -2.352192 0.811346 0.000000
vt -2.481522 0.811346 0.000000
vt -2.481527 0.788654 0.000000
vt -2.622124 0.811346 0.000000
vt -2.622124 0.788654 0.000000
vt -0.013539 0.811346 0.000000
vt -5.224094 0.811346 0.000000
vt -0.013539 0.788654 0.000000
vt -5.224094 0.788654 0.000000
vt 0.034653 0.183347 0.000000
vt 0.592682 0.183347 0.000000
vt 0.307549 5.385437 0.000000
vt 0.359471 5.503625 0.000000
vt 0.311713 5.406446 0.000000
vt 0.592682 5.727220 0.000000
vt 0.505366 5.662971 0.000000
vt 0.426115 5.588989 0.000000
vt 0.308877 5.396091 0.000000
vt 0.054124 5.782030 0.000000
vt 0.037228 5.774451 0.000000
vt 0.054124 0.183347 0.000000
vt 0.023107 5.765777 0.000000
vt -0.000000 0.183347 0.000000
vt 0.011316 5.754114 0.000000
vt 0.006649 5.747500 0.000000
vt 0.003145 5.740800 0.000000
vt 0.000879 5.734128 0.000000
vt 0.000000 5.727220 0.000000
vn 0.087137 0.247158 -0.965049
vn -0.000000 -0.000000 -1.000000
vn 0.027207 0.141453 -0.989571
vn 0.000000 -0.000000 -1.000000
vn -0.000000 -0.000000 -1.000000
vn 0.013729 0.261709 -0.965049
vn 0.052900 0.275018 -0.959983
vn 0.077141 0.401021 -0.912815
vn 0.165283 0.468816 -0.867694
vn 0.100024 0.519971 -0.848308
vn 0.235110 0.666876 -0.707107
vn 0.133554 0.694382 -0.707105
vn 0.151331 0.786985 -0.598125
vn 0.037043 0.706136 -0.707107
vn 0.045456 0.866503 -0.497098
vn 0.026041 0.496416 -0.867694
vn 0.050556 0.963724 -0.262068
vn 0.176304 0.917223 -0.357239
vn 0.165490 0.860826 -0.481240
vn 0.288505 0.818326 -0.497098
vn 0.183884 0.956643 -0.225879
vn 0.052387 0.998627 0.000000
vn 0.194434 0.980916 -0.000000
vn 0.332496 0.943105 0.000000
vn 0.320875 0.910142 -0.262068
vn 0.013559 0.258464 -0.965926
vn 0.013559 0.258464 -0.965926
vn -0.000000 -0.000000 -1.000000
vn 0.013559 0.258464 -0.965926
vn 0.013559 0.258464 -0.965926
vn 0.026193 0.499313 -0.866025
vn 0.026193 0.499313 -0.866025
vn 0.037043 0.706136 -0.707107
vn 0.037043 0.706136 -0.707107
vn 0.045368 0.864836 -0.500000
vn 0.045368 0.864836 -0.500000
vn 0.050602 0.964599 -0.258819
vn 0.050602 0.964599 -0.258819
vn 0.052387 0.998627 0.000000
vn 0.050602 0.964599 -0.258819
vn 0.050602 0.964599 -0.258819
vn 0.045368 0.864836 -0.500000
vn 0.045368 0.864836 -0.500000
vn 0.037043 0.706136 -0.707107
vn 0.037043 0.706136 -0.707107
vn 0.026193 0.499313 -0.866025
vn 0.026193 0.499313 -0.866025
vn 0.013559 0.258464 -0.965926
vn 0.013559 0.258464 -0.965926
vn 0.013559 0.258464 -0.965926
vn 0.013559 0.258464 -0.965926
vn 0.026193 0.499313 -0.866025
vn 0.026193 0.499313 -0.866025
vn 0.037043 0.706136 -0.707107
vn 0.037043 0.706136 -0.707107
vn 0.045368 0.864836 -0.500000
vn 0.045368 0.864836 -0.500000
vn 0.050602 0.964599 -0.258819
vn 0.050602 0.964599 -0.258819
vn 0.050602 0.964599 -0.258819
vn 0.050602 0.964599 -0.258819
vn 0.045368 0.864836 -0.500000
vn 0.045368 0.864836 -0.500000
vn 0.037043 0.706136 -0.707107
vn 0.037043 0.706136 -0.707107
vn 0.026193 0.499313 -0.866025
vn 0.026193 0.499313 -0.866025
vn 0.013559 0.258464 -0.965926
vn 0.013559 0.258464 -0.965926
vn 0.013559 0.258464 -0.965926
vn 0.013559 0.258464 -0.965926
vn 0.026193 0.499313 -0.866025
vn 0.026193 0.499313 -0.866025
vn 0.037043 0.706136 -0.707107
vn 0.037043 0.706136 -0.707107
vn 0.045368 0.864836 -0.500000
vn 0.045368 0.864836 -0.500000
vn 0.050602 0.964599 -0.258819
vn 0.050602 0.964599 -0.258819
vn 0.052387 0.998627 -0.000000
vn 0.050602 0.964599 -0.258819
vn 0.050602 0.964599 -0.258819
vn 0.045368 0.864836 -0.500000
vn 0.045368 0.864836 -0.500000
vn 0.037043 0.706136 -0.707107
vn 0.037043 0.706136 -0.707107
vn 0.026193 0.499313 -0.866025
vn 0.026193 0.499313 -0.866025
vn 0.013559 0.258464 -0.965926
vn 0.013559 0.258464 -0.965926
vn 0.000000 0.000000 -1.000000
vn 0.013559 0.258464 -0.965926
vn 0.013559 0.258464 -0.965926
vn 0.026193 0.499313 -0.866025
vn 0.026193 0.499313 -0.866025
vn 0.037043 0.706136 -0.707107
vn 0.037043 0.706136 -0.707107
vn 0.045368 0.864836 -0.500000
vn 0.045368 0.864836 -0.500000
vn 0.050602 0.964599 -0.258819
vn 0.050602 0.964599 -0.258819
vn 0.050602 0.964599 -0.258819
vn 0.050602 0.964599 -0.258819
vn 0.045368 0.864836 -0.500000
vn 0.045368 0.864836 -0.500000
vn 0.037043 0.706136 -0.707107
vn 0.037043 0.706136 -0.707107
vn 0.026193 0.499313 -0.866025
vn 0.026193 0.499313 -0.866025
vn 0.013559 0.258464 -0.965926
vn 0.013559 0.258464 -0.965926
vn 0.013559 0.258464 -0.965926
vn 0.013559 0.258464 -0.965926
vn 0.026193 0.499313 -0.866025
vn 0.026193 0.499313 -0.866025
vn 0.037043 0.706136 -0.707107
vn 0.045368 0.864836 -0.500000
vn 0.045368 0.864836 -0.500000
vn 0.050602 0.964599 -0.258819
vn 0.050602 0.964599 -0.258819
vn 0.050602 0.964599 -0.258819
vn 0.050602 0.964599 -0.258819
vn 0.045368 0.864836 -0.500000
vn 0.026193 0.499313 -0.866025
vn 0.026193 0.499313 -0.866025
vn 0.037043 0.706136 -0.707107
vn 0.037043 0.706136 -0.707107
vn 0.045368 0.864836 -0.500000
vn 0.045368 0.864836 -0.500000
vn 0.050602 0.964599 -0.258819
vn 0.050602 0.964599 -0.258819
vn 0.050602 0.964599 -0.258819
vn 0.050602 0.964599 -0.258819
vn 0.050602 0.964599 -0.258819
vn 0.045368 0.864836 -0.500000
vn 0.045368 0.864836 -0.500000
vn 0.037043 0.706136 -0.707107
vn 0.026193 0.499313 -0.866025
vn 0.013559 0.258464 -0.965926
vn 0.013559 0.258464 -0.965926
vn 0.013559 0.258464 -0.965926
vn 0.013559 0.258464 -0.965926
vn 0.026193 0.499313 -0.866025
vn 0.026193 0.499313 -0.866025
vn 0.037043 0.706136 -0.707107
vn 0.037043 0.706136 -0.707107
vn 0.045368 0.864836 -0.500000
vn 0.026193 0.499313 -0.866025
vn 0.037043 0.706136 -0.707107
vn 0.045368 0.864836 -0.500000
vn 0.050602 0.964599 -0.258819
vn 0.013559 0.258464 -0.965926
vn 0.013559 0.258464 -0.965926
vn 0.013559 0.258464 -0.965926
vn 0.026193 0.499313 -0.866025
vn 0.026193 0.499313 -0.866025
vn 0.037043 0.706136 -0.707107
vn 0.026193 0.499313 -0.866025
vn 0.013559 0.258464 -0.965926
vn 0.026193 0.499313 -0.866025
vn 0.037043 0.706136 -0.707107
vn 0.045368 0.864836 -0.500000
vn 0.050602 0.964599 -0.258819
vn 0.013559 0.258464 -0.965926
vn 0.013559 0.258464 -0.965926
vn 0.013559 0.258464 -0.965926
vn 0.026193 0.499313 -0.866025
vn 0.026193 0.499313 -0.866025
vn 0.037043 0.706136 -0.707107
vn 0.026193 0.499313 -0.866025
vn 0.013559 0.258464 -0.965926
vn 0.026193 0.499313 -0.866025
vn 0.037043 0.706136 -0.707107
vn 0.045368 0.864836 -0.500000
vn 0.013559 0.258464 -0.965926
vn 0.013559 0.258464 -0.965926
vn 0.026193 0.499313 -0.866025
vn 0.026193 0.499313 -0.866025
vn 0.037043 0.706136 -0.707107
vn 0.045368 0.864836 -0.500000
vn 0.050602 0.964599 -0.258819
vn 0.013559 0.258464 -0.965926
vn 0.013559 0.258464 -0.965926
vn 0.013559 0.258464 -0.965926
vn 0.026193 0.499313 -0.866025
vn 0.026193 0.499313 -0.866025
vn 0.037043 0.706136 -0.707107
vn 0.026193 0.499313 -0.866025
vn 0.013559 0.258464 -0.965926
vn 0.026193 0.499313 -0.866025
vn 0.037043 0.706136 -0.707107
vn 0.037043 0.706136 -0.707107
vn 0.045368 0.864836 -0.500000
vn 0.050602 0.964599 -0.258819
vn 0.037043 0.706136 -0.707107
vn 0.037043 0.706136 -0.707107
vn 0.045368 0.864836 -0.500000
vn 0.050602 0.964599 -0.258819
vn 0.037043 0.706136 -0.707107
vn 0.037043 0.706136 -0.707107
vn 0.045368 0.864836 -0.500000
vn 0.050602 0.964599 -0.258819
vn 0.037043 0.706136 -0.707107
vn 0.037043 0.706136 -0.707107
vn 0.045368 0.864836 -0.500000
vn 0.050602 0.964599 -0.258819
vn 0.045368 0.864836 -0.500000
vn 0.045368 0.864836 -0.500000
vn 0.050602 0.964599 -0.258819
vn 0.045368 0.864836 -0.500000
vn 0.045368 0.864836 -0.500000
vn 0.050602 0.964599 -0.258819
vn 0.045368 0.864836 -0.500000
vn 0.045368 0.864836 -0.500000
vn 0.050602 0.964599 -0.258819
vn 0.050602 0.964599 -0.258819
vn 0.050602 0.964599 -0.258819
vn 0.050602 0.964599 -0.258819
vn 0.320875 0.910142 0.262068
vn 0.332496 0.943105 -0.000000
vn 0.194928 0.954454 0.225879
vn 0.194434 0.980916 -0.000000
vn 0.052387 0.998627 -0.000000
vn 0.050556 0.963724 0.262068
vn 0.186897 0.915123 0.357239
vn 0.288505 0.818326 0.497098
vn 0.175381 0.858865 0.481240
vn 0.160304 0.785207 0.598125
vn 0.045456 0.866503 0.497098
vn 0.037043 0.706136 0.707107
vn 0.026041 0.496416 0.867694
vn 0.105880 0.518810 0.848308
vn 0.141414 0.692824 0.707105
vn 0.235110 0.666876 0.707107
vn 0.081659 0.400125 0.912815
vn 0.013729 0.261709 0.965049
vn 0.056004 0.274403 0.959983
vn 0.028807 0.141136 0.989571
vn 0.087137 0.247158 0.965049
vn 0.000000 -0.000000 1.000000
vn 0.000000 -0.000000 1.000000
vn 0.000000 -0.000000 1.000000
vn 0.165283 0.468816 0.867694
vn 0.050602 0.964599 0.258819
vn 0.050602 0.964599 0.258819
vn 0.052387 0.998627 -0.000000
vn 0.050602 0.964599 0.258819
vn 0.050602 0.964599 0.258819
vn 0.045368 0.864836 0.500000
vn 0.045368 0.864836 0.500000
vn 0.037043 0.706136 0.707107
vn 0.037043 0.706136 0.707107
vn 0.026193 0.499313 0.866025
vn 0.026193 0.499313 0.866025
vn 0.013559 0.258464 0.965926
vn 0.013559 0.258464 0.965926
vn -0.000000 -0.000000 1.000000
vn 0.013559 0.258464 0.965926
vn 0.013559 0.258464 0.965926
vn 0.026193 0.499313 0.866025
vn 0.026193 0.499313 0.866025
vn 0.037043 0.706136 0.707107
vn 0.037043 0.706136 0.707107
vn 0.045368 0.864836 0.500000
vn 0.045368 0.864836 0.500000
vn 0.050602 0.964599 0.258819
vn 0.050602 0.964599 0.258819
vn 0.050602 0.964599 0.258819
vn 0.050602 0.964599 0.258819
vn 0.045368 0.864836 0.500000
vn 0.045368 0.864836 0.500000
vn 0.037043 0.706136 0.707107
vn 0.037043 0.706136 0.707107
vn 0.026193 0.499313 0.866025
vn 0.026193 0.499313 0.866025
vn 0.013559 0.258464 0.965926
vn 0.013559 0.258464 0.965926
vn 0.013559 0.258464 0.965926
vn 0.013559 0.258464 0.965926
vn 0.026193 0.499313 0.866025
vn 0.026193 0.499313 0.866025
vn 0.037043 0.706136 0.707107
vn 0.037043 0.706136 0.707107
vn 0.045368 0.864836 0.500000
vn 0.045368 0.864836 0.500000
vn 0.050602 0.964599 0.258819
vn 0.050602 0.964599 0.258819
vn 0.050602 0.964599 0.258819
vn 0.050602 0.964599 0.258819
vn 0.045368 0.864836 0.500000
vn 0.045368 0.864836 0.500000
vn 0.037043 0.706136 0.707107
vn 0.037043 0.706136 0.707107
vn 0.026193 0.499313 0.866025
vn 0.026193 0.499313 0.866025
vn 0.013559 0.258464 0.965926
vn 0.013559 0.258464 0.965926
vn 0.000000 0.000000 1.000000
vn 0.013559 0.258464 0.965926
vn 0.013559 0.258464 0.965926
vn 0.026193 0.499313 0.866025
vn 0.026193 0.499313 0.866025
vn 0.037043 0.706136 0.707107
vn 0.037043 0.706136 0.707107
vn 0.045368 0.864836 0.500000
vn 0.045368 0.864836 0.500000
vn 0.050602 0.964599 0.258819
vn 0.050602 0.964599 0.258819
vn 0.052387 0.998627 0.000000
vn 0.050602 0.964599 0.258819
vn 0.050602 0.964599 0.258819
vn 0.045368 0.864836 0.500000
vn 0.045368 0.864836 0.500000
vn 0.037043 0.706136 0.707107
vn 0.037043 0.706136 0.707107
vn 0.026193 0.499313 0.866025
vn 0.026193 0.499313 0.866025
vn 0.013559 0.258464 0.965926
vn 0.013559 0.258464 0.965926
vn 0.013559 0.258464 0.965926
vn 0.013559 0.258464 0.965926
vn 0.026193 0.499313 0.866025
vn 0.026193 0.499313 0.866025
vn 0.037043 0.706136 0.707107
vn 0.037043 0.706136 0.707107
vn 0.045368 0.864836 0.500000
vn 0.045368 0.864836 0.500000
vn 0.050602 0.964599 0.258819
vn 0.050602 0.964599 0.258819
vn 0.050602 0.964599 0.258819
vn 0.050602 0.964599 0.258819
vn 0.045368 0.864836 0.500000
vn 0.045368 0.864836 0.500000
vn 0.037043 0.706136 0.707107
vn 0.026193 0.499313 0.866025
vn 0.026193 0.499313 0.866025
vn 0.013559 0.258464 0.965926
vn 0.013559 0.258464 0.965926
vn 0.013559 0.258464 0.965926
vn 0.013559 0.258464 0.965926
vn 0.026193 0.499313 0.866025
vn 0.045368 0.864836 0.500000
vn 0.045368 0.864836 0.500000
vn 0.045368 0.864836 0.500000
vn 0.037043 0.706136 0.707107
vn 0.037043 0.706136 0.707107
vn 0.026193 0.499313 0.866025
vn 0.026193 0.499313 0.866025
vn 0.013559 0.258464 0.965926
vn 0.013559 0.258464 0.965926
vn 0.037043 0.706136 0.707107
vn 0.037043 0.706136 0.707107
vn 0.026193 0.499313 0.866025
vn 0.013559 0.258464 0.965926
vn 0.026193 0.499313 0.866025
vn 0.026193 0.499313 0.866025
vn 0.013559 0.258464 0.965926
vn 0.013559 0.258464 0.965926
vn 0.013559 0.258464 0.965926
vn 0.013559 0.258464 0.965926
vn 0.013559 0.258464 0.965926
vn 0.045368 0.864836 0.500000
vn 0.050602 0.964599 0.258819
vn 0.050602 0.964599 0.258819
vn 0.050602 0.964599 0.258819
vn 0.050602 0.964599 0.258819
vn 0.045368 0.864836 0.500000
vn 0.045368 0.864836 0.500000
vn 0.037043 0.706136 0.707107
vn 0.037043 0.706136 0.707107
vn 0.026193 0.499313 0.866025
vn 0.050602 0.964599 0.258819
vn 0.050602 0.964599 0.258819
vn 0.050602 0.964599 0.258819
vn 0.045368 0.864836 0.500000
vn 0.045368 0.864836 0.500000
vn 0.037043 0.706136 0.707107
vn 0.045368 0.864836 0.500000
vn 0.050602 0.964599 0.258819
vn 0.045368 0.864836 0.500000
vn 0.037043 0.706136 0.707107
vn 0.026193 0.499313 0.866025
vn 0.013559 0.258464 0.965926
vn 0.050602 0.964599 0.258819
vn 0.050602 0.964599 0.258819
vn 0.050602 0.964599 0.258819
vn 0.045368 0.864836 0.500000
vn 0.045368 0.864836 0.500000
vn 0.037043 0.706136 0.707107
vn 0.045368 0.864836 0.500000
vn 0.050602 0.964599 0.258819
vn 0.045368 0.864836 0.500000
vn 0.037043 0.706136 0.707107
vn 0.026193 0.499313 0.866025
vn 0.050602 0.964599 0.258819
vn 0.050602 0.964599 0.258819
vn 0.045368 0.864836 0.500000
vn 0.045368 0.864836 0.500000
vn 0.037043 0.706136 0.707107
vn 0.026193 0.499313 0.866025
vn 0.013559 0.258464 0.965926
vn 0.050602 0.964599 0.258819
vn 0.050602 0.964599 0.258819
vn 0.050602 0.964599 0.258819
vn 0.045368 0.864836 0.500000
vn 0.045368 0.864836 0.500000
vn 0.037043 0.706136 0.707107
vn 0.045368 0.864836 0.500000
vn 0.050602 0.964599 0.258819
vn 0.045368 0.864836 0.500000
vn 0.037043 0.706136 0.707107
vn 0.037043 0.706136 0.707107
vn 0.037043 0.706136 0.707107
vn 0.026193 0.499313 0.866025
vn 0.013559 0.258464 0.965926
vn 0.037043 0.706136 0.707107
vn 0.037043 0.706136 0.707107
vn 0.026193 0.499313 0.866025
vn 0.013559 0.258464 0.965926
vn 0.037043 0.706136 0.707107
vn 0.026193 0.499313 0.866025
vn 0.013559 0.258464 0.965926
vn 0.037043 0.706136 0.707107
vn 0.037043 0.706136 0.707107
vn 0.026193 0.499313 0.866025
vn 0.026193 0.499313 0.866025
vn 0.013559 0.258464 0.965926
vn 0.026193 0.499313 0.866025
vn 0.026193 0.499313 0.866025
vn 0.026193 0.499313 0.866025
vn 0.013559 0.258464 0.965926
vn 0.026193 0.499313 0.866025
vn 0.026193 0.499313 0.866025
vn 0.013559 0.258464 0.965926
vn 0.013559 0.258464 0.965926
vn 0.013559 0.258464 0.965926
vn -0.000000 0.000000 1.000000
vn 0.000000 -0.000000 1.000000
vn 0.118041 0.082542 0.989572
vn 0.183429 0.120908 0.975569
vn 0.229499 0.160480 0.959988
vn 0.336107 0.219605 0.915863
vn 0.334652 0.234011 0.912824
vn 0.433928 0.303432 0.848313
vn 0.316718 0.257769 0.912822
vn 0.410674 0.334234 0.848313
vn 0.292164 0.285279 0.912829
vn 0.378840 0.369917 0.848317
vn 0.258757 0.315900 0.912826
vn 0.335531 0.409626 0.848307
vn 0.213803 0.347931 0.912815
vn 0.277221 0.451134 0.848308
vn 0.156079 0.377373 0.912814
vn 0.202393 0.489351 0.848276
vn 0.165536 0.468859 0.867623
vn 0.235484 0.666896 0.706963
vn 0.270347 0.653610 0.706899
vn 0.306431 0.740790 0.597771
vn 0.419573 0.682790 0.598128
vn 0.458936 0.746848 0.481244
vn 0.555499 0.678248 0.481041
vn 0.591826 0.722627 0.357144
vn 0.668302 0.652525 0.357188
vn 0.696991 0.680538 0.225991
vn 0.755514 0.614940 0.225937
vn 0.704994 0.709213 0.000362
vn 0.795843 0.605503 0.000014
vn 0.798325 0.558234 0.225948
vn 0.852868 0.522127 0.000052
vn 0.784361 0.490715 0.379442
vn 0.765450 0.535246 0.357208
vn 0.718412 0.502356 0.481167
vn 0.679885 0.553373 0.481181
vn 0.621587 0.505907 0.598070
vn 0.573454 0.559935 0.598016
vn 0.505962 0.494043 0.707054
vn 0.448129 0.547103 0.707007
vn 0.475774 0.307769 0.823964
vn 0.579511 0.405234 0.707073
vn 0.548448 0.446367 0.707079
vn 0.605192 0.387223 0.695558
vn 0.656803 0.459279 0.598058
vn 0.617216 0.753626 0.226034
vn 0.556957 0.830541 0.000419
vn 0.510019 0.829976 0.225878
vn 0.372390 0.900113 0.226104
vn 0.357092 0.863137 0.357043
vn 0.321449 0.909950 0.262035
vn 0.289015 0.818259 0.496914
vn 0.332967 0.942938 0.000353
vn 0.335172 0.810202 0.480866
vn 0.489002 0.795774 0.357241
vn 0.087297 0.247252 0.965011
vn 0.107034 0.258791 0.959985
vn 0.146625 0.238609 0.959983
vn 0.177447 0.216637 0.959990
vn 0.200361 0.195636 0.959991
vn 0.217199 0.176776 0.959987
vn 0.055054 0.133110 0.989571
vn 0.000055 0.000156 1.000000
vn 0.000000 -0.000000 1.000000
vn -0.000000 0.000000 1.000000
vn 0.091268 0.111427 0.989573
vn 0.075415 0.122726 0.989571
vn 0.103055 0.100623 0.989573
vn 0.111714 0.090924 0.989572
vn 0.724398 0.589615 0.357214
vn 0.627243 0.612444 0.481122
vn 0.507892 0.620093 0.597939
vn 0.370205 0.602452 0.707107
vn 0.795861 0.605479 -0.000005
vn 0.852864 0.522133 -0.000052
vn 0.818402 0.528364 -0.225941
vn 0.787573 0.492447 -0.370439
vn 0.784697 0.506604 -0.357215
vn 0.736475 0.475467 -0.481180
vn 0.729750 0.582969 -0.357227
vn 0.684901 0.547130 -0.481206
vn 0.643914 0.676574 -0.357242
vn 0.604324 0.634980 -0.481241
vn 0.508490 0.783464 -0.357243
vn 0.477231 0.735292 -0.481244
vn 0.289122 0.818233 -0.496894
vn 0.436304 0.672223 -0.598127
vn 0.235572 0.666888 -0.706941
vn 0.384973 0.593126 -0.707106
vn 0.288279 0.444145 -0.848310
vn 0.365035 0.383561 -0.848311
vn 0.281528 0.295815 -0.912817
vn 0.319061 0.254868 -0.912821
vn 0.218807 0.174787 -0.959986
vn 0.351317 0.229320 -0.907738
vn 0.193210 0.127295 -0.972865
vn 0.612340 0.391545 -0.686828
vn 0.673320 0.434688 -0.598068
vn 0.626169 0.500199 -0.598092
vn 0.552488 0.580521 -0.598124
vn 0.594090 0.383533 -0.707078
vn 0.413708 0.330470 -0.848313
vn 0.112541 0.089901 -0.989572
vn -0.000000 0.000000 -1.000000
vn -0.000000 0.000000 -1.000000
vn 0.099304 0.104342 -0.989571
vn 0.000000 -0.000000 -1.000000
vn 0.078423 0.120825 -0.989571
vn 0.000005 0.000008 -1.000000
vn 0.000068 0.000191 -1.000000
vn 0.087337 0.247274 -0.965001
vn 0.152474 0.234912 -0.959983
vn 0.193071 0.202867 -0.959984
vn 0.222332 0.342541 -0.912817
vn 0.165602 0.468867 -0.867606
vn 0.321566 0.909911 -0.262024
vn 0.530344 0.817136 -0.225883
vn 0.671588 0.705652 -0.225886
vn 0.761104 0.608014 -0.225918
vn 0.333084 0.942897 -0.000358
vn 0.556961 0.830538 -0.000043
vn 0.705008 0.709200 -0.000251
vn 0.552493 0.441334 -0.707089
vn 0.487479 0.512218 -0.707104
vn 0.000000 0.000000 -1.000000
vn 0.000000 0.000000 -1.000000
vn 0.000000 0.000000 -1.000000
vn -1.000000 -0.000000 -0.000000
vn -1.000000 -0.000000 -0.000000
vn -1.000000 -0.000000 -0.000000
vn -1.000000 -0.000000 -0.000000
vn -1.000000 -0.000000 -0.000000
vn -1.000000 -0.000000 -0.000000
vn -1.000000 -0.000000 -0.000000
vn -1.000000 -0.000000 -0.000000
vn -1.000000 -0.000000 -0.000000
vn -1.000000 -0.000000 -0.000000
vn -1.000000 -0.000000 -0.000000
vn -1.000000 -0.000000 -0.000000
vn -1.000000 -0.000000 -0.000000
vn -1.000000 -0.000000 -0.000000
vn -1.000000 -0.000000 -0.000000
vn -1.000000 -0.000000 -0.000000
vn -1.000000 -0.000000 -0.000000
vn 0.000000 -0.671531 -0.740976
vn 0.000000 -0.671531 -0.740976
vn 0.000000 -0.671531 -0.740976
vn 0.000000 -0.671531 -0.740976
vn 0.000000 -0.671531 -0.740976
vn 0.000000 -0.671531 -0.740976
vn 0.000000 -0.671531 -0.740976
vn 0.000000 -0.671531 -0.740976
vn 0.000000 -0.671531 -0.740976
vn 0.852797 0.522243 0.000000
vn 0.795891 0.605440 0.000000
vn 0.858106 0.513472 0.000000
vn 0.795894 0.605436 0.000000
vn 0.852797 0.522243 0.000000
vn 0.705157 0.709052 0.000000
vn 0.705156 0.709053 0.000000
vn 0.556973 0.830531 0.000000
vn 0.556966 0.830535 0.000000
vn 0.332496 0.943105 0.000000
vn 0.052387 0.998627 0.000000
vn 0.052387 0.998627 0.000000
vn 0.000000 0.000000 1.000000
vn 0.000000 0.000000 1.000000
vn 0.000000 -0.671531 0.740976
vn 0.000000 -0.671531 0.740976
vn 0.000000 -0.671531 0.740976
vn 0.000000 -0.671531 0.740976
vn 0.000000 -0.671531 0.740976
vn 0.000000 -0.671531 0.740976
vn 0.000000 -0.671531 0.740976
vn 0.000000 -0.671531 0.740976
vn 0.000000 -0.671531 0.740976
vn 0.000000 -0.671531 0.740976
f 1035/1241/1239 1020/1242/1240 1036/1243/1241
f 1036/1243/1241 1020/1242/1240 1021/1244/1242
f 1036/1243/1241 1021/1244/1242 1022/1245/1243
f 1022/1245/1243 1023/1246/1244 1036/1243/1241
f 1036/1243/1241 1023/1246/1244 1037/1247/1245
f 1036/1243/1241 1037/1247/1245 1035/1241/1239
f 1035/1241/1239 1037/1247/1245 1038/1248/1246
f 1035/1241/1239 1038/1248/1246 1034/1249/1247
f 1034/1249/1247 1038/1248/1246 1039/1250/1248
f 1034/1249/1247 1039/1250/1248 1033/1251/1249
f 1033/1251/1249 1039/1250/1248 1040/1252/1250
f 1033/1251/1249 1040/1252/1250 1041/1253/1251
f 1041/1253/1251 1040/1252/1250 1025/1254/1252
f 1041/1253/1251 1025/1254/1252 1026/1255/1253
f 1037/1247/1245 1023/1246/1244 1038/1248/1246
f 1038/1248/1246 1023/1246/1244 1024/1256/1254
f 1038/1248/1246 1024/1256/1254 1039/1250/1248
f 1039/1250/1248 1024/1256/1254 1025/1254/1252
f 1039/1250/1248 1025/1254/1252 1040/1252/1250
f 1027/1257/1255 1043/1258/1256 1026/1255/1253
f 1026/1255/1253 1043/1258/1256 1042/1259/1257
f 1026/1255/1253 1042/1259/1257 1041/1253/1251
f 1041/1253/1251 1042/1259/1257 1032/1260/1258
f 1041/1253/1251 1032/1260/1258 1033/1251/1249
f 1043/1258/1256 1027/1257/1255 1044/1261/1259
f 1044/1261/1259 1027/1257/1255 1028/1262/1260
f 1044/1261/1259 1028/1262/1260 1029/1263/1261
f 1029/1263/1261 1030/1264/1262 1044/1261/1259
f 1044/1261/1259 1030/1264/1262 1031/1265/1263
f 1044/1261/1259 1031/1265/1263 1043/1258/1256
f 1043/1258/1256 1031/1265/1263 1032/1260/1258
f 1043/1258/1256 1032/1260/1258 1042/1259/1257
f 1046/1266/1264 1052/1267/1265 1045/1268/1266
f 1045/1268/1266 1052/1267/1265 1053/1269/1267
f 1045/1268/1266 1053/1269/1267 1054/1270/1268
f 1054/1270/1268 1053/1269/1267 1090/1271/1269
f 1054/1270/1268 1090/1271/1269 1091/1272/1270
f 1091/1272/1270 1090/1271/1269 1127/1273/1271
f 1091/1272/1270 1127/1273/1271 1128/1274/1272
f 1128/1274/1272 1127/1273/1271 1164/1275/1273
f 1128/1274/1272 1164/1275/1273 1165/1276/1274
f 1165/1276/1274 1164/1275/1273 1201/1277/1275
f 1165/1276/1274 1201/1277/1275 1202/1278/1276
f 1202/1278/1276 1201/1277/1275 1051/1279/1277
f 1202/1278/1276 1051/1279/1277 1203/1280/1278
f 1203/1280/1278 1051/1279/1277 1204/1281/1279
f 1203/1280/1278 1204/1281/1279 1167/1282/1280
f 1167/1282/1280 1204/1281/1279 1168/1283/1281
f 1167/1282/1280 1168/1283/1281 1131/1284/1282
f 1131/1284/1282 1168/1283/1281 1132/1285/1283
f 1131/1284/1282 1132/1285/1283 1095/1286/1284
f 1095/1286/1284 1132/1285/1283 1096/1287/1285
f 1095/1286/1284 1096/1287/1285 1059/1288/1286
f 1059/1288/1286 1096/1287/1285 1060/1289/1287
f 1059/1288/1286 1060/1289/1287 1045/1268/1266
f 1045/1268/1266 1060/1289/1287 1061/1290/1288
f 1045/1268/1266 1061/1290/1288 1062/1291/1289
f 1062/1291/1289 1061/1290/1288 1098/1292/1290
f 1062/1291/1289 1098/1292/1290 1099/1293/1291
f 1099/1293/1291 1098/1292/1290 1135/1294/1292
f 1099/1293/1291 1135/1294/1292 1136/1295/1293
f 1136/1295/1293 1135/1294/1292 1172/1296/1294
f 1136/1295/1293 1172/1296/1294 1173/1297/1295
f 1173/1297/1295 1172/1296/1294 1209/1298/1296
f 1173/1297/1295 1209/1298/1296 1210/1299/1297
f 1210/1299/1297 1209/1298/1296 1051/1279/1277
f 1210/1299/1297 1051/1279/1277 1211/1300/1298
f 1211/1300/1298 1051/1279/1277 1212/1301/1299
f 1211/1300/1298 1212/1301/1299 1175/1302/1300
f 1175/1302/1300 1212/1301/1299 1176/1303/1301
f 1175/1302/1300 1176/1303/1301 1139/1304/1302
f 1139/1304/1302 1176/1303/1301 1140/1305/1303
f 1139/1304/1302 1140/1305/1303 1103/1306/1304
f 1103/1306/1304 1140/1305/1303 1104/1307/1305
f 1103/1306/1304 1104/1307/1305 1067/1308/1306
f 1067/1308/1306 1104/1307/1305 1068/1309/1307
f 1067/1308/1306 1068/1309/1307 1045/1268/1266
f 1045/1268/1266 1068/1309/1307 1069/1310/1308
f 1045/1268/1266 1069/1310/1308 1070/1311/1309
f 1070/1311/1309 1069/1310/1308 1106/1312/1310
f 1070/1311/1309 1106/1312/1310 1107/1313/1311
f 1107/1313/1311 1106/1312/1310 1143/1314/1312
f 1107/1313/1311 1143/1314/1312 1144/1315/1313
f 1144/1315/1313 1143/1314/1312 1180/1316/1314
f 1144/1315/1313 1180/1316/1314 1181/1317/1315
f 1181/1317/1315 1180/1316/1314 1217/1318/1316
f 1181/1317/1315 1217/1318/1316 1218/1319/1317
f 1218/1319/1317 1217/1318/1316 1028/1320/1318
f 1218/1319/1317 1028/1320/1318 1219/1321/1319
f 1219/1321/1319 1028/1320/1318 1220/1322/1320
f 1219/1321/1319 1220/1322/1320 1183/1323/1321
f 1183/1323/1321 1220/1322/1320 1184/1324/1322
f 1183/1323/1321 1184/1324/1322 1147/1325/1323
f 1147/1325/1323 1184/1324/1322 1148/1326/1324
f 1147/1325/1323 1148/1326/1324 1111/1327/1325
f 1111/1327/1325 1148/1326/1324 1112/1328/1326
f 1111/1327/1325 1112/1328/1326 1075/1329/1327
f 1075/1329/1327 1112/1328/1326 1076/1330/1328
f 1075/1329/1327 1076/1330/1328 1022/1331/1329
f 1022/1331/1329 1076/1330/1328 1077/1332/1330
f 1022/1331/1329 1077/1332/1330 1078/1333/1331
f 1078/1333/1331 1077/1332/1330 1114/1334/1332
f 1078/1333/1331 1114/1334/1332 1115/1335/1333
f 1115/1335/1333 1114/1334/1332 1151/1336/1334
f 1115/1335/1333 1151/1336/1334 1152/1337/1335
f 1152/1337/1335 1151/1336/1334 1188/1338/1336
f 1152/1337/1335 1188/1338/1336 1189/1339/1337
f 1189/1339/1337 1188/1338/1336 1225/1340/1338
f 1189/1339/1337 1225/1340/1338 1226/1341/1339
f 1226/1341/1339 1225/1340/1338 1028/1320/1318
f 1226/1341/1339 1028/1320/1318 1227/1342/1340
f 1227/1342/1340 1028/1320/1318 1228/1343/1341
f 1227/1342/1340 1228/1343/1341 1191/1344/1342
f 1191/1344/1342 1228/1343/1341 1192/1345/1343
f 1191/1344/1342 1192/1345/1343 1155/1346/1344
f 1155/1346/1344 1192/1345/1343 1156/1347/1345
f 1155/1346/1344 1156/1347/1345 1119/1348/1346
f 1119/1348/1346 1156/1347/1345 1120/1349/1347
f 1119/1348/1346 1120/1349/1347 1083/1350/1348
f 1083/1350/1348 1120/1349/1347 1084/1351/1349
f 1083/1350/1348 1084/1351/1349 1022/1331/1329
f 1022/1331/1329 1084/1351/1349 1085/1352/1350
f 1022/1331/1329 1085/1352/1350 1086/1353/1351
f 1086/1353/1351 1085/1352/1350 1122/1354/1352
f 1086/1353/1351 1122/1354/1352 1123/1355/1353
f 1123/1355/1353 1122/1354/1352 1159/1356/1354
f 1123/1355/1353 1159/1356/1354 1025/1357/1252
f 1025/1357/1252 1159/1356/1354 1026/1358/1355
f 1026/1358/1355 1159/1356/1354 1195/1359/1356
f 1026/1358/1355 1195/1359/1356 1027/1360/1357
f 1027/1360/1357 1195/1359/1356 1231/1361/1358
f 1027/1360/1357 1231/1361/1358 1028/1320/1318
f 1028/1320/1318 1231/1361/1358 1230/1362/1359
f 1028/1320/1318 1230/1362/1359 1229/1363/1360
f 1229/1363/1360 1230/1362/1359 1193/1364/1361
f 1229/1363/1360 1193/1364/1361 1192/1345/1343
f 1192/1345/1343 1193/1364/1361 1156/1347/1345
f 1052/1267/1265 1046/1266/1264 1088/1365/1362
f 1088/1365/1362 1046/1266/1264 1047/1366/1363
f 1088/1365/1362 1047/1366/1363 1124/1367/1364
f 1124/1367/1364 1047/1366/1363 1048/1368/1365
f 1124/1367/1364 1048/1368/1365 1160/1369/1366
f 1160/1369/1366 1048/1368/1365 1049/1370/1367
f 1160/1369/1366 1049/1370/1367 1196/1371/1368
f 1196/1371/1368 1049/1370/1367 1050/1372/1369
f 1196/1371/1368 1050/1372/1369 1051/1279/1277
f 1212/1301/1299 1051/1279/1277 1213/1373/1370
f 1213/1373/1370 1051/1279/1277 1028/1320/1318
f 1213/1373/1370 1028/1320/1318 1214/1374/1371
f 1214/1374/1371 1028/1320/1318 1215/1375/1372
f 1214/1374/1371 1215/1375/1372 1178/1376/1373
f 1178/1376/1373 1215/1375/1372 1179/1377/1374
f 1178/1376/1373 1179/1377/1374 1142/1378/1375
f 1142/1378/1375 1179/1377/1374 1143/1314/1312
f 1142/1378/1375 1143/1314/1312 1106/1312/1310
f 1025/1357/1252 1024/1379/1376 1123/1355/1353
f 1123/1355/1353 1024/1379/1376 1087/1380/1377
f 1123/1355/1353 1087/1380/1377 1086/1353/1351
f 1086/1353/1351 1087/1380/1377 1022/1331/1329
f 1024/1379/1376 1023/1381/1378 1087/1380/1377
f 1087/1380/1377 1023/1381/1378 1022/1331/1329
f 1045/1268/1266 1070/1311/1309 1022/1331/1329
f 1022/1331/1329 1070/1311/1309 1071/1382/1379
f 1022/1331/1329 1071/1382/1379 1072/1383/1380
f 1072/1383/1380 1071/1382/1379 1108/1384/1381
f 1072/1383/1380 1108/1384/1381 1109/1385/1382
f 1109/1385/1382 1108/1384/1381 1145/1386/1383
f 1109/1385/1382 1145/1386/1383 1146/1387/1384
f 1146/1387/1384 1145/1386/1383 1182/1388/1385
f 1146/1387/1384 1182/1388/1385 1183/1323/1321
f 1183/1323/1321 1182/1388/1385 1219/1321/1319
f 1053/1269/1267 1052/1267/1265 1089/1389/1386
f 1089/1389/1386 1052/1267/1265 1088/1365/1362
f 1089/1389/1386 1088/1365/1362 1125/1390/1387
f 1125/1390/1387 1088/1365/1362 1124/1367/1364
f 1125/1390/1387 1124/1367/1364 1161/1391/1388
f 1161/1391/1388 1124/1367/1364 1160/1369/1366
f 1161/1391/1388 1160/1369/1366 1197/1392/1389
f 1197/1392/1389 1160/1369/1366 1196/1371/1368
f 1197/1392/1389 1196/1371/1368 1051/1279/1277
f 1054/1270/1268 1055/1393/1390 1045/1268/1266
f 1045/1268/1266 1055/1393/1390 1056/1394/1391
f 1045/1268/1266 1056/1394/1391 1057/1395/1392
f 1057/1395/1392 1056/1394/1391 1093/1396/1393
f 1057/1395/1392 1093/1396/1393 1094/1397/1394
f 1094/1397/1394 1093/1396/1393 1130/1398/1395
f 1094/1397/1394 1130/1398/1395 1131/1284/1282
f 1131/1284/1282 1130/1398/1395 1167/1282/1280
f 1054/1270/1268 1091/1272/1270 1055/1393/1390
f 1055/1393/1390 1091/1272/1270 1092/1399/1396
f 1055/1393/1390 1092/1399/1396 1056/1394/1391
f 1056/1394/1391 1092/1399/1396 1093/1396/1393
f 1059/1288/1286 1045/1268/1266 1058/1400/1397
f 1058/1400/1397 1045/1268/1266 1057/1395/1392
f 1058/1400/1397 1057/1395/1392 1094/1397/1394
f 1095/1286/1284 1059/1288/1286 1058/1400/1397
f 1095/1286/1284 1058/1400/1397 1094/1397/1394
f 1061/1290/1288 1060/1289/1287 1097/1401/1398
f 1097/1401/1398 1060/1289/1287 1096/1287/1285
f 1097/1401/1398 1096/1287/1285 1133/1402/1399
f 1133/1402/1399 1096/1287/1285 1132/1285/1283
f 1133/1402/1399 1132/1285/1283 1169/1403/1400
f 1169/1403/1400 1132/1285/1283 1168/1283/1281
f 1169/1403/1400 1168/1283/1281 1205/1404/1401
f 1205/1404/1401 1168/1283/1281 1204/1281/1279
f 1205/1404/1401 1204/1281/1279 1051/1279/1277
f 1062/1291/1289 1063/1405/1402 1045/1268/1266
f 1045/1268/1266 1063/1405/1402 1064/1406/1403
f 1045/1268/1266 1064/1406/1403 1065/1407/1404
f 1065/1407/1404 1064/1406/1403 1101/1408/1405
f 1065/1407/1404 1101/1408/1405 1102/1409/1406
f 1102/1409/1406 1101/1408/1405 1138/1410/1407
f 1102/1409/1406 1138/1410/1407 1139/1304/1302
f 1139/1304/1302 1138/1410/1407 1175/1302/1300
f 1062/1291/1289 1099/1293/1291 1063/1405/1402
f 1063/1405/1402 1099/1293/1291 1100/1411/1408
f 1063/1405/1402 1100/1411/1408 1064/1406/1403
f 1064/1406/1403 1100/1411/1408 1101/1408/1405
f 1067/1308/1306 1045/1268/1266 1066/1412/1409
f 1066/1412/1409 1045/1268/1266 1065/1407/1404
f 1066/1412/1409 1065/1407/1404 1102/1409/1406
f 1103/1306/1304 1067/1308/1306 1066/1412/1409
f 1103/1306/1304 1066/1412/1409 1102/1409/1406
f 1069/1310/1308 1068/1309/1307 1105/1413/1410
f 1105/1413/1410 1068/1309/1307 1104/1307/1305
f 1105/1413/1410 1104/1307/1305 1141/1414/1411
f 1141/1414/1411 1104/1307/1305 1140/1305/1303
f 1141/1414/1411 1140/1305/1303 1177/1415/1412
f 1177/1415/1412 1140/1305/1303 1176/1303/1301
f 1177/1415/1412 1176/1303/1301 1213/1373/1370
f 1213/1373/1370 1176/1303/1301 1212/1301/1299
f 1108/1384/1381 1071/1382/1379 1107/1313/1311
f 1107/1313/1311 1071/1382/1379 1070/1311/1309
f 1072/1383/1380 1073/1416/1413 1022/1331/1329
f 1022/1331/1329 1073/1416/1413 1074/1417/1414
f 1022/1331/1329 1074/1417/1414 1075/1329/1327
f 1075/1329/1327 1074/1417/1414 1111/1327/1325
f 1072/1383/1380 1109/1385/1382 1073/1416/1413
f 1073/1416/1413 1109/1385/1382 1110/1418/1415
f 1073/1416/1413 1110/1418/1415 1074/1417/1414
f 1074/1417/1414 1110/1418/1415 1111/1327/1325
f 1077/1332/1330 1076/1330/1328 1113/1419/1416
f 1113/1419/1416 1076/1330/1328 1112/1328/1326
f 1113/1419/1416 1112/1328/1326 1149/1420/1417
f 1149/1420/1417 1112/1328/1326 1148/1326/1324
f 1149/1420/1417 1148/1326/1324 1185/1421/1418
f 1185/1421/1418 1148/1326/1324 1184/1324/1322
f 1185/1421/1418 1184/1324/1322 1221/1422/1419
f 1221/1422/1419 1184/1324/1322 1220/1322/1320
f 1221/1422/1419 1220/1322/1320 1028/1320/1318
f 1078/1333/1331 1079/1423/1420 1022/1331/1329
f 1022/1331/1329 1079/1423/1420 1080/1424/1421
f 1022/1331/1329 1080/1424/1421 1081/1425/1422
f 1081/1425/1422 1080/1424/1421 1117/1426/1423
f 1081/1425/1422 1117/1426/1423 1118/1427/1424
f 1118/1427/1424 1117/1426/1423 1154/1428/1425
f 1118/1427/1424 1154/1428/1425 1155/1346/1344
f 1155/1346/1344 1154/1428/1425 1191/1344/1342
f 1078/1333/1331 1115/1335/1333 1079/1423/1420
f 1079/1423/1420 1115/1335/1333 1116/1429/1426
f 1079/1423/1420 1116/1429/1426 1080/1424/1421
f 1080/1424/1421 1116/1429/1426 1117/1426/1423
f 1083/1350/1348 1022/1331/1329 1082/1430/1427
f 1082/1430/1427 1022/1331/1329 1081/1425/1422
f 1082/1430/1427 1081/1425/1422 1118/1427/1424
f 1119/1348/1346 1083/1350/1348 1082/1430/1427
f 1119/1348/1346 1082/1430/1427 1118/1427/1424
f 1085/1352/1350 1084/1351/1349 1121/1431/1428
f 1121/1431/1428 1084/1351/1349 1120/1349/1347
f 1121/1431/1428 1120/1349/1347 1157/1432/1429
f 1157/1432/1429 1120/1349/1347 1156/1347/1345
f 1157/1432/1429 1156/1347/1345 1193/1364/1361
f 1053/1269/1267 1089/1389/1386 1090/1271/1269
f 1090/1271/1269 1089/1389/1386 1126/1433/1430
f 1090/1271/1269 1126/1433/1430 1127/1273/1271
f 1127/1273/1271 1126/1433/1430 1163/1434/1431
f 1127/1273/1271 1163/1434/1431 1164/1275/1273
f 1164/1275/1273 1163/1434/1431 1200/1435/1432
f 1164/1275/1273 1200/1435/1432 1201/1277/1275
f 1201/1277/1275 1200/1435/1432 1051/1279/1277
f 1126/1433/1430 1089/1389/1386 1125/1390/1387
f 1091/1272/1270 1128/1274/1272 1092/1399/1396
f 1092/1399/1396 1128/1274/1272 1129/1436/1433
f 1092/1399/1396 1129/1436/1433 1093/1396/1393
f 1093/1396/1393 1129/1436/1433 1130/1398/1395
f 1131/1284/1282 1095/1286/1284 1094/1397/1394
f 1061/1290/1288 1097/1401/1398 1098/1292/1290
f 1098/1292/1290 1097/1401/1398 1134/1437/1434
f 1098/1292/1290 1134/1437/1434 1135/1294/1292
f 1135/1294/1292 1134/1437/1434 1171/1438/1435
f 1135/1294/1292 1171/1438/1435 1172/1296/1294
f 1172/1296/1294 1171/1438/1435 1208/1439/1436
f 1172/1296/1294 1208/1439/1436 1209/1298/1296
f 1209/1298/1296 1208/1439/1436 1051/1279/1277
f 1134/1437/1434 1097/1401/1398 1133/1402/1399
f 1099/1293/1291 1136/1295/1293 1100/1411/1408
f 1100/1411/1408 1136/1295/1293 1137/1440/1437
f 1100/1411/1408 1137/1440/1437 1101/1408/1405
f 1101/1408/1405 1137/1440/1437 1138/1410/1407
f 1139/1304/1302 1103/1306/1304 1102/1409/1406
f 1142/1378/1375 1106/1312/1310 1105/1413/1410
f 1105/1413/1410 1106/1312/1310 1069/1310/1308
f 1142/1378/1375 1105/1413/1410 1141/1414/1411
f 1145/1386/1383 1108/1384/1381 1144/1315/1313
f 1144/1315/1313 1108/1384/1381 1107/1313/1311
f 1147/1325/1323 1111/1327/1325 1110/1418/1415
f 1147/1325/1323 1110/1418/1415 1146/1387/1384
f 1146/1387/1384 1110/1418/1415 1109/1385/1382
f 1077/1332/1330 1113/1419/1416 1114/1334/1332
f 1114/1334/1332 1113/1419/1416 1150/1441/1438
f 1114/1334/1332 1150/1441/1438 1151/1336/1334
f 1151/1336/1334 1150/1441/1438 1187/1442/1439
f 1151/1336/1334 1187/1442/1439 1188/1338/1336
f 1188/1338/1336 1187/1442/1439 1224/1443/1440
f 1188/1338/1336 1224/1443/1440 1225/1340/1338
f 1225/1340/1338 1224/1443/1440 1028/1320/1318
f 1150/1441/1438 1113/1419/1416 1149/1420/1417
f 1115/1335/1333 1152/1337/1335 1116/1429/1426
f 1116/1429/1426 1152/1337/1335 1153/1444/1441
f 1116/1429/1426 1153/1444/1441 1117/1426/1423
f 1117/1426/1423 1153/1444/1441 1154/1428/1425
f 1155/1346/1344 1119/1348/1346 1118/1427/1424
f 1085/1352/1350 1121/1431/1428 1122/1354/1352
f 1122/1354/1352 1121/1431/1428 1158/1445/1442
f 1122/1354/1352 1158/1445/1442 1159/1356/1354
f 1159/1356/1354 1158/1445/1442 1195/1359/1356
f 1158/1445/1442 1121/1431/1428 1157/1432/1429
f 1126/1433/1430 1125/1390/1387 1162/1446/1443
f 1162/1446/1443 1125/1390/1387 1161/1391/1388
f 1162/1446/1443 1161/1391/1388 1198/1447/1444
f 1198/1447/1444 1161/1391/1388 1197/1392/1389
f 1198/1447/1444 1197/1392/1389 1051/1279/1277
f 1128/1274/1272 1165/1276/1274 1129/1436/1433
f 1129/1436/1433 1165/1276/1274 1166/1448/1445
f 1129/1436/1433 1166/1448/1445 1130/1398/1395
f 1130/1398/1395 1166/1448/1445 1167/1282/1280
f 1134/1437/1434 1133/1402/1399 1170/1449/1446
f 1170/1449/1446 1133/1402/1399 1169/1403/1400
f 1170/1449/1446 1169/1403/1400 1206/1450/1447
f 1206/1450/1447 1169/1403/1400 1205/1404/1401
f 1206/1450/1447 1205/1404/1401 1051/1279/1277
f 1136/1295/1293 1173/1297/1295 1137/1440/1437
f 1137/1440/1437 1173/1297/1295 1174/1451/1448
f 1137/1440/1437 1174/1451/1448 1138/1410/1407
f 1138/1410/1407 1174/1451/1448 1175/1302/1300
f 1178/1376/1373 1142/1378/1375 1141/1414/1411
f 1178/1376/1373 1141/1414/1411 1177/1415/1412
f 1180/1316/1314 1143/1314/1312 1179/1377/1374
f 1182/1388/1385 1145/1386/1383 1181/1317/1315
f 1181/1317/1315 1145/1386/1383 1144/1315/1313
f 1183/1323/1321 1147/1325/1323 1146/1387/1384
f 1150/1441/1438 1149/1420/1417 1186/1452/1449
f 1186/1452/1449 1149/1420/1417 1185/1421/1418
f 1186/1452/1449 1185/1421/1418 1222/1453/1450
f 1222/1453/1450 1185/1421/1418 1221/1422/1419
f 1222/1453/1450 1221/1422/1419 1028/1320/1318
f 1152/1337/1335 1189/1339/1337 1153/1444/1441
f 1153/1444/1441 1189/1339/1337 1190/1454/1451
f 1153/1444/1441 1190/1454/1451 1154/1428/1425
f 1154/1428/1425 1190/1454/1451 1191/1344/1342
f 1158/1445/1442 1157/1432/1429 1194/1455/1452
f 1194/1455/1452 1157/1432/1429 1193/1364/1361
f 1194/1455/1452 1193/1364/1361 1230/1362/1359
f 1126/1433/1430 1162/1446/1443 1163/1434/1431
f 1163/1434/1431 1162/1446/1443 1199/1456/1453
f 1163/1434/1431 1199/1456/1453 1200/1435/1432
f 1200/1435/1432 1199/1456/1453 1051/1279/1277
f 1199/1456/1453 1162/1446/1443 1198/1447/1444
f 1203/1280/1278 1167/1282/1280 1166/1448/1445
f 1203/1280/1278 1166/1448/1445 1202/1278/1276
f 1202/1278/1276 1166/1448/1445 1165/1276/1274
f 1134/1437/1434 1170/1449/1446 1171/1438/1435
f 1171/1438/1435 1170/1449/1446 1207/1457/1454
f 1171/1438/1435 1207/1457/1454 1208/1439/1436
f 1208/1439/1436 1207/1457/1454 1051/1279/1277
f 1207/1457/1454 1170/1449/1446 1206/1450/1447
f 1211/1300/1298 1175/1302/1300 1174/1451/1448
f 1211/1300/1298 1174/1451/1448 1210/1299/1297
f 1210/1299/1297 1174/1451/1448 1173/1297/1295
f 1214/1374/1371 1178/1376/1373 1177/1415/1412
f 1214/1374/1371 1177/1415/1412 1213/1373/1370
f 1180/1316/1314 1179/1377/1374 1216/1458/1455
f 1216/1458/1455 1179/1377/1374 1215/1375/1372
f 1216/1458/1455 1215/1375/1372 1028/1320/1318
f 1219/1321/1319 1182/1388/1385 1218/1319/1317
f 1218/1319/1317 1182/1388/1385 1181/1317/1315
f 1150/1441/1438 1186/1452/1449 1187/1442/1439
f 1187/1442/1439 1186/1452/1449 1223/1459/1456
f 1187/1442/1439 1223/1459/1456 1224/1443/1440
f 1224/1443/1440 1223/1459/1456 1028/1320/1318
f 1223/1459/1456 1186/1452/1449 1222/1453/1450
f 1227/1342/1340 1191/1344/1342 1190/1454/1451
f 1227/1342/1340 1190/1454/1451 1226/1341/1339
f 1226/1341/1339 1190/1454/1451 1189/1339/1337
f 1229/1363/1360 1192/1345/1343 1228/1343/1341
f 1231/1361/1358 1195/1359/1356 1194/1455/1452
f 1194/1455/1452 1195/1359/1356 1158/1445/1442
f 1231/1361/1358 1194/1455/1452 1230/1362/1359
f 1051/1279/1277 1199/1456/1453 1198/1447/1444
f 1051/1279/1277 1207/1457/1454 1206/1450/1447
f 1028/1320/1318 1217/1318/1316 1216/1458/1455
f 1216/1458/1455 1217/1318/1316 1180/1316/1314
f 1028/1320/1318 1223/1459/1456 1222/1453/1450
f 1028/1320/1318 1229/1363/1360 1228/1343/1341
f 1247/1460/1457 1232/1461/1458 1248/1462/1459
f 1248/1462/1459 1232/1461/1458 1233/1463/1460
f 1248/1462/1459 1233/1463/1460 1234/1464/1461
f 1234/1464/1461 1235/1465/1462 1248/1462/1459
f 1248/1462/1459 1235/1465/1462 1249/1466/1463
f 1248/1462/1459 1249/1466/1463 1247/1460/1457
f 1247/1460/1457 1249/1466/1463 1246/1467/1464
f 1246/1467/1464 1249/1466/1463 1250/1468/1465
f 1246/1467/1464 1250/1468/1465 1251/1469/1466
f 1251/1469/1466 1250/1468/1465 1236/1470/1467
f 1251/1469/1466 1236/1470/1467 1237/1471/1468
f 1235/1465/1462 1236/1470/1467 1249/1466/1463
f 1249/1466/1463 1236/1470/1467 1250/1468/1465
f 1238/1472/1469 1253/1473/1470 1237/1471/1468
f 1237/1471/1468 1253/1473/1470 1252/1474/1471
f 1237/1471/1468 1252/1474/1471 1251/1469/1466
f 1251/1469/1466 1252/1474/1471 1245/1475/1472
f 1251/1469/1466 1245/1475/1472 1246/1467/1464
f 1253/1473/1470 1238/1472/1469 1254/1476/1473
f 1254/1476/1473 1238/1472/1469 1239/1477/1474
f 1254/1476/1473 1239/1477/1474 1255/1478/1475
f 1255/1478/1475 1239/1477/1474 1256/1479/1476
f 1255/1478/1475 1256/1479/1476 1243/1480/1477
f 1243/1480/1477 1256/1479/1476 1242/1481/1478
f 1242/1481/1478 1256/1479/1476 1241/1482/1479
f 1241/1482/1479 1256/1479/1476 1240/1483/1480
f 1240/1483/1480 1256/1479/1476 1239/1477/1474
f 1255/1478/1475 1243/1480/1477 1254/1476/1473
f 1254/1476/1473 1243/1480/1477 1244/1484/1481
f 1254/1476/1473 1244/1484/1481 1253/1473/1470
f 1253/1473/1470 1244/1484/1481 1245/1475/1472
f 1253/1473/1470 1245/1475/1472 1252/1474/1471
f 1258/1485/1482 1264/1486/1483 1257/1487/1484
f 1257/1487/1484 1264/1486/1483 1265/1488/1485
f 1257/1487/1484 1265/1488/1485 1266/1489/1486
f 1266/1489/1486 1265/1488/1485 1302/1490/1487
f 1266/1489/1486 1302/1490/1487 1303/1491/1488
f 1303/1491/1488 1302/1490/1487 1339/1492/1489
f 1303/1491/1488 1339/1492/1489 1340/1493/1490
f 1340/1493/1490 1339/1492/1489 1376/1494/1491
f 1340/1493/1490 1376/1494/1491 1377/1495/1492
f 1377/1495/1492 1376/1494/1491 1413/1496/1493
f 1377/1495/1492 1413/1496/1493 1414/1497/1494
f 1414/1497/1494 1413/1496/1493 1263/1498/1495
f 1414/1497/1494 1263/1498/1495 1415/1499/1496
f 1415/1499/1496 1263/1498/1495 1416/1500/1497
f 1415/1499/1496 1416/1500/1497 1379/1501/1498
f 1379/1501/1498 1416/1500/1497 1380/1502/1499
f 1379/1501/1498 1380/1502/1499 1343/1503/1500
f 1343/1503/1500 1380/1502/1499 1344/1504/1501
f 1343/1503/1500 1344/1504/1501 1307/1505/1502
f 1307/1505/1502 1344/1504/1501 1308/1506/1503
f 1307/1505/1502 1308/1506/1503 1271/1507/1504
f 1271/1507/1504 1308/1506/1503 1272/1508/1505
f 1271/1507/1504 1272/1508/1505 1257/1487/1484
f 1257/1487/1484 1272/1508/1505 1273/1509/1506
f 1257/1487/1484 1273/1509/1506 1274/1510/1507
f 1274/1510/1507 1273/1509/1506 1310/1511/1508
f 1274/1510/1507 1310/1511/1508 1311/1512/1509
f 1311/1512/1509 1310/1511/1508 1347/1513/1510
f 1311/1512/1509 1347/1513/1510 1348/1514/1511
f 1348/1514/1511 1347/1513/1510 1384/1515/1512
f 1348/1514/1511 1384/1515/1512 1385/1516/1513
f 1385/1516/1513 1384/1515/1512 1421/1517/1514
f 1385/1516/1513 1421/1517/1514 1422/1518/1515
f 1422/1518/1515 1421/1517/1514 1263/1498/1495
f 1422/1518/1515 1263/1498/1495 1423/1519/1516
f 1423/1519/1516 1263/1498/1495 1424/1520/1517
f 1423/1519/1516 1424/1520/1517 1387/1521/1518
f 1387/1521/1518 1424/1520/1517 1388/1522/1519
f 1387/1521/1518 1388/1522/1519 1351/1523/1520
f 1351/1523/1520 1388/1522/1519 1352/1524/1521
f 1351/1523/1520 1352/1524/1521 1315/1525/1522
f 1315/1525/1522 1352/1524/1521 1316/1526/1523
f 1315/1525/1522 1316/1526/1523 1279/1527/1524
f 1279/1527/1524 1316/1526/1523 1280/1528/1525
f 1279/1527/1524 1280/1528/1525 1257/1487/1484
f 1257/1487/1484 1280/1528/1525 1281/1529/1526
f 1257/1487/1484 1281/1529/1526 1282/1530/1527
f 1282/1530/1527 1281/1529/1526 1318/1531/1528
f 1282/1530/1527 1318/1531/1528 1319/1532/1529
f 1319/1532/1529 1318/1531/1528 1355/1533/1530
f 1319/1532/1529 1355/1533/1530 1356/1534/1531
f 1356/1534/1531 1355/1533/1530 1392/1535/1532
f 1356/1534/1531 1392/1535/1532 1393/1536/1533
f 1393/1536/1533 1392/1535/1532 1429/1537/1534
f 1393/1536/1533 1429/1537/1534 1430/1538/1535
f 1430/1538/1535 1429/1537/1534 1240/1539/1536
f 1430/1538/1535 1240/1539/1536 1431/1540/1537
f 1431/1540/1537 1240/1539/1536 1432/1541/1538
f 1431/1540/1537 1432/1541/1538 1395/1542/1539
f 1395/1542/1539 1432/1541/1538 1396/1543/1540
f 1395/1542/1539 1396/1543/1540 1359/1544/1541
f 1359/1544/1541 1396/1543/1540 1360/1545/1542
f 1359/1544/1541 1360/1545/1542 1323/1546/1543
f 1323/1546/1543 1360/1545/1542 1324/1547/1544
f 1323/1546/1543 1324/1547/1544 1287/1548/1545
f 1287/1548/1545 1324/1547/1544 1288/1549/1546
f 1287/1548/1545 1288/1549/1546 1234/1550/1547
f 1234/1550/1547 1288/1549/1546 1289/1551/1548
f 1234/1550/1547 1289/1551/1548 1290/1552/1549
f 1290/1552/1549 1289/1551/1548 1326/1553/1550
f 1290/1552/1549 1326/1553/1550 1327/1554/1551
f 1327/1554/1551 1326/1553/1550 1363/1555/1552
f 1327/1554/1551 1363/1555/1552 1364/1556/1553
f 1364/1556/1553 1363/1555/1552 1400/1557/1554
f 1364/1556/1553 1400/1557/1554 1401/1558/1555
f 1401/1558/1555 1400/1557/1554 1437/1559/1556
f 1401/1558/1555 1437/1559/1556 1438/1560/1557
f 1438/1560/1557 1437/1559/1556 1240/1539/1536
f 1438/1560/1557 1240/1539/1536 1439/1561/1558
f 1439/1561/1558 1240/1539/1536 1440/1562/1559
f 1439/1561/1558 1440/1562/1559 1403/1563/1560
f 1403/1563/1560 1440/1562/1559 1404/1564/1561
f 1403/1563/1560 1404/1564/1561 1367/1565/1562
f 1367/1565/1562 1404/1564/1561 1368/1566/1563
f 1367/1565/1562 1368/1566/1563 1331/1567/1564
f 1331/1567/1564 1368/1566/1563 1332/1568/1565
f 1331/1567/1564 1332/1568/1565 1295/1569/1566
f 1295/1569/1566 1332/1568/1565 1296/1570/1567
f 1295/1569/1566 1296/1570/1567 1234/1550/1547
f 1234/1550/1547 1296/1570/1567 1297/1571/1568
f 1234/1550/1547 1297/1571/1568 1298/1572/1569
f 1298/1572/1569 1297/1571/1568 1334/1573/1570
f 1298/1572/1569 1334/1573/1570 1335/1574/1571
f 1335/1574/1571 1334/1573/1570 1371/1575/1572
f 1335/1574/1571 1371/1575/1572 1237/1576/1468
f 1237/1576/1468 1371/1575/1572 1238/1577/1573
f 1238/1577/1573 1371/1575/1572 1407/1578/1574
f 1238/1577/1573 1407/1578/1574 1239/1579/1575
f 1239/1579/1575 1407/1578/1574 1443/1580/1576
f 1239/1579/1575 1443/1580/1576 1240/1539/1536
f 1240/1539/1536 1443/1580/1576 1442/1581/1577
f 1240/1539/1536 1442/1581/1577 1441/1582/1578
f 1441/1582/1578 1442/1581/1577 1405/1583/1579
f 1441/1582/1578 1405/1583/1579 1404/1564/1561
f 1404/1564/1561 1405/1583/1579 1368/1566/1563
f 1258/1485/1482 1259/1584/1580 1264/1486/1483
f 1264/1486/1483 1259/1584/1580 1300/1585/1581
f 1264/1486/1483 1300/1585/1581 1301/1586/1582
f 1301/1586/1582 1300/1585/1581 1337/1587/1583
f 1301/1586/1582 1337/1587/1583 1338/1588/1584
f 1338/1588/1584 1337/1587/1583 1374/1589/1585
f 1338/1588/1584 1374/1589/1585 1375/1590/1586
f 1375/1590/1586 1374/1589/1585 1411/1591/1587
f 1375/1590/1586 1411/1591/1587 1412/1592/1588
f 1412/1592/1588 1411/1591/1587 1263/1498/1495
f 1412/1592/1588 1263/1498/1495 1413/1496/1493
f 1259/1584/1580 1260/1593/1589 1300/1585/1581
f 1300/1585/1581 1260/1593/1589 1336/1594/1590
f 1300/1585/1581 1336/1594/1590 1337/1587/1583
f 1337/1587/1583 1336/1594/1590 1373/1595/1591
f 1337/1587/1583 1373/1595/1591 1374/1589/1585
f 1374/1589/1585 1373/1595/1591 1410/1596/1592
f 1374/1589/1585 1410/1596/1592 1411/1591/1587
f 1411/1591/1587 1410/1596/1592 1263/1498/1495
f 1260/1593/1589 1261/1597/1593 1336/1594/1590
f 1336/1594/1590 1261/1597/1593 1372/1598/1594
f 1336/1594/1590 1372/1598/1594 1373/1595/1591
f 1373/1595/1591 1372/1598/1594 1409/1599/1595
f 1373/1595/1591 1409/1599/1595 1410/1596/1592
f 1410/1596/1592 1409/1599/1595 1263/1498/1495
f 1261/1597/1593 1262/1600/1596 1372/1598/1594
f 1372/1598/1594 1262/1600/1596 1408/1601/1597
f 1372/1598/1594 1408/1601/1597 1409/1599/1595
f 1409/1599/1595 1408/1601/1597 1263/1498/1495
f 1262/1600/1596 1263/1498/1495 1408/1601/1597
f 1240/1539/1536 1426/1602/1598 1263/1498/1495
f 1263/1498/1495 1426/1602/1598 1425/1603/1599
f 1263/1498/1495 1425/1603/1599 1424/1520/1517
f 1424/1520/1517 1425/1603/1599 1388/1522/1519
f 1237/1576/1468 1236/1604/1600 1335/1574/1571
f 1335/1574/1571 1236/1604/1600 1299/1605/1601
f 1335/1574/1571 1299/1605/1601 1298/1572/1569
f 1298/1572/1569 1299/1605/1601 1234/1550/1547
f 1236/1604/1600 1235/1606/1602 1299/1605/1601
f 1299/1605/1601 1235/1606/1602 1234/1550/1547
f 1257/1487/1484 1282/1530/1527 1234/1550/1547
f 1234/1550/1547 1282/1530/1527 1283/1607/1603
f 1234/1550/1547 1283/1607/1603 1284/1608/1604
f 1284/1608/1604 1283/1607/1603 1320/1609/1605
f 1284/1608/1604 1320/1609/1605 1321/1610/1606
f 1321/1610/1606 1320/1609/1605 1357/1611/1607
f 1321/1610/1606 1357/1611/1607 1358/1612/1608
f 1358/1612/1608 1357/1611/1607 1394/1613/1609
f 1358/1612/1608 1394/1613/1609 1395/1542/1539
f 1395/1542/1539 1394/1613/1609 1431/1540/1537
f 1302/1490/1487 1265/1488/1485 1301/1586/1582
f 1301/1586/1582 1265/1488/1485 1264/1486/1483
f 1266/1489/1486 1267/1614/1610 1257/1487/1484
f 1257/1487/1484 1267/1614/1610 1268/1615/1611
f 1257/1487/1484 1268/1615/1611 1269/1616/1612
f 1269/1616/1612 1268/1615/1611 1305/1617/1613
f 1269/1616/1612 1305/1617/1613 1306/1618/1614
f 1306/1618/1614 1305/1617/1613 1342/1619/1615
f 1306/1618/1614 1342/1619/1615 1343/1503/1500
f 1343/1503/1500 1342/1619/1615 1379/1501/1498
f 1266/1489/1486 1303/1491/1488 1267/1614/1610
f 1267/1614/1610 1303/1491/1488 1304/1620/1616
f 1267/1614/1610 1304/1620/1616 1268/1615/1611
f 1268/1615/1611 1304/1620/1616 1305/1617/1613
f 1271/1507/1504 1257/1487/1484 1270/1621/1617
f 1270/1621/1617 1257/1487/1484 1269/1616/1612
f 1270/1621/1617 1269/1616/1612 1306/1618/1614
f 1307/1505/1502 1271/1507/1504 1270/1621/1617
f 1307/1505/1502 1270/1621/1617 1306/1618/1614
f 1273/1509/1506 1272/1508/1505 1309/1622/1618
f 1309/1622/1618 1272/1508/1505 1308/1506/1503
f 1309/1622/1618 1308/1506/1503 1345/1623/1619
f 1345/1623/1619 1308/1506/1503 1344/1504/1501
f 1345/1623/1619 1344/1504/1501 1381/1624/1620
f 1381/1624/1620 1344/1504/1501 1380/1502/1499
f 1381/1624/1620 1380/1502/1499 1417/1625/1621
f 1417/1625/1621 1380/1502/1499 1416/1500/1497
f 1417/1625/1621 1416/1500/1497 1263/1498/1495
f 1274/1510/1507 1275/1626/1622 1257/1487/1484
f 1257/1487/1484 1275/1626/1622 1276/1627/1623
f 1257/1487/1484 1276/1627/1623 1277/1628/1624
f 1277/1628/1624 1276/1627/1623 1313/1629/1625
f 1277/1628/1624 1313/1629/1625 1314/1630/1626
f 1314/1630/1626 1313/1629/1625 1350/1631/1627
f 1314/1630/1626 1350/1631/1627 1351/1523/1520
f 1351/1523/1520 1350/1631/1627 1387/1521/1518
f 1274/1510/1507 1311/1512/1509 1275/1626/1622
f 1275/1626/1622 1311/1512/1509 1312/1632/1628
f 1275/1626/1622 1312/1632/1628 1276/1627/1623
f 1276/1627/1623 1312/1632/1628 1313/1629/1625
f 1279/1527/1524 1257/1487/1484 1278/1633/1629
f 1278/1633/1629 1257/1487/1484 1277/1628/1624
f 1278/1633/1629 1277/1628/1624 1314/1630/1626
f 1315/1525/1522 1279/1527/1524 1278/1633/1629
f 1315/1525/1522 1278/1633/1629 1314/1630/1626
f 1281/1529/1526 1280/1528/1525 1317/1634/1630
f 1317/1634/1630 1280/1528/1525 1316/1526/1523
f 1317/1634/1630 1316/1526/1523 1353/1635/1631
f 1353/1635/1631 1316/1526/1523 1352/1524/1521
f 1353/1635/1631 1352/1524/1521 1389/1636/1632
f 1389/1636/1632 1352/1524/1521 1388/1522/1519
f 1389/1636/1632 1388/1522/1519 1425/1603/1599
f 1320/1609/1605 1283/1607/1603 1319/1532/1529
f 1319/1532/1529 1283/1607/1603 1282/1530/1527
f 1284/1608/1604 1285/1637/1633 1234/1550/1547
f 1234/1550/1547 1285/1637/1633 1286/1638/1634
f 1234/1550/1547 1286/1638/1634 1287/1548/1545
f 1287/1548/1545 1286/1638/1634 1323/1546/1543
f 1284/1608/1604 1321/1610/1606 1285/1637/1633
f 1285/1637/1633 1321/1610/1606 1322/1639/1635
f 1285/1637/1633 1322/1639/1635 1286/1638/1634
f 1286/1638/1634 1322/1639/1635 1323/1546/1543
f 1289/1551/1548 1288/1549/1546 1325/1640/1636
f 1325/1640/1636 1288/1549/1546 1324/1547/1544
f 1325/1640/1636 1324/1547/1544 1361/1641/1637
f 1361/1641/1637 1324/1547/1544 1360/1545/1542
f 1361/1641/1637 1360/1545/1542 1397/1642/1638
f 1397/1642/1638 1360/1545/1542 1396/1543/1540
f 1397/1642/1638 1396/1543/1540 1433/1643/1639
f 1433/1643/1639 1396/1543/1540 1432/1541/1538
f 1433/1643/1639 1432/1541/1538 1240/1539/1536
f 1290/1552/1549 1291/1644/1640 1234/1550/1547
f 1234/1550/1547 1291/1644/1640 1292/1645/1641
f 1234/1550/1547 1292/1645/1641 1293/1646/1642
f 1293/1646/1642 1292/1645/1641 1329/1647/1643
f 1293/1646/1642 1329/1647/1643 1330/1648/1644
f 1330/1648/1644 1329/1647/1643 1366/1649/1645
f 1330/1648/1644 1366/1649/1645 1367/1565/1562
f 1367/1565/1562 1366/1649/1645 1403/1563/1560
f 1290/1552/1549 1327/1554/1551 1291/1644/1640
f 1291/1644/1640 1327/1554/1551 1328/1650/1646
f 1291/1644/1640 1328/1650/1646 1292/1645/1641
f 1292/1645/1641 1328/1650/1646 1329/1647/1643
f 1295/1569/1566 1234/1550/1547 1294/1651/1647
f 1294/1651/1647 1234/1550/1547 1293/1646/1642
f 1294/1651/1647 1293/1646/1642 1330/1648/1644
f 1331/1567/1564 1295/1569/1566 1294/1651/1647
f 1331/1567/1564 1294/1651/1647 1330/1648/1644
f 1297/1571/1568 1296/1570/1567 1333/1652/1648
f 1333/1652/1648 1296/1570/1567 1332/1568/1565
f 1333/1652/1648 1332/1568/1565 1369/1653/1649
f 1369/1653/1649 1332/1568/1565 1368/1566/1563
f 1369/1653/1649 1368/1566/1563 1405/1583/1579
f 1339/1492/1489 1302/1490/1487 1338/1588/1584
f 1338/1588/1584 1302/1490/1487 1301/1586/1582
f 1303/1491/1488 1340/1493/1490 1304/1620/1616
f 1304/1620/1616 1340/1493/1490 1341/1654/1650
f 1304/1620/1616 1341/1654/1650 1305/1617/1613
f 1305/1617/1613 1341/1654/1650 1342/1619/1615
f 1343/1503/1500 1307/1505/1502 1306/1618/1614
f 1273/1509/1506 1309/1622/1618 1310/1511/1508
f 1310/1511/1508 1309/1622/1618 1346/1655/1651
f 1310/1511/1508 1346/1655/1651 1347/1513/1510
f 1347/1513/1510 1346/1655/1651 1383/1656/1652
f 1347/1513/1510 1383/1656/1652 1384/1515/1512
f 1384/1515/1512 1383/1656/1652 1420/1657/1653
f 1384/1515/1512 1420/1657/1653 1421/1517/1514
f 1421/1517/1514 1420/1657/1653 1263/1498/1495
f 1346/1655/1651 1309/1622/1618 1345/1623/1619
f 1311/1512/1509 1348/1514/1511 1312/1632/1628
f 1312/1632/1628 1348/1514/1511 1349/1658/1654
f 1312/1632/1628 1349/1658/1654 1313/1629/1625
f 1313/1629/1625 1349/1658/1654 1350/1631/1627
f 1351/1523/1520 1315/1525/1522 1314/1630/1626
f 1281/1529/1526 1317/1634/1630 1318/1531/1528
f 1318/1531/1528 1317/1634/1630 1354/1659/1655
f 1318/1531/1528 1354/1659/1655 1355/1533/1530
f 1355/1533/1530 1354/1659/1655 1391/1660/1656
f 1355/1533/1530 1391/1660/1656 1392/1535/1532
f 1392/1535/1532 1391/1660/1656 1428/1661/1657
f 1392/1535/1532 1428/1661/1657 1429/1537/1534
f 1429/1537/1534 1428/1661/1657 1240/1539/1536
f 1354/1659/1655 1317/1634/1630 1353/1635/1631
f 1357/1611/1607 1320/1609/1605 1356/1534/1531
f 1356/1534/1531 1320/1609/1605 1319/1532/1529
f 1359/1544/1541 1323/1546/1543 1322/1639/1635
f 1359/1544/1541 1322/1639/1635 1358/1612/1608
f 1358/1612/1608 1322/1639/1635 1321/1610/1606
f 1289/1551/1548 1325/1640/1636 1326/1553/1550
f 1326/1553/1550 1325/1640/1636 1362/1662/1658
f 1326/1553/1550 1362/1662/1658 1363/1555/1552
f 1363/1555/1552 1362/1662/1658 1399/1663/1659
f 1363/1555/1552 1399/1663/1659 1400/1557/1554
f 1400/1557/1554 1399/1663/1659 1436/1664/1660
f 1400/1557/1554 1436/1664/1660 1437/1559/1556
f 1437/1559/1556 1436/1664/1660 1240/1539/1536
f 1362/1662/1658 1325/1640/1636 1361/1641/1637
f 1327/1554/1551 1364/1556/1553 1328/1650/1646
f 1328/1650/1646 1364/1556/1553 1365/1665/1661
f 1328/1650/1646 1365/1665/1661 1329/1647/1643
f 1329/1647/1643 1365/1665/1661 1366/1649/1645
f 1367/1565/1562 1331/1567/1564 1330/1648/1644
f 1297/1571/1568 1333/1652/1648 1334/1573/1570
f 1334/1573/1570 1333/1652/1648 1370/1666/1662
f 1334/1573/1570 1370/1666/1662 1371/1575/1572
f 1371/1575/1572 1370/1666/1662 1407/1578/1574
f 1370/1666/1662 1333/1652/1648 1369/1653/1649
f 1376/1494/1491 1339/1492/1489 1375/1590/1586
f 1375/1590/1586 1339/1492/1489 1338/1588/1584
f 1340/1493/1490 1377/1495/1492 1341/1654/1650
f 1341/1654/1650 1377/1495/1492 1378/1667/1663
f 1341/1654/1650 1378/1667/1663 1342/1619/1615
f 1342/1619/1615 1378/1667/1663 1379/1501/1498
f 1346/1655/1651 1345/1623/1619 1382/1668/1664
f 1382/1668/1664 1345/1623/1619 1381/1624/1620
f 1382/1668/1664 1381/1624/1620 1418/1669/1665
f 1418/1669/1665 1381/1624/1620 1417/1625/1621
f 1418/1669/1665 1417/1625/1621 1263/1498/1495
f 1348/1514/1511 1385/1516/1513 1349/1658/1654
f 1349/1658/1654 1385/1516/1513 1386/1670/1666
f 1349/1658/1654 1386/1670/1666 1350/1631/1627
f 1350/1631/1627 1386/1670/1666 1387/1521/1518
f 1354/1659/1655 1353/1635/1631 1390/1671/1667
f 1390/1671/1667 1353/1635/1631 1389/1636/1632
f 1390/1671/1667 1389/1636/1632 1426/1602/1598
f 1426/1602/1598 1389/1636/1632 1425/1603/1599
f 1394/1613/1609 1357/1611/1607 1393/1536/1533
f 1393/1536/1533 1357/1611/1607 1356/1534/1531
f 1395/1542/1539 1359/1544/1541 1358/1612/1608
f 1362/1662/1658 1361/1641/1637 1398/1672/1668
f 1398/1672/1668 1361/1641/1637 1397/1642/1638
f 1398/1672/1668 1397/1642/1638 1434/1673/1669
f 1434/1673/1669 1397/1642/1638 1433/1643/1639
f 1434/1673/1669 1433/1643/1639 1240/1539/1536
f 1364/1556/1553 1401/1558/1555 1365/1665/1661
f 1365/1665/1661 1401/1558/1555 1402/1674/1670
f 1365/1665/1661 1402/1674/1670 1366/1649/1645
f 1366/1649/1645 1402/1674/1670 1403/1563/1560
f 1370/1666/1662 1369/1653/1649 1406/1675/1671
f 1406/1675/1671 1369/1653/1649 1405/1583/1579
f 1406/1675/1671 1405/1583/1579 1442/1581/1577
f 1413/1496/1493 1376/1494/1491 1412/1592/1588
f 1412/1592/1588 1376/1494/1491 1375/1590/1586
f 1415/1499/1496 1379/1501/1498 1378/1667/1663
f 1415/1499/1496 1378/1667/1663 1414/1497/1494
f 1414/1497/1494 1378/1667/1663 1377/1495/1492
f 1346/1655/1651 1382/1668/1664 1383/1656/1652
f 1383/1656/1652 1382/1668/1664 1419/1676/1672
f 1383/1656/1652 1419/1676/1672 1420/1657/1653
f 1420/1657/1653 1419/1676/1672 1263/1498/1495
f 1419/1676/1672 1382/1668/1664 1418/1669/1665
f 1423/1519/1516 1387/1521/1518 1386/1670/1666
f 1423/1519/1516 1386/1670/1666 1422/1518/1515
f 1422/1518/1515 1386/1670/1666 1385/1516/1513
f 1354/1659/1655 1390/1671/1667 1391/1660/1656
f 1391/1660/1656 1390/1671/1667 1427/1677/1673
f 1391/1660/1656 1427/1677/1673 1428/1661/1657
f 1428/1661/1657 1427/1677/1673 1240/1539/1536
f 1427/1677/1673 1390/1671/1667 1426/1602/1598
f 1431/1540/1537 1394/1613/1609 1430/1538/1535
f 1430/1538/1535 1394/1613/1609 1393/1536/1533
f 1362/1662/1658 1398/1672/1668 1399/1663/1659
f 1399/1663/1659 1398/1672/1668 1435/1678/1674
f 1399/1663/1659 1435/1678/1674 1436/1664/1660
f 1436/1664/1660 1435/1678/1674 1240/1539/1536
f 1435/1678/1674 1398/1672/1668 1434/1673/1669
f 1439/1561/1558 1403/1563/1560 1402/1674/1670
f 1439/1561/1558 1402/1674/1670 1438/1560/1557
f 1438/1560/1557 1402/1674/1670 1401/1558/1555
f 1441/1582/1578 1404/1564/1561 1440/1562/1559
f 1443/1580/1576 1407/1578/1574 1406/1675/1671
f 1406/1675/1671 1407/1578/1574 1370/1666/1662
f 1443/1580/1576 1406/1675/1671 1442/1581/1577
f 1263/1498/1495 1419/1676/1672 1418/1669/1665
f 1240/1539/1536 1427/1677/1673 1426/1602/1598
f 1240/1539/1536 1435/1678/1674 1434/1673/1669
f 1240/1539/1536 1441/1582/1578 1440/1562/1559
f 1456/1679/1675 1444/1680/1676 1457/1681/1677
f 1457/1681/1677 1444/1680/1676 1445/1682/1678
f 1457/1681/1677 1445/1682/1678 1468/1683/1679
f 1468/1683/1679 1445/1682/1678 1446/1684/1680
f 1468/1683/1679 1446/1684/1680 1467/1685/1681
f 1467/1685/1681 1446/1684/1680 1466/1686/1682
f 1467/1685/1681 1466/1686/1682 1474/1687/1683
f 1474/1687/1683 1466/1686/1682 1473/1688/1684
f 1474/1687/1683 1473/1688/1684 1488/1689/1685
f 1488/1689/1685 1473/1688/1684 1489/1690/1686
f 1488/1689/1685 1489/1690/1686 1483/1691/1687
f 1483/1691/1687 1489/1690/1686 1482/1692/1688
f 1483/1691/1687 1482/1692/1688 1501/1693/1689
f 1501/1693/1689 1482/1692/1688 1500/1694/1690
f 1501/1693/1689 1500/1694/1690 1505/1695/1691
f 1505/1695/1691 1500/1694/1690 1506/1696/1692
f 1505/1695/1691 1506/1696/1692 1244/1697/1693
f 1244/1697/1693 1506/1696/1692 1245/1698/1694
f 1245/1698/1694 1506/1696/1692 1507/1699/1695
f 1245/1698/1694 1507/1699/1695 1508/1700/1696
f 1508/1700/1696 1507/1699/1695 1498/1701/1697
f 1508/1700/1696 1498/1701/1697 1497/1702/1698
f 1497/1702/1698 1498/1701/1697 1479/1703/1699
f 1497/1702/1698 1479/1703/1699 1478/1704/1700
f 1478/1704/1700 1479/1703/1699 1493/1705/1701
f 1478/1704/1700 1493/1705/1701 1494/1706/1702
f 1494/1706/1702 1493/1705/1701 1458/1707/1703
f 1494/1706/1702 1458/1707/1703 1452/1708/1704
f 1452/1708/1704 1458/1707/1703 1451/1709/1705
f 1451/1709/1705 1458/1707/1703 1461/1710/1706
f 1451/1709/1705 1461/1710/1706 1450/1711/1707
f 1450/1711/1707 1461/1710/1706 1449/1712/1708
f 1449/1712/1708 1461/1710/1706 1462/1713/1709
f 1449/1712/1708 1462/1713/1709 1463/1714/1710
f 1463/1714/1710 1462/1713/1709 1470/1715/1711
f 1463/1714/1710 1470/1715/1711 1471/1716/1712
f 1471/1716/1712 1470/1715/1711 1491/1717/1713
f 1471/1716/1712 1491/1717/1713 1490/1718/1714
f 1490/1718/1714 1491/1717/1713 1481/1719/1715
f 1490/1718/1714 1481/1719/1715 1482/1692/1688
f 1482/1692/1688 1481/1719/1715 1500/1694/1690
f 1446/1684/1680 1447/1720/1716 1466/1686/1682
f 1466/1686/1682 1447/1720/1716 1465/1721/1717
f 1466/1686/1682 1465/1721/1717 1473/1688/1684
f 1473/1688/1684 1465/1721/1717 1472/1722/1718
f 1473/1688/1684 1472/1722/1718 1489/1690/1686
f 1489/1690/1686 1472/1722/1718 1490/1718/1714
f 1489/1690/1686 1490/1718/1714 1482/1692/1688
f 1447/1720/1716 1448/1723/1719 1465/1721/1717
f 1465/1721/1717 1448/1723/1719 1464/1724/1720
f 1465/1721/1717 1464/1724/1720 1472/1722/1718
f 1472/1722/1718 1464/1724/1720 1471/1716/1712
f 1472/1722/1718 1471/1716/1712 1490/1718/1714
f 1448/1723/1719 1449/1712/1708 1464/1724/1720
f 1464/1724/1720 1449/1712/1708 1463/1714/1710
f 1464/1724/1720 1463/1714/1710 1471/1716/1712
f 1494/1706/1702 1452/1708/1704 1477/1725/1721
f 1477/1725/1721 1452/1708/1704 1453/1726/1722
f 1477/1725/1721 1453/1726/1722 1495/1727/1723
f 1495/1727/1723 1453/1726/1722 1460/1728/1724
f 1495/1727/1723 1460/1728/1724 1510/1729/1725
f 1510/1729/1725 1460/1728/1724 1247/1730/1726
f 1510/1729/1725 1247/1730/1726 1246/1731/1727
f 1453/1726/1722 1232/1732/1728 1460/1728/1724
f 1460/1728/1724 1232/1732/1728 1247/1730/1726
f 1245/1698/1694 1508/1700/1696 1246/1731/1727
f 1246/1731/1727 1508/1700/1696 1509/1733/1729
f 1246/1731/1727 1509/1733/1729 1510/1729/1725
f 1510/1729/1725 1509/1733/1729 1496/1734/1730
f 1510/1729/1725 1496/1734/1730 1495/1727/1723
f 1495/1727/1723 1496/1734/1730 1477/1725/1721
f 1244/1697/1693 1243/1735/1731 1505/1695/1691
f 1505/1695/1691 1243/1735/1731 1504/1736/1732
f 1505/1695/1691 1504/1736/1732 1501/1693/1689
f 1501/1693/1689 1504/1736/1732 1502/1737/1733
f 1501/1693/1689 1502/1737/1733 1483/1691/1687
f 1483/1691/1687 1502/1737/1733 1484/1738/1734
f 1483/1691/1687 1484/1738/1734 1488/1689/1685
f 1488/1689/1685 1484/1738/1734 1487/1739/1735
f 1488/1689/1685 1487/1739/1735 1474/1687/1683
f 1474/1687/1683 1487/1739/1735 1475/1740/1736
f 1474/1687/1683 1475/1740/1736 1467/1685/1681
f 1467/1685/1681 1475/1740/1736 1468/1683/1679
f 1504/1736/1732 1243/1735/1731 1459/1741/1737
f 1459/1741/1737 1243/1735/1731 1242/1742/1738
f 1459/1741/1737 1242/1742/1738 1454/1743/1739
f 1455/1744/1740 1485/1745/1741 1454/1743/1739
f 1454/1743/1739 1485/1745/1741 1503/1746/1742
f 1454/1743/1739 1503/1746/1742 1459/1741/1737
f 1459/1741/1737 1503/1746/1742 1502/1737/1733
f 1459/1741/1737 1502/1737/1733 1504/1736/1732
f 1485/1745/1741 1455/1744/1740 1486/1747/1743
f 1486/1747/1743 1455/1744/1740 1456/1679/1675
f 1486/1747/1743 1456/1679/1675 1476/1748/1744
f 1476/1748/1744 1456/1679/1675 1457/1681/1677
f 1476/1748/1744 1457/1681/1677 1468/1683/1679
f 1462/1713/1709 1461/1710/1706 1469/1749/1745
f 1469/1749/1745 1461/1710/1706 1458/1707/1703
f 1469/1749/1745 1458/1707/1703 1493/1705/1701
f 1476/1748/1744 1468/1683/1679 1475/1740/1736
f 1462/1713/1709 1469/1749/1745 1470/1715/1711
f 1470/1715/1711 1469/1749/1745 1492/1750/1746
f 1470/1715/1711 1492/1750/1746 1491/1717/1713
f 1491/1717/1713 1492/1750/1746 1480/1751/1747
f 1491/1717/1713 1480/1751/1747 1481/1719/1715
f 1481/1719/1715 1480/1751/1747 1499/1752/1748
f 1481/1719/1715 1499/1752/1748 1500/1694/1690
f 1500/1694/1690 1499/1752/1748 1506/1696/1692
f 1492/1750/1746 1469/1749/1745 1493/1705/1701
f 1486/1747/1743 1476/1748/1744 1475/1740/1736
f 1486/1747/1743 1475/1740/1736 1487/1739/1735
f 1494/1706/1702 1477/1725/1721 1478/1704/1700
f 1478/1704/1700 1477/1725/1721 1496/1734/1730
f 1478/1704/1700 1496/1734/1730 1497/1702/1698
f 1497/1702/1698 1496/1734/1730 1509/1733/1729
f 1497/1702/1698 1509/1733/1729 1508/1700/1696
f 1492/1750/1746 1493/1705/1701 1479/1703/1699
f 1492/1750/1746 1479/1703/1699 1480/1751/1747
f 1480/1751/1747 1479/1703/1699 1498/1701/1697
f 1480/1751/1747 1498/1701/1697 1499/1752/1748
f 1499/1752/1748 1498/1701/1697 1507/1699/1695
f 1499/1752/1748 1507/1699/1695 1506/1696/1692
f 1486/1747/1743 1487/1739/1735 1485/1745/1741
f 1485/1745/1741 1487/1739/1735 1484/1738/1734
f 1485/1745/1741 1484/1738/1734 1503/1746/1742
f 1503/1746/1742 1484/1738/1734 1502/1737/1733
f 1030/1753/1262 1029/1754/1261 1232/1755/1458
f 1232/1755/1458 1029/1754/1261 1233/1756/1460
f 1233/1756/1460 1029/1754/1261 1028/1757/1260
f 1233/1756/1460 1028/1757/1260 1234/1758/1461
f 1522/1759/1749 1511/1760/1750 1527/1761/1751
f 1527/1761/1751 1511/1760/1750 1512/1762/1752
f 1527/1761/1751 1512/1762/1752 1526/1763/1753
f 1526/1763/1753 1512/1762/1752 1525/1764/1754
f 1526/1763/1753 1525/1764/1754 1535/1765/1755
f 1535/1765/1755 1525/1764/1754 1534/1766/1756
f 1535/1765/1755 1534/1766/1756 1544/1767/1757
f 1544/1767/1757 1534/1766/1756 1543/1768/1758
f 1544/1767/1757 1543/1768/1758 1553/1769/1759
f 1553/1769/1759 1543/1768/1758 1552/1770/1760
f 1553/1769/1759 1552/1770/1760 1032/1771/1761
f 1032/1771/1761 1552/1770/1760 1551/1772/1762
f 1032/1771/1761 1551/1772/1762 1033/1773/1763
f 1033/1773/1763 1551/1772/1762 1550/1774/1764
f 1033/1773/1763 1550/1774/1764 1549/1775/1765
f 1549/1775/1765 1550/1774/1764 1540/1776/1766
f 1549/1775/1765 1540/1776/1766 1539/1777/1767
f 1539/1777/1767 1540/1776/1766 1530/1778/1768
f 1539/1777/1767 1530/1778/1768 1529/1779/1769
f 1529/1779/1769 1530/1778/1768 1514/1780/1770
f 1529/1779/1769 1514/1780/1770 1515/1781/1771
f 1512/1762/1752 1513/1782/1772 1525/1764/1754
f 1525/1764/1754 1513/1782/1772 1524/1783/1773
f 1525/1764/1754 1524/1783/1773 1534/1766/1756
f 1534/1766/1756 1524/1783/1773 1533/1784/1774
f 1534/1766/1756 1533/1784/1774 1543/1768/1758
f 1543/1768/1758 1533/1784/1774 1542/1785/1775
f 1543/1768/1758 1542/1785/1775 1552/1770/1760
f 1552/1770/1760 1542/1785/1775 1551/1772/1762
f 1524/1783/1773 1513/1782/1772 1523/1786/1776
f 1523/1786/1776 1513/1782/1772 1514/1780/1770
f 1523/1786/1776 1514/1780/1770 1531/1787/1777
f 1531/1787/1777 1514/1780/1770 1530/1778/1768
f 1531/1787/1777 1530/1778/1768 1540/1776/1766
f 1529/1779/1769 1515/1781/1771 1528/1788/1778
f 1528/1788/1778 1515/1781/1771 1516/1789/1779
f 1528/1788/1778 1516/1789/1779 1517/1790/1780
f 1528/1788/1778 1517/1790/1780 1537/1791/1781
f 1537/1791/1781 1517/1790/1780 1518/1792/1782
f 1537/1791/1781 1518/1792/1782 1546/1793/1783
f 1546/1793/1783 1518/1792/1782 1519/1794/1784
f 1546/1793/1783 1519/1794/1784 1020/1795/1785
f 1020/1795/1785 1035/1796/1786 1546/1793/1783
f 1546/1793/1783 1035/1796/1786 1547/1797/1787
f 1546/1793/1783 1547/1797/1787 1537/1791/1781
f 1537/1791/1781 1547/1797/1787 1538/1798/1788
f 1537/1791/1781 1538/1798/1788 1528/1788/1778
f 1528/1788/1778 1538/1798/1788 1529/1779/1769
f 1547/1797/1787 1035/1796/1786 1548/1799/1789
f 1548/1799/1789 1035/1796/1786 1034/1800/1790
f 1548/1799/1789 1034/1800/1790 1549/1775/1765
f 1549/1775/1765 1034/1800/1790 1033/1773/1763
f 1032/1771/1761 1031/1801/1791 1553/1769/1759
f 1553/1769/1759 1031/1801/1791 1554/1802/1792
f 1553/1769/1759 1554/1802/1792 1544/1767/1757
f 1544/1767/1757 1554/1802/1792 1545/1803/1793
f 1544/1767/1757 1545/1803/1793 1535/1765/1755
f 1535/1765/1755 1545/1803/1793 1536/1804/1794
f 1535/1765/1755 1536/1804/1794 1526/1763/1753
f 1526/1763/1753 1536/1804/1794 1527/1761/1751
f 1031/1801/1791 1030/1805/1795 1554/1802/1792
f 1554/1802/1792 1030/1805/1795 1520/1806/1796
f 1554/1802/1792 1520/1806/1796 1545/1803/1793
f 1545/1803/1793 1520/1806/1796 1521/1807/1797
f 1545/1803/1793 1521/1807/1797 1536/1804/1794
f 1536/1804/1794 1521/1807/1797 1522/1759/1749
f 1536/1804/1794 1522/1759/1749 1527/1761/1751
f 1533/1784/1774 1524/1783/1773 1523/1786/1776
f 1539/1777/1767 1529/1779/1769 1538/1798/1788
f 1533/1784/1774 1523/1786/1776 1532/1808/1798
f 1532/1808/1798 1523/1786/1776 1531/1787/1777
f 1532/1808/1798 1531/1787/1777 1541/1809/1799
f 1541/1809/1799 1531/1787/1777 1540/1776/1766
f 1541/1809/1799 1540/1776/1766 1550/1774/1764
f 1542/1785/1775 1533/1784/1774 1532/1808/1798
f 1542/1785/1775 1532/1808/1798 1541/1809/1799
f 1547/1797/1787 1548/1799/1789 1538/1798/1788
f 1538/1798/1788 1548/1799/1789 1539/1777/1767
f 1548/1799/1789 1549/1775/1765 1539/1777/1767
f 1551/1772/1762 1542/1785/1775 1541/1809/1799
f 1551/1772/1762 1541/1809/1799 1550/1774/1764
f 1045/1810/1800 1022/1811/1243 1555/1812/1801
f 1555/1812/1801 1022/1811/1243 1519/1813/1802
f 1555/1812/1801 1519/1813/1802 1518/1814/1782
f 1021/1815/1242 1020/1816/1240 1022/1811/1243
f 1022/1811/1243 1020/1816/1240 1519/1813/1802
f 1518/1814/1782 1517/1817/1780 1555/1812/1801
f 1555/1812/1801 1517/1817/1780 1516/1818/1779
f 1257/1819/1803 1051/1820/1804 1556/1821/1805
f 1556/1821/1805 1051/1820/1804 1050/1822/1806
f 1556/1821/1805 1050/1822/1806 1555/1823/1807
f 1555/1823/1807 1050/1822/1806 1049/1824/1808
f 1555/1823/1807 1049/1824/1808 1048/1825/1809
f 1555/1823/1807 1048/1825/1809 1045/1826/1810
f 1045/1826/1810 1048/1825/1809 1047/1827/1811
f 1045/1826/1810 1047/1827/1811 1046/1828/1812
f 1257/1819/1803 1556/1821/1805 1258/1829/1813
f 1258/1829/1813 1556/1821/1805 1557/1830/1814
f 1258/1829/1813 1557/1830/1814 1259/1831/1815
f 1259/1831/1815 1557/1830/1814 1260/1832/1816
f 1260/1832/1816 1557/1830/1814 1263/1833/1817
f 1260/1832/1816 1263/1833/1817 1261/1834/1818
f 1261/1834/1818 1263/1833/1817 1262/1835/1819
f 1516/1836/1820 1515/1837/1821 1555/1838/1822
f 1555/1838/1822 1515/1837/1821 1514/1839/1823
f 1555/1838/1822 1514/1839/1823 1513/1840/1824
f 1513/1840/1824 1512/1841/1825 1555/1838/1822
f 1555/1838/1822 1512/1841/1825 1556/1842/1826
f 1556/1842/1826 1512/1841/1825 1511/1843/1827
f 1556/1842/1826 1511/1843/1827 1558/1844/1828
f 1511/1845/1829 1522/1846/1830 1558/1847/1831
f 1558/1847/1831 1522/1846/1830 1451/1848/1832
f 1558/1847/1831 1451/1848/1832 1450/1849/1833
f 1451/1848/1832 1522/1846/1830 1452/1850/1834
f 1452/1850/1834 1522/1846/1830 1521/1851/1835
f 1452/1850/1834 1521/1851/1835 1520/1852/1836
f 1452/1850/1834 1520/1852/1836 1453/1853/1837
f 1453/1853/1837 1520/1852/1836 1030/1854/1262
f 1453/1853/1837 1030/1854/1262 1232/1855/1838
f 1028/1856/1260 1051/1857/1839 1234/1858/1461
f 1234/1858/1461 1051/1857/1839 1257/1859/1840
f 1263/1860/1841 1557/1861/1842 1240/1862/1480
f 1240/1862/1480 1557/1861/1842 1454/1863/1739
f 1240/1862/1480 1454/1863/1739 1242/1864/1478
f 1444/1865/1676 1456/1866/1675 1557/1861/1842
f 1557/1861/1842 1456/1866/1675 1455/1867/1740
f 1557/1861/1842 1455/1867/1740 1454/1863/1739
f 1242/1864/1478 1241/1868/1479 1240/1862/1480
f 1558/1869/1843 1450/1870/1844 1556/1871/1845
f 1556/1871/1845 1450/1870/1844 1449/1872/1846
f 1556/1871/1845 1449/1872/1846 1557/1873/1847
f 1557/1873/1847 1449/1872/1846 1448/1874/1848
f 1557/1873/1847 1448/1874/1848 1447/1875/1849
f 1447/1875/1849 1446/1876/1850 1557/1873/1847
f 1557/1873/1847 1446/1876/1850 1445/1877/1851
f 1557/1873/1847 1445/1877/1851 1444/1878/1852
g Body79

v -5.385437 2.712451 -0.836346
v -5.396091 2.711123 -0.836346
v -5.406446 2.708287 -0.836346
v -5.408597 2.714389 -0.835494
v -5.410602 2.720076 -0.832997
v -5.412323 2.724959 -0.829024
v -5.413644 2.728706 -0.823846
v -5.414475 2.731061 -0.817817
v -5.414758 2.731864 -0.811346
v -5.400952 2.735645 -0.811346
v -5.386747 2.737417 -0.811346
v -5.386702 2.736566 -0.817817
v -5.386572 2.734072 -0.823846
v -5.386363 2.730104 -0.829024
v -5.386092 2.724934 -0.832997
v -5.385776 2.718913 -0.835494
v -5.396335 2.714637 -0.836091
v -5.396982 2.718003 -0.835344
v -5.397603 2.721237 -0.834133
v -5.398188 2.724276 -0.832486
v -5.399013 2.728563 -0.829024
v -5.399447 2.730809 -0.826378
v -5.399806 2.732669 -0.823431
v -5.400085 2.734116 -0.820248
v -5.400279 2.735123 -0.816893
v -0.183347 3.010382 -0.811346
v -0.183347 3.009529 -0.817817
v -0.183347 3.007028 -0.823846
v -0.183347 3.003049 -0.829024
v -0.183347 2.997865 -0.832997
v -0.183347 2.991827 -0.835494
v -0.183347 2.985347 -0.836346
v -0.323935 3.002154 -0.817817
v -0.464567 2.994776 -0.817817
v -0.605200 2.987399 -0.817817
v -0.745832 2.980021 -0.817817
v -0.886465 2.972644 -0.817817
v -1.027097 2.965266 -0.817817
v -1.167730 2.957889 -0.817817
v -1.308362 2.950512 -0.817817
v -1.448994 2.943134 -0.817817
v -1.589627 2.935757 -0.817817
v -1.730259 2.928379 -0.817817
v -1.870892 2.921002 -0.817817
v -2.011524 2.913624 -0.817817
v -2.152157 2.906247 -0.817817
v -2.292789 2.898869 -0.817817
v -2.433421 2.891492 -0.817817
v -2.574054 2.884115 -0.817817
v -2.714686 2.876737 -0.817817
v -2.855319 2.869360 -0.817817
v -2.995951 2.861982 -0.817817
v -3.136584 2.854605 -0.817817
v -3.277216 2.847227 -0.817817
v -3.417848 2.839850 -0.817817
v -3.558481 2.832473 -0.817817
v -3.699113 2.825095 -0.817817
v -3.839746 2.817718 -0.817817
v -3.980378 2.810340 -0.817817
v -4.121011 2.802963 -0.817817
v -4.261643 2.795585 -0.817817
v -4.402275 2.788208 -0.817817
v -4.542908 2.780831 -0.817817
v -4.683540 2.773453 -0.817817
v -4.824173 2.766076 -0.817817
v -4.964805 2.758698 -0.817817
v -5.105438 2.751321 -0.817817
v -5.246070 2.743943 -0.817817
v -0.323804 2.999660 -0.823846
v -0.464437 2.992282 -0.823846
v -0.605069 2.984905 -0.823846
v -0.745701 2.977527 -0.823846
v -0.886334 2.970150 -0.823846
v -1.026966 2.962772 -0.823846
v -1.167599 2.955395 -0.823846
v -1.308231 2.948017 -0.823846
v -1.448864 2.940640 -0.823846
v -1.589496 2.933263 -0.823846
v -1.730128 2.925885 -0.823846
v -1.870761 2.918508 -0.823846
v -2.011393 2.911130 -0.823846
v -2.152026 2.903753 -0.823846
v -2.292658 2.896375 -0.823846
v -2.433291 2.888998 -0.823846
v -2.573923 2.881621 -0.823846
v -2.714555 2.874243 -0.823846
v -2.855188 2.866866 -0.823846
v -2.995820 2.859488 -0.823846
v -3.136453 2.852111 -0.823846
v -3.277085 2.844733 -0.823846
v -3.417718 2.837356 -0.823846
v -3.558350 2.829978 -0.823846
v -3.698982 2.822601 -0.823846
v -3.839615 2.815224 -0.823846
v -3.980247 2.807846 -0.823846
v -4.120880 2.800469 -0.823846
v -4.261512 2.793091 -0.823846
v -4.402145 2.785714 -0.823846
v -4.542777 2.778336 -0.823846
v -4.683409 2.770959 -0.823846
v -4.824042 2.763582 -0.823846
v -4.964674 2.756204 -0.823846
v -5.105307 2.748827 -0.823846
v -5.245939 2.741449 -0.823846
v -0.323596 2.995692 -0.829024
v -0.464228 2.988315 -0.829024
v -0.604861 2.980937 -0.829024
v -0.745493 2.973560 -0.829024
v -0.886126 2.966182 -0.829024
v -1.026758 2.958805 -0.829024
v -1.167391 2.951427 -0.829024
v -1.308023 2.944050 -0.829024
v -1.448655 2.936673 -0.829024
v -1.589288 2.929295 -0.829024
v -1.729920 2.921918 -0.829024
v -1.870553 2.914540 -0.829024
v -2.011185 2.907163 -0.829024
v -2.151818 2.899785 -0.829024
v -2.292450 2.892408 -0.829024
v -2.433082 2.885030 -0.829024
v -2.573715 2.877653 -0.829024
v -2.714347 2.870276 -0.829024
v -2.854980 2.862898 -0.829024
v -2.995612 2.855521 -0.829024
v -3.136245 2.848143 -0.829024
v -3.276877 2.840766 -0.829024
v -3.417509 2.833388 -0.829024
v -3.558142 2.826011 -0.829024
v -3.698774 2.818634 -0.829024
v -3.839407 2.811256 -0.829024
v -3.980039 2.803879 -0.829024
v -4.120672 2.796501 -0.829024
v -4.261304 2.789124 -0.829024
v -4.401936 2.781746 -0.829024
v -4.542569 2.774369 -0.829024
v -4.683201 2.766991 -0.829024
v -4.823834 2.759614 -0.829024
v -4.964466 2.752237 -0.829024
v -5.105099 2.744859 -0.829024
v -5.245731 2.737482 -0.829024
v -0.323325 2.990521 -0.832997
v -0.463957 2.983144 -0.832997
v -0.604590 2.975767 -0.832997
v -0.745222 2.968389 -0.832997
v -0.885854 2.961012 -0.832997
v -1.026487 2.953634 -0.832997
v -1.167119 2.946257 -0.832997
v -1.307752 2.938879 -0.832997
v -1.448384 2.931502 -0.832997
v -1.589017 2.924125 -0.832997
v -1.729649 2.916747 -0.832997
v -1.870281 2.909370 -0.832997
v -2.010914 2.901992 -0.832997
v -2.151546 2.894615 -0.832997
v -2.292179 2.887237 -0.832997
v -2.432811 2.879860 -0.832997
v -2.573444 2.872482 -0.832997
v -2.714076 2.865105 -0.832997
v -2.854708 2.857728 -0.832997
v -2.995341 2.850350 -0.832997
v -3.135973 2.842973 -0.832997
v -3.276606 2.835595 -0.832997
v -3.417238 2.828218 -0.832997
v -3.557871 2.820840 -0.832997
v -3.698503 2.813463 -0.832997
v -3.839135 2.806086 -0.832997
v -3.979768 2.798708 -0.832997
v -4.120400 2.791331 -0.832997
v -4.261033 2.783953 -0.832997
v -4.401665 2.776576 -0.832997
v -4.542298 2.769198 -0.832997
v -4.682930 2.761821 -0.832997
v -4.823562 2.754443 -0.832997
v -4.964195 2.747066 -0.832997
v -5.104827 2.739689 -0.832997
v -5.245460 2.732311 -0.832997
v -0.323009 2.984500 -0.835494
v -0.463641 2.977123 -0.835494
v -0.604274 2.969745 -0.835494
v -0.744906 2.962368 -0.835494
v -0.885539 2.954990 -0.835494
v -1.026171 2.947613 -0.835494
v -1.166803 2.940236 -0.835494
v -1.307436 2.932858 -0.835494
v -1.448068 2.925481 -0.835494
v -1.588701 2.918103 -0.835494
v -1.729333 2.910726 -0.835494
v -1.869966 2.903348 -0.835494
v -2.010598 2.895971 -0.835494
v -2.151230 2.888594 -0.835494
v -2.291863 2.881216 -0.835494
v -2.432495 2.873839 -0.835494
v -2.573128 2.866461 -0.835494
v -2.713760 2.859084 -0.835494
v -2.854393 2.851706 -0.835494
v -2.995025 2.844329 -0.835494
v -3.135657 2.836951 -0.835494
v -3.276290 2.829574 -0.835494
v -3.416922 2.822197 -0.835494
v -3.557555 2.814819 -0.835494
v -3.698187 2.807442 -0.835494
v -3.838820 2.800064 -0.835494
v -3.979452 2.792687 -0.835494
v -4.120084 2.785309 -0.835494
v -4.260717 2.777932 -0.835494
v -4.401349 2.770555 -0.835494
v -4.541982 2.763177 -0.835494
v -4.682614 2.755800 -0.835494
v -4.823247 2.748422 -0.835494
v -4.963879 2.741045 -0.835494
v -5.104511 2.733667 -0.835494
v -5.245144 2.726290 -0.835494
v -5.386747 2.737417 -0.788654
v -5.400952 2.735645 -0.788654
v -5.414758 2.731864 -0.788654
v -5.414475 2.731061 -0.782183
v -5.413644 2.728706 -0.776154
v -5.412323 2.724959 -0.770976
v -5.410602 2.720076 -0.767003
v -5.408597 2.714389 -0.764506
v -5.406446 2.708287 -0.763654
v -5.396091 2.711123 -0.763654
v -5.385437 2.712451 -0.763654
v -5.385776 2.718913 -0.764506
v -5.386092 2.724934 -0.767003
v -5.386363 2.730104 -0.770976
v -5.386572 2.734072 -0.776154
v -5.386702 2.736566 -0.782183
v -5.401374 2.734906 -0.783107
v -5.401169 2.733901 -0.779752
v -5.400875 2.732456 -0.776569
v -5.400498 2.730600 -0.773622
v -5.400042 2.728359 -0.770976
v -5.399170 2.724082 -0.767514
v -5.398551 2.721049 -0.765867
v -5.397892 2.717822 -0.764656
v -5.397206 2.714465 -0.763909
v -0.183347 2.985347 -0.763654
v -0.183347 2.991827 -0.764506
v -0.183347 2.997865 -0.767003
v -0.183347 3.003049 -0.770976
v -0.183347 3.007028 -0.776154
v -0.183347 3.009529 -0.782183
v -0.183347 3.010382 -0.788654
v -0.323009 2.984500 -0.764506
v -0.463641 2.977123 -0.764506
v -0.604274 2.969745 -0.764506
v -0.744906 2.962368 -0.764506
v -0.885539 2.954990 -0.764506
v -1.026171 2.947613 -0.764506
v -1.166803 2.940236 -0.764506
v -1.307436 2.932858 -0.764506
v -1.448068 2.925481 -0.764506
v -1.588701 2.918103 -0.764506
v -1.729333 2.910726 -0.764506
v -1.869966 2.903348 -0.764506
v -2.010598 2.895971 -0.764506
v -2.151230 2.888594 -0.764506
v -2.291863 2.881216 -0.764506
v -2.432495 2.873839 -0.764506
v -2.573128 2.866461 -0.764506
v -2.713760 2.859084 -0.764506
v -2.854393 2.851706 -0.764506
v -2.995025 2.844329 -0.764506
v -3.135657 2.836951 -0.764506
v -3.276290 2.829574 -0.764506
v -3.416922 2.822197 -0.764506
v -3.557555 2.814819 -0.764506
v -3.698187 2.807442 -0.764506
v -3.838820 2.800064 -0.764506
v -3.979452 2.792687 -0.764506
v -4.120084 2.785309 -0.764506
v -4.260717 2.777932 -0.764506
v -4.401349 2.770555 -0.764506
v -4.541982 2.763177 -0.764506
v -4.682614 2.755800 -0.764506
v -4.823247 2.748422 -0.764506
v -4.963879 2.741045 -0.764506
v -5.104511 2.733667 -0.764506
v -5.245144 2.726290 -0.764506
v -0.323325 2.990521 -0.767003
v -0.463957 2.983144 -0.767003
v -0.604590 2.975767 -0.767003
v -0.745222 2.968389 -0.767003
v -0.885854 2.961012 -0.767003
v -1.026487 2.953634 -0.767003
v -1.167119 2.946257 -0.767003
v -1.307752 2.938879 -0.767003
v -1.448384 2.931502 -0.767003
v -1.589017 2.924125 -0.767003
v -1.729649 2.916747 -0.767003
v -1.870281 2.909370 -0.767003
v -2.010914 2.901992 -0.767003
v -2.151546 2.894615 -0.767003
v -2.292179 2.887237 -0.767003
v -2.432811 2.879860 -0.767003
v -2.573444 2.872482 -0.767003
v -2.714076 2.865105 -0.767003
v -2.854708 2.857728 -0.767003
v -2.995341 2.850350 -0.767003
v -3.135973 2.842973 -0.767003
v -3.276606 2.835595 -0.767003
v -3.417238 2.828218 -0.767003
v -3.557871 2.820840 -0.767003
v -3.698503 2.813463 -0.767003
v -3.839135 2.806086 -0.767003
v -3.979768 2.798708 -0.767003
v -4.120400 2.791331 -0.767003
v -4.261033 2.783953 -0.767003
v -4.401665 2.776576 -0.767003
v -4.542298 2.769198 -0.767003
v -4.682930 2.761821 -0.767003
v -4.823562 2.754443 -0.767003
v -4.964195 2.747066 -0.767003
v -5.104827 2.739689 -0.767003
v -5.245460 2.732311 -0.767003
v -0.323596 2.995692 -0.770976
v -0.464228 2.988315 -0.770976
v -0.604861 2.980937 -0.770976
v -0.745493 2.973560 -0.770976
v -0.886126 2.966182 -0.770976
v -1.026758 2.958805 -0.770976
v -1.167391 2.951427 -0.770976
v -1.308023 2.944050 -0.770976
v -1.448655 2.936673 -0.770976
v -1.589288 2.929295 -0.770976
v -1.729920 2.921918 -0.770976
v -1.870553 2.914540 -0.770976
v -2.011185 2.907163 -0.770976
v -2.151818 2.899785 -0.770976
v -2.292450 2.892408 -0.770976
v -2.433082 2.885030 -0.770976
v -2.573715 2.877653 -0.770976
v -2.714347 2.870276 -0.770976
v -2.854980 2.862898 -0.770976
v -2.995612 2.855521 -0.770976
v -3.136245 2.848143 -0.770976
v -3.276877 2.840766 -0.770976
v -3.417509 2.833388 -0.770976
v -3.558142 2.826011 -0.770976
v -3.698774 2.818634 -0.770976
v -3.839407 2.811256 -0.770976
v -3.980039 2.803879 -0.770976
v -4.120672 2.796501 -0.770976
v -4.261304 2.789124 -0.770976
v -4.401936 2.781746 -0.770976
v -4.542569 2.774369 -0.770976
v -4.683201 2.766991 -0.770976
v -4.823834 2.759614 -0.770976
v -4.964466 2.752237 -0.770976
v -5.105099 2.744859 -0.770976
v -5.245731 2.737482 -0.770976
v -0.323804 2.999660 -0.776154
v -0.464437 2.992282 -0.776154
v -0.605069 2.984905 -0.776154
v -0.745701 2.977527 -0.776154
v -0.886334 2.970150 -0.776154
v -1.026966 2.962772 -0.776154
v -1.167599 2.955395 -0.776154
v -1.308231 2.948017 -0.776154
v -1.448864 2.940640 -0.776154
v -1.589496 2.933263 -0.776154
v -1.730128 2.925885 -0.776154
v -1.870761 2.918508 -0.776154
v -2.011393 2.911130 -0.776154
v -2.152026 2.903753 -0.776154
v -2.292658 2.896375 -0.776154
v -2.433291 2.888998 -0.776154
v -2.573923 2.881621 -0.776154
v -2.714555 2.874243 -0.776154
v -2.855188 2.866866 -0.776154
v -2.995820 2.859488 -0.776154
v -3.136453 2.852111 -0.776154
v -3.277085 2.844733 -0.776154
v -3.417718 2.837356 -0.776154
v -3.558350 2.829978 -0.776154
v -3.698982 2.822601 -0.776154
v -3.839615 2.815224 -0.776154
v -3.980247 2.807846 -0.776154
v -4.120880 2.800469 -0.776154
v -4.261512 2.793091 -0.776154
v -4.402145 2.785714 -0.776154
v -4.542777 2.778336 -0.776154
v -4.683409 2.770959 -0.776154
v -4.824042 2.763582 -0.776154
v -4.964674 2.756204 -0.776154
v -5.105307 2.748827 -0.776154
v -5.245939 2.741449 -0.776154
v -0.323935 3.002154 -0.782183
v -0.464567 2.994776 -0.782183
v -0.605200 2.987399 -0.782183
v -0.745832 2.980021 -0.782183
v -0.886465 2.972644 -0.782183
v -1.027097 2.965266 -0.782183
v -1.167730 2.957889 -0.782183
v -1.308362 2.950512 -0.782183
v -1.448994 2.943134 -0.782183
v -1.589627 2.935757 -0.782183
v -1.730259 2.928379 -0.782183
v -1.870892 2.921002 -0.782183
v -2.011524 2.913624 -0.782183
v -2.152157 2.906247 -0.782183
v -2.292789 2.898869 -0.782183
v -2.433421 2.891492 -0.782183
v -2.574054 2.884115 -0.782183
v -2.714686 2.876737 -0.782183
v -2.855319 2.869360 -0.782183
v -2.995951 2.861982 -0.782183
v -3.136584 2.854605 -0.782183
v -3.277216 2.847227 -0.782183
v -3.417848 2.839850 -0.782183
v -3.558481 2.832473 -0.782183
v -3.699113 2.825095 -0.782183
v -3.839746 2.817718 -0.782183
v -3.980378 2.810340 -0.782183
v -4.121011 2.802963 -0.782183
v -4.261643 2.795585 -0.782183
v -4.402275 2.788208 -0.782183
v -4.542908 2.780831 -0.782183
v -4.683540 2.773453 -0.782183
v -4.824173 2.766076 -0.782183
v -4.964805 2.758698 -0.782183
v -5.105438 2.751321 -0.782183
v -5.246070 2.743943 -0.782183
v -5.774451 2.399732 -0.788654
v -5.765777 2.410195 -0.779171
v -5.754114 2.418933 -0.771253
v -5.747500 2.422391 -0.768119
v -5.740800 2.424987 -0.765766
v -5.734128 2.426666 -0.764244
v -5.727220 2.427317 -0.763654
v -5.662971 2.514634 -0.763654
v -5.588989 2.593885 -0.763654
v -5.503625 2.660529 -0.763654
v -5.527633 2.674695 -0.788654
v -5.623996 2.594899 -0.788654
v -5.705284 2.501377 -0.788654
v -5.684072 2.527306 -0.783107
v -5.714116 2.452771 -0.763909
v -5.437738 2.722362 -0.783107
v -5.429793 2.703079 -0.763909
v -5.716925 2.454734 -0.764656
v -5.719625 2.456620 -0.765867
v -5.722162 2.458394 -0.767514
v -5.725739 2.460897 -0.770976
v -5.727611 2.462209 -0.773622
v -5.729161 2.463297 -0.776569
v -5.730367 2.464144 -0.779752
v -5.731208 2.464732 -0.783107
v -5.616781 2.571630 -0.763909
v -5.619234 2.574023 -0.764656
v -5.621592 2.576323 -0.765867
v -5.623808 2.578484 -0.767514
v -5.626929 2.581536 -0.770976
v -5.628561 2.583138 -0.773622
v -5.629912 2.584465 -0.776569
v -5.630963 2.585497 -0.779752
v -5.631698 2.586214 -0.783107
v -5.683276 2.526658 -0.779752
v -5.682132 2.525729 -0.776569
v -5.680661 2.524536 -0.773622
v -5.678886 2.523095 -0.770976
v -5.675500 2.520340 -0.767514
v -5.673099 2.518385 -0.765867
v -5.670546 2.516305 -0.764656
v -5.667889 2.514141 -0.763909
v -5.560147 2.623736 -0.763909
v -5.562318 2.626388 -0.764656
v -5.564405 2.628936 -0.765867
v -5.566366 2.631331 -0.767514
v -5.569133 2.634707 -0.770976
v -5.570583 2.636475 -0.773622
v -5.571784 2.637938 -0.776569
v -5.572719 2.639076 -0.779752
v -5.573369 2.639870 -0.783107
v -5.497964 2.668200 -0.763909
v -5.499759 2.671120 -0.764656
v -5.501483 2.673926 -0.765867
v -5.503103 2.676563 -0.767514
v -5.505389 2.680283 -0.770976
v -5.506586 2.682231 -0.773622
v -5.507578 2.683845 -0.776569
v -5.508350 2.685101 -0.779752
v -5.508887 2.685975 -0.783107
v -5.437346 2.721413 -0.779752
v -5.436788 2.720051 -0.776569
v -5.436072 2.718299 -0.773622
v -5.435205 2.716185 -0.770976
v -5.433542 2.712150 -0.767514
v -5.432361 2.709289 -0.765867
v -5.431102 2.706246 -0.764656
v -5.727220 2.427317 -0.836346
v -5.734531 2.426592 -0.835688
v -5.741504 2.424756 -0.834024
v -5.754498 2.418704 -0.828540
v -5.766047 2.409940 -0.820597
v -5.774451 2.399732 -0.811346
v -5.705281 2.501380 -0.811346
v -5.623994 2.594898 -0.811346
v -5.527637 2.674692 -0.811346
v -5.503626 2.660528 -0.836346
v -5.588988 2.593886 -0.836346
v -5.662969 2.514637 -0.836346
v -5.756643 2.426859 -0.816893
v -5.689725 2.520296 -0.816893
v -5.688923 2.519655 -0.820248
v -5.687771 2.518737 -0.823431
v -5.686289 2.517557 -0.826378
v -5.684501 2.516132 -0.829024
v -5.681089 2.513408 -0.832486
v -5.678671 2.511475 -0.834133
v -5.676099 2.509419 -0.835344
v -5.673422 2.507279 -0.836091
v -5.751030 2.423238 -0.829024
v -5.752951 2.424478 -0.826378
v -5.754543 2.425504 -0.823431
v -5.755781 2.426303 -0.820248
v -5.611736 2.605928 -0.816893
v -5.611028 2.605185 -0.820248
v -5.610013 2.604117 -0.823431
v -5.608709 2.602743 -0.826378
v -5.607134 2.601085 -0.829024
v -5.604124 2.597922 -0.832486
v -5.601990 2.595680 -0.834133
v -5.599720 2.593295 -0.835344
v -5.597356 2.590813 -0.836091
v -5.520330 2.678744 -0.816893
v -5.519772 2.677884 -0.820248
v -5.518969 2.676648 -0.823431
v -5.517936 2.675060 -0.826378
v -5.516690 2.673142 -0.829024
v -5.514312 2.669481 -0.832486
v -5.512627 2.666885 -0.834133
v -5.510834 2.664123 -0.835344
v -5.508968 2.661248 -0.836091
v -0.183347 2.427317 -0.836346
v -0.183347 2.427317 -0.763654
v -0.183347 2.387213 -0.800000
v -5.782030 2.387213 -0.800000
vt 0.032727 0.000000 0.000000
vt 0.039270 0.000000 0.000000
vt 0.035760 0.012754 0.000000
vt 0.039270 0.013278 0.000000
vt 0.039270 0.026556 0.000000
vt 0.032727 0.026556 0.000000
vt 0.032251 0.012754 0.000000
vt 0.028741 0.012754 0.000000
vt 0.026191 0.000000 0.000000
vt 0.025231 0.012754 0.000000
vt 0.019635 0.000000 0.000000
vt 0.019635 0.012754 0.000000
vt 0.016125 0.012754 0.000000
vt 0.019635 0.026556 0.000000
vt 0.013079 0.026556 0.000000
vt 0.026191 0.026556 0.000000
vt 0.006543 0.026556 0.000000
vt 0.009106 0.012754 0.000000
vt 0.012616 0.012754 0.000000
vt 0.013079 0.000000 0.000000
vt 0.005596 0.012754 0.000000
vt 0.000000 0.026556 0.000000
vt 0.000000 0.013278 0.000000
vt 0.000000 0.000000 0.000000
vt 0.006543 0.000000 0.000000
vt -2.535727 0.013090 0.000000
vt -2.394946 0.013090 0.000000
vt -2.535772 0.019635 0.000000
vt -2.254120 0.013090 0.000000
vt -2.113294 0.013090 0.000000
vt -2.113294 0.006545 0.000000
vt -1.972469 0.006545 0.000000
vt -1.972469 0.000000 0.000000
vt -1.831643 0.000000 0.000000
vt -1.831643 -0.006545 0.000000
vt -1.690817 -0.006545 0.000000
vt -1.690817 -0.013090 0.000000
vt -1.549991 -0.013090 0.000000
vt -2.534460 -0.019635 0.000000
vt -1.409165 -0.013090 0.000000
vt -1.268339 -0.013090 0.000000
vt -1.409165 -0.006545 0.000000
vt -1.268339 -0.006545 0.000000
vt -1.409165 0.000000 0.000000
vt -1.268339 0.000000 0.000000
vt -1.409165 0.006545 0.000000
vt -1.268339 0.006545 0.000000
vt -1.409165 0.013090 0.000000
vt -1.268339 0.013090 0.000000
vt -1.127514 0.013090 0.000000
vt -0.986688 0.013090 0.000000
vt -0.986688 0.006545 0.000000
vt -0.845862 0.006545 0.000000
vt -0.845862 0.000000 0.000000
vt -0.705036 0.000000 0.000000
vt -0.705036 -0.006545 0.000000
vt -0.564210 -0.006545 0.000000
vt -0.564210 -0.013090 0.000000
vt -0.423385 -0.013090 0.000000
vt -0.282559 -0.013090 0.000000
vt -0.141733 -0.013090 0.000000
vt -0.282559 -0.006545 0.000000
vt -0.141733 -0.006545 0.000000
vt -0.282559 0.000000 0.000000
vt -0.141733 0.000000 0.000000
vt -0.282559 0.006545 0.000000
vt -0.141733 0.006545 0.000000
vt -0.282559 0.013090 0.000000
vt -0.141733 0.013090 0.000000
vt -0.000907 0.013090 0.000000
vt 0.139919 0.013090 0.000000
vt 0.139919 0.006545 0.000000
vt 0.280744 0.006545 0.000000
vt 0.280744 0.000000 0.000000
vt 0.421570 0.000000 0.000000
vt 0.421570 -0.006545 0.000000
vt 0.562396 -0.006545 0.000000
vt 0.562396 -0.013090 0.000000
vt 0.703222 -0.013090 0.000000
vt 2.674783 -0.019635 0.000000
vt 0.844048 -0.013090 0.000000
vt 0.984873 -0.013090 0.000000
vt 0.844048 -0.006545 0.000000
vt 0.984873 -0.006545 0.000000
vt 0.844048 0.000000 0.000000
vt 0.984873 0.000000 0.000000
vt 0.844048 0.006545 0.000000
vt 0.984873 0.006545 0.000000
vt 0.844048 0.013090 0.000000
vt 0.984873 0.013090 0.000000
vt 2.674783 0.019635 0.000000
vt 1.125699 0.013090 0.000000
vt 1.266525 0.013090 0.000000
vt 1.266525 0.006545 0.000000
vt 1.407351 0.006545 0.000000
vt 1.407351 0.000000 0.000000
vt 1.548177 0.000000 0.000000
vt 1.548177 -0.006545 0.000000
vt 1.689002 -0.006545 0.000000
vt 1.689002 -0.013090 0.000000
vt 1.829828 -0.013090 0.000000
vt 1.970654 -0.013090 0.000000
vt 2.111480 -0.013090 0.000000
vt 1.970654 -0.006545 0.000000
vt 2.111480 -0.006545 0.000000
vt 1.970654 0.000000 0.000000
vt 2.111480 0.000000 0.000000
vt 1.970654 0.006545 0.000000
vt 2.111480 0.006545 0.000000
vt 1.970654 0.013090 0.000000
vt 2.111480 0.013090 0.000000
vt 2.252306 0.013090 0.000000
vt 2.393131 0.013090 0.000000
vt 2.393131 0.006545 0.000000
vt 2.533957 0.006545 0.000000
vt 2.533957 0.000000 0.000000
vt 2.674783 0.000000 0.000000
vt 2.674783 -0.006545 0.000000
vt 2.533957 -0.006545 0.000000
vt 2.674783 -0.013090 0.000000
vt 2.533957 -0.013090 0.000000
vt 2.393131 -0.013090 0.000000
vt 2.252306 -0.013090 0.000000
vt 2.252306 -0.006545 0.000000
vt -2.535596 0.006545 0.000000
vt -2.394946 0.006545 0.000000
vt -2.254120 0.006545 0.000000
vt -2.254120 0.000000 0.000000
vt -2.113294 0.000000 0.000000
vt -2.113294 -0.006545 0.000000
vt -1.972469 -0.006545 0.000000
vt -1.972469 -0.013090 0.000000
vt -1.831643 -0.013090 0.000000
vt -2.535388 0.000000 0.000000
vt -2.394946 0.000000 0.000000
vt -2.254120 -0.006545 0.000000
vt -2.113294 -0.013090 0.000000
vt -2.535116 -0.006545 0.000000
vt -2.394946 -0.006545 0.000000
vt -2.254120 -0.013090 0.000000
vt -2.534800 -0.013090 0.000000
vt -2.394946 -0.013090 0.000000
vt 0.139919 -0.013090 0.000000
vt -0.000907 -0.013090 0.000000
vt 2.674783 0.006545 0.000000
vt 2.533957 0.013090 0.000000
vt 2.674783 0.013090 0.000000
vt 0.280744 0.013090 0.000000
vt 0.421570 0.013090 0.000000
vt 0.421570 0.006545 0.000000
vt 0.562396 0.006545 0.000000
vt 0.562396 0.000000 0.000000
vt 0.703222 0.000000 0.000000
vt 0.703222 -0.006545 0.000000
vt -1.972469 0.013090 0.000000
vt -1.831643 0.013090 0.000000
vt -1.690817 0.013090 0.000000
vt -1.690817 0.006545 0.000000
vt -1.549991 0.006545 0.000000
vt -1.549991 0.000000 0.000000
vt -1.831643 0.006545 0.000000
vt -1.549991 0.013090 0.000000
vt -1.127514 0.006545 0.000000
vt -1.127514 0.000000 0.000000
vt -1.127514 -0.006545 0.000000
vt -1.127514 -0.013090 0.000000
vt -0.845862 0.013090 0.000000
vt -0.705036 0.013090 0.000000
vt -0.564210 0.013090 0.000000
vt -0.564210 0.006545 0.000000
vt -0.423385 0.006545 0.000000
vt -0.423385 0.000000 0.000000
vt -0.705036 0.006545 0.000000
vt -0.423385 0.013090 0.000000
vt -0.000907 0.006545 0.000000
vt -0.000907 0.000000 0.000000
vt -0.000907 -0.006545 0.000000
vt 0.562396 0.013090 0.000000
vt 0.703222 0.013090 0.000000
vt 0.703222 0.006545 0.000000
vt 1.125699 0.006545 0.000000
vt 1.125699 0.000000 0.000000
vt 1.125699 -0.006545 0.000000
vt 1.125699 -0.013090 0.000000
vt 1.407351 0.013090 0.000000
vt 1.548177 0.013090 0.000000
vt 1.689002 0.013090 0.000000
vt 1.689002 0.006545 0.000000
vt 1.829828 0.006545 0.000000
vt 1.829828 0.000000 0.000000
vt 1.548177 0.006545 0.000000
vt 1.829828 0.013090 0.000000
vt 2.252306 0.006545 0.000000
vt 2.252306 0.000000 0.000000
vt -1.690817 0.000000 0.000000
vt -0.986688 0.000000 0.000000
vt -0.845862 -0.006545 0.000000
vt -0.705036 -0.013090 0.000000
vt -0.564210 0.000000 0.000000
vt 0.139919 0.000000 0.000000
vt 0.280744 -0.006545 0.000000
vt 0.421570 -0.013090 0.000000
vt 1.266525 0.000000 0.000000
vt 1.407351 -0.006545 0.000000
vt 1.548177 -0.013090 0.000000
vt 1.689002 0.000000 0.000000
vt 2.393131 0.000000 0.000000
vt -1.549991 -0.006545 0.000000
vt -0.986688 -0.006545 0.000000
vt -0.986688 -0.013090 0.000000
vt -0.423385 -0.006545 0.000000
vt 0.139919 -0.006545 0.000000
vt 1.266525 -0.006545 0.000000
vt 1.266525 -0.013090 0.000000
vt 1.829828 -0.006545 0.000000
vt 2.393131 -0.006545 0.000000
vt -0.845862 -0.013090 0.000000
vt 0.280744 -0.013090 0.000000
vt 1.407351 -0.013090 0.000000
vt 0.006543 0.026556 0.000000
vt 0.000000 0.026556 0.000000
vt 0.005596 0.012754 0.000000
vt 0.000000 0.013278 0.000000
vt 0.000000 0.000000 0.000000
vt 0.006543 0.000000 0.000000
vt 0.009106 0.012754 0.000000
vt 0.013079 0.026556 0.000000
vt 0.012616 0.012754 0.000000
vt 0.016125 0.012754 0.000000
vt 0.013079 0.000000 0.000000
vt 0.019635 0.000000 0.000000
vt 0.026191 0.000000 0.000000
vt 0.025231 0.012754 0.000000
vt 0.019635 0.012754 0.000000
vt 0.019635 0.026556 0.000000
vt 0.028741 0.012754 0.000000
vt 0.032727 0.000000 0.000000
vt 0.032251 0.012754 0.000000
vt 0.035760 0.012754 0.000000
vt 0.032727 0.026556 0.000000
vt 0.039270 0.026556 0.000000
vt 0.039270 0.013278 0.000000
vt 0.039270 0.000000 0.000000
vt 0.026191 0.026556 0.000000
vt 2.519275 -0.013090 0.000000
vt 2.379421 -0.013090 0.000000
vt 2.518936 -0.019635 0.000000
vt 2.238596 -0.013090 0.000000
vt 2.097770 -0.013090 0.000000
vt 2.097770 -0.006545 0.000000
vt 1.956944 -0.006545 0.000000
vt 1.956944 0.000000 0.000000
vt 1.816118 0.000000 0.000000
vt 1.816118 0.006545 0.000000
vt 1.675292 0.006545 0.000000
vt 1.675292 0.013090 0.000000
vt 1.534467 0.013090 0.000000
vt 2.520247 0.019635 0.000000
vt 1.393641 0.013090 0.000000
vt 1.252815 0.013090 0.000000
vt 1.393641 0.006545 0.000000
vt 1.252815 0.006545 0.000000
vt 1.393641 0.000000 0.000000
vt 1.252815 0.000000 0.000000
vt 1.393641 -0.006545 0.000000
vt 1.252815 -0.006545 0.000000
vt 1.393641 -0.013090 0.000000
vt 1.252815 -0.013090 0.000000
vt 1.111989 -0.013090 0.000000
vt 0.971163 -0.013090 0.000000
vt 0.971163 -0.006545 0.000000
vt 0.830338 -0.006545 0.000000
vt 0.830338 0.000000 0.000000
vt 0.689512 0.000000 0.000000
vt 0.689512 0.006545 0.000000
vt 0.548686 0.006545 0.000000
vt 0.548686 0.013090 0.000000
vt 0.407860 0.013090 0.000000
vt 0.267034 0.013090 0.000000
vt 0.126209 0.013090 0.000000
vt 0.267034 0.006545 0.000000
vt 0.126209 0.006545 0.000000
vt 0.267034 0.000000 0.000000
vt 0.126209 0.000000 0.000000
vt 0.267034 -0.006545 0.000000
vt 0.126209 -0.006545 0.000000
vt 0.267034 -0.013090 0.000000
vt 0.126209 -0.013090 0.000000
vt -0.014617 -0.013090 0.000000
vt -0.155443 -0.013090 0.000000
vt -0.155443 -0.006545 0.000000
vt -0.296269 -0.006545 0.000000
vt -0.296269 0.000000 0.000000
vt -0.437095 0.000000 0.000000
vt -0.437095 0.006545 0.000000
vt -0.577920 0.006545 0.000000
vt -0.577920 0.013090 0.000000
vt -0.718746 0.013090 0.000000
vt -2.690307 0.019635 0.000000
vt -0.859572 0.013090 0.000000
vt -1.000398 0.013090 0.000000
vt -0.859572 0.006545 0.000000
vt -1.000398 0.006545 0.000000
vt -0.859572 0.000000 0.000000
vt -1.000398 0.000000 0.000000
vt -0.859572 -0.006545 0.000000
vt -1.000398 -0.006545 0.000000
vt -0.859572 -0.013090 0.000000
vt -1.000398 -0.013090 0.000000
vt -2.690307 -0.019635 0.000000
vt -1.141224 -0.013090 0.000000
vt -1.282049 -0.013090 0.000000
vt -1.282049 -0.006545 0.000000
vt -1.422875 -0.006545 0.000000
vt -1.422875 0.000000 0.000000
vt -1.563701 0.000000 0.000000
vt -1.563701 0.006545 0.000000
vt -1.704527 0.006545 0.000000
vt -1.704527 0.013090 0.000000
vt -1.845353 0.013090 0.000000
vt -1.986178 0.013090 0.000000
vt -2.127004 0.013090 0.000000
vt -1.986178 0.006545 0.000000
vt -2.127004 0.006545 0.000000
vt -1.986178 0.000000 0.000000
vt -2.127004 0.000000 0.000000
vt -1.986178 -0.006545 0.000000
vt -2.127004 -0.006545 0.000000
vt -1.986178 -0.013090 0.000000
vt -2.127004 -0.013090 0.000000
vt -2.267830 -0.013090 0.000000
vt -2.408656 -0.013090 0.000000
vt -2.408656 -0.006545 0.000000
vt -2.549482 -0.006545 0.000000
vt -2.549482 0.000000 0.000000
vt -2.690307 0.000000 0.000000
vt -2.690307 0.006545 0.000000
vt -2.549482 0.006545 0.000000
vt -2.690307 0.013090 0.000000
vt -2.549482 0.013090 0.000000
vt -2.408656 0.013090 0.000000
vt -2.267830 0.013090 0.000000
vt -2.267830 0.006545 0.000000
vt 2.379421 -0.006545 0.000000
vt 2.519592 -0.006545 0.000000
vt 2.379421 0.000000 0.000000
vt 2.519863 0.000000 0.000000
vt 2.379421 0.006545 0.000000
vt 2.520072 0.006545 0.000000
vt 2.379421 0.013090 0.000000
vt 2.520203 0.013090 0.000000
vt -0.014617 0.013090 0.000000
vt -0.155443 0.013090 0.000000
vt -0.296269 0.013090 0.000000
vt -0.155443 0.006545 0.000000
vt -0.296269 0.006545 0.000000
vt -0.155443 0.000000 0.000000
vt -2.690307 -0.006545 0.000000
vt -2.549482 -0.013090 0.000000
vt -2.690307 -0.013090 0.000000
vt -0.296269 -0.013090 0.000000
vt -0.437095 -0.013090 0.000000
vt -0.437095 -0.006545 0.000000
vt -0.577920 -0.006545 0.000000
vt -0.577920 0.000000 0.000000
vt -0.718746 0.000000 0.000000
vt -0.718746 0.006545 0.000000
vt 2.238596 -0.006545 0.000000
vt 2.238596 0.000000 0.000000
vt 2.238596 0.006545 0.000000
vt 2.238596 0.013090 0.000000
vt 1.956944 -0.013090 0.000000
vt 1.816118 -0.013090 0.000000
vt 1.675292 -0.013090 0.000000
vt 1.675292 -0.006545 0.000000
vt 1.534467 -0.006545 0.000000
vt 1.534467 0.000000 0.000000
vt 1.816118 -0.006545 0.000000
vt 1.534467 -0.013090 0.000000
vt 1.111989 -0.006545 0.000000
vt 1.111989 0.000000 0.000000
vt 1.111989 0.006545 0.000000
vt 1.111989 0.013090 0.000000
vt 0.830338 -0.013090 0.000000
vt 0.689512 -0.013090 0.000000
vt 0.548686 -0.013090 0.000000
vt 0.548686 -0.006545 0.000000
vt 0.407860 -0.006545 0.000000
vt 0.407860 0.000000 0.000000
vt 0.689512 -0.006545 0.000000
vt 0.407860 -0.013090 0.000000
vt -0.014617 -0.006545 0.000000
vt -0.014617 0.000000 0.000000
vt -0.014617 0.006545 0.000000
vt -0.577920 -0.013090 0.000000
vt -0.718746 -0.013090 0.000000
vt -0.718746 -0.006545 0.000000
vt -1.141224 -0.006545 0.000000
vt -1.141224 0.000000 0.000000
vt -1.141224 0.006545 0.000000
vt -1.141224 0.013090 0.000000
vt -1.422875 -0.013090 0.000000
vt -1.563701 -0.013090 0.000000
vt -1.704527 -0.013090 0.000000
vt -1.704527 -0.006545 0.000000
vt -1.845353 -0.006545 0.000000
vt -1.845353 0.000000 0.000000
vt -1.563701 -0.006545 0.000000
vt -1.845353 -0.013090 0.000000
vt -2.267830 -0.006545 0.000000
vt -2.267830 0.000000 0.000000
vt 2.097770 0.000000 0.000000
vt 1.956944 0.006545 0.000000
vt 1.816118 0.013090 0.000000
vt 1.675292 0.000000 0.000000
vt 0.971163 0.000000 0.000000
vt 0.830338 0.006545 0.000000
vt 0.689512 0.013090 0.000000
vt 0.548686 0.000000 0.000000
vt -1.282049 0.000000 0.000000
vt -1.422875 0.006545 0.000000
vt -1.563701 0.013090 0.000000
vt -1.704527 0.000000 0.000000
vt -2.408656 0.000000 0.000000
vt 2.097770 0.006545 0.000000
vt 2.097770 0.013090 0.000000
vt 1.534467 0.006545 0.000000
vt 0.971163 0.006545 0.000000
vt 0.971163 0.013090 0.000000
vt 0.407860 0.006545 0.000000
vt -1.282049 0.006545 0.000000
vt -1.282049 0.013090 0.000000
vt -1.845353 0.006545 0.000000
vt -2.408656 0.006545 0.000000
vt 1.956944 0.013090 0.000000
vt 0.830338 0.013090 0.000000
vt -0.437095 0.013090 0.000000
vt -1.422875 0.013090 0.000000
vt 0.000000 0.138149 0.000000
vt 0.000000 0.014724 0.000000
vt 0.005596 0.093171 0.000000
vt 0.009720 0.028279 0.000000
vt 0.009106 0.093171 0.000000
vt 0.012616 0.093171 0.000000
vt 0.009106 0.171617 0.000000
vt 0.012616 0.171617 0.000000
vt 0.009106 0.250064 0.000000
vt 0.012616 0.250064 0.000000
vt 0.009106 0.328510 0.000000
vt 0.012616 0.328510 0.000000
vt 0.009106 0.406396 0.000000
vt 0.012616 0.406396 0.000000
vt 0.009106 0.484282 0.000000
vt 0.012616 0.484282 0.000000
vt 0.013077 0.508409 0.000000
vt 0.016125 0.484282 0.000000
vt 0.019632 0.508420 0.000000
vt 0.019635 0.484282 0.000000
vt 0.025231 0.484282 0.000000
vt 0.025231 0.406396 0.000000
vt 0.028741 0.406396 0.000000
vt 0.028741 0.328510 0.000000
vt 0.032251 0.328510 0.000000
vt 0.032251 0.250064 0.000000
vt 0.035760 0.250064 0.000000
vt 0.035760 0.171617 0.000000
vt 0.039270 0.175187 0.000000
vt 0.035760 0.093171 0.000000
vt 0.039270 0.064099 0.000000
vt 0.033833 0.059646 0.000000
vt 0.032251 0.093171 0.000000
vt 0.028934 0.054489 0.000000
vt 0.028741 0.093171 0.000000
vt 0.025231 0.093171 0.000000
vt 0.025231 0.171617 0.000000
vt 0.019635 0.171617 0.000000
vt 0.019635 0.250064 0.000000
vt 0.016125 0.250064 0.000000
vt 0.016125 0.328510 0.000000
vt 0.019250 0.042011 0.000000
vt 0.016125 0.093171 0.000000
vt 0.016125 0.171617 0.000000
vt 0.019635 0.093171 0.000000
vt 0.024112 0.048573 0.000000
vt 0.039270 0.286265 0.000000
vt 0.035760 0.328510 0.000000
vt 0.032251 0.406396 0.000000
vt 0.028741 0.484282 0.000000
vt 0.026187 0.508424 0.000000
vt 0.039270 0.397343 0.000000
vt 0.035760 0.406396 0.000000
vt 0.032251 0.484282 0.000000
vt 0.032723 0.508422 0.000000
vt 0.035760 0.484282 0.000000
vt 0.039266 0.508421 0.000000
vt 0.006542 0.508403 0.000000
vt 0.005596 0.484282 0.000000
vt 0.005596 0.406396 0.000000
vt 0.005596 0.328510 0.000000
vt 0.005596 0.250064 0.000000
vt 0.005596 0.171617 0.000000
vt 0.000000 0.508420 0.000000
vt 0.000000 0.384997 0.000000
vt 0.000000 0.261573 0.000000
vt 0.032251 0.171617 0.000000
vt 0.028741 0.171617 0.000000
vt 0.028741 0.250064 0.000000
vt 0.025231 0.250064 0.000000
vt 0.019635 0.328510 0.000000
vt 0.016125 0.406396 0.000000
vt 0.025231 0.328510 0.000000
vt 0.019635 0.406396 0.000000
vt 0.028654 0.047692 0.000000
vt 0.014327 0.047692 0.000000
vt 0.028654 0.025000 0.000000
vt 0.014327 0.025000 0.000000
vt 0.000000 0.047692 0.000000
vt 0.000000 0.025000 0.000000
vt 0.039270 0.348024 0.000000
vt 0.039270 0.459106 0.000000
vt 0.035760 0.360587 0.000000
vt 0.033530 0.463848 0.000000
vt 0.032251 0.360587 0.000000
vt 0.028425 0.469304 0.000000
vt 0.028741 0.360587 0.000000
vt 0.025231 0.360587 0.000000
vt 0.028741 0.245325 0.000000
vt 0.025231 0.245325 0.000000
vt 0.028741 0.130063 0.000000
vt 0.025231 0.130063 0.000000
vt 0.026186 0.014801 0.000000
vt 0.019635 0.130063 0.000000
vt 0.019631 0.014805 0.000000
vt 0.016125 0.130063 0.000000
vt 0.013076 0.014817 0.000000
vt 0.012616 0.130063 0.000000
vt 0.009106 0.130063 0.000000
vt 0.009106 0.245325 0.000000
vt 0.005597 0.245325 0.000000
vt 0.005597 0.360587 0.000000
vt 0.000000 0.261640 0.000000
vt 0.000000 0.385058 0.000000
vt 0.005597 0.475849 0.000000
vt 0.000000 0.508478 0.000000
vt 0.009471 0.495287 0.000000
vt 0.009106 0.475849 0.000000
vt 0.012616 0.475849 0.000000
vt 0.012616 0.360587 0.000000
vt 0.016125 0.360587 0.000000
vt 0.016125 0.245325 0.000000
vt 0.019635 0.245325 0.000000
vt 0.019635 0.475849 0.000000
vt 0.018960 0.481597 0.000000
vt 0.016125 0.475849 0.000000
vt 0.000000 0.138221 0.000000
vt 0.005597 0.130063 0.000000
vt 0.006541 0.014823 0.000000
vt 0.000000 0.014806 0.000000
vt 0.032722 0.014803 0.000000
vt 0.032251 0.130063 0.000000
vt 0.032251 0.245325 0.000000
vt 0.035760 0.130063 0.000000
vt 0.039265 0.014805 0.000000
vt 0.039270 0.125876 0.000000
vt 0.039270 0.236950 0.000000
vt 0.035760 0.245325 0.000000
vt 0.009106 0.360587 0.000000
vt 0.012616 0.245325 0.000000
vt 0.019635 0.360587 0.000000
vt -0.558030 0.183347 0.000000
vt -0.000000 0.183347 0.000000
vt -0.285133 5.385437 0.000000
vt -0.233211 5.503626 0.000000
vt -0.280969 5.406446 0.000000
vt 0.000000 5.727220 0.000000
vt -0.087319 5.662969 0.000000
vt -0.166568 5.588988 0.000000
vt -0.283805 5.396091 0.000000
vt 0.018555 0.835494 0.000000
vt 0.012517 0.832997 0.000000
vt 0.025034 0.836346 0.000000
vt 0.007332 0.829024 0.000000
vt 0.583064 0.836346 0.000000
vt 0.003354 0.823846 0.000000
vt 0.000853 0.817817 0.000000
vt 0.623169 0.800000 0.000000
vt 0.000000 0.811346 0.000000
vt 0.000000 0.788654 0.000000
vt 0.000853 0.782183 0.000000
vt 0.583064 0.763654 0.000000
vt 0.003354 0.776154 0.000000
vt 0.007332 0.770976 0.000000
vt 0.025034 0.763654 0.000000
vt 0.012517 0.767003 0.000000
vt 0.018555 0.764506 0.000000
vt 0.000000 5.782030 0.000000
vt -0.016896 5.774451 0.000000
vt 0.000000 0.183347 0.000000
vt -0.030672 5.766047 0.000000
vt -0.054124 0.183347 0.000000
vt -0.042499 5.754498 0.000000
vt -0.050667 5.741504 0.000000
vt -0.053145 5.734531 0.000000
vt -0.054124 5.727220 0.000000
vt 2.622124 0.788654 0.000000
vt 2.622124 0.811346 0.000000
vt 2.481527 0.788654 0.000000
vt 2.481522 0.811346 0.000000
vt 2.352191 0.788654 0.000000
vt 2.352192 0.811346 0.000000
vt 2.234528 0.811346 0.000000
vt 2.126368 0.811346 0.000000
vt 2.113970 0.800000 0.000000
vt 2.234524 0.788654 0.000000
vt 2.126368 0.788654 0.000000
vt 5.224094 0.811346 0.000000
vt 0.013539 0.811346 0.000000
vt 5.224094 0.788654 0.000000
vt 0.013539 0.788654 0.000000
vt -0.034653 0.183347 0.000000
vt -0.307549 5.385437 0.000000
vt -0.592682 0.183347 0.000000
vt -0.359471 5.503625 0.000000
vt -0.426115 5.588989 0.000000
vt -0.308877 5.396091 0.000000
vt -0.311713 5.406446 0.000000
vt -0.505366 5.662971 0.000000
vt -0.592682 5.727220 0.000000
vt -0.000000 5.727220 0.000000
vt -0.000879 5.734128 0.000000
vt 0.000000 0.183347 0.000000
vt -0.003145 5.740800 0.000000
vt -0.006649 5.747500 0.000000
vt -0.011316 5.754114 0.000000
vt -0.023107 5.765777 0.000000
vt -0.054124 0.183347 0.000000
vt -0.037228 5.774451 0.000000
vt -0.054124 5.782030 0.000000
vn -0.013729 0.261709 -0.965049
vn 0.000000 -0.000000 -1.000000
vn -0.027207 0.141453 -0.989571
vn -0.000000 -0.000000 -1.000000
vn 0.000000 -0.000000 -1.000000
vn -0.087137 0.247158 -0.965049
vn -0.052900 0.275018 -0.959983
vn -0.077141 0.401021 -0.912815
vn -0.026041 0.496416 -0.867694
vn -0.100024 0.519971 -0.848308
vn -0.037043 0.706136 -0.707107
vn -0.133554 0.694382 -0.707105
vn -0.151331 0.786985 -0.598125
vn -0.235110 0.666876 -0.707107
vn -0.288505 0.818326 -0.497098
vn -0.165283 0.468816 -0.867694
vn -0.320875 0.910142 -0.262068
vn -0.176304 0.917223 -0.357239
vn -0.165490 0.860826 -0.481240
vn -0.045456 0.866503 -0.497098
vn -0.183884 0.956643 -0.225879
vn -0.332496 0.943105 0.000000
vn -0.194434 0.980916 -0.000000
vn -0.052387 0.998627 0.000000
vn -0.050556 0.963724 -0.262068
vn -0.050602 0.964599 -0.258819
vn -0.050602 0.964599 -0.258819
vn -0.052387 0.998627 0.000000
vn -0.050602 0.964599 -0.258819
vn -0.050602 0.964599 -0.258819
vn -0.045368 0.864836 -0.500000
vn -0.045368 0.864836 -0.500000
vn -0.037043 0.706136 -0.707107
vn -0.037043 0.706136 -0.707107
vn -0.026193 0.499313 -0.866025
vn -0.026193 0.499313 -0.866025
vn -0.013559 0.258464 -0.965926
vn -0.013559 0.258464 -0.965926
vn 0.000000 -0.000000 -1.000000
vn -0.013559 0.258464 -0.965926
vn -0.013559 0.258464 -0.965926
vn -0.026193 0.499313 -0.866025
vn -0.026193 0.499313 -0.866025
vn -0.037043 0.706136 -0.707107
vn -0.037043 0.706136 -0.707107
vn -0.045368 0.864836 -0.500000
vn -0.045368 0.864836 -0.500000
vn -0.050602 0.964599 -0.258819
vn -0.050602 0.964599 -0.258819
vn -0.050602 0.964599 -0.258819
vn -0.050602 0.964599 -0.258819
vn -0.045368 0.864836 -0.500000
vn -0.045368 0.864836 -0.500000
vn -0.037043 0.706136 -0.707107
vn -0.037043 0.706136 -0.707107
vn -0.026193 0.499313 -0.866025
vn -0.026193 0.499313 -0.866025
vn -0.013559 0.258464 -0.965926
vn -0.013559 0.258464 -0.965926
vn -0.013559 0.258464 -0.965926
vn -0.013559 0.258464 -0.965926
vn -0.026193 0.499313 -0.866025
vn -0.026193 0.499313 -0.866025
vn -0.037043 0.706136 -0.707107
vn -0.037043 0.706136 -0.707107
vn -0.045368 0.864836 -0.500000
vn -0.045368 0.864836 -0.500000
vn -0.050602 0.964599 -0.258819
vn -0.050602 0.964599 -0.258819
vn -0.050602 0.964599 -0.258819
vn -0.050602 0.964599 -0.258819
vn -0.045368 0.864836 -0.500000
vn -0.045368 0.864836 -0.500000
vn -0.037043 0.706136 -0.707107
vn -0.037043 0.706136 -0.707107
vn -0.026193 0.499313 -0.866025
vn -0.026193 0.499313 -0.866025
vn -0.013559 0.258464 -0.965926
vn -0.013559 0.258464 -0.965926
vn -0.000000 0.000000 -1.000000
vn -0.013559 0.258464 -0.965926
vn -0.013559 0.258464 -0.965926
vn -0.026193 0.499313 -0.866025
vn -0.026193 0.499313 -0.866025
vn -0.037043 0.706136 -0.707107
vn -0.037043 0.706136 -0.707107
vn -0.045368 0.864836 -0.500000
vn -0.045368 0.864836 -0.500000
vn -0.050602 0.964599 -0.258819
vn -0.050602 0.964599 -0.258819
vn -0.052387 0.998627 -0.000000
vn -0.050602 0.964599 -0.258819
vn -0.050602 0.964599 -0.258819
vn -0.045368 0.864836 -0.500000
vn -0.045368 0.864836 -0.500000
vn -0.037043 0.706136 -0.707107
vn -0.037043 0.706136 -0.707107
vn -0.026193 0.499313 -0.866025
vn -0.026193 0.499313 -0.866025
vn -0.013559 0.258464 -0.965926
vn -0.013559 0.258464 -0.965926
vn -0.013559 0.258464 -0.965926
vn -0.013559 0.258464 -0.965926
vn -0.026193 0.499313 -0.866025
vn -0.026193 0.499313 -0.866025
vn -0.037043 0.706136 -0.707107
vn -0.037043 0.706136 -0.707107
vn -0.045368 0.864836 -0.500000
vn -0.045368 0.864836 -0.500000
vn -0.050602 0.964599 -0.258819
vn -0.050602 0.964599 -0.258819
vn -0.050602 0.964599 -0.258819
vn -0.050602 0.964599 -0.258819
vn -0.045368 0.864836 -0.500000
vn -0.045368 0.864836 -0.500000
vn -0.037043 0.706136 -0.707107
vn -0.026193 0.499313 -0.866025
vn -0.026193 0.499313 -0.866025
vn -0.013559 0.258464 -0.965926
vn -0.013559 0.258464 -0.965926
vn -0.013559 0.258464 -0.965926
vn -0.013559 0.258464 -0.965926
vn -0.026193 0.499313 -0.866025
vn -0.045368 0.864836 -0.500000
vn -0.045368 0.864836 -0.500000
vn -0.045368 0.864836 -0.500000
vn -0.037043 0.706136 -0.707107
vn -0.037043 0.706136 -0.707107
vn -0.026193 0.499313 -0.866025
vn -0.026193 0.499313 -0.866025
vn -0.013559 0.258464 -0.965926
vn -0.013559 0.258464 -0.965926
vn -0.037043 0.706136 -0.707107
vn -0.037043 0.706136 -0.707107
vn -0.026193 0.499313 -0.866025
vn -0.013559 0.258464 -0.965926
vn -0.026193 0.499313 -0.866025
vn -0.026193 0.499313 -0.866025
vn -0.013559 0.258464 -0.965926
vn -0.013559 0.258464 -0.965926
vn -0.013559 0.258464 -0.965926
vn -0.013559 0.258464 -0.965926
vn -0.013559 0.258464 -0.965926
vn -0.045368 0.864836 -0.500000
vn -0.050602 0.964599 -0.258819
vn -0.050602 0.964599 -0.258819
vn -0.050602 0.964599 -0.258819
vn -0.050602 0.964599 -0.258819
vn -0.045368 0.864836 -0.500000
vn -0.045368 0.864836 -0.500000
vn -0.037043 0.706136 -0.707107
vn -0.037043 0.706136 -0.707107
vn -0.026193 0.499313 -0.866025
vn -0.050602 0.964599 -0.258819
vn -0.050602 0.964599 -0.258819
vn -0.050602 0.964599 -0.258819
vn -0.045368 0.864836 -0.500000
vn -0.045368 0.864836 -0.500000
vn -0.037043 0.706136 -0.707107
vn -0.045368 0.864836 -0.500000
vn -0.050602 0.964599 -0.258819
vn -0.045368 0.864836 -0.500000
vn -0.037043 0.706136 -0.707107
vn -0.026193 0.499313 -0.866025
vn -0.013559 0.258464 -0.965926
vn -0.050602 0.964599 -0.258819
vn -0.050602 0.964599 -0.258819
vn -0.050602 0.964599 -0.258819
vn -0.045368 0.864836 -0.500000
vn -0.045368 0.864836 -0.500000
vn -0.037043 0.706136 -0.707107
vn -0.045368 0.864836 -0.500000
vn -0.050602 0.964599 -0.258819
vn -0.045368 0.864836 -0.500000
vn -0.037043 0.706136 -0.707107
vn -0.026193 0.499313 -0.866025
vn -0.050602 0.964599 -0.258819
vn -0.050602 0.964599 -0.258819
vn -0.045368 0.864836 -0.500000
vn -0.045368 0.864836 -0.500000
vn -0.037043 0.706136 -0.707107
vn -0.026193 0.499313 -0.866025
vn -0.013559 0.258464 -0.965926
vn -0.050602 0.964599 -0.258819
vn -0.050602 0.964599 -0.258819
vn -0.050602 0.964599 -0.258819
vn -0.045368 0.864836 -0.500000
vn -0.045368 0.864836 -0.500000
vn -0.037043 0.706136 -0.707107
vn -0.045368 0.864836 -0.500000
vn -0.050602 0.964599 -0.258819
vn -0.045368 0.864836 -0.500000
vn -0.037043 0.706136 -0.707107
vn -0.037043 0.706136 -0.707107
vn -0.037043 0.706136 -0.707107
vn -0.026193 0.499313 -0.866025
vn -0.013559 0.258464 -0.965926
vn -0.037043 0.706136 -0.707107
vn -0.037043 0.706136 -0.707107
vn -0.026193 0.499313 -0.866025
vn -0.013559 0.258464 -0.965926
vn -0.037043 0.706136 -0.707107
vn -0.026193 0.499313 -0.866025
vn -0.013559 0.258464 -0.965926
vn -0.037043 0.706136 -0.707107
vn -0.037043 0.706136 -0.707107
vn -0.026193 0.499313 -0.866025
vn -0.026193 0.499313 -0.866025
vn -0.013559 0.258464 -0.965926
vn -0.026193 0.499313 -0.866025
vn -0.026193 0.499313 -0.866025
vn -0.026193 0.499313 -0.866025
vn -0.013559 0.258464 -0.965926
vn -0.026193 0.499313 -0.866025
vn -0.026193 0.499313 -0.866025
vn -0.013559 0.258464 -0.965926
vn -0.013559 0.258464 -0.965926
vn -0.013559 0.258464 -0.965926
vn -0.050556 0.963724 0.262068
vn -0.052387 0.998627 0.000000
vn -0.194928 0.954454 0.225879
vn -0.194434 0.980916 -0.000000
vn -0.332496 0.943105 0.000000
vn -0.320875 0.910142 0.262068
vn -0.186897 0.915123 0.357239
vn -0.045456 0.866503 0.497098
vn -0.175381 0.858865 0.481240
vn -0.160304 0.785207 0.598125
vn -0.288505 0.818326 0.497098
vn -0.235110 0.666876 0.707107
vn -0.165283 0.468816 0.867694
vn -0.105880 0.518810 0.848308
vn -0.141414 0.692824 0.707105
vn -0.037043 0.706136 0.707107
vn -0.081659 0.400125 0.912815
vn -0.087137 0.247158 0.965049
vn -0.056004 0.274403 0.959983
vn -0.028807 0.141136 0.989571
vn -0.013729 0.261709 0.965049
vn -0.000000 0.000000 1.000000
vn -0.000000 0.000000 1.000000
vn -0.000000 0.000000 1.000000
vn -0.026041 0.496416 0.867694
vn -0.013559 0.258464 0.965926
vn -0.013559 0.258464 0.965926
vn 0.000000 -0.000000 1.000000
vn -0.013559 0.258464 0.965926
vn -0.013559 0.258464 0.965926
vn -0.026193 0.499313 0.866025
vn -0.026193 0.499313 0.866025
vn -0.037043 0.706136 0.707107
vn -0.037043 0.706136 0.707107
vn -0.045368 0.864836 0.500000
vn -0.045368 0.864836 0.500000
vn -0.050602 0.964599 0.258819
vn -0.050602 0.964599 0.258819
vn -0.052387 0.998627 -0.000000
vn -0.050602 0.964599 0.258819
vn -0.050602 0.964599 0.258819
vn -0.045368 0.864836 0.500000
vn -0.045368 0.864836 0.500000
vn -0.037043 0.706136 0.707107
vn -0.037043 0.706136 0.707107
vn -0.026193 0.499313 0.866025
vn -0.026193 0.499313 0.866025
vn -0.013559 0.258464 0.965926
vn -0.013559 0.258464 0.965926
vn -0.013559 0.258464 0.965926
vn -0.013559 0.258464 0.965926
vn -0.026193 0.499313 0.866025
vn -0.026193 0.499313 0.866025
vn -0.037043 0.706136 0.707107
vn -0.037043 0.706136 0.707107
vn -0.045368 0.864836 0.500000
vn -0.045368 0.864836 0.500000
vn -0.050602 0.964599 0.258819
vn -0.050602 0.964599 0.258819
vn -0.050602 0.964599 0.258819
vn -0.050602 0.964599 0.258819
vn -0.045368 0.864836 0.500000
vn -0.045368 0.864836 0.500000
vn -0.037043 0.706136 0.707107
vn -0.037043 0.706136 0.707107
vn -0.026193 0.499313 0.866025
vn -0.026193 0.499313 0.866025
vn -0.013559 0.258464 0.965926
vn -0.013559 0.258464 0.965926
vn -0.013559 0.258464 0.965926
vn -0.013559 0.258464 0.965926
vn -0.026193 0.499313 0.866025
vn -0.026193 0.499313 0.866025
vn -0.037043 0.706136 0.707107
vn -0.037043 0.706136 0.707107
vn -0.045368 0.864836 0.500000
vn -0.045368 0.864836 0.500000
vn -0.050602 0.964599 0.258819
vn -0.050602 0.964599 0.258819
vn -0.052387 0.998627 0.000000
vn -0.050602 0.964599 0.258819
vn -0.050602 0.964599 0.258819
vn -0.045368 0.864836 0.500000
vn -0.045368 0.864836 0.500000
vn -0.037043 0.706136 0.707107
vn -0.037043 0.706136 0.707107
vn -0.026193 0.499313 0.866025
vn -0.026193 0.499313 0.866025
vn -0.013559 0.258464 0.965926
vn -0.013559 0.258464 0.965926
vn -0.000000 0.000000 1.000000
vn -0.013559 0.258464 0.965926
vn -0.013559 0.258464 0.965926
vn -0.026193 0.499313 0.866025
vn -0.026193 0.499313 0.866025
vn -0.037043 0.706136 0.707107
vn -0.037043 0.706136 0.707107
vn -0.045368 0.864836 0.500000
vn -0.045368 0.864836 0.500000
vn -0.050602 0.964599 0.258819
vn -0.050602 0.964599 0.258819
vn -0.050602 0.964599 0.258819
vn -0.050602 0.964599 0.258819
vn -0.045368 0.864836 0.500000
vn -0.045368 0.864836 0.500000
vn -0.037043 0.706136 0.707107
vn -0.037043 0.706136 0.707107
vn -0.026193 0.499313 0.866025
vn -0.026193 0.499313 0.866025
vn -0.013559 0.258464 0.965926
vn -0.013559 0.258464 0.965926
vn -0.013559 0.258464 0.965926
vn -0.013559 0.258464 0.965926
vn -0.026193 0.499313 0.866025
vn -0.026193 0.499313 0.866025
vn -0.037043 0.706136 0.707107
vn -0.045368 0.864836 0.500000
vn -0.045368 0.864836 0.500000
vn -0.050602 0.964599 0.258819
vn -0.050602 0.964599 0.258819
vn -0.050602 0.964599 0.258819
vn -0.050602 0.964599 0.258819
vn -0.045368 0.864836 0.500000
vn -0.026193 0.499313 0.866025
vn -0.026193 0.499313 0.866025
vn -0.037043 0.706136 0.707107
vn -0.037043 0.706136 0.707107
vn -0.045368 0.864836 0.500000
vn -0.045368 0.864836 0.500000
vn -0.050602 0.964599 0.258819
vn -0.050602 0.964599 0.258819
vn -0.050602 0.964599 0.258819
vn -0.050602 0.964599 0.258819
vn -0.050602 0.964599 0.258819
vn -0.045368 0.864836 0.500000
vn -0.045368 0.864836 0.500000
vn -0.037043 0.706136 0.707107
vn -0.026193 0.499313 0.866025
vn -0.013559 0.258464 0.965926
vn -0.013559 0.258464 0.965926
vn -0.013559 0.258464 0.965926
vn -0.013559 0.258464 0.965926
vn -0.026193 0.499313 0.866025
vn -0.026193 0.499313 0.866025
vn -0.037043 0.706136 0.707107
vn -0.037043 0.706136 0.707107
vn -0.045368 0.864836 0.500000
vn -0.026193 0.499313 0.866025
vn -0.037043 0.706136 0.707107
vn -0.045368 0.864836 0.500000
vn -0.050602 0.964599 0.258819
vn -0.013559 0.258464 0.965926
vn -0.013559 0.258464 0.965926
vn -0.013559 0.258464 0.965926
vn -0.026193 0.499313 0.866025
vn -0.026193 0.499313 0.866025
vn -0.037043 0.706136 0.707107
vn -0.026193 0.499313 0.866025
vn -0.013559 0.258464 0.965926
vn -0.026193 0.499313 0.866025
vn -0.037043 0.706136 0.707107
vn -0.045368 0.864836 0.500000
vn -0.050602 0.964599 0.258819
vn -0.013559 0.258464 0.965926
vn -0.013559 0.258464 0.965926
vn -0.013559 0.258464 0.965926
vn -0.026193 0.499313 0.866025
vn -0.026193 0.499313 0.866025
vn -0.037043 0.706136 0.707107
vn -0.026193 0.499313 0.866025
vn -0.013559 0.258464 0.965926
vn -0.026193 0.499313 0.866025
vn -0.037043 0.706136 0.707107
vn -0.045368 0.864836 0.500000
vn -0.013559 0.258464 0.965926
vn -0.013559 0.258464 0.965926
vn -0.026193 0.499313 0.866025
vn -0.026193 0.499313 0.866025
vn -0.037043 0.706136 0.707107
vn -0.045368 0.864836 0.500000
vn -0.050602 0.964599 0.258819
vn -0.013559 0.258464 0.965926
vn -0.013559 0.258464 0.965926
vn -0.013559 0.258464 0.965926
vn -0.026193 0.499313 0.866025
vn -0.026193 0.499313 0.866025
vn -0.037043 0.706136 0.707107
vn -0.026193 0.499313 0.866025
vn -0.013559 0.258464 0.965926
vn -0.026193 0.499313 0.866025
vn -0.037043 0.706136 0.707107
vn -0.037043 0.706136 0.707107
vn -0.045368 0.864836 0.500000
vn -0.050602 0.964599 0.258819
vn -0.037043 0.706136 0.707107
vn -0.037043 0.706136 0.707107
vn -0.045368 0.864836 0.500000
vn -0.050602 0.964599 0.258819
vn -0.037043 0.706136 0.707107
vn -0.037043 0.706136 0.707107
vn -0.045368 0.864836 0.500000
vn -0.050602 0.964599 0.258819
vn -0.037043 0.706136 0.707107
vn -0.037043 0.706136 0.707107
vn -0.045368 0.864836 0.500000
vn -0.050602 0.964599 0.258819
vn -0.045368 0.864836 0.500000
vn -0.045368 0.864836 0.500000
vn -0.050602 0.964599 0.258819
vn -0.045368 0.864836 0.500000
vn -0.045368 0.864836 0.500000
vn -0.050602 0.964599 0.258819
vn -0.045368 0.864836 0.500000
vn -0.045368 0.864836 0.500000
vn -0.050602 0.964599 0.258819
vn -0.050602 0.964599 0.258819
vn -0.050602 0.964599 0.258819
vn -0.050602 0.964599 0.258819
vn -0.795843 0.605503 0.000014
vn -0.852868 0.522127 0.000052
vn -0.798325 0.558234 0.225948
vn -0.784361 0.490715 0.379442
vn -0.765450 0.535246 0.357208
vn -0.718412 0.502356 0.481167
vn -0.724398 0.589615 0.357214
vn -0.679885 0.553373 0.481181
vn -0.668302 0.652525 0.357188
vn -0.627243 0.612444 0.481122
vn -0.591826 0.722627 0.357144
vn -0.555499 0.678248 0.481041
vn -0.489002 0.795774 0.357241
vn -0.458936 0.746848 0.481244
vn -0.357092 0.863137 0.357043
vn -0.335172 0.810202 0.480866
vn -0.289015 0.818259 0.496914
vn -0.306431 0.740790 0.597771
vn -0.235484 0.666896 0.706963
vn -0.270347 0.653610 0.706899
vn -0.202393 0.489351 0.848276
vn -0.277221 0.451134 0.848308
vn -0.213803 0.347931 0.912815
vn -0.258757 0.315900 0.912826
vn -0.177447 0.216637 0.959990
vn -0.200361 0.195636 0.959991
vn -0.103055 0.100623 0.989573
vn -0.111714 0.090924 0.989572
vn 0.000000 0.000000 1.000000
vn -0.118041 0.082542 0.989572
vn -0.000000 -0.000000 1.000000
vn -0.183429 0.120908 0.975569
vn -0.229499 0.160480 0.959988
vn -0.336107 0.219605 0.915863
vn -0.334652 0.234011 0.912824
vn -0.433928 0.303432 0.848313
vn -0.410674 0.334234 0.848313
vn -0.548448 0.446367 0.707079
vn -0.505962 0.494043 0.707054
vn -0.573454 0.559935 0.598016
vn -0.507892 0.620093 0.597939
vn -0.605192 0.387223 0.695558
vn -0.656803 0.459279 0.598058
vn -0.621587 0.505907 0.598070
vn -0.579511 0.405234 0.707073
vn -0.475774 0.307769 0.823964
vn 0.000000 0.000000 1.000000
vn -0.091268 0.111427 0.989573
vn -0.146625 0.238609 0.959983
vn -0.156079 0.377373 0.912814
vn -0.165536 0.468859 0.867623
vn -0.000000 -0.000000 1.000000
vn -0.075415 0.122726 0.989571
vn -0.107034 0.258791 0.959985
vn -0.087297 0.247252 0.965011
vn -0.055054 0.133110 0.989571
vn -0.000055 0.000156 1.000000
vn -0.321449 0.909950 0.262035
vn -0.372390 0.900113 0.226104
vn -0.510019 0.829976 0.225878
vn -0.617216 0.753626 0.226034
vn -0.696991 0.680538 0.225991
vn -0.755514 0.614940 0.225937
vn -0.332967 0.942938 0.000353
vn -0.556957 0.830541 0.000419
vn -0.704994 0.709213 0.000362
vn -0.217199 0.176776 0.959987
vn -0.316718 0.257769 0.912822
vn -0.292164 0.285279 0.912829
vn -0.378840 0.369917 0.848317
vn -0.448129 0.547103 0.707007
vn -0.419573 0.682790 0.598128
vn -0.335531 0.409626 0.848307
vn -0.370205 0.602452 0.707107
vn 0.000000 0.000000 -1.000000
vn 0.000000 0.000000 -1.000000
vn -0.112541 0.089901 -0.989572
vn -0.193210 0.127295 -0.972865
vn -0.218807 0.174787 -0.959986
vn -0.351317 0.229320 -0.907738
vn -0.319061 0.254868 -0.912821
vn -0.413708 0.330470 -0.848313
vn -0.281528 0.295815 -0.912817
vn -0.365035 0.383561 -0.848311
vn -0.222332 0.342541 -0.912817
vn -0.288279 0.444145 -0.848310
vn -0.165602 0.468867 -0.867606
vn -0.384973 0.593126 -0.707106
vn -0.235572 0.666888 -0.706941
vn -0.436304 0.672223 -0.598127
vn -0.289122 0.818233 -0.496894
vn -0.477231 0.735292 -0.481244
vn -0.508490 0.783464 -0.357243
vn -0.643914 0.676574 -0.357242
vn -0.671588 0.705652 -0.225886
vn -0.761104 0.608014 -0.225918
vn -0.705008 0.709200 -0.000251
vn -0.795861 0.605479 -0.000005
vn -0.818402 0.528364 -0.225941
vn -0.852864 0.522133 -0.000052
vn -0.787573 0.492447 -0.370439
vn -0.784697 0.506604 -0.357215
vn -0.736475 0.475467 -0.481180
vn -0.684901 0.547130 -0.481206
vn -0.626169 0.500199 -0.598092
vn -0.552488 0.580521 -0.598124
vn -0.487479 0.512218 -0.707104
vn -0.594090 0.383533 -0.707078
vn -0.612340 0.391545 -0.686828
vn -0.673320 0.434688 -0.598068
vn -0.556961 0.830538 -0.000043
vn -0.530344 0.817136 -0.225883
vn -0.321566 0.909911 -0.262024
vn -0.333084 0.942897 -0.000358
vn -0.087337 0.247274 -0.965001
vn -0.152474 0.234912 -0.959983
vn -0.193071 0.202867 -0.959984
vn -0.078423 0.120825 -0.989571
vn -0.000068 0.000191 -1.000000
vn -0.000005 0.000008 -1.000000
vn -0.000000 -0.000000 -1.000000
vn -0.099304 0.104342 -0.989571
vn -0.729750 0.582969 -0.357227
vn -0.604324 0.634980 -0.481241
vn -0.552493 0.441334 -0.707089
vn 0.000000 0.000000 -1.000000
vn 0.000000 0.000000 -1.000000
vn 0.000000 0.000000 -1.000000
vn 1.000000 -0.000000 -0.000000
vn 1.000000 -0.000000 -0.000000
vn 1.000000 -0.000000 -0.000000
vn 1.000000 -0.000000 -0.000000
vn 1.000000 -0.000000 -0.000000
vn 1.000000 -0.000000 -0.000000
vn 1.000000 -0.000000 -0.000000
vn 1.000000 -0.000000 -0.000000
vn 1.000000 -0.000000 -0.000000
vn 1.000000 -0.000000 -0.000000
vn 1.000000 -0.000000 -0.000000
vn 1.000000 -0.000000 -0.000000
vn 1.000000 -0.000000 -0.000000
vn 1.000000 -0.000000 -0.000000
vn 1.000000 -0.000000 -0.000000
vn 1.000000 -0.000000 -0.000000
vn 1.000000 -0.000000 -0.000000
vn -0.000000 -0.671531 -0.740976
vn -0.000000 -0.671531 -0.740976
vn -0.000000 -0.671531 -0.740976
vn -0.000000 -0.671531 -0.740976
vn -0.000000 -0.671531 -0.740976
vn -0.000000 -0.671531 -0.740976
vn -0.000000 -0.671531 -0.740976
vn -0.000000 -0.671531 -0.740976
vn -0.000000 -0.671531 -0.740976
vn -0.332496 0.943105 0.000000
vn -0.556966 0.830535 0.000000
vn -0.556973 0.830531 0.000000
vn -0.705157 0.709052 0.000000
vn -0.705156 0.709053 0.000000
vn -0.795891 0.605440 0.000000
vn -0.852797 0.522243 0.000000
vn -0.858106 0.513472 0.000000
vn -0.795894 0.605436 0.000000
vn -0.852797 0.522243 0.000000
vn -0.052387 0.998627 0.000000
vn -0.052387 0.998627 0.000000
vn 0.000000 0.000000 1.000000
vn 0.000000 0.000000 1.000000
vn 0.000000 -0.671531 0.740976
vn 0.000000 -0.671531 0.740976
vn 0.000000 -0.671531 0.740976
vn 0.000000 -0.671531 0.740976
vn 0.000000 -0.671531 0.740976
vn 0.000000 -0.671531 0.740976
vn 0.000000 -0.671531 0.740976
vn 0.000000 -0.671531 0.740976
vn 0.000000 -0.671531 0.740976
vn 0.000000 -0.671531 0.740976
f 1574/1879/1853 1559/1880/1854 1575/1881/1855
f 1575/1881/1855 1559/1880/1854 1560/1882/1856
f 1575/1881/1855 1560/1882/1856 1561/1883/1857
f 1561/1883/1857 1562/1884/1858 1575/1881/1855
f 1575/1881/1855 1562/1884/1858 1576/1885/1859
f 1575/1881/1855 1576/1885/1859 1574/1879/1853
f 1574/1879/1853 1576/1885/1859 1577/1886/1860
f 1574/1879/1853 1577/1886/1860 1573/1887/1861
f 1573/1887/1861 1577/1886/1860 1578/1888/1862
f 1573/1887/1861 1578/1888/1862 1572/1889/1863
f 1572/1889/1863 1578/1888/1862 1579/1890/1864
f 1572/1889/1863 1579/1890/1864 1580/1891/1865
f 1580/1891/1865 1579/1890/1864 1564/1892/1866
f 1580/1891/1865 1564/1892/1866 1565/1893/1867
f 1576/1885/1859 1562/1884/1858 1577/1886/1860
f 1577/1886/1860 1562/1884/1858 1563/1894/1868
f 1577/1886/1860 1563/1894/1868 1578/1888/1862
f 1578/1888/1862 1563/1894/1868 1564/1892/1866
f 1578/1888/1862 1564/1892/1866 1579/1890/1864
f 1566/1895/1869 1582/1896/1870 1565/1893/1867
f 1565/1893/1867 1582/1896/1870 1581/1897/1871
f 1565/1893/1867 1581/1897/1871 1580/1891/1865
f 1580/1891/1865 1581/1897/1871 1571/1898/1872
f 1580/1891/1865 1571/1898/1872 1572/1889/1863
f 1582/1896/1870 1566/1895/1869 1583/1899/1873
f 1583/1899/1873 1566/1895/1869 1567/1900/1874
f 1583/1899/1873 1567/1900/1874 1568/1901/1875
f 1568/1901/1875 1569/1902/1876 1583/1899/1873
f 1583/1899/1873 1569/1902/1876 1570/1903/1877
f 1583/1899/1873 1570/1903/1877 1582/1896/1870
f 1582/1896/1870 1570/1903/1877 1571/1898/1872
f 1582/1896/1870 1571/1898/1872 1581/1897/1871
f 1585/1904/1878 1591/1905/1879 1584/1906/1880
f 1584/1906/1880 1591/1905/1879 1592/1907/1881
f 1584/1906/1880 1592/1907/1881 1593/1908/1882
f 1593/1908/1882 1592/1907/1881 1629/1909/1883
f 1593/1908/1882 1629/1909/1883 1630/1910/1884
f 1630/1910/1884 1629/1909/1883 1666/1911/1885
f 1630/1910/1884 1666/1911/1885 1667/1912/1886
f 1667/1912/1886 1666/1911/1885 1703/1913/1887
f 1667/1912/1886 1703/1913/1887 1704/1914/1888
f 1704/1914/1888 1703/1913/1887 1740/1915/1889
f 1704/1914/1888 1740/1915/1889 1741/1916/1890
f 1741/1916/1890 1740/1915/1889 1590/1917/1891
f 1741/1916/1890 1590/1917/1891 1742/1918/1892
f 1742/1918/1892 1590/1917/1891 1743/1919/1893
f 1742/1918/1892 1743/1919/1893 1706/1920/1894
f 1706/1920/1894 1743/1919/1893 1707/1921/1895
f 1706/1920/1894 1707/1921/1895 1670/1922/1896
f 1670/1922/1896 1707/1921/1895 1671/1923/1897
f 1670/1922/1896 1671/1923/1897 1634/1924/1898
f 1634/1924/1898 1671/1923/1897 1635/1925/1899
f 1634/1924/1898 1635/1925/1899 1598/1926/1900
f 1598/1926/1900 1635/1925/1899 1599/1927/1901
f 1598/1926/1900 1599/1927/1901 1584/1906/1880
f 1584/1906/1880 1599/1927/1901 1600/1928/1902
f 1584/1906/1880 1600/1928/1902 1601/1929/1903
f 1601/1929/1903 1600/1928/1902 1637/1930/1904
f 1601/1929/1903 1637/1930/1904 1638/1931/1905
f 1638/1931/1905 1637/1930/1904 1674/1932/1906
f 1638/1931/1905 1674/1932/1906 1675/1933/1907
f 1675/1933/1907 1674/1932/1906 1711/1934/1908
f 1675/1933/1907 1711/1934/1908 1712/1935/1909
f 1712/1935/1909 1711/1934/1908 1748/1936/1910
f 1712/1935/1909 1748/1936/1910 1749/1937/1911
f 1749/1937/1911 1748/1936/1910 1590/1917/1891
f 1749/1937/1911 1590/1917/1891 1750/1938/1912
f 1750/1938/1912 1590/1917/1891 1751/1939/1913
f 1750/1938/1912 1751/1939/1913 1714/1940/1914
f 1714/1940/1914 1751/1939/1913 1715/1941/1915
f 1714/1940/1914 1715/1941/1915 1678/1942/1916
f 1678/1942/1916 1715/1941/1915 1679/1943/1917
f 1678/1942/1916 1679/1943/1917 1642/1944/1918
f 1642/1944/1918 1679/1943/1917 1643/1945/1919
f 1642/1944/1918 1643/1945/1919 1606/1946/1920
f 1606/1946/1920 1643/1945/1919 1607/1947/1921
f 1606/1946/1920 1607/1947/1921 1584/1906/1880
f 1584/1906/1880 1607/1947/1921 1608/1948/1922
f 1584/1906/1880 1608/1948/1922 1609/1949/1923
f 1609/1949/1923 1608/1948/1922 1645/1950/1924
f 1609/1949/1923 1645/1950/1924 1646/1951/1925
f 1646/1951/1925 1645/1950/1924 1682/1952/1926
f 1646/1951/1925 1682/1952/1926 1683/1953/1927
f 1683/1953/1927 1682/1952/1926 1719/1954/1928
f 1683/1953/1927 1719/1954/1928 1720/1955/1929
f 1720/1955/1929 1719/1954/1928 1756/1956/1930
f 1720/1955/1929 1756/1956/1930 1757/1957/1931
f 1757/1957/1931 1756/1956/1930 1559/1958/1932
f 1757/1957/1931 1559/1958/1932 1758/1959/1933
f 1758/1959/1933 1559/1958/1932 1759/1960/1934
f 1758/1959/1933 1759/1960/1934 1722/1961/1935
f 1722/1961/1935 1759/1960/1934 1723/1962/1936
f 1722/1961/1935 1723/1962/1936 1686/1963/1937
f 1686/1963/1937 1723/1962/1936 1687/1964/1938
f 1686/1963/1937 1687/1964/1938 1650/1965/1939
f 1650/1965/1939 1687/1964/1938 1651/1966/1940
f 1650/1965/1939 1651/1966/1940 1614/1967/1941
f 1614/1967/1941 1651/1966/1940 1615/1968/1942
f 1614/1967/1941 1615/1968/1942 1569/1969/1943
f 1569/1969/1943 1615/1968/1942 1616/1970/1944
f 1569/1969/1943 1616/1970/1944 1617/1971/1945
f 1617/1971/1945 1616/1970/1944 1653/1972/1946
f 1617/1971/1945 1653/1972/1946 1654/1973/1947
f 1654/1973/1947 1653/1972/1946 1690/1974/1948
f 1654/1973/1947 1690/1974/1948 1691/1975/1949
f 1691/1975/1949 1690/1974/1948 1727/1976/1950
f 1691/1975/1949 1727/1976/1950 1728/1977/1951
f 1728/1977/1951 1727/1976/1950 1764/1978/1952
f 1728/1977/1951 1764/1978/1952 1765/1979/1953
f 1765/1979/1953 1764/1978/1952 1559/1958/1932
f 1765/1979/1953 1559/1958/1932 1766/1980/1954
f 1766/1980/1954 1559/1958/1932 1767/1981/1955
f 1766/1980/1954 1767/1981/1955 1730/1982/1956
f 1730/1982/1956 1767/1981/1955 1731/1983/1957
f 1730/1982/1956 1731/1983/1957 1694/1984/1958
f 1694/1984/1958 1731/1983/1957 1695/1985/1959
f 1694/1984/1958 1695/1985/1959 1658/1986/1960
f 1658/1986/1960 1695/1985/1959 1659/1987/1961
f 1658/1986/1960 1659/1987/1961 1622/1988/1962
f 1622/1988/1962 1659/1987/1961 1623/1989/1963
f 1622/1988/1962 1623/1989/1963 1569/1969/1943
f 1569/1969/1943 1623/1989/1963 1624/1990/1964
f 1569/1969/1943 1624/1990/1964 1625/1991/1965
f 1625/1991/1965 1624/1990/1964 1661/1992/1966
f 1625/1991/1965 1661/1992/1966 1662/1993/1967
f 1662/1993/1967 1661/1992/1966 1698/1994/1968
f 1662/1993/1967 1698/1994/1968 1572/1995/1863
f 1572/1995/1863 1698/1994/1968 1573/1996/1969
f 1573/1996/1969 1698/1994/1968 1734/1997/1970
f 1573/1996/1969 1734/1997/1970 1574/1998/1971
f 1574/1998/1971 1734/1997/1970 1770/1999/1972
f 1574/1998/1971 1770/1999/1972 1559/1958/1932
f 1559/1958/1932 1770/1999/1972 1769/2000/1973
f 1559/1958/1932 1769/2000/1973 1768/2001/1974
f 1768/2001/1974 1769/2000/1973 1732/2002/1975
f 1768/2001/1974 1732/2002/1975 1731/1983/1957
f 1731/1983/1957 1732/2002/1975 1695/1985/1959
f 1585/1904/1878 1586/2003/1976 1591/1905/1879
f 1591/1905/1879 1586/2003/1976 1627/2004/1977
f 1591/1905/1879 1627/2004/1977 1628/2005/1978
f 1628/2005/1978 1627/2004/1977 1664/2006/1979
f 1628/2005/1978 1664/2006/1979 1665/2007/1980
f 1665/2007/1980 1664/2006/1979 1701/2008/1981
f 1665/2007/1980 1701/2008/1981 1702/2009/1982
f 1702/2009/1982 1701/2008/1981 1738/2010/1983
f 1702/2009/1982 1738/2010/1983 1739/2011/1984
f 1739/2011/1984 1738/2010/1983 1590/1917/1891
f 1739/2011/1984 1590/1917/1891 1740/1915/1889
f 1586/2003/1976 1587/2012/1985 1627/2004/1977
f 1627/2004/1977 1587/2012/1985 1663/2013/1986
f 1627/2004/1977 1663/2013/1986 1664/2006/1979
f 1664/2006/1979 1663/2013/1986 1700/2014/1987
f 1664/2006/1979 1700/2014/1987 1701/2008/1981
f 1701/2008/1981 1700/2014/1987 1737/2015/1988
f 1701/2008/1981 1737/2015/1988 1738/2010/1983
f 1738/2010/1983 1737/2015/1988 1590/1917/1891
f 1587/2012/1985 1588/2016/1989 1663/2013/1986
f 1663/2013/1986 1588/2016/1989 1699/2017/1990
f 1663/2013/1986 1699/2017/1990 1700/2014/1987
f 1700/2014/1987 1699/2017/1990 1736/2018/1991
f 1700/2014/1987 1736/2018/1991 1737/2015/1988
f 1737/2015/1988 1736/2018/1991 1590/1917/1891
f 1588/2016/1989 1589/2019/1992 1699/2017/1990
f 1699/2017/1990 1589/2019/1992 1735/2020/1993
f 1699/2017/1990 1735/2020/1993 1736/2018/1991
f 1736/2018/1991 1735/2020/1993 1590/1917/1891
f 1589/2019/1992 1590/1917/1891 1735/2020/1993
f 1559/1958/1932 1753/2021/1994 1590/1917/1891
f 1590/1917/1891 1753/2021/1994 1752/2022/1995
f 1590/1917/1891 1752/2022/1995 1751/1939/1913
f 1751/1939/1913 1752/2022/1995 1715/1941/1915
f 1572/1995/1863 1571/2023/1996 1662/1993/1967
f 1662/1993/1967 1571/2023/1996 1626/2024/1997
f 1662/1993/1967 1626/2024/1997 1625/1991/1965
f 1625/1991/1965 1626/2024/1997 1569/1969/1943
f 1571/2023/1996 1570/2025/1998 1626/2024/1997
f 1626/2024/1997 1570/2025/1998 1569/1969/1943
f 1584/1906/1880 1609/1949/1923 1569/1969/1943
f 1569/1969/1943 1609/1949/1923 1610/2026/1999
f 1569/1969/1943 1610/2026/1999 1611/2027/2000
f 1611/2027/2000 1610/2026/1999 1647/2028/2001
f 1611/2027/2000 1647/2028/2001 1648/2029/2002
f 1648/2029/2002 1647/2028/2001 1684/2030/2003
f 1648/2029/2002 1684/2030/2003 1685/2031/2004
f 1685/2031/2004 1684/2030/2003 1721/2032/2005
f 1685/2031/2004 1721/2032/2005 1722/1961/1935
f 1722/1961/1935 1721/2032/2005 1758/1959/1933
f 1629/1909/1883 1592/1907/1881 1628/2005/1978
f 1628/2005/1978 1592/1907/1881 1591/1905/1879
f 1593/1908/1882 1594/2033/2006 1584/1906/1880
f 1584/1906/1880 1594/2033/2006 1595/2034/2007
f 1584/1906/1880 1595/2034/2007 1596/2035/2008
f 1596/2035/2008 1595/2034/2007 1632/2036/2009
f 1596/2035/2008 1632/2036/2009 1633/2037/2010
f 1633/2037/2010 1632/2036/2009 1669/2038/2011
f 1633/2037/2010 1669/2038/2011 1670/1922/1896
f 1670/1922/1896 1669/2038/2011 1706/1920/1894
f 1593/1908/1882 1630/1910/1884 1594/2033/2006
f 1594/2033/2006 1630/1910/1884 1631/2039/2012
f 1594/2033/2006 1631/2039/2012 1595/2034/2007
f 1595/2034/2007 1631/2039/2012 1632/2036/2009
f 1598/1926/1900 1584/1906/1880 1597/2040/2013
f 1597/2040/2013 1584/1906/1880 1596/2035/2008
f 1597/2040/2013 1596/2035/2008 1633/2037/2010
f 1634/1924/1898 1598/1926/1900 1597/2040/2013
f 1634/1924/1898 1597/2040/2013 1633/2037/2010
f 1600/1928/1902 1599/1927/1901 1636/2041/2014
f 1636/2041/2014 1599/1927/1901 1635/1925/1899
f 1636/2041/2014 1635/1925/1899 1672/2042/2015
f 1672/2042/2015 1635/1925/1899 1671/1923/1897
f 1672/2042/2015 1671/1923/1897 1708/2043/2016
f 1708/2043/2016 1671/1923/1897 1707/1921/1895
f 1708/2043/2016 1707/1921/1895 1744/2044/2017
f 1744/2044/2017 1707/1921/1895 1743/1919/1893
f 1744/2044/2017 1743/1919/1893 1590/1917/1891
f 1601/1929/1903 1602/2045/2018 1584/1906/1880
f 1584/1906/1880 1602/2045/2018 1603/2046/2019
f 1584/1906/1880 1603/2046/2019 1604/2047/2020
f 1604/2047/2020 1603/2046/2019 1640/2048/2021
f 1604/2047/2020 1640/2048/2021 1641/2049/2022
f 1641/2049/2022 1640/2048/2021 1677/2050/2023
f 1641/2049/2022 1677/2050/2023 1678/1942/1916
f 1678/1942/1916 1677/2050/2023 1714/1940/1914
f 1601/1929/1903 1638/1931/1905 1602/2045/2018
f 1602/2045/2018 1638/1931/1905 1639/2051/2024
f 1602/2045/2018 1639/2051/2024 1603/2046/2019
f 1603/2046/2019 1639/2051/2024 1640/2048/2021
f 1606/1946/1920 1584/1906/1880 1605/2052/2025
f 1605/2052/2025 1584/1906/1880 1604/2047/2020
f 1605/2052/2025 1604/2047/2020 1641/2049/2022
f 1642/1944/1918 1606/1946/1920 1605/2052/2025
f 1642/1944/1918 1605/2052/2025 1641/2049/2022
f 1608/1948/1922 1607/1947/1921 1644/2053/2026
f 1644/2053/2026 1607/1947/1921 1643/1945/1919
f 1644/2053/2026 1643/1945/1919 1680/2054/2027
f 1680/2054/2027 1643/1945/1919 1679/1943/1917
f 1680/2054/2027 1679/1943/1917 1716/2055/2028
f 1716/2055/2028 1679/1943/1917 1715/1941/1915
f 1716/2055/2028 1715/1941/1915 1752/2022/1995
f 1647/2028/2001 1610/2026/1999 1646/1951/1925
f 1646/1951/1925 1610/2026/1999 1609/1949/1923
f 1611/2027/2000 1612/2056/2029 1569/1969/1943
f 1569/1969/1943 1612/2056/2029 1613/2057/2030
f 1569/1969/1943 1613/2057/2030 1614/1967/1941
f 1614/1967/1941 1613/2057/2030 1650/1965/1939
f 1611/2027/2000 1648/2029/2002 1612/2056/2029
f 1612/2056/2029 1648/2029/2002 1649/2058/2031
f 1612/2056/2029 1649/2058/2031 1613/2057/2030
f 1613/2057/2030 1649/2058/2031 1650/1965/1939
f 1616/1970/1944 1615/1968/1942 1652/2059/2032
f 1652/2059/2032 1615/1968/1942 1651/1966/1940
f 1652/2059/2032 1651/1966/1940 1688/2060/2033
f 1688/2060/2033 1651/1966/1940 1687/1964/1938
f 1688/2060/2033 1687/1964/1938 1724/2061/2034
f 1724/2061/2034 1687/1964/1938 1723/1962/1936
f 1724/2061/2034 1723/1962/1936 1760/2062/2035
f 1760/2062/2035 1723/1962/1936 1759/1960/1934
f 1760/2062/2035 1759/1960/1934 1559/1958/1932
f 1617/1971/1945 1618/2063/2036 1569/1969/1943
f 1569/1969/1943 1618/2063/2036 1619/2064/2037
f 1569/1969/1943 1619/2064/2037 1620/2065/2038
f 1620/2065/2038 1619/2064/2037 1656/2066/2039
f 1620/2065/2038 1656/2066/2039 1657/2067/2040
f 1657/2067/2040 1656/2066/2039 1693/2068/2041
f 1657/2067/2040 1693/2068/2041 1694/1984/1958
f 1694/1984/1958 1693/2068/2041 1730/1982/1956
f 1617/1971/1945 1654/1973/1947 1618/2063/2036
f 1618/2063/2036 1654/1973/1947 1655/2069/2042
f 1618/2063/2036 1655/2069/2042 1619/2064/2037
f 1619/2064/2037 1655/2069/2042 1656/2066/2039
f 1622/1988/1962 1569/1969/1943 1621/2070/2043
f 1621/2070/2043 1569/1969/1943 1620/2065/2038
f 1621/2070/2043 1620/2065/2038 1657/2067/2040
f 1658/1986/1960 1622/1988/1962 1621/2070/2043
f 1658/1986/1960 1621/2070/2043 1657/2067/2040
f 1624/1990/1964 1623/1989/1963 1660/2071/2044
f 1660/2071/2044 1623/1989/1963 1659/1987/1961
f 1660/2071/2044 1659/1987/1961 1696/2072/2045
f 1696/2072/2045 1659/1987/1961 1695/1985/1959
f 1696/2072/2045 1695/1985/1959 1732/2002/1975
f 1666/1911/1885 1629/1909/1883 1665/2007/1980
f 1665/2007/1980 1629/1909/1883 1628/2005/1978
f 1630/1910/1884 1667/1912/1886 1631/2039/2012
f 1631/2039/2012 1667/1912/1886 1668/2073/2046
f 1631/2039/2012 1668/2073/2046 1632/2036/2009
f 1632/2036/2009 1668/2073/2046 1669/2038/2011
f 1670/1922/1896 1634/1924/1898 1633/2037/2010
f 1600/1928/1902 1636/2041/2014 1637/1930/1904
f 1637/1930/1904 1636/2041/2014 1673/2074/2047
f 1637/1930/1904 1673/2074/2047 1674/1932/1906
f 1674/1932/1906 1673/2074/2047 1710/2075/2048
f 1674/1932/1906 1710/2075/2048 1711/1934/1908
f 1711/1934/1908 1710/2075/2048 1747/2076/2049
f 1711/1934/1908 1747/2076/2049 1748/1936/1910
f 1748/1936/1910 1747/2076/2049 1590/1917/1891
f 1673/2074/2047 1636/2041/2014 1672/2042/2015
f 1638/1931/1905 1675/1933/1907 1639/2051/2024
f 1639/2051/2024 1675/1933/1907 1676/2077/2050
f 1639/2051/2024 1676/2077/2050 1640/2048/2021
f 1640/2048/2021 1676/2077/2050 1677/2050/2023
f 1678/1942/1916 1642/1944/1918 1641/2049/2022
f 1608/1948/1922 1644/2053/2026 1645/1950/1924
f 1645/1950/1924 1644/2053/2026 1681/2078/2051
f 1645/1950/1924 1681/2078/2051 1682/1952/1926
f 1682/1952/1926 1681/2078/2051 1718/2079/2052
f 1682/1952/1926 1718/2079/2052 1719/1954/1928
f 1719/1954/1928 1718/2079/2052 1755/2080/2053
f 1719/1954/1928 1755/2080/2053 1756/1956/1930
f 1756/1956/1930 1755/2080/2053 1559/1958/1932
f 1681/2078/2051 1644/2053/2026 1680/2054/2027
f 1684/2030/2003 1647/2028/2001 1683/1953/1927
f 1683/1953/1927 1647/2028/2001 1646/1951/1925
f 1686/1963/1937 1650/1965/1939 1649/2058/2031
f 1686/1963/1937 1649/2058/2031 1685/2031/2004
f 1685/2031/2004 1649/2058/2031 1648/2029/2002
f 1616/1970/1944 1652/2059/2032 1653/1972/1946
f 1653/1972/1946 1652/2059/2032 1689/2081/2054
f 1653/1972/1946 1689/2081/2054 1690/1974/1948
f 1690/1974/1948 1689/2081/2054 1726/2082/2055
f 1690/1974/1948 1726/2082/2055 1727/1976/1950
f 1727/1976/1950 1726/2082/2055 1763/2083/2056
f 1727/1976/1950 1763/2083/2056 1764/1978/1952
f 1764/1978/1952 1763/2083/2056 1559/1958/1932
f 1689/2081/2054 1652/2059/2032 1688/2060/2033
f 1654/1973/1947 1691/1975/1949 1655/2069/2042
f 1655/2069/2042 1691/1975/1949 1692/2084/2057
f 1655/2069/2042 1692/2084/2057 1656/2066/2039
f 1656/2066/2039 1692/2084/2057 1693/2068/2041
f 1694/1984/1958 1658/1986/1960 1657/2067/2040
f 1624/1990/1964 1660/2071/2044 1661/1992/1966
f 1661/1992/1966 1660/2071/2044 1697/2085/2058
f 1661/1992/1966 1697/2085/2058 1698/1994/1968
f 1698/1994/1968 1697/2085/2058 1734/1997/1970
f 1697/2085/2058 1660/2071/2044 1696/2072/2045
f 1703/1913/1887 1666/1911/1885 1702/2009/1982
f 1702/2009/1982 1666/1911/1885 1665/2007/1980
f 1667/1912/1886 1704/1914/1888 1668/2073/2046
f 1668/2073/2046 1704/1914/1888 1705/2086/2059
f 1668/2073/2046 1705/2086/2059 1669/2038/2011
f 1669/2038/2011 1705/2086/2059 1706/1920/1894
f 1673/2074/2047 1672/2042/2015 1709/2087/2060
f 1709/2087/2060 1672/2042/2015 1708/2043/2016
f 1709/2087/2060 1708/2043/2016 1745/2088/2061
f 1745/2088/2061 1708/2043/2016 1744/2044/2017
f 1745/2088/2061 1744/2044/2017 1590/1917/1891
f 1675/1933/1907 1712/1935/1909 1676/2077/2050
f 1676/2077/2050 1712/1935/1909 1713/2089/2062
f 1676/2077/2050 1713/2089/2062 1677/2050/2023
f 1677/2050/2023 1713/2089/2062 1714/1940/1914
f 1681/2078/2051 1680/2054/2027 1717/2090/2063
f 1717/2090/2063 1680/2054/2027 1716/2055/2028
f 1717/2090/2063 1716/2055/2028 1753/2021/1994
f 1753/2021/1994 1716/2055/2028 1752/2022/1995
f 1721/2032/2005 1684/2030/2003 1720/1955/1929
f 1720/1955/1929 1684/2030/2003 1683/1953/1927
f 1722/1961/1935 1686/1963/1937 1685/2031/2004
f 1689/2081/2054 1688/2060/2033 1725/2091/2064
f 1725/2091/2064 1688/2060/2033 1724/2061/2034
f 1725/2091/2064 1724/2061/2034 1761/2092/2065
f 1761/2092/2065 1724/2061/2034 1760/2062/2035
f 1761/2092/2065 1760/2062/2035 1559/1958/1932
f 1691/1975/1949 1728/1977/1951 1692/2084/2057
f 1692/2084/2057 1728/1977/1951 1729/2093/2066
f 1692/2084/2057 1729/2093/2066 1693/2068/2041
f 1693/2068/2041 1729/2093/2066 1730/1982/1956
f 1697/2085/2058 1696/2072/2045 1733/2094/2067
f 1733/2094/2067 1696/2072/2045 1732/2002/1975
f 1733/2094/2067 1732/2002/1975 1769/2000/1973
f 1740/1915/1889 1703/1913/1887 1739/2011/1984
f 1739/2011/1984 1703/1913/1887 1702/2009/1982
f 1742/1918/1892 1706/1920/1894 1705/2086/2059
f 1742/1918/1892 1705/2086/2059 1741/1916/1890
f 1741/1916/1890 1705/2086/2059 1704/1914/1888
f 1673/2074/2047 1709/2087/2060 1710/2075/2048
f 1710/2075/2048 1709/2087/2060 1746/2095/2068
f 1710/2075/2048 1746/2095/2068 1747/2076/2049
f 1747/2076/2049 1746/2095/2068 1590/1917/1891
f 1746/2095/2068 1709/2087/2060 1745/2088/2061
f 1750/1938/1912 1714/1940/1914 1713/2089/2062
f 1750/1938/1912 1713/2089/2062 1749/1937/1911
f 1749/1937/1911 1713/2089/2062 1712/1935/1909
f 1681/2078/2051 1717/2090/2063 1718/2079/2052
f 1718/2079/2052 1717/2090/2063 1754/2096/2069
f 1718/2079/2052 1754/2096/2069 1755/2080/2053
f 1755/2080/2053 1754/2096/2069 1559/1958/1932
f 1754/2096/2069 1717/2090/2063 1753/2021/1994
f 1758/1959/1933 1721/2032/2005 1757/1957/1931
f 1757/1957/1931 1721/2032/2005 1720/1955/1929
f 1689/2081/2054 1725/2091/2064 1726/2082/2055
f 1726/2082/2055 1725/2091/2064 1762/2097/2070
f 1726/2082/2055 1762/2097/2070 1763/2083/2056
f 1763/2083/2056 1762/2097/2070 1559/1958/1932
f 1762/2097/2070 1725/2091/2064 1761/2092/2065
f 1766/1980/1954 1730/1982/1956 1729/2093/2066
f 1766/1980/1954 1729/2093/2066 1765/1979/1953
f 1765/1979/1953 1729/2093/2066 1728/1977/1951
f 1768/2001/1974 1731/1983/1957 1767/1981/1955
f 1770/1999/1972 1734/1997/1970 1733/2094/2067
f 1733/2094/2067 1734/1997/1970 1697/2085/2058
f 1770/1999/1972 1733/2094/2067 1769/2000/1973
f 1590/1917/1891 1746/2095/2068 1745/2088/2061
f 1559/1958/1932 1754/2096/2069 1753/2021/1994
f 1559/1958/1932 1762/2097/2070 1761/2092/2065
f 1559/1958/1932 1768/2001/1974 1767/1981/1955
f 1786/2098/2071 1771/2099/2072 1787/2100/2073
f 1787/2100/2073 1771/2099/2072 1772/2101/2074
f 1787/2100/2073 1772/2101/2074 1773/2102/2075
f 1773/2102/2075 1774/2103/2076 1787/2100/2073
f 1787/2100/2073 1774/2103/2076 1788/2104/2077
f 1787/2100/2073 1788/2104/2077 1786/2098/2071
f 1786/2098/2071 1788/2104/2077 1785/2105/2078
f 1785/2105/2078 1788/2104/2077 1789/2106/2079
f 1785/2105/2078 1789/2106/2079 1790/2107/2080
f 1790/2107/2080 1789/2106/2079 1775/2108/2081
f 1790/2107/2080 1775/2108/2081 1776/2109/2082
f 1774/2103/2076 1775/2108/2081 1788/2104/2077
f 1788/2104/2077 1775/2108/2081 1789/2106/2079
f 1777/2110/2083 1792/2111/2084 1776/2109/2082
f 1776/2109/2082 1792/2111/2084 1791/2112/2085
f 1776/2109/2082 1791/2112/2085 1790/2107/2080
f 1790/2107/2080 1791/2112/2085 1784/2113/2086
f 1790/2107/2080 1784/2113/2086 1785/2105/2078
f 1792/2111/2084 1777/2110/2083 1793/2114/2087
f 1793/2114/2087 1777/2110/2083 1778/2115/2088
f 1793/2114/2087 1778/2115/2088 1794/2116/2089
f 1794/2116/2089 1778/2115/2088 1795/2117/2090
f 1794/2116/2089 1795/2117/2090 1782/2118/2091
f 1782/2118/2091 1795/2117/2090 1781/2119/2092
f 1781/2119/2092 1795/2117/2090 1780/2120/2093
f 1780/2120/2093 1795/2117/2090 1779/2121/2094
f 1779/2121/2094 1795/2117/2090 1778/2115/2088
f 1794/2116/2089 1782/2118/2091 1793/2114/2087
f 1793/2114/2087 1782/2118/2091 1783/2122/2095
f 1793/2114/2087 1783/2122/2095 1792/2111/2084
f 1792/2111/2084 1783/2122/2095 1784/2113/2086
f 1792/2111/2084 1784/2113/2086 1791/2112/2085
f 1797/2123/2096 1803/2124/2097 1796/2125/2098
f 1796/2125/2098 1803/2124/2097 1804/2126/2099
f 1796/2125/2098 1804/2126/2099 1805/2127/2100
f 1805/2127/2100 1804/2126/2099 1841/2128/2101
f 1805/2127/2100 1841/2128/2101 1842/2129/2102
f 1842/2129/2102 1841/2128/2101 1878/2130/2103
f 1842/2129/2102 1878/2130/2103 1879/2131/2104
f 1879/2131/2104 1878/2130/2103 1915/2132/2105
f 1879/2131/2104 1915/2132/2105 1916/2133/2106
f 1916/2133/2106 1915/2132/2105 1952/2134/2107
f 1916/2133/2106 1952/2134/2107 1953/2135/2108
f 1953/2135/2108 1952/2134/2107 1802/2136/2109
f 1953/2135/2108 1802/2136/2109 1954/2137/2110
f 1954/2137/2110 1802/2136/2109 1955/2138/2111
f 1954/2137/2110 1955/2138/2111 1918/2139/2112
f 1918/2139/2112 1955/2138/2111 1919/2140/2113
f 1918/2139/2112 1919/2140/2113 1882/2141/2114
f 1882/2141/2114 1919/2140/2113 1883/2142/2115
f 1882/2141/2114 1883/2142/2115 1846/2143/2116
f 1846/2143/2116 1883/2142/2115 1847/2144/2117
f 1846/2143/2116 1847/2144/2117 1810/2145/2118
f 1810/2145/2118 1847/2144/2117 1811/2146/2119
f 1810/2145/2118 1811/2146/2119 1796/2125/2098
f 1796/2125/2098 1811/2146/2119 1812/2147/2120
f 1796/2125/2098 1812/2147/2120 1813/2148/2121
f 1813/2148/2121 1812/2147/2120 1849/2149/2122
f 1813/2148/2121 1849/2149/2122 1850/2150/2123
f 1850/2150/2123 1849/2149/2122 1886/2151/2124
f 1850/2150/2123 1886/2151/2124 1887/2152/2125
f 1887/2152/2125 1886/2151/2124 1923/2153/2126
f 1887/2152/2125 1923/2153/2126 1924/2154/2127
f 1924/2154/2127 1923/2153/2126 1960/2155/2128
f 1924/2154/2127 1960/2155/2128 1961/2156/2129
f 1961/2156/2129 1960/2155/2128 1802/2136/2109
f 1961/2156/2129 1802/2136/2109 1962/2157/2130
f 1962/2157/2130 1802/2136/2109 1963/2158/2131
f 1962/2157/2130 1963/2158/2131 1926/2159/2132
f 1926/2159/2132 1963/2158/2131 1927/2160/2133
f 1926/2159/2132 1927/2160/2133 1890/2161/2134
f 1890/2161/2134 1927/2160/2133 1891/2162/2135
f 1890/2161/2134 1891/2162/2135 1854/2163/2136
f 1854/2163/2136 1891/2162/2135 1855/2164/2137
f 1854/2163/2136 1855/2164/2137 1818/2165/2138
f 1818/2165/2138 1855/2164/2137 1819/2166/2139
f 1818/2165/2138 1819/2166/2139 1796/2125/2098
f 1796/2125/2098 1819/2166/2139 1820/2167/2140
f 1796/2125/2098 1820/2167/2140 1821/2168/2141
f 1821/2168/2141 1820/2167/2140 1857/2169/2142
f 1821/2168/2141 1857/2169/2142 1858/2170/2143
f 1858/2170/2143 1857/2169/2142 1894/2171/2144
f 1858/2170/2143 1894/2171/2144 1895/2172/2145
f 1895/2172/2145 1894/2171/2144 1931/2173/2146
f 1895/2172/2145 1931/2173/2146 1932/2174/2147
f 1932/2174/2147 1931/2173/2146 1968/2175/2148
f 1932/2174/2147 1968/2175/2148 1969/2176/2149
f 1969/2176/2149 1968/2175/2148 1771/2177/2150
f 1969/2176/2149 1771/2177/2150 1970/2178/2151
f 1970/2178/2151 1771/2177/2150 1971/2179/2152
f 1970/2178/2151 1971/2179/2152 1934/2180/2153
f 1934/2180/2153 1971/2179/2152 1935/2181/2154
f 1934/2180/2153 1935/2181/2154 1898/2182/2155
f 1898/2182/2155 1935/2181/2154 1899/2183/2156
f 1898/2182/2155 1899/2183/2156 1862/2184/2157
f 1862/2184/2157 1899/2183/2156 1863/2185/2158
f 1862/2184/2157 1863/2185/2158 1826/2186/2159
f 1826/2186/2159 1863/2185/2158 1827/2187/2160
f 1826/2186/2159 1827/2187/2160 1781/2188/2161
f 1781/2188/2161 1827/2187/2160 1828/2189/2162
f 1781/2188/2161 1828/2189/2162 1829/2190/2163
f 1829/2190/2163 1828/2189/2162 1865/2191/2164
f 1829/2190/2163 1865/2191/2164 1866/2192/2165
f 1866/2192/2165 1865/2191/2164 1902/2193/2166
f 1866/2192/2165 1902/2193/2166 1903/2194/2167
f 1903/2194/2167 1902/2193/2166 1939/2195/2168
f 1903/2194/2167 1939/2195/2168 1940/2196/2169
f 1940/2196/2169 1939/2195/2168 1976/2197/2170
f 1940/2196/2169 1976/2197/2170 1977/2198/2171
f 1977/2198/2171 1976/2197/2170 1771/2177/2150
f 1977/2198/2171 1771/2177/2150 1978/2199/2172
f 1978/2199/2172 1771/2177/2150 1979/2200/2173
f 1978/2199/2172 1979/2200/2173 1942/2201/2174
f 1942/2201/2174 1979/2200/2173 1943/2202/2175
f 1942/2201/2174 1943/2202/2175 1906/2203/2176
f 1906/2203/2176 1943/2202/2175 1907/2204/2177
f 1906/2203/2176 1907/2204/2177 1870/2205/2178
f 1870/2205/2178 1907/2204/2177 1871/2206/2179
f 1870/2205/2178 1871/2206/2179 1834/2207/2180
f 1834/2207/2180 1871/2206/2179 1835/2208/2181
f 1834/2207/2180 1835/2208/2181 1781/2188/2161
f 1781/2188/2161 1835/2208/2181 1836/2209/2182
f 1781/2188/2161 1836/2209/2182 1837/2210/2183
f 1837/2210/2183 1836/2209/2182 1873/2211/2184
f 1837/2210/2183 1873/2211/2184 1874/2212/2185
f 1874/2212/2185 1873/2211/2184 1910/2213/2186
f 1874/2212/2185 1910/2213/2186 1784/2214/2086
f 1784/2214/2086 1910/2213/2186 1785/2215/2187
f 1785/2215/2187 1910/2213/2186 1946/2216/2188
f 1785/2215/2187 1946/2216/2188 1786/2217/2189
f 1786/2217/2189 1946/2216/2188 1982/2218/2190
f 1786/2217/2189 1982/2218/2190 1771/2177/2150
f 1771/2177/2150 1982/2218/2190 1981/2219/2191
f 1771/2177/2150 1981/2219/2191 1980/2220/2192
f 1980/2220/2192 1981/2219/2191 1944/2221/2193
f 1980/2220/2192 1944/2221/2193 1943/2202/2175
f 1943/2202/2175 1944/2221/2193 1907/2204/2177
f 1803/2124/2097 1797/2123/2096 1839/2222/2194
f 1839/2222/2194 1797/2123/2096 1798/2223/2195
f 1839/2222/2194 1798/2223/2195 1875/2224/2196
f 1875/2224/2196 1798/2223/2195 1799/2225/2197
f 1875/2224/2196 1799/2225/2197 1911/2226/2198
f 1911/2226/2198 1799/2225/2197 1800/2227/2199
f 1911/2226/2198 1800/2227/2199 1947/2228/2200
f 1947/2228/2200 1800/2227/2199 1801/2229/2201
f 1947/2228/2200 1801/2229/2201 1802/2136/2109
f 1963/2158/2131 1802/2136/2109 1964/2230/2202
f 1964/2230/2202 1802/2136/2109 1771/2177/2150
f 1964/2230/2202 1771/2177/2150 1965/2231/2203
f 1965/2231/2203 1771/2177/2150 1966/2232/2204
f 1965/2231/2203 1966/2232/2204 1929/2233/2205
f 1929/2233/2205 1966/2232/2204 1930/2234/2206
f 1929/2233/2205 1930/2234/2206 1893/2235/2207
f 1893/2235/2207 1930/2234/2206 1894/2171/2144
f 1893/2235/2207 1894/2171/2144 1857/2169/2142
f 1784/2214/2086 1783/2236/2208 1874/2212/2185
f 1874/2212/2185 1783/2236/2208 1838/2237/2209
f 1874/2212/2185 1838/2237/2209 1837/2210/2183
f 1837/2210/2183 1838/2237/2209 1781/2188/2161
f 1783/2236/2208 1782/2238/2210 1838/2237/2209
f 1838/2237/2209 1782/2238/2210 1781/2188/2161
f 1796/2125/2098 1821/2168/2141 1781/2188/2161
f 1781/2188/2161 1821/2168/2141 1822/2239/2211
f 1781/2188/2161 1822/2239/2211 1823/2240/2212
f 1823/2240/2212 1822/2239/2211 1859/2241/2213
f 1823/2240/2212 1859/2241/2213 1860/2242/2214
f 1860/2242/2214 1859/2241/2213 1896/2243/2215
f 1860/2242/2214 1896/2243/2215 1897/2244/2216
f 1897/2244/2216 1896/2243/2215 1933/2245/2217
f 1897/2244/2216 1933/2245/2217 1934/2180/2153
f 1934/2180/2153 1933/2245/2217 1970/2178/2151
f 1804/2126/2099 1803/2124/2097 1840/2246/2218
f 1840/2246/2218 1803/2124/2097 1839/2222/2194
f 1840/2246/2218 1839/2222/2194 1876/2247/2219
f 1876/2247/2219 1839/2222/2194 1875/2224/2196
f 1876/2247/2219 1875/2224/2196 1912/2248/2220
f 1912/2248/2220 1875/2224/2196 1911/2226/2198
f 1912/2248/2220 1911/2226/2198 1948/2249/2221
f 1948/2249/2221 1911/2226/2198 1947/2228/2200
f 1948/2249/2221 1947/2228/2200 1802/2136/2109
f 1805/2127/2100 1806/2250/2222 1796/2125/2098
f 1796/2125/2098 1806/2250/2222 1807/2251/2223
f 1796/2125/2098 1807/2251/2223 1808/2252/2224
f 1808/2252/2224 1807/2251/2223 1844/2253/2225
f 1808/2252/2224 1844/2253/2225 1845/2254/2226
f 1845/2254/2226 1844/2253/2225 1881/2255/2227
f 1845/2254/2226 1881/2255/2227 1882/2141/2114
f 1882/2141/2114 1881/2255/2227 1918/2139/2112
f 1805/2127/2100 1842/2129/2102 1806/2250/2222
f 1806/2250/2222 1842/2129/2102 1843/2256/2228
f 1806/2250/2222 1843/2256/2228 1807/2251/2223
f 1807/2251/2223 1843/2256/2228 1844/2253/2225
f 1810/2145/2118 1796/2125/2098 1809/2257/2229
f 1809/2257/2229 1796/2125/2098 1808/2252/2224
f 1809/2257/2229 1808/2252/2224 1845/2254/2226
f 1846/2143/2116 1810/2145/2118 1809/2257/2229
f 1846/2143/2116 1809/2257/2229 1845/2254/2226
f 1812/2147/2120 1811/2146/2119 1848/2258/2230
f 1848/2258/2230 1811/2146/2119 1847/2144/2117
f 1848/2258/2230 1847/2144/2117 1884/2259/2231
f 1884/2259/2231 1847/2144/2117 1883/2142/2115
f 1884/2259/2231 1883/2142/2115 1920/2260/2232
f 1920/2260/2232 1883/2142/2115 1919/2140/2113
f 1920/2260/2232 1919/2140/2113 1956/2261/2233
f 1956/2261/2233 1919/2140/2113 1955/2138/2111
f 1956/2261/2233 1955/2138/2111 1802/2136/2109
f 1813/2148/2121 1814/2262/2234 1796/2125/2098
f 1796/2125/2098 1814/2262/2234 1815/2263/2235
f 1796/2125/2098 1815/2263/2235 1816/2264/2236
f 1816/2264/2236 1815/2263/2235 1852/2265/2237
f 1816/2264/2236 1852/2265/2237 1853/2266/2238
f 1853/2266/2238 1852/2265/2237 1889/2267/2239
f 1853/2266/2238 1889/2267/2239 1890/2161/2134
f 1890/2161/2134 1889/2267/2239 1926/2159/2132
f 1813/2148/2121 1850/2150/2123 1814/2262/2234
f 1814/2262/2234 1850/2150/2123 1851/2268/2240
f 1814/2262/2234 1851/2268/2240 1815/2263/2235
f 1815/2263/2235 1851/2268/2240 1852/2265/2237
f 1818/2165/2138 1796/2125/2098 1817/2269/2241
f 1817/2269/2241 1796/2125/2098 1816/2264/2236
f 1817/2269/2241 1816/2264/2236 1853/2266/2238
f 1854/2163/2136 1818/2165/2138 1817/2269/2241
f 1854/2163/2136 1817/2269/2241 1853/2266/2238
f 1820/2167/2140 1819/2166/2139 1856/2270/2242
f 1856/2270/2242 1819/2166/2139 1855/2164/2137
f 1856/2270/2242 1855/2164/2137 1892/2271/2243
f 1892/2271/2243 1855/2164/2137 1891/2162/2135
f 1892/2271/2243 1891/2162/2135 1928/2272/2244
f 1928/2272/2244 1891/2162/2135 1927/2160/2133
f 1928/2272/2244 1927/2160/2133 1964/2230/2202
f 1964/2230/2202 1927/2160/2133 1963/2158/2131
f 1859/2241/2213 1822/2239/2211 1858/2170/2143
f 1858/2170/2143 1822/2239/2211 1821/2168/2141
f 1823/2240/2212 1824/2273/2245 1781/2188/2161
f 1781/2188/2161 1824/2273/2245 1825/2274/2246
f 1781/2188/2161 1825/2274/2246 1826/2186/2159
f 1826/2186/2159 1825/2274/2246 1862/2184/2157
f 1823/2240/2212 1860/2242/2214 1824/2273/2245
f 1824/2273/2245 1860/2242/2214 1861/2275/2247
f 1824/2273/2245 1861/2275/2247 1825/2274/2246
f 1825/2274/2246 1861/2275/2247 1862/2184/2157
f 1828/2189/2162 1827/2187/2160 1864/2276/2248
f 1864/2276/2248 1827/2187/2160 1863/2185/2158
f 1864/2276/2248 1863/2185/2158 1900/2277/2249
f 1900/2277/2249 1863/2185/2158 1899/2183/2156
f 1900/2277/2249 1899/2183/2156 1936/2278/2250
f 1936/2278/2250 1899/2183/2156 1935/2181/2154
f 1936/2278/2250 1935/2181/2154 1972/2279/2251
f 1972/2279/2251 1935/2181/2154 1971/2179/2152
f 1972/2279/2251 1971/2179/2152 1771/2177/2150
f 1829/2190/2163 1830/2280/2252 1781/2188/2161
f 1781/2188/2161 1830/2280/2252 1831/2281/2253
f 1781/2188/2161 1831/2281/2253 1832/2282/2254
f 1832/2282/2254 1831/2281/2253 1868/2283/2255
f 1832/2282/2254 1868/2283/2255 1869/2284/2256
f 1869/2284/2256 1868/2283/2255 1905/2285/2257
f 1869/2284/2256 1905/2285/2257 1906/2203/2176
f 1906/2203/2176 1905/2285/2257 1942/2201/2174
f 1829/2190/2163 1866/2192/2165 1830/2280/2252
f 1830/2280/2252 1866/2192/2165 1867/2286/2258
f 1830/2280/2252 1867/2286/2258 1831/2281/2253
f 1831/2281/2253 1867/2286/2258 1868/2283/2255
f 1834/2207/2180 1781/2188/2161 1833/2287/2259
f 1833/2287/2259 1781/2188/2161 1832/2282/2254
f 1833/2287/2259 1832/2282/2254 1869/2284/2256
f 1870/2205/2178 1834/2207/2180 1833/2287/2259
f 1870/2205/2178 1833/2287/2259 1869/2284/2256
f 1836/2209/2182 1835/2208/2181 1872/2288/2260
f 1872/2288/2260 1835/2208/2181 1871/2206/2179
f 1872/2288/2260 1871/2206/2179 1908/2289/2261
f 1908/2289/2261 1871/2206/2179 1907/2204/2177
f 1908/2289/2261 1907/2204/2177 1944/2221/2193
f 1804/2126/2099 1840/2246/2218 1841/2128/2101
f 1841/2128/2101 1840/2246/2218 1877/2290/2262
f 1841/2128/2101 1877/2290/2262 1878/2130/2103
f 1878/2130/2103 1877/2290/2262 1914/2291/2263
f 1878/2130/2103 1914/2291/2263 1915/2132/2105
f 1915/2132/2105 1914/2291/2263 1951/2292/2264
f 1915/2132/2105 1951/2292/2264 1952/2134/2107
f 1952/2134/2107 1951/2292/2264 1802/2136/2109
f 1877/2290/2262 1840/2246/2218 1876/2247/2219
f 1842/2129/2102 1879/2131/2104 1843/2256/2228
f 1843/2256/2228 1879/2131/2104 1880/2293/2265
f 1843/2256/2228 1880/2293/2265 1844/2253/2225
f 1844/2253/2225 1880/2293/2265 1881/2255/2227
f 1882/2141/2114 1846/2143/2116 1845/2254/2226
f 1812/2147/2120 1848/2258/2230 1849/2149/2122
f 1849/2149/2122 1848/2258/2230 1885/2294/2266
f 1849/2149/2122 1885/2294/2266 1886/2151/2124
f 1886/2151/2124 1885/2294/2266 1922/2295/2267
f 1886/2151/2124 1922/2295/2267 1923/2153/2126
f 1923/2153/2126 1922/2295/2267 1959/2296/2268
f 1923/2153/2126 1959/2296/2268 1960/2155/2128
f 1960/2155/2128 1959/2296/2268 1802/2136/2109
f 1885/2294/2266 1848/2258/2230 1884/2259/2231
f 1850/2150/2123 1887/2152/2125 1851/2268/2240
f 1851/2268/2240 1887/2152/2125 1888/2297/2269
f 1851/2268/2240 1888/2297/2269 1852/2265/2237
f 1852/2265/2237 1888/2297/2269 1889/2267/2239
f 1890/2161/2134 1854/2163/2136 1853/2266/2238
f 1893/2235/2207 1857/2169/2142 1856/2270/2242
f 1856/2270/2242 1857/2169/2142 1820/2167/2140
f 1893/2235/2207 1856/2270/2242 1892/2271/2243
f 1896/2243/2215 1859/2241/2213 1895/2172/2145
f 1895/2172/2145 1859/2241/2213 1858/2170/2143
f 1898/2182/2155 1862/2184/2157 1861/2275/2247
f 1898/2182/2155 1861/2275/2247 1897/2244/2216
f 1897/2244/2216 1861/2275/2247 1860/2242/2214
f 1828/2189/2162 1864/2276/2248 1865/2191/2164
f 1865/2191/2164 1864/2276/2248 1901/2298/2270
f 1865/2191/2164 1901/2298/2270 1902/2193/2166
f 1902/2193/2166 1901/2298/2270 1938/2299/2271
f 1902/2193/2166 1938/2299/2271 1939/2195/2168
f 1939/2195/2168 1938/2299/2271 1975/2300/2272
f 1939/2195/2168 1975/2300/2272 1976/2197/2170
f 1976/2197/2170 1975/2300/2272 1771/2177/2150
f 1901/2298/2270 1864/2276/2248 1900/2277/2249
f 1866/2192/2165 1903/2194/2167 1867/2286/2258
f 1867/2286/2258 1903/2194/2167 1904/2301/2273
f 1867/2286/2258 1904/2301/2273 1868/2283/2255
f 1868/2283/2255 1904/2301/2273 1905/2285/2257
f 1906/2203/2176 1870/2205/2178 1869/2284/2256
f 1836/2209/2182 1872/2288/2260 1873/2211/2184
f 1873/2211/2184 1872/2288/2260 1909/2302/2274
f 1873/2211/2184 1909/2302/2274 1910/2213/2186
f 1910/2213/2186 1909/2302/2274 1946/2216/2188
f 1909/2302/2274 1872/2288/2260 1908/2289/2261
f 1877/2290/2262 1876/2247/2219 1913/2303/2275
f 1913/2303/2275 1876/2247/2219 1912/2248/2220
f 1913/2303/2275 1912/2248/2220 1949/2304/2276
f 1949/2304/2276 1912/2248/2220 1948/2249/2221
f 1949/2304/2276 1948/2249/2221 1802/2136/2109
f 1879/2131/2104 1916/2133/2106 1880/2293/2265
f 1880/2293/2265 1916/2133/2106 1917/2305/2277
f 1880/2293/2265 1917/2305/2277 1881/2255/2227
f 1881/2255/2227 1917/2305/2277 1918/2139/2112
f 1885/2294/2266 1884/2259/2231 1921/2306/2278
f 1921/2306/2278 1884/2259/2231 1920/2260/2232
f 1921/2306/2278 1920/2260/2232 1957/2307/2279
f 1957/2307/2279 1920/2260/2232 1956/2261/2233
f 1957/2307/2279 1956/2261/2233 1802/2136/2109
f 1887/2152/2125 1924/2154/2127 1888/2297/2269
f 1888/2297/2269 1924/2154/2127 1925/2308/2280
f 1888/2297/2269 1925/2308/2280 1889/2267/2239
f 1889/2267/2239 1925/2308/2280 1926/2159/2132
f 1929/2233/2205 1893/2235/2207 1892/2271/2243
f 1929/2233/2205 1892/2271/2243 1928/2272/2244
f 1931/2173/2146 1894/2171/2144 1930/2234/2206
f 1933/2245/2217 1896/2243/2215 1932/2174/2147
f 1932/2174/2147 1896/2243/2215 1895/2172/2145
f 1934/2180/2153 1898/2182/2155 1897/2244/2216
f 1901/2298/2270 1900/2277/2249 1937/2309/2281
f 1937/2309/2281 1900/2277/2249 1936/2278/2250
f 1937/2309/2281 1936/2278/2250 1973/2310/2282
f 1973/2310/2282 1936/2278/2250 1972/2279/2251
f 1973/2310/2282 1972/2279/2251 1771/2177/2150
f 1903/2194/2167 1940/2196/2169 1904/2301/2273
f 1904/2301/2273 1940/2196/2169 1941/2311/2283
f 1904/2301/2273 1941/2311/2283 1905/2285/2257
f 1905/2285/2257 1941/2311/2283 1942/2201/2174
f 1909/2302/2274 1908/2289/2261 1945/2312/2284
f 1945/2312/2284 1908/2289/2261 1944/2221/2193
f 1945/2312/2284 1944/2221/2193 1981/2219/2191
f 1877/2290/2262 1913/2303/2275 1914/2291/2263
f 1914/2291/2263 1913/2303/2275 1950/2313/2285
f 1914/2291/2263 1950/2313/2285 1951/2292/2264
f 1951/2292/2264 1950/2313/2285 1802/2136/2109
f 1950/2313/2285 1913/2303/2275 1949/2304/2276
f 1954/2137/2110 1918/2139/2112 1917/2305/2277
f 1954/2137/2110 1917/2305/2277 1953/2135/2108
f 1953/2135/2108 1917/2305/2277 1916/2133/2106
f 1885/2294/2266 1921/2306/2278 1922/2295/2267
f 1922/2295/2267 1921/2306/2278 1958/2314/2286
f 1922/2295/2267 1958/2314/2286 1959/2296/2268
f 1959/2296/2268 1958/2314/2286 1802/2136/2109
f 1958/2314/2286 1921/2306/2278 1957/2307/2279
f 1962/2157/2130 1926/2159/2132 1925/2308/2280
f 1962/2157/2130 1925/2308/2280 1961/2156/2129
f 1961/2156/2129 1925/2308/2280 1924/2154/2127
f 1965/2231/2203 1929/2233/2205 1928/2272/2244
f 1965/2231/2203 1928/2272/2244 1964/2230/2202
f 1931/2173/2146 1930/2234/2206 1967/2315/2287
f 1967/2315/2287 1930/2234/2206 1966/2232/2204
f 1967/2315/2287 1966/2232/2204 1771/2177/2150
f 1970/2178/2151 1933/2245/2217 1969/2176/2149
f 1969/2176/2149 1933/2245/2217 1932/2174/2147
f 1901/2298/2270 1937/2309/2281 1938/2299/2271
f 1938/2299/2271 1937/2309/2281 1974/2316/2288
f 1938/2299/2271 1974/2316/2288 1975/2300/2272
f 1975/2300/2272 1974/2316/2288 1771/2177/2150
f 1974/2316/2288 1937/2309/2281 1973/2310/2282
f 1978/2199/2172 1942/2201/2174 1941/2311/2283
f 1978/2199/2172 1941/2311/2283 1977/2198/2171
f 1977/2198/2171 1941/2311/2283 1940/2196/2169
f 1980/2220/2192 1943/2202/2175 1979/2200/2173
f 1982/2218/2190 1946/2216/2188 1945/2312/2284
f 1945/2312/2284 1946/2216/2188 1909/2302/2274
f 1982/2218/2190 1945/2312/2284 1981/2219/2191
f 1802/2136/2109 1950/2313/2285 1949/2304/2276
f 1802/2136/2109 1958/2314/2286 1957/2307/2279
f 1771/2177/2150 1968/2175/2148 1967/2315/2287
f 1967/2315/2287 1968/2175/2148 1931/2173/2146
f 1771/2177/2150 1974/2316/2288 1973/2310/2282
f 1771/2177/2150 1980/2220/2192 1979/2200/2173
f 1995/2317/2289 1983/2318/2290 2007/2319/2291
f 2007/2319/2291 1983/2318/2290 1984/2320/2292
f 2007/2319/2291 1984/2320/2292 2006/2321/2293
f 2006/2321/2293 1984/2320/2292 2005/2322/2294
f 2006/2321/2293 2005/2322/2294 2017/2323/2295
f 2017/2323/2295 2005/2322/2294 2018/2324/2296
f 2017/2323/2295 2018/2324/2296 2015/2325/2297
f 2015/2325/2297 2018/2324/2296 2014/2326/2298
f 2015/2325/2297 2014/2326/2298 2032/2327/2299
f 2032/2327/2299 2014/2326/2298 2031/2328/2300
f 2032/2327/2299 2031/2328/2300 2041/2329/2301
f 2041/2329/2301 2031/2328/2300 2040/2330/2302
f 2041/2329/2301 2040/2330/2302 2043/2331/2303
f 2043/2331/2303 2040/2330/2302 2044/2332/2304
f 2043/2331/2303 2044/2332/2304 1775/2333/2305
f 1775/2333/2305 2044/2332/2304 2045/2334/2306
f 1775/2333/2305 2045/2334/2306 1776/2335/2307
f 1776/2335/2307 2045/2334/2306 2046/2336/2308
f 1776/2335/2307 2046/2336/2308 2047/2337/2309
f 2047/2337/2309 2046/2336/2308 2037/2338/2310
f 2047/2337/2309 2037/2338/2310 2036/2339/2311
f 2036/2339/2311 2037/2338/2310 2027/2340/2312
f 2036/2339/2311 2027/2340/2312 2026/2341/2313
f 2026/2341/2313 2027/2340/2312 2009/2342/2314
f 2026/2341/2313 2009/2342/2314 2008/2343/2315
f 2008/2343/2315 2009/2342/2314 2024/2344/2316
f 2008/2343/2315 2024/2344/2316 1990/2345/2317
f 1990/2345/2317 2024/2344/2316 1997/2346/2318
f 1990/2345/2317 1997/2346/2318 1989/2347/2319
f 1989/2347/2319 1997/2346/2318 1988/2348/2320
f 1988/2348/2320 1997/2346/2318 2000/2349/2321
f 1988/2348/2320 2000/2349/2321 1987/2350/2322
f 1987/2350/2322 2000/2349/2321 2001/2351/2323
f 1987/2350/2322 2001/2351/2323 2002/2352/2324
f 2002/2352/2324 2001/2351/2323 2021/2353/2325
f 2002/2352/2324 2021/2353/2325 2020/2354/2326
f 2020/2354/2326 2021/2353/2325 2012/2355/2327
f 2020/2354/2326 2012/2355/2327 2013/2356/2328
f 2013/2356/2328 2012/2355/2327 2030/2357/2329
f 2013/2356/2328 2030/2357/2329 2031/2328/2300
f 2031/2328/2300 2030/2357/2329 2040/2330/2302
f 1984/2320/2292 1985/2358/2330 2005/2322/2294
f 2005/2322/2294 1985/2358/2330 2004/2359/2331
f 2005/2322/2294 2004/2359/2331 2018/2324/2296
f 2018/2324/2296 2004/2359/2331 2019/2360/2332
f 2018/2324/2296 2019/2360/2332 2014/2326/2298
f 2014/2326/2298 2019/2360/2332 2013/2356/2328
f 2014/2326/2298 2013/2356/2328 2031/2328/2300
f 2004/2359/2331 1985/2358/2330 2003/2361/2333
f 2003/2361/2333 1985/2358/2330 1986/2362/2334
f 2003/2361/2333 1986/2362/2334 2002/2352/2324
f 2002/2352/2324 1986/2362/2334 1987/2350/2322
f 1990/2345/2317 1991/2363/2335 2008/2343/2315
f 2008/2343/2315 1991/2363/2335 2025/2364/2336
f 2008/2343/2315 2025/2364/2336 2026/2341/2313
f 2026/2341/2313 2025/2364/2336 2035/2365/2337
f 2026/2341/2313 2035/2365/2337 2036/2339/2311
f 2036/2339/2311 2035/2365/2337 2048/2366/2338
f 2036/2339/2311 2048/2366/2338 2047/2337/2309
f 2047/2337/2309 2048/2366/2338 1777/2367/2339
f 2047/2337/2309 1777/2367/2339 1776/2335/2307
f 1991/2363/2335 1992/2368/2340 2025/2364/2336
f 2025/2364/2336 1992/2368/2340 2034/2369/2341
f 2025/2364/2336 2034/2369/2341 2035/2365/2337
f 2035/2365/2337 2034/2369/2341 2049/2370/2342
f 2035/2365/2337 2049/2370/2342 2048/2366/2338
f 2048/2366/2338 2049/2370/2342 1778/2371/2343
f 2048/2366/2338 1778/2371/2343 1777/2367/2339
f 2034/2369/2341 1992/2368/2340 1999/2372/2344
f 1999/2372/2344 1992/2368/2340 1779/2373/2345
f 1999/2372/2344 1779/2373/2345 1778/2371/2343
f 1775/2333/2305 1774/2374/2346 2043/2331/2303
f 2043/2331/2303 1774/2374/2346 1998/2375/2347
f 2043/2331/2303 1998/2375/2347 2041/2329/2301
f 2041/2329/2301 1998/2375/2347 2042/2376/2348
f 2041/2329/2301 2042/2376/2348 2032/2327/2299
f 2032/2327/2299 2042/2376/2348 2033/2377/2349
f 2032/2327/2299 2033/2377/2349 2015/2325/2297
f 2015/2325/2297 2033/2377/2349 2016/2378/2350
f 2015/2325/2297 2016/2378/2350 2017/2323/2295
f 2017/2323/2295 2016/2378/2350 1996/2379/2351
f 2017/2323/2295 1996/2379/2351 2006/2321/2293
f 2006/2321/2293 1996/2379/2351 2007/2319/2291
f 1774/2374/2346 1773/2380/2352 1998/2375/2347
f 1998/2375/2347 1773/2380/2352 1993/2381/2353
f 1998/2375/2347 1993/2381/2353 2042/2376/2348
f 2042/2376/2348 1993/2381/2353 2033/2377/2349
f 1993/2381/2353 1994/2382/2354 2033/2377/2349
f 2033/2377/2349 1994/2382/2354 2016/2378/2350
f 2016/2378/2350 1994/2382/2354 1996/2379/2351
f 1996/2379/2351 1994/2382/2354 1995/2317/2289
f 1996/2379/2351 1995/2317/2289 2007/2319/2291
f 2000/2349/2321 1997/2346/2318 2023/2383/2355
f 2023/2383/2355 1997/2346/2318 2024/2344/2316
f 2023/2383/2355 2024/2344/2316 2009/2342/2314
f 2001/2351/2323 2000/2349/2321 2022/2384/2356
f 2022/2384/2356 2000/2349/2321 2023/2383/2355
f 2022/2384/2356 2023/2383/2355 2010/2385/2357
f 2010/2385/2357 2023/2383/2355 2009/2342/2314
f 2010/2385/2357 2009/2342/2314 2027/2340/2312
f 2019/2360/2332 2004/2359/2331 2003/2361/2333
f 2019/2360/2332 2003/2361/2333 2020/2354/2326
f 2020/2354/2326 2003/2361/2333 2002/2352/2324
f 2010/2385/2357 2011/2386/2358 2022/2384/2356
f 2022/2384/2356 2011/2386/2358 2021/2353/2325
f 2022/2384/2356 2021/2353/2325 2001/2351/2323
f 2021/2353/2325 2011/2386/2358 2012/2355/2327
f 2012/2355/2327 2011/2386/2358 2029/2387/2359
f 2012/2355/2327 2029/2387/2359 2030/2357/2329
f 2030/2357/2329 2029/2387/2359 2039/2388/2360
f 2030/2357/2329 2039/2388/2360 2040/2330/2302
f 2040/2330/2302 2039/2388/2360 2044/2332/2304
f 2011/2386/2358 2010/2385/2357 2028/2389/2361
f 2028/2389/2361 2010/2385/2357 2027/2340/2312
f 2028/2389/2361 2027/2340/2312 2037/2338/2310
f 2019/2360/2332 2020/2354/2326 2013/2356/2328
f 2011/2386/2358 2028/2389/2361 2029/2387/2359
f 2029/2387/2359 2028/2389/2361 2038/2390/2362
f 2029/2387/2359 2038/2390/2362 2039/2388/2360
f 2039/2388/2360 2038/2390/2362 2045/2334/2306
f 2039/2388/2360 2045/2334/2306 2044/2332/2304
f 2038/2390/2362 2028/2389/2361 2037/2338/2310
f 2045/2334/2306 2038/2390/2362 2046/2336/2308
f 2046/2336/2308 2038/2390/2362 2037/2338/2310
f 1999/2372/2344 1778/2371/2343 2049/2370/2342
f 2034/2369/2341 1999/2372/2344 2049/2370/2342
f 1569/2391/1876 1568/2392/1875 1771/2393/2072
f 1771/2393/2072 1568/2392/1875 1772/2394/2074
f 1772/2394/2074 1568/2392/1875 1567/2395/1874
f 1772/2394/2074 1567/2395/1874 1773/2396/2075
f 2061/2397/2363 2050/2398/2364 2071/2399/2365
f 2071/2399/2365 2050/2398/2364 2051/2400/2366
f 2071/2399/2365 2051/2400/2366 2070/2401/2367
f 2070/2401/2367 2051/2400/2366 2052/2402/2368
f 2070/2401/2367 2052/2402/2368 2069/2403/2369
f 2069/2403/2369 2052/2402/2368 2068/2404/2370
f 2069/2403/2369 2068/2404/2370 2082/2405/2371
f 2082/2405/2371 2068/2404/2370 2081/2406/2372
f 2082/2405/2371 2081/2406/2372 2091/2407/2373
f 2091/2407/2373 2081/2406/2372 2090/2408/2374
f 2091/2407/2373 2090/2408/2374 1563/2409/2375
f 1563/2409/2375 2090/2408/2374 2089/2410/2376
f 1563/2409/2375 2089/2410/2376 1564/2411/2377
f 1564/2411/2377 2089/2410/2376 2088/2412/2378
f 1564/2411/2377 2088/2412/2378 1565/2413/2379
f 1565/2413/2379 2088/2412/2378 2087/2414/2380
f 1565/2413/2379 2087/2414/2380 2086/2415/2381
f 2086/2415/2381 2087/2414/2380 2077/2416/2382
f 2086/2415/2381 2077/2416/2382 2076/2417/2383
f 2076/2417/2383 2077/2416/2382 2063/2418/2384
f 2076/2417/2383 2063/2418/2384 2057/2419/2385
f 2057/2419/2385 2063/2418/2384 2056/2420/2386
f 2056/2420/2386 2063/2418/2384 2062/2421/2387
f 2056/2420/2386 2062/2421/2387 2055/2422/2388
f 2055/2422/2388 2062/2421/2387 2054/2423/2389
f 2054/2423/2389 2062/2421/2387 2075/2424/2390
f 2054/2423/2389 2075/2424/2390 2074/2425/2391
f 2074/2425/2391 2075/2424/2390 2065/2426/2392
f 2074/2425/2391 2065/2426/2392 2066/2427/2393
f 2066/2427/2393 2065/2426/2392 2079/2428/2394
f 2066/2427/2393 2079/2428/2394 2080/2429/2395
f 2080/2429/2395 2079/2428/2394 2089/2410/2376
f 2080/2429/2395 2089/2410/2376 2090/2408/2374
f 2068/2404/2370 2052/2402/2368 2072/2430/2396
f 2072/2430/2396 2052/2402/2368 2053/2431/2397
f 2072/2430/2396 2053/2431/2397 2073/2432/2398
f 2073/2432/2398 2053/2431/2397 2054/2423/2389
f 2073/2432/2398 2054/2423/2389 2074/2425/2391
f 2057/2419/2385 2058/2433/2399 2076/2417/2383
f 2076/2417/2383 2058/2433/2399 2085/2434/2400
f 2076/2417/2383 2085/2434/2400 2086/2415/2381
f 2086/2415/2381 2085/2434/2400 1566/2435/2401
f 2086/2415/2381 1566/2435/2401 1565/2413/2379
f 2058/2433/2399 1567/2436/2402 2085/2434/2400
f 2085/2434/2400 1567/2436/2402 1566/2435/2401
f 1563/2409/2375 1562/2437/2403 2091/2407/2373
f 2091/2407/2373 1562/2437/2403 2092/2438/2404
f 2091/2407/2373 2092/2438/2404 2082/2405/2371
f 2082/2405/2371 2092/2438/2404 2083/2439/2405
f 2082/2405/2371 2083/2439/2405 2069/2403/2369
f 2069/2403/2369 2083/2439/2405 2070/2401/2367
f 2092/2438/2404 1562/2437/2403 2093/2440/2406
f 2093/2440/2406 1562/2437/2403 1561/2441/2407
f 2093/2440/2406 1561/2441/2407 2059/2442/2408
f 2059/2442/2408 2060/2443/2409 2093/2440/2406
f 2093/2440/2406 2060/2443/2409 2084/2444/2410
f 2093/2440/2406 2084/2444/2410 2083/2439/2405
f 2083/2439/2405 2084/2444/2410 2070/2401/2367
f 2060/2443/2409 2061/2397/2363 2084/2444/2410
f 2084/2444/2410 2061/2397/2363 2071/2399/2365
f 2084/2444/2410 2071/2399/2365 2070/2401/2367
f 2075/2424/2390 2062/2421/2387 2064/2445/2411
f 2064/2445/2411 2062/2421/2387 2063/2418/2384
f 2064/2445/2411 2063/2418/2384 2077/2416/2382
f 2075/2424/2390 2064/2445/2411 2065/2426/2392
f 2065/2426/2392 2064/2445/2411 2078/2446/2412
f 2065/2426/2392 2078/2446/2412 2079/2428/2394
f 2079/2428/2394 2078/2446/2412 2088/2412/2378
f 2079/2428/2394 2088/2412/2378 2089/2410/2376
f 2078/2446/2412 2064/2445/2411 2077/2416/2382
f 2073/2432/2398 2074/2425/2391 2066/2427/2393
f 2072/2430/2396 2073/2432/2398 2067/2447/2413
f 2067/2447/2413 2073/2432/2398 2066/2427/2393
f 2067/2447/2413 2066/2427/2393 2080/2429/2395
f 2081/2406/2372 2068/2404/2370 2067/2447/2413
f 2067/2447/2413 2068/2404/2370 2072/2430/2396
f 2081/2406/2372 2067/2447/2413 2080/2429/2395
f 2088/2412/2378 2078/2446/2412 2087/2414/2380
f 2087/2414/2380 2078/2446/2412 2077/2416/2382
f 2090/2408/2374 2081/2406/2372 2080/2429/2395
f 2093/2440/2406 2083/2439/2405 2092/2438/2404
f 1590/2448/2414 2094/2449/2415 1559/2450/1854
f 1559/2450/1854 2094/2449/2415 2059/2451/2416
f 1559/2450/1854 2059/2451/2416 1561/2452/1857
f 2050/2453/2364 2061/2454/2363 2094/2449/2415
f 2094/2449/2415 2061/2454/2363 2060/2455/2409
f 2094/2449/2415 2060/2455/2409 2059/2451/2416
f 1561/2452/1857 1560/2456/1856 1559/2450/1854
f 1589/2457/2417 1588/2458/2418 1590/2459/2419
f 1590/2459/2419 1588/2458/2418 1587/2460/2420
f 1590/2459/2419 1587/2460/2420 2094/2461/2421
f 2094/2461/2421 1587/2460/2420 1586/2462/2422
f 2094/2461/2421 1586/2462/2422 1585/2463/2423
f 2094/2461/2421 1585/2463/2423 2096/2464/2424
f 2096/2464/2424 1585/2463/2423 1584/2465/2425
f 2096/2464/2424 1584/2465/2425 1802/2466/2426
f 1802/2466/2426 1801/2467/2427 2096/2464/2424
f 2096/2464/2424 1801/2467/2427 2095/2468/2428
f 2095/2468/2428 1801/2467/2427 1800/2469/2429
f 2095/2468/2428 1800/2469/2429 1799/2470/2430
f 2095/2468/2428 1799/2470/2430 1796/2471/2431
f 1796/2471/2431 1799/2470/2430 1798/2472/2432
f 1796/2471/2431 1798/2472/2432 1797/2473/2433
f 2097/2474/2434 2055/2475/2435 2096/2476/2436
f 2096/2476/2436 2055/2475/2435 2054/2477/2437
f 2096/2476/2436 2054/2477/2437 2094/2478/2438
f 2094/2478/2438 2054/2477/2437 2053/2479/2439
f 2094/2478/2438 2053/2479/2439 2052/2480/2440
f 2052/2480/2440 2051/2481/2441 2094/2478/2438
f 2094/2478/2438 2051/2481/2441 2050/2482/2442
f 1773/2483/2075 1567/2484/2443 1993/2485/2444
f 1993/2485/2444 1567/2484/2443 2058/2486/2445
f 1993/2485/2444 2058/2486/2445 1994/2487/2446
f 1994/2487/2446 2058/2486/2445 2057/2488/2447
f 1994/2487/2446 2057/2488/2447 2056/2489/2448
f 2055/2490/2449 2097/2491/2450 2056/2489/2448
f 2056/2489/2448 2097/2491/2450 1995/2492/2451
f 2056/2489/2448 1995/2492/2451 1994/2487/2446
f 2097/2491/2450 1983/2493/2452 1995/2492/2451
f 1584/2494/2453 1569/2495/1876 1802/2496/2454
f 1802/2496/2454 1569/2495/1876 1771/2497/2072
f 1796/2498/2455 1781/2499/2092 2095/2500/2456
f 2095/2500/2456 1781/2499/2092 1992/2501/2340
f 2095/2500/2456 1992/2501/2340 1991/2502/2335
f 1780/2503/2093 1779/2504/2094 1781/2499/2092
f 1781/2499/2092 1779/2504/2094 1992/2501/2340
f 1991/2502/2335 1990/2505/2317 2095/2500/2456
f 2095/2500/2456 1990/2505/2317 1989/2506/2319
f 1989/2507/2457 1988/2508/2458 2095/2509/2459
f 2095/2509/2459 1988/2508/2458 1987/2510/2460
f 2095/2509/2459 1987/2510/2460 1986/2511/2461
f 1986/2511/2461 1985/2512/2462 2095/2509/2459
f 2095/2509/2459 1985/2512/2462 1984/2513/2463
f 2095/2509/2459 1984/2513/2463 2096/2514/2464
f 2096/2514/2464 1984/2513/2463 1983/2515/2465
f 2096/2514/2464 1983/2515/2465 2097/2516/2466
g Body80

v 2.758758 6.463238 -0.519227
v 2.763876 6.463238 -0.518781
v 2.768836 6.463238 -0.517449
v 2.773474 6.463238 -0.515253
v 2.777612 6.463238 -0.512245
v 2.781092 6.463238 -0.508491
v 2.783728 6.463238 -0.504123
v 2.785383 6.463238 -0.499293
v 2.785947 6.463238 -0.494227
v 2.833887 6.337114 -0.494227
v 2.869525 6.205804 -0.494227
v 2.879511 6.137305 -0.494227
v 2.878782 6.065530 -0.494227
v 2.870004 6.028070 -0.494227
v 2.861500 6.009138 -0.494227
v 2.849023 5.991258 -0.494227
v 2.832196 5.976282 -0.494227
v 2.812695 5.965677 -0.494227
v 2.792628 5.959493 -0.494227
v 2.773018 5.956629 -0.494227
v 2.772947 5.957477 -0.500697
v 2.772738 5.959966 -0.506727
v 2.772405 5.963925 -0.511905
v 2.771972 5.969085 -0.515878
v 2.771468 5.975093 -0.518375
v 2.770926 5.981541 -0.519227
v 2.787680 5.984006 -0.519227
v 2.803872 5.989031 -0.519227
v 2.818672 5.997208 -0.519227
v 2.831024 6.008731 -0.519227
v 2.840472 6.022793 -0.519227
v 2.847127 6.038358 -0.519227
v 2.854302 6.071448 -0.519227
v 2.854247 6.139168 -0.519227
v 2.843957 6.206139 -0.519227
v 2.807627 6.336759 -0.519227
v 2.850733 5.994433 -0.499774
v 2.842691 6.019560 -0.518972
v 2.843788 6.303987 -0.499774
v 2.823834 6.297898 -0.518972
v 2.802616 6.420906 -0.499774
v 2.783218 6.413229 -0.518972
v 2.801662 6.420529 -0.503129
v 2.800292 6.419986 -0.506312
v 2.798531 6.419289 -0.509259
v 2.796405 6.418447 -0.511905
v 2.792345 6.416840 -0.515367
v 2.789467 6.415701 -0.517014
v 2.786405 6.414490 -0.518225
v 2.842806 6.303687 -0.503129
v 2.841397 6.303257 -0.506312
v 2.839585 6.302703 -0.509259
v 2.837398 6.302036 -0.511905
v 2.833222 6.300761 -0.515367
v 2.830262 6.299858 -0.517014
v 2.827112 6.298897 -0.518225
v 2.804675 6.355977 -0.518972
v 2.807906 6.357120 -0.518225
v 2.811011 6.358218 -0.517014
v 2.813929 6.359249 -0.515367
v 2.818046 6.360703 -0.511905
v 2.820203 6.361463 -0.509259
v 2.821990 6.362091 -0.506312
v 2.823380 6.362580 -0.503129
v 2.824347 6.362922 -0.499774
v 2.877888 6.147592 -0.499774
v 2.876868 6.147485 -0.503129
v 2.875402 6.147330 -0.506312
v 2.873519 6.147131 -0.509259
v 2.871245 6.146891 -0.511905
v 2.866903 6.146434 -0.515367
v 2.863825 6.146110 -0.517014
v 2.860549 6.145765 -0.518225
v 2.857141 6.145406 -0.518972
v 2.846493 6.211099 -0.518972
v 2.849846 6.211808 -0.518225
v 2.853068 6.212489 -0.517014
v 2.856097 6.213130 -0.515367
v 2.860368 6.214033 -0.511905
v 2.862606 6.214507 -0.509259
v 2.864458 6.214899 -0.506312
v 2.865900 6.215205 -0.503129
v 2.866904 6.215417 -0.499774
v 2.880281 6.093466 -0.499774
v 2.879255 6.093495 -0.503129
v 2.877782 6.093536 -0.506312
v 2.875889 6.093589 -0.509259
v 2.873603 6.093653 -0.511905
v 2.869238 6.093774 -0.515367
v 2.866143 6.093861 -0.517014
v 2.862849 6.093953 -0.518225
v 2.859422 6.094048 -0.518972
v 2.873260 6.040684 -0.499774
v 2.872268 6.040948 -0.503129
v 2.870844 6.041327 -0.506312
v 2.869015 6.041813 -0.509259
v 2.866807 6.042401 -0.511905
v 2.862587 6.043524 -0.515367
v 2.859594 6.044321 -0.517014
v 2.856410 6.045169 -0.518225
v 2.853097 6.046052 -0.518972
v 2.860941 6.009466 -0.499774
v 2.860043 6.009962 -0.503129
v 2.858752 6.010670 -0.506312
v 2.857092 6.011581 -0.509259
v 2.855090 6.012683 -0.511905
v 2.851271 6.014796 -0.515367
v 2.848565 6.016297 -0.517014
v 2.845686 6.017896 -0.518225
v 2.849939 5.995080 -0.503129
v 2.848804 5.996008 -0.506312
v 2.847346 5.997201 -0.509259
v 2.845583 5.998641 -0.511905
v 2.842207 6.001393 -0.515367
v 2.839811 6.003345 -0.517014
v 2.837259 6.005421 -0.518225
v 2.834604 6.007582 -0.518972
v 2.837686 5.981146 -0.499774
v 2.837033 5.981937 -0.503129
v 2.836102 5.983078 -0.506312
v 2.834908 5.984546 -0.509259
v 2.833463 5.986316 -0.511905
v 2.830691 5.989688 -0.515367
v 2.828722 5.992075 -0.517014
v 2.826626 5.994613 -0.518225
v 2.824444 5.997255 -0.518972
v 2.822296 5.970854 -0.499774
v 2.821810 5.971758 -0.503129
v 2.821106 5.973049 -0.506312
v 2.820199 5.974707 -0.509259
v 2.819107 5.976712 -0.511905
v 2.817035 5.980551 -0.515367
v 2.815571 5.983278 -0.517014
v 2.814015 5.986180 -0.518225
v 2.812395 5.989201 -0.518972
v 2.805738 5.963748 -0.499774
v 2.805412 5.964721 -0.503129
v 2.804949 5.966118 -0.506312
v 2.804355 5.967913 -0.509259
v 2.803636 5.970080 -0.511905
v 2.802254 5.974220 -0.515367
v 2.801272 5.977154 -0.517014
v 2.800225 5.980277 -0.518225
v 2.799137 5.983526 -0.518972
v 2.785383 6.463238 -0.489159
v 2.783727 6.463238 -0.484328
v 2.781090 6.463238 -0.479961
v 2.777610 6.463238 -0.476206
v 2.773470 6.463238 -0.473198
v 2.768831 6.463238 -0.471003
v 2.763875 6.463238 -0.469673
v 2.758758 6.463238 -0.469227
v 2.807633 6.336760 -0.469227
v 2.843951 6.206136 -0.469227
v 2.854244 6.139170 -0.469227
v 2.854305 6.071437 -0.469227
v 2.847122 6.038374 -0.469227
v 2.840452 6.022772 -0.469227
v 2.831063 6.008719 -0.469227
v 2.818663 5.997264 -0.469227
v 2.803865 5.989049 -0.469227
v 2.787685 5.984005 -0.469227
v 2.770926 5.981541 -0.469227
v 2.771468 5.975093 -0.470079
v 2.771972 5.969085 -0.472576
v 2.772405 5.963925 -0.476549
v 2.772738 5.959966 -0.481727
v 2.772947 5.957477 -0.487756
v 2.790794 6.450035 -0.488679
v 2.791655 6.391464 -0.469482
v 2.878945 6.072621 -0.488679
v 2.858801 6.125779 -0.469482
v 2.845536 5.988402 -0.488679
v 2.808694 5.987389 -0.469482
v 2.771529 6.442030 -0.469482
v 2.774694 6.443344 -0.470229
v 2.777735 6.444608 -0.471439
v 2.780593 6.445795 -0.473087
v 2.784625 6.447471 -0.476549
v 2.786737 6.448349 -0.479195
v 2.788486 6.449076 -0.482141
v 2.789847 6.449642 -0.485324
v 2.831474 6.271809 -0.469482
v 2.834774 6.272734 -0.470229
v 2.837945 6.273623 -0.471439
v 2.840925 6.274458 -0.473087
v 2.845129 6.275637 -0.476549
v 2.847331 6.276255 -0.479195
v 2.849154 6.276767 -0.482141
v 2.850573 6.277165 -0.485324
v 2.851561 6.277442 -0.488679
v 2.829872 6.347022 -0.488679
v 2.828901 6.346691 -0.485324
v 2.827506 6.346217 -0.482141
v 2.825712 6.345608 -0.479195
v 2.823547 6.344872 -0.476549
v 2.819414 6.343463 -0.473087
v 2.816485 6.342464 -0.471439
v 2.813368 6.341400 -0.470229
v 2.810125 6.340293 -0.469482
v 2.848844 6.199534 -0.469482
v 2.852207 6.200192 -0.470229
v 2.855439 6.200825 -0.471439
v 2.858476 6.201419 -0.473087
v 2.862762 6.202259 -0.476549
v 2.865005 6.202700 -0.479195
v 2.866864 6.203066 -0.482141
v 2.868310 6.203350 -0.485324
v 2.869317 6.203548 -0.488679
v 2.862222 6.125991 -0.470229
v 2.865510 6.126196 -0.471439
v 2.868600 6.126388 -0.473087
v 2.872958 6.126659 -0.476549
v 2.875240 6.126801 -0.479195
v 2.877130 6.126919 -0.482141
v 2.878601 6.127011 -0.485324
v 2.879625 6.127074 -0.488679
v 2.853954 6.049385 -0.469482
v 2.857288 6.048582 -0.470229
v 2.860491 6.047810 -0.471439
v 2.863502 6.047082 -0.473087
v 2.867746 6.046048 -0.476549
v 2.869965 6.045498 -0.479195
v 2.871802 6.045040 -0.482141
v 2.873232 6.044684 -0.485324
v 2.874230 6.044443 -0.488679
v 2.877924 6.072726 -0.485324
v 2.876458 6.072874 -0.482141
v 2.874574 6.073064 -0.479195
v 2.872299 6.073294 -0.476549
v 2.867954 6.073738 -0.473087
v 2.864874 6.074053 -0.471439
v 2.861596 6.074390 -0.470229
v 2.858186 6.074740 -0.469482
v 2.845426 6.024875 -0.469482
v 2.848518 6.023393 -0.470229
v 2.851489 6.021969 -0.471439
v 2.854281 6.020632 -0.473087
v 2.858217 6.018747 -0.476549
v 2.860276 6.017763 -0.479195
v 2.861981 6.016948 -0.482141
v 2.863307 6.016314 -0.485324
v 2.864233 6.015871 -0.488679
v 2.838860 6.013292 -0.469482
v 2.841705 6.011379 -0.470229
v 2.844439 6.009541 -0.471439
v 2.847007 6.007811 -0.473087
v 2.850620 6.005364 -0.476549
v 2.852504 6.004076 -0.479195
v 2.854061 6.003006 -0.482141
v 2.855274 6.002175 -0.485324
v 2.856125 6.001602 -0.488679
v 2.830490 6.002853 -0.469482
v 2.832960 6.000478 -0.470229
v 2.835334 5.998196 -0.471439
v 2.837566 5.996052 -0.473087
v 2.840715 5.993027 -0.476549
v 2.842365 5.991444 -0.479195
v 2.843732 5.990133 -0.482141
v 2.844796 5.989113 -0.485324
v 2.820287 5.994137 -0.469482
v 2.822271 5.991350 -0.470229
v 2.824179 5.988672 -0.471439
v 2.825973 5.986157 -0.473087
v 2.828509 5.982619 -0.476549
v 2.829842 5.980775 -0.479195
v 2.830948 5.979252 -0.482141
v 2.831808 5.978065 -0.485324
v 2.832402 5.977231 -0.488679
v 2.790264 5.981006 -0.469482
v 2.791050 5.977670 -0.470229
v 2.791806 5.974465 -0.471439
v 2.792517 5.971452 -0.473087
v 2.793525 5.967204 -0.476549
v 2.794058 5.964981 -0.479195
v 2.794501 5.963140 -0.482141
v 2.794845 5.961707 -0.485324
v 2.795081 5.960708 -0.488679
v 2.817591 5.968585 -0.488679
v 2.817152 5.969511 -0.485324
v 2.816527 5.970837 -0.482141
v 2.815726 5.972541 -0.479195
v 2.814756 5.974600 -0.476549
v 2.812894 5.978536 -0.473087
v 2.811571 5.981327 -0.471439
v 2.810161 5.984298 -0.470229
v 2.794858 6.392681 -0.470229
v 2.797937 6.393851 -0.471439
v 2.800830 6.394950 -0.473087
v 2.804911 6.396503 -0.476549
v 2.807048 6.397316 -0.479195
v 2.808818 6.397991 -0.482141
v 2.810195 6.398515 -0.485324
v 2.811155 6.398880 -0.488679
v 0.001948 5.749053 -0.469227
v 0.001948 5.742559 -0.470079
v 0.001948 5.736509 -0.472576
v 0.001948 5.731313 -0.476549
v 0.001948 5.727326 -0.481727
v 0.001948 5.724820 -0.487756
v 0.001948 5.723965 -0.494227
v 0.001948 5.724820 -0.500697
v 0.001948 5.727326 -0.506727
v 0.001948 5.731313 -0.511905
v 0.001948 5.736509 -0.515878
v 0.001948 5.742559 -0.518375
v 0.001948 5.749053 -0.519227
v 0.138951 5.754062 -0.470079
v 0.277504 5.765696 -0.470079
v 0.416058 5.777329 -0.470079
v 0.554611 5.788962 -0.470079
v 0.693165 5.800595 -0.470079
v 0.831718 5.812228 -0.470079
v 0.970272 5.823862 -0.470079
v 1.108826 5.835495 -0.470079
v 1.247379 5.847128 -0.470079
v 1.385933 5.858761 -0.470079
v 1.524486 5.870394 -0.470079
v 1.663040 5.882028 -0.470079
v 1.801593 5.893661 -0.470079
v 1.940147 5.905294 -0.470079
v 2.078700 5.916927 -0.470079
v 2.217254 5.928560 -0.470079
v 2.355807 5.940194 -0.470079
v 2.494361 5.951827 -0.470079
v 2.632914 5.963460 -0.470079
v 0.139455 5.748054 -0.472576
v 0.278009 5.759687 -0.472576
v 0.416562 5.771320 -0.472576
v 0.555116 5.782954 -0.472576
v 0.693669 5.794587 -0.472576
v 0.832223 5.806220 -0.472576
v 0.970776 5.817853 -0.472576
v 1.109330 5.829486 -0.472576
v 1.247884 5.841120 -0.472576
v 1.386437 5.852753 -0.472576
v 1.524991 5.864386 -0.472576
v 1.663544 5.876019 -0.472576
v 1.802098 5.887652 -0.472576
v 1.940651 5.899286 -0.472576
v 2.079205 5.910919 -0.472576
v 2.217758 5.922552 -0.472576
v 2.356312 5.934185 -0.472576
v 2.494865 5.945818 -0.472576
v 2.633419 5.957452 -0.472576
v 0.139889 5.742895 -0.476549
v 0.278442 5.754528 -0.476549
v 0.416996 5.766161 -0.476549
v 0.555549 5.777794 -0.476549
v 0.694103 5.789427 -0.476549
v 0.832656 5.801061 -0.476549
v 0.971210 5.812694 -0.476549
v 1.109763 5.824327 -0.476549
v 1.248317 5.835960 -0.476549
v 1.386870 5.847593 -0.476549
v 1.525424 5.859227 -0.476549
v 1.663977 5.870860 -0.476549
v 1.802531 5.882493 -0.476549
v 1.941084 5.894126 -0.476549
v 2.079638 5.905759 -0.476549
v 2.218191 5.917392 -0.476549
v 2.356745 5.929026 -0.476549
v 2.495298 5.940659 -0.476549
v 2.633852 5.952292 -0.476549
v 0.140221 5.738936 -0.481727
v 0.278774 5.750569 -0.481727
v 0.417328 5.762202 -0.481727
v 0.555882 5.773835 -0.481727
v 0.694435 5.785468 -0.481727
v 0.832989 5.797101 -0.481727
v 0.971542 5.808735 -0.481727
v 1.110096 5.820368 -0.481727
v 1.248649 5.832001 -0.481727
v 1.387203 5.843634 -0.481727
v 1.525756 5.855267 -0.481727
v 1.664310 5.866901 -0.481727
v 1.802863 5.878534 -0.481727
v 1.941417 5.890167 -0.481727
v 2.079970 5.901800 -0.481727
v 2.218524 5.913433 -0.481727
v 2.357077 5.925067 -0.481727
v 2.495631 5.936700 -0.481727
v 2.634184 5.948333 -0.481727
v 0.140430 5.736447 -0.487756
v 0.278983 5.748080 -0.487756
v 0.417537 5.759713 -0.487756
v 0.556090 5.771346 -0.487756
v 0.694644 5.782980 -0.487756
v 0.833198 5.794613 -0.487756
v 0.971751 5.806246 -0.487756
v 1.110305 5.817879 -0.487756
v 1.248858 5.829512 -0.487756
v 1.387412 5.841146 -0.487756
v 1.525965 5.852779 -0.487756
v 1.664519 5.864412 -0.487756
v 1.803072 5.876045 -0.487756
v 1.941626 5.887678 -0.487756
v 2.080179 5.899311 -0.487756
v 2.218733 5.910945 -0.487756
v 2.357286 5.922578 -0.487756
v 2.495840 5.934211 -0.487756
v 2.634393 5.945844 -0.487756
v 0.140501 5.735598 -0.494227
v 0.279055 5.747231 -0.494227
v 0.417608 5.758864 -0.494227
v 0.556162 5.770497 -0.494227
v 0.694715 5.782131 -0.494227
v 0.833269 5.793764 -0.494227
v 0.971822 5.805397 -0.494227
v 1.110376 5.817030 -0.494227
v 1.248929 5.828663 -0.494227
v 1.387483 5.840297 -0.494227
v 1.526036 5.851930 -0.494227
v 1.664590 5.863563 -0.494227
v 1.803143 5.875196 -0.494227
v 1.941697 5.886829 -0.494227
v 2.080250 5.898463 -0.494227
v 2.218804 5.910096 -0.494227
v 2.357357 5.921729 -0.494227
v 2.495911 5.933362 -0.494227
v 2.634465 5.944995 -0.494227
v 0.140430 5.736447 -0.500697
v 0.278983 5.748080 -0.500697
v 0.417537 5.759713 -0.500697
v 0.556090 5.771346 -0.500697
v 0.694644 5.782980 -0.500697
v 0.833198 5.794613 -0.500697
v 0.971751 5.806246 -0.500697
v 1.110305 5.817879 -0.500697
v 1.248858 5.829512 -0.500697
v 1.387412 5.841146 -0.500697
v 1.525965 5.852779 -0.500697
v 1.664519 5.864412 -0.500697
v 1.803072 5.876045 -0.500697
v 1.941626 5.887678 -0.500697
v 2.080179 5.899311 -0.500697
v 2.218733 5.910945 -0.500697
v 2.357286 5.922578 -0.500697
v 2.495840 5.934211 -0.500697
v 2.634393 5.945844 -0.500697
v 0.140221 5.738936 -0.506727
v 0.278774 5.750569 -0.506727
v 0.417328 5.762202 -0.506727
v 0.555882 5.773835 -0.506727
v 0.694435 5.785468 -0.506727
v 0.832989 5.797101 -0.506727
v 0.971542 5.808735 -0.506727
v 1.110096 5.820368 -0.506727
v 1.248649 5.832001 -0.506727
v 1.387203 5.843634 -0.506727
v 1.525756 5.855267 -0.506727
v 1.664310 5.866901 -0.506727
v 1.802863 5.878534 -0.506727
v 1.941417 5.890167 -0.506727
v 2.079970 5.901800 -0.506727
v 2.218524 5.913433 -0.506727
v 2.357077 5.925067 -0.506727
v 2.495631 5.936700 -0.506727
v 2.634184 5.948333 -0.506727
v 0.139889 5.742895 -0.511905
v 0.278442 5.754528 -0.511905
v 0.416996 5.766161 -0.511905
v 0.555549 5.777794 -0.511905
v 0.694103 5.789427 -0.511905
v 0.832656 5.801061 -0.511905
v 0.971210 5.812694 -0.511905
v 1.109763 5.824327 -0.511905
v 1.248317 5.835960 -0.511905
v 1.386870 5.847593 -0.511905
v 1.525424 5.859227 -0.511905
v 1.663977 5.870860 -0.511905
v 1.802531 5.882493 -0.511905
v 1.941084 5.894126 -0.511905
v 2.079638 5.905759 -0.511905
v 2.218191 5.917392 -0.511905
v 2.356745 5.929026 -0.511905
v 2.495298 5.940659 -0.511905
v 2.633852 5.952292 -0.511905
v 0.139455 5.748054 -0.515878
v 0.278009 5.759687 -0.515878
v 0.416562 5.771320 -0.515878
v 0.555116 5.782954 -0.515878
v 0.693669 5.794587 -0.515878
v 0.832223 5.806220 -0.515878
v 0.970776 5.817853 -0.515878
v 1.109330 5.829486 -0.515878
v 1.247884 5.841120 -0.515878
v 1.386437 5.852753 -0.515878
v 1.524991 5.864386 -0.515878
v 1.663544 5.876019 -0.515878
v 1.802098 5.887652 -0.515878
v 1.940651 5.899286 -0.515878
v 2.079205 5.910919 -0.515878
v 2.217758 5.922552 -0.515878
v 2.356312 5.934185 -0.515878
v 2.494865 5.945818 -0.515878
v 2.633419 5.957452 -0.515878
v 0.138951 5.754062 -0.518375
v 0.277504 5.765696 -0.518375
v 0.416058 5.777329 -0.518375
v 0.554611 5.788962 -0.518375
v 0.693165 5.800595 -0.518375
v 0.831718 5.812228 -0.518375
v 0.970272 5.823862 -0.518375
v 1.108826 5.835495 -0.518375
v 1.247379 5.847128 -0.518375
v 1.385933 5.858761 -0.518375
v 1.524486 5.870394 -0.518375
v 1.663040 5.882028 -0.518375
v 1.801593 5.893661 -0.518375
v 1.940147 5.905294 -0.518375
v 2.078700 5.916927 -0.518375
v 2.217254 5.928560 -0.518375
v 2.355807 5.940194 -0.518375
v 2.494361 5.951827 -0.518375
v 2.632914 5.963460 -0.518375
v -2.782051 6.463238 -0.494227
v -2.781488 6.463238 -0.499293
v -2.779833 6.463238 -0.504123
v -2.777196 6.463238 -0.508491
v -2.773717 6.463238 -0.512245
v -2.769579 6.463238 -0.515253
v -2.764940 6.463238 -0.517449
v -2.759980 6.463238 -0.518781
v -2.754863 6.463238 -0.519227
v -2.803732 6.336759 -0.519227
v -2.840062 6.206139 -0.519227
v -2.850351 6.139168 -0.519227
v -2.850407 6.071448 -0.519227
v -2.843231 6.038358 -0.519227
v -2.836576 6.022793 -0.519227
v -2.827129 6.008731 -0.519227
v -2.814777 5.997208 -0.519227
v -2.799977 5.989031 -0.519227
v -2.783785 5.984006 -0.519227
v -2.767031 5.981541 -0.519227
v -2.767572 5.975093 -0.518375
v -2.768077 5.969085 -0.515878
v -2.768510 5.963925 -0.511905
v -2.768842 5.959966 -0.506727
v -2.769051 5.957477 -0.500697
v -2.769123 5.956629 -0.494227
v -2.788733 5.959493 -0.494227
v -2.808800 5.965677 -0.494227
v -2.828301 5.976282 -0.494227
v -2.845127 5.991258 -0.494227
v -2.857604 6.009138 -0.494227
v -2.866109 6.028070 -0.494227
v -2.874887 6.065530 -0.494227
v -2.875616 6.137305 -0.494227
v -2.865630 6.205804 -0.494227
v -2.829991 6.337114 -0.494227
v -2.838795 6.019560 -0.518972
v -2.819938 6.297898 -0.518972
v -2.839892 6.303987 -0.499774
v -2.779323 6.413229 -0.518972
v -2.798721 6.420906 -0.499774
v -2.782509 6.414490 -0.518225
v -2.785572 6.415701 -0.517014
v -2.788450 6.416840 -0.515367
v -2.792510 6.418447 -0.511905
v -2.794636 6.419289 -0.509259
v -2.796397 6.419986 -0.506312
v -2.797767 6.420529 -0.503129
v -2.823216 6.298897 -0.518225
v -2.826366 6.299858 -0.517014
v -2.829327 6.300761 -0.515367
v -2.833503 6.302036 -0.511905
v -2.835690 6.302703 -0.509259
v -2.837501 6.303257 -0.506312
v -2.838911 6.303687 -0.503129
v -2.820452 6.362922 -0.499774
v -2.819484 6.362580 -0.503129
v -2.818094 6.362091 -0.506312
v -2.816308 6.361463 -0.509259
v -2.814151 6.360703 -0.511905
v -2.810034 6.359249 -0.515367
v -2.807115 6.358218 -0.517014
v -2.804011 6.357120 -0.518225
v -2.800780 6.355977 -0.518972
v -2.853246 6.145406 -0.518972
v -2.856654 6.145765 -0.518225
v -2.859929 6.146110 -0.517014
v -2.863007 6.146434 -0.515367
v -2.867350 6.146891 -0.511905
v -2.869624 6.147131 -0.509259
v -2.871507 6.147330 -0.506312
v -2.872972 6.147485 -0.503129
v -2.873993 6.147592 -0.499774
v -2.863008 6.215417 -0.499774
v -2.862005 6.215205 -0.503129
v -2.860563 6.214899 -0.506312
v -2.858710 6.214507 -0.509259
v -2.856473 6.214033 -0.511905
v -2.852201 6.213130 -0.515367
v -2.849173 6.212489 -0.517014
v -2.845951 6.211808 -0.518225
v -2.842598 6.211099 -0.518972
v -2.855527 6.094048 -0.518972
v -2.858954 6.093953 -0.518225
v -2.862247 6.093861 -0.517014
v -2.865342 6.093774 -0.515367
v -2.869708 6.093653 -0.511905
v -2.871994 6.093589 -0.509259
v -2.873886 6.093536 -0.506312
v -2.875359 6.093495 -0.503129
v -2.876385 6.093466 -0.499774
v -2.849201 6.046052 -0.518972
v -2.852515 6.045169 -0.518225
v -2.855699 6.044321 -0.517014
v -2.858691 6.043524 -0.515367
v -2.862911 6.042401 -0.511905
v -2.865120 6.041813 -0.509259
v -2.866949 6.041327 -0.506312
v -2.868372 6.040948 -0.503129
v -2.869364 6.040684 -0.499774
v -2.841791 6.017896 -0.518225
v -2.844669 6.016297 -0.517014
v -2.847375 6.014796 -0.515367
v -2.851195 6.012683 -0.511905
v -2.853197 6.011581 -0.509259
v -2.854857 6.010670 -0.506312
v -2.856148 6.009962 -0.503129
v -2.857046 6.009466 -0.499774
v -2.820548 5.997255 -0.518972
v -2.822730 5.994613 -0.518225
v -2.824827 5.992075 -0.517014
v -2.826796 5.989688 -0.515367
v -2.829567 5.986316 -0.511905
v -2.831012 5.984546 -0.509259
v -2.832207 5.983078 -0.506312
v -2.833137 5.981937 -0.503129
v -2.833790 5.981146 -0.499774
v -2.846838 5.994433 -0.499774
v -2.846043 5.995080 -0.503129
v -2.844908 5.996008 -0.506312
v -2.843450 5.997201 -0.509259
v -2.841688 5.998641 -0.511905
v -2.838312 6.001393 -0.515367
v -2.835915 6.003345 -0.517014
v -2.833364 6.005421 -0.518225
v -2.830709 6.007582 -0.518972
v -2.808500 5.989201 -0.518972
v -2.810119 5.986180 -0.518225
v -2.811676 5.983278 -0.517014
v -2.813140 5.980551 -0.515367
v -2.815212 5.976712 -0.511905
v -2.816304 5.974707 -0.509259
v -2.817210 5.973049 -0.506312
v -2.817915 5.971758 -0.503129
v -2.818400 5.970854 -0.499774
v -2.795241 5.983526 -0.518972
v -2.796330 5.980277 -0.518225
v -2.797376 5.977154 -0.517014
v -2.798359 5.974220 -0.515367
v -2.799740 5.970080 -0.511905
v -2.800460 5.967913 -0.509259
v -2.801054 5.966118 -0.506312
v -2.801517 5.964721 -0.503129
v -2.801843 5.963748 -0.499774
v -2.781488 6.463238 -0.489159
v -2.779832 6.463238 -0.484328
v -2.777195 6.463238 -0.479961
v -2.773714 6.463238 -0.476206
v -2.769574 6.463238 -0.473198
v -2.764936 6.463238 -0.471003
v -2.759980 6.463238 -0.469673
v -2.754863 6.463238 -0.469227
v -2.769051 5.957477 -0.487756
v -2.768842 5.959966 -0.481727
v -2.768510 5.963925 -0.476549
v -2.768077 5.969085 -0.472576
v -2.767572 5.975093 -0.470079
v -2.767031 5.981541 -0.469227
v -2.783789 5.984005 -0.469227
v -2.799969 5.989049 -0.469227
v -2.814767 5.997264 -0.469227
v -2.827167 6.008719 -0.469227
v -2.836556 6.022772 -0.469227
v -2.843226 6.038374 -0.469227
v -2.850410 6.071437 -0.469227
v -2.850348 6.139170 -0.469227
v -2.840055 6.206136 -0.469227
v -2.803738 6.336760 -0.469227
v -2.787760 6.391464 -0.469482
v -2.807259 6.398880 -0.488679
v -2.854906 6.125779 -0.469482
v -2.875730 6.127074 -0.488679
v -2.804799 5.987389 -0.469482
v -2.841640 5.988402 -0.488679
v -2.786899 6.450035 -0.488679
v -2.785951 6.449642 -0.485324
v -2.784590 6.449076 -0.482141
v -2.782841 6.448349 -0.479195
v -2.780730 6.447471 -0.476549
v -2.776698 6.445795 -0.473087
v -2.773839 6.444608 -0.471439
v -2.770798 6.443344 -0.470229
v -2.767634 6.442030 -0.469482
v -2.847666 6.277442 -0.488679
v -2.846678 6.277165 -0.485324
v -2.845259 6.276767 -0.482141
v -2.843435 6.276255 -0.479195
v -2.841234 6.275637 -0.476549
v -2.837029 6.274458 -0.473087
v -2.834049 6.273623 -0.471439
v -2.830878 6.272734 -0.470229
v -2.827578 6.271809 -0.469482
v -2.806230 6.340293 -0.469482
v -2.809473 6.341400 -0.470229
v -2.812589 6.342464 -0.471439
v -2.815519 6.343463 -0.473087
v -2.819652 6.344872 -0.476549
v -2.821817 6.345608 -0.479195
v -2.823610 6.346217 -0.482141
v -2.825005 6.346691 -0.485324
v -2.825977 6.347022 -0.488679
v -2.865421 6.203548 -0.488679
v -2.864414 6.203350 -0.485324
v -2.862968 6.203066 -0.482141
v -2.861110 6.202700 -0.479195
v -2.858866 6.202259 -0.476549
v -2.854581 6.201419 -0.473087
v -2.851544 6.200825 -0.471439
v -2.848312 6.200192 -0.470229
v -2.844949 6.199534 -0.469482
v -2.874706 6.127011 -0.485324
v -2.873235 6.126919 -0.482141
v -2.871345 6.126801 -0.479195
v -2.869063 6.126659 -0.476549
v -2.864704 6.126388 -0.473087
v -2.861615 6.126196 -0.471439
v -2.858327 6.125991 -0.470229
v -2.870334 6.044443 -0.488679
v -2.869336 6.044684 -0.485324
v -2.867906 6.045040 -0.482141
v -2.866069 6.045498 -0.479195
v -2.863850 6.046048 -0.476549
v -2.859606 6.047082 -0.473087
v -2.856596 6.047810 -0.471439
v -2.853392 6.048582 -0.470229
v -2.850058 6.049385 -0.469482
v -2.854290 6.074740 -0.469482
v -2.857701 6.074390 -0.470229
v -2.860978 6.074053 -0.471439
v -2.864059 6.073738 -0.473087
v -2.868404 6.073294 -0.476549
v -2.870679 6.073064 -0.479195
v -2.872563 6.072874 -0.482141
v -2.874029 6.072726 -0.485324
v -2.875050 6.072621 -0.488679
v -2.860338 6.015871 -0.488679
v -2.859412 6.016314 -0.485324
v -2.858085 6.016948 -0.482141
v -2.856381 6.017763 -0.479195
v -2.854322 6.018747 -0.476549
v -2.850385 6.020632 -0.473087
v -2.847594 6.021969 -0.471439
v -2.844623 6.023393 -0.470229
v -2.841531 6.024875 -0.469482
v -2.852230 6.001602 -0.488679
v -2.851378 6.002175 -0.485324
v -2.850166 6.003006 -0.482141
v -2.848609 6.004076 -0.479195
v -2.846725 6.005364 -0.476549
v -2.843111 6.007811 -0.473087
v -2.840544 6.009541 -0.471439
v -2.837809 6.011379 -0.470229
v -2.834964 6.013292 -0.469482
v -2.840901 5.989113 -0.485324
v -2.839837 5.990133 -0.482141
v -2.838470 5.991444 -0.479195
v -2.836820 5.993027 -0.476549
v -2.833670 5.996052 -0.473087
v -2.831439 5.998196 -0.471439
v -2.829065 6.000478 -0.470229
v -2.826594 6.002853 -0.469482
v -2.813695 5.968585 -0.488679
v -2.813256 5.969511 -0.485324
v -2.812632 5.970837 -0.482141
v -2.811831 5.972541 -0.479195
v -2.810861 5.974600 -0.476549
v -2.808999 5.978536 -0.473087
v -2.807675 5.981327 -0.471439
v -2.806266 5.984298 -0.470229
v -2.816391 5.994137 -0.469482
v -2.818376 5.991350 -0.470229
v -2.820283 5.988672 -0.471439
v -2.822077 5.986157 -0.473087
v -2.824613 5.982619 -0.476549
v -2.825946 5.980775 -0.479195
v -2.827052 5.979252 -0.482141
v -2.827912 5.978065 -0.485324
v -2.828507 5.977231 -0.488679
v -2.791185 5.960708 -0.488679
v -2.790950 5.961707 -0.485324
v -2.790605 5.963140 -0.482141
v -2.790162 5.964981 -0.479195
v -2.789630 5.967204 -0.476549
v -2.788621 5.971452 -0.473087
v -2.787910 5.974465 -0.471439
v -2.787155 5.977670 -0.470229
v -2.786369 5.981006 -0.469482
v -2.790963 6.392681 -0.470229
v -2.794041 6.393851 -0.471439
v -2.796935 6.394950 -0.473087
v -2.801016 6.396503 -0.476549
v -2.803153 6.397316 -0.479195
v -2.804923 6.397991 -0.482141
v -2.806300 6.398515 -0.485324
v -0.135056 5.754062 -0.518375
v -0.273609 5.765696 -0.518375
v -0.412163 5.777329 -0.518375
v -0.550716 5.788962 -0.518375
v -0.689270 5.800595 -0.518375
v -0.827823 5.812228 -0.518375
v -0.966377 5.823862 -0.518375
v -1.104930 5.835495 -0.518375
v -1.243484 5.847128 -0.518375
v -1.382037 5.858761 -0.518375
v -1.520591 5.870394 -0.518375
v -1.659144 5.882028 -0.518375
v -1.797698 5.893661 -0.518375
v -1.936251 5.905294 -0.518375
v -2.074805 5.916927 -0.518375
v -2.213358 5.928560 -0.518375
v -2.351912 5.940194 -0.518375
v -2.490465 5.951827 -0.518375
v -2.629019 5.963460 -0.518375
v -0.135560 5.748054 -0.515878
v -0.274113 5.759687 -0.515878
v -0.412667 5.771320 -0.515878
v -0.551221 5.782954 -0.515878
v -0.689774 5.794587 -0.515878
v -0.828328 5.806220 -0.515878
v -0.966881 5.817853 -0.515878
v -1.105435 5.829486 -0.515878
v -1.243988 5.841120 -0.515878
v -1.382542 5.852753 -0.515878
v -1.521095 5.864386 -0.515878
v -1.659649 5.876019 -0.515878
v -1.798202 5.887652 -0.515878
v -1.936756 5.899286 -0.515878
v -2.075309 5.910919 -0.515878
v -2.213863 5.922552 -0.515878
v -2.352416 5.934185 -0.515878
v -2.490970 5.945818 -0.515878
v -2.629523 5.957452 -0.515878
v -0.135993 5.742895 -0.511905
v -0.274547 5.754528 -0.511905
v -0.413100 5.766161 -0.511905
v -0.551654 5.777794 -0.511905
v -0.690207 5.789427 -0.511905
v -0.828761 5.801061 -0.511905
v -0.967314 5.812694 -0.511905
v -1.105868 5.824327 -0.511905
v -1.244421 5.835960 -0.511905
v -1.382975 5.847593 -0.511905
v -1.521528 5.859227 -0.511905
v -1.660082 5.870860 -0.511905
v -1.798635 5.882493 -0.511905
v -1.937189 5.894126 -0.511905
v -2.075742 5.905759 -0.511905
v -2.214296 5.917392 -0.511905
v -2.352849 5.929026 -0.511905
v -2.491403 5.940659 -0.511905
v -2.629956 5.952292 -0.511905
v -0.136326 5.738936 -0.506727
v -0.274879 5.750569 -0.506727
v -0.413433 5.762202 -0.506727
v -0.551986 5.773835 -0.506727
v -0.690540 5.785468 -0.506727
v -0.829093 5.797101 -0.506727
v -0.967647 5.808735 -0.506727
v -1.106200 5.820368 -0.506727
v -1.244754 5.832001 -0.506727
v -1.383307 5.843634 -0.506727
v -1.521861 5.855267 -0.506727
v -1.660414 5.866901 -0.506727
v -1.798968 5.878534 -0.506727
v -1.937521 5.890167 -0.506727
v -2.076075 5.901800 -0.506727
v -2.214628 5.913433 -0.506727
v -2.353182 5.925067 -0.506727
v -2.491735 5.936700 -0.506727
v -2.630289 5.948333 -0.506727
v -0.136535 5.736447 -0.500697
v -0.275088 5.748080 -0.500697
v -0.413642 5.759713 -0.500697
v -0.552195 5.771346 -0.500697
v -0.690749 5.782980 -0.500697
v -0.829302 5.794613 -0.500697
v -0.967856 5.806246 -0.500697
v -1.106409 5.817879 -0.500697
v -1.244963 5.829512 -0.500697
v -1.383516 5.841146 -0.500697
v -1.522070 5.852779 -0.500697
v -1.660623 5.864412 -0.500697
v -1.799177 5.876045 -0.500697
v -1.937730 5.887678 -0.500697
v -2.076284 5.899311 -0.500697
v -2.214837 5.910945 -0.500697
v -2.353391 5.922578 -0.500697
v -2.491944 5.934211 -0.500697
v -2.630498 5.945844 -0.500697
v -0.136606 5.735598 -0.494227
v -0.275159 5.747231 -0.494227
v -0.413713 5.758864 -0.494227
v -0.552266 5.770497 -0.494227
v -0.690820 5.782131 -0.494227
v -0.829373 5.793764 -0.494227
v -0.967927 5.805397 -0.494227
v -1.106480 5.817030 -0.494227
v -1.245034 5.828663 -0.494227
v -1.383587 5.840297 -0.494227
v -1.522141 5.851930 -0.494227
v -1.660694 5.863563 -0.494227
v -1.799248 5.875196 -0.494227
v -1.937802 5.886829 -0.494227
v -2.076355 5.898463 -0.494227
v -2.214909 5.910096 -0.494227
v -2.353462 5.921729 -0.494227
v -2.492016 5.933362 -0.494227
v -2.630569 5.944995 -0.494227
v -0.136535 5.736447 -0.487756
v -0.275088 5.748080 -0.487756
v -0.413642 5.759713 -0.487756
v -0.552195 5.771346 -0.487756
v -0.690749 5.782980 -0.487756
v -0.829302 5.794613 -0.487756
v -0.967856 5.806246 -0.487756
v -1.106409 5.817879 -0.487756
v -1.244963 5.829512 -0.487756
v -1.383516 5.841146 -0.487756
v -1.522070 5.852779 -0.487756
v -1.660623 5.864412 -0.487756
v -1.799177 5.876045 -0.487756
v -1.937730 5.887678 -0.487756
v -2.076284 5.899311 -0.487756
v -2.214837 5.910945 -0.487756
v -2.353391 5.922578 -0.487756
v -2.491944 5.934211 -0.487756
v -2.630498 5.945844 -0.487756
v -0.136326 5.738936 -0.481727
v -0.274879 5.750569 -0.481727
v -0.413433 5.762202 -0.481727
v -0.551986 5.773835 -0.481727
v -0.690540 5.785468 -0.481727
v -0.829093 5.797101 -0.481727
v -0.967647 5.808735 -0.481727
v -1.106200 5.820368 -0.481727
v -1.244754 5.832001 -0.481727
v -1.383307 5.843634 -0.481727
v -1.521861 5.855267 -0.481727
v -1.660414 5.866901 -0.481727
v -1.798968 5.878534 -0.481727
v -1.937521 5.890167 -0.481727
v -2.076075 5.901800 -0.481727
v -2.214628 5.913433 -0.481727
v -2.353182 5.925067 -0.481727
v -2.491735 5.936700 -0.481727
v -2.630289 5.948333 -0.481727
v -0.135993 5.742895 -0.476549
v -0.274547 5.754528 -0.476549
v -0.413100 5.766161 -0.476549
v -0.551654 5.777794 -0.476549
v -0.690207 5.789427 -0.476549
v -0.828761 5.801061 -0.476549
v -0.967314 5.812694 -0.476549
v -1.105868 5.824327 -0.476549
v -1.244421 5.835960 -0.476549
v -1.382975 5.847593 -0.476549
v -1.521528 5.859227 -0.476549
v -1.660082 5.870860 -0.476549
v -1.798635 5.882493 -0.476549
v -1.937189 5.894126 -0.476549
v -2.075742 5.905759 -0.476549
v -2.214296 5.917392 -0.476549
v -2.352849 5.929026 -0.476549
v -2.491403 5.940659 -0.476549
v -2.629956 5.952292 -0.476549
v -0.135560 5.748054 -0.472576
v -0.274113 5.759687 -0.472576
v -0.412667 5.771320 -0.472576
v -0.551221 5.782954 -0.472576
v -0.689774 5.794587 -0.472576
v -0.828328 5.806220 -0.472576
v -0.966881 5.817853 -0.472576
v -1.105435 5.829486 -0.472576
v -1.243988 5.841120 -0.472576
v -1.382542 5.852753 -0.472576
v -1.521095 5.864386 -0.472576
v -1.659649 5.876019 -0.472576
v -1.798202 5.887652 -0.472576
v -1.936756 5.899286 -0.472576
v -2.075309 5.910919 -0.472576
v -2.213863 5.922552 -0.472576
v -2.352416 5.934185 -0.472576
v -2.490970 5.945818 -0.472576
v -2.629523 5.957452 -0.472576
v -0.135056 5.754062 -0.470079
v -0.273609 5.765696 -0.470079
v -0.412163 5.777329 -0.470079
v -0.550716 5.788962 -0.470079
v -0.689270 5.800595 -0.470079
v -0.827823 5.812228 -0.470079
v -0.966377 5.823862 -0.470079
v -1.104930 5.835495 -0.470079
v -1.243484 5.847128 -0.470079
v -1.382037 5.858761 -0.470079
v -1.520591 5.870394 -0.470079
v -1.659144 5.882028 -0.470079
v -1.797698 5.893661 -0.470079
v -1.936251 5.905294 -0.470079
v -2.074805 5.916927 -0.470079
v -2.213358 5.928560 -0.470079
v -2.351912 5.940194 -0.470079
v -2.490465 5.951827 -0.470079
v -2.629019 5.963460 -0.470079
vt 0.039270 0.416024 0.000000
vt 0.039270 0.554698 0.000000
vt 0.035760 0.497954 0.000000
vt 0.034541 0.552633 0.000000
vt 0.032251 0.497954 0.000000
vt 0.029791 0.550641 0.000000
vt 0.028741 0.497954 0.000000
vt 0.024991 0.548787 0.000000
vt 0.025232 0.497954 0.000000
vt 0.020123 0.547141 0.000000
vt 0.019635 0.497954 0.000000
vt 0.016125 0.497954 0.000000
vt 0.019635 0.435563 0.000000
vt 0.016125 0.435563 0.000000
vt 0.019635 0.373171 0.000000
vt 0.016125 0.373171 0.000000
vt 0.019635 0.281774 0.000000
vt 0.016125 0.281774 0.000000
vt 0.019635 0.214045 0.000000
vt 0.016125 0.214045 0.000000
vt 0.019635 0.161946 0.000000
vt 0.016125 0.161946 0.000000
vt 0.019635 0.113180 0.000000
vt 0.016125 0.113180 0.000000
vt 0.019635 0.084896 0.000000
vt 0.016125 0.084898 0.000000
vt 0.016125 0.070737 0.000000
vt 0.012616 0.070737 0.000000
vt 0.016125 0.056590 0.000000
vt 0.012616 0.056590 0.000000
vt 0.016125 0.042442 0.000000
vt 0.012616 0.042442 0.000000
vt 0.016125 0.028295 0.000000
vt 0.012616 0.028295 0.000000
vt 0.013079 0.000000 0.000000
vt 0.009106 0.028295 0.000000
vt 0.006543 0.000000 0.000000
vt 0.005597 0.028295 0.000000
vt 0.000000 0.017001 0.000000
vt 0.000000 0.033993 0.000000
vt 0.005597 0.042442 0.000000
vt 0.000000 0.051066 0.000000
vt 0.005597 0.056590 0.000000
vt 0.000000 0.068041 0.000000
vt 0.005597 0.070737 0.000000
vt 0.000000 0.084907 0.000000
vt 0.005597 0.084904 0.000000
vt 0.000000 0.101983 0.000000
vt 0.005597 0.113180 0.000000
vt 0.000000 0.135950 0.000000
vt 0.005597 0.161946 0.000000
vt 0.000000 0.203942 0.000000
vt 0.005597 0.214045 0.000000
vt 0.000000 0.271917 0.000000
vt 0.005597 0.281774 0.000000
vt 0.005597 0.373171 0.000000
vt 0.009106 0.281774 0.000000
vt 0.009106 0.373171 0.000000
vt 0.012616 0.281774 0.000000
vt 0.012616 0.373171 0.000000
vt 0.015169 0.545762 0.000000
vt 0.012616 0.497954 0.000000
vt 0.012616 0.435563 0.000000
vt 0.010167 0.544719 0.000000
vt 0.009106 0.497954 0.000000
vt 0.009106 0.435563 0.000000
vt 0.005101 0.544066 0.000000
vt 0.005597 0.497954 0.000000
vt 0.005597 0.435563 0.000000
vt 0.000000 0.543844 0.000000
vt 0.000000 0.407883 0.000000
vt 0.000000 0.000000 0.000000
vt 0.019635 0.000000 0.000000
vt 0.019635 0.028295 0.000000
vt 0.019635 0.042442 0.000000
vt 0.019635 0.056590 0.000000
vt 0.019635 0.070737 0.000000
vt 0.025232 0.084893 0.000000
vt 0.025232 0.113180 0.000000
vt 0.025232 0.161946 0.000000
vt 0.025232 0.214045 0.000000
vt 0.025232 0.281774 0.000000
vt 0.025232 0.373171 0.000000
vt 0.025232 0.435563 0.000000
vt 0.025232 0.028295 0.000000
vt 0.026191 0.000000 0.000000
vt 0.028741 0.028295 0.000000
vt 0.032727 0.000000 0.000000
vt 0.032251 0.028295 0.000000
vt 0.035760 0.028295 0.000000
vt 0.032251 0.042442 0.000000
vt 0.035760 0.042442 0.000000
vt 0.032251 0.056590 0.000000
vt 0.035760 0.056590 0.000000
vt 0.032251 0.070737 0.000000
vt 0.035760 0.070737 0.000000
vt 0.035760 0.084887 0.000000
vt 0.039270 0.069337 0.000000
vt 0.039270 0.086672 0.000000
vt 0.039270 0.000000 0.000000
vt 0.039270 0.017334 0.000000
vt 0.039270 0.034669 0.000000
vt 0.039270 0.052003 0.000000
vt 0.039270 0.104006 0.000000
vt 0.035760 0.113180 0.000000
vt 0.032251 0.113180 0.000000
vt 0.032251 0.161946 0.000000
vt 0.028741 0.161946 0.000000
vt 0.028741 0.214045 0.000000
vt 0.039270 0.138675 0.000000
vt 0.035760 0.161946 0.000000
vt 0.032251 0.214045 0.000000
vt 0.028741 0.281774 0.000000
vt 0.039270 0.208012 0.000000
vt 0.035760 0.214045 0.000000
vt 0.032251 0.281774 0.000000
vt 0.028741 0.373171 0.000000
vt 0.039270 0.277349 0.000000
vt 0.035760 0.281774 0.000000
vt 0.032251 0.373171 0.000000
vt 0.028741 0.435563 0.000000
vt 0.035760 0.373171 0.000000
vt 0.035760 0.435563 0.000000
vt 0.032251 0.435563 0.000000
vt 0.009106 0.214045 0.000000
vt 0.009106 0.161946 0.000000
vt 0.009106 0.113180 0.000000
vt 0.009106 0.084902 0.000000
vt 0.012616 0.214045 0.000000
vt 0.012616 0.161946 0.000000
vt 0.012616 0.113180 0.000000
vt 0.012616 0.084900 0.000000
vt 0.009106 0.070737 0.000000
vt 0.009106 0.056590 0.000000
vt 0.009106 0.042442 0.000000
vt 0.028741 0.113180 0.000000
vt 0.028741 0.084891 0.000000
vt 0.025232 0.070737 0.000000
vt 0.025232 0.056590 0.000000
vt 0.025232 0.042442 0.000000
vt 0.032251 0.084889 0.000000
vt 0.028741 0.070737 0.000000
vt 0.028741 0.056590 0.000000
vt 0.028741 0.042442 0.000000
vt 0.005103 -0.000222 0.000000
vt 0.005597 0.014175 0.000000
vt 0.000000 -0.000000 0.000000
vt 0.005597 0.069699 0.000000
vt 0.000000 0.135962 0.000000
vt 0.005597 0.125224 0.000000
vt 0.005597 0.198381 0.000000
vt 0.009107 0.125224 0.000000
vt 0.009107 0.198381 0.000000
vt 0.012616 0.125224 0.000000
vt 0.012616 0.198381 0.000000
vt 0.016126 0.125224 0.000000
vt 0.016126 0.198381 0.000000
vt 0.019635 0.125224 0.000000
vt 0.019635 0.198381 0.000000
vt 0.025232 0.125224 0.000000
vt 0.025232 0.198381 0.000000
vt 0.028742 0.125224 0.000000
vt 0.028742 0.198381 0.000000
vt 0.032251 0.125224 0.000000
vt 0.032251 0.198381 0.000000
vt 0.035761 0.125224 0.000000
vt 0.035761 0.198381 0.000000
vt 0.039270 0.127821 0.000000
vt 0.039270 0.266497 0.000000
vt 0.009107 0.014175 0.000000
vt 0.010170 -0.000876 0.000000
vt 0.012616 0.014175 0.000000
vt 0.015172 -0.001918 0.000000
vt 0.016126 0.014175 0.000000
vt 0.020127 -0.003298 0.000000
vt 0.019635 0.014175 0.000000
vt 0.025232 0.014175 0.000000
vt 0.019635 0.069699 0.000000
vt 0.025232 0.069699 0.000000
vt 0.024996 -0.004945 0.000000
vt 0.028742 0.014175 0.000000
vt 0.028742 0.069699 0.000000
vt 0.029796 -0.006799 0.000000
vt 0.032251 0.014175 0.000000
vt 0.032251 0.069699 0.000000
vt 0.034541 -0.008789 0.000000
vt 0.035761 0.014175 0.000000
vt 0.035761 0.069699 0.000000
vt 0.039270 -0.010854 0.000000
vt 0.035761 0.274082 0.000000
vt 0.039270 0.335835 0.000000
vt 0.035761 0.349784 0.000000
vt 0.039270 0.405173 0.000000
vt 0.035761 0.401415 0.000000
vt 0.035761 0.427231 0.000000
vt 0.032251 0.427231 0.000000
vt 0.032251 0.453046 0.000000
vt 0.028742 0.453046 0.000000
vt 0.028742 0.466148 0.000000
vt 0.025232 0.466148 0.000000
vt 0.025232 0.479249 0.000000
vt 0.019635 0.479249 0.000000
vt 0.019635 0.492351 0.000000
vt 0.016126 0.492351 0.000000
vt 0.016126 0.505453 0.000000
vt 0.012616 0.505453 0.000000
vt 0.012616 0.524651 0.000000
vt 0.009107 0.524651 0.000000
vt 0.013079 0.543849 0.000000
vt 0.006543 0.543849 0.000000
vt 0.039270 0.439842 0.000000
vt 0.035761 0.453046 0.000000
vt 0.032251 0.466148 0.000000
vt 0.028742 0.479249 0.000000
vt 0.025232 0.492351 0.000000
vt 0.019635 0.505453 0.000000
vt 0.016126 0.524651 0.000000
vt 0.039270 0.457177 0.000000
vt 0.035761 0.466148 0.000000
vt 0.032251 0.479249 0.000000
vt 0.028742 0.492351 0.000000
vt 0.025232 0.505453 0.000000
vt 0.019635 0.524651 0.000000
vt 0.019635 0.543849 0.000000
vt 0.039270 0.474511 0.000000
vt 0.035761 0.479249 0.000000
vt 0.032251 0.492351 0.000000
vt 0.028742 0.505453 0.000000
vt 0.025232 0.524651 0.000000
vt 0.039270 0.491846 0.000000
vt 0.035761 0.492351 0.000000
vt 0.032251 0.505453 0.000000
vt 0.028742 0.524651 0.000000
vt 0.026191 0.543849 0.000000
vt 0.035761 0.505453 0.000000
vt 0.039270 0.509180 0.000000
vt 0.035761 0.524651 0.000000
vt 0.039270 0.526515 0.000000
vt 0.039270 0.543849 0.000000
vt 0.032727 0.543849 0.000000
vt 0.032251 0.524651 0.000000
vt 0.005597 0.524651 0.000000
vt 0.000000 0.543849 0.000000
vt 0.000000 0.526854 0.000000
vt 0.000000 0.509859 0.000000
vt 0.005597 0.505453 0.000000
vt 0.009107 0.505453 0.000000
vt 0.009107 0.492351 0.000000
vt 0.012616 0.492351 0.000000
vt 0.012616 0.479249 0.000000
vt 0.016126 0.479249 0.000000
vt 0.016126 0.466148 0.000000
vt 0.019635 0.466148 0.000000
vt 0.019635 0.453046 0.000000
vt 0.025232 0.453046 0.000000
vt 0.025232 0.427231 0.000000
vt 0.028742 0.427231 0.000000
vt 0.028742 0.401415 0.000000
vt 0.032251 0.401415 0.000000
vt 0.032251 0.349784 0.000000
vt 0.000000 0.492864 0.000000
vt 0.005597 0.492351 0.000000
vt 0.009107 0.479249 0.000000
vt 0.012616 0.466148 0.000000
vt 0.016126 0.453046 0.000000
vt 0.019635 0.427231 0.000000
vt 0.025232 0.401415 0.000000
vt 0.028742 0.349784 0.000000
vt 0.032251 0.274082 0.000000
vt 0.005597 0.479249 0.000000
vt 0.000000 0.475868 0.000000
vt 0.005597 0.466148 0.000000
vt 0.000000 0.458873 0.000000
vt 0.005597 0.453046 0.000000
vt 0.000000 0.441878 0.000000
vt 0.005597 0.427231 0.000000
vt 0.000000 0.407887 0.000000
vt 0.005597 0.401415 0.000000
vt 0.000000 0.339906 0.000000
vt 0.005597 0.349784 0.000000
vt 0.005597 0.274082 0.000000
vt 0.009107 0.274082 0.000000
vt 0.000000 0.271925 0.000000
vt 0.016126 0.069699 0.000000
vt 0.012616 0.069699 0.000000
vt 0.009107 0.069699 0.000000
vt 0.028742 0.274082 0.000000
vt 0.025232 0.274082 0.000000
vt 0.019635 0.274082 0.000000
vt 0.016126 0.274082 0.000000
vt 0.012616 0.274082 0.000000
vt 0.025232 0.349784 0.000000
vt 0.019635 0.349784 0.000000
vt 0.016126 0.349784 0.000000
vt 0.012616 0.349784 0.000000
vt 0.009107 0.349784 0.000000
vt 0.019635 0.401415 0.000000
vt 0.016126 0.401415 0.000000
vt 0.012616 0.401415 0.000000
vt 0.009107 0.401415 0.000000
vt 0.016126 0.427231 0.000000
vt 0.012616 0.427231 0.000000
vt 0.012616 0.453046 0.000000
vt 0.009107 0.427231 0.000000
vt 0.009107 0.453046 0.000000
vt 0.009107 0.466148 0.000000
vt 2.126180 -0.013090 0.000000
vt 1.988695 -0.013090 0.000000
vt 2.125637 -0.019635 0.000000
vt 1.849654 -0.013090 0.000000
vt 1.710613 -0.013090 0.000000
vt 1.710613 -0.006545 0.000000
vt 1.571572 -0.006545 0.000000
vt 1.571572 -0.000000 0.000000
vt 1.432531 -0.000000 0.000000
vt 1.432531 0.006545 0.000000
vt 1.293490 0.006545 0.000000
vt 1.293490 0.013090 0.000000
vt 1.154449 0.013090 0.000000
vt 1.154449 0.019635 0.000000
vt 1.015408 0.019635 0.000000
vt 1.015408 0.026180 0.000000
vt 0.876367 0.026180 0.000000
vt 0.876367 0.032725 0.000000
vt 0.737326 0.032725 0.000000
vt 0.737326 0.039270 0.000000
vt 0.598285 0.039270 0.000000
vt 0.598285 0.045815 0.000000
vt 0.459244 0.045815 0.000000
vt 0.459244 0.052360 0.000000
vt 0.320203 0.052360 0.000000
vt -0.653085 0.058905 0.000000
vt 0.181162 0.052360 0.000000
vt 0.042121 0.052360 0.000000
vt 0.181162 0.045815 0.000000
vt 0.042121 0.045815 0.000000
vt 0.181162 0.039270 0.000000
vt 0.042121 0.039270 0.000000
vt 0.181162 0.032725 0.000000
vt 0.042121 0.032725 0.000000
vt 0.181162 0.026180 0.000000
vt 0.042121 0.026180 0.000000
vt 0.181162 0.019635 0.000000
vt 0.042121 0.019635 0.000000
vt 0.181162 0.013090 0.000000
vt 0.042121 0.013090 0.000000
vt 0.181162 0.006545 0.000000
vt 0.042121 0.006545 0.000000
vt 0.181162 -0.000000 0.000000
vt 0.042121 -0.000000 0.000000
vt 0.181162 -0.006545 0.000000
vt 0.042121 -0.006545 0.000000
vt 0.181162 -0.013090 0.000000
vt 0.042121 -0.013090 0.000000
vt -0.653085 -0.019635 0.000000
vt -0.096921 -0.013090 0.000000
vt -0.235962 -0.013090 0.000000
vt -0.235962 -0.006545 0.000000
vt -0.375003 -0.006545 0.000000
vt -0.375003 -0.000000 0.000000
vt -0.514044 -0.000000 0.000000
vt -0.514044 0.006545 0.000000
vt -0.653085 0.006545 0.000000
vt -0.653085 0.013090 0.000000
vt -0.514044 0.013090 0.000000
vt -0.653085 0.019635 0.000000
vt -0.514044 0.019635 0.000000
vt -0.653085 0.026180 0.000000
vt -0.514044 0.026180 0.000000
vt -0.653085 0.032725 0.000000
vt -0.514044 0.032725 0.000000
vt -0.653085 0.039270 0.000000
vt -0.514044 0.039270 0.000000
vt -0.653085 0.045815 0.000000
vt -0.514044 0.045815 0.000000
vt -0.653085 0.052360 0.000000
vt -0.514044 0.052360 0.000000
vt -0.375003 0.052360 0.000000
vt -0.235962 0.052360 0.000000
vt -0.235962 0.045815 0.000000
vt -0.096921 0.045815 0.000000
vt -0.096921 0.039270 0.000000
vt 1.988695 -0.006545 0.000000
vt 2.126686 -0.006545 0.000000
vt 1.988695 -0.000000 0.000000
vt 2.127121 -0.000000 0.000000
vt 1.988695 0.006545 0.000000
vt 2.127455 0.006545 0.000000
vt 1.988695 0.013090 0.000000
vt 2.127664 0.013090 0.000000
vt 1.988695 0.019635 0.000000
vt 2.127736 0.019635 0.000000
vt 2.127664 0.026180 0.000000
vt 1.988695 0.026180 0.000000
vt 2.127455 0.032725 0.000000
vt 1.988695 0.032725 0.000000
vt 2.127121 0.039270 0.000000
vt 1.988695 0.039270 0.000000
vt 2.126686 0.045815 0.000000
vt 1.988695 0.045815 0.000000
vt 2.126180 0.052360 0.000000
vt 1.988695 0.052360 0.000000
vt 2.125637 0.058905 0.000000
vt 1.849654 0.052360 0.000000
vt 1.710613 0.052360 0.000000
vt 1.849654 0.045815 0.000000
vt 1.710613 0.045815 0.000000
vt 1.849654 0.039270 0.000000
vt 1.710613 0.039270 0.000000
vt 1.849654 0.032725 0.000000
vt 1.710613 0.032725 0.000000
vt 1.849654 0.026180 0.000000
vt 1.710613 0.026180 0.000000
vt 1.849654 0.019635 0.000000
vt 1.710613 0.019635 0.000000
vt 1.849654 0.013090 0.000000
vt 1.710613 0.013090 0.000000
vt 1.849654 0.006545 0.000000
vt 1.710613 0.006545 0.000000
vt 1.849654 -0.000000 0.000000
vt 1.710613 -0.000000 0.000000
vt 1.849654 -0.006545 0.000000
vt 0.737326 0.052360 0.000000
vt 0.876367 0.052360 0.000000
vt 1.015408 0.052360 0.000000
vt 1.015408 0.045815 0.000000
vt 1.154449 0.045815 0.000000
vt 1.154449 0.039270 0.000000
vt 1.293490 0.039270 0.000000
vt 1.293490 0.032725 0.000000
vt 1.432531 0.032725 0.000000
vt 1.432531 0.026180 0.000000
vt 1.571572 0.026180 0.000000
vt 1.571572 0.019635 0.000000
vt -0.653085 -0.000000 0.000000
vt -0.514044 -0.006545 0.000000
vt -0.375003 -0.013090 0.000000
vt -0.653085 -0.006545 0.000000
vt -0.514044 -0.013090 0.000000
vt -0.653085 -0.013090 0.000000
vt 0.737326 -0.013090 0.000000
vt 0.598285 -0.013090 0.000000
vt 0.459244 -0.013090 0.000000
vt 0.459244 -0.006545 0.000000
vt 0.320203 -0.006545 0.000000
vt 0.320203 -0.000000 0.000000
vt 1.571572 -0.013090 0.000000
vt 1.432531 -0.013090 0.000000
vt 1.293490 -0.013090 0.000000
vt 1.293490 -0.006545 0.000000
vt 1.154449 -0.006545 0.000000
vt 1.154449 -0.000000 0.000000
vt 1.015408 -0.000000 0.000000
vt 1.015408 0.006545 0.000000
vt 0.876367 0.006545 0.000000
vt 0.876367 0.013090 0.000000
vt 0.737326 0.013090 0.000000
vt 0.737326 0.019635 0.000000
vt 0.598285 0.019635 0.000000
vt 0.598285 0.026180 0.000000
vt 0.459244 0.026180 0.000000
vt 0.459244 0.032725 0.000000
vt 0.320203 0.032725 0.000000
vt 0.320203 0.039270 0.000000
vt 1.432531 -0.006545 0.000000
vt 1.154449 -0.013090 0.000000
vt 1.015408 -0.013090 0.000000
vt 0.876367 -0.013090 0.000000
vt 0.876367 -0.006545 0.000000
vt 0.737326 -0.006545 0.000000
vt 0.737326 -0.000000 0.000000
vt 0.598285 -0.000000 0.000000
vt 0.598285 0.006545 0.000000
vt 0.459244 0.006545 0.000000
vt 0.459244 0.013090 0.000000
vt 0.320203 0.013090 0.000000
vt 0.320203 0.019635 0.000000
vt 1.015408 -0.006545 0.000000
vt 0.598285 -0.006545 0.000000
vt 0.320203 -0.013090 0.000000
vt -0.096921 -0.006545 0.000000
vt -0.096921 -0.000000 0.000000
vt -0.096921 0.006545 0.000000
vt -0.096921 0.013090 0.000000
vt -0.096921 0.019635 0.000000
vt -0.096921 0.026180 0.000000
vt -0.096921 0.032725 0.000000
vt 1.293490 -0.000000 0.000000
vt 0.876367 -0.000000 0.000000
vt 0.459244 -0.000000 0.000000
vt -0.235962 -0.000000 0.000000
vt -0.375003 0.006545 0.000000
vt 1.571572 0.006545 0.000000
vt 1.571572 0.013090 0.000000
vt 1.154449 0.006545 0.000000
vt 0.737326 0.006545 0.000000
vt 0.320203 0.006545 0.000000
vt -0.235962 0.006545 0.000000
vt -0.235962 0.013090 0.000000
vt -0.235962 0.019635 0.000000
vt -0.235962 0.026180 0.000000
vt -0.235962 0.032725 0.000000
vt -0.235962 0.039270 0.000000
vt 1.432531 0.013090 0.000000
vt 1.293490 0.019635 0.000000
vt 1.154449 0.026180 0.000000
vt 1.015408 0.032725 0.000000
vt 0.876367 0.039270 0.000000
vt 0.737326 0.045815 0.000000
vt 0.598285 0.052360 0.000000
vt 1.015408 0.013090 0.000000
vt 0.598285 0.013090 0.000000
vt -0.375003 0.013090 0.000000
vt 1.432531 0.019635 0.000000
vt 0.876367 0.019635 0.000000
vt 0.459244 0.019635 0.000000
vt -0.375003 0.019635 0.000000
vt -0.375003 0.026180 0.000000
vt -0.375003 0.032725 0.000000
vt -0.375003 0.039270 0.000000
vt -0.375003 0.045815 0.000000
vt 1.293490 0.026180 0.000000
vt 1.154449 0.032725 0.000000
vt 1.015408 0.039270 0.000000
vt 0.876367 0.045815 0.000000
vt 0.737326 0.026180 0.000000
vt 0.320203 0.026180 0.000000
vt 1.571572 0.032725 0.000000
vt 1.571572 0.039270 0.000000
vt 1.571572 0.045815 0.000000
vt 1.571572 0.052360 0.000000
vt 0.598285 0.032725 0.000000
vt 1.432531 0.039270 0.000000
vt 1.293490 0.045815 0.000000
vt 1.154449 0.052360 0.000000
vt 0.459244 0.039270 0.000000
vt 1.432531 0.045815 0.000000
vt 1.432531 0.052360 0.000000
vt 0.320203 0.045815 0.000000
vt 1.293490 0.052360 0.000000
vt -0.096921 0.052360 0.000000
vt -0.000000 0.407883 0.000000
vt -0.000000 0.543844 0.000000
vt -0.005597 0.497954 0.000000
vt -0.005101 0.544066 0.000000
vt -0.009106 0.497954 0.000000
vt -0.010167 0.544719 0.000000
vt -0.012616 0.497954 0.000000
vt -0.015169 0.545762 0.000000
vt -0.016125 0.497954 0.000000
vt -0.020123 0.547141 0.000000
vt -0.019635 0.497954 0.000000
vt -0.025232 0.497954 0.000000
vt -0.019635 0.435563 0.000000
vt -0.025232 0.435563 0.000000
vt -0.019635 0.373171 0.000000
vt -0.025232 0.373171 0.000000
vt -0.019635 0.281774 0.000000
vt -0.025232 0.281774 0.000000
vt -0.019635 0.214045 0.000000
vt -0.025232 0.214045 0.000000
vt -0.019635 0.161946 0.000000
vt -0.025232 0.161946 0.000000
vt -0.019635 0.113180 0.000000
vt -0.025232 0.113180 0.000000
vt -0.019635 0.084896 0.000000
vt -0.025232 0.084893 0.000000
vt -0.019635 0.070737 0.000000
vt -0.025232 0.070737 0.000000
vt -0.019635 0.056590 0.000000
vt -0.025232 0.056590 0.000000
vt -0.019635 0.042442 0.000000
vt -0.025232 0.042442 0.000000
vt -0.019635 0.028295 0.000000
vt -0.025232 0.028295 0.000000
vt -0.019635 0.000000 0.000000
vt -0.026191 0.000000 0.000000
vt -0.028741 0.028295 0.000000
vt -0.032727 0.000000 0.000000
vt -0.032251 0.028295 0.000000
vt -0.035760 0.028295 0.000000
vt -0.035760 0.042442 0.000000
vt -0.039270 0.034669 0.000000
vt -0.039270 0.052003 0.000000
vt -0.035760 0.056590 0.000000
vt -0.039270 0.069337 0.000000
vt -0.035760 0.070737 0.000000
vt -0.035760 0.084887 0.000000
vt -0.032251 0.070737 0.000000
vt -0.032251 0.084889 0.000000
vt -0.028741 0.070737 0.000000
vt -0.028741 0.084891 0.000000
vt -0.024991 0.548787 0.000000
vt -0.028741 0.497954 0.000000
vt -0.028741 0.435563 0.000000
vt -0.028741 0.373171 0.000000
vt -0.028741 0.281774 0.000000
vt -0.028741 0.214045 0.000000
vt -0.028741 0.161946 0.000000
vt -0.028741 0.113180 0.000000
vt -0.029791 0.550641 0.000000
vt -0.032251 0.497954 0.000000
vt -0.032251 0.435563 0.000000
vt -0.032251 0.373171 0.000000
vt -0.032251 0.281774 0.000000
vt -0.032251 0.214045 0.000000
vt -0.032251 0.161946 0.000000
vt -0.032251 0.113180 0.000000
vt -0.034541 0.552633 0.000000
vt -0.035760 0.497954 0.000000
vt -0.035760 0.435563 0.000000
vt -0.035760 0.373171 0.000000
vt -0.035760 0.281774 0.000000
vt -0.035760 0.214045 0.000000
vt -0.035760 0.161946 0.000000
vt -0.035760 0.113180 0.000000
vt -0.039270 0.554698 0.000000
vt -0.039270 0.416024 0.000000
vt -0.039270 0.277349 0.000000
vt -0.039270 0.208012 0.000000
vt -0.039270 0.138675 0.000000
vt -0.039270 0.104006 0.000000
vt -0.039270 0.086672 0.000000
vt -0.039270 0.017334 0.000000
vt -0.039270 0.000000 0.000000
vt -0.016125 0.028295 0.000000
vt -0.013079 0.000000 0.000000
vt -0.012616 0.028295 0.000000
vt -0.009106 0.028295 0.000000
vt -0.012616 0.042442 0.000000
vt -0.009106 0.042442 0.000000
vt -0.012616 0.056590 0.000000
vt -0.009106 0.056590 0.000000
vt -0.012616 0.070737 0.000000
vt -0.009106 0.070737 0.000000
vt -0.012616 0.084900 0.000000
vt -0.009106 0.084902 0.000000
vt -0.012616 0.113180 0.000000
vt -0.009106 0.113180 0.000000
vt -0.012616 0.161946 0.000000
vt -0.009106 0.161946 0.000000
vt -0.012616 0.214045 0.000000
vt -0.009106 0.214045 0.000000
vt -0.012616 0.281774 0.000000
vt -0.009106 0.281774 0.000000
vt -0.012616 0.373171 0.000000
vt -0.009106 0.373171 0.000000
vt -0.012616 0.435563 0.000000
vt -0.009106 0.435563 0.000000
vt -0.006543 0.000000 0.000000
vt -0.005597 0.028295 0.000000
vt -0.005597 0.042442 0.000000
vt -0.005597 0.056590 0.000000
vt -0.005597 0.070737 0.000000
vt -0.005597 0.084904 0.000000
vt -0.005597 0.113180 0.000000
vt -0.005597 0.161946 0.000000
vt -0.005597 0.214045 0.000000
vt -0.005597 0.281774 0.000000
vt -0.005597 0.373171 0.000000
vt -0.005597 0.435563 0.000000
vt -0.000000 0.000000 0.000000
vt -0.000000 0.017001 0.000000
vt -0.000000 0.033993 0.000000
vt -0.000000 0.051066 0.000000
vt -0.000000 0.068041 0.000000
vt -0.000000 0.084907 0.000000
vt -0.000000 0.101983 0.000000
vt -0.000000 0.135950 0.000000
vt -0.000000 0.203942 0.000000
vt -0.000000 0.271917 0.000000
vt -0.016125 0.435563 0.000000
vt -0.016125 0.373171 0.000000
vt -0.016125 0.281774 0.000000
vt -0.016125 0.214045 0.000000
vt -0.016125 0.161946 0.000000
vt -0.016125 0.113180 0.000000
vt -0.016125 0.084898 0.000000
vt -0.016125 0.070737 0.000000
vt -0.016125 0.056590 0.000000
vt -0.016125 0.042442 0.000000
vt -0.032251 0.056590 0.000000
vt -0.032251 0.042442 0.000000
vt -0.028741 0.056590 0.000000
vt -0.028741 0.042442 0.000000
vt 2.761928 0.000446 0.000000
vt 2.766888 0.001778 0.000000
vt 2.756810 0.000000 0.000000
vt -2.766888 0.001778 0.000000
vt -2.756810 0.000000 0.000000
vt -2.761928 0.000446 0.000000
vt -2.771526 0.003974 0.000000
vt 2.771526 0.003974 0.000000
vt -2.775665 0.006982 0.000000
vt 2.775665 0.006982 0.000000
vt -2.779144 0.010736 0.000000
vt 2.779144 0.010736 0.000000
vt -2.781781 0.015104 0.000000
vt 2.781781 0.015104 0.000000
vt -2.783436 0.019934 0.000000
vt 2.783436 0.019934 0.000000
vt -2.783999 0.025000 0.000000
vt 2.783999 0.025000 0.000000
vt -2.783435 0.030068 0.000000
vt 2.783435 0.030068 0.000000
vt -2.781779 0.034899 0.000000
vt 2.781779 0.034899 0.000000
vt -2.779142 0.039266 0.000000
vt 2.779142 0.039266 0.000000
vt -2.775662 0.043021 0.000000
vt 2.775662 0.043021 0.000000
vt -2.771522 0.046029 0.000000
vt 2.771522 0.046029 0.000000
vt -2.766883 0.048224 0.000000
vt 2.766883 0.048224 0.000000
vt -2.756810 0.050000 0.000000
vt 2.756810 0.050000 0.000000
vt 2.761928 0.049554 0.000000
vt -2.761928 0.049554 0.000000
vt -0.034541 -0.008789 0.000000
vt -0.035761 0.014175 0.000000
vt -0.039270 -0.010854 0.000000
vt -0.035761 0.069699 0.000000
vt -0.039270 0.127821 0.000000
vt -0.035761 0.125224 0.000000
vt -0.035761 0.198381 0.000000
vt -0.032251 0.125224 0.000000
vt -0.032251 0.198381 0.000000
vt -0.028742 0.125224 0.000000
vt -0.028742 0.198381 0.000000
vt -0.025232 0.125224 0.000000
vt -0.025232 0.198381 0.000000
vt -0.019635 0.125224 0.000000
vt -0.019635 0.198381 0.000000
vt -0.016126 0.125224 0.000000
vt -0.016126 0.198381 0.000000
vt -0.012616 0.125224 0.000000
vt -0.012616 0.198381 0.000000
vt -0.009107 0.125224 0.000000
vt -0.009107 0.198381 0.000000
vt -0.005597 0.125224 0.000000
vt -0.005597 0.198381 0.000000
vt -0.000000 0.135962 0.000000
vt -0.000000 0.271925 0.000000
vt -0.032251 0.014175 0.000000
vt -0.029796 -0.006799 0.000000
vt -0.028742 0.014175 0.000000
vt -0.024996 -0.004945 0.000000
vt -0.025232 0.014175 0.000000
vt -0.020127 -0.003298 0.000000
vt -0.019635 0.014175 0.000000
vt -0.016126 0.014175 0.000000
vt -0.019635 0.069699 0.000000
vt -0.016126 0.069699 0.000000
vt -0.015172 -0.001918 0.000000
vt -0.012616 0.014175 0.000000
vt -0.012616 0.069699 0.000000
vt -0.010170 -0.000876 0.000000
vt -0.009107 0.014175 0.000000
vt -0.009107 0.069699 0.000000
vt -0.005103 -0.000222 0.000000
vt -0.005597 0.014175 0.000000
vt -0.005597 0.069699 0.000000
vt -0.000000 -0.000000 0.000000
vt -0.005597 0.274082 0.000000
vt -0.000000 0.339906 0.000000
vt -0.005597 0.349784 0.000000
vt -0.000000 0.407887 0.000000
vt -0.005597 0.401415 0.000000
vt -0.005597 0.427231 0.000000
vt -0.009107 0.427231 0.000000
vt -0.009107 0.453046 0.000000
vt -0.012616 0.453046 0.000000
vt -0.012616 0.466148 0.000000
vt -0.016126 0.466148 0.000000
vt -0.016126 0.479249 0.000000
vt -0.019635 0.479249 0.000000
vt -0.019635 0.492351 0.000000
vt -0.025232 0.492351 0.000000
vt -0.025232 0.505453 0.000000
vt -0.028742 0.505453 0.000000
vt -0.028742 0.524651 0.000000
vt -0.032251 0.524651 0.000000
vt -0.032727 0.543849 0.000000
vt -0.035761 0.524651 0.000000
vt -0.039270 0.543849 0.000000
vt -0.039270 0.526515 0.000000
vt -0.000000 0.441878 0.000000
vt -0.005597 0.453046 0.000000
vt -0.009107 0.466148 0.000000
vt -0.012616 0.479249 0.000000
vt -0.016126 0.492351 0.000000
vt -0.019635 0.505453 0.000000
vt -0.025232 0.524651 0.000000
vt -0.026191 0.543849 0.000000
vt -0.000000 0.458873 0.000000
vt -0.005597 0.466148 0.000000
vt -0.009107 0.479249 0.000000
vt -0.012616 0.492351 0.000000
vt -0.016126 0.505453 0.000000
vt -0.019635 0.524651 0.000000
vt -0.019635 0.543849 0.000000
vt -0.000000 0.475868 0.000000
vt -0.005597 0.479249 0.000000
vt -0.009107 0.492351 0.000000
vt -0.012616 0.505453 0.000000
vt -0.016126 0.524651 0.000000
vt -0.000000 0.492864 0.000000
vt -0.005597 0.492351 0.000000
vt -0.009107 0.505453 0.000000
vt -0.012616 0.524651 0.000000
vt -0.013079 0.543849 0.000000
vt -0.005597 0.505453 0.000000
vt -0.000000 0.509859 0.000000
vt -0.005597 0.524651 0.000000
vt -0.000000 0.526854 0.000000
vt -0.006543 0.543849 0.000000
vt -0.000000 0.543849 0.000000
vt -0.009107 0.524651 0.000000
vt -0.039270 0.509180 0.000000
vt -0.035761 0.505453 0.000000
vt -0.032251 0.505453 0.000000
vt -0.032251 0.492351 0.000000
vt -0.028742 0.492351 0.000000
vt -0.028742 0.479249 0.000000
vt -0.025232 0.479249 0.000000
vt -0.025232 0.466148 0.000000
vt -0.019635 0.466148 0.000000
vt -0.019635 0.453046 0.000000
vt -0.016126 0.453046 0.000000
vt -0.016126 0.427231 0.000000
vt -0.012616 0.427231 0.000000
vt -0.012616 0.401415 0.000000
vt -0.009107 0.401415 0.000000
vt -0.009107 0.349784 0.000000
vt -0.039270 0.491846 0.000000
vt -0.035761 0.492351 0.000000
vt -0.032251 0.479249 0.000000
vt -0.028742 0.466148 0.000000
vt -0.025232 0.453046 0.000000
vt -0.019635 0.427231 0.000000
vt -0.016126 0.401415 0.000000
vt -0.012616 0.349784 0.000000
vt -0.009107 0.274082 0.000000
vt -0.035761 0.479249 0.000000
vt -0.039270 0.474511 0.000000
vt -0.035761 0.466148 0.000000
vt -0.039270 0.457177 0.000000
vt -0.035761 0.453046 0.000000
vt -0.039270 0.439842 0.000000
vt -0.035761 0.427231 0.000000
vt -0.039270 0.405173 0.000000
vt -0.035761 0.401415 0.000000
vt -0.035761 0.349784 0.000000
vt -0.032251 0.349784 0.000000
vt -0.032251 0.274082 0.000000
vt -0.028742 0.274082 0.000000
vt -0.039270 0.335835 0.000000
vt -0.035761 0.274082 0.000000
vt -0.039270 0.266497 0.000000
vt -0.025232 0.069699 0.000000
vt -0.028742 0.069699 0.000000
vt -0.032251 0.069699 0.000000
vt -0.012616 0.274082 0.000000
vt -0.016126 0.274082 0.000000
vt -0.019635 0.274082 0.000000
vt -0.025232 0.274082 0.000000
vt -0.016126 0.349784 0.000000
vt -0.019635 0.349784 0.000000
vt -0.025232 0.349784 0.000000
vt -0.028742 0.349784 0.000000
vt -0.019635 0.401415 0.000000
vt -0.025232 0.401415 0.000000
vt -0.028742 0.401415 0.000000
vt -0.032251 0.401415 0.000000
vt -0.025232 0.427231 0.000000
vt -0.028742 0.427231 0.000000
vt -0.028742 0.453046 0.000000
vt -0.032251 0.427231 0.000000
vt -0.032251 0.453046 0.000000
vt -0.032251 0.466148 0.000000
vt -2.126180 0.052360 0.000000
vt -1.988695 0.052360 0.000000
vt -2.125637 0.058905 0.000000
vt -1.849654 0.052360 0.000000
vt -1.710613 0.052360 0.000000
vt -1.710613 0.045815 0.000000
vt -1.571572 0.045815 0.000000
vt -1.571572 0.039270 0.000000
vt -1.432531 0.039270 0.000000
vt -1.432531 0.032725 0.000000
vt -1.293490 0.032725 0.000000
vt -1.293490 0.026180 0.000000
vt -1.154449 0.026180 0.000000
vt -1.154449 0.019635 0.000000
vt -1.015408 0.019635 0.000000
vt -1.015408 0.013090 0.000000
vt -0.876367 0.013090 0.000000
vt -0.876367 0.006545 0.000000
vt -0.737326 0.006545 0.000000
vt -0.737326 -0.000000 0.000000
vt -0.598285 -0.000000 0.000000
vt -0.598285 -0.006545 0.000000
vt -0.459244 -0.006545 0.000000
vt -0.459244 -0.013090 0.000000
vt -0.320203 -0.013090 0.000000
vt 0.653085 -0.019635 0.000000
vt -0.181162 -0.013090 0.000000
vt -0.042121 -0.013090 0.000000
vt -0.181162 -0.006545 0.000000
vt -0.042121 -0.006545 0.000000
vt -0.181162 -0.000000 0.000000
vt -0.042121 -0.000000 0.000000
vt -0.181162 0.006545 0.000000
vt -0.042121 0.006545 0.000000
vt -0.181162 0.013090 0.000000
vt -0.042121 0.013090 0.000000
vt -0.181162 0.019635 0.000000
vt -0.042121 0.019635 0.000000
vt -0.181162 0.026180 0.000000
vt -0.042121 0.026180 0.000000
vt -0.181162 0.032725 0.000000
vt -0.042121 0.032725 0.000000
vt -0.181162 0.039270 0.000000
vt -0.042121 0.039270 0.000000
vt -0.181162 0.045815 0.000000
vt -0.042121 0.045815 0.000000
vt -0.181162 0.052360 0.000000
vt -0.042121 0.052360 0.000000
vt 0.653085 0.058905 0.000000
vt 0.096921 0.052360 0.000000
vt 0.235962 0.052360 0.000000
vt 0.235962 0.045815 0.000000
vt 0.375003 0.045815 0.000000
vt 0.375003 0.039270 0.000000
vt 0.514044 0.039270 0.000000
vt 0.514044 0.032725 0.000000
vt 0.653085 0.032725 0.000000
vt 0.653085 0.026180 0.000000
vt 0.514044 0.026180 0.000000
vt 0.653085 0.019635 0.000000
vt 0.514044 0.019635 0.000000
vt 0.653085 0.013090 0.000000
vt 0.514044 0.013090 0.000000
vt 0.653085 0.006545 0.000000
vt 0.514044 0.006545 0.000000
vt 0.653085 -0.000000 0.000000
vt 0.514044 -0.000000 0.000000
vt 0.653085 -0.006545 0.000000
vt 0.514044 -0.006545 0.000000
vt 0.653085 -0.013090 0.000000
vt 0.514044 -0.013090 0.000000
vt 0.375003 -0.013090 0.000000
vt 0.235962 -0.013090 0.000000
vt 0.235962 -0.006545 0.000000
vt 0.096921 -0.006545 0.000000
vt 0.096921 -0.000000 0.000000
vt -1.988695 0.045815 0.000000
vt -2.126686 0.045815 0.000000
vt -1.988695 0.039270 0.000000
vt -2.127121 0.039270 0.000000
vt -1.988695 0.032725 0.000000
vt -2.127455 0.032725 0.000000
vt -1.988695 0.026180 0.000000
vt -2.127664 0.026180 0.000000
vt -1.988695 0.019635 0.000000
vt -2.127736 0.019635 0.000000
vt -2.127664 0.013090 0.000000
vt -1.988695 0.013090 0.000000
vt -2.127455 0.006545 0.000000
vt -1.988695 0.006545 0.000000
vt -2.127121 -0.000000 0.000000
vt -1.988695 -0.000000 0.000000
vt -2.126686 -0.006545 0.000000
vt -1.988695 -0.006545 0.000000
vt -2.126180 -0.013090 0.000000
vt -1.988695 -0.013090 0.000000
vt -2.125637 -0.019635 0.000000
vt -1.849654 -0.013090 0.000000
vt -1.710613 -0.013090 0.000000
vt -1.849654 -0.006545 0.000000
vt -1.710613 -0.006545 0.000000
vt -1.849654 -0.000000 0.000000
vt -1.710613 -0.000000 0.000000
vt -1.849654 0.006545 0.000000
vt -1.710613 0.006545 0.000000
vt -1.849654 0.013090 0.000000
vt -1.710613 0.013090 0.000000
vt -1.849654 0.019635 0.000000
vt -1.710613 0.019635 0.000000
vt -1.849654 0.026180 0.000000
vt -1.710613 0.026180 0.000000
vt -1.849654 0.032725 0.000000
vt -1.710613 0.032725 0.000000
vt -1.849654 0.039270 0.000000
vt -1.710613 0.039270 0.000000
vt -1.849654 0.045815 0.000000
vt -0.737326 -0.013090 0.000000
vt -0.876367 -0.013090 0.000000
vt -1.015408 -0.013090 0.000000
vt -1.015408 -0.006545 0.000000
vt -1.154449 -0.006545 0.000000
vt -1.154449 -0.000000 0.000000
vt -1.293490 -0.000000 0.000000
vt -1.293490 0.006545 0.000000
vt -1.432531 0.006545 0.000000
vt -1.432531 0.013090 0.000000
vt -1.571572 0.013090 0.000000
vt -1.571572 0.019635 0.000000
vt 0.653085 0.039270 0.000000
vt 0.514044 0.045815 0.000000
vt 0.375003 0.052360 0.000000
vt 0.653085 0.045815 0.000000
vt 0.514044 0.052360 0.000000
vt 0.653085 0.052360 0.000000
vt -0.737326 0.052360 0.000000
vt -0.598285 0.052360 0.000000
vt -0.459244 0.052360 0.000000
vt -0.459244 0.045815 0.000000
vt -0.320203 0.045815 0.000000
vt -0.320203 0.039270 0.000000
vt -1.571572 0.052360 0.000000
vt -1.432531 0.052360 0.000000
vt -1.293490 0.052360 0.000000
vt -1.293490 0.045815 0.000000
vt -1.154449 0.045815 0.000000
vt -1.154449 0.039270 0.000000
vt -1.015408 0.039270 0.000000
vt -1.015408 0.032725 0.000000
vt -0.876367 0.032725 0.000000
vt -0.876367 0.026180 0.000000
vt -0.737326 0.026180 0.000000
vt -0.737326 0.019635 0.000000
vt -0.598285 0.019635 0.000000
vt -0.598285 0.013090 0.000000
vt -0.459244 0.013090 0.000000
vt -0.459244 0.006545 0.000000
vt -0.320203 0.006545 0.000000
vt -0.320203 -0.000000 0.000000
vt -1.432531 0.045815 0.000000
vt -1.154449 0.052360 0.000000
vt -1.015408 0.052360 0.000000
vt -0.876367 0.052360 0.000000
vt -0.876367 0.045815 0.000000
vt -0.737326 0.045815 0.000000
vt -0.737326 0.039270 0.000000
vt -0.598285 0.039270 0.000000
vt -0.598285 0.032725 0.000000
vt -0.459244 0.032725 0.000000
vt -0.459244 0.026180 0.000000
vt -0.320203 0.026180 0.000000
vt -0.320203 0.019635 0.000000
vt -1.015408 0.045815 0.000000
vt -0.598285 0.045815 0.000000
vt -0.320203 0.052360 0.000000
vt 0.096921 0.045815 0.000000
vt 0.096921 0.039270 0.000000
vt 0.096921 0.032725 0.000000
vt 0.096921 0.026180 0.000000
vt 0.096921 0.019635 0.000000
vt 0.096921 0.013090 0.000000
vt 0.096921 0.006545 0.000000
vt -1.293490 0.039270 0.000000
vt -0.876367 0.039270 0.000000
vt -0.459244 0.039270 0.000000
vt 0.235962 0.039270 0.000000
vt 0.375003 0.032725 0.000000
vt -1.571572 0.032725 0.000000
vt -1.571572 0.026180 0.000000
vt -1.154449 0.032725 0.000000
vt -0.737326 0.032725 0.000000
vt -0.320203 0.032725 0.000000
vt 0.235962 0.032725 0.000000
vt 0.235962 0.026180 0.000000
vt 0.235962 0.019635 0.000000
vt 0.235962 0.013090 0.000000
vt 0.235962 0.006545 0.000000
vt 0.235962 -0.000000 0.000000
vt -1.432531 0.026180 0.000000
vt -1.293490 0.019635 0.000000
vt -1.154449 0.013090 0.000000
vt -1.015408 0.006545 0.000000
vt -0.876367 -0.000000 0.000000
vt -0.737326 -0.006545 0.000000
vt -0.598285 -0.013090 0.000000
vt -1.015408 0.026180 0.000000
vt -0.598285 0.026180 0.000000
vt 0.375003 0.026180 0.000000
vt -1.432531 0.019635 0.000000
vt -0.876367 0.019635 0.000000
vt -0.459244 0.019635 0.000000
vt 0.375003 0.019635 0.000000
vt 0.375003 0.013090 0.000000
vt 0.375003 0.006545 0.000000
vt 0.375003 -0.000000 0.000000
vt 0.375003 -0.006545 0.000000
vt -1.293490 0.013090 0.000000
vt -1.154449 0.006545 0.000000
vt -1.015408 -0.000000 0.000000
vt -0.876367 -0.006545 0.000000
vt -0.737326 0.013090 0.000000
vt -0.320203 0.013090 0.000000
vt -1.571572 0.006545 0.000000
vt -1.571572 -0.000000 0.000000
vt -1.571572 -0.006545 0.000000
vt -1.571572 -0.013090 0.000000
vt -0.598285 0.006545 0.000000
vt -1.432531 -0.000000 0.000000
vt -1.293490 -0.006545 0.000000
vt -1.154449 -0.013090 0.000000
vt -0.459244 -0.000000 0.000000
vt -1.432531 -0.006545 0.000000
vt -1.432531 -0.013090 0.000000
vt -0.320203 -0.006545 0.000000
vt -1.293490 -0.013090 0.000000
vt 0.096921 -0.013090 0.000000
vt -0.344549 -1.448805 0.000000
vt -0.055227 1.396369 0.000000
vt -0.112060 1.320174 0.000000
vt -0.070829 1.389699 0.000000
vt -0.084882 1.380310 0.000000
vt -0.112060 -4.217783 0.000000
vt -0.055227 -4.293979 0.000000
vt -0.022164 -4.301162 0.000000
vt -0.022164 1.403553 0.000000
vt 0.045569 -4.301101 0.000000
vt 0.045569 1.403491 0.000000
vt 0.112535 -4.290808 0.000000
vt 0.112535 1.393198 0.000000
vt 0.243159 -4.254490 0.000000
vt 0.243159 1.356881 0.000000
vt 0.369637 -4.205615 0.000000
vt 0.369637 1.308006 0.000000
vt -0.109596 -4.234542 0.000000
vt -0.104553 -4.250722 0.000000
vt -0.096337 -4.265520 0.000000
vt -0.084882 -4.277920 0.000000
vt -0.070829 -4.287309 0.000000
vt -0.096337 1.367910 0.000000
vt -0.104553 1.353112 0.000000
vt -0.109596 1.336932 0.000000
vt 0.109596 1.336928 0.000000
vt 0.104570 1.353120 0.000000
vt 0.112060 1.320174 0.000000
vt 0.096394 1.367920 0.000000
vt 0.084870 1.380272 0.000000
vt 0.070808 1.389719 0.000000
vt 0.055243 1.396374 0.000000
vt 0.344549 -1.448805 0.000000
vt 0.022153 1.403550 0.000000
vt 0.022153 -4.301159 0.000000
vt -0.045567 -4.301104 0.000000
vt -0.045567 1.403494 0.000000
vt -0.112538 -4.290814 0.000000
vt -0.112538 1.393205 0.000000
vt -0.243158 -4.254484 0.000000
vt -0.243158 1.356875 0.000000
vt -0.369637 -4.205615 0.000000
vt -0.369637 1.308006 0.000000
vt 0.055243 -4.293984 0.000000
vt 0.112060 -4.217783 0.000000
vt 0.070808 -4.287329 0.000000
vt 0.084870 -4.277881 0.000000
vt 0.096394 -4.265529 0.000000
vt 0.104570 -4.250729 0.000000
vt 0.109596 -4.234537 0.000000
vn -0.000000 0.000000 -1.000000
vn -0.000000 0.000000 -1.000000
vn 0.133929 0.053003 -0.989573
vn 0.176600 0.075856 -0.981355
vn 0.260389 0.103051 -0.959988
vn 0.340812 0.145980 -0.928729
vn 0.379694 0.150268 -0.912827
vn 0.494312 0.211174 -0.843244
vn 0.492324 0.194843 -0.848324
vn 0.637044 0.271516 -0.721425
vn 0.657499 0.260213 -0.707095
vn 0.745182 0.294913 -0.598105
vn 0.666752 0.235481 -0.707100
vn 0.755665 0.266885 -0.598116
vn 0.676318 0.206420 -0.707096
vn 0.766511 0.233945 -0.598105
vn 0.691789 0.146446 -0.707094
vn 0.784050 0.165972 -0.598096
vn 0.703224 0.074171 -0.707089
vn 0.797012 0.084053 -0.598087
vn 0.706846 -0.019009 -0.707112
vn 0.801180 -0.021567 -0.598034
vn 0.683607 -0.181085 -0.707029
vn 0.774849 -0.205341 -0.597866
vn 0.617219 -0.345346 -0.706949
vn 0.699380 -0.391654 -0.597891
vn 0.623296 -0.506109 -0.596117
vn 0.681313 -0.553369 -0.479161
vn 0.512855 -0.616149 -0.597779
vn 0.561155 -0.673687 -0.480885
vn 0.378010 -0.707370 -0.597274
vn 0.413237 -0.773632 -0.480341
vn 0.255204 -0.760153 -0.597527
vn 0.279416 -0.831228 -0.480611
vn 0.072598 -0.864652 -0.497098
vn 0.297867 -0.885372 -0.356920
vn 0.080743 -0.961666 -0.262068
vn 0.310593 -0.923215 -0.226287
vn 0.210986 -0.977489 -0.000224
vn 0.377564 -0.925974 -0.004219
vn 0.458820 -0.859185 -0.226460
vn 0.572801 -0.819694 -0.000139
vn 0.623645 -0.748315 -0.226036
vn 0.753911 -0.656948 -0.006059
vn 0.755956 -0.614131 -0.226659
vn 0.872579 -0.488472 -0.000729
vn 0.849641 -0.476487 -0.225986
vn 0.941167 -0.337934 -0.002322
vn 0.941503 -0.249684 -0.226341
vn 0.991123 -0.132944 -0.000619
vn 0.973732 -0.026255 -0.226180
vn 0.996471 0.083940 -0.000372
vn 0.968767 0.102146 -0.225959
vn 0.980818 0.194924 -0.000315
vn 0.953022 0.201729 -0.225952
vn 0.931715 0.284360 -0.225934
vn 0.913766 0.193417 -0.357242
vn 0.893331 0.272644 -0.357245
vn 0.857601 0.181534 -0.481212
vn 0.838418 0.255888 -0.481223
vn 0.757980 0.322427 -0.567016
vn 0.815088 0.322576 -0.481224
vn 0.826555 0.291925 -0.481235
vn 0.845379 0.359071 -0.395478
vn 0.868473 0.343701 -0.357244
vn 0.880694 0.311048 -0.357249
vn 0.900667 0.382197 -0.206700
vn 0.905790 0.358470 -0.225931
vn 0.918541 0.324414 -0.225918
vn 0.920591 0.390528 0.000000
vn 0.948799 0.315880 -0.000001
vn 0.083667 -0.996494 0.000000
vn 0.059162 -0.704627 -0.707107
vn 0.224921 -0.670751 -0.706756
vn 0.333607 -0.624025 -0.706612
vn 0.452319 -0.543813 -0.706877
vn 0.550019 -0.446482 -0.705786
vn 0.462242 -0.258400 -0.848270
vn 0.511678 -0.135552 -0.848417
vn 0.529151 -0.014253 -0.848408
vn 0.526548 0.055537 -0.848329
vn 0.517989 0.109654 -0.848330
vn 0.506414 0.154564 -0.848325
vn 0.499258 0.176326 -0.848322
vn 0.168218 -0.502140 -0.848268
vn 0.041591 -0.495355 -0.867694
vn 0.129701 -0.387216 -0.912821
vn 0.021927 -0.261150 -0.965049
vn 0.088948 -0.265531 -0.959990
vn 0.045755 -0.136578 -0.989572
vn 0.132021 -0.246945 -0.959994
vn 0.067898 -0.127027 -0.989573
vn 0.178985 -0.215443 -0.959973
vn 0.092051 -0.110823 -0.989568
vn 0.217685 -0.176591 -0.959911
vn 0.111992 -0.090835 -0.989549
vn 0.125773 -0.070246 -0.989569
vn 0.000000 0.000000 -1.000000
vn 0.000000 0.000000 -1.000000
vn 0.000000 0.000000 -1.000000
vn -0.000000 -0.000000 -1.000000
vn 0.000000 0.000000 -1.000000
vn 0.000000 0.000000 -1.000000
vn 0.000000 -0.000000 -1.000000
vn 0.139140 -0.036923 -0.989584
vn 0.270533 -0.071742 -0.960034
vn 0.279817 -0.007581 -0.960023
vn 0.408050 -0.011019 -0.912893
vn 0.406083 0.042827 -0.912832
vn 0.000000 -0.000000 -1.000000
vn 0.143919 -0.003912 -0.989582
vn 0.278486 0.029366 -0.959991
vn 0.399484 0.084564 -0.912832
vn -0.000000 -0.000000 -1.000000
vn 0.143236 0.015102 -0.989573
vn 0.273960 0.057991 -0.959991
vn 0.390559 0.119202 -0.912828
vn 0.000000 -0.000000 -1.000000
vn 0.140909 0.029826 -0.989573
vn 0.267841 0.081746 -0.959989
vn 0.385043 0.135989 -0.912825
vn 0.137761 0.042045 -0.989573
vn 0.135816 0.047968 -0.989572
vn 0.264058 0.093260 -0.959987
vn 0.928865 0.097935 -0.357238
vn 0.933669 -0.025196 -0.357248
vn 0.902824 -0.239461 -0.357167
vn 0.814697 -0.456884 -0.357107
vn 0.871776 0.091925 -0.481203
vn 0.876330 -0.023627 -0.481132
vn 0.847465 -0.224703 -0.480949
vn 0.764786 -0.428648 -0.481003
vn 0.725308 -0.589214 -0.356027
vn 0.598006 -0.717574 -0.357040
vn 0.440044 -0.824056 -0.356782
vn 0.394539 -0.104564 -0.912910
vn 0.356516 -0.199231 -0.912800
vn 0.411655 -0.334049 -0.847910
vn 0.338512 -0.407286 -0.848250
vn 0.249730 -0.467018 -0.848251
vn 0.244510 -0.136602 -0.959976
vn 0.317422 -0.257539 -0.912643
vn 0.261021 -0.314132 -0.912792
vn 0.192550 -0.360108 -0.912824
vn 0.900654 0.382192 0.206766
vn 0.899584 0.373777 0.225916
vn 0.910532 0.346245 0.225932
vn 0.948865 0.315683 0.000112
vn 0.922040 0.314308 0.225947
vn 0.937933 0.263105 0.225957
vn 0.884054 0.301359 0.357256
vn 0.899295 0.252265 0.357255
vn 0.829712 0.282834 0.481231
vn 0.844017 0.236762 0.481226
vn 0.758554 0.258576 0.598108
vn 0.771631 0.216461 0.598105
vn 0.669301 0.228150 0.707095
vn 0.680836 0.190994 0.707096
vn 0.501148 0.170830 0.848333
vn 0.509780 0.143007 0.848336
vn 0.386498 0.131749 0.912832
vn 0.393154 0.110289 0.912834
vn 0.265055 0.090352 0.959991
vn 0.269620 0.075633 0.959992
vn 0.136328 0.046472 0.989573
vn 0.138676 0.038900 0.989573
vn 0.000000 -0.000000 1.000000
vn -0.000000 0.000000 1.000000
vn 0.862513 0.358374 0.357266
vn 0.845332 0.359051 0.395597
vn 0.809485 0.336341 0.481258
vn 0.757915 0.322400 0.567118
vn 0.740057 0.307495 0.598133
vn 0.636939 0.271471 0.721534
vn 0.652985 0.271317 0.707105
vn 0.488944 0.203158 0.848328
vn 0.660937 0.251338 0.707100
vn 0.494892 0.188195 0.848331
vn 0.494165 0.211112 0.843346
vn 0.377091 0.156682 0.912827
vn 0.381676 0.145141 0.912829
vn 0.340657 0.145914 0.928796
vn 0.258606 0.107451 0.959988
vn 0.261749 0.099536 0.959990
vn 0.176590 0.075852 0.981357
vn 0.133011 0.055266 0.989572
vn 0.134628 0.051195 0.989573
vn -0.000000 0.000000 1.000000
vn 0.141340 0.027715 0.989573
vn 0.000000 -0.000000 1.000000
vn 0.143720 0.008998 0.989577
vn 0.000000 -0.000000 1.000000
vn 0.143238 -0.014449 0.989583
vn 0.139827 -0.034137 0.989587
vn 0.271850 -0.066419 0.960045
vn 0.252588 -0.120633 0.960025
vn 0.368382 -0.175898 0.912882
vn 0.338966 -0.227447 0.912891
vn 0.439626 -0.295056 0.848334
vn 0.381472 -0.367180 0.848326
vn 0.509418 -0.490408 0.707102
vn 0.407492 -0.579738 0.705588
vn 0.461603 -0.657137 0.595897
vn 0.346672 -0.724257 0.596046
vn 0.379401 -0.791526 0.479105
vn 0.201868 -0.853096 0.481120
vn 0.215031 -0.908935 0.357209
vn 0.072598 -0.864652 0.497098
vn 0.080743 -0.961666 0.262068
vn -0.000000 0.000000 1.000000
vn 0.129917 -0.062062 0.989581
vn 0.232446 -0.155923 0.960030
vn 0.294214 -0.283173 0.912826
vn 0.305102 -0.433776 0.847792
vn 0.305545 -0.639260 0.705683
vn 0.184623 -0.779937 0.598008
vn 0.000000 0.000000 1.000000
vn 0.119577 -0.080182 0.989582
vn 0.201775 -0.194192 0.959988
vn 0.235298 -0.334447 0.912568
vn 0.228359 -0.478598 0.847819
vn 0.162941 -0.688136 0.707049
vn 0.059162 -0.704627 0.707107
vn 0.000000 0.000000 1.000000
vn 0.103784 -0.099877 0.989572
vn 0.161385 -0.229342 0.959874
vn 0.175972 -0.369100 0.912578
vn 0.121997 -0.515200 0.848343
vn -0.000000 -0.000000 1.000000
vn 0.083037 -0.117975 0.989539
vn 0.120606 -0.253158 0.959878
vn 0.094065 -0.397322 0.912845
vn 0.041591 -0.495355 0.867694
vn 0.062003 -0.130255 0.989540
vn -0.000000 -0.000000 1.000000
vn 0.033158 -0.140149 0.989575
vn 0.000000 0.000000 1.000000
vn 0.000000 0.000000 1.000000
vn 0.021927 -0.261150 0.965049
vn 0.064488 -0.272477 0.959999
vn 0.224277 -0.947945 0.226054
vn 0.211155 -0.977452 0.001014
vn 0.383806 -0.923407 0.003472
vn 0.421388 -0.878137 0.226509
vn 0.404246 -0.842547 0.355949
vn 0.536799 -0.764990 0.355860
vn 0.504376 -0.718479 0.478950
vn 0.631424 -0.608029 0.481253
vn 0.577307 -0.555841 0.598128
vn 0.666057 -0.446956 0.597159
vn 0.587545 -0.394349 0.706597
vn 0.638468 -0.305016 0.706628
vn 0.477801 -0.228135 0.848328
vn 0.514095 -0.125760 0.848463
vn 0.396429 -0.096922 0.912935
vn 0.406134 -0.040801 0.912902
vn 0.278497 -0.028033 0.960028
vn 0.279426 0.017506 0.960008
vn 0.569186 -0.822183 0.006472
vn 0.559447 -0.797298 0.226573
vn 0.672756 -0.647891 0.357263
vn 0.728417 -0.488681 0.480208
vn 0.723617 -0.345977 0.597225
vn 0.686817 -0.168097 0.707125
vn 0.526675 -0.052828 0.848423
vn 0.407465 0.025545 0.912863
vn 0.274799 0.053887 0.959990
vn 0.701667 -0.675740 0.225917
vn 0.753110 -0.657895 0.000472
vn 0.808824 -0.542579 0.226743
vn 0.874267 -0.485414 0.005517
vn 0.878469 -0.420608 0.226674
vn 0.941499 -0.337016 0.000134
vn 0.946120 -0.231586 0.226328
vn 0.991645 -0.128984 0.001983
vn 0.969219 -0.097208 0.226199
vn 0.996385 0.084955 0.000248
vn 0.972202 0.060953 0.226072
vn 0.955935 0.187456 0.225938
vn 0.916549 0.179729 0.357261
vn 0.980770 0.195169 0.000077
vn 0.749073 0.284852 0.598121
vn 0.819346 0.311571 0.481244
vn 0.873015 0.331977 0.357261
vn 0.400705 0.078582 0.912831
vn 0.519566 0.101896 0.848333
vn 0.693894 0.136086 0.707101
vn 0.786427 0.154227 0.598119
vn 0.860204 0.168686 0.481242
vn 0.528362 0.033141 0.848372
vn 0.705728 0.044278 0.707097
vn 0.799876 0.050172 0.598065
vn 0.874906 0.054857 0.481177
vn 0.932178 0.058434 0.357252
vn 0.703567 -0.070493 0.707124
vn 0.797461 -0.079932 0.598052
vn 0.872260 -0.087492 0.481153
vn 0.929334 -0.093256 0.357271
vn 0.778513 -0.190545 0.598005
vn 0.851537 -0.208403 0.481096
vn 0.791189 -0.378616 0.480281
vn 0.907229 -0.222028 0.357266
vn 0.842573 -0.403441 0.356800
vn 0.775821 -0.520402 0.356769
vn 0.021655 -0.257912 0.965926
vn 0.021655 -0.257912 0.965926
vn -0.000000 0.000000 1.000000
vn 0.021655 -0.257912 0.965926
vn 0.021655 -0.257912 0.965926
vn 0.041834 -0.498247 0.866025
vn 0.041834 -0.498247 0.866025
vn 0.059162 -0.704627 0.707107
vn 0.059162 -0.704627 0.707107
vn 0.072458 -0.862989 0.500000
vn 0.072458 -0.862989 0.500000
vn 0.080816 -0.962539 0.258819
vn 0.080816 -0.962539 0.258819
vn 0.083667 -0.996494 -0.000000
vn 0.083667 -0.996494 -0.000000
vn 0.080816 -0.962539 -0.258819
vn 0.080816 -0.962539 -0.258819
vn 0.072458 -0.862989 -0.500000
vn 0.072458 -0.862989 -0.500000
vn 0.059162 -0.704627 -0.707107
vn 0.059162 -0.704627 -0.707107
vn 0.041834 -0.498247 -0.866025
vn 0.041834 -0.498247 -0.866025
vn 0.021655 -0.257912 -0.965926
vn 0.021655 -0.257912 -0.965926
vn 0.021655 -0.257912 -0.965926
vn 0.021655 -0.257912 -0.965926
vn 0.041834 -0.498247 -0.866025
vn 0.041834 -0.498247 -0.866025
vn 0.059162 -0.704627 -0.707107
vn 0.059162 -0.704627 -0.707107
vn 0.072458 -0.862989 -0.500000
vn 0.072458 -0.862989 -0.500000
vn 0.080816 -0.962539 -0.258819
vn 0.080816 -0.962539 -0.258819
vn 0.083667 -0.996494 -0.000000
vn 0.083667 -0.996494 0.000000
vn 0.080816 -0.962539 0.258819
vn 0.080816 -0.962539 0.258819
vn 0.072458 -0.862989 0.500000
vn 0.072458 -0.862989 0.500000
vn 0.059162 -0.704627 0.707107
vn 0.059162 -0.704627 0.707107
vn 0.041834 -0.498247 0.866025
vn 0.041834 -0.498247 0.866025
vn 0.021655 -0.257912 0.965926
vn 0.021655 -0.257912 0.965926
vn 0.021655 -0.257912 0.965926
vn 0.021655 -0.257912 0.965926
vn 0.041834 -0.498247 0.866025
vn 0.041834 -0.498247 0.866025
vn 0.059162 -0.704627 0.707107
vn 0.059162 -0.704627 0.707107
vn 0.072458 -0.862989 0.500000
vn 0.072458 -0.862989 0.500000
vn 0.080816 -0.962539 0.258819
vn 0.080816 -0.962539 0.258819
vn 0.083667 -0.996494 0.000000
vn 0.080816 -0.962539 -0.258819
vn 0.080816 -0.962539 -0.258819
vn 0.072458 -0.862989 -0.500000
vn 0.072458 -0.862989 -0.500000
vn 0.059162 -0.704627 -0.707107
vn 0.041834 -0.498247 -0.866025
vn 0.041834 -0.498247 -0.866025
vn 0.021655 -0.257912 -0.965926
vn 0.021655 -0.257912 -0.965926
vn 0.021655 -0.257912 -0.965926
vn 0.021655 -0.257912 -0.965926
vn 0.041834 -0.498247 -0.866025
vn 0.041834 -0.498247 -0.866025
vn 0.059162 -0.704627 -0.707107
vn 0.041834 -0.498247 0.866025
vn 0.041834 -0.498247 0.866025
vn 0.059162 -0.704627 0.707107
vn 0.059162 -0.704627 0.707107
vn 0.072458 -0.862989 0.500000
vn 0.072458 -0.862989 0.500000
vn 0.080816 -0.962539 0.258819
vn 0.080816 -0.962539 0.258819
vn 0.083667 -0.996494 -0.000000
vn 0.083667 -0.996494 -0.000000
vn 0.080816 -0.962539 -0.258819
vn 0.080816 -0.962539 -0.258819
vn 0.072458 -0.862989 -0.500000
vn 0.072458 -0.862989 -0.500000
vn 0.059162 -0.704627 -0.707107
vn 0.059162 -0.704627 -0.707107
vn 0.041834 -0.498247 -0.866025
vn 0.041834 -0.498247 -0.866025
vn 0.021655 -0.257912 -0.965926
vn 0.021655 -0.257912 -0.965926
vn -0.000000 0.000000 -1.000000
vn 0.021655 -0.257912 -0.965926
vn 0.021655 -0.257912 -0.965926
vn 0.041834 -0.498247 -0.866025
vn 0.041834 -0.498247 -0.866025
vn 0.059162 -0.704627 -0.707107
vn 0.059162 -0.704627 -0.707107
vn 0.072458 -0.862989 -0.500000
vn 0.072458 -0.862989 -0.500000
vn 0.080816 -0.962539 -0.258819
vn 0.080816 -0.962539 -0.258819
vn 0.083667 -0.996494 -0.000000
vn 0.083667 -0.996494 -0.000000
vn 0.080816 -0.962539 0.258819
vn 0.080816 -0.962539 0.258819
vn 0.072458 -0.862989 0.500000
vn 0.072458 -0.862989 0.500000
vn 0.059162 -0.704627 0.707107
vn 0.059162 -0.704627 0.707107
vn 0.041834 -0.498247 0.866025
vn 0.021655 -0.257912 -0.965926
vn 0.021655 -0.257912 -0.965926
vn 0.021655 -0.257912 -0.965926
vn 0.041834 -0.498247 -0.866025
vn 0.041834 -0.498247 -0.866025
vn 0.059162 -0.704627 -0.707107
vn 0.059162 -0.704627 -0.707107
vn 0.072458 -0.862989 -0.500000
vn 0.072458 -0.862989 -0.500000
vn 0.080816 -0.962539 -0.258819
vn 0.080816 -0.962539 -0.258819
vn 0.083667 -0.996494 -0.000000
vn 0.041834 -0.498247 0.866025
vn 0.021655 -0.257912 0.965926
vn 0.041834 -0.498247 0.866025
vn 0.021655 -0.257912 0.965926
vn 0.021655 -0.257912 0.965926
vn 0.021655 -0.257912 0.965926
vn 0.021655 -0.257912 0.965926
vn 0.021655 -0.257912 0.965926
vn 0.041834 -0.498247 0.866025
vn 0.041834 -0.498247 0.866025
vn 0.059162 -0.704627 0.707107
vn 0.021655 -0.257912 0.965926
vn 0.021655 -0.257912 0.965926
vn 0.021655 -0.257912 0.965926
vn 0.041834 -0.498247 0.866025
vn 0.041834 -0.498247 0.866025
vn 0.059162 -0.704627 0.707107
vn 0.059162 -0.704627 0.707107
vn 0.072458 -0.862989 0.500000
vn 0.072458 -0.862989 0.500000
vn 0.080816 -0.962539 0.258819
vn 0.080816 -0.962539 0.258819
vn 0.083667 -0.996494 -0.000000
vn 0.083667 -0.996494 -0.000000
vn 0.080816 -0.962539 -0.258819
vn 0.080816 -0.962539 -0.258819
vn 0.072458 -0.862989 -0.500000
vn 0.072458 -0.862989 -0.500000
vn 0.059162 -0.704627 -0.707107
vn 0.041834 -0.498247 0.866025
vn 0.021655 -0.257912 0.965926
vn 0.021655 -0.257912 0.965926
vn 0.021655 -0.257912 0.965926
vn 0.041834 -0.498247 0.866025
vn 0.041834 -0.498247 0.866025
vn 0.059162 -0.704627 0.707107
vn 0.059162 -0.704627 0.707107
vn 0.072458 -0.862989 0.500000
vn 0.072458 -0.862989 0.500000
vn 0.080816 -0.962539 0.258819
vn 0.080816 -0.962539 0.258819
vn 0.083667 -0.996494 -0.000000
vn 0.041834 -0.498247 0.866025
vn 0.041834 -0.498247 0.866025
vn 0.021655 -0.257912 0.965926
vn 0.041834 -0.498247 0.866025
vn 0.059162 -0.704627 0.707107
vn 0.072458 -0.862989 0.500000
vn 0.080816 -0.962539 0.258819
vn 0.083667 -0.996494 0.000000
vn 0.080816 -0.962539 -0.258819
vn 0.072458 -0.862989 -0.500000
vn 0.059162 -0.704627 0.707107
vn 0.059162 -0.704627 0.707107
vn 0.059162 -0.704627 0.707107
vn 0.059162 -0.704627 0.707107
vn 0.072458 -0.862989 0.500000
vn 0.072458 -0.862989 0.500000
vn 0.080816 -0.962539 0.258819
vn 0.072458 -0.862989 0.500000
vn 0.072458 -0.862989 0.500000
vn 0.072458 -0.862989 0.500000
vn 0.072458 -0.862989 0.500000
vn 0.080816 -0.962539 0.258819
vn 0.083667 -0.996494 0.000000
vn 0.080816 -0.962539 -0.258819
vn 0.072458 -0.862989 -0.500000
vn 0.059162 -0.704627 -0.707107
vn 0.080816 -0.962539 0.258819
vn 0.083667 -0.996494 -0.000000
vn 0.080816 -0.962539 -0.258819
vn 0.072458 -0.862989 -0.500000
vn 0.059162 -0.704627 -0.707107
vn 0.041834 -0.498247 -0.866025
vn 0.021655 -0.257912 -0.965926
vn 0.080816 -0.962539 0.258819
vn 0.080816 -0.962539 0.258819
vn 0.080816 -0.962539 0.258819
vn 0.083667 -0.996494 -0.000000
vn 0.083667 -0.996494 -0.000000
vn 0.083667 -0.996494 -0.000000
vn 0.083667 -0.996494 0.000000
vn 0.080816 -0.962539 -0.258819
vn 0.072458 -0.862989 -0.500000
vn 0.059162 -0.704627 -0.707107
vn 0.041834 -0.498247 -0.866025
vn 0.080816 -0.962539 -0.258819
vn 0.072458 -0.862989 -0.500000
vn 0.059162 -0.704627 -0.707107
vn 0.041834 -0.498247 -0.866025
vn 0.080816 -0.962539 -0.258819
vn 0.080816 -0.962539 -0.258819
vn 0.072458 -0.862989 -0.500000
vn 0.059162 -0.704627 -0.707107
vn 0.041834 -0.498247 -0.866025
vn 0.021655 -0.257912 -0.965926
vn 0.072458 -0.862989 -0.500000
vn 0.059162 -0.704627 -0.707107
vn 0.041834 -0.498247 -0.866025
vn 0.021655 -0.257912 -0.965926
vn 0.059162 -0.704627 -0.707107
vn 0.041834 -0.498247 -0.866025
vn 0.021655 -0.257912 -0.965926
vn 0.041834 -0.498247 -0.866025
vn 0.021655 -0.257912 -0.965926
vn 0.021655 -0.257912 -0.965926
vn -0.948799 0.315880 -0.000001
vn -0.920591 0.390528 -0.000000
vn -0.905790 0.358470 -0.225931
vn -0.900667 0.382197 -0.206700
vn -0.868473 0.343701 -0.357244
vn -0.845379 0.359071 -0.395478
vn -0.815088 0.322576 -0.481224
vn -0.757980 0.322427 -0.567016
vn -0.745182 0.294913 -0.598105
vn -0.637044 0.271516 -0.721425
vn -0.657499 0.260213 -0.707095
vn -0.492324 0.194843 -0.848324
vn -0.666752 0.235481 -0.707100
vn -0.499258 0.176326 -0.848322
vn -0.676318 0.206420 -0.707096
vn -0.506414 0.154564 -0.848325
vn -0.691789 0.146446 -0.707094
vn -0.517989 0.109654 -0.848330
vn -0.703224 0.074171 -0.707089
vn -0.526548 0.055537 -0.848329
vn -0.706846 -0.019009 -0.707112
vn -0.529151 -0.014253 -0.848408
vn -0.683607 -0.181085 -0.707029
vn -0.511678 -0.135552 -0.848417
vn -0.617219 -0.345346 -0.706949
vn -0.462242 -0.258400 -0.848270
vn -0.550019 -0.446482 -0.705786
vn -0.411655 -0.334049 -0.847910
vn -0.452319 -0.543813 -0.706877
vn -0.338512 -0.407286 -0.848250
vn -0.333607 -0.624025 -0.706612
vn -0.249730 -0.467018 -0.848251
vn -0.224921 -0.670751 -0.706756
vn -0.168218 -0.502140 -0.848268
vn -0.059162 -0.704627 -0.707107
vn -0.041591 -0.495355 -0.867694
vn -0.129701 -0.387216 -0.912821
vn -0.021927 -0.261150 -0.965049
vn -0.088948 -0.265531 -0.959990
vn -0.045755 -0.136578 -0.989572
vn -0.067898 -0.127027 -0.989573
vn -0.000000 0.000000 -1.000000
vn -0.000000 0.000000 -1.000000
vn -0.092051 -0.110823 -0.989568
vn 0.000000 0.000000 -1.000000
vn -0.111992 -0.090835 -0.989549
vn -0.125773 -0.070246 -0.989569
vn -0.217685 -0.176591 -0.959911
vn -0.244510 -0.136602 -0.959976
vn -0.317422 -0.257539 -0.912643
vn -0.356516 -0.199231 -0.912800
vn -0.494312 0.211174 -0.843244
vn -0.379694 0.150268 -0.912827
vn -0.385043 0.135989 -0.912825
vn -0.390559 0.119202 -0.912828
vn -0.399484 0.084564 -0.912832
vn -0.406083 0.042827 -0.912832
vn -0.408050 -0.011019 -0.912893
vn -0.394539 -0.104564 -0.912910
vn -0.340812 0.145980 -0.928729
vn -0.260389 0.103051 -0.959988
vn -0.264058 0.093260 -0.959987
vn -0.267841 0.081746 -0.959989
vn -0.273960 0.057991 -0.959991
vn -0.278486 0.029366 -0.959991
vn -0.279817 -0.007581 -0.960023
vn -0.270533 -0.071742 -0.960034
vn -0.176600 0.075856 -0.981355
vn -0.133929 0.053003 -0.989573
vn -0.135816 0.047968 -0.989572
vn -0.137761 0.042045 -0.989573
vn -0.140909 0.029826 -0.989573
vn -0.143236 0.015102 -0.989573
vn -0.143919 -0.003912 -0.989582
vn -0.139140 -0.036923 -0.989584
vn 0.000000 0.000000 -1.000000
vn 0.000000 0.000000 -1.000000
vn -0.000000 -0.000000 -1.000000
vn -0.000000 0.000000 -1.000000
vn -0.000000 0.000000 -1.000000
vn 0.000000 -0.000000 -1.000000
vn 0.000000 0.000000 -1.000000
vn 0.000000 -0.000000 -1.000000
vn -0.000000 0.000000 -1.000000
vn -0.255204 -0.760153 -0.597527
vn -0.072598 -0.864652 -0.497098
vn -0.279416 -0.831228 -0.480611
vn -0.297867 -0.885372 -0.356920
vn -0.413237 -0.773632 -0.480341
vn -0.440044 -0.824056 -0.356782
vn -0.561155 -0.673687 -0.480885
vn -0.598006 -0.717574 -0.357040
vn -0.681313 -0.553369 -0.479161
vn -0.725308 -0.589214 -0.356027
vn -0.764786 -0.428648 -0.481003
vn -0.814697 -0.456884 -0.357107
vn -0.847465 -0.224703 -0.480949
vn -0.902824 -0.239461 -0.357167
vn -0.876330 -0.023627 -0.481132
vn -0.933669 -0.025196 -0.357248
vn -0.871776 0.091925 -0.481203
vn -0.928865 0.097935 -0.357238
vn -0.857601 0.181534 -0.481212
vn -0.913766 0.193417 -0.357242
vn -0.838418 0.255888 -0.481223
vn -0.893331 0.272644 -0.357245
vn -0.826555 0.291925 -0.481235
vn -0.880694 0.311048 -0.357249
vn -0.080743 -0.961666 -0.262068
vn -0.310593 -0.923215 -0.226287
vn -0.458820 -0.859185 -0.226460
vn -0.623645 -0.748315 -0.226036
vn -0.755956 -0.614131 -0.226659
vn -0.849641 -0.476487 -0.225986
vn -0.941503 -0.249684 -0.226341
vn -0.973732 -0.026255 -0.226180
vn -0.968767 0.102146 -0.225959
vn -0.953022 0.201729 -0.225952
vn -0.931715 0.284360 -0.225934
vn -0.918541 0.324414 -0.225918
vn -0.083667 -0.996494 -0.000000
vn -0.210986 -0.977489 -0.000224
vn -0.377564 -0.925974 -0.004219
vn -0.572801 -0.819694 -0.000139
vn -0.753911 -0.656948 -0.006059
vn -0.872579 -0.488472 -0.000729
vn -0.941167 -0.337934 -0.002322
vn -0.991123 -0.132944 -0.000619
vn -0.996471 0.083940 -0.000372
vn -0.980818 0.194924 -0.000315
vn -0.755665 0.266885 -0.598116
vn -0.766511 0.233945 -0.598105
vn -0.784050 0.165972 -0.598096
vn -0.797012 0.084053 -0.598087
vn -0.801180 -0.021567 -0.598034
vn -0.774849 -0.205341 -0.597866
vn -0.699380 -0.391654 -0.597891
vn -0.623296 -0.506109 -0.596117
vn -0.512855 -0.616149 -0.597779
vn -0.378010 -0.707370 -0.597274
vn -0.178985 -0.215443 -0.959973
vn -0.132021 -0.246945 -0.959994
vn -0.261021 -0.314132 -0.912792
vn -0.192550 -0.360108 -0.912824
vn 0.000000 1.000000 0.000000
vn 0.000000 1.000000 0.000000
vn 0.000000 1.000000 0.000000
vn 0.000000 1.000000 0.000000
vn 0.000000 1.000000 0.000000
vn 0.000000 1.000000 0.000000
vn 0.000000 1.000000 0.000000
vn 0.000000 1.000000 0.000000
vn 0.000000 1.000000 0.000000
vn 0.000000 1.000000 0.000000
vn 0.000000 1.000000 0.000000
vn 0.000000 1.000000 0.000000
vn 0.000000 1.000000 0.000000
vn 0.000000 1.000000 0.000000
vn 0.000000 1.000000 0.000000
vn 0.000000 1.000000 0.000000
vn 0.000000 1.000000 0.000000
vn 0.000000 1.000000 0.000000
vn 0.000000 1.000000 0.000000
vn 0.000000 1.000000 0.000000
vn 0.000000 1.000000 0.000000
vn 0.000000 1.000000 0.000000
vn 0.000000 1.000000 0.000000
vn 0.000000 1.000000 0.000000
vn 0.000000 1.000000 0.000000
vn 0.000000 1.000000 0.000000
vn 0.000000 1.000000 0.000000
vn 0.000000 1.000000 0.000000
vn 0.000000 1.000000 0.000000
vn 0.000000 1.000000 0.000000
vn 0.000000 1.000000 0.000000
vn 0.000000 1.000000 0.000000
vn 0.000000 1.000000 0.000000
vn 0.000000 1.000000 0.000000
vn -0.176590 0.075852 0.981357
vn -0.133011 0.055266 0.989572
vn 0.000000 0.000000 1.000000
vn -0.134628 0.051195 0.989573
vn -0.000000 -0.000000 1.000000
vn -0.136328 0.046472 0.989573
vn -0.138676 0.038900 0.989573
vn -0.265055 0.090352 0.959991
vn -0.269620 0.075633 0.959992
vn -0.386498 0.131749 0.912832
vn -0.393154 0.110289 0.912834
vn -0.501148 0.170830 0.848333
vn -0.509780 0.143007 0.848336
vn -0.669301 0.228150 0.707095
vn -0.680836 0.190994 0.707096
vn -0.758554 0.258576 0.598108
vn -0.771631 0.216461 0.598105
vn -0.829712 0.282834 0.481231
vn -0.844017 0.236762 0.481226
vn -0.884054 0.301359 0.357256
vn -0.899295 0.252265 0.357255
vn -0.922040 0.314308 0.225947
vn -0.937933 0.263105 0.225957
vn -0.948865 0.315683 0.000112
vn -0.980770 0.195169 0.000077
vn -0.258606 0.107451 0.959988
vn -0.340657 0.145914 0.928796
vn -0.377091 0.156682 0.912827
vn -0.494165 0.211112 0.843346
vn -0.488944 0.203158 0.848328
vn -0.636939 0.271471 0.721534
vn -0.652985 0.271317 0.707105
vn -0.740057 0.307495 0.598133
vn -0.660937 0.251338 0.707100
vn -0.749073 0.284852 0.598121
vn -0.757915 0.322400 0.567118
vn -0.809485 0.336341 0.481258
vn -0.819346 0.311571 0.481244
vn -0.845332 0.359051 0.395597
vn -0.862513 0.358374 0.357266
vn -0.873015 0.331977 0.357261
vn -0.900654 0.382192 0.206766
vn -0.899584 0.373777 0.225916
vn -0.910532 0.346245 0.225932
vn -0.955935 0.187456 0.225938
vn -0.996385 0.084955 0.000248
vn -0.972202 0.060953 0.226072
vn -0.991645 -0.128984 0.001983
vn -0.969219 -0.097208 0.226199
vn -0.946120 -0.231586 0.226328
vn -0.907229 -0.222028 0.357266
vn -0.842573 -0.403441 0.356800
vn -0.791189 -0.378616 0.480281
vn -0.728417 -0.488681 0.480208
vn -0.666057 -0.446956 0.597159
vn -0.577307 -0.555841 0.598128
vn -0.509418 -0.490408 0.707102
vn -0.407492 -0.579738 0.705588
vn -0.305102 -0.433776 0.847792
vn -0.228359 -0.478598 0.847819
vn -0.175972 -0.369100 0.912578
vn -0.094065 -0.397322 0.912845
vn -0.064488 -0.272477 0.959999
vn -0.021927 -0.261150 0.965049
vn -0.033158 -0.140149 0.989575
vn -0.000000 0.000000 1.000000
vn -0.000000 0.000000 1.000000
vn -0.941499 -0.337016 0.000134
vn -0.878469 -0.420608 0.226674
vn -0.775821 -0.520402 0.356769
vn -0.631424 -0.608029 0.481253
vn -0.461603 -0.657137 0.595897
vn -0.305545 -0.639260 0.705683
vn -0.121997 -0.515200 0.848343
vn -0.041591 -0.495355 0.867694
vn -0.874267 -0.485414 0.005517
vn -0.808824 -0.542579 0.226743
vn -0.672756 -0.647891 0.357263
vn -0.504376 -0.718479 0.478950
vn -0.346672 -0.724257 0.596046
vn -0.162941 -0.688136 0.707049
vn -0.059162 -0.704627 0.707107
vn -0.753110 -0.657895 0.000472
vn -0.701667 -0.675740 0.225917
vn -0.536799 -0.764990 0.355860
vn -0.379401 -0.791526 0.479105
vn -0.184623 -0.779937 0.598008
vn -0.569186 -0.822183 0.006472
vn -0.559447 -0.797298 0.226573
vn -0.404246 -0.842547 0.355949
vn -0.201868 -0.853096 0.481120
vn -0.072598 -0.864652 0.497098
vn -0.421388 -0.878137 0.226509
vn -0.383806 -0.923407 0.003472
vn -0.224277 -0.947945 0.226054
vn -0.211155 -0.977452 0.001014
vn -0.080743 -0.961666 0.262068
vn -0.215031 -0.908935 0.357209
vn 0.000000 -0.000000 1.000000
vn -0.062003 -0.130255 0.989540
vn -0.120606 -0.253158 0.959878
vn -0.161385 -0.229342 0.959874
vn -0.235298 -0.334447 0.912568
vn -0.294214 -0.283173 0.912826
vn -0.381472 -0.367180 0.848326
vn -0.439626 -0.295056 0.848334
vn -0.587545 -0.394349 0.706597
vn -0.638468 -0.305016 0.706628
vn -0.723617 -0.345977 0.597225
vn -0.778513 -0.190545 0.598005
vn -0.851537 -0.208403 0.481096
vn -0.872260 -0.087492 0.481153
vn -0.929334 -0.093256 0.357271
vn -0.932178 0.058434 0.357252
vn 0.000000 -0.000000 1.000000
vn -0.083037 -0.117975 0.989539
vn -0.201775 -0.194192 0.959988
vn -0.338966 -0.227447 0.912891
vn -0.477801 -0.228135 0.848328
vn -0.686817 -0.168097 0.707125
vn -0.797461 -0.079932 0.598052
vn -0.874906 0.054857 0.481177
vn -0.916549 0.179729 0.357261
vn -0.103784 -0.099877 0.989572
vn -0.000000 0.000000 1.000000
vn -0.119577 -0.080182 0.989582
vn -0.000000 0.000000 1.000000
vn -0.129917 -0.062062 0.989581
vn 0.000000 0.000000 1.000000
vn -0.139827 -0.034137 0.989587
vn -0.000000 -0.000000 1.000000
vn -0.143238 -0.014449 0.989583
vn -0.143720 0.008998 0.989577
vn -0.279426 0.017506 0.960008
vn -0.274799 0.053887 0.959990
vn -0.400705 0.078582 0.912831
vn -0.000000 -0.000000 1.000000
vn -0.141340 0.027715 0.989573
vn -0.000000 0.000000 1.000000
vn -0.494892 0.188195 0.848331
vn -0.381676 0.145141 0.912829
vn -0.261749 0.099536 0.959990
vn -0.860204 0.168686 0.481242
vn -0.786427 0.154227 0.598119
vn -0.693894 0.136086 0.707101
vn -0.519566 0.101896 0.848333
vn -0.799876 0.050172 0.598065
vn -0.705728 0.044278 0.707097
vn -0.528362 0.033141 0.848372
vn -0.407465 0.025545 0.912863
vn -0.703567 -0.070493 0.707124
vn -0.526675 -0.052828 0.848423
vn -0.406134 -0.040801 0.912902
vn -0.278497 -0.028033 0.960028
vn -0.514095 -0.125760 0.848463
vn -0.396429 -0.096922 0.912935
vn -0.368382 -0.175898 0.912882
vn -0.271850 -0.066419 0.960045
vn -0.252588 -0.120633 0.960025
vn -0.232446 -0.155923 0.960030
vn -0.021655 -0.257912 -0.965926
vn -0.021655 -0.257912 -0.965926
vn -0.021655 -0.257912 -0.965926
vn -0.021655 -0.257912 -0.965926
vn -0.041834 -0.498247 -0.866025
vn -0.041834 -0.498247 -0.866025
vn -0.059162 -0.704627 -0.707107
vn -0.059162 -0.704627 -0.707107
vn -0.072458 -0.862989 -0.500000
vn -0.072458 -0.862989 -0.500000
vn -0.080816 -0.962539 -0.258819
vn -0.080816 -0.962539 -0.258819
vn -0.083667 -0.996494 -0.000000
vn -0.083667 -0.996494 -0.000000
vn -0.080816 -0.962539 0.258819
vn -0.080816 -0.962539 0.258819
vn -0.072458 -0.862989 0.500000
vn -0.072458 -0.862989 0.500000
vn -0.059162 -0.704627 0.707107
vn -0.059162 -0.704627 0.707107
vn -0.041834 -0.498247 0.866025
vn -0.041834 -0.498247 0.866025
vn -0.021655 -0.257912 0.965926
vn -0.021655 -0.257912 0.965926
vn -0.021655 -0.257912 0.965926
vn -0.021655 -0.257912 0.965926
vn -0.041834 -0.498247 0.866025
vn -0.041834 -0.498247 0.866025
vn -0.059162 -0.704627 0.707107
vn -0.059162 -0.704627 0.707107
vn -0.072458 -0.862989 0.500000
vn -0.072458 -0.862989 0.500000
vn -0.080816 -0.962539 0.258819
vn -0.080816 -0.962539 0.258819
vn -0.083667 -0.996494 -0.000000
vn -0.083667 -0.996494 -0.000000
vn -0.080816 -0.962539 -0.258819
vn -0.080816 -0.962539 -0.258819
vn -0.072458 -0.862989 -0.500000
vn -0.072458 -0.862989 -0.500000
vn -0.059162 -0.704627 -0.707107
vn -0.059162 -0.704627 -0.707107
vn -0.041834 -0.498247 -0.866025
vn -0.041834 -0.498247 -0.866025
vn -0.021655 -0.257912 -0.965926
vn -0.021655 -0.257912 -0.965926
vn -0.021655 -0.257912 -0.965926
vn -0.021655 -0.257912 -0.965926
vn -0.041834 -0.498247 -0.866025
vn -0.041834 -0.498247 -0.866025
vn -0.059162 -0.704627 -0.707107
vn -0.059162 -0.704627 -0.707107
vn -0.072458 -0.862989 -0.500000
vn -0.072458 -0.862989 -0.500000
vn -0.080816 -0.962539 -0.258819
vn -0.080816 -0.962539 -0.258819
vn -0.083667 -0.996494 0.000000
vn -0.080816 -0.962539 0.258819
vn -0.080816 -0.962539 0.258819
vn -0.072458 -0.862989 0.500000
vn -0.072458 -0.862989 0.500000
vn -0.059162 -0.704627 0.707107
vn -0.041834 -0.498247 0.866025
vn -0.041834 -0.498247 0.866025
vn -0.021655 -0.257912 0.965926
vn -0.021655 -0.257912 0.965926
vn -0.021655 -0.257912 0.965926
vn -0.021655 -0.257912 0.965926
vn -0.041834 -0.498247 0.866025
vn -0.041834 -0.498247 0.866025
vn -0.059162 -0.704627 0.707107
vn -0.041834 -0.498247 -0.866025
vn -0.041834 -0.498247 -0.866025
vn -0.059162 -0.704627 -0.707107
vn -0.059162 -0.704627 -0.707107
vn -0.072458 -0.862989 -0.500000
vn -0.072458 -0.862989 -0.500000
vn -0.080816 -0.962539 -0.258819
vn -0.080816 -0.962539 -0.258819
vn -0.083667 -0.996494 -0.000000
vn -0.083667 -0.996494 -0.000000
vn -0.080816 -0.962539 0.258819
vn -0.080816 -0.962539 0.258819
vn -0.072458 -0.862989 0.500000
vn -0.072458 -0.862989 0.500000
vn -0.059162 -0.704627 0.707107
vn -0.059162 -0.704627 0.707107
vn -0.041834 -0.498247 0.866025
vn -0.041834 -0.498247 0.866025
vn -0.021655 -0.257912 0.965926
vn -0.021655 -0.257912 0.965926
vn -0.021655 -0.257912 0.965926
vn -0.021655 -0.257912 0.965926
vn -0.041834 -0.498247 0.866025
vn -0.041834 -0.498247 0.866025
vn -0.059162 -0.704627 0.707107
vn -0.059162 -0.704627 0.707107
vn -0.072458 -0.862989 0.500000
vn -0.072458 -0.862989 0.500000
vn -0.080816 -0.962539 0.258819
vn -0.080816 -0.962539 0.258819
vn -0.083667 -0.996494 -0.000000
vn -0.083667 -0.996494 -0.000000
vn -0.080816 -0.962539 -0.258819
vn -0.080816 -0.962539 -0.258819
vn -0.072458 -0.862989 -0.500000
vn -0.072458 -0.862989 -0.500000
vn -0.059162 -0.704627 -0.707107
vn -0.059162 -0.704627 -0.707107
vn -0.041834 -0.498247 -0.866025
vn -0.021655 -0.257912 0.965926
vn -0.021655 -0.257912 0.965926
vn -0.021655 -0.257912 0.965926
vn -0.041834 -0.498247 0.866025
vn -0.041834 -0.498247 0.866025
vn -0.059162 -0.704627 0.707107
vn -0.059162 -0.704627 0.707107
vn -0.072458 -0.862989 0.500000
vn -0.072458 -0.862989 0.500000
vn -0.080816 -0.962539 0.258819
vn -0.080816 -0.962539 0.258819
vn -0.083667 -0.996494 -0.000000
vn -0.041834 -0.498247 -0.866025
vn -0.021655 -0.257912 -0.965926
vn -0.041834 -0.498247 -0.866025
vn -0.021655 -0.257912 -0.965926
vn -0.021655 -0.257912 -0.965926
vn -0.021655 -0.257912 -0.965926
vn -0.021655 -0.257912 -0.965926
vn -0.021655 -0.257912 -0.965926
vn -0.041834 -0.498247 -0.866025
vn -0.041834 -0.498247 -0.866025
vn -0.059162 -0.704627 -0.707107
vn -0.021655 -0.257912 -0.965926
vn -0.021655 -0.257912 -0.965926
vn -0.021655 -0.257912 -0.965926
vn -0.041834 -0.498247 -0.866025
vn -0.041834 -0.498247 -0.866025
vn -0.059162 -0.704627 -0.707107
vn -0.059162 -0.704627 -0.707107
vn -0.072458 -0.862989 -0.500000
vn -0.072458 -0.862989 -0.500000
vn -0.080816 -0.962539 -0.258819
vn -0.080816 -0.962539 -0.258819
vn -0.083667 -0.996494 -0.000000
vn -0.083667 -0.996494 -0.000000
vn -0.080816 -0.962539 0.258819
vn -0.080816 -0.962539 0.258819
vn -0.072458 -0.862989 0.500000
vn -0.072458 -0.862989 0.500000
vn -0.059162 -0.704627 0.707107
vn -0.041834 -0.498247 -0.866025
vn -0.021655 -0.257912 -0.965926
vn -0.021655 -0.257912 -0.965926
vn -0.021655 -0.257912 -0.965926
vn -0.041834 -0.498247 -0.866025
vn -0.041834 -0.498247 -0.866025
vn -0.059162 -0.704627 -0.707107
vn -0.059162 -0.704627 -0.707107
vn -0.072458 -0.862989 -0.500000
vn -0.072458 -0.862989 -0.500000
vn -0.080816 -0.962539 -0.258819
vn -0.080816 -0.962539 -0.258819
vn -0.083667 -0.996494 -0.000000
vn -0.041834 -0.498247 -0.866025
vn -0.041834 -0.498247 -0.866025
vn -0.021655 -0.257912 -0.965926
vn -0.041834 -0.498247 -0.866025
vn -0.059162 -0.704627 -0.707107
vn -0.072458 -0.862989 -0.500000
vn -0.080816 -0.962539 -0.258819
vn -0.083667 -0.996494 0.000000
vn -0.080816 -0.962539 0.258819
vn -0.072458 -0.862989 0.500000
vn -0.059162 -0.704627 -0.707107
vn -0.059162 -0.704627 -0.707107
vn -0.059162 -0.704627 -0.707107
vn -0.059162 -0.704627 -0.707107
vn -0.072458 -0.862989 -0.500000
vn -0.072458 -0.862989 -0.500000
vn -0.080816 -0.962539 -0.258819
vn -0.072458 -0.862989 -0.500000
vn -0.072458 -0.862989 -0.500000
vn -0.072458 -0.862989 -0.500000
vn -0.072458 -0.862989 -0.500000
vn -0.080816 -0.962539 -0.258819
vn -0.083667 -0.996494 0.000000
vn -0.080816 -0.962539 0.258819
vn -0.072458 -0.862989 0.500000
vn -0.059162 -0.704627 0.707107
vn -0.080816 -0.962539 -0.258819
vn -0.083667 -0.996494 -0.000000
vn -0.080816 -0.962539 0.258819
vn -0.072458 -0.862989 0.500000
vn -0.059162 -0.704627 0.707107
vn -0.041834 -0.498247 0.866025
vn -0.021655 -0.257912 0.965926
vn -0.080816 -0.962539 -0.258819
vn -0.080816 -0.962539 -0.258819
vn -0.080816 -0.962539 -0.258819
vn -0.083667 -0.996494 -0.000000
vn -0.083667 -0.996494 -0.000000
vn -0.083667 -0.996494 -0.000000
vn -0.083667 -0.996494 0.000000
vn -0.080816 -0.962539 0.258819
vn -0.072458 -0.862989 0.500000
vn -0.059162 -0.704627 0.707107
vn -0.041834 -0.498247 0.866025
vn -0.080816 -0.962539 0.258819
vn -0.072458 -0.862989 0.500000
vn -0.059162 -0.704627 0.707107
vn -0.041834 -0.498247 0.866025
vn -0.080816 -0.962539 0.258819
vn -0.080816 -0.962539 0.258819
vn -0.072458 -0.862989 0.500000
vn -0.059162 -0.704627 0.707107
vn -0.041834 -0.498247 0.866025
vn -0.021655 -0.257912 0.965926
vn -0.072458 -0.862989 0.500000
vn -0.059162 -0.704627 0.707107
vn -0.041834 -0.498247 0.866025
vn -0.021655 -0.257912 0.965926
vn -0.059162 -0.704627 0.707107
vn -0.041834 -0.498247 0.866025
vn -0.021655 -0.257912 0.965926
vn -0.041834 -0.498247 0.866025
vn -0.021655 -0.257912 0.965926
vn -0.021655 -0.257912 0.965926
f 2133/2517/2467 2098/2518/2468 2139/2519/2469
f 2139/2519/2469 2098/2518/2468 2099/2520/2470
f 2139/2519/2469 2099/2520/2470 2146/2521/2471
f 2146/2521/2471 2099/2520/2470 2100/2522/2472
f 2146/2521/2471 2100/2522/2472 2145/2523/2473
f 2145/2523/2473 2100/2522/2472 2101/2524/2474
f 2145/2523/2473 2101/2524/2474 2144/2525/2475
f 2144/2525/2475 2101/2524/2474 2102/2526/2476
f 2144/2525/2475 2102/2526/2476 2143/2527/2477
f 2143/2527/2477 2102/2526/2476 2142/2528/2478
f 2143/2527/2477 2142/2528/2478 2158/2529/2479
f 2158/2529/2479 2142/2528/2478 2159/2530/2480
f 2158/2529/2479 2159/2530/2480 2150/2531/2481
f 2150/2531/2481 2159/2530/2480 2149/2532/2482
f 2150/2531/2481 2149/2532/2482 2176/2533/2483
f 2176/2533/2483 2149/2532/2482 2177/2534/2484
f 2176/2533/2483 2177/2534/2484 2167/2535/2485
f 2167/2535/2485 2177/2534/2484 2166/2536/2486
f 2167/2535/2485 2166/2536/2486 2185/2537/2487
f 2185/2537/2487 2166/2536/2486 2184/2538/2488
f 2185/2537/2487 2184/2538/2488 2194/2539/2489
f 2194/2539/2489 2184/2538/2488 2193/2540/2490
f 2194/2539/2489 2193/2540/2490 2203/2541/2491
f 2203/2541/2491 2193/2540/2490 2202/2542/2492
f 2203/2541/2491 2202/2542/2492 2209/2543/2493
f 2209/2543/2493 2202/2542/2492 2208/2544/2494
f 2209/2543/2493 2208/2544/2494 2218/2545/2495
f 2218/2545/2495 2208/2544/2494 2217/2546/2496
f 2218/2545/2495 2217/2546/2496 2227/2547/2497
f 2227/2547/2497 2217/2546/2496 2226/2548/2498
f 2227/2547/2497 2226/2548/2498 2236/2549/2499
f 2236/2549/2499 2226/2548/2498 2235/2550/2500
f 2236/2549/2499 2235/2550/2500 2119/2551/2501
f 2119/2551/2501 2235/2550/2500 2234/2552/2502
f 2119/2551/2501 2234/2552/2502 2118/2553/2503
f 2118/2553/2503 2234/2552/2502 2233/2554/2504
f 2118/2553/2503 2233/2554/2504 2116/2555/2505
f 2116/2555/2505 2233/2554/2504 2115/2556/2506
f 2115/2556/2506 2233/2554/2504 2224/2557/2507
f 2115/2556/2506 2224/2557/2507 2114/2558/2508
f 2114/2558/2508 2224/2557/2507 2215/2559/2509
f 2114/2558/2508 2215/2559/2509 2113/2560/2510
f 2113/2560/2510 2215/2559/2509 2134/2561/2511
f 2113/2560/2510 2134/2561/2511 2112/2562/2512
f 2112/2562/2512 2134/2561/2511 2199/2563/2513
f 2112/2562/2512 2199/2563/2513 2111/2564/2514
f 2111/2564/2514 2199/2563/2513 2190/2565/2515
f 2111/2564/2514 2190/2565/2515 2110/2566/2516
f 2110/2566/2516 2190/2565/2515 2181/2567/2517
f 2110/2566/2516 2181/2567/2517 2109/2568/2518
f 2109/2568/2518 2181/2567/2517 2163/2569/2519
f 2109/2568/2518 2163/2569/2519 2108/2570/2520
f 2108/2570/2520 2163/2569/2519 2180/2571/2521
f 2108/2570/2520 2180/2571/2521 2136/2572/2522
f 2136/2572/2522 2180/2571/2521 2179/2573/2523
f 2136/2572/2522 2179/2573/2523 2147/2574/2524
f 2147/2574/2524 2179/2573/2523 2178/2575/2525
f 2147/2574/2524 2178/2575/2525 2148/2576/2526
f 2148/2576/2526 2178/2575/2525 2177/2534/2484
f 2148/2576/2526 2177/2534/2484 2149/2532/2482
f 2102/2526/2476 2103/2577/2527 2142/2528/2478
f 2142/2528/2478 2103/2577/2527 2141/2578/2528
f 2142/2528/2478 2141/2578/2528 2159/2530/2480
f 2159/2530/2480 2141/2578/2528 2160/2579/2529
f 2159/2530/2480 2160/2579/2529 2149/2532/2482
f 2149/2532/2482 2160/2579/2529 2148/2576/2526
f 2103/2577/2527 2104/2580/2530 2141/2578/2528
f 2141/2578/2528 2104/2580/2530 2140/2581/2531
f 2141/2578/2528 2140/2581/2531 2160/2579/2529
f 2160/2579/2529 2140/2581/2531 2161/2582/2532
f 2160/2579/2529 2161/2582/2532 2148/2576/2526
f 2148/2576/2526 2161/2582/2532 2147/2574/2524
f 2104/2580/2530 2105/2583/2533 2140/2581/2531
f 2140/2581/2531 2105/2583/2533 2138/2584/2534
f 2140/2581/2531 2138/2584/2534 2161/2582/2532
f 2161/2582/2532 2138/2584/2534 2162/2585/2535
f 2161/2582/2532 2162/2585/2535 2147/2574/2524
f 2147/2574/2524 2162/2585/2535 2136/2572/2522
f 2105/2583/2533 2106/2586/2536 2138/2584/2534
f 2138/2584/2534 2106/2586/2536 2107/2587/2537
f 2138/2584/2534 2107/2587/2537 2162/2585/2535
f 2162/2585/2535 2107/2587/2537 2136/2572/2522
f 2107/2587/2537 2108/2570/2520 2136/2572/2522
f 2116/2555/2505 2117/2588/2538 2118/2553/2503
f 2119/2551/2501 2120/2589/2539 2236/2549/2499
f 2236/2549/2499 2120/2589/2539 2237/2590/2540
f 2236/2549/2499 2237/2590/2540 2227/2547/2497
f 2227/2547/2497 2237/2590/2540 2228/2591/2541
f 2227/2547/2497 2228/2591/2541 2218/2545/2495
f 2218/2545/2495 2228/2591/2541 2219/2592/2542
f 2218/2545/2495 2219/2592/2542 2209/2543/2493
f 2209/2543/2493 2219/2592/2542 2210/2593/2543
f 2209/2543/2493 2210/2593/2543 2203/2541/2491
f 2203/2541/2491 2210/2593/2543 2204/2594/2544
f 2203/2541/2491 2204/2594/2544 2194/2539/2489
f 2194/2539/2489 2204/2594/2544 2195/2595/2545
f 2194/2539/2489 2195/2595/2545 2185/2537/2487
f 2185/2537/2487 2195/2595/2545 2186/2596/2546
f 2185/2537/2487 2186/2596/2546 2167/2535/2485
f 2167/2535/2485 2186/2596/2546 2168/2597/2547
f 2167/2535/2485 2168/2597/2547 2176/2533/2483
f 2176/2533/2483 2168/2597/2547 2175/2598/2548
f 2176/2533/2483 2175/2598/2548 2150/2531/2481
f 2150/2531/2481 2175/2598/2548 2151/2599/2549
f 2150/2531/2481 2151/2599/2549 2158/2529/2479
f 2158/2529/2479 2151/2599/2549 2157/2600/2550
f 2158/2529/2479 2157/2600/2550 2143/2527/2477
f 2143/2527/2477 2157/2600/2550 2144/2525/2475
f 2237/2590/2540 2120/2589/2539 2238/2601/2551
f 2238/2601/2551 2120/2589/2539 2121/2602/2552
f 2238/2601/2551 2121/2602/2552 2239/2603/2553
f 2239/2603/2553 2121/2602/2552 2122/2604/2554
f 2239/2603/2553 2122/2604/2554 2240/2605/2555
f 2240/2605/2555 2122/2604/2554 2241/2606/2556
f 2240/2605/2555 2241/2606/2556 2231/2607/2557
f 2231/2607/2557 2241/2606/2556 2232/2608/2558
f 2231/2607/2557 2232/2608/2558 2222/2609/2559
f 2222/2609/2559 2232/2608/2558 2223/2610/2560
f 2222/2609/2559 2223/2610/2560 2213/2611/2561
f 2213/2611/2561 2223/2610/2560 2214/2612/2562
f 2213/2611/2561 2214/2612/2562 2135/2613/2563
f 2135/2613/2563 2214/2612/2562 2127/2614/2564
f 2135/2613/2563 2127/2614/2564 2128/2615/2565
f 2122/2604/2554 2123/2616/2566 2241/2606/2556
f 2241/2606/2556 2123/2616/2566 2124/2617/2567
f 2241/2606/2556 2124/2617/2567 2125/2618/2568
f 2241/2606/2556 2125/2618/2568 2232/2608/2558
f 2232/2608/2558 2125/2618/2568 2126/2619/2569
f 2232/2608/2558 2126/2619/2569 2223/2610/2560
f 2223/2610/2560 2126/2619/2569 2127/2614/2564
f 2223/2610/2560 2127/2614/2564 2214/2612/2562
f 2128/2615/2565 2129/2620/2570 2135/2613/2563
f 2135/2613/2563 2129/2620/2570 2198/2621/2571
f 2135/2613/2563 2198/2621/2571 2197/2622/2572
f 2197/2622/2572 2198/2621/2571 2188/2623/2573
f 2197/2622/2572 2188/2623/2573 2187/2624/2574
f 2187/2624/2574 2188/2623/2573 2169/2625/2575
f 2187/2624/2574 2169/2625/2575 2168/2597/2547
f 2168/2597/2547 2169/2625/2575 2175/2598/2548
f 2129/2620/2570 2130/2626/2576 2198/2621/2571
f 2198/2621/2571 2130/2626/2576 2189/2627/2577
f 2198/2621/2571 2189/2627/2577 2188/2623/2573
f 2188/2623/2573 2189/2627/2577 2170/2628/2578
f 2188/2623/2573 2170/2628/2578 2169/2625/2575
f 2169/2625/2575 2170/2628/2578 2174/2629/2579
f 2169/2625/2575 2174/2629/2579 2175/2598/2548
f 2175/2598/2548 2174/2629/2579 2151/2599/2549
f 2130/2626/2576 2131/2630/2580 2189/2627/2577
f 2189/2627/2577 2131/2630/2580 2171/2631/2581
f 2189/2627/2577 2171/2631/2581 2170/2628/2578
f 2170/2628/2578 2171/2631/2581 2173/2632/2582
f 2170/2628/2578 2173/2632/2582 2174/2629/2579
f 2174/2629/2579 2173/2632/2582 2152/2633/2583
f 2174/2629/2579 2152/2633/2583 2151/2599/2549
f 2151/2599/2549 2152/2633/2583 2157/2600/2550
f 2131/2630/2580 2132/2634/2584 2171/2631/2581
f 2171/2631/2581 2132/2634/2584 2172/2635/2585
f 2171/2631/2581 2172/2635/2585 2173/2632/2582
f 2173/2632/2582 2172/2635/2585 2153/2636/2586
f 2173/2632/2582 2153/2636/2586 2152/2633/2583
f 2152/2633/2583 2153/2636/2586 2156/2637/2587
f 2152/2633/2583 2156/2637/2587 2157/2600/2550
f 2157/2600/2550 2156/2637/2587 2144/2525/2475
f 2172/2635/2585 2132/2634/2584 2137/2638/2588
f 2137/2638/2588 2132/2634/2584 2133/2517/2467
f 2137/2638/2588 2133/2517/2467 2154/2639/2589
f 2154/2639/2589 2133/2517/2467 2139/2519/2469
f 2154/2639/2589 2139/2519/2469 2146/2521/2471
f 2144/2525/2475 2156/2637/2587 2145/2523/2473
f 2145/2523/2473 2156/2637/2587 2155/2640/2590
f 2145/2523/2473 2155/2640/2590 2146/2521/2471
f 2146/2521/2471 2155/2640/2590 2154/2639/2589
f 2155/2640/2590 2156/2637/2587 2153/2636/2586
f 2154/2639/2589 2155/2640/2590 2137/2638/2588
f 2137/2638/2588 2155/2640/2590 2153/2636/2586
f 2137/2638/2588 2153/2636/2586 2172/2635/2585
f 2179/2573/2523 2180/2571/2521 2164/2641/2591
f 2164/2641/2591 2180/2571/2521 2163/2569/2519
f 2164/2641/2591 2163/2569/2519 2182/2642/2592
f 2182/2642/2592 2163/2569/2519 2181/2567/2517
f 2182/2642/2592 2181/2567/2517 2191/2643/2593
f 2191/2643/2593 2181/2567/2517 2190/2565/2515
f 2191/2643/2593 2190/2565/2515 2200/2644/2594
f 2200/2644/2594 2190/2565/2515 2199/2563/2513
f 2200/2644/2594 2199/2563/2513 2134/2561/2511
f 2178/2575/2525 2179/2573/2523 2165/2645/2595
f 2165/2645/2595 2179/2573/2523 2164/2641/2591
f 2165/2645/2595 2164/2641/2591 2183/2646/2596
f 2183/2646/2596 2164/2641/2591 2182/2642/2592
f 2183/2646/2596 2182/2642/2592 2192/2647/2597
f 2192/2647/2597 2182/2642/2592 2191/2643/2593
f 2192/2647/2597 2191/2643/2593 2201/2648/2598
f 2201/2648/2598 2191/2643/2593 2200/2644/2594
f 2201/2648/2598 2200/2644/2594 2207/2649/2599
f 2207/2649/2599 2200/2644/2594 2134/2561/2511
f 2207/2649/2599 2134/2561/2511 2216/2650/2600
f 2216/2650/2600 2134/2561/2511 2215/2559/2509
f 2216/2650/2600 2215/2559/2509 2225/2651/2601
f 2225/2651/2601 2215/2559/2509 2224/2557/2507
f 2225/2651/2601 2224/2557/2507 2234/2552/2502
f 2234/2552/2502 2224/2557/2507 2233/2554/2504
f 2177/2534/2484 2178/2575/2525 2166/2536/2486
f 2166/2536/2486 2178/2575/2525 2165/2645/2595
f 2166/2536/2486 2165/2645/2595 2184/2538/2488
f 2184/2538/2488 2165/2645/2595 2183/2646/2596
f 2184/2538/2488 2183/2646/2596 2193/2540/2490
f 2193/2540/2490 2183/2646/2596 2192/2647/2597
f 2193/2540/2490 2192/2647/2597 2202/2542/2492
f 2202/2542/2492 2192/2647/2597 2201/2648/2598
f 2202/2542/2492 2201/2648/2598 2208/2544/2494
f 2208/2544/2494 2201/2648/2598 2207/2649/2599
f 2208/2544/2494 2207/2649/2599 2217/2546/2496
f 2217/2546/2496 2207/2649/2599 2216/2650/2600
f 2217/2546/2496 2216/2650/2600 2226/2548/2498
f 2226/2548/2498 2216/2650/2600 2225/2651/2601
f 2226/2548/2498 2225/2651/2601 2235/2550/2500
f 2235/2550/2500 2225/2651/2601 2234/2552/2502
f 2187/2624/2574 2168/2597/2547 2186/2596/2546
f 2187/2624/2574 2186/2596/2546 2196/2652/2602
f 2196/2652/2602 2186/2596/2546 2195/2595/2545
f 2196/2652/2602 2195/2595/2545 2205/2653/2603
f 2205/2653/2603 2195/2595/2545 2204/2594/2544
f 2205/2653/2603 2204/2594/2544 2211/2654/2604
f 2211/2654/2604 2204/2594/2544 2210/2593/2543
f 2211/2654/2604 2210/2593/2543 2220/2655/2605
f 2220/2655/2605 2210/2593/2543 2219/2592/2542
f 2220/2655/2605 2219/2592/2542 2229/2656/2606
f 2229/2656/2606 2219/2592/2542 2228/2591/2541
f 2229/2656/2606 2228/2591/2541 2238/2601/2551
f 2238/2601/2551 2228/2591/2541 2237/2590/2540
f 2187/2624/2574 2196/2652/2602 2197/2622/2572
f 2197/2622/2572 2196/2652/2602 2206/2657/2607
f 2197/2622/2572 2206/2657/2607 2135/2613/2563
f 2135/2613/2563 2206/2657/2607 2213/2611/2561
f 2206/2657/2607 2196/2652/2602 2205/2653/2603
f 2206/2657/2607 2205/2653/2603 2212/2658/2608
f 2212/2658/2608 2205/2653/2603 2211/2654/2604
f 2212/2658/2608 2211/2654/2604 2221/2659/2609
f 2221/2659/2609 2211/2654/2604 2220/2655/2605
f 2221/2659/2609 2220/2655/2605 2230/2660/2610
f 2230/2660/2610 2220/2655/2605 2229/2656/2606
f 2230/2660/2610 2229/2656/2606 2239/2603/2553
f 2239/2603/2553 2229/2656/2606 2238/2601/2551
f 2222/2609/2559 2213/2611/2561 2212/2658/2608
f 2212/2658/2608 2213/2611/2561 2206/2657/2607
f 2222/2609/2559 2212/2658/2608 2221/2659/2609
f 2231/2607/2557 2222/2609/2559 2221/2659/2609
f 2231/2607/2557 2221/2659/2609 2230/2660/2610
f 2240/2605/2555 2231/2607/2557 2230/2660/2610
f 2240/2605/2555 2230/2660/2610 2239/2603/2553
f 2242/2661/2611 2266/2662/2612 2106/2663/2536
f 2106/2663/2536 2266/2662/2612 2391/2664/2613
f 2106/2663/2536 2391/2664/2613 2107/2665/2614
f 2107/2665/2614 2391/2664/2613 2289/2666/2615
f 2107/2665/2614 2289/2666/2615 2288/2667/2616
f 2288/2667/2616 2289/2666/2615 2290/2668/2617
f 2288/2667/2616 2290/2668/2617 2287/2669/2618
f 2287/2669/2618 2290/2668/2617 2291/2670/2619
f 2287/2669/2618 2291/2670/2619 2286/2671/2620
f 2286/2671/2620 2291/2670/2619 2292/2672/2621
f 2286/2671/2620 2292/2672/2621 2285/2673/2622
f 2285/2673/2622 2292/2672/2621 2293/2674/2623
f 2285/2673/2622 2293/2674/2623 2284/2675/2624
f 2284/2675/2624 2293/2674/2623 2294/2676/2625
f 2284/2675/2624 2294/2676/2625 2283/2677/2626
f 2283/2677/2626 2294/2676/2625 2295/2678/2627
f 2283/2677/2626 2295/2678/2627 2282/2679/2628
f 2282/2679/2628 2295/2678/2627 2296/2680/2629
f 2282/2679/2628 2296/2680/2629 2281/2681/2630
f 2281/2681/2630 2296/2680/2629 2297/2682/2631
f 2281/2681/2630 2297/2682/2631 2280/2683/2632
f 2280/2683/2632 2297/2682/2631 2250/2684/2633
f 2280/2683/2632 2250/2684/2633 2251/2685/2634
f 2266/2662/2612 2242/2661/2611 2279/2686/2635
f 2279/2686/2635 2242/2661/2611 2243/2687/2636
f 2279/2686/2635 2243/2687/2636 2278/2688/2637
f 2278/2688/2637 2243/2687/2636 2244/2689/2638
f 2278/2688/2637 2244/2689/2638 2277/2690/2639
f 2277/2690/2639 2244/2689/2638 2245/2691/2640
f 2277/2690/2639 2245/2691/2640 2276/2692/2641
f 2276/2692/2641 2245/2691/2640 2275/2693/2642
f 2276/2692/2641 2275/2693/2642 2387/2694/2643
f 2387/2694/2643 2275/2693/2642 2386/2695/2644
f 2387/2694/2643 2386/2695/2644 2293/2674/2623
f 2293/2674/2623 2386/2695/2644 2294/2676/2625
f 2245/2691/2640 2246/2696/2645 2275/2693/2642
f 2275/2693/2642 2246/2696/2645 2274/2697/2646
f 2275/2693/2642 2274/2697/2646 2386/2695/2644
f 2386/2695/2644 2274/2697/2646 2385/2698/2647
f 2386/2695/2644 2385/2698/2647 2294/2676/2625
f 2294/2676/2625 2385/2698/2647 2295/2678/2627
f 2246/2696/2645 2247/2699/2648 2274/2697/2646
f 2274/2697/2646 2247/2699/2648 2273/2700/2649
f 2274/2697/2646 2273/2700/2649 2385/2698/2647
f 2385/2698/2647 2273/2700/2649 2384/2701/2650
f 2385/2698/2647 2384/2701/2650 2295/2678/2627
f 2295/2678/2627 2384/2701/2650 2296/2680/2629
f 2247/2699/2648 2248/2702/2651 2273/2700/2649
f 2273/2700/2649 2248/2702/2651 2272/2703/2652
f 2273/2700/2649 2272/2703/2652 2384/2701/2650
f 2384/2701/2650 2272/2703/2652 2267/2704/2653
f 2384/2701/2650 2267/2704/2653 2296/2680/2629
f 2296/2680/2629 2267/2704/2653 2297/2682/2631
f 2248/2702/2651 2249/2705/2654 2272/2703/2652
f 2272/2703/2652 2249/2705/2654 2267/2704/2653
f 2249/2705/2654 2250/2684/2633 2267/2704/2653
f 2267/2704/2653 2250/2684/2633 2297/2682/2631
f 2280/2683/2632 2251/2685/2634 2298/2706/2655
f 2298/2706/2655 2251/2685/2634 2252/2707/2656
f 2298/2706/2655 2252/2707/2656 2269/2708/2657
f 2269/2708/2657 2252/2707/2656 2253/2709/2658
f 2269/2708/2657 2253/2709/2658 2331/2710/2659
f 2331/2710/2659 2253/2709/2658 2315/2711/2660
f 2331/2710/2659 2315/2711/2660 2316/2712/2661
f 2316/2712/2661 2315/2711/2660 2333/2713/2662
f 2316/2712/2661 2333/2713/2662 2334/2714/2663
f 2334/2714/2663 2333/2713/2662 2343/2715/2664
f 2334/2714/2663 2343/2715/2664 2344/2716/2665
f 2344/2716/2665 2343/2715/2664 2353/2717/2666
f 2344/2716/2665 2353/2717/2666 2354/2718/2667
f 2354/2718/2667 2353/2717/2666 2362/2719/2668
f 2354/2718/2667 2362/2719/2668 2363/2720/2669
f 2363/2720/2669 2362/2719/2668 2379/2721/2670
f 2363/2720/2669 2379/2721/2670 2378/2722/2671
f 2378/2722/2671 2379/2721/2670 2373/2723/2672
f 2378/2722/2671 2373/2723/2672 2374/2724/2673
f 2374/2724/2673 2373/2723/2672 2264/2725/2674
f 2374/2724/2673 2264/2725/2674 2265/2726/2675
f 2253/2709/2658 2254/2727/2676 2315/2711/2660
f 2315/2711/2660 2254/2727/2676 2332/2728/2677
f 2315/2711/2660 2332/2728/2677 2333/2713/2662
f 2333/2713/2662 2332/2728/2677 2342/2729/2678
f 2333/2713/2662 2342/2729/2678 2343/2715/2664
f 2343/2715/2664 2342/2729/2678 2352/2730/2679
f 2343/2715/2664 2352/2730/2679 2353/2717/2666
f 2353/2717/2666 2352/2730/2679 2361/2731/2680
f 2353/2717/2666 2361/2731/2680 2362/2719/2668
f 2362/2719/2668 2361/2731/2680 2380/2732/2681
f 2362/2719/2668 2380/2732/2681 2379/2721/2670
f 2379/2721/2670 2380/2732/2681 2372/2733/2682
f 2379/2721/2670 2372/2733/2682 2373/2723/2672
f 2373/2723/2672 2372/2733/2682 2264/2725/2674
f 2254/2727/2676 2255/2734/2683 2332/2728/2677
f 2332/2728/2677 2255/2734/2683 2341/2735/2684
f 2332/2728/2677 2341/2735/2684 2342/2729/2678
f 2342/2729/2678 2341/2735/2684 2351/2736/2685
f 2342/2729/2678 2351/2736/2685 2352/2730/2679
f 2352/2730/2679 2351/2736/2685 2360/2737/2686
f 2352/2730/2679 2360/2737/2686 2361/2731/2680
f 2361/2731/2680 2360/2737/2686 2381/2738/2687
f 2361/2731/2680 2381/2738/2687 2380/2732/2681
f 2380/2732/2681 2381/2738/2687 2371/2739/2688
f 2380/2732/2681 2371/2739/2688 2372/2733/2682
f 2372/2733/2682 2371/2739/2688 2263/2740/2689
f 2372/2733/2682 2263/2740/2689 2264/2725/2674
f 2255/2734/2683 2256/2741/2690 2341/2735/2684
f 2341/2735/2684 2256/2741/2690 2350/2742/2691
f 2341/2735/2684 2350/2742/2691 2351/2736/2685
f 2351/2736/2685 2350/2742/2691 2359/2743/2692
f 2351/2736/2685 2359/2743/2692 2360/2737/2686
f 2360/2737/2686 2359/2743/2692 2382/2744/2693
f 2360/2737/2686 2382/2744/2693 2381/2738/2687
f 2381/2738/2687 2382/2744/2693 2370/2745/2694
f 2381/2738/2687 2370/2745/2694 2371/2739/2688
f 2371/2739/2688 2370/2745/2694 2263/2740/2689
f 2256/2741/2690 2257/2746/2695 2350/2742/2691
f 2350/2742/2691 2257/2746/2695 2358/2747/2696
f 2350/2742/2691 2358/2747/2696 2359/2743/2692
f 2359/2743/2692 2358/2747/2696 2383/2748/2697
f 2359/2743/2692 2383/2748/2697 2382/2744/2693
f 2382/2744/2693 2383/2748/2697 2369/2749/2698
f 2382/2744/2693 2369/2749/2698 2370/2745/2694
f 2370/2745/2694 2369/2749/2698 2262/2750/2699
f 2370/2745/2694 2262/2750/2699 2263/2740/2689
f 2358/2747/2696 2257/2746/2695 2271/2751/2700
f 2271/2751/2700 2257/2746/2695 2258/2752/2701
f 2271/2751/2700 2258/2752/2701 2367/2753/2702
f 2367/2753/2702 2258/2752/2701 2259/2754/2703
f 2367/2753/2702 2259/2754/2703 2260/2755/2704
f 2260/2755/2704 2261/2756/2705 2367/2753/2702
f 2367/2753/2702 2261/2756/2705 2368/2757/2706
f 2367/2753/2702 2368/2757/2706 2271/2751/2700
f 2271/2751/2700 2368/2757/2706 2383/2748/2697
f 2271/2751/2700 2383/2748/2697 2358/2747/2696
f 2368/2757/2706 2261/2756/2705 2369/2749/2698
f 2369/2749/2698 2261/2756/2705 2262/2750/2699
f 2374/2724/2673 2265/2726/2675 2375/2758/2707
f 2375/2758/2707 2265/2726/2675 2117/2759/2538
f 2375/2758/2707 2117/2759/2538 2116/2760/2708
f 2116/2760/2708 2115/2761/2709 2375/2758/2707
f 2375/2758/2707 2115/2761/2709 2376/2762/2710
f 2375/2758/2707 2376/2762/2710 2377/2763/2711
f 2377/2763/2711 2376/2762/2710 2365/2764/2712
f 2377/2763/2711 2365/2764/2712 2364/2765/2713
f 2364/2765/2713 2365/2764/2712 2356/2766/2714
f 2364/2765/2713 2356/2766/2714 2355/2767/2715
f 2355/2767/2715 2356/2766/2714 2346/2768/2716
f 2355/2767/2715 2346/2768/2716 2345/2769/2717
f 2345/2769/2717 2346/2768/2716 2336/2770/2718
f 2345/2769/2717 2336/2770/2718 2335/2771/2719
f 2335/2771/2719 2336/2770/2718 2318/2772/2720
f 2335/2771/2719 2318/2772/2720 2317/2773/2721
f 2317/2773/2721 2318/2772/2720 2329/2774/2722
f 2317/2773/2721 2329/2774/2722 2330/2775/2723
f 2330/2775/2723 2329/2774/2722 2307/2776/2724
f 2330/2775/2723 2307/2776/2724 2269/2708/2657
f 2269/2708/2657 2307/2776/2724 2298/2706/2655
f 2115/2761/2709 2114/2777/2725 2376/2762/2710
f 2376/2762/2710 2114/2777/2725 2366/2778/2726
f 2376/2762/2710 2366/2778/2726 2365/2764/2712
f 2365/2764/2712 2366/2778/2726 2357/2779/2727
f 2365/2764/2712 2357/2779/2727 2356/2766/2714
f 2356/2766/2714 2357/2779/2727 2347/2780/2728
f 2356/2766/2714 2347/2780/2728 2346/2768/2716
f 2346/2768/2716 2347/2780/2728 2337/2781/2729
f 2346/2768/2716 2337/2781/2729 2336/2770/2718
f 2336/2770/2718 2337/2781/2729 2319/2782/2730
f 2336/2770/2718 2319/2782/2730 2318/2772/2720
f 2318/2772/2720 2319/2782/2730 2328/2783/2731
f 2318/2772/2720 2328/2783/2731 2329/2774/2722
f 2329/2774/2722 2328/2783/2731 2308/2784/2732
f 2329/2774/2722 2308/2784/2732 2307/2776/2724
f 2307/2776/2724 2308/2784/2732 2299/2785/2733
f 2307/2776/2724 2299/2785/2733 2298/2706/2655
f 2298/2706/2655 2299/2785/2733 2280/2683/2632
f 2366/2778/2726 2114/2777/2725 2270/2786/2734
f 2270/2786/2734 2114/2777/2725 2113/2787/2735
f 2270/2786/2734 2113/2787/2735 2349/2788/2736
f 2349/2788/2736 2113/2787/2735 2112/2789/2737
f 2349/2788/2736 2112/2789/2737 2340/2790/2738
f 2340/2790/2738 2112/2789/2737 2111/2791/2739
f 2340/2790/2738 2111/2791/2739 2323/2792/2740
f 2323/2792/2740 2111/2791/2739 2110/2793/2741
f 2323/2792/2740 2110/2793/2741 2268/2794/2742
f 2268/2794/2742 2110/2793/2741 2109/2795/2743
f 2268/2794/2742 2109/2795/2743 2314/2796/2744
f 2314/2796/2744 2109/2795/2743 2306/2797/2745
f 2314/2796/2744 2306/2797/2745 2305/2798/2746
f 2305/2798/2746 2306/2797/2745 2287/2669/2618
f 2305/2798/2746 2287/2669/2618 2286/2671/2620
f 2109/2795/2743 2108/2799/2747 2306/2797/2745
f 2306/2797/2745 2108/2799/2747 2288/2667/2616
f 2306/2797/2745 2288/2667/2616 2287/2669/2618
f 2108/2799/2747 2107/2665/2614 2288/2667/2616
f 2330/2775/2723 2269/2708/2657 2331/2710/2659
f 2277/2690/2639 2276/2692/2641 2388/2800/2748
f 2388/2800/2748 2276/2692/2641 2387/2694/2643
f 2388/2800/2748 2387/2694/2643 2292/2672/2621
f 2292/2672/2621 2387/2694/2643 2293/2674/2623
f 2278/2688/2637 2277/2690/2639 2389/2801/2749
f 2389/2801/2749 2277/2690/2639 2388/2800/2748
f 2389/2801/2749 2388/2800/2748 2291/2670/2619
f 2291/2670/2619 2388/2800/2748 2292/2672/2621
f 2391/2664/2613 2266/2662/2612 2279/2686/2635
f 2279/2686/2635 2278/2688/2637 2390/2802/2750
f 2390/2802/2750 2278/2688/2637 2389/2801/2749
f 2390/2802/2750 2389/2801/2749 2290/2668/2617
f 2290/2668/2617 2389/2801/2749 2291/2670/2619
f 2280/2683/2632 2299/2785/2733 2281/2681/2630
f 2281/2681/2630 2299/2785/2733 2300/2803/2751
f 2281/2681/2630 2300/2803/2751 2282/2679/2628
f 2282/2679/2628 2300/2803/2751 2301/2804/2752
f 2282/2679/2628 2301/2804/2752 2283/2677/2626
f 2283/2677/2626 2301/2804/2752 2302/2805/2753
f 2283/2677/2626 2302/2805/2753 2284/2675/2624
f 2284/2675/2624 2302/2805/2753 2303/2806/2754
f 2284/2675/2624 2303/2806/2754 2285/2673/2622
f 2285/2673/2622 2303/2806/2754 2304/2807/2755
f 2285/2673/2622 2304/2807/2755 2286/2671/2620
f 2286/2671/2620 2304/2807/2755 2305/2798/2746
f 2390/2802/2750 2290/2668/2617 2289/2666/2615
f 2299/2785/2733 2308/2784/2732 2300/2803/2751
f 2300/2803/2751 2308/2784/2732 2309/2808/2756
f 2300/2803/2751 2309/2808/2756 2301/2804/2752
f 2301/2804/2752 2309/2808/2756 2310/2809/2757
f 2301/2804/2752 2310/2809/2757 2302/2805/2753
f 2302/2805/2753 2310/2809/2757 2311/2810/2758
f 2302/2805/2753 2311/2810/2758 2303/2806/2754
f 2303/2806/2754 2311/2810/2758 2312/2811/2759
f 2303/2806/2754 2312/2811/2759 2304/2807/2755
f 2304/2807/2755 2312/2811/2759 2313/2812/2760
f 2304/2807/2755 2313/2812/2760 2305/2798/2746
f 2305/2798/2746 2313/2812/2760 2314/2796/2744
f 2308/2784/2732 2328/2783/2731 2309/2808/2756
f 2309/2808/2756 2328/2783/2731 2327/2813/2761
f 2309/2808/2756 2327/2813/2761 2310/2809/2757
f 2310/2809/2757 2327/2813/2761 2326/2814/2762
f 2310/2809/2757 2326/2814/2762 2311/2810/2758
f 2311/2810/2758 2326/2814/2762 2325/2815/2763
f 2311/2810/2758 2325/2815/2763 2312/2811/2759
f 2312/2811/2759 2325/2815/2763 2324/2816/2764
f 2312/2811/2759 2324/2816/2764 2313/2812/2760
f 2313/2812/2760 2324/2816/2764 2268/2794/2742
f 2313/2812/2760 2268/2794/2742 2314/2796/2744
f 2330/2775/2723 2331/2710/2659 2316/2712/2661
f 2330/2775/2723 2316/2712/2661 2317/2773/2721
f 2317/2773/2721 2316/2712/2661 2334/2714/2663
f 2317/2773/2721 2334/2714/2663 2335/2771/2719
f 2335/2771/2719 2334/2714/2663 2344/2716/2665
f 2335/2771/2719 2344/2716/2665 2345/2769/2717
f 2345/2769/2717 2344/2716/2665 2354/2718/2667
f 2345/2769/2717 2354/2718/2667 2355/2767/2715
f 2355/2767/2715 2354/2718/2667 2363/2720/2669
f 2355/2767/2715 2363/2720/2669 2364/2765/2713
f 2364/2765/2713 2363/2720/2669 2378/2722/2671
f 2364/2765/2713 2378/2722/2671 2377/2763/2711
f 2377/2763/2711 2378/2722/2671 2374/2724/2673
f 2377/2763/2711 2374/2724/2673 2375/2758/2707
f 2327/2813/2761 2328/2783/2731 2319/2782/2730
f 2326/2814/2762 2327/2813/2761 2320/2817/2765
f 2320/2817/2765 2327/2813/2761 2319/2782/2730
f 2320/2817/2765 2319/2782/2730 2337/2781/2729
f 2325/2815/2763 2326/2814/2762 2321/2818/2766
f 2321/2818/2766 2326/2814/2762 2320/2817/2765
f 2321/2818/2766 2320/2817/2765 2338/2819/2767
f 2338/2819/2767 2320/2817/2765 2337/2781/2729
f 2338/2819/2767 2337/2781/2729 2347/2780/2728
f 2324/2816/2764 2325/2815/2763 2322/2820/2768
f 2322/2820/2768 2325/2815/2763 2321/2818/2766
f 2322/2820/2768 2321/2818/2766 2339/2821/2769
f 2339/2821/2769 2321/2818/2766 2338/2819/2767
f 2339/2821/2769 2338/2819/2767 2348/2822/2770
f 2348/2822/2770 2338/2819/2767 2347/2780/2728
f 2348/2822/2770 2347/2780/2728 2357/2779/2727
f 2268/2794/2742 2324/2816/2764 2323/2792/2740
f 2323/2792/2740 2324/2816/2764 2322/2820/2768
f 2323/2792/2740 2322/2820/2768 2340/2790/2738
f 2340/2790/2738 2322/2820/2768 2339/2821/2769
f 2340/2790/2738 2339/2821/2769 2349/2788/2736
f 2349/2788/2736 2339/2821/2769 2348/2822/2770
f 2349/2788/2736 2348/2822/2770 2270/2786/2734
f 2270/2786/2734 2348/2822/2770 2357/2779/2727
f 2270/2786/2734 2357/2779/2727 2366/2778/2726
f 2368/2757/2706 2369/2749/2698 2383/2748/2697
f 2289/2666/2615 2391/2664/2613 2390/2802/2750
f 2390/2802/2750 2391/2664/2613 2279/2686/2635
f 2393/2823/2771 2405/2824/2772 2392/2825/2773
f 2392/2825/2773 2405/2824/2772 2406/2826/2774
f 2392/2825/2773 2406/2826/2774 2407/2827/2775
f 2407/2827/2775 2406/2826/2774 2426/2828/2776
f 2407/2827/2775 2426/2828/2776 2427/2829/2777
f 2427/2829/2777 2426/2828/2776 2446/2830/2778
f 2427/2829/2777 2446/2830/2778 2447/2831/2779
f 2447/2831/2779 2446/2830/2778 2466/2832/2780
f 2447/2831/2779 2466/2832/2780 2467/2833/2781
f 2467/2833/2781 2466/2832/2780 2486/2834/2782
f 2467/2833/2781 2486/2834/2782 2487/2835/2783
f 2487/2835/2783 2486/2834/2782 2506/2836/2784
f 2487/2835/2783 2506/2836/2784 2507/2837/2785
f 2507/2837/2785 2506/2836/2784 2526/2838/2786
f 2507/2837/2785 2526/2838/2786 2527/2839/2787
f 2527/2839/2787 2526/2838/2786 2546/2840/2788
f 2527/2839/2787 2546/2840/2788 2547/2841/2789
f 2547/2841/2789 2546/2840/2788 2566/2842/2790
f 2547/2841/2789 2566/2842/2790 2567/2843/2791
f 2567/2843/2791 2566/2842/2790 2586/2844/2792
f 2567/2843/2791 2586/2844/2792 2587/2845/2793
f 2587/2845/2793 2586/2844/2792 2606/2846/2794
f 2587/2845/2793 2606/2846/2794 2607/2847/2795
f 2607/2847/2795 2606/2846/2794 2123/2848/2566
f 2607/2847/2795 2123/2848/2566 2608/2849/2796
f 2608/2849/2796 2123/2848/2566 2609/2850/2797
f 2608/2849/2796 2609/2850/2797 2589/2851/2798
f 2589/2851/2798 2609/2850/2797 2590/2852/2799
f 2589/2851/2798 2590/2852/2799 2570/2853/2800
f 2570/2853/2800 2590/2852/2799 2571/2854/2801
f 2570/2853/2800 2571/2854/2801 2551/2855/2802
f 2551/2855/2802 2571/2854/2801 2552/2856/2803
f 2551/2855/2802 2552/2856/2803 2532/2857/2804
f 2532/2857/2804 2552/2856/2803 2533/2858/2805
f 2532/2857/2804 2533/2858/2805 2513/2859/2806
f 2513/2859/2806 2533/2858/2805 2514/2860/2807
f 2513/2859/2806 2514/2860/2807 2494/2861/2808
f 2494/2861/2808 2514/2860/2807 2495/2862/2809
f 2494/2861/2808 2495/2862/2809 2475/2863/2810
f 2475/2863/2810 2495/2862/2809 2476/2864/2811
f 2475/2863/2810 2476/2864/2811 2456/2865/2812
f 2456/2865/2812 2476/2864/2811 2457/2866/2813
f 2456/2865/2812 2457/2866/2813 2437/2867/2814
f 2437/2867/2814 2457/2866/2813 2438/2868/2815
f 2437/2867/2814 2438/2868/2815 2418/2869/2816
f 2418/2869/2816 2438/2868/2815 2419/2870/2817
f 2418/2869/2816 2419/2870/2817 2260/2871/2704
f 2260/2871/2704 2419/2870/2817 2420/2872/2818
f 2260/2871/2704 2420/2872/2818 2421/2873/2819
f 2421/2873/2819 2420/2872/2818 2440/2874/2820
f 2421/2873/2819 2440/2874/2820 2441/2875/2821
f 2441/2875/2821 2440/2874/2820 2460/2876/2822
f 2441/2875/2821 2460/2876/2822 2461/2877/2823
f 2461/2877/2823 2460/2876/2822 2480/2878/2824
f 2461/2877/2823 2480/2878/2824 2264/2879/2825
f 2264/2879/2825 2480/2878/2824 2265/2880/2826
f 2265/2880/2826 2480/2878/2824 2499/2881/2827
f 2265/2880/2826 2499/2881/2827 2117/2882/2538
f 2117/2882/2538 2499/2881/2827 2518/2883/2828
f 2117/2882/2538 2518/2883/2828 2118/2884/2829
f 2118/2884/2829 2518/2883/2828 2537/2885/2830
f 2118/2884/2829 2537/2885/2830 2119/2886/2831
f 2119/2886/2831 2537/2885/2830 2556/2887/2832
f 2119/2886/2831 2556/2887/2832 2120/2888/2539
f 2120/2888/2539 2556/2887/2832 2575/2889/2833
f 2120/2888/2539 2575/2889/2833 2121/2890/2834
f 2121/2890/2834 2575/2889/2833 2594/2891/2835
f 2121/2890/2834 2594/2891/2835 2122/2892/2836
f 2122/2892/2836 2594/2891/2835 2613/2893/2837
f 2122/2892/2836 2613/2893/2837 2123/2848/2566
f 2123/2848/2566 2613/2893/2837 2612/2894/2838
f 2123/2848/2566 2612/2894/2838 2611/2895/2839
f 2611/2895/2839 2612/2894/2838 2592/2896/2840
f 2611/2895/2839 2592/2896/2840 2591/2897/2841
f 2591/2897/2841 2592/2896/2840 2572/2898/2842
f 2591/2897/2841 2572/2898/2842 2571/2854/2801
f 2571/2854/2801 2572/2898/2842 2552/2856/2803
f 2405/2824/2772 2393/2823/2771 2424/2899/2843
f 2424/2899/2843 2393/2823/2771 2394/2900/2844
f 2424/2899/2843 2394/2900/2844 2443/2901/2845
f 2443/2901/2845 2394/2900/2844 2395/2902/2846
f 2443/2901/2845 2395/2902/2846 2462/2903/2847
f 2462/2903/2847 2395/2902/2846 2396/2904/2848
f 2462/2903/2847 2396/2904/2848 2481/2905/2849
f 2481/2905/2849 2396/2904/2848 2397/2906/2850
f 2481/2905/2849 2397/2906/2850 2500/2907/2851
f 2500/2907/2851 2397/2906/2850 2398/2908/2852
f 2500/2907/2851 2398/2908/2852 2399/2909/2853
f 2500/2907/2851 2399/2909/2853 2519/2910/2854
f 2519/2910/2854 2399/2909/2853 2400/2911/2855
f 2519/2910/2854 2400/2911/2855 2538/2912/2856
f 2538/2912/2856 2400/2911/2855 2401/2913/2857
f 2538/2912/2856 2401/2913/2857 2557/2914/2858
f 2557/2914/2858 2401/2913/2857 2402/2915/2859
f 2557/2914/2858 2402/2915/2859 2576/2916/2860
f 2576/2916/2860 2402/2915/2859 2403/2917/2861
f 2576/2916/2860 2403/2917/2861 2595/2918/2862
f 2595/2918/2862 2403/2917/2861 2404/2919/2863
f 2595/2918/2862 2404/2919/2863 2596/2920/2864
f 2596/2920/2864 2404/2919/2863 2597/2921/2865
f 2596/2920/2864 2597/2921/2865 2577/2922/2866
f 2577/2922/2866 2597/2921/2865 2578/2923/2867
f 2577/2922/2866 2578/2923/2867 2558/2924/2868
f 2558/2924/2868 2578/2923/2867 2559/2925/2869
f 2558/2924/2868 2559/2925/2869 2539/2926/2870
f 2539/2926/2870 2559/2925/2869 2540/2927/2871
f 2539/2926/2870 2540/2927/2871 2520/2928/2872
f 2520/2928/2872 2540/2927/2871 2521/2929/2873
f 2520/2928/2872 2521/2929/2873 2501/2930/2874
f 2501/2930/2874 2521/2929/2873 2502/2931/2875
f 2501/2930/2874 2502/2931/2875 2482/2932/2876
f 2482/2932/2876 2502/2931/2875 2483/2933/2877
f 2482/2932/2876 2483/2933/2877 2463/2934/2878
f 2463/2934/2878 2483/2933/2877 2464/2935/2879
f 2463/2934/2878 2464/2935/2879 2444/2936/2880
f 2444/2936/2880 2464/2935/2879 2445/2937/2881
f 2444/2936/2880 2445/2937/2881 2425/2938/2882
f 2425/2938/2882 2445/2937/2881 2426/2828/2776
f 2425/2938/2882 2426/2828/2776 2406/2826/2774
f 2123/2848/2566 2604/2939/2883 2404/2919/2863
f 2404/2919/2863 2604/2939/2883 2603/2940/2884
f 2404/2919/2863 2603/2940/2884 2602/2941/2885
f 2602/2941/2885 2603/2940/2884 2583/2942/2886
f 2602/2941/2885 2583/2942/2886 2582/2943/2887
f 2582/2943/2887 2583/2942/2886 2563/2944/2888
f 2582/2943/2887 2563/2944/2888 2562/2945/2889
f 2562/2945/2889 2563/2944/2888 2543/2946/2890
f 2562/2945/2889 2543/2946/2890 2542/2947/2891
f 2542/2947/2891 2543/2946/2890 2523/2948/2892
f 2542/2947/2891 2523/2948/2892 2522/2949/2893
f 2522/2949/2893 2523/2948/2892 2503/2950/2894
f 2522/2949/2893 2503/2950/2894 2502/2931/2875
f 2502/2931/2875 2503/2950/2894 2483/2933/2877
f 2264/2879/2825 2263/2951/2689 2461/2877/2823
f 2461/2877/2823 2263/2951/2689 2442/2952/2895
f 2461/2877/2823 2442/2952/2895 2441/2875/2821
f 2441/2875/2821 2442/2952/2895 2422/2953/2896
f 2441/2875/2821 2422/2953/2896 2421/2873/2819
f 2421/2873/2819 2422/2953/2896 2260/2871/2704
f 2263/2951/2689 2262/2954/2897 2442/2952/2895
f 2442/2952/2895 2262/2954/2897 2423/2955/2898
f 2442/2952/2895 2423/2955/2898 2422/2953/2896
f 2422/2953/2896 2423/2955/2898 2260/2871/2704
f 2262/2954/2897 2261/2956/2899 2423/2955/2898
f 2423/2955/2898 2261/2956/2899 2260/2871/2704
f 2392/2825/2773 2414/2957/2900 2260/2871/2704
f 2260/2871/2704 2414/2957/2900 2415/2958/2901
f 2260/2871/2704 2415/2958/2901 2416/2959/2902
f 2416/2959/2902 2415/2958/2901 2435/2960/2903
f 2416/2959/2902 2435/2960/2903 2436/2961/2904
f 2436/2961/2904 2435/2960/2903 2455/2962/2905
f 2436/2961/2904 2455/2962/2905 2456/2865/2812
f 2456/2865/2812 2455/2962/2905 2475/2863/2810
f 2425/2938/2882 2406/2826/2774 2405/2824/2772
f 2425/2938/2882 2405/2824/2772 2424/2899/2843
f 2407/2827/2775 2408/2963/2906 2392/2825/2773
f 2392/2825/2773 2408/2963/2906 2409/2964/2907
f 2392/2825/2773 2409/2964/2907 2410/2965/2908
f 2410/2965/2908 2409/2964/2907 2429/2966/2909
f 2410/2965/2908 2429/2966/2909 2430/2967/2910
f 2430/2967/2910 2429/2966/2909 2449/2968/2911
f 2430/2967/2910 2449/2968/2911 2450/2969/2912
f 2450/2969/2912 2449/2968/2911 2469/2970/2913
f 2450/2969/2912 2469/2970/2913 2470/2971/2914
f 2470/2971/2914 2469/2970/2913 2489/2972/2915
f 2470/2971/2914 2489/2972/2915 2490/2973/2916
f 2490/2973/2916 2489/2972/2915 2509/2974/2917
f 2490/2973/2916 2509/2974/2917 2510/2975/2918
f 2510/2975/2918 2509/2974/2917 2529/2976/2919
f 2510/2975/2918 2529/2976/2919 2530/2977/2920
f 2530/2977/2920 2529/2976/2919 2549/2978/2921
f 2530/2977/2920 2549/2978/2921 2550/2979/2922
f 2550/2979/2922 2549/2978/2921 2569/2980/2923
f 2550/2979/2922 2569/2980/2923 2570/2853/2800
f 2570/2853/2800 2569/2980/2923 2589/2851/2798
f 2407/2827/2775 2427/2829/2777 2408/2963/2906
f 2408/2963/2906 2427/2829/2777 2428/2981/2924
f 2408/2963/2906 2428/2981/2924 2409/2964/2907
f 2409/2964/2907 2428/2981/2924 2429/2966/2909
f 2410/2965/2908 2411/2982/2925 2392/2825/2773
f 2392/2825/2773 2411/2982/2925 2412/2983/2926
f 2392/2825/2773 2412/2983/2926 2413/2984/2927
f 2413/2984/2927 2412/2983/2926 2432/2985/2928
f 2413/2984/2927 2432/2985/2928 2433/2986/2929
f 2433/2986/2929 2432/2985/2928 2452/2987/2930
f 2433/2986/2929 2452/2987/2930 2453/2988/2931
f 2453/2988/2931 2452/2987/2930 2472/2989/2932
f 2453/2988/2931 2472/2989/2932 2473/2990/2933
f 2473/2990/2933 2472/2989/2932 2492/2991/2934
f 2473/2990/2933 2492/2991/2934 2493/2992/2935
f 2493/2992/2935 2492/2991/2934 2512/2993/2936
f 2493/2992/2935 2512/2993/2936 2513/2859/2806
f 2513/2859/2806 2512/2993/2936 2532/2857/2804
f 2410/2965/2908 2430/2967/2910 2411/2982/2925
f 2411/2982/2925 2430/2967/2910 2431/2994/2937
f 2411/2982/2925 2431/2994/2937 2412/2983/2926
f 2412/2983/2926 2431/2994/2937 2432/2985/2928
f 2414/2957/2900 2392/2825/2773 2413/2984/2927
f 2413/2984/2927 2433/2986/2929 2414/2957/2900
f 2414/2957/2900 2433/2986/2929 2434/2995/2938
f 2414/2957/2900 2434/2995/2938 2415/2958/2901
f 2415/2958/2901 2434/2995/2938 2435/2960/2903
f 2418/2869/2816 2260/2871/2704 2417/2996/2939
f 2417/2996/2939 2260/2871/2704 2416/2959/2902
f 2417/2996/2939 2416/2959/2902 2436/2961/2904
f 2437/2867/2814 2418/2869/2816 2417/2996/2939
f 2437/2867/2814 2417/2996/2939 2436/2961/2904
f 2420/2872/2818 2419/2870/2817 2439/2997/2940
f 2439/2997/2940 2419/2870/2817 2438/2868/2815
f 2439/2997/2940 2438/2868/2815 2458/2998/2941
f 2458/2998/2941 2438/2868/2815 2457/2866/2813
f 2458/2998/2941 2457/2866/2813 2477/2999/2942
f 2477/2999/2942 2457/2866/2813 2476/2864/2811
f 2477/2999/2942 2476/2864/2811 2496/3000/2943
f 2496/3000/2943 2476/2864/2811 2495/2862/2809
f 2496/3000/2943 2495/2862/2809 2515/3001/2944
f 2515/3001/2944 2495/2862/2809 2514/2860/2807
f 2515/3001/2944 2514/2860/2807 2534/3002/2945
f 2534/3002/2945 2514/2860/2807 2533/2858/2805
f 2534/3002/2945 2533/2858/2805 2553/3003/2946
f 2553/3003/2946 2533/2858/2805 2552/2856/2803
f 2553/3003/2946 2552/2856/2803 2572/2898/2842
f 2444/2936/2880 2425/2938/2882 2424/2899/2843
f 2444/2936/2880 2424/2899/2843 2443/2901/2845
f 2446/2830/2778 2426/2828/2776 2445/2937/2881
f 2427/2829/2777 2447/2831/2779 2428/2981/2924
f 2428/2981/2924 2447/2831/2779 2448/3004/2947
f 2428/2981/2924 2448/3004/2947 2429/2966/2909
f 2429/2966/2909 2448/3004/2947 2449/2968/2911
f 2430/2967/2910 2450/2969/2912 2431/2994/2937
f 2431/2994/2937 2450/2969/2912 2451/3005/2948
f 2431/2994/2937 2451/3005/2948 2432/2985/2928
f 2432/2985/2928 2451/3005/2948 2452/2987/2930
f 2433/2986/2929 2453/2988/2931 2434/2995/2938
f 2434/2995/2938 2453/2988/2931 2454/3006/2949
f 2434/2995/2938 2454/3006/2949 2435/2960/2903
f 2435/2960/2903 2454/3006/2949 2455/2962/2905
f 2456/2865/2812 2437/2867/2814 2436/2961/2904
f 2420/2872/2818 2439/2997/2940 2440/2874/2820
f 2440/2874/2820 2439/2997/2940 2459/3007/2950
f 2440/2874/2820 2459/3007/2950 2460/2876/2822
f 2460/2876/2822 2459/3007/2950 2479/3008/2951
f 2460/2876/2822 2479/3008/2951 2480/2878/2824
f 2480/2878/2824 2479/3008/2951 2499/2881/2827
f 2459/3007/2950 2439/2997/2940 2458/2998/2941
f 2463/2934/2878 2444/2936/2880 2443/2901/2845
f 2463/2934/2878 2443/2901/2845 2462/2903/2847
f 2446/2830/2778 2445/2937/2881 2465/3009/2952
f 2465/3009/2952 2445/2937/2881 2464/2935/2879
f 2465/3009/2952 2464/2935/2879 2484/3010/2953
f 2484/3010/2953 2464/2935/2879 2483/2933/2877
f 2484/3010/2953 2483/2933/2877 2503/2950/2894
f 2447/2831/2779 2467/2833/2781 2448/3004/2947
f 2448/3004/2947 2467/2833/2781 2468/3011/2954
f 2448/3004/2947 2468/3011/2954 2449/2968/2911
f 2449/2968/2911 2468/3011/2954 2469/2970/2913
f 2450/2969/2912 2470/2971/2914 2451/3005/2948
f 2451/3005/2948 2470/2971/2914 2471/3012/2955
f 2451/3005/2948 2471/3012/2955 2452/2987/2930
f 2452/2987/2930 2471/3012/2955 2472/2989/2932
f 2453/2988/2931 2473/2990/2933 2454/3006/2949
f 2454/3006/2949 2473/2990/2933 2474/3013/2956
f 2454/3006/2949 2474/3013/2956 2455/2962/2905
f 2455/2962/2905 2474/3013/2956 2475/2863/2810
f 2459/3007/2950 2458/2998/2941 2478/3014/2957
f 2478/3014/2957 2458/2998/2941 2477/2999/2942
f 2478/3014/2957 2477/2999/2942 2497/3015/2958
f 2497/3015/2958 2477/2999/2942 2496/3000/2943
f 2497/3015/2958 2496/3000/2943 2516/3016/2959
f 2516/3016/2959 2496/3000/2943 2515/3001/2944
f 2516/3016/2959 2515/3001/2944 2535/3017/2960
f 2535/3017/2960 2515/3001/2944 2534/3002/2945
f 2535/3017/2960 2534/3002/2945 2554/3018/2961
f 2554/3018/2961 2534/3002/2945 2553/3003/2946
f 2554/3018/2961 2553/3003/2946 2573/3019/2962
f 2573/3019/2962 2553/3003/2946 2572/2898/2842
f 2573/3019/2962 2572/2898/2842 2592/2896/2840
f 2482/2932/2876 2463/2934/2878 2462/2903/2847
f 2482/2932/2876 2462/2903/2847 2481/2905/2849
f 2446/2830/2778 2465/3009/2952 2466/2832/2780
f 2466/2832/2780 2465/3009/2952 2485/3020/2963
f 2466/2832/2780 2485/3020/2963 2486/2834/2782
f 2486/2834/2782 2485/3020/2963 2505/3021/2964
f 2486/2834/2782 2505/3021/2964 2506/2836/2784
f 2506/2836/2784 2505/3021/2964 2525/3022/2965
f 2506/2836/2784 2525/3022/2965 2526/2838/2786
f 2526/2838/2786 2525/3022/2965 2545/3023/2966
f 2526/2838/2786 2545/3023/2966 2546/2840/2788
f 2546/2840/2788 2545/3023/2966 2565/3024/2967
f 2546/2840/2788 2565/3024/2967 2566/2842/2790
f 2566/2842/2790 2565/3024/2967 2585/3025/2968
f 2566/2842/2790 2585/3025/2968 2586/2844/2792
f 2586/2844/2792 2585/3025/2968 2605/3026/2969
f 2586/2844/2792 2605/3026/2969 2606/2846/2794
f 2606/2846/2794 2605/3026/2969 2123/2848/2566
f 2485/3020/2963 2465/3009/2952 2484/3010/2953
f 2467/2833/2781 2487/2835/2783 2468/3011/2954
f 2468/3011/2954 2487/2835/2783 2488/3027/2970
f 2468/3011/2954 2488/3027/2970 2469/2970/2913
f 2469/2970/2913 2488/3027/2970 2489/2972/2915
f 2470/2971/2914 2490/2973/2916 2471/3012/2955
f 2471/3012/2955 2490/2973/2916 2491/3028/2971
f 2471/3012/2955 2491/3028/2971 2472/2989/2932
f 2472/2989/2932 2491/3028/2971 2492/2991/2934
f 2494/2861/2808 2475/2863/2810 2474/3013/2956
f 2494/2861/2808 2474/3013/2956 2493/2992/2935
f 2493/2992/2935 2474/3013/2956 2473/2990/2933
f 2459/3007/2950 2478/3014/2957 2479/3008/2951
f 2479/3008/2951 2478/3014/2957 2498/3029/2972
f 2479/3008/2951 2498/3029/2972 2499/2881/2827
f 2499/2881/2827 2498/3029/2972 2518/2883/2828
f 2498/3029/2972 2478/3014/2957 2497/3015/2958
f 2501/2930/2874 2482/2932/2876 2481/2905/2849
f 2501/2930/2874 2481/2905/2849 2500/2907/2851
f 2485/3020/2963 2484/3010/2953 2504/3030/2973
f 2504/3030/2973 2484/3010/2953 2503/2950/2894
f 2504/3030/2973 2503/2950/2894 2523/2948/2892
f 2487/2835/2783 2507/2837/2785 2488/3027/2970
f 2488/3027/2970 2507/2837/2785 2508/3031/2974
f 2488/3027/2970 2508/3031/2974 2489/2972/2915
f 2489/2972/2915 2508/3031/2974 2509/2974/2917
f 2490/2973/2916 2510/2975/2918 2491/3028/2971
f 2491/3028/2971 2510/2975/2918 2511/3032/2975
f 2491/3028/2971 2511/3032/2975 2492/2991/2934
f 2492/2991/2934 2511/3032/2975 2512/2993/2936
f 2513/2859/2806 2494/2861/2808 2493/2992/2935
f 2498/3029/2972 2497/3015/2958 2517/3033/2976
f 2517/3033/2976 2497/3015/2958 2516/3016/2959
f 2517/3033/2976 2516/3016/2959 2536/3034/2977
f 2536/3034/2977 2516/3016/2959 2535/3017/2960
f 2536/3034/2977 2535/3017/2960 2555/3035/2978
f 2555/3035/2978 2535/3017/2960 2554/3018/2961
f 2555/3035/2978 2554/3018/2961 2574/3036/2979
f 2574/3036/2979 2554/3018/2961 2573/3019/2962
f 2574/3036/2979 2573/3019/2962 2593/3037/2980
f 2593/3037/2980 2573/3019/2962 2592/2896/2840
f 2593/3037/2980 2592/2896/2840 2612/2894/2838
f 2520/2928/2872 2501/2930/2874 2500/2907/2851
f 2522/2949/2893 2502/2931/2875 2521/2929/2873
f 2485/3020/2963 2504/3030/2973 2505/3021/2964
f 2505/3021/2964 2504/3030/2973 2524/3038/2981
f 2505/3021/2964 2524/3038/2981 2525/3022/2965
f 2525/3022/2965 2524/3038/2981 2544/3039/2982
f 2525/3022/2965 2544/3039/2982 2545/3023/2966
f 2545/3023/2966 2544/3039/2982 2564/3040/2983
f 2545/3023/2966 2564/3040/2983 2565/3024/2967
f 2565/3024/2967 2564/3040/2983 2584/3041/2984
f 2565/3024/2967 2584/3041/2984 2585/3025/2968
f 2585/3025/2968 2584/3041/2984 2604/2939/2883
f 2585/3025/2968 2604/2939/2883 2605/3026/2969
f 2605/3026/2969 2604/2939/2883 2123/2848/2566
f 2524/3038/2981 2504/3030/2973 2523/2948/2892
f 2507/2837/2785 2527/2839/2787 2508/3031/2974
f 2508/3031/2974 2527/2839/2787 2528/3042/2985
f 2508/3031/2974 2528/3042/2985 2509/2974/2917
f 2509/2974/2917 2528/3042/2985 2529/2976/2919
f 2510/2975/2918 2530/2977/2920 2511/3032/2975
f 2511/3032/2975 2530/2977/2920 2531/3043/2986
f 2511/3032/2975 2531/3043/2986 2512/2993/2936
f 2512/2993/2936 2531/3043/2986 2532/2857/2804
f 2537/2885/2830 2518/2883/2828 2517/3033/2976
f 2517/3033/2976 2518/2883/2828 2498/3029/2972
f 2537/2885/2830 2517/3033/2976 2536/3034/2977
f 2539/2926/2870 2520/2928/2872 2519/2910/2854
f 2519/2910/2854 2520/2928/2872 2500/2907/2851
f 2522/2949/2893 2521/2929/2873 2541/3044/2987
f 2541/3044/2987 2521/2929/2873 2540/2927/2871
f 2541/3044/2987 2540/2927/2871 2560/3045/2988
f 2560/3045/2988 2540/2927/2871 2559/2925/2869
f 2560/3045/2988 2559/2925/2869 2579/3046/2989
f 2579/3046/2989 2559/2925/2869 2578/2923/2867
f 2579/3046/2989 2578/2923/2867 2598/3047/2990
f 2598/3047/2990 2578/2923/2867 2597/2921/2865
f 2598/3047/2990 2597/2921/2865 2404/2919/2863
f 2544/3039/2982 2524/3038/2981 2543/2946/2890
f 2543/2946/2890 2524/3038/2981 2523/2948/2892
f 2527/2839/2787 2547/2841/2789 2528/3042/2985
f 2528/3042/2985 2547/2841/2789 2548/3048/2991
f 2528/3042/2985 2548/3048/2991 2529/2976/2919
f 2529/2976/2919 2548/3048/2991 2549/2978/2921
f 2551/2855/2802 2532/2857/2804 2531/3043/2986
f 2551/2855/2802 2531/3043/2986 2550/2979/2922
f 2550/2979/2922 2531/3043/2986 2530/2977/2920
f 2556/2887/2832 2537/2885/2830 2536/3034/2977
f 2556/2887/2832 2536/3034/2977 2555/3035/2978
f 2558/2924/2868 2539/2926/2870 2538/2912/2856
f 2538/2912/2856 2539/2926/2870 2519/2910/2854
f 2522/2949/2893 2541/3044/2987 2542/2947/2891
f 2542/2947/2891 2541/3044/2987 2561/3049/2992
f 2542/2947/2891 2561/3049/2992 2562/2945/2889
f 2562/2945/2889 2561/3049/2992 2581/3050/2993
f 2562/2945/2889 2581/3050/2993 2582/2943/2887
f 2582/2943/2887 2581/3050/2993 2601/3051/2994
f 2582/2943/2887 2601/3051/2994 2602/2941/2885
f 2602/2941/2885 2601/3051/2994 2404/2919/2863
f 2561/3049/2992 2541/3044/2987 2560/3045/2988
f 2564/3040/2983 2544/3039/2982 2563/2944/2888
f 2563/2944/2888 2544/3039/2982 2543/2946/2890
f 2547/2841/2789 2567/2843/2791 2548/3048/2991
f 2548/3048/2991 2567/2843/2791 2568/3052/2995
f 2548/3048/2991 2568/3052/2995 2549/2978/2921
f 2549/2978/2921 2568/3052/2995 2569/2980/2923
f 2570/2853/2800 2551/2855/2802 2550/2979/2922
f 2575/2889/2833 2556/2887/2832 2555/3035/2978
f 2575/2889/2833 2555/3035/2978 2574/3036/2979
f 2577/2922/2866 2558/2924/2868 2557/2914/2858
f 2557/2914/2858 2558/2924/2868 2538/2912/2856
f 2561/3049/2992 2560/3045/2988 2580/3053/2996
f 2580/3053/2996 2560/3045/2988 2579/3046/2989
f 2580/3053/2996 2579/3046/2989 2599/3054/2997
f 2599/3054/2997 2579/3046/2989 2598/3047/2990
f 2599/3054/2997 2598/3047/2990 2404/2919/2863
f 2584/3041/2984 2564/3040/2983 2583/2942/2886
f 2583/2942/2886 2564/3040/2983 2563/2944/2888
f 2567/2843/2791 2587/2845/2793 2568/3052/2995
f 2568/3052/2995 2587/2845/2793 2588/3055/2998
f 2568/3052/2995 2588/3055/2998 2569/2980/2923
f 2569/2980/2923 2588/3055/2998 2589/2851/2798
f 2591/2897/2841 2571/2854/2801 2590/2852/2799
f 2594/2891/2835 2575/2889/2833 2574/3036/2979
f 2594/2891/2835 2574/3036/2979 2593/3037/2980
f 2596/2920/2864 2577/2922/2866 2576/2916/2860
f 2576/2916/2860 2577/2922/2866 2557/2914/2858
f 2595/2918/2862 2596/2920/2864 2576/2916/2860
f 2561/3049/2992 2580/3053/2996 2581/3050/2993
f 2581/3050/2993 2580/3053/2996 2600/3056/2999
f 2581/3050/2993 2600/3056/2999 2601/3051/2994
f 2601/3051/2994 2600/3056/2999 2404/2919/2863
f 2600/3056/2999 2580/3053/2996 2599/3054/2997
f 2604/2939/2883 2584/3041/2984 2603/2940/2884
f 2603/2940/2884 2584/3041/2984 2583/2942/2886
f 2608/2849/2796 2589/2851/2798 2588/3055/2998
f 2608/2849/2796 2588/3055/2998 2607/2847/2795
f 2607/2847/2795 2588/3055/2998 2587/2845/2793
f 2591/2897/2841 2590/2852/2799 2610/3057/3000
f 2610/3057/3000 2590/2852/2799 2609/2850/2797
f 2610/3057/3000 2609/2850/2797 2123/2848/2566
f 2613/2893/2837 2594/2891/2835 2593/3037/2980
f 2613/2893/2837 2593/3037/2980 2612/2894/2838
f 2404/2919/2863 2600/3056/2999 2599/3054/2997
f 2123/2848/2566 2611/2895/2839 2610/3057/3000
f 2610/3057/3000 2611/2895/2839 2591/2897/2841
f 2649/3058/3001 2614/3059/3002 2654/3060/3003
f 2654/3060/3003 2614/3059/3002 2615/3061/3004
f 2654/3060/3003 2615/3061/3004 2661/3062/3005
f 2661/3062/3005 2615/3061/3004 2616/3063/3006
f 2661/3062/3005 2616/3063/3006 2660/3064/3007
f 2660/3064/3007 2616/3063/3006 2617/3065/3008
f 2660/3064/3007 2617/3065/3008 2659/3066/3009
f 2659/3066/3009 2617/3065/3008 2618/3067/3010
f 2659/3066/3009 2618/3067/3010 2658/3068/3011
f 2658/3068/3011 2618/3067/3010 2657/3069/3012
f 2658/3068/3011 2657/3069/3012 2673/3070/3013
f 2673/3070/3013 2657/3069/3012 2674/3071/3014
f 2673/3070/3013 2674/3071/3014 2665/3072/3015
f 2665/3072/3015 2674/3071/3014 2664/3073/3016
f 2665/3072/3015 2664/3073/3016 2691/3074/3017
f 2691/3074/3017 2664/3073/3016 2692/3075/3018
f 2691/3074/3017 2692/3075/3018 2682/3076/3019
f 2682/3076/3019 2692/3075/3018 2681/3077/3020
f 2682/3076/3019 2681/3077/3020 2700/3078/3021
f 2700/3078/3021 2681/3077/3020 2699/3079/3022
f 2700/3078/3021 2699/3079/3022 2709/3080/3023
f 2709/3080/3023 2699/3079/3022 2708/3081/3024
f 2709/3080/3023 2708/3081/3024 2717/3082/3025
f 2717/3082/3025 2708/3081/3024 2716/3083/3026
f 2717/3082/3025 2716/3083/3026 2735/3084/3027
f 2735/3084/3027 2716/3083/3026 2736/3085/3028
f 2735/3084/3027 2736/3085/3028 2726/3086/3029
f 2726/3086/3029 2736/3085/3028 2725/3087/3030
f 2726/3086/3029 2725/3087/3030 2744/3088/3031
f 2744/3088/3031 2725/3087/3030 2743/3089/3032
f 2744/3088/3031 2743/3089/3032 2753/3090/3033
f 2753/3090/3033 2743/3089/3032 2752/3091/3034
f 2753/3090/3033 2752/3091/3034 2636/3092/3035
f 2636/3092/3035 2752/3091/3034 2635/3093/3036
f 2635/3093/3036 2752/3091/3034 2751/3094/3037
f 2635/3093/3036 2751/3094/3037 2634/3095/3038
f 2634/3095/3038 2751/3094/3037 2750/3096/3039
f 2634/3095/3038 2750/3096/3039 2749/3097/3040
f 2749/3097/3040 2750/3096/3039 2740/3098/3041
f 2749/3097/3040 2740/3098/3041 2631/3099/3042
f 2631/3099/3042 2740/3098/3041 2630/3100/3043
f 2630/3100/3043 2740/3098/3041 2722/3101/3044
f 2630/3100/3043 2722/3101/3044 2629/3102/3045
f 2629/3102/3045 2722/3101/3044 2739/3103/3046
f 2629/3102/3045 2739/3103/3046 2650/3104/3047
f 2650/3104/3047 2739/3103/3046 2738/3105/3048
f 2650/3104/3047 2738/3105/3048 2714/3106/3049
f 2714/3106/3049 2738/3105/3048 2737/3107/3050
f 2714/3106/3049 2737/3107/3050 2715/3108/3051
f 2715/3108/3051 2737/3107/3050 2736/3085/3028
f 2715/3108/3051 2736/3085/3028 2716/3083/3026
f 2618/3067/3010 2619/3109/3052 2657/3069/3012
f 2657/3069/3012 2619/3109/3052 2656/3110/3053
f 2657/3069/3012 2656/3110/3053 2674/3071/3014
f 2674/3071/3014 2656/3110/3053 2675/3111/3054
f 2674/3071/3014 2675/3111/3054 2664/3073/3016
f 2664/3073/3016 2675/3111/3054 2663/3112/3055
f 2664/3073/3016 2663/3112/3055 2692/3075/3018
f 2692/3075/3018 2663/3112/3055 2693/3113/3056
f 2692/3075/3018 2693/3113/3056 2681/3077/3020
f 2681/3077/3020 2693/3113/3056 2680/3114/3057
f 2681/3077/3020 2680/3114/3057 2699/3079/3022
f 2699/3079/3022 2680/3114/3057 2698/3115/3058
f 2699/3079/3022 2698/3115/3058 2708/3081/3024
f 2708/3081/3024 2698/3115/3058 2707/3116/3059
f 2708/3081/3024 2707/3116/3059 2716/3083/3026
f 2716/3083/3026 2707/3116/3059 2715/3108/3051
f 2619/3109/3052 2620/3117/3060 2656/3110/3053
f 2656/3110/3053 2620/3117/3060 2655/3118/3061
f 2656/3110/3053 2655/3118/3061 2675/3111/3054
f 2675/3111/3054 2655/3118/3061 2676/3119/3062
f 2675/3111/3054 2676/3119/3062 2663/3112/3055
f 2663/3112/3055 2676/3119/3062 2662/3120/3063
f 2663/3112/3055 2662/3120/3063 2693/3113/3056
f 2693/3113/3056 2662/3120/3063 2694/3121/3064
f 2693/3113/3056 2694/3121/3064 2680/3114/3057
f 2680/3114/3057 2694/3121/3064 2679/3122/3065
f 2680/3114/3057 2679/3122/3065 2698/3115/3058
f 2698/3115/3058 2679/3122/3065 2697/3123/3066
f 2698/3115/3058 2697/3123/3066 2707/3116/3059
f 2707/3116/3059 2697/3123/3066 2706/3124/3067
f 2707/3116/3059 2706/3124/3067 2715/3108/3051
f 2715/3108/3051 2706/3124/3067 2714/3106/3049
f 2620/3117/3060 2621/3125/3068 2655/3118/3061
f 2655/3118/3061 2621/3125/3068 2653/3126/3069
f 2655/3118/3061 2653/3126/3069 2676/3119/3062
f 2676/3119/3062 2653/3126/3069 2677/3127/3070
f 2676/3119/3062 2677/3127/3070 2662/3120/3063
f 2662/3120/3063 2677/3127/3070 2651/3128/3071
f 2662/3120/3063 2651/3128/3071 2694/3121/3064
f 2694/3121/3064 2651/3128/3071 2695/3129/3072
f 2694/3121/3064 2695/3129/3072 2679/3122/3065
f 2679/3122/3065 2695/3129/3072 2678/3130/3073
f 2679/3122/3065 2678/3130/3073 2697/3123/3066
f 2697/3123/3066 2678/3130/3073 2696/3131/3074
f 2697/3123/3066 2696/3131/3074 2706/3124/3067
f 2706/3124/3067 2696/3131/3074 2705/3132/3075
f 2706/3124/3067 2705/3132/3075 2714/3106/3049
f 2714/3106/3049 2705/3132/3075 2650/3104/3047
f 2621/3125/3068 2622/3133/3076 2653/3126/3069
f 2653/3126/3069 2622/3133/3076 2623/3134/3077
f 2653/3126/3069 2623/3134/3077 2677/3127/3070
f 2677/3127/3070 2623/3134/3077 2651/3128/3071
f 2623/3134/3077 2624/3135/3078 2651/3128/3071
f 2651/3128/3071 2624/3135/3078 2695/3129/3072
f 2695/3129/3072 2624/3135/3078 2678/3130/3073
f 2678/3130/3073 2624/3135/3078 2625/3136/3079
f 2678/3130/3073 2625/3136/3079 2696/3131/3074
f 2696/3131/3074 2625/3136/3079 2626/3137/3080
f 2696/3131/3074 2626/3137/3080 2705/3132/3075
f 2705/3132/3075 2626/3137/3080 2627/3138/3081
f 2705/3132/3075 2627/3138/3081 2650/3104/3047
f 2650/3104/3047 2627/3138/3081 2628/3139/3082
f 2650/3104/3047 2628/3139/3082 2629/3102/3045
f 2631/3099/3042 2632/3140/3083 2749/3097/3040
f 2749/3097/3040 2632/3140/3083 2633/3141/3084
f 2749/3097/3040 2633/3141/3084 2634/3095/3038
f 2753/3090/3033 2636/3092/3035 2754/3142/3085
f 2754/3142/3085 2636/3092/3035 2637/3143/3086
f 2754/3142/3085 2637/3143/3086 2755/3144/3087
f 2755/3144/3087 2637/3143/3086 2756/3145/3088
f 2755/3144/3087 2756/3145/3088 2746/3146/3089
f 2746/3146/3089 2756/3145/3088 2747/3147/3090
f 2746/3146/3089 2747/3147/3090 2728/3148/3091
f 2728/3148/3091 2747/3147/3090 2729/3149/3092
f 2728/3148/3091 2729/3149/3092 2733/3150/3093
f 2733/3150/3093 2729/3149/3092 2732/3151/3094
f 2733/3150/3093 2732/3151/3094 2719/3152/3095
f 2719/3152/3095 2732/3151/3094 2720/3153/3096
f 2719/3152/3095 2720/3153/3096 2711/3154/3097
f 2711/3154/3097 2720/3153/3096 2712/3155/3098
f 2711/3154/3097 2712/3155/3098 2702/3156/3099
f 2702/3156/3099 2712/3155/3098 2703/3157/3100
f 2702/3156/3099 2703/3157/3100 2684/3158/3101
f 2684/3158/3101 2703/3157/3100 2685/3159/3102
f 2684/3158/3101 2685/3159/3102 2689/3160/3103
f 2689/3160/3103 2685/3159/3102 2688/3161/3104
f 2689/3160/3103 2688/3161/3104 2667/3162/3105
f 2667/3162/3105 2688/3161/3104 2668/3163/3106
f 2667/3162/3105 2668/3163/3106 2671/3164/3107
f 2671/3164/3107 2668/3163/3106 2670/3165/3108
f 2671/3164/3107 2670/3165/3108 2660/3064/3007
f 2660/3064/3007 2670/3165/3108 2661/3062/3005
f 2637/3143/3086 2638/3166/3109 2756/3145/3088
f 2756/3145/3088 2638/3166/3109 2757/3167/3110
f 2756/3145/3088 2757/3167/3110 2747/3147/3090
f 2747/3147/3090 2757/3167/3110 2748/3168/3111
f 2747/3147/3090 2748/3168/3111 2729/3149/3092
f 2729/3149/3092 2748/3168/3111 2730/3169/3112
f 2729/3149/3092 2730/3169/3112 2732/3151/3094
f 2732/3151/3094 2730/3169/3112 2731/3170/3113
f 2732/3151/3094 2731/3170/3113 2720/3153/3096
f 2720/3153/3096 2731/3170/3113 2721/3171/3114
f 2720/3153/3096 2721/3171/3114 2712/3155/3098
f 2712/3155/3098 2721/3171/3114 2713/3172/3115
f 2712/3155/3098 2713/3172/3115 2703/3157/3100
f 2703/3157/3100 2713/3172/3115 2704/3173/3116
f 2703/3157/3100 2704/3173/3116 2685/3159/3102
f 2685/3159/3102 2704/3173/3116 2686/3174/3117
f 2685/3159/3102 2686/3174/3117 2688/3161/3104
f 2688/3161/3104 2686/3174/3117 2687/3175/3118
f 2688/3161/3104 2687/3175/3118 2668/3163/3106
f 2668/3163/3106 2687/3175/3118 2652/3176/3119
f 2668/3163/3106 2652/3176/3119 2670/3165/3108
f 2670/3165/3108 2652/3176/3119 2669/3177/3120
f 2670/3165/3108 2669/3177/3120 2661/3062/3005
f 2661/3062/3005 2669/3177/3120 2654/3060/3003
f 2638/3166/3109 2639/3178/3121 2757/3167/3110
f 2757/3167/3110 2639/3178/3121 2640/3179/3122
f 2757/3167/3110 2640/3179/3122 2641/3180/3123
f 2757/3167/3110 2641/3180/3123 2748/3168/3111
f 2748/3168/3111 2641/3180/3123 2642/3181/3124
f 2748/3168/3111 2642/3181/3124 2730/3169/3112
f 2730/3169/3112 2642/3181/3124 2643/3182/3125
f 2730/3169/3112 2643/3182/3125 2731/3170/3113
f 2731/3170/3113 2643/3182/3125 2644/3183/3126
f 2731/3170/3113 2644/3183/3126 2721/3171/3114
f 2721/3171/3114 2644/3183/3126 2645/3184/3127
f 2721/3171/3114 2645/3184/3127 2713/3172/3115
f 2713/3172/3115 2645/3184/3127 2646/3185/3128
f 2713/3172/3115 2646/3185/3128 2704/3173/3116
f 2704/3173/3116 2646/3185/3128 2647/3186/3129
f 2704/3173/3116 2647/3186/3129 2686/3174/3117
f 2686/3174/3117 2647/3186/3129 2648/3187/3130
f 2686/3174/3117 2648/3187/3130 2687/3175/3118
f 2687/3175/3118 2648/3187/3130 2652/3176/3119
f 2648/3187/3130 2649/3058/3001 2652/3176/3119
f 2652/3176/3119 2649/3058/3001 2669/3177/3120
f 2669/3177/3120 2649/3058/3001 2654/3060/3003
f 2671/3164/3107 2660/3064/3007 2659/3066/3009
f 2659/3066/3009 2658/3068/3011 2672/3188/3131
f 2672/3188/3131 2658/3068/3011 2673/3070/3013
f 2672/3188/3131 2673/3070/3013 2666/3189/3132
f 2666/3189/3132 2673/3070/3013 2665/3072/3015
f 2666/3189/3132 2665/3072/3015 2690/3190/3133
f 2690/3190/3133 2665/3072/3015 2691/3074/3017
f 2690/3190/3133 2691/3074/3017 2683/3191/3134
f 2683/3191/3134 2691/3074/3017 2682/3076/3019
f 2683/3191/3134 2682/3076/3019 2701/3192/3135
f 2701/3192/3135 2682/3076/3019 2700/3078/3021
f 2701/3192/3135 2700/3078/3021 2710/3193/3136
f 2710/3193/3136 2700/3078/3021 2709/3080/3023
f 2710/3193/3136 2709/3080/3023 2718/3194/3137
f 2718/3194/3137 2709/3080/3023 2717/3082/3025
f 2718/3194/3137 2717/3082/3025 2734/3195/3138
f 2734/3195/3138 2717/3082/3025 2735/3084/3027
f 2734/3195/3138 2735/3084/3027 2727/3196/3139
f 2727/3196/3139 2735/3084/3027 2726/3086/3029
f 2727/3196/3139 2726/3086/3029 2745/3197/3140
f 2745/3197/3140 2726/3086/3029 2744/3088/3031
f 2745/3197/3140 2744/3088/3031 2754/3142/3085
f 2754/3142/3085 2744/3088/3031 2753/3090/3033
f 2666/3189/3132 2667/3162/3105 2672/3188/3131
f 2672/3188/3131 2667/3162/3105 2671/3164/3107
f 2672/3188/3131 2671/3164/3107 2659/3066/3009
f 2667/3162/3105 2666/3189/3132 2689/3160/3103
f 2689/3160/3103 2666/3189/3132 2690/3190/3133
f 2689/3160/3103 2690/3190/3133 2684/3158/3101
f 2684/3158/3101 2690/3190/3133 2683/3191/3134
f 2684/3158/3101 2683/3191/3134 2702/3156/3099
f 2702/3156/3099 2683/3191/3134 2701/3192/3135
f 2702/3156/3099 2701/3192/3135 2711/3154/3097
f 2711/3154/3097 2701/3192/3135 2710/3193/3136
f 2711/3154/3097 2710/3193/3136 2719/3152/3095
f 2719/3152/3095 2710/3193/3136 2718/3194/3137
f 2719/3152/3095 2718/3194/3137 2733/3150/3093
f 2733/3150/3093 2718/3194/3137 2734/3195/3138
f 2733/3150/3093 2734/3195/3138 2728/3148/3091
f 2728/3148/3091 2734/3195/3138 2727/3196/3139
f 2728/3148/3091 2727/3196/3139 2746/3146/3089
f 2746/3146/3089 2727/3196/3139 2745/3197/3140
f 2746/3146/3089 2745/3197/3140 2755/3144/3087
f 2755/3144/3087 2745/3197/3140 2754/3142/3085
f 2738/3105/3048 2739/3103/3046 2723/3198/3141
f 2723/3198/3141 2739/3103/3046 2722/3101/3044
f 2723/3198/3141 2722/3101/3044 2741/3199/3142
f 2741/3199/3142 2722/3101/3044 2740/3098/3041
f 2741/3199/3142 2740/3098/3041 2750/3096/3039
f 2737/3107/3050 2738/3105/3048 2724/3200/3143
f 2724/3200/3143 2738/3105/3048 2723/3198/3141
f 2724/3200/3143 2723/3198/3141 2742/3201/3144
f 2742/3201/3144 2723/3198/3141 2741/3199/3142
f 2742/3201/3144 2741/3199/3142 2751/3094/3037
f 2751/3094/3037 2741/3199/3142 2750/3096/3039
f 2736/3085/3028 2737/3107/3050 2725/3087/3030
f 2725/3087/3030 2737/3107/3050 2724/3200/3143
f 2725/3087/3030 2724/3200/3143 2743/3089/3032
f 2743/3089/3032 2724/3200/3143 2742/3201/3144
f 2743/3089/3032 2742/3201/3144 2752/3091/3034
f 2752/3091/3034 2742/3201/3144 2751/3094/3037
f 2621/3202/3145 2620/3203/3146 2622/3204/3147
f 2622/3204/3147 2620/3203/3146 2100/3205/3148
f 2622/3204/3147 2100/3205/3148 2098/3206/3149
f 2098/3206/3149 2100/3205/3148 2099/3207/3150
f 2100/3205/3148 2620/3203/3146 2101/3208/3151
f 2101/3208/3151 2620/3203/3146 2619/3209/3152
f 2101/3208/3151 2619/3209/3152 2102/3210/3153
f 2102/3210/3153 2619/3209/3152 2618/3211/3154
f 2102/3210/3153 2618/3211/3154 2103/3212/3155
f 2103/3212/3155 2618/3211/3154 2617/3213/3156
f 2103/3212/3155 2617/3213/3156 2104/3214/3157
f 2104/3214/3157 2617/3213/3156 2616/3215/3158
f 2104/3214/3157 2616/3215/3158 2105/3216/3159
f 2105/3216/3159 2616/3215/3158 2615/3217/3160
f 2105/3216/3159 2615/3217/3160 2106/3218/3161
f 2106/3218/3161 2615/3217/3160 2614/3219/3162
f 2106/3218/3161 2614/3219/3162 2242/3220/3163
f 2242/3220/3163 2614/3219/3162 2758/3221/3164
f 2242/3220/3163 2758/3221/3164 2243/3222/3165
f 2243/3222/3165 2758/3221/3164 2759/3223/3166
f 2243/3222/3165 2759/3223/3166 2244/3224/3167
f 2244/3224/3167 2759/3223/3166 2760/3225/3168
f 2244/3224/3167 2760/3225/3168 2245/3226/3169
f 2245/3226/3169 2760/3225/3168 2761/3227/3170
f 2245/3226/3169 2761/3227/3170 2246/3228/3171
f 2246/3228/3171 2761/3227/3170 2762/3229/3172
f 2246/3228/3171 2762/3229/3172 2247/3230/3173
f 2247/3230/3173 2762/3229/3172 2763/3231/3174
f 2247/3230/3173 2763/3231/3174 2249/3232/3175
f 2249/3232/3175 2763/3231/3174 2765/3233/3176
f 2765/3233/3176 2763/3231/3174 2764/3234/3177
f 2249/3232/3175 2248/3235/3178 2247/3230/3173
f 2764/3236/3179 2796/3237/3180 2765/3238/3181
f 2765/3238/3181 2796/3237/3180 2782/3239/3182
f 2765/3238/3181 2782/3239/3182 2781/3240/3183
f 2781/3240/3183 2782/3239/3182 2806/3241/3184
f 2781/3240/3183 2806/3241/3184 2805/3242/3185
f 2805/3242/3185 2806/3241/3184 2807/3243/3186
f 2805/3242/3185 2807/3243/3186 2804/3244/3187
f 2804/3244/3187 2807/3243/3186 2808/3245/3188
f 2804/3244/3187 2808/3245/3188 2803/3246/3189
f 2803/3246/3189 2808/3245/3188 2809/3247/3190
f 2803/3246/3189 2809/3247/3190 2802/3248/3191
f 2802/3248/3191 2809/3247/3190 2810/3249/3192
f 2802/3248/3191 2810/3249/3192 2801/3250/3193
f 2801/3250/3193 2810/3249/3192 2811/3251/3194
f 2801/3250/3193 2811/3251/3194 2800/3252/3195
f 2800/3252/3195 2811/3251/3194 2812/3253/3196
f 2800/3252/3195 2812/3253/3196 2799/3254/3197
f 2799/3254/3197 2812/3253/3196 2813/3255/3198
f 2799/3254/3197 2813/3255/3198 2798/3256/3199
f 2798/3256/3199 2813/3255/3198 2814/3257/3200
f 2798/3256/3199 2814/3257/3200 2797/3258/3201
f 2797/3258/3201 2814/3257/3200 2649/3259/3202
f 2797/3258/3201 2649/3259/3202 2648/3260/3203
f 2796/3237/3180 2764/3236/3179 2795/3261/3204
f 2795/3261/3204 2764/3236/3179 2763/3262/3205
f 2795/3261/3204 2763/3262/3205 2794/3263/3206
f 2794/3263/3206 2763/3262/3205 2762/3264/3207
f 2794/3263/3206 2762/3264/3207 2793/3265/3208
f 2793/3265/3208 2762/3264/3207 2761/3266/3209
f 2793/3265/3208 2761/3266/3209 2792/3267/3210
f 2792/3267/3210 2761/3266/3209 2791/3268/3211
f 2792/3267/3210 2791/3268/3211 2904/3269/3212
f 2904/3269/3212 2791/3268/3211 2905/3270/3213
f 2904/3269/3212 2905/3270/3213 2810/3249/3192
f 2810/3249/3192 2905/3270/3213 2811/3251/3194
f 2761/3266/3209 2760/3271/3214 2791/3268/3211
f 2791/3268/3211 2760/3271/3214 2790/3272/3215
f 2791/3268/3211 2790/3272/3215 2905/3270/3213
f 2905/3270/3213 2790/3272/3215 2906/3273/3216
f 2905/3270/3213 2906/3273/3216 2811/3251/3194
f 2811/3251/3194 2906/3273/3216 2812/3253/3196
f 2760/3271/3214 2759/3274/3217 2790/3272/3215
f 2790/3272/3215 2759/3274/3217 2789/3275/3218
f 2790/3272/3215 2789/3275/3218 2906/3273/3216
f 2906/3273/3216 2789/3275/3218 2907/3276/3219
f 2906/3273/3216 2907/3276/3219 2812/3253/3196
f 2812/3253/3196 2907/3276/3219 2813/3255/3198
f 2759/3274/3217 2758/3277/3220 2789/3275/3218
f 2789/3275/3218 2758/3277/3220 2788/3278/3221
f 2789/3275/3218 2788/3278/3221 2907/3276/3219
f 2907/3276/3219 2788/3278/3221 2783/3279/3222
f 2907/3276/3219 2783/3279/3222 2813/3255/3198
f 2813/3255/3198 2783/3279/3222 2814/3257/3200
f 2758/3277/3220 2614/3280/3002 2788/3278/3221
f 2788/3278/3221 2614/3280/3002 2783/3279/3222
f 2614/3280/3002 2649/3259/3202 2783/3279/3222
f 2783/3279/3222 2649/3259/3202 2814/3257/3200
f 2797/3258/3201 2648/3260/3203 2815/3281/3223
f 2815/3281/3223 2648/3260/3203 2647/3282/3224
f 2815/3281/3223 2647/3282/3224 2785/3283/3225
f 2785/3283/3225 2647/3282/3224 2646/3284/3226
f 2785/3283/3225 2646/3284/3226 2848/3285/3227
f 2848/3285/3227 2646/3284/3226 2831/3286/3228
f 2848/3285/3227 2831/3286/3228 2832/3287/3229
f 2832/3287/3229 2831/3286/3228 2850/3288/3230
f 2832/3287/3229 2850/3288/3230 2851/3289/3231
f 2851/3289/3231 2850/3288/3230 2860/3290/3232
f 2851/3289/3231 2860/3290/3232 2861/3291/3233
f 2861/3291/3233 2860/3290/3232 2869/3292/3234
f 2861/3291/3233 2869/3292/3234 2870/3293/3235
f 2870/3293/3235 2869/3292/3234 2887/3294/3236
f 2870/3293/3235 2887/3294/3236 2886/3295/3237
f 2886/3295/3237 2887/3294/3236 2880/3296/3238
f 2886/3295/3237 2880/3296/3238 2881/3297/3239
f 2881/3297/3239 2880/3296/3238 2898/3298/3240
f 2881/3297/3239 2898/3298/3240 2899/3299/3241
f 2899/3299/3241 2898/3298/3240 2770/3300/3242
f 2899/3299/3241 2770/3300/3242 2900/3301/3243
f 2900/3301/3243 2770/3300/3242 2771/3302/3244
f 2900/3301/3243 2771/3302/3244 2772/3303/3245
f 2646/3284/3226 2645/3304/3246 2831/3286/3228
f 2831/3286/3228 2645/3304/3246 2849/3305/3247
f 2831/3286/3228 2849/3305/3247 2850/3288/3230
f 2850/3288/3230 2849/3305/3247 2859/3306/3248
f 2850/3288/3230 2859/3306/3248 2860/3290/3232
f 2860/3290/3232 2859/3306/3248 2868/3307/3249
f 2860/3290/3232 2868/3307/3249 2869/3292/3234
f 2869/3292/3234 2868/3307/3249 2888/3308/3250
f 2869/3292/3234 2888/3308/3250 2887/3294/3236
f 2887/3294/3236 2888/3308/3250 2879/3309/3251
f 2887/3294/3236 2879/3309/3251 2880/3296/3238
f 2880/3296/3238 2879/3309/3251 2897/3310/3252
f 2880/3296/3238 2897/3310/3252 2898/3298/3240
f 2898/3298/3240 2897/3310/3252 2769/3311/3253
f 2898/3298/3240 2769/3311/3253 2770/3300/3242
f 2645/3304/3246 2644/3312/3254 2849/3305/3247
f 2849/3305/3247 2644/3312/3254 2858/3313/3255
f 2849/3305/3247 2858/3313/3255 2859/3306/3248
f 2859/3306/3248 2858/3313/3255 2867/3314/3256
f 2859/3306/3248 2867/3314/3256 2868/3307/3249
f 2868/3307/3249 2867/3314/3256 2889/3315/3257
f 2868/3307/3249 2889/3315/3257 2888/3308/3250
f 2888/3308/3250 2889/3315/3257 2878/3316/3258
f 2888/3308/3250 2878/3316/3258 2879/3309/3251
f 2879/3309/3251 2878/3316/3258 2896/3317/3259
f 2879/3309/3251 2896/3317/3259 2897/3310/3252
f 2897/3310/3252 2896/3317/3259 2768/3318/3260
f 2897/3310/3252 2768/3318/3260 2769/3311/3253
f 2644/3312/3254 2643/3319/3261 2858/3313/3255
f 2858/3313/3255 2643/3319/3261 2787/3320/3262
f 2858/3313/3255 2787/3320/3262 2867/3314/3256
f 2867/3314/3256 2787/3320/3262 2890/3321/3263
f 2867/3314/3256 2890/3321/3263 2889/3315/3257
f 2889/3315/3257 2890/3321/3263 2877/3322/3264
f 2889/3315/3257 2877/3322/3264 2878/3316/3258
f 2878/3316/3258 2877/3322/3264 2895/3323/3265
f 2878/3316/3258 2895/3323/3265 2896/3317/3259
f 2896/3317/3259 2895/3323/3265 2768/3318/3260
f 2643/3319/3261 2642/3324/3266 2787/3320/3262
f 2787/3320/3262 2642/3324/3266 2891/3325/3267
f 2787/3320/3262 2891/3325/3267 2890/3321/3263
f 2890/3321/3263 2891/3325/3267 2876/3326/3268
f 2890/3321/3263 2876/3326/3268 2877/3322/3264
f 2877/3322/3264 2876/3326/3268 2894/3327/3269
f 2877/3322/3264 2894/3327/3269 2895/3323/3265
f 2895/3323/3265 2894/3327/3269 2767/3328/3270
f 2895/3323/3265 2767/3328/3270 2768/3318/3260
f 2891/3325/3267 2642/3324/3266 2875/3329/3271
f 2875/3329/3271 2642/3324/3266 2641/3330/3272
f 2875/3329/3271 2641/3330/3272 2892/3331/3273
f 2892/3331/3273 2641/3330/3272 2640/3332/3274
f 2892/3331/3273 2640/3332/3274 2766/3333/3275
f 2766/3333/3275 2640/3332/3274 2639/3334/3121
f 2892/3331/3273 2766/3333/3275 2893/3335/3276
f 2893/3335/3276 2766/3333/3275 2767/3328/3270
f 2893/3335/3276 2767/3328/3270 2894/3327/3269
f 2772/3303/3245 2773/3336/3277 2900/3301/3243
f 2900/3301/3243 2773/3336/3277 2786/3337/3278
f 2900/3301/3243 2786/3337/3278 2882/3338/3279
f 2882/3338/3279 2786/3337/3278 2884/3339/3280
f 2882/3338/3279 2884/3339/3280 2885/3340/3281
f 2885/3340/3281 2884/3339/3280 2872/3341/3282
f 2885/3340/3281 2872/3341/3282 2871/3342/3283
f 2871/3342/3283 2872/3341/3282 2863/3343/3284
f 2871/3342/3283 2863/3343/3284 2862/3344/3285
f 2862/3344/3285 2863/3343/3284 2853/3345/3286
f 2862/3344/3285 2853/3345/3286 2852/3346/3287
f 2852/3346/3287 2853/3345/3286 2834/3347/3288
f 2852/3346/3287 2834/3347/3288 2833/3348/3289
f 2833/3348/3289 2834/3347/3288 2846/3349/3290
f 2833/3348/3289 2846/3349/3290 2847/3350/3291
f 2847/3350/3291 2846/3349/3290 2824/3351/3292
f 2847/3350/3291 2824/3351/3292 2785/3283/3225
f 2785/3283/3225 2824/3351/3292 2815/3281/3223
f 2773/3336/3277 2774/3352/3293 2786/3337/3278
f 2786/3337/3278 2774/3352/3293 2883/3353/3294
f 2786/3337/3278 2883/3353/3294 2884/3339/3280
f 2884/3339/3280 2883/3353/3294 2873/3354/3295
f 2884/3339/3280 2873/3354/3295 2872/3341/3282
f 2872/3341/3282 2873/3354/3295 2864/3355/3296
f 2872/3341/3282 2864/3355/3296 2863/3343/3284
f 2863/3343/3284 2864/3355/3296 2854/3356/3297
f 2863/3343/3284 2854/3356/3297 2853/3345/3286
f 2853/3345/3286 2854/3356/3297 2835/3357/3298
f 2853/3345/3286 2835/3357/3298 2834/3347/3288
f 2834/3347/3288 2835/3357/3298 2845/3358/3299
f 2834/3347/3288 2845/3358/3299 2846/3349/3290
f 2846/3349/3290 2845/3358/3299 2825/3359/3300
f 2846/3349/3290 2825/3359/3300 2824/3351/3292
f 2824/3351/3292 2825/3359/3300 2816/3360/3301
f 2824/3351/3292 2816/3360/3301 2815/3281/3223
f 2815/3281/3223 2816/3360/3301 2797/3258/3201
f 2883/3353/3294 2774/3352/3293 2874/3361/3302
f 2874/3361/3302 2774/3352/3293 2775/3362/3303
f 2874/3361/3302 2775/3362/3303 2866/3363/3304
f 2866/3363/3304 2775/3362/3303 2776/3364/3305
f 2866/3363/3304 2776/3364/3305 2857/3365/3306
f 2857/3365/3306 2776/3364/3305 2777/3366/3307
f 2857/3365/3306 2777/3366/3307 2839/3367/3308
f 2839/3367/3308 2777/3366/3307 2778/3368/3309
f 2839/3367/3308 2778/3368/3309 2840/3369/3310
f 2840/3369/3310 2778/3368/3309 2784/3370/3311
f 2840/3369/3310 2784/3370/3311 2830/3371/3312
f 2830/3371/3312 2784/3370/3311 2822/3372/3313
f 2830/3371/3312 2822/3372/3313 2821/3373/3314
f 2821/3373/3314 2822/3372/3313 2803/3246/3189
f 2821/3373/3314 2803/3246/3189 2802/3248/3191
f 2778/3368/3309 2779/3374/3315 2784/3370/3311
f 2784/3370/3311 2779/3374/3315 2823/3375/3316
f 2784/3370/3311 2823/3375/3316 2822/3372/3313
f 2822/3372/3313 2823/3375/3316 2804/3244/3187
f 2822/3372/3313 2804/3244/3187 2803/3246/3189
f 2779/3374/3315 2780/3376/3317 2823/3375/3316
f 2823/3375/3316 2780/3376/3317 2805/3242/3185
f 2823/3375/3316 2805/3242/3185 2804/3244/3187
f 2780/3376/3317 2781/3240/3183 2805/3242/3185
f 2847/3350/3291 2785/3283/3225 2848/3285/3227
f 2793/3265/3208 2792/3267/3210 2903/3377/3318
f 2903/3377/3318 2792/3267/3210 2904/3269/3212
f 2903/3377/3318 2904/3269/3212 2809/3247/3190
f 2809/3247/3190 2904/3269/3212 2810/3249/3192
f 2794/3263/3206 2793/3265/3208 2902/3378/3319
f 2902/3378/3319 2793/3265/3208 2903/3377/3318
f 2902/3378/3319 2903/3377/3318 2808/3245/3188
f 2808/3245/3188 2903/3377/3318 2809/3247/3190
f 2782/3239/3182 2796/3237/3180 2795/3261/3204
f 2795/3261/3204 2794/3263/3206 2901/3379/3320
f 2901/3379/3320 2794/3263/3206 2902/3378/3319
f 2901/3379/3320 2902/3378/3319 2807/3243/3186
f 2807/3243/3186 2902/3378/3319 2808/3245/3188
f 2797/3258/3201 2816/3360/3301 2798/3256/3199
f 2798/3256/3199 2816/3360/3301 2817/3380/3321
f 2798/3256/3199 2817/3380/3321 2799/3254/3197
f 2799/3254/3197 2817/3380/3321 2818/3381/3322
f 2799/3254/3197 2818/3381/3322 2800/3252/3195
f 2800/3252/3195 2818/3381/3322 2819/3382/3323
f 2800/3252/3195 2819/3382/3323 2801/3250/3193
f 2801/3250/3193 2819/3382/3323 2820/3383/3324
f 2801/3250/3193 2820/3383/3324 2802/3248/3191
f 2802/3248/3191 2820/3383/3324 2821/3373/3314
f 2901/3379/3320 2807/3243/3186 2806/3241/3184
f 2816/3360/3301 2825/3359/3300 2817/3380/3321
f 2817/3380/3321 2825/3359/3300 2826/3384/3325
f 2817/3380/3321 2826/3384/3325 2818/3381/3322
f 2818/3381/3322 2826/3384/3325 2827/3385/3326
f 2818/3381/3322 2827/3385/3326 2819/3382/3323
f 2819/3382/3323 2827/3385/3326 2828/3386/3327
f 2819/3382/3323 2828/3386/3327 2820/3383/3324
f 2820/3383/3324 2828/3386/3327 2829/3387/3328
f 2820/3383/3324 2829/3387/3328 2821/3373/3314
f 2821/3373/3314 2829/3387/3328 2830/3371/3312
f 2825/3359/3300 2845/3358/3299 2826/3384/3325
f 2826/3384/3325 2845/3358/3299 2844/3388/3329
f 2826/3384/3325 2844/3388/3329 2827/3385/3326
f 2827/3385/3326 2844/3388/3329 2843/3389/3330
f 2827/3385/3326 2843/3389/3330 2828/3386/3327
f 2828/3386/3327 2843/3389/3330 2842/3390/3331
f 2828/3386/3327 2842/3390/3331 2829/3387/3328
f 2829/3387/3328 2842/3390/3331 2841/3391/3332
f 2829/3387/3328 2841/3391/3332 2830/3371/3312
f 2830/3371/3312 2841/3391/3332 2840/3369/3310
f 2847/3350/3291 2848/3285/3227 2832/3287/3229
f 2847/3350/3291 2832/3287/3229 2833/3348/3289
f 2833/3348/3289 2832/3287/3229 2851/3289/3231
f 2833/3348/3289 2851/3289/3231 2852/3346/3287
f 2852/3346/3287 2851/3289/3231 2861/3291/3233
f 2852/3346/3287 2861/3291/3233 2862/3344/3285
f 2862/3344/3285 2861/3291/3233 2870/3293/3235
f 2862/3344/3285 2870/3293/3235 2871/3342/3283
f 2871/3342/3283 2870/3293/3235 2886/3295/3237
f 2871/3342/3283 2886/3295/3237 2885/3340/3281
f 2885/3340/3281 2886/3295/3237 2881/3297/3239
f 2885/3340/3281 2881/3297/3239 2882/3338/3279
f 2882/3338/3279 2881/3297/3239 2899/3299/3241
f 2882/3338/3279 2899/3299/3241 2900/3301/3243
f 2844/3388/3329 2845/3358/3299 2835/3357/3298
f 2843/3389/3330 2844/3388/3329 2836/3392/3333
f 2836/3392/3333 2844/3388/3329 2835/3357/3298
f 2836/3392/3333 2835/3357/3298 2854/3356/3297
f 2842/3390/3331 2843/3389/3330 2837/3393/3334
f 2837/3393/3334 2843/3389/3330 2836/3392/3333
f 2837/3393/3334 2836/3392/3333 2855/3394/3335
f 2855/3394/3335 2836/3392/3333 2854/3356/3297
f 2855/3394/3335 2854/3356/3297 2864/3355/3296
f 2841/3391/3332 2842/3390/3331 2838/3395/3336
f 2838/3395/3336 2842/3390/3331 2837/3393/3334
f 2838/3395/3336 2837/3393/3334 2856/3396/3337
f 2856/3396/3337 2837/3393/3334 2855/3394/3335
f 2856/3396/3337 2855/3394/3335 2865/3397/3338
f 2865/3397/3338 2855/3394/3335 2864/3355/3296
f 2865/3397/3338 2864/3355/3296 2873/3354/3295
f 2840/3369/3310 2841/3391/3332 2839/3367/3308
f 2839/3367/3308 2841/3391/3332 2838/3395/3336
f 2839/3367/3308 2838/3395/3336 2857/3365/3306
f 2857/3365/3306 2838/3395/3336 2856/3396/3337
f 2857/3365/3306 2856/3396/3337 2866/3363/3304
f 2866/3363/3304 2856/3396/3337 2865/3397/3338
f 2866/3363/3304 2865/3397/3338 2874/3361/3302
f 2874/3361/3302 2865/3397/3338 2873/3354/3295
f 2874/3361/3302 2873/3354/3295 2883/3353/3294
f 2891/3325/3267 2875/3329/3271 2876/3326/3268
f 2876/3326/3268 2875/3329/3271 2893/3335/3276
f 2876/3326/3268 2893/3335/3276 2894/3327/3269
f 2892/3331/3273 2893/3335/3276 2875/3329/3271
f 2795/3261/3204 2901/3379/3320 2782/3239/3182
f 2782/3239/3182 2901/3379/3320 2806/3241/3184
f 2403/3398/3339 2908/3399/3340 2404/3400/2863
f 2404/3400/2863 2908/3399/3340 2909/3401/3341
f 2404/3400/2863 2909/3401/3341 2910/3402/3342
f 2910/3402/3342 2909/3401/3341 2929/3403/3343
f 2910/3402/3342 2929/3403/3343 2930/3404/3344
f 2930/3404/3344 2929/3403/3343 2949/3405/3345
f 2930/3404/3344 2949/3405/3345 2950/3406/3346
f 2950/3406/3346 2949/3405/3345 2969/3407/3347
f 2950/3406/3346 2969/3407/3347 2970/3408/3348
f 2970/3408/3348 2969/3407/3347 2989/3409/3349
f 2970/3408/3348 2989/3409/3349 2990/3410/3350
f 2990/3410/3350 2989/3409/3349 3009/3411/3351
f 2990/3410/3350 3009/3411/3351 3010/3412/3352
f 3010/3412/3352 3009/3411/3351 3029/3413/3353
f 3010/3412/3352 3029/3413/3353 3030/3414/3354
f 3030/3414/3354 3029/3413/3353 3049/3415/3355
f 3030/3414/3354 3049/3415/3355 3050/3416/3356
f 3050/3416/3356 3049/3415/3355 3069/3417/3357
f 3050/3416/3356 3069/3417/3357 3070/3418/3358
f 3070/3418/3358 3069/3417/3357 3089/3419/3359
f 3070/3418/3358 3089/3419/3359 3090/3420/3360
f 3090/3420/3360 3089/3419/3359 3109/3421/3361
f 3090/3420/3360 3109/3421/3361 3110/3422/3362
f 3110/3422/3362 3109/3421/3361 2771/3423/3244
f 3110/3422/3362 2771/3423/3244 3111/3424/3363
f 3111/3424/3363 2771/3423/3244 3112/3425/3364
f 3111/3424/3363 3112/3425/3364 3092/3426/3365
f 3092/3426/3365 3112/3425/3364 3093/3427/3366
f 3092/3426/3365 3093/3427/3366 3073/3428/3367
f 3073/3428/3367 3093/3427/3366 3074/3429/3368
f 3073/3428/3367 3074/3429/3368 3054/3430/3369
f 3054/3430/3369 3074/3429/3368 3055/3431/3370
f 3054/3430/3369 3055/3431/3370 3035/3432/3371
f 3035/3432/3371 3055/3431/3370 3036/3433/3372
f 3035/3432/3371 3036/3433/3372 3016/3434/3373
f 3016/3434/3373 3036/3433/3372 3017/3435/3374
f 3016/3434/3373 3017/3435/3374 2997/3436/3375
f 2997/3436/3375 3017/3435/3374 2998/3437/3376
f 2997/3436/3375 2998/3437/3376 2978/3438/3377
f 2978/3438/3377 2998/3437/3376 2979/3439/3378
f 2978/3438/3377 2979/3439/3378 2959/3440/3379
f 2959/3440/3379 2979/3439/3378 2960/3441/3380
f 2959/3440/3379 2960/3441/3380 2940/3442/3381
f 2940/3442/3381 2960/3441/3380 2941/3443/3382
f 2940/3442/3381 2941/3443/3382 2921/3444/3383
f 2921/3444/3383 2941/3443/3382 2922/3445/3384
f 2921/3444/3383 2922/3445/3384 2633/3446/3084
f 2633/3446/3084 2922/3445/3384 2923/3447/3385
f 2633/3446/3084 2923/3447/3385 2924/3448/3386
f 2924/3448/3386 2923/3447/3385 2943/3449/3387
f 2924/3448/3386 2943/3449/3387 2944/3450/3388
f 2944/3450/3388 2943/3449/3387 2963/3451/3389
f 2944/3450/3388 2963/3451/3389 2964/3452/3390
f 2964/3452/3390 2963/3451/3389 2983/3453/3391
f 2964/3452/3390 2983/3453/3391 2637/3454/3392
f 2637/3454/3392 2983/3453/3391 2638/3455/3393
f 2638/3455/3393 2983/3453/3391 3002/3456/3394
f 2638/3455/3393 3002/3456/3394 2639/3457/3121
f 2639/3457/3121 3002/3456/3394 3021/3458/3395
f 2639/3457/3121 3021/3458/3395 2766/3459/3396
f 2766/3459/3396 3021/3458/3395 3040/3460/3397
f 2766/3459/3396 3040/3460/3397 2767/3461/3398
f 2767/3461/3398 3040/3460/3397 3059/3462/3399
f 2767/3461/3398 3059/3462/3399 2768/3463/3260
f 2768/3463/3260 3059/3462/3399 3078/3464/3400
f 2768/3463/3260 3078/3464/3400 2769/3465/3401
f 2769/3465/3401 3078/3464/3400 3097/3466/3402
f 2769/3465/3401 3097/3466/3402 2770/3467/3403
f 2770/3467/3403 3097/3466/3402 3116/3468/3404
f 2770/3467/3403 3116/3468/3404 2771/3423/3244
f 2771/3423/3244 3116/3468/3404 3115/3469/3405
f 2771/3423/3244 3115/3469/3405 3114/3470/3406
f 3114/3470/3406 3115/3469/3405 3095/3471/3407
f 3114/3470/3406 3095/3471/3407 3094/3472/3408
f 3094/3472/3408 3095/3471/3407 3075/3473/3409
f 3094/3472/3408 3075/3473/3409 3074/3429/3368
f 3074/3429/3368 3075/3473/3409 3055/3431/3370
f 2908/3399/3340 2403/3398/3339 2927/3474/3410
f 2927/3474/3410 2403/3398/3339 2402/3475/3411
f 2927/3474/3410 2402/3475/3411 2946/3476/3412
f 2946/3476/3412 2402/3475/3411 2401/3477/3413
f 2946/3476/3412 2401/3477/3413 2965/3478/3414
f 2965/3478/3414 2401/3477/3413 2400/3479/3415
f 2965/3478/3414 2400/3479/3415 2984/3480/3416
f 2984/3480/3416 2400/3479/3415 2399/3481/3417
f 2984/3480/3416 2399/3481/3417 3003/3482/3418
f 3003/3482/3418 2399/3481/3417 2398/3483/3419
f 3003/3482/3418 2398/3483/3419 2397/3484/3420
f 3003/3482/3418 2397/3484/3420 3022/3485/3421
f 3022/3485/3421 2397/3484/3420 2396/3486/3422
f 3022/3485/3421 2396/3486/3422 3041/3487/3423
f 3041/3487/3423 2396/3486/3422 2395/3488/3424
f 3041/3487/3423 2395/3488/3424 3060/3489/3425
f 3060/3489/3425 2395/3488/3424 2394/3490/3426
f 3060/3489/3425 2394/3490/3426 3079/3491/3427
f 3079/3491/3427 2394/3490/3426 2393/3492/3428
f 3079/3491/3427 2393/3492/3428 3098/3493/3429
f 3098/3493/3429 2393/3492/3428 2392/3494/2773
f 3098/3493/3429 2392/3494/2773 3099/3495/3430
f 3099/3495/3430 2392/3494/2773 3100/3496/3431
f 3099/3495/3430 3100/3496/3431 3080/3497/3432
f 3080/3497/3432 3100/3496/3431 3081/3498/3433
f 3080/3497/3432 3081/3498/3433 3061/3499/3434
f 3061/3499/3434 3081/3498/3433 3062/3500/3435
f 3061/3499/3434 3062/3500/3435 3042/3501/3436
f 3042/3501/3436 3062/3500/3435 3043/3502/3437
f 3042/3501/3436 3043/3502/3437 3023/3503/3438
f 3023/3503/3438 3043/3502/3437 3024/3504/3439
f 3023/3503/3438 3024/3504/3439 3004/3505/3440
f 3004/3505/3440 3024/3504/3439 3005/3506/3441
f 3004/3505/3440 3005/3506/3441 2985/3507/3442
f 2985/3507/3442 3005/3506/3441 2986/3508/3443
f 2985/3507/3442 2986/3508/3443 2966/3509/3444
f 2966/3509/3444 2986/3508/3443 2967/3510/3445
f 2966/3509/3444 2967/3510/3445 2947/3511/3446
f 2947/3511/3446 2967/3510/3445 2948/3512/3447
f 2947/3511/3446 2948/3512/3447 2928/3513/3448
f 2928/3513/3448 2948/3512/3447 2929/3403/3343
f 2928/3513/3448 2929/3403/3343 2909/3401/3341
f 2771/3423/3244 3107/3514/3449 2392/3494/2773
f 2392/3494/2773 3107/3514/3449 3106/3515/3450
f 2392/3494/2773 3106/3515/3450 3105/3516/3451
f 3105/3516/3451 3106/3515/3450 3086/3517/3452
f 3105/3516/3451 3086/3517/3452 3085/3518/3453
f 3085/3518/3453 3086/3517/3452 3066/3519/3454
f 3085/3518/3453 3066/3519/3454 3065/3520/3455
f 3065/3520/3455 3066/3519/3454 3046/3521/3456
f 3065/3520/3455 3046/3521/3456 3045/3522/3457
f 3045/3522/3457 3046/3521/3456 3026/3523/3458
f 3045/3522/3457 3026/3523/3458 3025/3524/3459
f 3025/3524/3459 3026/3523/3458 3006/3525/3460
f 3025/3524/3459 3006/3525/3460 3005/3506/3441
f 3005/3506/3441 3006/3525/3460 2986/3508/3443
f 2637/3454/3392 2636/3526/3035 2964/3452/3390
f 2964/3452/3390 2636/3526/3035 2945/3527/3461
f 2964/3452/3390 2945/3527/3461 2944/3450/3388
f 2944/3450/3388 2945/3527/3461 2925/3528/3462
f 2944/3450/3388 2925/3528/3462 2924/3448/3386
f 2924/3448/3386 2925/3528/3462 2633/3446/3084
f 2636/3526/3035 2635/3529/3463 2945/3527/3461
f 2945/3527/3461 2635/3529/3463 2926/3530/3464
f 2945/3527/3461 2926/3530/3464 2925/3528/3462
f 2925/3528/3462 2926/3530/3464 2633/3446/3084
f 2635/3529/3463 2634/3531/3465 2926/3530/3464
f 2926/3530/3464 2634/3531/3465 2633/3446/3084
f 2404/3400/2863 2917/3532/3466 2633/3446/3084
f 2633/3446/3084 2917/3532/3466 2918/3533/3467
f 2633/3446/3084 2918/3533/3467 2919/3534/3468
f 2919/3534/3468 2918/3533/3467 2938/3535/3469
f 2919/3534/3468 2938/3535/3469 2939/3536/3470
f 2939/3536/3470 2938/3535/3469 2958/3537/3471
f 2939/3536/3470 2958/3537/3471 2959/3440/3379
f 2959/3440/3379 2958/3537/3471 2978/3438/3377
f 2928/3513/3448 2909/3401/3341 2908/3399/3340
f 2928/3513/3448 2908/3399/3340 2927/3474/3410
f 2910/3402/3342 2911/3538/3472 2404/3400/2863
f 2404/3400/2863 2911/3538/3472 2912/3539/3473
f 2404/3400/2863 2912/3539/3473 2913/3540/3474
f 2913/3540/3474 2912/3539/3473 2932/3541/3475
f 2913/3540/3474 2932/3541/3475 2933/3542/3476
f 2933/3542/3476 2932/3541/3475 2952/3543/3477
f 2933/3542/3476 2952/3543/3477 2953/3544/3478
f 2953/3544/3478 2952/3543/3477 2972/3545/3479
f 2953/3544/3478 2972/3545/3479 2973/3546/3480
f 2973/3546/3480 2972/3545/3479 2992/3547/3481
f 2973/3546/3480 2992/3547/3481 2993/3548/3482
f 2993/3548/3482 2992/3547/3481 3012/3549/3483
f 2993/3548/3482 3012/3549/3483 3013/3550/3484
f 3013/3550/3484 3012/3549/3483 3032/3551/3485
f 3013/3550/3484 3032/3551/3485 3033/3552/3486
f 3033/3552/3486 3032/3551/3485 3052/3553/3487
f 3033/3552/3486 3052/3553/3487 3053/3554/3488
f 3053/3554/3488 3052/3553/3487 3072/3555/3489
f 3053/3554/3488 3072/3555/3489 3073/3428/3367
f 3073/3428/3367 3072/3555/3489 3092/3426/3365
f 2910/3402/3342 2930/3404/3344 2911/3538/3472
f 2911/3538/3472 2930/3404/3344 2931/3556/3490
f 2911/3538/3472 2931/3556/3490 2912/3539/3473
f 2912/3539/3473 2931/3556/3490 2932/3541/3475
f 2913/3540/3474 2914/3557/3491 2404/3400/2863
f 2404/3400/2863 2914/3557/3491 2915/3558/3492
f 2404/3400/2863 2915/3558/3492 2916/3559/3493
f 2916/3559/3493 2915/3558/3492 2935/3560/3494
f 2916/3559/3493 2935/3560/3494 2936/3561/3495
f 2936/3561/3495 2935/3560/3494 2955/3562/3496
f 2936/3561/3495 2955/3562/3496 2956/3563/3497
f 2956/3563/3497 2955/3562/3496 2975/3564/3498
f 2956/3563/3497 2975/3564/3498 2976/3565/3499
f 2976/3565/3499 2975/3564/3498 2995/3566/3500
f 2976/3565/3499 2995/3566/3500 2996/3567/3501
f 2996/3567/3501 2995/3566/3500 3015/3568/3502
f 2996/3567/3501 3015/3568/3502 3016/3434/3373
f 3016/3434/3373 3015/3568/3502 3035/3432/3371
f 2913/3540/3474 2933/3542/3476 2914/3557/3491
f 2914/3557/3491 2933/3542/3476 2934/3569/3503
f 2914/3557/3491 2934/3569/3503 2915/3558/3492
f 2915/3558/3492 2934/3569/3503 2935/3560/3494
f 2917/3532/3466 2404/3400/2863 2916/3559/3493
f 2916/3559/3493 2936/3561/3495 2917/3532/3466
f 2917/3532/3466 2936/3561/3495 2937/3570/3504
f 2917/3532/3466 2937/3570/3504 2918/3533/3467
f 2918/3533/3467 2937/3570/3504 2938/3535/3469
f 2921/3444/3383 2633/3446/3084 2920/3571/3505
f 2920/3571/3505 2633/3446/3084 2919/3534/3468
f 2920/3571/3505 2919/3534/3468 2939/3536/3470
f 2940/3442/3381 2921/3444/3383 2920/3571/3505
f 2940/3442/3381 2920/3571/3505 2939/3536/3470
f 2923/3447/3385 2922/3445/3384 2942/3572/3506
f 2942/3572/3506 2922/3445/3384 2941/3443/3382
f 2942/3572/3506 2941/3443/3382 2961/3573/3507
f 2961/3573/3507 2941/3443/3382 2960/3441/3380
f 2961/3573/3507 2960/3441/3380 2980/3574/3508
f 2980/3574/3508 2960/3441/3380 2979/3439/3378
f 2980/3574/3508 2979/3439/3378 2999/3575/3509
f 2999/3575/3509 2979/3439/3378 2998/3437/3376
f 2999/3575/3509 2998/3437/3376 3018/3576/3510
f 3018/3576/3510 2998/3437/3376 3017/3435/3374
f 3018/3576/3510 3017/3435/3374 3037/3577/3511
f 3037/3577/3511 3017/3435/3374 3036/3433/3372
f 3037/3577/3511 3036/3433/3372 3056/3578/3512
f 3056/3578/3512 3036/3433/3372 3055/3431/3370
f 3056/3578/3512 3055/3431/3370 3075/3473/3409
f 2947/3511/3446 2928/3513/3448 2927/3474/3410
f 2947/3511/3446 2927/3474/3410 2946/3476/3412
f 2949/3405/3345 2929/3403/3343 2948/3512/3447
f 2930/3404/3344 2950/3406/3346 2931/3556/3490
f 2931/3556/3490 2950/3406/3346 2951/3579/3513
f 2931/3556/3490 2951/3579/3513 2932/3541/3475
f 2932/3541/3475 2951/3579/3513 2952/3543/3477
f 2933/3542/3476 2953/3544/3478 2934/3569/3503
f 2934/3569/3503 2953/3544/3478 2954/3580/3514
f 2934/3569/3503 2954/3580/3514 2935/3560/3494
f 2935/3560/3494 2954/3580/3514 2955/3562/3496
f 2936/3561/3495 2956/3563/3497 2937/3570/3504
f 2937/3570/3504 2956/3563/3497 2957/3581/3515
f 2937/3570/3504 2957/3581/3515 2938/3535/3469
f 2938/3535/3469 2957/3581/3515 2958/3537/3471
f 2959/3440/3379 2940/3442/3381 2939/3536/3470
f 2923/3447/3385 2942/3572/3506 2943/3449/3387
f 2943/3449/3387 2942/3572/3506 2962/3582/3516
f 2943/3449/3387 2962/3582/3516 2963/3451/3389
f 2963/3451/3389 2962/3582/3516 2982/3583/3517
f 2963/3451/3389 2982/3583/3517 2983/3453/3391
f 2983/3453/3391 2982/3583/3517 3002/3456/3394
f 2962/3582/3516 2942/3572/3506 2961/3573/3507
f 2966/3509/3444 2947/3511/3446 2946/3476/3412
f 2966/3509/3444 2946/3476/3412 2965/3478/3414
f 2949/3405/3345 2948/3512/3447 2968/3584/3518
f 2968/3584/3518 2948/3512/3447 2967/3510/3445
f 2968/3584/3518 2967/3510/3445 2987/3585/3519
f 2987/3585/3519 2967/3510/3445 2986/3508/3443
f 2987/3585/3519 2986/3508/3443 3006/3525/3460
f 2950/3406/3346 2970/3408/3348 2951/3579/3513
f 2951/3579/3513 2970/3408/3348 2971/3586/3520
f 2951/3579/3513 2971/3586/3520 2952/3543/3477
f 2952/3543/3477 2971/3586/3520 2972/3545/3479
f 2953/3544/3478 2973/3546/3480 2954/3580/3514
f 2954/3580/3514 2973/3546/3480 2974/3587/3521
f 2954/3580/3514 2974/3587/3521 2955/3562/3496
f 2955/3562/3496 2974/3587/3521 2975/3564/3498
f 2956/3563/3497 2976/3565/3499 2957/3581/3515
f 2957/3581/3515 2976/3565/3499 2977/3588/3522
f 2957/3581/3515 2977/3588/3522 2958/3537/3471
f 2958/3537/3471 2977/3588/3522 2978/3438/3377
f 2962/3582/3516 2961/3573/3507 2981/3589/3523
f 2981/3589/3523 2961/3573/3507 2980/3574/3508
f 2981/3589/3523 2980/3574/3508 3000/3590/3524
f 3000/3590/3524 2980/3574/3508 2999/3575/3509
f 3000/3590/3524 2999/3575/3509 3019/3591/3525
f 3019/3591/3525 2999/3575/3509 3018/3576/3510
f 3019/3591/3525 3018/3576/3510 3038/3592/3526
f 3038/3592/3526 3018/3576/3510 3037/3577/3511
f 3038/3592/3526 3037/3577/3511 3057/3593/3527
f 3057/3593/3527 3037/3577/3511 3056/3578/3512
f 3057/3593/3527 3056/3578/3512 3076/3594/3528
f 3076/3594/3528 3056/3578/3512 3075/3473/3409
f 3076/3594/3528 3075/3473/3409 3095/3471/3407
f 2985/3507/3442 2966/3509/3444 2965/3478/3414
f 2985/3507/3442 2965/3478/3414 2984/3480/3416
f 2949/3405/3345 2968/3584/3518 2969/3407/3347
f 2969/3407/3347 2968/3584/3518 2988/3595/3529
f 2969/3407/3347 2988/3595/3529 2989/3409/3349
f 2989/3409/3349 2988/3595/3529 3008/3596/3530
f 2989/3409/3349 3008/3596/3530 3009/3411/3351
f 3009/3411/3351 3008/3596/3530 3028/3597/3531
f 3009/3411/3351 3028/3597/3531 3029/3413/3353
f 3029/3413/3353 3028/3597/3531 3048/3598/3532
f 3029/3413/3353 3048/3598/3532 3049/3415/3355
f 3049/3415/3355 3048/3598/3532 3068/3599/3533
f 3049/3415/3355 3068/3599/3533 3069/3417/3357
f 3069/3417/3357 3068/3599/3533 3088/3600/3534
f 3069/3417/3357 3088/3600/3534 3089/3419/3359
f 3089/3419/3359 3088/3600/3534 3108/3601/3535
f 3089/3419/3359 3108/3601/3535 3109/3421/3361
f 3109/3421/3361 3108/3601/3535 2771/3423/3244
f 2988/3595/3529 2968/3584/3518 2987/3585/3519
f 2970/3408/3348 2990/3410/3350 2971/3586/3520
f 2971/3586/3520 2990/3410/3350 2991/3602/3536
f 2971/3586/3520 2991/3602/3536 2972/3545/3479
f 2972/3545/3479 2991/3602/3536 2992/3547/3481
f 2973/3546/3480 2993/3548/3482 2974/3587/3521
f 2974/3587/3521 2993/3548/3482 2994/3603/3537
f 2974/3587/3521 2994/3603/3537 2975/3564/3498
f 2975/3564/3498 2994/3603/3537 2995/3566/3500
f 2997/3436/3375 2978/3438/3377 2977/3588/3522
f 2997/3436/3375 2977/3588/3522 2996/3567/3501
f 2996/3567/3501 2977/3588/3522 2976/3565/3499
f 2962/3582/3516 2981/3589/3523 2982/3583/3517
f 2982/3583/3517 2981/3589/3523 3001/3604/3538
f 2982/3583/3517 3001/3604/3538 3002/3456/3394
f 3002/3456/3394 3001/3604/3538 3021/3458/3395
f 3001/3604/3538 2981/3589/3523 3000/3590/3524
f 3004/3505/3440 2985/3507/3442 2984/3480/3416
f 3004/3505/3440 2984/3480/3416 3003/3482/3418
f 2988/3595/3529 2987/3585/3519 3007/3605/3539
f 3007/3605/3539 2987/3585/3519 3006/3525/3460
f 3007/3605/3539 3006/3525/3460 3026/3523/3458
f 2990/3410/3350 3010/3412/3352 2991/3602/3536
f 2991/3602/3536 3010/3412/3352 3011/3606/3540
f 2991/3602/3536 3011/3606/3540 2992/3547/3481
f 2992/3547/3481 3011/3606/3540 3012/3549/3483
f 2993/3548/3482 3013/3550/3484 2994/3603/3537
f 2994/3603/3537 3013/3550/3484 3014/3607/3541
f 2994/3603/3537 3014/3607/3541 2995/3566/3500
f 2995/3566/3500 3014/3607/3541 3015/3568/3502
f 3016/3434/3373 2997/3436/3375 2996/3567/3501
f 3001/3604/3538 3000/3590/3524 3020/3608/3542
f 3020/3608/3542 3000/3590/3524 3019/3591/3525
f 3020/3608/3542 3019/3591/3525 3039/3609/3543
f 3039/3609/3543 3019/3591/3525 3038/3592/3526
f 3039/3609/3543 3038/3592/3526 3058/3610/3544
f 3058/3610/3544 3038/3592/3526 3057/3593/3527
f 3058/3610/3544 3057/3593/3527 3077/3611/3545
f 3077/3611/3545 3057/3593/3527 3076/3594/3528
f 3077/3611/3545 3076/3594/3528 3096/3612/3546
f 3096/3612/3546 3076/3594/3528 3095/3471/3407
f 3096/3612/3546 3095/3471/3407 3115/3469/3405
f 3023/3503/3438 3004/3505/3440 3003/3482/3418
f 3025/3524/3459 3005/3506/3441 3024/3504/3439
f 2988/3595/3529 3007/3605/3539 3008/3596/3530
f 3008/3596/3530 3007/3605/3539 3027/3613/3547
f 3008/3596/3530 3027/3613/3547 3028/3597/3531
f 3028/3597/3531 3027/3613/3547 3047/3614/3548
f 3028/3597/3531 3047/3614/3548 3048/3598/3532
f 3048/3598/3532 3047/3614/3548 3067/3615/3549
f 3048/3598/3532 3067/3615/3549 3068/3599/3533
f 3068/3599/3533 3067/3615/3549 3087/3616/3550
f 3068/3599/3533 3087/3616/3550 3088/3600/3534
f 3088/3600/3534 3087/3616/3550 3107/3514/3449
f 3088/3600/3534 3107/3514/3449 3108/3601/3535
f 3108/3601/3535 3107/3514/3449 2771/3423/3244
f 3027/3613/3547 3007/3605/3539 3026/3523/3458
f 3010/3412/3352 3030/3414/3354 3011/3606/3540
f 3011/3606/3540 3030/3414/3354 3031/3617/3551
f 3011/3606/3540 3031/3617/3551 3012/3549/3483
f 3012/3549/3483 3031/3617/3551 3032/3551/3485
f 3013/3550/3484 3033/3552/3486 3014/3607/3541
f 3014/3607/3541 3033/3552/3486 3034/3618/3552
f 3014/3607/3541 3034/3618/3552 3015/3568/3502
f 3015/3568/3502 3034/3618/3552 3035/3432/3371
f 3040/3460/3397 3021/3458/3395 3020/3608/3542
f 3020/3608/3542 3021/3458/3395 3001/3604/3538
f 3040/3460/3397 3020/3608/3542 3039/3609/3543
f 3042/3501/3436 3023/3503/3438 3022/3485/3421
f 3022/3485/3421 3023/3503/3438 3003/3482/3418
f 3025/3524/3459 3024/3504/3439 3044/3619/3553
f 3044/3619/3553 3024/3504/3439 3043/3502/3437
f 3044/3619/3553 3043/3502/3437 3063/3620/3554
f 3063/3620/3554 3043/3502/3437 3062/3500/3435
f 3063/3620/3554 3062/3500/3435 3082/3621/3555
f 3082/3621/3555 3062/3500/3435 3081/3498/3433
f 3082/3621/3555 3081/3498/3433 3101/3622/3556
f 3101/3622/3556 3081/3498/3433 3100/3496/3431
f 3101/3622/3556 3100/3496/3431 2392/3494/2773
f 3047/3614/3548 3027/3613/3547 3046/3521/3456
f 3046/3521/3456 3027/3613/3547 3026/3523/3458
f 3030/3414/3354 3050/3416/3356 3031/3617/3551
f 3031/3617/3551 3050/3416/3356 3051/3623/3557
f 3031/3617/3551 3051/3623/3557 3032/3551/3485
f 3032/3551/3485 3051/3623/3557 3052/3553/3487
f 3054/3430/3369 3035/3432/3371 3034/3618/3552
f 3054/3430/3369 3034/3618/3552 3053/3554/3488
f 3053/3554/3488 3034/3618/3552 3033/3552/3486
f 3059/3462/3399 3040/3460/3397 3039/3609/3543
f 3059/3462/3399 3039/3609/3543 3058/3610/3544
f 3061/3499/3434 3042/3501/3436 3041/3487/3423
f 3041/3487/3423 3042/3501/3436 3022/3485/3421
f 3025/3524/3459 3044/3619/3553 3045/3522/3457
f 3045/3522/3457 3044/3619/3553 3064/3624/3558
f 3045/3522/3457 3064/3624/3558 3065/3520/3455
f 3065/3520/3455 3064/3624/3558 3084/3625/3559
f 3065/3520/3455 3084/3625/3559 3085/3518/3453
f 3085/3518/3453 3084/3625/3559 3104/3626/3560
f 3085/3518/3453 3104/3626/3560 3105/3516/3451
f 3105/3516/3451 3104/3626/3560 2392/3494/2773
f 3064/3624/3558 3044/3619/3553 3063/3620/3554
f 3067/3615/3549 3047/3614/3548 3066/3519/3454
f 3066/3519/3454 3047/3614/3548 3046/3521/3456
f 3050/3416/3356 3070/3418/3358 3051/3623/3557
f 3051/3623/3557 3070/3418/3358 3071/3627/3561
f 3051/3623/3557 3071/3627/3561 3052/3553/3487
f 3052/3553/3487 3071/3627/3561 3072/3555/3489
f 3073/3428/3367 3054/3430/3369 3053/3554/3488
f 3078/3464/3400 3059/3462/3399 3058/3610/3544
f 3078/3464/3400 3058/3610/3544 3077/3611/3545
f 3080/3497/3432 3061/3499/3434 3060/3489/3425
f 3060/3489/3425 3061/3499/3434 3041/3487/3423
f 3064/3624/3558 3063/3620/3554 3083/3628/3562
f 3083/3628/3562 3063/3620/3554 3082/3621/3555
f 3083/3628/3562 3082/3621/3555 3102/3629/3563
f 3102/3629/3563 3082/3621/3555 3101/3622/3556
f 3102/3629/3563 3101/3622/3556 2392/3494/2773
f 3087/3616/3550 3067/3615/3549 3086/3517/3452
f 3086/3517/3452 3067/3615/3549 3066/3519/3454
f 3070/3418/3358 3090/3420/3360 3071/3627/3561
f 3071/3627/3561 3090/3420/3360 3091/3630/3564
f 3071/3627/3561 3091/3630/3564 3072/3555/3489
f 3072/3555/3489 3091/3630/3564 3092/3426/3365
f 3094/3472/3408 3074/3429/3368 3093/3427/3366
f 3097/3466/3402 3078/3464/3400 3077/3611/3545
f 3097/3466/3402 3077/3611/3545 3096/3612/3546
f 3099/3495/3430 3080/3497/3432 3079/3491/3427
f 3079/3491/3427 3080/3497/3432 3060/3489/3425
f 3098/3493/3429 3099/3495/3430 3079/3491/3427
f 3064/3624/3558 3083/3628/3562 3084/3625/3559
f 3084/3625/3559 3083/3628/3562 3103/3631/3565
f 3084/3625/3559 3103/3631/3565 3104/3626/3560
f 3104/3626/3560 3103/3631/3565 2392/3494/2773
f 3103/3631/3565 3083/3628/3562 3102/3629/3563
f 3107/3514/3449 3087/3616/3550 3106/3515/3450
f 3106/3515/3450 3087/3616/3550 3086/3517/3452
f 3111/3424/3363 3092/3426/3365 3091/3630/3564
f 3111/3424/3363 3091/3630/3564 3110/3422/3362
f 3110/3422/3362 3091/3630/3564 3090/3420/3360
f 3094/3472/3408 3093/3427/3366 3113/3632/3566
f 3113/3632/3566 3093/3427/3366 3112/3425/3364
f 3113/3632/3566 3112/3425/3364 2771/3423/3244
f 3116/3468/3404 3097/3466/3402 3096/3612/3546
f 3116/3468/3404 3096/3612/3546 3115/3469/3405
f 2392/3494/2773 3103/3631/3565 3102/3629/3563
f 2771/3423/3244 3114/3470/3406 3113/3632/3566
f 3113/3632/3566 3114/3470/3406 3094/3472/3408
f 2392/3633/2773 2777/3634/3307 2771/3635/3244
f 2771/3635/3244 2777/3634/3307 2776/3636/3305
f 2771/3635/3244 2776/3636/3305 2775/3637/3303
f 2260/3638/2704 2254/3639/2676 2392/3633/2773
f 2392/3633/2773 2254/3639/2676 2253/3640/2658
f 2392/3633/2773 2253/3640/2658 2778/3641/3309
f 2778/3641/3309 2253/3640/2658 2252/3642/2656
f 2778/3641/3309 2252/3642/2656 2779/3643/3315
f 2779/3643/3315 2252/3642/2656 2251/3644/2634
f 2779/3643/3315 2251/3644/2634 2780/3645/3317
f 2780/3645/3317 2251/3644/2634 2250/3646/2633
f 2780/3645/3317 2250/3646/2633 2781/3647/3183
f 2781/3647/3183 2250/3646/2633 2249/3648/2654
f 2781/3647/3183 2249/3648/2654 2765/3649/3181
f 2259/3650/2703 2258/3651/2701 2260/3638/2704
f 2260/3638/2704 2258/3651/2701 2257/3652/2695
f 2260/3638/2704 2257/3652/2695 2256/3653/2690
f 2256/3653/2690 2255/3654/2683 2260/3638/2704
f 2260/3638/2704 2255/3654/2683 2254/3639/2676
f 2778/3641/3309 2777/3634/3307 2392/3633/2773
f 2775/3637/3303 2774/3655/3293 2771/3635/3244
f 2771/3635/3244 2774/3655/3293 2773/3656/3277
f 2771/3635/3244 2773/3656/3277 2772/3657/3245
f 2632/3658/3083 2631/3659/3042 2633/3660/3084
f 2633/3660/3084 2631/3659/3042 2630/3661/3043
f 2633/3660/3084 2630/3661/3043 2629/3662/3045
f 2629/3662/3045 2628/3663/3082 2633/3660/3084
f 2633/3660/3084 2628/3663/3082 2627/3664/3081
f 2633/3660/3084 2627/3664/3081 2404/3665/2863
f 2404/3665/2863 2627/3664/3081 2626/3666/3080
f 2404/3665/2863 2626/3666/3080 2130/3667/2576
f 2130/3667/2576 2626/3666/3080 2131/3668/2580
f 2131/3668/2580 2626/3666/3080 2625/3669/3079
f 2131/3668/2580 2625/3669/3079 2132/3670/2584
f 2132/3670/2584 2625/3669/3079 2624/3671/3078
f 2132/3670/2584 2624/3671/3078 2133/3672/2467
f 2133/3672/2467 2624/3671/3078 2623/3673/3077
f 2133/3672/2467 2623/3673/3077 2098/3674/2468
f 2098/3674/2468 2623/3673/3077 2622/3675/3076
f 2130/3667/2576 2129/3676/2570 2404/3665/2863
f 2404/3665/2863 2129/3676/2570 2123/3677/2566
f 2123/3677/2566 2129/3676/2570 2128/3678/2565
f 2123/3677/2566 2128/3678/2565 2127/3679/2564
f 2127/3679/2564 2126/3680/2569 2123/3677/2566
f 2123/3677/2566 2126/3680/2569 2125/3681/2568
f 2123/3677/2566 2125/3681/2568 2124/3682/2567
g Body81

v -2.743882 6.488238 -0.519227
v -2.749982 6.487662 -0.518651
v -2.755840 6.486124 -0.517113
v -2.761602 6.483706 -0.514695
v -2.767102 6.480487 -0.511476
v -2.776127 6.472534 -0.503523
v -2.782051 6.463238 -0.494227
v -2.694723 6.643396 -0.494227
v -2.644151 6.729973 -0.494227
v -2.588289 6.813566 -0.494227
v -2.525682 6.892960 -0.494227
v -2.453682 6.965656 -0.494227
v -2.412827 6.997812 -0.494227
v -2.367698 7.025276 -0.494227
v -2.317721 7.045640 -0.494227
v -2.263544 7.055451 -0.494227
v -2.263491 7.054601 -0.500697
v -2.263335 7.052108 -0.506727
v -2.263087 7.048143 -0.511905
v -2.262764 7.042975 -0.515878
v -2.262388 7.036957 -0.518375
v -2.261984 7.030500 -0.519227
v -2.308268 7.022354 -0.519227
v -2.352005 7.005206 -0.519227
v -2.392589 6.981376 -0.519227
v -2.430083 6.952948 -0.519227
v -2.497396 6.887190 -0.519227
v -2.556798 6.814223 -0.519227
v -2.610264 6.736792 -0.519227
v -2.658935 6.656198 -0.519227
v -2.721836 6.543865 -0.518972
v -2.740616 6.552949 -0.499774
v -2.575353 6.794673 -0.518972
v -2.628970 6.752733 -0.499774
v -2.739693 6.552501 -0.503129
v -2.738366 6.551861 -0.506312
v -2.736660 6.551038 -0.509259
v -2.734600 6.550044 -0.511905
v -2.730670 6.548143 -0.515367
v -2.727884 6.546794 -0.517014
v -2.724920 6.545358 -0.518225
v -2.663227 6.697318 -0.499774
v -2.662345 6.696794 -0.503129
v -2.661077 6.696043 -0.506312
v -2.659448 6.695077 -0.509259
v -2.657481 6.693910 -0.511905
v -2.653725 6.691684 -0.515367
v -2.651062 6.690106 -0.517014
v -2.648229 6.688427 -0.518225
v -2.645281 6.686680 -0.518972
v -2.677111 6.630783 -0.518972
v -2.680119 6.632426 -0.518225
v -2.683009 6.634005 -0.517014
v -2.685725 6.635489 -0.515367
v -2.689556 6.637585 -0.511905
v -2.691561 6.638683 -0.509259
v -2.693222 6.639594 -0.506312
v -2.694514 6.640303 -0.503129
v -2.695414 6.640794 -0.499774
v -2.628108 6.752176 -0.503129
v -2.626870 6.751376 -0.506312
v -2.625279 6.750349 -0.509259
v -2.623358 6.749108 -0.511905
v -2.619691 6.746739 -0.515367
v -2.617091 6.745059 -0.517014
v -2.614325 6.743272 -0.518225
v -2.611446 6.741412 -0.518972
v -2.552998 6.859107 -0.499774
v -2.552195 6.858468 -0.503129
v -2.551042 6.857550 -0.506312
v -2.549561 6.856371 -0.509259
v -2.547772 6.854946 -0.511905
v -2.544356 6.852226 -0.515367
v -2.541936 6.850298 -0.517014
v -2.539360 6.848245 -0.518225
v -2.536679 6.846110 -0.518972
v -2.578146 6.796659 -0.518225
v -2.580830 6.798568 -0.517014
v -2.583352 6.800362 -0.515367
v -2.586908 6.802896 -0.511905
v -2.588769 6.804225 -0.509259
v -2.590310 6.805326 -0.506312
v -2.591509 6.806183 -0.503129
v -2.592345 6.806777 -0.499774
v -2.480247 6.940317 -0.499774
v -2.479530 6.939582 -0.503129
v -2.478501 6.938528 -0.506312
v -2.477179 6.937172 -0.509259
v -2.475583 6.935536 -0.511905
v -2.472534 6.932410 -0.515367
v -2.470372 6.930194 -0.517014
v -2.468072 6.927836 -0.518225
v -2.465678 6.925382 -0.518972
v -2.439057 6.977115 -0.499774
v -2.438410 6.976319 -0.503129
v -2.437485 6.975171 -0.506312
v -2.436298 6.973696 -0.509259
v -2.434862 6.971916 -0.511905
v -2.432114 6.968524 -0.515367
v -2.430163 6.966120 -0.517014
v -2.428086 6.963564 -0.518225
v -2.425924 6.960904 -0.518972
v -2.393594 7.009794 -0.499774
v -2.393050 7.008924 -0.503129
v -2.392269 7.007675 -0.506312
v -2.391266 7.006071 -0.509259
v -2.390055 7.004133 -0.511905
v -2.387742 7.000430 -0.515367
v -2.386102 6.997804 -0.517014
v -2.384356 6.995009 -0.518225
v -2.382541 6.992101 -0.518972
v -2.332214 7.040161 -0.499774
v -2.331864 7.039197 -0.503129
v -2.331362 7.037811 -0.506312
v -2.330717 7.036030 -0.509259
v -2.329938 7.033880 -0.511905
v -2.328449 7.029776 -0.515367
v -2.327391 7.026867 -0.517014
v -2.326266 7.023772 -0.518225
v -2.325096 7.020551 -0.518972
v -2.298552 7.049897 -0.499774
v -2.298335 7.048894 -0.503129
v -2.298025 7.047455 -0.506312
v -2.297626 7.045607 -0.509259
v -2.297145 7.043374 -0.511905
v -2.296224 7.039109 -0.515367
v -2.295570 7.036084 -0.517014
v -2.294874 7.032865 -0.518225
v -2.294150 7.029515 -0.518972
v -0.160503 7.161829 -0.519227
v -0.160503 6.488238 -0.519227
v -0.160503 7.168312 -0.518375
v -0.160503 7.174353 -0.515878
v -0.160503 7.179541 -0.511905
v -0.160503 7.183522 -0.506727
v -0.160503 7.186024 -0.500697
v -0.160503 7.186877 -0.494227
v -0.160503 7.186024 -0.487756
v -0.160503 7.183522 -0.481727
v -0.160503 7.179541 -0.476549
v -0.160503 7.174353 -0.472576
v -0.160503 7.168312 -0.470079
v -0.160503 7.161829 -0.469227
v -0.160503 6.488238 -0.469227
v -0.160503 6.463238 -0.494227
v -2.263491 7.054601 -0.487756
v -2.263335 7.052108 -0.481727
v -2.263087 7.048143 -0.476549
v -2.262764 7.042975 -0.472576
v -2.262388 7.036957 -0.470079
v -2.261984 7.030500 -0.469227
v -0.299550 7.159622 -0.470079
v -0.439753 7.150860 -0.470079
v -0.579956 7.142099 -0.470079
v -0.720158 7.133337 -0.470079
v -0.860361 7.124575 -0.470079
v -1.000564 7.115813 -0.470079
v -1.140766 7.107052 -0.470079
v -1.280969 7.098290 -0.470079
v -1.421172 7.089528 -0.470079
v -1.561374 7.080766 -0.470079
v -1.701577 7.072005 -0.470079
v -1.841780 7.063243 -0.470079
v -1.981983 7.054481 -0.470079
v -2.122185 7.045719 -0.470079
v -0.299926 7.165640 -0.472576
v -0.440129 7.156878 -0.472576
v -0.580332 7.148116 -0.472576
v -0.720534 7.139355 -0.472576
v -0.860737 7.130593 -0.472576
v -1.000940 7.121831 -0.472576
v -1.141142 7.113069 -0.472576
v -1.281345 7.104308 -0.472576
v -1.421548 7.095546 -0.472576
v -1.561751 7.086784 -0.472576
v -1.701953 7.078022 -0.472576
v -1.842156 7.069261 -0.472576
v -1.982359 7.060499 -0.472576
v -2.122561 7.051737 -0.472576
v -0.300249 7.170808 -0.476549
v -0.440452 7.162046 -0.476549
v -0.580655 7.153284 -0.476549
v -0.720857 7.144522 -0.476549
v -0.861060 7.135761 -0.476549
v -1.001263 7.126999 -0.476549
v -1.141465 7.118237 -0.476549
v -1.281668 7.109475 -0.476549
v -1.421871 7.100713 -0.476549
v -1.562073 7.091952 -0.476549
v -1.702276 7.083190 -0.476549
v -1.842479 7.074428 -0.476549
v -1.982682 7.065666 -0.476549
v -2.122884 7.056905 -0.476549
v -0.300497 7.174773 -0.481727
v -0.440700 7.166011 -0.481727
v -0.580902 7.157249 -0.481727
v -0.721105 7.148488 -0.481727
v -0.861308 7.139726 -0.481727
v -1.001510 7.130964 -0.481727
v -1.141713 7.122202 -0.481727
v -1.281916 7.113440 -0.481727
v -1.422119 7.104679 -0.481727
v -1.562321 7.095917 -0.481727
v -1.702524 7.087155 -0.481727
v -1.842727 7.078393 -0.481727
v -1.982929 7.069632 -0.481727
v -2.123132 7.060870 -0.481727
v -0.300653 7.177265 -0.487756
v -0.440855 7.168504 -0.487756
v -0.581058 7.159742 -0.487756
v -0.721261 7.150980 -0.487756
v -0.861464 7.142218 -0.487756
v -1.001666 7.133457 -0.487756
v -1.141869 7.124695 -0.487756
v -1.282072 7.115933 -0.487756
v -1.422274 7.107171 -0.487756
v -1.562477 7.098410 -0.487756
v -1.702680 7.089648 -0.487756
v -1.842882 7.080886 -0.487756
v -1.983085 7.072124 -0.487756
v -2.123288 7.063363 -0.487756
v -0.300706 7.178116 -0.494227
v -0.440909 7.169354 -0.494227
v -0.581111 7.160592 -0.494227
v -0.721314 7.151830 -0.494227
v -0.861517 7.143069 -0.494227
v -1.001719 7.134307 -0.494227
v -1.141922 7.125545 -0.494227
v -1.282125 7.116783 -0.494227
v -1.422327 7.108022 -0.494227
v -1.562530 7.099260 -0.494227
v -1.702733 7.090498 -0.494227
v -1.842936 7.081736 -0.494227
v -1.983138 7.072974 -0.494227
v -2.123341 7.064213 -0.494227
v -0.300653 7.177265 -0.500697
v -0.440855 7.168504 -0.500697
v -0.581058 7.159742 -0.500697
v -0.721261 7.150980 -0.500697
v -0.861464 7.142218 -0.500697
v -1.001666 7.133457 -0.500697
v -1.141869 7.124695 -0.500697
v -1.282072 7.115933 -0.500697
v -1.422274 7.107171 -0.500697
v -1.562477 7.098410 -0.500697
v -1.702680 7.089648 -0.500697
v -1.842882 7.080886 -0.500697
v -1.983085 7.072124 -0.500697
v -2.123288 7.063363 -0.500697
v -0.300497 7.174773 -0.506727
v -0.440700 7.166011 -0.506727
v -0.580902 7.157249 -0.506727
v -0.721105 7.148488 -0.506727
v -0.861308 7.139726 -0.506727
v -1.001510 7.130964 -0.506727
v -1.141713 7.122202 -0.506727
v -1.281916 7.113440 -0.506727
v -1.422119 7.104679 -0.506727
v -1.562321 7.095917 -0.506727
v -1.702524 7.087155 -0.506727
v -1.842727 7.078393 -0.506727
v -1.982929 7.069632 -0.506727
v -2.123132 7.060870 -0.506727
v -0.300249 7.170808 -0.511905
v -0.440452 7.162046 -0.511905
v -0.580655 7.153284 -0.511905
v -0.720857 7.144522 -0.511905
v -0.861060 7.135761 -0.511905
v -1.001263 7.126999 -0.511905
v -1.141465 7.118237 -0.511905
v -1.281668 7.109475 -0.511905
v -1.421871 7.100713 -0.511905
v -1.562073 7.091952 -0.511905
v -1.702276 7.083190 -0.511905
v -1.842479 7.074428 -0.511905
v -1.982682 7.065666 -0.511905
v -2.122884 7.056905 -0.511905
v -0.299926 7.165640 -0.515878
v -0.440129 7.156878 -0.515878
v -0.580332 7.148116 -0.515878
v -0.720534 7.139355 -0.515878
v -0.860737 7.130593 -0.515878
v -1.000940 7.121831 -0.515878
v -1.141142 7.113069 -0.515878
v -1.281345 7.104308 -0.515878
v -1.421548 7.095546 -0.515878
v -1.561751 7.086784 -0.515878
v -1.701953 7.078022 -0.515878
v -1.842156 7.069261 -0.515878
v -1.982359 7.060499 -0.515878
v -2.122561 7.051737 -0.515878
v -0.299550 7.159622 -0.518375
v -0.439753 7.150860 -0.518375
v -0.579956 7.142099 -0.518375
v -0.720158 7.133337 -0.518375
v -0.860361 7.124575 -0.518375
v -1.000564 7.115813 -0.518375
v -1.140766 7.107052 -0.518375
v -1.280969 7.098290 -0.518375
v -1.421172 7.089528 -0.518375
v -1.561374 7.080766 -0.518375
v -1.701577 7.072005 -0.518375
v -1.841780 7.063243 -0.518375
v -1.981983 7.054481 -0.518375
v -2.122185 7.045719 -0.518375
v -2.776038 6.472637 -0.484828
v -2.767026 6.480539 -0.476926
v -2.761798 6.483608 -0.473857
v -2.756240 6.485985 -0.471480
v -2.750229 6.487616 -0.469849
v -2.747081 6.488075 -0.469390
v -2.743882 6.488238 -0.469227
v -2.658942 6.656214 -0.469227
v -2.610251 6.736786 -0.469227
v -2.556808 6.814236 -0.469227
v -2.497400 6.887208 -0.469227
v -2.430076 6.952943 -0.469227
v -2.392593 6.981389 -0.469227
v -2.352027 7.005182 -0.469227
v -2.308278 7.022359 -0.469227
v -2.710207 6.567469 -0.469482
v -2.648508 6.721717 -0.488680
v -2.728863 6.576805 -0.488680
v -2.745376 6.493455 -0.469482
v -2.748501 6.494862 -0.470229
v -2.751503 6.496214 -0.471439
v -2.754326 6.497485 -0.473087
v -2.758307 6.499276 -0.476549
v -2.760393 6.500214 -0.479195
v -2.762121 6.500990 -0.482142
v -2.763465 6.501594 -0.485325
v -2.764400 6.502015 -0.488680
v -2.630742 6.710782 -0.469482
v -2.633662 6.712576 -0.470229
v -2.636467 6.714301 -0.471439
v -2.639104 6.715922 -0.473087
v -2.642822 6.718210 -0.476549
v -2.644769 6.719411 -0.479195
v -2.646380 6.720406 -0.482142
v -2.647634 6.721180 -0.485325
v -2.690301 6.650093 -0.488680
v -2.689404 6.649596 -0.485325
v -2.688114 6.648882 -0.482142
v -2.686457 6.647966 -0.479195
v -2.684456 6.646858 -0.476549
v -2.680637 6.644744 -0.473087
v -2.677929 6.643245 -0.471439
v -2.675047 6.641650 -0.470229
v -2.672049 6.639990 -0.469482
v -2.586014 6.779484 -0.469482
v -2.588833 6.781432 -0.470229
v -2.591542 6.783305 -0.471439
v -2.594089 6.785064 -0.473087
v -2.597681 6.787546 -0.476549
v -2.599563 6.788845 -0.479195
v -2.601121 6.789921 -0.482142
v -2.602334 6.790759 -0.485325
v -2.603178 6.791342 -0.488680
v -2.510357 6.877808 -0.469482
v -2.512945 6.880055 -0.470229
v -2.515433 6.882213 -0.471439
v -2.517771 6.884241 -0.473087
v -2.521070 6.887101 -0.476549
v -2.522799 6.888598 -0.479195
v -2.524231 6.889837 -0.482142
v -2.525345 6.890802 -0.485325
v -2.526120 6.891474 -0.488680
v -2.467880 6.923211 -0.469482
v -2.470286 6.925652 -0.470229
v -2.472597 6.927999 -0.471439
v -2.474769 6.930205 -0.473087
v -2.477829 6.933319 -0.476549
v -2.479428 6.934953 -0.479195
v -2.480752 6.936307 -0.482142
v -2.481783 6.937360 -0.485325
v -2.482503 6.938091 -0.488680
v -2.421353 6.964580 -0.469482
v -2.423482 6.967267 -0.470229
v -2.425528 6.969849 -0.471439
v -2.427451 6.972275 -0.473087
v -2.430163 6.975697 -0.476549
v -2.431584 6.977488 -0.479195
v -2.432760 6.978972 -0.482142
v -2.433675 6.980126 -0.485325
v -2.434313 6.980930 -0.488680
v -2.385672 6.990123 -0.469482
v -2.387519 6.993010 -0.470229
v -2.389294 6.995785 -0.471439
v -2.390961 6.998394 -0.473087
v -2.393306 7.002077 -0.476549
v -2.394530 7.004008 -0.479195
v -2.395540 7.005609 -0.482142
v -2.396328 7.006855 -0.485325
v -2.396880 7.007719 -0.488680
v -2.347164 7.011397 -0.469482
v -2.348610 7.014505 -0.470229
v -2.349999 7.017491 -0.471439
v -2.351305 7.020297 -0.473087
v -2.353149 7.024254 -0.476549
v -2.354116 7.026325 -0.479195
v -2.354917 7.028039 -0.482142
v -2.355541 7.029374 -0.485325
v -2.355974 7.030304 -0.488680
v -2.305813 7.026681 -0.469482
v -2.306714 7.029987 -0.470229
v -2.307579 7.033165 -0.471439
v -2.308392 7.036151 -0.473087
v -2.309537 7.040364 -0.476549
v -2.310136 7.042571 -0.479195
v -2.310631 7.044399 -0.482142
v -2.311017 7.045822 -0.485325
v -2.311287 7.046812 -0.488680
v -2.727946 6.576346 -0.485325
v -2.726628 6.575687 -0.482142
v -2.724934 6.574839 -0.479195
v -2.722889 6.573815 -0.476549
v -2.718985 6.571861 -0.473087
v -2.716217 6.570476 -0.471439
v -2.713272 6.569002 -0.470229
vt -0.039270 0.229186 0.000000
vt -0.039270 0.038416 0.000000
vt -0.035760 0.098879 0.000000
vt -0.033895 0.035368 0.000000
vt -0.032251 0.098879 0.000000
vt -0.028921 0.031548 0.000000
vt -0.028741 0.098879 0.000000
vt -0.025232 0.098879 0.000000
vt -0.028741 0.197757 0.000000
vt -0.025232 0.197757 0.000000
vt -0.028741 0.262805 0.000000
vt -0.025232 0.262805 0.000000
vt -0.028741 0.327853 0.000000
vt -0.025232 0.327853 0.000000
vt -0.028741 0.392901 0.000000
vt -0.025232 0.392901 0.000000
vt -0.028741 0.457949 0.000000
vt -0.025232 0.457949 0.000000
vt -0.028741 0.565372 0.000000
vt -0.025232 0.565372 0.000000
vt -0.028741 0.619083 0.000000
vt -0.025232 0.619083 0.000000
vt -0.028741 0.672794 0.000000
vt -0.025232 0.672794 0.000000
vt -0.028741 0.737145 0.000000
vt -0.025232 0.737145 0.000000
vt -0.028741 0.769321 0.000000
vt -0.025232 0.769321 0.000000
vt -0.026191 0.801496 0.000000
vt -0.019635 0.801496 0.000000
vt -0.019635 0.769321 0.000000
vt -0.016125 0.769321 0.000000
vt -0.016125 0.737145 0.000000
vt -0.012616 0.737145 0.000000
vt -0.012616 0.672794 0.000000
vt -0.009106 0.672794 0.000000
vt -0.009106 0.619083 0.000000
vt -0.005597 0.619083 0.000000
vt -0.005597 0.565372 0.000000
vt -0.000000 0.601118 0.000000
vt -0.000000 0.500939 0.000000
vt -0.005597 0.457949 0.000000
vt -0.000000 0.400751 0.000000
vt -0.005597 0.392901 0.000000
vt -0.005597 0.327853 0.000000
vt -0.009106 0.392901 0.000000
vt -0.009106 0.327853 0.000000
vt -0.012616 0.392901 0.000000
vt -0.012616 0.327853 0.000000
vt -0.016125 0.392901 0.000000
vt -0.016125 0.327853 0.000000
vt -0.019635 0.392901 0.000000
vt -0.019635 0.327853 0.000000
vt -0.023989 0.026976 0.000000
vt -0.019635 0.098879 0.000000
vt -0.019635 0.197757 0.000000
vt -0.019635 0.262805 0.000000
vt -0.019034 0.021794 0.000000
vt -0.016125 0.098879 0.000000
vt -0.016125 0.197757 0.000000
vt -0.016125 0.262805 0.000000
vt -0.012616 0.098879 0.000000
vt -0.009518 0.010882 0.000000
vt -0.009106 0.098879 0.000000
vt -0.005597 0.098879 0.000000
vt -0.009106 0.197757 0.000000
vt -0.005597 0.197757 0.000000
vt -0.009106 0.262805 0.000000
vt -0.005597 0.262805 0.000000
vt -0.000000 -0.000000 0.000000
vt -0.000000 0.200380 0.000000
vt -0.000000 0.300565 0.000000
vt -0.000000 0.651230 0.000000
vt -0.005597 0.672794 0.000000
vt -0.009106 0.737145 0.000000
vt -0.012616 0.769321 0.000000
vt -0.013079 0.801496 0.000000
vt -0.000000 0.701264 0.000000
vt -0.005597 0.737145 0.000000
vt -0.009106 0.769321 0.000000
vt -0.000000 0.751396 0.000000
vt -0.005597 0.769321 0.000000
vt -0.006543 0.801496 0.000000
vt -0.000000 0.801496 0.000000
vt -0.032727 0.801496 0.000000
vt -0.032251 0.769321 0.000000
vt -0.032251 0.737145 0.000000
vt -0.032251 0.672794 0.000000
vt -0.032251 0.619083 0.000000
vt -0.032251 0.565372 0.000000
vt -0.032251 0.457949 0.000000
vt -0.032251 0.392901 0.000000
vt -0.032251 0.327853 0.000000
vt -0.032251 0.262805 0.000000
vt -0.032251 0.197757 0.000000
vt -0.035760 0.769321 0.000000
vt -0.039270 0.801496 0.000000
vt -0.039270 0.753804 0.000000
vt -0.035760 0.737145 0.000000
vt -0.039270 0.706111 0.000000
vt -0.035760 0.672794 0.000000
vt -0.039270 0.658419 0.000000
vt -0.035760 0.619083 0.000000
vt -0.039270 0.610726 0.000000
vt -0.035760 0.565372 0.000000
vt -0.039270 0.515341 0.000000
vt -0.035760 0.457949 0.000000
vt -0.039270 0.419956 0.000000
vt -0.035760 0.392901 0.000000
vt -0.039270 0.324571 0.000000
vt -0.035760 0.327853 0.000000
vt -0.035760 0.262805 0.000000
vt -0.035760 0.197757 0.000000
vt -0.012616 0.197757 0.000000
vt -0.012616 0.262805 0.000000
vt -0.009106 0.457949 0.000000
vt -0.009106 0.565372 0.000000
vt -0.012616 0.457949 0.000000
vt -0.012616 0.565372 0.000000
vt -0.012616 0.619083 0.000000
vt -0.016125 0.457949 0.000000
vt -0.016125 0.565372 0.000000
vt -0.016125 0.619083 0.000000
vt -0.016125 0.672794 0.000000
vt -0.019635 0.457949 0.000000
vt -0.019635 0.565372 0.000000
vt -0.019635 0.619083 0.000000
vt -0.019635 0.672794 0.000000
vt -0.019635 0.737145 0.000000
vt 0.336820 1.272604 0.000000
vt 0.168859 1.187657 0.000000
vt 0.336820 -1.310774 0.000000
vt 0.088266 1.138986 0.000000
vt 0.010834 1.085521 0.000000
vt -0.062132 1.026118 0.000000
vt -0.127890 0.958805 0.000000
vt -0.205442 0.790707 0.000000
vt -0.156318 0.921312 0.000000
vt -0.180148 0.880727 0.000000
vt -0.197296 0.836991 0.000000
vt -0.336771 -1.310774 0.000000
vt 0.705074 0.000852 0.000000
vt 0.711115 0.003349 0.000000
vt 0.698591 0.000000 0.000000
vt 0.025000 0.000000 0.000000
vt 0.716303 0.007322 0.000000
vt 0.720284 0.012500 0.000000
vt 0.000000 0.025000 0.000000
vt 0.722786 0.018530 0.000000
vt 0.723639 0.025000 0.000000
vt 0.722786 0.031470 0.000000
vt 0.720284 0.037500 0.000000
vt 0.025000 0.050000 0.000000
vt 0.716303 0.042678 0.000000
vt 0.711115 0.046651 0.000000
vt 0.705074 0.049148 0.000000
vt 0.698591 0.050000 0.000000
vt 0.664237 -0.013090 0.000000
vt 0.524918 -0.013090 0.000000
vt 0.663832 -0.019635 0.000000
vt 0.384442 -0.013090 0.000000
vt 0.243966 -0.013090 0.000000
vt 0.243966 -0.006545 0.000000
vt 0.103490 -0.006545 0.000000
vt 0.103490 0.000000 0.000000
vt -0.036986 0.000000 0.000000
vt -0.036986 0.006545 0.000000
vt -0.177463 0.006545 0.000000
vt -0.177463 0.013090 0.000000
vt -0.317939 0.013090 0.000000
vt -0.317939 0.019635 0.000000
vt -0.458415 0.019635 0.000000
vt -0.458415 0.026180 0.000000
vt -0.598891 0.026180 0.000000
vt -0.598891 0.032725 0.000000
vt -0.739367 0.032725 0.000000
vt -0.739367 0.039270 0.000000
vt -0.879844 0.039270 0.000000
vt -0.879844 0.045815 0.000000
vt -1.020320 0.045815 0.000000
vt -1.020320 0.052360 0.000000
vt -1.160796 0.052360 0.000000
vt -1.441749 0.058905 0.000000
vt -1.301272 0.052360 0.000000
vt -1.441749 0.052360 0.000000
vt -1.301272 0.045815 0.000000
vt -1.441749 0.045815 0.000000
vt -1.301272 0.039270 0.000000
vt -1.441749 0.039270 0.000000
vt -1.301272 0.032725 0.000000
vt -1.441749 0.032725 0.000000
vt -1.301272 0.026180 0.000000
vt -1.441749 0.026180 0.000000
vt -1.301272 0.019635 0.000000
vt -1.441749 0.019635 0.000000
vt -1.301272 0.013090 0.000000
vt -1.441749 0.013090 0.000000
vt -1.301272 0.006545 0.000000
vt -1.441749 0.006545 0.000000
vt -1.301272 0.000000 0.000000
vt -1.441749 0.000000 0.000000
vt -1.301272 -0.006545 0.000000
vt -1.441749 -0.006545 0.000000
vt -1.301272 -0.013090 0.000000
vt -1.441749 -0.013090 0.000000
vt -1.441749 -0.019635 0.000000
vt 0.524918 -0.006545 0.000000
vt 0.664614 -0.006545 0.000000
vt 0.524918 0.000000 0.000000
vt 0.664937 0.000000 0.000000
vt 0.524918 0.006545 0.000000
vt 0.665185 0.006545 0.000000
vt 0.524918 0.013090 0.000000
vt 0.665341 0.013090 0.000000
vt 0.524918 0.019635 0.000000
vt 0.665395 0.019635 0.000000
vt 0.665341 0.026180 0.000000
vt 0.524918 0.026180 0.000000
vt 0.665185 0.032725 0.000000
vt 0.524918 0.032725 0.000000
vt 0.664937 0.039270 0.000000
vt 0.524918 0.039270 0.000000
vt 0.664614 0.045815 0.000000
vt 0.524918 0.045815 0.000000
vt 0.664237 0.052360 0.000000
vt 0.524918 0.052360 0.000000
vt 0.663832 0.058905 0.000000
vt 0.384442 0.052360 0.000000
vt 0.243966 0.052360 0.000000
vt 0.384442 0.045815 0.000000
vt 0.243966 0.045815 0.000000
vt 0.384442 0.039270 0.000000
vt 0.243966 0.039270 0.000000
vt 0.384442 0.032725 0.000000
vt 0.243966 0.032725 0.000000
vt 0.384442 0.026180 0.000000
vt 0.243966 0.026180 0.000000
vt 0.384442 0.019635 0.000000
vt 0.243966 0.019635 0.000000
vt 0.384442 0.013090 0.000000
vt 0.243966 0.013090 0.000000
vt 0.384442 0.006545 0.000000
vt 0.243966 0.006545 0.000000
vt 0.384442 0.000000 0.000000
vt 0.243966 0.000000 0.000000
vt 0.384442 -0.006545 0.000000
vt -0.458415 0.052360 0.000000
vt -0.317939 0.052360 0.000000
vt -0.177463 0.052360 0.000000
vt -0.177463 0.045815 0.000000
vt -0.036986 0.045815 0.000000
vt -0.036986 0.039270 0.000000
vt 0.103490 0.039270 0.000000
vt 0.103490 0.032725 0.000000
vt -0.458415 -0.013090 0.000000
vt -0.598891 -0.013090 0.000000
vt -0.739367 -0.013090 0.000000
vt -0.739367 -0.006545 0.000000
vt -0.879844 -0.006545 0.000000
vt -0.879844 0.000000 0.000000
vt -1.020320 0.000000 0.000000
vt -1.020320 0.006545 0.000000
vt -1.160796 0.006545 0.000000
vt -1.160796 0.013090 0.000000
vt 0.103490 -0.013090 0.000000
vt -0.036986 -0.013090 0.000000
vt -0.177463 -0.013090 0.000000
vt -0.177463 -0.006545 0.000000
vt -0.317939 -0.006545 0.000000
vt -0.317939 0.000000 0.000000
vt -0.458415 0.000000 0.000000
vt -0.458415 0.006545 0.000000
vt -0.598891 0.006545 0.000000
vt -0.598891 0.013090 0.000000
vt -0.739367 0.013090 0.000000
vt -0.739367 0.019635 0.000000
vt -0.879844 0.019635 0.000000
vt -0.879844 0.026180 0.000000
vt -1.020320 0.026180 0.000000
vt -1.020320 0.032725 0.000000
vt -1.160796 0.032725 0.000000
vt -1.160796 0.039270 0.000000
vt -0.036986 -0.006545 0.000000
vt -0.317939 -0.013090 0.000000
vt -0.458415 -0.006545 0.000000
vt -0.598891 -0.006545 0.000000
vt -0.598891 0.000000 0.000000
vt -0.879844 -0.013090 0.000000
vt -1.020320 -0.013090 0.000000
vt -1.160796 -0.013090 0.000000
vt -1.160796 -0.006545 0.000000
vt -1.020320 -0.006545 0.000000
vt -0.177463 0.000000 0.000000
vt -0.739367 0.000000 0.000000
vt -0.879844 0.006545 0.000000
vt -1.020320 0.013090 0.000000
vt -1.160796 0.019635 0.000000
vt -1.160796 0.000000 0.000000
vt 0.103490 0.006545 0.000000
vt 0.103490 0.013090 0.000000
vt 0.103490 0.019635 0.000000
vt 0.103490 0.026180 0.000000
vt -0.317939 0.006545 0.000000
vt -0.739367 0.006545 0.000000
vt -0.036986 0.013090 0.000000
vt -0.177463 0.019635 0.000000
vt -0.317939 0.026180 0.000000
vt -0.458415 0.032725 0.000000
vt -0.598891 0.039270 0.000000
vt -0.739367 0.045815 0.000000
vt -0.879844 0.052360 0.000000
vt -0.458415 0.013090 0.000000
vt -0.879844 0.013090 0.000000
vt -1.020320 0.019635 0.000000
vt -1.160796 0.026180 0.000000
vt -0.036986 0.019635 0.000000
vt -0.036986 0.026180 0.000000
vt -0.036986 0.032725 0.000000
vt -0.598891 0.019635 0.000000
vt -0.177463 0.026180 0.000000
vt -0.317939 0.032725 0.000000
vt -0.458415 0.039270 0.000000
vt -0.598891 0.045815 0.000000
vt -0.739367 0.052360 0.000000
vt -0.739367 0.026180 0.000000
vt -0.177463 0.032725 0.000000
vt -0.177463 0.039270 0.000000
vt -0.879844 0.032725 0.000000
vt -0.317939 0.039270 0.000000
vt -0.458415 0.045815 0.000000
vt -0.598891 0.052360 0.000000
vt -1.020320 0.039270 0.000000
vt 0.103490 0.045815 0.000000
vt 0.103490 0.052360 0.000000
vt -0.317939 0.045815 0.000000
vt -1.160796 0.045815 0.000000
vt -0.036986 0.052360 0.000000
vt -0.009629 0.790480 0.000000
vt -0.005597 0.758878 0.000000
vt -0.000000 0.801493 0.000000
vt -0.005597 0.675999 0.000000
vt -0.000000 0.601120 0.000000
vt -0.005597 0.593119 0.000000
vt -0.005597 0.510240 0.000000
vt -0.009106 0.593119 0.000000
vt -0.009106 0.510240 0.000000
vt -0.012616 0.593119 0.000000
vt -0.012616 0.510240 0.000000
vt -0.016125 0.593119 0.000000
vt -0.016125 0.510240 0.000000
vt -0.019635 0.593119 0.000000
vt -0.019635 0.510240 0.000000
vt -0.025232 0.593119 0.000000
vt -0.025232 0.510240 0.000000
vt -0.028741 0.593119 0.000000
vt -0.028741 0.510240 0.000000
vt -0.032251 0.593119 0.000000
vt -0.032251 0.510240 0.000000
vt -0.035760 0.593119 0.000000
vt -0.035760 0.510240 0.000000
vt -0.039270 0.572308 0.000000
vt -0.039270 0.476923 0.000000
vt -0.019106 0.779620 0.000000
vt -0.012616 0.758878 0.000000
vt -0.009106 0.758878 0.000000
vt -0.023820 0.774687 0.000000
vt -0.019635 0.758878 0.000000
vt -0.016125 0.758878 0.000000
vt -0.012616 0.675999 0.000000
vt -0.009106 0.675999 0.000000
vt -0.025232 0.758878 0.000000
vt -0.028585 0.770237 0.000000
vt -0.028741 0.758878 0.000000
vt -0.032251 0.758878 0.000000
vt -0.028741 0.675999 0.000000
vt -0.032251 0.675999 0.000000
vt -0.033685 0.766269 0.000000
vt -0.035760 0.758878 0.000000
vt -0.035760 0.675999 0.000000
vt -0.036412 0.764549 0.000000
vt -0.039270 0.763076 0.000000
vt -0.035760 0.427360 0.000000
vt -0.039270 0.381539 0.000000
vt -0.035760 0.301943 0.000000
vt -0.039270 0.286154 0.000000
vt -0.035760 0.239234 0.000000
vt -0.039270 0.190769 0.000000
vt -0.035760 0.176526 0.000000
vt -0.039270 0.143077 0.000000
vt -0.035760 0.132394 0.000000
vt -0.039270 0.095385 0.000000
vt -0.035760 0.088263 0.000000
vt -0.039270 0.047692 0.000000
vt -0.035760 0.044131 0.000000
vt -0.039270 0.000000 0.000000
vt -0.032727 0.000000 0.000000
vt -0.026191 0.000000 0.000000
vt -0.028741 0.044131 0.000000
vt -0.032251 0.044131 0.000000
vt -0.025232 0.044131 0.000000
vt -0.019635 0.000000 0.000000
vt -0.019635 0.044131 0.000000
vt -0.016125 0.044131 0.000000
vt -0.019635 0.088263 0.000000
vt -0.016125 0.088263 0.000000
vt -0.019635 0.132394 0.000000
vt -0.016125 0.132394 0.000000
vt -0.019635 0.176526 0.000000
vt -0.016125 0.176526 0.000000
vt -0.019635 0.239234 0.000000
vt -0.016125 0.239234 0.000000
vt -0.019635 0.301943 0.000000
vt -0.016125 0.301943 0.000000
vt -0.019635 0.427360 0.000000
vt -0.016125 0.427360 0.000000
vt -0.013079 0.000000 0.000000
vt -0.012616 0.044131 0.000000
vt -0.012616 0.088263 0.000000
vt -0.012616 0.132394 0.000000
vt -0.012616 0.176526 0.000000
vt -0.012616 0.239234 0.000000
vt -0.012616 0.301943 0.000000
vt -0.012616 0.427360 0.000000
vt -0.009106 0.044131 0.000000
vt -0.006543 0.000000 0.000000
vt -0.005597 0.044131 0.000000
vt -0.000000 0.000000 0.000000
vt -0.000000 0.050093 0.000000
vt -0.005597 0.088263 0.000000
vt -0.000000 0.100187 0.000000
vt -0.005597 0.132394 0.000000
vt -0.000000 0.150280 0.000000
vt -0.005597 0.176526 0.000000
vt -0.000000 0.200373 0.000000
vt -0.005597 0.239234 0.000000
vt -0.000000 0.300560 0.000000
vt -0.005597 0.301943 0.000000
vt -0.000000 0.400747 0.000000
vt -0.005597 0.427360 0.000000
vt -0.000000 0.500933 0.000000
vt -0.025232 0.675999 0.000000
vt -0.019635 0.675999 0.000000
vt -0.016125 0.675999 0.000000
vt -0.032251 0.427360 0.000000
vt -0.032251 0.301943 0.000000
vt -0.032251 0.239234 0.000000
vt -0.032251 0.176526 0.000000
vt -0.032251 0.132394 0.000000
vt -0.032251 0.088263 0.000000
vt -0.028741 0.427360 0.000000
vt -0.028741 0.301943 0.000000
vt -0.028741 0.239234 0.000000
vt -0.028741 0.176526 0.000000
vt -0.028741 0.132394 0.000000
vt -0.028741 0.088263 0.000000
vt -0.025232 0.427360 0.000000
vt -0.025232 0.301943 0.000000
vt -0.025232 0.239234 0.000000
vt -0.025232 0.176526 0.000000
vt -0.025232 0.132394 0.000000
vt -0.025232 0.088263 0.000000
vt -0.009106 0.427360 0.000000
vt -0.009106 0.301943 0.000000
vt -0.009106 0.239234 0.000000
vt -0.009106 0.176526 0.000000
vt -0.009106 0.132394 0.000000
vt -0.009106 0.088263 0.000000
vt 0.336771 -1.310774 0.000000
vt 0.205442 0.790707 0.000000
vt -0.336820 -1.310774 0.000000
vt 0.127885 0.958799 0.000000
vt 0.062150 1.026123 0.000000
vt 0.197301 0.837000 0.000000
vt 0.180125 0.880750 0.000000
vt 0.156331 0.921316 0.000000
vt -0.010821 1.085531 0.000000
vt -0.088272 1.138973 0.000000
vt -0.168843 1.187665 0.000000
vt -0.336820 1.272604 0.000000
vt -0.620417 0.017447 0.000000
vt -0.623565 0.016798 0.000000
vt -0.617217 0.017678 0.000000
vt 1.966161 0.017678 0.000000
vt -0.629575 0.014491 0.000000
vt -0.635133 0.011129 0.000000
vt -0.640362 0.006789 0.000000
vt -0.649373 -0.004385 0.000000
vt 1.966161 -0.017678 0.000000
vt -0.655387 -0.017678 0.000000
vt 0.655387 -0.017678 0.000000
vt 0.649463 -0.004531 0.000000
vt -1.966161 -0.017678 0.000000
vt -1.966161 0.017678 0.000000
vt 0.640437 0.006716 0.000000
vt 0.634938 0.011269 0.000000
vt 0.629176 0.014688 0.000000
vt 0.623317 0.016863 0.000000
vt 0.617217 0.017678 0.000000
vn 0.000000 0.000000 -1.000000
vn 0.000000 -0.000000 -1.000000
vn -0.129669 0.062717 -0.989572
vn -0.198501 0.088492 -0.976098
vn -0.252109 0.121935 -0.959986
vn -0.367439 0.162953 -0.915661
vn -0.367619 0.177802 -0.912821
vn -0.476666 0.230542 -0.848316
vn -0.358265 0.195944 -0.912826
vn -0.464544 0.254071 -0.848320
vn -0.351295 0.208221 -0.912818
vn -0.455495 0.269983 -0.848312
vn -0.343019 0.221545 -0.912828
vn -0.444777 0.287267 -0.848322
vn -0.332624 0.236888 -0.912823
vn -0.431291 0.307158 -0.848317
vn -0.319425 0.254401 -0.912824
vn -0.414181 0.329866 -0.848317
vn -0.285217 0.292124 -0.912861
vn -0.369857 0.378801 -0.848361
vn -0.257059 0.317252 -0.912837
vn -0.333313 0.411378 -0.848334
vn -0.216495 0.346071 -0.912888
vn -0.280777 0.448796 -0.848378
vn -0.139412 0.383832 -0.912818
vn -0.180761 0.497686 -0.848312
vn -0.086359 0.399150 -0.912810
vn -0.111987 0.517616 -0.848253
vn -0.031005 0.496131 -0.867694
vn -0.044104 0.705730 -0.707107
vn -0.149584 0.691456 -0.706763
vn -0.169523 0.783709 -0.597547
vn -0.273588 0.753256 -0.598126
vn -0.299263 0.823921 -0.481243
vn -0.464945 0.743373 -0.480857
vn -0.495280 0.791946 -0.357098
vn -0.588004 0.725700 -0.357228
vn -0.613252 0.756871 -0.225982
vn -0.680498 0.696996 -0.226095
vn -0.655280 0.755386 -0.000944
vn -0.754205 0.656639 -0.000167
vn -0.761993 0.606895 -0.225932
vn -0.811074 0.584944 -0.000099
vn -0.793488 0.565100 -0.225917
vn -0.818298 0.528521 -0.225951
vn -0.760799 0.541818 -0.357236
vn -0.784596 0.506754 -0.357225
vn -0.714032 0.508514 -0.481219
vn -0.736378 0.475609 -0.481191
vn -0.652791 0.464904 -0.598104
vn -0.673228 0.434818 -0.598078
vn -0.575977 0.410201 -0.707097
vn -0.594005 0.383648 -0.707087
vn -0.522198 0.230135 -0.821187
vn -0.636570 0.307881 -0.707098
vn -0.620398 0.339312 -0.707088
vn -0.608283 0.360544 -0.707107
vn -0.663906 0.290493 -0.689088
vn -0.721461 0.348941 -0.598109
vn -0.703140 0.384564 -0.598084
vn -0.689398 0.408623 -0.598129
vn -0.789141 0.381679 -0.481224
vn -0.852398 0.367291 -0.372177
vn -0.840828 0.406681 -0.357237
vn -0.876959 0.424155 -0.225910
vn -0.819465 0.448181 -0.357227
vn -0.854667 0.467434 -0.225941
vn -0.803475 0.476238 -0.357246
vn -0.838008 0.496707 -0.225885
vn -0.920591 0.390528 0.000000
vn -0.876693 0.481050 -0.000260
vn -0.849112 0.528214 -0.000153
vn -0.575628 0.817711 -0.000424
vn -0.516491 0.825841 -0.226328
vn -0.318873 0.877893 -0.357245
vn -0.185378 0.857105 -0.480631
vn -0.054120 0.866005 -0.497098
vn -0.457189 0.889366 -0.002579
vn -0.332575 0.915624 -0.225889
vn -0.197458 0.913027 -0.356919
vn -0.286075 0.958207 -0.000861
vn -0.205899 0.952062 -0.226238
vn -0.060192 0.963170 -0.262068
vn -0.062372 0.998053 -0.000000
vn -0.016346 0.261558 -0.965049
vn -0.059221 0.273719 -0.959985
vn -0.095611 0.263228 -0.959984
vn -0.148445 0.237317 -0.960023
vn -0.176291 0.217560 -0.959994
vn -0.195586 0.200331 -0.960007
vn -0.219056 0.174466 -0.959987
vn -0.228110 0.162454 -0.959987
vn -0.235236 0.151933 -0.959990
vn -0.240916 0.142797 -0.959984
vn -0.245693 0.134375 -0.959989
vn -0.030461 0.140791 -0.989571
vn 0.000000 0.000000 -1.000000
vn -0.000000 0.000000 -1.000000
vn -0.049178 0.135388 -0.989571
vn -0.000000 -0.000000 -1.000000
vn -0.076346 0.122067 -0.989581
vn -0.000000 -0.000000 -1.000000
vn -0.090676 0.111897 -0.989574
vn 0.000000 0.000000 -1.000000
vn -0.100595 0.103040 -0.989577
vn 0.000000 -0.000000 -1.000000
vn -0.112669 0.089735 -0.989572
vn 0.000000 -0.000000 -1.000000
vn -0.117327 0.083556 -0.989572
vn -0.000000 0.000000 -1.000000
vn -0.120991 0.078146 -0.989573
vn -0.123913 0.073446 -0.989571
vn -0.126370 0.069114 -0.989573
vn -0.769100 0.420637 -0.481197
vn -0.754075 0.446958 -0.481247
vn -0.730605 0.581897 -0.357227
vn -0.652494 0.668322 -0.357208
vn -0.685703 0.546129 -0.481201
vn -0.612428 0.627269 -0.481109
vn -0.551865 0.681108 -0.481182
vn -0.626900 0.499288 -0.598087
vn -0.559924 0.573472 -0.598009
vn -0.504530 0.622703 -0.598072
vn -0.425144 0.679643 -0.597778
vn -0.553134 0.440533 -0.707088
vn -0.494017 0.505957 -0.707075
vn -0.445150 0.549422 -0.707091
vn -0.375105 0.599581 -0.706964
vn -0.241392 0.664629 -0.707105
vn 0.000000 -0.000000 -1.000000
vn 0.000000 -0.000000 -1.000000
vn 1.000000 0.000000 0.000000
vn 1.000000 0.000000 0.000000
vn 1.000000 0.000000 0.000000
vn 1.000000 0.000000 0.000000
vn 1.000000 0.000000 0.000000
vn 1.000000 0.000000 0.000000
vn 1.000000 0.000000 0.000000
vn 1.000000 0.000000 0.000000
vn 1.000000 0.000000 0.000000
vn 1.000000 0.000000 0.000000
vn 1.000000 0.000000 0.000000
vn 1.000000 0.000000 0.000000
vn 1.000000 0.000000 0.000000
vn 1.000000 0.000000 0.000000
vn 1.000000 0.000000 0.000000
vn 1.000000 0.000000 0.000000
vn -0.016143 0.258315 0.965926
vn -0.016143 0.258315 0.965926
vn -0.000000 0.000000 1.000000
vn -0.016143 0.258315 0.965926
vn -0.016143 0.258315 0.965926
vn -0.031186 0.499026 0.866025
vn -0.031186 0.499026 0.866025
vn -0.044104 0.705730 0.707107
vn -0.044104 0.705730 0.707107
vn -0.054016 0.864339 0.500000
vn -0.054016 0.864339 0.500000
vn -0.060247 0.964045 0.258819
vn -0.060247 0.964045 0.258819
vn -0.062372 0.998053 -0.000000
vn -0.062372 0.998053 -0.000000
vn -0.060247 0.964045 -0.258819
vn -0.060247 0.964045 -0.258819
vn -0.054016 0.864339 -0.500000
vn -0.054016 0.864339 -0.500000
vn -0.044104 0.705730 -0.707107
vn -0.044104 0.705730 -0.707107
vn -0.031186 0.499026 -0.866025
vn -0.031186 0.499026 -0.866025
vn -0.016143 0.258315 -0.965926
vn -0.016143 0.258315 -0.965926
vn 0.000000 -0.000000 -1.000000
vn -0.016143 0.258315 -0.965926
vn -0.016143 0.258315 -0.965926
vn -0.031186 0.499026 -0.866025
vn -0.031186 0.499026 -0.866025
vn -0.044104 0.705730 -0.707107
vn -0.044104 0.705730 -0.707107
vn -0.054016 0.864339 -0.500000
vn -0.054016 0.864339 -0.500000
vn -0.060247 0.964045 -0.258819
vn -0.060247 0.964045 -0.258819
vn -0.062372 0.998053 -0.000000
vn -0.062372 0.998053 -0.000000
vn -0.060247 0.964045 0.258819
vn -0.060247 0.964045 0.258819
vn -0.054016 0.864339 0.500000
vn -0.054016 0.864339 0.500000
vn -0.044104 0.705730 0.707107
vn -0.044104 0.705730 0.707107
vn -0.031186 0.499026 0.866025
vn -0.031186 0.499026 0.866025
vn -0.016143 0.258315 0.965926
vn -0.016143 0.258315 0.965926
vn 0.000000 -0.000000 1.000000
vn -0.031186 0.499026 0.866025
vn -0.031186 0.499026 0.866025
vn -0.044104 0.705730 0.707107
vn -0.044104 0.705730 0.707107
vn -0.054016 0.864339 0.500000
vn -0.054016 0.864339 0.500000
vn -0.060247 0.964045 0.258819
vn -0.060247 0.964045 0.258819
vn -0.062372 0.998053 0.000000
vn -0.062372 0.998053 0.000000
vn -0.060247 0.964045 -0.258819
vn -0.060247 0.964045 -0.258819
vn -0.054016 0.864339 -0.500000
vn -0.054016 0.864339 -0.500000
vn -0.044104 0.705730 -0.707107
vn -0.044104 0.705730 -0.707107
vn -0.031186 0.499026 -0.866025
vn -0.031186 0.499026 -0.866025
vn -0.016143 0.258315 -0.965926
vn -0.016143 0.258315 -0.965926
vn -0.000000 0.000000 -1.000000
vn -0.016143 0.258315 -0.965926
vn -0.016143 0.258315 -0.965926
vn -0.031186 0.499026 -0.866025
vn -0.031186 0.499026 -0.866025
vn -0.044104 0.705730 -0.707107
vn -0.044104 0.705730 -0.707107
vn -0.054016 0.864339 -0.500000
vn -0.054016 0.864339 -0.500000
vn -0.060247 0.964045 -0.258819
vn -0.060247 0.964045 -0.258819
vn -0.062372 0.998053 0.000000
vn -0.062372 0.998053 0.000000
vn -0.060247 0.964045 0.258819
vn -0.060247 0.964045 0.258819
vn -0.054016 0.864339 0.500000
vn -0.054016 0.864339 0.500000
vn -0.044104 0.705730 0.707107
vn -0.044104 0.705730 0.707107
vn -0.031186 0.499026 0.866025
vn -0.016143 0.258315 -0.965926
vn -0.016143 0.258315 -0.965926
vn -0.016143 0.258315 -0.965926
vn -0.031186 0.499026 -0.866025
vn -0.031186 0.499026 -0.866025
vn -0.044104 0.705730 -0.707107
vn -0.044104 0.705730 -0.707107
vn -0.054016 0.864339 -0.500000
vn -0.016143 0.258315 0.965926
vn -0.016143 0.258315 0.965926
vn -0.016143 0.258315 0.965926
vn -0.031186 0.499026 0.866025
vn -0.031186 0.499026 0.866025
vn -0.044104 0.705730 0.707107
vn -0.044104 0.705730 0.707107
vn -0.054016 0.864339 0.500000
vn -0.054016 0.864339 0.500000
vn -0.060247 0.964045 0.258819
vn -0.016143 0.258315 0.965926
vn -0.016143 0.258315 0.965926
vn -0.016143 0.258315 0.965926
vn -0.031186 0.499026 0.866025
vn -0.031186 0.499026 0.866025
vn -0.044104 0.705730 0.707107
vn -0.044104 0.705730 0.707107
vn -0.054016 0.864339 0.500000
vn -0.054016 0.864339 0.500000
vn -0.060247 0.964045 0.258819
vn -0.060247 0.964045 0.258819
vn -0.062372 0.998053 -0.000000
vn -0.062372 0.998053 -0.000000
vn -0.060247 0.964045 -0.258819
vn -0.060247 0.964045 -0.258819
vn -0.054016 0.864339 -0.500000
vn -0.054016 0.864339 -0.500000
vn -0.044104 0.705730 -0.707107
vn -0.031186 0.499026 0.866025
vn -0.016143 0.258315 0.965926
vn -0.031186 0.499026 0.866025
vn -0.031186 0.499026 0.866025
vn -0.044104 0.705730 0.707107
vn -0.016143 0.258315 0.965926
vn -0.016143 0.258315 0.965926
vn -0.016143 0.258315 0.965926
vn -0.031186 0.499026 0.866025
vn -0.031186 0.499026 0.866025
vn -0.044104 0.705730 0.707107
vn -0.044104 0.705730 0.707107
vn -0.054016 0.864339 0.500000
vn -0.060247 0.964045 0.258819
vn -0.062372 0.998053 -0.000000
vn -0.044104 0.705730 0.707107
vn -0.054016 0.864339 0.500000
vn -0.060247 0.964045 0.258819
vn -0.062372 0.998053 0.000000
vn -0.060247 0.964045 -0.258819
vn -0.054016 0.864339 0.500000
vn -0.054016 0.864339 0.500000
vn -0.060247 0.964045 0.258819
vn -0.062372 0.998053 -0.000000
vn -0.060247 0.964045 -0.258819
vn -0.054016 0.864339 -0.500000
vn -0.044104 0.705730 -0.707107
vn -0.031186 0.499026 -0.866025
vn -0.016143 0.258315 -0.965926
vn -0.060247 0.964045 0.258819
vn -0.060247 0.964045 0.258819
vn -0.062372 0.998053 -0.000000
vn -0.060247 0.964045 -0.258819
vn -0.062372 0.998053 -0.000000
vn -0.060247 0.964045 -0.258819
vn -0.054016 0.864339 -0.500000
vn -0.062372 0.998053 -0.000000
vn -0.060247 0.964045 -0.258819
vn -0.054016 0.864339 -0.500000
vn -0.044104 0.705730 -0.707107
vn -0.031186 0.499026 -0.866025
vn -0.016143 0.258315 -0.965926
vn -0.060247 0.964045 -0.258819
vn -0.054016 0.864339 -0.500000
vn -0.044104 0.705730 -0.707107
vn -0.054016 0.864339 -0.500000
vn -0.044104 0.705730 -0.707107
vn -0.031186 0.499026 -0.866025
vn -0.016143 0.258315 -0.965926
vn -0.044104 0.705730 -0.707107
vn -0.031186 0.499026 -0.866025
vn -0.016143 0.258315 -0.965926
vn -0.031186 0.499026 -0.866025
vn -0.031186 0.499026 -0.866025
vn -0.016143 0.258315 -0.965926
vn -0.850909 0.366662 0.376182
vn -0.888318 0.399825 0.225903
vn -0.871167 0.435941 0.225884
vn -0.876971 0.480544 0.000299
vn -0.852308 0.471717 0.225953
vn -0.829624 0.510578 0.225909
vn -0.817206 0.452290 0.357224
vn -0.795443 0.489542 0.357238
vn -0.766984 0.424492 0.481188
vn -0.746544 0.459450 0.481226
vn -0.701209 0.388087 0.598076
vn -0.682514 0.420046 0.598110
vn -0.618693 0.342416 0.707085
vn -0.602204 0.370623 0.707099
vn -0.463262 0.256393 0.848322
vn -0.450934 0.277524 0.848316
vn -0.357274 0.197735 0.912829
vn -0.347774 0.214034 0.912821
vn -0.245012 0.135603 0.959990
vn -0.238500 0.146781 0.959986
vn -0.126020 0.069747 0.989573
vn -0.122670 0.075495 0.989572
vn 0.000000 -0.000000 1.000000
vn 0.000000 -0.000000 1.000000
vn -0.662023 0.289632 0.691259
vn -0.799360 0.359785 0.481226
vn -0.851718 0.383352 0.357236
vn -0.527315 0.232276 0.817305
vn -0.644814 0.290222 0.707097
vn -0.730803 0.328926 0.598109
vn -0.783912 0.392279 0.481247
vn -0.835267 0.417977 0.357246
vn -0.482843 0.217321 0.848313
vn -0.378404 0.167705 0.910322
vn -0.372384 0.167605 0.912819
vn -0.255377 0.114942 0.959985
vn -0.365195 0.182748 0.912817
vn -0.250448 0.125327 0.959984
vn -0.205919 0.091758 0.974257
vn -0.131351 0.059119 0.989572
vn -0.128816 0.064461 0.989571
vn -0.107652 0.048082 0.993025
vn -0.000000 -0.000000 1.000000
vn -0.118511 0.081856 0.989573
vn 0.000000 -0.000000 1.000000
vn -0.108842 0.094330 0.989573
vn 0.000000 -0.000000 1.000000
vn -0.100968 0.102708 0.989574
vn 0.000000 0.000000 1.000000
vn -0.089492 0.112809 0.989578
vn 0.000000 0.000000 1.000000
vn -0.077429 0.121424 0.989576
vn 0.000000 0.000000 1.000000
vn -0.060800 0.130563 0.989574
vn -0.000000 -0.000000 1.000000
vn -0.037835 0.138986 0.989571
vn -0.000000 0.000000 1.000000
vn -0.016346 0.261558 0.965049
vn -0.031005 0.496131 0.867694
vn -0.107258 0.394030 0.912818
vn -0.073558 0.270222 0.959984
vn -0.139071 0.510907 0.848312
vn -0.185725 0.682283 0.707104
vn -0.210504 0.773263 0.598124
vn -0.298579 0.641147 0.706952
vn -0.338369 0.726704 0.597835
vn -0.380136 0.596286 0.707064
vn -0.430861 0.675833 0.598003
vn -0.439553 0.553965 0.707047
vn -0.498192 0.627901 0.597951
vn -0.495703 0.504289 0.707086
vn -0.561825 0.571550 0.598066
vn -0.534387 0.463089 0.707092
vn -0.605657 0.524859 0.598082
vn -0.581837 0.401860 0.707089
vn -0.659436 0.455460 0.598080
vn -0.054120 0.866005 0.497098
vn -0.230267 0.845803 0.481242
vn -0.370032 0.794847 0.480931
vn -0.471285 0.739208 0.481105
vn -0.544887 0.686800 0.481045
vn -0.614530 0.625158 0.481176
vn -0.662464 0.574103 0.481194
vn -0.721292 0.498189 0.481192
vn -0.245361 0.901207 0.357244
vn -0.060192 0.963170 0.262068
vn -0.255905 0.939940 0.225888
vn -0.286912 0.957957 0.000329
vn -0.411077 0.883109 0.226129
vn -0.457519 0.889200 0.000415
vn -0.523674 0.821375 0.226073
vn -0.574861 0.818250 0.001549
vn -0.605411 0.763106 0.226156
vn -0.656218 0.754572 0.000169
vn -0.682885 0.694694 0.225981
vn -0.754746 0.656017 0.000358
vn -0.736160 0.637975 0.225959
vn -0.811278 0.584661 0.000417
vn -0.801534 0.553614 0.225953
vn -0.848747 0.528799 0.000068
vn -0.473518 0.236955 0.848312
vn -0.632351 0.316436 0.707107
vn -0.716676 0.358633 0.598129
vn -0.230415 0.159145 0.959990
vn -0.211618 0.183396 0.959992
vn -0.196304 0.199691 0.959994
vn -0.174001 0.219320 0.960012
vn -0.150531 0.236082 0.960003
vn -0.118214 0.253839 0.959995
vn -0.335990 0.232062 0.912830
vn -0.308584 0.267421 0.912832
vn -0.286246 0.291194 0.912836
vn -0.253748 0.319816 0.912869
vn -0.219496 0.344270 0.912853
vn -0.172391 0.370153 0.912835
vn -0.435665 0.300903 0.848324
vn -0.400132 0.346749 0.848327
vn -0.371163 0.377587 0.848332
vn -0.329063 0.414719 0.848366
vn -0.284613 0.446430 0.848349
vn -0.223551 0.479992 0.848311
vn -0.768521 0.530814 0.357227
vn -0.705838 0.611702 0.357229
vn -0.654768 0.666086 0.357223
vn -0.580509 0.731732 0.357181
vn -0.502134 0.787573 0.357199
vn -0.394181 0.846820 0.357095
vn -0.000000 0.000000 1.000000
vn -0.000000 0.000000 1.000000
vn -0.000000 -0.707107 0.707107
vn -0.000000 -0.707107 0.707107
vn -0.000000 -0.707107 0.707107
vn -0.000000 -0.707107 0.707107
vn -0.000000 -0.707107 0.707107
vn -0.000000 -0.707107 0.707107
vn -0.000000 -0.707107 0.707107
vn -0.000000 -0.707107 0.707107
vn -0.000000 -0.707107 0.707107
vn -0.000000 -0.707107 0.707107
vn 0.000000 -0.707107 -0.707107
vn 0.000000 -0.707107 -0.707107
vn 0.000000 -0.707107 -0.707107
vn 0.000000 -0.707107 -0.707107
vn 0.000000 -0.707107 -0.707107
vn 0.000000 -0.707107 -0.707107
vn 0.000000 -0.707107 -0.707107
vn 0.000000 -0.707107 -0.707107
vn 0.000000 -0.707107 -0.707107
f 3146/3683/3567 3117/3684/3568 3147/3685/3569
f 3147/3685/3569 3117/3684/3568 3118/3686/3570
f 3147/3685/3569 3118/3686/3570 3157/3687/3571
f 3157/3687/3571 3118/3686/3570 3119/3688/3572
f 3157/3687/3571 3119/3688/3572 3156/3689/3573
f 3156/3689/3573 3119/3688/3572 3155/3690/3574
f 3156/3689/3573 3155/3690/3574 3169/3691/3575
f 3169/3691/3575 3155/3690/3574 3170/3692/3576
f 3169/3691/3575 3170/3692/3576 3164/3693/3577
f 3164/3693/3577 3170/3692/3576 3163/3694/3578
f 3164/3693/3577 3163/3694/3578 3181/3695/3579
f 3181/3695/3579 3163/3694/3578 3180/3696/3580
f 3181/3695/3579 3180/3696/3580 3194/3697/3581
f 3194/3697/3581 3180/3696/3580 3195/3698/3582
f 3194/3697/3581 3195/3698/3582 3190/3699/3583
f 3190/3699/3583 3195/3698/3582 3189/3700/3584
f 3190/3699/3583 3189/3700/3584 3207/3701/3585
f 3207/3701/3585 3189/3700/3584 3206/3702/3586
f 3207/3701/3585 3206/3702/3586 3216/3703/3587
f 3216/3703/3587 3206/3702/3586 3215/3704/3588
f 3216/3703/3587 3215/3704/3588 3225/3705/3589
f 3225/3705/3589 3215/3704/3588 3224/3706/3590
f 3225/3705/3589 3224/3706/3590 3234/3707/3591
f 3234/3707/3591 3224/3706/3590 3233/3708/3592
f 3234/3707/3591 3233/3708/3592 3243/3709/3593
f 3243/3709/3593 3233/3708/3592 3242/3710/3594
f 3243/3709/3593 3242/3710/3594 3136/3711/3595
f 3136/3711/3595 3242/3710/3594 3135/3712/3596
f 3135/3712/3596 3242/3710/3594 3241/3713/3597
f 3135/3712/3596 3241/3713/3597 3240/3714/3598
f 3240/3714/3598 3241/3713/3597 3231/3715/3599
f 3240/3714/3598 3231/3715/3599 3230/3716/3600
f 3230/3716/3600 3231/3715/3599 3221/3717/3601
f 3230/3716/3600 3221/3717/3601 3220/3718/3602
f 3220/3718/3602 3221/3717/3601 3211/3719/3603
f 3220/3718/3602 3211/3719/3603 3210/3720/3604
f 3210/3720/3604 3211/3719/3603 3201/3721/3605
f 3210/3720/3604 3201/3721/3605 3128/3722/3606
f 3128/3722/3606 3201/3721/3605 3127/3723/3607
f 3127/3723/3607 3201/3721/3605 3184/3724/3608
f 3127/3723/3607 3184/3724/3608 3126/3725/3609
f 3126/3725/3609 3184/3724/3608 3200/3726/3610
f 3126/3725/3609 3200/3726/3610 3150/3727/3611
f 3150/3727/3611 3200/3726/3610 3199/3728/3612
f 3150/3727/3611 3199/3728/3612 3176/3729/3613
f 3176/3729/3613 3199/3728/3612 3198/3730/3614
f 3176/3729/3613 3198/3730/3614 3177/3731/3615
f 3177/3731/3615 3198/3730/3614 3197/3732/3616
f 3177/3731/3615 3197/3732/3616 3178/3733/3617
f 3178/3733/3617 3197/3732/3616 3196/3734/3618
f 3178/3733/3617 3196/3734/3618 3179/3735/3619
f 3179/3735/3619 3196/3734/3618 3195/3698/3582
f 3179/3735/3619 3195/3698/3582 3180/3696/3580
f 3119/3688/3572 3120/3736/3620 3155/3690/3574
f 3155/3690/3574 3120/3736/3620 3154/3737/3621
f 3155/3690/3574 3154/3737/3621 3170/3692/3576
f 3170/3692/3576 3154/3737/3621 3171/3738/3622
f 3170/3692/3576 3171/3738/3622 3163/3694/3578
f 3163/3694/3578 3171/3738/3622 3162/3739/3623
f 3163/3694/3578 3162/3739/3623 3180/3696/3580
f 3180/3696/3580 3162/3739/3623 3179/3735/3619
f 3120/3736/3620 3121/3740/3624 3154/3737/3621
f 3154/3737/3621 3121/3740/3624 3153/3741/3625
f 3154/3737/3621 3153/3741/3625 3171/3738/3622
f 3171/3738/3622 3153/3741/3625 3172/3742/3626
f 3171/3738/3622 3172/3742/3626 3162/3739/3623
f 3162/3739/3623 3172/3742/3626 3161/3743/3627
f 3162/3739/3623 3161/3743/3627 3179/3735/3619
f 3179/3735/3619 3161/3743/3627 3178/3733/3617
f 3153/3741/3625 3121/3740/3624 3152/3744/3628
f 3152/3744/3628 3121/3740/3624 3122/3745/3629
f 3152/3744/3628 3122/3745/3629 3151/3746/3630
f 3151/3746/3630 3122/3745/3629 3148/3747/3631
f 3151/3746/3630 3148/3747/3631 3174/3748/3632
f 3174/3748/3632 3148/3747/3631 3175/3749/3633
f 3174/3748/3632 3175/3749/3633 3159/3750/3634
f 3159/3750/3634 3175/3749/3633 3158/3751/3635
f 3159/3750/3634 3158/3751/3635 3176/3729/3613
f 3176/3729/3613 3158/3751/3635 3150/3727/3611
f 3122/3745/3629 3123/3752/3636 3148/3747/3631
f 3148/3747/3631 3123/3752/3636 3124/3753/3637
f 3148/3747/3631 3124/3753/3637 3175/3749/3633
f 3175/3749/3633 3124/3753/3637 3158/3751/3635
f 3124/3753/3637 3125/3754/3638 3158/3751/3635
f 3158/3751/3635 3125/3754/3638 3150/3727/3611
f 3125/3754/3638 3126/3725/3609 3150/3727/3611
f 3128/3722/3606 3129/3755/3639 3210/3720/3604
f 3210/3720/3604 3129/3755/3639 3219/3756/3640
f 3210/3720/3604 3219/3756/3640 3220/3718/3602
f 3220/3718/3602 3219/3756/3640 3229/3757/3641
f 3220/3718/3602 3229/3757/3641 3230/3716/3600
f 3230/3716/3600 3229/3757/3641 3239/3758/3642
f 3230/3716/3600 3239/3758/3642 3240/3714/3598
f 3240/3714/3598 3239/3758/3642 3134/3759/3643
f 3240/3714/3598 3134/3759/3643 3135/3712/3596
f 3129/3755/3639 3130/3760/3644 3219/3756/3640
f 3219/3756/3640 3130/3760/3644 3228/3761/3645
f 3219/3756/3640 3228/3761/3645 3229/3757/3641
f 3229/3757/3641 3228/3761/3645 3238/3762/3646
f 3229/3757/3641 3238/3762/3646 3239/3758/3642
f 3239/3758/3642 3238/3762/3646 3134/3759/3643
f 3130/3760/3644 3131/3763/3647 3228/3761/3645
f 3228/3761/3645 3131/3763/3647 3237/3764/3648
f 3228/3761/3645 3237/3764/3648 3238/3762/3646
f 3238/3762/3646 3237/3764/3648 3133/3765/3649
f 3238/3762/3646 3133/3765/3649 3134/3759/3643
f 3131/3763/3647 3132/3766/3650 3237/3764/3648
f 3237/3764/3648 3132/3766/3650 3133/3765/3649
f 3136/3711/3595 3137/3767/3651 3243/3709/3593
f 3243/3709/3593 3137/3767/3651 3244/3768/3652
f 3243/3709/3593 3244/3768/3652 3234/3707/3591
f 3234/3707/3591 3244/3768/3652 3235/3769/3653
f 3234/3707/3591 3235/3769/3653 3225/3705/3589
f 3225/3705/3589 3235/3769/3653 3226/3770/3654
f 3225/3705/3589 3226/3770/3654 3216/3703/3587
f 3216/3703/3587 3226/3770/3654 3217/3771/3655
f 3216/3703/3587 3217/3771/3655 3207/3701/3585
f 3207/3701/3585 3217/3771/3655 3208/3772/3656
f 3207/3701/3585 3208/3772/3656 3190/3699/3583
f 3190/3699/3583 3208/3772/3656 3191/3773/3657
f 3190/3699/3583 3191/3773/3657 3194/3697/3581
f 3194/3697/3581 3191/3773/3657 3193/3774/3658
f 3194/3697/3581 3193/3774/3658 3181/3695/3579
f 3181/3695/3579 3193/3774/3658 3182/3775/3659
f 3181/3695/3579 3182/3775/3659 3164/3693/3577
f 3164/3693/3577 3182/3775/3659 3165/3776/3660
f 3164/3693/3577 3165/3776/3660 3169/3691/3575
f 3169/3691/3575 3165/3776/3660 3168/3777/3661
f 3169/3691/3575 3168/3777/3661 3156/3689/3573
f 3156/3689/3573 3168/3777/3661 3157/3687/3571
f 3244/3768/3652 3137/3767/3651 3245/3778/3662
f 3245/3778/3662 3137/3767/3651 3138/3779/3663
f 3245/3778/3662 3138/3779/3663 3139/3780/3664
f 3245/3778/3662 3139/3780/3664 3236/3781/3665
f 3236/3781/3665 3139/3780/3664 3140/3782/3666
f 3236/3781/3665 3140/3782/3666 3227/3783/3667
f 3227/3783/3667 3140/3782/3666 3141/3784/3668
f 3227/3783/3667 3141/3784/3668 3218/3785/3669
f 3218/3785/3669 3141/3784/3668 3142/3786/3670
f 3218/3785/3669 3142/3786/3670 3209/3787/3671
f 3209/3787/3671 3142/3786/3670 3143/3788/3672
f 3209/3787/3671 3143/3788/3672 3192/3789/3673
f 3192/3789/3673 3143/3788/3672 3144/3790/3674
f 3192/3789/3673 3144/3790/3674 3149/3791/3675
f 3149/3791/3675 3144/3790/3674 3145/3792/3676
f 3149/3791/3675 3145/3792/3676 3183/3793/3677
f 3183/3793/3677 3145/3792/3676 3166/3794/3678
f 3183/3793/3677 3166/3794/3678 3165/3776/3660
f 3165/3776/3660 3166/3794/3678 3168/3777/3661
f 3145/3792/3676 3146/3683/3567 3166/3794/3678
f 3166/3794/3678 3146/3683/3567 3167/3795/3679
f 3166/3794/3678 3167/3795/3679 3168/3777/3661
f 3168/3777/3661 3167/3795/3679 3157/3687/3571
f 3167/3795/3679 3146/3683/3567 3147/3685/3569
f 3172/3742/3626 3153/3741/3625 3152/3744/3628
f 3152/3744/3628 3151/3746/3630 3173/3796/3680
f 3173/3796/3680 3151/3746/3630 3174/3748/3632
f 3173/3796/3680 3174/3748/3632 3160/3797/3681
f 3160/3797/3681 3174/3748/3632 3159/3750/3634
f 3160/3797/3681 3159/3750/3634 3177/3731/3615
f 3177/3731/3615 3159/3750/3634 3176/3729/3613
f 3167/3795/3679 3147/3685/3569 3157/3687/3571
f 3160/3797/3681 3161/3743/3627 3173/3796/3680
f 3173/3796/3680 3161/3743/3627 3172/3742/3626
f 3173/3796/3680 3172/3742/3626 3152/3744/3628
f 3177/3731/3615 3178/3733/3617 3160/3797/3681
f 3160/3797/3681 3178/3733/3617 3161/3743/3627
f 3183/3793/3677 3165/3776/3660 3182/3775/3659
f 3149/3791/3675 3183/3793/3677 3182/3775/3659
f 3149/3791/3675 3182/3775/3659 3193/3774/3658
f 3199/3728/3612 3200/3726/3610 3185/3798/3682
f 3185/3798/3682 3200/3726/3610 3184/3724/3608
f 3185/3798/3682 3184/3724/3608 3202/3799/3683
f 3202/3799/3683 3184/3724/3608 3201/3721/3605
f 3202/3799/3683 3201/3721/3605 3211/3719/3603
f 3198/3730/3614 3199/3728/3612 3186/3800/3684
f 3186/3800/3684 3199/3728/3612 3185/3798/3682
f 3186/3800/3684 3185/3798/3682 3203/3801/3685
f 3203/3801/3685 3185/3798/3682 3202/3799/3683
f 3203/3801/3685 3202/3799/3683 3212/3802/3686
f 3212/3802/3686 3202/3799/3683 3211/3719/3603
f 3212/3802/3686 3211/3719/3603 3221/3717/3601
f 3197/3732/3616 3198/3730/3614 3187/3803/3687
f 3187/3803/3687 3198/3730/3614 3186/3800/3684
f 3187/3803/3687 3186/3800/3684 3204/3804/3688
f 3204/3804/3688 3186/3800/3684 3203/3801/3685
f 3204/3804/3688 3203/3801/3685 3213/3805/3689
f 3213/3805/3689 3203/3801/3685 3212/3802/3686
f 3213/3805/3689 3212/3802/3686 3222/3806/3690
f 3222/3806/3690 3212/3802/3686 3221/3717/3601
f 3222/3806/3690 3221/3717/3601 3231/3715/3599
f 3196/3734/3618 3197/3732/3616 3188/3807/3691
f 3188/3807/3691 3197/3732/3616 3187/3803/3687
f 3188/3807/3691 3187/3803/3687 3205/3808/3692
f 3205/3808/3692 3187/3803/3687 3204/3804/3688
f 3205/3808/3692 3204/3804/3688 3214/3809/3693
f 3214/3809/3693 3204/3804/3688 3213/3805/3689
f 3214/3809/3693 3213/3805/3689 3223/3810/3694
f 3223/3810/3694 3213/3805/3689 3222/3806/3690
f 3223/3810/3694 3222/3806/3690 3232/3811/3695
f 3232/3811/3695 3222/3806/3690 3231/3715/3599
f 3232/3811/3695 3231/3715/3599 3241/3713/3597
f 3195/3698/3582 3196/3734/3618 3189/3700/3584
f 3189/3700/3584 3196/3734/3618 3188/3807/3691
f 3189/3700/3584 3188/3807/3691 3206/3702/3586
f 3206/3702/3586 3188/3807/3691 3205/3808/3692
f 3206/3702/3586 3205/3808/3692 3215/3704/3588
f 3215/3704/3588 3205/3808/3692 3214/3809/3693
f 3215/3704/3588 3214/3809/3693 3224/3706/3590
f 3224/3706/3590 3214/3809/3693 3223/3810/3694
f 3224/3706/3590 3223/3810/3694 3233/3708/3592
f 3233/3708/3592 3223/3810/3694 3232/3811/3695
f 3233/3708/3592 3232/3811/3695 3242/3710/3594
f 3242/3710/3594 3232/3811/3695 3241/3713/3597
f 3149/3791/3675 3193/3774/3658 3192/3789/3673
f 3192/3789/3673 3193/3774/3658 3191/3773/3657
f 3192/3789/3673 3191/3773/3657 3209/3787/3671
f 3209/3787/3671 3191/3773/3657 3208/3772/3656
f 3209/3787/3671 3208/3772/3656 3218/3785/3669
f 3218/3785/3669 3208/3772/3656 3217/3771/3655
f 3218/3785/3669 3217/3771/3655 3227/3783/3667
f 3227/3783/3667 3217/3771/3655 3226/3770/3654
f 3227/3783/3667 3226/3770/3654 3236/3781/3665
f 3236/3781/3665 3226/3770/3654 3235/3769/3653
f 3236/3781/3665 3235/3769/3653 3245/3778/3662
f 3245/3778/3662 3235/3769/3653 3244/3768/3652
f 3117/3812/3568 3146/3813/3567 3247/3814/3696
f 3247/3814/3696 3146/3813/3567 3145/3815/3676
f 3247/3814/3696 3145/3815/3676 3144/3816/3674
f 3144/3816/3674 3143/3817/3672 3247/3814/3696
f 3247/3814/3696 3143/3817/3672 3142/3818/3670
f 3247/3814/3696 3142/3818/3670 3138/3819/3663
f 3138/3819/3663 3142/3818/3670 3141/3820/3668
f 3138/3819/3663 3141/3820/3668 3140/3821/3666
f 3140/3821/3666 3139/3822/3664 3138/3819/3663
f 3138/3819/3663 3246/3823/3697 3247/3814/3696
f 3248/3824/3698 3249/3825/3699 3246/3826/3700
f 3246/3826/3700 3249/3825/3699 3247/3827/3701
f 3247/3827/3701 3249/3825/3699 3250/3828/3702
f 3247/3827/3701 3250/3828/3702 3251/3829/3703
f 3247/3827/3701 3251/3829/3703 3261/3830/3704
f 3261/3830/3704 3251/3829/3703 3252/3831/3705
f 3261/3830/3704 3252/3831/3705 3253/3832/3706
f 3253/3832/3706 3254/3833/3707 3261/3830/3704
f 3261/3830/3704 3254/3833/3707 3255/3834/3708
f 3261/3830/3704 3255/3834/3708 3260/3835/3709
f 3260/3835/3709 3255/3834/3708 3256/3836/3710
f 3260/3835/3709 3256/3836/3710 3257/3837/3711
f 3258/3838/3712 3259/3839/3713 3257/3837/3711
f 3257/3837/3711 3259/3839/3713 3260/3835/3709
f 3258/3840/3714 3268/3841/3715 3259/3842/3716
f 3259/3842/3716 3268/3841/3715 3269/3843/3717
f 3259/3842/3716 3269/3843/3717 3270/3844/3718
f 3270/3844/3718 3269/3843/3717 3284/3845/3719
f 3270/3844/3718 3284/3845/3719 3285/3846/3720
f 3285/3846/3720 3284/3845/3719 3299/3847/3721
f 3285/3846/3720 3299/3847/3721 3300/3848/3722
f 3300/3848/3722 3299/3847/3721 3314/3849/3723
f 3300/3848/3722 3314/3849/3723 3315/3850/3724
f 3315/3850/3724 3314/3849/3723 3329/3851/3725
f 3315/3850/3724 3329/3851/3725 3330/3852/3726
f 3330/3852/3726 3329/3851/3725 3344/3853/3727
f 3330/3852/3726 3344/3853/3727 3345/3854/3728
f 3345/3854/3728 3344/3853/3727 3359/3855/3729
f 3345/3854/3728 3359/3855/3729 3360/3856/3730
f 3360/3856/3730 3359/3855/3729 3374/3857/3731
f 3360/3856/3730 3374/3857/3731 3375/3858/3732
f 3375/3858/3732 3374/3857/3731 3389/3859/3733
f 3375/3858/3732 3389/3859/3733 3390/3860/3734
f 3390/3860/3734 3389/3859/3733 3404/3861/3735
f 3390/3860/3734 3404/3861/3735 3405/3862/3736
f 3405/3862/3736 3404/3861/3735 3419/3863/3737
f 3405/3862/3736 3419/3863/3737 3420/3864/3738
f 3420/3864/3738 3419/3863/3737 3138/3865/3739
f 3420/3864/3738 3138/3865/3739 3421/3866/3740
f 3421/3866/3740 3138/3865/3739 3137/3867/3741
f 3421/3866/3740 3137/3867/3741 3407/3868/3742
f 3407/3868/3742 3137/3867/3741 3136/3869/3743
f 3407/3868/3742 3136/3869/3743 3393/3870/3744
f 3393/3870/3744 3136/3869/3743 3135/3871/3745
f 3393/3870/3744 3135/3871/3745 3379/3872/3746
f 3379/3872/3746 3135/3871/3745 3134/3873/3747
f 3379/3872/3746 3134/3873/3747 3365/3874/3748
f 3365/3874/3748 3134/3873/3747 3133/3875/3749
f 3365/3874/3748 3133/3875/3749 3351/3876/3750
f 3351/3876/3750 3133/3875/3749 3132/3877/3751
f 3351/3876/3750 3132/3877/3751 3337/3878/3752
f 3337/3878/3752 3132/3877/3751 3262/3879/3753
f 3337/3878/3752 3262/3879/3753 3323/3880/3754
f 3323/3880/3754 3262/3879/3753 3263/3881/3755
f 3323/3880/3754 3263/3881/3755 3309/3882/3756
f 3309/3882/3756 3263/3881/3755 3264/3883/3757
f 3309/3882/3756 3264/3883/3757 3295/3884/3758
f 3295/3884/3758 3264/3883/3757 3265/3885/3759
f 3295/3884/3758 3265/3885/3759 3281/3886/3760
f 3281/3886/3760 3265/3885/3759 3266/3887/3761
f 3281/3886/3760 3266/3887/3761 3267/3888/3762
f 3268/3841/3715 3258/3840/3714 3282/3889/3763
f 3282/3889/3763 3258/3840/3714 3257/3890/3764
f 3282/3889/3763 3257/3890/3764 3296/3891/3765
f 3296/3891/3765 3257/3890/3764 3256/3892/3766
f 3296/3891/3765 3256/3892/3766 3310/3893/3767
f 3310/3893/3767 3256/3892/3766 3255/3894/3768
f 3310/3893/3767 3255/3894/3768 3324/3895/3769
f 3324/3895/3769 3255/3894/3768 3254/3896/3770
f 3324/3895/3769 3254/3896/3770 3338/3897/3771
f 3338/3897/3771 3254/3896/3770 3253/3898/3772
f 3338/3897/3771 3253/3898/3772 3252/3899/3773
f 3338/3897/3771 3252/3899/3773 3352/3900/3774
f 3352/3900/3774 3252/3899/3773 3251/3901/3775
f 3352/3900/3774 3251/3901/3775 3366/3902/3776
f 3366/3902/3776 3251/3901/3775 3250/3903/3777
f 3366/3902/3776 3250/3903/3777 3380/3904/3778
f 3380/3904/3778 3250/3903/3777 3249/3905/3779
f 3380/3904/3778 3249/3905/3779 3394/3906/3780
f 3394/3906/3780 3249/3905/3779 3248/3907/3781
f 3394/3906/3780 3248/3907/3781 3408/3908/3782
f 3408/3908/3782 3248/3907/3781 3246/3909/3783
f 3408/3908/3782 3246/3909/3783 3409/3910/3784
f 3409/3910/3784 3246/3909/3783 3410/3911/3785
f 3409/3910/3784 3410/3911/3785 3395/3912/3786
f 3395/3912/3786 3410/3911/3785 3396/3913/3787
f 3395/3912/3786 3396/3913/3787 3381/3914/3788
f 3381/3914/3788 3396/3913/3787 3382/3915/3789
f 3381/3914/3788 3382/3915/3789 3367/3916/3790
f 3367/3916/3790 3382/3915/3789 3368/3917/3791
f 3367/3916/3790 3368/3917/3791 3353/3918/3792
f 3353/3918/3792 3368/3917/3791 3354/3919/3793
f 3353/3918/3792 3354/3919/3793 3339/3920/3794
f 3339/3920/3794 3354/3919/3793 3340/3921/3795
f 3339/3920/3794 3340/3921/3795 3325/3922/3796
f 3325/3922/3796 3340/3921/3795 3326/3923/3797
f 3325/3922/3796 3326/3923/3797 3311/3924/3798
f 3311/3924/3798 3326/3923/3797 3312/3925/3799
f 3311/3924/3798 3312/3925/3799 3297/3926/3800
f 3297/3926/3800 3312/3925/3799 3298/3927/3801
f 3297/3926/3800 3298/3927/3801 3283/3928/3802
f 3283/3928/3802 3298/3927/3801 3284/3845/3719
f 3283/3928/3802 3284/3845/3719 3269/3843/3717
f 3138/3865/3739 3415/3929/3803 3246/3909/3783
f 3246/3909/3783 3415/3929/3803 3414/3930/3804
f 3246/3909/3783 3414/3930/3804 3413/3931/3805
f 3413/3931/3805 3414/3930/3804 3399/3932/3806
f 3413/3931/3805 3399/3932/3806 3398/3933/3807
f 3398/3933/3807 3399/3932/3806 3384/3934/3808
f 3398/3933/3807 3384/3934/3808 3383/3935/3809
f 3383/3935/3809 3384/3934/3808 3369/3936/3810
f 3383/3935/3809 3369/3936/3810 3368/3917/3791
f 3368/3917/3791 3369/3936/3810 3354/3919/3793
f 3259/3842/3716 3275/3937/3811 3267/3888/3762
f 3267/3888/3762 3275/3937/3811 3276/3938/3812
f 3267/3888/3762 3276/3938/3812 3277/3939/3813
f 3277/3939/3813 3276/3938/3812 3291/3940/3814
f 3277/3939/3813 3291/3940/3814 3292/3941/3815
f 3292/3941/3815 3291/3940/3814 3306/3942/3816
f 3292/3941/3815 3306/3942/3816 3307/3943/3817
f 3307/3943/3817 3306/3942/3816 3321/3944/3818
f 3307/3943/3817 3321/3944/3818 3322/3945/3819
f 3322/3945/3819 3321/3944/3818 3336/3946/3820
f 3322/3945/3819 3336/3946/3820 3337/3878/3752
f 3337/3878/3752 3336/3946/3820 3351/3876/3750
f 3283/3928/3802 3269/3843/3717 3268/3841/3715
f 3283/3928/3802 3268/3841/3715 3282/3889/3763
f 3270/3844/3718 3271/3947/3821 3259/3842/3716
f 3259/3842/3716 3271/3947/3821 3272/3948/3822
f 3259/3842/3716 3272/3948/3822 3273/3949/3823
f 3273/3949/3823 3272/3948/3822 3287/3950/3824
f 3273/3949/3823 3287/3950/3824 3288/3951/3825
f 3288/3951/3825 3287/3950/3824 3302/3952/3826
f 3288/3951/3825 3302/3952/3826 3303/3953/3827
f 3303/3953/3827 3302/3952/3826 3317/3954/3828
f 3303/3953/3827 3317/3954/3828 3318/3955/3829
f 3318/3955/3829 3317/3954/3828 3332/3956/3830
f 3318/3955/3829 3332/3956/3830 3333/3957/3831
f 3333/3957/3831 3332/3956/3830 3347/3958/3832
f 3333/3957/3831 3347/3958/3832 3348/3959/3833
f 3348/3959/3833 3347/3958/3832 3362/3960/3834
f 3348/3959/3833 3362/3960/3834 3363/3961/3835
f 3363/3961/3835 3362/3960/3834 3377/3962/3836
f 3363/3961/3835 3377/3962/3836 3378/3963/3837
f 3378/3963/3837 3377/3962/3836 3392/3964/3838
f 3378/3963/3837 3392/3964/3838 3393/3870/3744
f 3393/3870/3744 3392/3964/3838 3407/3868/3742
f 3270/3844/3718 3285/3846/3720 3271/3947/3821
f 3271/3947/3821 3285/3846/3720 3286/3965/3839
f 3271/3947/3821 3286/3965/3839 3272/3948/3822
f 3272/3948/3822 3286/3965/3839 3287/3950/3824
f 3275/3937/3811 3259/3842/3716 3274/3966/3840
f 3274/3966/3840 3259/3842/3716 3273/3949/3823
f 3274/3966/3840 3273/3949/3823 3288/3951/3825
f 3275/3937/3811 3274/3966/3840 3289/3967/3841
f 3289/3967/3841 3274/3966/3840 3288/3951/3825
f 3289/3967/3841 3288/3951/3825 3303/3953/3827
f 3276/3938/3812 3275/3937/3811 3290/3968/3842
f 3290/3968/3842 3275/3937/3811 3289/3967/3841
f 3290/3968/3842 3289/3967/3841 3304/3969/3843
f 3304/3969/3843 3289/3967/3841 3303/3953/3827
f 3304/3969/3843 3303/3953/3827 3318/3955/3829
f 3277/3939/3813 3278/3970/3844 3267/3888/3762
f 3267/3888/3762 3278/3970/3844 3279/3971/3845
f 3267/3888/3762 3279/3971/3845 3280/3972/3846
f 3280/3972/3846 3279/3971/3845 3294/3973/3847
f 3280/3972/3846 3294/3973/3847 3295/3884/3758
f 3295/3884/3758 3294/3973/3847 3309/3882/3756
f 3277/3939/3813 3292/3941/3815 3278/3970/3844
f 3278/3970/3844 3292/3941/3815 3293/3974/3848
f 3278/3970/3844 3293/3974/3848 3279/3971/3845
f 3279/3971/3845 3293/3974/3848 3294/3973/3847
f 3281/3886/3760 3267/3888/3762 3280/3972/3846
f 3295/3884/3758 3281/3886/3760 3280/3972/3846
f 3297/3926/3800 3283/3928/3802 3282/3889/3763
f 3297/3926/3800 3282/3889/3763 3296/3891/3765
f 3299/3847/3721 3284/3845/3719 3298/3927/3801
f 3285/3846/3720 3300/3848/3722 3286/3965/3839
f 3286/3965/3839 3300/3848/3722 3301/3975/3849
f 3286/3965/3839 3301/3975/3849 3287/3950/3824
f 3287/3950/3824 3301/3975/3849 3302/3952/3826
f 3276/3938/3812 3290/3968/3842 3291/3940/3814
f 3291/3940/3814 3290/3968/3842 3305/3976/3850
f 3291/3940/3814 3305/3976/3850 3306/3942/3816
f 3306/3942/3816 3305/3976/3850 3320/3977/3851
f 3306/3942/3816 3320/3977/3851 3321/3944/3818
f 3321/3944/3818 3320/3977/3851 3335/3978/3852
f 3321/3944/3818 3335/3978/3852 3336/3946/3820
f 3336/3946/3820 3335/3978/3852 3350/3979/3853
f 3336/3946/3820 3350/3979/3853 3351/3876/3750
f 3351/3876/3750 3350/3979/3853 3365/3874/3748
f 3305/3976/3850 3290/3968/3842 3304/3969/3843
f 3292/3941/3815 3307/3943/3817 3293/3974/3848
f 3293/3974/3848 3307/3943/3817 3308/3980/3854
f 3293/3974/3848 3308/3980/3854 3294/3973/3847
f 3294/3973/3847 3308/3980/3854 3309/3882/3756
f 3311/3924/3798 3297/3926/3800 3296/3891/3765
f 3311/3924/3798 3296/3891/3765 3310/3893/3767
f 3299/3847/3721 3298/3927/3801 3313/3981/3855
f 3313/3981/3855 3298/3927/3801 3312/3925/3799
f 3313/3981/3855 3312/3925/3799 3327/3982/3856
f 3327/3982/3856 3312/3925/3799 3326/3923/3797
f 3327/3982/3856 3326/3923/3797 3341/3983/3857
f 3341/3983/3857 3326/3923/3797 3340/3921/3795
f 3341/3983/3857 3340/3921/3795 3355/3984/3858
f 3355/3984/3858 3340/3921/3795 3354/3919/3793
f 3355/3984/3858 3354/3919/3793 3369/3936/3810
f 3300/3848/3722 3315/3850/3724 3301/3975/3849
f 3301/3975/3849 3315/3850/3724 3316/3985/3859
f 3301/3975/3849 3316/3985/3859 3302/3952/3826
f 3302/3952/3826 3316/3985/3859 3317/3954/3828
f 3305/3976/3850 3304/3969/3843 3319/3986/3860
f 3319/3986/3860 3304/3969/3843 3318/3955/3829
f 3319/3986/3860 3318/3955/3829 3333/3957/3831
f 3323/3880/3754 3309/3882/3756 3308/3980/3854
f 3323/3880/3754 3308/3980/3854 3322/3945/3819
f 3322/3945/3819 3308/3980/3854 3307/3943/3817
f 3325/3922/3796 3311/3924/3798 3310/3893/3767
f 3325/3922/3796 3310/3893/3767 3324/3895/3769
f 3299/3847/3721 3313/3981/3855 3314/3849/3723
f 3314/3849/3723 3313/3981/3855 3328/3987/3861
f 3314/3849/3723 3328/3987/3861 3329/3851/3725
f 3329/3851/3725 3328/3987/3861 3343/3988/3862
f 3329/3851/3725 3343/3988/3862 3344/3853/3727
f 3344/3853/3727 3343/3988/3862 3358/3989/3863
f 3344/3853/3727 3358/3989/3863 3359/3855/3729
f 3359/3855/3729 3358/3989/3863 3373/3990/3864
f 3359/3855/3729 3373/3990/3864 3374/3857/3731
f 3374/3857/3731 3373/3990/3864 3388/3991/3865
f 3374/3857/3731 3388/3991/3865 3389/3859/3733
f 3389/3859/3733 3388/3991/3865 3403/3992/3866
f 3389/3859/3733 3403/3992/3866 3404/3861/3735
f 3404/3861/3735 3403/3992/3866 3418/3993/3867
f 3404/3861/3735 3418/3993/3867 3419/3863/3737
f 3419/3863/3737 3418/3993/3867 3138/3865/3739
f 3328/3987/3861 3313/3981/3855 3327/3982/3856
f 3315/3850/3724 3330/3852/3726 3316/3985/3859
f 3316/3985/3859 3330/3852/3726 3331/3994/3868
f 3316/3985/3859 3331/3994/3868 3317/3954/3828
f 3317/3954/3828 3331/3994/3868 3332/3956/3830
f 3305/3976/3850 3319/3986/3860 3320/3977/3851
f 3320/3977/3851 3319/3986/3860 3334/3995/3869
f 3320/3977/3851 3334/3995/3869 3335/3978/3852
f 3335/3978/3852 3334/3995/3869 3349/3996/3870
f 3335/3978/3852 3349/3996/3870 3350/3979/3853
f 3350/3979/3853 3349/3996/3870 3364/3997/3871
f 3350/3979/3853 3364/3997/3871 3365/3874/3748
f 3365/3874/3748 3364/3997/3871 3379/3872/3746
f 3334/3995/3869 3319/3986/3860 3333/3957/3831
f 3337/3878/3752 3323/3880/3754 3322/3945/3819
f 3339/3920/3794 3325/3922/3796 3324/3895/3769
f 3339/3920/3794 3324/3895/3769 3338/3897/3771
f 3328/3987/3861 3327/3982/3856 3342/3998/3872
f 3342/3998/3872 3327/3982/3856 3341/3983/3857
f 3342/3998/3872 3341/3983/3857 3356/3999/3873
f 3356/3999/3873 3341/3983/3857 3355/3984/3858
f 3356/3999/3873 3355/3984/3858 3370/4000/3874
f 3370/4000/3874 3355/3984/3858 3369/3936/3810
f 3370/4000/3874 3369/3936/3810 3384/3934/3808
f 3330/3852/3726 3345/3854/3728 3331/3994/3868
f 3331/3994/3868 3345/3854/3728 3346/4001/3875
f 3331/3994/3868 3346/4001/3875 3332/3956/3830
f 3332/3956/3830 3346/4001/3875 3347/3958/3832
f 3349/3996/3870 3334/3995/3869 3348/3959/3833
f 3348/3959/3833 3334/3995/3869 3333/3957/3831
f 3353/3918/3792 3339/3920/3794 3338/3897/3771
f 3328/3987/3861 3342/3998/3872 3343/3988/3862
f 3343/3988/3862 3342/3998/3872 3357/4002/3876
f 3343/3988/3862 3357/4002/3876 3358/3989/3863
f 3358/3989/3863 3357/4002/3876 3372/4003/3877
f 3358/3989/3863 3372/4003/3877 3373/3990/3864
f 3373/3990/3864 3372/4003/3877 3387/4004/3878
f 3373/3990/3864 3387/4004/3878 3388/3991/3865
f 3388/3991/3865 3387/4004/3878 3402/4005/3879
f 3388/3991/3865 3402/4005/3879 3403/3992/3866
f 3403/3992/3866 3402/4005/3879 3417/4006/3880
f 3403/3992/3866 3417/4006/3880 3418/3993/3867
f 3418/3993/3867 3417/4006/3880 3138/3865/3739
f 3357/4002/3876 3342/3998/3872 3356/3999/3873
f 3345/3854/3728 3360/3856/3730 3346/4001/3875
f 3346/4001/3875 3360/3856/3730 3361/4007/3881
f 3346/4001/3875 3361/4007/3881 3347/3958/3832
f 3347/3958/3832 3361/4007/3881 3362/3960/3834
f 3364/3997/3871 3349/3996/3870 3363/3961/3835
f 3363/3961/3835 3349/3996/3870 3348/3959/3833
f 3367/3916/3790 3353/3918/3792 3352/3900/3774
f 3352/3900/3774 3353/3918/3792 3338/3897/3771
f 3357/4002/3876 3356/3999/3873 3371/4008/3882
f 3371/4008/3882 3356/3999/3873 3370/4000/3874
f 3371/4008/3882 3370/4000/3874 3385/4009/3883
f 3385/4009/3883 3370/4000/3874 3384/3934/3808
f 3385/4009/3883 3384/3934/3808 3399/3932/3806
f 3360/3856/3730 3375/3858/3732 3361/4007/3881
f 3361/4007/3881 3375/3858/3732 3376/4010/3884
f 3361/4007/3881 3376/4010/3884 3362/3960/3834
f 3362/3960/3834 3376/4010/3884 3377/3962/3836
f 3379/3872/3746 3364/3997/3871 3378/3963/3837
f 3378/3963/3837 3364/3997/3871 3363/3961/3835
f 3381/3914/3788 3367/3916/3790 3366/3902/3776
f 3366/3902/3776 3367/3916/3790 3352/3900/3774
f 3383/3935/3809 3368/3917/3791 3382/3915/3789
f 3357/4002/3876 3371/4008/3882 3372/4003/3877
f 3372/4003/3877 3371/4008/3882 3386/4011/3885
f 3372/4003/3877 3386/4011/3885 3387/4004/3878
f 3387/4004/3878 3386/4011/3885 3401/4012/3886
f 3387/4004/3878 3401/4012/3886 3402/4005/3879
f 3402/4005/3879 3401/4012/3886 3416/4013/3887
f 3402/4005/3879 3416/4013/3887 3417/4006/3880
f 3417/4006/3880 3416/4013/3887 3138/3865/3739
f 3386/4011/3885 3371/4008/3882 3385/4009/3883
f 3375/3858/3732 3390/3860/3734 3376/4010/3884
f 3376/4010/3884 3390/3860/3734 3391/4014/3888
f 3376/4010/3884 3391/4014/3888 3377/3962/3836
f 3377/3962/3836 3391/4014/3888 3392/3964/3838
f 3393/3870/3744 3379/3872/3746 3378/3963/3837
f 3395/3912/3786 3381/3914/3788 3380/3904/3778
f 3380/3904/3778 3381/3914/3788 3366/3902/3776
f 3383/3935/3809 3382/3915/3789 3397/4015/3889
f 3397/4015/3889 3382/3915/3789 3396/3913/3787
f 3397/4015/3889 3396/3913/3787 3411/4016/3890
f 3411/4016/3890 3396/3913/3787 3410/3911/3785
f 3411/4016/3890 3410/3911/3785 3246/3909/3783
f 3386/4011/3885 3385/4009/3883 3400/4017/3891
f 3400/4017/3891 3385/4009/3883 3399/3932/3806
f 3400/4017/3891 3399/3932/3806 3414/3930/3804
f 3390/3860/3734 3405/3862/3736 3391/4014/3888
f 3391/4014/3888 3405/3862/3736 3406/4018/3892
f 3391/4014/3888 3406/4018/3892 3392/3964/3838
f 3392/3964/3838 3406/4018/3892 3407/3868/3742
f 3409/3910/3784 3395/3912/3786 3394/3906/3780
f 3394/3906/3780 3395/3912/3786 3380/3904/3778
f 3408/3908/3782 3409/3910/3784 3394/3906/3780
f 3383/3935/3809 3397/4015/3889 3398/3933/3807
f 3398/3933/3807 3397/4015/3889 3412/4019/3893
f 3398/3933/3807 3412/4019/3893 3413/3931/3805
f 3413/3931/3805 3412/4019/3893 3246/3909/3783
f 3412/4019/3893 3397/4015/3889 3411/4016/3890
f 3386/4011/3885 3400/4017/3891 3401/4012/3886
f 3401/4012/3886 3400/4017/3891 3415/3929/3803
f 3401/4012/3886 3415/3929/3803 3416/4013/3887
f 3416/4013/3887 3415/3929/3803 3138/3865/3739
f 3415/3929/3803 3400/4017/3891 3414/3930/3804
f 3421/3866/3740 3407/3868/3742 3406/4018/3892
f 3421/3866/3740 3406/4018/3892 3420/3864/3738
f 3420/3864/3738 3406/4018/3892 3405/3862/3736
f 3246/3909/3783 3412/4019/3893 3411/4016/3890
f 3422/4020/3894 3448/4021/3895 3123/4022/3636
f 3123/4022/3636 3448/4021/3895 3439/4023/3896
f 3123/4022/3636 3439/4023/3896 3124/4024/3897
f 3124/4024/3897 3439/4023/3896 3457/4025/3898
f 3124/4024/3897 3457/4025/3898 3438/4026/3899
f 3438/4026/3899 3457/4025/3898 3458/4027/3900
f 3438/4026/3899 3458/4027/3900 3456/4028/3901
f 3456/4028/3901 3458/4027/3900 3459/4029/3902
f 3456/4028/3901 3459/4029/3902 3455/4030/3903
f 3455/4030/3903 3459/4029/3902 3460/4031/3904
f 3455/4030/3903 3460/4031/3904 3454/4032/3905
f 3454/4032/3905 3460/4031/3904 3461/4033/3906
f 3454/4032/3905 3461/4033/3906 3453/4034/3907
f 3453/4034/3907 3461/4033/3906 3462/4035/3908
f 3453/4034/3907 3462/4035/3908 3452/4036/3909
f 3452/4036/3909 3462/4035/3908 3463/4037/3910
f 3452/4036/3909 3463/4037/3910 3451/4038/3911
f 3451/4038/3911 3463/4037/3910 3464/4039/3912
f 3451/4038/3911 3464/4039/3912 3450/4040/3913
f 3450/4040/3913 3464/4039/3912 3465/4041/3914
f 3450/4040/3913 3465/4041/3914 3449/4042/3915
f 3449/4042/3915 3465/4041/3914 3429/4043/3916
f 3449/4042/3915 3429/4043/3916 3430/4044/3917
f 3423/4045/3918 3446/4046/3919 3422/4020/3894
f 3422/4020/3894 3446/4046/3919 3447/4047/3920
f 3422/4020/3894 3447/4047/3920 3448/4021/3895
f 3448/4021/3895 3447/4047/3920 3439/4023/3896
f 3424/4048/3921 3444/4049/3922 3423/4045/3918
f 3423/4045/3918 3444/4049/3922 3445/4050/3923
f 3423/4045/3918 3445/4050/3923 3446/4046/3919
f 3446/4046/3919 3445/4050/3923 3530/4051/3924
f 3446/4046/3919 3530/4051/3924 3529/4052/3925
f 3529/4052/3925 3530/4051/3924 3458/4027/3900
f 3529/4052/3925 3458/4027/3900 3457/4025/3898
f 3444/4049/3922 3424/4048/3921 3443/4053/3926
f 3443/4053/3926 3424/4048/3921 3425/4054/3927
f 3443/4053/3926 3425/4054/3927 3442/4055/3928
f 3442/4055/3928 3425/4054/3927 3441/4056/3929
f 3442/4055/3928 3441/4056/3929 3534/4057/3930
f 3534/4057/3930 3441/4056/3929 3535/4058/3931
f 3534/4057/3930 3535/4058/3931 3463/4037/3910
f 3463/4037/3910 3535/4058/3931 3464/4039/3912
f 3425/4054/3927 3426/4059/3932 3441/4056/3929
f 3441/4056/3929 3426/4059/3932 3440/4060/3933
f 3441/4056/3929 3440/4060/3933 3535/4058/3931
f 3535/4058/3931 3440/4060/3933 3437/4061/3934
f 3535/4058/3931 3437/4061/3934 3464/4039/3912
f 3464/4039/3912 3437/4061/3934 3465/4041/3914
f 3426/4059/3932 3427/4062/3935 3440/4060/3933
f 3440/4060/3933 3427/4062/3935 3428/4063/3936
f 3440/4060/3933 3428/4063/3936 3437/4061/3934
f 3437/4061/3934 3428/4063/3936 3429/4043/3916
f 3437/4061/3934 3429/4043/3916 3465/4041/3914
f 3449/4042/3915 3430/4044/3917 3466/4064/3937
f 3466/4064/3937 3430/4044/3917 3431/4065/3938
f 3466/4064/3937 3431/4065/3938 3475/4066/3939
f 3475/4066/3939 3431/4065/3938 3432/4067/3940
f 3475/4066/3939 3432/4067/3940 3484/4068/3941
f 3484/4068/3941 3432/4067/3940 3433/4069/3942
f 3484/4068/3941 3433/4069/3942 3493/4070/3943
f 3493/4070/3943 3433/4069/3942 3434/4071/3944
f 3493/4070/3943 3434/4071/3944 3502/4072/3945
f 3502/4072/3945 3434/4071/3944 3435/4073/3946
f 3502/4072/3945 3435/4073/3946 3511/4074/3947
f 3511/4074/3947 3435/4073/3946 3436/4075/3948
f 3511/4074/3947 3436/4075/3948 3520/4076/3949
f 3520/4076/3949 3436/4075/3948 3267/4077/3950
f 3520/4076/3949 3267/4077/3950 3266/4078/3951
f 3265/4079/3952 3522/4080/3953 3266/4078/3951
f 3266/4078/3951 3522/4080/3953 3521/4081/3954
f 3266/4078/3951 3521/4081/3954 3520/4076/3949
f 3520/4076/3949 3521/4081/3954 3511/4074/3947
f 3522/4080/3953 3265/4079/3952 3523/4082/3955
f 3523/4082/3955 3265/4079/3952 3264/4083/3757
f 3523/4082/3955 3264/4083/3757 3524/4084/3956
f 3524/4084/3956 3264/4083/3757 3525/4085/3957
f 3524/4084/3956 3525/4085/3957 3515/4086/3958
f 3515/4086/3958 3525/4085/3957 3516/4087/3959
f 3515/4086/3958 3516/4087/3959 3506/4088/3960
f 3506/4088/3960 3516/4087/3959 3507/4089/3961
f 3506/4088/3960 3507/4089/3961 3497/4090/3962
f 3497/4090/3962 3507/4089/3961 3498/4091/3963
f 3497/4090/3962 3498/4091/3963 3488/4092/3964
f 3488/4092/3964 3498/4091/3963 3489/4093/3965
f 3488/4092/3964 3489/4093/3965 3479/4094/3966
f 3479/4094/3966 3489/4093/3965 3480/4095/3967
f 3479/4094/3966 3480/4095/3967 3470/4096/3968
f 3470/4096/3968 3480/4095/3967 3471/4097/3969
f 3470/4096/3968 3471/4097/3969 3453/4034/3907
f 3453/4034/3907 3471/4097/3969 3454/4032/3905
f 3264/4083/3757 3263/4098/3970 3525/4085/3957
f 3525/4085/3957 3263/4098/3970 3526/4099/3971
f 3525/4085/3957 3526/4099/3971 3516/4087/3959
f 3516/4087/3959 3526/4099/3971 3517/4100/3972
f 3516/4087/3959 3517/4100/3972 3507/4089/3961
f 3507/4089/3961 3517/4100/3972 3508/4101/3973
f 3507/4089/3961 3508/4101/3973 3498/4091/3963
f 3498/4091/3963 3508/4101/3973 3499/4102/3974
f 3498/4091/3963 3499/4102/3974 3489/4093/3965
f 3489/4093/3965 3499/4102/3974 3490/4103/3975
f 3489/4093/3965 3490/4103/3975 3480/4095/3967
f 3480/4095/3967 3490/4103/3975 3481/4104/3976
f 3480/4095/3967 3481/4104/3976 3471/4097/3969
f 3471/4097/3969 3481/4104/3976 3472/4105/3977
f 3471/4097/3969 3472/4105/3977 3454/4032/3905
f 3454/4032/3905 3472/4105/3977 3455/4030/3903
f 3526/4099/3971 3263/4098/3970 3527/4106/3978
f 3527/4106/3978 3263/4098/3970 3262/4107/3979
f 3527/4106/3978 3262/4107/3979 3528/4108/3980
f 3528/4108/3980 3262/4107/3979 3132/4109/3650
f 3528/4108/3980 3132/4109/3650 3131/4110/3981
f 3528/4108/3980 3131/4110/3981 3519/4111/3982
f 3519/4111/3982 3131/4110/3981 3130/4112/3983
f 3519/4111/3982 3130/4112/3983 3510/4113/3984
f 3510/4113/3984 3130/4112/3983 3129/4114/3985
f 3510/4113/3984 3129/4114/3985 3501/4115/3986
f 3501/4115/3986 3129/4114/3985 3128/4116/3987
f 3501/4115/3986 3128/4116/3987 3492/4117/3988
f 3492/4117/3988 3128/4116/3987 3127/4118/3989
f 3492/4117/3988 3127/4118/3989 3483/4119/3990
f 3483/4119/3990 3127/4118/3989 3126/4120/3991
f 3483/4119/3990 3126/4120/3991 3474/4121/3992
f 3474/4121/3992 3126/4120/3991 3125/4122/3993
f 3474/4121/3992 3125/4122/3993 3438/4026/3899
f 3438/4026/3899 3125/4122/3993 3124/4024/3897
f 3443/4053/3926 3442/4055/3928 3533/4123/3994
f 3533/4123/3994 3442/4055/3928 3534/4057/3930
f 3533/4123/3994 3534/4057/3930 3462/4035/3908
f 3462/4035/3908 3534/4057/3930 3463/4037/3910
f 3444/4049/3922 3443/4053/3926 3532/4124/3995
f 3532/4124/3995 3443/4053/3926 3533/4123/3994
f 3532/4124/3995 3533/4123/3994 3461/4033/3906
f 3461/4033/3906 3533/4123/3994 3462/4035/3908
f 3445/4050/3923 3444/4049/3922 3531/4125/3996
f 3531/4125/3996 3444/4049/3922 3532/4124/3995
f 3531/4125/3996 3532/4124/3995 3460/4031/3904
f 3460/4031/3904 3532/4124/3995 3461/4033/3906
f 3439/4023/3896 3447/4047/3920 3529/4052/3925
f 3529/4052/3925 3447/4047/3920 3446/4046/3919
f 3450/4040/3913 3449/4042/3915 3467/4126/3997
f 3467/4126/3997 3449/4042/3915 3466/4064/3937
f 3467/4126/3997 3466/4064/3937 3476/4127/3998
f 3476/4127/3998 3466/4064/3937 3475/4066/3939
f 3476/4127/3998 3475/4066/3939 3485/4128/3999
f 3485/4128/3999 3475/4066/3939 3484/4068/3941
f 3485/4128/3999 3484/4068/3941 3494/4129/4000
f 3494/4129/4000 3484/4068/3941 3493/4070/3943
f 3494/4129/4000 3493/4070/3943 3503/4130/4001
f 3503/4130/4001 3493/4070/3943 3502/4072/3945
f 3503/4130/4001 3502/4072/3945 3512/4131/4002
f 3512/4131/4002 3502/4072/3945 3511/4074/3947
f 3512/4131/4002 3511/4074/3947 3521/4081/3954
f 3451/4038/3911 3450/4040/3913 3468/4132/4003
f 3468/4132/4003 3450/4040/3913 3467/4126/3997
f 3468/4132/4003 3467/4126/3997 3477/4133/4004
f 3477/4133/4004 3467/4126/3997 3476/4127/3998
f 3477/4133/4004 3476/4127/3998 3486/4134/4005
f 3486/4134/4005 3476/4127/3998 3485/4128/3999
f 3486/4134/4005 3485/4128/3999 3495/4135/4006
f 3495/4135/4006 3485/4128/3999 3494/4129/4000
f 3495/4135/4006 3494/4129/4000 3504/4136/4007
f 3504/4136/4007 3494/4129/4000 3503/4130/4001
f 3504/4136/4007 3503/4130/4001 3513/4137/4008
f 3513/4137/4008 3503/4130/4001 3512/4131/4002
f 3513/4137/4008 3512/4131/4002 3522/4080/3953
f 3522/4080/3953 3512/4131/4002 3521/4081/3954
f 3470/4096/3968 3453/4034/3907 3452/4036/3909
f 3452/4036/3909 3451/4038/3911 3469/4138/4009
f 3469/4138/4009 3451/4038/3911 3468/4132/4003
f 3469/4138/4009 3468/4132/4003 3478/4139/4010
f 3478/4139/4010 3468/4132/4003 3477/4133/4004
f 3478/4139/4010 3477/4133/4004 3487/4140/4011
f 3487/4140/4011 3477/4133/4004 3486/4134/4005
f 3487/4140/4011 3486/4134/4005 3496/4141/4012
f 3496/4141/4012 3486/4134/4005 3495/4135/4006
f 3496/4141/4012 3495/4135/4006 3505/4142/4013
f 3505/4142/4013 3495/4135/4006 3504/4136/4007
f 3505/4142/4013 3504/4136/4007 3514/4143/4014
f 3514/4143/4014 3504/4136/4007 3513/4137/4008
f 3514/4143/4014 3513/4137/4008 3523/4082/3955
f 3523/4082/3955 3513/4137/4008 3522/4080/3953
f 3474/4121/3992 3438/4026/3899 3456/4028/3901
f 3456/4028/3901 3455/4030/3903 3473/4144/4015
f 3473/4144/4015 3455/4030/3903 3472/4105/3977
f 3473/4144/4015 3472/4105/3977 3482/4145/4016
f 3482/4145/4016 3472/4105/3977 3481/4104/3976
f 3482/4145/4016 3481/4104/3976 3491/4146/4017
f 3491/4146/4017 3481/4104/3976 3490/4103/3975
f 3491/4146/4017 3490/4103/3975 3500/4147/4018
f 3500/4147/4018 3490/4103/3975 3499/4102/3974
f 3500/4147/4018 3499/4102/3974 3509/4148/4019
f 3509/4148/4019 3499/4102/3974 3508/4101/3973
f 3509/4148/4019 3508/4101/3973 3518/4149/4020
f 3518/4149/4020 3508/4101/3973 3517/4100/3972
f 3518/4149/4020 3517/4100/3972 3527/4106/3978
f 3527/4106/3978 3517/4100/3972 3526/4099/3971
f 3439/4023/3896 3529/4052/3925 3457/4025/3898
f 3531/4125/3996 3460/4031/3904 3459/4029/3902
f 3531/4125/3996 3459/4029/3902 3530/4051/3924
f 3530/4051/3924 3459/4029/3902 3458/4027/3900
f 3479/4094/3966 3470/4096/3968 3469/4138/4009
f 3469/4138/4009 3470/4096/3968 3452/4036/3909
f 3479/4094/3966 3469/4138/4009 3478/4139/4010
f 3483/4119/3990 3474/4121/3992 3473/4144/4015
f 3473/4144/4015 3474/4121/3992 3456/4028/3901
f 3483/4119/3990 3473/4144/4015 3482/4145/4016
f 3488/4092/3964 3479/4094/3966 3478/4139/4010
f 3488/4092/3964 3478/4139/4010 3487/4140/4011
f 3492/4117/3988 3483/4119/3990 3482/4145/4016
f 3492/4117/3988 3482/4145/4016 3491/4146/4017
f 3497/4090/3962 3488/4092/3964 3487/4140/4011
f 3497/4090/3962 3487/4140/4011 3496/4141/4012
f 3501/4115/3986 3492/4117/3988 3491/4146/4017
f 3501/4115/3986 3491/4146/4017 3500/4147/4018
f 3506/4088/3960 3497/4090/3962 3496/4141/4012
f 3506/4088/3960 3496/4141/4012 3505/4142/4013
f 3510/4113/3984 3501/4115/3986 3500/4147/4018
f 3510/4113/3984 3500/4147/4018 3509/4148/4019
f 3515/4086/3958 3506/4088/3960 3505/4142/4013
f 3515/4086/3958 3505/4142/4013 3514/4143/4014
f 3519/4111/3982 3510/4113/3984 3509/4148/4019
f 3519/4111/3982 3509/4148/4019 3518/4149/4020
f 3524/4084/3956 3515/4086/3958 3514/4143/4014
f 3524/4084/3956 3514/4143/4014 3523/4082/3955
f 3528/4108/3980 3519/4111/3982 3518/4149/4020
f 3528/4108/3980 3518/4149/4020 3527/4106/3978
f 3445/4050/3923 3531/4125/3996 3530/4051/3924
f 3259/4150/4021 3267/4151/3950 3260/4152/4022
f 3260/4152/4022 3267/4151/3950 3433/4153/3942
f 3260/4152/4022 3433/4153/3942 3432/4154/3940
f 3436/4155/3948 3435/4156/3946 3267/4151/3950
f 3267/4151/3950 3435/4156/3946 3434/4157/3944
f 3267/4151/3950 3434/4157/3944 3433/4153/3942
f 3432/4154/3940 3431/4158/3938 3260/4152/4022
f 3260/4152/4022 3431/4158/3938 3430/4159/3917
f 3260/4152/4022 3430/4159/3917 3429/4160/3916
f 3429/4160/3916 3428/4161/3936 3260/4152/4022
f 3427/4162/4023 3426/4163/4024 3428/4164/4025
f 3428/4164/4025 3426/4163/4024 3260/4165/4026
f 3260/4165/4026 3426/4163/4024 3425/4166/4027
f 3260/4165/4026 3425/4166/4027 3424/4167/4028
f 3424/4167/4028 3423/4168/4029 3260/4165/4026
f 3260/4165/4026 3423/4168/4029 3422/4169/4030
f 3260/4165/4026 3422/4169/4030 3261/4170/4031
f 3261/4170/4031 3422/4169/4030 3123/4171/4032
f 3123/4172/4033 3122/4173/4034 3261/4174/4035
f 3261/4174/4035 3122/4173/4034 3247/4175/4036
f 3247/4175/4036 3122/4173/4034 3121/4176/4037
f 3247/4175/4036 3121/4176/4037 3120/4177/4038
f 3120/4177/4038 3119/4178/4039 3247/4175/4036
f 3247/4175/4036 3119/4178/4039 3118/4179/4040
f 3247/4175/4036 3118/4179/4040 3117/4180/4041
g Body82

v 2.785947 6.463238 -0.494227
v 2.780023 6.472534 -0.503523
v 2.770997 6.480487 -0.511476
v 2.765497 6.483706 -0.514695
v 2.759736 6.486124 -0.517113
v 2.753877 6.487662 -0.518651
v 2.747777 6.488238 -0.519227
v 2.662830 6.656198 -0.519227
v 2.614159 6.736792 -0.519227
v 2.560694 6.814223 -0.519227
v 2.501291 6.887190 -0.519227
v 2.433978 6.952948 -0.519227
v 2.396485 6.981376 -0.519227
v 2.355900 7.005206 -0.519227
v 2.312164 7.022354 -0.519227
v 2.265880 7.030500 -0.519227
v 2.266283 7.036957 -0.518375
v 2.266659 7.042975 -0.515878
v 2.266982 7.048143 -0.511905
v 2.267230 7.052108 -0.506727
v 2.267386 7.054601 -0.500697
v 2.267439 7.055451 -0.494227
v 2.321616 7.045640 -0.494227
v 2.371594 7.025276 -0.494227
v 2.416723 6.997812 -0.494227
v 2.457577 6.965656 -0.494227
v 2.529577 6.892960 -0.494227
v 2.592184 6.813566 -0.494227
v 2.648046 6.729973 -0.494227
v 2.698618 6.643396 -0.494227
v 2.744512 6.552949 -0.499774
v 2.725731 6.543865 -0.518972
v 2.632865 6.752733 -0.499774
v 2.579248 6.794673 -0.518972
v 2.728816 6.545358 -0.518225
v 2.731780 6.546794 -0.517014
v 2.734565 6.548143 -0.515367
v 2.738496 6.550044 -0.511905
v 2.740555 6.551038 -0.509259
v 2.742261 6.551861 -0.506312
v 2.743588 6.552501 -0.503129
v 2.649176 6.686680 -0.518972
v 2.652125 6.688427 -0.518225
v 2.654958 6.690106 -0.517014
v 2.657620 6.691684 -0.515367
v 2.661376 6.693910 -0.511905
v 2.663343 6.695077 -0.509259
v 2.664972 6.696043 -0.506312
v 2.666240 6.696794 -0.503129
v 2.667123 6.697318 -0.499774
v 2.699310 6.640794 -0.499774
v 2.698409 6.640303 -0.503129
v 2.697117 6.639594 -0.506312
v 2.695457 6.638683 -0.509259
v 2.693451 6.637585 -0.511905
v 2.689621 6.635489 -0.515367
v 2.686905 6.634005 -0.517014
v 2.684014 6.632426 -0.518225
v 2.681007 6.630783 -0.518972
v 2.615341 6.741412 -0.518972
v 2.618220 6.743272 -0.518225
v 2.620986 6.745059 -0.517014
v 2.623586 6.746739 -0.515367
v 2.627254 6.749108 -0.511905
v 2.629174 6.750349 -0.509259
v 2.630765 6.751376 -0.506312
v 2.632003 6.752176 -0.503129
v 2.540575 6.846110 -0.518972
v 2.543255 6.848245 -0.518225
v 2.545831 6.850298 -0.517014
v 2.548252 6.852226 -0.515367
v 2.551667 6.854946 -0.511905
v 2.553456 6.856371 -0.509259
v 2.554938 6.857550 -0.506312
v 2.556091 6.858468 -0.503129
v 2.556893 6.859107 -0.499774
v 2.596240 6.806777 -0.499774
v 2.595404 6.806183 -0.503129
v 2.594205 6.805326 -0.506312
v 2.592664 6.804225 -0.509259
v 2.590803 6.802896 -0.511905
v 2.587247 6.800362 -0.515367
v 2.584725 6.798568 -0.517014
v 2.582041 6.796659 -0.518225
v 2.469573 6.925382 -0.518972
v 2.471967 6.927836 -0.518225
v 2.474267 6.930194 -0.517014
v 2.476429 6.932410 -0.515367
v 2.479478 6.935536 -0.511905
v 2.481075 6.937172 -0.509259
v 2.482397 6.938528 -0.506312
v 2.483426 6.939582 -0.503129
v 2.484142 6.940317 -0.499774
v 2.429820 6.960904 -0.518972
v 2.431981 6.963564 -0.518225
v 2.434058 6.966120 -0.517014
v 2.436009 6.968524 -0.515367
v 2.438757 6.971916 -0.511905
v 2.440193 6.973696 -0.509259
v 2.441381 6.975171 -0.506312
v 2.442305 6.976319 -0.503129
v 2.442952 6.977115 -0.499774
v 2.386436 6.992101 -0.518972
v 2.388252 6.995009 -0.518225
v 2.389997 6.997804 -0.517014
v 2.391637 7.000430 -0.515367
v 2.393950 7.004133 -0.511905
v 2.395162 7.006071 -0.509259
v 2.396165 7.007675 -0.506312
v 2.396946 7.008924 -0.503129
v 2.397489 7.009794 -0.499774
v 2.328991 7.020551 -0.518972
v 2.330162 7.023772 -0.518225
v 2.331287 7.026867 -0.517014
v 2.332344 7.029776 -0.515367
v 2.333834 7.033880 -0.511905
v 2.334613 7.036030 -0.509259
v 2.335257 7.037811 -0.506312
v 2.335759 7.039197 -0.503129
v 2.336110 7.040161 -0.499774
v 2.298045 7.029515 -0.518972
v 2.298769 7.032865 -0.518225
v 2.299465 7.036084 -0.517014
v 2.300119 7.039109 -0.515367
v 2.301040 7.043374 -0.511905
v 2.301522 7.045607 -0.509259
v 2.301920 7.047455 -0.506312
v 2.302230 7.048894 -0.503129
v 2.302447 7.049897 -0.499774
v 0.164399 6.488238 -0.519227
v 0.164399 7.161829 -0.519227
v 0.164399 7.161829 -0.469227
v 0.164399 7.168312 -0.470079
v 0.164399 7.174353 -0.472576
v 0.164399 7.179541 -0.476549
v 0.164399 7.183522 -0.481727
v 0.164399 7.186024 -0.487756
v 0.164399 7.186877 -0.494227
v 0.164399 7.186024 -0.500697
v 0.164399 7.183522 -0.506727
v 0.164399 7.179541 -0.511905
v 0.164399 7.174353 -0.515878
v 0.164399 7.168312 -0.518375
v 0.164399 6.463238 -0.494227
v 0.164399 6.488238 -0.469227
v 2.265880 7.030500 -0.469227
v 2.266283 7.036957 -0.470079
v 2.266659 7.042975 -0.472576
v 2.266982 7.048143 -0.476549
v 2.267230 7.052108 -0.481727
v 2.267386 7.054601 -0.487756
v 0.303446 7.159622 -0.518375
v 0.443648 7.150860 -0.518375
v 0.583851 7.142099 -0.518375
v 0.724054 7.133337 -0.518375
v 0.864256 7.124575 -0.518375
v 1.004459 7.115813 -0.518375
v 1.144662 7.107052 -0.518375
v 1.284864 7.098290 -0.518375
v 1.425067 7.089528 -0.518375
v 1.565270 7.080766 -0.518375
v 1.705473 7.072005 -0.518375
v 1.845675 7.063243 -0.518375
v 1.985878 7.054481 -0.518375
v 2.126081 7.045719 -0.518375
v 0.303822 7.165640 -0.515878
v 0.444024 7.156878 -0.515878
v 0.584227 7.148116 -0.515878
v 0.724430 7.139355 -0.515878
v 0.864632 7.130593 -0.515878
v 1.004835 7.121831 -0.515878
v 1.145038 7.113069 -0.515878
v 1.285241 7.104308 -0.515878
v 1.425443 7.095546 -0.515878
v 1.565646 7.086784 -0.515878
v 1.705849 7.078022 -0.515878
v 1.846051 7.069261 -0.515878
v 1.986254 7.060499 -0.515878
v 2.126457 7.051737 -0.515878
v 0.304145 7.170808 -0.511905
v 0.444347 7.162046 -0.511905
v 0.584550 7.153284 -0.511905
v 0.724753 7.144522 -0.511905
v 0.864955 7.135761 -0.511905
v 1.005158 7.126999 -0.511905
v 1.145361 7.118237 -0.511905
v 1.285563 7.109475 -0.511905
v 1.425766 7.100713 -0.511905
v 1.565969 7.091952 -0.511905
v 1.706172 7.083190 -0.511905
v 1.846374 7.074428 -0.511905
v 1.986577 7.065666 -0.511905
v 2.126780 7.056905 -0.511905
v 0.304392 7.174773 -0.506727
v 0.444595 7.166011 -0.506727
v 0.584798 7.157249 -0.506727
v 0.725000 7.148488 -0.506727
v 0.865203 7.139726 -0.506727
v 1.005406 7.130964 -0.506727
v 1.145609 7.122202 -0.506727
v 1.285811 7.113440 -0.506727
v 1.426014 7.104679 -0.506727
v 1.566217 7.095917 -0.506727
v 1.706419 7.087155 -0.506727
v 1.846622 7.078393 -0.506727
v 1.986825 7.069632 -0.506727
v 2.127027 7.060870 -0.506727
v 0.304548 7.177265 -0.500697
v 0.444751 7.168504 -0.500697
v 0.584954 7.159742 -0.500697
v 0.725156 7.150980 -0.500697
v 0.865359 7.142218 -0.500697
v 1.005562 7.133457 -0.500697
v 1.145764 7.124695 -0.500697
v 1.285967 7.115933 -0.500697
v 1.426170 7.107171 -0.500697
v 1.566372 7.098410 -0.500697
v 1.706575 7.089648 -0.500697
v 1.846778 7.080886 -0.500697
v 1.986981 7.072124 -0.500697
v 2.127183 7.063363 -0.500697
v 0.304601 7.178116 -0.494227
v 0.444804 7.169354 -0.494227
v 0.585007 7.160592 -0.494227
v 0.725209 7.151830 -0.494227
v 0.865412 7.143069 -0.494227
v 1.005615 7.134307 -0.494227
v 1.145817 7.125545 -0.494227
v 1.286020 7.116783 -0.494227
v 1.426223 7.108022 -0.494227
v 1.566426 7.099260 -0.494227
v 1.706628 7.090498 -0.494227
v 1.846831 7.081736 -0.494227
v 1.987034 7.072974 -0.494227
v 2.127236 7.064213 -0.494227
v 0.304548 7.177265 -0.487756
v 0.444751 7.168504 -0.487756
v 0.584954 7.159742 -0.487756
v 0.725156 7.150980 -0.487756
v 0.865359 7.142218 -0.487756
v 1.005562 7.133457 -0.487756
v 1.145764 7.124695 -0.487756
v 1.285967 7.115933 -0.487756
v 1.426170 7.107171 -0.487756
v 1.566372 7.098410 -0.487756
v 1.706575 7.089648 -0.487756
v 1.846778 7.080886 -0.487756
v 1.986981 7.072124 -0.487756
v 2.127183 7.063363 -0.487756
v 0.304392 7.174773 -0.481727
v 0.444595 7.166011 -0.481727
v 0.584798 7.157249 -0.481727
v 0.725000 7.148488 -0.481727
v 0.865203 7.139726 -0.481727
v 1.005406 7.130964 -0.481727
v 1.145609 7.122202 -0.481727
v 1.285811 7.113440 -0.481727
v 1.426014 7.104679 -0.481727
v 1.566217 7.095917 -0.481727
v 1.706419 7.087155 -0.481727
v 1.846622 7.078393 -0.481727
v 1.986825 7.069632 -0.481727
v 2.127027 7.060870 -0.481727
v 0.304145 7.170808 -0.476549
v 0.444347 7.162046 -0.476549
v 0.584550 7.153284 -0.476549
v 0.724753 7.144522 -0.476549
v 0.864955 7.135761 -0.476549
v 1.005158 7.126999 -0.476549
v 1.145361 7.118237 -0.476549
v 1.285563 7.109475 -0.476549
v 1.425766 7.100713 -0.476549
v 1.565969 7.091952 -0.476549
v 1.706172 7.083190 -0.476549
v 1.846374 7.074428 -0.476549
v 1.986577 7.065666 -0.476549
v 2.126780 7.056905 -0.476549
v 0.303822 7.165640 -0.472576
v 0.444024 7.156878 -0.472576
v 0.584227 7.148116 -0.472576
v 0.724430 7.139355 -0.472576
v 0.864632 7.130593 -0.472576
v 1.004835 7.121831 -0.472576
v 1.145038 7.113069 -0.472576
v 1.285241 7.104308 -0.472576
v 1.425443 7.095546 -0.472576
v 1.565646 7.086784 -0.472576
v 1.705849 7.078022 -0.472576
v 1.846051 7.069261 -0.472576
v 1.986254 7.060499 -0.472576
v 2.126457 7.051737 -0.472576
v 0.303446 7.159622 -0.470079
v 0.443648 7.150860 -0.470079
v 0.583851 7.142099 -0.470079
v 0.724054 7.133337 -0.470079
v 0.864256 7.124575 -0.470079
v 1.004459 7.115813 -0.470079
v 1.144662 7.107052 -0.470079
v 1.284864 7.098290 -0.470079
v 1.425067 7.089528 -0.470079
v 1.565270 7.080766 -0.470079
v 1.705473 7.072005 -0.470079
v 1.845675 7.063243 -0.470079
v 1.985878 7.054481 -0.470079
v 2.126081 7.045719 -0.470079
v 2.747777 6.488238 -0.469227
v 2.750976 6.488075 -0.469390
v 2.754125 6.487616 -0.469849
v 2.760135 6.485985 -0.471480
v 2.765693 6.483608 -0.473857
v 2.770921 6.480539 -0.476926
v 2.779933 6.472637 -0.484828
v 2.312173 7.022359 -0.469227
v 2.355923 7.005182 -0.469227
v 2.396489 6.981389 -0.469227
v 2.433972 6.952943 -0.469227
v 2.501295 6.887208 -0.469227
v 2.560704 6.814236 -0.469227
v 2.614146 6.736786 -0.469227
v 2.662838 6.656214 -0.469227
v 2.652404 6.721717 -0.488680
v 2.732759 6.576805 -0.488680
v 2.714102 6.567469 -0.469482
v 2.768296 6.502015 -0.488680
v 2.767360 6.501594 -0.485325
v 2.766016 6.500990 -0.482142
v 2.764288 6.500214 -0.479195
v 2.762203 6.499276 -0.476549
v 2.758221 6.497485 -0.473087
v 2.755399 6.496214 -0.471439
v 2.752396 6.494862 -0.470229
v 2.749271 6.493455 -0.469482
v 2.694197 6.650093 -0.488680
v 2.693299 6.649596 -0.485325
v 2.692010 6.648882 -0.482142
v 2.690353 6.647966 -0.479195
v 2.688352 6.646858 -0.476549
v 2.684532 6.644744 -0.473087
v 2.681824 6.643245 -0.471439
v 2.678943 6.641650 -0.470229
v 2.675944 6.639990 -0.469482
v 2.717167 6.569002 -0.470229
v 2.720112 6.570476 -0.471439
v 2.722880 6.571861 -0.473087
v 2.726784 6.573815 -0.476549
v 2.728829 6.574839 -0.479195
v 2.730523 6.575687 -0.482142
v 2.731841 6.576346 -0.485325
v 2.607073 6.791342 -0.488680
v 2.606229 6.790759 -0.485325
v 2.605017 6.789921 -0.482142
v 2.603458 6.788845 -0.479195
v 2.601576 6.787546 -0.476549
v 2.597984 6.785064 -0.473087
v 2.595438 6.783305 -0.471439
v 2.592728 6.781432 -0.470229
v 2.589909 6.779484 -0.469482
v 2.634637 6.710782 -0.469482
v 2.637557 6.712576 -0.470229
v 2.640363 6.714301 -0.471439
v 2.642999 6.715922 -0.473087
v 2.646718 6.718210 -0.476549
v 2.648664 6.719411 -0.479195
v 2.650275 6.720406 -0.482142
v 2.651530 6.721180 -0.485325
v 2.530015 6.891474 -0.488680
v 2.529240 6.890802 -0.485325
v 2.528126 6.889837 -0.482142
v 2.526694 6.888598 -0.479195
v 2.524965 6.887101 -0.476549
v 2.521666 6.884241 -0.473087
v 2.519328 6.882213 -0.471439
v 2.516841 6.880055 -0.470229
v 2.514252 6.877808 -0.469482
v 2.486398 6.938091 -0.488680
v 2.485678 6.937360 -0.485325
v 2.484648 6.936307 -0.482142
v 2.483324 6.934953 -0.479195
v 2.481724 6.933319 -0.476549
v 2.478664 6.930205 -0.473087
v 2.476492 6.927999 -0.471439
v 2.474181 6.925652 -0.470229
v 2.471776 6.923211 -0.469482
v 2.438208 6.980930 -0.488680
v 2.437571 6.980126 -0.485325
v 2.436655 6.978972 -0.482142
v 2.435479 6.977488 -0.479195
v 2.434059 6.975697 -0.476549
v 2.431346 6.972275 -0.473087
v 2.429424 6.969849 -0.471439
v 2.427378 6.967267 -0.470229
v 2.425249 6.964580 -0.469482
v 2.400776 7.007719 -0.488680
v 2.400223 7.006855 -0.485325
v 2.399436 7.005609 -0.482142
v 2.398425 7.004008 -0.479195
v 2.397202 7.002077 -0.476549
v 2.394856 6.998394 -0.473087
v 2.393189 6.995785 -0.471439
v 2.391414 6.993010 -0.470229
v 2.389567 6.990123 -0.469482
v 2.359869 7.030304 -0.488680
v 2.359436 7.029374 -0.485325
v 2.358813 7.028039 -0.482142
v 2.358011 7.026325 -0.479195
v 2.357044 7.024254 -0.476549
v 2.355201 7.020297 -0.473087
v 2.353894 7.017491 -0.471439
v 2.352505 7.014505 -0.470229
v 2.351059 7.011397 -0.469482
v 2.315182 7.046812 -0.488680
v 2.314913 7.045822 -0.485325
v 2.314527 7.044399 -0.482142
v 2.314032 7.042571 -0.479195
v 2.313433 7.040364 -0.476549
v 2.312287 7.036151 -0.473087
v 2.311474 7.033165 -0.471439
v 2.310609 7.029987 -0.470229
v 2.309709 7.026681 -0.469482
vt 0.000000 0.200380 0.000000
vt 0.000000 0.000000 0.000000
vt 0.005597 0.098879 0.000000
vt 0.009518 0.010882 0.000000
vt 0.009106 0.098879 0.000000
vt 0.012616 0.098879 0.000000
vt 0.009106 0.197757 0.000000
vt 0.012616 0.197757 0.000000
vt 0.009106 0.262805 0.000000
vt 0.012616 0.262805 0.000000
vt 0.009106 0.327853 0.000000
vt 0.012616 0.327853 0.000000
vt 0.009106 0.392901 0.000000
vt 0.012616 0.392901 0.000000
vt 0.009106 0.457949 0.000000
vt 0.012616 0.457949 0.000000
vt 0.009106 0.565372 0.000000
vt 0.012616 0.565372 0.000000
vt 0.009106 0.619083 0.000000
vt 0.012616 0.619083 0.000000
vt 0.009106 0.672794 0.000000
vt 0.012616 0.672794 0.000000
vt 0.009106 0.737145 0.000000
vt 0.012616 0.737145 0.000000
vt 0.009106 0.769321 0.000000
vt 0.012616 0.769321 0.000000
vt 0.013079 0.801496 0.000000
vt 0.016125 0.769321 0.000000
vt 0.019635 0.801496 0.000000
vt 0.019635 0.769321 0.000000
vt 0.025232 0.769321 0.000000
vt 0.025232 0.737145 0.000000
vt 0.028741 0.737145 0.000000
vt 0.028741 0.672794 0.000000
vt 0.032251 0.672794 0.000000
vt 0.032251 0.619083 0.000000
vt 0.035760 0.619083 0.000000
vt 0.035760 0.565372 0.000000
vt 0.039270 0.610726 0.000000
vt 0.039270 0.515341 0.000000
vt 0.035760 0.457949 0.000000
vt 0.039270 0.419956 0.000000
vt 0.035760 0.392901 0.000000
vt 0.039270 0.324571 0.000000
vt 0.035760 0.327853 0.000000
vt 0.035760 0.262805 0.000000
vt 0.032251 0.327853 0.000000
vt 0.032251 0.262805 0.000000
vt 0.028741 0.327853 0.000000
vt 0.028741 0.262805 0.000000
vt 0.025232 0.327853 0.000000
vt 0.025232 0.262805 0.000000
vt 0.019635 0.327853 0.000000
vt 0.019635 0.262805 0.000000
vt 0.016125 0.327853 0.000000
vt 0.016125 0.262805 0.000000
vt 0.019034 0.021794 0.000000
vt 0.016125 0.098879 0.000000
vt 0.016125 0.197757 0.000000
vt 0.019635 0.098879 0.000000
vt 0.023989 0.026976 0.000000
vt 0.025232 0.098879 0.000000
vt 0.028921 0.031548 0.000000
vt 0.028741 0.098879 0.000000
vt 0.032251 0.098879 0.000000
vt 0.028741 0.197757 0.000000
vt 0.032251 0.197757 0.000000
vt 0.033895 0.035368 0.000000
vt 0.035760 0.098879 0.000000
vt 0.035760 0.197757 0.000000
vt 0.039270 0.038416 0.000000
vt 0.039270 0.229186 0.000000
vt 0.039270 0.658419 0.000000
vt 0.035760 0.672794 0.000000
vt 0.032251 0.737145 0.000000
vt 0.028741 0.769321 0.000000
vt 0.026191 0.801496 0.000000
vt 0.039270 0.706111 0.000000
vt 0.035760 0.737145 0.000000
vt 0.032251 0.769321 0.000000
vt 0.032727 0.801496 0.000000
vt 0.039270 0.753804 0.000000
vt 0.035760 0.769321 0.000000
vt 0.039270 0.801496 0.000000
vt 0.006543 0.801496 0.000000
vt 0.005597 0.769321 0.000000
vt 0.005597 0.737145 0.000000
vt 0.005597 0.672794 0.000000
vt 0.005597 0.619083 0.000000
vt 0.005597 0.565372 0.000000
vt 0.005597 0.457949 0.000000
vt 0.005597 0.392901 0.000000
vt 0.005597 0.327853 0.000000
vt 0.005597 0.262805 0.000000
vt 0.005597 0.197757 0.000000
vt 0.000000 0.801496 0.000000
vt 0.000000 0.751396 0.000000
vt 0.000000 0.701264 0.000000
vt 0.000000 0.651230 0.000000
vt 0.000000 0.601118 0.000000
vt 0.000000 0.500939 0.000000
vt 0.000000 0.400751 0.000000
vt 0.000000 0.300565 0.000000
vt 0.025232 0.197757 0.000000
vt 0.019635 0.197757 0.000000
vt 0.032251 0.392901 0.000000
vt 0.032251 0.457949 0.000000
vt 0.032251 0.565372 0.000000
vt 0.028741 0.392901 0.000000
vt 0.028741 0.457949 0.000000
vt 0.028741 0.565372 0.000000
vt 0.028741 0.619083 0.000000
vt 0.025232 0.392901 0.000000
vt 0.025232 0.457949 0.000000
vt 0.025232 0.565372 0.000000
vt 0.025232 0.619083 0.000000
vt 0.025232 0.672794 0.000000
vt 0.019635 0.392901 0.000000
vt 0.019635 0.457949 0.000000
vt 0.019635 0.565372 0.000000
vt 0.019635 0.619083 0.000000
vt 0.019635 0.672794 0.000000
vt 0.019635 0.737145 0.000000
vt 0.016125 0.392901 0.000000
vt 0.016125 0.457949 0.000000
vt 0.016125 0.565372 0.000000
vt 0.016125 0.619083 0.000000
vt 0.016125 0.672794 0.000000
vt 0.016125 0.737145 0.000000
vt 0.197296 0.836991 0.000000
vt 0.180148 0.880727 0.000000
vt 0.205442 0.790707 0.000000
vt 0.156318 0.921312 0.000000
vt 0.127890 0.958805 0.000000
vt -0.336820 -1.310774 0.000000
vt 0.062132 1.026118 0.000000
vt -0.010834 1.085521 0.000000
vt -0.088266 1.138986 0.000000
vt -0.168859 1.187657 0.000000
vt -0.336820 1.272604 0.000000
vt 0.336771 -1.310774 0.000000
vt -0.705074 0.049148 0.000000
vt -0.711115 0.046651 0.000000
vt -0.698591 0.050000 0.000000
vt -0.025000 0.050000 0.000000
vt -0.716303 0.042678 0.000000
vt -0.720284 0.037500 0.000000
vt -0.000000 0.025000 0.000000
vt -0.722786 0.031470 0.000000
vt -0.723639 0.025000 0.000000
vt -0.722786 0.018530 0.000000
vt -0.720284 0.012500 0.000000
vt -0.025000 0.000000 0.000000
vt -0.716303 0.007322 0.000000
vt -0.711115 0.003349 0.000000
vt -0.705074 0.000852 0.000000
vt -0.698591 0.000000 0.000000
vt -0.664237 0.052360 0.000000
vt -0.524918 0.052360 0.000000
vt -0.663832 0.058905 0.000000
vt -0.384442 0.052360 0.000000
vt -0.243966 0.052360 0.000000
vt -0.243966 0.045815 0.000000
vt -0.103490 0.045815 0.000000
vt -0.103490 0.039270 0.000000
vt 0.036986 0.039270 0.000000
vt 0.036986 0.032725 0.000000
vt 0.177463 0.032725 0.000000
vt 0.177463 0.026180 0.000000
vt 0.317939 0.026180 0.000000
vt 0.317939 0.019635 0.000000
vt 0.458415 0.019635 0.000000
vt 0.458415 0.013090 0.000000
vt 0.598891 0.013090 0.000000
vt 0.598891 0.006545 0.000000
vt 0.739367 0.006545 0.000000
vt 0.739367 0.000000 0.000000
vt 0.879844 0.000000 0.000000
vt 0.879844 -0.006545 0.000000
vt 1.020320 -0.006545 0.000000
vt 1.020320 -0.013090 0.000000
vt 1.160796 -0.013090 0.000000
vt 1.441749 -0.019635 0.000000
vt 1.301272 -0.013090 0.000000
vt 1.441749 -0.013090 0.000000
vt 1.301272 -0.006545 0.000000
vt 1.441749 -0.006545 0.000000
vt 1.301272 0.000000 0.000000
vt 1.441749 0.000000 0.000000
vt 1.301272 0.006545 0.000000
vt 1.441749 0.006545 0.000000
vt 1.301272 0.013090 0.000000
vt 1.441749 0.013090 0.000000
vt 1.301272 0.019635 0.000000
vt 1.441749 0.019635 0.000000
vt 1.301272 0.026180 0.000000
vt 1.441749 0.026180 0.000000
vt 1.301272 0.032725 0.000000
vt 1.441749 0.032725 0.000000
vt 1.301272 0.039270 0.000000
vt 1.441749 0.039270 0.000000
vt 1.301272 0.045815 0.000000
vt 1.441749 0.045815 0.000000
vt 1.301272 0.052360 0.000000
vt 1.441749 0.052360 0.000000
vt 1.441749 0.058905 0.000000
vt -0.524918 0.045815 0.000000
vt -0.664614 0.045815 0.000000
vt -0.524918 0.039270 0.000000
vt -0.664937 0.039270 0.000000
vt -0.524918 0.032725 0.000000
vt -0.665185 0.032725 0.000000
vt -0.524918 0.026180 0.000000
vt -0.665341 0.026180 0.000000
vt -0.524918 0.019635 0.000000
vt -0.665395 0.019635 0.000000
vt -0.665341 0.013090 0.000000
vt -0.524918 0.013090 0.000000
vt -0.665185 0.006545 0.000000
vt -0.524918 0.006545 0.000000
vt -0.664937 0.000000 0.000000
vt -0.524918 0.000000 0.000000
vt -0.664614 -0.006545 0.000000
vt -0.524918 -0.006545 0.000000
vt -0.664237 -0.013090 0.000000
vt -0.524918 -0.013090 0.000000
vt -0.663832 -0.019635 0.000000
vt -0.384442 -0.013090 0.000000
vt -0.243966 -0.013090 0.000000
vt -0.384442 -0.006545 0.000000
vt -0.243966 -0.006545 0.000000
vt -0.384442 0.000000 0.000000
vt -0.243966 0.000000 0.000000
vt -0.384442 0.006545 0.000000
vt -0.243966 0.006545 0.000000
vt -0.384442 0.013090 0.000000
vt -0.243966 0.013090 0.000000
vt -0.384442 0.019635 0.000000
vt -0.243966 0.019635 0.000000
vt -0.384442 0.026180 0.000000
vt -0.243966 0.026180 0.000000
vt -0.384442 0.032725 0.000000
vt -0.243966 0.032725 0.000000
vt -0.384442 0.039270 0.000000
vt -0.243966 0.039270 0.000000
vt -0.384442 0.045815 0.000000
vt 0.458415 -0.013090 0.000000
vt 0.317939 -0.013090 0.000000
vt 0.177463 -0.013090 0.000000
vt 0.177463 -0.006545 0.000000
vt 0.036986 -0.006545 0.000000
vt 0.036986 0.000000 0.000000
vt -0.103490 0.000000 0.000000
vt -0.103490 0.006545 0.000000
vt 0.458415 0.052360 0.000000
vt 0.598891 0.052360 0.000000
vt 0.739367 0.052360 0.000000
vt 0.739367 0.045815 0.000000
vt 0.879844 0.045815 0.000000
vt 0.879844 0.039270 0.000000
vt 1.020320 0.039270 0.000000
vt 1.020320 0.032725 0.000000
vt 1.160796 0.032725 0.000000
vt 1.160796 0.026180 0.000000
vt -0.103490 0.052360 0.000000
vt 0.036986 0.052360 0.000000
vt 0.177463 0.052360 0.000000
vt 0.177463 0.045815 0.000000
vt 0.317939 0.045815 0.000000
vt 0.317939 0.039270 0.000000
vt 0.458415 0.039270 0.000000
vt 0.458415 0.032725 0.000000
vt 0.598891 0.032725 0.000000
vt 0.598891 0.026180 0.000000
vt 0.739367 0.026180 0.000000
vt 0.739367 0.019635 0.000000
vt 0.879844 0.019635 0.000000
vt 0.879844 0.013090 0.000000
vt 1.020320 0.013090 0.000000
vt 1.020320 0.006545 0.000000
vt 1.160796 0.006545 0.000000
vt 1.160796 0.000000 0.000000
vt 0.036986 0.045815 0.000000
vt 0.317939 0.052360 0.000000
vt 0.458415 0.045815 0.000000
vt 0.598891 0.045815 0.000000
vt 0.598891 0.039270 0.000000
vt 0.879844 0.052360 0.000000
vt 1.020320 0.052360 0.000000
vt 1.160796 0.052360 0.000000
vt 1.160796 0.045815 0.000000
vt 1.020320 0.045815 0.000000
vt 0.177463 0.039270 0.000000
vt 0.739367 0.039270 0.000000
vt 0.879844 0.032725 0.000000
vt 1.020320 0.026180 0.000000
vt 1.160796 0.019635 0.000000
vt 1.160796 0.039270 0.000000
vt -0.103490 0.032725 0.000000
vt -0.103490 0.026180 0.000000
vt -0.103490 0.019635 0.000000
vt -0.103490 0.013090 0.000000
vt 0.317939 0.032725 0.000000
vt 0.739367 0.032725 0.000000
vt 0.036986 0.026180 0.000000
vt 0.177463 0.019635 0.000000
vt 0.317939 0.013090 0.000000
vt 0.458415 0.006545 0.000000
vt 0.598891 0.000000 0.000000
vt 0.739367 -0.006545 0.000000
vt 0.879844 -0.013090 0.000000
vt 0.458415 0.026180 0.000000
vt 0.879844 0.026180 0.000000
vt 1.020320 0.019635 0.000000
vt 1.160796 0.013090 0.000000
vt 0.036986 0.019635 0.000000
vt 0.036986 0.013090 0.000000
vt 0.036986 0.006545 0.000000
vt 0.598891 0.019635 0.000000
vt 0.177463 0.013090 0.000000
vt 0.317939 0.006545 0.000000
vt 0.458415 0.000000 0.000000
vt 0.598891 -0.006545 0.000000
vt 0.739367 -0.013090 0.000000
vt 0.739367 0.013090 0.000000
vt 0.177463 0.006545 0.000000
vt 0.177463 0.000000 0.000000
vt 0.879844 0.006545 0.000000
vt 0.317939 0.000000 0.000000
vt 0.458415 -0.006545 0.000000
vt 0.598891 -0.013090 0.000000
vt 1.020320 0.000000 0.000000
vt -0.103490 -0.006545 0.000000
vt -0.103490 -0.013090 0.000000
vt 0.317939 -0.006545 0.000000
vt 1.160796 -0.006545 0.000000
vt 0.036986 -0.013090 0.000000
vt 0.036412 0.764549 0.000000
vt 0.035760 0.758878 0.000000
vt 0.039270 0.763076 0.000000
vt 0.035760 0.675999 0.000000
vt 0.039270 0.572308 0.000000
vt 0.035760 0.593119 0.000000
vt 0.035760 0.510240 0.000000
vt 0.032251 0.593119 0.000000
vt 0.032251 0.510240 0.000000
vt 0.028741 0.593119 0.000000
vt 0.028741 0.510240 0.000000
vt 0.025232 0.593119 0.000000
vt 0.025232 0.510240 0.000000
vt 0.019635 0.593119 0.000000
vt 0.019635 0.510240 0.000000
vt 0.016125 0.593119 0.000000
vt 0.016125 0.510240 0.000000
vt 0.012616 0.593119 0.000000
vt 0.012616 0.510240 0.000000
vt 0.009106 0.593119 0.000000
vt 0.009106 0.510240 0.000000
vt 0.005597 0.593119 0.000000
vt 0.005597 0.510240 0.000000
vt 0.000000 0.601120 0.000000
vt 0.000000 0.500933 0.000000
vt 0.033685 0.766269 0.000000
vt 0.032251 0.758878 0.000000
vt 0.032251 0.675999 0.000000
vt 0.028585 0.770237 0.000000
vt 0.028741 0.758878 0.000000
vt 0.028741 0.675999 0.000000
vt 0.025232 0.758878 0.000000
vt 0.023820 0.774687 0.000000
vt 0.019635 0.758878 0.000000
vt 0.019106 0.779620 0.000000
vt 0.016125 0.758878 0.000000
vt 0.009629 0.790480 0.000000
vt 0.012616 0.758878 0.000000
vt 0.009106 0.758878 0.000000
vt 0.012616 0.675999 0.000000
vt 0.009106 0.675999 0.000000
vt 0.005597 0.758878 0.000000
vt 0.000000 0.801493 0.000000
vt 0.005597 0.675999 0.000000
vt 0.005597 0.427360 0.000000
vt 0.000000 0.400747 0.000000
vt 0.005597 0.301943 0.000000
vt 0.000000 0.300560 0.000000
vt 0.005597 0.239234 0.000000
vt 0.000000 0.200373 0.000000
vt 0.005597 0.176526 0.000000
vt 0.000000 0.150280 0.000000
vt 0.005597 0.132394 0.000000
vt 0.000000 0.100187 0.000000
vt 0.005597 0.088263 0.000000
vt 0.000000 0.050093 0.000000
vt 0.005597 0.044131 0.000000
vt 0.000000 0.000000 0.000000
vt 0.006543 0.000000 0.000000
vt 0.009106 0.044131 0.000000
vt 0.013079 0.000000 0.000000
vt 0.012616 0.044131 0.000000
vt 0.016125 0.044131 0.000000
vt 0.012616 0.088263 0.000000
vt 0.016125 0.088263 0.000000
vt 0.012616 0.132394 0.000000
vt 0.016125 0.132394 0.000000
vt 0.012616 0.176526 0.000000
vt 0.016125 0.176526 0.000000
vt 0.012616 0.239234 0.000000
vt 0.016125 0.239234 0.000000
vt 0.012616 0.301943 0.000000
vt 0.016125 0.301943 0.000000
vt 0.012616 0.427360 0.000000
vt 0.016125 0.427360 0.000000
vt 0.019635 0.000000 0.000000
vt 0.019635 0.044131 0.000000
vt 0.019635 0.088263 0.000000
vt 0.019635 0.132394 0.000000
vt 0.019635 0.176526 0.000000
vt 0.019635 0.239234 0.000000
vt 0.019635 0.301943 0.000000
vt 0.019635 0.427360 0.000000
vt 0.025232 0.044131 0.000000
vt 0.026191 0.000000 0.000000
vt 0.028741 0.044131 0.000000
vt 0.032727 0.000000 0.000000
vt 0.032251 0.044131 0.000000
vt 0.035760 0.044131 0.000000
vt 0.032251 0.088263 0.000000
vt 0.035760 0.088263 0.000000
vt 0.032251 0.132394 0.000000
vt 0.035760 0.132394 0.000000
vt 0.032251 0.176526 0.000000
vt 0.035760 0.176526 0.000000
vt 0.032251 0.239234 0.000000
vt 0.035760 0.239234 0.000000
vt 0.032251 0.301943 0.000000
vt 0.035760 0.301943 0.000000
vt 0.032251 0.427360 0.000000
vt 0.035760 0.427360 0.000000
vt 0.039270 0.000000 0.000000
vt 0.039270 0.047692 0.000000
vt 0.039270 0.095385 0.000000
vt 0.039270 0.143077 0.000000
vt 0.039270 0.190769 0.000000
vt 0.039270 0.286154 0.000000
vt 0.039270 0.381539 0.000000
vt 0.039270 0.476923 0.000000
vt 0.016125 0.675999 0.000000
vt 0.019635 0.675999 0.000000
vt 0.025232 0.675999 0.000000
vt 0.009106 0.427360 0.000000
vt 0.009106 0.301943 0.000000
vt 0.009106 0.239234 0.000000
vt 0.009106 0.176526 0.000000
vt 0.009106 0.132394 0.000000
vt 0.009106 0.088263 0.000000
vt 0.025232 0.427360 0.000000
vt 0.025232 0.301943 0.000000
vt 0.025232 0.239234 0.000000
vt 0.025232 0.176526 0.000000
vt 0.025232 0.132394 0.000000
vt 0.025232 0.088263 0.000000
vt 0.028741 0.427360 0.000000
vt 0.028741 0.301943 0.000000
vt 0.028741 0.239234 0.000000
vt 0.028741 0.176526 0.000000
vt 0.028741 0.132394 0.000000
vt 0.028741 0.088263 0.000000
vt -0.336771 -1.310774 0.000000
vt 0.336820 -1.310774 0.000000
vt -0.205442 0.790707 0.000000
vt -0.127885 0.958799 0.000000
vt -0.156331 0.921316 0.000000
vt 0.336820 1.272604 0.000000
vt 0.168843 1.187665 0.000000
vt 0.088272 1.138973 0.000000
vt 0.010821 1.085531 0.000000
vt -0.062150 1.026123 0.000000
vt -0.180125 0.880750 0.000000
vt -0.197301 0.837000 0.000000
vt 0.655387 -0.017678 0.000000
vt 0.649373 -0.004385 0.000000
vt -1.966161 -0.017678 0.000000
vt -1.966161 0.017678 0.000000
vt 0.640362 0.006789 0.000000
vt 0.635133 0.011129 0.000000
vt 0.629575 0.014491 0.000000
vt 0.623565 0.016798 0.000000
vt 0.617217 0.017678 0.000000
vt 0.620417 0.017447 0.000000
vt -0.617217 0.017678 0.000000
vt -0.623317 0.016863 0.000000
vt 1.966161 0.017678 0.000000
vt -0.629176 0.014688 0.000000
vt -0.634938 0.011269 0.000000
vt -0.640437 0.006716 0.000000
vt -0.649463 -0.004531 0.000000
vt 1.966161 -0.017678 0.000000
vt -0.655387 -0.017678 0.000000
vn 0.876693 0.481050 -0.000260
vn 0.920591 0.390528 -0.000000
vn 0.876959 0.424155 -0.225910
vn 0.852398 0.367291 -0.372177
vn 0.840828 0.406681 -0.357237
vn 0.789141 0.381679 -0.481224
vn 0.819465 0.448181 -0.357227
vn 0.769100 0.420637 -0.481197
vn 0.803475 0.476238 -0.357246
vn 0.754075 0.446958 -0.481247
vn 0.784596 0.506754 -0.357225
vn 0.736378 0.475609 -0.481191
vn 0.760799 0.541818 -0.357236
vn 0.714032 0.508514 -0.481219
vn 0.730605 0.581897 -0.357227
vn 0.685703 0.546129 -0.481201
vn 0.652494 0.668322 -0.357208
vn 0.612428 0.627269 -0.481109
vn 0.588004 0.725700 -0.357228
vn 0.551865 0.681108 -0.481182
vn 0.495280 0.791946 -0.357098
vn 0.464945 0.743373 -0.480857
vn 0.318873 0.877893 -0.357245
vn 0.299263 0.823921 -0.481243
vn 0.197458 0.913027 -0.356919
vn 0.185378 0.857105 -0.480631
vn 0.054120 0.866005 -0.497098
vn 0.169523 0.783709 -0.597547
vn 0.044104 0.705730 -0.707107
vn 0.149584 0.691456 -0.706763
vn 0.111987 0.517616 -0.848253
vn 0.180761 0.497686 -0.848312
vn 0.139412 0.383832 -0.912818
vn 0.216495 0.346071 -0.912888
vn 0.148445 0.237317 -0.960023
vn 0.176291 0.217560 -0.959994
vn 0.090676 0.111897 -0.989574
vn 0.100595 0.103040 -0.989577
vn -0.000000 0.000000 -1.000000
vn -0.000000 0.000000 -1.000000
vn 0.112669 0.089735 -0.989572
vn -0.000000 0.000000 -1.000000
vn 0.117327 0.083556 -0.989572
vn -0.000000 0.000000 -1.000000
vn 0.120991 0.078146 -0.989573
vn 0.123913 0.073446 -0.989571
vn 0.235236 0.151933 -0.959990
vn 0.240916 0.142797 -0.959984
vn 0.343019 0.221545 -0.912828
vn 0.351295 0.208221 -0.912818
vn 0.444777 0.287267 -0.848322
vn 0.455495 0.269983 -0.848312
vn 0.594005 0.383648 -0.707087
vn 0.608283 0.360544 -0.707107
vn 0.673228 0.434818 -0.598078
vn 0.689398 0.408623 -0.598129
vn 0.663906 0.290493 -0.689088
vn 0.721461 0.348941 -0.598109
vn 0.703140 0.384564 -0.598084
vn 0.636570 0.307881 -0.707098
vn 0.522198 0.230135 -0.821187
vn 0.476666 0.230542 -0.848316
vn 0.367439 0.162953 -0.915661
vn 0.367619 0.177802 -0.912821
vn 0.252109 0.121935 -0.959986
vn 0.358265 0.195944 -0.912826
vn 0.245693 0.134375 -0.959989
vn 0.198501 0.088492 -0.976098
vn 0.129669 0.062717 -0.989572
vn 0.126370 0.069114 -0.989573
vn 0.000000 0.000000 -1.000000
vn -0.000000 0.000000 -1.000000
vn 0.000000 -0.000000 -1.000000
vn 0.076346 0.122067 -0.989581
vn 0.095611 0.263228 -0.959984
vn 0.086359 0.399150 -0.912810
vn 0.031005 0.496131 -0.867694
vn 0.000000 -0.000000 -1.000000
vn 0.049178 0.135388 -0.989571
vn 0.059221 0.273719 -0.959985
vn 0.016346 0.261558 -0.965049
vn -0.000000 0.000000 -1.000000
vn 0.030461 0.140791 -0.989571
vn -0.000000 0.000000 -1.000000
vn 0.060192 0.963170 -0.262068
vn 0.205899 0.952062 -0.226238
vn 0.332575 0.915624 -0.225889
vn 0.516491 0.825841 -0.226328
vn 0.613252 0.756871 -0.225982
vn 0.680498 0.696996 -0.226095
vn 0.761993 0.606895 -0.225932
vn 0.793488 0.565100 -0.225917
vn 0.818298 0.528521 -0.225951
vn 0.838008 0.496707 -0.225885
vn 0.854667 0.467434 -0.225941
vn 0.062372 0.998053 0.000000
vn 0.286075 0.958207 -0.000861
vn 0.457189 0.889366 -0.002579
vn 0.575628 0.817711 -0.000424
vn 0.655280 0.755386 -0.000944
vn 0.754205 0.656639 -0.000167
vn 0.811074 0.584944 -0.000099
vn 0.849112 0.528214 -0.000153
vn 0.464544 0.254071 -0.848320
vn 0.620398 0.339312 -0.707088
vn 0.228110 0.162454 -0.959987
vn 0.219056 0.174466 -0.959987
vn 0.195586 0.200331 -0.960007
vn 0.332624 0.236888 -0.912823
vn 0.319425 0.254401 -0.912824
vn 0.285217 0.292124 -0.912861
vn 0.257059 0.317252 -0.912837
vn 0.431291 0.307158 -0.848317
vn 0.414181 0.329866 -0.848317
vn 0.369857 0.378801 -0.848361
vn 0.333313 0.411378 -0.848334
vn 0.280777 0.448796 -0.848378
vn 0.575977 0.410201 -0.707097
vn 0.553134 0.440533 -0.707088
vn 0.494017 0.505957 -0.707075
vn 0.445150 0.549422 -0.707091
vn 0.375105 0.599581 -0.706964
vn 0.241392 0.664629 -0.707105
vn 0.652791 0.464904 -0.598104
vn 0.626900 0.499288 -0.598087
vn 0.559924 0.573472 -0.598009
vn 0.504530 0.622703 -0.598072
vn 0.425144 0.679643 -0.597778
vn 0.273588 0.753256 -0.598126
vn 0.000000 -0.000000 -1.000000
vn 0.000000 -0.000000 -1.000000
vn -1.000000 0.000000 -0.000000
vn -1.000000 0.000000 -0.000000
vn -1.000000 0.000000 -0.000000
vn -1.000000 0.000000 -0.000000
vn -1.000000 0.000000 -0.000000
vn -1.000000 0.000000 -0.000000
vn -1.000000 0.000000 -0.000000
vn -1.000000 0.000000 -0.000000
vn -1.000000 0.000000 -0.000000
vn -1.000000 0.000000 -0.000000
vn -1.000000 0.000000 -0.000000
vn -1.000000 0.000000 -0.000000
vn -1.000000 0.000000 -0.000000
vn -1.000000 0.000000 -0.000000
vn -1.000000 0.000000 -0.000000
vn -1.000000 0.000000 -0.000000
vn 0.016143 0.258315 -0.965926
vn 0.016143 0.258315 -0.965926
vn 0.000000 0.000000 -1.000000
vn 0.016143 0.258315 -0.965926
vn 0.016143 0.258315 -0.965926
vn 0.031186 0.499026 -0.866025
vn 0.031186 0.499026 -0.866025
vn 0.044104 0.705730 -0.707107
vn 0.044104 0.705730 -0.707107
vn 0.054016 0.864339 -0.500000
vn 0.054016 0.864339 -0.500000
vn 0.060247 0.964045 -0.258819
vn 0.060247 0.964045 -0.258819
vn 0.062372 0.998053 -0.000000
vn 0.062372 0.998053 -0.000000
vn 0.060247 0.964045 0.258819
vn 0.060247 0.964045 0.258819
vn 0.054016 0.864339 0.500000
vn 0.054016 0.864339 0.500000
vn 0.044104 0.705730 0.707107
vn 0.044104 0.705730 0.707107
vn 0.031186 0.499026 0.866025
vn 0.031186 0.499026 0.866025
vn 0.016143 0.258315 0.965926
vn 0.016143 0.258315 0.965926
vn -0.000000 -0.000000 1.000000
vn 0.016143 0.258315 0.965926
vn 0.016143 0.258315 0.965926
vn 0.031186 0.499026 0.866025
vn 0.031186 0.499026 0.866025
vn 0.044104 0.705730 0.707107
vn 0.044104 0.705730 0.707107
vn 0.054016 0.864339 0.500000
vn 0.054016 0.864339 0.500000
vn 0.060247 0.964045 0.258819
vn 0.060247 0.964045 0.258819
vn 0.062372 0.998053 -0.000000
vn 0.062372 0.998053 -0.000000
vn 0.060247 0.964045 -0.258819
vn 0.060247 0.964045 -0.258819
vn 0.054016 0.864339 -0.500000
vn 0.054016 0.864339 -0.500000
vn 0.044104 0.705730 -0.707107
vn 0.044104 0.705730 -0.707107
vn 0.031186 0.499026 -0.866025
vn 0.031186 0.499026 -0.866025
vn 0.016143 0.258315 -0.965926
vn 0.016143 0.258315 -0.965926
vn -0.000000 -0.000000 -1.000000
vn 0.031186 0.499026 -0.866025
vn 0.031186 0.499026 -0.866025
vn 0.044104 0.705730 -0.707107
vn 0.044104 0.705730 -0.707107
vn 0.054016 0.864339 -0.500000
vn 0.054016 0.864339 -0.500000
vn 0.060247 0.964045 -0.258819
vn 0.060247 0.964045 -0.258819
vn 0.062372 0.998053 0.000000
vn 0.062372 0.998053 0.000000
vn 0.060247 0.964045 0.258819
vn 0.060247 0.964045 0.258819
vn 0.054016 0.864339 0.500000
vn 0.054016 0.864339 0.500000
vn 0.044104 0.705730 0.707107
vn 0.044104 0.705730 0.707107
vn 0.031186 0.499026 0.866025
vn 0.031186 0.499026 0.866025
vn 0.016143 0.258315 0.965926
vn 0.016143 0.258315 0.965926
vn 0.000000 0.000000 1.000000
vn 0.016143 0.258315 0.965926
vn 0.016143 0.258315 0.965926
vn 0.031186 0.499026 0.866025
vn 0.031186 0.499026 0.866025
vn 0.044104 0.705730 0.707107
vn 0.044104 0.705730 0.707107
vn 0.054016 0.864339 0.500000
vn 0.054016 0.864339 0.500000
vn 0.060247 0.964045 0.258819
vn 0.060247 0.964045 0.258819
vn 0.062372 0.998053 0.000000
vn 0.062372 0.998053 0.000000
vn 0.060247 0.964045 -0.258819
vn 0.060247 0.964045 -0.258819
vn 0.054016 0.864339 -0.500000
vn 0.054016 0.864339 -0.500000
vn 0.044104 0.705730 -0.707107
vn 0.044104 0.705730 -0.707107
vn 0.031186 0.499026 -0.866025
vn 0.016143 0.258315 0.965926
vn 0.016143 0.258315 0.965926
vn 0.016143 0.258315 0.965926
vn 0.031186 0.499026 0.866025
vn 0.031186 0.499026 0.866025
vn 0.044104 0.705730 0.707107
vn 0.044104 0.705730 0.707107
vn 0.054016 0.864339 0.500000
vn 0.016143 0.258315 -0.965926
vn 0.016143 0.258315 -0.965926
vn 0.016143 0.258315 -0.965926
vn 0.031186 0.499026 -0.866025
vn 0.031186 0.499026 -0.866025
vn 0.044104 0.705730 -0.707107
vn 0.044104 0.705730 -0.707107
vn 0.054016 0.864339 -0.500000
vn 0.054016 0.864339 -0.500000
vn 0.060247 0.964045 -0.258819
vn 0.016143 0.258315 -0.965926
vn 0.016143 0.258315 -0.965926
vn 0.016143 0.258315 -0.965926
vn 0.031186 0.499026 -0.866025
vn 0.031186 0.499026 -0.866025
vn 0.044104 0.705730 -0.707107
vn 0.044104 0.705730 -0.707107
vn 0.054016 0.864339 -0.500000
vn 0.054016 0.864339 -0.500000
vn 0.060247 0.964045 -0.258819
vn 0.060247 0.964045 -0.258819
vn 0.062372 0.998053 -0.000000
vn 0.062372 0.998053 -0.000000
vn 0.060247 0.964045 0.258819
vn 0.060247 0.964045 0.258819
vn 0.054016 0.864339 0.500000
vn 0.054016 0.864339 0.500000
vn 0.044104 0.705730 0.707107
vn 0.031186 0.499026 -0.866025
vn 0.016143 0.258315 -0.965926
vn 0.031186 0.499026 -0.866025
vn 0.031186 0.499026 -0.866025
vn 0.044104 0.705730 -0.707107
vn 0.016143 0.258315 -0.965926
vn 0.016143 0.258315 -0.965926
vn 0.016143 0.258315 -0.965926
vn 0.031186 0.499026 -0.866025
vn 0.031186 0.499026 -0.866025
vn 0.044104 0.705730 -0.707107
vn 0.044104 0.705730 -0.707107
vn 0.054016 0.864339 -0.500000
vn 0.060247 0.964045 -0.258819
vn 0.062372 0.998053 -0.000000
vn 0.044104 0.705730 -0.707107
vn 0.054016 0.864339 -0.500000
vn 0.060247 0.964045 -0.258819
vn 0.062372 0.998053 0.000000
vn 0.060247 0.964045 0.258819
vn 0.054016 0.864339 -0.500000
vn 0.054016 0.864339 -0.500000
vn 0.060247 0.964045 -0.258819
vn 0.062372 0.998053 -0.000000
vn 0.060247 0.964045 0.258819
vn 0.054016 0.864339 0.500000
vn 0.044104 0.705730 0.707107
vn 0.031186 0.499026 0.866025
vn 0.016143 0.258315 0.965926
vn 0.060247 0.964045 -0.258819
vn 0.060247 0.964045 -0.258819
vn 0.062372 0.998053 -0.000000
vn 0.060247 0.964045 0.258819
vn 0.062372 0.998053 -0.000000
vn 0.060247 0.964045 0.258819
vn 0.054016 0.864339 0.500000
vn 0.062372 0.998053 -0.000000
vn 0.060247 0.964045 0.258819
vn 0.054016 0.864339 0.500000
vn 0.044104 0.705730 0.707107
vn 0.031186 0.499026 0.866025
vn 0.016143 0.258315 0.965926
vn 0.060247 0.964045 0.258819
vn 0.054016 0.864339 0.500000
vn 0.044104 0.705730 0.707107
vn 0.054016 0.864339 0.500000
vn 0.044104 0.705730 0.707107
vn 0.031186 0.499026 0.866025
vn 0.016143 0.258315 0.965926
vn 0.044104 0.705730 0.707107
vn 0.031186 0.499026 0.866025
vn 0.016143 0.258315 0.965926
vn 0.031186 0.499026 0.866025
vn 0.031186 0.499026 0.866025
vn 0.016143 0.258315 0.965926
vn 0.107652 0.048082 0.993025
vn 0.131351 0.059119 0.989572
vn 0.000000 -0.000000 1.000000
vn 0.128816 0.064461 0.989571
vn -0.000000 -0.000000 1.000000
vn 0.126020 0.069747 0.989573
vn 0.122670 0.075495 0.989572
vn 0.245012 0.135603 0.959990
vn 0.238500 0.146781 0.959986
vn 0.357274 0.197735 0.912829
vn 0.347774 0.214034 0.912821
vn 0.463262 0.256393 0.848322
vn 0.450934 0.277524 0.848316
vn 0.618693 0.342416 0.707085
vn 0.602204 0.370623 0.707099
vn 0.701209 0.388087 0.598076
vn 0.682514 0.420046 0.598110
vn 0.766984 0.424492 0.481188
vn 0.746544 0.459450 0.481226
vn 0.817206 0.452290 0.357224
vn 0.795443 0.489542 0.357238
vn 0.852308 0.471717 0.225953
vn 0.829624 0.510578 0.225909
vn 0.876971 0.480544 0.000299
vn 0.848747 0.528799 0.000068
vn 0.205919 0.091758 0.974257
vn 0.255377 0.114942 0.959985
vn 0.250448 0.125327 0.959984
vn 0.378404 0.167705 0.910322
vn 0.372384 0.167605 0.912819
vn 0.365195 0.182748 0.912817
vn 0.482843 0.217321 0.848313
vn 0.527315 0.232276 0.817305
vn 0.644814 0.290222 0.707097
vn 0.662023 0.289632 0.691259
vn 0.730803 0.328926 0.598109
vn 0.850909 0.366662 0.376182
vn 0.799360 0.359785 0.481226
vn 0.851718 0.383352 0.357236
vn 0.783912 0.392279 0.481247
vn 0.835267 0.417977 0.357246
vn 0.888318 0.399825 0.225903
vn 0.871167 0.435941 0.225884
vn 0.801534 0.553614 0.225953
vn 0.811278 0.584661 0.000417
vn 0.736160 0.637975 0.225959
vn 0.754746 0.656017 0.000358
vn 0.682885 0.694694 0.225981
vn 0.656218 0.754572 0.000169
vn 0.605411 0.763106 0.226156
vn 0.574861 0.818250 0.001549
vn 0.523674 0.821375 0.226073
vn 0.457519 0.889200 0.000415
vn 0.411077 0.883109 0.226129
vn 0.286912 0.957957 0.000329
vn 0.255905 0.939940 0.225888
vn 0.060192 0.963170 0.262068
vn 0.245361 0.901207 0.357244
vn 0.054120 0.866005 0.497098
vn 0.230267 0.845803 0.481242
vn 0.210504 0.773263 0.598124
vn 0.370032 0.794847 0.480931
vn 0.338369 0.726704 0.597835
vn 0.471285 0.739208 0.481105
vn 0.430861 0.675833 0.598003
vn 0.544887 0.686800 0.481045
vn 0.498192 0.627901 0.597951
vn 0.614530 0.625158 0.481176
vn 0.561825 0.571550 0.598066
vn 0.662464 0.574103 0.481194
vn 0.605657 0.524859 0.598082
vn 0.721292 0.498189 0.481192
vn 0.659436 0.455460 0.598080
vn 0.185725 0.682283 0.707104
vn 0.298579 0.641147 0.706952
vn 0.380136 0.596286 0.707064
vn 0.439553 0.553965 0.707047
vn 0.495703 0.504289 0.707086
vn 0.534387 0.463089 0.707092
vn 0.581837 0.401860 0.707089
vn 0.139071 0.510907 0.848312
vn 0.031005 0.496131 0.867694
vn 0.107258 0.394030 0.912818
vn 0.016346 0.261558 0.965049
vn 0.073558 0.270222 0.959984
vn 0.037835 0.138986 0.989571
vn 0.118214 0.253839 0.959995
vn 0.060800 0.130563 0.989574
vn 0.150531 0.236082 0.960003
vn 0.077429 0.121424 0.989576
vn 0.174001 0.219320 0.960012
vn 0.089492 0.112809 0.989578
vn 0.196304 0.199691 0.959994
vn 0.100968 0.102708 0.989574
vn 0.211618 0.183396 0.959992
vn 0.108842 0.094330 0.989573
vn 0.230415 0.159145 0.959990
vn 0.118511 0.081856 0.989573
vn 0.000000 -0.000000 1.000000
vn 0.000000 0.000000 1.000000
vn 0.000000 0.000000 1.000000
vn -0.000000 0.000000 1.000000
vn -0.000000 0.000000 1.000000
vn -0.000000 -0.000000 1.000000
vn -0.000000 -0.000000 1.000000
vn -0.000000 -0.000000 1.000000
vn 0.716676 0.358633 0.598129
vn 0.632351 0.316436 0.707107
vn 0.473518 0.236955 0.848312
vn 0.768521 0.530814 0.357227
vn 0.705838 0.611702 0.357229
vn 0.654768 0.666086 0.357223
vn 0.580509 0.731732 0.357181
vn 0.502134 0.787573 0.357199
vn 0.394181 0.846820 0.357095
vn 0.435665 0.300903 0.848324
vn 0.400132 0.346749 0.848327
vn 0.371163 0.377587 0.848332
vn 0.329063 0.414719 0.848366
vn 0.284613 0.446430 0.848349
vn 0.223551 0.479992 0.848311
vn 0.335990 0.232062 0.912830
vn 0.308584 0.267421 0.912832
vn 0.286246 0.291194 0.912836
vn 0.253748 0.319816 0.912869
vn 0.219496 0.344270 0.912853
vn 0.172391 0.370153 0.912835
vn -0.000000 0.000000 1.000000
vn -0.000000 0.000000 1.000000
vn -0.000000 -0.707107 0.707107
vn -0.000000 -0.707107 0.707107
vn -0.000000 -0.707107 0.707107
vn -0.000000 -0.707107 0.707107
vn -0.000000 -0.707107 0.707107
vn -0.000000 -0.707107 0.707107
vn -0.000000 -0.707107 0.707107
vn -0.000000 -0.707107 0.707107
vn -0.000000 -0.707107 0.707107
vn -0.000000 -0.707107 0.707107
vn 0.000000 -0.707107 -0.707107
vn 0.000000 -0.707107 -0.707107
vn 0.000000 -0.707107 -0.707107
vn 0.000000 -0.707107 -0.707107
vn 0.000000 -0.707107 -0.707107
vn 0.000000 -0.707107 -0.707107
vn 0.000000 -0.707107 -0.707107
vn 0.000000 -0.707107 -0.707107
vn 0.000000 -0.707107 -0.707107
f 3565/4181/4042 3536/4182/4043 3566/4183/4044
f 3566/4183/4044 3536/4182/4043 3537/4184/4045
f 3566/4183/4044 3537/4184/4045 3576/4185/4046
f 3576/4185/4046 3537/4184/4045 3575/4186/4047
f 3576/4185/4046 3575/4186/4047 3587/4187/4048
f 3587/4187/4048 3575/4186/4047 3588/4188/4049
f 3587/4187/4048 3588/4188/4049 3584/4189/4050
f 3584/4189/4050 3588/4188/4049 3583/4190/4051
f 3584/4189/4050 3583/4190/4051 3602/4191/4052
f 3602/4191/4052 3583/4190/4051 3601/4192/4053
f 3602/4191/4052 3601/4192/4053 3613/4193/4054
f 3613/4193/4054 3601/4192/4053 3614/4194/4055
f 3613/4193/4054 3614/4194/4055 3610/4195/4056
f 3610/4195/4056 3614/4194/4055 3609/4196/4057
f 3610/4195/4056 3609/4196/4057 3627/4197/4058
f 3627/4197/4058 3609/4196/4057 3626/4198/4059
f 3627/4197/4058 3626/4198/4059 3636/4199/4060
f 3636/4199/4060 3626/4198/4059 3635/4200/4061
f 3636/4199/4060 3635/4200/4061 3645/4201/4062
f 3645/4201/4062 3635/4200/4061 3644/4202/4063
f 3645/4201/4062 3644/4202/4063 3654/4203/4064
f 3654/4203/4064 3644/4202/4063 3653/4204/4065
f 3654/4203/4064 3653/4204/4065 3663/4205/4066
f 3663/4205/4066 3653/4204/4065 3662/4206/4067
f 3663/4205/4066 3662/4206/4067 3555/4207/4068
f 3555/4207/4068 3662/4206/4067 3661/4208/4069
f 3555/4207/4068 3661/4208/4069 3554/4209/4070
f 3554/4209/4070 3661/4208/4069 3660/4210/4071
f 3554/4209/4070 3660/4210/4071 3659/4211/4072
f 3659/4211/4072 3660/4210/4071 3650/4212/4073
f 3659/4211/4072 3650/4212/4073 3649/4213/4074
f 3649/4213/4074 3650/4212/4073 3640/4214/4075
f 3649/4213/4074 3640/4214/4075 3639/4215/4076
f 3639/4215/4076 3640/4214/4075 3630/4216/4077
f 3639/4215/4076 3630/4216/4077 3629/4217/4078
f 3629/4217/4078 3630/4216/4077 3620/4218/4079
f 3629/4217/4078 3620/4218/4079 3547/4219/4080
f 3547/4219/4080 3620/4218/4079 3546/4220/4081
f 3546/4220/4081 3620/4218/4079 3603/4221/4082
f 3546/4220/4081 3603/4221/4082 3545/4222/4083
f 3545/4222/4083 3603/4221/4082 3569/4223/4084
f 3545/4222/4083 3569/4223/4084 3544/4224/4085
f 3544/4224/4085 3569/4223/4084 3595/4225/4086
f 3544/4224/4085 3595/4225/4086 3577/4226/4087
f 3577/4226/4087 3595/4225/4086 3596/4227/4088
f 3577/4226/4087 3596/4227/4088 3578/4228/4089
f 3578/4228/4089 3596/4227/4088 3597/4229/4090
f 3578/4228/4089 3597/4229/4090 3579/4230/4091
f 3579/4230/4091 3597/4229/4090 3598/4231/4092
f 3579/4230/4091 3598/4231/4092 3580/4232/4093
f 3580/4232/4093 3598/4231/4092 3599/4233/4094
f 3580/4232/4093 3599/4233/4094 3581/4234/4095
f 3581/4234/4095 3599/4233/4094 3600/4235/4096
f 3581/4234/4095 3600/4235/4096 3582/4236/4097
f 3582/4236/4097 3600/4235/4096 3601/4192/4053
f 3582/4236/4097 3601/4192/4053 3583/4190/4051
f 3537/4184/4045 3538/4237/4098 3575/4186/4047
f 3575/4186/4047 3538/4237/4098 3574/4238/4099
f 3575/4186/4047 3574/4238/4099 3588/4188/4049
f 3588/4188/4049 3574/4238/4099 3589/4239/4100
f 3588/4188/4049 3589/4239/4100 3583/4190/4051
f 3583/4190/4051 3589/4239/4100 3582/4236/4097
f 3574/4238/4099 3538/4237/4098 3573/4240/4101
f 3573/4240/4101 3538/4237/4098 3539/4241/4102
f 3573/4240/4101 3539/4241/4102 3572/4242/4103
f 3572/4242/4103 3539/4241/4102 3540/4243/4104
f 3572/4242/4103 3540/4243/4104 3571/4244/4105
f 3571/4244/4105 3540/4243/4104 3570/4245/4106
f 3571/4244/4105 3570/4245/4106 3592/4246/4107
f 3592/4246/4107 3570/4245/4106 3593/4247/4108
f 3592/4246/4107 3593/4247/4108 3579/4230/4091
f 3579/4230/4091 3593/4247/4108 3578/4228/4089
f 3540/4243/4104 3541/4248/4109 3570/4245/4106
f 3570/4245/4106 3541/4248/4109 3567/4249/4110
f 3570/4245/4106 3567/4249/4110 3593/4247/4108
f 3593/4247/4108 3567/4249/4110 3594/4250/4111
f 3593/4247/4108 3594/4250/4111 3578/4228/4089
f 3578/4228/4089 3594/4250/4111 3577/4226/4087
f 3541/4248/4109 3542/4251/4112 3567/4249/4110
f 3567/4249/4110 3542/4251/4112 3543/4252/4113
f 3567/4249/4110 3543/4252/4113 3594/4250/4111
f 3594/4250/4111 3543/4252/4113 3577/4226/4087
f 3543/4252/4113 3544/4224/4085 3577/4226/4087
f 3547/4219/4080 3548/4253/4114 3629/4217/4078
f 3629/4217/4078 3548/4253/4114 3638/4254/4115
f 3629/4217/4078 3638/4254/4115 3639/4215/4076
f 3639/4215/4076 3638/4254/4115 3648/4255/4116
f 3639/4215/4076 3648/4255/4116 3649/4213/4074
f 3649/4213/4074 3648/4255/4116 3658/4256/4117
f 3649/4213/4074 3658/4256/4117 3659/4211/4072
f 3659/4211/4072 3658/4256/4117 3553/4257/4118
f 3659/4211/4072 3553/4257/4118 3554/4209/4070
f 3548/4253/4114 3549/4258/4119 3638/4254/4115
f 3638/4254/4115 3549/4258/4119 3647/4259/4120
f 3638/4254/4115 3647/4259/4120 3648/4255/4116
f 3648/4255/4116 3647/4259/4120 3657/4260/4121
f 3648/4255/4116 3657/4260/4121 3658/4256/4117
f 3658/4256/4117 3657/4260/4121 3552/4261/4122
f 3658/4256/4117 3552/4261/4122 3553/4257/4118
f 3549/4258/4119 3550/4262/4123 3647/4259/4120
f 3647/4259/4120 3550/4262/4123 3656/4263/4124
f 3647/4259/4120 3656/4263/4124 3657/4260/4121
f 3657/4260/4121 3656/4263/4124 3552/4261/4122
f 3550/4262/4123 3551/4264/4125 3656/4263/4124
f 3656/4263/4124 3551/4264/4125 3552/4261/4122
f 3555/4207/4068 3556/4265/4126 3663/4205/4066
f 3663/4205/4066 3556/4265/4126 3664/4266/4127
f 3663/4205/4066 3664/4266/4127 3654/4203/4064
f 3654/4203/4064 3664/4266/4127 3655/4267/4128
f 3654/4203/4064 3655/4267/4128 3645/4201/4062
f 3645/4201/4062 3655/4267/4128 3646/4268/4129
f 3645/4201/4062 3646/4268/4129 3636/4199/4060
f 3636/4199/4060 3646/4268/4129 3637/4269/4130
f 3636/4199/4060 3637/4269/4130 3627/4197/4058
f 3627/4197/4058 3637/4269/4130 3628/4270/4131
f 3627/4197/4058 3628/4270/4131 3610/4195/4056
f 3610/4195/4056 3628/4270/4131 3611/4271/4132
f 3610/4195/4056 3611/4271/4132 3613/4193/4054
f 3613/4193/4054 3611/4271/4132 3612/4272/4133
f 3613/4193/4054 3612/4272/4133 3602/4191/4052
f 3602/4191/4052 3612/4272/4133 3568/4273/4134
f 3602/4191/4052 3568/4273/4134 3584/4189/4050
f 3584/4189/4050 3568/4273/4134 3585/4274/4135
f 3584/4189/4050 3585/4274/4135 3587/4187/4048
f 3587/4187/4048 3585/4274/4135 3586/4275/4136
f 3587/4187/4048 3586/4275/4136 3576/4185/4046
f 3576/4185/4046 3586/4275/4136 3566/4183/4044
f 3556/4265/4126 3557/4276/4137 3664/4266/4127
f 3664/4266/4127 3557/4276/4137 3558/4277/4138
f 3664/4266/4127 3558/4277/4138 3655/4267/4128
f 3655/4267/4128 3558/4277/4138 3559/4278/4139
f 3655/4267/4128 3559/4278/4139 3646/4268/4129
f 3646/4268/4129 3559/4278/4139 3560/4279/4140
f 3646/4268/4129 3560/4279/4140 3637/4269/4130
f 3637/4269/4130 3560/4279/4140 3561/4280/4141
f 3637/4269/4130 3561/4280/4141 3628/4270/4131
f 3628/4270/4131 3561/4280/4141 3562/4281/4142
f 3628/4270/4131 3562/4281/4142 3611/4271/4132
f 3611/4271/4132 3562/4281/4142 3563/4282/4143
f 3611/4271/4132 3563/4282/4143 3612/4272/4133
f 3612/4272/4133 3563/4282/4143 3568/4273/4134
f 3563/4282/4143 3564/4283/4144 3568/4273/4134
f 3568/4273/4134 3564/4283/4144 3585/4274/4135
f 3564/4283/4144 3565/4181/4042 3585/4274/4135
f 3585/4274/4135 3565/4181/4042 3586/4275/4136
f 3586/4275/4136 3565/4181/4042 3566/4183/4044
f 3572/4242/4103 3571/4244/4105 3591/4284/4145
f 3591/4284/4145 3571/4244/4105 3592/4246/4107
f 3591/4284/4145 3592/4246/4107 3580/4232/4093
f 3580/4232/4093 3592/4246/4107 3579/4230/4091
f 3589/4239/4100 3574/4238/4099 3573/4240/4101
f 3573/4240/4101 3572/4242/4103 3590/4285/4146
f 3590/4285/4146 3572/4242/4103 3591/4284/4145
f 3590/4285/4146 3591/4284/4145 3581/4234/4095
f 3581/4234/4095 3591/4284/4145 3580/4232/4093
f 3581/4234/4095 3582/4236/4097 3590/4285/4146
f 3590/4285/4146 3582/4236/4097 3589/4239/4100
f 3590/4285/4146 3589/4239/4100 3573/4240/4101
f 3596/4227/4088 3595/4225/4086 3619/4286/4147
f 3619/4286/4147 3595/4225/4086 3569/4223/4084
f 3619/4286/4147 3569/4223/4084 3604/4287/4148
f 3604/4287/4148 3569/4223/4084 3603/4221/4082
f 3604/4287/4148 3603/4221/4082 3621/4288/4149
f 3621/4288/4149 3603/4221/4082 3620/4218/4079
f 3621/4288/4149 3620/4218/4079 3630/4216/4077
f 3597/4229/4090 3596/4227/4088 3618/4289/4150
f 3618/4289/4150 3596/4227/4088 3619/4286/4147
f 3618/4289/4150 3619/4286/4147 3605/4290/4151
f 3605/4290/4151 3619/4286/4147 3604/4287/4148
f 3605/4290/4151 3604/4287/4148 3622/4291/4152
f 3622/4291/4152 3604/4287/4148 3621/4288/4149
f 3622/4291/4152 3621/4288/4149 3631/4292/4153
f 3631/4292/4153 3621/4288/4149 3630/4216/4077
f 3631/4292/4153 3630/4216/4077 3640/4214/4075
f 3598/4231/4092 3597/4229/4090 3617/4293/4154
f 3617/4293/4154 3597/4229/4090 3618/4289/4150
f 3617/4293/4154 3618/4289/4150 3606/4294/4155
f 3606/4294/4155 3618/4289/4150 3605/4290/4151
f 3606/4294/4155 3605/4290/4151 3623/4295/4156
f 3623/4295/4156 3605/4290/4151 3622/4291/4152
f 3623/4295/4156 3622/4291/4152 3632/4296/4157
f 3632/4296/4157 3622/4291/4152 3631/4292/4153
f 3632/4296/4157 3631/4292/4153 3641/4297/4158
f 3641/4297/4158 3631/4292/4153 3640/4214/4075
f 3641/4297/4158 3640/4214/4075 3650/4212/4073
f 3599/4233/4094 3598/4231/4092 3616/4298/4159
f 3616/4298/4159 3598/4231/4092 3617/4293/4154
f 3616/4298/4159 3617/4293/4154 3607/4299/4160
f 3607/4299/4160 3617/4293/4154 3606/4294/4155
f 3607/4299/4160 3606/4294/4155 3624/4300/4161
f 3624/4300/4161 3606/4294/4155 3623/4295/4156
f 3624/4300/4161 3623/4295/4156 3633/4301/4162
f 3633/4301/4162 3623/4295/4156 3632/4296/4157
f 3633/4301/4162 3632/4296/4157 3642/4302/4163
f 3642/4302/4163 3632/4296/4157 3641/4297/4158
f 3642/4302/4163 3641/4297/4158 3651/4303/4164
f 3651/4303/4164 3641/4297/4158 3650/4212/4073
f 3651/4303/4164 3650/4212/4073 3660/4210/4071
f 3614/4194/4055 3601/4192/4053 3600/4235/4096
f 3600/4235/4096 3599/4233/4094 3615/4304/4165
f 3615/4304/4165 3599/4233/4094 3616/4298/4159
f 3615/4304/4165 3616/4298/4159 3608/4305/4166
f 3608/4305/4166 3616/4298/4159 3607/4299/4160
f 3608/4305/4166 3607/4299/4160 3625/4306/4167
f 3625/4306/4167 3607/4299/4160 3624/4300/4161
f 3625/4306/4167 3624/4300/4161 3634/4307/4168
f 3634/4307/4168 3624/4300/4161 3633/4301/4162
f 3634/4307/4168 3633/4301/4162 3643/4308/4169
f 3643/4308/4169 3633/4301/4162 3642/4302/4163
f 3643/4308/4169 3642/4302/4163 3652/4309/4170
f 3652/4309/4170 3642/4302/4163 3651/4303/4164
f 3652/4309/4170 3651/4303/4164 3661/4208/4069
f 3661/4208/4069 3651/4303/4164 3660/4210/4071
f 3608/4305/4166 3609/4196/4057 3615/4304/4165
f 3615/4304/4165 3609/4196/4057 3614/4194/4055
f 3615/4304/4165 3614/4194/4055 3600/4235/4096
f 3609/4196/4057 3608/4305/4166 3626/4198/4059
f 3626/4198/4059 3608/4305/4166 3625/4306/4167
f 3626/4198/4059 3625/4306/4167 3635/4200/4061
f 3635/4200/4061 3625/4306/4167 3634/4307/4168
f 3635/4200/4061 3634/4307/4168 3644/4202/4063
f 3644/4202/4063 3634/4307/4168 3643/4308/4169
f 3644/4202/4063 3643/4308/4169 3653/4204/4065
f 3653/4204/4065 3643/4308/4169 3652/4309/4170
f 3653/4204/4065 3652/4309/4170 3662/4206/4067
f 3662/4206/4067 3652/4309/4170 3661/4208/4069
f 3550/4310/4123 3549/4311/4119 3551/4312/4125
f 3551/4312/4125 3549/4311/4119 3548/4313/4114
f 3551/4312/4125 3548/4313/4114 3547/4314/4080
f 3551/4312/4125 3547/4314/4080 3665/4315/4171
f 3665/4315/4171 3547/4314/4080 3546/4316/4081
f 3665/4315/4171 3546/4316/4081 3545/4317/4083
f 3545/4317/4083 3544/4318/4085 3665/4315/4171
f 3665/4315/4171 3544/4318/4085 3543/4319/4113
f 3665/4315/4171 3543/4319/4113 3542/4320/4112
f 3665/4315/4171 3666/4321/4172 3551/4312/4125
f 3668/4322/4173 3669/4323/4174 3667/4324/4175
f 3667/4324/4175 3669/4323/4174 3680/4325/4176
f 3680/4325/4176 3669/4323/4174 3670/4326/4177
f 3680/4325/4176 3670/4326/4177 3671/4327/4178
f 3680/4325/4176 3671/4327/4178 3679/4328/4179
f 3679/4328/4179 3671/4327/4178 3672/4329/4180
f 3679/4328/4179 3672/4329/4180 3673/4330/4181
f 3673/4330/4181 3674/4331/4182 3679/4328/4179
f 3679/4328/4179 3674/4331/4182 3675/4332/4183
f 3679/4328/4179 3675/4332/4183 3665/4333/4184
f 3665/4333/4184 3675/4332/4183 3676/4334/4185
f 3665/4333/4184 3676/4334/4185 3677/4335/4186
f 3678/4336/4187 3666/4337/4188 3677/4335/4186
f 3677/4335/4186 3666/4337/4188 3665/4333/4184
f 3678/4338/4189 3687/4339/4190 3666/4340/4191
f 3666/4340/4191 3687/4339/4190 3688/4341/4192
f 3666/4340/4191 3688/4341/4192 3689/4342/4193
f 3689/4342/4193 3688/4341/4192 3703/4343/4194
f 3689/4342/4193 3703/4343/4194 3704/4344/4195
f 3704/4344/4195 3703/4343/4194 3718/4345/4196
f 3704/4344/4195 3718/4345/4196 3719/4346/4197
f 3719/4346/4197 3718/4345/4196 3733/4347/4198
f 3719/4346/4197 3733/4347/4198 3734/4348/4199
f 3734/4348/4199 3733/4347/4198 3748/4349/4200
f 3734/4348/4199 3748/4349/4200 3749/4350/4201
f 3749/4350/4201 3748/4349/4200 3763/4351/4202
f 3749/4350/4201 3763/4351/4202 3764/4352/4203
f 3764/4352/4203 3763/4351/4202 3778/4353/4204
f 3764/4352/4203 3778/4353/4204 3779/4354/4205
f 3779/4354/4205 3778/4353/4204 3793/4355/4206
f 3779/4354/4205 3793/4355/4206 3794/4356/4207
f 3794/4356/4207 3793/4355/4206 3808/4357/4208
f 3794/4356/4207 3808/4357/4208 3809/4358/4209
f 3809/4358/4209 3808/4357/4208 3823/4359/4210
f 3809/4358/4209 3823/4359/4210 3824/4360/4211
f 3824/4360/4211 3823/4359/4210 3838/4361/4212
f 3824/4360/4211 3838/4361/4212 3839/4362/4213
f 3839/4362/4213 3838/4361/4212 3681/4363/4214
f 3839/4362/4213 3681/4363/4214 3840/4364/4215
f 3840/4364/4215 3681/4363/4214 3682/4365/4216
f 3840/4364/4215 3682/4365/4216 3826/4366/4217
f 3826/4366/4217 3682/4365/4216 3683/4367/4218
f 3826/4366/4217 3683/4367/4218 3812/4368/4219
f 3812/4368/4219 3683/4367/4218 3684/4369/4220
f 3812/4368/4219 3684/4369/4220 3798/4370/4221
f 3798/4370/4221 3684/4369/4220 3685/4371/4222
f 3798/4370/4221 3685/4371/4222 3784/4372/4223
f 3784/4372/4223 3685/4371/4222 3686/4373/4224
f 3784/4372/4223 3686/4373/4224 3770/4374/4225
f 3770/4374/4225 3686/4373/4224 3557/4375/4226
f 3770/4374/4225 3557/4375/4226 3756/4376/4227
f 3756/4376/4227 3557/4375/4226 3556/4377/4228
f 3756/4376/4227 3556/4377/4228 3742/4378/4229
f 3742/4378/4229 3556/4377/4228 3555/4379/4230
f 3742/4378/4229 3555/4379/4230 3728/4380/4231
f 3728/4380/4231 3555/4379/4230 3554/4381/4232
f 3728/4380/4231 3554/4381/4232 3714/4382/4233
f 3714/4382/4233 3554/4381/4232 3553/4383/4234
f 3714/4382/4233 3553/4383/4234 3700/4384/4235
f 3700/4384/4235 3553/4383/4234 3552/4385/4236
f 3700/4384/4235 3552/4385/4236 3551/4386/4237
f 3687/4339/4190 3678/4338/4189 3701/4387/4238
f 3701/4387/4238 3678/4338/4189 3677/4388/4239
f 3701/4387/4238 3677/4388/4239 3715/4389/4240
f 3715/4389/4240 3677/4388/4239 3676/4390/4241
f 3715/4389/4240 3676/4390/4241 3729/4391/4242
f 3729/4391/4242 3676/4390/4241 3675/4392/4243
f 3729/4391/4242 3675/4392/4243 3743/4393/4244
f 3743/4393/4244 3675/4392/4243 3674/4394/4245
f 3743/4393/4244 3674/4394/4245 3757/4395/4246
f 3757/4395/4246 3674/4394/4245 3673/4396/4247
f 3757/4395/4246 3673/4396/4247 3672/4397/4248
f 3757/4395/4246 3672/4397/4248 3771/4398/4249
f 3771/4398/4249 3672/4397/4248 3671/4399/4250
f 3771/4398/4249 3671/4399/4250 3785/4400/4251
f 3785/4400/4251 3671/4399/4250 3670/4401/4252
f 3785/4400/4251 3670/4401/4252 3799/4402/4253
f 3799/4402/4253 3670/4401/4252 3669/4403/4254
f 3799/4402/4253 3669/4403/4254 3813/4404/4255
f 3813/4404/4255 3669/4403/4254 3668/4405/4256
f 3813/4404/4255 3668/4405/4256 3827/4406/4257
f 3827/4406/4257 3668/4405/4256 3667/4407/4258
f 3827/4406/4257 3667/4407/4258 3828/4408/4259
f 3828/4408/4259 3667/4407/4258 3829/4409/4260
f 3828/4408/4259 3829/4409/4260 3814/4410/4261
f 3814/4410/4261 3829/4409/4260 3815/4411/4262
f 3814/4410/4261 3815/4411/4262 3800/4412/4263
f 3800/4412/4263 3815/4411/4262 3801/4413/4264
f 3800/4412/4263 3801/4413/4264 3786/4414/4265
f 3786/4414/4265 3801/4413/4264 3787/4415/4266
f 3786/4414/4265 3787/4415/4266 3772/4416/4267
f 3772/4416/4267 3787/4415/4266 3773/4417/4268
f 3772/4416/4267 3773/4417/4268 3758/4418/4269
f 3758/4418/4269 3773/4417/4268 3759/4419/4270
f 3758/4418/4269 3759/4419/4270 3744/4420/4271
f 3744/4420/4271 3759/4419/4270 3745/4421/4272
f 3744/4420/4271 3745/4421/4272 3730/4422/4273
f 3730/4422/4273 3745/4421/4272 3731/4423/4274
f 3730/4422/4273 3731/4423/4274 3716/4424/4275
f 3716/4424/4275 3731/4423/4274 3717/4425/4276
f 3716/4424/4275 3717/4425/4276 3702/4426/4277
f 3702/4426/4277 3717/4425/4276 3703/4343/4194
f 3702/4426/4277 3703/4343/4194 3688/4341/4192
f 3681/4363/4214 3834/4427/4278 3667/4407/4258
f 3667/4407/4258 3834/4427/4278 3833/4428/4279
f 3667/4407/4258 3833/4428/4279 3832/4429/4280
f 3832/4429/4280 3833/4428/4279 3818/4430/4281
f 3832/4429/4280 3818/4430/4281 3817/4431/4282
f 3817/4431/4282 3818/4430/4281 3803/4432/4283
f 3817/4431/4282 3803/4432/4283 3802/4433/4284
f 3802/4433/4284 3803/4432/4283 3788/4434/4285
f 3802/4433/4284 3788/4434/4285 3787/4415/4266
f 3787/4415/4266 3788/4434/4285 3773/4417/4268
f 3666/4340/4191 3694/4435/4286 3551/4386/4237
f 3551/4386/4237 3694/4435/4286 3695/4436/4287
f 3551/4386/4237 3695/4436/4287 3696/4437/4288
f 3696/4437/4288 3695/4436/4287 3710/4438/4289
f 3696/4437/4288 3710/4438/4289 3711/4439/4290
f 3711/4439/4290 3710/4438/4289 3725/4440/4291
f 3711/4439/4290 3725/4440/4291 3726/4441/4292
f 3726/4441/4292 3725/4440/4291 3740/4442/4293
f 3726/4441/4292 3740/4442/4293 3741/4443/4294
f 3741/4443/4294 3740/4442/4293 3755/4444/4295
f 3741/4443/4294 3755/4444/4295 3756/4376/4227
f 3756/4376/4227 3755/4444/4295 3770/4374/4225
f 3702/4426/4277 3688/4341/4192 3687/4339/4190
f 3702/4426/4277 3687/4339/4190 3701/4387/4238
f 3689/4342/4193 3690/4445/4296 3666/4340/4191
f 3666/4340/4191 3690/4445/4296 3691/4446/4297
f 3666/4340/4191 3691/4446/4297 3692/4447/4298
f 3692/4447/4298 3691/4446/4297 3706/4448/4299
f 3692/4447/4298 3706/4448/4299 3707/4449/4300
f 3707/4449/4300 3706/4448/4299 3721/4450/4301
f 3707/4449/4300 3721/4450/4301 3722/4451/4302
f 3722/4451/4302 3721/4450/4301 3736/4452/4303
f 3722/4451/4302 3736/4452/4303 3737/4453/4304
f 3737/4453/4304 3736/4452/4303 3751/4454/4305
f 3737/4453/4304 3751/4454/4305 3752/4455/4306
f 3752/4455/4306 3751/4454/4305 3766/4456/4307
f 3752/4455/4306 3766/4456/4307 3767/4457/4308
f 3767/4457/4308 3766/4456/4307 3781/4458/4309
f 3767/4457/4308 3781/4458/4309 3782/4459/4310
f 3782/4459/4310 3781/4458/4309 3796/4460/4311
f 3782/4459/4310 3796/4460/4311 3797/4461/4312
f 3797/4461/4312 3796/4460/4311 3811/4462/4313
f 3797/4461/4312 3811/4462/4313 3812/4368/4219
f 3812/4368/4219 3811/4462/4313 3826/4366/4217
f 3689/4342/4193 3704/4344/4195 3690/4445/4296
f 3690/4445/4296 3704/4344/4195 3705/4463/4314
f 3690/4445/4296 3705/4463/4314 3691/4446/4297
f 3691/4446/4297 3705/4463/4314 3706/4448/4299
f 3694/4435/4286 3666/4340/4191 3693/4464/4315
f 3693/4464/4315 3666/4340/4191 3692/4447/4298
f 3693/4464/4315 3692/4447/4298 3707/4449/4300
f 3694/4435/4286 3693/4464/4315 3708/4465/4316
f 3708/4465/4316 3693/4464/4315 3707/4449/4300
f 3708/4465/4316 3707/4449/4300 3722/4451/4302
f 3695/4436/4287 3694/4435/4286 3709/4466/4317
f 3709/4466/4317 3694/4435/4286 3708/4465/4316
f 3709/4466/4317 3708/4465/4316 3723/4467/4318
f 3723/4467/4318 3708/4465/4316 3722/4451/4302
f 3723/4467/4318 3722/4451/4302 3737/4453/4304
f 3696/4437/4288 3697/4468/4319 3551/4386/4237
f 3551/4386/4237 3697/4468/4319 3698/4469/4320
f 3551/4386/4237 3698/4469/4320 3699/4470/4321
f 3699/4470/4321 3698/4469/4320 3713/4471/4322
f 3699/4470/4321 3713/4471/4322 3714/4382/4233
f 3714/4382/4233 3713/4471/4322 3728/4380/4231
f 3696/4437/4288 3711/4439/4290 3697/4468/4319
f 3697/4468/4319 3711/4439/4290 3712/4472/4323
f 3697/4468/4319 3712/4472/4323 3698/4469/4320
f 3698/4469/4320 3712/4472/4323 3713/4471/4322
f 3700/4384/4235 3551/4386/4237 3699/4470/4321
f 3714/4382/4233 3700/4384/4235 3699/4470/4321
f 3716/4424/4275 3702/4426/4277 3701/4387/4238
f 3716/4424/4275 3701/4387/4238 3715/4389/4240
f 3718/4345/4196 3703/4343/4194 3717/4425/4276
f 3704/4344/4195 3719/4346/4197 3705/4463/4314
f 3705/4463/4314 3719/4346/4197 3720/4473/4324
f 3705/4463/4314 3720/4473/4324 3706/4448/4299
f 3706/4448/4299 3720/4473/4324 3721/4450/4301
f 3695/4436/4287 3709/4466/4317 3710/4438/4289
f 3710/4438/4289 3709/4466/4317 3724/4474/4325
f 3710/4438/4289 3724/4474/4325 3725/4440/4291
f 3725/4440/4291 3724/4474/4325 3739/4475/4326
f 3725/4440/4291 3739/4475/4326 3740/4442/4293
f 3740/4442/4293 3739/4475/4326 3754/4476/4327
f 3740/4442/4293 3754/4476/4327 3755/4444/4295
f 3755/4444/4295 3754/4476/4327 3769/4477/4328
f 3755/4444/4295 3769/4477/4328 3770/4374/4225
f 3770/4374/4225 3769/4477/4328 3784/4372/4223
f 3724/4474/4325 3709/4466/4317 3723/4467/4318
f 3711/4439/4290 3726/4441/4292 3712/4472/4323
f 3712/4472/4323 3726/4441/4292 3727/4478/4329
f 3712/4472/4323 3727/4478/4329 3713/4471/4322
f 3713/4471/4322 3727/4478/4329 3728/4380/4231
f 3730/4422/4273 3716/4424/4275 3715/4389/4240
f 3730/4422/4273 3715/4389/4240 3729/4391/4242
f 3718/4345/4196 3717/4425/4276 3732/4479/4330
f 3732/4479/4330 3717/4425/4276 3731/4423/4274
f 3732/4479/4330 3731/4423/4274 3746/4480/4331
f 3746/4480/4331 3731/4423/4274 3745/4421/4272
f 3746/4480/4331 3745/4421/4272 3760/4481/4332
f 3760/4481/4332 3745/4421/4272 3759/4419/4270
f 3760/4481/4332 3759/4419/4270 3774/4482/4333
f 3774/4482/4333 3759/4419/4270 3773/4417/4268
f 3774/4482/4333 3773/4417/4268 3788/4434/4285
f 3719/4346/4197 3734/4348/4199 3720/4473/4324
f 3720/4473/4324 3734/4348/4199 3735/4483/4334
f 3720/4473/4324 3735/4483/4334 3721/4450/4301
f 3721/4450/4301 3735/4483/4334 3736/4452/4303
f 3724/4474/4325 3723/4467/4318 3738/4484/4335
f 3738/4484/4335 3723/4467/4318 3737/4453/4304
f 3738/4484/4335 3737/4453/4304 3752/4455/4306
f 3742/4378/4229 3728/4380/4231 3727/4478/4329
f 3742/4378/4229 3727/4478/4329 3741/4443/4294
f 3741/4443/4294 3727/4478/4329 3726/4441/4292
f 3744/4420/4271 3730/4422/4273 3729/4391/4242
f 3744/4420/4271 3729/4391/4242 3743/4393/4244
f 3718/4345/4196 3732/4479/4330 3733/4347/4198
f 3733/4347/4198 3732/4479/4330 3747/4485/4336
f 3733/4347/4198 3747/4485/4336 3748/4349/4200
f 3748/4349/4200 3747/4485/4336 3762/4486/4337
f 3748/4349/4200 3762/4486/4337 3763/4351/4202
f 3763/4351/4202 3762/4486/4337 3777/4487/4338
f 3763/4351/4202 3777/4487/4338 3778/4353/4204
f 3778/4353/4204 3777/4487/4338 3792/4488/4339
f 3778/4353/4204 3792/4488/4339 3793/4355/4206
f 3793/4355/4206 3792/4488/4339 3807/4489/4340
f 3793/4355/4206 3807/4489/4340 3808/4357/4208
f 3808/4357/4208 3807/4489/4340 3822/4490/4341
f 3808/4357/4208 3822/4490/4341 3823/4359/4210
f 3823/4359/4210 3822/4490/4341 3837/4491/4342
f 3823/4359/4210 3837/4491/4342 3838/4361/4212
f 3838/4361/4212 3837/4491/4342 3681/4363/4214
f 3747/4485/4336 3732/4479/4330 3746/4480/4331
f 3734/4348/4199 3749/4350/4201 3735/4483/4334
f 3735/4483/4334 3749/4350/4201 3750/4492/4343
f 3735/4483/4334 3750/4492/4343 3736/4452/4303
f 3736/4452/4303 3750/4492/4343 3751/4454/4305
f 3724/4474/4325 3738/4484/4335 3739/4475/4326
f 3739/4475/4326 3738/4484/4335 3753/4493/4344
f 3739/4475/4326 3753/4493/4344 3754/4476/4327
f 3754/4476/4327 3753/4493/4344 3768/4494/4345
f 3754/4476/4327 3768/4494/4345 3769/4477/4328
f 3769/4477/4328 3768/4494/4345 3783/4495/4346
f 3769/4477/4328 3783/4495/4346 3784/4372/4223
f 3784/4372/4223 3783/4495/4346 3798/4370/4221
f 3753/4493/4344 3738/4484/4335 3752/4455/4306
f 3756/4376/4227 3742/4378/4229 3741/4443/4294
f 3758/4418/4269 3744/4420/4271 3743/4393/4244
f 3758/4418/4269 3743/4393/4244 3757/4395/4246
f 3747/4485/4336 3746/4480/4331 3761/4496/4347
f 3761/4496/4347 3746/4480/4331 3760/4481/4332
f 3761/4496/4347 3760/4481/4332 3775/4497/4348
f 3775/4497/4348 3760/4481/4332 3774/4482/4333
f 3775/4497/4348 3774/4482/4333 3789/4498/4349
f 3789/4498/4349 3774/4482/4333 3788/4434/4285
f 3789/4498/4349 3788/4434/4285 3803/4432/4283
f 3749/4350/4201 3764/4352/4203 3750/4492/4343
f 3750/4492/4343 3764/4352/4203 3765/4499/4350
f 3750/4492/4343 3765/4499/4350 3751/4454/4305
f 3751/4454/4305 3765/4499/4350 3766/4456/4307
f 3768/4494/4345 3753/4493/4344 3767/4457/4308
f 3767/4457/4308 3753/4493/4344 3752/4455/4306
f 3772/4416/4267 3758/4418/4269 3757/4395/4246
f 3747/4485/4336 3761/4496/4347 3762/4486/4337
f 3762/4486/4337 3761/4496/4347 3776/4500/4351
f 3762/4486/4337 3776/4500/4351 3777/4487/4338
f 3777/4487/4338 3776/4500/4351 3791/4501/4352
f 3777/4487/4338 3791/4501/4352 3792/4488/4339
f 3792/4488/4339 3791/4501/4352 3806/4502/4353
f 3792/4488/4339 3806/4502/4353 3807/4489/4340
f 3807/4489/4340 3806/4502/4353 3821/4503/4354
f 3807/4489/4340 3821/4503/4354 3822/4490/4341
f 3822/4490/4341 3821/4503/4354 3836/4504/4355
f 3822/4490/4341 3836/4504/4355 3837/4491/4342
f 3837/4491/4342 3836/4504/4355 3681/4363/4214
f 3776/4500/4351 3761/4496/4347 3775/4497/4348
f 3764/4352/4203 3779/4354/4205 3765/4499/4350
f 3765/4499/4350 3779/4354/4205 3780/4505/4356
f 3765/4499/4350 3780/4505/4356 3766/4456/4307
f 3766/4456/4307 3780/4505/4356 3781/4458/4309
f 3783/4495/4346 3768/4494/4345 3782/4459/4310
f 3782/4459/4310 3768/4494/4345 3767/4457/4308
f 3786/4414/4265 3772/4416/4267 3771/4398/4249
f 3771/4398/4249 3772/4416/4267 3757/4395/4246
f 3776/4500/4351 3775/4497/4348 3790/4506/4357
f 3790/4506/4357 3775/4497/4348 3789/4498/4349
f 3790/4506/4357 3789/4498/4349 3804/4507/4358
f 3804/4507/4358 3789/4498/4349 3803/4432/4283
f 3804/4507/4358 3803/4432/4283 3818/4430/4281
f 3779/4354/4205 3794/4356/4207 3780/4505/4356
f 3780/4505/4356 3794/4356/4207 3795/4508/4359
f 3780/4505/4356 3795/4508/4359 3781/4458/4309
f 3781/4458/4309 3795/4508/4359 3796/4460/4311
f 3798/4370/4221 3783/4495/4346 3797/4461/4312
f 3797/4461/4312 3783/4495/4346 3782/4459/4310
f 3800/4412/4263 3786/4414/4265 3785/4400/4251
f 3785/4400/4251 3786/4414/4265 3771/4398/4249
f 3802/4433/4284 3787/4415/4266 3801/4413/4264
f 3776/4500/4351 3790/4506/4357 3791/4501/4352
f 3791/4501/4352 3790/4506/4357 3805/4509/4360
f 3791/4501/4352 3805/4509/4360 3806/4502/4353
f 3806/4502/4353 3805/4509/4360 3820/4510/4361
f 3806/4502/4353 3820/4510/4361 3821/4503/4354
f 3821/4503/4354 3820/4510/4361 3835/4511/4362
f 3821/4503/4354 3835/4511/4362 3836/4504/4355
f 3836/4504/4355 3835/4511/4362 3681/4363/4214
f 3805/4509/4360 3790/4506/4357 3804/4507/4358
f 3794/4356/4207 3809/4358/4209 3795/4508/4359
f 3795/4508/4359 3809/4358/4209 3810/4512/4363
f 3795/4508/4359 3810/4512/4363 3796/4460/4311
f 3796/4460/4311 3810/4512/4363 3811/4462/4313
f 3812/4368/4219 3798/4370/4221 3797/4461/4312
f 3814/4410/4261 3800/4412/4263 3799/4402/4253
f 3799/4402/4253 3800/4412/4263 3785/4400/4251
f 3802/4433/4284 3801/4413/4264 3816/4513/4364
f 3816/4513/4364 3801/4413/4264 3815/4411/4262
f 3816/4513/4364 3815/4411/4262 3830/4514/4365
f 3830/4514/4365 3815/4411/4262 3829/4409/4260
f 3830/4514/4365 3829/4409/4260 3667/4407/4258
f 3805/4509/4360 3804/4507/4358 3819/4515/4366
f 3819/4515/4366 3804/4507/4358 3818/4430/4281
f 3819/4515/4366 3818/4430/4281 3833/4428/4279
f 3809/4358/4209 3824/4360/4211 3810/4512/4363
f 3810/4512/4363 3824/4360/4211 3825/4516/4367
f 3810/4512/4363 3825/4516/4367 3811/4462/4313
f 3811/4462/4313 3825/4516/4367 3826/4366/4217
f 3828/4408/4259 3814/4410/4261 3813/4404/4255
f 3813/4404/4255 3814/4410/4261 3799/4402/4253
f 3827/4406/4257 3828/4408/4259 3813/4404/4255
f 3802/4433/4284 3816/4513/4364 3817/4431/4282
f 3817/4431/4282 3816/4513/4364 3831/4517/4368
f 3817/4431/4282 3831/4517/4368 3832/4429/4280
f 3832/4429/4280 3831/4517/4368 3667/4407/4258
f 3831/4517/4368 3816/4513/4364 3830/4514/4365
f 3805/4509/4360 3819/4515/4366 3820/4510/4361
f 3820/4510/4361 3819/4515/4366 3834/4427/4278
f 3820/4510/4361 3834/4427/4278 3835/4511/4362
f 3835/4511/4362 3834/4427/4278 3681/4363/4214
f 3834/4427/4278 3819/4515/4366 3833/4428/4279
f 3840/4364/4215 3826/4366/4217 3825/4516/4367
f 3840/4364/4215 3825/4516/4367 3839/4362/4213
f 3839/4362/4213 3825/4516/4367 3824/4360/4211
f 3667/4407/4258 3831/4517/4368 3830/4514/4365
f 3842/4518/4369 3867/4519/4370 3841/4520/4371
f 3841/4520/4371 3867/4519/4370 3858/4521/4372
f 3841/4520/4371 3858/4521/4372 3855/4522/4373
f 3855/4522/4373 3858/4521/4372 3876/4523/4374
f 3855/4522/4373 3876/4523/4374 3893/4524/4375
f 3893/4524/4375 3876/4523/4374 3875/4525/4376
f 3893/4524/4375 3875/4525/4376 3894/4526/4377
f 3894/4526/4377 3875/4525/4376 3874/4527/4378
f 3894/4526/4377 3874/4527/4378 3895/4528/4379
f 3895/4528/4379 3874/4527/4378 3873/4529/4380
f 3895/4528/4379 3873/4529/4380 3896/4530/4381
f 3896/4530/4381 3873/4529/4380 3872/4531/4382
f 3896/4530/4381 3872/4531/4382 3897/4532/4383
f 3897/4532/4383 3872/4531/4382 3871/4533/4384
f 3897/4532/4383 3871/4533/4384 3898/4534/4385
f 3898/4534/4385 3871/4533/4384 3870/4535/4386
f 3898/4534/4385 3870/4535/4386 3899/4536/4387
f 3899/4536/4387 3870/4535/4386 3869/4537/4388
f 3899/4536/4387 3869/4537/4388 3900/4538/4389
f 3900/4538/4389 3869/4537/4388 3868/4539/4390
f 3900/4538/4389 3868/4539/4390 3856/4540/4391
f 3856/4540/4391 3868/4539/4390 3565/4541/4392
f 3856/4540/4391 3565/4541/4392 3564/4542/4393
f 3842/4518/4369 3843/4543/4394 3867/4519/4370
f 3867/4519/4370 3843/4543/4394 3866/4544/4395
f 3867/4519/4370 3866/4544/4395 3858/4521/4372
f 3858/4521/4372 3866/4544/4395 3877/4545/4396
f 3858/4521/4372 3877/4545/4396 3876/4523/4374
f 3876/4523/4374 3877/4545/4396 3875/4525/4376
f 3843/4543/4394 3844/4546/4397 3866/4544/4395
f 3866/4544/4395 3844/4546/4397 3865/4547/4398
f 3866/4544/4395 3865/4547/4398 3877/4545/4396
f 3877/4545/4396 3865/4547/4398 3878/4548/4399
f 3877/4545/4396 3878/4548/4399 3875/4525/4376
f 3875/4525/4376 3878/4548/4399 3874/4527/4378
f 3865/4547/4398 3844/4546/4397 3864/4549/4400
f 3864/4549/4400 3844/4546/4397 3845/4550/4401
f 3864/4549/4400 3845/4550/4401 3863/4551/4402
f 3863/4551/4402 3845/4550/4401 3846/4552/4403
f 3863/4551/4402 3846/4552/4403 3862/4553/4404
f 3862/4553/4404 3846/4552/4403 3847/4554/4405
f 3862/4553/4404 3847/4554/4405 3861/4555/4406
f 3861/4555/4406 3847/4554/4405 3860/4556/4407
f 3861/4555/4406 3860/4556/4407 3882/4557/4408
f 3882/4557/4408 3860/4556/4407 3883/4558/4409
f 3882/4557/4408 3883/4558/4409 3870/4535/4386
f 3870/4535/4386 3883/4558/4409 3869/4537/4388
f 3860/4556/4407 3847/4554/4405 3859/4559/4410
f 3859/4559/4410 3847/4554/4405 3536/4560/4043
f 3859/4559/4410 3536/4560/4043 3857/4561/4411
f 3857/4561/4411 3536/4560/4043 3565/4541/4392
f 3857/4561/4411 3565/4541/4392 3868/4539/4390
f 3856/4540/4391 3564/4542/4393 3884/4562/4412
f 3884/4562/4412 3564/4542/4393 3563/4563/4413
f 3884/4562/4412 3563/4563/4413 3901/4564/4414
f 3901/4564/4414 3563/4563/4413 3562/4565/4415
f 3901/4564/4414 3562/4565/4415 3910/4566/4416
f 3910/4566/4416 3562/4565/4415 3561/4567/4417
f 3910/4566/4416 3561/4567/4417 3919/4568/4418
f 3919/4568/4418 3561/4567/4417 3560/4569/4419
f 3919/4568/4418 3560/4569/4419 3928/4570/4420
f 3928/4570/4420 3560/4569/4419 3559/4571/4421
f 3928/4570/4420 3559/4571/4421 3937/4572/4422
f 3937/4572/4422 3559/4571/4421 3558/4573/4423
f 3937/4572/4422 3558/4573/4423 3946/4574/4424
f 3946/4574/4424 3558/4573/4423 3557/4575/4137
f 3946/4574/4424 3557/4575/4137 3686/4576/4425
f 3946/4574/4424 3686/4576/4425 3947/4577/4426
f 3947/4577/4426 3686/4576/4425 3685/4578/4427
f 3947/4577/4426 3685/4578/4427 3948/4579/4428
f 3948/4579/4428 3685/4578/4427 3949/4580/4429
f 3948/4579/4428 3949/4580/4429 3939/4581/4430
f 3939/4581/4430 3949/4580/4429 3940/4582/4431
f 3939/4581/4430 3940/4582/4431 3930/4583/4432
f 3930/4583/4432 3940/4582/4431 3931/4584/4433
f 3930/4583/4432 3931/4584/4433 3921/4585/4434
f 3921/4585/4434 3931/4584/4433 3922/4586/4435
f 3921/4585/4434 3922/4586/4435 3912/4587/4436
f 3912/4587/4436 3922/4586/4435 3913/4588/4437
f 3912/4587/4436 3913/4588/4437 3903/4589/4438
f 3903/4589/4438 3913/4588/4437 3904/4590/4439
f 3903/4589/4438 3904/4590/4439 3886/4591/4440
f 3886/4591/4440 3904/4590/4439 3887/4592/4441
f 3886/4591/4440 3887/4592/4441 3899/4536/4387
f 3899/4536/4387 3887/4592/4441 3898/4534/4385
f 3685/4578/4427 3684/4593/4220 3949/4580/4429
f 3949/4580/4429 3684/4593/4220 3950/4594/4442
f 3949/4580/4429 3950/4594/4442 3940/4582/4431
f 3940/4582/4431 3950/4594/4442 3941/4595/4443
f 3940/4582/4431 3941/4595/4443 3931/4584/4433
f 3931/4584/4433 3941/4595/4443 3932/4596/4444
f 3931/4584/4433 3932/4596/4444 3922/4586/4435
f 3922/4586/4435 3932/4596/4444 3923/4597/4445
f 3922/4586/4435 3923/4597/4445 3913/4588/4437
f 3913/4588/4437 3923/4597/4445 3914/4598/4446
f 3913/4588/4437 3914/4598/4446 3904/4590/4439
f 3904/4590/4439 3914/4598/4446 3905/4599/4447
f 3904/4590/4439 3905/4599/4447 3887/4592/4441
f 3887/4592/4441 3905/4599/4447 3888/4600/4448
f 3887/4592/4441 3888/4600/4448 3898/4534/4385
f 3898/4534/4385 3888/4600/4448 3897/4532/4383
f 3950/4594/4442 3684/4593/4220 3951/4601/4449
f 3951/4601/4449 3684/4593/4220 3683/4602/4450
f 3951/4601/4449 3683/4602/4450 3952/4603/4451
f 3952/4603/4451 3683/4602/4450 3682/4604/4452
f 3952/4603/4451 3682/4604/4452 3953/4605/4453
f 3953/4605/4453 3682/4604/4452 3954/4606/4454
f 3953/4605/4453 3954/4606/4454 3944/4607/4455
f 3944/4607/4455 3954/4606/4454 3945/4608/4456
f 3944/4607/4455 3945/4608/4456 3935/4609/4457
f 3935/4609/4457 3945/4608/4456 3936/4610/4458
f 3935/4609/4457 3936/4610/4458 3926/4611/4459
f 3926/4611/4459 3936/4610/4458 3927/4612/4460
f 3926/4611/4459 3927/4612/4460 3917/4613/4461
f 3917/4613/4461 3927/4612/4460 3918/4614/4462
f 3917/4613/4461 3918/4614/4462 3908/4615/4463
f 3908/4615/4463 3918/4614/4462 3909/4616/4464
f 3908/4615/4463 3909/4616/4464 3891/4617/4465
f 3891/4617/4465 3909/4616/4464 3892/4618/4466
f 3891/4617/4465 3892/4618/4466 3894/4526/4377
f 3894/4526/4377 3892/4618/4466 3893/4524/4375
f 3682/4604/4452 3681/4619/4467 3954/4606/4454
f 3954/4606/4454 3681/4619/4467 3848/4620/4468
f 3954/4606/4454 3848/4620/4468 3945/4608/4456
f 3945/4608/4456 3848/4620/4468 3849/4621/4469
f 3945/4608/4456 3849/4621/4469 3936/4610/4458
f 3936/4610/4458 3849/4621/4469 3850/4622/4470
f 3936/4610/4458 3850/4622/4470 3927/4612/4460
f 3927/4612/4460 3850/4622/4470 3851/4623/4471
f 3927/4612/4460 3851/4623/4471 3918/4614/4462
f 3918/4614/4462 3851/4623/4471 3852/4624/4472
f 3918/4614/4462 3852/4624/4472 3909/4616/4464
f 3909/4616/4464 3852/4624/4472 3853/4625/4473
f 3909/4616/4464 3853/4625/4473 3892/4618/4466
f 3892/4618/4466 3853/4625/4473 3854/4626/4474
f 3892/4618/4466 3854/4626/4474 3893/4524/4375
f 3893/4524/4375 3854/4626/4474 3855/4522/4373
f 3883/4558/4409 3860/4556/4407 3859/4559/4410
f 3862/4553/4404 3861/4555/4406 3881/4627/4475
f 3881/4627/4475 3861/4555/4406 3882/4557/4408
f 3881/4627/4475 3882/4557/4408 3871/4533/4384
f 3871/4533/4384 3882/4557/4408 3870/4535/4386
f 3863/4551/4402 3862/4553/4404 3880/4628/4476
f 3880/4628/4476 3862/4553/4404 3881/4627/4475
f 3880/4628/4476 3881/4627/4475 3872/4531/4382
f 3872/4531/4382 3881/4627/4475 3871/4533/4384
f 3878/4548/4399 3865/4547/4398 3864/4549/4400
f 3864/4549/4400 3863/4551/4402 3879/4629/4477
f 3879/4629/4477 3863/4551/4402 3880/4628/4476
f 3879/4629/4477 3880/4628/4476 3873/4529/4380
f 3873/4529/4380 3880/4628/4476 3872/4531/4382
f 3868/4539/4390 3869/4537/4388 3857/4561/4411
f 3857/4561/4411 3869/4537/4388 3883/4558/4409
f 3857/4561/4411 3883/4558/4409 3859/4559/4410
f 3873/4529/4380 3874/4527/4378 3879/4629/4477
f 3879/4629/4477 3874/4527/4378 3878/4548/4399
f 3879/4629/4477 3878/4548/4399 3864/4549/4400
f 3900/4538/4389 3856/4540/4391 3885/4630/4478
f 3885/4630/4478 3856/4540/4391 3884/4562/4412
f 3885/4630/4478 3884/4562/4412 3902/4631/4479
f 3902/4631/4479 3884/4562/4412 3901/4564/4414
f 3902/4631/4479 3901/4564/4414 3911/4632/4480
f 3911/4632/4480 3901/4564/4414 3910/4566/4416
f 3911/4632/4480 3910/4566/4416 3920/4633/4481
f 3920/4633/4481 3910/4566/4416 3919/4568/4418
f 3920/4633/4481 3919/4568/4418 3929/4634/4482
f 3929/4634/4482 3919/4568/4418 3928/4570/4420
f 3929/4634/4482 3928/4570/4420 3938/4635/4483
f 3938/4635/4483 3928/4570/4420 3937/4572/4422
f 3938/4635/4483 3937/4572/4422 3947/4577/4426
f 3947/4577/4426 3937/4572/4422 3946/4574/4424
f 3899/4536/4387 3900/4538/4389 3886/4591/4440
f 3886/4591/4440 3900/4538/4389 3885/4630/4478
f 3886/4591/4440 3885/4630/4478 3903/4589/4438
f 3903/4589/4438 3885/4630/4478 3902/4631/4479
f 3903/4589/4438 3902/4631/4479 3912/4587/4436
f 3912/4587/4436 3902/4631/4479 3911/4632/4480
f 3912/4587/4436 3911/4632/4480 3921/4585/4434
f 3921/4585/4434 3911/4632/4480 3920/4633/4481
f 3921/4585/4434 3920/4633/4481 3930/4583/4432
f 3930/4583/4432 3920/4633/4481 3929/4634/4482
f 3930/4583/4432 3929/4634/4482 3939/4581/4430
f 3939/4581/4430 3929/4634/4482 3938/4635/4483
f 3939/4581/4430 3938/4635/4483 3948/4579/4428
f 3948/4579/4428 3938/4635/4483 3947/4577/4426
f 3896/4530/4381 3897/4532/4383 3889/4636/4484
f 3889/4636/4484 3897/4532/4383 3888/4600/4448
f 3889/4636/4484 3888/4600/4448 3906/4637/4485
f 3906/4637/4485 3888/4600/4448 3905/4599/4447
f 3906/4637/4485 3905/4599/4447 3915/4638/4486
f 3915/4638/4486 3905/4599/4447 3914/4598/4446
f 3915/4638/4486 3914/4598/4446 3924/4639/4487
f 3924/4639/4487 3914/4598/4446 3923/4597/4445
f 3924/4639/4487 3923/4597/4445 3933/4640/4488
f 3933/4640/4488 3923/4597/4445 3932/4596/4444
f 3933/4640/4488 3932/4596/4444 3942/4641/4489
f 3942/4641/4489 3932/4596/4444 3941/4595/4443
f 3942/4641/4489 3941/4595/4443 3951/4601/4449
f 3951/4601/4449 3941/4595/4443 3950/4594/4442
f 3895/4528/4379 3896/4530/4381 3890/4642/4490
f 3890/4642/4490 3896/4530/4381 3889/4636/4484
f 3890/4642/4490 3889/4636/4484 3907/4643/4491
f 3907/4643/4491 3889/4636/4484 3906/4637/4485
f 3907/4643/4491 3906/4637/4485 3916/4644/4492
f 3916/4644/4492 3906/4637/4485 3915/4638/4486
f 3916/4644/4492 3915/4638/4486 3925/4645/4493
f 3925/4645/4493 3915/4638/4486 3924/4639/4487
f 3925/4645/4493 3924/4639/4487 3934/4646/4494
f 3934/4646/4494 3924/4639/4487 3933/4640/4488
f 3934/4646/4494 3933/4640/4488 3943/4647/4495
f 3943/4647/4495 3933/4640/4488 3942/4641/4489
f 3943/4647/4495 3942/4641/4489 3952/4603/4451
f 3952/4603/4451 3942/4641/4489 3951/4601/4449
f 3894/4526/4377 3895/4528/4379 3891/4617/4465
f 3891/4617/4465 3895/4528/4379 3890/4642/4490
f 3891/4617/4465 3890/4642/4490 3908/4615/4463
f 3908/4615/4463 3890/4642/4490 3907/4643/4491
f 3908/4615/4463 3907/4643/4491 3917/4613/4461
f 3917/4613/4461 3907/4643/4491 3916/4644/4492
f 3917/4613/4461 3916/4644/4492 3926/4611/4459
f 3926/4611/4459 3916/4644/4492 3925/4645/4493
f 3926/4611/4459 3925/4645/4493 3935/4609/4457
f 3935/4609/4457 3925/4645/4493 3934/4646/4494
f 3935/4609/4457 3934/4646/4494 3944/4607/4455
f 3944/4607/4455 3934/4646/4494 3943/4647/4495
f 3944/4607/4455 3943/4647/4495 3953/4605/4453
f 3953/4605/4453 3943/4647/4495 3952/4603/4451
f 3667/4648/4496 3680/4649/4497 3681/4650/4467
f 3681/4650/4467 3680/4649/4497 3851/4651/4471
f 3681/4650/4467 3851/4651/4471 3850/4652/4470
f 3841/4653/4371 3855/4654/4373 3680/4649/4497
f 3680/4649/4497 3855/4654/4373 3854/4655/4474
f 3680/4649/4497 3854/4655/4474 3853/4656/4473
f 3853/4656/4473 3852/4657/4472 3680/4649/4497
f 3680/4649/4497 3852/4657/4472 3851/4651/4471
f 3850/4652/4470 3849/4658/4469 3681/4650/4467
f 3681/4650/4467 3849/4658/4469 3848/4659/4468
f 3536/4660/4498 3847/4661/4499 3679/4662/4500
f 3679/4662/4500 3847/4661/4499 3680/4663/4501
f 3680/4663/4501 3847/4661/4499 3846/4664/4502
f 3680/4663/4501 3846/4664/4502 3845/4665/4503
f 3845/4665/4503 3844/4666/4504 3680/4663/4501
f 3680/4663/4501 3844/4666/4504 3843/4667/4505
f 3680/4663/4501 3843/4667/4505 3841/4668/4506
f 3841/4668/4506 3843/4667/4505 3842/4669/4507
f 3542/4670/4508 3541/4671/4509 3665/4672/4510
f 3665/4672/4510 3541/4671/4509 3540/4673/4511
f 3665/4672/4510 3540/4673/4511 3539/4674/4512
f 3539/4674/4512 3538/4675/4513 3665/4672/4510
f 3665/4672/4510 3538/4675/4513 3537/4676/4514
f 3665/4672/4510 3537/4676/4514 3679/4677/4515
f 3679/4677/4515 3537/4676/4514 3536/4678/4516
# 3954 vertices
# 4678 texture params
# 4516 normals
# 7884 facets

# 6 groups
