# WaveFront *.obj file (generated by Autodesk ATF)

mtllib side.mtl

g Body145

v -0.025000 8.462095 -1.007719
v -0.025000 8.474541 -1.003961
v -0.025000 8.485598 -0.997121
v -0.025000 8.494517 -0.987662
v -0.025000 8.500696 -0.976223
v -0.025000 8.503717 -0.963577
v -0.025000 8.503376 -0.950581
v 0.025000 8.503376 -0.950581
v 0.025000 8.503717 -0.963577
v 0.025000 8.500696 -0.976223
v 0.025000 8.494517 -0.987662
v 0.025000 8.485598 -0.997121
v 0.025000 8.474541 -1.003961
v 0.025000 8.462095 -1.007719
v -0.025000 8.484392 -0.762540
v -0.025000 8.486558 -0.573556
v -0.025000 8.509844 -0.385999
v 0.025000 8.509844 -0.385999
v 0.025000 8.486558 -0.573556
v 0.025000 8.484392 -0.762540
v -0.025000 7.717726 -1.130034
v -0.025000 7.717726 -0.660302
v -0.025000 7.921167 -0.728499
v -0.025000 7.962434 -0.679722
v -0.025000 7.991341 -0.622744
v -0.025000 8.006330 -0.560634
v -0.025000 8.006592 -0.496743
v -0.025000 7.992113 -0.434513
v -0.025000 7.963674 -0.377299
v -0.025000 7.922808 -0.328185
v -0.025000 7.767726 -0.438050
v -0.025000 7.767726 1.646438
v -0.025000 8.123120 1.613521
v -0.025000 8.509844 1.530192
v -0.025000 8.480386 1.319153
v -0.025000 8.480386 1.106069
v -0.025000 8.509844 0.895031
v -0.025000 8.480123 0.684287
v -0.025000 8.480123 0.471457
v -0.025000 8.509844 0.260713
v -0.025000 8.480217 0.045820
v -0.025000 8.480217 -0.171106
v 0.025000 7.717726 -1.130034
v 0.025000 7.717726 1.647193
v 0.012499 7.730227 1.647100
v -0.000001 7.742727 1.646943
v -0.012501 7.755227 1.646722
v 0.025000 7.717726 -0.473472
v 0.025000 7.717726 -0.472054
v 0.025000 7.922808 -0.328185
v 0.025000 7.717726 -0.660302
v 0.025000 7.921167 -0.728499
v 0.025000 7.962434 -0.679722
v 0.025000 7.991341 -0.622744
v 0.025000 8.006330 -0.560634
v 0.025000 8.006592 -0.496743
v 0.025000 7.992113 -0.434513
v 0.025000 7.963674 -0.377299
v 0.025000 8.095746 1.617657
v 0.025000 8.509844 1.530192
v 0.025000 8.480386 1.319153
v 0.025000 8.480386 1.106069
v 0.025000 8.509844 0.895031
v 0.025000 8.480123 0.684287
v 0.025000 8.480123 0.471457
v 0.025000 8.509844 0.260713
v 0.025000 8.480217 0.045820
v 0.025000 8.480217 -0.171106
v -0.025000 7.717726 -0.472054
v -0.025000 5.980687 -0.472054
v -0.025000 5.901199 -0.310188
v -0.025000 5.852333 -0.143960
v -0.025000 5.833160 0.025909
v -0.025000 5.842367 0.198277
v -0.025000 5.878449 0.371635
v -0.025000 5.939854 0.544146
v -0.025000 6.025077 0.713675
v -0.025000 6.132749 0.877817
v -0.025000 6.261710 1.033925
v -0.025000 6.411052 1.179145
v -0.025000 6.580137 1.310453
v -0.025000 6.768599 1.424697
v -0.025000 6.976347 1.518648
v -0.025000 7.203534 1.589084
v -0.025000 7.450501 1.632894
v -0.025000 7.717726 1.647193
v 0.025000 5.980687 -0.472054
v 0.025000 5.901199 -0.310188
v 0.025000 5.852333 -0.143960
v 0.025000 5.833160 0.025909
v 0.025000 5.842367 0.198277
v 0.025000 5.878449 0.371635
v 0.025000 5.939854 0.544146
v 0.025000 6.025077 0.713675
v 0.025000 6.132749 0.877817
v 0.025000 6.261710 1.033925
v 0.025000 6.411052 1.179145
v 0.025000 6.580137 1.310453
v 0.025000 6.768599 1.424697
v 0.025000 6.976347 1.518648
v 0.025000 7.203534 1.589084
v 0.025000 7.450501 1.632894
v -0.070166 7.717726 -0.472054
v -0.460120 2.375250 -0.472054
v 0.460120 2.375250 -0.472054
v 0.070166 7.717726 -0.472054
v 0.500000 -0.200000 -1.840000
v 0.500000 1.828878 -1.840000
v 0.500000 1.828878 -0.472095
v 0.500000 -2.214583 -0.472397
v 0.500000 -2.214583 -1.410597
v 0.500000 -2.210385 -1.445837
v 0.500000 -2.198025 -1.479105
v 0.500000 -2.178194 -1.508538
v 0.500000 -2.152004 -1.532488
v 0.500000 -2.120921 -1.549615
v 0.500000 -2.086683 -1.558960
v 0.460000 2.376889 -1.840000
v 0.070166 7.717726 -1.130302
v -0.460000 2.376889 -1.840000
v -0.500000 1.828878 -1.840000
v -0.500000 1.828878 -0.472095
v -0.070166 7.717726 -1.130302
v -0.500000 -0.200000 -1.840000
v -0.500000 -2.086683 -1.558960
v -0.500000 -2.120921 -1.549615
v -0.500000 -2.152004 -1.532488
v -0.500000 -2.178194 -1.508538
v -0.500000 -2.198025 -1.479105
v -0.500000 -2.210385 -1.445837
v -0.500000 -2.214583 -1.410597
v -0.500000 -2.214583 -0.472397
v -0.025000 7.717726 -1.130302
v -0.025000 6.682201 -1.267904
v 0.025000 6.682201 -1.267904
v 0.025000 7.717726 -1.130302
v -0.000000 -2.120921 -1.549615
v -0.000000 -2.152004 -1.532488
v -0.000000 -2.178194 -1.508538
v -0.000000 -2.198025 -1.479105
v -0.000000 -2.210385 -1.445837
v -0.025000 7.630441 -1.425356
v -0.025000 7.717726 -1.351369
v -0.025000 7.715433 -1.369772
v -0.025000 7.708695 -1.387050
v -0.025000 7.697923 -1.402146
v -0.025000 7.683776 -1.414138
v -0.025000 7.667119 -1.422292
v -0.025000 7.648971 -1.426109
v 0.025000 7.717726 -1.351369
v 0.025000 7.715433 -1.369772
v 0.025000 7.708695 -1.387050
v 0.025000 7.697923 -1.402146
v 0.025000 7.683776 -1.414138
v 0.025000 7.667119 -1.422292
v 0.025000 7.648971 -1.426109
v 0.025000 7.630441 -1.425356
vt -0.025000 -0.157080 0.000000
vt 0.025000 -0.157080 0.000000
vt -0.025000 -0.144041 0.000000
vt 0.025000 -0.144041 0.000000
vt -0.025000 -0.131003 0.000000
vt 0.025000 -0.131003 0.000000
vt -0.025000 -0.117965 0.000000
vt 0.025000 -0.117965 0.000000
vt -0.025000 -0.104927 0.000000
vt 0.025000 -0.104927 0.000000
vt -0.025000 -0.091889 0.000000
vt 0.025000 -0.091889 0.000000
vt -0.025000 -0.078851 0.000000
vt 0.025000 -0.078851 0.000000
vt 0.025000 0.567286 0.000000
vt -0.025000 0.567286 0.000000
vt 0.025000 0.378191 0.000000
vt -0.025000 0.378191 0.000000
vt -0.025000 0.189095 0.000000
vt -0.025000 0.000000 0.000000
vt 0.025000 0.000000 0.000000
vt 0.025000 0.189095 0.000000
vt -0.389932 -1.212023 0.000000
vt -0.386911 -1.224668 0.000000
vt -0.389591 -1.199026 0.000000
vt -0.380732 -1.236107 0.000000
vt -0.371813 -1.245567 0.000000
vt -0.370607 -1.010985 0.000000
vt -0.360756 -1.252407 0.000000
vt -0.348310 -1.256165 0.000000
vt 0.396059 -1.378479 0.000000
vt 0.192618 -0.976945 0.000000
vt 0.151351 -0.928168 0.000000
vt 0.122444 -0.871189 0.000000
vt 0.396059 -0.908747 0.000000
vt 0.107455 -0.809080 0.000000
vt -0.372773 -0.822001 0.000000
vt 0.107193 -0.745188 0.000000
vt -0.366432 -0.419552 0.000000
vt -0.366432 -0.202625 0.000000
vt 0.121672 -0.682958 0.000000
vt -0.366338 0.223012 0.000000
vt -0.009335 1.365075 0.000000
vt -0.366338 0.435841 0.000000
vt -0.366601 0.857623 0.000000
vt -0.396059 0.646585 0.000000
vt 0.150111 -0.625744 0.000000
vt 0.190977 -0.576631 0.000000
vt 0.346059 1.397992 0.000000
vt 0.346059 -0.686496 0.000000
vt -0.396059 1.281746 0.000000
vt -0.366601 1.070708 0.000000
vt -0.396059 0.012268 0.000000
vt -0.396059 -0.634445 0.000000
vt 0.757638 0.025000 0.000000
vt 0.003286 0.025000 0.000000
vt 0.757638 -0.025000 0.000000
vt 0.003286 -0.025000 0.000000
vt 0.699374 -0.035355 0.000000
vt 0.699281 -0.017677 0.000000
vt -1.419873 -0.035355 0.000000
vt 0.699124 0.000001 0.000000
vt -1.385869 0.035355 0.000000
vt 0.698903 0.017679 0.000000
vt 0.698618 0.035355 0.000000
vt -1.421291 -0.035355 0.000000
vt -0.000000 0.025000 0.000000
vt 0.061275 -0.025000 0.000000
vt 0.251330 0.025000 0.000000
vt 0.251330 -0.025000 0.000000
vt 0.214567 0.025000 0.000000
vt 0.000000 0.025000 0.000000
vt 0.214567 -0.025000 0.000000
vt 0.000000 -0.025000 0.000000
vt -0.025000 -0.000000 0.000000
vt 0.025000 -0.000000 0.000000
vt -0.025000 0.064037 0.000000
vt 0.025000 0.064037 0.000000
vt -0.025000 0.128073 0.000000
vt 0.025000 0.128073 0.000000
vt -0.025000 0.192110 0.000000
vt 0.025000 0.192110 0.000000
vt -0.025000 0.256146 0.000000
vt 0.025000 0.256146 0.000000
vt -0.025000 0.320183 0.000000
vt 0.025000 0.320183 0.000000
vt -0.025000 0.384219 0.000000
vt 0.025000 0.384219 0.000000
vt -0.025000 0.448256 0.000000
vt 0.025000 0.448256 0.000000
vt -4.989253 -0.025000 0.000000
vt -4.975534 -0.012501 0.000000
vt -5.361793 -0.025000 0.000000
vt -4.961769 -0.000001 0.000000
vt -5.334216 0.025000 0.000000
vt -4.947957 0.012499 0.000000
vt -4.934098 0.025000 0.000000
vt -5.734334 0.025000 0.000000
vt -5.734334 -0.025000 0.000000
vt -0.025000 0.000000 0.000000
vt 0.025000 0.000000 0.000000
vt -0.025000 0.213255 0.000000
vt 0.025000 0.213255 0.000000
vt 0.025000 0.426511 0.000000
vt 0.025000 0.639766 0.000000
vt -0.025000 0.639766 0.000000
vt -0.025000 0.426511 0.000000
vt -0.025000 -0.000000 0.000000
vt 0.025000 -0.000000 0.000000
vt -0.025000 0.213003 0.000000
vt 0.025000 0.213003 0.000000
vt 0.025000 0.426007 0.000000
vt 0.025000 0.639010 0.000000
vt -0.025000 0.639010 0.000000
vt -0.025000 0.426007 0.000000
vt -0.025000 -0.000000 0.000000
vt 0.025000 -0.000000 0.000000
vt -0.025000 0.217096 0.000000
vt 0.025000 0.217096 0.000000
vt 0.025000 0.434192 0.000000
vt 0.025000 0.651287 0.000000
vt -0.025000 0.651287 0.000000
vt -0.025000 0.434192 0.000000
vt 0.360756 -1.252407 0.000000
vt 0.370607 -1.010985 0.000000
vt 0.348310 -1.256165 0.000000
vt -0.107455 -0.809080 0.000000
vt -0.122444 -0.871189 0.000000
vt 0.371813 -1.245567 0.000000
vt 0.389591 -1.199026 0.000000
vt 0.380732 -1.236107 0.000000
vt 0.386911 -1.224668 0.000000
vt 0.389932 -1.212023 0.000000
vt 0.372773 -0.822001 0.000000
vt -0.107193 -0.745188 0.000000
vt 0.366432 -0.419552 0.000000
vt 0.366432 -0.202625 0.000000
vt 0.396059 -0.634445 0.000000
vt 0.396059 0.012268 0.000000
vt 0.366338 0.223012 0.000000
vt -0.121672 -0.682958 0.000000
vt -0.018039 1.369212 0.000000
vt 0.366338 0.435841 0.000000
vt 0.366601 0.857623 0.000000
vt 0.396059 0.646585 0.000000
vt 0.366601 1.070708 0.000000
vt 0.396059 1.281746 0.000000
vt -0.396059 1.398748 0.000000
vt -0.190977 -0.576631 0.000000
vt -0.150111 -0.625744 0.000000
vt -0.396059 -0.720500 0.000000
vt -0.396059 -0.721917 0.000000
vt -0.151351 -0.928168 0.000000
vt -0.192618 -0.976945 0.000000
vt -0.396059 -1.378479 0.000000
vt -0.396059 -0.908747 0.000000
vt 0.774439 -1.059065 0.000000
vt 0.853928 -0.897200 0.000000
vt -0.962600 -1.059065 0.000000
vt 0.902793 -0.730971 0.000000
vt 0.921967 -0.561102 0.000000
vt 0.912759 -0.388734 0.000000
vt 0.876677 -0.215376 0.000000
vt 0.815272 -0.042865 0.000000
vt 0.730049 0.126664 0.000000
vt 0.622377 0.290806 0.000000
vt 0.493416 0.446914 0.000000
vt 0.344074 0.592133 0.000000
vt 0.174989 0.723441 0.000000
vt -0.013473 0.837686 0.000000
vt -0.221221 0.931637 0.000000
vt -0.448408 1.002072 0.000000
vt -0.695375 1.045883 0.000000
vt -0.962600 1.060182 0.000000
vt -0.001773 0.025000 0.000000
vt -0.201335 0.025000 0.000000
vt -0.001773 -0.025000 0.000000
vt -0.201335 -0.025000 0.000000
vt -0.400897 0.025000 0.000000
vt -0.400897 -0.025000 0.000000
vt -0.600458 0.025000 0.000000
vt -0.600458 -0.025000 0.000000
vt -0.800020 0.025000 0.000000
vt -0.800020 -0.025000 0.000000
vt -0.999581 0.025000 0.000000
vt -0.999581 -0.025000 0.000000
vt -1.199143 0.025000 0.000000
vt -1.199143 -0.025000 0.000000
vt -1.398705 0.025000 0.000000
vt -1.398705 -0.025000 0.000000
vt -1.598266 0.025000 0.000000
vt -1.598266 -0.025000 0.000000
vt -1.797828 0.025000 0.000000
vt -1.797828 -0.025000 0.000000
vt -1.997390 0.025000 0.000000
vt -1.997390 -0.025000 0.000000
vt -2.196951 0.025000 0.000000
vt -2.196951 -0.025000 0.000000
vt -2.396513 0.025000 0.000000
vt -2.396513 -0.025000 0.000000
vt -2.596075 0.025000 0.000000
vt -2.596075 -0.025000 0.000000
vt -2.795636 0.025000 0.000000
vt -2.795636 -0.025000 0.000000
vt -2.995198 0.025000 0.000000
vt -2.995198 -0.025000 0.000000
vt -3.194760 0.025000 0.000000
vt -3.194760 -0.025000 0.000000
vt -0.774439 -1.059065 0.000000
vt 0.962600 -1.059065 0.000000
vt -0.853928 -0.897200 0.000000
vt -0.902793 -0.730971 0.000000
vt -0.921967 -0.561102 0.000000
vt -0.912759 -0.388734 0.000000
vt -0.876677 -0.215376 0.000000
vt -0.815272 -0.042865 0.000000
vt -0.730049 0.126664 0.000000
vt -0.622377 0.290806 0.000000
vt -0.493416 0.446914 0.000000
vt -0.344074 0.592133 0.000000
vt -0.174989 0.723441 0.000000
vt 0.013473 0.837686 0.000000
vt 0.221221 0.931637 0.000000
vt 0.448408 1.002072 0.000000
vt 0.695375 1.045883 0.000000
vt 0.962600 1.060182 0.000000
vt 0.000000 0.025000 0.000000
vt 1.737039 0.025000 0.000000
vt 0.000000 0.070166 0.000000
vt 5.342476 0.460120 0.000000
vt 5.342476 -0.460120 0.000000
vt 1.737039 -0.025000 0.000000
vt 0.000000 -0.070166 0.000000
vt 0.000000 -0.025000 0.000000
vt -4.428878 1.840000 0.000000
vt -4.428878 0.472095 0.000000
vt -2.400000 1.840000 0.000000
vt -0.385417 1.410597 0.000000
vt -0.513317 1.558960 0.000000
vt -0.389615 1.445837 0.000000
vt -0.401976 1.479105 0.000000
vt -0.385417 0.472397 0.000000
vt -0.421806 1.508538 0.000000
vt -0.447996 1.532488 0.000000
vt -0.479079 1.549615 0.000000
vt -0.000000 1.840000 0.000000
vt -0.549469 1.840000 0.000000
vt -0.000000 0.472095 0.000000
vt -0.547826 0.472054 0.000000
vt -5.904514 1.130302 0.000000
vt -5.904514 0.472054 0.000000
vt -5.906794 1.840000 0.000000
vt -5.906794 0.472095 0.000000
vt -5.357325 1.840000 0.000000
vt -5.358969 0.472054 0.000000
vt -0.002280 1.130302 0.000000
vt -0.002280 0.472054 0.000000
vt -0.000000 1.840000 0.000000
vt -2.028878 1.840000 0.000000
vt -0.000000 0.472095 0.000000
vt -4.043461 1.410597 0.000000
vt -4.043461 0.472397 0.000000
vt -3.915561 1.558960 0.000000
vt -4.039263 1.445837 0.000000
vt -4.026902 1.479105 0.000000
vt -4.007072 1.508538 0.000000
vt -3.980882 1.532488 0.000000
vt -3.949799 1.549615 0.000000
vt 2.576889 0.460000 0.000000
vt 2.028878 0.500000 0.000000
vt 2.576889 -0.460000 0.000000
vt 2.028878 -0.500000 0.000000
vt 0.000000 -0.500000 0.000000
vt 0.000000 0.500000 0.000000
vt 5.387783 0.025000 0.000000
vt 5.387783 0.070166 0.000000
vt 4.343156 0.025000 0.000000
vt 0.000000 0.460000 0.000000
vt 0.000000 -0.460000 0.000000
vt 4.343156 -0.025000 0.000000
vt 5.387783 -0.070166 0.000000
vt 5.387783 -0.025000 0.000000
vt 1.907500 0.500000 0.000000
vt 0.000000 0.500000 0.000000
vt 1.907500 -0.500000 0.000000
vt 0.000000 -0.500000 0.000000
vt 0.500000 0.213439 0.000000
vt -0.500000 0.213439 0.000000
vt 0.000000 0.177865 0.000000
vt -0.500000 0.177865 0.000000
vt 0.000000 0.142292 0.000000
vt -0.500000 0.142292 0.000000
vt 0.000000 0.106719 0.000000
vt -0.500000 0.106719 0.000000
vt 0.000000 0.071146 0.000000
vt -0.500000 0.071146 0.000000
vt 0.000000 0.035573 0.000000
vt -0.500000 0.035573 0.000000
vt -0.500000 0.000000 0.000000
vt 0.500000 -0.000000 0.000000
vt 0.500000 0.035573 0.000000
vt 0.500000 0.071146 0.000000
vt 0.500000 0.106719 0.000000
vt 0.500000 0.142292 0.000000
vt 0.500000 0.177865 0.000000
vt 0.938200 0.500000 0.000000
vt 0.000000 0.500000 0.000000
vt 0.938200 -0.500000 0.000000
vt 0.000000 -0.500000 0.000000
vt 0.000000 0.460120 0.000000
vt -0.000000 -0.460120 0.000000
vt 0.546372 0.500000 0.000000
vt 0.546372 -0.500000 0.000000
vt 4.589833 -0.500000 0.000000
vt 4.589833 0.500000 0.000000
vt 0.517763 0.010432 0.000000
vt -0.517763 -0.073034 0.000000
vt -0.430477 -0.147021 0.000000
vt -0.515470 -0.091437 0.000000
vt -0.508731 -0.108715 0.000000
vt -0.517763 0.148034 0.000000
vt -0.497960 -0.123811 0.000000
vt -0.483813 -0.135802 0.000000
vt -0.467156 -0.143956 0.000000
vt -0.449008 -0.147773 0.000000
vt 0.221335 -0.025000 0.000000
vt 0.221067 -0.070166 0.000000
vt 0.691068 -0.025000 0.000000
vt 0.879315 -0.070166 0.000000
vt 0.879315 -0.025000 0.000000
vt 0.221335 0.025000 0.000000
vt 0.221067 0.025000 0.000000
vt 0.221067 -0.025000 0.000000
vt 0.221067 0.070166 0.000000
vt 0.691068 0.025000 0.000000
vt 0.879315 0.070166 0.000000
vt 0.877898 0.025000 0.000000
vt 0.879315 0.025000 0.000000
vt 2.998562 -0.025000 0.000000
vt 2.998562 0.025000 0.000000
vt 0.000000 0.025000 0.000000
vt 0.000000 -0.025000 0.000000
vt 0.025000 0.130151 0.000000
vt -0.025000 0.130151 0.000000
vt 0.025000 0.111558 0.000000
vt -0.025000 0.111558 0.000000
vt 0.025000 0.092965 0.000000
vt -0.025000 0.092965 0.000000
vt 0.025000 0.074372 0.000000
vt -0.025000 0.074372 0.000000
vt 0.025000 0.055779 0.000000
vt -0.025000 0.055779 0.000000
vt 0.025000 0.037186 0.000000
vt -0.025000 0.037186 0.000000
vt 0.025000 0.018593 0.000000
vt -0.025000 0.018593 0.000000
vt 0.025000 0.000000 0.000000
vt -0.025000 0.000000 0.000000
vt 0.961224 0.025000 0.000000
vt 0.000000 0.025000 0.000000
vt 0.961224 -0.025000 0.000000
vt 0.000000 -0.025000 0.000000
vt 0.517763 0.148034 0.000000
vt -0.517763 0.010432 0.000000
vt 0.517763 -0.073034 0.000000
vt 0.430477 -0.147021 0.000000
vt 0.515470 -0.091437 0.000000
vt 0.508731 -0.108715 0.000000
vt 0.497960 -0.123811 0.000000
vt 0.483813 -0.135802 0.000000
vt 0.467156 -0.143956 0.000000
vt 0.449008 -0.147773 0.000000
vn -0.000000 0.162145 -0.986767
vn -0.000000 0.162145 -0.986767
vn -0.000000 0.411070 -0.911604
vn -0.000000 0.411070 -0.911604
vn -0.000000 0.632201 -0.774805
vn -0.000000 0.632201 -0.774805
vn -0.000000 0.810586 -0.585619
vn -0.000000 0.810586 -0.585619
vn -0.000000 0.934166 -0.356838
vn -0.000000 0.934166 -0.356838
vn -0.000000 0.994585 -0.103930
vn -0.000000 0.994585 -0.103930
vn -0.000000 0.987756 0.156005
vn -0.000000 0.987756 0.156005
vn -0.000000 0.999007 0.044562
vn -0.000000 0.999007 0.044562
vn 0.000000 0.997723 -0.067439
vn 0.000000 0.983923 -0.178595
vn 0.000000 0.983923 -0.178595
vn 0.000000 0.997723 -0.067439
vn -1.000000 -0.000000 -0.000000
vn -1.000000 -0.000000 -0.000000
vn -1.000000 -0.000000 -0.000000
vn -1.000000 -0.000000 -0.000000
vn -1.000000 -0.000000 -0.000000
vn -1.000000 -0.000000 -0.000000
vn -1.000000 -0.000000 -0.000000
vn -1.000000 -0.000000 -0.000000
vn -1.000000 -0.000000 -0.000000
vn -1.000000 -0.000000 -0.000000
vn -1.000000 -0.000000 -0.000000
vn -1.000000 -0.000000 -0.000000
vn -1.000000 -0.000000 -0.000000
vn -1.000000 -0.000000 -0.000000
vn -1.000000 -0.000000 -0.000000
vn -1.000000 -0.000000 -0.000000
vn -1.000000 -0.000000 -0.000000
vn -1.000000 -0.000000 -0.000000
vn -1.000000 -0.000000 -0.000000
vn -1.000000 -0.000000 -0.000000
vn -1.000000 -0.000000 -0.000000
vn -1.000000 -0.000000 -0.000000
vn -1.000000 -0.000000 -0.000000
vn -1.000000 -0.000000 -0.000000
vn -1.000000 -0.000000 -0.000000
vn -1.000000 -0.000000 -0.000000
vn -1.000000 -0.000000 -0.000000
vn -1.000000 -0.000000 -0.000000
vn -1.000000 -0.000000 -0.000000
vn -1.000000 -0.000000 -0.000000
vn -1.000000 -0.000000 -0.000000
vn -1.000000 -0.000000 -0.000000
vn 0.000000 0.162145 -0.986767
vn 0.000000 0.162145 -0.986767
vn -0.707107 -0.707107 0.000000
vn -0.707107 -0.707107 0.000000
vn -0.707107 -0.707107 0.000000
vn -0.707107 -0.707107 0.000000
vn -0.707107 -0.707107 0.000000
vn -0.707107 -0.707107 0.000000
vn -0.707107 -0.707107 0.000000
vn -0.707107 -0.707107 0.000000
vn 0.000000 0.578070 -0.815987
vn 0.000000 0.578070 -0.815987
vn 0.000000 0.578070 -0.815987
vn 0.000000 0.578070 -0.815987
vn 0.000000 0.317838 0.948145
vn 0.000000 0.317838 0.948145
vn 0.000000 0.317838 0.948145
vn 0.000000 0.317838 0.948145
vn 0.000000 -0.683286 0.730151
vn 0.000000 -0.683286 0.730151
vn 0.000000 -0.833245 0.552904
vn 0.000000 -0.833245 0.552904
vn 0.000000 -0.938289 0.345853
vn 0.000000 -0.938289 0.345853
vn 0.000000 -0.992755 0.120159
vn 0.000000 -0.992755 0.120159
vn 0.000000 -0.993707 -0.112012
vn 0.000000 -0.993707 -0.112012
vn 0.000000 -0.941094 -0.338146
vn 0.000000 -0.941094 -0.338146
vn 0.000000 -0.837752 -0.546051
vn 0.000000 -0.837752 -0.546051
vn 0.000000 -0.689251 -0.724522
vn 0.000000 -0.689251 -0.724522
vn -0.000000 0.025294 0.999680
vn -0.000000 0.020231 0.999795
vn -0.000000 0.153832 0.988097
vn -0.000000 0.015132 0.999886
vn -0.000000 0.144979 0.989435
vn -0.000000 0.009996 0.999950
vn -0.000000 0.004824 0.999988
vn -0.000000 0.261598 0.965177
vn -0.000000 0.261598 0.965177
vn 0.000000 0.978439 -0.206538
vn 0.000000 0.978439 -0.206538
vn 0.000000 0.997597 -0.069290
vn 0.000000 0.997597 -0.069290
vn -0.000000 0.997597 0.069290
vn -0.000000 0.978439 0.206538
vn -0.000000 0.978439 0.206538
vn -0.000000 0.997597 0.069290
vn 0.000000 0.977999 -0.208612
vn 0.000000 0.977999 -0.208612
vn 0.000000 0.997547 -0.069995
vn 0.000000 0.997547 -0.069995
vn -0.000000 0.997547 0.069995
vn -0.000000 0.977999 0.208612
vn -0.000000 0.977999 0.208612
vn -0.000000 0.997547 0.069995
vn 0.000000 0.978958 -0.204063
vn 0.000000 0.978958 -0.204063
vn 0.000000 0.997655 -0.068449
vn 0.000000 0.997655 -0.068449
vn -0.000000 0.997655 0.068449
vn -0.000000 0.978958 0.204063
vn -0.000000 0.978958 0.204063
vn -0.000000 0.997655 0.068449
vn 1.000000 0.000000 0.000000
vn 1.000000 0.000000 0.000000
vn 1.000000 0.000000 0.000000
vn 1.000000 0.000000 0.000000
vn 1.000000 0.000000 0.000000
vn 1.000000 0.000000 0.000000
vn 1.000000 0.000000 0.000000
vn 1.000000 0.000000 0.000000
vn 1.000000 0.000000 0.000000
vn 1.000000 0.000000 0.000000
vn 1.000000 0.000000 0.000000
vn 1.000000 0.000000 0.000000
vn 1.000000 0.000000 0.000000
vn 1.000000 0.000000 0.000000
vn 1.000000 0.000000 0.000000
vn 1.000000 0.000000 0.000000
vn 1.000000 0.000000 0.000000
vn 1.000000 0.000000 0.000000
vn 1.000000 0.000000 0.000000
vn 1.000000 0.000000 0.000000
vn 1.000000 0.000000 0.000000
vn 1.000000 0.000000 0.000000
vn 1.000000 0.000000 0.000000
vn 1.000000 0.000000 0.000000
vn 1.000000 0.000000 0.000000
vn 1.000000 0.000000 0.000000
vn 1.000000 0.000000 0.000000
vn 1.000000 0.000000 0.000000
vn 1.000000 0.000000 0.000000
vn 1.000000 0.000000 0.000000
vn 1.000000 0.000000 0.000000
vn 1.000000 0.000000 0.000000
vn 1.000000 0.000000 0.000000
vn -1.000000 -0.000000 -0.000000
vn -1.000000 -0.000000 -0.000000
vn -1.000000 -0.000000 -0.000000
vn -1.000000 -0.000000 -0.000000
vn -1.000000 -0.000000 -0.000000
vn -1.000000 -0.000000 -0.000000
vn -1.000000 -0.000000 -0.000000
vn -1.000000 -0.000000 -0.000000
vn -1.000000 -0.000000 -0.000000
vn -1.000000 -0.000000 -0.000000
vn -1.000000 -0.000000 -0.000000
vn -1.000000 -0.000000 -0.000000
vn -1.000000 -0.000000 -0.000000
vn -1.000000 -0.000000 -0.000000
vn -1.000000 -0.000000 -0.000000
vn -1.000000 -0.000000 -0.000000
vn -1.000000 -0.000000 -0.000000
vn -1.000000 -0.000000 -0.000000
vn 0.000000 -0.859288 -0.511493
vn 0.000000 -0.931554 -0.363603
vn 0.000000 -0.859288 -0.511493
vn 0.000000 -0.931554 -0.363603
vn 0.000000 -0.980372 -0.197155
vn 0.000000 -0.980372 -0.197155
vn 0.000000 -0.999617 -0.027665
vn 0.000000 -0.999617 -0.027665
vn 0.000000 -0.991364 0.131139
vn 0.000000 -0.991364 0.131139
vn 0.000000 -0.962260 0.272132
vn 0.000000 -0.962260 0.272132
vn 0.000000 -0.918952 0.394368
vn 0.000000 -0.918952 0.394368
vn 0.000000 -0.865813 0.500367
vn 0.000000 -0.865813 0.500367
vn 0.000000 -0.804664 0.593730
vn 0.000000 -0.804664 0.593730
vn 0.000000 -0.735401 0.677632
vn 0.000000 -0.735401 0.677632
vn 0.000000 -0.656879 0.753996
vn 0.000000 -0.656879 0.753996
vn 0.000000 -0.567710 0.823229
vn 0.000000 -0.567710 0.823229
vn 0.000000 -0.467062 0.884224
vn 0.000000 -0.467062 0.884224
vn 0.000000 -0.355604 0.934637
vn 0.000000 -0.355604 0.934637
vn 0.000000 -0.236260 0.971690
vn 0.000000 -0.236260 0.971690
vn 0.000000 -0.114079 0.993472
vn 0.000000 -0.114079 0.993472
vn -0.000000 0.004824 0.999988
vn 1.000000 0.000000 0.000000
vn 1.000000 0.000000 0.000000
vn 1.000000 0.000000 0.000000
vn 1.000000 0.000000 0.000000
vn 1.000000 0.000000 0.000000
vn 1.000000 0.000000 0.000000
vn 1.000000 0.000000 0.000000
vn 1.000000 0.000000 0.000000
vn 1.000000 0.000000 0.000000
vn 1.000000 0.000000 0.000000
vn 1.000000 0.000000 0.000000
vn 1.000000 0.000000 0.000000
vn 1.000000 0.000000 0.000000
vn 1.000000 0.000000 0.000000
vn 1.000000 0.000000 0.000000
vn 1.000000 0.000000 0.000000
vn -0.000000 0.000000 1.000000
vn -0.000000 0.000000 1.000000
vn -0.000000 0.000000 1.000000
vn -0.000000 0.000000 1.000000
vn -0.000000 0.000000 1.000000
vn -0.000000 0.000000 1.000000
vn -0.000000 0.000000 1.000000
vn -0.000000 0.000000 1.000000
vn 1.000000 -0.000000 -0.000000
vn 1.000000 -0.000000 -0.000000
vn 1.000000 -0.000000 -0.000000
vn 1.000000 -0.000000 -0.000000
vn 1.000000 -0.000000 -0.000000
vn 1.000000 -0.000000 -0.000000
vn 1.000000 -0.000000 -0.000000
vn 1.000000 -0.000000 -0.000000
vn 1.000000 -0.000000 -0.000000
vn 1.000000 -0.000000 -0.000000
vn 1.000000 -0.000000 -0.000000
vn 0.997347 0.072798 0.000000
vn 0.997347 0.072798 0.000000
vn 0.997347 0.072798 0.000000
vn 0.997347 0.072798 0.000000
vn 0.997347 0.072798 0.000000
vn 0.997347 0.072798 0.000000
vn -0.997347 0.072798 -0.000000
vn -0.997347 0.072798 -0.000000
vn -0.997347 0.072798 -0.000000
vn -0.997347 0.072798 -0.000000
vn -0.997347 0.072798 -0.000000
vn -0.997347 0.072798 -0.000000
vn -1.000000 -0.000000 -0.000000
vn -1.000000 -0.000000 -0.000000
vn -1.000000 -0.000000 -0.000000
vn -1.000000 -0.000000 -0.000000
vn -1.000000 -0.000000 -0.000000
vn -1.000000 -0.000000 -0.000000
vn -1.000000 -0.000000 -0.000000
vn -1.000000 -0.000000 -0.000000
vn -1.000000 -0.000000 -0.000000
vn -1.000000 -0.000000 -0.000000
vn -1.000000 -0.000000 -0.000000
vn 0.000000 0.000000 -1.000000
vn 0.000000 0.000000 -1.000000
vn 0.000000 0.000000 -1.000000
vn 0.000000 0.000000 -1.000000
vn 0.000000 0.000000 -1.000000
vn 0.000000 0.000000 -1.000000
vn 0.000000 0.131724 -0.991286
vn 0.000000 0.131724 -0.991286
vn 0.000000 0.131724 -0.991286
vn 0.000000 0.131724 -0.991286
vn 0.000000 0.131724 -0.991286
vn 0.000000 0.131724 -0.991286
vn 0.000000 0.131724 -0.991286
vn 0.000000 0.131724 -0.991286
vn 0.000000 -0.147334 -0.989087
vn 0.000000 -0.147334 -0.989087
vn 0.000000 -0.147334 -0.989087
vn 0.000000 -0.147334 -0.989087
vn 0.000000 -0.375584 -0.926788
vn 0.000000 -0.375584 -0.926788
vn 0.000000 -0.582808 -0.812610
vn 0.000000 -0.582808 -0.812610
vn 0.000000 -0.757408 -0.652942
vn 0.000000 -0.757408 -0.652942
vn 0.000000 -0.889609 -0.456723
vn 0.000000 -0.889609 -0.456723
vn 0.000000 -0.972011 -0.234937
vn 0.000000 -0.972011 -0.234937
vn 0.000000 -1.000000 -0.000000
vn 0.000000 -1.000000 -0.000000
vn 0.000000 -0.972011 -0.234937
vn 0.000000 -0.889609 -0.456723
vn 0.000000 -0.757408 -0.652942
vn 0.000000 -0.582808 -0.812610
vn 0.000000 -0.375584 -0.926788
vn 0.000000 -1.000000 0.000000
vn 0.000000 -1.000000 0.000000
vn 0.000000 -0.000075 1.000000
vn 0.000000 -0.000075 1.000000
vn 0.000000 -0.000075 1.000000
vn 0.000000 -0.000075 1.000000
vn 0.000000 -0.000075 1.000000
vn 0.000000 -0.000075 1.000000
vn -1.000000 -0.000000 -0.000000
vn -1.000000 -0.000000 -0.000000
vn -1.000000 -0.000000 -0.000000
vn -1.000000 -0.000000 -0.000000
vn -1.000000 -0.000000 -0.000000
vn -1.000000 -0.000000 -0.000000
vn -1.000000 -0.000000 -0.000000
vn -1.000000 -0.000000 -0.000000
vn -1.000000 -0.000000 -0.000000
vn -1.000000 -0.000000 -0.000000
vn -0.000000 1.000000 0.000000
vn -0.000000 1.000000 0.000000
vn -0.000000 1.000000 0.000000
vn -0.000000 1.000000 0.000000
vn -0.000000 1.000000 0.000000
vn -0.000000 1.000000 0.000000
vn -0.000000 1.000000 0.000000
vn -0.000000 1.000000 0.000000
vn -0.000000 1.000000 0.000000
vn -0.000000 1.000000 0.000000
vn -0.000000 1.000000 0.000000
vn -0.000000 1.000000 0.000000
vn -0.000000 1.000000 0.000000
vn -0.000000 1.000000 0.000000
vn -0.000000 1.000000 0.000000
vn -0.000000 1.000000 0.000000
vn -0.000000 1.000000 0.000000
vn -0.000000 0.969428 -0.245374
vn -0.000000 0.969428 -0.245374
vn -0.000000 0.879583 -0.475746
vn -0.000000 0.879583 -0.475746
vn -0.000000 0.735957 -0.677029
vn -0.000000 0.735957 -0.677029
vn -0.000000 0.547332 -0.836916
vn -0.000000 0.547332 -0.836916
vn -0.000000 0.325241 -0.945631
vn -0.000000 0.325241 -0.945631
vn -0.000000 0.083264 -0.996528
vn -0.000000 0.083264 -0.996528
vn 0.000000 -0.163804 -0.986493
vn 0.000000 -0.163804 -0.986493
vn 0.000000 -0.163804 -0.986493
vn 0.000000 -0.163804 -0.986493
vn 1.000000 0.000000 0.000000
vn 1.000000 0.000000 0.000000
vn 1.000000 0.000000 0.000000
vn 1.000000 0.000000 0.000000
vn 1.000000 0.000000 0.000000
vn 1.000000 0.000000 0.000000
vn 1.000000 0.000000 0.000000
vn 1.000000 0.000000 0.000000
vn 1.000000 0.000000 0.000000
vn 1.000000 0.000000 0.000000
usemtl Steel_-_Satin
f 14/1/1 1/2/2 13/3/3
f 13/3/3 1/2/2 2/4/4
f 13/3/3 2/4/4 12/5/5
f 12/5/5 2/4/4 3/6/6
f 12/5/5 3/6/6 11/7/7
f 11/7/7 3/6/6 4/8/8
f 11/7/7 4/8/8 10/9/9
f 10/9/9 4/8/8 5/10/10
f 10/9/9 5/10/10 9/11/11
f 9/11/11 5/10/10 6/12/12
f 9/11/11 6/12/12 8/13/13
f 8/13/13 6/12/12 7/14/14
f 8/15/13 7/16/14 20/17/15
f 20/17/15 7/16/14 15/18/16
f 20/17/15 15/18/16 16/19/17
f 17/20/18 18/21/19 16/19/17
f 16/19/17 18/21/19 19/22/20
f 16/19/17 19/22/20 20/17/15
f 6/23/21 5/24/22 7/25/23
f 7/25/23 5/24/22 4/26/24
f 7/25/23 4/26/24 3/27/25
f 7/25/23 3/27/25 15/28/26
f 15/28/26 3/27/25 2/29/27
f 15/28/26 2/29/27 1/30/28
f 21/31/29 23/32/30 1/30/28
f 1/30/28 23/32/30 24/33/31
f 1/30/28 24/33/31 25/34/32
f 21/31/29 22/35/33 23/32/30
f 25/34/32 26/36/34 1/30/28
f 1/30/28 26/36/34 15/28/26
f 15/28/26 26/36/34 16/37/35
f 16/37/35 26/36/34 27/38/36
f 16/37/35 27/38/36 42/39/37
f 42/39/37 27/38/36 41/40/38
f 41/40/38 27/38/36 28/41/39
f 41/40/38 28/41/39 39/42/40
f 39/42/40 28/41/39 33/43/41
f 39/42/40 33/43/41 38/44/42
f 38/44/42 33/43/41 36/45/43
f 38/44/42 36/45/43 37/46/44
f 28/41/39 29/47/45 33/43/41
f 33/43/41 29/47/45 30/48/46
f 33/43/41 30/48/46 32/49/47
f 32/49/47 30/48/46 31/50/48
f 34/51/49 35/52/50 33/43/41
f 33/43/41 35/52/50 36/45/43
f 39/42/40 40/53/51 41/40/38
f 42/39/37 17/54/52 16/37/35
f 14/55/1 43/56/53 1/57/2
f 1/57/2 43/56/53 21/58/54
f 44/59/55 45/60/56 49/61/57
f 49/61/57 45/60/56 46/62/58
f 49/61/57 46/62/58 31/63/59
f 31/63/59 46/62/58 47/64/60
f 31/63/59 47/64/60 32/65/61
f 31/63/59 48/66/62 49/61/57
f 48/67/63 31/68/64 50/69/65
f 50/69/65 31/68/64 30/70/66
f 51/71/67 52/72/68 22/73/69
f 22/73/69 52/72/68 23/74/70
f 23/75/71 52/76/72 24/77/73
f 24/77/73 52/76/72 53/78/74
f 24/77/73 53/78/74 25/79/75
f 25/79/75 53/78/74 54/80/76
f 25/79/75 54/80/76 26/81/77
f 26/81/77 54/80/76 55/82/78
f 26/81/77 55/82/78 27/83/79
f 27/83/79 55/82/78 56/84/80
f 27/83/79 56/84/80 28/85/81
f 28/85/81 56/84/80 57/86/82
f 28/85/81 57/86/82 29/87/83
f 29/87/83 57/86/82 58/88/84
f 29/87/83 58/88/84 30/89/85
f 30/89/85 58/88/84 50/90/86
f 32/91/87 47/92/88 33/93/89
f 33/93/89 47/92/88 46/94/90
f 33/93/89 46/94/90 59/95/91
f 59/95/91 46/94/90 45/96/92
f 59/95/91 45/96/92 44/97/93
f 59/95/91 60/98/94 33/93/89
f 33/93/89 60/98/94 34/99/95
f 34/100/96 60/101/97 35/102/98
f 35/102/98 60/101/97 61/103/99
f 35/102/98 61/103/99 62/104/100
f 63/105/101 37/106/102 62/104/100
f 62/104/100 37/106/102 36/107/103
f 62/104/100 36/107/103 35/102/98
f 37/108/104 63/109/105 38/110/106
f 38/110/106 63/109/105 64/111/107
f 38/110/106 64/111/107 65/112/108
f 66/113/109 40/114/110 65/112/108
f 65/112/108 40/114/110 39/115/111
f 65/112/108 39/115/111 38/110/106
f 40/116/112 66/117/113 41/118/114
f 41/118/114 66/117/113 67/119/115
f 41/118/114 67/119/115 68/120/116
f 18/121/117 17/122/118 68/120/116
f 68/120/116 17/122/118 42/123/119
f 68/120/116 42/123/119 41/118/114
f 13/124/120 20/125/121 14/126/122
f 14/126/122 20/125/121 55/127/123
f 14/126/122 55/127/123 54/128/124
f 13/124/120 12/129/125 20/125/121
f 20/125/121 12/129/125 8/130/126
f 8/130/126 12/129/125 11/131/127
f 8/130/126 11/131/127 10/132/128
f 10/132/128 9/133/129 8/130/126
f 20/125/121 19/134/130 55/127/123
f 55/127/123 19/134/130 56/135/131
f 56/135/131 19/134/130 68/136/132
f 56/135/131 68/136/132 67/137/133
f 19/134/130 18/138/134 68/136/132
f 66/139/135 65/140/136 67/137/133
f 67/137/133 65/140/136 57/141/137
f 67/137/133 57/141/137 56/135/131
f 57/141/137 65/140/136 59/142/138
f 59/142/138 65/140/136 64/143/139
f 59/142/138 64/143/139 62/144/140
f 62/144/140 64/143/139 63/145/141
f 62/144/140 61/146/142 59/142/138
f 59/142/138 61/146/142 60/147/143
f 44/148/144 50/149/145 59/142/138
f 59/142/138 50/149/145 58/150/146
f 59/142/138 58/150/146 57/141/137
f 44/148/144 49/151/147 50/149/145
f 50/149/145 49/151/147 48/152/148
f 54/128/124 53/153/149 14/126/122
f 14/126/122 53/153/149 52/154/150
f 14/126/122 52/154/150 43/155/151
f 43/155/151 52/154/150 51/156/152
f 70/157/153 71/158/154 69/159/155
f 69/159/155 71/158/154 72/160/156
f 69/159/155 72/160/156 73/161/157
f 73/161/157 74/162/158 69/159/155
f 69/159/155 74/162/158 75/163/159
f 69/159/155 75/163/159 76/164/160
f 76/164/160 77/165/161 69/159/155
f 69/159/155 77/165/161 78/166/162
f 69/159/155 78/166/162 79/167/163
f 79/167/163 80/168/164 69/159/155
f 69/159/155 80/168/164 81/169/165
f 69/159/155 81/169/165 82/170/166
f 82/170/166 83/171/167 69/159/155
f 69/159/155 83/171/167 84/172/168
f 69/159/155 84/172/168 85/173/169
f 85/173/169 86/174/170 69/159/155
f 87/175/171 88/176/172 70/177/173
f 70/177/173 88/176/172 71/178/174
f 71/178/174 88/176/172 89/179/175
f 71/178/174 89/179/175 72/180/176
f 72/180/176 89/179/175 90/181/177
f 72/180/176 90/181/177 73/182/178
f 73/182/178 90/181/177 91/183/179
f 73/182/178 91/183/179 74/184/180
f 74/184/180 91/183/179 92/185/181
f 74/184/180 92/185/181 75/186/182
f 75/186/182 92/185/181 93/187/183
f 75/186/182 93/187/183 76/188/184
f 76/188/184 93/187/183 94/189/185
f 76/188/184 94/189/185 77/190/186
f 77/190/186 94/189/185 95/191/187
f 77/190/186 95/191/187 78/192/188
f 78/192/188 95/191/187 96/193/189
f 78/192/188 96/193/189 79/194/190
f 79/194/190 96/193/189 97/195/191
f 79/194/190 97/195/191 80/196/192
f 80/196/192 97/195/191 98/197/193
f 80/196/192 98/197/193 81/198/194
f 81/198/194 98/197/193 99/199/195
f 81/198/194 99/199/195 82/200/196
f 82/200/196 99/199/195 100/201/197
f 82/200/196 100/201/197 83/202/198
f 83/202/198 100/201/197 101/203/199
f 83/202/198 101/203/199 84/204/200
f 84/204/200 101/203/199 102/205/201
f 84/204/200 102/205/201 85/206/202
f 85/206/202 102/205/201 44/207/93
f 85/206/202 44/207/93 86/208/203
f 87/209/204 49/210/147 88/211/205
f 88/211/205 49/210/147 89/212/206
f 89/212/206 49/210/147 90/213/207
f 90/213/207 49/210/147 91/214/208
f 91/214/208 49/210/147 92/215/209
f 92/215/209 49/210/147 93/216/210
f 93/216/210 49/210/147 94/217/211
f 94/217/211 49/210/147 95/218/212
f 95/218/212 49/210/147 96/219/213
f 96/219/213 49/210/147 97/220/214
f 97/220/214 49/210/147 98/221/215
f 98/221/215 49/210/147 99/222/216
f 99/222/216 49/210/147 100/223/217
f 100/223/217 49/210/147 101/224/218
f 101/224/218 49/210/147 102/225/219
f 102/225/219 49/210/147 44/226/144
f 49/227/220 87/228/221 106/229/222
f 106/229/222 87/228/221 105/230/223
f 105/230/223 87/228/221 104/231/224
f 104/231/224 87/228/221 70/232/225
f 104/231/224 70/232/225 103/233/226
f 103/233/226 70/232/225 69/234/227
f 108/235/228 109/236/229 107/237/230
f 107/237/230 109/236/229 111/238/231
f 107/237/230 111/238/231 117/239/232
f 117/239/232 111/238/231 112/240/233
f 117/239/232 112/240/233 113/241/234
f 109/236/229 110/242/235 111/238/231
f 113/241/234 114/243/236 117/239/232
f 117/239/232 114/243/236 115/244/237
f 117/239/232 115/244/237 116/245/238
f 108/246/239 118/247/240 109/248/241
f 109/248/241 118/247/240 105/249/242
f 105/249/242 118/247/240 119/250/243
f 105/249/242 119/250/243 106/251/244
f 121/252/245 122/253/246 120/254/247
f 120/254/247 122/253/246 104/255/248
f 120/254/247 104/255/248 123/256/249
f 123/256/249 104/255/248 103/257/250
f 121/258/251 124/259/252 122/260/253
f 122/260/253 124/259/252 131/261/254
f 122/260/253 131/261/254 132/262/255
f 124/259/252 125/263/256 131/261/254
f 131/261/254 125/263/256 130/264/257
f 130/264/257 125/263/256 129/265/258
f 129/265/258 125/263/256 128/266/259
f 128/266/259 125/263/256 127/267/260
f 127/267/260 125/263/256 126/268/261
f 118/269/262 108/270/263 120/271/264
f 120/271/264 108/270/263 121/272/265
f 121/272/265 108/270/263 124/273/266
f 124/273/266 108/270/263 107/274/267
f 136/275/268 119/276/269 135/277/270
f 135/277/270 119/276/269 118/278/271
f 135/277/270 118/278/271 120/279/272
f 135/277/270 120/279/272 134/280/273
f 134/280/273 120/279/272 123/281/274
f 134/280/273 123/281/274 133/282/275
f 107/283/276 117/284/277 124/285/278
f 124/285/278 117/284/277 125/286/279
f 125/287/279 117/288/277 137/289/280
f 137/289/280 117/288/277 116/290/281
f 137/289/280 116/290/281 138/291/282
f 138/291/282 116/290/281 115/292/283
f 138/291/282 115/292/283 139/293/284
f 139/293/284 115/292/283 114/294/285
f 139/293/284 114/294/285 140/295/286
f 140/295/286 114/294/285 113/296/287
f 140/295/286 113/296/287 141/297/288
f 141/297/288 113/296/287 112/298/289
f 141/297/288 112/298/289 111/299/290
f 111/299/290 131/300/291 141/297/288
f 141/297/288 131/300/291 130/301/292
f 141/297/288 130/301/292 140/295/286
f 140/295/286 130/301/292 129/302/293
f 140/295/286 129/302/293 139/293/284
f 139/293/284 129/302/293 128/303/294
f 139/293/284 128/303/294 138/291/282
f 138/291/282 128/303/294 127/304/295
f 138/291/282 127/304/295 137/289/280
f 137/289/280 127/304/295 126/305/296
f 137/289/280 126/305/296 125/287/279
f 111/306/290 110/307/297 131/308/291
f 131/308/291 110/307/297 132/309/298
f 105/310/299 104/311/300 109/312/301
f 109/312/301 104/311/300 122/313/302
f 109/312/301 122/313/302 132/314/303
f 132/314/303 110/315/304 109/312/301
f 134/316/305 143/317/306 142/318/307
f 142/318/307 143/317/306 144/319/308
f 142/318/307 144/319/308 145/320/309
f 134/316/305 133/321/310 143/317/306
f 145/320/309 146/322/311 142/318/307
f 142/318/307 146/322/311 147/323/312
f 142/318/307 147/323/312 148/324/313
f 148/324/313 149/325/314 142/318/307
f 21/326/315 123/327/316 22/328/317
f 22/328/317 123/327/316 103/329/318
f 22/328/317 103/329/318 69/330/319
f 43/331/320 136/332/321 21/326/315
f 21/326/315 136/332/321 133/333/322
f 21/326/315 133/333/322 123/327/316
f 136/332/321 43/331/320 119/334/323
f 119/334/323 43/331/320 51/335/324
f 119/334/323 51/335/324 106/336/325
f 106/336/325 51/335/324 48/337/326
f 106/336/325 48/337/326 49/338/327
f 51/335/324 22/328/317 48/337/326
f 48/337/326 22/328/317 69/330/319
f 48/337/326 69/330/319 49/338/327
f 49/338/327 69/330/319 86/339/328
f 49/338/327 86/339/328 44/340/329
f 136/332/321 150/341/330 133/333/322
f 133/333/322 150/341/330 143/342/331
f 143/343/331 150/344/330 144/345/332
f 144/345/332 150/344/330 151/346/333
f 144/345/332 151/346/333 145/347/334
f 145/347/334 151/346/333 152/348/335
f 145/347/334 152/348/335 146/349/336
f 146/349/336 152/348/335 153/350/337
f 146/349/336 153/350/337 147/351/338
f 147/351/338 153/350/337 154/352/339
f 147/351/338 154/352/339 148/353/340
f 148/353/340 154/352/339 155/354/341
f 148/353/340 155/354/341 149/355/342
f 149/355/342 155/354/341 156/356/343
f 149/355/342 156/356/343 142/357/344
f 142/357/344 156/356/343 157/358/345
f 157/359/345 135/360/346 142/361/344
f 142/361/344 135/360/346 134/362/347
f 136/363/348 135/364/349 150/365/350
f 150/365/350 135/364/349 157/366/351
f 150/365/350 157/366/351 151/367/352
f 151/367/352 157/366/351 152/368/353
f 152/368/353 157/366/351 153/369/354
f 153/369/354 157/366/351 154/370/355
f 154/370/355 157/366/351 155/371/356
f 155/371/356 157/366/351 156/372/357
g Body150

v 0.000000 -2.247320 -0.470602
v 0.000000 -2.316330 -0.486552
v 0.000000 -2.382944 -0.504921
v 0.000000 -2.447137 -0.525531
v 0.000000 -2.508840 -0.548120
v 0.000000 -2.567931 -0.572364
v 0.000000 -2.624220 -0.597898
v 0.000000 -2.677446 -0.624329
v 0.000000 -2.727268 -0.651245
v 0.000000 -2.773270 -0.678231
v 0.000000 -2.814966 -0.704870
v 0.000000 -2.851811 -0.730755
v 0.000000 -2.883219 -0.755500
v 0.000000 -2.908598 -0.778745
v 0.000000 -2.927378 -0.800176
v 0.000000 -2.939066 -0.819538
v 0.000000 -2.942132 -0.828385
v 0.000000 -2.943309 -0.836658
v -0.058720 -2.247320 -0.475342
v -0.115918 -2.247320 -0.489441
v -0.170115 -2.247320 -0.512532
v -0.219906 -2.247320 -0.544017
v -0.264001 -2.247320 -0.583082
v -0.301258 -2.247320 -0.628715
v -0.330714 -2.247320 -0.679733
v -0.351604 -2.247320 -0.734815
v -0.363387 -2.247320 -0.792535
v -0.365759 -2.247320 -0.851398
v -0.358659 -2.247320 -0.909879
v -0.342269 -2.247320 -0.966464
v -0.317014 -2.247320 -1.019686
v -0.283549 -2.247320 -1.068169
v -0.242740 -2.247320 -1.110655
v -0.195645 -2.247320 -1.146045
v -0.143482 -2.247320 -1.173423
v -0.087603 -2.247320 -1.192078
v -0.029455 -2.247320 -1.201528
v 0.029455 -2.247320 -1.201528
v 0.087603 -2.247320 -1.192078
v 0.143482 -2.247320 -1.173423
v 0.195645 -2.247320 -1.146045
v 0.242740 -2.247320 -1.110655
v 0.283549 -2.247320 -1.068169
v 0.317014 -2.247320 -1.019686
v 0.342269 -2.247320 -0.966464
v 0.358659 -2.247320 -0.909879
v 0.365759 -2.247320 -0.851398
v 0.363387 -2.247320 -0.792535
v 0.351604 -2.247320 -0.734815
v 0.330714 -2.247320 -0.679733
v 0.301258 -2.247320 -0.628715
v 0.264001 -2.247320 -0.583082
v 0.219906 -2.247320 -0.544017
v 0.170115 -2.247320 -0.512532
v 0.115918 -2.247320 -0.489441
v 0.058720 -2.247320 -0.475342
v 0.353068 -2.302719 -0.854003
v 0.205902 -2.302719 -1.123994
v 0.156346 -2.302719 -1.153697
v 0.102614 -2.302719 -1.174931
v -0.176747 -2.302719 -1.142793
v -0.201173 -2.302719 -1.127325
v -0.245835 -2.302719 -1.090672
v -0.283929 -2.302719 -1.047234
v -0.314438 -2.302719 -0.998171
v -0.332830 -2.302719 -0.717570
v -0.308985 -2.302719 -0.664944
v -0.276887 -2.302719 -0.616905
v -0.237392 -2.302719 -0.574737
v -0.191555 -2.302719 -0.539565
v -0.140602 -2.302719 -0.512330
v 0.001164 -2.942216 -0.828813
v 0.002405 -2.939380 -0.820444
v 0.005114 -2.928580 -0.802181
v 0.008105 -2.911210 -0.782016
v 0.011347 -2.887700 -0.760165
v 0.013918 -2.866336 -0.742832
v 0.016588 -2.842017 -0.724830
v 0.019337 -2.814966 -0.706296
v 0.022144 -2.785401 -0.687376
v 0.024986 -2.753530 -0.668218
v 0.027840 -2.719542 -0.648977
v 0.030684 -2.683612 -0.629805
v 0.033495 -2.645896 -0.610856
v 0.036551 -2.602056 -0.590250
v 0.039508 -2.556330 -0.570314
v 0.042337 -2.508840 -0.551243
v 0.045011 -2.459679 -0.533221
v 0.047504 -2.408914 -0.516413
v 0.049795 -2.356587 -0.500965
v 0.051868 -2.302719 -0.486991
v -0.057583 -2.302719 -0.487886
v -0.055281 -2.356587 -0.501825
v -0.052737 -2.408914 -0.517234
v -0.049969 -2.459679 -0.533998
v -0.047002 -2.508840 -0.551974
v -0.043861 -2.556330 -0.570996
v -0.040578 -2.602056 -0.590881
v -0.037185 -2.645896 -0.611435
v -0.034064 -2.683612 -0.630334
v -0.030907 -2.719542 -0.649457
v -0.027738 -2.753530 -0.668650
v -0.024584 -2.785401 -0.687758
v -0.021468 -2.814966 -0.706630
v -0.018416 -2.842017 -0.725116
v -0.015451 -2.866336 -0.743072
v -0.012597 -2.887700 -0.760361
v -0.008998 -2.911210 -0.782156
v -0.005678 -2.928580 -0.802269
v -0.002670 -2.939380 -0.820485
v -0.001292 -2.942216 -0.828833
v -0.113627 -2.302719 -0.501924
v -0.109086 -2.356587 -0.515302
v -0.104066 -2.408914 -0.530091
v -0.098604 -2.459679 -0.546180
v -0.092748 -2.508840 -0.563433
v -0.086550 -2.556330 -0.581689
v -0.080072 -2.602056 -0.600774
v -0.073376 -2.645896 -0.620500
v -0.067218 -2.683612 -0.638639
v -0.060988 -2.719542 -0.656992
v -0.054736 -2.753530 -0.675412
v -0.048510 -2.785401 -0.693751
v -0.042362 -2.814966 -0.711864
v -0.036339 -2.842017 -0.729606
v -0.030489 -2.866336 -0.746839
v -0.024857 -2.887700 -0.763432
v -0.017756 -2.911210 -0.784350
v -0.011204 -2.928580 -0.803654
v -0.005269 -2.939380 -0.821136
v -0.002549 -2.942216 -0.829148
v -0.166636 -2.302719 -0.524905
v -0.159976 -2.356587 -0.537364
v -0.152614 -2.408914 -0.551137
v -0.144605 -2.459679 -0.566122
v -0.136016 -2.508840 -0.582190
v -0.126928 -2.556330 -0.599193
v -0.117427 -2.602056 -0.616968
v -0.107607 -2.645896 -0.635340
v -0.098577 -2.683612 -0.652234
v -0.089441 -2.719542 -0.669327
v -0.080271 -2.753530 -0.686482
v -0.071141 -2.785401 -0.703562
v -0.062125 -2.814966 -0.720431
v -0.053292 -2.842017 -0.736955
v -0.044713 -2.866336 -0.753006
v -0.036453 -2.887700 -0.768459
v -0.026040 -2.911210 -0.787941
v -0.016430 -2.928580 -0.805919
v -0.007727 -2.939380 -0.822202
v -0.003739 -2.942216 -0.829663
v -0.003155 -2.942216 -0.829381
v -0.006520 -2.939380 -0.821619
v -0.013863 -2.928580 -0.804680
v -0.021972 -2.911210 -0.785976
v -0.030758 -2.887700 -0.765709
v -0.037728 -2.866336 -0.749631
v -0.044966 -2.842017 -0.732934
v -0.052419 -2.814966 -0.715743
v -0.060027 -2.785401 -0.698194
v -0.067730 -2.753530 -0.680425
v -0.075467 -2.719542 -0.662577
v -0.083176 -2.683612 -0.644795
v -0.090795 -2.645896 -0.627219
v -0.099081 -2.602056 -0.608107
v -0.107097 -2.556330 -0.589615
v -0.114766 -2.508840 -0.571926
v -0.122012 -2.459679 -0.555210
v -0.128771 -2.408914 -0.539620
v -0.134982 -2.356587 -0.525292
v -0.215193 -2.302719 -0.556213
v -0.206593 -2.356587 -0.567421
v -0.197086 -2.408914 -0.579811
v -0.186742 -2.459679 -0.593291
v -0.175651 -2.508840 -0.607745
v -0.163914 -2.556330 -0.623041
v -0.151645 -2.602056 -0.639031
v -0.138964 -2.645896 -0.655557
v -0.127302 -2.683612 -0.670755
v -0.115503 -2.719542 -0.686131
v -0.103662 -2.753530 -0.701564
v -0.091872 -2.785401 -0.716929
v -0.080228 -2.814966 -0.732103
v -0.068822 -2.842017 -0.746968
v -0.057743 -2.866336 -0.761407
v -0.047075 -2.887700 -0.775308
v -0.033628 -2.911210 -0.792833
v -0.021218 -2.928580 -0.809006
v -0.009979 -2.939380 -0.823654
v -0.004828 -2.942216 -0.830366
v -0.004298 -2.942216 -0.829992
v -0.008883 -2.939380 -0.822882
v -0.018887 -2.928580 -0.807365
v -0.029934 -2.911210 -0.790232
v -0.041904 -2.887700 -0.771667
v -0.051400 -2.866336 -0.756939
v -0.061262 -2.842017 -0.741644
v -0.071415 -2.814966 -0.725897
v -0.081780 -2.785401 -0.709821
v -0.092275 -2.753530 -0.693544
v -0.102816 -2.719542 -0.677196
v -0.113319 -2.683612 -0.660906
v -0.123699 -2.645896 -0.644807
v -0.134987 -2.602056 -0.627299
v -0.145909 -2.556330 -0.610360
v -0.156357 -2.508840 -0.594157
v -0.166230 -2.459679 -0.578844
v -0.175437 -2.408914 -0.564564
v -0.183900 -2.356587 -0.551439
v -0.258002 -2.302719 -0.595013
v -0.247691 -2.356587 -0.604670
v -0.236293 -2.408914 -0.615346
v -0.223892 -2.459679 -0.626961
v -0.210594 -2.508840 -0.639416
v -0.196522 -2.556330 -0.652595
v -0.181812 -2.602056 -0.666373
v -0.166608 -2.645896 -0.680613
v -0.152627 -2.683612 -0.693707
v -0.138481 -2.719542 -0.706957
v -0.124283 -2.753530 -0.720254
v -0.110148 -2.785401 -0.733493
v -0.096188 -2.814966 -0.746569
v -0.082513 -2.842017 -0.759377
v -0.069230 -2.866336 -0.771818
v -0.056440 -2.887700 -0.783796
v -0.040318 -2.911210 -0.798896
v -0.025439 -2.928580 -0.812832
v -0.011964 -2.939380 -0.825453
v -0.005789 -2.942216 -0.831236
v -0.005326 -2.942216 -0.830782
v -0.011008 -2.939380 -0.824513
v -0.023407 -2.928580 -0.810833
v -0.037097 -2.911210 -0.795728
v -0.051932 -2.887700 -0.779361
v -0.063699 -2.866336 -0.766377
v -0.075921 -2.842017 -0.752892
v -0.088504 -2.814966 -0.739009
v -0.101349 -2.785401 -0.724837
v -0.114355 -2.753530 -0.710487
v -0.127418 -2.719542 -0.696074
v -0.140434 -2.683612 -0.681713
v -0.153299 -2.645896 -0.667519
v -0.167288 -2.602056 -0.652084
v -0.180823 -2.556330 -0.637151
v -0.193771 -2.508840 -0.622865
v -0.206006 -2.459679 -0.609366
v -0.217417 -2.408914 -0.596776
v -0.227904 -2.356587 -0.585205
v -0.293919 -2.302719 -0.640268
v -0.282172 -2.356587 -0.648117
v -0.269187 -2.408914 -0.656793
v -0.255060 -2.459679 -0.666233
v -0.239911 -2.508840 -0.676355
v -0.223880 -2.556330 -0.687066
v -0.207122 -2.602056 -0.698264
v -0.189802 -2.645896 -0.709837
v -0.173874 -2.683612 -0.720479
v -0.157759 -2.719542 -0.731247
v -0.141585 -2.753530 -0.742054
v -0.125482 -2.785401 -0.752814
v -0.109578 -2.814966 -0.763441
v -0.093999 -2.842017 -0.773850
v -0.078867 -2.866336 -0.783961
v -0.064297 -2.887700 -0.793696
v -0.045931 -2.911210 -0.805968
v -0.028980 -2.928580 -0.817294
v -0.013629 -2.939380 -0.827551
v -0.006595 -2.942216 -0.832252
v -0.006213 -2.942216 -0.831728
v -0.012840 -2.939380 -0.826468
v -0.027301 -2.928580 -0.814991
v -0.043269 -2.911210 -0.802318
v -0.060571 -2.887700 -0.788585
v -0.074297 -2.866336 -0.777692
v -0.088552 -2.842017 -0.766378
v -0.103228 -2.814966 -0.754731
v -0.118210 -2.785401 -0.742840
v -0.133380 -2.753530 -0.730800
v -0.148617 -2.719542 -0.718707
v -0.163799 -2.683612 -0.706658
v -0.178803 -2.645896 -0.694750
v -0.195120 -2.602056 -0.681800
v -0.210907 -2.556330 -0.669271
v -0.226008 -2.508840 -0.657285
v -0.240279 -2.459679 -0.645959
v -0.253588 -2.408914 -0.635396
v -0.265821 -2.356587 -0.625688
v -0.321985 -2.302719 -0.690769
v -0.309116 -2.356587 -0.696600
v -0.294891 -2.408914 -0.703045
v -0.279415 -2.459679 -0.710057
v -0.262819 -2.508840 -0.717576
v -0.245258 -2.556330 -0.725533
v -0.226900 -2.602056 -0.733851
v -0.207925 -2.645896 -0.742449
v -0.190477 -2.683612 -0.750354
v -0.172823 -2.719542 -0.758353
v -0.155105 -2.753530 -0.766381
v -0.137464 -2.785401 -0.774374
v -0.120041 -2.814966 -0.782268
v -0.102975 -2.842017 -0.790001
v -0.086398 -2.866336 -0.797512
v -0.070437 -2.887700 -0.804744
v -0.050316 -2.911210 -0.813860
v -0.031748 -2.928580 -0.822274
v -0.014931 -2.939380 -0.829893
v -0.007224 -2.942216 -0.833385
v -0.006933 -2.942216 -0.832806
v -0.014328 -2.939380 -0.828696
v -0.030466 -2.928580 -0.819727
v -0.048285 -2.911210 -0.809825
v -0.067593 -2.887700 -0.799094
v -0.082910 -2.866336 -0.790582
v -0.098818 -2.842017 -0.781742
v -0.115195 -2.814966 -0.772640
v -0.131914 -2.785401 -0.763349
v -0.148843 -2.753530 -0.753941
v -0.165846 -2.719542 -0.744492
v -0.182787 -2.683612 -0.735077
v -0.199531 -2.645896 -0.725772
v -0.217739 -2.602056 -0.715653
v -0.235356 -2.556330 -0.705862
v -0.252209 -2.508840 -0.696497
v -0.268134 -2.459679 -0.687647
v -0.282986 -2.408914 -0.679393
v -0.296637 -2.356587 -0.671807
v -0.341449 -2.302719 -0.745167
v -0.327802 -2.356587 -0.748824
v -0.312717 -2.408914 -0.752866
v -0.296305 -2.459679 -0.757264
v -0.278707 -2.508840 -0.761979
v -0.260084 -2.556330 -0.766969
v -0.240616 -2.602056 -0.772185
v -0.220495 -2.645896 -0.777577
v -0.201992 -2.683612 -0.782535
v -0.183270 -2.719542 -0.787551
v -0.164481 -2.753530 -0.792586
v -0.145774 -2.785401 -0.797598
v -0.127298 -2.814966 -0.802549
v -0.109200 -2.842017 -0.807398
v -0.091621 -2.866336 -0.812109
v -0.074695 -2.887700 -0.816644
v -0.053358 -2.911210 -0.822361
v -0.033667 -2.928580 -0.827637
v -0.015833 -2.939380 -0.832416
v -0.007661 -2.942216 -0.834606
v -0.007468 -2.942216 -0.833986
v -0.015434 -2.939380 -0.831136
v -0.032817 -2.928580 -0.824916
v -0.052011 -2.911210 -0.818048
v -0.072809 -2.887700 -0.810607
v -0.089308 -2.866336 -0.804703
v -0.106443 -2.842017 -0.798572
v -0.124085 -2.814966 -0.792260
v -0.142094 -2.785401 -0.785816
v -0.160329 -2.753530 -0.779292
v -0.178644 -2.719542 -0.772738
v -0.196893 -2.683612 -0.766209
v -0.214929 -2.645896 -0.759756
v -0.234542 -2.602056 -0.752738
v -0.253519 -2.556330 -0.745948
v -0.271672 -2.508840 -0.739453
v -0.288826 -2.459679 -0.733315
v -0.304824 -2.408914 -0.727591
v -0.319528 -2.356587 -0.722329
v -0.351792 -2.302719 -0.802010
v -0.337732 -2.356587 -0.803395
v -0.322190 -2.408914 -0.804925
v -0.305281 -2.459679 -0.806591
v -0.287149 -2.508840 -0.808377
v -0.267962 -2.556330 -0.810266
v -0.247904 -2.602056 -0.812242
v -0.227174 -2.645896 -0.814284
v -0.208110 -2.683612 -0.816161
v -0.188822 -2.719542 -0.818061
v -0.169463 -2.753530 -0.819968
v -0.150189 -2.785401 -0.821866
v -0.131154 -2.814966 -0.823741
v -0.112508 -2.842017 -0.825577
v -0.094396 -2.866336 -0.827361
v -0.076957 -2.887700 -0.829079
v -0.054974 -2.911210 -0.831244
v -0.034687 -2.928580 -0.833242
v -0.016313 -2.939380 -0.835052
v -0.007893 -2.942216 -0.835881
v -0.352737 -2.302719 -0.859778
v -0.338639 -2.356587 -0.858854
v -0.323056 -2.408914 -0.857832
v -0.306101 -2.459679 -0.856721
v -0.287921 -2.508840 -0.855530
v -0.268682 -2.556330 -0.854269
v -0.248571 -2.602056 -0.852950
v -0.227784 -2.645896 -0.851588
v -0.208669 -2.683612 -0.850335
v -0.189329 -2.719542 -0.849068
v -0.169918 -2.753530 -0.847795
v -0.150593 -2.785401 -0.846529
v -0.131506 -2.814966 -0.845278
v -0.112810 -2.842017 -0.844052
v -0.094650 -2.866336 -0.842862
v -0.077164 -2.887700 -0.841716
v -0.055122 -2.911210 -0.840271
v -0.034780 -2.928580 -0.838938
v -0.016357 -2.939380 -0.837730
v -0.007914 -2.942216 -0.837177
v -0.344259 -2.302719 -0.916928
v -0.330501 -2.356587 -0.913720
v -0.315292 -2.408914 -0.910174
v -0.298744 -2.459679 -0.906316
v -0.281001 -2.508840 -0.902179
v -0.262225 -2.556330 -0.897801
v -0.242597 -2.602056 -0.893224
v -0.222310 -2.645896 -0.888494
v -0.203654 -2.683612 -0.884144
v -0.184779 -2.719542 -0.879743
v -0.165835 -2.753530 -0.875325
v -0.146974 -2.785401 -0.870928
v -0.128346 -2.814966 -0.866584
v -0.110099 -2.842017 -0.862330
v -0.092375 -2.866336 -0.858197
v -0.075310 -2.887700 -0.854218
v -0.053797 -2.911210 -0.849202
v -0.033944 -2.928580 -0.844573
v -0.015964 -2.939380 -0.840381
v -0.007724 -2.942216 -0.838459
v -0.326586 -2.302719 -0.971934
v -0.313533 -2.356587 -0.966528
v -0.299105 -2.408914 -0.960552
v -0.283407 -2.459679 -0.954049
v -0.266575 -2.508840 -0.947077
v -0.248763 -2.556330 -0.939699
v -0.230142 -2.602056 -0.931986
v -0.210897 -2.645896 -0.924014
v -0.193199 -2.683612 -0.916684
v -0.175292 -2.719542 -0.909267
v -0.157321 -2.753530 -0.901823
v -0.139428 -2.785401 -0.894411
v -0.121757 -2.814966 -0.887092
v -0.104446 -2.842017 -0.879921
v -0.087632 -2.866336 -0.872957
v -0.071443 -2.887700 -0.866251
v -0.051035 -2.911210 -0.857798
v -0.032201 -2.928580 -0.849997
v -0.015144 -2.939380 -0.842931
v -0.007328 -2.942216 -0.839693
v -0.300188 -2.302719 -1.023327
v -0.288190 -2.356587 -1.015867
v -0.274928 -2.408914 -1.007620
v -0.260499 -2.459679 -0.998647
v -0.245027 -2.508840 -0.989026
v -0.228655 -2.556330 -0.978845
v -0.211540 -2.602056 -0.968202
v -0.193850 -2.645896 -0.957202
v -0.177583 -2.683612 -0.947086
v -0.161124 -2.719542 -0.936851
v -0.144605 -2.753530 -0.926579
v -0.128158 -2.785401 -0.916352
v -0.111915 -2.814966 -0.906252
v -0.096004 -2.842017 -0.896357
v -0.080549 -2.866336 -0.886747
v -0.065669 -2.887700 -0.877494
v -0.046910 -2.911210 -0.865829
v -0.029598 -2.928580 -0.855064
v -0.013920 -2.939380 -0.845314
v -0.006735 -2.942216 -0.840847
v -0.007055 -2.942216 -0.840282
v -0.014581 -2.939380 -0.844148
v -0.031004 -2.928580 -0.852583
v -0.049137 -2.911210 -0.861898
v -0.068786 -2.887700 -0.871991
v -0.084373 -2.866336 -0.879997
v -0.100562 -2.842017 -0.888312
v -0.117228 -2.814966 -0.896873
v -0.134242 -2.785401 -0.905612
v -0.151469 -2.753530 -0.914461
v -0.168773 -2.719542 -0.923349
v -0.186013 -2.683612 -0.932205
v -0.203052 -2.645896 -0.940957
v -0.221582 -2.602056 -0.950475
v -0.239510 -2.556330 -0.959684
v -0.256660 -2.508840 -0.968493
v -0.272866 -2.459679 -0.976817
v -0.287980 -2.408914 -0.984580
v -0.301871 -2.356587 -0.991716
v -0.265771 -2.302719 -1.069733
v -0.255149 -2.356587 -1.060418
v -0.243407 -2.408914 -1.050121
v -0.230633 -2.459679 -1.038918
v -0.216935 -2.508840 -1.026905
v -0.202439 -2.556330 -1.014193
v -0.187286 -2.602056 -1.000904
v -0.171625 -2.645896 -0.987169
v -0.157223 -2.683612 -0.974539
v -0.142650 -2.719542 -0.961759
v -0.128025 -2.753530 -0.948934
v -0.113465 -2.785401 -0.936164
v -0.099084 -2.814966 -0.923552
v -0.084997 -2.842017 -0.911199
v -0.071314 -2.866336 -0.899199
v -0.058140 -2.887700 -0.887645
v -0.041532 -2.911210 -0.873081
v -0.026205 -2.928580 -0.859639
v -0.012324 -2.939380 -0.847466
v -0.005963 -2.942216 -0.841888
v -0.006371 -2.942216 -0.841383
v -0.013166 -2.939380 -0.846423
v -0.027995 -2.928580 -0.857421
v -0.044369 -2.911210 -0.869565
v -0.062112 -2.887700 -0.882724
v -0.076186 -2.866336 -0.893162
v -0.090804 -2.842017 -0.904003
v -0.105854 -2.814966 -0.915165
v -0.121217 -2.785401 -0.926559
v -0.136773 -2.753530 -0.938096
v -0.152397 -2.719542 -0.949683
v -0.167964 -2.683612 -0.961229
v -0.183350 -2.645896 -0.972640
v -0.200082 -2.602056 -0.985049
v -0.216271 -2.556330 -0.997055
v -0.231756 -2.508840 -1.008540
v -0.246390 -2.459679 -1.019394
v -0.260038 -2.408914 -1.029515
v -0.272581 -2.356587 -1.038818
v -0.224254 -2.302719 -1.109913
v -0.215291 -2.356587 -1.098992
v -0.205384 -2.408914 -1.086920
v -0.194605 -2.459679 -1.073785
v -0.183047 -2.508840 -1.059701
v -0.170816 -2.556330 -1.044798
v -0.158030 -2.602056 -1.029218
v -0.144815 -2.645896 -1.013116
v -0.132662 -2.683612 -0.998308
v -0.120367 -2.719542 -0.983326
v -0.108026 -2.753530 -0.968289
v -0.095740 -2.785401 -0.953318
v -0.083606 -2.814966 -0.938532
v -0.071719 -2.842017 -0.924049
v -0.060174 -2.866336 -0.909980
v -0.049058 -2.887700 -0.896435
v -0.035044 -2.911210 -0.879360
v -0.022111 -2.928580 -0.863601
v -0.010399 -2.939380 -0.849329
v -0.005032 -2.942216 -0.842789
v -0.005516 -2.942216 -0.842358
v -0.011400 -2.939380 -0.848437
v -0.024239 -2.928580 -0.861704
v -0.038416 -2.911210 -0.876353
v -0.053778 -2.887700 -0.892226
v -0.065965 -2.866336 -0.904818
v -0.078621 -2.842017 -0.917895
v -0.091651 -2.814966 -0.931359
v -0.104953 -2.785401 -0.945104
v -0.118422 -2.753530 -0.959020
v -0.131950 -2.719542 -0.972999
v -0.145429 -2.683612 -0.986926
v -0.158751 -2.645896 -1.000691
v -0.173238 -2.602056 -1.015660
v -0.187254 -2.556330 -1.030143
v -0.200662 -2.508840 -1.043997
v -0.213332 -2.459679 -1.057089
v -0.225149 -2.408914 -1.069298
v -0.236010 -2.356587 -1.080520
v -0.169683 -2.356587 -1.130558
v -0.161874 -2.408914 -1.117033
v -0.153379 -2.459679 -1.102318
v -0.144269 -2.508840 -1.086540
v -0.134629 -2.556330 -1.069843
v -0.124552 -2.602056 -1.052389
v -0.114136 -2.645896 -1.034348
v -0.104559 -2.683612 -1.017759
v -0.094868 -2.719542 -1.000974
v -0.085141 -2.753530 -0.984128
v -0.075458 -2.785401 -0.967355
v -0.065894 -2.814966 -0.950790
v -0.056526 -2.842017 -0.934564
v -0.047426 -2.866336 -0.918803
v -0.038665 -2.887700 -0.903628
v -0.027620 -2.911210 -0.884498
v -0.017427 -2.928580 -0.866843
v -0.008196 -2.939380 -0.850854
v -0.003966 -2.942216 -0.843527
v -0.004514 -2.942216 -0.843180
v -0.009329 -2.939380 -0.850137
v -0.019836 -2.928580 -0.865318
v -0.031437 -2.911210 -0.882081
v -0.044008 -2.887700 -0.900244
v -0.053981 -2.866336 -0.914653
v -0.064338 -2.842017 -0.929617
v -0.075001 -2.814966 -0.945024
v -0.085886 -2.785401 -0.960752
v -0.096908 -2.753530 -0.976677
v -0.107978 -2.719542 -0.992672
v -0.119009 -2.683612 -1.008609
v -0.129910 -2.645896 -1.024360
v -0.141765 -2.602056 -1.041489
v -0.153235 -2.556330 -1.058061
v -0.164207 -2.508840 -1.073914
v -0.174576 -2.459679 -1.088896
v -0.184246 -2.408914 -1.102867
v -0.193133 -2.356587 -1.115708
v -0.124518 -2.302719 -1.167495
v -0.119542 -2.356587 -1.154273
v -0.114041 -2.408914 -1.139657
v -0.108055 -2.459679 -1.123755
v -0.101638 -2.508840 -1.106703
v -0.094846 -2.556330 -1.088659
v -0.087747 -2.602056 -1.069796
v -0.080409 -2.645896 -1.050300
v -0.073661 -2.683612 -1.032372
v -0.066834 -2.719542 -1.014233
v -0.059982 -2.753530 -0.996027
v -0.053160 -2.785401 -0.977901
v -0.046423 -2.814966 -0.960000
v -0.039823 -2.842017 -0.942464
v -0.033412 -2.866336 -0.925432
v -0.027239 -2.887700 -0.909032
v -0.019458 -2.911210 -0.888358
v -0.012277 -2.928580 -0.869279
v -0.005774 -2.939380 -0.852000
v -0.002794 -2.942216 -0.844081
v -0.003391 -2.942216 -0.843828
v -0.007008 -2.939380 -0.851476
v -0.014902 -2.928580 -0.868166
v -0.023618 -2.911210 -0.886595
v -0.033063 -2.887700 -0.906564
v -0.040555 -2.866336 -0.922404
v -0.048336 -2.842017 -0.938856
v -0.056347 -2.814966 -0.955794
v -0.064525 -2.785401 -0.973085
v -0.072805 -2.753530 -0.990592
v -0.081122 -2.719542 -1.008177
v -0.089409 -2.683612 -1.025698
v -0.097599 -2.645896 -1.043014
v -0.106506 -2.602056 -1.061846
v -0.115123 -2.556330 -1.080065
v -0.123366 -2.508840 -1.097494
v -0.131156 -2.459679 -1.113964
v -0.138421 -2.408914 -1.129324
v -0.145098 -2.356587 -1.143441
v -0.151138 -2.302719 -1.156213
v -0.068963 -2.302719 -1.183360
v -0.066207 -2.356587 -1.169503
v -0.063160 -2.408914 -1.154186
v -0.059845 -2.459679 -1.137522
v -0.056291 -2.508840 -1.119652
v -0.052530 -2.556330 -1.100743
v -0.048598 -2.602056 -1.080976
v -0.044534 -2.645896 -1.060545
v -0.040797 -2.683612 -1.041757
v -0.037016 -2.719542 -1.022748
v -0.033221 -2.753530 -1.003669
v -0.029442 -2.785401 -0.984674
v -0.025711 -2.814966 -0.965915
v -0.022055 -2.842017 -0.947538
v -0.018505 -2.866336 -0.929688
v -0.015086 -2.887700 -0.912502
v -0.010777 -2.911210 -0.890837
v -0.006800 -2.928580 -0.870843
v -0.003198 -2.939380 -0.852735
v -0.001547 -2.942216 -0.844437
v -0.011566 -2.302719 -1.189963
v -0.011104 -2.356587 -1.175843
v -0.010593 -2.408914 -1.160234
v -0.010037 -2.459679 -1.143252
v -0.009441 -2.508840 -1.125042
v -0.008810 -2.556330 -1.105773
v -0.008150 -2.602056 -1.085629
v -0.007469 -2.645896 -1.064809
v -0.006842 -2.683612 -1.045663
v -0.006208 -2.719542 -1.026292
v -0.005572 -2.753530 -1.006850
v -0.004938 -2.785401 -0.987493
v -0.004312 -2.814966 -0.968376
v -0.003699 -2.842017 -0.949650
v -0.003103 -2.866336 -0.931460
v -0.002530 -2.887700 -0.913947
v -0.001807 -2.911210 -0.891869
v -0.001140 -2.928580 -0.871494
v -0.000536 -2.939380 -0.853041
v -0.000260 -2.942216 -0.844585
v 0.046140 -2.302719 -1.187128
v 0.044296 -2.356587 -1.173121
v 0.042258 -2.408914 -1.157638
v 0.040040 -2.459679 -1.140792
v 0.037662 -2.508840 -1.122728
v 0.035145 -2.556330 -1.103613
v 0.032515 -2.602056 -1.083631
v 0.029796 -2.645896 -1.062978
v 0.027295 -2.683612 -1.043986
v 0.024765 -2.719542 -1.024770
v 0.022226 -2.753530 -1.005484
v 0.019698 -2.785401 -0.986283
v 0.017202 -2.814966 -0.967319
v 0.014756 -2.842017 -0.948743
v 0.012381 -2.866336 -0.930700
v 0.010094 -2.887700 -0.913327
v 0.007210 -2.911210 -0.891426
v 0.004549 -2.928580 -0.871215
v 0.002140 -2.939380 -0.852910
v 0.001035 -2.942216 -0.844522
v 0.098513 -2.356587 -1.161411
v 0.093979 -2.408914 -1.146467
v 0.089047 -2.459679 -1.130207
v 0.083758 -2.508840 -1.112772
v 0.078162 -2.556330 -1.094323
v 0.072311 -2.602056 -1.075036
v 0.066264 -2.645896 -1.055102
v 0.060703 -2.683612 -1.036771
v 0.055077 -2.719542 -1.018224
v 0.049431 -2.753530 -0.999609
v 0.043809 -2.785401 -0.981076
v 0.038256 -2.814966 -0.962772
v 0.032817 -2.842017 -0.944842
v 0.027534 -2.866336 -0.927427
v 0.022448 -2.887700 -0.910658
v 0.016035 -2.911210 -0.889520
v 0.010118 -2.928580 -0.870012
v 0.004758 -2.939380 -0.852344
v 0.002302 -2.942216 -0.844248
v 0.150098 -2.356587 -1.141026
v 0.143190 -2.408914 -1.127020
v 0.135676 -2.459679 -1.111781
v 0.127617 -2.508840 -1.095440
v 0.119090 -2.556330 -1.078149
v 0.110176 -2.602056 -1.060073
v 0.100962 -2.645896 -1.041390
v 0.092490 -2.683612 -1.024210
v 0.083918 -2.719542 -1.006827
v 0.075314 -2.753530 -0.989380
v 0.066748 -2.785401 -0.972011
v 0.058289 -2.814966 -0.954856
v 0.050002 -2.842017 -0.938052
v 0.041952 -2.866336 -0.921729
v 0.034202 -2.887700 -0.906013
v 0.024432 -2.911210 -0.886202
v 0.015416 -2.928580 -0.867918
v 0.007250 -2.939380 -0.851360
v 0.003508 -2.942216 -0.843772
v 0.002915 -2.942216 -0.844035
v 0.006024 -2.939380 -0.851903
v 0.012810 -2.928580 -0.869074
v 0.020302 -2.911210 -0.888033
v 0.028420 -2.887700 -0.908576
v 0.034860 -2.866336 -0.924873
v 0.041548 -2.842017 -0.941799
v 0.048434 -2.814966 -0.959224
v 0.055464 -2.785401 -0.977013
v 0.062582 -2.753530 -0.995024
v 0.069731 -2.719542 -1.013115
v 0.076854 -2.683612 -1.031141
v 0.083894 -2.645896 -1.048956
v 0.091550 -2.602056 -1.068329
v 0.098957 -2.556330 -1.087073
v 0.106042 -2.508840 -1.105004
v 0.112738 -2.459679 -1.121948
v 0.118983 -2.408914 -1.137750
v 0.124722 -2.356587 -1.152274
v 0.129915 -2.302719 -1.165414
v 0.197673 -2.356587 -1.112511
v 0.188577 -2.408914 -1.099817
v 0.178680 -2.459679 -1.086005
v 0.168067 -2.508840 -1.071196
v 0.156837 -2.556330 -1.055524
v 0.145098 -2.602056 -1.039142
v 0.132964 -2.645896 -1.022209
v 0.121806 -2.683612 -1.006638
v 0.110517 -2.719542 -0.990884
v 0.099186 -2.753530 -0.975072
v 0.087905 -2.785401 -0.959330
v 0.076764 -2.814966 -0.943782
v 0.065850 -2.842017 -0.928552
v 0.055250 -2.866336 -0.913759
v 0.045043 -2.887700 -0.899516
v 0.032176 -2.911210 -0.881560
v 0.020302 -2.928580 -0.864990
v 0.009548 -2.939380 -0.849982
v 0.004620 -2.942216 -0.843105
v 0.004078 -2.942216 -0.843461
v 0.008427 -2.939380 -0.850718
v 0.017919 -2.928580 -0.866554
v 0.028399 -2.911210 -0.884039
v 0.039755 -2.887700 -0.902986
v 0.048764 -2.866336 -0.918016
v 0.058120 -2.842017 -0.933626
v 0.067753 -2.814966 -0.949697
v 0.077586 -2.785401 -0.966103
v 0.087543 -2.753530 -0.982715
v 0.097543 -2.719542 -0.999400
v 0.107508 -2.683612 -1.016024
v 0.117356 -2.645896 -1.032454
v 0.128065 -2.602056 -1.050322
v 0.138427 -2.556330 -1.067609
v 0.148338 -2.508840 -1.084146
v 0.157705 -2.459679 -1.099773
v 0.166440 -2.408914 -1.114347
v 0.174469 -2.356587 -1.127742
v 0.181732 -2.302719 -1.139860
v 0.249958 -2.302719 -1.086616
v 0.239968 -2.356587 -1.076626
v 0.228925 -2.408914 -1.065583
v 0.216911 -2.459679 -1.053569
v 0.204027 -2.508840 -1.040686
v 0.190395 -2.556330 -1.027053
v 0.176143 -2.602056 -1.012801
v 0.161413 -2.645896 -0.998071
v 0.147868 -2.683612 -0.984526
v 0.134163 -2.719542 -0.970821
v 0.120408 -2.753530 -0.957066
v 0.106714 -2.785401 -0.943372
v 0.093189 -2.814966 -0.929847
v 0.079940 -2.842017 -0.916598
v 0.067071 -2.866336 -0.903729
v 0.054680 -2.887700 -0.891339
v 0.039061 -2.911210 -0.875719
v 0.024646 -2.928580 -0.861304
v 0.011591 -2.939380 -0.848249
v 0.005608 -2.942216 -0.842267
v 0.005131 -2.942216 -0.842706
v 0.010605 -2.939380 -0.849158
v 0.022549 -2.928580 -0.863236
v 0.035738 -2.911210 -0.878781
v 0.050029 -2.887700 -0.895624
v 0.061366 -2.866336 -0.908986
v 0.073140 -2.842017 -0.922864
v 0.085261 -2.814966 -0.937151
v 0.097636 -2.785401 -0.951736
v 0.110166 -2.753530 -0.966504
v 0.122750 -2.719542 -0.981337
v 0.135290 -2.683612 -0.996116
v 0.147682 -2.645896 -1.010722
v 0.161159 -2.602056 -1.026607
v 0.174199 -2.556330 -1.041975
v 0.186672 -2.508840 -1.056677
v 0.198459 -2.459679 -1.070570
v 0.209451 -2.408914 -1.083526
v 0.219555 -2.356587 -1.095434
v 0.228695 -2.302719 -1.106207
v 0.283929 -2.302719 -1.047234
v 0.272581 -2.356587 -1.038818
v 0.260038 -2.408914 -1.029515
v 0.246390 -2.459679 -1.019394
v 0.231756 -2.508840 -1.008540
v 0.216271 -2.556330 -0.997055
v 0.200082 -2.602056 -0.985049
v 0.183350 -2.645896 -0.972640
v 0.167964 -2.683612 -0.961229
v 0.152397 -2.719542 -0.949683
v 0.136773 -2.753530 -0.938096
v 0.121217 -2.785401 -0.926559
v 0.105854 -2.814966 -0.915165
v 0.090804 -2.842017 -0.904003
v 0.076186 -2.866336 -0.893162
v 0.062112 -2.887700 -0.882724
v 0.044369 -2.911210 -0.869565
v 0.027995 -2.928580 -0.857421
v 0.013166 -2.939380 -0.846423
v 0.006371 -2.942216 -0.841383
v 0.311754 -2.302719 -1.003294
v 0.299294 -2.356587 -0.996634
v 0.285521 -2.408914 -0.989272
v 0.270536 -2.459679 -0.981263
v 0.254468 -2.508840 -0.972674
v 0.237465 -2.556330 -0.963586
v 0.219690 -2.602056 -0.954085
v 0.201319 -2.645896 -0.944265
v 0.184425 -2.683612 -0.935235
v 0.167332 -2.719542 -0.926099
v 0.150176 -2.753530 -0.916929
v 0.133096 -2.785401 -0.907800
v 0.116227 -2.814966 -0.898783
v 0.099703 -2.842017 -0.889951
v 0.083653 -2.866336 -0.881372
v 0.068199 -2.887700 -0.873111
v 0.048718 -2.911210 -0.862698
v 0.030739 -2.928580 -0.853089
v 0.014456 -2.939380 -0.844385
v 0.006995 -2.942216 -0.840397
v 0.332830 -2.302719 -0.955747
v 0.319528 -2.356587 -0.950987
v 0.304824 -2.408914 -0.945726
v 0.288826 -2.459679 -0.940002
v 0.271672 -2.508840 -0.933864
v 0.253519 -2.556330 -0.927369
v 0.234542 -2.602056 -0.920579
v 0.214929 -2.645896 -0.913561
v 0.196893 -2.683612 -0.907108
v 0.178644 -2.719542 -0.900578
v 0.160329 -2.753530 -0.894025
v 0.142094 -2.785401 -0.887500
v 0.124085 -2.814966 -0.881057
v 0.106443 -2.842017 -0.874744
v 0.089308 -2.866336 -0.868613
v 0.072809 -2.887700 -0.862710
v 0.052011 -2.911210 -0.855268
v 0.032817 -2.928580 -0.848400
v 0.015434 -2.939380 -0.842181
v 0.007468 -2.942216 -0.839330
v 0.346701 -2.302719 -0.905621
v 0.332845 -2.356587 -0.902865
v 0.317528 -2.408914 -0.899819
v 0.300864 -2.459679 -0.896504
v 0.282994 -2.508840 -0.892949
v 0.264085 -2.556330 -0.889188
v 0.244318 -2.602056 -0.885256
v 0.223887 -2.645896 -0.881192
v 0.205099 -2.683612 -0.877455
v 0.186089 -2.719542 -0.873674
v 0.167011 -2.753530 -0.869879
v 0.148016 -2.785401 -0.866101
v 0.129256 -2.814966 -0.862369
v 0.110880 -2.842017 -0.858714
v 0.093030 -2.866336 -0.855163
v 0.075844 -2.887700 -0.851745
v 0.054179 -2.911210 -0.847435
v 0.034185 -2.928580 -0.843458
v 0.016077 -2.939380 -0.839856
v 0.007779 -2.942216 -0.838206
v 0.351792 -2.302719 -0.802010
v 0.337732 -2.356587 -0.803395
v 0.322190 -2.408914 -0.804925
v 0.305281 -2.459679 -0.806591
v 0.287149 -2.508840 -0.808377
v 0.267962 -2.556330 -0.810266
v 0.247904 -2.602056 -0.812242
v 0.227174 -2.645896 -0.814284
v 0.208110 -2.683612 -0.816161
v 0.188822 -2.719542 -0.818061
v 0.169463 -2.753530 -0.819968
v 0.150189 -2.785401 -0.821866
v 0.131154 -2.814966 -0.823741
v 0.112508 -2.842017 -0.825577
v 0.094396 -2.866336 -0.827361
v 0.076957 -2.887700 -0.829079
v 0.054974 -2.911210 -0.831244
v 0.034687 -2.928580 -0.833242
v 0.016313 -2.939380 -0.835052
v 0.007893 -2.942216 -0.835881
v 0.007922 -2.942216 -0.837047
v 0.016372 -2.939380 -0.837463
v 0.034812 -2.928580 -0.838369
v 0.055174 -2.911210 -0.839369
v 0.077237 -2.887700 -0.840453
v 0.094738 -2.866336 -0.841312
v 0.112916 -2.842017 -0.842205
v 0.131630 -2.814966 -0.843125
v 0.150734 -2.785401 -0.844063
v 0.170078 -2.753530 -0.845014
v 0.189507 -2.719542 -0.845968
v 0.208865 -2.683612 -0.846919
v 0.227998 -2.645896 -0.847859
v 0.248804 -2.602056 -0.848881
v 0.268934 -2.556330 -0.849870
v 0.288191 -2.508840 -0.850816
v 0.306388 -2.459679 -0.851710
v 0.323359 -2.408914 -0.852544
v 0.338957 -2.356587 -0.853310
v 0.342900 -2.302719 -0.750766
v 0.329196 -2.356587 -0.754199
v 0.314047 -2.408914 -0.757994
v 0.297565 -2.459679 -0.762122
v 0.279891 -2.508840 -0.766549
v 0.261189 -2.556330 -0.771234
v 0.241639 -2.602056 -0.776131
v 0.221432 -2.645896 -0.781193
v 0.202850 -2.683612 -0.785847
v 0.184049 -2.719542 -0.790556
v 0.165180 -2.753530 -0.795283
v 0.146393 -2.785401 -0.799989
v 0.127839 -2.814966 -0.804636
v 0.109664 -2.842017 -0.809189
v 0.092010 -2.866336 -0.813611
v 0.075012 -2.887700 -0.817869
v 0.053585 -2.911210 -0.823236
v 0.033810 -2.928580 -0.828189
v 0.015901 -2.939380 -0.832675
v 0.007694 -2.942216 -0.834731
v 0.326586 -2.302719 -0.701382
v 0.313533 -2.356587 -0.706789
v 0.299105 -2.408914 -0.712765
v 0.283407 -2.459679 -0.719267
v 0.266575 -2.508840 -0.726239
v 0.248763 -2.556330 -0.733617
v 0.230142 -2.602056 -0.741330
v 0.210897 -2.645896 -0.749302
v 0.193199 -2.683612 -0.756633
v 0.175292 -2.719542 -0.764050
v 0.157321 -2.753530 -0.771494
v 0.139428 -2.785401 -0.778905
v 0.121757 -2.814966 -0.786225
v 0.104446 -2.842017 -0.793395
v 0.087632 -2.866336 -0.800360
v 0.071443 -2.887700 -0.807065
v 0.051035 -2.911210 -0.815519
v 0.032201 -2.928580 -0.823320
v 0.015144 -2.939380 -0.830385
v 0.007328 -2.942216 -0.833623
v 0.303202 -2.302719 -0.654926
v 0.291084 -2.356587 -0.662189
v 0.277689 -2.408914 -0.670218
v 0.263115 -2.459679 -0.678953
v 0.247488 -2.508840 -0.688320
v 0.230951 -2.556330 -0.698232
v 0.213664 -2.602056 -0.708593
v 0.195796 -2.645896 -0.719303
v 0.179366 -2.683612 -0.729151
v 0.162741 -2.719542 -0.739115
v 0.146057 -2.753530 -0.749115
v 0.129445 -2.785401 -0.759072
v 0.113039 -2.814966 -0.768905
v 0.096968 -2.842017 -0.778538
v 0.081358 -2.866336 -0.787894
v 0.066328 -2.887700 -0.796903
v 0.047381 -2.911210 -0.808259
v 0.029896 -2.928580 -0.818740
v 0.014060 -2.939380 -0.828231
v 0.006803 -2.942216 -0.832581
v 0.273254 -2.302719 -0.612404
v 0.262333 -2.356587 -0.621367
v 0.250261 -2.408914 -0.631274
v 0.237127 -2.459679 -0.642053
v 0.223043 -2.508840 -0.653611
v 0.208140 -2.556330 -0.665842
v 0.192560 -2.602056 -0.678628
v 0.176457 -2.645896 -0.691844
v 0.161650 -2.683612 -0.703996
v 0.146667 -2.719542 -0.716292
v 0.131630 -2.753530 -0.728632
v 0.116660 -2.785401 -0.740918
v 0.101874 -2.814966 -0.753053
v 0.087390 -2.842017 -0.764939
v 0.073322 -2.866336 -0.776484
v 0.059777 -2.887700 -0.787601
v 0.042701 -2.911210 -0.801614
v 0.026943 -2.928580 -0.814547
v 0.012671 -2.939380 -0.826259
v 0.006131 -2.942216 -0.831627
v 0.237392 -2.302719 -0.574737
v 0.227904 -2.356587 -0.585205
v 0.217417 -2.408914 -0.596776
v 0.206006 -2.459679 -0.609366
v 0.193771 -2.508840 -0.622865
v 0.180823 -2.556330 -0.637151
v 0.167288 -2.602056 -0.652084
v 0.153299 -2.645896 -0.667519
v 0.140434 -2.683612 -0.681713
v 0.127418 -2.719542 -0.696074
v 0.114355 -2.753530 -0.710487
v 0.101349 -2.785401 -0.724837
v 0.088504 -2.814966 -0.739009
v 0.075921 -2.842017 -0.752892
v 0.063699 -2.866336 -0.766377
v 0.051932 -2.887700 -0.779361
v 0.037097 -2.911210 -0.795728
v 0.023407 -2.928580 -0.810833
v 0.011008 -2.939380 -0.824513
v 0.005326 -2.942216 -0.830782
v 0.196391 -2.302719 -0.542739
v 0.188542 -2.356587 -0.554486
v 0.179865 -2.408914 -0.567471
v 0.170426 -2.459679 -0.581598
v 0.160303 -2.508840 -0.596747
v 0.149592 -2.556330 -0.612778
v 0.138395 -2.602056 -0.629536
v 0.126822 -2.645896 -0.646856
v 0.116179 -2.683612 -0.662784
v 0.105411 -2.719542 -0.678899
v 0.094604 -2.753530 -0.695073
v 0.083844 -2.785401 -0.711176
v 0.073218 -2.814966 -0.727080
v 0.062808 -2.842017 -0.742659
v 0.052697 -2.866336 -0.757791
v 0.042962 -2.887700 -0.772361
v 0.030690 -2.911210 -0.790728
v 0.019364 -2.928580 -0.807678
v 0.009107 -2.939380 -0.823029
v 0.004406 -2.942216 -0.830064
v 0.151138 -2.302719 -0.517104
v 0.145098 -2.356587 -0.529875
v 0.138421 -2.408914 -0.543993
v 0.131156 -2.459679 -0.559352
v 0.123366 -2.508840 -0.575823
v 0.115123 -2.556330 -0.593251
v 0.106506 -2.602056 -0.611471
v 0.097599 -2.645896 -0.630302
v 0.089409 -2.683612 -0.647619
v 0.081122 -2.719542 -0.665140
v 0.072805 -2.753530 -0.682724
v 0.064525 -2.785401 -0.700232
v 0.056347 -2.814966 -0.717523
v 0.048336 -2.842017 -0.734460
v 0.040555 -2.866336 -0.750912
v 0.033063 -2.887700 -0.766753
v 0.023618 -2.911210 -0.786722
v 0.014902 -2.928580 -0.805150
v 0.007008 -2.939380 -0.821840
v 0.003391 -2.942216 -0.829488
v 0.102614 -2.302719 -0.498386
v 0.098513 -2.356587 -0.511905
v 0.093979 -2.408914 -0.526850
v 0.089047 -2.459679 -0.543109
v 0.083758 -2.508840 -0.560544
v 0.078162 -2.556330 -0.578994
v 0.072311 -2.602056 -0.598281
v 0.066264 -2.645896 -0.618215
v 0.060703 -2.683612 -0.636546
v 0.055077 -2.719542 -0.655093
v 0.049431 -2.753530 -0.673708
v 0.043809 -2.785401 -0.692241
v 0.038256 -2.814966 -0.710545
v 0.032817 -2.842017 -0.728474
v 0.027534 -2.866336 -0.745890
v 0.022448 -2.887700 -0.762658
v 0.016035 -2.911210 -0.783797
v 0.010118 -2.928580 -0.803305
v 0.004758 -2.939380 -0.820972
v 0.002302 -2.942216 -0.829068
vt -0.881107 0.029871 0.000000
vt -0.881107 0.000000 0.000000
vt -0.837051 0.027304 0.000000
vt -0.826037 0.000000 0.000000
vt -0.792996 0.027304 0.000000
vt -0.770968 0.000000 0.000000
vt -0.748941 0.027304 0.000000
vt -0.715899 0.000000 0.000000
vt -0.704885 0.027304 0.000000
vt -0.660830 0.000000 0.000000
vt -0.660830 0.027304 0.000000
vt -0.616775 0.027304 0.000000
vt -0.660830 0.054609 0.000000
vt -0.616775 0.054609 0.000000
vt -0.660830 0.081913 0.000000
vt -0.616775 0.081913 0.000000
vt -0.660830 0.109217 0.000000
vt -0.616775 0.109217 0.000000
vt -0.660830 0.136522 0.000000
vt -0.616775 0.136522 0.000000
vt -0.660830 0.163826 0.000000
vt -0.616775 0.163826 0.000000
vt -0.660830 0.191130 0.000000
vt -0.616775 0.191130 0.000000
vt -0.660830 0.218435 0.000000
vt -0.616775 0.218435 0.000000
vt -0.660830 0.245739 0.000000
vt -0.616775 0.245739 0.000000
vt -0.660830 0.273043 0.000000
vt -0.616775 0.273043 0.000000
vt -0.660830 0.300348 0.000000
vt -0.616775 0.300348 0.000000
vt -0.660830 0.327652 0.000000
vt -0.616775 0.327652 0.000000
vt -0.660830 0.354956 0.000000
vt -0.616775 0.354956 0.000000
vt -0.660830 0.382261 0.000000
vt -0.616775 0.382261 0.000000
vt -0.660830 0.409565 0.000000
vt -0.616775 0.409565 0.000000
vt -0.660830 0.436869 0.000000
vt -0.616775 0.436869 0.000000
vt -0.660830 0.452038 0.000000
vt -0.616775 0.452038 0.000000
vt -0.660830 0.467207 0.000000
vt -0.616775 0.467207 0.000000
vt -0.660830 0.482376 0.000000
vt -0.616775 0.482376 0.000000
vt -0.660830 0.497546 0.000000
vt -0.616775 0.497546 0.000000
vt -0.660830 0.512715 0.000000
vt -0.616775 0.512715 0.000000
vt -0.660830 0.527884 0.000000
vt -0.616775 0.527884 0.000000
vt -0.660830 0.558222 0.000000
vt -0.616775 0.558222 0.000000
vt -0.660830 0.588560 0.000000
vt -0.616775 0.588560 0.000000
vt -0.660830 0.618898 0.000000
vt -0.616775 0.618898 0.000000
vt -0.660830 0.649236 0.000000
vt -0.616775 0.649236 0.000000
vt -0.660830 0.664405 0.000000
vt -0.616775 0.664405 0.000000
vt -0.660830 0.679574 0.000000
vt -0.616775 0.679574 0.000000
vt -0.660830 0.694743 0.000000
vt -0.616775 0.694743 0.000000
vt -0.660830 0.709913 0.000000
vt -0.616775 0.709913 0.000000
vt -0.660830 0.725082 0.000000
vt -0.616775 0.725082 0.000000
vt -0.660830 0.740251 0.000000
vt -0.616775 0.740251 0.000000
vt -0.660830 0.755420 0.000000
vt -0.616775 0.755420 0.000000
vt -0.660830 0.770589 0.000000
vt -0.616775 0.770589 0.000000
vt -0.660830 0.785758 0.000000
vt -0.616775 0.785758 0.000000
vt -0.660830 0.800927 0.000000
vt -0.616775 0.800927 0.000000
vt -0.660830 0.831265 0.000000
vt -0.616775 0.831265 0.000000
vt -0.660830 0.861603 0.000000
vt -0.616775 0.861603 0.000000
vt -0.660830 0.891941 0.000000
vt -0.616775 0.891941 0.000000
vt -0.660830 0.922279 0.000000
vt -0.616775 0.922279 0.000000
vt -0.660830 0.937449 0.000000
vt -0.616775 0.937449 0.000000
vt -0.660830 0.952618 0.000000
vt -0.616775 0.952618 0.000000
vt -0.660830 0.967787 0.000000
vt -0.616775 0.967787 0.000000
vt -0.660830 0.982956 0.000000
vt -0.616775 0.982956 0.000000
vt -0.660830 0.998125 0.000000
vt -0.616775 0.998125 0.000000
vt -0.660830 1.013294 0.000000
vt -0.616775 1.013294 0.000000
vt -0.660830 1.028463 0.000000
vt -0.616775 1.028463 0.000000
vt -0.660830 1.043632 0.000000
vt -0.616775 1.043632 0.000000
vt -0.660830 1.058801 0.000000
vt -0.616775 1.058801 0.000000
vt -0.660830 1.073970 0.000000
vt -0.616775 1.073970 0.000000
vt -0.660830 1.089139 0.000000
vt -0.616775 1.089139 0.000000
vt -0.660830 1.104308 0.000000
vt -0.616775 1.104308 0.000000
vt -0.660830 1.134646 0.000000
vt -0.616775 1.134646 0.000000
vt -0.660830 1.164985 0.000000
vt -0.605761 1.164985 0.000000
vt -0.572719 1.134646 0.000000
vt -0.550692 1.164985 0.000000
vt -0.528664 1.134646 0.000000
vt -0.495622 1.164985 0.000000
vt -0.489014 1.134646 0.000000
vt -0.449364 1.134646 0.000000
vt -0.449364 1.104308 0.000000
vt -0.409715 1.104308 0.000000
vt -0.409715 1.089139 0.000000
vt -0.370065 1.089139 0.000000
vt -0.370065 1.073970 0.000000
vt -0.330415 1.073970 0.000000
vt -0.330415 1.058801 0.000000
vt -0.290765 1.058801 0.000000
vt -0.290765 1.043632 0.000000
vt -0.251115 1.043632 0.000000
vt -0.251115 1.028463 0.000000
vt -0.211466 1.028463 0.000000
vt -0.211466 1.013294 0.000000
vt -0.158599 1.013294 0.000000
vt -0.158599 0.998125 0.000000
vt -0.105733 0.998125 0.000000
vt -0.105733 0.982956 0.000000
vt -0.052866 0.982956 0.000000
vt -0.052866 0.967787 0.000000
vt -0.026433 0.967787 0.000000
vt -0.026433 0.952618 0.000000
vt 0.000000 0.952618 0.000000
vt -0.605761 0.000000 0.000000
vt -0.572719 0.027304 0.000000
vt -0.572719 0.054609 0.000000
vt -0.572719 0.081913 0.000000
vt -0.572719 0.109217 0.000000
vt -0.572719 0.136522 0.000000
vt -0.572719 0.163826 0.000000
vt -0.572719 0.191130 0.000000
vt -0.572719 0.218435 0.000000
vt -0.572719 0.245739 0.000000
vt -0.572719 0.273043 0.000000
vt -0.572719 0.300348 0.000000
vt -0.572719 0.327652 0.000000
vt -0.572719 0.354956 0.000000
vt -0.572719 0.382261 0.000000
vt -0.572719 0.409565 0.000000
vt -0.572719 0.436869 0.000000
vt -0.572719 0.452038 0.000000
vt -0.572719 0.467207 0.000000
vt -0.572719 0.482376 0.000000
vt -0.572719 0.497546 0.000000
vt -0.572719 0.512715 0.000000
vt -0.572719 0.527884 0.000000
vt -0.572719 0.558222 0.000000
vt -0.572719 0.588560 0.000000
vt -0.572719 0.618898 0.000000
vt -0.572719 0.649236 0.000000
vt -0.572719 0.664405 0.000000
vt -0.572719 0.679574 0.000000
vt -0.572719 0.694743 0.000000
vt -0.572719 0.709913 0.000000
vt -0.572719 0.725082 0.000000
vt -0.572719 0.740251 0.000000
vt -0.572719 0.755420 0.000000
vt -0.572719 0.770589 0.000000
vt -0.572719 0.785758 0.000000
vt -0.572719 0.800927 0.000000
vt -0.572719 0.831265 0.000000
vt -0.572719 0.861603 0.000000
vt -0.572719 0.891941 0.000000
vt -0.572719 0.922279 0.000000
vt -0.572719 0.937449 0.000000
vt -0.572719 0.952618 0.000000
vt -0.572719 0.967787 0.000000
vt -0.572719 0.982956 0.000000
vt -0.572719 0.998125 0.000000
vt -0.572719 1.013294 0.000000
vt -0.572719 1.028463 0.000000
vt -0.572719 1.043632 0.000000
vt -0.572719 1.058801 0.000000
vt -0.572719 1.073970 0.000000
vt -0.572719 1.089139 0.000000
vt -0.572719 1.104308 0.000000
vt -0.550692 0.000000 0.000000
vt -0.528664 0.027304 0.000000
vt -0.528664 0.054609 0.000000
vt -0.528664 0.081913 0.000000
vt -0.528664 0.109217 0.000000
vt -0.528664 0.136522 0.000000
vt -0.528664 0.163826 0.000000
vt -0.528664 0.191130 0.000000
vt -0.528664 0.218435 0.000000
vt -0.528664 0.245739 0.000000
vt -0.528664 0.273043 0.000000
vt -0.528664 0.300348 0.000000
vt -0.528664 0.327652 0.000000
vt -0.528664 0.354956 0.000000
vt -0.528664 0.382261 0.000000
vt -0.528664 0.409565 0.000000
vt -0.528664 0.436869 0.000000
vt -0.528664 0.452038 0.000000
vt -0.528664 0.467207 0.000000
vt -0.528664 0.482376 0.000000
vt -0.528664 0.497546 0.000000
vt -0.528664 0.512715 0.000000
vt -0.528664 0.527884 0.000000
vt -0.528664 0.558222 0.000000
vt -0.528664 0.588560 0.000000
vt -0.528664 0.618898 0.000000
vt -0.528664 0.649236 0.000000
vt -0.528664 0.664405 0.000000
vt -0.528664 0.679574 0.000000
vt -0.528664 0.694743 0.000000
vt -0.528664 0.709913 0.000000
vt -0.528664 0.725082 0.000000
vt -0.528664 0.740251 0.000000
vt -0.528664 0.755420 0.000000
vt -0.528664 0.770589 0.000000
vt -0.528664 0.785758 0.000000
vt -0.528664 0.800927 0.000000
vt -0.528664 0.831265 0.000000
vt -0.528664 0.861603 0.000000
vt -0.528664 0.891941 0.000000
vt -0.528664 0.922279 0.000000
vt -0.528664 0.937449 0.000000
vt -0.528664 0.952618 0.000000
vt -0.528664 0.967787 0.000000
vt -0.528664 0.982956 0.000000
vt -0.528664 0.998125 0.000000
vt -0.528664 1.013294 0.000000
vt -0.528664 1.028463 0.000000
vt -0.528664 1.043632 0.000000
vt -0.528664 1.058801 0.000000
vt -0.528664 1.073970 0.000000
vt -0.528664 1.089139 0.000000
vt -0.528664 1.104308 0.000000
vt -0.495622 0.000000 0.000000
vt -0.489014 0.027304 0.000000
vt -0.489014 0.054609 0.000000
vt -0.489014 0.081913 0.000000
vt -0.489014 0.109217 0.000000
vt -0.489014 0.136522 0.000000
vt -0.489014 0.163826 0.000000
vt -0.489014 0.191130 0.000000
vt -0.489014 0.218435 0.000000
vt -0.489014 0.245739 0.000000
vt -0.489014 0.273043 0.000000
vt -0.489014 0.300348 0.000000
vt -0.489014 0.327652 0.000000
vt -0.489014 0.354956 0.000000
vt -0.489014 0.382261 0.000000
vt -0.489014 0.409565 0.000000
vt -0.489014 0.436869 0.000000
vt -0.489014 0.452038 0.000000
vt -0.489014 0.467207 0.000000
vt -0.489014 0.482376 0.000000
vt -0.489014 0.497546 0.000000
vt -0.489014 0.512715 0.000000
vt -0.489014 0.527884 0.000000
vt -0.489014 0.558222 0.000000
vt -0.489014 0.588560 0.000000
vt -0.489014 0.618898 0.000000
vt -0.489014 0.649236 0.000000
vt -0.489014 0.664405 0.000000
vt -0.489014 0.679574 0.000000
vt -0.489014 0.694743 0.000000
vt -0.489014 0.709913 0.000000
vt -0.489014 0.725082 0.000000
vt -0.489014 0.740251 0.000000
vt -0.489014 0.755420 0.000000
vt -0.489014 0.770589 0.000000
vt -0.489014 0.785758 0.000000
vt -0.489014 0.800927 0.000000
vt -0.489014 0.831265 0.000000
vt -0.489014 0.861603 0.000000
vt -0.489014 0.891941 0.000000
vt -0.489014 0.922279 0.000000
vt -0.489014 0.937449 0.000000
vt -0.489014 0.952618 0.000000
vt -0.489014 0.967787 0.000000
vt -0.489014 0.982956 0.000000
vt -0.489014 0.998125 0.000000
vt -0.489014 1.013294 0.000000
vt -0.489014 1.028463 0.000000
vt -0.489014 1.043632 0.000000
vt -0.489014 1.058801 0.000000
vt -0.489014 1.073970 0.000000
vt -0.489014 1.089139 0.000000
vt -0.489014 1.104308 0.000000
vt -0.449364 0.027304 0.000000
vt -0.440553 0.000000 0.000000
vt -0.409715 0.027304 0.000000
vt -0.385484 0.000000 0.000000
vt -0.370065 0.027304 0.000000
vt -0.330415 0.000000 0.000000
vt -0.330415 0.027304 0.000000
vt -0.290765 0.027304 0.000000
vt -0.330415 0.054609 0.000000
vt -0.290765 0.054609 0.000000
vt -0.330415 0.081913 0.000000
vt -0.290765 0.081913 0.000000
vt -0.330415 0.109217 0.000000
vt -0.290765 0.109217 0.000000
vt -0.330415 0.136522 0.000000
vt -0.290765 0.136522 0.000000
vt -0.330415 0.163826 0.000000
vt -0.290765 0.163826 0.000000
vt -0.330415 0.191130 0.000000
vt -0.290765 0.191130 0.000000
vt -0.330415 0.218435 0.000000
vt -0.290765 0.218435 0.000000
vt -0.330415 0.245739 0.000000
vt -0.290765 0.245739 0.000000
vt -0.330415 0.273043 0.000000
vt -0.290765 0.273043 0.000000
vt -0.330415 0.300348 0.000000
vt -0.290765 0.300348 0.000000
vt -0.330415 0.327652 0.000000
vt -0.290765 0.327652 0.000000
vt -0.330415 0.354956 0.000000
vt -0.290765 0.354956 0.000000
vt -0.330415 0.382261 0.000000
vt -0.290765 0.382261 0.000000
vt -0.330415 0.409565 0.000000
vt -0.290765 0.409565 0.000000
vt -0.330415 0.436869 0.000000
vt -0.290765 0.436869 0.000000
vt -0.330415 0.452038 0.000000
vt -0.290765 0.452038 0.000000
vt -0.330415 0.467207 0.000000
vt -0.290765 0.467207 0.000000
vt -0.330415 0.482376 0.000000
vt -0.290765 0.482376 0.000000
vt -0.330415 0.497546 0.000000
vt -0.290765 0.497546 0.000000
vt -0.330415 0.512715 0.000000
vt -0.290765 0.512715 0.000000
vt -0.330415 0.527884 0.000000
vt -0.290765 0.527884 0.000000
vt -0.330415 0.558222 0.000000
vt -0.290765 0.558222 0.000000
vt -0.330415 0.588560 0.000000
vt -0.290765 0.588560 0.000000
vt -0.330415 0.618898 0.000000
vt -0.290765 0.618898 0.000000
vt -0.330415 0.649236 0.000000
vt -0.290765 0.649236 0.000000
vt -0.330415 0.664405 0.000000
vt -0.290765 0.664405 0.000000
vt -0.330415 0.679574 0.000000
vt -0.290765 0.679574 0.000000
vt -0.330415 0.694743 0.000000
vt -0.290765 0.694743 0.000000
vt -0.330415 0.709913 0.000000
vt -0.290765 0.709913 0.000000
vt -0.330415 0.725082 0.000000
vt -0.290765 0.725082 0.000000
vt -0.330415 0.740251 0.000000
vt -0.290765 0.740251 0.000000
vt -0.330415 0.755420 0.000000
vt -0.290765 0.755420 0.000000
vt -0.330415 0.770589 0.000000
vt -0.290765 0.770589 0.000000
vt -0.330415 0.785758 0.000000
vt -0.290765 0.785758 0.000000
vt -0.330415 0.800927 0.000000
vt -0.290765 0.800927 0.000000
vt -0.330415 0.831265 0.000000
vt -0.290765 0.831265 0.000000
vt -0.330415 0.861603 0.000000
vt -0.290765 0.861603 0.000000
vt -0.330415 0.891941 0.000000
vt -0.290765 0.891941 0.000000
vt -0.330415 0.922279 0.000000
vt -0.290765 0.922279 0.000000
vt -0.330415 0.937449 0.000000
vt -0.290765 0.937449 0.000000
vt -0.330415 0.952618 0.000000
vt -0.290765 0.952618 0.000000
vt -0.330415 0.967787 0.000000
vt -0.290765 0.967787 0.000000
vt -0.330415 0.982956 0.000000
vt -0.290765 0.982956 0.000000
vt -0.330415 0.998125 0.000000
vt -0.290765 0.998125 0.000000
vt -0.330415 1.013294 0.000000
vt -0.290765 1.013294 0.000000
vt -0.330415 1.028463 0.000000
vt -0.290765 1.028463 0.000000
vt -0.330415 1.043632 0.000000
vt -0.275346 0.000000 0.000000
vt -0.251115 0.027304 0.000000
vt -0.251115 0.054609 0.000000
vt -0.251115 0.081913 0.000000
vt -0.251115 0.109217 0.000000
vt -0.251115 0.136522 0.000000
vt -0.251115 0.163826 0.000000
vt -0.251115 0.191130 0.000000
vt -0.251115 0.218435 0.000000
vt -0.251115 0.245739 0.000000
vt -0.251115 0.273043 0.000000
vt -0.251115 0.300348 0.000000
vt -0.251115 0.327652 0.000000
vt -0.251115 0.354956 0.000000
vt -0.251115 0.382261 0.000000
vt -0.251115 0.409565 0.000000
vt -0.251115 0.436869 0.000000
vt -0.251115 0.452038 0.000000
vt -0.251115 0.467207 0.000000
vt -0.251115 0.482376 0.000000
vt -0.251115 0.497546 0.000000
vt -0.251115 0.512715 0.000000
vt -0.251115 0.527884 0.000000
vt -0.251115 0.558222 0.000000
vt -0.251115 0.588560 0.000000
vt -0.251115 0.618898 0.000000
vt -0.251115 0.649236 0.000000
vt -0.251115 0.664405 0.000000
vt -0.251115 0.679574 0.000000
vt -0.251115 0.694743 0.000000
vt -0.251115 0.709913 0.000000
vt -0.251115 0.725082 0.000000
vt -0.251115 0.740251 0.000000
vt -0.251115 0.755420 0.000000
vt -0.251115 0.770589 0.000000
vt -0.251115 0.785758 0.000000
vt -0.251115 0.800927 0.000000
vt -0.251115 0.831265 0.000000
vt -0.251115 0.861603 0.000000
vt -0.251115 0.891941 0.000000
vt -0.251115 0.922279 0.000000
vt -0.251115 0.937449 0.000000
vt -0.251115 0.952618 0.000000
vt -0.251115 0.967787 0.000000
vt -0.251115 0.982956 0.000000
vt -0.251115 0.998125 0.000000
vt -0.251115 1.013294 0.000000
vt -0.220277 0.000000 0.000000
vt -0.211466 0.027304 0.000000
vt -0.211466 0.054609 0.000000
vt -0.211466 0.081913 0.000000
vt -0.211466 0.109217 0.000000
vt -0.211466 0.136522 0.000000
vt -0.211466 0.163826 0.000000
vt -0.211466 0.191130 0.000000
vt -0.211466 0.218435 0.000000
vt -0.211466 0.245739 0.000000
vt -0.211466 0.273043 0.000000
vt -0.211466 0.300348 0.000000
vt -0.211466 0.327652 0.000000
vt -0.211466 0.354956 0.000000
vt -0.211466 0.382261 0.000000
vt -0.211466 0.409565 0.000000
vt -0.211466 0.436869 0.000000
vt -0.211466 0.452038 0.000000
vt -0.211466 0.467207 0.000000
vt -0.211466 0.482376 0.000000
vt -0.211466 0.497546 0.000000
vt -0.211466 0.512715 0.000000
vt -0.211466 0.527884 0.000000
vt -0.211466 0.558222 0.000000
vt -0.211466 0.588560 0.000000
vt -0.211466 0.618898 0.000000
vt -0.211466 0.649236 0.000000
vt -0.211466 0.664405 0.000000
vt -0.211466 0.679574 0.000000
vt -0.211466 0.694743 0.000000
vt -0.211466 0.709913 0.000000
vt -0.211466 0.725082 0.000000
vt -0.211466 0.740251 0.000000
vt -0.211466 0.755420 0.000000
vt -0.211466 0.770589 0.000000
vt -0.211466 0.785758 0.000000
vt -0.211466 0.800927 0.000000
vt -0.211466 0.831265 0.000000
vt -0.211466 0.861603 0.000000
vt -0.211466 0.891941 0.000000
vt -0.211466 0.922279 0.000000
vt -0.211466 0.937449 0.000000
vt -0.211466 0.952618 0.000000
vt -0.211466 0.967787 0.000000
vt -0.211466 0.982956 0.000000
vt -0.211466 0.998125 0.000000
vt -0.165207 0.000000 0.000000
vt -0.158599 0.027304 0.000000
vt -0.158599 0.054609 0.000000
vt -0.158599 0.081913 0.000000
vt -0.158599 0.109217 0.000000
vt -0.158599 0.136522 0.000000
vt -0.158599 0.163826 0.000000
vt -0.158599 0.191130 0.000000
vt -0.158599 0.218435 0.000000
vt -0.158599 0.245739 0.000000
vt -0.158599 0.273043 0.000000
vt -0.158599 0.300348 0.000000
vt -0.158599 0.327652 0.000000
vt -0.158599 0.354956 0.000000
vt -0.158599 0.382261 0.000000
vt -0.158599 0.409565 0.000000
vt -0.158599 0.436869 0.000000
vt -0.158599 0.452038 0.000000
vt -0.158599 0.467207 0.000000
vt -0.158599 0.482376 0.000000
vt -0.158599 0.497546 0.000000
vt -0.158599 0.512715 0.000000
vt -0.158599 0.527884 0.000000
vt -0.158599 0.558222 0.000000
vt -0.158599 0.588560 0.000000
vt -0.158599 0.618898 0.000000
vt -0.158599 0.649236 0.000000
vt -0.158599 0.664405 0.000000
vt -0.158599 0.679574 0.000000
vt -0.158599 0.694743 0.000000
vt -0.158599 0.709913 0.000000
vt -0.158599 0.725082 0.000000
vt -0.158599 0.740251 0.000000
vt -0.158599 0.755420 0.000000
vt -0.158599 0.770589 0.000000
vt -0.158599 0.785758 0.000000
vt -0.158599 0.800927 0.000000
vt -0.158599 0.831265 0.000000
vt -0.158599 0.861603 0.000000
vt -0.158599 0.891941 0.000000
vt -0.158599 0.922279 0.000000
vt -0.158599 0.937449 0.000000
vt -0.158599 0.952618 0.000000
vt -0.158599 0.967787 0.000000
vt -0.158599 0.982956 0.000000
vt -0.110138 0.000000 0.000000
vt -0.105733 0.027304 0.000000
vt -0.105733 0.054609 0.000000
vt -0.105733 0.081913 0.000000
vt -0.105733 0.109217 0.000000
vt -0.105733 0.136522 0.000000
vt -0.105733 0.163826 0.000000
vt -0.105733 0.191130 0.000000
vt -0.105733 0.218435 0.000000
vt -0.105733 0.245739 0.000000
vt -0.105733 0.273043 0.000000
vt -0.105733 0.300348 0.000000
vt -0.105733 0.327652 0.000000
vt -0.105733 0.354956 0.000000
vt -0.105733 0.382261 0.000000
vt -0.105733 0.409565 0.000000
vt -0.105733 0.436869 0.000000
vt -0.105733 0.452038 0.000000
vt -0.105733 0.467207 0.000000
vt -0.105733 0.482376 0.000000
vt -0.105733 0.497546 0.000000
vt -0.105733 0.512715 0.000000
vt -0.105733 0.527884 0.000000
vt -0.105733 0.558222 0.000000
vt -0.105733 0.588560 0.000000
vt -0.105733 0.618898 0.000000
vt -0.105733 0.649236 0.000000
vt -0.105733 0.664405 0.000000
vt -0.105733 0.679574 0.000000
vt -0.105733 0.694743 0.000000
vt -0.105733 0.709913 0.000000
vt -0.105733 0.725082 0.000000
vt -0.105733 0.740251 0.000000
vt -0.105733 0.755420 0.000000
vt -0.105733 0.770589 0.000000
vt -0.105733 0.785758 0.000000
vt -0.105733 0.800927 0.000000
vt -0.105733 0.831265 0.000000
vt -0.105733 0.861603 0.000000
vt -0.105733 0.891941 0.000000
vt -0.105733 0.922279 0.000000
vt -0.105733 0.937449 0.000000
vt -0.105733 0.952618 0.000000
vt -0.105733 0.967787 0.000000
vt -0.055069 0.000000 0.000000
vt -0.052866 0.027304 0.000000
vt -0.052866 0.054609 0.000000
vt -0.052866 0.081913 0.000000
vt -0.052866 0.109217 0.000000
vt -0.052866 0.136522 0.000000
vt -0.052866 0.163826 0.000000
vt -0.052866 0.191130 0.000000
vt -0.052866 0.218435 0.000000
vt -0.052866 0.245739 0.000000
vt -0.052866 0.273043 0.000000
vt -0.052866 0.300348 0.000000
vt -0.052866 0.327652 0.000000
vt -0.052866 0.354956 0.000000
vt -0.052866 0.382261 0.000000
vt -0.052866 0.409565 0.000000
vt -0.052866 0.436869 0.000000
vt -0.052866 0.452038 0.000000
vt -0.052866 0.467207 0.000000
vt -0.052866 0.482376 0.000000
vt -0.052866 0.497546 0.000000
vt -0.052866 0.512715 0.000000
vt -0.052866 0.527884 0.000000
vt -0.052866 0.558222 0.000000
vt -0.052866 0.588560 0.000000
vt -0.052866 0.618898 0.000000
vt -0.052866 0.649236 0.000000
vt -0.052866 0.664405 0.000000
vt -0.052866 0.679574 0.000000
vt -0.052866 0.694743 0.000000
vt -0.052866 0.709913 0.000000
vt -0.052866 0.725082 0.000000
vt -0.052866 0.740251 0.000000
vt -0.052866 0.755420 0.000000
vt -0.052866 0.770589 0.000000
vt -0.052866 0.785758 0.000000
vt -0.052866 0.800927 0.000000
vt -0.052866 0.831265 0.000000
vt -0.052866 0.861603 0.000000
vt -0.052866 0.891941 0.000000
vt -0.052866 0.922279 0.000000
vt -0.052866 0.937449 0.000000
vt -0.052866 0.952618 0.000000
vt -0.027535 0.000000 0.000000
vt -0.026433 0.027304 0.000000
vt -0.026433 0.054609 0.000000
vt -0.026433 0.081913 0.000000
vt -0.026433 0.109217 0.000000
vt -0.026433 0.136522 0.000000
vt -0.026433 0.163826 0.000000
vt -0.026433 0.191130 0.000000
vt -0.026433 0.218435 0.000000
vt -0.026433 0.245739 0.000000
vt -0.026433 0.273043 0.000000
vt -0.026433 0.300348 0.000000
vt -0.026433 0.327652 0.000000
vt -0.026433 0.354956 0.000000
vt -0.026433 0.382261 0.000000
vt -0.026433 0.409565 0.000000
vt -0.026433 0.436869 0.000000
vt -0.026433 0.452038 0.000000
vt -0.026433 0.467207 0.000000
vt -0.026433 0.482376 0.000000
vt -0.026433 0.497546 0.000000
vt -0.026433 0.512715 0.000000
vt -0.026433 0.527884 0.000000
vt -0.026433 0.558222 0.000000
vt -0.026433 0.588560 0.000000
vt -0.026433 0.618898 0.000000
vt -0.026433 0.649236 0.000000
vt -0.026433 0.664405 0.000000
vt -0.026433 0.679574 0.000000
vt -0.026433 0.694743 0.000000
vt -0.026433 0.709913 0.000000
vt -0.026433 0.725082 0.000000
vt -0.026433 0.740251 0.000000
vt -0.026433 0.755420 0.000000
vt -0.026433 0.770589 0.000000
vt -0.026433 0.785758 0.000000
vt -0.026433 0.800927 0.000000
vt -0.026433 0.831265 0.000000
vt -0.026433 0.861603 0.000000
vt -0.026433 0.891941 0.000000
vt -0.026433 0.922279 0.000000
vt -0.026433 0.937449 0.000000
vt -0.000000 0.000000 0.000000
vt -0.055069 1.164985 0.000000
vt -0.052866 1.134646 0.000000
vt -0.027535 1.164985 0.000000
vt -0.026433 1.134646 0.000000
vt 0.000000 1.134646 0.000000
vt -0.105733 1.134646 0.000000
vt -0.110138 1.164985 0.000000
vt -0.158599 1.134646 0.000000
vt -0.165207 1.164985 0.000000
vt -0.211466 1.134646 0.000000
vt -0.220277 1.164985 0.000000
vt -0.251115 1.134646 0.000000
vt -0.275346 1.164985 0.000000
vt -0.290765 1.134646 0.000000
vt -0.330415 1.164985 0.000000
vt -0.330415 1.134646 0.000000
vt -0.370065 1.134646 0.000000
vt -0.330415 1.104308 0.000000
vt -0.370065 1.104308 0.000000
vt -0.330415 1.089139 0.000000
vt -0.385484 1.164985 0.000000
vt -0.409715 1.134646 0.000000
vt -0.440553 1.164985 0.000000
vt -0.704885 1.134646 0.000000
vt -0.715899 1.164985 0.000000
vt -0.748941 1.134646 0.000000
vt -0.770968 1.164985 0.000000
vt -0.792996 1.134646 0.000000
vt -0.826037 1.164985 0.000000
vt -0.837051 1.134646 0.000000
vt -0.881107 1.164985 0.000000
vt -0.881107 1.135113 0.000000
vt -0.881107 1.105242 0.000000
vt -0.837051 1.104308 0.000000
vt -0.792996 1.104308 0.000000
vt -0.792996 1.089139 0.000000
vt -0.748941 1.089139 0.000000
vt -0.748941 1.073970 0.000000
vt -0.704885 1.073970 0.000000
vt -0.704885 1.058801 0.000000
vt -0.837051 1.089139 0.000000
vt -0.881107 1.075370 0.000000
vt -0.837051 1.073970 0.000000
vt -0.837051 1.058801 0.000000
vt -0.792996 1.058801 0.000000
vt -0.792996 1.043632 0.000000
vt -0.748941 1.043632 0.000000
vt -0.748941 1.028463 0.000000
vt -0.704885 1.028463 0.000000
vt -0.704885 1.013294 0.000000
vt -0.881107 1.045499 0.000000
vt -0.837051 1.043632 0.000000
vt -0.792996 1.028463 0.000000
vt -0.748941 1.013294 0.000000
vt -0.704885 0.998125 0.000000
vt -0.837051 1.028463 0.000000
vt -0.881107 1.015628 0.000000
vt -0.837051 1.013294 0.000000
vt -0.837051 0.998125 0.000000
vt -0.792996 0.998125 0.000000
vt -0.792996 0.982956 0.000000
vt -0.748941 0.982956 0.000000
vt -0.748941 0.967787 0.000000
vt -0.704885 0.967787 0.000000
vt -0.704885 0.952618 0.000000
vt -0.881107 0.985756 0.000000
vt -0.837051 0.982956 0.000000
vt -0.792996 0.967787 0.000000
vt -0.748941 0.952618 0.000000
vt -0.704885 0.937449 0.000000
vt -0.837051 0.967787 0.000000
vt -0.881107 0.955885 0.000000
vt -0.837051 0.952618 0.000000
vt -0.837051 0.937449 0.000000
vt -0.792996 0.937449 0.000000
vt -0.792996 0.922279 0.000000
vt -0.748941 0.922279 0.000000
vt -0.748941 0.891941 0.000000
vt -0.704885 0.891941 0.000000
vt -0.704885 0.861603 0.000000
vt -0.881107 0.926013 0.000000
vt -0.837051 0.922279 0.000000
vt -0.792996 0.891941 0.000000
vt -0.748941 0.861603 0.000000
vt -0.704885 0.831265 0.000000
vt -0.881107 0.896142 0.000000
vt -0.837051 0.891941 0.000000
vt -0.792996 0.861603 0.000000
vt -0.748941 0.831265 0.000000
vt -0.704885 0.800927 0.000000
vt -0.881107 0.866271 0.000000
vt -0.837051 0.861603 0.000000
vt -0.792996 0.831265 0.000000
vt -0.748941 0.800927 0.000000
vt -0.704885 0.785758 0.000000
vt -0.881107 0.836399 0.000000
vt -0.837051 0.831265 0.000000
vt -0.792996 0.800927 0.000000
vt -0.748941 0.785758 0.000000
vt -0.704885 0.770589 0.000000
vt -0.881107 0.806528 0.000000
vt -0.837051 0.800927 0.000000
vt -0.792996 0.785758 0.000000
vt -0.748941 0.770589 0.000000
vt -0.704885 0.755420 0.000000
vt -0.837051 0.785758 0.000000
vt -0.881107 0.776656 0.000000
vt -0.837051 0.770589 0.000000
vt -0.837051 0.755420 0.000000
vt -0.792996 0.755420 0.000000
vt -0.792996 0.740251 0.000000
vt -0.748941 0.740251 0.000000
vt -0.748941 0.725082 0.000000
vt -0.704885 0.725082 0.000000
vt -0.704885 0.709913 0.000000
vt -0.881107 0.746785 0.000000
vt -0.837051 0.740251 0.000000
vt -0.792996 0.725082 0.000000
vt -0.748941 0.709913 0.000000
vt -0.704885 0.694743 0.000000
vt -0.837051 0.725082 0.000000
vt -0.881107 0.716914 0.000000
vt -0.837051 0.709913 0.000000
vt -0.837051 0.694743 0.000000
vt -0.792996 0.694743 0.000000
vt -0.792996 0.679574 0.000000
vt -0.748941 0.679574 0.000000
vt -0.748941 0.664405 0.000000
vt -0.704885 0.664405 0.000000
vt -0.704885 0.649236 0.000000
vt -0.881107 0.687042 0.000000
vt -0.837051 0.679574 0.000000
vt -0.792996 0.664405 0.000000
vt -0.748941 0.649236 0.000000
vt -0.704885 0.618898 0.000000
vt -0.881107 0.657171 0.000000
vt -0.837051 0.664405 0.000000
vt -0.792996 0.649236 0.000000
vt -0.748941 0.618898 0.000000
vt -0.704885 0.588560 0.000000
vt -0.837051 0.649236 0.000000
vt -0.881107 0.627299 0.000000
vt -0.837051 0.618898 0.000000
vt -0.881107 0.597428 0.000000
vt -0.837051 0.588560 0.000000
vt -0.881107 0.567557 0.000000
vt -0.837051 0.558222 0.000000
vt -0.881107 0.537685 0.000000
vt -0.837051 0.527884 0.000000
vt -0.881107 0.507814 0.000000
vt -0.837051 0.512715 0.000000
vt -0.837051 0.497546 0.000000
vt -0.792996 0.497546 0.000000
vt -0.792996 0.482376 0.000000
vt -0.748941 0.482376 0.000000
vt -0.748941 0.467207 0.000000
vt -0.704885 0.467207 0.000000
vt -0.704885 0.452038 0.000000
vt -0.881107 0.477942 0.000000
vt -0.837051 0.482376 0.000000
vt -0.792996 0.467207 0.000000
vt -0.748941 0.452038 0.000000
vt -0.704885 0.436869 0.000000
vt -0.837051 0.467207 0.000000
vt -0.881107 0.448071 0.000000
vt -0.837051 0.452038 0.000000
vt -0.837051 0.436869 0.000000
vt -0.792996 0.436869 0.000000
vt -0.792996 0.409565 0.000000
vt -0.748941 0.409565 0.000000
vt -0.748941 0.382261 0.000000
vt -0.704885 0.382261 0.000000
vt -0.704885 0.354956 0.000000
vt -0.881107 0.418200 0.000000
vt -0.837051 0.409565 0.000000
vt -0.792996 0.382261 0.000000
vt -0.748941 0.354956 0.000000
vt -0.704885 0.327652 0.000000
vt -0.881107 0.388328 0.000000
vt -0.837051 0.382261 0.000000
vt -0.792996 0.354956 0.000000
vt -0.748941 0.327652 0.000000
vt -0.704885 0.300348 0.000000
vt -0.881107 0.358457 0.000000
vt -0.837051 0.354956 0.000000
vt -0.792996 0.327652 0.000000
vt -0.748941 0.300348 0.000000
vt -0.704885 0.273043 0.000000
vt -0.881107 0.328585 0.000000
vt -0.837051 0.327652 0.000000
vt -0.792996 0.300348 0.000000
vt -0.748941 0.273043 0.000000
vt -0.704885 0.245739 0.000000
vt -0.837051 0.300348 0.000000
vt -0.881107 0.298714 0.000000
vt -0.837051 0.273043 0.000000
vt -0.881107 0.268843 0.000000
vt -0.837051 0.245739 0.000000
vt -0.881107 0.238971 0.000000
vt -0.837051 0.218435 0.000000
vt -0.881107 0.209100 0.000000
vt -0.837051 0.191130 0.000000
vt -0.881107 0.179228 0.000000
vt -0.837051 0.163826 0.000000
vt -0.881107 0.149357 0.000000
vt -0.837051 0.136522 0.000000
vt -0.881107 0.119486 0.000000
vt -0.837051 0.109217 0.000000
vt -0.881107 0.089614 0.000000
vt -0.837051 0.081913 0.000000
vt -0.881107 0.059743 0.000000
vt -0.837051 0.054609 0.000000
vt 0.000000 0.027304 0.000000
vt 0.000000 0.054609 0.000000
vt 0.000000 0.081913 0.000000
vt 0.000000 0.109217 0.000000
vt 0.000000 0.136522 0.000000
vt 0.000000 0.163826 0.000000
vt 0.000000 0.191130 0.000000
vt 0.000000 0.218435 0.000000
vt 0.000000 0.245739 0.000000
vt 0.000000 0.273043 0.000000
vt 0.000000 0.300348 0.000000
vt 0.000000 0.327652 0.000000
vt 0.000000 0.354956 0.000000
vt 0.000000 0.409565 0.000000
vt 0.000000 0.436869 0.000000
vt 0.000000 0.452038 0.000000
vt 0.000000 0.467207 0.000000
vt 0.000000 0.482376 0.000000
vt 0.000000 0.497546 0.000000
vt 0.000000 0.512715 0.000000
vt 0.000000 0.527884 0.000000
vt 0.000000 0.558222 0.000000
vt 0.000000 0.588560 0.000000
vt 0.000000 0.618898 0.000000
vt 0.000000 0.649236 0.000000
vt 0.000000 0.664405 0.000000
vt 0.000000 0.679574 0.000000
vt 0.000000 0.694743 0.000000
vt 0.000000 0.709913 0.000000
vt 0.000000 0.725082 0.000000
vt 0.000000 0.740251 0.000000
vt 0.000000 0.755420 0.000000
vt 0.000000 0.785758 0.000000
vt 0.000000 0.800927 0.000000
vt 0.000000 0.831265 0.000000
vt 0.000000 0.861603 0.000000
vt 0.000000 0.891941 0.000000
vt 0.000000 0.922279 0.000000
vt 0.000000 0.937449 0.000000
vt 0.000000 0.967787 0.000000
vt -0.026433 0.982956 0.000000
vt 0.000000 0.982956 0.000000
vt -0.026433 0.998125 0.000000
vt 0.000000 0.998125 0.000000
vt -0.026433 1.013294 0.000000
vt 0.000000 1.013294 0.000000
vt -0.026433 1.028463 0.000000
vt 0.000000 1.028463 0.000000
vt -0.026433 1.043632 0.000000
vt 0.000000 1.043632 0.000000
vt -0.026433 1.058801 0.000000
vt 0.000000 1.058801 0.000000
vt -0.026433 1.073970 0.000000
vt 0.000000 1.073970 0.000000
vt -0.026433 1.089139 0.000000
vt 0.000000 1.089139 0.000000
vt -0.026433 1.104308 0.000000
vt 0.000000 1.104308 0.000000
vt 0.000000 0.388328 0.000000
vt 0.000000 0.776656 0.000000
vt -0.370065 0.054609 0.000000
vt -0.370065 0.081913 0.000000
vt -0.370065 0.109217 0.000000
vt -0.370065 0.136522 0.000000
vt -0.370065 0.163826 0.000000
vt -0.370065 0.191130 0.000000
vt -0.370065 0.218435 0.000000
vt -0.370065 0.245739 0.000000
vt -0.370065 0.273043 0.000000
vt -0.370065 0.300348 0.000000
vt -0.370065 0.327652 0.000000
vt -0.370065 0.354956 0.000000
vt -0.370065 0.382261 0.000000
vt -0.370065 0.409565 0.000000
vt -0.370065 0.436869 0.000000
vt -0.370065 0.452038 0.000000
vt -0.370065 0.467207 0.000000
vt -0.370065 0.482376 0.000000
vt -0.370065 0.497546 0.000000
vt -0.370065 0.512715 0.000000
vt -0.370065 0.527884 0.000000
vt -0.370065 0.558222 0.000000
vt -0.370065 0.588560 0.000000
vt -0.370065 0.618898 0.000000
vt -0.370065 0.649236 0.000000
vt -0.370065 0.664405 0.000000
vt -0.370065 0.679574 0.000000
vt -0.370065 0.694743 0.000000
vt -0.370065 0.709913 0.000000
vt -0.370065 0.725082 0.000000
vt -0.370065 0.740251 0.000000
vt -0.370065 0.755420 0.000000
vt -0.370065 0.770589 0.000000
vt -0.370065 0.785758 0.000000
vt -0.370065 0.800927 0.000000
vt -0.370065 0.831265 0.000000
vt -0.370065 0.861603 0.000000
vt -0.370065 0.891941 0.000000
vt -0.370065 0.922279 0.000000
vt -0.370065 0.937449 0.000000
vt -0.370065 0.952618 0.000000
vt -0.370065 0.967787 0.000000
vt -0.370065 0.982956 0.000000
vt -0.370065 0.998125 0.000000
vt -0.370065 1.013294 0.000000
vt -0.370065 1.028463 0.000000
vt -0.370065 1.043632 0.000000
vt -0.370065 1.058801 0.000000
vt -0.409715 0.054609 0.000000
vt -0.409715 0.081913 0.000000
vt -0.409715 0.109217 0.000000
vt -0.409715 0.136522 0.000000
vt -0.409715 0.163826 0.000000
vt -0.409715 0.191130 0.000000
vt -0.409715 0.218435 0.000000
vt -0.409715 0.245739 0.000000
vt -0.409715 0.273043 0.000000
vt -0.409715 0.300348 0.000000
vt -0.409715 0.327652 0.000000
vt -0.409715 0.354956 0.000000
vt -0.409715 0.382261 0.000000
vt -0.409715 0.409565 0.000000
vt -0.409715 0.436869 0.000000
vt -0.409715 0.452038 0.000000
vt -0.409715 0.467207 0.000000
vt -0.409715 0.482376 0.000000
vt -0.409715 0.497546 0.000000
vt -0.409715 0.512715 0.000000
vt -0.409715 0.527884 0.000000
vt -0.409715 0.558222 0.000000
vt -0.409715 0.588560 0.000000
vt -0.409715 0.618898 0.000000
vt -0.409715 0.649236 0.000000
vt -0.409715 0.664405 0.000000
vt -0.409715 0.679574 0.000000
vt -0.409715 0.694743 0.000000
vt -0.409715 0.709913 0.000000
vt -0.409715 0.725082 0.000000
vt -0.409715 0.740251 0.000000
vt -0.409715 0.755420 0.000000
vt -0.409715 0.770589 0.000000
vt -0.409715 0.785758 0.000000
vt -0.409715 0.800927 0.000000
vt -0.409715 0.831265 0.000000
vt -0.409715 0.861603 0.000000
vt -0.409715 0.891941 0.000000
vt -0.409715 0.922279 0.000000
vt -0.409715 0.937449 0.000000
vt -0.409715 0.952618 0.000000
vt -0.409715 0.967787 0.000000
vt -0.409715 0.982956 0.000000
vt -0.409715 0.998125 0.000000
vt -0.409715 1.013294 0.000000
vt -0.409715 1.028463 0.000000
vt -0.409715 1.043632 0.000000
vt -0.409715 1.058801 0.000000
vt -0.409715 1.073970 0.000000
vt -0.449364 0.054609 0.000000
vt -0.449364 0.081913 0.000000
vt -0.449364 0.109217 0.000000
vt -0.449364 0.136522 0.000000
vt -0.449364 0.163826 0.000000
vt -0.449364 0.191130 0.000000
vt -0.449364 0.218435 0.000000
vt -0.449364 0.245739 0.000000
vt -0.449364 0.273043 0.000000
vt -0.449364 0.300348 0.000000
vt -0.449364 0.327652 0.000000
vt -0.449364 0.354956 0.000000
vt -0.449364 0.382261 0.000000
vt -0.449364 0.409565 0.000000
vt -0.449364 0.436869 0.000000
vt -0.449364 0.452038 0.000000
vt -0.449364 0.467207 0.000000
vt -0.449364 0.482376 0.000000
vt -0.449364 0.497546 0.000000
vt -0.449364 0.512715 0.000000
vt -0.449364 0.527884 0.000000
vt -0.449364 0.558222 0.000000
vt -0.449364 0.588560 0.000000
vt -0.449364 0.618898 0.000000
vt -0.449364 0.649236 0.000000
vt -0.449364 0.664405 0.000000
vt -0.449364 0.679574 0.000000
vt -0.449364 0.694743 0.000000
vt -0.449364 0.709913 0.000000
vt -0.449364 0.725082 0.000000
vt -0.449364 0.740251 0.000000
vt -0.449364 0.755420 0.000000
vt -0.449364 0.770589 0.000000
vt -0.449364 0.785758 0.000000
vt -0.449364 0.800927 0.000000
vt -0.449364 0.831265 0.000000
vt -0.449364 0.861603 0.000000
vt -0.449364 0.891941 0.000000
vt -0.449364 0.922279 0.000000
vt -0.449364 0.937449 0.000000
vt -0.449364 0.952618 0.000000
vt -0.449364 0.967787 0.000000
vt -0.449364 0.982956 0.000000
vt -0.449364 0.998125 0.000000
vt -0.449364 1.013294 0.000000
vt -0.449364 1.028463 0.000000
vt -0.449364 1.043632 0.000000
vt -0.449364 1.058801 0.000000
vt -0.449364 1.073970 0.000000
vt -0.449364 1.089139 0.000000
vt -0.704885 0.054609 0.000000
vt -0.704885 0.081913 0.000000
vt -0.704885 0.109217 0.000000
vt -0.704885 0.136522 0.000000
vt -0.704885 0.163826 0.000000
vt -0.704885 0.191130 0.000000
vt -0.704885 0.218435 0.000000
vt -0.748941 0.054609 0.000000
vt -0.748941 0.081913 0.000000
vt -0.748941 0.109217 0.000000
vt -0.748941 0.136522 0.000000
vt -0.748941 0.163826 0.000000
vt -0.748941 0.191130 0.000000
vt -0.748941 0.218435 0.000000
vt -0.748941 0.245739 0.000000
vt -0.792996 0.054609 0.000000
vt -0.792996 0.081913 0.000000
vt -0.792996 0.109217 0.000000
vt -0.792996 0.136522 0.000000
vt -0.792996 0.163826 0.000000
vt -0.792996 0.191130 0.000000
vt -0.792996 0.218435 0.000000
vt -0.792996 0.245739 0.000000
vt -0.792996 0.273043 0.000000
vt -0.748941 1.104308 0.000000
vt -0.704885 1.104308 0.000000
vt -0.290765 1.104308 0.000000
vt -0.290765 1.089139 0.000000
vt -0.290765 1.073970 0.000000
vt -0.251115 1.104308 0.000000
vt -0.251115 1.089139 0.000000
vt -0.251115 1.073970 0.000000
vt -0.251115 1.058801 0.000000
vt -0.211466 1.104308 0.000000
vt -0.211466 1.089139 0.000000
vt -0.211466 1.073970 0.000000
vt -0.211466 1.058801 0.000000
vt -0.211466 1.043632 0.000000
vt -0.158599 1.104308 0.000000
vt -0.158599 1.089139 0.000000
vt -0.158599 1.073970 0.000000
vt -0.158599 1.058801 0.000000
vt -0.158599 1.043632 0.000000
vt -0.158599 1.028463 0.000000
vt -0.105733 1.104308 0.000000
vt -0.105733 1.089139 0.000000
vt -0.105733 1.073970 0.000000
vt -0.105733 1.058801 0.000000
vt -0.105733 1.043632 0.000000
vt -0.105733 1.028463 0.000000
vt -0.105733 1.013294 0.000000
vt -0.052866 1.104308 0.000000
vt -0.052866 1.089139 0.000000
vt -0.052866 1.073970 0.000000
vt -0.052866 1.058801 0.000000
vt -0.052866 1.043632 0.000000
vt -0.052866 1.028463 0.000000
vt -0.052866 1.013294 0.000000
vt -0.052866 0.998125 0.000000
vt -0.704885 1.089139 0.000000
vt -0.792996 1.073970 0.000000
vt -0.748941 1.058801 0.000000
vt -0.704885 1.043632 0.000000
vt -0.792996 1.013294 0.000000
vt -0.748941 0.998125 0.000000
vt -0.704885 0.982956 0.000000
vt -0.792996 0.952618 0.000000
vt -0.748941 0.937449 0.000000
vt -0.704885 0.922279 0.000000
vt -0.792996 0.770589 0.000000
vt -0.748941 0.755420 0.000000
vt -0.704885 0.740251 0.000000
vt -0.792996 0.709913 0.000000
vt -0.748941 0.694743 0.000000
vt -0.704885 0.679574 0.000000
vt -0.792996 0.618898 0.000000
vt -0.748941 0.588560 0.000000
vt -0.704885 0.558222 0.000000
vt -0.792996 0.588560 0.000000
vt -0.748941 0.558222 0.000000
vt -0.704885 0.527884 0.000000
vt -0.792996 0.558222 0.000000
vt -0.748941 0.527884 0.000000
vt -0.704885 0.512715 0.000000
vt -0.792996 0.527884 0.000000
vt -0.748941 0.512715 0.000000
vt -0.704885 0.497546 0.000000
vt -0.792996 0.512715 0.000000
vt -0.748941 0.497546 0.000000
vt -0.704885 0.482376 0.000000
vt -0.792996 0.452038 0.000000
vt -0.748941 0.436869 0.000000
vt -0.704885 0.409565 0.000000
vt 0.366056 0.000000 0.000000
vt 0.361316 0.058720 0.000000
vt 0.361316 -0.058720 0.000000
vt 0.347218 0.115918 0.000000
vt 0.347218 -0.115918 0.000000
vt 0.324127 0.170115 0.000000
vt 0.324127 -0.170115 0.000000
vt 0.292641 0.219906 0.000000
vt 0.253576 0.264001 0.000000
vt 0.207944 0.301258 0.000000
vt 0.156926 0.330714 0.000000
vt 0.101843 0.351604 0.000000
vt 0.044123 0.363387 0.000000
vt -0.014740 0.365759 0.000000
vt -0.073221 0.358659 0.000000
vt -0.129805 0.342269 0.000000
vt -0.183028 0.317014 0.000000
vt 0.292641 -0.219906 0.000000
vt -0.231511 0.283549 0.000000
vt -0.273997 0.242740 0.000000
vt -0.309387 0.195645 0.000000
vt -0.336764 0.143482 0.000000
vt -0.355419 0.087603 0.000000
vt -0.364869 0.029455 0.000000
vt -0.364869 -0.029455 0.000000
vt -0.355419 -0.087603 0.000000
vt -0.336764 -0.143482 0.000000
vt -0.309387 -0.195645 0.000000
vt -0.273997 -0.242740 0.000000
vt 0.253576 -0.264001 0.000000
vt -0.231511 -0.283549 0.000000
vt 0.207944 -0.301258 0.000000
vt -0.183028 -0.317014 0.000000
vt 0.156926 -0.330714 0.000000
vt -0.129805 -0.342269 0.000000
vt 0.101843 -0.351604 0.000000
vt -0.073221 -0.358659 0.000000
vt 0.044123 -0.363387 0.000000
vt -0.014740 -0.365759 0.000000
vn 0.157003 -0.205050 0.966077
vn 0.000000 -0.205050 0.978751
vn 0.142534 -0.237438 0.960889
vn 0.000000 -0.245591 0.969374
vn 0.141282 -0.269976 0.952446
vn 0.000000 -0.286059 0.958212
vn 0.139883 -0.301916 0.943016
vn 0.000000 -0.325152 0.945662
vn 0.138370 -0.332730 0.932815
vn 0.000000 -0.362128 0.932128
vn 0.136772 -0.362128 0.922040
vn 0.135110 -0.390025 0.910838
vn 0.270583 -0.362128 0.891991
vn 0.267295 -0.390025 0.881155
vn 0.398536 -0.362128 0.842634
vn 0.393695 -0.390025 0.832397
vn 0.517863 -0.362128 0.775037
vn 0.511572 -0.390025 0.765621
vn 0.625979 -0.362128 0.690662
vn 0.618374 -0.390025 0.682271
vn 0.720545 -0.362128 0.591336
vn 0.711791 -0.390025 0.584152
vn 0.799513 -0.362128 0.479210
vn 0.789800 -0.390025 0.473388
vn 0.861174 -0.362128 0.356710
vn 0.850712 -0.390025 0.352377
vn 0.904194 -0.362128 0.226489
vn 0.893209 -0.390025 0.223737
vn 0.927640 -0.362128 0.091365
vn 0.916371 -0.390025 0.090255
vn 0.931006 -0.362128 -0.045737
vn 0.919695 -0.390025 -0.045182
vn 0.914218 -0.362128 -0.181849
vn 0.903111 -0.390025 -0.179640
vn 0.877640 -0.362128 -0.314025
vn 0.866978 -0.390025 -0.310210
vn 0.822064 -0.362128 -0.439402
vn 0.812077 -0.390025 -0.434064
vn 0.748693 -0.362128 -0.555268
vn 0.739597 -0.390025 -0.548523
vn 0.659114 -0.362128 -0.659114
vn 0.651107 -0.390025 -0.651107
vn 0.603046 -0.362128 -0.710773
vn 0.595720 -0.390025 -0.702138
vn 0.542944 -0.362128 -0.757678
vn 0.536348 -0.390025 -0.748473
vn 0.479210 -0.362128 -0.799513
vn 0.473388 -0.390025 -0.789800
vn 0.412270 -0.362128 -0.836001
vn 0.407261 -0.390025 -0.825844
vn 0.342572 -0.362128 -0.866896
vn 0.338410 -0.390025 -0.856364
vn 0.270583 -0.362128 -0.891991
vn 0.267295 -0.390025 -0.881155
vn 0.121667 -0.362128 -0.924154
vn 0.120189 -0.390025 -0.912927
vn -0.030498 -0.362128 -0.931629
vn -0.030128 -0.390025 -0.920311
vn -0.181849 -0.362128 -0.914218
vn -0.179640 -0.390025 -0.903111
vn -0.328342 -0.362128 -0.872385
vn -0.324353 -0.390025 -0.861786
vn -0.398536 -0.362128 -0.842634
vn -0.393695 -0.390025 -0.832397
vn -0.466064 -0.362128 -0.807247
vn -0.460402 -0.390025 -0.797440
vn -0.530474 -0.362128 -0.766460
vn -0.524030 -0.390025 -0.757148
vn -0.591336 -0.362128 -0.720545
vn -0.584152 -0.390025 -0.711791
vn -0.648242 -0.362128 -0.669810
vn -0.640367 -0.390025 -0.661673
vn -0.700811 -0.362128 -0.614595
vn -0.692297 -0.390025 -0.607129
vn -0.748693 -0.362128 -0.555268
vn -0.739597 -0.390025 -0.548523
vn -0.791566 -0.362128 -0.492227
vn -0.781949 -0.390025 -0.486247
vn -0.829143 -0.362128 -0.425893
vn -0.819070 -0.390025 -0.420719
vn -0.861174 -0.362128 -0.356710
vn -0.850712 -0.390025 -0.352377
vn -0.907778 -0.362128 -0.211664
vn -0.896750 -0.390025 -0.209093
vn -0.930133 -0.362128 -0.060964
vn -0.918833 -0.390025 -0.060223
vn -0.927640 -0.362128 0.091365
vn -0.916371 -0.390025 0.090255
vn -0.900367 -0.362128 0.241253
vn -0.889429 -0.390025 0.238322
vn -0.877640 -0.362128 0.314025
vn -0.866978 -0.390025 0.310210
vn -0.849042 -0.362128 0.384696
vn -0.838727 -0.390025 0.380022
vn -0.814765 -0.362128 0.452794
vn -0.804866 -0.390025 0.447293
vn -0.775037 -0.362128 0.517863
vn -0.765621 -0.390025 0.511572
vn -0.730124 -0.362128 0.579468
vn -0.721254 -0.390025 0.572428
vn -0.680327 -0.362128 0.637196
vn -0.672062 -0.390025 0.629455
vn -0.625979 -0.362128 0.690662
vn -0.618374 -0.390025 0.682271
vn -0.567444 -0.362128 0.739507
vn -0.560550 -0.390025 0.730523
vn -0.505113 -0.362128 0.783406
vn -0.498976 -0.390025 0.773889
vn -0.439402 -0.362128 0.822064
vn -0.434064 -0.390025 0.812077
vn -0.370753 -0.362128 0.855223
vn -0.366249 -0.390025 0.844833
vn -0.299623 -0.362128 0.882661
vn -0.295983 -0.390025 0.871937
vn -0.151840 -0.362128 0.919678
vn -0.149995 -0.390025 0.908506
vn -0.000000 -0.396770 0.917918
vn -0.148094 -0.416500 0.896993
vn -0.000000 -0.429274 0.903174
vn -0.146136 -0.441796 0.885133
vn -0.000000 -0.460233 0.887798
vn -0.144308 -0.463888 0.874061
vn -0.142385 -0.485763 0.862415
vn -0.280967 -0.485763 0.827703
vn -0.276886 -0.507935 0.815681
vn -0.342619 -0.507935 0.790326
vn -0.337028 -0.531050 0.777430
vn -0.399434 -0.531050 0.747288
vn -0.391834 -0.555946 0.733069
vn -0.450430 -0.555946 0.698596
vn -0.439990 -0.583724 0.682404
vn -0.494285 -0.583724 0.644165
vn -0.479625 -0.615842 0.625059
vn -0.529101 -0.615842 0.583773
vn -0.507884 -0.654252 0.560364
vn -0.551979 -0.654252 0.516985
vn -0.506614 -0.719858 0.474496
vn -0.543696 -0.719858 0.431508
vn -0.460670 -0.808771 0.365614
vn -0.489007 -0.808771 0.326744
vn -0.324749 -0.920572 0.216991
vn -0.341396 -0.920572 0.189726
vn -0.203953 -0.972397 0.113344
vn -0.212533 -0.972397 0.096297
vn -0.026012 -0.999592 0.011786
vn 0.133398 -0.416500 0.899296
vn 0.263908 -0.416500 0.869989
vn 0.388706 -0.416500 0.821849
vn 0.505089 -0.416500 0.755919
vn 0.610538 -0.416500 0.673625
vn 0.702771 -0.416500 0.576750
vn 0.779792 -0.416500 0.467389
vn 0.839932 -0.416500 0.347911
vn 0.881890 -0.416500 0.220902
vn 0.904758 -0.416500 0.089111
vn 0.908040 -0.416500 -0.044609
vn 0.891667 -0.416500 -0.177364
vn 0.855991 -0.416500 -0.306279
vn 0.801786 -0.416500 -0.428564
vn 0.730225 -0.416500 -0.541571
vn 0.642856 -0.416500 -0.642856
vn 0.588171 -0.416500 -0.693241
vn 0.529551 -0.416500 -0.738988
vn 0.467389 -0.416500 -0.779792
vn 0.402100 -0.416500 -0.815379
vn 0.334122 -0.416500 -0.845512
vn 0.263908 -0.416500 -0.869989
vn 0.118666 -0.416500 -0.901358
vn -0.029746 -0.416500 -0.908649
vn -0.177364 -0.416500 -0.891667
vn -0.320243 -0.416500 -0.850865
vn -0.388706 -0.416500 -0.821849
vn -0.454568 -0.416500 -0.787335
vn -0.517389 -0.416500 -0.747553
vn -0.576750 -0.416500 -0.702771
vn -0.632252 -0.416500 -0.653288
vn -0.683524 -0.416500 -0.599435
vn -0.730225 -0.416500 -0.541571
vn -0.772040 -0.416500 -0.480085
vn -0.808691 -0.416500 -0.415388
vn -0.839932 -0.416500 -0.347911
vn -0.885386 -0.416500 -0.206443
vn -0.907189 -0.416500 -0.059460
vn -0.904758 -0.416500 0.089111
vn -0.878158 -0.416500 0.235302
vn -0.855991 -0.416500 0.306279
vn -0.828099 -0.416500 0.375207
vn -0.794667 -0.416500 0.441625
vn -0.755919 -0.416500 0.505089
vn -0.712114 -0.416500 0.565174
vn -0.663545 -0.416500 0.621478
vn -0.610538 -0.416500 0.673625
vn -0.553447 -0.416500 0.721266
vn -0.492653 -0.416500 0.764082
vn -0.428564 -0.416500 0.801786
vn -0.361607 -0.416500 0.834127
vn -0.292232 -0.416500 0.860888
vn 0.131634 -0.441796 0.887406
vn 0.260419 -0.441796 0.858486
vn 0.383566 -0.441796 0.810983
vn 0.498411 -0.441796 0.745924
vn 0.602466 -0.441796 0.664719
vn 0.693480 -0.441796 0.569124
vn 0.769482 -0.441796 0.461210
vn 0.828827 -0.441796 0.343311
vn 0.870230 -0.441796 0.217981
vn 0.892796 -0.441796 0.087933
vn 0.896035 -0.441796 -0.044019
vn 0.879878 -0.441796 -0.175019
vn 0.844674 -0.441796 -0.302229
vn 0.791185 -0.441796 -0.422897
vn 0.720570 -0.441796 -0.534411
vn 0.634357 -0.441796 -0.634357
vn 0.580395 -0.441796 -0.684075
vn 0.522550 -0.441796 -0.729218
vn 0.461210 -0.441796 -0.769482
vn 0.396784 -0.441796 -0.804599
vn 0.329704 -0.441796 -0.834333
vn 0.260419 -0.441796 -0.858486
vn 0.117097 -0.441796 -0.889441
vn -0.029353 -0.441796 -0.896635
vn -0.175019 -0.441796 -0.879878
vn -0.316009 -0.441796 -0.839616
vn -0.383566 -0.441796 -0.810983
vn -0.448558 -0.441796 -0.776925
vn -0.510549 -0.441796 -0.737670
vn -0.569124 -0.441796 -0.693480
vn -0.623893 -0.441796 -0.644651
vn -0.674487 -0.441796 -0.591509
vn -0.720570 -0.441796 -0.534411
vn -0.761833 -0.441796 -0.473738
vn -0.797999 -0.441796 -0.409896
vn -0.828827 -0.441796 -0.343311
vn -0.873680 -0.441796 -0.203714
vn -0.895195 -0.441796 -0.058674
vn -0.892796 -0.441796 0.087933
vn -0.866547 -0.441796 0.232191
vn -0.844674 -0.441796 0.302229
vn -0.817150 -0.441796 0.370246
vn -0.784160 -0.441796 0.435786
vn -0.745924 -0.441796 0.498411
vn -0.702699 -0.441796 0.557701
vn -0.654773 -0.441796 0.613261
vn -0.602466 -0.441796 0.664719
vn -0.546129 -0.441796 0.711730
vn -0.486139 -0.441796 0.753979
vn -0.422897 -0.441796 0.791185
vn -0.356826 -0.441796 0.823099
vn -0.288368 -0.441796 0.849506
vn 0.129988 -0.463888 0.876306
vn 0.257161 -0.463888 0.847748
vn 0.378768 -0.463888 0.800839
vn 0.492176 -0.463888 0.736594
vn 0.594930 -0.463888 0.656404
vn 0.684805 -0.463888 0.562005
vn 0.759857 -0.463888 0.455441
vn 0.818459 -0.463888 0.339017
vn 0.859345 -0.463888 0.215255
vn 0.881628 -0.463888 0.086833
vn 0.884827 -0.463888 -0.043469
vn 0.868872 -0.463888 -0.172829
vn 0.834108 -0.463888 -0.298449
vn 0.781289 -0.463888 -0.417608
vn 0.711557 -0.463888 -0.527726
vn 0.626422 -0.463888 -0.626422
vn 0.573135 -0.463888 -0.675518
vn 0.516013 -0.463888 -0.720096
vn 0.455441 -0.463888 -0.759857
vn 0.391821 -0.463888 -0.794534
vn 0.325580 -0.463888 -0.823897
vn 0.257161 -0.463888 -0.847748
vn 0.115632 -0.463888 -0.878315
vn -0.028986 -0.463888 -0.885420
vn -0.172829 -0.463888 -0.868872
vn -0.312056 -0.463888 -0.829113
vn -0.378768 -0.463888 -0.800839
vn -0.442947 -0.463888 -0.767207
vn -0.504162 -0.463888 -0.728442
vn -0.562005 -0.463888 -0.684805
vn -0.616088 -0.463888 -0.636587
vn -0.666050 -0.463888 -0.584110
vn -0.711557 -0.463888 -0.527726
vn -0.752303 -0.463888 -0.467812
vn -0.788017 -0.463888 -0.404768
vn -0.818459 -0.463888 -0.339017
vn -0.862752 -0.463888 -0.201165
vn -0.883997 -0.463888 -0.057940
vn -0.881628 -0.463888 0.086833
vn -0.855708 -0.463888 0.229286
vn -0.834108 -0.463888 0.298449
vn -0.806929 -0.463888 0.365615
vn -0.774351 -0.463888 0.430335
vn -0.736594 -0.463888 0.492176
vn -0.693909 -0.463888 0.550725
vn -0.646582 -0.463888 0.605590
vn -0.594930 -0.463888 0.656404
vn -0.539298 -0.463888 0.702827
vn -0.480058 -0.463888 0.744548
vn -0.417608 -0.463888 0.781289
vn -0.352363 -0.463888 0.812803
vn -0.284761 -0.463888 0.838880
vn 0.128256 -0.485763 0.864630
vn 0.000000 -0.490644 0.871360
vn 0.126393 -0.507935 0.852072
vn 0.000000 -0.521900 0.853006
vn 0.124331 -0.531050 0.838169
vn 0.000000 -0.555946 0.831219
vn 0.121965 -0.555946 0.822222
vn 0.119138 -0.583724 0.803164
vn 0.241290 -0.555946 0.795427
vn 0.235697 -0.583724 0.776990
vn 0.355392 -0.555946 0.751413
vn 0.347154 -0.583724 0.733996
vn 0.461800 -0.555946 0.691133
vn 0.451096 -0.583724 0.675113
vn 0.558212 -0.555946 0.615892
vn 0.545274 -0.583724 0.601617
vn 0.642541 -0.555946 0.527319
vn 0.627647 -0.583724 0.515097
vn 0.712960 -0.555946 0.427332
vn 0.696434 -0.583724 0.417427
vn 0.767946 -0.555946 0.318094
vn 0.750146 -0.583724 0.310721
vn 0.806308 -0.555946 0.201970
vn 0.787619 -0.583724 0.197288
vn 0.827216 -0.555946 0.081474
vn 0.808042 -0.583724 0.079585
vn 0.830217 -0.555946 -0.040786
vn 0.810974 -0.583724 -0.039841
vn 0.815247 -0.555946 -0.162163
vn 0.796351 -0.583724 -0.158404
vn 0.782629 -0.555946 -0.280029
vn 0.764489 -0.583724 -0.273538
vn 0.733069 -0.555946 -0.391834
vn 0.716078 -0.583724 -0.382752
vn 0.667641 -0.555946 -0.495156
vn 0.652166 -0.583724 -0.483679
vn 0.587760 -0.555946 -0.587760
vn 0.574137 -0.583724 -0.574137
vn 0.537762 -0.555946 -0.633827
vn 0.525297 -0.583724 -0.619136
vn 0.484166 -0.555946 -0.675653
vn 0.472944 -0.583724 -0.659993
vn 0.427332 -0.555946 -0.712960
vn 0.417427 -0.583724 -0.696434
vn 0.367639 -0.555946 -0.745497
vn 0.359117 -0.583724 -0.728218
vn 0.305486 -0.555946 -0.773048
vn 0.298405 -0.583724 -0.755129
vn 0.241290 -0.555946 -0.795427
vn 0.235697 -0.583724 -0.776990
vn 0.108496 -0.555946 -0.824107
vn 0.105981 -0.583724 -0.805006
vn -0.027197 -0.555946 -0.830773
vn -0.026566 -0.583724 -0.811517
vn -0.162163 -0.555946 -0.815247
vn -0.158404 -0.583724 -0.796351
vn -0.292797 -0.555946 -0.777942
vn -0.286010 -0.583724 -0.759911
vn -0.355392 -0.555946 -0.751413
vn -0.347154 -0.583724 -0.733996
vn -0.415609 -0.555946 -0.719856
vn -0.405976 -0.583724 -0.703171
vn -0.473047 -0.555946 -0.683485
vn -0.462082 -0.583724 -0.667642
vn -0.527319 -0.555946 -0.642541
vn -0.515097 -0.583724 -0.627647
vn -0.578065 -0.555946 -0.597298
vn -0.564666 -0.583724 -0.583454
vn -0.624943 -0.555946 -0.548060
vn -0.610458 -0.583724 -0.535357
vn -0.667641 -0.555946 -0.495156
vn -0.652166 -0.583724 -0.483679
vn -0.705873 -0.555946 -0.438940
vn -0.689511 -0.583724 -0.428766
vn -0.739382 -0.555946 -0.379787
vn -0.722244 -0.583724 -0.370984
vn -0.767946 -0.555946 -0.318094
vn -0.750146 -0.583724 -0.310721
vn -0.809505 -0.555946 -0.188750
vn -0.790741 -0.583724 -0.184375
vn -0.829439 -0.555946 -0.054364
vn -0.810214 -0.583724 -0.053104
vn -0.827216 -0.555946 0.081474
vn -0.808042 -0.583724 0.079585
vn -0.802895 -0.555946 0.215135
vn -0.784285 -0.583724 0.210149
vn -0.782629 -0.555946 0.280029
vn -0.764489 -0.583724 0.273538
vn -0.757127 -0.555946 0.343050
vn -0.739578 -0.583724 0.335098
vn -0.726560 -0.555946 0.403776
vn -0.709719 -0.583724 0.394417
vn -0.691133 -0.555946 0.461800
vn -0.675113 -0.583724 0.451096
vn -0.651082 -0.555946 0.516736
vn -0.635991 -0.583724 0.504759
vn -0.606677 -0.555946 0.568215
vn -0.592615 -0.583724 0.555044
vn -0.558212 -0.555946 0.615892
vn -0.545274 -0.583724 0.601617
vn -0.506014 -0.555946 0.659450
vn 0.000000 -0.595604 0.803278
vn 0.115604 -0.615842 0.779342
vn 0.228706 -0.615842 0.753944
vn 0.336858 -0.615842 0.712226
vn 0.437717 -0.615842 0.655090
vn 0.529101 -0.615842 0.583773
vn 0.609031 -0.615842 0.499819
vn 0.675778 -0.615842 0.405046
vn 0.727897 -0.615842 0.301505
vn 0.764258 -0.615842 0.191437
vn 0.784076 -0.615842 0.077225
vn 0.786921 -0.615842 -0.038659
vn 0.772731 -0.615842 -0.153706
vn 0.741814 -0.615842 -0.265425
vn 0.694839 -0.615842 -0.371399
vn 0.632823 -0.615842 -0.469333
vn 0.557108 -0.615842 -0.557108
vn 0.509717 -0.615842 -0.600772
vn 0.458917 -0.615842 -0.640417
vn 0.405046 -0.615842 -0.675778
vn 0.348466 -0.615842 -0.706619
vn 0.289555 -0.615842 -0.732732
vn 0.228706 -0.615842 -0.753944
vn 0.102838 -0.615842 -0.781129
vn -0.025778 -0.615842 -0.787448
vn -0.153706 -0.615842 -0.772731
vn -0.277527 -0.615842 -0.737372
vn -0.336858 -0.615842 -0.712226
vn -0.393935 -0.615842 -0.682315
vn -0.448377 -0.615842 -0.647840
vn -0.499819 -0.615842 -0.609031
vn -0.547918 -0.615842 -0.566149
vn -0.592352 -0.615842 -0.519479
vn -0.632823 -0.615842 -0.469333
vn -0.669061 -0.615842 -0.416049
vn -0.700823 -0.615842 -0.359981
vn -0.727897 -0.615842 -0.301505
vn -0.767288 -0.615842 -0.178906
vn -0.786183 -0.615842 -0.051529
vn -0.784076 -0.615842 0.077225
vn -0.761024 -0.615842 0.203916
vn -0.741814 -0.615842 0.265425
vn -0.717642 -0.615842 0.325159
vn -0.688669 -0.615842 0.382718
vn -0.655090 -0.615842 0.437717
vn -0.617128 -0.615842 0.489788
vn -0.575038 -0.615842 0.538582
vn 0.000000 -0.645051 0.764140
vn 0.110969 -0.654252 0.748091
vn 0.219535 -0.654252 0.723711
vn 0.323350 -0.654252 0.683666
vn 0.420165 -0.654252 0.628821
vn 0.507884 -0.654252 0.560364
vn 0.584609 -0.654252 0.479777
vn 0.648680 -0.654252 0.388804
vn 0.698708 -0.654252 0.289414
vn 0.733612 -0.654252 0.183760
vn 0.752635 -0.654252 0.074128
vn 0.755365 -0.654252 -0.037109
vn 0.741745 -0.654252 -0.147542
vn 0.712067 -0.654252 -0.254782
vn 0.666976 -0.654252 -0.356506
vn 0.607447 -0.654252 -0.450513
vn 0.534768 -0.654252 -0.534768
vn 0.489278 -0.654252 -0.576681
vn 0.440514 -0.654252 -0.614737
vn 0.388804 -0.654252 -0.648680
vn 0.334492 -0.654252 -0.678284
vn 0.277944 -0.654252 -0.703350
vn 0.219535 -0.654252 -0.723711
vn 0.098714 -0.654252 -0.749806
vn -0.024745 -0.654252 -0.755871
vn -0.147542 -0.654252 -0.741745
vn -0.266398 -0.654252 -0.707803
vn -0.323350 -0.654252 -0.683666
vn -0.378138 -0.654252 -0.654954
vn -0.430397 -0.654252 -0.621862
vn -0.479777 -0.654252 -0.584609
vn -0.525947 -0.654252 -0.543446
vn -0.568599 -0.654252 -0.498648
vn -0.607447 -0.654252 -0.450513
vn -0.642231 -0.654252 -0.399365
vn -0.672720 -0.654252 -0.345546
vn -0.698708 -0.654252 -0.289414
vn -0.736520 -0.654252 -0.171732
vn -0.754657 -0.654252 -0.049463
vn -0.752635 -0.654252 0.074128
vn -0.730507 -0.654252 0.195739
vn -0.712067 -0.654252 0.254782
vn -0.688865 -0.654252 0.312121
vn -0.661054 -0.654252 0.367371
vn -0.628821 -0.654252 0.420165
vn -0.592381 -0.654252 0.470147
vn 0.000000 -0.710534 0.703663
vn 0.101849 -0.719858 0.686608
vn 0.201493 -0.719858 0.664232
vn 0.296775 -0.719858 0.627478
vn 0.385633 -0.719858 0.577141
vn 0.466143 -0.719858 0.514310
vn 0.536563 -0.719858 0.440346
vn 0.595368 -0.719858 0.356850
vn 0.641284 -0.719858 0.265629
vn 0.673319 -0.719858 0.168658
vn 0.690779 -0.719858 0.068036
vn 0.693285 -0.719858 -0.034059
vn 0.680784 -0.719858 -0.135416
vn 0.653546 -0.719858 -0.233842
vn 0.612160 -0.719858 -0.327206
vn 0.557523 -0.719858 -0.413487
vn 0.490818 -0.719858 -0.490818
vn 0.449066 -0.719858 -0.529286
vn 0.404310 -0.719858 -0.564214
vn 0.356850 -0.719858 -0.595368
vn 0.307002 -0.719858 -0.622538
vn 0.255101 -0.719858 -0.645545
vn 0.201493 -0.719858 -0.664232
vn 0.090601 -0.719858 -0.688183
vn -0.022711 -0.719858 -0.693749
vn -0.135416 -0.719858 -0.680784
vn -0.244504 -0.719858 -0.649632
vn -0.296775 -0.719858 -0.627478
vn -0.347061 -0.719858 -0.601127
vn -0.395024 -0.719858 -0.570754
vn -0.440346 -0.719858 -0.536563
vn -0.482721 -0.719858 -0.498783
vn -0.521868 -0.719858 -0.457666
vn -0.557523 -0.719858 -0.413487
vn -0.589449 -0.719858 -0.366543
vn -0.617432 -0.719858 -0.317147
vn -0.641284 -0.719858 -0.265629
vn -0.675989 -0.719858 -0.157618
vn -0.692635 -0.719858 -0.045398
vn -0.690779 -0.719858 0.068036
vn -0.670469 -0.719858 0.179652
vn -0.653546 -0.719858 0.233842
vn -0.632250 -0.719858 0.286469
vn -0.606725 -0.719858 0.337179
vn -0.577141 -0.719858 0.385633
vn 0.000000 -0.800334 0.599555
vn 0.086296 -0.808771 0.581758
vn 0.170723 -0.808771 0.562800
vn 0.251455 -0.808771 0.531658
vn 0.326744 -0.808771 0.489007
vn 0.394960 -0.808771 0.435771
vn 0.454626 -0.808771 0.373102
vn 0.504451 -0.808771 0.302356
vn 0.543356 -0.808771 0.225065
vn 0.570499 -0.808771 0.142902
vn 0.585292 -0.808771 0.057646
vn 0.587416 -0.808771 -0.028858
vn 0.576823 -0.808771 -0.114737
vn 0.553745 -0.808771 -0.198133
vn 0.518679 -0.808771 -0.277240
vn 0.472386 -0.808771 -0.350345
vn 0.415866 -0.808771 -0.415866
vn 0.380490 -0.808771 -0.448461
vn 0.342569 -0.808771 -0.478055
vn 0.302356 -0.808771 -0.504451
vn 0.260121 -0.808771 -0.527472
vn 0.216145 -0.808771 -0.546965
vn 0.170723 -0.808771 -0.562800
vn 0.076766 -0.808771 -0.583093
vn -0.019243 -0.808771 -0.587809
vn -0.114737 -0.808771 -0.576823
vn -0.207167 -0.808771 -0.550429
vn -0.251455 -0.808771 -0.531658
vn -0.294062 -0.808771 -0.509330
vn -0.334701 -0.808771 -0.483596
vn -0.373102 -0.808771 -0.454626
vn -0.409007 -0.808771 -0.422615
vn -0.442175 -0.808771 -0.387777
vn -0.472386 -0.808771 -0.350345
vn -0.499436 -0.808771 -0.310569
vn -0.523146 -0.808771 -0.268716
vn -0.543356 -0.808771 -0.225065
vn -0.572760 -0.808771 -0.133549
vn -0.586865 -0.808771 -0.038465
vn -0.585292 -0.808771 0.057646
vn -0.568084 -0.808771 0.152218
vn -0.553745 -0.808771 0.198133
vn -0.535701 -0.808771 0.242723
vn -0.514074 -0.808771 0.285689
vn 0.000000 -0.915809 0.401615
vn 0.057309 -0.920572 0.386345
vn 0.113377 -0.920572 0.373755
vn 0.166991 -0.920572 0.353074
vn 0.216991 -0.920572 0.324749
vn 0.262293 -0.920572 0.289395
vn 0.301917 -0.920572 0.247777
vn 0.335006 -0.920572 0.200795
vn 0.360842 -0.920572 0.149466
vn 0.378868 -0.920572 0.094901
vn 0.388692 -0.920572 0.038283
vn 0.390102 -0.920572 -0.019165
vn 0.383068 -0.920572 -0.076197
vn 0.367742 -0.920572 -0.131580
vn 0.344454 -0.920572 -0.184115
vn 0.313711 -0.920572 -0.232664
vn 0.276177 -0.920572 -0.276177
vn 0.252684 -0.920572 -0.297822
vn 0.227500 -0.920572 -0.317476
vn 0.200795 -0.920572 -0.335006
vn 0.172746 -0.920572 -0.350294
vn 0.143542 -0.920572 -0.363239
vn 0.113377 -0.920572 -0.373755
vn 0.050980 -0.920572 -0.387231
vn -0.012779 -0.920572 -0.390364
vn -0.076197 -0.920572 -0.383068
vn -0.137579 -0.920572 -0.365539
vn -0.166991 -0.920572 -0.353074
vn -0.195286 -0.920572 -0.338246
vn -0.222275 -0.920572 -0.321156
vn -0.247777 -0.920572 -0.301917
vn -0.271621 -0.920572 -0.280658
vn -0.293648 -0.920572 -0.257523
vn -0.313711 -0.920572 -0.232664
vn -0.331675 -0.920572 -0.206249
vn -0.347421 -0.920572 -0.178454
vn -0.360842 -0.920572 -0.149466
vn -0.380370 -0.920572 -0.088690
vn -0.389737 -0.920572 -0.025545
vn -0.388692 -0.920572 0.038283
vn -0.377264 -0.920572 0.101088
vn -0.367742 -0.920572 0.131580
vn -0.355759 -0.920572 0.161192
vn 0.000000 -0.970564 0.240843
vn 0.034237 -0.972397 0.230806
vn 0.067732 -0.972397 0.223284
vn 0.099762 -0.972397 0.210929
vn 0.129632 -0.972397 0.194008
vn 0.156696 -0.972397 0.172887
vn 0.180367 -0.972397 0.148024
vn 0.200135 -0.972397 0.119956
vn 0.215570 -0.972397 0.089292
vn 0.226339 -0.972397 0.056695
vn 0.232208 -0.972397 0.022870
vn 0.233050 -0.972397 -0.011449
vn 0.228848 -0.972397 -0.045521
vn 0.219692 -0.972397 -0.078607
vn 0.205780 -0.972397 -0.109992
vn 0.187413 -0.972397 -0.138995
vn 0.164990 -0.972397 -0.164990
vn 0.150955 -0.972397 -0.177921
vn 0.135910 -0.972397 -0.189663
vn 0.119956 -0.972397 -0.200135
vn 0.103200 -0.972397 -0.209268
vn 0.085753 -0.972397 -0.217002
vn 0.067732 -0.972397 -0.223284
vn 0.030456 -0.972397 -0.231335
vn -0.007634 -0.972397 -0.233206
vn -0.045521 -0.972397 -0.228848
vn -0.082191 -0.972397 -0.218376
vn -0.099762 -0.972397 -0.210929
vn -0.116666 -0.972397 -0.202071
vn -0.132789 -0.972397 -0.191861
vn -0.148024 -0.972397 -0.180367
vn -0.162268 -0.972397 -0.167668
vn -0.175428 -0.972397 -0.153846
vn -0.187413 -0.972397 -0.138995
vn -0.198145 -0.972397 -0.123215
vn -0.207552 -0.972397 -0.106610
vn -0.215570 -0.972397 -0.089292
vn -0.227236 -0.972397 -0.052984
vn -0.232832 -0.972397 -0.015261
vn -0.232208 -0.972397 0.022870
vn -0.225381 -0.972397 0.060391
vn -0.219692 -0.972397 0.078607
vn 0.000000 -0.999592 0.028558
vn -0.063623 -0.920572 0.385356
vn -0.038009 -0.972397 0.230215
vn -0.004652 -0.999592 0.028176
vn -0.095803 -0.808771 0.580269
vn -0.113069 -0.719858 0.684850
vn -0.123194 -0.654252 0.746175
vn -0.128340 -0.615842 0.777346
vn -0.132263 -0.583724 0.801107
vn -0.135402 -0.555946 0.820116
vn -0.138028 -0.531050 0.836023
vn -0.267186 -0.555946 0.787106
vn -0.272369 -0.531050 0.802372
vn -0.330616 -0.555946 0.762638
vn -0.140317 -0.507935 0.849890
vn -0.153614 -0.332730 0.930426
vn -0.155294 -0.301916 0.940601
vn -0.156847 -0.269976 0.950006
vn -0.158237 -0.237438 0.958428
vn -0.157003 -0.205050 0.966077
vn -0.309939 -0.205050 0.928381
vn -0.312247 -0.237438 0.919850
vn -0.309504 -0.269976 0.911768
vn -0.382979 -0.269976 0.883425
vn -0.379187 -0.301916 0.874679
vn -0.449399 -0.301916 0.840766
vn -0.444538 -0.332730 0.831671
vn -0.511016 -0.332730 0.792561
vn -0.386374 -0.237438 0.891257
vn -0.454848 -0.205050 0.866641
vn -0.457916 -0.237438 0.856701
vn -0.526395 -0.237438 0.816414
vn -0.521770 -0.269976 0.809240
vn -0.586156 -0.269976 0.763894
vn -0.580353 -0.301916 0.756331
vn -0.640220 -0.301916 0.706374
vn -0.633295 -0.332730 0.698733
vn -0.688278 -0.332730 0.644643
vn -0.587977 -0.205050 0.782456
vn -0.591352 -0.237438 0.770666
vn -0.646622 -0.269976 0.713438
vn -0.695805 -0.301916 0.651692
vn -0.738657 -0.332730 0.586240
vn -0.652354 -0.237438 0.719762
vn -0.705878 -0.205050 0.678005
vn -0.708992 -0.237438 0.664043
vn -0.760887 -0.237438 0.603883
vn -0.754201 -0.269976 0.598577
vn -0.800595 -0.269976 0.534940
vn -0.792669 -0.301916 0.529644
vn -0.833301 -0.301916 0.463095
vn -0.824286 -0.332730 0.458086
vn -0.858965 -0.332730 0.389192
vn -0.805497 -0.205050 0.555994
vn -0.807692 -0.237438 0.539682
vn -0.841633 -0.269976 0.467726
vn -0.868358 -0.301916 0.393448
vn -0.887897 -0.332730 0.317695
vn -0.849094 -0.237438 0.471872
vn -0.884253 -0.205050 0.419583
vn -0.884816 -0.237438 0.400905
vn -0.914618 -0.237438 0.327256
vn -0.906582 -0.269976 0.324380
vn -0.930058 -0.269976 0.249208
vn -0.920850 -0.301916 0.246741
vn -0.948744 -0.301916 0.093443
vn -0.938481 -0.332730 0.092432
vn -0.941003 -0.332730 -0.061677
vn -0.940108 -0.205050 0.272306
vn -0.938303 -0.237438 0.251418
vn -0.958231 -0.269976 0.094377
vn -0.951293 -0.301916 -0.062351
vn -0.918387 -0.332730 -0.214138
vn -0.971615 -0.205050 0.117975
vn -0.966725 -0.237438 0.095214
vn -0.960806 -0.269976 -0.062975
vn -0.928431 -0.301916 -0.216480
vn -0.871239 -0.332730 -0.360879
vn -0.977958 -0.205050 -0.039410
vn -0.969323 -0.237438 -0.063533
vn -0.937714 -0.269976 -0.218644
vn -0.880766 -0.301916 -0.364825
vn -0.838833 -0.332730 -0.430870
vn -0.958971 -0.205050 -0.195775
vn -0.946027 -0.237438 -0.220582
vn -0.889573 -0.269976 -0.368473
vn -0.848006 -0.301916 -0.435582
vn -0.800816 -0.332730 -0.497980
vn -0.915148 -0.205050 -0.347070
vn -0.897459 -0.237438 -0.371740
vn -0.856486 -0.269976 -0.439938
vn -0.809574 -0.301916 -0.503425
vn -0.757442 -0.332730 -0.561758
vn -0.864078 -0.237438 -0.443838
vn -0.847624 -0.205050 -0.489376
vn -0.824917 -0.237438 -0.512967
vn -0.780238 -0.237438 -0.578664
vn -0.773382 -0.269976 -0.573579
vn -0.723922 -0.269976 -0.634862
vn -0.716755 -0.301916 -0.628577
vn -0.662989 -0.301916 -0.685049
vn -0.655818 -0.332730 -0.677638
vn -0.598247 -0.332730 -0.728966
vn -0.758146 -0.205050 -0.619007
vn -0.730339 -0.237438 -0.640490
vn -0.669619 -0.269976 -0.691899
vn -0.604789 -0.301916 -0.736938
vn -0.536674 -0.332730 -0.775417
vn -0.675555 -0.237438 -0.698032
vn -0.649032 -0.205050 -0.732606
vn -0.616251 -0.237438 -0.750904
vn -0.552825 -0.237438 -0.798754
vn -0.547968 -0.269976 -0.791735
vn -0.481434 -0.269976 -0.833867
vn -0.476667 -0.301916 -0.825612
vn -0.407603 -0.301916 -0.861804
vn -0.403194 -0.332730 -0.852482
vn -0.332180 -0.332730 -0.882580
vn -0.523109 -0.205050 -0.827231
vn -0.485701 -0.237438 -0.841259
vn -0.411679 -0.269976 -0.870422
vn -0.335812 -0.301916 -0.892231
vn -0.183974 -0.332730 -0.924902
vn -0.383638 -0.205050 -0.900431
vn -0.415328 -0.237438 -0.878138
vn -0.339170 -0.269976 -0.901153
vn -0.185986 -0.301916 -0.935016
vn -0.030855 -0.332730 -0.942517
vn -0.342177 -0.237438 -0.909141
vn -0.234231 -0.205050 -0.950311
vn -0.189511 -0.237438 -0.952737
vn -0.078757 -0.205050 -0.975578
vn -0.031783 -0.237438 -0.970883
vn 0.078757 -0.205050 -0.975578
vn 0.126793 -0.237438 -0.963092
vn 0.234231 -0.205050 -0.950311
vn 0.281983 -0.237438 -0.929574
vn 0.383638 -0.205050 -0.900431
vn 0.357006 -0.237438 -0.903421
vn 0.429640 -0.237438 -0.871225
vn 0.425865 -0.269976 -0.863569
vn 0.495013 -0.269976 -0.825879
vn 0.490112 -0.301916 -0.817702
vn 0.555296 -0.301916 -0.774915
vn 0.549289 -0.332730 -0.766532
vn 0.610094 -0.332730 -0.719080
vn 0.523109 -0.205050 -0.827231
vn 0.499401 -0.237438 -0.833200
vn 0.560849 -0.269976 -0.782663
vn 0.616766 -0.301916 -0.726944
vn 0.666817 -0.332730 -0.666817
vn 0.565820 -0.237438 -0.789601
vn 0.649032 -0.205050 -0.732606
vn 0.628455 -0.237438 -0.740721
vn 0.686885 -0.237438 -0.686885
vn 0.680850 -0.269976 -0.680850
vn 0.773382 -0.269976 -0.573579
vn 0.765725 -0.301916 -0.567901
vn 0.840766 -0.301916 -0.449399
vn 0.831671 -0.332730 -0.444538
vn 0.887897 -0.332730 -0.317695
vn 0.758146 -0.205050 -0.619007
vn 0.780238 -0.237438 -0.578664
vn 0.849173 -0.269976 -0.453892
vn 0.897606 -0.301916 -0.321169
vn 0.924902 -0.332730 -0.183974
vn 0.847624 -0.205050 -0.489376
vn 0.856701 -0.237438 -0.457916
vn 0.906582 -0.269976 -0.324380
vn 0.935016 -0.301916 -0.185986
vn 0.941886 -0.332730 -0.046272
vn 0.915148 -0.205050 -0.347070
vn 0.914618 -0.237438 -0.327256
vn 0.944366 -0.269976 -0.187846
vn 0.952186 -0.301916 -0.046778
vn 0.938481 -0.332730 0.092432
vn 0.958971 -0.205050 -0.195775
vn 0.952737 -0.237438 -0.189511
vn 0.961707 -0.269976 -0.047246
vn 0.948744 -0.301916 0.093443
vn 0.914761 -0.332730 0.229136
vn 0.970233 -0.237438 -0.047664
vn 0.977958 -0.205050 -0.039410
vn 0.966725 -0.237438 0.095214
vn 0.971615 -0.205050 0.117975
vn 0.942291 -0.237438 0.236032
vn 0.940108 -0.205050 0.272306
vn 0.897459 -0.237438 0.371740
vn 0.884253 -0.205050 0.419583
vn 0.833200 -0.237438 0.499401
vn 0.805497 -0.205050 0.555994
vn 0.750904 -0.237438 0.616251
vn 0.705878 -0.205050 0.678005
vn 0.652354 -0.237438 0.719762
vn 0.587977 -0.205050 0.782456
vn 0.539682 -0.237438 0.807692
vn 0.454848 -0.205050 0.866641
vn 0.415328 -0.237438 0.878138
vn 0.309939 -0.205050 0.928381
vn 0.281983 -0.237438 0.929574
vn 0.004190 -0.999592 0.028249
vn 0.008290 -0.999592 0.027328
vn 0.012210 -0.999592 0.025816
vn 0.015866 -0.999592 0.023745
vn 0.019178 -0.999592 0.021160
vn 0.022075 -0.999592 0.018117
vn 0.024495 -0.999592 0.014682
vn 0.026384 -0.999592 0.010929
vn 0.027702 -0.999592 0.006939
vn 0.028420 -0.999592 0.002799
vn 0.028523 -0.999592 -0.001401
vn 0.028009 -0.999592 -0.005571
vn 0.026888 -0.999592 -0.009621
vn 0.022938 -0.999592 -0.017012
vn 0.020193 -0.999592 -0.020193
vn 0.018476 -0.999592 -0.021776
vn 0.016634 -0.999592 -0.023213
vn 0.014682 -0.999592 -0.024495
vn 0.012631 -0.999592 -0.025613
vn 0.010495 -0.999592 -0.026559
vn 0.008290 -0.999592 -0.027328
vn 0.003728 -0.999592 -0.028313
vn -0.000934 -0.999592 -0.028542
vn -0.005571 -0.999592 -0.028009
vn -0.010059 -0.999592 -0.026727
vn -0.012210 -0.999592 -0.025816
vn -0.014279 -0.999592 -0.024732
vn -0.016252 -0.999592 -0.023482
vn -0.018117 -0.999592 -0.022075
vn -0.019860 -0.999592 -0.020521
vn -0.021471 -0.999592 -0.018829
vn -0.022938 -0.999592 -0.017012
vn -0.025403 -0.999592 -0.013048
vn -0.026384 -0.999592 -0.010929
vn -0.027812 -0.999592 -0.006485
vn -0.028497 -0.999592 -0.001868
vn -0.028420 -0.999592 0.002799
vn -0.027585 -0.999592 0.007391
vn -0.026888 -0.999592 0.009621
vn -0.024962 -0.999592 0.013872
vn -0.194008 -0.972397 0.129632
vn -0.023745 -0.999592 0.015866
vn -0.182765 -0.972397 0.145053
vn -0.022369 -0.999592 0.017753
vn -0.170300 -0.972397 0.159503
vn -0.020843 -0.999592 0.019522
vn -0.156696 -0.972397 0.172887
vn -0.019178 -0.999592 0.021160
vn -0.142043 -0.972397 0.185114
vn -0.017385 -0.999592 0.022656
vn -0.126440 -0.972397 0.196103
vn -0.015475 -0.999592 0.024001
vn -0.109992 -0.972397 0.205780
vn -0.013462 -0.999592 0.025186
vn -0.092807 -0.972397 0.214080
vn -0.011359 -0.999592 0.026202
vn -0.075002 -0.972397 0.220948
vn -0.009180 -0.999592 0.027042
vn 0.024732 -0.999592 -0.014279
vn -0.024732 -0.999592 -0.014279
vn 0.245970 -0.531050 0.810854
vn 0.362285 -0.531050 0.765987
vn 0.470757 -0.531050 0.704538
vn 0.569039 -0.531050 0.627838
vn 0.655003 -0.531050 0.537547
vn 0.726788 -0.531050 0.435620
vn 0.782840 -0.531050 0.324263
vn 0.821947 -0.531050 0.205887
vn 0.843260 -0.531050 0.083054
vn 0.846320 -0.531050 -0.041577
vn 0.831059 -0.531050 -0.165308
vn 0.797808 -0.531050 -0.285460
vn 0.747288 -0.531050 -0.399434
vn 0.680590 -0.531050 -0.504760
vn 0.599160 -0.531050 -0.599160
vn 0.548192 -0.531050 -0.646120
vn 0.493557 -0.531050 -0.688758
vn 0.435620 -0.531050 -0.726788
vn 0.374769 -0.531050 -0.759957
vn 0.311411 -0.531050 -0.788041
vn 0.245970 -0.531050 -0.810854
vn 0.110600 -0.531050 -0.840091
vn -0.027724 -0.531050 -0.846887
vn -0.165308 -0.531050 -0.831059
vn -0.298476 -0.531050 -0.793031
vn -0.362285 -0.531050 -0.765987
vn -0.423670 -0.531050 -0.733818
vn -0.482222 -0.531050 -0.696741
vn -0.537547 -0.531050 -0.655003
vn -0.589277 -0.531050 -0.608883
vn -0.637064 -0.531050 -0.558690
vn -0.680590 -0.531050 -0.504760
vn -0.719563 -0.531050 -0.447453
vn -0.753723 -0.531050 -0.387153
vn -0.782840 -0.531050 -0.324263
vn -0.825205 -0.531050 -0.192411
vn -0.845526 -0.531050 -0.055419
vn -0.843260 -0.531050 0.083054
vn -0.818468 -0.531050 0.219308
vn -0.797808 -0.531050 0.285460
vn -0.771812 -0.531050 0.349703
vn -0.740652 -0.531050 0.411607
vn -0.704538 -0.531050 0.470757
vn -0.663711 -0.531050 0.526758
vn -0.618443 -0.531050 0.579235
vn -0.569039 -0.531050 0.627838
vn -0.515828 -0.531050 0.672240
vn -0.459167 -0.531050 0.712146
vn 0.250050 -0.507935 0.824304
vn 0.368294 -0.507935 0.778692
vn 0.478566 -0.507935 0.716224
vn 0.578478 -0.507935 0.638252
vn 0.665868 -0.507935 0.546463
vn 0.738843 -0.507935 0.442846
vn 0.795826 -0.507935 0.329642
vn 0.835580 -0.507935 0.209302
vn 0.857248 -0.507935 0.084432
vn 0.860358 -0.507935 -0.042267
vn 0.844844 -0.507935 -0.168050
vn 0.811042 -0.507935 -0.290195
vn 0.759683 -0.507935 -0.406059
vn 0.691879 -0.507935 -0.513133
vn 0.609099 -0.507935 -0.609099
vn 0.557285 -0.507935 -0.656837
vn 0.501744 -0.507935 -0.700182
vn 0.442846 -0.507935 -0.738843
vn 0.380985 -0.507935 -0.772562
vn 0.316577 -0.507935 -0.801113
vn 0.250050 -0.507935 -0.824304
vn 0.112435 -0.507935 -0.854026
vn -0.028184 -0.507935 -0.860934
vn -0.168050 -0.507935 -0.844844
vn -0.303427 -0.507935 -0.806185
vn -0.368294 -0.507935 -0.778692
vn -0.430698 -0.507935 -0.745990
vn -0.490220 -0.507935 -0.708298
vn -0.546463 -0.507935 -0.665868
vn -0.599051 -0.507935 -0.618983
vn -0.647631 -0.507935 -0.567957
vn -0.691879 -0.507935 -0.513133
vn -0.731499 -0.507935 -0.454875
vn -0.766225 -0.507935 -0.393575
vn -0.795826 -0.507935 -0.329642
vn -0.838893 -0.507935 -0.195602
vn -0.859551 -0.507935 -0.056338
vn -0.857248 -0.507935 0.084432
vn -0.832044 -0.507935 0.222946
vn -0.811042 -0.507935 0.290195
vn -0.784614 -0.507935 0.355504
vn -0.752937 -0.507935 0.418434
vn -0.716224 -0.507935 0.478566
vn -0.674720 -0.507935 0.535496
vn -0.628702 -0.507935 0.588843
vn -0.578478 -0.507935 0.638252
vn -0.524384 -0.507935 0.683391
vn -0.466783 -0.507935 0.723958
vn -0.406059 -0.507935 0.759683
vn 0.253735 -0.485763 0.836452
vn 0.373722 -0.485763 0.790168
vn 0.485619 -0.485763 0.726780
vn 0.587003 -0.485763 0.647658
vn 0.675681 -0.485763 0.554517
vn 0.749732 -0.485763 0.449372
vn 0.807554 -0.485763 0.334500
vn 0.847895 -0.485763 0.212387
vn 0.869881 -0.485763 0.085676
vn 0.873038 -0.485763 -0.042890
vn 0.857295 -0.485763 -0.170527
vn 0.822995 -0.485763 -0.294472
vn 0.770879 -0.485763 -0.412043
vn 0.702076 -0.485763 -0.520695
vn 0.618075 -0.485763 -0.618075
vn 0.565498 -0.485763 -0.666518
vn 0.509138 -0.485763 -0.710501
vn 0.449372 -0.485763 -0.749732
vn 0.386600 -0.485763 -0.783948
vn 0.321242 -0.485763 -0.812919
vn 0.253735 -0.485763 -0.836452
vn 0.114092 -0.485763 -0.866612
vn -0.028599 -0.485763 -0.873622
vn -0.170527 -0.485763 -0.857295
vn -0.307898 -0.485763 -0.818066
vn -0.373722 -0.485763 -0.790168
vn -0.437045 -0.485763 -0.756984
vn -0.497445 -0.485763 -0.718737
vn -0.554517 -0.485763 -0.675681
vn -0.607880 -0.485763 -0.628105
vn -0.657176 -0.485763 -0.576328
vn -0.702076 -0.485763 -0.520695
vn -0.742279 -0.485763 -0.461579
vn -0.777517 -0.485763 -0.399375
vn -0.807554 -0.485763 -0.334500
vn -0.851257 -0.485763 -0.198485
vn -0.872219 -0.485763 -0.057168
vn -0.869881 -0.485763 0.085676
vn -0.844306 -0.485763 0.226231
vn -0.822995 -0.485763 0.294472
vn -0.796177 -0.485763 0.360743
vn -0.764034 -0.485763 0.424601
vn -0.726780 -0.485763 0.485619
vn -0.684663 -0.485763 0.543388
vn -0.637967 -0.485763 0.597521
vn -0.587003 -0.485763 0.647658
vn -0.532113 -0.485763 0.693463
vn -0.473662 -0.485763 0.734628
vn -0.412043 -0.485763 0.770879
vn -0.347668 -0.485763 0.801973
vn 0.273745 -0.332730 0.902416
vn 0.403194 -0.332730 0.852482
vn 0.523915 -0.332730 0.784094
vn 0.633295 -0.332730 0.698733
vn 0.728966 -0.332730 0.598247
vn 0.808857 -0.332730 0.484810
vn 0.871239 -0.332730 0.360879
vn 0.276738 -0.301916 0.912284
vn 0.407603 -0.301916 0.861804
vn 0.529644 -0.301916 0.792669
vn 0.640220 -0.301916 0.706374
vn 0.736938 -0.301916 0.604789
vn 0.817702 -0.301916 0.490112
vn 0.880766 -0.301916 0.364825
vn 0.924764 -0.301916 0.231641
vn 0.279506 -0.269976 0.921406
vn 0.411679 -0.269976 0.870422
vn 0.534940 -0.269976 0.800595
vn 0.646622 -0.269976 0.713438
vn 0.744306 -0.269976 0.610836
vn 0.825879 -0.269976 0.495013
vn 0.889573 -0.269976 0.368473
vn 0.934011 -0.269976 0.233958
vn 0.958231 -0.269976 0.094377
vn -0.306439 -0.301916 0.902741
vn -0.303125 -0.332730 0.892976
vn -0.260993 -0.583724 0.768862
vn -0.322953 -0.583724 0.744962
vn -0.382752 -0.583724 0.716078
vn -0.253252 -0.615842 0.746058
vn -0.313374 -0.615842 0.722866
vn -0.371399 -0.615842 0.694839
vn -0.426940 -0.615842 0.662164
vn -0.243097 -0.654252 0.716141
vn -0.300808 -0.654252 0.693879
vn -0.356506 -0.654252 0.666976
vn -0.409820 -0.654252 0.635611
vn -0.460392 -0.654252 0.599994
vn -0.223118 -0.719858 0.657284
vn -0.276086 -0.719858 0.636852
vn -0.327206 -0.719858 0.612160
vn -0.376138 -0.719858 0.583373
vn -0.422554 -0.719858 0.550683
vn -0.466143 -0.719858 0.514310
vn -0.189046 -0.808771 0.556912
vn -0.233925 -0.808771 0.539601
vn -0.277240 -0.808771 0.518679
vn -0.318699 -0.808771 0.494288
vn -0.358027 -0.808771 0.466590
vn -0.394960 -0.808771 0.435771
vn -0.429251 -0.808771 0.402037
vn -0.125546 -0.920572 0.369845
vn -0.155350 -0.920572 0.358348
vn -0.184115 -0.920572 0.344454
vn -0.211648 -0.920572 0.328256
vn -0.237766 -0.920572 0.309862
vn -0.262293 -0.920572 0.289395
vn -0.285065 -0.920572 0.266993
vn -0.305931 -0.920572 0.242804
vn -0.375086 -0.332730 0.865218
vn -0.453892 -0.269976 0.849173
vn -0.516604 -0.301916 0.801228
vn -0.574075 -0.332730 0.748150
vn -0.702762 -0.269976 0.658209
vn -0.746734 -0.301916 0.592650
vn -0.784094 -0.332730 0.523915
vn -0.877041 -0.269976 0.397382
vn -0.897606 -0.301916 0.321169
vn -0.910889 -0.332730 0.244072
vn -0.817669 -0.269976 -0.508459
vn -0.765725 -0.301916 -0.567901
vn -0.709002 -0.332730 -0.621778
vn -0.610836 -0.269976 -0.744306
vn -0.542543 -0.301916 -0.783897
vn -0.471511 -0.332730 -0.816681
vn -0.187846 -0.269976 -0.944366
vn -0.031192 -0.301916 -0.952824
vn 0.123089 -0.332730 -0.934954
vn -0.031504 -0.269976 -0.962352
vn 0.124435 -0.301916 -0.945179
vn 0.273745 -0.332730 -0.902416
vn 0.125679 -0.269976 -0.954630
vn 0.276738 -0.301916 -0.912284
vn 0.346576 -0.332730 -0.877027
vn 0.279506 -0.269976 -0.921406
vn 0.350366 -0.301916 -0.886618
vn 0.417088 -0.332730 -0.845771
vn 0.353869 -0.269976 -0.895483
vn 0.421649 -0.301916 -0.855020
vn 0.484810 -0.332730 -0.808857
vn 0.622933 -0.269976 -0.734212
vn 0.674109 -0.301916 -0.674109
vn 0.757442 -0.332730 -0.561758
vn -0.000000 1.000000 -0.000000
vn -0.000000 1.000000 -0.000000
vn -0.000000 1.000000 -0.000000
vn -0.000000 1.000000 -0.000000
vn -0.000000 1.000000 -0.000000
vn -0.000000 1.000000 -0.000000
vn -0.000000 1.000000 -0.000000
vn -0.000000 1.000000 -0.000000
vn -0.000000 1.000000 -0.000000
vn -0.000000 1.000000 -0.000000
vn -0.000000 1.000000 -0.000000
vn -0.000000 1.000000 -0.000000
vn -0.000000 1.000000 -0.000000
vn -0.000000 1.000000 -0.000000
vn -0.000000 1.000000 -0.000000
vn -0.000000 1.000000 -0.000000
vn -0.000000 1.000000 -0.000000
vn -0.000000 1.000000 -0.000000
vn -0.000000 1.000000 -0.000000
vn -0.000000 1.000000 -0.000000
vn -0.000000 1.000000 -0.000000
vn -0.000000 1.000000 -0.000000
vn -0.000000 1.000000 -0.000000
vn -0.000000 1.000000 -0.000000
vn -0.000000 1.000000 -0.000000
vn -0.000000 1.000000 -0.000000
vn -0.000000 1.000000 -0.000000
vn -0.000000 1.000000 -0.000000
vn -0.000000 1.000000 -0.000000
vn -0.000000 1.000000 -0.000000
vn -0.000000 1.000000 -0.000000
vn -0.000000 1.000000 -0.000000
vn -0.000000 1.000000 -0.000000
vn -0.000000 1.000000 -0.000000
vn -0.000000 1.000000 -0.000000
vn -0.000000 1.000000 -0.000000
vn -0.000000 1.000000 -0.000000
vn -0.000000 1.000000 -0.000000
vn -0.000000 1.000000 -0.000000
f 213/373/358 158/374/359 248/375/360
f 248/375/360 158/374/359 159/376/361
f 248/375/360 159/376/361 247/377/362
f 247/377/362 159/376/361 160/378/363
f 247/377/362 160/378/363 246/379/364
f 246/379/364 160/378/363 161/380/365
f 246/379/364 161/380/365 245/381/366
f 245/381/366 161/380/365 162/382/367
f 245/381/366 162/382/367 244/383/368
f 244/383/368 162/382/367 243/384/369
f 244/383/368 243/384/369 1258/385/370
f 1258/385/370 243/384/369 1259/386/371
f 1258/385/370 1259/386/371 1238/387/372
f 1238/387/372 1259/386/371 1239/388/373
f 1238/387/372 1239/388/373 1218/389/374
f 1218/389/374 1239/388/373 1219/390/375
f 1218/389/374 1219/390/375 1198/391/376
f 1198/391/376 1219/390/375 1199/392/377
f 1198/391/376 1199/392/377 1178/393/378
f 1178/393/378 1199/392/377 1179/394/379
f 1178/393/378 1179/394/379 1158/395/380
f 1158/395/380 1179/394/379 1159/396/381
f 1158/395/380 1159/396/381 1138/397/382
f 1138/397/382 1159/396/381 1139/398/383
f 1138/397/382 1139/398/383 1118/399/384
f 1118/399/384 1139/398/383 1119/400/385
f 1118/399/384 1119/400/385 1079/401/386
f 1079/401/386 1119/400/385 1080/402/387
f 1079/401/386 1080/402/387 1110/403/388
f 1110/403/388 1080/402/387 1109/404/389
f 1110/403/388 1109/404/389 1059/405/390
f 1059/405/390 1109/404/389 1060/406/391
f 1059/405/390 1060/406/391 1039/407/392
f 1039/407/392 1060/406/391 1040/408/393
f 1039/407/392 1040/408/393 1019/409/394
f 1019/409/394 1040/408/393 1020/410/395
f 1019/409/394 1020/410/395 999/411/396
f 999/411/396 1020/410/395 1000/412/397
f 999/411/396 1000/412/397 959/413/398
f 959/413/398 1000/412/397 960/414/399
f 959/413/398 960/414/399 990/415/400
f 990/415/400 960/414/399 989/416/401
f 990/415/400 989/416/401 919/417/402
f 919/417/402 989/416/401 920/418/403
f 919/417/402 920/418/403 950/419/404
f 950/419/404 920/418/403 949/420/405
f 950/419/404 949/420/405 880/421/406
f 880/421/406 949/420/405 881/422/407
f 880/421/406 881/422/407 911/423/408
f 911/423/408 881/422/407 910/424/409
f 911/423/408 910/424/409 861/425/410
f 861/425/410 910/424/409 862/426/411
f 861/425/410 862/426/411 842/427/412
f 842/427/412 862/426/411 843/428/413
f 842/427/412 843/428/413 822/429/414
f 822/429/414 843/428/413 823/430/415
f 822/429/414 823/430/415 802/431/416
f 802/431/416 823/430/415 803/432/417
f 802/431/416 803/432/417 762/433/418
f 762/433/418 803/432/417 763/434/419
f 762/433/418 763/434/419 793/435/420
f 793/435/420 763/434/419 792/436/421
f 793/435/420 792/436/421 723/437/422
f 723/437/422 792/436/421 724/438/423
f 723/437/422 724/438/423 754/439/424
f 754/439/424 724/438/423 753/440/425
f 754/439/424 753/440/425 685/441/426
f 685/441/426 753/440/425 686/442/427
f 685/441/426 686/442/427 716/443/428
f 716/443/428 686/442/427 715/444/429
f 716/443/428 715/444/429 646/445/430
f 646/445/430 715/444/429 647/446/431
f 646/445/430 647/446/431 677/447/432
f 677/447/432 647/446/431 676/448/433
f 677/447/432 676/448/433 607/449/434
f 607/449/434 676/448/433 608/450/435
f 607/449/434 608/450/435 638/451/436
f 638/451/436 608/450/435 637/452/437
f 638/451/436 637/452/437 587/453/438
f 587/453/438 637/452/437 588/454/439
f 587/453/438 588/454/439 567/455/440
f 567/455/440 588/454/439 568/456/441
f 567/455/440 568/456/441 547/457/442
f 547/457/442 568/456/441 548/458/443
f 547/457/442 548/458/443 527/459/444
f 527/459/444 548/458/443 528/460/445
f 527/459/444 528/460/445 488/461/446
f 488/461/446 528/460/445 489/462/447
f 488/461/446 489/462/447 519/463/448
f 519/463/448 489/462/447 518/464/449
f 519/463/448 518/464/449 449/465/450
f 449/465/450 518/464/449 450/466/451
f 449/465/450 450/466/451 480/467/452
f 480/467/452 450/466/451 479/468/453
f 480/467/452 479/468/453 410/469/454
f 410/469/454 479/468/453 411/470/455
f 410/469/454 411/470/455 441/471/456
f 441/471/456 411/470/455 440/472/457
f 441/471/456 440/472/457 371/473/458
f 371/473/458 440/472/457 372/474/459
f 371/473/458 372/474/459 402/475/460
f 402/475/460 372/474/459 401/476/461
f 402/475/460 401/476/461 332/477/462
f 332/477/462 401/476/461 333/478/463
f 332/477/462 333/478/463 363/479/464
f 363/479/464 333/478/463 362/480/465
f 363/479/464 362/480/465 293/481/466
f 293/481/466 362/480/465 294/482/467
f 293/481/466 294/482/467 324/483/468
f 324/483/468 294/482/467 323/484/469
f 324/483/468 323/484/469 273/485/470
f 273/485/470 323/484/469 274/486/471
f 273/485/470 274/486/471 253/487/472
f 253/487/472 274/486/471 254/488/473
f 253/487/472 254/488/473 162/489/367
f 162/489/367 254/488/473 163/490/474
f 163/490/474 254/488/473 255/491/475
f 163/490/474 255/491/475 164/492/476
f 164/492/476 255/491/475 256/493/477
f 164/492/476 256/493/477 165/494/478
f 165/494/478 256/493/477 257/495/479
f 165/494/478 257/495/479 258/496/480
f 258/496/480 257/495/479 278/497/481
f 258/496/480 278/497/481 279/498/482
f 279/498/482 278/497/481 318/499/483
f 279/498/482 318/499/483 317/500/484
f 317/500/484 318/499/483 300/501/485
f 317/500/484 300/501/485 301/502/486
f 301/502/486 300/501/485 355/503/487
f 301/502/486 355/503/487 354/504/488
f 354/504/488 355/503/487 341/505/489
f 354/504/488 341/505/489 342/506/490
f 342/506/490 341/505/489 392/507/491
f 342/506/490 392/507/491 391/508/492
f 391/508/492 392/507/491 382/509/493
f 391/508/492 382/509/493 383/510/494
f 383/510/494 382/509/493 429/511/495
f 383/510/494 429/511/495 428/512/496
f 428/512/496 429/511/495 423/513/497
f 428/512/496 423/513/497 424/514/498
f 424/514/498 423/513/497 466/515/499
f 424/514/498 466/515/499 465/516/500
f 465/516/500 466/515/499 464/517/501
f 465/516/500 464/517/501 175/518/502
f 162/382/367 163/519/474 243/384/369
f 243/384/369 163/519/474 242/520/503
f 243/384/369 242/520/503 1259/386/371
f 1259/386/371 242/520/503 1260/521/504
f 1259/386/371 1260/521/504 1239/388/373
f 1239/388/373 1260/521/504 1240/522/505
f 1239/388/373 1240/522/505 1219/390/375
f 1219/390/375 1240/522/505 1220/523/506
f 1219/390/375 1220/523/506 1199/392/377
f 1199/392/377 1220/523/506 1200/524/507
f 1199/392/377 1200/524/507 1179/394/379
f 1179/394/379 1200/524/507 1180/525/508
f 1179/394/379 1180/525/508 1159/396/381
f 1159/396/381 1180/525/508 1160/526/509
f 1159/396/381 1160/526/509 1139/398/383
f 1139/398/383 1160/526/509 1140/527/510
f 1139/398/383 1140/527/510 1119/400/385
f 1119/400/385 1140/527/510 1120/528/511
f 1119/400/385 1120/528/511 1080/402/387
f 1080/402/387 1120/528/511 1081/529/512
f 1080/402/387 1081/529/512 1109/404/389
f 1109/404/389 1081/529/512 1108/530/513
f 1109/404/389 1108/530/513 1060/406/391
f 1060/406/391 1108/530/513 1061/531/514
f 1060/406/391 1061/531/514 1040/408/393
f 1040/408/393 1061/531/514 1041/532/515
f 1040/408/393 1041/532/515 1020/410/395
f 1020/410/395 1041/532/515 1021/533/516
f 1020/410/395 1021/533/516 1000/412/397
f 1000/412/397 1021/533/516 1001/534/517
f 1000/412/397 1001/534/517 960/414/399
f 960/414/399 1001/534/517 961/535/518
f 960/414/399 961/535/518 989/416/401
f 989/416/401 961/535/518 988/536/519
f 989/416/401 988/536/519 920/418/403
f 920/418/403 988/536/519 921/537/520
f 920/418/403 921/537/520 949/420/405
f 949/420/405 921/537/520 948/538/521
f 949/420/405 948/538/521 881/422/407
f 881/422/407 948/538/521 882/539/522
f 881/422/407 882/539/522 910/424/409
f 910/424/409 882/539/522 909/540/523
f 910/424/409 909/540/523 862/426/411
f 862/426/411 909/540/523 863/541/524
f 862/426/411 863/541/524 843/428/413
f 843/428/413 863/541/524 844/542/525
f 843/428/413 844/542/525 823/430/415
f 823/430/415 844/542/525 824/543/526
f 823/430/415 824/543/526 803/432/417
f 803/432/417 824/543/526 804/544/527
f 803/432/417 804/544/527 763/434/419
f 763/434/419 804/544/527 764/545/528
f 763/434/419 764/545/528 792/436/421
f 792/436/421 764/545/528 791/546/529
f 792/436/421 791/546/529 724/438/423
f 724/438/423 791/546/529 725/547/530
f 724/438/423 725/547/530 753/440/425
f 753/440/425 725/547/530 752/548/531
f 753/440/425 752/548/531 686/442/427
f 686/442/427 752/548/531 687/549/532
f 686/442/427 687/549/532 715/444/429
f 715/444/429 687/549/532 714/550/533
f 715/444/429 714/550/533 647/446/431
f 647/446/431 714/550/533 648/551/534
f 647/446/431 648/551/534 676/448/433
f 676/448/433 648/551/534 675/552/535
f 676/448/433 675/552/535 608/450/435
f 608/450/435 675/552/535 609/553/536
f 608/450/435 609/553/536 637/452/437
f 637/452/437 609/553/536 636/554/537
f 637/452/437 636/554/537 588/454/439
f 588/454/439 636/554/537 589/555/538
f 588/454/439 589/555/538 568/456/441
f 568/456/441 589/555/538 569/556/539
f 568/456/441 569/556/539 548/458/443
f 548/458/443 569/556/539 549/557/540
f 548/458/443 549/557/540 528/460/445
f 528/460/445 549/557/540 529/558/541
f 528/460/445 529/558/541 489/462/447
f 489/462/447 529/558/541 490/559/542
f 489/462/447 490/559/542 518/464/449
f 518/464/449 490/559/542 517/560/543
f 518/464/449 517/560/543 450/466/451
f 450/466/451 517/560/543 451/561/544
f 450/466/451 451/561/544 479/468/453
f 479/468/453 451/561/544 478/562/545
f 479/468/453 478/562/545 411/470/455
f 411/470/455 478/562/545 412/563/546
f 411/470/455 412/563/546 440/472/457
f 440/472/457 412/563/546 439/564/547
f 440/472/457 439/564/547 372/474/459
f 372/474/459 439/564/547 373/565/548
f 372/474/459 373/565/548 401/476/461
f 401/476/461 373/565/548 400/566/549
f 401/476/461 400/566/549 333/478/463
f 333/478/463 400/566/549 334/567/550
f 333/478/463 334/567/550 362/480/465
f 362/480/465 334/567/550 361/568/551
f 362/480/465 361/568/551 294/482/467
f 294/482/467 361/568/551 295/569/552
f 294/482/467 295/569/552 323/484/469
f 323/484/469 295/569/552 322/570/553
f 323/484/469 322/570/553 274/486/471
f 274/486/471 322/570/553 275/571/554
f 274/486/471 275/571/554 254/488/473
f 254/488/473 275/571/554 255/491/475
f 163/519/474 164/572/476 242/520/503
f 242/520/503 164/572/476 241/573/555
f 242/520/503 241/573/555 1260/521/504
f 1260/521/504 241/573/555 1261/574/556
f 1260/521/504 1261/574/556 1240/522/505
f 1240/522/505 1261/574/556 1241/575/557
f 1240/522/505 1241/575/557 1220/523/506
f 1220/523/506 1241/575/557 1221/576/558
f 1220/523/506 1221/576/558 1200/524/507
f 1200/524/507 1221/576/558 1201/577/559
f 1200/524/507 1201/577/559 1180/525/508
f 1180/525/508 1201/577/559 1181/578/560
f 1180/525/508 1181/578/560 1160/526/509
f 1160/526/509 1181/578/560 1161/579/561
f 1160/526/509 1161/579/561 1140/527/510
f 1140/527/510 1161/579/561 1141/580/562
f 1140/527/510 1141/580/562 1120/528/511
f 1120/528/511 1141/580/562 1121/581/563
f 1120/528/511 1121/581/563 1081/529/512
f 1081/529/512 1121/581/563 1082/582/564
f 1081/529/512 1082/582/564 1108/530/513
f 1108/530/513 1082/582/564 1107/583/565
f 1108/530/513 1107/583/565 1061/531/514
f 1061/531/514 1107/583/565 1062/584/566
f 1061/531/514 1062/584/566 1041/532/515
f 1041/532/515 1062/584/566 1042/585/567
f 1041/532/515 1042/585/567 1021/533/516
f 1021/533/516 1042/585/567 1022/586/568
f 1021/533/516 1022/586/568 1001/534/517
f 1001/534/517 1022/586/568 1002/587/569
f 1001/534/517 1002/587/569 961/535/518
f 961/535/518 1002/587/569 962/588/570
f 961/535/518 962/588/570 988/536/519
f 988/536/519 962/588/570 987/589/571
f 988/536/519 987/589/571 921/537/520
f 921/537/520 987/589/571 922/590/572
f 921/537/520 922/590/572 948/538/521
f 948/538/521 922/590/572 947/591/573
f 948/538/521 947/591/573 882/539/522
f 882/539/522 947/591/573 883/592/574
f 882/539/522 883/592/574 909/540/523
f 909/540/523 883/592/574 908/593/575
f 909/540/523 908/593/575 863/541/524
f 863/541/524 908/593/575 864/594/576
f 863/541/524 864/594/576 844/542/525
f 844/542/525 864/594/576 845/595/577
f 844/542/525 845/595/577 824/543/526
f 824/543/526 845/595/577 825/596/578
f 824/543/526 825/596/578 804/544/527
f 804/544/527 825/596/578 805/597/579
f 804/544/527 805/597/579 764/545/528
f 764/545/528 805/597/579 765/598/580
f 764/545/528 765/598/580 791/546/529
f 791/546/529 765/598/580 790/599/581
f 791/546/529 790/599/581 725/547/530
f 725/547/530 790/599/581 726/600/582
f 725/547/530 726/600/582 752/548/531
f 752/548/531 726/600/582 751/601/583
f 752/548/531 751/601/583 687/549/532
f 687/549/532 751/601/583 688/602/584
f 687/549/532 688/602/584 714/550/533
f 714/550/533 688/602/584 713/603/585
f 714/550/533 713/603/585 648/551/534
f 648/551/534 713/603/585 649/604/586
f 648/551/534 649/604/586 675/552/535
f 675/552/535 649/604/586 674/605/587
f 675/552/535 674/605/587 609/553/536
f 609/553/536 674/605/587 610/606/588
f 609/553/536 610/606/588 636/554/537
f 636/554/537 610/606/588 635/607/589
f 636/554/537 635/607/589 589/555/538
f 589/555/538 635/607/589 590/608/590
f 589/555/538 590/608/590 569/556/539
f 569/556/539 590/608/590 570/609/591
f 569/556/539 570/609/591 549/557/540
f 549/557/540 570/609/591 550/610/592
f 549/557/540 550/610/592 529/558/541
f 529/558/541 550/610/592 530/611/593
f 529/558/541 530/611/593 490/559/542
f 490/559/542 530/611/593 491/612/594
f 490/559/542 491/612/594 517/560/543
f 517/560/543 491/612/594 516/613/595
f 517/560/543 516/613/595 451/561/544
f 451/561/544 516/613/595 452/614/596
f 451/561/544 452/614/596 478/562/545
f 478/562/545 452/614/596 477/615/597
f 478/562/545 477/615/597 412/563/546
f 412/563/546 477/615/597 413/616/598
f 412/563/546 413/616/598 439/564/547
f 439/564/547 413/616/598 438/617/599
f 439/564/547 438/617/599 373/565/548
f 373/565/548 438/617/599 374/618/600
f 373/565/548 374/618/600 400/566/549
f 400/566/549 374/618/600 399/619/601
f 400/566/549 399/619/601 334/567/550
f 334/567/550 399/619/601 335/620/602
f 334/567/550 335/620/602 361/568/551
f 361/568/551 335/620/602 360/621/603
f 361/568/551 360/621/603 295/569/552
f 295/569/552 360/621/603 296/622/604
f 295/569/552 296/622/604 322/570/553
f 322/570/553 296/622/604 321/623/605
f 322/570/553 321/623/605 275/571/554
f 275/571/554 321/623/605 276/624/606
f 275/571/554 276/624/606 255/491/475
f 255/491/475 276/624/606 256/493/477
f 164/572/476 165/625/478 241/573/555
f 241/573/555 165/625/478 240/626/607
f 241/573/555 240/626/607 1261/574/556
f 1261/574/556 240/626/607 1262/627/608
f 1261/574/556 1262/627/608 1241/575/557
f 1241/575/557 1262/627/608 1242/628/609
f 1241/575/557 1242/628/609 1221/576/558
f 1221/576/558 1242/628/609 1222/629/610
f 1221/576/558 1222/629/610 1201/577/559
f 1201/577/559 1222/629/610 1202/630/611
f 1201/577/559 1202/630/611 1181/578/560
f 1181/578/560 1202/630/611 1182/631/612
f 1181/578/560 1182/631/612 1161/579/561
f 1161/579/561 1182/631/612 1162/632/613
f 1161/579/561 1162/632/613 1141/580/562
f 1141/580/562 1162/632/613 1142/633/614
f 1141/580/562 1142/633/614 1121/581/563
f 1121/581/563 1142/633/614 1122/634/615
f 1121/581/563 1122/634/615 1082/582/564
f 1082/582/564 1122/634/615 1083/635/616
f 1082/582/564 1083/635/616 1107/583/565
f 1107/583/565 1083/635/616 1106/636/617
f 1107/583/565 1106/636/617 1062/584/566
f 1062/584/566 1106/636/617 1063/637/618
f 1062/584/566 1063/637/618 1042/585/567
f 1042/585/567 1063/637/618 1043/638/619
f 1042/585/567 1043/638/619 1022/586/568
f 1022/586/568 1043/638/619 1023/639/620
f 1022/586/568 1023/639/620 1002/587/569
f 1002/587/569 1023/639/620 1003/640/621
f 1002/587/569 1003/640/621 962/588/570
f 962/588/570 1003/640/621 963/641/622
f 962/588/570 963/641/622 987/589/571
f 987/589/571 963/641/622 986/642/623
f 987/589/571 986/642/623 922/590/572
f 922/590/572 986/642/623 923/643/624
f 922/590/572 923/643/624 947/591/573
f 947/591/573 923/643/624 946/644/625
f 947/591/573 946/644/625 883/592/574
f 883/592/574 946/644/625 884/645/626
f 883/592/574 884/645/626 908/593/575
f 908/593/575 884/645/626 907/646/627
f 908/593/575 907/646/627 864/594/576
f 864/594/576 907/646/627 865/647/628
f 864/594/576 865/647/628 845/595/577
f 845/595/577 865/647/628 846/648/629
f 845/595/577 846/648/629 825/596/578
f 825/596/578 846/648/629 826/649/630
f 825/596/578 826/649/630 805/597/579
f 805/597/579 826/649/630 806/650/631
f 805/597/579 806/650/631 765/598/580
f 765/598/580 806/650/631 766/651/632
f 765/598/580 766/651/632 790/599/581
f 790/599/581 766/651/632 789/652/633
f 790/599/581 789/652/633 726/600/582
f 726/600/582 789/652/633 727/653/634
f 726/600/582 727/653/634 751/601/583
f 751/601/583 727/653/634 750/654/635
f 751/601/583 750/654/635 688/602/584
f 688/602/584 750/654/635 689/655/636
f 688/602/584 689/655/636 713/603/585
f 713/603/585 689/655/636 712/656/637
f 713/603/585 712/656/637 649/604/586
f 649/604/586 712/656/637 650/657/638
f 649/604/586 650/657/638 674/605/587
f 674/605/587 650/657/638 673/658/639
f 674/605/587 673/658/639 610/606/588
f 610/606/588 673/658/639 611/659/640
f 610/606/588 611/659/640 635/607/589
f 635/607/589 611/659/640 634/660/641
f 635/607/589 634/660/641 590/608/590
f 590/608/590 634/660/641 591/661/642
f 590/608/590 591/661/642 570/609/591
f 570/609/591 591/661/642 571/662/643
f 570/609/591 571/662/643 550/610/592
f 550/610/592 571/662/643 551/663/644
f 550/610/592 551/663/644 530/611/593
f 530/611/593 551/663/644 531/664/645
f 530/611/593 531/664/645 491/612/594
f 491/612/594 531/664/645 492/665/646
f 491/612/594 492/665/646 516/613/595
f 516/613/595 492/665/646 515/666/647
f 516/613/595 515/666/647 452/614/596
f 452/614/596 515/666/647 453/667/648
f 452/614/596 453/667/648 477/615/597
f 477/615/597 453/667/648 476/668/649
f 477/615/597 476/668/649 413/616/598
f 413/616/598 476/668/649 414/669/650
f 413/616/598 414/669/650 438/617/599
f 438/617/599 414/669/650 437/670/651
f 438/617/599 437/670/651 374/618/600
f 374/618/600 437/670/651 375/671/652
f 374/618/600 375/671/652 399/619/601
f 399/619/601 375/671/652 398/672/653
f 399/619/601 398/672/653 335/620/602
f 335/620/602 398/672/653 336/673/654
f 335/620/602 336/673/654 360/621/603
f 360/621/603 336/673/654 359/674/655
f 360/621/603 359/674/655 296/622/604
f 296/622/604 359/674/655 297/675/656
f 296/622/604 297/675/656 321/623/605
f 321/623/605 297/675/656 320/676/657
f 321/623/605 320/676/657 276/624/606
f 276/624/606 320/676/657 277/677/658
f 276/624/606 277/677/658 256/493/477
f 256/493/477 277/677/658 257/495/479
f 240/626/607 165/625/478 239/678/659
f 239/678/659 165/625/478 166/679/660
f 239/678/659 166/679/660 238/680/661
f 238/680/661 166/679/660 167/681/662
f 238/680/661 167/681/662 237/682/663
f 237/682/663 167/681/662 168/683/664
f 237/682/663 168/683/664 236/684/665
f 236/684/665 168/683/664 235/685/666
f 236/684/665 235/685/666 1266/686/667
f 1266/686/667 235/685/666 1267/687/668
f 1266/686/667 1267/687/668 1246/688/669
f 1246/688/669 1267/687/668 1247/689/670
f 1246/688/669 1247/689/670 1226/690/671
f 1226/690/671 1247/689/670 1227/691/672
f 1226/690/671 1227/691/672 1206/692/673
f 1206/692/673 1227/691/672 1207/693/674
f 1206/692/673 1207/693/674 1186/694/675
f 1186/694/675 1207/693/674 1187/695/676
f 1186/694/675 1187/695/676 1166/696/677
f 1166/696/677 1187/695/676 1167/697/678
f 1166/696/677 1167/697/678 1146/698/679
f 1146/698/679 1167/697/678 1147/699/680
f 1146/698/679 1147/699/680 1126/700/681
f 1126/700/681 1147/699/680 1127/701/682
f 1126/700/681 1127/701/682 1087/702/683
f 1087/702/683 1127/701/682 1088/703/684
f 1087/702/683 1088/703/684 1102/704/685
f 1102/704/685 1088/703/684 1101/705/686
f 1102/704/685 1101/705/686 1067/706/687
f 1067/706/687 1101/705/686 1068/707/688
f 1067/706/687 1068/707/688 1047/708/689
f 1047/708/689 1068/707/688 1048/709/690
f 1047/708/689 1048/709/690 1027/710/691
f 1027/710/691 1048/709/690 1028/711/692
f 1027/710/691 1028/711/692 1007/712/693
f 1007/712/693 1028/711/692 1008/713/694
f 1007/712/693 1008/713/694 967/714/695
f 967/714/695 1008/713/694 968/715/696
f 967/714/695 968/715/696 982/716/697
f 982/716/697 968/715/696 981/717/698
f 982/716/697 981/717/698 927/718/699
f 927/718/699 981/717/698 928/719/700
f 927/718/699 928/719/700 942/720/701
f 942/720/701 928/719/700 941/721/702
f 942/720/701 941/721/702 888/722/703
f 888/722/703 941/721/702 889/723/704
f 888/722/703 889/723/704 903/724/705
f 903/724/705 889/723/704 902/725/706
f 903/724/705 902/725/706 869/726/707
f 869/726/707 902/725/706 870/727/708
f 869/726/707 870/727/708 850/728/709
f 850/728/709 870/727/708 851/729/710
f 850/728/709 851/729/710 830/730/711
f 830/730/711 851/729/710 831/731/712
f 830/730/711 831/731/712 810/732/713
f 810/732/713 831/731/712 811/733/714
f 810/732/713 811/733/714 770/734/715
f 770/734/715 811/733/714 771/735/716
f 770/734/715 771/735/716 785/736/717
f 785/736/717 771/735/716 784/737/718
f 785/736/717 784/737/718 731/738/719
f 731/738/719 784/737/718 732/739/720
f 731/738/719 732/739/720 746/740/721
f 746/740/721 732/739/720 745/741/722
f 746/740/721 745/741/722 693/742/723
f 693/742/723 745/741/722 694/743/724
f 693/742/723 694/743/724 708/744/725
f 708/744/725 694/743/724 707/745/726
f 708/744/725 707/745/726 654/746/727
f 654/746/727 707/745/726 655/747/728
f 654/746/727 655/747/728 669/748/729
f 669/748/729 655/747/728 668/749/730
f 669/748/729 668/749/730 615/750/731
f 615/750/731 668/749/730 616/751/732
f 615/750/731 616/751/732 630/752/733
f 630/752/733 616/751/732 629/753/734
f 630/752/733 629/753/734 595/754/735
f 595/754/735 629/753/734 596/755/736
f 595/754/735 596/755/736 575/756/737
f 575/756/737 596/755/736 576/757/738
f 575/756/737 576/757/738 555/758/739
f 555/758/739 576/757/738 556/759/740
f 555/758/739 556/759/740 535/760/741
f 535/760/741 556/759/740 536/761/742
f 535/760/741 536/761/742 496/762/743
f 496/762/743 536/761/742 497/763/744
f 496/762/743 497/763/744 511/764/745
f 511/764/745 497/763/744 510/765/746
f 511/764/745 510/765/746 457/766/747
f 457/766/747 510/765/746 458/767/748
f 457/766/747 458/767/748 472/768/749
f 472/768/749 458/767/748 471/769/750
f 472/768/749 471/769/750 418/770/751
f 418/770/751 471/769/750 419/771/752
f 418/770/751 419/771/752 433/772/753
f 433/772/753 419/771/752 432/773/754
f 433/772/753 432/773/754 379/774/755
f 379/774/755 432/773/754 380/775/756
f 379/774/755 380/775/756 394/776/757
f 394/776/757 380/775/756 393/777/758
f 394/776/757 393/777/758 340/778/759
f 340/778/759 393/777/758 341/505/489
f 340/778/759 341/505/489 355/503/487
f 168/683/664 169/779/760 235/685/666
f 235/685/666 169/779/760 234/780/761
f 235/685/666 234/780/761 1267/687/668
f 1267/687/668 234/780/761 1268/781/762
f 1267/687/668 1268/781/762 1247/689/670
f 1247/689/670 1268/781/762 1248/782/763
f 1247/689/670 1248/782/763 1227/691/672
f 1227/691/672 1248/782/763 1228/783/764
f 1227/691/672 1228/783/764 1207/693/674
f 1207/693/674 1228/783/764 1208/784/765
f 1207/693/674 1208/784/765 1187/695/676
f 1187/695/676 1208/784/765 1188/785/766
f 1187/695/676 1188/785/766 1167/697/678
f 1167/697/678 1188/785/766 1168/786/767
f 1167/697/678 1168/786/767 1147/699/680
f 1147/699/680 1168/786/767 1148/787/768
f 1147/699/680 1148/787/768 1127/701/682
f 1127/701/682 1148/787/768 1128/788/769
f 1127/701/682 1128/788/769 1088/703/684
f 1088/703/684 1128/788/769 1089/789/770
f 1088/703/684 1089/789/770 1101/705/686
f 1101/705/686 1089/789/770 1100/790/771
f 1101/705/686 1100/790/771 1068/707/688
f 1068/707/688 1100/790/771 1069/791/772
f 1068/707/688 1069/791/772 1048/709/690
f 1048/709/690 1069/791/772 1049/792/773
f 1048/709/690 1049/792/773 1028/711/692
f 1028/711/692 1049/792/773 1029/793/774
f 1028/711/692 1029/793/774 1008/713/694
f 1008/713/694 1029/793/774 1009/794/775
f 1008/713/694 1009/794/775 968/715/696
f 968/715/696 1009/794/775 969/795/776
f 968/715/696 969/795/776 981/717/698
f 981/717/698 969/795/776 980/796/777
f 981/717/698 980/796/777 928/719/700
f 928/719/700 980/796/777 929/797/778
f 928/719/700 929/797/778 941/721/702
f 941/721/702 929/797/778 940/798/779
f 941/721/702 940/798/779 889/723/704
f 889/723/704 940/798/779 890/799/780
f 889/723/704 890/799/780 902/725/706
f 902/725/706 890/799/780 901/800/781
f 902/725/706 901/800/781 870/727/708
f 870/727/708 901/800/781 871/801/782
f 870/727/708 871/801/782 851/729/710
f 851/729/710 871/801/782 852/802/783
f 851/729/710 852/802/783 831/731/712
f 831/731/712 852/802/783 832/803/784
f 831/731/712 832/803/784 811/733/714
f 811/733/714 832/803/784 812/804/785
f 811/733/714 812/804/785 771/735/716
f 771/735/716 812/804/785 772/805/786
f 771/735/716 772/805/786 784/737/718
f 784/737/718 772/805/786 783/806/787
f 784/737/718 783/806/787 732/739/720
f 732/739/720 783/806/787 733/807/788
f 732/739/720 733/807/788 745/741/722
f 745/741/722 733/807/788 744/808/789
f 745/741/722 744/808/789 694/743/724
f 694/743/724 744/808/789 695/809/790
f 694/743/724 695/809/790 707/745/726
f 707/745/726 695/809/790 706/810/791
f 707/745/726 706/810/791 655/747/728
f 655/747/728 706/810/791 656/811/792
f 655/747/728 656/811/792 668/749/730
f 668/749/730 656/811/792 667/812/793
f 668/749/730 667/812/793 616/751/732
f 616/751/732 667/812/793 617/813/794
f 616/751/732 617/813/794 629/753/734
f 629/753/734 617/813/794 628/814/795
f 629/753/734 628/814/795 596/755/736
f 596/755/736 628/814/795 597/815/796
f 596/755/736 597/815/796 576/757/738
f 576/757/738 597/815/796 577/816/797
f 576/757/738 577/816/797 556/759/740
f 556/759/740 577/816/797 557/817/798
f 556/759/740 557/817/798 536/761/742
f 536/761/742 557/817/798 537/818/799
f 536/761/742 537/818/799 497/763/744
f 497/763/744 537/818/799 498/819/800
f 497/763/744 498/819/800 510/765/746
f 510/765/746 498/819/800 509/820/801
f 510/765/746 509/820/801 458/767/748
f 458/767/748 509/820/801 459/821/802
f 458/767/748 459/821/802 471/769/750
f 471/769/750 459/821/802 470/822/803
f 471/769/750 470/822/803 419/771/752
f 419/771/752 470/822/803 420/823/804
f 419/771/752 420/823/804 432/773/754
f 432/773/754 420/823/804 431/824/805
f 432/773/754 431/824/805 380/775/756
f 380/775/756 431/824/805 381/825/806
f 380/775/756 381/825/806 393/777/758
f 393/777/758 381/825/806 392/507/491
f 393/777/758 392/507/491 341/505/489
f 169/779/760 170/826/807 234/780/761
f 234/780/761 170/826/807 233/827/808
f 234/780/761 233/827/808 1268/781/762
f 1268/781/762 233/827/808 1269/828/809
f 1268/781/762 1269/828/809 1248/782/763
f 1248/782/763 1269/828/809 1249/829/810
f 1248/782/763 1249/829/810 1228/783/764
f 1228/783/764 1249/829/810 1229/830/811
f 1228/783/764 1229/830/811 1208/784/765
f 1208/784/765 1229/830/811 1209/831/812
f 1208/784/765 1209/831/812 1188/785/766
f 1188/785/766 1209/831/812 1189/832/813
f 1188/785/766 1189/832/813 1168/786/767
f 1168/786/767 1189/832/813 1169/833/814
f 1168/786/767 1169/833/814 1148/787/768
f 1148/787/768 1169/833/814 1149/834/815
f 1148/787/768 1149/834/815 1128/788/769
f 1128/788/769 1149/834/815 1129/835/816
f 1128/788/769 1129/835/816 1089/789/770
f 1089/789/770 1129/835/816 1090/836/817
f 1089/789/770 1090/836/817 1100/790/771
f 1100/790/771 1090/836/817 1099/837/818
f 1100/790/771 1099/837/818 1069/791/772
f 1069/791/772 1099/837/818 1070/838/819
f 1069/791/772 1070/838/819 1049/792/773
f 1049/792/773 1070/838/819 1050/839/820
f 1049/792/773 1050/839/820 1029/793/774
f 1029/793/774 1050/839/820 1030/840/821
f 1029/793/774 1030/840/821 1009/794/775
f 1009/794/775 1030/840/821 1010/841/822
f 1009/794/775 1010/841/822 969/795/776
f 969/795/776 1010/841/822 970/842/823
f 969/795/776 970/842/823 980/796/777
f 980/796/777 970/842/823 979/843/824
f 980/796/777 979/843/824 929/797/778
f 929/797/778 979/843/824 930/844/825
f 929/797/778 930/844/825 940/798/779
f 940/798/779 930/844/825 939/845/826
f 940/798/779 939/845/826 890/799/780
f 890/799/780 939/845/826 891/846/827
f 890/799/780 891/846/827 901/800/781
f 901/800/781 891/846/827 900/847/828
f 901/800/781 900/847/828 871/801/782
f 871/801/782 900/847/828 872/848/829
f 871/801/782 872/848/829 852/802/783
f 852/802/783 872/848/829 853/849/830
f 852/802/783 853/849/830 832/803/784
f 832/803/784 853/849/830 833/850/831
f 832/803/784 833/850/831 812/804/785
f 812/804/785 833/850/831 813/851/832
f 812/804/785 813/851/832 772/805/786
f 772/805/786 813/851/832 773/852/833
f 772/805/786 773/852/833 783/806/787
f 783/806/787 773/852/833 782/853/834
f 783/806/787 782/853/834 733/807/788
f 733/807/788 782/853/834 734/854/835
f 733/807/788 734/854/835 744/808/789
f 744/808/789 734/854/835 743/855/836
f 744/808/789 743/855/836 695/809/790
f 695/809/790 743/855/836 696/856/837
f 695/809/790 696/856/837 706/810/791
f 706/810/791 696/856/837 705/857/838
f 706/810/791 705/857/838 656/811/792
f 656/811/792 705/857/838 657/858/839
f 656/811/792 657/858/839 667/812/793
f 667/812/793 657/858/839 666/859/840
f 667/812/793 666/859/840 617/813/794
f 617/813/794 666/859/840 618/860/841
f 617/813/794 618/860/841 628/814/795
f 628/814/795 618/860/841 627/861/842
f 628/814/795 627/861/842 597/815/796
f 597/815/796 627/861/842 598/862/843
f 597/815/796 598/862/843 577/816/797
f 577/816/797 598/862/843 578/863/844
f 577/816/797 578/863/844 557/817/798
f 557/817/798 578/863/844 558/864/845
f 557/817/798 558/864/845 537/818/799
f 537/818/799 558/864/845 538/865/846
f 537/818/799 538/865/846 498/819/800
f 498/819/800 538/865/846 499/866/847
f 498/819/800 499/866/847 509/820/801
f 509/820/801 499/866/847 508/867/848
f 509/820/801 508/867/848 459/821/802
f 459/821/802 508/867/848 460/868/849
f 459/821/802 460/868/849 470/822/803
f 470/822/803 460/868/849 469/869/850
f 470/822/803 469/869/850 420/823/804
f 420/823/804 469/869/850 421/870/851
f 420/823/804 421/870/851 431/824/805
f 431/824/805 421/870/851 430/871/852
f 431/824/805 430/871/852 381/825/806
f 381/825/806 430/871/852 382/509/493
f 381/825/806 382/509/493 392/507/491
f 170/826/807 171/872/853 233/827/808
f 233/827/808 171/872/853 232/873/854
f 233/827/808 232/873/854 1269/828/809
f 1269/828/809 232/873/854 1270/874/855
f 1269/828/809 1270/874/855 1249/829/810
f 1249/829/810 1270/874/855 1250/875/856
f 1249/829/810 1250/875/856 1229/830/811
f 1229/830/811 1250/875/856 1230/876/857
f 1229/830/811 1230/876/857 1209/831/812
f 1209/831/812 1230/876/857 1210/877/858
f 1209/831/812 1210/877/858 1189/832/813
f 1189/832/813 1210/877/858 1190/878/859
f 1189/832/813 1190/878/859 1169/833/814
f 1169/833/814 1190/878/859 1170/879/860
f 1169/833/814 1170/879/860 1149/834/815
f 1149/834/815 1170/879/860 1150/880/861
f 1149/834/815 1150/880/861 1129/835/816
f 1129/835/816 1150/880/861 1130/881/862
f 1129/835/816 1130/881/862 1090/836/817
f 1090/836/817 1130/881/862 1091/882/863
f 1090/836/817 1091/882/863 1099/837/818
f 1099/837/818 1091/882/863 1098/883/864
f 1099/837/818 1098/883/864 1070/838/819
f 1070/838/819 1098/883/864 1071/884/865
f 1070/838/819 1071/884/865 1050/839/820
f 1050/839/820 1071/884/865 1051/885/866
f 1050/839/820 1051/885/866 1030/840/821
f 1030/840/821 1051/885/866 1031/886/867
f 1030/840/821 1031/886/867 1010/841/822
f 1010/841/822 1031/886/867 1011/887/868
f 1010/841/822 1011/887/868 970/842/823
f 970/842/823 1011/887/868 971/888/869
f 970/842/823 971/888/869 979/843/824
f 979/843/824 971/888/869 978/889/870
f 979/843/824 978/889/870 930/844/825
f 930/844/825 978/889/870 931/890/871
f 930/844/825 931/890/871 939/845/826
f 939/845/826 931/890/871 938/891/872
f 939/845/826 938/891/872 891/846/827
f 891/846/827 938/891/872 892/892/873
f 891/846/827 892/892/873 900/847/828
f 900/847/828 892/892/873 899/893/874
f 900/847/828 899/893/874 872/848/829
f 872/848/829 899/893/874 873/894/875
f 872/848/829 873/894/875 853/849/830
f 853/849/830 873/894/875 854/895/876
f 853/849/830 854/895/876 833/850/831
f 833/850/831 854/895/876 834/896/877
f 833/850/831 834/896/877 813/851/832
f 813/851/832 834/896/877 814/897/878
f 813/851/832 814/897/878 773/852/833
f 773/852/833 814/897/878 774/898/879
f 773/852/833 774/898/879 782/853/834
f 782/853/834 774/898/879 781/899/880
f 782/853/834 781/899/880 734/854/835
f 734/854/835 781/899/880 735/900/881
f 734/854/835 735/900/881 743/855/836
f 743/855/836 735/900/881 742/901/882
f 743/855/836 742/901/882 696/856/837
f 696/856/837 742/901/882 697/902/883
f 696/856/837 697/902/883 705/857/838
f 705/857/838 697/902/883 704/903/884
f 705/857/838 704/903/884 657/858/839
f 657/858/839 704/903/884 658/904/885
f 657/858/839 658/904/885 666/859/840
f 666/859/840 658/904/885 665/905/886
f 666/859/840 665/905/886 618/860/841
f 618/860/841 665/905/886 619/906/887
f 618/860/841 619/906/887 627/861/842
f 627/861/842 619/906/887 626/907/888
f 627/861/842 626/907/888 598/862/843
f 598/862/843 626/907/888 599/908/889
f 598/862/843 599/908/889 578/863/844
f 578/863/844 599/908/889 579/909/890
f 578/863/844 579/909/890 558/864/845
f 558/864/845 579/909/890 559/910/891
f 558/864/845 559/910/891 538/865/846
f 538/865/846 559/910/891 539/911/892
f 538/865/846 539/911/892 499/866/847
f 499/866/847 539/911/892 500/912/893
f 499/866/847 500/912/893 508/867/848
f 508/867/848 500/912/893 507/913/894
f 508/867/848 507/913/894 460/868/849
f 460/868/849 507/913/894 461/914/895
f 460/868/849 461/914/895 469/869/850
f 469/869/850 461/914/895 468/915/896
f 469/869/850 468/915/896 421/870/851
f 421/870/851 468/915/896 422/916/897
f 421/870/851 422/916/897 430/871/852
f 430/871/852 422/916/897 429/511/495
f 430/871/852 429/511/495 382/509/493
f 171/872/853 172/917/898 232/873/854
f 232/873/854 172/917/898 231/918/899
f 232/873/854 231/918/899 1270/874/855
f 1270/874/855 231/918/899 1271/919/900
f 1270/874/855 1271/919/900 1250/875/856
f 1250/875/856 1271/919/900 1251/920/901
f 1250/875/856 1251/920/901 1230/876/857
f 1230/876/857 1251/920/901 1231/921/902
f 1230/876/857 1231/921/902 1210/877/858
f 1210/877/858 1231/921/902 1211/922/903
f 1210/877/858 1211/922/903 1190/878/859
f 1190/878/859 1211/922/903 1191/923/904
f 1190/878/859 1191/923/904 1170/879/860
f 1170/879/860 1191/923/904 1171/924/905
f 1170/879/860 1171/924/905 1150/880/861
f 1150/880/861 1171/924/905 1151/925/906
f 1150/880/861 1151/925/906 1130/881/862
f 1130/881/862 1151/925/906 1131/926/907
f 1130/881/862 1131/926/907 1091/882/863
f 1091/882/863 1131/926/907 1092/927/908
f 1091/882/863 1092/927/908 1098/883/864
f 1098/883/864 1092/927/908 1097/928/909
f 1098/883/864 1097/928/909 1071/884/865
f 1071/884/865 1097/928/909 1072/929/910
f 1071/884/865 1072/929/910 1051/885/866
f 1051/885/866 1072/929/910 1052/930/911
f 1051/885/866 1052/930/911 1031/886/867
f 1031/886/867 1052/930/911 1032/931/912
f 1031/886/867 1032/931/912 1011/887/868
f 1011/887/868 1032/931/912 1012/932/913
f 1011/887/868 1012/932/913 971/888/869
f 971/888/869 1012/932/913 972/933/914
f 971/888/869 972/933/914 978/889/870
f 978/889/870 972/933/914 977/934/915
f 978/889/870 977/934/915 931/890/871
f 931/890/871 977/934/915 932/935/916
f 931/890/871 932/935/916 938/891/872
f 938/891/872 932/935/916 937/936/917
f 938/891/872 937/936/917 892/892/873
f 892/892/873 937/936/917 893/937/918
f 892/892/873 893/937/918 899/893/874
f 899/893/874 893/937/918 898/938/919
f 899/893/874 898/938/919 873/894/875
f 873/894/875 898/938/919 874/939/920
f 873/894/875 874/939/920 854/895/876
f 854/895/876 874/939/920 855/940/921
f 854/895/876 855/940/921 834/896/877
f 834/896/877 855/940/921 835/941/922
f 834/896/877 835/941/922 814/897/878
f 814/897/878 835/941/922 815/942/923
f 814/897/878 815/942/923 774/898/879
f 774/898/879 815/942/923 775/943/924
f 774/898/879 775/943/924 781/899/880
f 781/899/880 775/943/924 780/944/925
f 781/899/880 780/944/925 735/900/881
f 735/900/881 780/944/925 736/945/926
f 735/900/881 736/945/926 742/901/882
f 742/901/882 736/945/926 741/946/927
f 742/901/882 741/946/927 697/902/883
f 697/902/883 741/946/927 698/947/928
f 697/902/883 698/947/928 704/903/884
f 704/903/884 698/947/928 703/948/929
f 704/903/884 703/948/929 658/904/885
f 658/904/885 703/948/929 659/949/930
f 658/904/885 659/949/930 665/905/886
f 665/905/886 659/949/930 664/950/931
f 665/905/886 664/950/931 619/906/887
f 619/906/887 664/950/931 620/951/932
f 619/906/887 620/951/932 626/907/888
f 626/907/888 620/951/932 625/952/933
f 626/907/888 625/952/933 599/908/889
f 599/908/889 625/952/933 600/953/934
f 599/908/889 600/953/934 579/909/890
f 579/909/890 600/953/934 580/954/935
f 579/909/890 580/954/935 559/910/891
f 559/910/891 580/954/935 560/955/936
f 559/910/891 560/955/936 539/911/892
f 539/911/892 560/955/936 540/956/937
f 539/911/892 540/956/937 500/912/893
f 500/912/893 540/956/937 501/957/938
f 500/912/893 501/957/938 507/913/894
f 507/913/894 501/957/938 506/958/939
f 507/913/894 506/958/939 461/914/895
f 461/914/895 506/958/939 462/959/940
f 461/914/895 462/959/940 468/915/896
f 468/915/896 462/959/940 467/960/941
f 468/915/896 467/960/941 422/916/897
f 422/916/897 467/960/941 423/513/497
f 422/916/897 423/513/497 429/511/495
f 172/917/898 173/961/942 231/918/899
f 231/918/899 173/961/942 230/962/943
f 231/918/899 230/962/943 1271/919/900
f 1271/919/900 230/962/943 1272/963/944
f 1271/919/900 1272/963/944 1251/920/901
f 1251/920/901 1272/963/944 1252/964/945
f 1251/920/901 1252/964/945 1231/921/902
f 1231/921/902 1252/964/945 1232/965/946
f 1231/921/902 1232/965/946 1211/922/903
f 1211/922/903 1232/965/946 1212/966/947
f 1211/922/903 1212/966/947 1191/923/904
f 1191/923/904 1212/966/947 1192/967/948
f 1191/923/904 1192/967/948 1171/924/905
f 1171/924/905 1192/967/948 1172/968/949
f 1171/924/905 1172/968/949 1151/925/906
f 1151/925/906 1172/968/949 1152/969/950
f 1151/925/906 1152/969/950 1131/926/907
f 1131/926/907 1152/969/950 1132/970/951
f 1131/926/907 1132/970/951 1092/927/908
f 1092/927/908 1132/970/951 1093/971/952
f 1092/927/908 1093/971/952 1097/928/909
f 1097/928/909 1093/971/952 1096/972/953
f 1097/928/909 1096/972/953 1072/929/910
f 1072/929/910 1096/972/953 1073/973/954
f 1072/929/910 1073/973/954 1052/930/911
f 1052/930/911 1073/973/954 1053/974/955
f 1052/930/911 1053/974/955 1032/931/912
f 1032/931/912 1053/974/955 1033/975/956
f 1032/931/912 1033/975/956 1012/932/913
f 1012/932/913 1033/975/956 1013/976/957
f 1012/932/913 1013/976/957 972/933/914
f 972/933/914 1013/976/957 973/977/958
f 972/933/914 973/977/958 977/934/915
f 977/934/915 973/977/958 976/978/959
f 977/934/915 976/978/959 932/935/916
f 932/935/916 976/978/959 933/979/960
f 932/935/916 933/979/960 937/936/917
f 937/936/917 933/979/960 936/980/961
f 937/936/917 936/980/961 893/937/918
f 893/937/918 936/980/961 894/981/962
f 893/937/918 894/981/962 898/938/919
f 898/938/919 894/981/962 897/982/963
f 898/938/919 897/982/963 874/939/920
f 874/939/920 897/982/963 875/983/964
f 874/939/920 875/983/964 855/940/921
f 855/940/921 875/983/964 856/984/965
f 855/940/921 856/984/965 835/941/922
f 835/941/922 856/984/965 836/985/966
f 835/941/922 836/985/966 815/942/923
f 815/942/923 836/985/966 816/986/967
f 815/942/923 816/986/967 775/943/924
f 775/943/924 816/986/967 776/987/968
f 775/943/924 776/987/968 780/944/925
f 780/944/925 776/987/968 779/988/969
f 780/944/925 779/988/969 736/945/926
f 736/945/926 779/988/969 737/989/970
f 736/945/926 737/989/970 741/946/927
f 741/946/927 737/989/970 740/990/971
f 741/946/927 740/990/971 698/947/928
f 698/947/928 740/990/971 699/991/972
f 698/947/928 699/991/972 703/948/929
f 703/948/929 699/991/972 702/992/973
f 703/948/929 702/992/973 659/949/930
f 659/949/930 702/992/973 660/993/974
f 659/949/930 660/993/974 664/950/931
f 664/950/931 660/993/974 663/994/975
f 664/950/931 663/994/975 620/951/932
f 620/951/932 663/994/975 621/995/976
f 620/951/932 621/995/976 625/952/933
f 625/952/933 621/995/976 624/996/977
f 625/952/933 624/996/977 600/953/934
f 600/953/934 624/996/977 601/997/978
f 600/953/934 601/997/978 580/954/935
f 580/954/935 601/997/978 581/998/979
f 580/954/935 581/998/979 560/955/936
f 560/955/936 581/998/979 561/999/980
f 560/955/936 561/999/980 540/956/937
f 540/956/937 561/999/980 541/1000/981
f 540/956/937 541/1000/981 501/957/938
f 501/957/938 541/1000/981 502/1001/982
f 501/957/938 502/1001/982 506/958/939
f 506/958/939 502/1001/982 505/1002/983
f 506/958/939 505/1002/983 462/959/940
f 462/959/940 505/1002/983 463/1003/984
f 462/959/940 463/1003/984 467/960/941
f 467/960/941 463/1003/984 466/515/499
f 467/960/941 466/515/499 423/513/497
f 173/961/942 174/1004/985 230/962/943
f 230/962/943 174/1004/985 229/1005/986
f 230/962/943 229/1005/986 1272/963/944
f 1272/963/944 229/1005/986 1273/1006/987
f 1272/963/944 1273/1006/987 1252/964/945
f 1252/964/945 1273/1006/987 1253/1007/988
f 1252/964/945 1253/1007/988 1232/965/946
f 1232/965/946 1253/1007/988 1233/1008/989
f 1232/965/946 1233/1008/989 1212/966/947
f 1212/966/947 1233/1008/989 1213/1009/990
f 1212/966/947 1213/1009/990 1192/967/948
f 1192/967/948 1213/1009/990 1193/1010/991
f 1192/967/948 1193/1010/991 1172/968/949
f 1172/968/949 1193/1010/991 1173/1011/992
f 1172/968/949 1173/1011/992 1152/969/950
f 1152/969/950 1173/1011/992 1153/1012/993
f 1152/969/950 1153/1012/993 1132/970/951
f 1132/970/951 1153/1012/993 1133/1013/994
f 1132/970/951 1133/1013/994 1093/971/952
f 1093/971/952 1133/1013/994 1094/1014/995
f 1093/971/952 1094/1014/995 1096/972/953
f 1096/972/953 1094/1014/995 1095/1015/996
f 1096/972/953 1095/1015/996 1073/973/954
f 1073/973/954 1095/1015/996 1074/1016/997
f 1073/973/954 1074/1016/997 1053/974/955
f 1053/974/955 1074/1016/997 1054/1017/998
f 1053/974/955 1054/1017/998 1033/975/956
f 1033/975/956 1054/1017/998 1034/1018/999
f 1033/975/956 1034/1018/999 1013/976/957
f 1013/976/957 1034/1018/999 1014/1019/1000
f 1013/976/957 1014/1019/1000 973/977/958
f 973/977/958 1014/1019/1000 974/1020/1001
f 973/977/958 974/1020/1001 976/978/959
f 976/978/959 974/1020/1001 975/1021/1002
f 976/978/959 975/1021/1002 933/979/960
f 933/979/960 975/1021/1002 934/1022/1003
f 933/979/960 934/1022/1003 936/980/961
f 936/980/961 934/1022/1003 935/1023/1004
f 936/980/961 935/1023/1004 894/981/962
f 894/981/962 935/1023/1004 895/1024/1005
f 894/981/962 895/1024/1005 897/982/963
f 897/982/963 895/1024/1005 896/1025/1006
f 897/982/963 896/1025/1006 875/983/964
f 875/983/964 896/1025/1006 876/1026/1007
f 875/983/964 876/1026/1007 856/984/965
f 856/984/965 876/1026/1007 857/1027/1008
f 856/984/965 857/1027/1008 836/985/966
f 836/985/966 857/1027/1008 837/1028/1009
f 836/985/966 837/1028/1009 816/986/967
f 816/986/967 837/1028/1009 817/1029/1010
f 816/986/967 817/1029/1010 776/987/968
f 776/987/968 817/1029/1010 777/1030/1011
f 776/987/968 777/1030/1011 779/988/969
f 779/988/969 777/1030/1011 778/1031/1012
f 779/988/969 778/1031/1012 737/989/970
f 737/989/970 778/1031/1012 738/1032/1013
f 737/989/970 738/1032/1013 740/990/971
f 740/990/971 738/1032/1013 739/1033/1014
f 740/990/971 739/1033/1014 699/991/972
f 699/991/972 739/1033/1014 700/1034/1015
f 699/991/972 700/1034/1015 702/992/973
f 702/992/973 700/1034/1015 701/1035/1016
f 702/992/973 701/1035/1016 660/993/974
f 660/993/974 701/1035/1016 661/1036/1017
f 660/993/974 661/1036/1017 663/994/975
f 663/994/975 661/1036/1017 662/1037/1018
f 663/994/975 662/1037/1018 621/995/976
f 621/995/976 662/1037/1018 622/1038/1019
f 621/995/976 622/1038/1019 624/996/977
f 624/996/977 622/1038/1019 623/1039/1020
f 624/996/977 623/1039/1020 601/997/978
f 601/997/978 623/1039/1020 602/1040/1021
f 601/997/978 602/1040/1021 581/998/979
f 581/998/979 602/1040/1021 582/1041/1022
f 581/998/979 582/1041/1022 561/999/980
f 561/999/980 582/1041/1022 562/1042/1023
f 561/999/980 562/1042/1023 541/1000/981
f 541/1000/981 562/1042/1023 542/1043/1024
f 541/1000/981 542/1043/1024 502/1001/982
f 502/1001/982 542/1043/1024 503/1044/1025
f 502/1001/982 503/1044/1025 505/1002/983
f 505/1002/983 503/1044/1025 504/1045/1026
f 505/1002/983 504/1045/1026 463/1003/984
f 463/1003/984 504/1045/1026 464/517/501
f 463/1003/984 464/517/501 466/515/499
f 174/1004/985 175/1046/1027 229/1005/986
f 173/1047/942 267/1048/1028 174/1049/985
f 174/1049/985 267/1048/1028 268/1050/1029
f 174/1049/985 268/1050/1029 175/1051/1030
f 267/1048/1028 173/1047/942 266/1052/1031
f 266/1052/1031 173/1047/942 172/1053/898
f 266/1052/1031 172/1053/898 265/1054/1032
f 265/1054/1032 172/1053/898 171/1055/853
f 265/1054/1032 171/1055/853 264/1056/1033
f 264/1056/1033 171/1055/853 170/1057/807
f 264/1056/1033 170/1057/807 263/1058/1034
f 263/1058/1034 170/1057/807 169/1059/760
f 263/1058/1034 169/1059/760 262/1060/1035
f 262/1060/1035 169/1059/760 168/1061/664
f 262/1060/1035 168/1061/664 261/1062/1036
f 261/1062/1036 168/1061/664 260/1063/1037
f 261/1062/1036 260/1063/1037 281/1064/1038
f 281/1064/1038 260/1063/1037 280/1065/1039
f 281/1064/1038 280/1065/1039 316/1066/1040
f 316/1066/1040 280/1065/1039 317/500/484
f 316/1066/1040 317/500/484 301/502/486
f 168/1061/664 167/1067/662 260/1063/1037
f 260/1063/1037 167/1067/662 259/1068/1041
f 260/1063/1037 259/1068/1041 280/1065/1039
f 280/1065/1039 259/1068/1041 279/498/482
f 280/1065/1039 279/498/482 317/500/484
f 167/1067/662 166/1069/660 259/1068/1041
f 259/1068/1041 166/1069/660 258/496/480
f 259/1068/1041 258/496/480 279/498/482
f 166/1069/660 165/494/478 258/496/480
f 253/487/472 162/489/367 252/1070/1042
f 252/1070/1042 162/489/367 161/1071/365
f 252/1070/1042 161/1071/365 251/1072/1043
f 251/1072/1043 161/1071/365 160/1073/363
f 251/1072/1043 160/1073/363 250/1074/1044
f 250/1074/1044 160/1073/363 159/1075/361
f 250/1074/1044 159/1075/361 249/1076/1045
f 249/1076/1045 159/1075/361 158/1077/359
f 249/1076/1045 158/1077/359 176/1078/1046
f 176/1078/1046 177/1079/1047 249/1076/1045
f 249/1076/1045 177/1079/1047 269/1080/1048
f 249/1076/1045 269/1080/1048 270/1081/1049
f 270/1081/1049 269/1080/1048 327/1082/1050
f 270/1081/1049 327/1082/1050 326/1083/1051
f 326/1083/1051 327/1082/1050 291/1084/1052
f 326/1083/1051 291/1084/1052 292/1085/1053
f 292/1085/1053 291/1084/1052 364/1086/1054
f 292/1085/1053 364/1086/1054 363/479/464
f 363/479/464 364/1086/1054 332/477/462
f 269/1080/1048 177/1079/1047 228/1087/1055
f 228/1087/1055 177/1079/1047 178/1088/1056
f 228/1087/1055 178/1088/1056 289/1089/1057
f 289/1089/1057 178/1088/1056 227/1090/1058
f 289/1089/1057 227/1090/1058 366/1091/1059
f 366/1091/1059 227/1090/1058 329/1092/1060
f 366/1091/1059 329/1092/1060 330/1093/1061
f 330/1093/1061 329/1092/1060 404/1094/1062
f 330/1093/1061 404/1094/1062 403/1095/1063
f 403/1095/1063 404/1094/1062 370/1096/1064
f 403/1095/1063 370/1096/1064 371/473/458
f 371/473/458 370/1096/1064 441/471/456
f 178/1088/1056 179/1097/1065 227/1090/1058
f 227/1090/1058 179/1097/1065 328/1098/1066
f 227/1090/1058 328/1098/1066 329/1092/1060
f 329/1092/1060 328/1098/1066 405/1099/1067
f 329/1092/1060 405/1099/1067 404/1094/1062
f 404/1094/1062 405/1099/1067 369/1100/1068
f 404/1094/1062 369/1100/1068 370/1096/1064
f 370/1096/1064 369/1100/1068 442/1101/1069
f 370/1096/1064 442/1101/1069 441/471/456
f 441/471/456 442/1101/1069 410/469/454
f 328/1098/1066 179/1097/1065 226/1102/1070
f 226/1102/1070 179/1097/1065 180/1103/1071
f 226/1102/1070 180/1103/1071 367/1104/1072
f 367/1104/1072 180/1103/1071 225/1105/1073
f 367/1104/1072 225/1105/1073 444/1106/1074
f 444/1106/1074 225/1105/1073 407/1107/1075
f 444/1106/1074 407/1107/1075 408/1108/1076
f 408/1108/1076 407/1107/1075 482/1109/1077
f 408/1108/1076 482/1109/1077 481/1110/1078
f 481/1110/1078 482/1109/1077 448/1111/1079
f 481/1110/1078 448/1111/1079 449/465/450
f 449/465/450 448/1111/1079 519/463/448
f 180/1103/1071 181/1112/1080 225/1105/1073
f 225/1105/1073 181/1112/1080 406/1113/1081
f 225/1105/1073 406/1113/1081 407/1107/1075
f 407/1107/1075 406/1113/1081 483/1114/1082
f 407/1107/1075 483/1114/1082 482/1109/1077
f 482/1109/1077 483/1114/1082 447/1115/1083
f 482/1109/1077 447/1115/1083 448/1111/1079
f 448/1111/1079 447/1115/1083 520/1116/1084
f 448/1111/1079 520/1116/1084 519/463/448
f 519/463/448 520/1116/1084 488/461/446
f 406/1113/1081 181/1112/1080 224/1117/1085
f 224/1117/1085 181/1112/1080 182/1118/1086
f 224/1117/1085 182/1118/1086 445/1119/1087
f 445/1119/1087 182/1118/1086 223/1120/1088
f 445/1119/1087 223/1120/1088 522/1121/1089
f 522/1121/1089 223/1120/1088 485/1122/1090
f 522/1121/1089 485/1122/1090 486/1123/1091
f 486/1123/1091 485/1122/1090 525/1124/1092
f 486/1123/1091 525/1124/1092 526/1125/1093
f 526/1125/1093 525/1124/1092 546/1126/1094
f 526/1125/1093 546/1126/1094 547/457/442
f 547/457/442 546/1126/1094 567/455/440
f 182/1118/1086 183/1127/1095 223/1120/1088
f 223/1120/1088 183/1127/1095 484/1128/1096
f 223/1120/1088 484/1128/1096 485/1122/1090
f 485/1122/1090 484/1128/1096 524/1129/1097
f 485/1122/1090 524/1129/1097 525/1124/1092
f 525/1124/1092 524/1129/1097 545/1130/1098
f 525/1124/1092 545/1130/1098 546/1126/1094
f 546/1126/1094 545/1130/1098 566/1131/1099
f 546/1126/1094 566/1131/1099 567/455/440
f 567/455/440 566/1131/1099 587/453/438
f 183/1127/1095 184/1132/1100 484/1128/1096
f 484/1128/1096 184/1132/1100 523/1133/1101
f 484/1128/1096 523/1133/1101 524/1129/1097
f 524/1129/1097 523/1133/1101 544/1134/1102
f 524/1129/1097 544/1134/1102 545/1130/1098
f 545/1130/1098 544/1134/1102 565/1135/1103
f 545/1130/1098 565/1135/1103 566/1131/1099
f 566/1131/1099 565/1135/1103 586/1136/1104
f 566/1131/1099 586/1136/1104 587/453/438
f 587/453/438 586/1136/1104 638/451/436
f 184/1132/1100 185/1137/1105 523/1133/1101
f 523/1133/1101 185/1137/1105 543/1138/1106
f 523/1133/1101 543/1138/1106 544/1134/1102
f 544/1134/1102 543/1138/1106 564/1139/1107
f 544/1134/1102 564/1139/1107 565/1135/1103
f 565/1135/1103 564/1139/1107 585/1140/1108
f 565/1135/1103 585/1140/1108 586/1136/1104
f 586/1136/1104 585/1140/1108 639/1141/1109
f 586/1136/1104 639/1141/1109 638/451/436
f 638/451/436 639/1141/1109 607/449/434
f 185/1137/1105 186/1142/1110 543/1138/1106
f 543/1138/1106 186/1142/1110 563/1143/1111
f 543/1138/1106 563/1143/1111 564/1139/1107
f 564/1139/1107 563/1143/1111 584/1144/1112
f 564/1139/1107 584/1144/1112 585/1140/1108
f 585/1140/1108 584/1144/1112 640/1145/1113
f 585/1140/1108 640/1145/1113 639/1141/1109
f 639/1141/1109 640/1145/1113 606/1146/1114
f 639/1141/1109 606/1146/1114 607/449/434
f 607/449/434 606/1146/1114 677/447/432
f 186/1142/1110 187/1147/1115 563/1143/1111
f 563/1143/1111 187/1147/1115 583/1148/1116
f 563/1143/1111 583/1148/1116 584/1144/1112
f 584/1144/1112 583/1148/1116 641/1149/1117
f 584/1144/1112 641/1149/1117 640/1145/1113
f 640/1145/1113 641/1149/1117 605/1150/1118
f 640/1145/1113 605/1150/1118 606/1146/1114
f 606/1146/1114 605/1150/1118 678/1151/1119
f 606/1146/1114 678/1151/1119 677/447/432
f 677/447/432 678/1151/1119 646/445/430
f 583/1148/1116 187/1147/1115 222/1152/1120
f 222/1152/1120 187/1147/1115 188/1153/1121
f 222/1152/1120 188/1153/1121 603/1154/1122
f 603/1154/1122 188/1153/1121 221/1155/1123
f 603/1154/1122 221/1155/1123 680/1156/1124
f 680/1156/1124 221/1155/1123 643/1157/1125
f 680/1156/1124 643/1157/1125 644/1158/1126
f 644/1158/1126 643/1157/1125 718/1159/1127
f 644/1158/1126 718/1159/1127 717/1160/1128
f 717/1160/1128 718/1159/1127 684/1161/1129
f 717/1160/1128 684/1161/1129 685/441/426
f 685/441/426 684/1161/1129 754/439/424
f 188/1153/1121 189/1162/1130 221/1155/1123
f 221/1155/1123 189/1162/1130 642/1163/1131
f 221/1155/1123 642/1163/1131 643/1157/1125
f 643/1157/1125 642/1163/1131 719/1164/1132
f 643/1157/1125 719/1164/1132 718/1159/1127
f 718/1159/1127 719/1164/1132 683/1165/1133
f 718/1159/1127 683/1165/1133 684/1161/1129
f 684/1161/1129 683/1165/1133 755/1166/1134
f 684/1161/1129 755/1166/1134 754/439/424
f 754/439/424 755/1166/1134 723/437/422
f 642/1163/1131 189/1162/1130 220/1167/1135
f 220/1167/1135 189/1162/1130 190/1168/1136
f 220/1167/1135 190/1168/1136 681/1169/1137
f 681/1169/1137 190/1168/1136 219/1170/1138
f 681/1169/1137 219/1170/1138 757/1171/1139
f 757/1171/1139 219/1170/1138 720/1172/1140
f 757/1171/1139 720/1172/1140 721/1173/1141
f 721/1173/1141 720/1172/1140 795/1174/1142
f 721/1173/1141 795/1174/1142 794/1175/1143
f 794/1175/1143 795/1174/1142 761/1176/1144
f 794/1175/1143 761/1176/1144 762/433/418
f 762/433/418 761/1176/1144 802/431/416
f 190/1168/1136 191/1177/1145 219/1170/1138
f 219/1170/1138 191/1177/1145 218/1178/1146
f 219/1170/1138 218/1178/1146 720/1172/1140
f 720/1172/1140 218/1178/1146 796/1179/1147
f 720/1172/1140 796/1179/1147 795/1174/1142
f 795/1174/1142 796/1179/1147 760/1180/1148
f 795/1174/1142 760/1180/1148 761/1176/1144
f 761/1176/1144 760/1180/1148 801/1181/1149
f 761/1176/1144 801/1181/1149 802/431/416
f 802/431/416 801/1181/1149 822/429/414
f 191/1177/1145 192/1182/1150 218/1178/1146
f 218/1178/1146 192/1182/1150 797/1183/1151
f 218/1178/1146 797/1183/1151 796/1179/1147
f 796/1179/1147 797/1183/1151 759/1184/1152
f 796/1179/1147 759/1184/1152 760/1180/1148
f 760/1180/1148 759/1184/1152 800/1185/1153
f 760/1180/1148 800/1185/1153 801/1181/1149
f 801/1181/1149 800/1185/1153 821/1186/1154
f 801/1181/1149 821/1186/1154 822/429/414
f 822/429/414 821/1186/1154 842/427/412
f 797/1183/1151 192/1182/1150 758/1187/1155
f 758/1187/1155 192/1182/1150 193/1188/1156
f 758/1187/1155 193/1188/1156 798/1189/1157
f 798/1189/1157 193/1188/1156 194/1190/1158
f 798/1189/1157 194/1190/1158 818/1191/1159
f 818/1191/1159 194/1190/1158 195/1192/1160
f 818/1191/1159 195/1192/1160 838/1193/1161
f 838/1193/1161 195/1192/1160 196/1194/1162
f 838/1193/1161 196/1194/1162 217/1195/1163
f 217/1195/1163 196/1194/1162 197/1196/1164
f 217/1195/1163 197/1196/1164 915/1197/1165
f 915/1197/1165 197/1196/1164 216/1198/1166
f 915/1197/1165 216/1198/1166 877/1199/1167
f 877/1199/1167 216/1198/1166 953/1200/1168
f 877/1199/1167 953/1200/1168 952/1201/1169
f 952/1201/1169 953/1200/1168 917/1202/1170
f 952/1201/1169 917/1202/1170 918/1203/1171
f 918/1203/1171 917/1202/1170 991/1204/1172
f 918/1203/1171 991/1204/1172 990/415/400
f 990/415/400 991/1204/1172 959/413/398
f 197/1196/1164 198/1205/1173 216/1198/1166
f 216/1198/1166 198/1205/1173 954/1206/1174
f 216/1198/1166 954/1206/1174 953/1200/1168
f 953/1200/1168 954/1206/1174 916/1207/1175
f 953/1200/1168 916/1207/1175 917/1202/1170
f 917/1202/1170 916/1207/1175 992/1208/1176
f 917/1202/1170 992/1208/1176 991/1204/1172
f 991/1204/1172 992/1208/1176 958/1209/1177
f 991/1204/1172 958/1209/1177 959/413/398
f 959/413/398 958/1209/1177 999/411/396
f 954/1206/1174 198/1205/1173 215/1210/1178
f 215/1210/1178 198/1205/1173 199/1211/1179
f 215/1210/1178 199/1211/1179 994/1212/1180
f 994/1212/1180 199/1211/1179 955/1213/1181
f 994/1212/1180 955/1213/1181 956/1214/1182
f 956/1214/1182 955/1213/1181 996/1215/1183
f 956/1214/1182 996/1215/1183 997/1216/1184
f 997/1216/1184 996/1215/1183 1017/1217/1185
f 997/1216/1184 1017/1217/1185 1018/1218/1186
f 1018/1218/1186 1017/1217/1185 1038/1219/1187
f 1018/1218/1186 1038/1219/1187 1039/407/392
f 1039/407/392 1038/1219/1187 1059/405/390
f 199/1211/1179 200/1220/1188 955/1213/1181
f 955/1213/1181 200/1220/1188 995/1221/1189
f 955/1213/1181 995/1221/1189 996/1215/1183
f 996/1215/1183 995/1221/1189 1016/1222/1190
f 996/1215/1183 1016/1222/1190 1017/1217/1185
f 1017/1217/1185 1016/1222/1190 1037/1223/1191
f 1017/1217/1185 1037/1223/1191 1038/1219/1187
f 1038/1219/1187 1037/1223/1191 1058/1224/1192
f 1038/1219/1187 1058/1224/1192 1059/405/390
f 1059/405/390 1058/1224/1192 1110/403/388
f 200/1220/1188 201/1225/1193 995/1221/1189
f 995/1221/1189 201/1225/1193 1015/1226/1194
f 995/1221/1189 1015/1226/1194 1016/1222/1190
f 1016/1222/1190 1015/1226/1194 1036/1227/1195
f 1016/1222/1190 1036/1227/1195 1037/1223/1191
f 1037/1223/1191 1036/1227/1195 1057/1228/1196
f 1037/1223/1191 1057/1228/1196 1058/1224/1192
f 1058/1224/1192 1057/1228/1196 1111/1229/1197
f 1058/1224/1192 1111/1229/1197 1110/403/388
f 1110/403/388 1111/1229/1197 1079/401/386
f 201/1225/1193 202/1230/1198 1015/1226/1194
f 1015/1226/1194 202/1230/1198 1035/1231/1199
f 1015/1226/1194 1035/1231/1199 1036/1227/1195
f 1036/1227/1195 1035/1231/1199 1056/1232/1200
f 1036/1227/1195 1056/1232/1200 1057/1228/1196
f 1057/1228/1196 1056/1232/1200 1112/1233/1201
f 1057/1228/1196 1112/1233/1201 1111/1229/1197
f 1111/1229/1197 1112/1233/1201 1078/1234/1202
f 1111/1229/1197 1078/1234/1202 1079/401/386
f 1079/401/386 1078/1234/1202 1118/399/384
f 202/1230/1198 203/1235/1203 1035/1231/1199
f 1035/1231/1199 203/1235/1203 1055/1236/1204
f 1035/1231/1199 1055/1236/1204 1056/1232/1200
f 1056/1232/1200 1055/1236/1204 1113/1237/1205
f 1056/1232/1200 1113/1237/1205 1112/1233/1201
f 1112/1233/1201 1113/1237/1205 1077/1238/1206
f 1112/1233/1201 1077/1238/1206 1078/1234/1202
f 1078/1234/1202 1077/1238/1206 1117/1239/1207
f 1078/1234/1202 1117/1239/1207 1118/399/384
f 1118/399/384 1117/1239/1207 1138/397/382
f 1055/1236/1204 203/1235/1203 214/1240/1208
f 214/1240/1208 203/1235/1203 204/1241/1209
f 214/1240/1208 204/1241/1209 1075/1242/1210
f 1075/1242/1210 204/1241/1209 205/1243/1211
f 1075/1242/1210 205/1243/1211 1114/1244/1212
f 1114/1244/1212 205/1243/1211 206/1245/1213
f 1114/1244/1212 206/1245/1213 1134/1246/1214
f 1134/1246/1214 206/1245/1213 207/1247/1215
f 1134/1246/1214 207/1247/1215 1154/1248/1216
f 1154/1248/1216 207/1247/1215 208/1249/1217
f 1154/1248/1216 208/1249/1217 1174/1250/1218
f 1174/1250/1218 208/1249/1217 209/1251/1219
f 1174/1250/1218 209/1251/1219 1194/1252/1220
f 1194/1252/1220 209/1251/1219 210/1253/1221
f 1194/1252/1220 210/1253/1221 1214/1254/1222
f 1214/1254/1222 210/1253/1221 211/1255/1223
f 1214/1254/1222 211/1255/1223 1234/1256/1224
f 1234/1256/1224 211/1255/1223 212/1257/1225
f 1234/1256/1224 212/1257/1225 1254/1258/1226
f 1254/1258/1226 212/1257/1225 213/373/358
f 1254/1258/1226 213/373/358 248/375/360
f 229/1005/986 175/1259/1227 1273/1006/987
f 1273/1006/987 175/1260/1228 1253/1007/988
f 1253/1007/988 175/1261/1229 1233/1008/989
f 1233/1008/989 175/1262/1230 1213/1009/990
f 1213/1009/990 175/1263/1231 1193/1010/991
f 1193/1010/991 175/1264/1232 1173/1011/992
f 1173/1011/992 175/1265/1233 1153/1012/993
f 1153/1012/993 175/1266/1234 1133/1013/994
f 1133/1013/994 175/1267/1235 1094/1014/995
f 1094/1014/995 175/1268/1236 1095/1015/996
f 1095/1015/996 175/1269/1237 1074/1016/997
f 1074/1016/997 175/1270/1238 1054/1017/998
f 1054/1017/998 175/1271/1239 1034/1018/999
f 1014/1019/1000 175/1272/1240 974/1020/1001
f 974/1020/1001 175/1273/1241 975/1021/1002
f 975/1021/1002 175/1274/1242 934/1022/1003
f 934/1022/1003 175/1275/1243 935/1023/1004
f 935/1023/1004 175/1276/1244 895/1024/1005
f 895/1024/1005 175/1277/1245 896/1025/1006
f 896/1025/1006 175/1278/1246 876/1026/1007
f 876/1026/1007 175/1279/1247 857/1027/1008
f 857/1027/1008 175/1280/1248 837/1028/1009
f 837/1028/1009 175/1281/1249 817/1029/1010
f 817/1029/1010 175/1282/1250 777/1030/1011
f 777/1030/1011 175/1283/1251 778/1031/1012
f 778/1031/1012 175/1284/1252 738/1032/1013
f 738/1032/1013 175/1285/1253 739/1033/1014
f 739/1033/1014 175/1286/1254 700/1034/1015
f 700/1034/1015 175/1287/1255 701/1035/1016
f 701/1035/1016 175/1288/1256 661/1036/1017
f 661/1036/1017 175/1289/1257 662/1037/1018
f 662/1037/1018 175/1290/1258 622/1038/1019
f 623/1039/1020 175/1291/1259 602/1040/1021
f 602/1040/1021 175/1292/1260 582/1041/1022
f 582/1041/1022 175/1293/1261 562/1042/1023
f 562/1042/1023 175/1294/1262 542/1043/1024
f 542/1043/1024 175/1295/1263 503/1044/1025
f 503/1044/1025 175/1296/1264 504/1045/1026
f 504/1045/1026 175/1297/1265 464/517/501
f 465/516/500 175/1298/1266 425/1299/1267
f 425/1299/1267 175/1300/1268 426/1301/1269
f 426/1301/1269 175/1302/1270 386/1303/1271
f 386/1303/1271 175/1304/1272 387/1305/1273
f 387/1305/1273 175/1306/1274 347/1307/1275
f 347/1307/1275 175/1308/1276 348/1309/1277
f 348/1309/1277 175/1310/1278 308/1311/1279
f 308/1311/1279 175/1312/1280 309/1313/1281
f 309/1313/1281 175/1314/1282 288/1315/1283
f 288/1315/1283 175/1316/1284 268/1050/1029
f 1034/1018/999 175/1317/1285 1014/1019/1000
f 622/1038/1019 175/1318/1286 623/1039/1020
f 237/682/663 236/684/665 1265/1319/1287
f 1265/1319/1287 236/684/665 1266/686/667
f 1265/1319/1287 1266/686/667 1245/1320/1288
f 1245/1320/1288 1266/686/667 1246/688/669
f 1245/1320/1288 1246/688/669 1225/1321/1289
f 1225/1321/1289 1246/688/669 1226/690/671
f 1225/1321/1289 1226/690/671 1205/1322/1290
f 1205/1322/1290 1226/690/671 1206/692/673
f 1205/1322/1290 1206/692/673 1185/1323/1291
f 1185/1323/1291 1206/692/673 1186/694/675
f 1185/1323/1291 1186/694/675 1165/1324/1292
f 1165/1324/1292 1186/694/675 1166/696/677
f 1165/1324/1292 1166/696/677 1145/1325/1293
f 1145/1325/1293 1166/696/677 1146/698/679
f 1145/1325/1293 1146/698/679 1125/1326/1294
f 1125/1326/1294 1146/698/679 1126/700/681
f 1125/1326/1294 1126/700/681 1086/1327/1295
f 1086/1327/1295 1126/700/681 1087/702/683
f 1086/1327/1295 1087/702/683 1103/1328/1296
f 1103/1328/1296 1087/702/683 1102/704/685
f 1103/1328/1296 1102/704/685 1066/1329/1297
f 1066/1329/1297 1102/704/685 1067/706/687
f 1066/1329/1297 1067/706/687 1046/1330/1298
f 1046/1330/1298 1067/706/687 1047/708/689
f 1046/1330/1298 1047/708/689 1026/1331/1299
f 1026/1331/1299 1047/708/689 1027/710/691
f 1026/1331/1299 1027/710/691 1006/1332/1300
f 1006/1332/1300 1027/710/691 1007/712/693
f 1006/1332/1300 1007/712/693 966/1333/1301
f 966/1333/1301 1007/712/693 967/714/695
f 966/1333/1301 967/714/695 983/1334/1302
f 983/1334/1302 967/714/695 982/716/697
f 983/1334/1302 982/716/697 926/1335/1303
f 926/1335/1303 982/716/697 927/718/699
f 926/1335/1303 927/718/699 943/1336/1304
f 943/1336/1304 927/718/699 942/720/701
f 943/1336/1304 942/720/701 887/1337/1305
f 887/1337/1305 942/720/701 888/722/703
f 887/1337/1305 888/722/703 904/1338/1306
f 904/1338/1306 888/722/703 903/724/705
f 904/1338/1306 903/724/705 868/1339/1307
f 868/1339/1307 903/724/705 869/726/707
f 868/1339/1307 869/726/707 849/1340/1308
f 849/1340/1308 869/726/707 850/728/709
f 849/1340/1308 850/728/709 829/1341/1309
f 829/1341/1309 850/728/709 830/730/711
f 829/1341/1309 830/730/711 809/1342/1310
f 809/1342/1310 830/730/711 810/732/713
f 809/1342/1310 810/732/713 769/1343/1311
f 769/1343/1311 810/732/713 770/734/715
f 769/1343/1311 770/734/715 786/1344/1312
f 786/1344/1312 770/734/715 785/736/717
f 786/1344/1312 785/736/717 730/1345/1313
f 730/1345/1313 785/736/717 731/738/719
f 730/1345/1313 731/738/719 747/1346/1314
f 747/1346/1314 731/738/719 746/740/721
f 747/1346/1314 746/740/721 692/1347/1315
f 692/1347/1315 746/740/721 693/742/723
f 692/1347/1315 693/742/723 709/1348/1316
f 709/1348/1316 693/742/723 708/744/725
f 709/1348/1316 708/744/725 653/1349/1317
f 653/1349/1317 708/744/725 654/746/727
f 653/1349/1317 654/746/727 670/1350/1318
f 670/1350/1318 654/746/727 669/748/729
f 670/1350/1318 669/748/729 614/1351/1319
f 614/1351/1319 669/748/729 615/750/731
f 614/1351/1319 615/750/731 631/1352/1320
f 631/1352/1320 615/750/731 630/752/733
f 631/1352/1320 630/752/733 594/1353/1321
f 594/1353/1321 630/752/733 595/754/735
f 594/1353/1321 595/754/735 574/1354/1322
f 574/1354/1322 595/754/735 575/756/737
f 574/1354/1322 575/756/737 554/1355/1323
f 554/1355/1323 575/756/737 555/758/739
f 554/1355/1323 555/758/739 534/1356/1324
f 534/1356/1324 555/758/739 535/760/741
f 534/1356/1324 535/760/741 495/1357/1325
f 495/1357/1325 535/760/741 496/762/743
f 495/1357/1325 496/762/743 512/1358/1326
f 512/1358/1326 496/762/743 511/764/745
f 512/1358/1326 511/764/745 456/1359/1327
f 456/1359/1327 511/764/745 457/766/747
f 456/1359/1327 457/766/747 473/1360/1328
f 473/1360/1328 457/766/747 472/768/749
f 473/1360/1328 472/768/749 417/1361/1329
f 417/1361/1329 472/768/749 418/770/751
f 417/1361/1329 418/770/751 434/1362/1330
f 434/1362/1330 418/770/751 433/772/753
f 434/1362/1330 433/772/753 378/1363/1331
f 378/1363/1331 433/772/753 379/774/755
f 378/1363/1331 379/774/755 395/1364/1332
f 395/1364/1332 379/774/755 394/776/757
f 395/1364/1332 394/776/757 339/1365/1333
f 339/1365/1333 394/776/757 340/778/759
f 339/1365/1333 340/778/759 356/1366/1334
f 356/1366/1334 340/778/759 355/503/487
f 356/1366/1334 355/503/487 300/501/485
f 238/680/661 237/682/663 1264/1367/1335
f 1264/1367/1335 237/682/663 1265/1319/1287
f 1264/1367/1335 1265/1319/1287 1244/1368/1336
f 1244/1368/1336 1265/1319/1287 1245/1320/1288
f 1244/1368/1336 1245/1320/1288 1224/1369/1337
f 1224/1369/1337 1245/1320/1288 1225/1321/1289
f 1224/1369/1337 1225/1321/1289 1204/1370/1338
f 1204/1370/1338 1225/1321/1289 1205/1322/1290
f 1204/1370/1338 1205/1322/1290 1184/1371/1339
f 1184/1371/1339 1205/1322/1290 1185/1323/1291
f 1184/1371/1339 1185/1323/1291 1164/1372/1340
f 1164/1372/1340 1185/1323/1291 1165/1324/1292
f 1164/1372/1340 1165/1324/1292 1144/1373/1341
f 1144/1373/1341 1165/1324/1292 1145/1325/1293
f 1144/1373/1341 1145/1325/1293 1124/1374/1342
f 1124/1374/1342 1145/1325/1293 1125/1326/1294
f 1124/1374/1342 1125/1326/1294 1085/1375/1343
f 1085/1375/1343 1125/1326/1294 1086/1327/1295
f 1085/1375/1343 1086/1327/1295 1104/1376/1344
f 1104/1376/1344 1086/1327/1295 1103/1328/1296
f 1104/1376/1344 1103/1328/1296 1065/1377/1345
f 1065/1377/1345 1103/1328/1296 1066/1329/1297
f 1065/1377/1345 1066/1329/1297 1045/1378/1346
f 1045/1378/1346 1066/1329/1297 1046/1330/1298
f 1045/1378/1346 1046/1330/1298 1025/1379/1347
f 1025/1379/1347 1046/1330/1298 1026/1331/1299
f 1025/1379/1347 1026/1331/1299 1005/1380/1348
f 1005/1380/1348 1026/1331/1299 1006/1332/1300
f 1005/1380/1348 1006/1332/1300 965/1381/1349
f 965/1381/1349 1006/1332/1300 966/1333/1301
f 965/1381/1349 966/1333/1301 984/1382/1350
f 984/1382/1350 966/1333/1301 983/1334/1302
f 984/1382/1350 983/1334/1302 925/1383/1351
f 925/1383/1351 983/1334/1302 926/1335/1303
f 925/1383/1351 926/1335/1303 944/1384/1352
f 944/1384/1352 926/1335/1303 943/1336/1304
f 944/1384/1352 943/1336/1304 886/1385/1353
f 886/1385/1353 943/1336/1304 887/1337/1305
f 886/1385/1353 887/1337/1305 905/1386/1354
f 905/1386/1354 887/1337/1305 904/1338/1306
f 905/1386/1354 904/1338/1306 867/1387/1355
f 867/1387/1355 904/1338/1306 868/1339/1307
f 867/1387/1355 868/1339/1307 848/1388/1356
f 848/1388/1356 868/1339/1307 849/1340/1308
f 848/1388/1356 849/1340/1308 828/1389/1357
f 828/1389/1357 849/1340/1308 829/1341/1309
f 828/1389/1357 829/1341/1309 808/1390/1358
f 808/1390/1358 829/1341/1309 809/1342/1310
f 808/1390/1358 809/1342/1310 768/1391/1359
f 768/1391/1359 809/1342/1310 769/1343/1311
f 768/1391/1359 769/1343/1311 787/1392/1360
f 787/1392/1360 769/1343/1311 786/1344/1312
f 787/1392/1360 786/1344/1312 729/1393/1361
f 729/1393/1361 786/1344/1312 730/1345/1313
f 729/1393/1361 730/1345/1313 748/1394/1362
f 748/1394/1362 730/1345/1313 747/1346/1314
f 748/1394/1362 747/1346/1314 691/1395/1363
f 691/1395/1363 747/1346/1314 692/1347/1315
f 691/1395/1363 692/1347/1315 710/1396/1364
f 710/1396/1364 692/1347/1315 709/1348/1316
f 710/1396/1364 709/1348/1316 652/1397/1365
f 652/1397/1365 709/1348/1316 653/1349/1317
f 652/1397/1365 653/1349/1317 671/1398/1366
f 671/1398/1366 653/1349/1317 670/1350/1318
f 671/1398/1366 670/1350/1318 613/1399/1367
f 613/1399/1367 670/1350/1318 614/1351/1319
f 613/1399/1367 614/1351/1319 632/1400/1368
f 632/1400/1368 614/1351/1319 631/1352/1320
f 632/1400/1368 631/1352/1320 593/1401/1369
f 593/1401/1369 631/1352/1320 594/1353/1321
f 593/1401/1369 594/1353/1321 573/1402/1370
f 573/1402/1370 594/1353/1321 574/1354/1322
f 573/1402/1370 574/1354/1322 553/1403/1371
f 553/1403/1371 574/1354/1322 554/1355/1323
f 553/1403/1371 554/1355/1323 533/1404/1372
f 533/1404/1372 554/1355/1323 534/1356/1324
f 533/1404/1372 534/1356/1324 494/1405/1373
f 494/1405/1373 534/1356/1324 495/1357/1325
f 494/1405/1373 495/1357/1325 513/1406/1374
f 513/1406/1374 495/1357/1325 512/1358/1326
f 513/1406/1374 512/1358/1326 455/1407/1375
f 455/1407/1375 512/1358/1326 456/1359/1327
f 455/1407/1375 456/1359/1327 474/1408/1376
f 474/1408/1376 456/1359/1327 473/1360/1328
f 474/1408/1376 473/1360/1328 416/1409/1377
f 416/1409/1377 473/1360/1328 417/1361/1329
f 416/1409/1377 417/1361/1329 435/1410/1378
f 435/1410/1378 417/1361/1329 434/1362/1330
f 435/1410/1378 434/1362/1330 377/1411/1379
f 377/1411/1379 434/1362/1330 378/1363/1331
f 377/1411/1379 378/1363/1331 396/1412/1380
f 396/1412/1380 378/1363/1331 395/1364/1332
f 396/1412/1380 395/1364/1332 338/1413/1381
f 338/1413/1381 395/1364/1332 339/1365/1333
f 338/1413/1381 339/1365/1333 357/1414/1382
f 357/1414/1382 339/1365/1333 356/1366/1334
f 357/1414/1382 356/1366/1334 299/1415/1383
f 299/1415/1383 356/1366/1334 300/501/485
f 299/1415/1383 300/501/485 318/499/483
f 1262/627/608 240/626/607 239/678/659
f 239/678/659 238/680/661 1263/1416/1384
f 1263/1416/1384 238/680/661 1264/1367/1335
f 1263/1416/1384 1264/1367/1335 1243/1417/1385
f 1243/1417/1385 1264/1367/1335 1244/1368/1336
f 1243/1417/1385 1244/1368/1336 1223/1418/1386
f 1223/1418/1386 1244/1368/1336 1224/1369/1337
f 1223/1418/1386 1224/1369/1337 1203/1419/1387
f 1203/1419/1387 1224/1369/1337 1204/1370/1338
f 1203/1419/1387 1204/1370/1338 1183/1420/1388
f 1183/1420/1388 1204/1370/1338 1184/1371/1339
f 1183/1420/1388 1184/1371/1339 1163/1421/1389
f 1163/1421/1389 1184/1371/1339 1164/1372/1340
f 1163/1421/1389 1164/1372/1340 1143/1422/1390
f 1143/1422/1390 1164/1372/1340 1144/1373/1341
f 1143/1422/1390 1144/1373/1341 1123/1423/1391
f 1123/1423/1391 1144/1373/1341 1124/1374/1342
f 1123/1423/1391 1124/1374/1342 1084/1424/1392
f 1084/1424/1392 1124/1374/1342 1085/1375/1343
f 1084/1424/1392 1085/1375/1343 1105/1425/1393
f 1105/1425/1393 1085/1375/1343 1104/1376/1344
f 1105/1425/1393 1104/1376/1344 1064/1426/1394
f 1064/1426/1394 1104/1376/1344 1065/1377/1345
f 1064/1426/1394 1065/1377/1345 1044/1427/1395
f 1044/1427/1395 1065/1377/1345 1045/1378/1346
f 1044/1427/1395 1045/1378/1346 1024/1428/1396
f 1024/1428/1396 1045/1378/1346 1025/1379/1347
f 1024/1428/1396 1025/1379/1347 1004/1429/1397
f 1004/1429/1397 1025/1379/1347 1005/1380/1348
f 1004/1429/1397 1005/1380/1348 964/1430/1398
f 964/1430/1398 1005/1380/1348 965/1381/1349
f 964/1430/1398 965/1381/1349 985/1431/1399
f 985/1431/1399 965/1381/1349 984/1382/1350
f 985/1431/1399 984/1382/1350 924/1432/1400
f 924/1432/1400 984/1382/1350 925/1383/1351
f 924/1432/1400 925/1383/1351 945/1433/1401
f 945/1433/1401 925/1383/1351 944/1384/1352
f 945/1433/1401 944/1384/1352 885/1434/1402
f 885/1434/1402 944/1384/1352 886/1385/1353
f 885/1434/1402 886/1385/1353 906/1435/1403
f 906/1435/1403 886/1385/1353 905/1386/1354
f 906/1435/1403 905/1386/1354 866/1436/1404
f 866/1436/1404 905/1386/1354 867/1387/1355
f 866/1436/1404 867/1387/1355 847/1437/1405
f 847/1437/1405 867/1387/1355 848/1388/1356
f 847/1437/1405 848/1388/1356 827/1438/1406
f 827/1438/1406 848/1388/1356 828/1389/1357
f 827/1438/1406 828/1389/1357 807/1439/1407
f 807/1439/1407 828/1389/1357 808/1390/1358
f 807/1439/1407 808/1390/1358 767/1440/1408
f 767/1440/1408 808/1390/1358 768/1391/1359
f 767/1440/1408 768/1391/1359 788/1441/1409
f 788/1441/1409 768/1391/1359 787/1392/1360
f 788/1441/1409 787/1392/1360 728/1442/1410
f 728/1442/1410 787/1392/1360 729/1393/1361
f 728/1442/1410 729/1393/1361 749/1443/1411
f 749/1443/1411 729/1393/1361 748/1394/1362
f 749/1443/1411 748/1394/1362 690/1444/1412
f 690/1444/1412 748/1394/1362 691/1395/1363
f 690/1444/1412 691/1395/1363 711/1445/1413
f 711/1445/1413 691/1395/1363 710/1396/1364
f 711/1445/1413 710/1396/1364 651/1446/1414
f 651/1446/1414 710/1396/1364 652/1397/1365
f 651/1446/1414 652/1397/1365 672/1447/1415
f 672/1447/1415 652/1397/1365 671/1398/1366
f 672/1447/1415 671/1398/1366 612/1448/1416
f 612/1448/1416 671/1398/1366 613/1399/1367
f 612/1448/1416 613/1399/1367 633/1449/1417
f 633/1449/1417 613/1399/1367 632/1400/1368
f 633/1449/1417 632/1400/1368 592/1450/1418
f 592/1450/1418 632/1400/1368 593/1401/1369
f 592/1450/1418 593/1401/1369 572/1451/1419
f 572/1451/1419 593/1401/1369 573/1402/1370
f 572/1451/1419 573/1402/1370 552/1452/1420
f 552/1452/1420 573/1402/1370 553/1403/1371
f 552/1452/1420 553/1403/1371 532/1453/1421
f 532/1453/1421 553/1403/1371 533/1404/1372
f 532/1453/1421 533/1404/1372 493/1454/1422
f 493/1454/1422 533/1404/1372 494/1405/1373
f 493/1454/1422 494/1405/1373 514/1455/1423
f 514/1455/1423 494/1405/1373 513/1406/1374
f 514/1455/1423 513/1406/1374 454/1456/1424
f 454/1456/1424 513/1406/1374 455/1407/1375
f 454/1456/1424 455/1407/1375 475/1457/1425
f 475/1457/1425 455/1407/1375 474/1408/1376
f 475/1457/1425 474/1408/1376 415/1458/1426
f 415/1458/1426 474/1408/1376 416/1409/1377
f 415/1458/1426 416/1409/1377 436/1459/1427
f 436/1459/1427 416/1409/1377 435/1410/1378
f 436/1459/1427 435/1410/1378 376/1460/1428
f 376/1460/1428 435/1410/1378 377/1411/1379
f 376/1460/1428 377/1411/1379 397/1461/1429
f 397/1461/1429 377/1411/1379 396/1412/1380
f 397/1461/1429 396/1412/1380 337/1462/1430
f 337/1462/1430 396/1412/1380 338/1413/1381
f 337/1462/1430 338/1413/1381 358/1463/1431
f 358/1463/1431 338/1413/1381 357/1414/1382
f 358/1463/1431 357/1414/1382 298/1464/1432
f 298/1464/1432 357/1414/1382 299/1415/1383
f 298/1464/1432 299/1415/1383 319/1465/1433
f 319/1465/1433 299/1415/1383 318/499/483
f 319/1465/1433 318/499/483 278/497/481
f 245/381/366 244/383/368 1257/1466/1434
f 1257/1466/1434 244/383/368 1258/385/370
f 1257/1466/1434 1258/385/370 1237/1467/1435
f 1237/1467/1435 1258/385/370 1238/387/372
f 1237/1467/1435 1238/387/372 1217/1468/1436
f 1217/1468/1436 1238/387/372 1218/389/374
f 1217/1468/1436 1218/389/374 1197/1469/1437
f 1197/1469/1437 1218/389/374 1198/391/376
f 1197/1469/1437 1198/391/376 1177/1470/1438
f 1177/1470/1438 1198/391/376 1178/393/378
f 1177/1470/1438 1178/393/378 1157/1471/1439
f 1157/1471/1439 1178/393/378 1158/395/380
f 1157/1471/1439 1158/395/380 1137/1472/1440
f 1137/1472/1440 1158/395/380 1138/397/382
f 1137/1472/1440 1138/397/382 1117/1239/1207
f 246/379/364 245/381/366 1256/1473/1441
f 1256/1473/1441 245/381/366 1257/1466/1434
f 1256/1473/1441 1257/1466/1434 1236/1474/1442
f 1236/1474/1442 1257/1466/1434 1237/1467/1435
f 1236/1474/1442 1237/1467/1435 1216/1475/1443
f 1216/1475/1443 1237/1467/1435 1217/1468/1436
f 1216/1475/1443 1217/1468/1436 1196/1476/1444
f 1196/1476/1444 1217/1468/1436 1197/1469/1437
f 1196/1476/1444 1197/1469/1437 1176/1477/1445
f 1176/1477/1445 1197/1469/1437 1177/1470/1438
f 1176/1477/1445 1177/1470/1438 1156/1478/1446
f 1156/1478/1446 1177/1470/1438 1157/1471/1439
f 1156/1478/1446 1157/1471/1439 1136/1479/1447
f 1136/1479/1447 1157/1471/1439 1137/1472/1440
f 1136/1479/1447 1137/1472/1440 1116/1480/1448
f 1116/1480/1448 1137/1472/1440 1117/1239/1207
f 1116/1480/1448 1117/1239/1207 1077/1238/1206
f 1254/1258/1226 248/375/360 247/377/362
f 247/377/362 246/379/364 1255/1481/1449
f 1255/1481/1449 246/379/364 1256/1473/1441
f 1255/1481/1449 1256/1473/1441 1235/1482/1450
f 1235/1482/1450 1256/1473/1441 1236/1474/1442
f 1235/1482/1450 1236/1474/1442 1215/1483/1451
f 1215/1483/1451 1236/1474/1442 1216/1475/1443
f 1215/1483/1451 1216/1475/1443 1195/1484/1452
f 1195/1484/1452 1216/1475/1443 1196/1476/1444
f 1195/1484/1452 1196/1476/1444 1175/1485/1453
f 1175/1485/1453 1196/1476/1444 1176/1477/1445
f 1175/1485/1453 1176/1477/1445 1155/1486/1454
f 1155/1486/1454 1176/1477/1445 1156/1478/1446
f 1155/1486/1454 1156/1478/1446 1135/1487/1455
f 1135/1487/1455 1156/1478/1446 1136/1479/1447
f 1135/1487/1455 1136/1479/1447 1115/1488/1456
f 1115/1488/1456 1136/1479/1447 1116/1480/1448
f 1115/1488/1456 1116/1480/1448 1076/1489/1457
f 1076/1489/1457 1116/1480/1448 1077/1238/1206
f 1076/1489/1457 1077/1238/1206 1113/1237/1205
f 249/1076/1045 270/1081/1049 250/1074/1044
f 250/1074/1044 270/1081/1049 271/1490/1458
f 250/1074/1044 271/1490/1458 251/1072/1043
f 251/1072/1043 271/1490/1458 272/1491/1459
f 251/1072/1043 272/1491/1459 252/1070/1042
f 252/1070/1042 272/1491/1459 273/485/470
f 252/1070/1042 273/485/470 253/487/472
f 278/497/481 257/495/479 277/677/658
f 262/1060/1035 261/1062/1036 282/1492/1460
f 282/1492/1460 261/1062/1036 281/1064/1038
f 282/1492/1460 281/1064/1038 315/1493/1461
f 315/1493/1461 281/1064/1038 316/1066/1040
f 315/1493/1461 316/1066/1040 302/1494/1462
f 302/1494/1462 316/1066/1040 301/502/486
f 302/1494/1462 301/502/486 354/504/488
f 263/1058/1034 262/1060/1035 283/1495/1463
f 283/1495/1463 262/1060/1035 282/1492/1460
f 283/1495/1463 282/1492/1460 314/1496/1464
f 314/1496/1464 282/1492/1460 315/1493/1461
f 314/1496/1464 315/1493/1461 303/1497/1465
f 303/1497/1465 315/1493/1461 302/1494/1462
f 303/1497/1465 302/1494/1462 353/1498/1466
f 353/1498/1466 302/1494/1462 354/504/488
f 353/1498/1466 354/504/488 342/506/490
f 264/1056/1033 263/1058/1034 284/1499/1467
f 284/1499/1467 263/1058/1034 283/1495/1463
f 284/1499/1467 283/1495/1463 313/1500/1468
f 313/1500/1468 283/1495/1463 314/1496/1464
f 313/1500/1468 314/1496/1464 304/1501/1469
f 304/1501/1469 314/1496/1464 303/1497/1465
f 304/1501/1469 303/1497/1465 352/1502/1470
f 352/1502/1470 303/1497/1465 353/1498/1466
f 352/1502/1470 353/1498/1466 343/1503/1471
f 343/1503/1471 353/1498/1466 342/506/490
f 343/1503/1471 342/506/490 391/508/492
f 265/1054/1032 264/1056/1033 285/1504/1472
f 285/1504/1472 264/1056/1033 284/1499/1467
f 285/1504/1472 284/1499/1467 312/1505/1473
f 312/1505/1473 284/1499/1467 313/1500/1468
f 312/1505/1473 313/1500/1468 305/1506/1474
f 305/1506/1474 313/1500/1468 304/1501/1469
f 305/1506/1474 304/1501/1469 351/1507/1475
f 351/1507/1475 304/1501/1469 352/1502/1470
f 351/1507/1475 352/1502/1470 344/1508/1476
f 344/1508/1476 352/1502/1470 343/1503/1471
f 344/1508/1476 343/1503/1471 390/1509/1477
f 390/1509/1477 343/1503/1471 391/508/492
f 390/1509/1477 391/508/492 383/510/494
f 266/1052/1031 265/1054/1032 286/1510/1478
f 286/1510/1478 265/1054/1032 285/1504/1472
f 286/1510/1478 285/1504/1472 311/1511/1479
f 311/1511/1479 285/1504/1472 312/1505/1473
f 311/1511/1479 312/1505/1473 306/1512/1480
f 306/1512/1480 312/1505/1473 305/1506/1474
f 306/1512/1480 305/1506/1474 350/1513/1481
f 350/1513/1481 305/1506/1474 351/1507/1475
f 350/1513/1481 351/1507/1475 345/1514/1482
f 345/1514/1482 351/1507/1475 344/1508/1476
f 345/1514/1482 344/1508/1476 389/1515/1483
f 389/1515/1483 344/1508/1476 390/1509/1477
f 389/1515/1483 390/1509/1477 384/1516/1484
f 384/1516/1484 390/1509/1477 383/510/494
f 384/1516/1484 383/510/494 428/512/496
f 288/1315/1283 268/1050/1029 267/1048/1028
f 267/1048/1028 266/1052/1031 287/1517/1485
f 287/1517/1485 266/1052/1031 286/1510/1478
f 287/1517/1485 286/1510/1478 310/1518/1486
f 310/1518/1486 286/1510/1478 311/1511/1479
f 310/1518/1486 311/1511/1479 307/1519/1487
f 307/1519/1487 311/1511/1479 306/1512/1480
f 307/1519/1487 306/1512/1480 349/1520/1488
f 349/1520/1488 306/1512/1480 350/1513/1481
f 349/1520/1488 350/1513/1481 346/1521/1489
f 346/1521/1489 350/1513/1481 345/1514/1482
f 346/1521/1489 345/1514/1482 388/1522/1490
f 388/1522/1490 345/1514/1482 389/1515/1483
f 388/1522/1490 389/1515/1483 385/1523/1491
f 385/1523/1491 389/1515/1483 384/1516/1484
f 385/1523/1491 384/1516/1484 427/1524/1492
f 427/1524/1492 384/1516/1484 428/512/496
f 427/1524/1492 428/512/496 424/514/498
f 270/1081/1049 326/1083/1051 271/1490/1458
f 271/1490/1458 326/1083/1051 325/1525/1493
f 271/1490/1458 325/1525/1493 272/1491/1459
f 272/1491/1459 325/1525/1493 324/483/468
f 272/1491/1459 324/483/468 273/485/470
f 319/1465/1433 278/497/481 277/677/658
f 319/1465/1433 277/677/658 320/676/657
f 309/1313/1281 288/1315/1283 287/1517/1485
f 287/1517/1485 288/1315/1283 267/1048/1028
f 309/1313/1281 287/1517/1485 310/1518/1486
f 289/1089/1057 290/1526/1494 228/1087/1055
f 228/1087/1055 290/1526/1494 327/1082/1050
f 228/1087/1055 327/1082/1050 269/1080/1048
f 327/1082/1050 290/1526/1494 291/1084/1052
f 291/1084/1052 290/1526/1494 365/1527/1495
f 291/1084/1052 365/1527/1495 364/1086/1054
f 364/1086/1054 365/1527/1495 331/1528/1496
f 364/1086/1054 331/1528/1496 332/477/462
f 332/477/462 331/1528/1496 402/475/460
f 365/1527/1495 290/1526/1494 366/1091/1059
f 366/1091/1059 290/1526/1494 289/1089/1057
f 325/1525/1493 326/1083/1051 292/1085/1053
f 324/483/468 325/1525/1493 293/481/466
f 293/481/466 325/1525/1493 292/1085/1053
f 293/481/466 292/1085/1053 363/479/464
f 319/1465/1433 320/676/657 298/1464/1432
f 298/1464/1432 320/676/657 297/675/656
f 298/1464/1432 297/675/656 358/1463/1431
f 358/1463/1431 297/675/656 359/674/655
f 358/1463/1431 359/674/655 337/1462/1430
f 337/1462/1430 359/674/655 336/673/654
f 337/1462/1430 336/673/654 397/1461/1429
f 397/1461/1429 336/673/654 398/672/653
f 397/1461/1429 398/672/653 376/1460/1428
f 376/1460/1428 398/672/653 375/671/652
f 376/1460/1428 375/671/652 436/1459/1427
f 436/1459/1427 375/671/652 437/670/651
f 436/1459/1427 437/670/651 415/1458/1426
f 415/1458/1426 437/670/651 414/669/650
f 415/1458/1426 414/669/650 475/1457/1425
f 475/1457/1425 414/669/650 476/668/649
f 475/1457/1425 476/668/649 454/1456/1424
f 454/1456/1424 476/668/649 453/667/648
f 454/1456/1424 453/667/648 514/1455/1423
f 514/1455/1423 453/667/648 515/666/647
f 514/1455/1423 515/666/647 493/1454/1422
f 493/1454/1422 515/666/647 492/665/646
f 493/1454/1422 492/665/646 532/1453/1421
f 532/1453/1421 492/665/646 531/664/645
f 532/1453/1421 531/664/645 552/1452/1420
f 552/1452/1420 531/664/645 551/663/644
f 552/1452/1420 551/663/644 572/1451/1419
f 572/1451/1419 551/663/644 571/662/643
f 572/1451/1419 571/662/643 592/1450/1418
f 592/1450/1418 571/662/643 591/661/642
f 592/1450/1418 591/661/642 633/1449/1417
f 633/1449/1417 591/661/642 634/660/641
f 633/1449/1417 634/660/641 612/1448/1416
f 612/1448/1416 634/660/641 611/659/640
f 612/1448/1416 611/659/640 672/1447/1415
f 672/1447/1415 611/659/640 673/658/639
f 672/1447/1415 673/658/639 651/1446/1414
f 651/1446/1414 673/658/639 650/657/638
f 651/1446/1414 650/657/638 711/1445/1413
f 711/1445/1413 650/657/638 712/656/637
f 711/1445/1413 712/656/637 690/1444/1412
f 690/1444/1412 712/656/637 689/655/636
f 690/1444/1412 689/655/636 749/1443/1411
f 749/1443/1411 689/655/636 750/654/635
f 749/1443/1411 750/654/635 728/1442/1410
f 728/1442/1410 750/654/635 727/653/634
f 728/1442/1410 727/653/634 788/1441/1409
f 788/1441/1409 727/653/634 789/652/633
f 788/1441/1409 789/652/633 767/1440/1408
f 767/1440/1408 789/652/633 766/651/632
f 767/1440/1408 766/651/632 807/1439/1407
f 807/1439/1407 766/651/632 806/650/631
f 807/1439/1407 806/650/631 827/1438/1406
f 827/1438/1406 806/650/631 826/649/630
f 827/1438/1406 826/649/630 847/1437/1405
f 847/1437/1405 826/649/630 846/648/629
f 847/1437/1405 846/648/629 866/1436/1404
f 866/1436/1404 846/648/629 865/647/628
f 866/1436/1404 865/647/628 906/1435/1403
f 906/1435/1403 865/647/628 907/646/627
f 906/1435/1403 907/646/627 885/1434/1402
f 885/1434/1402 907/646/627 884/645/626
f 885/1434/1402 884/645/626 945/1433/1401
f 945/1433/1401 884/645/626 946/644/625
f 945/1433/1401 946/644/625 924/1432/1400
f 924/1432/1400 946/644/625 923/643/624
f 924/1432/1400 923/643/624 985/1431/1399
f 985/1431/1399 923/643/624 986/642/623
f 985/1431/1399 986/642/623 964/1430/1398
f 964/1430/1398 986/642/623 963/641/622
f 964/1430/1398 963/641/622 1004/1429/1397
f 1004/1429/1397 963/641/622 1003/640/621
f 1004/1429/1397 1003/640/621 1024/1428/1396
f 1024/1428/1396 1003/640/621 1023/639/620
f 1024/1428/1396 1023/639/620 1044/1427/1395
f 1044/1427/1395 1023/639/620 1043/638/619
f 1044/1427/1395 1043/638/619 1064/1426/1394
f 1064/1426/1394 1043/638/619 1063/637/618
f 1064/1426/1394 1063/637/618 1105/1425/1393
f 1105/1425/1393 1063/637/618 1106/636/617
f 1105/1425/1393 1106/636/617 1084/1424/1392
f 1084/1424/1392 1106/636/617 1083/635/616
f 1084/1424/1392 1083/635/616 1123/1423/1391
f 1123/1423/1391 1083/635/616 1122/634/615
f 1123/1423/1391 1122/634/615 1143/1422/1390
f 1143/1422/1390 1122/634/615 1142/633/614
f 1143/1422/1390 1142/633/614 1163/1421/1389
f 1163/1421/1389 1142/633/614 1162/632/613
f 1163/1421/1389 1162/632/613 1183/1420/1388
f 1183/1420/1388 1162/632/613 1182/631/612
f 1183/1420/1388 1182/631/612 1203/1419/1387
f 1203/1419/1387 1182/631/612 1202/630/611
f 1203/1419/1387 1202/630/611 1223/1418/1386
f 1223/1418/1386 1202/630/611 1222/629/610
f 1223/1418/1386 1222/629/610 1243/1417/1385
f 1243/1417/1385 1222/629/610 1242/628/609
f 1243/1417/1385 1242/628/609 1263/1416/1384
f 1263/1416/1384 1242/628/609 1262/627/608
f 1263/1416/1384 1262/627/608 239/678/659
f 309/1313/1281 310/1518/1486 308/1311/1279
f 308/1311/1279 310/1518/1486 307/1519/1487
f 308/1311/1279 307/1519/1487 348/1309/1277
f 348/1309/1277 307/1519/1487 349/1520/1488
f 348/1309/1277 349/1520/1488 347/1307/1275
f 347/1307/1275 349/1520/1488 346/1521/1489
f 347/1307/1275 346/1521/1489 387/1305/1273
f 387/1305/1273 346/1521/1489 388/1522/1490
f 387/1305/1273 388/1522/1490 386/1303/1271
f 386/1303/1271 388/1522/1490 385/1523/1491
f 386/1303/1271 385/1523/1491 426/1301/1269
f 426/1301/1269 385/1523/1491 427/1524/1492
f 426/1301/1269 427/1524/1492 425/1299/1267
f 425/1299/1267 427/1524/1492 424/514/498
f 425/1299/1267 424/514/498 465/516/500
f 365/1527/1495 366/1091/1059 330/1093/1061
f 365/1527/1495 330/1093/1061 331/1528/1496
f 331/1528/1496 330/1093/1061 403/1095/1063
f 331/1528/1496 403/1095/1063 402/475/460
f 402/475/460 403/1095/1063 371/473/458
f 367/1104/1072 368/1529/1497 226/1102/1070
f 226/1102/1070 368/1529/1497 405/1099/1067
f 226/1102/1070 405/1099/1067 328/1098/1066
f 405/1099/1067 368/1529/1497 369/1100/1068
f 369/1100/1068 368/1529/1497 443/1530/1498
f 369/1100/1068 443/1530/1498 442/1101/1069
f 442/1101/1069 443/1530/1498 409/1531/1499
f 442/1101/1069 409/1531/1499 410/469/454
f 410/469/454 409/1531/1499 480/467/452
f 443/1530/1498 368/1529/1497 444/1106/1074
f 444/1106/1074 368/1529/1497 367/1104/1072
f 443/1530/1498 444/1106/1074 408/1108/1076
f 443/1530/1498 408/1108/1076 409/1531/1499
f 409/1531/1499 408/1108/1076 481/1110/1078
f 409/1531/1499 481/1110/1078 480/467/452
f 480/467/452 481/1110/1078 449/465/450
f 445/1119/1087 446/1532/1500 224/1117/1085
f 224/1117/1085 446/1532/1500 483/1114/1082
f 224/1117/1085 483/1114/1082 406/1113/1081
f 483/1114/1082 446/1532/1500 447/1115/1083
f 447/1115/1083 446/1532/1500 521/1533/1501
f 447/1115/1083 521/1533/1501 520/1116/1084
f 520/1116/1084 521/1533/1501 487/1534/1502
f 520/1116/1084 487/1534/1502 488/461/446
f 488/461/446 487/1534/1502 527/459/444
f 521/1533/1501 446/1532/1500 522/1121/1089
f 522/1121/1089 446/1532/1500 445/1119/1087
f 521/1533/1501 522/1121/1089 486/1123/1091
f 521/1533/1501 486/1123/1091 487/1534/1502
f 487/1534/1502 486/1123/1091 526/1125/1093
f 487/1534/1502 526/1125/1093 527/459/444
f 527/459/444 526/1125/1093 547/457/442
f 603/1154/1122 604/1535/1503 222/1152/1120
f 222/1152/1120 604/1535/1503 641/1149/1117
f 222/1152/1120 641/1149/1117 583/1148/1116
f 641/1149/1117 604/1535/1503 605/1150/1118
f 605/1150/1118 604/1535/1503 679/1536/1504
f 605/1150/1118 679/1536/1504 678/1151/1119
f 678/1151/1119 679/1536/1504 645/1537/1505
f 678/1151/1119 645/1537/1505 646/445/430
f 646/445/430 645/1537/1505 716/443/428
f 679/1536/1504 604/1535/1503 680/1156/1124
f 680/1156/1124 604/1535/1503 603/1154/1122
f 679/1536/1504 680/1156/1124 644/1158/1126
f 679/1536/1504 644/1158/1126 645/1537/1505
f 645/1537/1505 644/1158/1126 717/1160/1128
f 645/1537/1505 717/1160/1128 716/443/428
f 716/443/428 717/1160/1128 685/441/426
f 681/1169/1137 682/1538/1506 220/1167/1135
f 220/1167/1135 682/1538/1506 719/1164/1132
f 220/1167/1135 719/1164/1132 642/1163/1131
f 719/1164/1132 682/1538/1506 683/1165/1133
f 683/1165/1133 682/1538/1506 756/1539/1507
f 683/1165/1133 756/1539/1507 755/1166/1134
f 755/1166/1134 756/1539/1507 722/1540/1508
f 755/1166/1134 722/1540/1508 723/437/422
f 723/437/422 722/1540/1508 793/435/420
f 756/1539/1507 682/1538/1506 757/1171/1139
f 757/1171/1139 682/1538/1506 681/1169/1137
f 756/1539/1507 757/1171/1139 721/1173/1141
f 756/1539/1507 721/1173/1141 722/1540/1508
f 722/1540/1508 721/1173/1141 794/1175/1143
f 722/1540/1508 794/1175/1143 793/435/420
f 793/435/420 794/1175/1143 762/433/418
f 797/1183/1151 758/1187/1155 759/1184/1152
f 759/1184/1152 758/1187/1155 799/1541/1509
f 759/1184/1152 799/1541/1509 800/1185/1153
f 800/1185/1153 799/1541/1509 820/1542/1510
f 800/1185/1153 820/1542/1510 821/1186/1154
f 821/1186/1154 820/1542/1510 841/1543/1511
f 821/1186/1154 841/1543/1511 842/427/412
f 842/427/412 841/1543/1511 861/425/410
f 758/1187/1155 798/1189/1157 799/1541/1509
f 799/1541/1509 798/1189/1157 819/1544/1512
f 799/1541/1509 819/1544/1512 820/1542/1510
f 820/1542/1510 819/1544/1512 840/1545/1513
f 820/1542/1510 840/1545/1513 841/1543/1511
f 841/1543/1511 840/1545/1513 860/1546/1514
f 841/1543/1511 860/1546/1514 861/425/410
f 861/425/410 860/1546/1514 911/423/408
f 798/1189/1157 818/1191/1159 819/1544/1512
f 819/1544/1512 818/1191/1159 839/1547/1515
f 819/1544/1512 839/1547/1515 840/1545/1513
f 840/1545/1513 839/1547/1515 859/1548/1516
f 840/1545/1513 859/1548/1516 860/1546/1514
f 860/1546/1514 859/1548/1516 912/1549/1517
f 860/1546/1514 912/1549/1517 911/423/408
f 911/423/408 912/1549/1517 880/421/406
f 818/1191/1159 838/1193/1161 839/1547/1515
f 839/1547/1515 838/1193/1161 858/1550/1518
f 839/1547/1515 858/1550/1518 859/1548/1516
f 859/1548/1516 858/1550/1518 913/1551/1519
f 859/1548/1516 913/1551/1519 912/1549/1517
f 912/1549/1517 913/1551/1519 879/1552/1520
f 912/1549/1517 879/1552/1520 880/421/406
f 880/421/406 879/1552/1520 950/419/404
f 838/1193/1161 217/1195/1163 858/1550/1518
f 858/1550/1518 217/1195/1163 914/1553/1521
f 858/1550/1518 914/1553/1521 913/1551/1519
f 913/1551/1519 914/1553/1521 878/1554/1522
f 913/1551/1519 878/1554/1522 879/1552/1520
f 879/1552/1520 878/1554/1522 951/1555/1523
f 879/1552/1520 951/1555/1523 950/419/404
f 950/419/404 951/1555/1523 919/417/402
f 915/1197/1165 877/1199/1167 914/1553/1521
f 914/1553/1521 877/1199/1167 878/1554/1522
f 951/1555/1523 878/1554/1522 952/1201/1169
f 952/1201/1169 878/1554/1522 877/1199/1167
f 217/1195/1163 915/1197/1165 914/1553/1521
f 954/1206/1174 215/1210/1178 916/1207/1175
f 916/1207/1175 215/1210/1178 993/1556/1524
f 916/1207/1175 993/1556/1524 992/1208/1176
f 992/1208/1176 993/1556/1524 957/1557/1525
f 992/1208/1176 957/1557/1525 958/1209/1177
f 958/1209/1177 957/1557/1525 998/1558/1526
f 958/1209/1177 998/1558/1526 999/411/396
f 999/411/396 998/1558/1526 1019/409/394
f 951/1555/1523 952/1201/1169 918/1203/1171
f 990/415/400 919/417/402 918/1203/1171
f 918/1203/1171 919/417/402 951/1555/1523
f 994/1212/1180 956/1214/1182 993/1556/1524
f 993/1556/1524 956/1214/1182 957/1557/1525
f 998/1558/1526 957/1557/1525 997/1216/1184
f 997/1216/1184 957/1557/1525 956/1214/1182
f 215/1210/1178 994/1212/1180 993/1556/1524
f 1019/409/394 998/1558/1526 1018/1218/1186
f 1018/1218/1186 998/1558/1526 997/1216/1184
f 1039/407/392 1019/409/394 1018/1218/1186
f 1075/1242/1210 1076/1489/1457 214/1240/1208
f 214/1240/1208 1076/1489/1457 1113/1237/1205
f 214/1240/1208 1113/1237/1205 1055/1236/1204
f 1076/1489/1457 1075/1242/1210 1115/1488/1456
f 1115/1488/1456 1075/1242/1210 1114/1244/1212
f 1115/1488/1456 1114/1244/1212 1135/1487/1455
f 1135/1487/1455 1114/1244/1212 1134/1246/1214
f 1135/1487/1455 1134/1246/1214 1155/1486/1454
f 1155/1486/1454 1134/1246/1214 1154/1248/1216
f 1155/1486/1454 1154/1248/1216 1175/1485/1453
f 1175/1485/1453 1154/1248/1216 1174/1250/1218
f 1175/1485/1453 1174/1250/1218 1195/1484/1452
f 1195/1484/1452 1174/1250/1218 1194/1252/1220
f 1195/1484/1452 1194/1252/1220 1215/1483/1451
f 1215/1483/1451 1194/1252/1220 1214/1254/1222
f 1215/1483/1451 1214/1254/1222 1235/1482/1450
f 1235/1482/1450 1214/1254/1222 1234/1256/1224
f 1235/1482/1450 1234/1256/1224 1255/1481/1449
f 1255/1481/1449 1234/1256/1224 1254/1258/1226
f 1255/1481/1449 1254/1258/1226 247/377/362
f 158/1559/1527 213/1560/1528 176/1561/1529
f 176/1561/1529 213/1560/1528 212/1562/1530
f 176/1561/1529 212/1562/1530 177/1563/1531
f 177/1563/1531 212/1562/1530 211/1564/1532
f 177/1563/1531 211/1564/1532 178/1565/1533
f 178/1565/1533 211/1564/1532 210/1566/1534
f 178/1565/1533 210/1566/1534 209/1567/1535
f 209/1567/1535 208/1568/1536 178/1565/1533
f 178/1565/1533 208/1568/1536 207/1569/1537
f 178/1565/1533 207/1569/1537 206/1570/1538
f 206/1570/1538 205/1571/1539 178/1565/1533
f 178/1565/1533 205/1571/1539 204/1572/1540
f 178/1565/1533 204/1572/1540 203/1573/1541
f 203/1573/1541 202/1574/1542 178/1565/1533
f 178/1565/1533 202/1574/1542 201/1575/1543
f 178/1565/1533 201/1575/1543 179/1576/1544
f 179/1576/1544 201/1575/1543 200/1577/1545
f 179/1576/1544 200/1577/1545 199/1578/1546
f 199/1578/1546 198/1579/1547 179/1576/1544
f 179/1576/1544 198/1579/1547 197/1580/1548
f 179/1576/1544 197/1580/1548 196/1581/1549
f 196/1581/1549 195/1582/1550 179/1576/1544
f 179/1576/1544 195/1582/1550 194/1583/1551
f 179/1576/1544 194/1583/1551 193/1584/1552
f 193/1584/1552 192/1585/1553 179/1576/1544
f 179/1576/1544 192/1585/1553 191/1586/1554
f 179/1576/1544 191/1586/1554 190/1587/1555
f 179/1576/1544 190/1587/1555 180/1588/1556
f 180/1588/1556 190/1587/1555 189/1589/1557
f 180/1588/1556 189/1589/1557 181/1590/1558
f 181/1590/1558 189/1589/1557 188/1591/1559
f 181/1590/1558 188/1591/1559 182/1592/1560
f 182/1592/1560 188/1591/1559 187/1593/1561
f 182/1592/1560 187/1593/1561 183/1594/1562
f 183/1594/1562 187/1593/1561 186/1595/1563
f 183/1594/1562 186/1595/1563 184/1596/1564
f 184/1596/1564 186/1595/1563 185/1597/1565
g Body151

v 0.466459 1.780922 -0.388453
v 0.461028 1.873664 -0.382335
v 0.443207 1.959985 -0.365615
v 0.409100 2.036825 -0.341024
v 0.384379 2.070915 -0.326944
v 0.355074 2.100659 -0.312929
v 0.284177 2.147648 -0.287186
v 0.201951 2.178982 -0.267348
v 0.113443 2.197060 -0.254854
v 0.019391 2.203753 -0.250021
v -0.076698 2.198974 -0.253444
v -0.169502 2.182484 -0.265040
v -0.254480 2.153687 -0.283524
v -0.328660 2.111117 -0.307608
v -0.360906 2.083643 -0.321147
v -0.389029 2.051787 -0.335099
v -0.412048 2.016436 -0.348497
v -0.430246 1.977662 -0.360801
v -0.453382 1.892253 -0.379664
v -0.461984 1.801962 -0.388112
v -0.458840 1.709872 -0.384919
v -0.442797 1.621343 -0.370456
v -0.409367 1.540172 -0.346820
v -0.385005 1.504391 -0.332971
v -0.355856 1.472877 -0.318872
v -0.284130 1.422094 -0.292138
v -0.200686 1.387642 -0.270832
v -0.108942 1.366642 -0.256547
v -0.010694 1.357859 -0.250163
v 0.089085 1.361421 -0.252814
v 0.184102 1.377621 -0.264169
v 0.270272 1.407070 -0.283187
v 0.345719 1.452828 -0.308926
v 0.377654 1.482789 -0.323497
v 0.404226 1.516892 -0.338060
v 0.425633 1.555265 -0.352018
v 0.441894 1.597139 -0.364492
v 0.460890 1.686933 -0.382284
v 0.364672 3.746417 -0.472054
v -0.362464 3.746417 -0.472054
v -0.362457 3.746417 -0.471970
v -0.362435 3.746417 -0.471887
v -0.362400 3.746417 -0.471805
v -0.362351 3.746417 -0.471723
v -0.362209 3.746417 -0.471562
v -0.362012 3.746417 -0.471403
v -0.361447 3.746417 -0.471092
v -0.360658 3.746417 -0.470790
v -0.355265 3.746417 -0.469681
v -0.334055 3.746417 -0.467907
v -0.254288 3.746417 -0.465857
v -0.136751 3.746417 -0.465137
v 0.000656 3.746417 -0.465000
v 0.138196 3.746417 -0.465125
v 0.256049 3.746417 -0.465839
v 0.336131 3.746417 -0.467892
v 0.357439 3.746417 -0.469673
v 0.362857 3.746417 -0.470785
v 0.363651 3.746417 -0.471088
v 0.364218 3.746417 -0.471400
v 0.364417 3.746417 -0.471560
v 0.364558 3.746417 -0.471722
v 0.364608 3.746417 -0.471804
v 0.364644 3.746417 -0.471887
v 0.364665 3.746417 -0.471970
v 0.500000 2.376417 -0.472397
v -0.500000 2.376417 -0.472397
v -0.491404 2.462042 -0.472375
v -0.482808 2.547667 -0.472354
v -0.474212 2.633292 -0.472333
v -0.465616 2.718917 -0.472311
v -0.457020 2.804542 -0.472290
v -0.448424 2.890167 -0.472268
v -0.439828 2.975792 -0.472247
v -0.431232 3.061417 -0.472225
v -0.426934 3.104229 -0.472215
v -0.422636 3.147042 -0.472204
v -0.418338 3.189854 -0.472193
v -0.414040 3.232667 -0.472183
v -0.409742 3.275479 -0.472172
v -0.405444 3.318292 -0.472161
v -0.401146 3.361104 -0.472150
v -0.396848 3.403917 -0.472140
v -0.392550 3.446729 -0.472129
v -0.388252 3.489542 -0.472118
v -0.386103 3.510948 -0.472113
v -0.383954 3.532354 -0.472108
v -0.381805 3.553761 -0.472102
v -0.379656 3.575167 -0.472097
v -0.377507 3.596573 -0.472092
v -0.375358 3.617979 -0.472086
v -0.373209 3.639386 -0.472081
v -0.371060 3.660792 -0.472075
v -0.369985 3.671495 -0.472073
v -0.368911 3.682198 -0.472070
v -0.367836 3.692901 -0.472067
v -0.366762 3.703604 -0.472065
v -0.365687 3.714307 -0.472062
v -0.364613 3.725011 -0.472059
v -0.363538 3.735714 -0.472057
v 0.365729 3.735714 -0.472057
v 0.366786 3.725011 -0.472059
v 0.367844 3.714307 -0.472062
v 0.368901 3.703604 -0.472065
v 0.369958 3.692901 -0.472067
v 0.371015 3.682198 -0.472070
v 0.372073 3.671495 -0.472073
v 0.373130 3.660792 -0.472075
v 0.375244 3.639386 -0.472081
v 0.377359 3.617979 -0.472086
v 0.379473 3.596573 -0.472092
v 0.381588 3.575167 -0.472097
v 0.383702 3.553761 -0.472102
v 0.385817 3.532354 -0.472108
v 0.387931 3.510948 -0.472113
v 0.390046 3.489542 -0.472118
v 0.394275 3.446729 -0.472129
v 0.398504 3.403917 -0.472140
v 0.402733 3.361104 -0.472150
v 0.406962 3.318292 -0.472161
v 0.411191 3.275479 -0.472172
v 0.415420 3.232667 -0.472183
v 0.419649 3.189854 -0.472193
v 0.423878 3.147042 -0.472204
v 0.432336 3.061417 -0.472225
v 0.440794 2.975792 -0.472247
v 0.449252 2.890167 -0.472268
v 0.457710 2.804542 -0.472290
v 0.466168 2.718917 -0.472311
v 0.474626 2.633292 -0.472333
v 0.483084 2.547667 -0.472354
v 0.491542 2.462042 -0.472375
v -0.497510 2.376417 -0.449884
v -0.490077 2.376417 -0.428113
v -0.477800 2.376417 -0.407124
v -0.460840 2.376417 -0.386979
v -0.413741 2.376417 -0.349564
v -0.350922 2.376417 -0.316693
v -0.189062 2.376417 -0.268532
v 0.000000 2.376417 -0.250000
v 0.189062 2.376417 -0.264990
v 0.275029 2.376417 -0.284506
v 0.350922 2.376417 -0.311113
v 0.413741 2.376417 -0.343966
v 0.460840 2.376417 -0.382233
v 0.477800 2.376417 -0.403168
v 0.490077 2.376417 -0.425206
v 0.497510 2.376417 -0.448294
v 0.495684 2.419229 -0.468051
v 0.495425 2.419229 -0.463745
v 0.494994 2.419229 -0.459469
v 0.494394 2.419229 -0.455224
v 0.492690 2.419229 -0.446828
v 0.490324 2.419229 -0.438560
v 0.483650 2.419229 -0.422421
v 0.474463 2.419229 -0.406837
v 0.448909 2.419229 -0.377449
v 0.414382 2.419229 -0.350625
v 0.321290 2.419229 -0.305589
v 0.199264 2.419229 -0.273591
v 0.197574 2.462042 -0.279769
v 0.061283 2.419229 -0.258102
v -0.080810 2.462042 -0.267092
v -0.263315 2.419229 -0.292224
v -0.261026 2.462042 -0.297808
v -0.353159 2.419229 -0.323616
v -0.423935 2.419229 -0.362410
v -0.454482 2.419229 -0.387456
v -0.477004 2.419229 -0.414275
v -0.485078 2.419229 -0.428284
v -0.490933 2.419229 -0.442657
v -0.493006 2.419229 -0.449971
v -0.494498 2.419229 -0.457366
v -0.495399 2.419229 -0.464839
v -0.081532 2.419229 -0.260494
v 0.487228 2.504854 -0.468293
v 0.486973 2.504854 -0.464250
v 0.486550 2.504854 -0.460235
v 0.485960 2.504854 -0.456250
v 0.484285 2.504854 -0.448367
v 0.481959 2.504854 -0.440605
v 0.475399 2.504854 -0.425458
v 0.466369 2.504854 -0.410835
v 0.441252 2.504854 -0.383268
v 0.407316 2.504854 -0.358117
v 0.315817 2.504854 -0.315914
v 0.195883 2.504854 -0.285947
v 0.060271 2.504854 -0.271448
v -0.080088 2.504854 -0.273689
v -0.258736 2.504854 -0.303393
v -0.347028 2.504854 -0.332796
v -0.416581 2.504854 -0.369156
v -0.446600 2.504854 -0.392643
v -0.468732 2.504854 -0.417805
v -0.476666 2.504854 -0.430952
v -0.482419 2.504854 -0.444445
v -0.484457 2.504854 -0.451313
v -0.485923 2.504854 -0.458257
v -0.486809 2.504854 -0.465276
v -0.491104 2.462042 -0.465057
v -0.490210 2.462042 -0.457812
v -0.488731 2.462042 -0.450642
v -0.486676 2.462042 -0.443551
v -0.480872 2.462042 -0.429618
v -0.472868 2.462042 -0.416040
v -0.450541 2.462042 -0.390049
v -0.420258 2.462042 -0.365783
v -0.350093 2.462042 -0.328206
v 0.060777 2.462042 -0.264775
v 0.318553 2.462042 -0.310751
v 0.410849 2.462042 -0.354371
v 0.445081 2.462042 -0.380359
v 0.470416 2.462042 -0.408836
v 0.479525 2.462042 -0.423940
v 0.486142 2.462042 -0.439582
v 0.488488 2.462042 -0.447597
v 0.490177 2.462042 -0.455737
v 0.490772 2.462042 -0.459852
v 0.491199 2.462042 -0.463997
v 0.491456 2.462042 -0.468172
v 0.478771 2.590479 -0.468536
v 0.478521 2.590479 -0.464755
v 0.478105 2.590479 -0.461001
v 0.477525 2.590479 -0.457275
v 0.475879 2.590479 -0.449906
v 0.473594 2.590479 -0.442651
v 0.467149 2.590479 -0.428495
v 0.458276 2.590479 -0.414833
v 0.433595 2.590479 -0.389087
v 0.400249 2.590479 -0.365609
v 0.310344 2.590479 -0.326239
v 0.192502 2.590479 -0.298304
v 0.059259 2.590479 -0.284795
v -0.078643 2.590479 -0.286885
v -0.254158 2.590479 -0.314562
v -0.340898 2.590479 -0.341976
v -0.409227 2.590479 -0.375901
v -0.438717 2.590479 -0.397830
v -0.460459 2.590479 -0.421334
v -0.468254 2.590479 -0.433621
v -0.473906 2.590479 -0.446233
v -0.475907 2.590479 -0.452654
v -0.477348 2.590479 -0.459148
v -0.478218 2.590479 -0.465712
v -0.482513 2.547667 -0.465494
v -0.481635 2.547667 -0.458703
v -0.480182 2.547667 -0.451983
v -0.478163 2.547667 -0.445339
v -0.472460 2.547667 -0.432287
v -0.464595 2.547667 -0.419570
v -0.442658 2.547667 -0.395236
v -0.412904 2.547667 -0.372528
v -0.343963 2.547667 -0.337386
v -0.256447 2.547667 -0.308977
v -0.079365 2.547667 -0.280287
v 0.059765 2.547667 -0.278122
v 0.194193 2.547667 -0.292126
v 0.313080 2.547667 -0.321077
v 0.403782 2.547667 -0.361863
v 0.437424 2.547667 -0.386178
v 0.462323 2.547667 -0.412834
v 0.471274 2.547667 -0.426977
v 0.477777 2.547667 -0.441628
v 0.480082 2.547667 -0.449136
v 0.481743 2.547667 -0.456762
v 0.482327 2.547667 -0.460618
v 0.482747 2.547667 -0.464503
v 0.482999 2.547667 -0.468415
v 0.470315 2.676104 -0.468779
v 0.470069 2.676104 -0.465260
v 0.469660 2.676104 -0.461767
v 0.469091 2.676104 -0.458300
v 0.467474 2.676104 -0.451445
v 0.465229 2.676104 -0.444696
v 0.458898 2.676104 -0.431533
v 0.450182 2.676104 -0.418831
v 0.425938 2.676104 -0.394906
v 0.393183 2.676104 -0.373101
v 0.304871 2.676104 -0.336564
v 0.189121 2.676104 -0.310661
v 0.058247 2.676104 -0.298142
v -0.077199 2.676104 -0.300080
v -0.249579 2.676104 -0.325731
v -0.334767 2.676104 -0.351156
v -0.401873 2.676104 -0.382646
v -0.430835 2.676104 -0.403017
v -0.452187 2.676104 -0.424864
v -0.459842 2.676104 -0.436289
v -0.465393 2.676104 -0.448021
v -0.467358 2.676104 -0.453996
v -0.468772 2.676104 -0.460039
v -0.469627 2.676104 -0.466149
v -0.473923 2.633292 -0.465930
v -0.473060 2.633292 -0.459594
v -0.471633 2.633292 -0.453325
v -0.469649 2.633292 -0.447127
v -0.464048 2.633292 -0.434955
v -0.456323 2.633292 -0.423099
v -0.434776 2.633292 -0.400423
v -0.405550 2.633292 -0.379274
v -0.337833 2.633292 -0.346566
v -0.251868 2.633292 -0.320146
v -0.077921 2.633292 -0.293482
v 0.058753 2.633292 -0.291469
v 0.190811 2.633292 -0.304482
v 0.307607 2.633292 -0.331402
v 0.396716 2.633292 -0.369355
v 0.429767 2.633292 -0.391997
v 0.454229 2.633292 -0.416832
v 0.463023 2.633292 -0.430014
v 0.469412 2.633292 -0.443674
v 0.471677 2.633292 -0.450675
v 0.473308 2.633292 -0.457788
v 0.473883 2.633292 -0.461384
v 0.474295 2.633292 -0.465008
v 0.474543 2.633292 -0.468657
v 0.457630 2.804542 -0.469142
v 0.457391 2.804542 -0.466018
v 0.456993 2.804542 -0.462916
v 0.456439 2.804542 -0.459838
v 0.454866 2.804542 -0.453753
v 0.452682 2.804542 -0.447765
v 0.446521 2.804542 -0.436088
v 0.438041 2.804542 -0.424828
v 0.414453 2.804542 -0.403635
v 0.382583 2.804542 -0.384338
v 0.296661 2.804542 -0.352052
v 0.184049 2.804542 -0.329196
v 0.056729 2.804542 -0.318163
v -0.075032 2.804542 -0.319873
v -0.242711 2.804542 -0.342484
v -0.325572 2.804542 -0.364926
v -0.390842 2.804542 -0.392764
v -0.419011 2.804542 -0.410797
v -0.439779 2.804542 -0.430158
v -0.447224 2.804542 -0.440292
v -0.452622 2.804542 -0.450703
v -0.454534 2.804542 -0.456008
v -0.455910 2.804542 -0.461375
v -0.456741 2.804542 -0.466803
v -0.465332 2.718917 -0.466367
v -0.464485 2.718917 -0.460485
v -0.463083 2.718917 -0.454666
v -0.461136 2.718917 -0.448915
v -0.455636 2.718917 -0.437623
v -0.448051 2.718917 -0.426628
v -0.426893 2.718917 -0.405610
v -0.398196 2.718917 -0.386019
v -0.331702 2.718917 -0.355746
v -0.247290 2.718917 -0.331315
v -0.076476 2.718917 -0.306678
v 0.057741 2.718917 -0.304816
v 0.187430 2.718917 -0.316839
v 0.302134 2.718917 -0.341727
v 0.389649 2.718917 -0.376847
v 0.422110 2.718917 -0.397816
v 0.446135 2.718917 -0.420830
v 0.454772 2.718917 -0.433051
v 0.461047 2.718917 -0.445719
v 0.463271 2.718917 -0.452214
v 0.464874 2.718917 -0.458813
v 0.465438 2.718917 -0.462150
v 0.465843 2.718917 -0.465513
v 0.466086 2.718917 -0.468900
v 0.453402 2.847354 -0.469264
v 0.453164 2.847354 -0.466271
v 0.452771 2.847354 -0.463299
v 0.452222 2.847354 -0.460351
v 0.450663 2.847354 -0.454522
v 0.448499 2.847354 -0.448787
v 0.442396 2.847354 -0.437607
v 0.433994 2.847354 -0.426827
v 0.410624 2.847354 -0.406544
v 0.379050 2.847354 -0.388084
v 0.293925 2.847354 -0.357215
v 0.182358 2.847354 -0.335374
v 0.056223 2.847354 -0.324836
v -0.074309 2.847354 -0.326471
v -0.240421 2.847354 -0.348068
v -0.322506 2.847354 -0.369516
v -0.387165 2.847354 -0.396137
v -0.415070 2.847354 -0.413390
v -0.435642 2.847354 -0.431923
v -0.443018 2.847354 -0.441626
v -0.448366 2.847354 -0.451597
v -0.450259 2.847354 -0.456679
v -0.451622 2.847354 -0.461821
v -0.452446 2.847354 -0.467022
v 0.440717 2.975792 -0.469628
v 0.440486 2.975792 -0.467028
v 0.440104 2.975792 -0.464448
v 0.439570 2.975792 -0.461889
v 0.438055 2.975792 -0.456831
v 0.435952 2.975792 -0.451856
v 0.430019 2.975792 -0.442163
v 0.421853 2.975792 -0.432824
v 0.399139 2.975792 -0.415273
v 0.368450 2.975792 -0.399322
v 0.285716 2.975792 -0.372703
v 0.177287 2.975792 -0.353910
v 0.054705 2.975792 -0.344856
v -0.072142 2.975792 -0.346264
v -0.233553 2.975792 -0.364822
v -0.313311 2.975792 -0.383286
v -0.376134 2.975792 -0.406255
v -0.403246 2.975792 -0.421171
v -0.423234 2.975792 -0.437217
v -0.430400 2.975792 -0.445628
v -0.435596 2.975792 -0.454280
v -0.437435 2.975792 -0.458691
v -0.438759 2.975792 -0.463157
v -0.439559 2.975792 -0.467677
v -0.448150 2.890167 -0.467240
v -0.447334 2.890167 -0.462266
v -0.445985 2.890167 -0.457350
v -0.444109 2.890167 -0.452492
v -0.438812 2.890167 -0.442960
v -0.431506 2.890167 -0.433687
v -0.411128 2.890167 -0.415984
v -0.383488 2.890167 -0.399510
v -0.319441 2.890167 -0.374106
v -0.238132 2.890167 -0.353653
v -0.073587 2.890167 -0.333068
v 0.055717 2.890167 -0.331509
v 0.180668 2.890167 -0.341553
v 0.291189 2.890167 -0.362377
v 0.375516 2.890167 -0.391830
v 0.406796 2.890167 -0.409454
v 0.429947 2.890167 -0.428826
v 0.438270 2.890167 -0.439125
v 0.444317 2.890167 -0.449810
v 0.446461 2.890167 -0.455292
v 0.448005 2.890167 -0.460864
v 0.448548 2.890167 -0.463682
v 0.448938 2.890167 -0.466523
v 0.449173 2.890167 -0.469385
v 0.432260 3.061417 -0.469870
v 0.432034 3.061417 -0.467533
v 0.431659 3.061417 -0.465215
v 0.431136 3.061417 -0.462914
v 0.429650 3.061417 -0.458370
v 0.427587 3.061417 -0.453901
v 0.421768 3.061417 -0.445200
v 0.413759 3.061417 -0.436822
v 0.391481 3.061417 -0.421092
v 0.361383 3.061417 -0.406814
v 0.280243 3.061417 -0.383028
v 0.173906 3.061417 -0.366266
v 0.053693 3.061417 -0.358203
v -0.070698 3.061417 -0.359459
v -0.228974 3.061417 -0.375990
v -0.307180 3.061417 -0.392466
v -0.368780 3.061417 -0.413000
v -0.395363 3.061417 -0.426358
v -0.414962 3.061417 -0.440746
v -0.421988 3.061417 -0.448296
v -0.427082 3.061417 -0.456068
v -0.428886 3.061417 -0.460033
v -0.430184 3.061417 -0.464048
v -0.430969 3.061417 -0.468113
v 0.415347 3.232667 -0.470356
v 0.415130 3.232667 -0.468544
v 0.414769 3.232667 -0.466747
v 0.414267 3.232667 -0.464965
v 0.412839 3.232667 -0.461447
v 0.410857 3.232667 -0.457992
v 0.405267 3.232667 -0.451274
v 0.397571 3.232667 -0.444818
v 0.376167 3.232667 -0.432730
v 0.347251 3.232667 -0.421798
v 0.269297 3.232667 -0.403678
v 0.167143 3.232667 -0.390980
v 0.051669 3.232667 -0.384897
v -0.067809 3.232667 -0.385850
v -0.219817 3.232667 -0.398328
v -0.294919 3.232667 -0.410826
v -0.354071 3.232667 -0.426491
v -0.379598 3.232667 -0.436731
v -0.398417 3.232667 -0.447805
v -0.405163 3.232667 -0.453633
v -0.410055 3.232667 -0.459644
v -0.411787 3.232667 -0.462716
v -0.413034 3.232667 -0.465830
v -0.413787 3.232667 -0.468986
v 0.406891 3.318292 -0.470598
v 0.406678 3.318292 -0.469049
v 0.406325 3.318292 -0.467513
v 0.405832 3.318292 -0.465990
v 0.404434 3.318292 -0.462986
v 0.402492 3.318292 -0.460038
v 0.397016 3.318292 -0.454311
v 0.389477 3.318292 -0.448816
v 0.368510 3.318292 -0.438549
v 0.340184 3.318292 -0.429290
v 0.263824 3.318292 -0.414004
v 0.163762 3.318292 -0.403337
v 0.050657 3.318292 -0.398244
v -0.066364 3.318292 -0.399045
v -0.215238 3.318292 -0.409497
v -0.288789 3.318292 -0.420006
v -0.346717 3.318292 -0.433236
v -0.371716 3.318292 -0.441918
v -0.390145 3.318292 -0.451334
v -0.396751 3.318292 -0.456301
v -0.401542 3.318292 -0.461432
v -0.403238 3.318292 -0.464057
v -0.404459 3.318292 -0.466721
v -0.405196 3.318292 -0.469423
v 0.398434 3.403917 -0.470841
v 0.398226 3.403917 -0.469554
v 0.397880 3.403917 -0.468279
v 0.397398 3.403917 -0.467015
v 0.396028 3.403917 -0.464525
v 0.394127 3.403917 -0.462083
v 0.388765 3.403917 -0.457348
v 0.381383 3.403917 -0.452814
v 0.360853 3.403917 -0.444369
v 0.333118 3.403917 -0.436782
v 0.258351 3.403917 -0.424329
v 0.160381 3.403917 -0.415693
v 0.049645 3.403917 -0.411591
v -0.064920 3.403917 -0.412241
v -0.210659 3.403917 -0.420666
v -0.282658 3.403917 -0.429186
v -0.339363 3.403917 -0.439982
v -0.363833 3.403917 -0.447105
v -0.381873 3.403917 -0.454864
v -0.388339 3.403917 -0.458970
v -0.393028 3.403917 -0.463221
v -0.394689 3.403917 -0.465399
v -0.395883 3.403917 -0.467612
v -0.396605 3.403917 -0.469859
v 0.381521 3.575167 -0.471326
v 0.381322 3.575167 -0.470564
v 0.380990 3.575167 -0.469811
v 0.380529 3.575167 -0.469066
v 0.379218 3.575167 -0.467603
v 0.377397 3.575167 -0.466174
v 0.372263 3.575167 -0.463423
v 0.365195 3.575167 -0.460810
v 0.345539 3.575167 -0.456007
v 0.318985 3.575167 -0.451766
v 0.247405 3.575167 -0.444979
v 0.153618 3.575167 -0.440407
v 0.047621 3.575167 -0.438285
v -0.062030 3.575167 -0.438631
v -0.201502 3.575167 -0.443003
v -0.270397 3.575167 -0.447546
v -0.324655 3.575167 -0.453472
v -0.348068 3.575167 -0.457479
v -0.365328 3.575167 -0.461922
v -0.371515 3.575167 -0.464306
v -0.376002 3.575167 -0.466797
v -0.377590 3.575167 -0.468082
v -0.378733 3.575167 -0.469394
v -0.379424 3.575167 -0.470732
v 0.373065 3.660792 -0.471569
v 0.372870 3.660792 -0.471069
v 0.372546 3.660792 -0.470577
v 0.372094 3.660792 -0.470091
v 0.370812 3.660792 -0.469142
v 0.369032 3.660792 -0.468220
v 0.364012 3.660792 -0.466460
v 0.357102 3.660792 -0.464808
v 0.337882 3.660792 -0.461826
v 0.311918 3.660792 -0.459258
v 0.241932 3.660792 -0.455305
v 0.150237 3.660792 -0.452764
v 0.046608 3.660792 -0.451632
v -0.060586 3.660792 -0.451827
v -0.196923 3.660792 -0.454172
v -0.264267 3.660792 -0.456726
v -0.317301 3.660792 -0.460218
v -0.340186 3.660792 -0.462666
v -0.357056 3.660792 -0.465452
v -0.363103 3.660792 -0.466974
v -0.367488 3.660792 -0.468585
v -0.369041 3.660792 -0.469424
v -0.370158 3.660792 -0.470285
v -0.370833 3.660792 -0.471169
v 0.368836 3.703604 -0.471690
v 0.368644 3.703604 -0.471322
v 0.368323 3.703604 -0.470960
v 0.367877 3.703604 -0.470604
v 0.366610 3.703604 -0.469911
v 0.364850 3.703604 -0.469243
v 0.359887 3.703604 -0.467978
v 0.353055 3.703604 -0.466807
v 0.334054 3.703604 -0.464735
v 0.308385 3.703604 -0.463003
v 0.239195 3.703604 -0.460467
v 0.148547 3.703604 -0.458942
v 0.046102 3.703604 -0.458305
v -0.059863 3.703604 -0.458424
v -0.194634 3.703604 -0.459757
v -0.261202 3.703604 -0.461316
v -0.313624 3.703604 -0.463590
v -0.336245 3.703604 -0.465260
v -0.352920 3.703604 -0.467217
v -0.358897 3.703604 -0.468309
v -0.363231 3.703604 -0.469479
v -0.364766 3.703604 -0.470095
v -0.365870 3.703604 -0.470730
v -0.366538 3.703604 -0.471387
v -0.500000 1.185417 -0.472397
v -0.497510 1.185417 -0.449884
v -0.490077 1.185417 -0.428113
v -0.477800 1.185417 -0.407124
v -0.460840 1.185417 -0.386979
v -0.413741 1.185417 -0.349564
v -0.350922 1.185417 -0.316693
v -0.189062 1.185417 -0.268532
v 0.000000 1.185417 -0.250000
v 0.189062 1.185417 -0.264990
v 0.275029 1.185417 -0.284506
v 0.350922 1.185417 -0.311113
v 0.413741 1.185417 -0.343966
v 0.460840 1.185417 -0.382233
v 0.477800 1.185417 -0.403168
v 0.490077 1.185417 -0.425206
v 0.497510 1.185417 -0.448294
v 0.500000 1.185417 -0.472397
v -0.177221 1.334292 -0.266378
v -0.498785 1.259854 -0.456921
v -0.498785 1.408729 -0.456921
v -0.498785 1.780917 -0.456921
v 0.452738 1.557604 -0.374539
v 0.498611 1.408729 -0.454712
v 0.498611 1.632042 -0.454712
v 0.498611 2.004229 -0.454712
v 0.452738 1.632042 -0.374539
v 0.478510 1.632042 -0.404838
v 0.487776 1.632042 -0.420903
v 0.494507 1.632042 -0.437537
v 0.498611 1.780918 -0.454712
v 0.498611 1.557604 -0.454712
v 0.494507 1.780919 -0.437537
v 0.487776 1.780920 -0.420903
v 0.478510 1.780921 -0.404838
v 0.452738 1.594823 -0.374539
v 0.478510 1.594823 -0.404838
v 0.487776 1.594823 -0.420903
v 0.494507 1.594823 -0.437537
v 0.498611 1.297073 -0.454712
v 0.498611 1.594823 -0.454712
v 0.417915 1.482861 -0.346879
v 0.452738 1.482937 -0.374539
v 0.478510 1.483014 -0.404838
v 0.487776 1.483052 -0.420903
v 0.494507 1.483090 -0.437537
v 0.498611 1.483129 -0.454712
v 0.494507 1.557604 -0.437537
v 0.487776 1.557604 -0.420903
v 0.478510 1.557604 -0.404838
v 0.324026 1.408729 -0.300426
v 0.417915 1.408729 -0.346879
v 0.452738 1.408729 -0.374539
v 0.478510 1.408729 -0.404838
v 0.487776 1.408729 -0.420903
v 0.494507 1.408729 -0.437537
v -0.498785 1.334292 -0.456921
v -0.498785 1.557604 -0.456921
v -0.495190 1.334292 -0.441763
v -0.489284 1.334292 -0.426950
v -0.481140 1.334292 -0.412511
v -0.458423 1.334292 -0.384862
v -0.427612 1.334292 -0.359038
v -0.378854 1.334292 -0.329794
v -0.319607 1.334292 -0.304162
v 0.012772 1.297073 -0.250126
v 0.200955 1.334292 -0.267412
v 0.200955 1.297073 -0.267412
v 0.324026 1.334292 -0.300426
v 0.417915 1.334292 -0.346879
v 0.452738 1.334292 -0.374539
v 0.478510 1.334292 -0.404838
v 0.487776 1.334292 -0.420903
v 0.494507 1.334292 -0.437537
v 0.498611 1.334292 -0.454712
v -0.319607 1.347529 -0.304162
v -0.378854 1.344991 -0.329794
v -0.427612 1.342453 -0.359038
v -0.458423 1.340413 -0.384862
v -0.481140 1.338372 -0.412511
v -0.489284 1.337352 -0.426950
v -0.495190 1.336332 -0.441763
v -0.498785 1.594823 -0.456921
v -0.498785 1.335312 -0.456921
v -0.177221 1.352605 -0.266378
v 0.012772 1.334292 -0.250126
v -0.319607 1.408729 -0.304162
v -0.378854 1.408729 -0.329794
v -0.427612 1.408729 -0.359038
v -0.458423 1.408729 -0.384862
v -0.481140 1.408729 -0.412511
v -0.489284 1.408729 -0.426950
v -0.495190 1.408729 -0.441763
v -0.378854 1.483167 -0.329794
v -0.427612 1.483167 -0.359038
v -0.458423 1.483167 -0.384862
v -0.481140 1.483167 -0.412511
v -0.489284 1.483167 -0.426950
v -0.495190 1.483167 -0.441763
v -0.498785 1.929792 -0.456921
v -0.498785 1.483167 -0.456921
v -0.427612 1.557604 -0.359038
v -0.458423 1.557604 -0.384862
v -0.481140 1.557604 -0.412511
v -0.489284 1.557604 -0.426950
v -0.495190 1.557604 -0.441763
v -0.495190 1.594823 -0.441763
v -0.489284 1.594823 -0.426950
v -0.481140 1.594823 -0.412511
v -0.458423 1.594823 -0.384862
v -0.458423 1.632042 -0.384862
v -0.481140 1.632042 -0.412511
v -0.489284 1.632042 -0.426950
v -0.495190 1.632042 -0.441763
v -0.498785 1.632042 -0.456921
v -0.481140 1.780917 -0.412511
v -0.489284 1.780917 -0.426950
v -0.495190 1.780917 -0.441763
v -0.458423 1.929792 -0.384862
v -0.481140 1.929792 -0.412511
v -0.489284 1.929792 -0.426950
v -0.495190 1.929792 -0.441763
v -0.427612 2.004229 -0.359038
v -0.458423 2.004229 -0.384862
v -0.481140 2.004229 -0.412511
v -0.489284 2.004229 -0.426950
v -0.495190 2.004229 -0.441763
v -0.498785 2.004229 -0.456921
v -0.378854 2.078667 -0.329794
v -0.427612 2.078667 -0.359038
v -0.458423 2.078667 -0.384862
v -0.481140 2.078667 -0.412511
v -0.489284 2.078667 -0.426950
v -0.495190 2.078667 -0.441763
v -0.498785 2.078667 -0.456921
v 0.417915 2.078667 -0.346879
v 0.452738 2.078667 -0.374539
v 0.478510 2.078667 -0.404838
v 0.487776 2.078667 -0.420903
v 0.494507 2.078667 -0.437537
v 0.498611 2.078667 -0.454712
v 0.452738 2.004229 -0.374539
v 0.478510 2.004229 -0.404838
v 0.487776 2.004229 -0.420903
v 0.494507 2.004229 -0.437537
v 0.452738 1.929792 -0.374539
v 0.478510 1.929792 -0.404838
v 0.487776 1.929792 -0.420903
v 0.494507 1.929792 -0.437537
v 0.498611 1.929792 -0.454712
v 0.498611 1.222636 -0.454712
v 0.494507 1.222636 -0.437537
v 0.487776 1.222636 -0.420903
v 0.478510 1.222636 -0.404838
v 0.452738 1.222636 -0.374539
v 0.417915 1.222636 -0.346879
v 0.324026 1.259854 -0.300426
v 0.200955 1.222636 -0.267412
v 0.200955 1.259854 -0.267412
v 0.012772 1.222636 -0.250126
v -0.177221 1.222636 -0.266378
v -0.319607 1.222636 -0.304162
v -0.378854 1.222636 -0.329794
v -0.427612 1.222636 -0.359038
v -0.458423 1.222636 -0.384862
v -0.481140 1.222636 -0.412511
v -0.489284 1.222636 -0.426950
v -0.495190 1.222636 -0.441763
v -0.498785 1.222636 -0.456921
v 0.324026 1.222636 -0.300426
v 0.498611 1.259854 -0.454712
v 0.494507 1.259854 -0.437537
v 0.487776 1.259854 -0.420903
v 0.478510 1.259854 -0.404838
v 0.452738 1.259854 -0.374539
v 0.417915 1.259854 -0.346879
v 0.012772 1.259854 -0.250126
v -0.177221 1.259854 -0.266378
v -0.319607 1.259854 -0.304162
v -0.378854 1.259854 -0.329794
v -0.427612 1.259854 -0.359038
v -0.458423 1.259854 -0.384862
v -0.481140 1.259854 -0.412511
v -0.489284 1.259854 -0.426950
v -0.495190 1.259854 -0.441763
v 0.494507 1.297073 -0.437537
v 0.487776 1.297073 -0.420903
v 0.478510 1.297073 -0.404838
v 0.452738 1.297073 -0.374539
v 0.417915 1.297073 -0.346879
v 0.324026 1.297073 -0.300426
v -0.177221 1.297073 -0.266378
v -0.319607 1.297073 -0.304162
v -0.378854 1.297073 -0.329794
v -0.427612 1.297073 -0.359038
v -0.458423 1.297073 -0.384862
v -0.481140 1.297073 -0.412511
v -0.489284 1.297073 -0.426950
v -0.495190 1.297073 -0.441763
v -0.498785 1.297073 -0.456921
v -0.500000 -2.214583 -0.472397
v 0.500000 -2.214583 -0.472397
v 0.497510 -2.214583 -0.449739
v 0.490077 -2.214583 -0.428854
v 0.477800 -2.214583 -0.409720
v 0.460840 -2.214583 -0.392304
v 0.439403 -2.214583 -0.376565
v 0.413741 -2.214583 -0.362456
v 0.350922 -2.214583 -0.338917
v 0.189062 -2.214583 -0.309099
v 0.000000 -2.214583 -0.300000
v -0.189062 -2.214583 -0.310322
v -0.350922 -2.214583 -0.340844
v -0.413741 -2.214583 -0.364389
v -0.460840 -2.214583 -0.393944
v -0.477800 -2.214583 -0.411086
v -0.490077 -2.214583 -0.429858
v -0.497510 -2.214583 -0.450288
v -0.500000 -1.364583 -0.472397
v -0.500000 -0.514583 -0.472397
v -0.500000 0.335417 -0.472397
v 0.500000 0.760417 -0.472397
v 0.500000 0.335417 -0.472397
v 0.500000 -0.089583 -0.472397
v 0.500000 -0.514583 -0.472397
v 0.500000 -0.939583 -0.472397
v 0.500000 -1.364583 -0.472397
v 0.500000 -1.789583 -0.472397
v -0.498785 -2.002083 -0.457108
v -0.498785 -1.577083 -0.457083
v 0.498611 -2.002083 -0.455656
v 0.498611 -1.577083 -0.455530
v -0.498785 -1.045833 -0.457052
v 0.498611 -1.152083 -0.455404
v -0.498785 0.122917 -0.456983
v 0.498611 -2.108333 -0.455688
v 0.494507 -2.108333 -0.439920
v 0.487776 -2.108333 -0.425079
v 0.478510 -2.108333 -0.411149
v 0.452738 -2.108333 -0.385963
v 0.417915 -2.108333 -0.364240
v 0.324026 -2.108333 -0.330699
v 0.200955 -2.108333 -0.308988
v 0.061789 -2.108333 -0.299139
v -0.082255 -2.002083 -0.299021
v -0.265605 -2.108333 -0.320133
v -0.265605 -2.002083 -0.319052
v -0.356224 -2.108333 -0.341714
v -0.427612 -2.108333 -0.371345
v -0.458423 -2.108333 -0.392170
v -0.481140 -2.108333 -0.415897
v -0.489284 -2.108333 -0.428875
v -0.495190 -2.108333 -0.442610
v -0.498785 -2.108333 -0.457114
v -0.082255 -2.108333 -0.300525
v 0.498611 -1.683333 -0.455562
v 0.494507 -1.683333 -0.439612
v 0.487776 -1.683333 -0.424540
v 0.478510 -1.683333 -0.410335
v 0.452738 -1.683333 -0.384489
v 0.417915 -1.683333 -0.361999
v 0.324026 -1.683333 -0.326793
v 0.200955 -1.683333 -0.303623
v 0.061789 -1.683333 -0.292983
v -0.082255 -1.683333 -0.294509
v -0.265605 -1.683333 -0.315811
v -0.356224 -1.683333 -0.338787
v -0.427612 -1.683333 -0.369757
v -0.458423 -1.683333 -0.391227
v -0.481140 -1.683333 -0.415460
v -0.489284 -1.683333 -0.428627
v -0.495190 -1.683333 -0.442501
v -0.498785 -1.683333 -0.457089
v -0.498785 -1.789583 -0.457096
v -0.495190 -1.789583 -0.442528
v -0.489284 -1.789583 -0.428689
v -0.481140 -1.789583 -0.415569
v -0.458423 -1.789583 -0.391463
v -0.427612 -1.789583 -0.370154
v -0.356224 -1.789583 -0.339518
v -0.265605 -1.789583 -0.316892
v -0.082255 -1.789583 -0.296013
v 0.061789 -1.789583 -0.294522
v 0.200955 -1.789583 -0.304965
v 0.324026 -1.789583 -0.327769
v 0.417915 -1.789583 -0.362560
v 0.452738 -1.789583 -0.384857
v 0.478510 -1.789583 -0.410538
v 0.487776 -1.789583 -0.424675
v 0.494507 -1.789583 -0.439689
v 0.498611 -1.789583 -0.455593
v 0.494507 -1.152083 -0.439228
v 0.487776 -1.152083 -0.423866
v 0.478510 -1.152083 -0.409317
v 0.452738 -1.152083 -0.382646
v 0.417915 -1.152083 -0.359199
v 0.324026 -1.152083 -0.321910
v 0.200955 -1.152083 -0.296918
v 0.061789 -1.152083 -0.285288
v -0.082255 -1.152083 -0.286988
v -0.265605 -1.152083 -0.310409
v -0.356224 -1.152083 -0.335127
v -0.427612 -1.152083 -0.367772
v -0.458423 -1.152083 -0.390049
v -0.481140 -1.152083 -0.414914
v -0.489284 -1.152083 -0.428316
v -0.495190 -1.152083 -0.442364
v -0.498785 -1.152083 -0.457058
v -0.498785 -1.364583 -0.457071
v -0.495190 -1.364583 -0.442419
v -0.489284 -1.364583 -0.428440
v -0.481140 -1.364583 -0.415132
v -0.458423 -1.364583 -0.390520
v -0.427612 -1.364583 -0.368566
v -0.356224 -1.364583 -0.336591
v -0.265605 -1.364583 -0.312570
v -0.082255 -1.364583 -0.289996
v 0.061789 -1.364583 -0.288366
v 0.200955 -1.364583 -0.299600
v 0.324026 -1.364583 -0.323863
v 0.417915 -1.364583 -0.360319
v 0.452738 -1.364583 -0.383383
v 0.478510 -1.364583 -0.409724
v 0.487776 -1.364583 -0.424136
v 0.494507 -1.364583 -0.439382
v 0.498611 -1.364583 -0.455467
v 0.498611 -0.727083 -0.455278
v 0.494507 -0.727083 -0.438921
v 0.487776 -0.727083 -0.423327
v 0.478510 -0.727083 -0.408503
v 0.452738 -0.727083 -0.381172
v 0.417915 -0.727083 -0.356959
v 0.324026 -0.727083 -0.318004
v 0.200955 -0.727083 -0.291553
v 0.061789 -0.727083 -0.279131
v -0.082255 -0.727083 -0.280971
v -0.265605 -0.727083 -0.306087
v -0.356224 -0.727083 -0.332200
v -0.427612 -0.727083 -0.366184
v -0.458423 -0.727083 -0.389106
v -0.481140 -0.727083 -0.414477
v -0.489284 -0.727083 -0.428068
v -0.495190 -0.727083 -0.442255
v -0.498785 -0.727083 -0.457033
v -0.498785 -0.939583 -0.457046
v -0.495190 -0.939583 -0.442310
v -0.489284 -0.939583 -0.428192
v -0.481140 -0.939583 -0.414695
v -0.458423 -0.939583 -0.389577
v -0.427612 -0.939583 -0.366978
v -0.356224 -0.939583 -0.333664
v -0.265605 -0.939583 -0.308248
v -0.082255 -0.939583 -0.283979
v 0.061789 -0.939583 -0.282210
v 0.200955 -0.939583 -0.294235
v 0.324026 -0.939583 -0.319957
v 0.417915 -0.939583 -0.358079
v 0.452738 -0.939583 -0.381909
v 0.478510 -0.939583 -0.408910
v 0.487776 -0.939583 -0.423597
v 0.494507 -0.939583 -0.439074
v 0.498611 -0.939583 -0.455341
v 0.498611 -0.089583 -0.455089
v 0.494507 -0.089583 -0.438459
v 0.487776 -0.089583 -0.422519
v 0.478510 -0.089583 -0.407281
v 0.452738 -0.089583 -0.378961
v 0.417915 -0.089583 -0.353599
v 0.324026 -0.089583 -0.312145
v 0.200955 -0.089583 -0.283506
v 0.061789 -0.089583 -0.269897
v -0.082255 -0.089583 -0.271946
v -0.265605 -0.089583 -0.299605
v -0.356224 -0.089583 -0.327809
v -0.427612 -0.089583 -0.363802
v -0.458423 -0.089583 -0.387691
v -0.481140 -0.089583 -0.413822
v -0.489284 -0.089583 -0.427695
v -0.495190 -0.089583 -0.442091
v -0.498785 -0.089583 -0.456996
v -0.498785 -0.514583 -0.457021
v -0.495190 -0.514583 -0.442200
v -0.489284 -0.514583 -0.427944
v -0.481140 -0.514583 -0.414258
v -0.458423 -0.514583 -0.388634
v -0.427612 -0.514583 -0.365390
v -0.356224 -0.514583 -0.330736
v -0.265605 -0.514583 -0.303926
v -0.082255 -0.514583 -0.277963
v 0.061789 -0.514583 -0.276053
v 0.200955 -0.514583 -0.288871
v 0.324026 -0.514583 -0.316051
v 0.417915 -0.514583 -0.355839
v 0.452738 -0.514583 -0.380435
v 0.478510 -0.514583 -0.408095
v 0.487776 -0.514583 -0.423058
v 0.494507 -0.514583 -0.438767
v 0.498611 -0.514583 -0.455215
v 0.498611 0.122917 -0.455026
v 0.494507 0.122917 -0.438306
v 0.487776 0.122917 -0.422250
v 0.478510 0.122917 -0.406874
v 0.452738 0.122917 -0.378224
v 0.417915 0.122917 -0.352479
v 0.324026 0.122917 -0.310192
v 0.200955 0.122917 -0.280824
v 0.061789 0.122917 -0.266819
v -0.082255 0.122917 -0.268938
v -0.265605 0.122917 -0.297444
v -0.356224 0.122917 -0.326345
v -0.427612 0.122917 -0.363008
v -0.458423 0.122917 -0.387220
v -0.481140 0.122917 -0.413603
v -0.489284 0.122917 -0.427571
v -0.495190 0.122917 -0.442036
v 0.498611 0.760417 -0.454838
v 0.494507 0.760417 -0.437844
v 0.487776 0.760417 -0.421441
v 0.478510 0.760417 -0.405653
v 0.452738 0.760417 -0.376013
v 0.417915 0.760417 -0.349119
v 0.324026 0.760417 -0.304332
v 0.200955 0.760417 -0.272777
v 0.061789 0.760417 -0.257584
v -0.082255 0.760417 -0.259913
v -0.265605 0.760417 -0.290961
v -0.356224 0.760417 -0.321954
v -0.427612 0.760417 -0.360626
v -0.458423 0.760417 -0.385805
v -0.481140 0.760417 -0.412948
v -0.489284 0.760417 -0.427198
v -0.495190 0.760417 -0.441872
v -0.498785 0.760417 -0.456946
v -0.498785 0.335417 -0.456971
v -0.495190 0.335417 -0.441981
v -0.489284 0.335417 -0.427447
v -0.481140 0.335417 -0.413385
v -0.458423 0.335417 -0.386748
v -0.427612 0.335417 -0.362214
v -0.356224 0.335417 -0.324881
v -0.265605 0.335417 -0.295283
v -0.082255 0.335417 -0.265930
v 0.061789 0.335417 -0.263741
v 0.200955 0.335417 -0.278141
v 0.324026 0.335417 -0.308238
v 0.417915 0.335417 -0.351359
v 0.452738 0.335417 -0.377487
v 0.478510 0.335417 -0.406467
v 0.487776 0.335417 -0.421980
v 0.494507 0.335417 -0.438152
v 0.498611 0.335417 -0.454963
v -0.498785 -1.470833 -0.457077
v -0.495190 -1.470833 -0.442446
v -0.489284 -1.470833 -0.428502
v -0.481140 -1.470833 -0.415242
v -0.458423 -1.470833 -0.390756
v -0.427612 -1.470833 -0.368963
v -0.356224 -1.470833 -0.337323
v -0.265605 -1.470833 -0.313650
v -0.082255 -1.470833 -0.291500
v 0.061789 -1.470833 -0.289905
v 0.200955 -1.470833 -0.300941
v 0.324026 -1.470833 -0.324840
v 0.417915 -1.470833 -0.360879
v 0.452738 -1.470833 -0.383752
v 0.478510 -1.470833 -0.409927
v 0.487776 -1.470833 -0.424270
v 0.494507 -1.470833 -0.439459
v 0.498611 -1.470833 -0.455499
v 0.494507 -2.002083 -0.439843
v 0.487776 -2.002083 -0.424944
v 0.478510 -2.002083 -0.410945
v 0.452738 -2.002083 -0.385594
v 0.417915 -2.002083 -0.363680
v 0.324026 -2.002083 -0.329723
v 0.200955 -2.002083 -0.307647
v 0.061789 -2.002083 -0.297600
v -0.356224 -2.002083 -0.340982
v -0.427612 -2.002083 -0.370948
v -0.458423 -2.002083 -0.391935
v -0.481140 -2.002083 -0.415788
v -0.489284 -2.002083 -0.428813
v -0.495190 -2.002083 -0.442583
v 0.498611 -1.895833 -0.455625
v 0.494507 -1.895833 -0.439766
v 0.487776 -1.895833 -0.424809
v 0.478510 -1.895833 -0.410742
v 0.452738 -1.895833 -0.385226
v 0.417915 -1.895833 -0.363120
v 0.324026 -1.895833 -0.328746
v 0.200955 -1.895833 -0.306306
v 0.061789 -1.895833 -0.296061
v -0.082255 -1.895833 -0.297517
v -0.265605 -1.895833 -0.317972
v -0.356224 -1.895833 -0.340250
v -0.427612 -1.895833 -0.370551
v -0.458423 -1.895833 -0.391699
v -0.481140 -1.895833 -0.415678
v -0.489284 -1.895833 -0.428751
v -0.495190 -1.895833 -0.442556
v -0.498785 -1.895833 -0.457102
v 0.494507 -1.577083 -0.439536
v 0.487776 -1.577083 -0.424405
v 0.478510 -1.577083 -0.410131
v 0.452738 -1.577083 -0.384120
v 0.417915 -1.577083 -0.361439
v 0.324026 -1.577083 -0.325816
v 0.200955 -1.577083 -0.302282
v 0.061789 -1.577083 -0.291444
v -0.082255 -1.577083 -0.293004
v -0.265605 -1.577083 -0.314731
v -0.356224 -1.577083 -0.338055
v -0.427612 -1.577083 -0.369360
v -0.458423 -1.577083 -0.390992
v -0.481140 -1.577083 -0.415351
v -0.489284 -1.577083 -0.428564
v -0.495190 -1.577083 -0.442474
v 0.498611 -1.045833 -0.455373
v 0.494507 -1.045833 -0.439151
v 0.487776 -1.045833 -0.423732
v 0.478510 -1.045833 -0.409113
v 0.452738 -1.045833 -0.382278
v 0.417915 -1.045833 -0.358639
v 0.324026 -1.045833 -0.320934
v 0.200955 -1.045833 -0.295576
v 0.061789 -1.045833 -0.283749
v -0.082255 -1.045833 -0.285484
v -0.265605 -1.045833 -0.309329
v -0.356224 -1.045833 -0.334395
v -0.427612 -1.045833 -0.367375
v -0.458423 -1.045833 -0.389813
v -0.481140 -1.045833 -0.414805
v -0.489284 -1.045833 -0.428254
v -0.495190 -1.045833 -0.442337
vt 0.461028 0.648856 0.000000
vt -0.461984 0.576887 0.000000
vt 0.466459 0.555844 0.000000
vt -0.458840 0.484675 0.000000
vt 0.460890 0.461584 0.000000
vt -0.442797 0.394910 0.000000
vt 0.441894 0.369981 0.000000
vt -0.409367 0.310317 0.000000
vt 0.425633 0.326280 0.000000
vt 0.404226 0.285443 0.000000
vt -0.385005 0.271945 0.000000
vt 0.377654 0.248357 0.000000
vt -0.355856 0.237419 0.000000
vt 0.345719 0.215038 0.000000
vt -0.284130 0.180014 0.000000
vt 0.270272 0.162527 0.000000
vt -0.200686 0.139502 0.000000
vt 0.184102 0.127468 0.000000
vt -0.108942 0.114103 0.000000
vt 0.089085 0.107685 0.000000
vt -0.010694 0.103246 0.000000
vt -0.453382 0.667637 0.000000
vt 0.443207 0.736840 0.000000
vt -0.430246 0.755161 0.000000
vt -0.412048 0.795846 0.000000
vt 0.409100 0.817562 0.000000
vt -0.389029 0.833654 0.000000
vt 0.384379 0.854449 0.000000
vt -0.360906 0.868435 0.000000
vt 0.355074 0.887332 0.000000
vt -0.328660 0.899066 0.000000
vt 0.284177 0.940922 0.000000
vt -0.254480 0.947984 0.000000
vt 0.201951 0.978011 0.000000
vt -0.169502 0.982205 0.000000
vt 0.113443 0.999987 0.000000
vt -0.076698 1.002364 0.000000
vt 0.019391 1.008241 0.000000
vt -0.002386 -0.363466 0.000000
vt -0.002302 -0.363459 0.000000
vt -0.002386 0.363670 0.000000
vt -0.002302 0.363663 0.000000
vt -0.002219 -0.363438 0.000000
vt -0.002218 0.363641 0.000000
vt -0.002137 -0.363402 0.000000
vt -0.002136 0.363606 0.000000
vt -0.002055 -0.363353 0.000000
vt -0.002054 0.363556 0.000000
vt -0.001893 -0.363212 0.000000
vt -0.001891 0.363414 0.000000
vt -0.001734 -0.363014 0.000000
vt -0.001732 0.363216 0.000000
vt -0.001423 -0.362450 0.000000
vt -0.001419 0.362648 0.000000
vt -0.001122 -0.361660 0.000000
vt -0.001117 0.361855 0.000000
vt -0.000013 -0.356268 0.000000
vt -0.000004 0.356437 0.000000
vt 0.001761 -0.335057 0.000000
vt 0.001776 0.335129 0.000000
vt 0.004668 -0.000346 0.000000
vt 0.004544 0.137194 0.000000
vt 0.003811 -0.255290 0.000000
vt 0.004532 -0.137753 0.000000
vt 0.003829 0.255046 0.000000
vt 1.000000 0.000000 0.000000
vt 0.991404 0.085625 0.000000
vt 0.000000 -0.000000 0.000000
vt 0.008458 0.085625 0.000000
vt 0.982808 0.171250 0.000000
vt 0.016916 0.171250 0.000000
vt 0.974212 0.256875 0.000000
vt 0.025374 0.256875 0.000000
vt 0.965616 0.342500 0.000000
vt 0.033832 0.342500 0.000000
vt 0.957020 0.428125 0.000000
vt 0.042290 0.428125 0.000000
vt 0.948424 0.513750 0.000000
vt 0.050748 0.513750 0.000000
vt 0.939828 0.599375 0.000000
vt 0.059206 0.599375 0.000000
vt 0.931232 0.685000 0.000000
vt 0.067664 0.685000 0.000000
vt 0.926934 0.727813 0.000000
vt 0.076122 0.770625 0.000000
vt 0.922636 0.770625 0.000000
vt 0.918338 0.813438 0.000000
vt 0.080351 0.813438 0.000000
vt 0.914040 0.856250 0.000000
vt 0.084580 0.856250 0.000000
vt 0.909742 0.899063 0.000000
vt 0.088809 0.899063 0.000000
vt 0.905444 0.941875 0.000000
vt 0.093038 0.941875 0.000000
vt 0.901146 0.984688 0.000000
vt 0.097267 0.984688 0.000000
vt 0.896848 1.027500 0.000000
vt 0.101496 1.027500 0.000000
vt 0.892550 1.070313 0.000000
vt 0.105725 1.070313 0.000000
vt 0.888252 1.113125 0.000000
vt 0.109954 1.113125 0.000000
vt 0.886103 1.134531 0.000000
vt 0.112069 1.134531 0.000000
vt 0.883954 1.155938 0.000000
vt 0.114183 1.155938 0.000000
vt 0.881805 1.177344 0.000000
vt 0.116298 1.177344 0.000000
vt 0.879656 1.198750 0.000000
vt 0.118412 1.198750 0.000000
vt 0.877507 1.220156 0.000000
vt 0.120527 1.220156 0.000000
vt 0.875358 1.241563 0.000000
vt 0.122641 1.241563 0.000000
vt 0.873209 1.262969 0.000000
vt 0.124756 1.262969 0.000000
vt 0.871060 1.284375 0.000000
vt 0.126870 1.284375 0.000000
vt 0.869985 1.295078 0.000000
vt 0.127927 1.295078 0.000000
vt 0.868911 1.305781 0.000000
vt 0.128985 1.305781 0.000000
vt 0.867836 1.316484 0.000000
vt 0.130042 1.316484 0.000000
vt 0.866762 1.327188 0.000000
vt 0.131099 1.327188 0.000000
vt 0.865687 1.337891 0.000000
vt 0.132156 1.337891 0.000000
vt 0.864613 1.348594 0.000000
vt 0.133214 1.348594 0.000000
vt 0.863538 1.359297 0.000000
vt 0.134271 1.359297 0.000000
vt 0.862464 1.370000 0.000000
vt 0.135328 1.370000 0.000000
vt 0.000000 0.086673 0.000000
vt 0.000000 0.000000 0.000000
vt 0.014280 0.043336 0.000000
vt 0.041702 0.000000 0.000000
vt 0.028560 0.043336 0.000000
vt 0.042840 0.043336 0.000000
vt 0.028560 0.086673 0.000000
vt 0.042840 0.086673 0.000000
vt 0.028560 0.130009 0.000000
vt 0.042840 0.130009 0.000000
vt 0.028560 0.173346 0.000000
vt 0.042840 0.173346 0.000000
vt 0.028560 0.216682 0.000000
vt 0.042840 0.216682 0.000000
vt 0.028560 0.260019 0.000000
vt 0.042840 0.260019 0.000000
vt 0.028560 0.303355 0.000000
vt 0.042840 0.303355 0.000000
vt 0.028560 0.346692 0.000000
vt 0.042840 0.346692 0.000000
vt 0.028560 0.433365 0.000000
vt 0.042840 0.433365 0.000000
vt 0.028560 0.476701 0.000000
vt 0.042840 0.476701 0.000000
vt 0.028560 0.520038 0.000000
vt 0.042840 0.520038 0.000000
vt 0.028560 0.606711 0.000000
vt 0.042840 0.606711 0.000000
vt 0.028560 0.693384 0.000000
vt 0.042840 0.693384 0.000000
vt 0.028560 0.866730 0.000000
vt 0.042840 0.866730 0.000000
vt 0.028560 0.953403 0.000000
vt 0.042840 0.953403 0.000000
vt 0.028560 1.040076 0.000000
vt 0.042840 1.040076 0.000000
vt 0.028560 1.213422 0.000000
vt 0.042840 1.213422 0.000000
vt 0.028560 1.300095 0.000000
vt 0.042840 1.300095 0.000000
vt 0.028560 1.343431 0.000000
vt 0.042840 1.343431 0.000000
vt 0.030815 1.386767 0.000000
vt 0.041075 1.386767 0.000000
vt 0.057120 1.343431 0.000000
vt 0.082442 1.386766 0.000000
vt 0.085680 1.343431 0.000000
vt 0.114240 1.343431 0.000000
vt 0.114240 1.300095 0.000000
vt 0.171361 1.300095 0.000000
vt 0.171361 1.213422 0.000000
vt 0.228481 1.213422 0.000000
vt 0.228481 1.040076 0.000000
vt 0.328090 1.040076 0.000000
vt 0.328090 0.953403 0.000000
vt 0.427699 0.953403 0.000000
vt 0.427699 0.866730 0.000000
vt 0.597656 0.866730 0.000000
vt 0.597656 0.693384 0.000000
vt 0.722554 0.693384 0.000000
vt 0.722554 0.606711 0.000000
vt 0.847451 0.606711 0.000000
vt 0.847451 0.520038 0.000000
vt 0.972349 0.520038 0.000000
vt 0.972349 0.476701 0.000000
vt 1.094232 0.476701 0.000000
vt 1.094232 0.433365 0.000000
vt 1.155174 0.433365 0.000000
vt 1.155174 0.346692 0.000000
vt 1.216116 0.346692 0.000000
vt 1.216116 0.303355 0.000000
vt 1.246586 0.303355 0.000000
vt 1.246586 0.260019 0.000000
vt 1.277057 0.260019 0.000000
vt 1.277057 0.216682 0.000000
vt 1.292293 0.216682 0.000000
vt 1.292293 0.173346 0.000000
vt 1.307528 0.173346 0.000000
vt 1.307528 0.130009 0.000000
vt 1.315146 0.130009 0.000000
vt 1.315146 0.086673 0.000000
vt 1.322763 0.086673 0.000000
vt 1.322763 0.043336 0.000000
vt 1.330381 0.043336 0.000000
vt 1.337999 0.000000 0.000000
vt 1.337999 0.086673 0.000000
vt 0.057120 0.043336 0.000000
vt 0.083232 0.000000 0.000000
vt 0.085680 0.043336 0.000000
vt 0.114240 0.043336 0.000000
vt 0.085680 0.086673 0.000000
vt 0.114240 0.086673 0.000000
vt 0.085680 0.130009 0.000000
vt 0.114240 0.130009 0.000000
vt 0.085680 0.173346 0.000000
vt 0.114240 0.173346 0.000000
vt 0.085680 0.216682 0.000000
vt 0.114240 0.216682 0.000000
vt 0.085680 0.260019 0.000000
vt 0.114240 0.260019 0.000000
vt 0.085680 0.303355 0.000000
vt 0.114240 0.303355 0.000000
vt 0.085680 0.346692 0.000000
vt 0.114240 0.346692 0.000000
vt 0.085680 0.433365 0.000000
vt 0.114240 0.433365 0.000000
vt 0.085680 0.476701 0.000000
vt 0.114240 0.476701 0.000000
vt 0.085680 0.520038 0.000000
vt 0.114240 0.520038 0.000000
vt 0.085680 0.606711 0.000000
vt 0.114240 0.606711 0.000000
vt 0.085680 0.693384 0.000000
vt 0.114240 0.693384 0.000000
vt 0.085680 0.866730 0.000000
vt 0.114240 0.866730 0.000000
vt 0.085680 0.953403 0.000000
vt 0.114240 0.953403 0.000000
vt 0.085680 1.040076 0.000000
vt 0.114240 1.040076 0.000000
vt 0.085680 1.213422 0.000000
vt 0.114240 1.213422 0.000000
vt 0.085680 1.300095 0.000000
vt 0.124784 0.000000 0.000000
vt 0.166513 0.000000 0.000000
vt 0.171361 0.043336 0.000000
vt 0.228481 0.043336 0.000000
vt 0.171361 0.086673 0.000000
vt 0.228481 0.086673 0.000000
vt 0.171361 0.130009 0.000000
vt 0.228481 0.130009 0.000000
vt 0.171361 0.173346 0.000000
vt 0.228481 0.173346 0.000000
vt 0.171361 0.216682 0.000000
vt 0.228481 0.216682 0.000000
vt 0.171361 0.260019 0.000000
vt 0.228481 0.260019 0.000000
vt 0.171361 0.303355 0.000000
vt 0.228481 0.303355 0.000000
vt 0.171361 0.346692 0.000000
vt 0.228481 0.346692 0.000000
vt 0.171361 0.433365 0.000000
vt 0.228481 0.433365 0.000000
vt 0.171361 0.476701 0.000000
vt 0.228481 0.476701 0.000000
vt 0.171361 0.520038 0.000000
vt 0.228481 0.520038 0.000000
vt 0.171361 0.606711 0.000000
vt 0.228481 0.606711 0.000000
vt 0.171361 0.693384 0.000000
vt 0.228481 0.693384 0.000000
vt 0.171361 0.866730 0.000000
vt 0.228481 0.866730 0.000000
vt 0.171361 0.953403 0.000000
vt 0.228481 0.953403 0.000000
vt 0.171361 1.040076 0.000000
vt 0.250487 0.000000 0.000000
vt 0.328090 0.043336 0.000000
vt 0.328090 0.086673 0.000000
vt 0.328090 0.130009 0.000000
vt 0.328090 0.173346 0.000000
vt 0.328090 0.216682 0.000000
vt 0.328090 0.260019 0.000000
vt 0.328090 0.303355 0.000000
vt 0.328090 0.346692 0.000000
vt 0.328090 0.433365 0.000000
vt 0.328090 0.476701 0.000000
vt 0.328090 0.520038 0.000000
vt 0.328090 0.606711 0.000000
vt 0.328090 0.693384 0.000000
vt 0.328090 0.866730 0.000000
vt 0.334495 0.000000 0.000000
vt 0.427699 0.043336 0.000000
vt 0.427699 0.086673 0.000000
vt 0.427699 0.130009 0.000000
vt 0.427699 0.173346 0.000000
vt 0.427699 0.216682 0.000000
vt 0.427699 0.260019 0.000000
vt 0.427699 0.303355 0.000000
vt 0.427699 0.346692 0.000000
vt 0.427699 0.433365 0.000000
vt 0.427699 0.476701 0.000000
vt 0.427699 0.520038 0.000000
vt 0.427699 0.606711 0.000000
vt 0.427699 0.693384 0.000000
vt 0.501725 0.000000 0.000000
vt 0.669028 0.000000 0.000000
vt 0.597656 0.043336 0.000000
vt 0.597656 0.086673 0.000000
vt 0.836295 0.000000 0.000000
vt 0.722554 0.043336 0.000000
vt 0.722554 0.086673 0.000000
vt 0.597656 0.130009 0.000000
vt 0.847451 0.043336 0.000000
vt 0.919885 0.000000 0.000000
vt 0.847451 0.086673 0.000000
vt 0.972349 0.086673 0.000000
vt 0.847451 0.130009 0.000000
vt 0.972349 0.130009 0.000000
vt 0.847451 0.173346 0.000000
vt 0.972349 0.173346 0.000000
vt 0.847451 0.216682 0.000000
vt 0.972349 0.216682 0.000000
vt 0.847451 0.260019 0.000000
vt 0.972349 0.260019 0.000000
vt 0.847451 0.303355 0.000000
vt 0.972349 0.303355 0.000000
vt 0.847451 0.346692 0.000000
vt 0.972349 0.346692 0.000000
vt 0.847451 0.433365 0.000000
vt 0.972349 0.433365 0.000000
vt 0.847451 0.476701 0.000000
vt 0.972349 0.043336 0.000000
vt 1.003561 0.000000 0.000000
vt 1.094232 0.043336 0.000000
vt 1.087690 0.000000 0.000000
vt 1.155174 0.043336 0.000000
vt 1.171597 0.000000 0.000000
vt 1.216116 0.043336 0.000000
vt 1.213260 0.000000 0.000000
vt 1.246586 0.043336 0.000000
vt 1.254767 0.000000 0.000000
vt 1.277057 0.043336 0.000000
vt 1.296290 0.000000 0.000000
vt 1.292293 0.043336 0.000000
vt 1.307528 0.043336 0.000000
vt 1.292293 0.086673 0.000000
vt 1.307528 0.086673 0.000000
vt 1.292293 0.130009 0.000000
vt 1.315146 0.043336 0.000000
vt 1.337999 0.173346 0.000000
vt 1.330381 0.130009 0.000000
vt 1.330381 0.086673 0.000000
vt 1.337999 0.260019 0.000000
vt 1.330381 0.216682 0.000000
vt 1.330381 0.173346 0.000000
vt 1.322763 0.173346 0.000000
vt 1.322763 0.130009 0.000000
vt 1.315146 0.173346 0.000000
vt 1.337999 0.346692 0.000000
vt 1.330381 0.303355 0.000000
vt 1.330381 0.260019 0.000000
vt 1.322763 0.260019 0.000000
vt 1.322763 0.216682 0.000000
vt 1.315146 0.260019 0.000000
vt 1.315146 0.216682 0.000000
vt 1.307528 0.260019 0.000000
vt 1.307528 0.216682 0.000000
vt 1.292293 0.260019 0.000000
vt 1.337999 0.433365 0.000000
vt 1.330381 0.433365 0.000000
vt 1.330381 0.346692 0.000000
vt 1.322763 0.346692 0.000000
vt 1.322763 0.303355 0.000000
vt 1.315146 0.346692 0.000000
vt 1.315146 0.303355 0.000000
vt 1.307528 0.346692 0.000000
vt 1.307528 0.303355 0.000000
vt 1.292293 0.346692 0.000000
vt 1.292293 0.303355 0.000000
vt 1.277057 0.346692 0.000000
vt 1.277057 0.303355 0.000000
vt 1.246586 0.346692 0.000000
vt 1.330381 0.476701 0.000000
vt 1.337999 0.520038 0.000000
vt 1.330381 0.520038 0.000000
vt 1.330381 0.606711 0.000000
vt 1.322763 0.606711 0.000000
vt 1.322763 0.693384 0.000000
vt 1.315146 0.693384 0.000000
vt 1.315146 0.866730 0.000000
vt 1.307528 0.866730 0.000000
vt 1.307528 0.953403 0.000000
vt 1.292293 0.953403 0.000000
vt 1.292293 1.040076 0.000000
vt 1.277057 1.040076 0.000000
vt 1.277057 1.213422 0.000000
vt 1.246586 1.213422 0.000000
vt 1.246586 1.300095 0.000000
vt 1.216116 1.300095 0.000000
vt 1.216116 1.343431 0.000000
vt 1.155174 1.343431 0.000000
vt 1.172108 1.386765 0.000000
vt 1.094232 1.343431 0.000000
vt 1.003565 1.386768 0.000000
vt 0.972349 1.343431 0.000000
vt 0.836335 1.386768 0.000000
vt 0.847451 1.343431 0.000000
vt 0.722554 1.343431 0.000000
vt 0.847451 1.300095 0.000000
vt 0.722554 1.300095 0.000000
vt 0.847451 1.213422 0.000000
vt 0.722554 1.213422 0.000000
vt 0.847451 1.040076 0.000000
vt 0.722554 1.040076 0.000000
vt 0.847451 0.953403 0.000000
vt 0.722554 0.953403 0.000000
vt 0.847451 0.866730 0.000000
vt 0.722554 0.866730 0.000000
vt 0.847451 0.693384 0.000000
vt 1.337999 0.606711 0.000000
vt 1.330381 0.693384 0.000000
vt 1.322763 0.866730 0.000000
vt 1.315146 0.953403 0.000000
vt 1.307528 1.040076 0.000000
vt 1.292293 1.213422 0.000000
vt 1.277057 1.300095 0.000000
vt 1.246586 1.343431 0.000000
vt 1.255742 1.386766 0.000000
vt 1.337999 0.693384 0.000000
vt 1.337999 0.780057 0.000000
vt 1.337999 0.823393 0.000000
vt 1.330381 0.866730 0.000000
vt 1.337999 0.866730 0.000000
vt 1.337999 0.910066 0.000000
vt 1.330381 0.953403 0.000000
vt 1.337999 0.953403 0.000000
vt 1.337999 0.996739 0.000000
vt 1.330381 1.040076 0.000000
vt 1.337999 1.040076 0.000000
vt 1.337999 1.083412 0.000000
vt 1.337999 1.126749 0.000000
vt 1.337999 1.148417 0.000000
vt 1.337999 1.170085 0.000000
vt 1.337999 1.191754 0.000000
vt 1.330381 1.213422 0.000000
vt 1.322763 1.213422 0.000000
vt 1.322763 1.300095 0.000000
vt 1.315146 1.300095 0.000000
vt 1.315146 1.343431 0.000000
vt 1.307528 1.343431 0.000000
vt 1.307253 1.386767 0.000000
vt 1.297021 1.386767 0.000000
vt 1.337999 1.213422 0.000000
vt 1.337999 1.235090 0.000000
vt 1.337999 1.256758 0.000000
vt 1.337999 1.278427 0.000000
vt 1.330381 1.300095 0.000000
vt 1.322763 1.343431 0.000000
vt 1.317445 1.386767 0.000000
vt 1.337999 1.300095 0.000000
vt 1.337999 1.310929 0.000000
vt 1.337999 1.321763 0.000000
vt 1.337999 1.332597 0.000000
vt 1.330381 1.343431 0.000000
vt 1.327636 1.386768 0.000000
vt 1.322533 1.386767 0.000000
vt 1.337999 1.343431 0.000000
vt 1.337999 1.354266 0.000000
vt 1.337999 1.365100 0.000000
vt 1.337999 1.375934 0.000000
vt 1.330203 1.386768 0.000000
vt 1.337999 1.386768 0.000000
vt 1.335387 1.386768 0.000000
vt 1.332786 1.386768 0.000000
vt 1.277057 1.343431 0.000000
vt 1.292293 1.343431 0.000000
vt 1.307528 1.300095 0.000000
vt 1.315146 1.213422 0.000000
vt 1.322763 1.040076 0.000000
vt 0.669024 1.386768 0.000000
vt 0.501717 1.386768 0.000000
vt 0.597656 1.343431 0.000000
vt 0.597656 1.300095 0.000000
vt 0.334495 1.386768 0.000000
vt 0.427699 1.343431 0.000000
vt 0.427699 1.300095 0.000000
vt 0.597656 1.213422 0.000000
vt 0.427699 1.213422 0.000000
vt 0.597656 1.040076 0.000000
vt 0.427699 1.040076 0.000000
vt 0.597656 0.953403 0.000000
vt 0.328090 1.343431 0.000000
vt 0.166162 1.386765 0.000000
vt 0.228481 1.343431 0.000000
vt 0.171361 1.343431 0.000000
vt 0.228481 1.300095 0.000000
vt 0.020593 1.386767 0.000000
vt 0.014280 1.343431 0.000000
vt 0.014280 1.300095 0.000000
vt 0.014280 1.213422 0.000000
vt 0.014280 1.040076 0.000000
vt 0.014280 0.953403 0.000000
vt 0.014280 0.866730 0.000000
vt 0.014280 0.693384 0.000000
vt 0.014280 0.606711 0.000000
vt 0.014280 0.520038 0.000000
vt 0.014280 0.476701 0.000000
vt 0.014280 0.433365 0.000000
vt 0.014280 0.346692 0.000000
vt 0.014280 0.303355 0.000000
vt 0.014280 0.260019 0.000000
vt 0.014280 0.216682 0.000000
vt 0.014280 0.173346 0.000000
vt 0.014280 0.130009 0.000000
vt 0.014280 0.086673 0.000000
vt 0.015490 1.386767 0.000000
vt 0.010373 1.386768 0.000000
vt 0.000000 1.365100 0.000000
vt 0.000000 1.375934 0.000000
vt 0.007801 1.386768 0.000000
vt 0.005214 1.386768 0.000000
vt 0.002612 1.386768 0.000000
vt 0.000000 1.386768 0.000000
vt 0.000000 1.354266 0.000000
vt 0.000000 1.343431 0.000000
vt 0.000000 1.332597 0.000000
vt 0.000000 1.321763 0.000000
vt 0.000000 1.310929 0.000000
vt 0.000000 1.300095 0.000000
vt 0.000000 1.278427 0.000000
vt 0.000000 1.256758 0.000000
vt 0.000000 1.235090 0.000000
vt 0.000000 1.213422 0.000000
vt 0.000000 1.191754 0.000000
vt 0.000000 1.170085 0.000000
vt 0.000000 1.148417 0.000000
vt 0.000000 1.126749 0.000000
vt 0.000000 1.083412 0.000000
vt 0.000000 1.040076 0.000000
vt 0.000000 0.996739 0.000000
vt 0.000000 0.953403 0.000000
vt 0.000000 0.910066 0.000000
vt 0.000000 0.866730 0.000000
vt 0.000000 0.823393 0.000000
vt 0.000000 0.780057 0.000000
vt 0.000000 0.736720 0.000000
vt 0.000000 0.693384 0.000000
vt 0.000000 0.606711 0.000000
vt 0.000000 0.520038 0.000000
vt 0.000000 0.433365 0.000000
vt 0.000000 0.346692 0.000000
vt 0.000000 0.260019 0.000000
vt 0.000000 0.173346 0.000000
vt 1.277057 0.086673 0.000000
vt 1.277057 0.130009 0.000000
vt 1.277057 0.173346 0.000000
vt 1.246586 0.086673 0.000000
vt 1.246586 0.130009 0.000000
vt 1.246586 0.173346 0.000000
vt 1.246586 0.216682 0.000000
vt 1.216116 0.086673 0.000000
vt 1.216116 0.130009 0.000000
vt 1.216116 0.173346 0.000000
vt 1.216116 0.216682 0.000000
vt 1.216116 0.260019 0.000000
vt 1.155174 0.086673 0.000000
vt 1.155174 0.130009 0.000000
vt 1.155174 0.173346 0.000000
vt 1.155174 0.216682 0.000000
vt 1.155174 0.260019 0.000000
vt 1.155174 0.303355 0.000000
vt 1.094232 0.086673 0.000000
vt 1.094232 0.130009 0.000000
vt 1.094232 0.173346 0.000000
vt 1.094232 0.216682 0.000000
vt 1.094232 0.260019 0.000000
vt 1.094232 0.303355 0.000000
vt 1.094232 0.346692 0.000000
vt 0.057120 0.086673 0.000000
vt 0.057120 0.130009 0.000000
vt 0.057120 0.173346 0.000000
vt 0.057120 0.216682 0.000000
vt 0.057120 0.260019 0.000000
vt 0.057120 0.303355 0.000000
vt 0.057120 0.346692 0.000000
vt 0.057120 0.433365 0.000000
vt 0.057120 0.476701 0.000000
vt 0.057120 0.520038 0.000000
vt 0.057120 0.606711 0.000000
vt 0.057120 0.693384 0.000000
vt 0.057120 0.866730 0.000000
vt 0.057120 0.953403 0.000000
vt 0.057120 1.040076 0.000000
vt 0.057120 1.213422 0.000000
vt 0.057120 1.300095 0.000000
vt 0.722554 0.130009 0.000000
vt 0.597656 0.173346 0.000000
vt 0.722554 0.173346 0.000000
vt 0.722554 0.216682 0.000000
vt 0.722554 0.260019 0.000000
vt 0.722554 0.303355 0.000000
vt 0.722554 0.346692 0.000000
vt 0.722554 0.433365 0.000000
vt 0.722554 0.476701 0.000000
vt 0.722554 0.520038 0.000000
vt 0.597656 0.216682 0.000000
vt 0.597656 0.260019 0.000000
vt 0.597656 0.303355 0.000000
vt 0.597656 0.346692 0.000000
vt 0.597656 0.433365 0.000000
vt 0.597656 0.476701 0.000000
vt 0.597656 0.520038 0.000000
vt 0.597656 0.606711 0.000000
vt 1.322763 0.433365 0.000000
vt 1.322763 0.476701 0.000000
vt 1.322763 0.520038 0.000000
vt 1.315146 0.433365 0.000000
vt 1.315146 0.476701 0.000000
vt 1.315146 0.520038 0.000000
vt 1.315146 0.606711 0.000000
vt 1.307528 0.433365 0.000000
vt 1.307528 0.476701 0.000000
vt 1.307528 0.520038 0.000000
vt 1.307528 0.606711 0.000000
vt 1.307528 0.693384 0.000000
vt 1.292293 0.433365 0.000000
vt 1.292293 0.476701 0.000000
vt 1.292293 0.520038 0.000000
vt 1.292293 0.606711 0.000000
vt 1.292293 0.693384 0.000000
vt 1.292293 0.866730 0.000000
vt 1.277057 0.433365 0.000000
vt 1.277057 0.476701 0.000000
vt 1.277057 0.520038 0.000000
vt 1.277057 0.606711 0.000000
vt 1.277057 0.693384 0.000000
vt 1.277057 0.866730 0.000000
vt 1.277057 0.953403 0.000000
vt 1.246586 0.433365 0.000000
vt 1.246586 0.476701 0.000000
vt 1.246586 0.520038 0.000000
vt 1.246586 0.606711 0.000000
vt 1.246586 0.693384 0.000000
vt 1.246586 0.866730 0.000000
vt 1.246586 0.953403 0.000000
vt 1.246586 1.040076 0.000000
vt 1.216116 0.433365 0.000000
vt 1.216116 0.476701 0.000000
vt 1.216116 0.520038 0.000000
vt 1.216116 0.606711 0.000000
vt 1.216116 0.693384 0.000000
vt 1.216116 0.866730 0.000000
vt 1.216116 0.953403 0.000000
vt 1.216116 1.040076 0.000000
vt 1.216116 1.213422 0.000000
vt 1.155174 0.476701 0.000000
vt 1.094232 0.520038 0.000000
vt 0.972349 0.606711 0.000000
vt 1.155174 0.520038 0.000000
vt 1.155174 0.606711 0.000000
vt 1.155174 0.693384 0.000000
vt 1.155174 0.866730 0.000000
vt 1.155174 0.953403 0.000000
vt 1.155174 1.040076 0.000000
vt 1.155174 1.213422 0.000000
vt 1.155174 1.300095 0.000000
vt 1.094232 0.606711 0.000000
vt 0.972349 0.693384 0.000000
vt 1.094232 0.693384 0.000000
vt 1.094232 0.866730 0.000000
vt 1.094232 0.953403 0.000000
vt 1.094232 1.040076 0.000000
vt 1.094232 1.213422 0.000000
vt 1.094232 1.300095 0.000000
vt 0.972349 0.866730 0.000000
vt 1.322763 0.953403 0.000000
vt 1.315146 1.040076 0.000000
vt 1.307528 1.213422 0.000000
vt 1.292293 1.300095 0.000000
vt 0.972349 0.953403 0.000000
vt 0.972349 1.040076 0.000000
vt 0.972349 1.213422 0.000000
vt 0.972349 1.300095 0.000000
vt 0.328090 1.213422 0.000000
vt 0.328090 1.300095 0.000000
vt 1.357085 0.688247 0.000000
vt 1.371371 0.595506 0.000000
vt 1.408289 0.595504 0.000000
vt 1.356859 0.501516 0.000000
vt 1.408289 0.446625 0.000000
vt 1.337717 0.446625 0.000000
vt 1.408289 0.409406 0.000000
vt 1.337717 0.409406 0.000000
vt 1.408289 0.372188 0.000000
vt 1.337717 0.372188 0.000000
vt 1.408289 0.297597 0.000000
vt 1.337717 0.297521 0.000000
vt 1.408289 0.223313 0.000000
vt 1.337717 0.223313 0.000000
vt 1.408289 0.148875 0.000000
vt 1.337717 0.148875 0.000000
vt 1.408289 0.111656 0.000000
vt 1.337717 0.111656 0.000000
vt 1.408289 0.074438 0.000000
vt 1.337717 0.074438 0.000000
vt 1.408289 0.037219 0.000000
vt 1.337717 0.037219 0.000000
vt 1.356735 0.000000 0.000000
vt 1.259569 0.000000 0.000000
vt 1.267145 0.037219 0.000000
vt 1.162146 0.000000 0.000000
vt 1.267145 0.074438 0.000000
vt 1.126002 0.074438 0.000000
vt 1.126002 0.111656 0.000000
vt 0.981367 0.111656 0.000000
vt 0.981367 0.148875 0.000000
vt 0.864332 0.176004 0.000000
vt 0.963127 0.192204 0.000000
vt 1.059620 0.221654 0.000000
vt 1.126002 0.148875 0.000000
vt 1.126002 0.223313 0.000000
vt 1.267145 0.148875 0.000000
vt 1.267145 0.223313 0.000000
vt 1.313396 0.411723 0.000000
vt 1.281187 0.369848 0.000000
vt 1.267145 0.297444 0.000000
vt 1.243210 0.331476 0.000000
vt 1.200898 0.297372 0.000000
vt 1.154958 0.267412 0.000000
vt 0.764048 0.172442 0.000000
vt 0.787530 0.148875 0.000000
vt 0.787530 0.111656 0.000000
vt 0.787530 0.074438 0.000000
vt 0.664920 0.181225 0.000000
vt 0.593692 0.074438 0.000000
vt 0.593692 0.111656 0.000000
vt 0.429139 0.111656 0.000000
vt 0.429139 0.148875 0.000000
vt 0.346862 0.148875 0.000000
vt 0.346862 0.159574 0.000000
vt 0.264586 0.157036 0.000000
vt 0.264586 0.223313 0.000000
vt 0.198439 0.223313 0.000000
vt 0.198439 0.297750 0.000000
vt 0.132293 0.297750 0.000000
vt 0.132293 0.372188 0.000000
vt 0.099220 0.372188 0.000000
vt 0.099220 0.409406 0.000000
vt 0.066146 0.409406 0.000000
vt 0.066146 0.446625 0.000000
vt 0.033073 0.446625 0.000000
vt 0.033073 0.595500 0.000000
vt 0.000000 0.000000 0.000000
vt 0.000000 1.191000 0.000000
vt 0.033073 0.744375 0.000000
vt 0.033073 0.818813 0.000000
vt 0.066146 0.744375 0.000000
vt 0.066146 0.818813 0.000000
vt 0.099220 0.744375 0.000000
vt 0.099220 0.818813 0.000000
vt 0.132293 0.744375 0.000000
vt 0.132293 0.818813 0.000000
vt 0.198439 0.744375 0.000000
vt 0.198439 0.818813 0.000000
vt 0.259653 0.792245 0.000000
vt 0.264586 0.818813 0.000000
vt 0.293032 0.831019 0.000000
vt 0.264586 0.893250 0.000000
vt 0.331142 0.866370 0.000000
vt 0.346862 0.893250 0.000000
vt 0.373286 0.898226 0.000000
vt 0.417362 0.925700 0.000000
vt 0.568427 0.202225 0.000000
vt 0.593692 0.167188 0.000000
vt 0.593692 0.148875 0.000000
vt 0.473272 0.236677 0.000000
vt 0.429139 0.162112 0.000000
vt 0.429139 0.223313 0.000000
vt 0.380449 0.287461 0.000000
vt 0.346862 0.223313 0.000000
vt 0.346862 0.297750 0.000000
vt 0.264586 0.297750 0.000000
vt 0.337424 0.318974 0.000000
vt 0.297683 0.354755 0.000000
vt 0.264586 0.372188 0.000000
vt 0.234334 0.435926 0.000000
vt 0.198439 0.372188 0.000000
vt 0.198439 0.409406 0.000000
vt 0.132293 0.409406 0.000000
vt 0.132293 0.446625 0.000000
vt 0.099220 0.446625 0.000000
vt 0.099220 0.595500 0.000000
vt 0.066146 0.595500 0.000000
vt 0.198439 0.446625 0.000000
vt 0.197855 0.524456 0.000000
vt 0.132293 0.595500 0.000000
vt 0.189988 0.616545 0.000000
vt 0.210916 0.706836 0.000000
vt 0.508236 0.968270 0.000000
vt 0.387353 1.191000 0.000000
vt 0.290069 1.191000 0.000000
vt 0.581009 1.191000 0.000000
vt 0.601901 0.997067 0.000000
vt 0.697724 1.013557 0.000000
vt 0.774749 1.191000 0.000000
vt 0.794155 1.018336 0.000000
vt 0.889188 1.011643 0.000000
vt 0.968448 1.191000 0.000000
vt 0.982402 0.993565 0.000000
vt 1.065248 1.191000 0.000000
vt 1.076201 0.962231 0.000000
vt 1.162146 1.191000 0.000000
vt 1.167969 0.915242 0.000000
vt 1.259569 1.191000 0.000000
vt 1.267145 0.893250 0.000000
vt 1.337717 0.893250 0.000000
vt 1.337717 0.818813 0.000000
vt 1.408289 0.818813 0.000000
vt 1.408289 0.744375 0.000000
vt 1.443575 0.744375 0.000000
vt 1.443575 0.595503 0.000000
vt 1.443575 0.446625 0.000000
vt 1.443575 0.409406 0.000000
vt 1.478861 0.409406 0.000000
vt 1.478861 0.372188 0.000000
vt 1.514147 0.372188 0.000000
vt 1.514147 0.297712 0.000000
vt 1.549433 0.000000 0.000000
vt 1.514147 0.223313 0.000000
vt 1.514147 0.148875 0.000000
vt 1.478861 0.223313 0.000000
vt 1.478861 0.148875 0.000000
vt 1.443575 0.223313 0.000000
vt 1.443575 0.148875 0.000000
vt 1.211198 0.885499 0.000000
vt 1.251491 0.851408 0.000000
vt 1.316188 0.774568 0.000000
vt 1.337717 0.744375 0.000000
vt 0.048292 0.000000 0.000000
vt 0.033073 0.037219 0.000000
vt 0.033073 0.074438 0.000000
vt 0.033073 0.111656 0.000000
vt 0.066146 0.074438 0.000000
vt 0.066146 0.111656 0.000000
vt 0.099220 0.074438 0.000000
vt 0.099220 0.111656 0.000000
vt 0.132293 0.074438 0.000000
vt 0.132293 0.111656 0.000000
vt 0.198439 0.074438 0.000000
vt 0.198439 0.111656 0.000000
vt 0.264586 0.074438 0.000000
vt 0.264586 0.111656 0.000000
vt 0.346862 0.074438 0.000000
vt 0.346862 0.111656 0.000000
vt 0.429139 0.074438 0.000000
vt 0.066146 0.037219 0.000000
vt 0.096384 0.000000 0.000000
vt 0.099220 0.037219 0.000000
vt 0.132293 0.037219 0.000000
vt 0.144503 0.000000 0.000000
vt 0.198439 0.037219 0.000000
vt 0.192826 0.000000 0.000000
vt 0.264586 0.037219 0.000000
vt 0.290069 0.000000 0.000000
vt 0.346862 0.037219 0.000000
vt 0.387353 0.000000 0.000000
vt 0.429139 0.037219 0.000000
vt 0.581009 0.000000 0.000000
vt 0.593692 0.037219 0.000000
vt 0.774749 0.000000 0.000000
vt 0.787530 0.037219 0.000000
vt 0.968448 0.000000 0.000000
vt 0.981367 0.037219 0.000000
vt 0.981367 0.074438 0.000000
vt 1.065248 0.000000 0.000000
vt 1.126002 0.037219 0.000000
vt 1.404982 0.000000 0.000000
vt 1.443575 0.037219 0.000000
vt 1.443575 0.074438 0.000000
vt 1.443575 0.111656 0.000000
vt 1.453048 0.000000 0.000000
vt 1.478861 0.037219 0.000000
vt 1.478861 0.074438 0.000000
vt 1.478861 0.111656 0.000000
vt 1.501132 0.000000 0.000000
vt 1.514147 0.037219 0.000000
vt 1.514147 0.074438 0.000000
vt 1.514147 0.111656 0.000000
vt 1.549433 1.191000 0.000000
vt 1.514147 0.595501 0.000000
vt 1.514147 0.446625 0.000000
vt 1.514147 0.409406 0.000000
vt 1.478861 0.446625 0.000000
vt 1.501132 1.191000 0.000000
vt 1.514147 0.893250 0.000000
vt 1.514147 0.818813 0.000000
vt 1.514147 0.744375 0.000000
vt 1.478861 0.818813 0.000000
vt 1.478861 0.744375 0.000000
vt 1.443575 0.818813 0.000000
vt 1.478861 0.893250 0.000000
vt 1.453048 1.191000 0.000000
vt 1.443575 0.893250 0.000000
vt 1.404982 1.191000 0.000000
vt 1.408289 0.893250 0.000000
vt 1.356735 1.191000 0.000000
vt 0.192826 1.191000 0.000000
vt 0.198439 0.893250 0.000000
vt 0.144503 1.191000 0.000000
vt 0.132293 0.893250 0.000000
vt 0.096384 1.191000 0.000000
vt 0.099220 0.893250 0.000000
vt 0.066146 0.893250 0.000000
vt 0.048292 1.191000 0.000000
vt 0.033073 0.893250 0.000000
vt 0.033073 0.409406 0.000000
vt 0.033073 0.372188 0.000000
vt 0.033073 0.297750 0.000000
vt 0.066146 0.297750 0.000000
vt 0.066146 0.223313 0.000000
vt 0.099220 0.223313 0.000000
vt 0.099220 0.151935 0.000000
vt 0.132293 0.152956 0.000000
vt 0.132293 0.148875 0.000000
vt 0.198439 0.148875 0.000000
vt 0.033073 0.148875 0.000000
vt 0.033073 0.149895 0.000000
vt 0.066146 0.148875 0.000000
vt 0.066146 0.150915 0.000000
vt 0.099220 0.148875 0.000000
vt 0.033073 0.223313 0.000000
vt 1.478861 0.595502 0.000000
vt 1.443575 0.372188 0.000000
vt 1.443575 0.297635 0.000000
vt 1.478861 0.297674 0.000000
vt 0.264586 0.148875 0.000000
vt 0.198439 0.154996 0.000000
vt 1.267145 0.111656 0.000000
vt 0.132293 0.223313 0.000000
vt 0.099220 0.297750 0.000000
vt 0.066146 0.372188 0.000000
vt 0.056052 -0.500000 0.000000
vt 0.056052 0.500000 0.000000
vt 0.033943 -0.497510 0.000000
vt 0.033394 0.497510 0.000000
vt 0.013513 -0.490077 0.000000
vt 0.012509 0.490077 0.000000
vt -0.005258 -0.477800 0.000000
vt -0.006625 0.477800 0.000000
vt -0.022401 -0.460840 0.000000
vt -0.024040 0.460840 0.000000
vt -0.039779 0.439403 0.000000
vt -0.051955 -0.413741 0.000000
vt -0.053889 0.413741 0.000000
vt -0.075501 -0.350922 0.000000
vt -0.077428 0.350922 0.000000
vt -0.106023 -0.189062 0.000000
vt -0.107246 0.189062 0.000000
vt -0.116345 0.000000 0.000000
vt 0.000000 0.000000 0.000000
vt 1.000000 0.000000 0.000000
vt 0.000000 0.425000 0.000000
vt 1.000000 0.850000 0.000000
vt 0.000000 0.850000 0.000000
vt 0.000000 1.275000 0.000000
vt 1.000000 1.700000 0.000000
vt 0.000000 1.700000 0.000000
vt 0.000000 2.125000 0.000000
vt 1.000000 2.550000 0.000000
vt 0.000000 2.550000 0.000000
vt 0.000000 2.975000 0.000000
vt 1.000000 3.400000 0.000000
vt 0.000000 3.400000 0.000000
vt 0.000000 4.591000 0.000000
vt 1.000000 4.591000 0.000000
vt 0.048396 0.000000 0.000000
vt 0.033072 0.106261 0.000000
vt 0.000000 0.000000 0.000000
vt 0.033072 0.212523 0.000000
vt 0.033072 0.318784 0.000000
vt 0.066145 0.212523 0.000000
vt 0.066145 0.318784 0.000000
vt 0.099217 0.212523 0.000000
vt 0.099217 0.318784 0.000000
vt 0.132289 0.212523 0.000000
vt 0.132289 0.318784 0.000000
vt 0.198434 0.212523 0.000000
vt 0.198434 0.318784 0.000000
vt 0.264579 0.212523 0.000000
vt 0.264579 0.318784 0.000000
vt 0.379926 0.212523 0.000000
vt 0.379926 0.318784 0.000000
vt 0.495273 0.212523 0.000000
vt 0.495273 0.318784 0.000000
vt 0.692081 0.212523 0.000000
vt 0.692081 0.318784 0.000000
vt 0.836711 0.212523 0.000000
vt 0.836711 0.318784 0.000000
vt 0.981342 0.212523 0.000000
vt 0.981342 0.318784 0.000000
vt 1.125972 0.212523 0.000000
vt 1.125972 0.318784 0.000000
vt 1.267112 0.212523 0.000000
vt 1.267112 0.318784 0.000000
vt 1.337682 0.212523 0.000000
vt 1.337682 0.318784 0.000000
vt 1.408252 0.212523 0.000000
vt 1.408252 0.318784 0.000000
vt 1.443537 0.212523 0.000000
vt 1.443537 0.318784 0.000000
vt 1.478822 0.212523 0.000000
vt 1.478822 0.318784 0.000000
vt 1.514107 0.212523 0.000000
vt 1.514107 0.318784 0.000000
vt 1.549392 0.425046 0.000000
vt 1.514107 0.425046 0.000000
vt 1.514107 0.531307 0.000000
vt 1.478822 0.531307 0.000000
vt 1.478822 0.637569 0.000000
vt 1.443537 0.637569 0.000000
vt 1.443537 0.743830 0.000000
vt 1.408252 0.743830 0.000000
vt 1.408252 0.850092 0.000000
vt 1.337682 0.850092 0.000000
vt 1.337682 1.062615 0.000000
vt 1.267112 1.062615 0.000000
vt 1.267112 1.168876 0.000000
vt 1.125972 1.168876 0.000000
vt 1.125972 1.275138 0.000000
vt 0.981342 1.275138 0.000000
vt 0.981342 1.487661 0.000000
vt 0.836711 1.487661 0.000000
vt 0.836711 1.700184 0.000000
vt 0.692081 1.700184 0.000000
vt 0.692081 2.125230 0.000000
vt 0.495273 2.125230 0.000000
vt 0.495273 2.337753 0.000000
vt 0.379926 2.337753 0.000000
vt 0.379926 2.550276 0.000000
vt 0.264579 2.550276 0.000000
vt 0.264579 2.975322 0.000000
vt 0.198434 2.975322 0.000000
vt 0.192821 3.400368 0.000000
vt 0.144499 3.400368 0.000000
vt 0.066145 0.106261 0.000000
vt 0.096621 0.000000 0.000000
vt 0.099217 0.106261 0.000000
vt 0.132289 0.106261 0.000000
vt 0.144756 0.000000 0.000000
vt 0.198434 0.106261 0.000000
vt 0.193015 0.000001 0.000000
vt 0.264579 0.106261 0.000000
vt 0.290115 0.000001 0.000000
vt 0.379926 0.106261 0.000000
vt 0.387343 0.000000 0.000000
vt 0.495273 0.106261 0.000000
vt 0.580984 0.000000 0.000000
vt 0.774727 0.000000 0.000000
vt 0.692081 0.106261 0.000000
vt 0.968486 0.000000 0.000000
vt 0.836711 0.106261 0.000000
vt 1.162112 0.000000 0.000000
vt 1.125972 0.106261 0.000000
vt 0.981342 0.106261 0.000000
vt 1.267112 0.106261 0.000000
vt 1.259476 0.000001 0.000000
vt 1.308095 0.000001 0.000000
vt 1.337682 0.106261 0.000000
vt 1.356515 0.000001 0.000000
vt 1.408252 0.106261 0.000000
vt 1.404705 0.000001 0.000000
vt 1.443537 0.106261 0.000000
vt 1.452787 0.000000 0.000000
vt 1.478822 0.106261 0.000000
vt 1.500994 0.000000 0.000000
vt 1.514107 0.106261 0.000000
vt 1.549392 0.000000 0.000000
vt 1.514107 0.637569 0.000000
vt 1.549392 0.850092 0.000000
vt 1.514107 0.743830 0.000000
vt 1.514107 0.850092 0.000000
vt 1.478822 0.850092 0.000000
vt 1.478822 1.062615 0.000000
vt 1.443537 1.062615 0.000000
vt 1.443537 1.168876 0.000000
vt 1.408252 1.168876 0.000000
vt 1.408252 1.275138 0.000000
vt 1.337682 1.275138 0.000000
vt 1.337682 1.487661 0.000000
vt 1.267112 1.487661 0.000000
vt 1.267112 1.700184 0.000000
vt 1.125972 1.700184 0.000000
vt 1.125972 2.125230 0.000000
vt 0.981342 2.125230 0.000000
vt 0.981342 2.337753 0.000000
vt 0.836711 2.337753 0.000000
vt 0.836711 2.550276 0.000000
vt 0.692081 2.550276 0.000000
vt 0.692081 2.975322 0.000000
vt 0.495273 2.975322 0.000000
vt 0.580994 3.400368 0.000000
vt 0.387343 3.400368 0.000000
vt 1.514107 1.062615 0.000000
vt 1.549392 1.275138 0.000000
vt 1.514107 1.168876 0.000000
vt 1.514107 1.275138 0.000000
vt 1.478822 1.275138 0.000000
vt 1.478822 1.487661 0.000000
vt 1.443537 1.487661 0.000000
vt 1.443537 1.700184 0.000000
vt 1.408252 1.700184 0.000000
vt 1.408252 2.125230 0.000000
vt 1.337682 2.125230 0.000000
vt 1.337682 2.337753 0.000000
vt 1.267112 2.337753 0.000000
vt 1.267112 2.550276 0.000000
vt 1.125972 2.550276 0.000000
vt 1.125972 2.975322 0.000000
vt 0.981342 2.975322 0.000000
vt 1.065220 3.400368 0.000000
vt 0.968423 3.400368 0.000000
vt 1.514107 1.487661 0.000000
vt 1.549392 1.700184 0.000000
vt 1.514107 1.700184 0.000000
vt 1.514107 2.125230 0.000000
vt 1.478822 2.125230 0.000000
vt 1.478822 2.337753 0.000000
vt 1.443537 2.337753 0.000000
vt 1.443537 2.550276 0.000000
vt 1.408252 2.550276 0.000000
vt 1.408252 2.975322 0.000000
vt 1.337682 2.975322 0.000000
vt 1.356700 3.400368 0.000000
vt 1.259536 3.400368 0.000000
vt 1.549392 2.125230 0.000000
vt 1.514107 2.337753 0.000000
vt 1.478822 2.550276 0.000000
vt 1.443537 2.975322 0.000000
vt 1.404945 3.400368 0.000000
vt 1.549392 2.550276 0.000000
vt 1.514107 2.550276 0.000000
vt 1.478822 2.975322 0.000000
vt 1.453010 3.400368 0.000000
vt 1.514107 2.975322 0.000000
vt 1.549392 2.975322 0.000000
vt 1.549392 3.400368 0.000000
vt 1.501093 3.400368 0.000000
vt 1.267112 2.975322 0.000000
vt 1.162116 3.400368 0.000000
vt 0.836711 2.975322 0.000000
vt 0.774729 3.400368 0.000000
vt 0.379926 2.975322 0.000000
vt 0.290061 3.400368 0.000000
vt 0.132289 2.975322 0.000000
vt 0.096382 3.400368 0.000000
vt 0.099217 2.975322 0.000000
vt 0.066145 2.975322 0.000000
vt 0.099217 2.550276 0.000000
vt 0.066145 2.550276 0.000000
vt 0.099217 2.337753 0.000000
vt 0.066145 2.337753 0.000000
vt 0.099217 2.125230 0.000000
vt 0.066145 2.125230 0.000000
vt 0.099217 1.700184 0.000000
vt 0.066145 1.700184 0.000000
vt 0.099217 1.487661 0.000000
vt 0.066145 1.487661 0.000000
vt 0.099217 1.275138 0.000000
vt 0.066145 1.275138 0.000000
vt 0.099217 1.168876 0.000000
vt 0.066145 1.168876 0.000000
vt 0.099217 1.062615 0.000000
vt 0.066145 1.062615 0.000000
vt 0.099217 0.850092 0.000000
vt 0.066145 0.850092 0.000000
vt 0.099217 0.743830 0.000000
vt 0.066145 0.743830 0.000000
vt 0.099217 0.637569 0.000000
vt 0.066145 0.637569 0.000000
vt 0.099217 0.531307 0.000000
vt 0.066145 0.531307 0.000000
vt 0.099217 0.425046 0.000000
vt 0.066145 0.425046 0.000000
vt 0.048291 3.400368 0.000000
vt 0.033072 2.975322 0.000000
vt 0.033072 2.550276 0.000000
vt 0.033072 2.337753 0.000000
vt 0.033072 2.125230 0.000000
vt 0.033072 1.700184 0.000000
vt 0.033072 1.487661 0.000000
vt 0.033072 1.275138 0.000000
vt 0.033072 1.168876 0.000000
vt 0.033072 1.062615 0.000000
vt 0.033072 0.850092 0.000000
vt 0.033072 0.743830 0.000000
vt 0.033072 0.637569 0.000000
vt 0.033072 0.531307 0.000000
vt 0.033072 0.425046 0.000000
vt 0.000000 3.400368 0.000000
vt 0.000000 2.550276 0.000000
vt 0.000000 1.700184 0.000000
vt 0.000000 0.850092 0.000000
vt 1.443537 0.531307 0.000000
vt 1.478822 0.425046 0.000000
vt 1.443537 0.425046 0.000000
vt 1.408252 0.531307 0.000000
vt 1.408252 0.425046 0.000000
vt 1.408252 0.637569 0.000000
vt 1.337682 0.637569 0.000000
vt 1.337682 0.531307 0.000000
vt 1.267112 0.637569 0.000000
vt 1.267112 0.531307 0.000000
vt 1.125972 0.637569 0.000000
vt 1.125972 0.531307 0.000000
vt 0.981342 0.637569 0.000000
vt 0.981342 0.531307 0.000000
vt 0.836711 0.637569 0.000000
vt 0.836711 0.531307 0.000000
vt 0.692081 0.637569 0.000000
vt 0.692081 0.531307 0.000000
vt 0.495273 0.637569 0.000000
vt 0.495273 0.531307 0.000000
vt 0.379926 0.637569 0.000000
vt 0.379926 0.531307 0.000000
vt 0.264579 0.637569 0.000000
vt 0.264579 0.531307 0.000000
vt 0.198434 0.637569 0.000000
vt 0.198434 0.531307 0.000000
vt 0.132289 0.637569 0.000000
vt 0.132289 0.531307 0.000000
vt 1.337682 0.425046 0.000000
vt 1.267112 0.425046 0.000000
vt 1.125972 0.425046 0.000000
vt 0.981342 0.425046 0.000000
vt 0.836711 0.425046 0.000000
vt 0.692081 0.425046 0.000000
vt 0.495273 0.425046 0.000000
vt 0.379926 0.425046 0.000000
vt 0.264579 0.425046 0.000000
vt 0.198434 0.425046 0.000000
vt 0.132289 0.425046 0.000000
vt 1.478822 1.168876 0.000000
vt 1.443537 1.275138 0.000000
vt 1.408252 1.487661 0.000000
vt 1.337682 1.700184 0.000000
vt 1.267112 2.125230 0.000000
vt 1.125972 2.337753 0.000000
vt 0.981342 2.550276 0.000000
vt 1.408252 1.062615 0.000000
vt 1.443537 0.850092 0.000000
vt 1.337682 1.168876 0.000000
vt 1.267112 1.275138 0.000000
vt 1.125972 1.487661 0.000000
vt 0.981342 1.700184 0.000000
vt 0.836711 2.125230 0.000000
vt 0.692081 2.337753 0.000000
vt 0.495273 2.550276 0.000000
vt 1.125972 1.062615 0.000000
vt 1.267112 0.850092 0.000000
vt 1.125972 0.850092 0.000000
vt 1.267112 0.743830 0.000000
vt 1.125972 0.743830 0.000000
vt 0.981342 1.062615 0.000000
vt 0.981342 0.850092 0.000000
vt 0.981342 0.743830 0.000000
vt 0.981342 1.168876 0.000000
vt 0.836711 1.168876 0.000000
vt 0.836711 1.062615 0.000000
vt 0.692081 1.168876 0.000000
vt 0.692081 1.062615 0.000000
vt 0.495273 1.168876 0.000000
vt 0.495273 1.062615 0.000000
vt 0.379926 1.168876 0.000000
vt 0.379926 1.062615 0.000000
vt 0.264579 1.168876 0.000000
vt 0.264579 1.062615 0.000000
vt 0.198434 1.168876 0.000000
vt 0.198434 1.062615 0.000000
vt 0.132289 1.168876 0.000000
vt 0.132289 1.062615 0.000000
vt 0.836711 0.850092 0.000000
vt 0.836711 0.743830 0.000000
vt 0.692081 0.850092 0.000000
vt 0.692081 0.743830 0.000000
vt 0.495273 0.850092 0.000000
vt 0.495273 0.743830 0.000000
vt 0.379926 0.850092 0.000000
vt 0.379926 0.743830 0.000000
vt 0.264579 0.850092 0.000000
vt 0.264579 0.743830 0.000000
vt 0.198434 0.850092 0.000000
vt 0.198434 0.743830 0.000000
vt 0.132289 0.850092 0.000000
vt 0.132289 0.743830 0.000000
vt 1.337682 0.743830 0.000000
vt 1.478822 0.743830 0.000000
vt 1.478822 1.700184 0.000000
vt 1.443537 2.125230 0.000000
vt 1.408252 2.337753 0.000000
vt 1.337682 2.550276 0.000000
vt 0.692081 1.487661 0.000000
vt 0.836711 1.275138 0.000000
vt 0.692081 1.275138 0.000000
vt 0.495273 1.487661 0.000000
vt 0.495273 1.275138 0.000000
vt 0.495273 1.700184 0.000000
vt 0.379926 1.700184 0.000000
vt 0.379926 1.487661 0.000000
vt 0.264579 1.700184 0.000000
vt 0.264579 1.487661 0.000000
vt 0.198434 1.700184 0.000000
vt 0.198434 1.487661 0.000000
vt 0.132289 1.700184 0.000000
vt 0.132289 1.487661 0.000000
vt 0.379926 1.275138 0.000000
vt 0.264579 1.275138 0.000000
vt 0.198434 1.275138 0.000000
vt 0.132289 1.275138 0.000000
vt 0.379926 2.125230 0.000000
vt 0.264579 2.125230 0.000000
vt 0.264579 2.337753 0.000000
vt 0.198434 2.125230 0.000000
vt 0.198434 2.337753 0.000000
vt 0.198434 2.550276 0.000000
vt 0.132289 2.125230 0.000000
vt 0.132289 2.337753 0.000000
vt 0.132289 2.550276 0.000000
vn 0.000000 -0.129979 0.991517
vn 0.000000 -0.029755 0.999557
vn 0.000000 -0.000347 1.000000
vn -0.000000 0.098961 0.995091
vn -0.000000 0.131020 0.991380
vn -0.000000 0.222703 0.974886
vn -0.000000 0.256529 0.966536
vn -0.000000 0.336145 0.941810
vn -0.000000 0.315049 0.949075
vn -0.000000 0.368678 0.929557
vn -0.000000 0.386148 0.922437
vn -0.000000 0.416345 0.909207
vn -0.000000 0.430195 0.902736
vn -0.000000 0.458219 0.888839
vn -0.000000 0.501163 0.865353
vn -0.000000 0.522162 0.852846
vn -0.000000 0.549332 0.835604
vn -0.000000 0.563308 0.826247
vn -0.000000 0.578643 0.815581
vn -0.000000 0.585936 0.810357
vn -0.000000 0.590952 0.806706
vn 0.000000 -0.155958 0.987764
vn 0.000000 -0.250621 0.968085
vn 0.000000 -0.275326 0.961351
vn 0.000000 -0.329518 0.944149
vn 0.000000 -0.358019 0.933714
vn 0.000000 -0.378928 0.925426
vn 0.000000 -0.405661 0.914024
vn 0.000000 -0.423449 0.905920
vn 0.000000 -0.447226 0.894421
vn 0.000000 -0.461833 0.886967
vn 0.000000 -0.512903 0.858447
vn 0.000000 -0.521351 0.853342
vn 0.000000 -0.556695 0.830717
vn 0.000000 -0.561555 0.827440
vn 0.000000 -0.581944 0.813229
vn 0.000000 -0.584642 0.811291
vn 0.000000 -0.591287 0.806461
vn 0.000000 1.000000 0.000000
vn 0.000000 1.000000 0.000000
vn 0.000000 1.000000 0.000000
vn 0.000000 1.000000 0.000000
vn 0.000000 1.000000 0.000000
vn 0.000000 1.000000 0.000000
vn 0.000000 1.000000 0.000000
vn 0.000000 1.000000 0.000000
vn 0.000000 1.000000 0.000000
vn 0.000000 1.000000 0.000000
vn 0.000000 1.000000 0.000000
vn 0.000000 1.000000 0.000000
vn 0.000000 1.000000 0.000000
vn 0.000000 1.000000 0.000000
vn 0.000000 1.000000 0.000000
vn 0.000000 1.000000 0.000000
vn 0.000000 1.000000 0.000000
vn 0.000000 1.000000 0.000000
vn 0.000000 1.000000 0.000000
vn 0.000000 1.000000 0.000000
vn 0.000000 1.000000 0.000000
vn 0.000000 1.000000 0.000000
vn 0.000000 1.000000 0.000000
vn 0.000000 1.000000 0.000000
vn 0.000000 1.000000 0.000000
vn 0.000000 1.000000 0.000000
vn 0.000000 1.000000 0.000000
vn -0.000000 0.000250 -1.000000
vn -0.000000 0.000250 -1.000000
vn -0.000000 0.000250 -1.000000
vn -0.000000 0.000250 -1.000000
vn -0.000000 0.000250 -1.000000
vn -0.000000 0.000250 -1.000000
vn -0.000000 0.000250 -1.000000
vn -0.000000 0.000250 -1.000000
vn -0.000000 0.000250 -1.000000
vn -0.000000 0.000250 -1.000000
vn -0.000000 0.000250 -1.000000
vn -0.000000 0.000250 -1.000000
vn -0.000000 0.000250 -1.000000
vn -0.000000 0.000250 -1.000000
vn -0.000000 0.000250 -1.000000
vn -0.000000 0.000250 -1.000000
vn -0.000000 0.000250 -1.000000
vn -0.000000 0.000250 -1.000000
vn -0.000000 0.000250 -1.000000
vn -0.000000 0.000250 -1.000000
vn -0.000000 0.000250 -1.000000
vn -0.000000 0.000250 -1.000000
vn -0.000000 0.000250 -1.000000
vn -0.000000 0.000250 -1.000000
vn -0.000000 0.000250 -1.000000
vn -0.000000 0.000250 -1.000000
vn -0.000000 0.000250 -1.000000
vn -0.000000 0.000250 -1.000000
vn -0.000000 0.000250 -1.000000
vn -0.000000 0.000250 -1.000000
vn -0.000000 0.000250 -1.000000
vn -0.000000 0.000250 -1.000000
vn -0.000000 0.000250 -1.000000
vn -0.000000 0.000250 -1.000000
vn -0.000000 0.000250 -1.000000
vn -0.000000 0.000250 -1.000000
vn -0.000000 0.000250 -1.000000
vn -0.000000 0.000250 -1.000000
vn -0.000000 0.000250 -1.000000
vn -0.000000 0.000250 -1.000000
vn -0.000000 0.000250 -1.000000
vn -0.000000 0.000250 -1.000000
vn -0.000000 0.000250 -1.000000
vn -0.000000 0.000250 -1.000000
vn -0.000000 0.000250 -1.000000
vn -0.000000 0.000250 -1.000000
vn -0.000000 0.000250 -1.000000
vn -0.000000 0.000250 -1.000000
vn -0.000000 0.000250 -1.000000
vn -0.000000 0.000250 -1.000000
vn -0.000000 0.000250 -1.000000
vn -0.000000 0.000250 -1.000000
vn -0.000000 0.000250 -1.000000
vn -0.000000 0.000250 -1.000000
vn -0.000000 0.000250 -1.000000
vn -0.000000 0.000250 -1.000000
vn -0.000000 0.000250 -1.000000
vn -0.000000 0.000250 -1.000000
vn -0.000000 0.000250 -1.000000
vn -0.000000 0.000250 -1.000000
vn -0.000000 0.000250 -1.000000
vn -0.000000 0.000250 -1.000000
vn -0.000000 0.000250 -1.000000
vn -0.000000 0.000250 -1.000000
vn -0.000000 0.000250 -1.000000
vn -0.000000 0.000250 -1.000000
vn -0.000000 0.000250 -1.000000
vn -0.000000 0.000250 -1.000000
vn -0.000000 0.000250 -1.000000
vn -0.994999 0.099889 0.000000
vn -0.994999 0.099889 0.000000
vn -0.991799 0.099914 0.079697
vn -0.969428 0.100237 0.223967
vn -0.982310 0.100024 0.158311
vn -0.966931 0.100219 0.234521
vn -0.981748 0.100003 0.161774
vn -0.965714 0.100175 0.239502
vn -0.981136 0.099980 0.165455
vn -0.964393 0.100126 0.244786
vn -0.980470 0.099954 0.169375
vn -0.962957 0.100071 0.250400
vn -0.979741 0.099925 0.173557
vn -0.961389 0.100008 0.256377
vn -0.978942 0.099891 0.178030
vn -0.959674 0.099937 0.262751
vn -0.978062 0.099853 0.182823
vn -0.957792 0.099855 0.269562
vn -0.977090 0.099809 0.187972
vn -0.955719 0.099763 0.276856
vn -0.974811 0.099701 0.199509
vn -0.950884 0.099535 0.293109
vn -0.973467 0.099634 0.205997
vn -0.948050 0.099394 0.302194
vn -0.971956 0.099556 0.213049
vn -0.944879 0.099231 0.312020
vn -0.968306 0.099358 0.229155
vn -0.937282 0.098821 0.334270
vn -0.963521 0.099082 0.248615
vn -0.927463 0.098256 0.360775
vn -0.948029 0.098093 0.302686
vn -0.896683 0.096300 0.432073
vn -0.934814 0.097174 0.341584
vn -0.871581 0.094561 0.481045
vn -0.914373 0.095666 0.393408
vn -0.834664 0.091847 0.543047
vn -0.818813 0.087905 0.567291
vn -0.686561 0.079873 0.722672
vn -0.695065 0.077047 0.714806
vn -0.535574 0.066665 0.841853
vn -0.587552 0.067233 0.806389
vn -0.427446 0.056815 0.902254
vn -0.403304 0.050643 0.913664
vn -0.306388 0.044887 0.950848
vn -0.326823 0.052202 0.943643
vn -0.141385 0.043590 0.988995
vn -0.213625 0.051388 0.975563
vn -0.153263 0.055475 0.986627
vn -0.210335 0.060541 0.975753
vn -0.129666 0.071845 0.988952
vn -0.202153 0.077749 0.976263
vn -0.141692 0.089830 0.985826
vn -0.238444 0.096605 0.966340
vn -0.146781 0.115830 0.982364
vn -0.175834 0.117377 0.977397
vn -0.110894 0.134374 0.984706
vn -0.129094 0.135046 0.982394
vn -0.038462 0.152829 0.987504
vn -0.049029 0.152933 0.987020
vn 0.027951 0.154279 0.987632
vn 0.030815 0.154299 0.987544
vn 0.117737 0.146392 0.982195
vn 0.127900 0.146606 0.980892
vn 0.249046 0.131622 0.959506
vn 0.258039 0.131905 0.957088
vn 0.439692 0.114234 0.890855
vn 0.452200 0.114711 0.884509
vn 0.585240 0.106960 0.803775
vn 0.609770 0.107891 0.785200
vn 0.770511 0.102212 0.629178
vn 0.779498 0.102538 0.617956
vn 0.859631 0.100603 0.500913
vn 0.865627 0.100809 0.490437
vn 0.932839 0.099405 0.346310
vn 0.935781 0.099500 0.338251
vn 0.960920 0.098975 0.258527
vn 0.962531 0.099024 0.252444
vn 0.980455 0.098618 0.170242
vn 0.981136 0.098638 0.166261
vn 0.987248 0.098486 0.125068
vn 0.987603 0.098495 0.122227
vn 0.991799 0.098382 0.081581
vn 0.991945 0.098386 0.079786
vn 0.994356 0.098318 0.039875
vn 0.995157 0.098301 0.000000
vn 0.995157 0.098301 -0.000000
vn -0.946323 0.100505 0.307200
vn -0.901461 0.101416 0.420813
vn -0.892845 0.101390 0.438802
vn -0.829084 0.102752 0.549602
vn -0.888894 0.101250 0.446784
vn -0.823315 0.102551 0.558244
vn -0.884646 0.101095 0.455172
vn -0.817160 0.102328 0.567255
vn -0.880071 0.100920 0.463994
vn -0.810585 0.102080 0.576656
vn -0.875134 0.100724 0.473281
vn -0.803549 0.101805 0.586468
vn -0.869795 0.100505 0.483068
vn -0.796010 0.101499 0.596712
vn -0.864010 0.100258 0.493391
vn -0.787920 0.101158 0.607411
vn -0.857726 0.099981 0.504291
vn -0.779225 0.100779 0.618589
vn -0.843420 0.099314 0.527995
vn -0.759773 0.099884 0.642470
vn -0.835253 0.098913 0.540896
vn -0.748875 0.099357 0.655221
vn -0.826295 0.098459 0.554565
vn -0.737087 0.098767 0.668542
vn -0.805578 0.097355 0.584437
vn -0.710460 0.097367 0.696970
vn -0.780236 0.095914 0.618088
vn -0.679014 0.095602 0.727874
vn -0.709645 0.091488 0.698595
vn -0.597105 0.090540 0.797037
vn -0.660047 0.088093 0.746041
vn -0.543786 0.086942 0.834709
vn -0.596873 0.083506 0.797979
vn -0.479984 0.082373 0.873402
vn -0.413865 0.068946 0.907724
vn -0.314264 0.069388 0.946797
vn -0.286680 0.057964 0.956271
vn -0.810240 0.103585 0.576872
vn -0.713010 0.106829 0.692968
vn -0.694156 0.107023 0.711824
vn -0.570223 0.113074 0.813671
vn -0.686018 0.106752 0.719711
vn -0.561437 0.112802 0.819796
vn -0.677457 0.106455 0.727819
vn -0.552293 0.112507 0.826024
vn -0.668444 0.106130 0.736151
vn -0.542773 0.112188 0.832353
vn -0.658950 0.105774 0.744712
vn -0.532858 0.111843 0.838781
vn -0.648942 0.105386 0.753504
vn -0.522528 0.111469 0.845304
vn -0.638385 0.104960 0.762527
vn -0.511764 0.111066 0.851917
vn -0.627241 0.104495 0.771783
vn -0.500542 0.110630 0.858614
vn -0.603031 0.103430 0.790984
vn -0.476637 0.109649 0.872235
vn -0.589876 0.102821 0.800921
vn -0.463907 0.109100 0.879140
vn -0.575957 0.102154 0.811072
vn -0.450624 0.108507 0.886095
vn -0.545620 0.100627 0.831969
vn -0.422298 0.107177 0.900099
vn -0.511576 0.098800 0.853539
vn -0.391444 0.105632 0.914119
vn -0.430396 0.094004 0.897732
vn -0.321278 0.101763 0.941501
vn -0.382231 0.090893 0.919586
vn -0.281539 0.099365 0.954391
vn -0.328363 0.087202 0.940518
vn -0.535729 0.115983 0.836387
vn -0.396769 0.125889 0.909245
vn -0.389034 0.125696 0.912608
vn -0.381076 0.125488 0.915988
vn -0.372887 0.125266 0.919382
vn -0.364458 0.125028 0.922788
vn -0.355783 0.124773 0.926202
vn -0.346852 0.124500 0.929620
vn -0.337656 0.124208 0.933038
vn -0.318436 0.123563 0.939857
vn -0.308393 0.123207 0.943246
vn -0.298048 0.122827 0.946615
vn -0.276416 0.121991 0.953264
vn -0.253458 0.121042 0.959744
vn -0.203247 0.118751 0.971900
vn -0.394686 0.126920 0.910008
vn -0.264877 0.138638 0.954264
vn -0.259118 0.138538 0.955858
vn -0.253229 0.138430 0.957451
vn -0.247207 0.138316 0.959040
vn -0.241046 0.138193 0.960625
vn -0.234743 0.138062 0.962203
vn -0.228295 0.137922 0.963773
vn -0.221696 0.137772 0.965334
vn -0.208030 0.137444 0.968418
vn -0.200954 0.137264 0.969936
vn -0.193710 0.137072 0.971436
vn -0.178697 0.136652 0.974368
vn -0.162952 0.136178 0.977191
vn -0.186319 0.146500 0.971505
vn -0.007133 0.154925 0.987901
vn -0.082045 0.153147 0.984792
vn -0.080118 0.153139 0.984952
vn 0.168308 0.148385 0.974502
vn 0.047016 0.154388 0.986891
vn 0.045901 0.154384 0.986944
vn -0.078156 0.153130 0.985111
vn 0.176919 0.147420 0.973122
vn 0.268981 0.140317 0.952870
vn 0.172894 0.147367 0.973854
vn 0.329265 0.133760 0.934715
vn 0.168789 0.147310 0.974582
vn 0.322139 0.133606 0.937217
vn 0.164604 0.147249 0.975307
vn 0.314830 0.133441 0.939721
vn 0.160334 0.147184 0.976028
vn 0.307332 0.133264 0.942225
vn 0.155978 0.147116 0.976743
vn 0.299640 0.133074 0.944726
vn 0.151534 0.147043 0.977454
vn 0.291746 0.132870 0.947222
vn 0.147000 0.146965 0.978158
vn 0.283646 0.132652 0.949710
vn 0.137647 0.146796 0.979543
vn 0.266799 0.132171 0.954646
vn 0.132825 0.146703 0.980222
vn 0.336213 0.133903 0.932218
vn 0.390516 0.129970 0.911376
vn 0.545152 0.117617 0.830046
vn 0.540481 0.118685 0.832943
vn 0.678106 0.110025 0.726682
vn 0.724154 0.108378 0.681069
vn 0.822158 0.103850 0.559706
vn 0.821287 0.104242 0.560912
vn 0.889529 0.101517 0.445457
vn 0.909269 0.101069 0.403750
vn 0.945356 0.099770 0.310401
vn 0.972271 0.099018 0.211858
vn 0.966613 0.099134 0.236289
vn 0.982334 0.098669 0.159008
vn 0.965363 0.099103 0.241356
vn 0.981760 0.098654 0.162524
vn 0.964007 0.099066 0.246731
vn 0.987929 0.098504 0.119556
vn 0.995157 0.098301 0.000000
vn 0.994280 0.098316 0.041734
vn 0.994319 0.098317 0.040775
vn 0.995157 0.098301 0.000000
vn 0.994189 0.098313 0.043850
vn 0.994236 0.098314 0.042756
vn 0.991467 0.098373 0.085530
vn 0.991641 0.098378 0.083492
vn 0.986861 0.098475 0.128098
vn 0.995157 0.098301 0.000000
vn 0.994079 0.098309 0.046281
vn 0.994137 0.098311 0.045022
vn 0.991069 0.098360 0.090042
vn 0.991278 0.098367 0.087708
vn 0.985970 0.098447 0.134798
vn 0.986436 0.098462 0.131333
vn 0.978892 0.098570 0.179036
vn 0.979710 0.098596 0.174491
vn 0.959157 0.098919 0.265014
vn 0.995157 0.098301 -0.000000
vn 0.993865 0.098300 0.050692
vn 0.994015 0.098306 0.047638
vn 0.990584 0.098343 0.095246
vn 0.990839 0.098352 0.092548
vn 0.984888 0.098409 0.142515
vn 0.985457 0.098430 0.138515
vn 0.976996 0.098504 0.189143
vn 0.977992 0.098539 0.183908
vn 0.955088 0.098777 0.279376
vn 0.957221 0.098853 0.271949
vn 0.926089 0.099169 0.364040
vn 0.929620 0.099295 0.354890
vn 0.853121 0.100367 0.511967
vn 0.993776 0.098296 0.052419
vn 0.995157 0.098301 0.000000
vn 0.993675 0.098291 0.054304
vn 0.993430 0.098280 0.058642
vn 0.988251 0.098242 0.117082
vn 0.986958 0.098176 0.127575
vn 0.976852 0.098043 0.190128
vn 0.967452 0.097504 0.233517
vn 0.947035 0.096954 0.306146
vn 0.933317 0.096079 0.345960
vn 0.868034 0.093973 0.487530
vn 0.829696 0.091344 0.550691
vn 0.742090 0.088370 0.664449
vn 0.561230 0.074520 0.824298
vn 0.400797 0.071020 0.913410
vn 0.273905 0.060440 0.959856
vn 0.199396 0.064504 0.977794
vn 0.143500 0.059689 0.987849
vn 0.084104 0.075048 0.993627
vn 0.053870 0.066890 0.996305
vn 0.054146 0.091470 0.994335
vn 0.012365 0.113058 0.993512
vn 0.024362 0.121219 0.992327
vn 0.002665 0.144421 0.989513
vn 0.010704 0.143239 0.989630
vn 0.002218 0.154041 0.988062
vn 0.018209 0.143514 0.989481
vn 0.004209 0.154063 0.988052
vn 0.032706 0.144022 0.989034
vn 0.008058 0.154104 0.988022
vn 0.059772 0.144889 0.987641
vn 0.015259 0.154174 0.987926
vn 0.072410 0.145258 0.986740
vn 0.018633 0.154205 0.987863
vn 0.084497 0.145590 0.985730
vn 0.021867 0.154232 0.987793
vn 0.107132 0.146154 0.983444
vn 0.995157 0.098301 0.000000
vn 0.993104 0.098262 0.063948
vn 0.982661 0.097928 0.157442
vn 0.959251 0.096980 0.265392
vn 0.912021 0.094617 0.399081
vn 0.675910 0.079519 0.732682
vn 0.408076 0.061626 0.910866
vn 0.201468 0.054104 0.978000
vn 0.140903 0.045316 0.988986
vn 0.995157 0.098301 0.000000
vn 0.995157 0.098301 0.000000
vn 0.995157 0.098301 -0.000000
vn 0.992015 0.098198 0.079138
vn 0.995157 0.098301 0.000000
vn 0.995157 0.098301 0.000000
vn 0.991045 0.098134 0.090551
vn 0.995157 0.098301 0.000000
vn 0.995157 0.098301 0.000000
vn 0.989464 0.098024 0.106551
vn 0.995157 0.098301 -0.000000
vn 0.995157 0.098301 -0.000000
vn 0.995157 0.098301 0.000000
vn 0.995157 0.098301 0.000000
vn 0.995157 0.098301 0.000000
vn 0.995157 0.098301 0.000000
vn 0.980529 0.097323 0.170562
vn 0.939484 0.094679 0.329249
vn 0.882369 0.089824 0.461906
vn 0.780727 0.082540 0.619396
vn 0.681424 0.073720 0.728167
vn 0.568078 0.065782 0.820341
vn 0.401857 0.050631 0.914302
vn 0.305271 0.045336 0.951186
vn 0.995157 0.098301 -0.000000
vn 0.995157 0.098301 0.000000
vn 0.995157 0.098301 0.000000
vn 0.995157 0.098301 0.000000
vn 0.963577 0.095872 0.249656
vn 0.815195 0.083849 0.573085
vn 0.558480 0.061738 0.827218
vn 0.995157 0.098301 0.000000
vn 0.995157 0.098301 0.000000
vn 0.995157 0.098301 0.000000
vn 0.995157 0.098301 -0.000000
vn 0.940594 0.093820 0.326313
vn 0.805888 0.081890 0.586377
vn 0.670969 0.070653 0.738111
vn 0.995157 0.098301 -0.000000
vn 0.995157 0.098301 -0.000000
vn 0.995157 0.098301 -0.000000
vn 0.995157 0.098301 0.000000
vn 0.875097 0.087809 0.475915
vn 0.995157 0.098301 0.000000
vn 0.979580 0.096903 0.176164
vn 0.936422 0.093122 0.338294
vn 0.310858 0.053039 0.948975
vn 0.409099 0.056527 0.910737
vn 0.681210 0.075822 0.728151
vn 0.880049 0.090964 0.466089
vn 0.972728 0.097261 0.210574
vn -0.000412 0.154925 0.987926
vn -0.002435 0.142110 0.989848
vn -0.004270 0.152377 0.988313
vn -0.007738 0.152431 0.988284
vn -0.012270 0.109086 0.993957
vn -0.017072 0.130222 0.991338
vn -0.028537 0.130791 0.990999
vn -0.014440 0.152530 0.988193
vn -0.050653 0.131840 0.989976
vn -0.026973 0.152697 0.987905
vn -0.091785 0.133622 0.986773
vn -0.032840 0.152767 0.987716
vn -0.031319 0.108765 0.993574
vn -0.053993 0.063652 0.996511
vn -0.059831 0.083499 0.994710
vn -0.091207 0.068578 0.993468
vn -0.087981 0.085737 0.992426
vn -0.560304 0.062332 0.825938
vn -0.827833 0.085883 0.554361
vn -0.888946 0.091476 0.448784
vn -0.941769 0.096131 0.322228
vn -0.973188 0.098699 0.207759
vn -0.979075 0.099137 0.177721
vn -0.982744 0.099394 0.155999
vn -0.986916 0.099664 0.126747
vn -0.988177 0.099738 0.116443
vn -0.989131 0.099790 0.107990
vn -0.989524 0.099811 0.104310
vn -0.989872 0.099829 0.100933
vn -0.990461 0.099857 0.094952
vn -0.990711 0.099869 0.092292
vn -0.990937 0.099879 0.089820
vn -0.991142 0.099888 0.087518
vn -0.991329 0.099896 0.085368
vn -0.991499 0.099902 0.083357
vn -0.991656 0.099908 0.081470
vn -0.672853 0.071586 0.736305
vn -0.807439 0.083159 0.584061
vn -0.994999 0.099889 0.000000
vn -0.994999 0.099889 0.000000
vn -0.876229 0.089217 0.473564
vn -0.936997 0.094633 0.336276
vn -0.979637 0.098473 0.174970
vn -0.994999 0.099889 0.000000
vn -0.994999 0.099889 0.000000
vn -0.994999 0.099889 0.000000
vn -0.994999 0.099889 0.000000
vn -0.994999 0.099889 0.000000
vn -0.994999 0.099889 0.000000
vn -0.994999 0.099889 0.000000
vn -0.994999 0.099889 0.000000
vn -0.994999 0.099889 0.000000
vn -0.994999 0.099889 0.000000
vn -0.994999 0.099889 0.000000
vn -0.994999 0.099889 0.000000
vn -0.994999 0.099889 0.000000
vn -0.994999 0.099889 0.000000
vn -0.994999 0.099889 0.000000
vn -0.994999 0.099889 0.000000
vn -0.994999 0.099889 0.000000
vn -0.994999 0.099889 0.000000
vn -0.994999 0.099889 0.000000
vn -0.994999 0.099889 0.000000
vn -0.994999 0.099889 0.000000
vn -0.994999 0.099889 0.000000
vn -0.994999 0.099889 0.000000
vn -0.994999 0.099889 0.000000
vn -0.994999 0.099889 0.000000
vn -0.994999 0.099889 0.000000
vn -0.994999 0.099889 0.000000
vn -0.994999 0.099889 0.000000
vn -0.994999 0.099889 0.000000
vn -0.994999 0.099889 0.000000
vn -0.994999 0.099889 0.000000
vn 0.943244 0.099716 0.316777
vn 0.940958 0.099654 0.323522
vn 0.938479 0.099582 0.330668
vn 0.885430 0.101409 0.453575
vn 0.881024 0.101287 0.462102
vn 0.876279 0.101148 0.471066
vn 0.871161 0.100990 0.480500
vn 0.816168 0.103692 0.568434
vn 0.809782 0.103513 0.577528
vn 0.802963 0.103311 0.587007
vn 0.795673 0.103083 0.596891
vn 0.787867 0.102827 0.607200
vn 0.669751 0.109804 0.734422
vn 0.660976 0.109559 0.742366
vn 0.651753 0.109288 0.750516
vn 0.642052 0.108989 0.758874
vn 0.631844 0.108658 0.767441
vn 0.621095 0.108294 0.776217
vn 0.536345 0.117393 0.835795
vn 0.527199 0.117149 0.841628
vn 0.517695 0.116882 0.847544
vn 0.507819 0.116591 0.853538
vn 0.497552 0.116275 0.859606
vn 0.486875 0.115931 0.865744
vn 0.475771 0.115557 0.871945
vn -0.944275 0.100433 0.313460
vn -0.942060 0.100351 0.320083
vn -0.939656 0.100258 0.327100
vn -0.937042 0.100154 0.334546
vn -0.934192 0.100036 0.342459
vn -0.931075 0.099902 0.350884
vn -0.927655 0.099749 0.359869
vn -0.919738 0.099377 0.379746
vn -0.915133 0.099150 0.390769
vn -0.910012 0.098888 0.402616
vn -0.897874 0.098235 0.429153
vn -0.882452 0.097351 0.460219
vn -0.835948 0.094406 0.540627
vn -0.799918 0.091918 0.593029
vn -0.749666 0.088235 0.655908
vn -0.573624 0.074070 0.815763
vn -0.423116 0.060948 0.904023
vn 0.044765 0.154378 0.986997
vn -0.076159 0.153121 0.985268
vn 0.043610 0.154373 0.987050
vn 0.042434 0.154367 0.987102
vn 0.041236 0.154361 0.987154
vn 0.040017 0.154355 0.987205
vn 0.038775 0.154348 0.987255
vn 0.036221 0.154333 0.987355
vn 0.034908 0.154325 0.987403
vn 0.033570 0.154317 0.987451
vn -0.074125 0.153111 0.985425
vn -0.072054 0.153100 0.985580
vn -0.069944 0.153088 0.985734
vn -0.067794 0.153075 0.985886
vn -0.063371 0.153046 0.986185
vn -0.061096 0.153030 0.986331
vn -0.058776 0.153013 0.986475
vn -0.053999 0.152976 0.986754
vn 0.989984 0.098320 0.101316
vn 0.989628 0.098305 0.104746
vn 0.989227 0.098287 0.108486
vn 0.983552 0.098358 0.151499
vn 0.982761 0.098325 0.156566
vn 0.981870 0.098287 0.162085
vn 0.979707 0.098187 0.174741
vn 0.974660 0.098414 0.200878
vn 0.973282 0.098358 0.207482
vn 0.971730 0.098291 0.214662
vn 0.967977 0.098117 0.231070
vn 0.963049 0.097870 0.250913
vn 0.950109 0.098586 0.295928
vn 0.947189 0.098466 0.305183
vn 0.943920 0.098325 0.315195
vn 0.936081 0.097963 0.337870
vn 0.925936 0.097452 0.364891
vn 0.894071 0.095631 0.437598
vn 0.917909 0.098853 0.384280
vn 0.913151 0.098657 0.395503
vn 0.907856 0.098428 0.407565
vn 0.895305 0.097847 0.434574
vn 0.879353 0.097043 0.466176
vn 0.831243 0.094295 0.547853
vn 0.793987 0.091923 0.600945
vn 0.838309 0.099792 0.535985
vn 0.829859 0.099441 0.549041
vn 0.820595 0.099038 0.562864
vn 0.799191 0.098046 0.593027
vn 0.773050 0.096729 0.626927
vn 0.700493 0.092600 0.707626
vn 0.649753 0.089386 0.754872
vn 0.585412 0.085010 0.806267
vn 0.750438 0.101432 0.653111
vn 0.739211 0.100966 0.665862
vn 0.727083 0.100441 0.679163
vn 0.699746 0.099179 0.707474
vn 0.667566 0.097568 0.738130
vn 0.584264 0.092874 0.806232
vn 0.530422 0.089501 0.842996
vn 0.466368 0.085196 0.880479
vn 0.301664 0.072902 0.950623
vn 0.571953 0.106423 0.813354
vn 0.426673 0.113717 0.897228
vn 0.230333 0.130999 0.964254
vn 0.557925 0.105832 0.823116
vn 0.527457 0.104468 0.843134
vn 0.493434 0.102822 0.863684
vn 0.412964 0.098461 0.905409
vn 0.365617 0.095616 0.925841
vn 0.312973 0.092229 0.945273
vn 0.190689 0.083524 0.978091
vn 0.120978 0.078071 0.989580
vn 0.399014 0.112553 0.910011
vn 0.210603 0.130292 0.968850
vn 0.369043 0.111193 0.922737
vn 0.301423 0.107769 0.947381
vn 0.263421 0.105639 0.958880
vn 0.222416 0.103182 0.969476
vn 0.130998 0.097136 0.986612
vn 0.080536 0.093475 0.992359
vn 0.167856 0.128589 0.977389
vn 0.978860 0.097684 0.179697
vn 0.946237 0.096086 0.308875
vn 0.811716 0.086874 0.577556
vn 0.519954 0.066347 0.851614
vn 0.144722 0.127572 0.981214
vn 0.120335 0.126427 0.984650
vn 0.067588 0.123703 0.990015
vn 0.039130 0.122093 0.991747
vn -0.083497 0.112137 0.990179
vn -0.049168 0.109951 0.992720
vn 0.729152 -0.000000 0.684352
vn 0.758125 -0.000000 0.652109
vn 0.832296 -0.000000 0.554331
vn 0.728695 -0.000000 0.684839
vn 0.832296 -0.000000 0.554331
vn 0.690271 -0.000000 0.723551
vn 0.832296 -0.000000 0.554331
vn 0.690271 -0.000000 0.723551
vn 0.832296 -0.000000 0.554331
vn 0.690271 -0.000000 0.723551
vn 0.832296 -0.000000 0.554331
vn 0.690271 -0.000000 0.723551
vn 0.832296 -0.000000 0.554331
vn 0.690271 -0.000000 0.723551
vn 0.832296 -0.000000 0.554331
vn 0.690271 -0.000000 0.723551
vn 0.832296 -0.000000 0.554331
vn 0.690271 -0.000000 0.723551
vn 0.832296 -0.000000 0.554331
vn 0.690271 -0.000000 0.723551
vn 0.832296 -0.000000 0.554331
vn 0.690271 -0.000000 0.723551
vn 0.728445 -0.000000 0.685105
vn 0.544328 -0.000000 0.838872
vn 0.557516 -0.000000 0.830166
vn 0.393856 -0.000000 0.919172
vn 0.557516 -0.000000 0.830166
vn 0.346113 -0.000000 0.938193
vn 0.346113 -0.000000 0.938193
vn 0.182866 -0.000000 0.983138
vn 0.182866 -0.000000 0.983138
vn 0.073498 -0.000000 0.997295
vn 0.165032 -0.000000 0.986288
vn 0.265274 -0.000000 0.964173
vn 0.346113 -0.000000 0.938193
vn 0.346113 -0.000000 0.938193
vn 0.557516 -0.000000 0.830166
vn 0.557516 -0.000000 0.830166
vn 0.642667 -0.000000 0.766146
vn 0.582539 -0.000000 0.812803
vn 0.557516 -0.000000 0.830166
vn 0.516609 -0.000000 0.856221
vn 0.449623 -0.000000 0.893219
vn 0.384051 -0.000000 0.923312
vn -0.017006 0.000000 0.999855
vn 0.004397 -0.000000 0.999990
vn 0.004397 -0.000000 0.999990
vn 0.004397 -0.000000 0.999990
vn -0.110143 0.000000 0.993916
vn -0.176367 0.000000 0.984325
vn -0.176367 0.000000 0.984325
vn -0.346294 0.000000 0.938126
vn -0.346294 0.000000 0.938126
vn -0.452671 0.000000 0.891678
vn -0.452671 0.000000 0.891678
vn -0.582420 0.000000 0.812888
vn -0.582420 0.000000 0.812888
vn -0.705971 0.000000 0.708241
vn -0.705971 0.000000 0.708241
vn -0.838954 0.000000 0.544202
vn -0.838954 0.000000 0.544202
vn -0.901184 0.000000 0.433437
vn -0.901184 0.000000 0.433437
vn -0.953051 0.000000 0.302809
vn -0.953051 0.000000 0.302809
vn -0.987784 0.000000 0.155829
vn -0.987784 0.000000 0.155829
vn -1.000000 0.000000 0.000000
vn -1.000000 0.000000 0.000000
vn -0.987784 0.000000 0.155829
vn -0.987784 0.000000 0.155829
vn -0.953051 0.000000 0.302809
vn -0.953051 0.000000 0.302809
vn -0.901184 0.000000 0.433437
vn -0.901184 0.000000 0.433437
vn -0.838954 0.000000 0.544202
vn -0.838954 0.000000 0.544202
vn -0.705971 0.000000 0.708241
vn -0.705971 0.000000 0.708241
vn -0.591059 0.000000 0.806629
vn -0.582420 0.000000 0.812888
vn -0.534535 0.000000 0.845146
vn -0.582420 0.000000 0.812888
vn -0.475447 0.000000 0.879744
vn -0.452671 0.000000 0.891678
vn -0.416325 0.000000 0.909216
vn -0.360365 0.000000 0.932811
vn -0.200344 0.000000 0.979726
vn -0.176367 0.000000 0.984325
vn -0.176367 0.000000 0.984325
vn -0.296520 0.000000 0.955027
vn -0.346294 0.000000 0.938126
vn -0.346294 0.000000 0.938126
vn -0.406868 0.000000 0.913487
vn -0.452671 0.000000 0.891678
vn -0.452671 0.000000 0.891678
vn -0.582420 0.000000 0.812888
vn -0.466237 0.000000 0.884660
vn -0.527017 0.000000 0.849855
vn -0.582420 0.000000 0.812888
vn -0.636936 0.000000 0.770917
vn -0.705971 0.000000 0.708241
vn -0.705971 0.000000 0.708241
vn -0.838954 0.000000 0.544202
vn -0.838954 0.000000 0.544202
vn -0.901184 0.000000 0.433437
vn -0.901184 0.000000 0.433437
vn -0.953051 0.000000 0.302809
vn -0.705971 0.000000 0.708241
vn -0.707127 0.000000 0.707086
vn -0.838954 0.000000 0.544202
vn -0.722775 0.000000 0.691083
vn -0.681505 0.000000 0.731813
vn -0.259770 0.000000 0.965670
vn -0.397904 0.000000 0.917427
vn -0.539369 0.000000 0.842070
vn -0.188351 0.000000 0.982102
vn -0.168657 0.000000 0.985675
vn -0.079456 0.000000 0.996838
vn -0.007220 0.000000 0.999974
vn 0.010394 -0.000000 0.999946
vn 0.095985 -0.000000 0.995383
vn 0.170193 -0.000000 0.985411
vn 0.183890 -0.000000 0.982947
vn 0.271669 -0.000000 0.962391
vn 0.284336 -0.000000 0.958725
vn 0.393856 -0.000000 0.919172
vn 0.401918 -0.000000 0.915676
vn 0.544328 -0.000000 0.838872
vn 0.557516 -0.000000 0.830166
vn 0.690271 -0.000000 0.723551
vn 0.690271 -0.000000 0.723551
vn 0.832296 -0.000000 0.554331
vn 0.832296 -0.000000 0.554331
vn 0.897998 -0.000000 0.439999
vn 0.897998 -0.000000 0.439999
vn 0.897998 -0.000000 0.439999
vn 0.897998 -0.000000 0.439999
vn 0.952066 -0.000000 0.305894
vn 0.952066 -0.000000 0.305894
vn 0.987684 -0.000000 0.156459
vn 0.987684 -0.000000 0.156459
vn 1.000000 -0.000000 0.000000
vn 0.987684 -0.000000 0.156459
vn 0.987684 -0.000000 0.156459
vn 0.952066 -0.000000 0.305894
vn 0.952066 -0.000000 0.305894
vn 0.897998 -0.000000 0.439999
vn 0.897998 -0.000000 0.439999
vn 0.465320 -0.000000 0.885143
vn 0.530511 -0.000000 0.847678
vn 0.648044 -0.000000 0.761603
vn 0.690271 -0.000000 0.723551
vn -0.974335 0.000000 0.225101
vn -0.987784 0.000000 0.155829
vn -0.987784 0.000000 0.155829
vn -0.987784 0.000000 0.155829
vn -0.953051 0.000000 0.302809
vn -0.953051 0.000000 0.302809
vn -0.901184 0.000000 0.433437
vn -0.901184 0.000000 0.433437
vn -0.838954 0.000000 0.544202
vn -0.838954 0.000000 0.544202
vn -0.705971 0.000000 0.708241
vn -0.705971 0.000000 0.708241
vn -0.582420 0.000000 0.812888
vn -0.582420 0.000000 0.812888
vn -0.452671 0.000000 0.891678
vn -0.452671 0.000000 0.891678
vn -0.346294 0.000000 0.938126
vn -0.953051 0.000000 0.302809
vn -0.906133 0.000000 0.422994
vn -0.901184 0.000000 0.433437
vn -0.838954 0.000000 0.544202
vn -0.814622 0.000000 0.579992
vn -0.705971 0.000000 0.708241
vn -0.717113 0.000000 0.696957
vn -0.582420 0.000000 0.812888
vn -0.539369 0.000000 0.842070
vn -0.452671 0.000000 0.891678
vn -0.397904 0.000000 0.917427
vn -0.346294 0.000000 0.938126
vn -0.188351 0.000000 0.982102
vn -0.176367 0.000000 0.984325
vn -0.007220 0.000000 0.999974
vn 0.004397 -0.000000 0.999990
vn 0.170193 -0.000000 0.985411
vn 0.182866 -0.000000 0.983138
vn 0.182866 -0.000000 0.983138
vn 0.271669 -0.000000 0.962391
vn 0.346113 -0.000000 0.938193
vn 0.825786 -0.000000 0.563984
vn 0.897998 -0.000000 0.439999
vn 0.897998 -0.000000 0.439999
vn 0.897998 -0.000000 0.439999
vn 0.913949 -0.000000 0.405828
vn 0.952066 -0.000000 0.305894
vn 0.952066 -0.000000 0.305894
vn 0.952066 -0.000000 0.305894
vn 0.977073 -0.000000 0.212904
vn 0.987684 -0.000000 0.156459
vn 0.987684 -0.000000 0.156459
vn 0.987684 -0.000000 0.156459
vn 1.000000 -0.000000 0.000000
vn 0.987684 -0.000000 0.156459
vn 0.987684 -0.000000 0.156459
vn 0.987684 -0.000000 0.156459
vn 0.952066 -0.000000 0.305894
vn 0.977073 -0.000000 0.212904
vn 0.987684 -0.000000 0.156459
vn 0.987684 -0.000000 0.156459
vn 0.987684 -0.000000 0.156459
vn 0.952066 -0.000000 0.305894
vn 0.952066 -0.000000 0.305894
vn 0.897998 -0.000000 0.439999
vn 0.952066 -0.000000 0.305894
vn 0.913949 -0.000000 0.405828
vn 0.897998 -0.000000 0.439999
vn 0.825786 -0.000000 0.563984
vn 0.832296 -0.000000 0.554331
vn 0.728445 -0.000000 0.685105
vn -0.717113 0.000000 0.696957
vn -0.705971 0.000000 0.708241
vn -0.814622 0.000000 0.579992
vn -0.838954 0.000000 0.544202
vn -0.906133 0.000000 0.422994
vn -0.901184 0.000000 0.433437
vn -0.953051 0.000000 0.302809
vn -0.974335 0.000000 0.225101
vn -0.987784 0.000000 0.155829
vn -0.987784 0.000000 0.155829
vn -0.987784 0.000000 0.155829
vn -0.987784 0.000000 0.155829
vn -0.953051 0.000000 0.302809
vn -0.953051 0.000000 0.302809
vn -0.901184 0.000000 0.433437
vn -0.901184 0.000000 0.433437
vn -0.838954 0.000000 0.544202
vn -0.838954 0.000000 0.544202
vn -0.705971 0.000000 0.708241
vn -0.987784 0.000000 0.155829
vn -0.987784 0.000000 0.155829
vn -0.953051 0.000000 0.302809
vn -0.953051 0.000000 0.302809
vn -0.901184 0.000000 0.433437
vn -0.987784 0.000000 0.155829
vn 0.952066 -0.000000 0.305894
vn 0.897998 -0.000000 0.439999
vn 0.897998 -0.000000 0.439999
vn 0.952066 -0.000000 0.305894
vn -0.582420 0.000000 0.812888
vn -0.705971 0.000000 0.708241
vn 0.557516 -0.000000 0.830166
vn -0.838954 0.000000 0.544202
vn -0.901184 0.000000 0.433437
vn -0.953051 0.000000 0.302809
vn 0.000000 -1.000000 -0.000000
vn 0.000000 -1.000000 -0.000000
vn 0.000000 -1.000000 -0.000000
vn 0.000000 -1.000000 -0.000000
vn 0.000000 -1.000000 -0.000000
vn 0.000000 -1.000000 -0.000000
vn 0.000000 -1.000000 -0.000000
vn 0.000000 -1.000000 -0.000000
vn 0.000000 -1.000000 -0.000000
vn 0.000000 -1.000000 -0.000000
vn 0.000000 -1.000000 -0.000000
vn 0.000000 -1.000000 -0.000000
vn 0.000000 -1.000000 -0.000000
vn 0.000000 -1.000000 -0.000000
vn 0.000000 -1.000000 -0.000000
vn 0.000000 -1.000000 -0.000000
vn 0.000000 -1.000000 -0.000000
vn 0.000000 -1.000000 -0.000000
vn -0.000000 -0.000000 -1.000000
vn -0.000000 -0.000000 -1.000000
vn -0.000000 -0.000000 -1.000000
vn -0.000000 -0.000000 -1.000000
vn -0.000000 -0.000000 -1.000000
vn -0.000000 -0.000000 -1.000000
vn -0.000000 -0.000000 -1.000000
vn -0.000000 -0.000000 -1.000000
vn -0.000000 -0.000000 -1.000000
vn -0.000000 -0.000000 -1.000000
vn -0.000000 -0.000000 -1.000000
vn -0.000000 -0.000000 -1.000000
vn -0.000000 -0.000000 -1.000000
vn -0.000000 -0.000000 -1.000000
vn -0.000000 -0.000000 -1.000000
vn -0.000000 -0.000000 -1.000000
vn -0.971927 -0.000032 0.235284
vn -0.987082 -0.000009 0.160219
vn -1.000000 0.000000 0.000000
vn -0.987105 -0.000009 0.160073
vn -0.987129 -0.000009 0.159928
vn -0.947727 -0.000082 0.319082
vn -0.947918 -0.000082 0.318513
vn -0.885295 -0.000272 0.465029
vn -0.885881 -0.000271 0.463912
vn -0.807671 -0.000606 0.589634
vn -0.808840 -0.000605 0.588028
vn -0.640593 -0.001704 0.767879
vn -0.643037 -0.001699 0.765833
vn -0.491742 -0.003254 0.870735
vn -0.495071 -0.003247 0.868847
vn -0.301347 -0.006568 0.953492
vn -0.305103 -0.006560 0.952297
vn -0.180638 -0.010001 0.983499
vn -0.183815 -0.009995 0.982910
vn -0.048747 -0.014138 0.998711
vn -0.049957 -0.014138 0.998651
vn 0.029393 -0.014478 0.999463
vn 0.030037 -0.014477 0.999444
vn 0.119202 -0.012532 0.992791
vn 0.121352 -0.012528 0.992530
vn 0.246263 -0.008908 0.969162
vn 0.249742 -0.008899 0.968271
vn 0.459521 -0.004681 0.888155
vn 0.463110 -0.004671 0.886288
vn 0.613222 -0.002739 0.789906
vn 0.616129 -0.002732 0.787641
vn 0.790442 -0.001174 0.612536
vn 0.792050 -0.001170 0.610455
vn 0.874482 -0.000615 0.485057
vn 0.875383 -0.000613 0.483429
vn 0.942721 -0.000241 0.333583
vn 0.943073 -0.000241 0.332584
vn 0.985904 -0.000050 0.167312
vn 0.985969 -0.000049 0.166926
vn 1.000000 0.000000 0.000000
vn 0.986034 -0.000049 0.166542
vn 0.986099 -0.000049 0.166160
vn 0.943770 -0.000239 0.330604
vn 0.944113 -0.000238 0.329622
vn 0.878033 -0.000607 0.478600
vn 0.878898 -0.000605 0.477008
vn 0.798322 -0.001154 0.602230
vn 0.799850 -0.001150 0.600199
vn 0.630291 -0.002692 0.776355
vn 0.635786 -0.002677 0.771861
vn 0.487603 -0.004602 0.873053
vn 0.491012 -0.004592 0.871141
vn 0.277222 -0.008830 0.960765
vn 0.280612 -0.008821 0.959781
vn 0.140623 -0.012496 0.989984
vn 0.144885 -0.012488 0.989370
vn 0.037117 -0.014474 0.999206
vn 0.038404 -0.014473 0.999157
vn -0.065666 -0.014125 0.997742
vn -0.070490 -0.014120 0.997413
vn -0.236884 -0.009879 0.971488
vn -0.243000 -0.009863 0.969976
vn -0.373678 -0.006389 0.927537
vn -0.380575 -0.006370 0.924728
vn -0.560050 -0.003096 0.828453
vn -0.571392 -0.003067 0.820671
vn -0.698143 -0.001589 0.715956
vn -0.717113 -0.001466 0.696956
vn -0.814622 -0.000707 0.579992
vn -0.947535 -0.000082 0.319653
vn -0.889759 -0.000253 0.456431
vn -0.884705 -0.000272 0.466151
vn -0.806492 -0.000608 0.591245
vn -0.773467 -0.000775 0.633836
vn -0.638130 -0.001708 0.769927
vn -0.649194 -0.001603 0.760621
vn -0.488392 -0.003261 0.872618
vn -0.435149 -0.003953 0.900350
vn -0.297576 -0.006576 0.954675
vn -0.284161 -0.006811 0.958752
vn -0.177455 -0.010007 0.984078
vn -0.111126 -0.012197 0.993731
vn -0.004268 -0.014647 0.999884
vn -0.047537 -0.014139 0.998769
vn 0.106151 -0.012787 0.994268
vn 0.028749 -0.014478 0.999482
vn 0.283462 -0.007846 0.958951
vn 0.242774 -0.008916 0.970042
vn 0.117051 -0.012535 0.993047
vn 0.455909 -0.004691 0.890014
vn 0.437602 -0.004924 0.899155
vn 0.538128 -0.003540 0.842856
vn 0.610290 -0.002747 0.792173
vn 0.654051 -0.002288 0.756447
vn 0.788817 -0.001178 0.614627
vn 0.778111 -0.001248 0.628126
vn 0.873572 -0.000617 0.486694
vn 0.892833 -0.000502 0.450387
vn 0.942365 -0.000242 0.334587
vn 0.972904 -0.000102 0.231210
vn 0.985838 -0.000050 0.167699
vn 1.000000 -0.000000 0.000000
vn 0.986163 -0.000049 0.165780
vn 1.000000 0.000000 0.000000
vn 0.986226 -0.000049 0.165401
vn 0.986290 -0.000049 0.165024
vn 0.944791 -0.000237 0.327675
vn 0.945456 -0.000236 0.325749
vn 0.881444 -0.000599 0.472288
vn 0.882276 -0.000597 0.470732
vn 0.804344 -0.001138 0.594163
vn 0.805812 -0.001135 0.592171
vn 0.641186 -0.002661 0.767381
vn 0.646492 -0.002646 0.762916
vn 0.501105 -0.004561 0.865375
vn 0.507722 -0.004541 0.861509
vn 0.294063 -0.008784 0.955746
vn 0.307342 -0.008746 0.951559
vn 0.157621 -0.012464 0.987421
vn 0.161849 -0.012455 0.986737
vn 0.042263 -0.014471 0.999002
vn 0.043549 -0.014470 0.998946
vn -0.075309 -0.014115 0.997060
vn -0.080123 -0.014110 0.996685
vn -0.261173 -0.009815 0.965242
vn -0.188338 -0.012054 0.982030
vn -0.397895 -0.006517 0.917408
vn 0.986415 -0.000049 0.164275
vn 1.000000 0.000000 0.000000
vn 0.986476 -0.000049 0.163903
vn 0.986538 -0.000048 0.163533
vn 0.946110 -0.000234 0.323844
vn 0.946753 -0.000233 0.321960
vn 0.884723 -0.000591 0.466117
vn 0.886315 -0.000587 0.463083
vn 0.811538 -0.001119 0.584299
vn 0.817040 -0.001105 0.576581
vn 0.661863 -0.002600 0.749620
vn 0.666809 -0.002585 0.745224
vn 0.527043 -0.004479 0.849827
vn 0.533308 -0.004459 0.845909
vn 0.320444 -0.008706 0.947227
vn 0.333365 -0.008665 0.942758
vn 0.174479 -0.012428 0.984582
vn 0.271654 -0.010378 0.962339
vn 0.170179 -0.012673 0.985332
vn 0.986660 -0.000048 0.162797
vn 1.000000 0.000000 0.000000
vn 0.986780 -0.000048 0.162068
vn 0.987015 -0.000048 0.160629
vn 0.948616 -0.000229 0.316431
vn 0.949215 -0.000228 0.314627
vn 0.890908 -0.000576 0.454184
vn 0.892380 -0.000572 0.451284
vn 0.822327 -0.001090 0.569015
vn 0.827409 -0.001076 0.561599
vn 0.681133 -0.002539 0.732155
vn 0.728443 -0.002069 0.685103
vn 0.544322 -0.004592 0.838863
vn 1.000000 0.000000 0.000000
vn 0.987130 -0.000047 0.159919
vn 0.949805 -0.000226 0.312843
vn 0.895243 -0.000565 0.445579
vn 0.825785 -0.001118 0.563984
vn 1.000000 0.000000 0.000000
vn 0.987244 -0.000047 0.159215
vn 0.950954 -0.000224 0.309332
vn 0.913949 -0.000451 0.405828
vn 0.987467 -0.000047 0.157825
vn 1.000000 0.000000 0.000000
vn 0.977073 -0.000094 0.212904
vn 0.545580 -0.004417 0.838047
vn 0.393845 -0.007520 0.919146
vn 0.046121 -0.014468 0.998831
vn -0.007219 -0.014647 0.999867
vn -0.394181 -0.006330 0.919011
vn -0.539365 -0.003696 0.842064
vn -0.835203 -0.000565 0.549942
vn -0.906133 -0.000233 0.422994
vn -0.899253 -0.000256 0.437429
vn -0.952388 -0.000078 0.304887
vn -0.897268 -0.000258 0.441486
vn -0.951712 -0.000079 0.306993
vn -0.896255 -0.000259 0.443540
vn -0.951368 -0.000079 0.308056
vn -0.895227 -0.000260 0.445610
vn -0.951021 -0.000080 0.309126
vn -0.893128 -0.000263 0.449802
vn -0.950316 -0.000080 0.311287
vn -0.892056 -0.000264 0.451924
vn -0.949958 -0.000080 0.312379
vn -0.890969 -0.000265 0.454063
vn -0.949596 -0.000081 0.313478
vn -0.890420 -0.000266 0.455140
vn -0.949413 -0.000081 0.314030
vn -0.889867 -0.000267 0.456220
vn -0.949230 -0.000081 0.314584
vn -0.888748 -0.000268 0.458395
vn -0.948860 -0.000081 0.315697
vn -0.888183 -0.000269 0.459490
vn -0.948674 -0.000081 0.316257
vn -0.887614 -0.000269 0.460588
vn -0.948486 -0.000082 0.316818
vn -0.887040 -0.000270 0.461692
vn -0.948298 -0.000082 0.317381
vn -0.886463 -0.000270 0.462800
vn -0.948109 -0.000082 0.317946
vn -0.974335 -0.000030 0.225101
vn -0.987697 -0.000009 0.156382
vn -0.987608 -0.000009 0.156939
vn -0.987564 -0.000009 0.157219
vn -0.987519 -0.000009 0.157500
vn -0.987429 -0.000009 0.158065
vn -0.987383 -0.000009 0.158349
vn -0.987338 -0.000009 0.158634
vn -0.987315 -0.000009 0.158776
vn -0.987292 -0.000009 0.158920
vn -0.987245 -0.000009 0.159207
vn -0.987222 -0.000009 0.159350
vn -0.987199 -0.000009 0.159494
vn -0.987175 -0.000009 0.159639
vn -0.987152 -0.000009 0.159783
vn -1.000000 0.000000 0.000000
vn -1.000000 0.000000 0.000000
vn -1.000000 0.000000 0.000000
vn 0.877159 -0.000609 0.480200
vn 0.943423 -0.000240 0.331591
vn 0.876275 -0.000611 0.481810
vn 0.795218 -0.001162 0.606323
vn 0.793642 -0.001166 0.608384
vn 0.796778 -0.001158 0.604272
vn 0.624699 -0.002708 0.780861
vn 0.621867 -0.002716 0.783118
vn 0.473743 -0.004642 0.880651
vn 0.470221 -0.004652 0.882536
vn 0.260122 -0.008874 0.965535
vn 0.256672 -0.008883 0.966458
vn 0.127792 -0.012518 0.991722
vn 0.125648 -0.012522 0.991996
vn 0.031968 -0.014476 0.999384
vn 0.031324 -0.014477 0.999404
vn -0.053586 -0.014135 0.998463
vn -0.052377 -0.014136 0.998527
vn -0.193313 -0.009976 0.981086
vn -0.190153 -0.009983 0.981704
vn -0.316287 -0.006534 0.948641
vn -0.312573 -0.006543 0.949871
vn -0.504926 -0.003225 0.863157
vn -0.501662 -0.003232 0.865057
vn -0.650251 -0.001686 0.759717
vn -0.647866 -0.001690 0.761753
vn -0.812292 -0.000600 0.583251
vn -0.811150 -0.000601 0.584837
vn 0.619010 -0.002724 0.785378
vn 0.466677 -0.004662 0.884416
vn 0.253212 -0.008891 0.967370
vn 0.123501 -0.012525 0.992265
vn 0.030681 -0.014477 0.999424
vn -0.051167 -0.014137 0.998590
vn -0.186987 -0.009989 0.982312
vn -0.308845 -0.006551 0.951090
vn -0.498377 -0.003239 0.866954
vn -0.645461 -0.001695 0.763791
vn -0.810000 -0.000603 0.586430
vn 0.945785 -0.000235 0.324794
vn 0.883100 -0.000595 0.469185
vn 0.808704 -0.001127 0.588215
vn 0.651706 -0.002630 0.758467
vn 0.520690 -0.004500 0.853734
vn 0.313916 -0.008726 0.949411
vn 0.166068 -0.012446 0.986036
vn 0.802861 -0.001142 0.596165
vn 0.879756 -0.000603 0.475426
vn 0.638497 -0.002669 0.769619
vn 0.494399 -0.004581 0.869223
vn 0.287359 -0.008803 0.957783
vn 0.149138 -0.012480 0.988738
vn 0.040977 -0.014472 0.999055
vn -0.072900 -0.014118 0.997239
vn -0.249087 -0.009848 0.968431
vn 0.273823 -0.008839 0.961740
vn 0.480718 -0.004622 0.876863
vn 0.266993 -0.008857 0.963658
vn 0.477242 -0.004632 0.878760
vn 0.263563 -0.008866 0.964602
vn 0.136354 -0.012504 0.990581
vn 0.132077 -0.012511 0.991161
vn 0.129936 -0.012515 0.991443
vn 0.138490 -0.012500 0.990285
vn 0.035187 -0.014475 0.999276
vn 0.034543 -0.014475 0.999298
vn -0.059629 -0.014130 0.998121
vn -0.058421 -0.014131 0.998192
vn -0.209020 -0.009944 0.977861
vn -0.205891 -0.009950 0.978524
vn -0.334636 -0.006491 0.942325
vn -0.330995 -0.006500 0.943610
vn -0.520922 -0.003190 0.853598
vn -0.517765 -0.003197 0.855517
vn -0.661895 -0.001663 0.749594
vn -0.659604 -0.001668 0.751612
vn -0.817860 -0.000592 0.575417
vn -0.816765 -0.000593 0.576971
vn 0.033256 -0.014476 0.999342
vn 0.032612 -0.014476 0.999363
vn -0.056004 -0.014133 0.998331
vn -0.054795 -0.014134 0.998398
vn -0.199614 -0.009964 0.979824
vn -0.196466 -0.009970 0.980460
vn -0.323671 -0.006517 0.946147
vn -0.319986 -0.006526 0.947400
vn -0.511388 -0.003211 0.859344
vn -0.508168 -0.003218 0.861252
vn -0.654965 -0.001677 0.755657
vn -0.652618 -0.001681 0.757686
vn -0.814546 -0.000596 0.580098
vn -0.813424 -0.000598 0.581672
vn 0.627507 -0.002700 0.778606
vn 0.944453 -0.000238 0.328646
vn 0.947385 -0.000232 0.320097
vn 0.889406 -0.000580 0.457117
vn 0.819709 -0.001097 0.572779
vn 0.671669 -0.002569 0.740847
vn -0.063252 -0.014127 0.997898
vn 0.035830 -0.014475 0.999253
vn -0.060837 -0.014129 0.998048
vn -0.218369 -0.009923 0.975816
vn -0.212143 -0.009937 0.977188
vn -0.224568 -0.009909 0.974408
vn -0.352612 -0.006446 0.935748
vn -0.345467 -0.006464 0.938409
vn -0.536387 -0.003154 0.843966
vn -0.530264 -0.003168 0.847827
vn -0.673079 -0.001641 0.739568
vn -0.668660 -0.001650 0.743567
vn -0.823208 -0.000584 0.567739
vn -0.821095 -0.000587 0.570791
vn -0.338261 -0.006482 0.941030
vn -0.524057 -0.003182 0.851677
vn -0.664168 -0.001659 0.747581
vn -0.818947 -0.000590 0.573869
vn -0.366718 -0.006408 0.930310
vn -0.548383 -0.003125 0.836221
vn -0.554257 -0.003110 0.832340
vn -0.681707 -0.001623 0.731624
vn -0.685916 -0.001615 0.727679
vn -0.690058 -0.001606 0.723752
vn -0.827335 -0.000577 0.561709
vn -0.829349 -0.000574 0.558731
vn -0.831331 -0.000571 0.555777
f 1275/1598/1566 1293/1599/1567 1274/1600/1568
f 1274/1600/1568 1293/1599/1567 1294/1601/1569
f 1274/1600/1568 1294/1601/1569 1311/1602/1570
f 1311/1602/1570 1294/1601/1569 1295/1603/1571
f 1311/1602/1570 1295/1603/1571 1310/1604/1572
f 1310/1604/1572 1295/1603/1571 1296/1605/1573
f 1310/1604/1572 1296/1605/1573 1309/1606/1574
f 1309/1606/1574 1296/1605/1573 1308/1607/1575
f 1308/1607/1575 1296/1605/1573 1297/1608/1576
f 1308/1607/1575 1297/1608/1576 1307/1609/1577
f 1307/1609/1577 1297/1608/1576 1298/1610/1578
f 1307/1609/1577 1298/1610/1578 1306/1611/1579
f 1306/1611/1579 1298/1610/1578 1299/1612/1580
f 1306/1611/1579 1299/1612/1580 1305/1613/1581
f 1305/1613/1581 1299/1612/1580 1300/1614/1582
f 1305/1613/1581 1300/1614/1582 1304/1615/1583
f 1304/1615/1583 1300/1614/1582 1301/1616/1584
f 1304/1615/1583 1301/1616/1584 1303/1617/1585
f 1303/1617/1585 1301/1616/1584 1302/1618/1586
f 1293/1599/1567 1275/1598/1566 1292/1619/1587
f 1292/1619/1587 1275/1598/1566 1276/1620/1588
f 1292/1619/1587 1276/1620/1588 1291/1621/1589
f 1291/1621/1589 1276/1620/1588 1290/1622/1590
f 1290/1622/1590 1276/1620/1588 1277/1623/1591
f 1290/1622/1590 1277/1623/1591 1289/1624/1592
f 1289/1624/1592 1277/1623/1591 1278/1625/1593
f 1289/1624/1592 1278/1625/1593 1288/1626/1594
f 1288/1626/1594 1278/1625/1593 1279/1627/1595
f 1288/1626/1594 1279/1627/1595 1287/1628/1596
f 1287/1628/1596 1279/1627/1595 1280/1629/1597
f 1287/1628/1596 1280/1629/1597 1286/1630/1598
f 1286/1630/1598 1280/1629/1597 1281/1631/1599
f 1286/1630/1598 1281/1631/1599 1285/1632/1600
f 1285/1632/1600 1281/1631/1599 1282/1633/1601
f 1285/1632/1600 1282/1633/1601 1284/1634/1602
f 1284/1634/1602 1282/1633/1601 1283/1635/1603
f 1313/1636/1604 1314/1637/1605 1312/1638/1606
f 1312/1638/1606 1314/1637/1605 1338/1639/1607
f 1338/1639/1607 1314/1637/1605 1315/1640/1608
f 1338/1639/1607 1315/1640/1608 1337/1641/1609
f 1337/1641/1609 1315/1640/1608 1316/1642/1610
f 1337/1641/1609 1316/1642/1610 1336/1643/1611
f 1336/1643/1611 1316/1642/1610 1317/1644/1612
f 1336/1643/1611 1317/1644/1612 1335/1645/1613
f 1335/1645/1613 1317/1644/1612 1318/1646/1614
f 1335/1645/1613 1318/1646/1614 1334/1647/1615
f 1334/1647/1615 1318/1646/1614 1319/1648/1616
f 1334/1647/1615 1319/1648/1616 1333/1649/1617
f 1333/1649/1617 1319/1648/1616 1320/1650/1618
f 1333/1649/1617 1320/1650/1618 1332/1651/1619
f 1332/1651/1619 1320/1650/1618 1321/1652/1620
f 1332/1651/1619 1321/1652/1620 1331/1653/1621
f 1331/1653/1621 1321/1652/1620 1322/1654/1622
f 1331/1653/1621 1322/1654/1622 1330/1655/1623
f 1330/1655/1623 1322/1654/1622 1323/1656/1624
f 1330/1655/1623 1323/1656/1624 1329/1657/1625
f 1329/1657/1625 1323/1656/1624 1326/1658/1626
f 1329/1657/1625 1326/1658/1626 1327/1659/1627
f 1324/1660/1628 1325/1661/1629 1323/1656/1624
f 1323/1656/1624 1325/1661/1629 1326/1658/1626
f 1327/1659/1627 1328/1662/1630 1329/1657/1625
f 1340/1663/1631 1341/1664/1632 1339/1665/1633
f 1339/1665/1633 1341/1664/1632 1405/1666/1634
f 1405/1666/1634 1341/1664/1632 1342/1667/1635
f 1405/1666/1634 1342/1667/1635 1404/1668/1636
f 1404/1668/1636 1342/1667/1635 1343/1669/1637
f 1404/1668/1636 1343/1669/1637 1403/1670/1638
f 1403/1670/1638 1343/1669/1637 1344/1671/1639
f 1403/1670/1638 1344/1671/1639 1402/1672/1640
f 1402/1672/1640 1344/1671/1639 1345/1673/1641
f 1402/1672/1640 1345/1673/1641 1401/1674/1642
f 1401/1674/1642 1345/1673/1641 1346/1675/1643
f 1401/1674/1642 1346/1675/1643 1400/1676/1644
f 1400/1676/1644 1346/1675/1643 1347/1677/1645
f 1400/1676/1644 1347/1677/1645 1399/1678/1646
f 1399/1678/1646 1347/1677/1645 1348/1679/1647
f 1399/1678/1646 1348/1679/1647 1398/1680/1648
f 1398/1680/1648 1348/1679/1647 1349/1681/1649
f 1398/1680/1648 1349/1681/1649 1397/1682/1650
f 1397/1682/1650 1349/1681/1649 1350/1683/1651
f 1397/1682/1650 1350/1683/1651 1351/1684/1652
f 1397/1682/1650 1351/1684/1652 1396/1685/1653
f 1396/1685/1653 1351/1684/1652 1352/1686/1654
f 1396/1685/1653 1352/1686/1654 1395/1687/1655
f 1395/1687/1655 1352/1686/1654 1353/1688/1656
f 1395/1687/1655 1353/1688/1656 1394/1689/1657
f 1394/1689/1657 1353/1688/1656 1354/1690/1658
f 1394/1689/1657 1354/1690/1658 1393/1691/1659
f 1393/1691/1659 1354/1690/1658 1355/1692/1660
f 1393/1691/1659 1355/1692/1660 1392/1693/1661
f 1392/1693/1661 1355/1692/1660 1356/1694/1662
f 1392/1693/1661 1356/1694/1662 1391/1695/1663
f 1391/1695/1663 1356/1694/1662 1357/1696/1664
f 1391/1695/1663 1357/1696/1664 1390/1697/1665
f 1390/1697/1665 1357/1696/1664 1358/1698/1666
f 1390/1697/1665 1358/1698/1666 1389/1699/1667
f 1389/1699/1667 1358/1698/1666 1359/1700/1668
f 1389/1699/1667 1359/1700/1668 1388/1701/1669
f 1388/1701/1669 1359/1700/1668 1360/1702/1670
f 1388/1701/1669 1360/1702/1670 1387/1703/1671
f 1387/1703/1671 1360/1702/1670 1361/1704/1672
f 1387/1703/1671 1361/1704/1672 1386/1705/1673
f 1386/1705/1673 1361/1704/1672 1362/1706/1674
f 1386/1705/1673 1362/1706/1674 1385/1707/1675
f 1385/1707/1675 1362/1706/1674 1363/1708/1676
f 1385/1707/1675 1363/1708/1676 1384/1709/1677
f 1384/1709/1677 1363/1708/1676 1364/1710/1678
f 1384/1709/1677 1364/1710/1678 1383/1711/1679
f 1383/1711/1679 1364/1710/1678 1365/1712/1680
f 1383/1711/1679 1365/1712/1680 1382/1713/1681
f 1382/1713/1681 1365/1712/1680 1366/1714/1682
f 1382/1713/1681 1366/1714/1682 1381/1715/1683
f 1381/1715/1683 1366/1714/1682 1367/1716/1684
f 1381/1715/1683 1367/1716/1684 1380/1717/1685
f 1380/1717/1685 1367/1716/1684 1368/1718/1686
f 1380/1717/1685 1368/1718/1686 1379/1719/1687
f 1379/1719/1687 1368/1718/1686 1369/1720/1688
f 1379/1719/1687 1369/1720/1688 1378/1721/1689
f 1378/1721/1689 1369/1720/1688 1370/1722/1690
f 1378/1721/1689 1370/1722/1690 1377/1723/1691
f 1377/1723/1691 1370/1722/1690 1371/1724/1692
f 1377/1723/1691 1371/1724/1692 1376/1725/1693
f 1376/1725/1693 1371/1724/1692 1372/1726/1694
f 1376/1725/1693 1372/1726/1694 1375/1727/1695
f 1375/1727/1695 1372/1726/1694 1373/1728/1696
f 1375/1727/1695 1373/1728/1696 1374/1729/1697
f 1374/1729/1697 1373/1728/1696 1313/1730/1698
f 1374/1729/1697 1313/1730/1698 1312/1731/1699
f 1341/1732/1700 1340/1733/1701 1447/1734/1702
f 1447/1734/1702 1340/1733/1701 1406/1735/1703
f 1447/1734/1702 1406/1735/1703 1446/1736/1704
f 1446/1736/1704 1406/1735/1703 1445/1737/1705
f 1446/1736/1704 1445/1737/1705 1474/1738/1706
f 1474/1738/1706 1445/1737/1705 1475/1739/1707
f 1474/1738/1706 1475/1739/1707 1471/1740/1708
f 1471/1740/1708 1475/1739/1707 1470/1741/1709
f 1471/1740/1708 1470/1741/1709 1519/1742/1710
f 1519/1742/1710 1470/1741/1709 1520/1743/1711
f 1519/1742/1710 1520/1743/1711 1516/1744/1712
f 1516/1744/1712 1520/1743/1711 1515/1745/1713
f 1516/1744/1712 1515/1745/1713 1567/1746/1714
f 1567/1746/1714 1515/1745/1713 1568/1747/1715
f 1567/1746/1714 1568/1747/1715 1564/1748/1716
f 1564/1748/1716 1568/1747/1715 1563/1749/1717
f 1564/1748/1716 1563/1749/1717 1615/1750/1718
f 1615/1750/1718 1563/1749/1717 1616/1751/1719
f 1615/1750/1718 1616/1751/1719 1612/1752/1720
f 1612/1752/1720 1616/1751/1719 1611/1753/1721
f 1612/1752/1720 1611/1753/1721 1660/1754/1722
f 1660/1754/1722 1611/1753/1721 1659/1755/1723
f 1660/1754/1722 1659/1755/1723 1687/1756/1724
f 1687/1756/1724 1659/1755/1723 1688/1757/1725
f 1687/1756/1724 1688/1757/1725 1684/1758/1726
f 1684/1758/1726 1688/1757/1725 1683/1759/1727
f 1684/1758/1726 1683/1759/1727 1732/1760/1728
f 1732/1760/1728 1683/1759/1727 1731/1761/1729
f 1732/1760/1728 1731/1761/1729 1756/1762/1730
f 1756/1762/1730 1731/1761/1729 1755/1763/1731
f 1756/1762/1730 1755/1763/1731 1780/1764/1732
f 1780/1764/1732 1755/1763/1731 1779/1765/1733
f 1780/1764/1732 1779/1765/1733 1804/1766/1734
f 1804/1766/1734 1779/1765/1733 1803/1767/1735
f 1804/1766/1734 1803/1767/1735 1828/1768/1736
f 1828/1768/1736 1803/1767/1735 1827/1769/1737
f 1828/1768/1736 1827/1769/1737 1852/1770/1738
f 1852/1770/1738 1827/1769/1737 1851/1771/1739
f 1852/1770/1738 1851/1771/1739 1876/1772/1740
f 1876/1772/1740 1851/1771/1739 1875/1773/1741
f 1876/1772/1740 1875/1773/1741 1320/1774/1742
f 1320/1774/1742 1875/1773/1741 1321/1775/1743
f 1321/1775/1743 1875/1773/1741 1874/1776/1744
f 1321/1775/1743 1874/1776/1744 1322/1777/1745
f 1322/1777/1745 1874/1776/1744 1873/1778/1746
f 1322/1777/1745 1873/1778/1746 1872/1779/1747
f 1872/1779/1747 1873/1778/1746 1848/1780/1748
f 1872/1779/1747 1848/1780/1748 1847/1781/1749
f 1847/1781/1749 1848/1780/1748 1823/1782/1750
f 1847/1781/1749 1823/1782/1750 1822/1783/1751
f 1822/1783/1751 1823/1782/1750 1798/1784/1752
f 1822/1783/1751 1798/1784/1752 1797/1785/1753
f 1797/1785/1753 1798/1784/1752 1773/1786/1754
f 1797/1785/1753 1773/1786/1754 1772/1787/1755
f 1772/1787/1755 1773/1786/1754 1748/1788/1756
f 1772/1787/1755 1748/1788/1756 1747/1789/1757
f 1747/1789/1757 1748/1788/1756 1723/1790/1758
f 1747/1789/1757 1723/1790/1758 1722/1791/1759
f 1722/1791/1759 1723/1790/1758 1674/1792/1760
f 1722/1791/1759 1674/1792/1760 1673/1793/1761
f 1673/1793/1761 1674/1792/1760 1698/1794/1762
f 1673/1793/1761 1698/1794/1762 1699/1795/1763
f 1699/1795/1763 1698/1794/1762 1648/1796/1764
f 1699/1795/1763 1648/1796/1764 1647/1797/1765
f 1647/1797/1765 1648/1796/1764 1599/1798/1766
f 1647/1797/1765 1599/1798/1766 1598/1799/1767
f 1598/1799/1767 1599/1798/1766 1629/1800/1768
f 1598/1799/1767 1629/1800/1768 1630/1801/1769
f 1630/1801/1769 1629/1800/1768 1549/1802/1770
f 1630/1801/1769 1549/1802/1770 1548/1803/1771
f 1548/1803/1771 1549/1802/1770 1583/1804/1772
f 1548/1803/1771 1583/1804/1772 1584/1805/1773
f 1584/1805/1773 1583/1804/1772 1499/1806/1774
f 1584/1805/1773 1499/1806/1774 1498/1807/1775
f 1498/1807/1775 1499/1806/1774 1537/1808/1776
f 1498/1807/1775 1537/1808/1776 1538/1809/1777
f 1538/1809/1777 1537/1808/1776 1452/1810/1778
f 1538/1809/1777 1452/1810/1778 1451/1811/1779
f 1451/1811/1779 1452/1810/1778 1491/1812/1780
f 1451/1811/1779 1491/1812/1780 1492/1813/1781
f 1492/1813/1781 1491/1812/1780 1423/1814/1782
f 1492/1813/1781 1423/1814/1782 1422/1815/1783
f 1422/1815/1783 1423/1814/1782 1339/1816/1784
f 1422/1815/1783 1339/1816/1784 1405/1817/1785
f 1445/1737/1705 1406/1735/1703 1444/1818/1786
f 1444/1818/1786 1406/1735/1703 1407/1819/1787
f 1444/1818/1786 1407/1819/1787 1443/1820/1788
f 1443/1820/1788 1407/1819/1787 1442/1821/1789
f 1443/1820/1788 1442/1821/1789 1477/1822/1790
f 1477/1822/1790 1442/1821/1789 1478/1823/1791
f 1477/1822/1790 1478/1823/1791 1468/1824/1792
f 1468/1824/1792 1478/1823/1791 1467/1825/1793
f 1468/1824/1792 1467/1825/1793 1522/1826/1794
f 1522/1826/1794 1467/1825/1793 1523/1827/1795
f 1522/1826/1794 1523/1827/1795 1513/1828/1796
f 1513/1828/1796 1523/1827/1795 1512/1829/1797
f 1513/1828/1796 1512/1829/1797 1570/1830/1798
f 1570/1830/1798 1512/1829/1797 1571/1831/1799
f 1570/1830/1798 1571/1831/1799 1561/1832/1800
f 1561/1832/1800 1571/1831/1799 1560/1833/1801
f 1561/1832/1800 1560/1833/1801 1618/1834/1802
f 1618/1834/1802 1560/1833/1801 1619/1835/1803
f 1618/1834/1802 1619/1835/1803 1609/1836/1804
f 1609/1836/1804 1619/1835/1803 1608/1837/1805
f 1609/1836/1804 1608/1837/1805 1657/1838/1806
f 1657/1838/1806 1608/1837/1805 1656/1839/1807
f 1657/1838/1806 1656/1839/1807 1690/1840/1808
f 1690/1840/1808 1656/1839/1807 1691/1841/1809
f 1690/1840/1808 1691/1841/1809 1681/1842/1810
f 1681/1842/1810 1691/1841/1809 1680/1843/1811
f 1681/1842/1810 1680/1843/1811 1729/1844/1812
f 1729/1844/1812 1680/1843/1811 1728/1845/1813
f 1729/1844/1812 1728/1845/1813 1753/1846/1814
f 1753/1846/1814 1728/1845/1813 1752/1847/1815
f 1753/1846/1814 1752/1847/1815 1777/1848/1816
f 1777/1848/1816 1752/1847/1815 1776/1849/1817
f 1777/1848/1816 1776/1849/1817 1801/1850/1818
f 1801/1850/1818 1776/1849/1817 1800/1851/1819
f 1801/1850/1818 1800/1851/1819 1825/1852/1820
f 1825/1852/1820 1800/1851/1819 1824/1853/1821
f 1825/1852/1820 1824/1853/1821 1849/1854/1822
f 1849/1854/1822 1824/1853/1821 1848/1780/1748
f 1849/1854/1822 1848/1780/1748 1873/1778/1746
f 1407/1819/1787 1408/1855/1823 1442/1821/1789
f 1442/1821/1789 1408/1855/1823 1409/1856/1824
f 1442/1821/1789 1409/1856/1824 1441/1857/1825
f 1441/1857/1825 1409/1856/1824 1440/1858/1826
f 1441/1857/1825 1440/1858/1826 1479/1859/1827
f 1479/1859/1827 1440/1858/1826 1480/1860/1828
f 1479/1859/1827 1480/1860/1828 1466/1861/1829
f 1466/1861/1829 1480/1860/1828 1465/1862/1830
f 1466/1861/1829 1465/1862/1830 1524/1863/1831
f 1524/1863/1831 1465/1862/1830 1525/1864/1832
f 1524/1863/1831 1525/1864/1832 1511/1865/1833
f 1511/1865/1833 1525/1864/1832 1510/1866/1834
f 1511/1865/1833 1510/1866/1834 1572/1867/1835
f 1572/1867/1835 1510/1866/1834 1573/1868/1836
f 1572/1867/1835 1573/1868/1836 1559/1869/1837
f 1559/1869/1837 1573/1868/1836 1558/1870/1838
f 1559/1869/1837 1558/1870/1838 1620/1871/1839
f 1620/1871/1839 1558/1870/1838 1621/1872/1840
f 1620/1871/1839 1621/1872/1840 1607/1873/1841
f 1607/1873/1841 1621/1872/1840 1606/1874/1842
f 1607/1873/1841 1606/1874/1842 1655/1875/1843
f 1655/1875/1843 1606/1874/1842 1654/1876/1844
f 1655/1875/1843 1654/1876/1844 1692/1877/1845
f 1692/1877/1845 1654/1876/1844 1693/1878/1846
f 1692/1877/1845 1693/1878/1846 1679/1879/1847
f 1679/1879/1847 1693/1878/1846 1678/1880/1848
f 1679/1879/1847 1678/1880/1848 1727/1881/1849
f 1727/1881/1849 1678/1880/1848 1726/1882/1850
f 1727/1881/1849 1726/1882/1850 1751/1883/1851
f 1751/1883/1851 1726/1882/1850 1750/1884/1852
f 1751/1883/1851 1750/1884/1852 1775/1885/1853
f 1775/1885/1853 1750/1884/1852 1774/1886/1854
f 1775/1885/1853 1774/1886/1854 1799/1887/1855
f 1799/1887/1855 1774/1886/1854 1798/1784/1752
f 1799/1887/1855 1798/1784/1752 1823/1782/1750
f 1409/1856/1824 1410/1888/1856 1440/1858/1826
f 1440/1858/1826 1410/1888/1856 1439/1889/1857
f 1440/1858/1826 1439/1889/1857 1480/1860/1828
f 1480/1860/1828 1439/1889/1857 1481/1890/1858
f 1480/1860/1828 1481/1890/1858 1465/1862/1830
f 1465/1862/1830 1481/1890/1858 1464/1891/1859
f 1465/1862/1830 1464/1891/1859 1525/1864/1832
f 1525/1864/1832 1464/1891/1859 1526/1892/1860
f 1525/1864/1832 1526/1892/1860 1510/1866/1834
f 1510/1866/1834 1526/1892/1860 1509/1893/1861
f 1510/1866/1834 1509/1893/1861 1573/1868/1836
f 1573/1868/1836 1509/1893/1861 1574/1894/1862
f 1573/1868/1836 1574/1894/1862 1558/1870/1838
f 1558/1870/1838 1574/1894/1862 1557/1895/1863
f 1558/1870/1838 1557/1895/1863 1621/1872/1840
f 1621/1872/1840 1557/1895/1863 1622/1896/1864
f 1621/1872/1840 1622/1896/1864 1606/1874/1842
f 1606/1874/1842 1622/1896/1864 1605/1897/1865
f 1606/1874/1842 1605/1897/1865 1654/1876/1844
f 1654/1876/1844 1605/1897/1865 1653/1898/1866
f 1654/1876/1844 1653/1898/1866 1693/1878/1846
f 1693/1878/1846 1653/1898/1866 1694/1899/1867
f 1693/1878/1846 1694/1899/1867 1678/1880/1848
f 1678/1880/1848 1694/1899/1867 1677/1900/1868
f 1678/1880/1848 1677/1900/1868 1726/1882/1850
f 1726/1882/1850 1677/1900/1868 1725/1901/1869
f 1726/1882/1850 1725/1901/1869 1750/1884/1852
f 1750/1884/1852 1725/1901/1869 1749/1902/1870
f 1750/1884/1852 1749/1902/1870 1774/1886/1854
f 1774/1886/1854 1749/1902/1870 1773/1786/1754
f 1774/1886/1854 1773/1786/1754 1798/1784/1752
f 1410/1888/1856 1411/1903/1871 1439/1889/1857
f 1439/1889/1857 1411/1903/1871 1437/1904/1872
f 1439/1889/1857 1437/1904/1872 1481/1890/1858
f 1481/1890/1858 1437/1904/1872 1438/1905/1873
f 1481/1890/1858 1438/1905/1873 1464/1891/1859
f 1464/1891/1859 1438/1905/1873 1463/1906/1874
f 1464/1891/1859 1463/1906/1874 1526/1892/1860
f 1526/1892/1860 1463/1906/1874 1527/1907/1875
f 1526/1892/1860 1527/1907/1875 1509/1893/1861
f 1509/1893/1861 1527/1907/1875 1508/1908/1876
f 1509/1893/1861 1508/1908/1876 1574/1894/1862
f 1574/1894/1862 1508/1908/1876 1575/1909/1877
f 1574/1894/1862 1575/1909/1877 1557/1895/1863
f 1557/1895/1863 1575/1909/1877 1556/1910/1878
f 1557/1895/1863 1556/1910/1878 1622/1896/1864
f 1622/1896/1864 1556/1910/1878 1623/1911/1879
f 1622/1896/1864 1623/1911/1879 1605/1897/1865
f 1605/1897/1865 1623/1911/1879 1604/1912/1880
f 1605/1897/1865 1604/1912/1880 1653/1898/1866
f 1653/1898/1866 1604/1912/1880 1652/1913/1881
f 1653/1898/1866 1652/1913/1881 1694/1899/1867
f 1694/1899/1867 1652/1913/1881 1695/1914/1882
f 1694/1899/1867 1695/1914/1882 1677/1900/1868
f 1677/1900/1868 1695/1914/1882 1676/1915/1883
f 1677/1900/1868 1676/1915/1883 1725/1901/1869
f 1725/1901/1869 1676/1915/1883 1724/1916/1884
f 1725/1901/1869 1724/1916/1884 1749/1902/1870
f 1749/1902/1870 1724/1916/1884 1748/1788/1756
f 1749/1902/1870 1748/1788/1756 1773/1786/1754
f 1411/1903/1871 1412/1917/1885 1437/1904/1872
f 1437/1904/1872 1412/1917/1885 1438/1905/1873
f 1413/1918/1886 1448/1919/1887 1412/1917/1885
f 1412/1917/1885 1448/1919/1887 1436/1920/1888
f 1412/1917/1885 1436/1920/1888 1438/1905/1873
f 1438/1905/1873 1436/1920/1888 1463/1906/1874
f 1414/1921/1889 1435/1922/1890 1413/1918/1886
f 1413/1918/1886 1435/1922/1890 1482/1923/1891
f 1413/1918/1886 1482/1923/1891 1436/1920/1888
f 1436/1920/1888 1482/1923/1891 1462/1924/1892
f 1436/1920/1888 1462/1924/1892 1463/1906/1874
f 1463/1906/1874 1462/1924/1892 1527/1907/1875
f 1435/1922/1890 1414/1921/1889 1433/1925/1893
f 1433/1925/1893 1414/1921/1889 1415/1926/1894
f 1433/1925/1893 1415/1926/1894 1434/1927/1895
f 1434/1927/1895 1415/1926/1894 1483/1928/1896
f 1434/1927/1895 1483/1928/1896 1460/1929/1897
f 1460/1929/1897 1483/1928/1896 1459/1930/1898
f 1460/1929/1897 1459/1930/1898 1530/1931/1899
f 1530/1931/1899 1459/1930/1898 1531/1932/1900
f 1530/1931/1899 1531/1932/1900 1505/1933/1901
f 1505/1933/1901 1531/1932/1900 1504/1934/1902
f 1505/1933/1901 1504/1934/1902 1578/1935/1903
f 1578/1935/1903 1504/1934/1902 1579/1936/1904
f 1578/1935/1903 1579/1936/1904 1553/1937/1905
f 1553/1937/1905 1579/1936/1904 1552/1938/1906
f 1553/1937/1905 1552/1938/1906 1626/1939/1907
f 1626/1939/1907 1552/1938/1906 1627/1940/1908
f 1626/1939/1907 1627/1940/1908 1601/1941/1909
f 1601/1941/1909 1627/1940/1908 1600/1942/1910
f 1601/1941/1909 1600/1942/1910 1649/1943/1911
f 1649/1943/1911 1600/1942/1910 1648/1796/1764
f 1649/1943/1911 1648/1796/1764 1698/1794/1762
f 1483/1928/1896 1415/1926/1894 1432/1944/1912
f 1432/1944/1912 1415/1926/1894 1416/1945/1913
f 1432/1944/1912 1416/1945/1913 1431/1946/1914
f 1431/1946/1914 1416/1945/1913 1417/1947/1915
f 1431/1946/1914 1417/1947/1915 1430/1948/1916
f 1430/1948/1916 1417/1947/1915 1418/1949/1917
f 1430/1948/1916 1418/1949/1917 1429/1950/1918
f 1429/1950/1918 1418/1949/1917 1419/1951/1919
f 1429/1950/1918 1419/1951/1919 1428/1952/1920
f 1428/1952/1920 1419/1951/1919 1420/1953/1921
f 1428/1952/1920 1420/1953/1921 1427/1954/1922
f 1427/1954/1922 1420/1953/1921 1421/1955/1923
f 1427/1954/1922 1421/1955/1923 1426/1956/1924
f 1426/1956/1924 1421/1955/1923 1425/1957/1925
f 1426/1956/1924 1425/1957/1925 1489/1958/1926
f 1489/1958/1926 1425/1957/1925 1490/1959/1927
f 1489/1958/1926 1490/1959/1927 1453/1960/1928
f 1453/1960/1928 1490/1959/1927 1452/1810/1778
f 1453/1960/1928 1452/1810/1778 1537/1808/1776
f 1425/1957/1925 1421/1955/1923 1424/1961/1929
f 1424/1961/1929 1421/1955/1923 1339/1816/1784
f 1424/1961/1929 1339/1816/1784 1423/1814/1782
f 1404/1962/1930 1449/1963/1931 1405/1817/1785
f 1405/1817/1785 1449/1963/1931 1493/1964/1932
f 1405/1817/1785 1493/1964/1932 1422/1815/1783
f 1422/1815/1783 1493/1964/1932 1492/1813/1781
f 1403/1965/1933 1494/1966/1934 1404/1962/1930
f 1404/1962/1930 1494/1966/1934 1541/1967/1935
f 1404/1962/1930 1541/1967/1935 1449/1963/1931
f 1449/1963/1931 1541/1967/1935 1540/1968/1936
f 1449/1963/1931 1540/1968/1936 1450/1969/1937
f 1450/1969/1937 1540/1968/1936 1539/1970/1938
f 1450/1969/1937 1539/1970/1938 1451/1811/1779
f 1451/1811/1779 1539/1970/1938 1538/1809/1777
f 1402/1971/1939 1542/1972/1940 1403/1965/1933
f 1403/1965/1933 1542/1972/1940 1589/1973/1941
f 1403/1965/1933 1589/1973/1941 1494/1966/1934
f 1494/1966/1934 1589/1973/1941 1588/1974/1942
f 1494/1966/1934 1588/1974/1942 1495/1975/1943
f 1495/1975/1943 1588/1974/1942 1587/1976/1944
f 1495/1975/1943 1587/1976/1944 1496/1977/1945
f 1496/1977/1945 1587/1976/1944 1586/1978/1946
f 1496/1977/1945 1586/1978/1946 1497/1979/1947
f 1497/1979/1947 1586/1978/1946 1585/1980/1948
f 1497/1979/1947 1585/1980/1948 1498/1807/1775
f 1498/1807/1775 1585/1980/1948 1584/1805/1773
f 1401/1981/1949 1590/1982/1950 1402/1971/1939
f 1402/1971/1939 1590/1982/1950 1637/1983/1951
f 1402/1971/1939 1637/1983/1951 1542/1972/1940
f 1542/1972/1940 1637/1983/1951 1636/1984/1952
f 1542/1972/1940 1636/1984/1952 1543/1985/1953
f 1543/1985/1953 1636/1984/1952 1635/1986/1954
f 1543/1985/1953 1635/1986/1954 1544/1987/1955
f 1544/1987/1955 1635/1986/1954 1634/1988/1956
f 1544/1987/1955 1634/1988/1956 1545/1989/1957
f 1545/1989/1957 1634/1988/1956 1633/1990/1958
f 1545/1989/1957 1633/1990/1958 1546/1991/1959
f 1546/1991/1959 1633/1990/1958 1632/1992/1960
f 1546/1991/1959 1632/1992/1960 1547/1993/1961
f 1547/1993/1961 1632/1992/1960 1631/1994/1962
f 1547/1993/1961 1631/1994/1962 1548/1803/1771
f 1548/1803/1771 1631/1994/1962 1630/1801/1769
f 1590/1982/1950 1401/1981/1949 1638/1995/1963
f 1638/1995/1963 1401/1981/1949 1400/1996/1964
f 1638/1995/1963 1400/1996/1964 1709/1997/1965
f 1709/1997/1965 1400/1996/1964 1662/1998/1966
f 1709/1997/1965 1662/1998/1966 1663/1999/1967
f 1663/1999/1967 1662/1998/1966 1711/2000/1968
f 1663/1999/1967 1711/2000/1968 1712/2001/1969
f 1712/2001/1969 1711/2000/1968 1736/2002/1970
f 1712/2001/1969 1736/2002/1970 1737/2003/1971
f 1737/2003/1971 1736/2002/1970 1761/2004/1972
f 1737/2003/1971 1761/2004/1972 1762/2005/1973
f 1762/2005/1973 1761/2004/1972 1786/2006/1974
f 1762/2005/1973 1786/2006/1974 1787/2007/1975
f 1787/2007/1975 1786/2006/1974 1811/2008/1976
f 1787/2007/1975 1811/2008/1976 1812/2009/1977
f 1812/2009/1977 1811/2008/1976 1836/2010/1978
f 1812/2009/1977 1836/2010/1978 1837/2011/1979
f 1837/2011/1979 1836/2010/1978 1861/2012/1980
f 1837/2011/1979 1861/2012/1980 1862/2013/1981
f 1862/2013/1981 1861/2012/1980 1329/2014/1982
f 1862/2013/1981 1329/2014/1982 1863/2015/1983
f 1863/2015/1983 1329/2014/1982 1328/2016/1984
f 1863/2015/1983 1328/2016/1984 1864/2017/1985
f 1864/2017/1985 1328/2016/1984 1327/2018/1986
f 1864/2017/1985 1327/2018/1986 1865/2019/1987
f 1865/2019/1987 1327/2018/1986 1866/2020/1988
f 1865/2019/1987 1866/2020/1988 1841/2021/1989
f 1841/2021/1989 1866/2020/1988 1842/2022/1990
f 1841/2021/1989 1842/2022/1990 1817/2023/1991
f 1817/2023/1991 1842/2022/1990 1818/2024/1992
f 1817/2023/1991 1818/2024/1992 1793/2025/1993
f 1793/2025/1993 1818/2024/1992 1794/2026/1994
f 1793/2025/1993 1794/2026/1994 1769/2027/1995
f 1769/2027/1995 1794/2026/1994 1770/2028/1996
f 1769/2027/1995 1770/2028/1996 1745/2029/1997
f 1745/2029/1997 1770/2028/1996 1746/2030/1998
f 1745/2029/1997 1746/2030/1998 1721/2031/1999
f 1721/2031/1999 1746/2030/1998 1722/1791/1759
f 1721/2031/1999 1722/1791/1759 1673/1793/1761
f 1400/1996/1964 1399/2032/2000 1662/1998/1966
f 1662/1998/1966 1399/2032/2000 1710/2033/2001
f 1662/1998/1966 1710/2033/2001 1711/2000/1968
f 1711/2000/1968 1710/2033/2001 1735/2034/2002
f 1711/2000/1968 1735/2034/2002 1736/2002/1970
f 1736/2002/1970 1735/2034/2002 1760/2035/2003
f 1736/2002/1970 1760/2035/2003 1761/2004/1972
f 1761/2004/1972 1760/2035/2003 1785/2036/2004
f 1761/2004/1972 1785/2036/2004 1786/2006/1974
f 1786/2006/1974 1785/2036/2004 1810/2037/2005
f 1786/2006/1974 1810/2037/2005 1811/2008/1976
f 1811/2008/1976 1810/2037/2005 1835/2038/2006
f 1811/2008/1976 1835/2038/2006 1836/2010/1978
f 1836/2010/1978 1835/2038/2006 1860/2039/2007
f 1836/2010/1978 1860/2039/2007 1861/2012/1980
f 1861/2012/1980 1860/2039/2007 1330/2040/2008
f 1861/2012/1980 1330/2040/2008 1329/2014/1982
f 1399/2032/2000 1398/2041/2009 1710/2033/2001
f 1710/2033/2001 1398/2041/2009 1397/2042/2010
f 1710/2033/2001 1397/2042/2010 1396/2043/2011
f 1710/2033/2001 1396/2043/2011 1734/2044/2012
f 1734/2044/2012 1396/2043/2011 1395/2045/2013
f 1734/2044/2012 1395/2045/2013 1394/2046/2014
f 1734/2044/2012 1394/2046/2014 1758/2047/2015
f 1758/2047/2015 1394/2046/2014 1393/2048/2016
f 1758/2047/2015 1393/2048/2016 1392/2049/2017
f 1758/2047/2015 1392/2049/2017 1782/2050/2018
f 1782/2050/2018 1392/2049/2017 1391/2051/2019
f 1782/2050/2018 1391/2051/2019 1390/2052/2020
f 1390/2052/2020 1389/2053/2021 1782/2050/2018
f 1782/2050/2018 1389/2053/2021 1388/2054/2022
f 1782/2050/2018 1388/2054/2022 1387/2055/2023
f 1387/2055/2023 1386/2056/2024 1782/2050/2018
f 1782/2050/2018 1386/2056/2024 1806/2057/2025
f 1782/2050/2018 1806/2057/2025 1807/2058/2026
f 1807/2058/2026 1806/2057/2025 1831/2059/2027
f 1807/2058/2026 1831/2059/2027 1832/2060/2028
f 1832/2060/2028 1831/2059/2027 1856/2061/2029
f 1832/2060/2028 1856/2061/2029 1857/2062/2030
f 1857/2062/2030 1856/2061/2029 1332/2063/2031
f 1857/2062/2030 1332/2063/2031 1331/2064/2032
f 1386/2056/2024 1385/2065/2033 1806/2057/2025
f 1806/2057/2025 1385/2065/2033 1384/2066/2034
f 1806/2057/2025 1384/2066/2034 1383/2067/2035
f 1383/2067/2035 1382/2068/2036 1806/2057/2025
f 1806/2057/2025 1382/2068/2036 1830/2069/2037
f 1806/2057/2025 1830/2069/2037 1831/2059/2027
f 1831/2059/2027 1830/2069/2037 1855/2070/2038
f 1831/2059/2027 1855/2070/2038 1856/2061/2029
f 1856/2061/2029 1855/2070/2038 1333/2071/2039
f 1856/2061/2029 1333/2071/2039 1332/2063/2031
f 1382/2068/2036 1381/2072/2040 1830/2069/2037
f 1830/2069/2037 1381/2072/2040 1380/2073/2041
f 1830/2069/2037 1380/2073/2041 1379/2074/2042
f 1379/2074/2042 1378/2075/2043 1830/2069/2037
f 1830/2069/2037 1378/2075/2043 1854/2076/2044
f 1830/2069/2037 1854/2076/2044 1855/2070/2038
f 1855/2070/2038 1854/2076/2044 1335/2077/2045
f 1855/2070/2038 1335/2077/2045 1334/2078/2046
f 1378/2075/2043 1377/2079/2047 1854/2076/2044
f 1854/2076/2044 1377/2079/2047 1376/2080/2048
f 1854/2076/2044 1376/2080/2048 1375/2081/2049
f 1375/2081/2049 1374/2082/2050 1854/2076/2044
f 1854/2076/2044 1374/2082/2050 1336/2083/2051
f 1854/2076/2044 1336/2083/2051 1335/2077/2045
f 1312/2084/2052 1338/2085/2053 1374/2082/2050
f 1374/2082/2050 1338/2085/2053 1337/2086/2054
f 1374/2082/2050 1337/2086/2054 1336/2083/2051
f 1334/2078/2046 1333/2071/2039 1855/2070/2038
f 1330/2040/2008 1859/2087/2055 1331/2064/2032
f 1331/2064/2032 1859/2087/2055 1858/2088/2056
f 1331/2064/2032 1858/2088/2056 1857/2062/2030
f 1857/2062/2030 1858/2088/2056 1833/2089/2057
f 1857/2062/2030 1833/2089/2057 1832/2060/2028
f 1832/2060/2028 1833/2089/2057 1808/2090/2058
f 1832/2060/2028 1808/2090/2058 1807/2058/2026
f 1807/2058/2026 1808/2090/2058 1783/2091/2059
f 1807/2058/2026 1783/2091/2059 1782/2050/2018
f 1782/2050/2018 1783/2091/2059 1758/2047/2015
f 1327/2018/1986 1326/2092/2060 1866/2020/1988
f 1866/2020/1988 1326/2092/2060 1842/2022/1990
f 1325/2093/2061 1867/2094/2062 1326/2092/2060
f 1326/2092/2060 1867/2094/2062 1843/2095/2063
f 1326/2092/2060 1843/2095/2063 1842/2022/1990
f 1842/2022/1990 1843/2095/2063 1818/2024/1992
f 1325/2093/2061 1324/2096/2064 1867/2094/2062
f 1867/2094/2062 1324/2096/2064 1868/2097/2065
f 1867/2094/2062 1868/2097/2065 1843/2095/2063
f 1843/2095/2063 1868/2097/2065 1844/2098/2066
f 1843/2095/2063 1844/2098/2066 1819/2099/2067
f 1819/2099/2067 1844/2098/2066 1820/2100/2068
f 1819/2099/2067 1820/2100/2068 1795/2101/2069
f 1795/2101/2069 1820/2100/2068 1796/2102/2070
f 1795/2101/2069 1796/2102/2070 1771/2103/2071
f 1771/2103/2071 1796/2102/2070 1772/1787/1755
f 1771/2103/2071 1772/1787/1755 1747/1789/1757
f 1868/2097/2065 1324/2096/2064 1869/2104/2072
f 1869/2104/2072 1324/2096/2064 1323/2105/2073
f 1869/2104/2072 1323/2105/2073 1870/2106/2074
f 1870/2106/2074 1323/2105/2073 1871/2107/2075
f 1870/2106/2074 1871/2107/2075 1846/2108/2076
f 1846/2108/2076 1871/2107/2075 1847/1781/1749
f 1846/2108/2076 1847/1781/1749 1822/1783/1751
f 1871/2107/2075 1323/2105/2073 1872/1779/1747
f 1872/1779/1747 1323/2105/2073 1322/1777/1745
f 1320/1774/1742 1319/2109/2077 1876/1772/1740
f 1876/1772/1740 1319/2109/2077 1877/2110/2078
f 1876/1772/1740 1877/2110/2078 1852/1770/1738
f 1852/1770/1738 1877/2110/2078 1853/2111/2079
f 1852/1770/1738 1853/2111/2079 1828/1768/1736
f 1828/1768/1736 1853/2111/2079 1829/2112/2080
f 1828/1768/1736 1829/2112/2080 1804/1766/1734
f 1804/1766/1734 1829/2112/2080 1805/2113/2081
f 1804/1766/1734 1805/2113/2081 1780/1764/1732
f 1780/1764/1732 1805/2113/2081 1781/2114/2082
f 1780/1764/1732 1781/2114/2082 1756/1762/1730
f 1756/1762/1730 1781/2114/2082 1757/2115/2083
f 1756/1762/1730 1757/2115/2083 1732/1760/1728
f 1732/1760/1728 1757/2115/2083 1733/2116/2084
f 1732/1760/1728 1733/2116/2084 1684/1758/1726
f 1684/1758/1726 1733/2116/2084 1685/2117/2085
f 1684/1758/1726 1685/2117/2085 1687/1756/1724
f 1687/1756/1724 1685/2117/2085 1686/2118/2086
f 1687/1756/1724 1686/2118/2086 1660/1754/1722
f 1660/1754/1722 1686/2118/2086 1661/2119/2087
f 1660/1754/1722 1661/2119/2087 1612/1752/1720
f 1612/1752/1720 1661/2119/2087 1613/2120/2088
f 1612/1752/1720 1613/2120/2088 1615/1750/1718
f 1615/1750/1718 1613/2120/2088 1614/2121/2089
f 1615/1750/1718 1614/2121/2089 1564/1748/1716
f 1564/1748/1716 1614/2121/2089 1565/2122/2090
f 1564/1748/1716 1565/2122/2090 1567/1746/1714
f 1567/1746/1714 1565/2122/2090 1566/2123/2091
f 1567/1746/1714 1566/2123/2091 1516/1744/1712
f 1516/1744/1712 1566/2123/2091 1517/2124/2092
f 1516/1744/1712 1517/2124/2092 1519/1742/1710
f 1519/1742/1710 1517/2124/2092 1518/2125/2093
f 1519/1742/1710 1518/2125/2093 1471/1740/1708
f 1471/1740/1708 1518/2125/2093 1472/2126/2094
f 1471/1740/1708 1472/2126/2094 1474/1738/1706
f 1474/1738/1706 1472/2126/2094 1473/2127/2095
f 1474/1738/1706 1473/2127/2095 1446/1736/1704
f 1446/1736/1704 1473/2127/2095 1447/1734/1702
f 1319/2109/2077 1318/2128/2096 1877/2110/2078
f 1877/2110/2078 1318/2128/2096 1317/2129/2097
f 1877/2110/2078 1317/2129/2097 1372/2130/2098
f 1372/2130/2098 1317/2129/2097 1373/2131/2099
f 1373/2131/2099 1317/2129/2097 1316/2132/2100
f 1373/2131/2099 1316/2132/2100 1315/2133/2101
f 1315/2133/2101 1314/2134/2102 1373/2131/2099
f 1373/2131/2099 1314/2134/2102 1313/2135/2103
f 1372/2130/2098 1371/2136/2104 1877/2110/2078
f 1877/2110/2078 1371/2136/2104 1370/2137/2105
f 1877/2110/2078 1370/2137/2105 1369/2138/2106
f 1877/2110/2078 1369/2138/2106 1853/2111/2079
f 1853/2111/2079 1369/2138/2106 1368/2139/2107
f 1853/2111/2079 1368/2139/2107 1367/2140/2108
f 1367/2140/2108 1366/2141/2109 1853/2111/2079
f 1853/2111/2079 1366/2141/2109 1829/2112/2080
f 1366/2141/2109 1365/2142/2110 1829/2112/2080
f 1829/2112/2080 1365/2142/2110 1364/2143/2111
f 1829/2112/2080 1364/2143/2111 1363/2144/2112
f 1363/2144/2112 1362/2145/2113 1829/2112/2080
f 1829/2112/2080 1362/2145/2113 1805/2113/2081
f 1362/2145/2113 1361/2146/2114 1805/2113/2081
f 1805/2113/2081 1361/2146/2114 1360/2147/2115
f 1805/2113/2081 1360/2147/2115 1359/2148/2116
f 1359/2148/2116 1358/2149/2117 1805/2113/2081
f 1805/2113/2081 1358/2149/2117 1357/2150/2118
f 1805/2113/2081 1357/2150/2118 1356/2151/2119
f 1805/2113/2081 1356/2151/2119 1781/2114/2082
f 1781/2114/2082 1356/2151/2119 1355/2152/2120
f 1781/2114/2082 1355/2152/2120 1354/2153/2121
f 1781/2114/2082 1354/2153/2121 1757/2115/2083
f 1757/2115/2083 1354/2153/2121 1353/2154/2122
f 1757/2115/2083 1353/2154/2122 1352/2155/2123
f 1757/2115/2083 1352/2155/2123 1733/2116/2084
f 1733/2116/2084 1352/2155/2123 1351/2156/2124
f 1733/2116/2084 1351/2156/2124 1350/2157/2125
f 1350/2157/2125 1349/2158/2126 1733/2116/2084
f 1733/2116/2084 1349/2158/2126 1348/2159/2127
f 1733/2116/2084 1348/2159/2127 1685/2117/2085
f 1685/2117/2085 1348/2159/2127 1347/2160/2128
f 1685/2117/2085 1347/2160/2128 1686/2118/2086
f 1686/2118/2086 1347/2160/2128 1346/2161/2129
f 1686/2118/2086 1346/2161/2129 1661/2119/2087
f 1661/2119/2087 1346/2161/2129 1345/2162/2130
f 1661/2119/2087 1345/2162/2130 1613/2120/2088
f 1613/2120/2088 1345/2162/2130 1614/2121/2089
f 1345/2162/2130 1344/2163/2131 1614/2121/2089
f 1614/2121/2089 1344/2163/2131 1565/2122/2090
f 1344/2163/2131 1343/2164/2132 1565/2122/2090
f 1565/2122/2090 1343/2164/2132 1566/2123/2091
f 1566/2123/2091 1343/2164/2132 1517/2124/2092
f 1517/2124/2092 1343/2164/2132 1342/2165/2133
f 1517/2124/2092 1342/2165/2133 1518/2125/2093
f 1518/2125/2093 1342/2165/2133 1472/2126/2094
f 1342/2165/2133 1341/1732/1700 1472/2126/2094
f 1472/2126/2094 1341/1732/1700 1473/2127/2095
f 1473/2127/2095 1341/1732/1700 1447/1734/1702
f 1490/1959/1927 1425/1957/1925 1424/1961/1929
f 1490/1959/1927 1424/1961/1929 1491/1812/1780
f 1491/1812/1780 1424/1961/1929 1423/1814/1782
f 1427/1954/1922 1426/1956/1924 1488/2166/2134
f 1488/2166/2134 1426/1956/1924 1489/1958/1926
f 1488/2166/2134 1489/1958/1926 1454/2167/2135
f 1454/2167/2135 1489/1958/1926 1453/1960/1928
f 1454/2167/2135 1453/1960/1928 1536/2168/2136
f 1536/2168/2136 1453/1960/1928 1537/1808/1776
f 1536/2168/2136 1537/1808/1776 1499/1806/1774
f 1428/1952/1920 1427/1954/1922 1487/2169/2137
f 1487/2169/2137 1427/1954/1922 1488/2166/2134
f 1487/2169/2137 1488/2166/2134 1455/2170/2138
f 1455/2170/2138 1488/2166/2134 1454/2167/2135
f 1455/2170/2138 1454/2167/2135 1535/2171/2139
f 1535/2171/2139 1454/2167/2135 1536/2168/2136
f 1535/2171/2139 1536/2168/2136 1500/2172/2140
f 1500/2172/2140 1536/2168/2136 1499/1806/1774
f 1500/2172/2140 1499/1806/1774 1583/1804/1772
f 1429/1950/1918 1428/1952/1920 1486/2173/2141
f 1486/2173/2141 1428/1952/1920 1487/2169/2137
f 1486/2173/2141 1487/2169/2137 1456/2174/2142
f 1456/2174/2142 1487/2169/2137 1455/2170/2138
f 1456/2174/2142 1455/2170/2138 1534/2175/2143
f 1534/2175/2143 1455/2170/2138 1535/2171/2139
f 1534/2175/2143 1535/2171/2139 1501/2176/2144
f 1501/2176/2144 1535/2171/2139 1500/2172/2140
f 1501/2176/2144 1500/2172/2140 1582/2177/2145
f 1582/2177/2145 1500/2172/2140 1583/1804/1772
f 1582/2177/2145 1583/1804/1772 1549/1802/1770
f 1430/1948/1916 1429/1950/1918 1485/2178/2146
f 1485/2178/2146 1429/1950/1918 1486/2173/2141
f 1485/2178/2146 1486/2173/2141 1457/2179/2147
f 1457/2179/2147 1486/2173/2141 1456/2174/2142
f 1457/2179/2147 1456/2174/2142 1533/2180/2148
f 1533/2180/2148 1456/2174/2142 1534/2175/2143
f 1533/2180/2148 1534/2175/2143 1502/2181/2149
f 1502/2181/2149 1534/2175/2143 1501/2176/2144
f 1502/2181/2149 1501/2176/2144 1581/2182/2150
f 1581/2182/2150 1501/2176/2144 1582/2177/2145
f 1581/2182/2150 1582/2177/2145 1550/2183/2151
f 1550/2183/2151 1582/2177/2145 1549/1802/1770
f 1550/2183/2151 1549/1802/1770 1629/1800/1768
f 1483/1928/1896 1432/1944/1912 1431/1946/1914
f 1431/1946/1914 1430/1948/1916 1484/2184/2152
f 1484/2184/2152 1430/1948/1916 1485/2178/2146
f 1484/2184/2152 1485/2178/2146 1458/2185/2153
f 1458/2185/2153 1485/2178/2146 1457/2179/2147
f 1458/2185/2153 1457/2179/2147 1532/2186/2154
f 1532/2186/2154 1457/2179/2147 1533/2180/2148
f 1532/2186/2154 1533/2180/2148 1503/2187/2155
f 1503/2187/2155 1533/2180/2148 1502/2181/2149
f 1503/2187/2155 1502/2181/2149 1580/2188/2156
f 1580/2188/2156 1502/2181/2149 1581/2182/2150
f 1580/2188/2156 1581/2182/2150 1551/2189/2157
f 1551/2189/2157 1581/2182/2150 1550/2183/2151
f 1551/2189/2157 1550/2183/2151 1628/2190/2158
f 1628/2190/2158 1550/2183/2151 1629/1800/1768
f 1628/2190/2158 1629/1800/1768 1599/1798/1766
f 1482/1923/1891 1435/1922/1890 1433/1925/1893
f 1413/1918/1886 1436/1920/1888 1448/1919/1887
f 1478/1823/1791 1442/1821/1789 1441/1857/1825
f 1478/1823/1791 1441/1857/1825 1479/1859/1827
f 1475/1739/1707 1445/1737/1705 1444/1818/1786
f 1444/1818/1786 1443/1820/1788 1476/2191/2159
f 1476/2191/2159 1443/1820/1788 1477/1822/1790
f 1476/2191/2159 1477/1822/1790 1469/2192/2160
f 1469/2192/2160 1477/1822/1790 1468/1824/1792
f 1469/2192/2160 1468/1824/1792 1521/2193/2161
f 1521/2193/2161 1468/1824/1792 1522/1826/1794
f 1521/2193/2161 1522/1826/1794 1514/2194/2162
f 1514/2194/2162 1522/1826/1794 1513/1828/1796
f 1514/2194/2162 1513/1828/1796 1569/2195/2163
f 1569/2195/2163 1513/1828/1796 1570/1830/1798
f 1569/2195/2163 1570/1830/1798 1562/2196/2164
f 1562/2196/2164 1570/1830/1798 1561/1832/1800
f 1562/2196/2164 1561/1832/1800 1617/2197/2165
f 1617/2197/2165 1561/1832/1800 1618/1834/1802
f 1617/2197/2165 1618/1834/1802 1610/2198/2166
f 1610/2198/2166 1618/1834/1802 1609/1836/1804
f 1610/2198/2166 1609/1836/1804 1658/2199/2167
f 1658/2199/2167 1609/1836/1804 1657/1838/1806
f 1658/2199/2167 1657/1838/1806 1689/2200/2168
f 1689/2200/2168 1657/1838/1806 1690/1840/1808
f 1689/2200/2168 1690/1840/1808 1682/2201/2169
f 1682/2201/2169 1690/1840/1808 1681/1842/1810
f 1682/2201/2169 1681/1842/1810 1730/2202/2170
f 1730/2202/2170 1681/1842/1810 1729/1844/1812
f 1730/2202/2170 1729/1844/1812 1754/2203/2171
f 1754/2203/2171 1729/1844/1812 1753/1846/1814
f 1754/2203/2171 1753/1846/1814 1778/2204/2172
f 1778/2204/2172 1753/1846/1814 1777/1848/1816
f 1778/2204/2172 1777/1848/1816 1802/2205/2173
f 1802/2205/2173 1777/1848/1816 1801/1850/1818
f 1802/2205/2173 1801/1850/1818 1826/2206/2174
f 1826/2206/2174 1801/1850/1818 1825/1852/1820
f 1826/2206/2174 1825/1852/1820 1850/2207/2175
f 1850/2207/2175 1825/1852/1820 1849/1854/1822
f 1850/2207/2175 1849/1854/1822 1874/1776/1744
f 1874/1776/1744 1849/1854/1822 1873/1778/1746
f 1492/1813/1781 1493/1964/1932 1450/1969/1937
f 1450/1969/1937 1493/1964/1932 1449/1963/1931
f 1450/1969/1937 1451/1811/1779 1492/1813/1781
f 1490/1959/1927 1491/1812/1780 1452/1810/1778
f 1458/2185/2153 1459/1930/1898 1484/2184/2152
f 1484/2184/2152 1459/1930/1898 1483/1928/1896
f 1484/2184/2152 1483/1928/1896 1431/1946/1914
f 1459/1930/1898 1458/2185/2153 1531/1932/1900
f 1531/1932/1900 1458/2185/2153 1532/2186/2154
f 1531/1932/1900 1532/2186/2154 1504/1934/1902
f 1504/1934/1902 1532/2186/2154 1503/2187/2155
f 1504/1934/1902 1503/2187/2155 1579/1936/1904
f 1579/1936/1904 1503/2187/2155 1580/2188/2156
f 1579/1936/1904 1580/2188/2156 1552/1938/1906
f 1552/1938/1906 1580/2188/2156 1551/2189/2157
f 1552/1938/1906 1551/2189/2157 1627/1940/1908
f 1627/1940/1908 1551/2189/2157 1628/2190/2158
f 1627/1940/1908 1628/2190/2158 1600/1942/1910
f 1600/1942/1910 1628/2190/2158 1599/1798/1766
f 1600/1942/1910 1599/1798/1766 1648/1796/1764
f 1460/1929/1897 1461/2208/2176 1434/1927/1895
f 1434/1927/1895 1461/2208/2176 1482/1923/1891
f 1434/1927/1895 1482/1923/1891 1433/1925/1893
f 1482/1923/1891 1461/2208/2176 1462/1924/1892
f 1462/1924/1892 1461/2208/2176 1528/2209/2177
f 1462/1924/1892 1528/2209/2177 1527/1907/1875
f 1527/1907/1875 1528/2209/2177 1508/1908/1876
f 1461/2208/2176 1460/1929/1897 1529/2210/2178
f 1529/2210/2178 1460/1929/1897 1530/1931/1899
f 1529/2210/2178 1530/1931/1899 1506/2211/2179
f 1506/2211/2179 1530/1931/1899 1505/1933/1901
f 1506/2211/2179 1505/1933/1901 1577/2212/2180
f 1577/2212/2180 1505/1933/1901 1578/1935/1903
f 1577/2212/2180 1578/1935/1903 1554/2213/2181
f 1554/2213/2181 1578/1935/1903 1553/1937/1905
f 1554/2213/2181 1553/1937/1905 1625/2214/2182
f 1625/2214/2182 1553/1937/1905 1626/1939/1907
f 1625/2214/2182 1626/1939/1907 1602/2215/2183
f 1602/2215/2183 1626/1939/1907 1601/1941/1909
f 1602/2215/2183 1601/1941/1909 1650/2216/2184
f 1650/2216/2184 1601/1941/1909 1649/1943/1911
f 1650/2216/2184 1649/1943/1911 1697/2217/2185
f 1697/2217/2185 1649/1943/1911 1698/1794/1762
f 1697/2217/2185 1698/1794/1762 1674/1792/1760
f 1478/1823/1791 1479/1859/1827 1467/1825/1793
f 1467/1825/1793 1479/1859/1827 1466/1861/1829
f 1467/1825/1793 1466/1861/1829 1523/1827/1795
f 1523/1827/1795 1466/1861/1829 1524/1863/1831
f 1523/1827/1795 1524/1863/1831 1512/1829/1797
f 1512/1829/1797 1524/1863/1831 1511/1865/1833
f 1512/1829/1797 1511/1865/1833 1571/1831/1799
f 1571/1831/1799 1511/1865/1833 1572/1867/1835
f 1571/1831/1799 1572/1867/1835 1560/1833/1801
f 1560/1833/1801 1572/1867/1835 1559/1869/1837
f 1560/1833/1801 1559/1869/1837 1619/1835/1803
f 1619/1835/1803 1559/1869/1837 1620/1871/1839
f 1619/1835/1803 1620/1871/1839 1608/1837/1805
f 1608/1837/1805 1620/1871/1839 1607/1873/1841
f 1608/1837/1805 1607/1873/1841 1656/1839/1807
f 1656/1839/1807 1607/1873/1841 1655/1875/1843
f 1656/1839/1807 1655/1875/1843 1691/1841/1809
f 1691/1841/1809 1655/1875/1843 1692/1877/1845
f 1691/1841/1809 1692/1877/1845 1680/1843/1811
f 1680/1843/1811 1692/1877/1845 1679/1879/1847
f 1680/1843/1811 1679/1879/1847 1728/1845/1813
f 1728/1845/1813 1679/1879/1847 1727/1881/1849
f 1728/1845/1813 1727/1881/1849 1752/1847/1815
f 1752/1847/1815 1727/1881/1849 1751/1883/1851
f 1752/1847/1815 1751/1883/1851 1776/1849/1817
f 1776/1849/1817 1751/1883/1851 1775/1885/1853
f 1776/1849/1817 1775/1885/1853 1800/1851/1819
f 1800/1851/1819 1775/1885/1853 1799/1887/1855
f 1800/1851/1819 1799/1887/1855 1824/1853/1821
f 1824/1853/1821 1799/1887/1855 1823/1782/1750
f 1824/1853/1821 1823/1782/1750 1848/1780/1748
f 1469/2192/2160 1470/1741/1709 1476/2191/2159
f 1476/2191/2159 1470/1741/1709 1475/1739/1707
f 1476/2191/2159 1475/1739/1707 1444/1818/1786
f 1470/1741/1709 1469/2192/2160 1520/1743/1711
f 1520/1743/1711 1469/2192/2160 1521/2193/2161
f 1520/1743/1711 1521/2193/2161 1515/1745/1713
f 1515/1745/1713 1521/2193/2161 1514/2194/2162
f 1515/1745/1713 1514/2194/2162 1568/1747/1715
f 1568/1747/1715 1514/2194/2162 1569/2195/2163
f 1568/1747/1715 1569/2195/2163 1563/1749/1717
f 1563/1749/1717 1569/2195/2163 1562/2196/2164
f 1563/1749/1717 1562/2196/2164 1616/1751/1719
f 1616/1751/1719 1562/2196/2164 1617/2197/2165
f 1616/1751/1719 1617/2197/2165 1611/1753/1721
f 1611/1753/1721 1617/2197/2165 1610/2198/2166
f 1611/1753/1721 1610/2198/2166 1659/1755/1723
f 1659/1755/1723 1610/2198/2166 1658/2199/2167
f 1659/1755/1723 1658/2199/2167 1688/1757/1725
f 1688/1757/1725 1658/2199/2167 1689/2200/2168
f 1688/1757/1725 1689/2200/2168 1683/1759/1727
f 1683/1759/1727 1689/2200/2168 1682/2201/2169
f 1683/1759/1727 1682/2201/2169 1731/1761/1729
f 1731/1761/1729 1682/2201/2169 1730/2202/2170
f 1731/1761/1729 1730/2202/2170 1755/1763/1731
f 1755/1763/1731 1730/2202/2170 1754/2203/2171
f 1755/1763/1731 1754/2203/2171 1779/1765/1733
f 1779/1765/1733 1754/2203/2171 1778/2204/2172
f 1779/1765/1733 1778/2204/2172 1803/1767/1735
f 1803/1767/1735 1778/2204/2172 1802/2205/2173
f 1803/1767/1735 1802/2205/2173 1827/1769/1737
f 1827/1769/1737 1802/2205/2173 1826/2206/2174
f 1827/1769/1737 1826/2206/2174 1851/1771/1739
f 1851/1771/1739 1826/2206/2174 1850/2207/2175
f 1851/1771/1739 1850/2207/2175 1875/1773/1741
f 1875/1773/1741 1850/2207/2175 1874/1776/1744
f 1540/1968/1936 1541/1967/1935 1495/1975/1943
f 1495/1975/1943 1541/1967/1935 1494/1966/1934
f 1539/1970/1938 1540/1968/1936 1496/1977/1945
f 1496/1977/1945 1540/1968/1936 1495/1975/1943
f 1538/1809/1777 1539/1970/1938 1497/1979/1947
f 1497/1979/1947 1539/1970/1938 1496/1977/1945
f 1497/1979/1947 1498/1807/1775 1538/1809/1777
f 1506/2211/2179 1507/2218/2186 1529/2210/2178
f 1529/2210/2178 1507/2218/2186 1528/2209/2177
f 1529/2210/2178 1528/2209/2177 1461/2208/2176
f 1575/1909/1877 1508/1908/1876 1507/2218/2186
f 1507/2218/2186 1508/1908/1876 1528/2209/2177
f 1507/2218/2186 1506/2211/2179 1576/2219/2187
f 1576/2219/2187 1506/2211/2179 1577/2212/2180
f 1576/2219/2187 1577/2212/2180 1555/2220/2188
f 1555/2220/2188 1577/2212/2180 1554/2213/2181
f 1555/2220/2188 1554/2213/2181 1624/2221/2189
f 1624/2221/2189 1554/2213/2181 1625/2214/2182
f 1624/2221/2189 1625/2214/2182 1603/2222/2190
f 1603/2222/2190 1625/2214/2182 1602/2215/2183
f 1603/2222/2190 1602/2215/2183 1651/2223/2191
f 1651/2223/2191 1602/2215/2183 1650/2216/2184
f 1651/2223/2191 1650/2216/2184 1696/2224/2192
f 1696/2224/2192 1650/2216/2184 1697/2217/2185
f 1696/2224/2192 1697/2217/2185 1675/2225/2193
f 1675/2225/2193 1697/2217/2185 1674/1792/1760
f 1675/2225/2193 1674/1792/1760 1723/1790/1758
f 1588/1974/1942 1589/1973/1941 1543/1985/1953
f 1543/1985/1953 1589/1973/1941 1542/1972/1940
f 1587/1976/1944 1588/1974/1942 1544/1987/1955
f 1544/1987/1955 1588/1974/1942 1543/1985/1953
f 1586/1978/1946 1587/1976/1944 1545/1989/1957
f 1545/1989/1957 1587/1976/1944 1544/1987/1955
f 1585/1980/1948 1586/1978/1946 1546/1991/1959
f 1546/1991/1959 1586/1978/1946 1545/1989/1957
f 1584/1805/1773 1585/1980/1948 1547/1993/1961
f 1547/1993/1961 1585/1980/1948 1546/1991/1959
f 1547/1993/1961 1548/1803/1771 1584/1805/1773
f 1555/2220/2188 1556/1910/1878 1576/2219/2187
f 1576/2219/2187 1556/1910/1878 1575/1909/1877
f 1576/2219/2187 1575/1909/1877 1507/2218/2186
f 1556/1910/1878 1555/2220/2188 1623/1911/1879
f 1623/1911/1879 1555/2220/2188 1624/2221/2189
f 1623/1911/1879 1624/2221/2189 1604/1912/1880
f 1604/1912/1880 1624/2221/2189 1603/2222/2190
f 1604/1912/1880 1603/2222/2190 1652/1913/1881
f 1652/1913/1881 1603/2222/2190 1651/2223/2191
f 1652/1913/1881 1651/2223/2191 1695/1914/1882
f 1695/1914/1882 1651/2223/2191 1696/2224/2192
f 1695/1914/1882 1696/2224/2192 1676/1915/1883
f 1676/1915/1883 1696/2224/2192 1675/2225/2193
f 1676/1915/1883 1675/2225/2193 1724/1916/1884
f 1724/1916/1884 1675/2225/2193 1723/1790/1758
f 1724/1916/1884 1723/1790/1758 1748/1788/1756
f 1636/1984/1952 1637/1983/1951 1591/2226/2194
f 1591/2226/2194 1637/1983/1951 1590/1982/1950
f 1591/2226/2194 1590/1982/1950 1639/2227/2195
f 1639/2227/2195 1590/1982/1950 1638/1995/1963
f 1639/2227/2195 1638/1995/1963 1708/2228/2196
f 1708/2228/2196 1638/1995/1963 1709/1997/1965
f 1708/2228/2196 1709/1997/1965 1663/1999/1967
f 1635/1986/1954 1636/1984/1952 1592/2229/2197
f 1592/2229/2197 1636/1984/1952 1591/2226/2194
f 1592/2229/2197 1591/2226/2194 1640/2230/2198
f 1640/2230/2198 1591/2226/2194 1639/2227/2195
f 1640/2230/2198 1639/2227/2195 1707/2231/2199
f 1707/2231/2199 1639/2227/2195 1708/2228/2196
f 1707/2231/2199 1708/2228/2196 1664/2232/2200
f 1664/2232/2200 1708/2228/2196 1663/1999/1967
f 1664/2232/2200 1663/1999/1967 1712/2001/1969
f 1634/1988/1956 1635/1986/1954 1593/2233/2201
f 1593/2233/2201 1635/1986/1954 1592/2229/2197
f 1593/2233/2201 1592/2229/2197 1641/2234/2202
f 1641/2234/2202 1592/2229/2197 1640/2230/2198
f 1641/2234/2202 1640/2230/2198 1706/2235/2203
f 1706/2235/2203 1640/2230/2198 1707/2231/2199
f 1706/2235/2203 1707/2231/2199 1665/2236/2204
f 1665/2236/2204 1707/2231/2199 1664/2232/2200
f 1665/2236/2204 1664/2232/2200 1713/2237/2205
f 1713/2237/2205 1664/2232/2200 1712/2001/1969
f 1713/2237/2205 1712/2001/1969 1737/2003/1971
f 1633/1990/1958 1634/1988/1956 1594/2238/2206
f 1594/2238/2206 1634/1988/1956 1593/2233/2201
f 1594/2238/2206 1593/2233/2201 1642/2239/2207
f 1642/2239/2207 1593/2233/2201 1641/2234/2202
f 1642/2239/2207 1641/2234/2202 1705/2240/2208
f 1705/2240/2208 1641/2234/2202 1706/2235/2203
f 1705/2240/2208 1706/2235/2203 1666/2241/2209
f 1666/2241/2209 1706/2235/2203 1665/2236/2204
f 1666/2241/2209 1665/2236/2204 1714/2242/2210
f 1714/2242/2210 1665/2236/2204 1713/2237/2205
f 1714/2242/2210 1713/2237/2205 1738/2243/2211
f 1738/2243/2211 1713/2237/2205 1737/2003/1971
f 1738/2243/2211 1737/2003/1971 1762/2005/1973
f 1632/1992/1960 1633/1990/1958 1595/2244/2212
f 1595/2244/2212 1633/1990/1958 1594/2238/2206
f 1595/2244/2212 1594/2238/2206 1643/2245/2213
f 1643/2245/2213 1594/2238/2206 1642/2239/2207
f 1643/2245/2213 1642/2239/2207 1704/2246/2214
f 1704/2246/2214 1642/2239/2207 1705/2240/2208
f 1704/2246/2214 1705/2240/2208 1667/2247/2215
f 1667/2247/2215 1705/2240/2208 1666/2241/2209
f 1667/2247/2215 1666/2241/2209 1715/2248/2216
f 1715/2248/2216 1666/2241/2209 1714/2242/2210
f 1715/2248/2216 1714/2242/2210 1739/2249/2217
f 1739/2249/2217 1714/2242/2210 1738/2243/2211
f 1739/2249/2217 1738/2243/2211 1763/2250/2218
f 1763/2250/2218 1738/2243/2211 1762/2005/1973
f 1763/2250/2218 1762/2005/1973 1787/2007/1975
f 1631/1994/1962 1632/1992/1960 1596/2251/2219
f 1596/2251/2219 1632/1992/1960 1595/2244/2212
f 1596/2251/2219 1595/2244/2212 1644/2252/2220
f 1644/2252/2220 1595/2244/2212 1643/2245/2213
f 1644/2252/2220 1643/2245/2213 1703/2253/2221
f 1703/2253/2221 1643/2245/2213 1704/2246/2214
f 1703/2253/2221 1704/2246/2214 1668/2254/2222
f 1668/2254/2222 1704/2246/2214 1667/2247/2215
f 1668/2254/2222 1667/2247/2215 1716/2255/2223
f 1716/2255/2223 1667/2247/2215 1715/2248/2216
f 1716/2255/2223 1715/2248/2216 1740/2256/2224
f 1740/2256/2224 1715/2248/2216 1739/2249/2217
f 1740/2256/2224 1739/2249/2217 1764/2257/2225
f 1764/2257/2225 1739/2249/2217 1763/2250/2218
f 1764/2257/2225 1763/2250/2218 1788/2258/2226
f 1788/2258/2226 1763/2250/2218 1787/2007/1975
f 1788/2258/2226 1787/2007/1975 1812/2009/1977
f 1630/1801/1769 1631/1994/1962 1597/2259/2227
f 1597/2259/2227 1631/1994/1962 1596/2251/2219
f 1597/2259/2227 1596/2251/2219 1645/2260/2228
f 1645/2260/2228 1596/2251/2219 1644/2252/2220
f 1645/2260/2228 1644/2252/2220 1702/2261/2229
f 1702/2261/2229 1644/2252/2220 1703/2253/2221
f 1702/2261/2229 1703/2253/2221 1669/2262/2230
f 1669/2262/2230 1703/2253/2221 1668/2254/2222
f 1669/2262/2230 1668/2254/2222 1717/2263/2231
f 1717/2263/2231 1668/2254/2222 1716/2255/2223
f 1717/2263/2231 1716/2255/2223 1741/2264/2232
f 1741/2264/2232 1716/2255/2223 1740/2256/2224
f 1741/2264/2232 1740/2256/2224 1765/2265/2233
f 1765/2265/2233 1740/2256/2224 1764/2257/2225
f 1765/2265/2233 1764/2257/2225 1789/2266/2234
f 1789/2266/2234 1764/2257/2225 1788/2258/2226
f 1789/2266/2234 1788/2258/2226 1813/2267/2235
f 1813/2267/2235 1788/2258/2226 1812/2009/1977
f 1813/2267/2235 1812/2009/1977 1837/2011/1979
f 1630/1801/1769 1597/2259/2227 1598/1799/1767
f 1598/1799/1767 1597/2259/2227 1646/2268/2236
f 1598/1799/1767 1646/2268/2236 1647/1797/1765
f 1647/1797/1765 1646/2268/2236 1700/2269/2237
f 1647/1797/1765 1700/2269/2237 1699/1795/1763
f 1699/1795/1763 1700/2269/2237 1672/2270/2238
f 1699/1795/1763 1672/2270/2238 1673/1793/1761
f 1673/1793/1761 1672/2270/2238 1721/2031/1999
f 1646/2268/2236 1597/2259/2227 1645/2260/2228
f 1646/2268/2236 1645/2260/2228 1701/2271/2239
f 1701/2271/2239 1645/2260/2228 1702/2261/2229
f 1701/2271/2239 1702/2261/2229 1670/2272/2240
f 1670/2272/2240 1702/2261/2229 1669/2262/2230
f 1670/2272/2240 1669/2262/2230 1718/2273/2241
f 1718/2273/2241 1669/2262/2230 1717/2263/2231
f 1718/2273/2241 1717/2263/2231 1742/2274/2242
f 1742/2274/2242 1717/2263/2231 1741/2264/2232
f 1742/2274/2242 1741/2264/2232 1766/2275/2243
f 1766/2275/2243 1741/2264/2232 1765/2265/2233
f 1766/2275/2243 1765/2265/2233 1790/2276/2244
f 1790/2276/2244 1765/2265/2233 1789/2266/2234
f 1790/2276/2244 1789/2266/2234 1814/2277/2245
f 1814/2277/2245 1789/2266/2234 1813/2267/2235
f 1814/2277/2245 1813/2267/2235 1838/2278/2246
f 1838/2278/2246 1813/2267/2235 1837/2011/1979
f 1838/2278/2246 1837/2011/1979 1862/2013/1981
f 1670/2272/2240 1671/2279/2247 1701/2271/2239
f 1701/2271/2239 1671/2279/2247 1700/2269/2237
f 1701/2271/2239 1700/2269/2237 1646/2268/2236
f 1700/2269/2237 1671/2279/2247 1672/2270/2238
f 1672/2270/2238 1671/2279/2247 1720/2280/2248
f 1672/2270/2238 1720/2280/2248 1721/2031/1999
f 1721/2031/1999 1720/2280/2248 1745/2029/1997
f 1671/2279/2247 1670/2272/2240 1719/2281/2249
f 1719/2281/2249 1670/2272/2240 1718/2273/2241
f 1719/2281/2249 1718/2273/2241 1743/2282/2250
f 1743/2282/2250 1718/2273/2241 1742/2274/2242
f 1743/2282/2250 1742/2274/2242 1767/2283/2251
f 1767/2283/2251 1742/2274/2242 1766/2275/2243
f 1767/2283/2251 1766/2275/2243 1791/2284/2252
f 1791/2284/2252 1766/2275/2243 1790/2276/2244
f 1791/2284/2252 1790/2276/2244 1815/2285/2253
f 1815/2285/2253 1790/2276/2244 1814/2277/2245
f 1815/2285/2253 1814/2277/2245 1839/2286/2254
f 1839/2286/2254 1814/2277/2245 1838/2278/2246
f 1839/2286/2254 1838/2278/2246 1863/2015/1983
f 1863/2015/1983 1838/2278/2246 1862/2013/1981
f 1671/2279/2247 1719/2281/2249 1720/2280/2248
f 1720/2280/2248 1719/2281/2249 1744/2287/2255
f 1720/2280/2248 1744/2287/2255 1745/2029/1997
f 1745/2029/1997 1744/2287/2255 1769/2027/1995
f 1744/2287/2255 1719/2281/2249 1743/2282/2250
f 1747/1789/1757 1722/1791/1759 1746/2030/1998
f 1710/2033/2001 1734/2044/2012 1735/2034/2002
f 1735/2034/2002 1734/2044/2012 1759/2288/2256
f 1735/2034/2002 1759/2288/2256 1760/2035/2003
f 1760/2035/2003 1759/2288/2256 1784/2289/2257
f 1760/2035/2003 1784/2289/2257 1785/2036/2004
f 1785/2036/2004 1784/2289/2257 1809/2290/2258
f 1785/2036/2004 1809/2290/2258 1810/2037/2005
f 1810/2037/2005 1809/2290/2258 1834/2291/2259
f 1810/2037/2005 1834/2291/2259 1835/2038/2006
f 1835/2038/2006 1834/2291/2259 1859/2087/2055
f 1835/2038/2006 1859/2087/2055 1860/2039/2007
f 1860/2039/2007 1859/2087/2055 1330/2040/2008
f 1744/2287/2255 1743/2282/2250 1768/2292/2260
f 1768/2292/2260 1743/2282/2250 1767/2283/2251
f 1768/2292/2260 1767/2283/2251 1792/2293/2261
f 1792/2293/2261 1767/2283/2251 1791/2284/2252
f 1792/2293/2261 1791/2284/2252 1816/2294/2262
f 1816/2294/2262 1791/2284/2252 1815/2285/2253
f 1816/2294/2262 1815/2285/2253 1840/2295/2263
f 1840/2295/2263 1815/2285/2253 1839/2286/2254
f 1840/2295/2263 1839/2286/2254 1864/2017/1985
f 1864/2017/1985 1839/2286/2254 1863/2015/1983
f 1771/2103/2071 1747/1789/1757 1746/2030/1998
f 1771/2103/2071 1746/2030/1998 1770/2028/1996
f 1734/2044/2012 1758/2047/2015 1759/2288/2256
f 1759/2288/2256 1758/2047/2015 1783/2091/2059
f 1759/2288/2256 1783/2091/2059 1784/2289/2257
f 1784/2289/2257 1783/2091/2059 1808/2090/2058
f 1784/2289/2257 1808/2090/2058 1809/2290/2258
f 1809/2290/2258 1808/2090/2058 1833/2089/2057
f 1809/2290/2258 1833/2089/2057 1834/2291/2259
f 1834/2291/2259 1833/2089/2057 1858/2088/2056
f 1834/2291/2259 1858/2088/2056 1859/2087/2055
f 1793/2025/1993 1769/2027/1995 1768/2292/2260
f 1768/2292/2260 1769/2027/1995 1744/2287/2255
f 1793/2025/1993 1768/2292/2260 1792/2293/2261
f 1795/2101/2069 1771/2103/2071 1770/2028/1996
f 1795/2101/2069 1770/2028/1996 1794/2026/1994
f 1797/1785/1753 1772/1787/1755 1796/2102/2070
f 1817/2023/1991 1793/2025/1993 1792/2293/2261
f 1817/2023/1991 1792/2293/2261 1816/2294/2262
f 1819/2099/2067 1795/2101/2069 1794/2026/1994
f 1819/2099/2067 1794/2026/1994 1818/2024/1992
f 1797/1785/1753 1796/2102/2070 1821/2296/2264
f 1821/2296/2264 1796/2102/2070 1820/2100/2068
f 1821/2296/2264 1820/2100/2068 1845/2297/2265
f 1845/2297/2265 1820/2100/2068 1844/2098/2066
f 1845/2297/2265 1844/2098/2066 1869/2104/2072
f 1869/2104/2072 1844/2098/2066 1868/2097/2065
f 1841/2021/1989 1817/2023/1991 1816/2294/2262
f 1841/2021/1989 1816/2294/2262 1840/2295/2263
f 1843/2095/2063 1819/2099/2067 1818/2024/1992
f 1846/2108/2076 1822/1783/1751 1821/2296/2264
f 1821/2296/2264 1822/1783/1751 1797/1785/1753
f 1846/2108/2076 1821/2296/2264 1845/2297/2265
f 1865/2019/1987 1841/2021/1989 1840/2295/2263
f 1865/2019/1987 1840/2295/2263 1864/2017/1985
f 1870/2106/2074 1846/2108/2076 1845/2297/2265
f 1870/2106/2074 1845/2297/2265 1869/2104/2072
f 1872/1779/1747 1847/1781/1749 1871/2107/2075
f 1275/2298/2266 1274/2299/2267 1912/2300/2268
f 1912/2300/2268 1274/2299/2267 1311/2301/2269
f 1912/2300/2268 1311/2301/2269 1905/2302/2270
f 1905/2302/2270 1311/2301/2269 1904/2303/2271
f 1905/2302/2270 1904/2303/2271 1914/2304/2272
f 1914/2304/2272 1904/2303/2271 1913/2305/2273
f 1914/2304/2272 1913/2305/2273 1927/2306/2274
f 1927/2306/2274 1913/2305/2273 1900/2307/2275
f 1927/2306/2274 1900/2307/2275 1921/2308/2276
f 1921/2308/2276 1900/2307/2275 1920/2309/2277
f 1921/2308/2276 1920/2309/2277 1931/2310/2278
f 1931/2310/2278 1920/2309/2277 1930/2311/2279
f 1931/2310/2278 1930/2311/2279 1949/2312/2280
f 1949/2312/2280 1930/2311/2279 1948/2313/2281
f 1949/2312/2280 1948/2313/2281 2065/2314/2282
f 2065/2314/2282 1948/2313/2281 2066/2315/2283
f 2065/2314/2282 2066/2315/2283 2051/2316/2284
f 2051/2316/2284 2066/2315/2283 2052/2317/2285
f 2051/2316/2284 2052/2317/2285 2031/2318/2286
f 2031/2318/2286 2052/2317/2285 2032/2319/2287
f 2031/2318/2286 2032/2319/2287 1891/2320/2288
f 1891/2320/2288 2032/2319/2287 1890/2321/2289
f 1890/2321/2289 2032/2319/2287 2033/2322/2290
f 1890/2321/2289 2033/2322/2290 1889/2323/2291
f 1889/2323/2291 2033/2322/2290 2053/2324/2292
f 1889/2323/2291 2053/2324/2292 2034/2325/2293
f 2034/2325/2293 2053/2324/2292 2068/2326/2294
f 2034/2325/2293 2068/2326/2294 1945/2327/2295
f 1945/2327/2295 2068/2326/2294 1944/2328/2296
f 1945/2327/2295 1944/2328/2296 1303/2329/2297
f 1303/2329/2297 1944/2328/2296 1304/2330/2298
f 1304/2330/2298 1944/2328/2296 1305/2331/2299
f 1305/2331/2299 1944/2328/2296 1946/2332/2300
f 1305/2331/2299 1946/2332/2300 1928/2333/2301
f 1928/2333/2301 1946/2332/2300 1947/2334/2302
f 1928/2333/2301 1947/2334/2302 1929/2335/2303
f 1929/2335/2303 1947/2334/2302 1948/2313/2281
f 1929/2335/2303 1948/2313/2281 1930/2311/2279
f 1311/2301/2269 1310/2336/2304 1904/2303/2271
f 1904/2303/2271 1310/2336/2304 1913/2305/2273
f 1913/2305/2273 1310/2336/2304 1900/2307/2275
f 1900/2307/2275 1310/2336/2304 1309/2337/2305
f 1900/2307/2275 1309/2337/2305 1920/2309/2277
f 1920/2309/2277 1309/2337/2305 1919/2338/2306
f 1920/2309/2277 1919/2338/2306 1930/2311/2279
f 1930/2311/2279 1919/2338/2306 1929/2335/2303
f 1309/2337/2305 1308/2339/2307 1919/2338/2306
f 1919/2338/2306 1308/2339/2307 1307/2340/2308
f 1919/2338/2306 1307/2340/2308 1929/2335/2303
f 1929/2335/2303 1307/2340/2308 1306/2341/2309
f 1929/2335/2303 1306/2341/2309 1928/2333/2301
f 1928/2333/2301 1306/2341/2309 1305/2331/2299
f 1302/2342/2310 1963/2343/2311 1303/2329/2297
f 1303/2329/2297 1963/2343/2311 1943/2344/2312
f 1303/2329/2297 1943/2344/2312 2054/2345/2313
f 2054/2345/2313 1943/2344/2312 1301/2346/2314
f 2054/2345/2313 1301/2346/2314 2055/2347/2315
f 2055/2347/2315 1301/2346/2314 2069/2348/2316
f 2055/2347/2315 2069/2348/2316 2070/2349/2317
f 2070/2349/2317 2069/2348/2316 1942/2350/2318
f 2070/2349/2317 1942/2350/2318 1941/2351/2319
f 1941/2351/2319 1942/2350/2318 1954/2352/2320
f 1941/2351/2319 1954/2352/2320 1955/2353/2321
f 1955/2353/2321 1954/2352/2320 1966/2354/2322
f 1955/2353/2321 1966/2354/2322 1967/2355/2323
f 1967/2355/2323 1966/2354/2322 1973/2356/2324
f 1967/2355/2323 1973/2356/2324 1974/2357/2325
f 1974/2357/2325 1973/2356/2324 1981/2358/2326
f 1974/2357/2325 1981/2358/2326 1982/2359/2327
f 1982/2359/2327 1981/2358/2326 1985/2360/2328
f 1982/2359/2327 1985/2360/2328 1984/2361/2329
f 1984/2361/2329 1985/2360/2328 1991/2362/2330
f 1984/2361/2329 1991/2362/2330 1992/2363/2331
f 1992/2363/2331 1991/2362/2330 1899/2364/2332
f 1992/2363/2331 1899/2364/2332 1878/2365/2333
f 1878/2365/2333 1899/2364/2332 1340/2366/2334
f 1340/2366/2334 1899/2364/2332 1977/2367/2335
f 1340/2366/2334 1977/2367/2335 2005/2368/2336
f 2005/2368/2336 1977/2367/2335 1999/2369/2337
f 2005/2368/2336 1999/2369/2337 2004/2370/2338
f 2004/2370/2338 1999/2369/2337 1998/2371/2339
f 2004/2370/2338 1998/2371/2339 2003/2372/2340
f 2003/2372/2340 1998/2371/2339 1997/2373/2341
f 2003/2372/2340 1997/2373/2341 2002/2374/2342
f 2002/2374/2342 1997/2373/2341 1996/2375/2343
f 2002/2374/2342 1996/2375/2343 2001/2376/2344
f 2001/2376/2344 1996/2375/2343 1291/2377/2345
f 2001/2376/2344 1291/2377/2345 2000/2378/2346
f 2000/2378/2346 1291/2377/2345 1290/2379/2347
f 2000/2378/2346 1290/2379/2347 2007/2380/2348
f 2007/2380/2348 1290/2379/2347 1289/2381/2349
f 2007/2380/2348 1289/2381/2349 2006/2382/2350
f 2006/2382/2350 1289/2381/2349 1288/2383/2351
f 2006/2382/2350 1288/2383/2351 1287/2384/2352
f 1963/2343/2311 1302/2342/2310 1943/2344/2312
f 1943/2344/2312 1302/2342/2310 1301/2346/2314
f 1300/2385/2353 1962/2386/2354 1301/2346/2314
f 1301/2346/2314 1962/2386/2354 1896/2387/2355
f 1301/2346/2314 1896/2387/2355 2069/2348/2316
f 2069/2348/2316 1896/2387/2355 1942/2350/2318
f 1299/2388/2356 1953/2389/2357 1300/2385/2353
f 1300/2385/2353 1953/2389/2357 1942/2350/2318
f 1300/2385/2353 1942/2350/2318 1896/2387/2355
f 1953/2389/2357 1299/2388/2356 1964/2390/2358
f 1964/2390/2358 1299/2388/2356 1298/2391/2359
f 1964/2390/2358 1298/2391/2359 1965/2392/2360
f 1965/2392/2360 1298/2391/2359 1971/2393/2361
f 1965/2392/2360 1971/2393/2361 1972/2394/2362
f 1972/2394/2362 1971/2393/2361 1297/2395/2363
f 1972/2394/2362 1297/2395/2363 1296/2396/2364
f 1298/2391/2359 1297/2395/2363 1971/2393/2361
f 1972/2394/2362 1296/2396/2364 1979/2397/2365
f 1979/2397/2365 1296/2396/2364 1295/2398/2366
f 1979/2397/2365 1295/2398/2366 1980/2399/2367
f 1980/2399/2367 1295/2398/2366 1987/2400/2368
f 1980/2399/2367 1987/2400/2368 1986/2401/2369
f 1986/2401/2369 1987/2400/2368 1989/2402/2370
f 1986/2401/2369 1989/2402/2370 1990/2403/2371
f 1990/2403/2371 1989/2402/2370 1994/2404/2372
f 1990/2403/2371 1994/2404/2372 1995/2405/2373
f 1995/2405/2373 1994/2404/2372 1999/2369/2337
f 1995/2405/2373 1999/2369/2337 1977/2367/2335
f 1987/2400/2368 1295/2398/2366 1988/2406/2374
f 1988/2406/2374 1295/2398/2366 1294/2407/2375
f 1988/2406/2374 1294/2407/2375 1989/2402/2370
f 1989/2402/2370 1294/2407/2375 1993/2408/2376
f 1989/2402/2370 1993/2408/2376 1994/2404/2372
f 1994/2404/2372 1993/2408/2376 1998/2371/2339
f 1994/2404/2372 1998/2371/2339 1999/2369/2337
f 1294/2407/2375 1293/2409/2377 1993/2408/2376
f 1993/2408/2376 1293/2409/2377 1997/2373/2341
f 1993/2408/2376 1997/2373/2341 1998/2371/2339
f 1293/2409/2377 1292/2410/2378 1997/2373/2341
f 1997/2373/2341 1292/2410/2378 1996/2375/2343
f 1292/2410/2378 1291/2377/2345 1996/2375/2343
f 1286/2411/2379 1411/2412/2380 1287/2384/2352
f 1287/2384/2352 1411/2412/2380 1410/2413/2381
f 1287/2384/2352 1410/2413/2381 2006/2382/2350
f 2006/2382/2350 1410/2413/2381 2007/2380/2348
f 1411/2412/2380 1286/2411/2379 1412/2414/2382
f 1412/2414/2382 1286/2411/2379 1285/2415/2383
f 1412/2414/2382 1285/2415/2383 1284/2416/2384
f 1412/2414/2382 1284/2416/2384 1413/2417/2385
f 1413/2417/2385 1284/2416/2384 1283/2418/2386
f 1413/2417/2385 1283/2418/2386 1282/2419/2387
f 1413/2417/2385 1282/2419/2387 1414/2420/2388
f 1414/2420/2388 1282/2419/2387 1281/2421/2389
f 1414/2420/2388 1281/2421/2389 1415/2422/2390
f 1415/2422/2390 1281/2421/2389 1280/2423/2391
f 1415/2422/2390 1280/2423/2391 1416/2424/2392
f 1416/2424/2392 1280/2423/2391 1279/2425/2393
f 1416/2424/2392 1279/2425/2393 1417/2426/2394
f 1417/2426/2394 1279/2425/2393 2013/2427/2395
f 1417/2426/2394 2013/2427/2395 2014/2428/2396
f 2014/2428/2396 2013/2427/2395 2019/2429/2397
f 2014/2428/2396 2019/2429/2397 2020/2430/2398
f 2020/2430/2398 2019/2429/2397 2024/2431/2399
f 2020/2430/2398 2024/2431/2399 2025/2432/2400
f 2025/2432/2400 2024/2431/2399 1912/2300/2268
f 2025/2432/2400 1912/2300/2268 1911/2433/2401
f 1911/2433/2401 1912/2300/2268 1905/2302/2270
f 1911/2433/2401 1905/2302/2270 1906/2434/2402
f 1906/2434/2402 1905/2302/2270 1915/2435/2403
f 1906/2434/2402 1915/2435/2403 1916/2436/2404
f 1916/2436/2404 1915/2435/2403 1925/2437/2405
f 1916/2436/2404 1925/2437/2405 1909/2438/2406
f 1909/2438/2406 1925/2437/2405 1924/2439/2407
f 1909/2438/2406 1924/2439/2407 1895/2440/2408
f 1895/2440/2408 1924/2439/2407 1901/2441/2409
f 1895/2440/2408 1901/2441/2409 1952/2442/2410
f 1952/2442/2410 1901/2441/2409 1933/2443/2411
f 1952/2442/2410 1933/2443/2411 1951/2444/2412
f 1951/2444/2412 1933/2443/2411 1932/2445/2413
f 1951/2444/2412 1932/2445/2413 1950/2446/2414
f 1950/2446/2414 1932/2445/2413 1931/2310/2278
f 1950/2446/2414 1931/2310/2278 1949/2312/2280
f 1279/2425/2393 1278/2447/2415 2013/2427/2395
f 2013/2427/2395 1278/2447/2415 1277/2448/2416
f 2013/2427/2395 1277/2448/2416 1276/2449/2417
f 1275/2298/2266 2023/2450/2418 1276/2449/2417
f 1276/2449/2417 2023/2450/2418 2019/2429/2397
f 1276/2449/2417 2019/2429/2397 2013/2427/2395
f 1879/2451/2419 2046/2452/2420 1878/2365/2333
f 1878/2365/2333 2046/2452/2420 1897/2453/2421
f 1878/2365/2333 1897/2453/2421 2077/2454/2422
f 2077/2454/2422 1897/2453/2421 2062/2455/2423
f 2077/2454/2422 2062/2455/2423 2076/2456/2424
f 2076/2456/2424 2062/2455/2423 2061/2457/2425
f 2076/2456/2424 2061/2457/2425 2075/2458/2426
f 2075/2458/2426 2061/2457/2425 2060/2459/2427
f 2075/2458/2426 2060/2459/2427 2074/2460/2428
f 2074/2460/2428 2060/2459/2427 2059/2461/2429
f 2074/2460/2428 2059/2461/2429 2073/2462/2430
f 2073/2462/2430 2059/2461/2429 2058/2463/2431
f 2073/2462/2430 2058/2463/2431 2072/2464/2432
f 2072/2464/2432 2058/2463/2431 2057/2465/2433
f 2072/2464/2432 2057/2465/2433 2071/2466/2434
f 2071/2466/2434 2057/2465/2433 2056/2467/2435
f 2071/2466/2434 2056/2467/2435 2070/2349/2317
f 2070/2349/2317 2056/2467/2435 2055/2347/2315
f 2046/2452/2420 1879/2451/2419 2045/2468/2436
f 2045/2468/2436 1879/2451/2419 1880/2469/2437
f 2045/2468/2436 1880/2469/2437 2044/2470/2438
f 2044/2470/2438 1880/2469/2437 2043/2471/2439
f 2044/2470/2438 2043/2471/2439 2061/2457/2425
f 2061/2457/2425 2043/2471/2439 2060/2459/2427
f 1880/2469/2437 1881/2472/2440 2043/2471/2439
f 2043/2471/2439 1881/2472/2440 2042/2473/2441
f 2043/2471/2439 2042/2473/2441 2060/2459/2427
f 2060/2459/2427 2042/2473/2441 2059/2461/2429
f 1881/2472/2440 1882/2474/2442 2042/2473/2441
f 2042/2473/2441 1882/2474/2442 2041/2475/2443
f 2042/2473/2441 2041/2475/2443 2059/2461/2429
f 2059/2461/2429 2041/2475/2443 2058/2463/2431
f 1882/2474/2442 1883/2476/2444 2041/2475/2443
f 2041/2475/2443 1883/2476/2444 2040/2477/2445
f 2041/2475/2443 2040/2477/2445 2058/2463/2431
f 2058/2463/2431 2040/2477/2445 2057/2465/2433
f 1883/2476/2444 1884/2478/2446 2040/2477/2445
f 2040/2477/2445 1884/2478/2446 2039/2479/2447
f 2040/2477/2445 2039/2479/2447 2057/2465/2433
f 2057/2465/2433 2039/2479/2447 2056/2467/2435
f 1884/2478/2446 1885/2480/2448 2039/2479/2447
f 2039/2479/2447 1885/2480/2448 2038/2481/2449
f 2039/2479/2447 2038/2481/2449 2056/2467/2435
f 2056/2467/2435 2038/2481/2449 2055/2347/2315
f 1885/2480/2448 1886/2482/2450 2038/2481/2449
f 2038/2481/2449 1886/2482/2450 2037/2483/2451
f 2038/2481/2449 2037/2483/2451 2055/2347/2315
f 2055/2347/2315 2037/2483/2451 2054/2345/2313
f 1886/2482/2450 1887/2484/2452 2037/2483/2451
f 2037/2483/2451 1887/2484/2452 2035/2485/2453
f 2037/2483/2451 2035/2485/2453 2054/2345/2313
f 2054/2345/2313 2035/2485/2453 2036/2486/2454
f 2054/2345/2313 2036/2486/2454 1303/2329/2297
f 1303/2329/2297 2036/2486/2454 1945/2327/2295
f 1887/2484/2452 1888/2487/2455 2035/2485/2453
f 2035/2485/2453 1888/2487/2455 2036/2486/2454
f 1889/2323/2291 2047/2488/2456 1888/2487/2455
f 1888/2487/2455 2047/2488/2456 2034/2325/2293
f 1888/2487/2455 2034/2325/2293 2036/2486/2454
f 2036/2486/2454 2034/2325/2293 1945/2327/2295
f 1891/2320/2288 1892/2489/2457 2031/2318/2286
f 2031/2318/2286 1892/2489/2457 2030/2490/2458
f 2031/2318/2286 2030/2490/2458 2051/2316/2284
f 2051/2316/2284 2030/2490/2458 2050/2491/2459
f 2051/2316/2284 2050/2491/2459 2065/2314/2282
f 2065/2314/2282 2050/2491/2459 2064/2492/2460
f 2065/2314/2282 2064/2492/2460 1949/2312/2280
f 1949/2312/2280 2064/2492/2460 1950/2446/2414
f 1892/2489/2457 1893/2493/2461 2030/2490/2458
f 2030/2490/2458 1893/2493/2461 2029/2494/2462
f 2030/2490/2458 2029/2494/2462 2050/2491/2459
f 2050/2491/2459 2029/2494/2462 2049/2495/2463
f 2050/2491/2459 2049/2495/2463 2064/2492/2460
f 2064/2492/2460 2049/2495/2463 2063/2496/2464
f 2064/2492/2460 2063/2496/2464 1950/2446/2414
f 1950/2446/2414 2063/2496/2464 1951/2444/2412
f 1893/2493/2461 1894/2497/2465 2029/2494/2462
f 2029/2494/2462 1894/2497/2465 2028/2498/2466
f 2029/2494/2462 2028/2498/2466 2049/2495/2463
f 2049/2495/2463 2028/2498/2466 2048/2499/2467
f 2049/2495/2463 2048/2499/2467 2063/2496/2464
f 2063/2496/2464 2048/2499/2467 1917/2500/2468
f 2063/2496/2464 1917/2500/2468 1951/2444/2412
f 1951/2444/2412 1917/2500/2468 1952/2442/2410
f 1894/2497/2465 1895/2440/2408 2028/2498/2466
f 2028/2498/2466 1895/2440/2408 2048/2499/2467
f 1339/2501/2469 1908/2502/2470 1895/2440/2408
f 1895/2440/2408 1908/2502/2470 1902/2503/2471
f 1895/2440/2408 1902/2503/2471 1918/2504/2472
f 1918/2504/2472 1902/2503/2471 1907/2505/2473
f 1918/2504/2472 1907/2505/2473 1916/2436/2404
f 1916/2436/2404 1907/2505/2473 1906/2434/2402
f 1421/2506/2474 2018/2507/2475 1339/2501/2469
f 1339/2501/2469 2018/2507/2475 1903/2508/2476
f 1339/2501/2469 1903/2508/2476 2027/2509/2477
f 2027/2509/2477 1903/2508/2476 2022/2510/2478
f 2027/2509/2477 2022/2510/2478 2026/2511/2479
f 2026/2511/2479 2022/2510/2478 2021/2512/2480
f 2026/2511/2479 2021/2512/2480 2025/2432/2400
f 2025/2432/2400 2021/2512/2480 2020/2430/2398
f 2018/2507/2475 1421/2506/2474 2017/2513/2481
f 2017/2513/2481 1421/2506/2474 1420/2514/2482
f 2017/2513/2481 1420/2514/2482 2016/2515/2483
f 2016/2515/2483 1420/2514/2482 1419/2516/2484
f 2016/2515/2483 1419/2516/2484 2015/2517/2485
f 2015/2517/2485 1419/2516/2484 1418/2518/2486
f 2015/2517/2485 1418/2518/2486 2014/2428/2396
f 2014/2428/2396 1418/2518/2486 1417/2426/2394
f 1410/2413/2381 1409/2519/2487 2007/2380/2348
f 2007/2380/2348 1409/2519/2487 2008/2520/2488
f 2007/2380/2348 2008/2520/2488 2000/2378/2346
f 2000/2378/2346 2008/2520/2488 2001/2376/2344
f 1409/2519/2487 1408/2521/2489 2008/2520/2488
f 2008/2520/2488 1408/2521/2489 2009/2522/2490
f 2008/2520/2488 2009/2522/2490 2001/2376/2344
f 2001/2376/2344 2009/2522/2490 2002/2374/2342
f 1408/2521/2489 1407/2523/2491 2009/2522/2490
f 2009/2522/2490 1407/2523/2491 2010/2524/2492
f 2009/2522/2490 2010/2524/2492 2002/2374/2342
f 2002/2374/2342 2010/2524/2492 2003/2372/2340
f 2010/2524/2492 1407/2523/2491 2011/2525/2493
f 2011/2525/2493 1407/2523/2491 1406/2526/2494
f 2011/2525/2493 1406/2526/2494 2012/2527/2495
f 2012/2527/2495 1406/2526/2494 1340/2366/2334
f 2012/2527/2495 1340/2366/2334 2005/2368/2336
f 1300/2385/2353 1896/2387/2355 1962/2386/2354
f 1984/2361/2329 1992/2363/2331 1960/2528/2496
f 1960/2528/2496 1992/2363/2331 1878/2365/2333
f 1960/2528/2496 1878/2365/2333 1935/2529/2497
f 1935/2529/2497 1878/2365/2333 1978/2530/2498
f 1935/2529/2497 1978/2530/2498 1976/2531/2499
f 1976/2531/2499 1978/2530/2498 1970/2532/2500
f 1976/2531/2499 1970/2532/2500 1969/2533/2501
f 1969/2533/2501 1970/2532/2500 1958/2534/2502
f 1969/2533/2501 1958/2534/2502 1957/2535/2503
f 1957/2535/2503 1958/2534/2502 1938/2536/2504
f 1957/2535/2503 1938/2536/2504 1939/2537/2505
f 1939/2537/2505 1938/2536/2504 2073/2462/2430
f 1939/2537/2505 2073/2462/2430 2072/2464/2432
f 1878/2365/2333 1934/2538/2506 1961/2539/2507
f 1961/2539/2507 1934/2538/2506 1936/2540/2508
f 1961/2539/2507 1936/2540/2508 1959/2541/2509
f 1959/2541/2509 1936/2540/2508 1937/2542/2510
f 1959/2541/2509 1937/2542/2510 1958/2534/2502
f 1958/2534/2502 1937/2542/2510 1938/2536/2504
f 1878/2365/2333 1961/2539/2507 1898/2543/2511
f 1898/2543/2511 1961/2539/2507 1959/2541/2509
f 1898/2543/2511 1959/2541/2509 1970/2532/2500
f 1970/2532/2500 1959/2541/2509 1958/2534/2502
f 1952/2442/2410 1917/2500/2468 1895/2440/2408
f 1895/2440/2408 1917/2500/2468 2048/2499/2467
f 1907/2505/2473 1902/2503/2471 1908/2502/2470
f 1915/2435/2403 1905/2302/2270 1914/2304/2272
f 1906/2434/2402 1907/2505/2473 1910/2544/2512
f 1910/2544/2512 1907/2505/2473 1908/2502/2470
f 1910/2544/2512 1908/2502/2470 2027/2509/2477
f 2027/2509/2477 1908/2502/2470 1339/2501/2469
f 1916/2436/2404 1909/2438/2406 1918/2504/2472
f 1918/2504/2472 1909/2438/2406 1895/2440/2408
f 1906/2434/2402 1910/2544/2512 1911/2433/2401
f 1911/2433/2401 1910/2544/2512 2026/2511/2479
f 1911/2433/2401 2026/2511/2479 2025/2432/2400
f 2026/2511/2479 1910/2544/2512 2027/2509/2477
f 1915/2435/2403 1914/2304/2272 1926/2545/2513
f 1926/2545/2513 1914/2304/2272 1927/2306/2274
f 1926/2545/2513 1927/2306/2274 1922/2546/2514
f 1922/2546/2514 1927/2306/2274 1921/2308/2276
f 1922/2546/2514 1921/2308/2276 1932/2445/2413
f 1932/2445/2413 1921/2308/2276 1931/2310/2278
f 1922/2546/2514 1923/2547/2515 1926/2545/2513
f 1926/2545/2513 1923/2547/2515 1925/2437/2405
f 1926/2545/2513 1925/2437/2405 1915/2435/2403
f 1901/2441/2409 1924/2439/2407 1923/2547/2515
f 1923/2547/2515 1924/2439/2407 1925/2437/2405
f 1932/2445/2413 1933/2443/2411 1922/2546/2514
f 1922/2546/2514 1933/2443/2411 1923/2547/2515
f 1933/2443/2411 1901/2441/2409 1923/2547/2515
f 2077/2454/2422 2076/2456/2424 1934/2538/2506
f 1934/2538/2506 2076/2456/2424 1936/2540/2508
f 2076/2456/2424 2075/2458/2426 1936/2540/2508
f 1936/2540/2508 2075/2458/2426 1937/2542/2510
f 2075/2458/2426 2074/2460/2428 1937/2542/2510
f 1937/2542/2510 2074/2460/2428 1938/2536/2504
f 1939/2537/2505 1940/2548/2516 1956/2549/2517
f 1956/2549/2517 1940/2548/2516 1955/2353/2321
f 1956/2549/2517 1955/2353/2321 1967/2355/2323
f 2074/2460/2428 2073/2462/2430 1938/2536/2504
f 1955/2353/2321 1940/2548/2516 1941/2351/2319
f 1941/2351/2319 1940/2548/2516 2071/2466/2434
f 1941/2351/2319 2071/2466/2434 2070/2349/2317
f 2071/2466/2434 1940/2548/2516 2072/2464/2432
f 2072/2464/2432 1940/2548/2516 1939/2537/2505
f 1944/2328/2296 2068/2326/2294 1946/2332/2300
f 1946/2332/2300 2068/2326/2294 2067/2550/2518
f 1946/2332/2300 2067/2550/2518 1947/2334/2302
f 1947/2334/2302 2067/2550/2518 2066/2315/2283
f 1947/2334/2302 2066/2315/2283 1948/2313/2281
f 1942/2350/2318 1953/2389/2357 1954/2352/2320
f 1954/2352/2320 1953/2389/2357 1965/2392/2360
f 1954/2352/2320 1965/2392/2360 1966/2354/2322
f 1966/2354/2322 1965/2392/2360 1972/2394/2362
f 1966/2354/2322 1972/2394/2362 1973/2356/2324
f 1973/2356/2324 1972/2394/2362 1980/2399/2367
f 1973/2356/2324 1980/2399/2367 1981/2358/2326
f 1981/2358/2326 1980/2399/2367 1986/2401/2369
f 1981/2358/2326 1986/2401/2369 1985/2360/2328
f 1985/2360/2328 1986/2401/2369 1990/2403/2371
f 1985/2360/2328 1990/2403/2371 1991/2362/2330
f 1991/2362/2330 1990/2403/2371 1995/2405/2373
f 1991/2362/2330 1995/2405/2373 1899/2364/2332
f 1899/2364/2332 1995/2405/2373 1977/2367/2335
f 1964/2390/2358 1965/2392/2360 1953/2389/2357
f 1939/2537/2505 1956/2549/2517 1957/2535/2503
f 1957/2535/2503 1956/2549/2517 1968/2551/2519
f 1957/2535/2503 1968/2551/2519 1969/2533/2501
f 1969/2533/2501 1968/2551/2519 1975/2552/2520
f 1969/2533/2501 1975/2552/2520 1976/2531/2499
f 1976/2531/2499 1975/2552/2520 1983/2553/2521
f 1976/2531/2499 1983/2553/2521 1935/2529/2497
f 1935/2529/2497 1983/2553/2521 1960/2528/2496
f 1968/2551/2519 1956/2549/2517 1967/2355/2323
f 2077/2454/2422 1934/2538/2506 1878/2365/2333
f 1975/2552/2520 1968/2551/2519 1974/2357/2325
f 1974/2357/2325 1968/2551/2519 1967/2355/2323
f 1878/2365/2333 1898/2543/2511 1978/2530/2498
f 1978/2530/2498 1898/2543/2511 1970/2532/2500
f 1979/2397/2365 1980/2399/2367 1972/2394/2362
f 1983/2553/2521 1975/2552/2520 1982/2359/2327
f 1982/2359/2327 1975/2552/2520 1974/2357/2325
f 1960/2528/2496 1983/2553/2521 1984/2361/2329
f 1984/2361/2329 1983/2553/2521 1982/2359/2327
f 1988/2406/2374 1989/2402/2370 1987/2400/2368
f 2012/2527/2495 2005/2368/2336 2004/2370/2338
f 2010/2524/2492 2011/2525/2493 2003/2372/2340
f 2003/2372/2340 2011/2525/2493 2004/2370/2338
f 2011/2525/2493 2012/2527/2495 2004/2370/2338
f 2014/2428/2396 2020/2430/2398 2015/2517/2485
f 2015/2517/2485 2020/2430/2398 2021/2512/2480
f 2015/2517/2485 2021/2512/2480 2016/2515/2483
f 2016/2515/2483 2021/2512/2480 2022/2510/2478
f 2016/2515/2483 2022/2510/2478 2017/2513/2481
f 2017/2513/2481 2022/2510/2478 1903/2508/2476
f 2017/2513/2481 1903/2508/2476 2018/2507/2475
f 2019/2429/2397 2023/2450/2418 2024/2431/2399
f 2024/2431/2399 2023/2450/2418 1275/2298/2266
f 2024/2431/2399 1275/2298/2266 1912/2300/2268
f 2053/2324/2292 2033/2322/2290 2032/2319/2287
f 2053/2324/2292 2032/2319/2287 2052/2317/2285
f 1889/2323/2291 2034/2325/2293 2047/2488/2456
f 1897/2453/2421 2046/2452/2420 2045/2468/2436
f 2061/2457/2425 2062/2455/2423 2044/2470/2438
f 2044/2470/2438 2062/2455/2423 2045/2468/2436
f 2062/2455/2423 1897/2453/2421 2045/2468/2436
f 2066/2315/2283 2067/2550/2518 2052/2317/2285
f 2052/2317/2285 2067/2550/2518 2053/2324/2292
f 2067/2550/2518 2068/2326/2294 2053/2324/2292
f 2078/2554/2522 2079/2555/2523 2095/2556/2524
f 2095/2556/2524 2079/2555/2523 2080/2557/2525
f 2095/2556/2524 2080/2557/2525 2094/2558/2526
f 2094/2558/2526 2080/2557/2525 2081/2559/2527
f 2094/2558/2526 2081/2559/2527 2093/2560/2528
f 2093/2560/2528 2081/2559/2527 2082/2561/2529
f 2093/2560/2528 2082/2561/2529 2092/2562/2530
f 2092/2562/2530 2082/2561/2529 2083/2563/2531
f 2092/2562/2530 2083/2563/2531 2084/2564/2532
f 2092/2562/2530 2084/2564/2532 2091/2565/2533
f 2091/2565/2533 2084/2564/2532 2085/2566/2534
f 2091/2565/2533 2085/2566/2534 2090/2567/2535
f 2090/2567/2535 2085/2566/2534 2086/2568/2536
f 2090/2567/2535 2086/2568/2536 2089/2569/2537
f 2089/2569/2537 2086/2568/2536 2087/2570/2538
f 2089/2569/2537 2087/2570/2538 2088/2571/2539
f 2079/2572/2540 2078/2573/2541 2105/2574/2542
f 2105/2574/2542 2078/2573/2541 2096/2575/2543
f 2105/2574/2542 2096/2575/2543 2104/2576/2544
f 2104/2576/2544 2096/2575/2543 2103/2577/2545
f 2103/2577/2545 2096/2575/2543 2097/2578/2546
f 2103/2577/2545 2097/2578/2546 2102/2579/2547
f 2102/2579/2547 2097/2578/2546 2101/2580/2548
f 2101/2580/2548 2097/2578/2546 2098/2581/2549
f 2101/2580/2548 2098/2581/2549 2100/2582/2550
f 2100/2582/2550 2098/2581/2549 2099/2583/2551
f 2099/2583/2551 2098/2581/2549 1878/2584/2552
f 2099/2583/2551 1878/2584/2552 1895/2585/2553
f 1895/2585/2553 1878/2584/2552 1339/2586/2554
f 1339/2586/2554 1878/2584/2552 1340/2587/2555
f 2095/2588/2556 2131/2589/2557 2078/2590/2558
f 2078/2590/2558 2131/2589/2557 2106/2591/2559
f 2078/2590/2558 2106/2591/2559 2378/2592/2560
f 2378/2592/2560 2106/2591/2559 2360/2593/2561
f 2378/2592/2560 2360/2593/2561 2377/2594/2562
f 2377/2594/2562 2360/2593/2561 2359/2595/2563
f 2377/2594/2562 2359/2595/2563 2376/2596/2564
f 2376/2596/2564 2359/2595/2563 2358/2597/2565
f 2376/2596/2564 2358/2597/2565 2375/2598/2566
f 2375/2598/2566 2358/2597/2565 2357/2599/2567
f 2375/2598/2566 2357/2599/2567 2374/2600/2568
f 2374/2600/2568 2357/2599/2567 2356/2601/2569
f 2374/2600/2568 2356/2601/2569 2373/2602/2570
f 2373/2602/2570 2356/2601/2569 2355/2603/2571
f 2373/2602/2570 2355/2603/2571 2372/2604/2572
f 2372/2604/2572 2355/2603/2571 2124/2605/2573
f 2372/2604/2572 2124/2605/2573 2371/2606/2574
f 2371/2606/2574 2124/2605/2573 2122/2607/2575
f 2371/2606/2574 2122/2607/2575 2370/2608/2576
f 2370/2608/2576 2122/2607/2575 2354/2609/2577
f 2370/2608/2576 2354/2609/2577 2369/2610/2578
f 2369/2610/2578 2354/2609/2577 2353/2611/2579
f 2369/2610/2578 2353/2611/2579 2368/2612/2580
f 2368/2612/2580 2353/2611/2579 2352/2613/2581
f 2368/2612/2580 2352/2613/2581 2367/2614/2582
f 2367/2614/2582 2352/2613/2581 2351/2615/2583
f 2367/2614/2582 2351/2615/2583 2366/2616/2584
f 2366/2616/2584 2351/2615/2583 2350/2617/2585
f 2366/2616/2584 2350/2617/2585 2365/2618/2586
f 2365/2618/2586 2350/2617/2585 2349/2619/2587
f 2365/2618/2586 2349/2619/2587 2364/2620/2588
f 2364/2620/2588 2349/2619/2587 2348/2621/2589
f 2364/2620/2588 2348/2621/2589 2363/2622/2590
f 2363/2622/2590 2348/2621/2589 2347/2623/2591
f 2363/2622/2590 2347/2623/2591 2362/2624/2592
f 2362/2624/2592 2347/2623/2591 2108/2625/2593
f 2362/2624/2592 2108/2625/2593 2361/2626/2594
f 2361/2626/2594 2108/2625/2593 2105/2627/2595
f 2361/2626/2594 2105/2627/2595 2168/2628/2596
f 2168/2628/2596 2105/2627/2595 2133/2629/2597
f 2168/2628/2596 2133/2629/2597 2134/2630/2598
f 2134/2630/2598 2133/2629/2597 2379/2631/2599
f 2134/2630/2598 2379/2631/2599 2380/2632/2600
f 2380/2632/2600 2379/2631/2599 2344/2633/2601
f 2380/2632/2600 2344/2633/2601 2343/2634/2602
f 2343/2634/2602 2344/2633/2601 2200/2635/2603
f 2343/2634/2602 2200/2635/2603 2199/2636/2604
f 2199/2636/2604 2200/2635/2603 2172/2637/2605
f 2199/2636/2604 2172/2637/2605 2173/2638/2606
f 2173/2638/2606 2172/2637/2605 2400/2639/2607
f 2173/2638/2606 2400/2639/2607 2401/2640/2608
f 2401/2640/2608 2400/2639/2607 2233/2641/2609
f 2401/2640/2608 2233/2641/2609 2232/2642/2610
f 2232/2642/2610 2233/2641/2609 2211/2643/2611
f 2232/2642/2610 2211/2643/2611 2212/2644/2612
f 2212/2644/2612 2211/2643/2611 2267/2645/2613
f 2212/2644/2612 2267/2645/2613 2266/2646/2614
f 2266/2646/2614 2267/2645/2613 2249/2647/2615
f 2266/2646/2614 2249/2647/2615 2250/2648/2616
f 2250/2648/2616 2249/2647/2615 2286/2649/2617
f 2250/2648/2616 2286/2649/2617 2287/2650/2618
f 2287/2650/2618 2286/2649/2617 2317/2651/2619
f 2287/2650/2618 2317/2651/2619 2316/2652/2620
f 2316/2652/2620 2317/2651/2619 2305/2653/2621
f 2316/2652/2620 2305/2653/2621 2306/2654/2622
f 2306/2654/2622 2305/2653/2621 1882/2655/2623
f 2306/2654/2622 1882/2655/2623 1881/2656/2624
f 2131/2589/2557 2095/2588/2556 2130/2657/2625
f 2130/2657/2625 2095/2588/2556 2094/2658/2626
f 2130/2657/2625 2094/2658/2626 2129/2659/2627
f 2129/2659/2627 2094/2658/2626 2128/2660/2628
f 2129/2659/2627 2128/2660/2628 2359/2595/2563
f 2359/2595/2563 2128/2660/2628 2358/2597/2565
f 2094/2658/2626 2093/2661/2629 2128/2660/2628
f 2128/2660/2628 2093/2661/2629 2127/2662/2630
f 2128/2660/2628 2127/2662/2630 2358/2597/2565
f 2358/2597/2565 2127/2662/2630 2357/2599/2567
f 2093/2661/2629 2092/2663/2631 2127/2662/2630
f 2127/2662/2630 2092/2663/2631 2126/2664/2632
f 2127/2662/2630 2126/2664/2632 2357/2599/2567
f 2357/2599/2567 2126/2664/2632 2356/2601/2569
f 2092/2663/2631 2091/2665/2633 2126/2664/2632
f 2126/2664/2632 2091/2665/2633 2125/2666/2634
f 2126/2664/2632 2125/2666/2634 2356/2601/2569
f 2356/2601/2569 2125/2666/2634 2355/2603/2571
f 2091/2665/2633 2090/2667/2635 2125/2666/2634
f 2125/2666/2634 2090/2667/2635 2123/2668/2636
f 2125/2666/2634 2123/2668/2636 2355/2603/2571
f 2355/2603/2571 2123/2668/2636 2124/2605/2573
f 2090/2667/2635 2089/2669/2637 2123/2668/2636
f 2123/2668/2636 2089/2669/2637 2124/2605/2573
f 2088/2670/2638 2132/2671/2639 2089/2669/2637
f 2089/2669/2637 2132/2671/2639 2122/2607/2575
f 2089/2669/2637 2122/2607/2575 2124/2605/2573
f 2087/2672/2640 2121/2673/2641 2088/2670/2638
f 2088/2670/2638 2121/2673/2641 2122/2607/2575
f 2088/2670/2638 2122/2607/2575 2132/2671/2639
f 2086/2674/2642 2119/2675/2643 2087/2672/2640
f 2087/2672/2640 2119/2675/2643 2120/2676/2644
f 2087/2672/2640 2120/2676/2644 2121/2673/2641
f 2121/2673/2641 2120/2676/2644 2354/2609/2577
f 2121/2673/2641 2354/2609/2577 2122/2607/2575
f 2119/2675/2643 2086/2674/2642 2118/2677/2645
f 2118/2677/2645 2086/2674/2642 2085/2678/2646
f 2118/2677/2645 2085/2678/2646 2084/2679/2647
f 2118/2677/2645 2084/2679/2647 2117/2680/2648
f 2117/2680/2648 2084/2679/2647 2083/2681/2649
f 2117/2680/2648 2083/2681/2649 2116/2682/2650
f 2116/2682/2650 2083/2681/2649 2082/2683/2651
f 2116/2682/2650 2082/2683/2651 2115/2684/2652
f 2115/2684/2652 2082/2683/2651 2081/2685/2653
f 2115/2684/2652 2081/2685/2653 2114/2686/2654
f 2114/2686/2654 2081/2685/2653 2080/2687/2655
f 2114/2686/2654 2080/2687/2655 2113/2688/2656
f 2113/2688/2656 2080/2687/2655 2079/2689/2657
f 2113/2688/2656 2079/2689/2657 2108/2625/2593
f 2108/2625/2593 2079/2689/2657 2105/2627/2595
f 2133/2629/2597 2105/2627/2595 2109/2690/2658
f 2109/2690/2658 2105/2627/2595 2104/2691/2659
f 2109/2690/2658 2104/2691/2659 2346/2692/2660
f 2346/2692/2660 2104/2691/2659 2203/2693/2661
f 2346/2692/2660 2203/2693/2661 2202/2694/2662
f 2202/2694/2662 2203/2693/2661 2169/2695/2663
f 2202/2694/2662 2169/2695/2663 2170/2696/2664
f 2170/2696/2664 2169/2695/2663 2397/2697/2665
f 2170/2696/2664 2397/2697/2665 2398/2698/2666
f 2398/2698/2666 2397/2697/2665 2236/2699/2667
f 2398/2698/2666 2236/2699/2667 2235/2700/2668
f 2235/2700/2668 2236/2699/2667 2208/2701/2669
f 2235/2700/2668 2208/2701/2669 2209/2702/2670
f 2209/2702/2670 2208/2701/2669 2270/2703/2671
f 2209/2702/2670 2270/2703/2671 2269/2704/2672
f 2269/2704/2672 2270/2703/2671 2246/2705/2673
f 2269/2704/2672 2246/2705/2673 2247/2706/2674
f 2247/2706/2674 2246/2705/2673 2283/2707/2675
f 2247/2706/2674 2283/2707/2675 2284/2708/2676
f 2284/2708/2676 2283/2707/2675 2320/2709/2677
f 2284/2708/2676 2320/2709/2677 2319/2710/2678
f 2319/2710/2678 2320/2709/2677 2302/2711/2679
f 2319/2710/2678 2302/2711/2679 2303/2712/2680
f 2303/2712/2680 2302/2711/2679 1885/2713/2681
f 2303/2712/2680 1885/2713/2681 1884/2714/2682
f 2203/2693/2661 2104/2691/2659 2111/2715/2683
f 2111/2715/2683 2104/2691/2659 2103/2716/2684
f 2111/2715/2683 2103/2716/2684 2395/2717/2685
f 2395/2717/2685 2103/2716/2684 2239/2718/2686
f 2395/2717/2685 2239/2718/2686 2238/2719/2687
f 2238/2719/2687 2239/2718/2686 2205/2720/2688
f 2238/2719/2687 2205/2720/2688 2206/2721/2689
f 2206/2721/2689 2205/2720/2688 2273/2722/2690
f 2206/2721/2689 2273/2722/2690 2272/2723/2691
f 2272/2723/2691 2273/2722/2690 2243/2724/2692
f 2272/2723/2691 2243/2724/2692 2244/2725/2693
f 2244/2725/2693 2243/2724/2692 2280/2726/2694
f 2244/2725/2693 2280/2726/2694 2281/2727/2695
f 2281/2727/2695 2280/2726/2694 2323/2728/2696
f 2281/2727/2695 2323/2728/2696 2322/2729/2697
f 2322/2729/2697 2323/2728/2696 2299/2730/2698
f 2322/2729/2697 2299/2730/2698 2300/2731/2699
f 2300/2731/2699 2299/2730/2698 1888/2732/2700
f 2300/2731/2699 1888/2732/2700 1887/2733/2701
f 2239/2718/2686 2103/2716/2684 2204/2734/2702
f 2204/2734/2702 2103/2716/2684 2102/2735/2703
f 2204/2734/2702 2102/2735/2703 2275/2736/2704
f 2275/2736/2704 2102/2735/2703 2240/2737/2705
f 2275/2736/2704 2240/2737/2705 2241/2738/2706
f 2241/2738/2706 2240/2737/2705 2277/2739/2707
f 2241/2738/2706 2277/2739/2707 2278/2740/2708
f 2278/2740/2708 2277/2739/2707 2326/2741/2709
f 2278/2740/2708 2326/2741/2709 2325/2742/2710
f 2325/2742/2710 2326/2741/2709 2296/2743/2711
f 2325/2742/2710 2296/2743/2711 2297/2744/2712
f 2297/2744/2712 2296/2743/2711 1891/2745/2713
f 2297/2744/2712 1891/2745/2713 1890/2746/2714
f 2102/2735/2703 2101/2747/2715 2240/2737/2705
f 2240/2737/2705 2101/2747/2715 2276/2748/2716
f 2240/2737/2705 2276/2748/2716 2277/2739/2707
f 2277/2739/2707 2276/2748/2716 2327/2749/2717
f 2277/2739/2707 2327/2749/2717 2326/2741/2709
f 2326/2741/2709 2327/2749/2717 2295/2750/2718
f 2326/2741/2709 2295/2750/2718 2296/2743/2711
f 2296/2743/2711 2295/2750/2718 1892/2751/2719
f 2296/2743/2711 1892/2751/2719 1891/2745/2713
f 2101/2747/2715 2100/2752/2720 2276/2748/2716
f 2276/2748/2716 2100/2752/2720 2328/2753/2721
f 2276/2748/2716 2328/2753/2721 2327/2749/2717
f 2327/2749/2717 2328/2753/2721 2294/2754/2722
f 2327/2749/2717 2294/2754/2722 2295/2750/2718
f 2295/2750/2718 2294/2754/2722 1893/2755/2723
f 2295/2750/2718 1893/2755/2723 1892/2751/2719
f 2328/2753/2721 2100/2752/2720 2293/2756/2724
f 2293/2756/2724 2100/2752/2720 2099/2757/2725
f 2293/2756/2724 2099/2757/2725 1895/2758/2408
f 1895/2758/2408 1894/2759/2726 2293/2756/2724
f 2293/2756/2724 1894/2759/2726 2294/2754/2722
f 2293/2756/2724 2294/2754/2722 2328/2753/2721
f 1894/2759/2726 1893/2755/2723 2294/2754/2722
f 2297/2744/2712 1890/2746/2714 2298/2760/2727
f 2298/2760/2727 1890/2746/2714 1889/2761/2728
f 2298/2760/2727 1889/2761/2728 2299/2730/2698
f 2299/2730/2698 1889/2761/2728 1888/2732/2700
f 2300/2731/2699 1887/2733/2701 2301/2762/2729
f 2301/2762/2729 1887/2733/2701 1886/2763/2730
f 2301/2762/2729 1886/2763/2730 2302/2711/2679
f 2302/2711/2679 1886/2763/2730 1885/2713/2681
f 2303/2712/2680 1884/2714/2682 2304/2764/2731
f 2304/2764/2731 1884/2714/2682 1883/2765/2732
f 2304/2764/2731 1883/2765/2732 2305/2653/2621
f 2305/2653/2621 1883/2765/2732 1882/2655/2623
f 2306/2654/2622 1881/2656/2624 2307/2766/2733
f 2307/2766/2733 1881/2656/2624 1880/2767/2734
f 2307/2766/2733 1880/2767/2734 2308/2768/2735
f 2308/2768/2735 1880/2767/2734 2309/2769/2736
f 2308/2768/2735 2309/2769/2736 2313/2770/2737
f 2313/2770/2737 2309/2769/2736 2312/2771/2738
f 2313/2770/2737 2312/2771/2738 2291/2772/2739
f 2291/2772/2739 2312/2771/2738 2292/2773/2740
f 2291/2772/2739 2292/2773/2740 2255/2774/2741
f 2255/2774/2741 2292/2773/2740 2256/2775/2742
f 2255/2774/2741 2256/2775/2742 2260/2776/2743
f 2260/2776/2743 2256/2775/2742 2259/2777/2744
f 2260/2776/2743 2259/2777/2744 2219/2778/2745
f 2219/2778/2745 2259/2777/2744 2220/2779/2746
f 2219/2778/2745 2220/2779/2746 2224/2780/2747
f 2224/2780/2747 2220/2779/2746 2223/2781/2748
f 2224/2780/2747 2223/2781/2748 2410/2782/2749
f 2410/2782/2749 2223/2781/2748 2411/2783/2750
f 2410/2782/2749 2411/2783/2750 2183/2784/2751
f 2183/2784/2751 2411/2783/2750 2184/2785/2752
f 2183/2784/2751 2184/2785/2752 2188/2786/2753
f 2188/2786/2753 2184/2785/2752 2187/2787/2754
f 2188/2786/2753 2187/2787/2754 2331/2788/2755
f 2331/2788/2755 2187/2787/2754 2330/2789/2756
f 2331/2788/2755 2330/2789/2756 2393/2790/2757
f 2393/2790/2757 2330/2789/2756 2394/2791/2758
f 2393/2790/2757 2394/2791/2758 2148/2792/2759
f 2148/2792/2759 2394/2791/2758 2149/2793/2760
f 2148/2792/2759 2149/2793/2760 2153/2794/2761
f 2153/2794/2761 2149/2793/2760 2152/2795/2762
f 2153/2794/2761 2152/2795/2762 2376/2596/2564
f 2376/2596/2564 2152/2795/2762 2377/2594/2562
f 1880/2767/2734 1879/2796/2763 2309/2769/2736
f 2309/2769/2736 1879/2796/2763 2310/2797/2764
f 2309/2769/2736 2310/2797/2764 2312/2771/2738
f 2312/2771/2738 2310/2797/2764 2311/2798/2765
f 2312/2771/2738 2311/2798/2765 2292/2773/2740
f 2292/2773/2740 2311/2798/2765 2112/2799/2766
f 2292/2773/2740 2112/2799/2766 2256/2775/2742
f 2256/2775/2742 2112/2799/2766 2257/2800/2767
f 2256/2775/2742 2257/2800/2767 2259/2777/2744
f 2259/2777/2744 2257/2800/2767 2258/2801/2768
f 2259/2777/2744 2258/2801/2768 2220/2779/2746
f 2220/2779/2746 2258/2801/2768 2221/2802/2769
f 2220/2779/2746 2221/2802/2769 2223/2781/2748
f 2223/2781/2748 2221/2802/2769 2222/2803/2770
f 2223/2781/2748 2222/2803/2770 2411/2783/2750
f 2411/2783/2750 2222/2803/2770 2110/2804/2771
f 2411/2783/2750 2110/2804/2771 2184/2785/2752
f 2184/2785/2752 2110/2804/2771 2185/2805/2772
f 2184/2785/2752 2185/2805/2772 2187/2787/2754
f 2187/2787/2754 2185/2805/2772 2186/2806/2773
f 2187/2787/2754 2186/2806/2773 2330/2789/2756
f 2330/2789/2756 2186/2806/2773 2329/2807/2774
f 2330/2789/2756 2329/2807/2774 2394/2791/2758
f 2394/2791/2758 2329/2807/2774 2107/2808/2775
f 2394/2791/2758 2107/2808/2775 2149/2793/2760
f 2149/2793/2760 2107/2808/2775 2150/2809/2776
f 2149/2793/2760 2150/2809/2776 2152/2795/2762
f 2152/2795/2762 2150/2809/2776 2151/2810/2777
f 2152/2795/2762 2151/2810/2777 2377/2594/2562
f 2377/2594/2562 2151/2810/2777 2378/2592/2560
f 1879/2796/2763 1878/2811/2333 2310/2797/2764
f 2310/2797/2764 1878/2811/2333 2098/2812/2778
f 2310/2797/2764 2098/2812/2778 2311/2798/2765
f 2311/2798/2765 2098/2812/2778 2112/2799/2766
f 2098/2812/2778 2097/2813/2779 2112/2799/2766
f 2112/2799/2766 2097/2813/2779 2257/2800/2767
f 2096/2814/2780 2221/2802/2769 2097/2813/2779
f 2097/2813/2779 2221/2802/2769 2258/2801/2768
f 2097/2813/2779 2258/2801/2768 2257/2800/2767
f 2078/2590/2558 2329/2807/2774 2096/2814/2780
f 2096/2814/2780 2329/2807/2774 2186/2806/2773
f 2096/2814/2780 2186/2806/2773 2185/2805/2772
f 2151/2810/2777 2150/2809/2776 2078/2590/2558
f 2078/2590/2558 2150/2809/2776 2107/2808/2775
f 2078/2590/2558 2107/2808/2775 2329/2807/2774
f 2185/2805/2772 2110/2804/2771 2096/2814/2780
f 2096/2814/2780 2110/2804/2771 2222/2803/2770
f 2096/2814/2780 2222/2803/2770 2221/2802/2769
f 2108/2625/2593 2347/2623/2591 2113/2688/2656
f 2113/2688/2656 2347/2623/2591 2114/2686/2654
f 2347/2623/2591 2348/2621/2589 2114/2686/2654
f 2114/2686/2654 2348/2621/2589 2115/2684/2652
f 2348/2621/2589 2349/2619/2587 2115/2684/2652
f 2115/2684/2652 2349/2619/2587 2116/2682/2650
f 2349/2619/2587 2350/2617/2585 2116/2682/2650
f 2116/2682/2650 2350/2617/2585 2117/2680/2648
f 2350/2617/2585 2351/2615/2583 2117/2680/2648
f 2117/2680/2648 2351/2615/2583 2118/2677/2645
f 2351/2615/2583 2352/2613/2581 2118/2677/2645
f 2118/2677/2645 2352/2613/2581 2119/2675/2643
f 2352/2613/2581 2353/2611/2579 2119/2675/2643
f 2119/2675/2643 2353/2611/2579 2120/2676/2644
f 2353/2611/2579 2354/2609/2577 2120/2676/2644
f 2106/2591/2559 2131/2589/2557 2130/2657/2625
f 2359/2595/2563 2360/2593/2561 2129/2659/2627
f 2129/2659/2627 2360/2593/2561 2130/2657/2625
f 2151/2810/2777 2078/2590/2558 2378/2592/2560
f 2360/2593/2561 2106/2591/2559 2130/2657/2625
f 2134/2630/2598 2135/2815/2781 2167/2816/2782
f 2167/2816/2782 2135/2815/2781 2166/2817/2783
f 2167/2816/2782 2166/2817/2783 2362/2624/2592
f 2362/2624/2592 2166/2817/2783 2363/2622/2590
f 2135/2815/2781 2136/2818/2784 2166/2817/2783
f 2166/2817/2783 2136/2818/2784 2165/2819/2785
f 2166/2817/2783 2165/2819/2785 2363/2622/2590
f 2363/2622/2590 2165/2819/2785 2364/2620/2588
f 2134/2630/2598 2380/2632/2600 2135/2815/2781
f 2135/2815/2781 2380/2632/2600 2381/2820/2786
f 2135/2815/2781 2381/2820/2786 2136/2818/2784
f 2136/2818/2784 2381/2820/2786 2382/2821/2787
f 2136/2818/2784 2382/2821/2787 2137/2822/2788
f 2137/2822/2788 2382/2821/2787 2383/2823/2789
f 2137/2822/2788 2383/2823/2789 2138/2824/2790
f 2138/2824/2790 2383/2823/2789 2384/2825/2791
f 2138/2824/2790 2384/2825/2791 2139/2826/2792
f 2139/2826/2792 2384/2825/2791 2385/2827/2793
f 2139/2826/2792 2385/2827/2793 2140/2828/2794
f 2140/2828/2794 2385/2827/2793 2386/2829/2795
f 2140/2828/2794 2386/2829/2795 2141/2830/2796
f 2141/2830/2796 2386/2829/2795 2387/2831/2797
f 2141/2830/2796 2387/2831/2797 2142/2832/2798
f 2142/2832/2798 2387/2831/2797 2388/2833/2799
f 2142/2832/2798 2388/2833/2799 2143/2834/2800
f 2143/2834/2800 2388/2833/2799 2389/2835/2801
f 2143/2834/2800 2389/2835/2801 2144/2836/2802
f 2144/2836/2802 2389/2835/2801 2390/2837/2803
f 2144/2836/2802 2390/2837/2803 2145/2838/2804
f 2145/2838/2804 2390/2837/2803 2391/2839/2805
f 2145/2838/2804 2391/2839/2805 2146/2840/2806
f 2146/2840/2806 2391/2839/2805 2392/2841/2807
f 2146/2840/2806 2392/2841/2807 2147/2842/2808
f 2147/2842/2808 2392/2841/2807 2393/2790/2757
f 2147/2842/2808 2393/2790/2757 2148/2792/2759
f 2136/2818/2784 2137/2822/2788 2165/2819/2785
f 2165/2819/2785 2137/2822/2788 2164/2843/2809
f 2165/2819/2785 2164/2843/2809 2364/2620/2588
f 2364/2620/2588 2164/2843/2809 2365/2618/2586
f 2137/2822/2788 2138/2824/2790 2164/2843/2809
f 2164/2843/2809 2138/2824/2790 2163/2844/2810
f 2164/2843/2809 2163/2844/2810 2365/2618/2586
f 2365/2618/2586 2163/2844/2810 2366/2616/2584
f 2138/2824/2790 2139/2826/2792 2163/2844/2810
f 2163/2844/2810 2139/2826/2792 2162/2845/2811
f 2163/2844/2810 2162/2845/2811 2366/2616/2584
f 2366/2616/2584 2162/2845/2811 2367/2614/2582
f 2139/2826/2792 2140/2828/2794 2162/2845/2811
f 2162/2845/2811 2140/2828/2794 2161/2846/2812
f 2162/2845/2811 2161/2846/2812 2367/2614/2582
f 2367/2614/2582 2161/2846/2812 2368/2612/2580
f 2140/2828/2794 2141/2830/2796 2161/2846/2812
f 2161/2846/2812 2141/2830/2796 2160/2847/2813
f 2161/2846/2812 2160/2847/2813 2368/2612/2580
f 2368/2612/2580 2160/2847/2813 2369/2610/2578
f 2141/2830/2796 2142/2832/2798 2160/2847/2813
f 2160/2847/2813 2142/2832/2798 2159/2848/2814
f 2160/2847/2813 2159/2848/2814 2369/2610/2578
f 2369/2610/2578 2159/2848/2814 2370/2608/2576
f 2142/2832/2798 2143/2834/2800 2159/2848/2814
f 2159/2848/2814 2143/2834/2800 2158/2849/2815
f 2159/2848/2814 2158/2849/2815 2370/2608/2576
f 2370/2608/2576 2158/2849/2815 2371/2606/2574
f 2143/2834/2800 2144/2836/2802 2158/2849/2815
f 2158/2849/2815 2144/2836/2802 2157/2850/2816
f 2158/2849/2815 2157/2850/2816 2371/2606/2574
f 2371/2606/2574 2157/2850/2816 2372/2604/2572
f 2144/2836/2802 2145/2838/2804 2157/2850/2816
f 2157/2850/2816 2145/2838/2804 2156/2851/2817
f 2157/2850/2816 2156/2851/2817 2372/2604/2572
f 2372/2604/2572 2156/2851/2817 2373/2602/2570
f 2145/2838/2804 2146/2840/2806 2156/2851/2817
f 2156/2851/2817 2146/2840/2806 2155/2852/2818
f 2156/2851/2817 2155/2852/2818 2373/2602/2570
f 2373/2602/2570 2155/2852/2818 2374/2600/2568
f 2146/2840/2806 2147/2842/2808 2155/2852/2818
f 2155/2852/2818 2147/2842/2808 2154/2853/2819
f 2155/2852/2818 2154/2853/2819 2374/2600/2568
f 2374/2600/2568 2154/2853/2819 2375/2598/2566
f 2147/2842/2808 2148/2792/2759 2154/2853/2819
f 2154/2853/2819 2148/2792/2759 2153/2794/2761
f 2154/2853/2819 2153/2794/2761 2375/2598/2566
f 2375/2598/2566 2153/2794/2761 2376/2596/2564
f 2361/2626/2594 2168/2628/2596 2167/2816/2782
f 2167/2816/2782 2168/2628/2596 2134/2630/2598
f 2361/2626/2594 2167/2816/2782 2362/2624/2592
f 2203/2693/2661 2111/2715/2683 2169/2695/2663
f 2169/2695/2663 2111/2715/2683 2396/2854/2820
f 2169/2695/2663 2396/2854/2820 2397/2697/2665
f 2397/2697/2665 2396/2854/2820 2237/2855/2821
f 2397/2697/2665 2237/2855/2821 2236/2699/2667
f 2236/2699/2667 2237/2855/2821 2207/2856/2822
f 2236/2699/2667 2207/2856/2822 2208/2701/2669
f 2208/2701/2669 2207/2856/2822 2271/2857/2823
f 2208/2701/2669 2271/2857/2823 2270/2703/2671
f 2270/2703/2671 2271/2857/2823 2245/2858/2824
f 2270/2703/2671 2245/2858/2824 2246/2705/2673
f 2246/2705/2673 2245/2858/2824 2282/2859/2825
f 2246/2705/2673 2282/2859/2825 2283/2707/2675
f 2283/2707/2675 2282/2859/2825 2321/2860/2826
f 2283/2707/2675 2321/2860/2826 2320/2709/2677
f 2320/2709/2677 2321/2860/2826 2301/2762/2729
f 2320/2709/2677 2301/2762/2729 2302/2711/2679
f 2170/2696/2664 2171/2861/2827 2201/2862/2828
f 2201/2862/2828 2171/2861/2827 2200/2635/2603
f 2201/2862/2828 2200/2635/2603 2344/2633/2601
f 2200/2635/2603 2171/2861/2827 2172/2637/2605
f 2172/2637/2605 2171/2861/2827 2399/2863/2829
f 2172/2637/2605 2399/2863/2829 2400/2639/2607
f 2400/2639/2607 2399/2863/2829 2234/2864/2830
f 2400/2639/2607 2234/2864/2830 2233/2641/2609
f 2233/2641/2609 2234/2864/2830 2210/2865/2831
f 2233/2641/2609 2210/2865/2831 2211/2643/2611
f 2211/2643/2611 2210/2865/2831 2268/2866/2832
f 2211/2643/2611 2268/2866/2832 2267/2645/2613
f 2267/2645/2613 2268/2866/2832 2248/2867/2833
f 2267/2645/2613 2248/2867/2833 2249/2647/2615
f 2249/2647/2615 2248/2867/2833 2285/2868/2834
f 2249/2647/2615 2285/2868/2834 2286/2649/2617
f 2286/2649/2617 2285/2868/2834 2318/2869/2835
f 2286/2649/2617 2318/2869/2835 2317/2651/2619
f 2317/2651/2619 2318/2869/2835 2304/2764/2731
f 2317/2651/2619 2304/2764/2731 2305/2653/2621
f 2399/2863/2829 2171/2861/2827 2398/2698/2666
f 2398/2698/2666 2171/2861/2827 2170/2696/2664
f 2173/2638/2606 2174/2870/2836 2198/2871/2837
f 2198/2871/2837 2174/2870/2836 2197/2872/2838
f 2198/2871/2837 2197/2872/2838 2341/2873/2839
f 2341/2873/2839 2197/2872/2838 2340/2874/2840
f 2341/2873/2839 2340/2874/2840 2383/2823/2789
f 2383/2823/2789 2340/2874/2840 2384/2825/2791
f 2174/2870/2836 2175/2875/2841 2197/2872/2838
f 2197/2872/2838 2175/2875/2841 2196/2876/2842
f 2197/2872/2838 2196/2876/2842 2340/2874/2840
f 2340/2874/2840 2196/2876/2842 2339/2877/2843
f 2340/2874/2840 2339/2877/2843 2384/2825/2791
f 2384/2825/2791 2339/2877/2843 2385/2827/2793
f 2173/2638/2606 2401/2640/2608 2174/2870/2836
f 2174/2870/2836 2401/2640/2608 2402/2878/2844
f 2174/2870/2836 2402/2878/2844 2175/2875/2841
f 2175/2875/2841 2402/2878/2844 2403/2879/2845
f 2175/2875/2841 2403/2879/2845 2176/2880/2846
f 2176/2880/2846 2403/2879/2845 2404/2881/2847
f 2176/2880/2846 2404/2881/2847 2177/2882/2848
f 2177/2882/2848 2404/2881/2847 2405/2883/2849
f 2177/2882/2848 2405/2883/2849 2178/2884/2850
f 2178/2884/2850 2405/2883/2849 2406/2885/2851
f 2178/2884/2850 2406/2885/2851 2179/2886/2852
f 2179/2886/2852 2406/2885/2851 2407/2887/2853
f 2179/2886/2852 2407/2887/2853 2180/2888/2854
f 2180/2888/2854 2407/2887/2853 2408/2889/2855
f 2180/2888/2854 2408/2889/2855 2181/2890/2856
f 2181/2890/2856 2408/2889/2855 2409/2891/2857
f 2181/2890/2856 2409/2891/2857 2182/2892/2858
f 2182/2892/2858 2409/2891/2857 2410/2782/2749
f 2182/2892/2858 2410/2782/2749 2183/2784/2751
f 2175/2875/2841 2176/2880/2846 2196/2876/2842
f 2196/2876/2842 2176/2880/2846 2195/2893/2859
f 2196/2876/2842 2195/2893/2859 2339/2877/2843
f 2339/2877/2843 2195/2893/2859 2338/2894/2860
f 2339/2877/2843 2338/2894/2860 2385/2827/2793
f 2385/2827/2793 2338/2894/2860 2386/2829/2795
f 2176/2880/2846 2177/2882/2848 2195/2893/2859
f 2195/2893/2859 2177/2882/2848 2194/2895/2861
f 2195/2893/2859 2194/2895/2861 2338/2894/2860
f 2338/2894/2860 2194/2895/2861 2337/2896/2862
f 2338/2894/2860 2337/2896/2862 2386/2829/2795
f 2386/2829/2795 2337/2896/2862 2387/2831/2797
f 2177/2882/2848 2178/2884/2850 2194/2895/2861
f 2194/2895/2861 2178/2884/2850 2193/2897/2863
f 2194/2895/2861 2193/2897/2863 2337/2896/2862
f 2337/2896/2862 2193/2897/2863 2336/2898/2864
f 2337/2896/2862 2336/2898/2864 2387/2831/2797
f 2387/2831/2797 2336/2898/2864 2388/2833/2799
f 2178/2884/2850 2179/2886/2852 2193/2897/2863
f 2193/2897/2863 2179/2886/2852 2192/2899/2865
f 2193/2897/2863 2192/2899/2865 2336/2898/2864
f 2336/2898/2864 2192/2899/2865 2335/2900/2866
f 2336/2898/2864 2335/2900/2866 2388/2833/2799
f 2388/2833/2799 2335/2900/2866 2389/2835/2801
f 2179/2886/2852 2180/2888/2854 2192/2899/2865
f 2192/2899/2865 2180/2888/2854 2191/2901/2867
f 2192/2899/2865 2191/2901/2867 2335/2900/2866
f 2335/2900/2866 2191/2901/2867 2334/2902/2868
f 2335/2900/2866 2334/2902/2868 2389/2835/2801
f 2389/2835/2801 2334/2902/2868 2390/2837/2803
f 2180/2888/2854 2181/2890/2856 2191/2901/2867
f 2191/2901/2867 2181/2890/2856 2190/2903/2869
f 2191/2901/2867 2190/2903/2869 2334/2902/2868
f 2334/2902/2868 2190/2903/2869 2333/2904/2870
f 2334/2902/2868 2333/2904/2870 2390/2837/2803
f 2390/2837/2803 2333/2904/2870 2391/2839/2805
f 2181/2890/2856 2182/2892/2858 2190/2903/2869
f 2190/2903/2869 2182/2892/2858 2189/2905/2871
f 2190/2903/2869 2189/2905/2871 2333/2904/2870
f 2333/2904/2870 2189/2905/2871 2332/2906/2872
f 2333/2904/2870 2332/2906/2872 2391/2839/2805
f 2391/2839/2805 2332/2906/2872 2392/2841/2807
f 2182/2892/2858 2183/2784/2751 2189/2905/2871
f 2189/2905/2871 2183/2784/2751 2188/2786/2753
f 2189/2905/2871 2188/2786/2753 2332/2906/2872
f 2332/2906/2872 2188/2786/2753 2331/2788/2755
f 2332/2906/2872 2331/2788/2755 2392/2841/2807
f 2392/2841/2807 2331/2788/2755 2393/2790/2757
f 2173/2638/2606 2198/2871/2837 2199/2636/2604
f 2199/2636/2604 2198/2871/2837 2342/2907/2873
f 2199/2636/2604 2342/2907/2873 2343/2634/2602
f 2343/2634/2602 2342/2907/2873 2381/2820/2786
f 2343/2634/2602 2381/2820/2786 2380/2632/2600
f 2342/2907/2873 2198/2871/2837 2341/2873/2839
f 2170/2696/2664 2201/2862/2828 2202/2694/2662
f 2202/2694/2662 2201/2862/2828 2345/2908/2874
f 2202/2694/2662 2345/2908/2874 2346/2692/2660
f 2346/2692/2660 2345/2908/2874 2109/2690/2658
f 2345/2908/2874 2201/2862/2828 2344/2633/2601
f 2239/2718/2686 2204/2734/2702 2205/2720/2688
f 2205/2720/2688 2204/2734/2702 2274/2909/2875
f 2205/2720/2688 2274/2909/2875 2273/2722/2690
f 2273/2722/2690 2274/2909/2875 2242/2910/2876
f 2273/2722/2690 2242/2910/2876 2243/2724/2692
f 2243/2724/2692 2242/2910/2876 2279/2911/2877
f 2243/2724/2692 2279/2911/2877 2280/2726/2694
f 2280/2726/2694 2279/2911/2877 2324/2912/2878
f 2280/2726/2694 2324/2912/2878 2323/2728/2696
f 2323/2728/2696 2324/2912/2878 2298/2760/2727
f 2323/2728/2696 2298/2760/2727 2299/2730/2698
f 2238/2719/2687 2206/2721/2689 2237/2855/2821
f 2237/2855/2821 2206/2721/2689 2207/2856/2822
f 2271/2857/2823 2207/2856/2822 2272/2723/2691
f 2272/2723/2691 2207/2856/2822 2206/2721/2689
f 2235/2700/2668 2209/2702/2670 2234/2864/2830
f 2234/2864/2830 2209/2702/2670 2210/2865/2831
f 2268/2866/2832 2210/2865/2831 2269/2704/2672
f 2269/2704/2672 2210/2865/2831 2209/2702/2670
f 2212/2644/2612 2213/2913/2879 2231/2914/2880
f 2231/2914/2880 2213/2913/2879 2230/2915/2881
f 2231/2914/2880 2230/2915/2881 2403/2879/2845
f 2403/2879/2845 2230/2915/2881 2404/2881/2847
f 2213/2913/2879 2214/2916/2882 2230/2915/2881
f 2230/2915/2881 2214/2916/2882 2229/2917/2883
f 2230/2915/2881 2229/2917/2883 2404/2881/2847
f 2404/2881/2847 2229/2917/2883 2405/2883/2849
f 2212/2644/2612 2266/2646/2614 2213/2913/2879
f 2213/2913/2879 2266/2646/2614 2265/2918/2884
f 2213/2913/2879 2265/2918/2884 2214/2916/2882
f 2214/2916/2882 2265/2918/2884 2264/2919/2885
f 2214/2916/2882 2264/2919/2885 2215/2920/2886
f 2215/2920/2886 2264/2919/2885 2263/2921/2887
f 2215/2920/2886 2263/2921/2887 2216/2922/2888
f 2216/2922/2888 2263/2921/2887 2262/2923/2889
f 2216/2922/2888 2262/2923/2889 2217/2924/2890
f 2217/2924/2890 2262/2923/2889 2261/2925/2891
f 2217/2924/2890 2261/2925/2891 2218/2926/2892
f 2218/2926/2892 2261/2925/2891 2260/2776/2743
f 2218/2926/2892 2260/2776/2743 2219/2778/2745
f 2214/2916/2882 2215/2920/2886 2229/2917/2883
f 2229/2917/2883 2215/2920/2886 2228/2927/2893
f 2229/2917/2883 2228/2927/2893 2405/2883/2849
f 2405/2883/2849 2228/2927/2893 2406/2885/2851
f 2215/2920/2886 2216/2922/2888 2228/2927/2893
f 2228/2927/2893 2216/2922/2888 2227/2928/2894
f 2228/2927/2893 2227/2928/2894 2406/2885/2851
f 2406/2885/2851 2227/2928/2894 2407/2887/2853
f 2216/2922/2888 2217/2924/2890 2227/2928/2894
f 2227/2928/2894 2217/2924/2890 2226/2929/2895
f 2227/2928/2894 2226/2929/2895 2407/2887/2853
f 2407/2887/2853 2226/2929/2895 2408/2889/2855
f 2217/2924/2890 2218/2926/2892 2226/2929/2895
f 2226/2929/2895 2218/2926/2892 2225/2930/2896
f 2226/2929/2895 2225/2930/2896 2408/2889/2855
f 2408/2889/2855 2225/2930/2896 2409/2891/2857
f 2218/2926/2892 2219/2778/2745 2225/2930/2896
f 2225/2930/2896 2219/2778/2745 2224/2780/2747
f 2225/2930/2896 2224/2780/2747 2409/2891/2857
f 2409/2891/2857 2224/2780/2747 2410/2782/2749
f 2212/2644/2612 2231/2914/2880 2232/2642/2610
f 2232/2642/2610 2231/2914/2880 2402/2878/2844
f 2232/2642/2610 2402/2878/2844 2401/2640/2608
f 2402/2878/2844 2231/2914/2880 2403/2879/2845
f 2398/2698/2666 2235/2700/2668 2399/2863/2829
f 2399/2863/2829 2235/2700/2668 2234/2864/2830
f 2395/2717/2685 2238/2719/2687 2396/2854/2820
f 2396/2854/2820 2238/2719/2687 2237/2855/2821
f 2275/2736/2704 2241/2738/2706 2274/2909/2875
f 2274/2909/2875 2241/2738/2706 2242/2910/2876
f 2279/2911/2877 2242/2910/2876 2278/2740/2708
f 2278/2740/2708 2242/2910/2876 2241/2738/2706
f 2271/2857/2823 2272/2723/2691 2244/2725/2693
f 2271/2857/2823 2244/2725/2693 2245/2858/2824
f 2245/2858/2824 2244/2725/2693 2281/2727/2695
f 2245/2858/2824 2281/2727/2695 2282/2859/2825
f 2282/2859/2825 2281/2727/2695 2322/2729/2697
f 2282/2859/2825 2322/2729/2697 2321/2860/2826
f 2321/2860/2826 2322/2729/2697 2300/2731/2699
f 2321/2860/2826 2300/2731/2699 2301/2762/2729
f 2268/2866/2832 2269/2704/2672 2247/2706/2674
f 2268/2866/2832 2247/2706/2674 2248/2867/2833
f 2248/2867/2833 2247/2706/2674 2284/2708/2676
f 2248/2867/2833 2284/2708/2676 2285/2868/2834
f 2285/2868/2834 2284/2708/2676 2319/2710/2678
f 2285/2868/2834 2319/2710/2678 2318/2869/2835
f 2318/2869/2835 2319/2710/2678 2303/2712/2680
f 2318/2869/2835 2303/2712/2680 2304/2764/2731
f 2265/2918/2884 2266/2646/2614 2250/2648/2616
f 2264/2919/2885 2265/2918/2884 2251/2931/2897
f 2251/2931/2897 2265/2918/2884 2250/2648/2616
f 2251/2931/2897 2250/2648/2616 2287/2650/2618
f 2263/2921/2887 2264/2919/2885 2252/2932/2898
f 2252/2932/2898 2264/2919/2885 2251/2931/2897
f 2252/2932/2898 2251/2931/2897 2288/2933/2899
f 2288/2933/2899 2251/2931/2897 2287/2650/2618
f 2288/2933/2899 2287/2650/2618 2316/2652/2620
f 2262/2923/2889 2263/2921/2887 2253/2934/2900
f 2253/2934/2900 2263/2921/2887 2252/2932/2898
f 2253/2934/2900 2252/2932/2898 2289/2935/2901
f 2289/2935/2901 2252/2932/2898 2288/2933/2899
f 2289/2935/2901 2288/2933/2899 2315/2936/2902
f 2315/2936/2902 2288/2933/2899 2316/2652/2620
f 2315/2936/2902 2316/2652/2620 2306/2654/2622
f 2261/2925/2891 2262/2923/2889 2254/2937/2903
f 2254/2937/2903 2262/2923/2889 2253/2934/2900
f 2254/2937/2903 2253/2934/2900 2290/2938/2904
f 2290/2938/2904 2253/2934/2900 2289/2935/2901
f 2290/2938/2904 2289/2935/2901 2314/2939/2905
f 2314/2939/2905 2289/2935/2901 2315/2936/2902
f 2314/2939/2905 2315/2936/2902 2307/2766/2733
f 2307/2766/2733 2315/2936/2902 2306/2654/2622
f 2260/2776/2743 2261/2925/2891 2255/2774/2741
f 2255/2774/2741 2261/2925/2891 2254/2937/2903
f 2255/2774/2741 2254/2937/2903 2291/2772/2739
f 2291/2772/2739 2254/2937/2903 2290/2938/2904
f 2291/2772/2739 2290/2938/2904 2313/2770/2737
f 2313/2770/2737 2290/2938/2904 2314/2939/2905
f 2313/2770/2737 2314/2939/2905 2308/2768/2735
f 2308/2768/2735 2314/2939/2905 2307/2766/2733
f 2204/2734/2702 2275/2736/2704 2274/2909/2875
f 2324/2912/2878 2279/2911/2877 2325/2742/2710
f 2325/2742/2710 2279/2911/2877 2278/2740/2708
f 2324/2912/2878 2325/2742/2710 2297/2744/2712
f 2297/2744/2712 2298/2760/2727 2324/2912/2878
f 2383/2823/2789 2382/2821/2787 2341/2873/2839
f 2341/2873/2839 2382/2821/2787 2342/2907/2873
f 2382/2821/2787 2381/2820/2786 2342/2907/2873
f 2109/2690/2658 2345/2908/2874 2379/2631/2599
f 2379/2631/2599 2345/2908/2874 2344/2633/2601
f 2109/2690/2658 2379/2631/2599 2133/2629/2597
f 2395/2717/2685 2396/2854/2820 2111/2715/2683
# 2411 vertices
# 2939 texture params
# 2905 normals
# 4816 facets

# 3 groups
