# WaveFront *.obj file (generated by Autodesk ATF)

mtllib side.mtl

g Body167

v 0.025000 7.283113 -0.933017
v 0.025000 7.346297 -0.846043
v 0.025000 7.386466 -0.746328
v 0.025000 7.401216 -0.639843
v 0.025000 7.389662 -0.532964
v 0.025000 7.352498 -0.432090
v 0.025000 7.291948 -0.343263
v -0.025000 7.291948 -0.343263
v -0.025000 7.352498 -0.432090
v -0.025000 7.389662 -0.532964
v -0.025000 7.401216 -0.639843
v -0.025000 7.386466 -0.746328
v -0.025000 7.346297 -0.846043
v -0.025000 7.283113 -0.933017
v 0.025000 6.961948 -0.633263
v -0.025000 6.961948 -0.633263
v 0.025000 7.152303 1.426737
v 0.025000 7.461948 1.426737
v -0.025000 7.461948 1.426737
v -0.025000 7.152303 1.426737
v 0.025000 6.481948 0.006737
v -0.025000 6.481948 0.006737
v 0.025000 5.551948 -0.243263
v -0.025000 5.551948 -0.243263
v 0.025000 6.471947 -1.323263
v -0.025000 6.471947 -1.323263
v 0.025000 7.461948 -1.323263
v -0.025000 7.461948 -1.323263
v 0.025000 7.511948 -1.323263
v 0.025000 7.511948 1.436737
v -0.025000 7.461948 1.436737
v -0.025000 8.254345 -1.323263
v 0.025000 8.254345 -1.323263
v 0.025000 8.351927 -1.287183
v 0.025000 8.322573 -1.306848
v 0.025000 8.289432 -1.319101
v -0.025000 8.289432 -1.319101
v -0.025000 8.322573 -1.306848
v -0.025000 8.351927 -1.287183
v 0.025000 8.766288 -0.932250
v -0.025000 8.766288 -0.932250
v 0.025000 8.236455 1.899211
v -0.025000 8.236455 1.899211
v 0.025000 8.143075 1.976737
v 0.025000 8.164823 1.974214
v 0.025000 8.185415 1.966780
v 0.025000 8.203759 1.954829
v 0.025000 8.218880 1.938997
v 0.025000 8.229975 1.920123
v -0.025000 8.229975 1.920123
v -0.025000 8.218880 1.938997
v -0.025000 8.203759 1.954829
v -0.025000 8.185415 1.966780
v -0.025000 8.164823 1.974214
v -0.025000 8.143075 1.976737
v 0.025000 7.411948 1.976737
v -0.025000 7.411948 1.976737
v 0.025000 7.157024 1.436737
v -0.025000 7.157024 1.436737
vt 0.050000 0.646632 0.000000
vt -0.000000 0.646632 0.000000
vt 0.050000 0.538860 0.000000
vt -0.000000 0.538860 0.000000
vt 0.050000 0.431088 0.000000
vt -0.000000 0.431088 0.000000
vt 0.050000 0.323316 0.000000
vt -0.000000 0.323316 0.000000
vt 0.050000 0.215544 0.000000
vt 0.000000 0.215544 0.000000
vt 0.050000 0.107772 0.000000
vt 0.000000 0.107772 0.000000
vt 0.050000 0.000000 0.000000
vt -0.000000 0.000000 0.000000
vt 0.000000 0.000000 0.000000
vt 0.439318 -0.000000 0.000000
vt 0.000000 0.050000 0.000000
vt 0.439318 0.050000 0.000000
vt -0.000000 0.000000 0.000000
vt 0.439318 0.000000 0.000000
vt 0.000000 0.050000 0.000000
vt 0.439318 0.050000 0.000000
vt 0.000000 0.000000 0.000000
vt 0.309645 -0.000000 0.000000
vt -0.000000 0.050000 0.000000
vt 0.309645 0.050000 0.000000
vt 0.000000 0.000000 0.000000
vt 1.570279 -0.000000 0.000000
vt -0.000000 0.050000 0.000000
vt 1.570279 0.050000 0.000000
vt 0.000000 0.000000 0.000000
vt 0.963016 0.000000 0.000000
vt -0.000000 0.050000 0.000000
vt 0.963016 0.050000 0.000000
vt 0.000000 0.000000 0.000000
vt 1.418732 -0.000000 0.000000
vt 0.000000 0.050000 0.000000
vt 1.418732 0.050000 0.000000
vt 0.000000 0.000000 0.000000
vt 0.990000 0.000000 0.000000
vt 0.000000 0.050000 0.000000
vt 0.990000 0.050000 0.000000
vt 0.000000 0.000000 0.000000
vt 2.750000 0.000000 0.000000
vt 0.000000 0.050000 0.000000
vt 2.750000 0.050000 0.000000
vt -0.455000 -0.685000 0.000000
vt 0.025000 -0.045000 0.000000
vt -0.785000 -0.395000 0.000000
vt -0.645355 1.375000 0.000000
vt -0.955000 1.375000 0.000000
vt 0.035000 -1.375000 0.000000
vt -0.776165 -0.984754 0.000000
vt -0.955000 -1.375000 0.000000
vt -0.839349 -0.897781 0.000000
vt -0.879519 -0.798065 0.000000
vt -0.894268 -0.691580 0.000000
vt -0.882715 -0.584701 0.000000
vt -0.845550 -0.483827 0.000000
vt 0.955000 -0.295000 0.000000
vt 0.785000 -0.395000 0.000000
vt -0.025000 -0.045000 0.000000
vt 0.455000 -0.685000 0.000000
vt -0.035000 -1.375000 0.000000
vt 0.776165 -0.984754 0.000000
vt 0.955000 -1.375000 0.000000
vt 0.839349 -0.897781 0.000000
vt 0.879519 -0.798065 0.000000
vt 0.894268 -0.691580 0.000000
vt 0.955000 1.375000 0.000000
vt 0.882715 -0.584701 0.000000
vt 0.845550 -0.483827 0.000000
vt 0.645355 1.375000 0.000000
vt -0.955000 -0.295000 0.000000
vt -0.825000 0.035355 0.000000
vt -0.825000 -0.035355 0.000000
vt 1.925000 0.035355 0.000000
vt 1.935000 -0.035355 0.000000
vt 1.935000 0.035355 0.000000
vt 0.792398 0.050000 0.000000
vt 0.000000 0.050000 0.000000
vt 0.742398 -0.000000 0.000000
vt 0.000000 0.000000 0.000000
vt -0.050000 0.000000 0.000000
vt -0.000000 0.000000 0.000000
vt -0.050000 0.035415 0.000000
vt -0.000000 0.035415 0.000000
vt -0.050000 0.070830 0.000000
vt -0.000000 0.070830 0.000000
vt -0.050000 0.106245 0.000000
vt 0.000000 0.106245 0.000000
vt -0.000000 0.000000 0.000000
vt 0.545593 0.000000 0.000000
vt 0.000000 0.050000 0.000000
vt 0.545593 0.050000 0.000000
vt 0.000000 0.000000 0.000000
vt 2.880606 -0.000000 0.000000
vt -0.000000 0.050000 0.000000
vt 2.880606 0.050000 0.000000
vt -0.050000 0.000000 0.000000
vt 0.000000 0.000000 0.000000
vt -0.050000 0.021942 0.000000
vt 0.000000 0.021942 0.000000
vt -0.050000 0.043884 0.000000
vt -0.000000 0.043884 0.000000
vt -0.050000 0.065826 0.000000
vt -0.000000 0.065826 0.000000
vt -0.050000 0.087768 0.000000
vt 0.000000 0.087768 0.000000
vt -0.050000 0.109710 0.000000
vt -0.000000 0.109710 0.000000
vt -0.050000 0.131652 0.000000
vt -0.000000 0.131652 0.000000
vt 0.000000 0.000000 0.000000
vt 0.731128 -0.000000 0.000000
vt -0.000000 0.050000 0.000000
vt 0.731128 0.050000 0.000000
vt 0.000000 0.000000 0.000000
vt 0.597148 -0.000000 0.000000
vt -0.000000 0.050000 0.000000
vt 0.597148 0.050000 0.000000
vt -0.050000 -0.000000 0.000000
vt 0.304924 0.000000 0.000000
vt 0.000000 0.050000 0.000000
vt 0.304924 0.050000 0.000000
vt 0.804632 1.110000 0.000000
vt 0.549708 1.650000 0.000000
vt 0.499708 1.110000 0.000000
vt -0.181420 1.650000 0.000000
vt 0.499708 1.100000 0.000000
vt -0.274799 1.572473 0.000000
vt -0.292690 -1.650000 0.000000
vt -0.390272 -1.613920 0.000000
vt -0.327777 -1.645839 0.000000
vt -0.360917 -1.633585 0.000000
vt -0.203167 1.647477 0.000000
vt -0.223760 1.640043 0.000000
vt -0.242103 1.628092 0.000000
vt -0.257224 1.612260 0.000000
vt -0.268319 1.593386 0.000000
vt -0.804632 -1.258987 0.000000
vt 0.499708 -1.650000 0.000000
vt -0.449708 -1.650000 0.000000
vt 0.292690 -1.650000 0.000000
vt -0.449708 1.110000 0.000000
vt 0.274799 1.572473 0.000000
vt 0.181420 1.650000 0.000000
vt 0.203167 1.647477 0.000000
vt 0.223760 1.640043 0.000000
vt 0.242103 1.628092 0.000000
vt 0.257224 1.612260 0.000000
vt 0.268319 1.593386 0.000000
vt 0.390272 -1.613920 0.000000
vt 0.327777 -1.645839 0.000000
vt 0.360917 -1.633585 0.000000
vt 0.804632 -1.258987 0.000000
vt -0.549708 1.650000 0.000000
vt -0.804632 1.110000 0.000000
vn -0.000000 -0.731055 0.682318
vn -0.000000 -0.731055 0.682318
vn -0.000000 -0.874878 0.484343
vn -0.000000 -0.874878 0.484343
vn -0.000000 -0.966314 0.257366
vn -0.000000 -0.966314 0.257366
vn -0.000000 -0.999888 0.014978
vn -0.000000 -0.999888 0.014978
vn -0.000000 -0.973589 -0.228306
vn -0.000000 -0.973589 -0.228306
vn -0.000000 -0.888993 -0.457920
vn -0.000000 -0.888993 -0.457920
vn -0.000000 -0.751165 -0.660115
vn -0.000000 -0.751165 -0.660115
vn 0.000000 0.682318 0.731055
vn 0.000000 0.682318 0.731055
vn 0.000000 0.682318 0.731055
vn 0.000000 0.682318 0.731055
vn 0.000000 0.660115 -0.751165
vn 0.000000 0.660115 -0.751165
vn 0.000000 0.660115 -0.751165
vn 0.000000 0.660115 -0.751165
vn 0.000000 0.000000 1.000000
vn 0.000000 0.000000 1.000000
vn 0.000000 0.000000 1.000000
vn 0.000000 0.000000 1.000000
vn -0.000000 -0.904298 0.426902
vn -0.000000 -0.904298 0.426902
vn -0.000000 -0.904298 0.426902
vn -0.000000 -0.904298 0.426902
vn -0.000000 -0.259601 0.965716
vn -0.000000 -0.259601 0.965716
vn -0.000000 -0.259601 0.965716
vn -0.000000 -0.259601 0.965716
vn -0.000000 -0.761243 -0.648466
vn -0.000000 -0.761243 -0.648466
vn -0.000000 -0.761243 -0.648466
vn -0.000000 -0.761243 -0.648466
vn 0.000000 0.000000 -1.000000
vn 0.000000 0.000000 -1.000000
vn 0.000000 0.000000 -1.000000
vn 0.000000 0.000000 -1.000000
vn 0.000000 1.000000 0.000000
vn 0.000000 1.000000 0.000000
vn 0.000000 1.000000 0.000000
vn 0.000000 1.000000 0.000000
vn -1.000000 0.000000 0.000000
vn -1.000000 0.000000 0.000000
vn -1.000000 0.000000 0.000000
vn -1.000000 0.000000 0.000000
vn -1.000000 0.000000 0.000000
vn -1.000000 0.000000 0.000000
vn -1.000000 0.000000 0.000000
vn -1.000000 0.000000 0.000000
vn -1.000000 0.000000 0.000000
vn -1.000000 0.000000 0.000000
vn -1.000000 0.000000 0.000000
vn -1.000000 0.000000 0.000000
vn -1.000000 0.000000 0.000000
vn -1.000000 0.000000 0.000000
vn 1.000000 -0.000000 -0.000000
vn 1.000000 -0.000000 -0.000000
vn 1.000000 -0.000000 -0.000000
vn 1.000000 -0.000000 -0.000000
vn 1.000000 -0.000000 -0.000000
vn 1.000000 -0.000000 -0.000000
vn 1.000000 -0.000000 -0.000000
vn 1.000000 -0.000000 -0.000000
vn 1.000000 -0.000000 -0.000000
vn 1.000000 -0.000000 -0.000000
vn 1.000000 -0.000000 -0.000000
vn 1.000000 -0.000000 -0.000000
vn 1.000000 -0.000000 -0.000000
vn 1.000000 -0.000000 -0.000000
vn 0.707107 -0.707107 0.000000
vn 0.707107 -0.707107 0.000000
vn 0.707107 -0.707107 0.000000
vn 0.707107 -0.707107 0.000000
vn 0.707107 -0.707107 0.000000
vn 0.000000 0.000000 -1.000000
vn 0.000000 0.000000 -1.000000
vn 0.000000 0.000000 -1.000000
vn 0.000000 0.650545 -0.759468
vn 0.000000 0.650545 -0.759468
vn 0.000000 0.454848 -0.890569
vn 0.000000 0.454848 -0.890569
vn 0.000000 0.233913 -0.972257
vn 0.000000 0.233913 -0.972257
vn 0.000000 0.650545 -0.759468
vn 0.000000 0.650545 -0.759468
vn 0.000000 0.982939 0.183931
vn 0.000000 0.982939 0.183931
vn 0.000000 0.982939 0.183931
vn 0.000000 0.982939 0.183931
vn -0.000000 -0.000000 1.000000
vn -0.000000 -0.000000 1.000000
vn 0.000000 0.228921 0.973445
vn 0.000000 0.228921 0.973445
vn 0.000000 0.445683 0.895191
vn 0.000000 0.445683 0.895191
vn 0.000000 0.638776 0.769393
vn 0.000000 0.638776 0.769393
vn 0.000000 0.797943 0.602733
vn 0.000000 0.797943 0.602733
vn 0.000000 0.914732 0.404062
vn 0.000000 0.914732 0.404062
vn 0.000000 0.000000 1.000000
vn 0.000000 0.000000 1.000000
vn -0.000000 -0.904298 0.426902
vn -0.000000 -0.904298 0.426902
vn -0.000000 -0.904298 0.426902
vn -0.000000 -0.904298 0.426902
vn 0.000000 0.000000 -1.000000
vn 0.000000 0.000000 -1.000000
vn 0.000000 0.000000 -1.000000
vn 0.000000 0.000000 -1.000000
vn -1.000000 0.000000 0.000000
vn -1.000000 0.000000 0.000000
vn -1.000000 0.000000 0.000000
vn -1.000000 0.000000 0.000000
vn -1.000000 0.000000 0.000000
vn -1.000000 0.000000 0.000000
vn -1.000000 0.000000 0.000000
vn -1.000000 0.000000 0.000000
vn -1.000000 0.000000 0.000000
vn -1.000000 0.000000 0.000000
vn -1.000000 0.000000 0.000000
vn -1.000000 0.000000 0.000000
vn -1.000000 0.000000 0.000000
vn -1.000000 0.000000 0.000000
vn -1.000000 0.000000 0.000000
vn 1.000000 -0.000000 -0.000000
vn 1.000000 -0.000000 -0.000000
vn 1.000000 -0.000000 -0.000000
vn 1.000000 -0.000000 -0.000000
vn 1.000000 -0.000000 -0.000000
vn 1.000000 -0.000000 -0.000000
vn 1.000000 -0.000000 -0.000000
vn 1.000000 -0.000000 -0.000000
vn 1.000000 -0.000000 -0.000000
vn 1.000000 -0.000000 -0.000000
vn 1.000000 -0.000000 -0.000000
vn 1.000000 -0.000000 -0.000000
vn 1.000000 -0.000000 -0.000000
vn 1.000000 -0.000000 -0.000000
vn 1.000000 -0.000000 -0.000000
vn 1.000000 -0.000000 -0.000000
usemtl Steel_-_Satin
f 14/1/1 1/2/2 13/3/3
f 13/3/3 1/2/2 2/4/4
f 13/3/3 2/4/4 12/5/5
f 12/5/5 2/4/4 3/6/6
f 12/5/5 3/6/6 11/7/7
f 11/7/7 3/6/6 4/8/8
f 11/7/7 4/8/8 10/9/9
f 10/9/9 4/8/8 5/10/10
f 10/9/9 5/10/10 9/11/11
f 9/11/11 5/10/10 6/12/12
f 9/11/11 6/12/12 8/13/13
f 8/13/13 6/12/12 7/14/14
f 15/15/15 1/16/16 16/17/17
f 16/17/17 1/16/16 14/18/18
f 7/19/19 15/20/20 8/21/21
f 8/21/21 15/20/20 16/22/22
f 17/23/23 18/24/24 20/25/25
f 20/25/25 18/24/24 19/26/26
f 21/27/27 17/28/28 22/29/29
f 22/29/29 17/28/28 20/30/30
f 23/31/31 21/32/32 24/33/33
f 24/33/33 21/32/32 22/34/34
f 25/35/35 23/36/36 26/37/37
f 26/37/37 23/36/36 24/38/38
f 27/39/39 25/40/40 28/41/41
f 28/41/41 25/40/40 26/42/42
f 18/43/43 27/44/44 19/45/45
f 19/45/45 27/44/44 28/46/46
f 16/47/47 22/48/48 8/49/49
f 8/49/49 22/48/48 20/50/50
f 8/49/49 20/50/50 19/51/51
f 22/48/48 16/47/47 26/52/52
f 26/52/52 16/47/47 14/53/53
f 26/52/52 14/53/53 28/54/54
f 28/54/54 14/53/53 13/55/55
f 28/54/54 13/55/55 12/56/56
f 12/56/56 11/57/57 28/54/54
f 28/54/54 11/57/57 19/51/51
f 19/51/51 11/57/57 10/58/58
f 19/51/51 10/58/58 9/59/59
f 9/59/59 8/49/49 19/51/51
f 26/52/52 24/60/60 22/48/48
f 7/61/61 21/62/62 15/63/63
f 15/63/63 21/62/62 25/64/64
f 15/63/63 25/64/64 1/65/65
f 1/65/65 25/64/64 27/66/66
f 1/65/65 27/66/66 2/67/67
f 2/67/67 27/66/66 3/68/68
f 3/68/68 27/66/66 4/69/69
f 4/69/69 27/66/66 18/70/70
f 4/69/69 18/70/70 5/71/71
f 5/71/71 18/70/70 6/72/72
f 6/72/72 18/70/70 7/61/61
f 7/61/61 18/70/70 17/73/73
f 7/61/61 17/73/73 21/62/62
f 21/62/62 23/74/74 25/64/64
f 28/75/75 29/76/76 19/77/77
f 19/77/77 29/76/76 30/78/78
f 19/77/77 30/78/78 31/79/79
f 28/80/41 32/81/80 29/82/81
f 29/82/81 32/81/80 33/83/82
f 39/84/83 34/85/84 38/86/85
f 38/86/85 34/85/84 35/87/86
f 38/86/85 35/87/86 37/88/87
f 37/88/87 35/87/86 36/89/88
f 37/88/87 36/89/88 32/90/80
f 32/90/80 36/89/88 33/91/82
f 40/92/89 34/93/84 41/94/90
f 41/94/90 34/93/84 39/95/83
f 42/96/91 40/97/92 43/98/93
f 43/98/93 40/97/92 41/99/94
f 55/100/95 44/101/96 54/102/97
f 54/102/97 44/101/96 45/103/98
f 54/102/97 45/103/98 53/104/99
f 53/104/99 45/103/98 46/105/100
f 53/104/99 46/105/100 52/106/101
f 52/106/101 46/105/100 47/107/102
f 52/106/101 47/107/102 51/108/103
f 51/108/103 47/107/102 48/109/104
f 51/108/103 48/109/104 50/110/105
f 50/110/105 48/109/104 49/111/106
f 50/110/105 49/111/106 43/112/93
f 43/112/93 49/111/106 42/113/91
f 56/114/107 44/115/96 57/116/108
f 57/116/108 44/115/96 55/117/95
f 58/118/109 56/119/110 59/120/111
f 59/120/111 56/119/110 57/121/112
f 30/122/113 58/123/114 31/124/115
f 31/124/115 58/123/114 59/125/116
f 59/126/117 57/127/118 31/128/119
f 31/128/119 57/127/118 55/129/120
f 31/128/119 55/129/120 19/130/51
f 19/130/51 55/129/120 43/131/121
f 19/130/51 43/131/121 32/132/122
f 32/132/122 43/131/121 39/133/123
f 32/132/122 39/133/123 37/134/124
f 37/134/124 39/133/123 38/135/125
f 55/129/120 54/136/126 43/131/121
f 43/131/121 54/136/126 53/137/127
f 43/131/121 53/137/127 52/138/128
f 52/138/128 51/139/129 43/131/121
f 43/131/121 51/139/129 50/140/130
f 43/131/121 41/141/131 39/133/123
f 32/132/122 28/142/54 19/130/51
f 29/143/132 33/144/133 30/145/134
f 30/145/134 33/144/133 42/146/135
f 30/145/134 42/146/135 44/147/136
f 44/147/136 42/146/135 45/148/137
f 45/148/137 42/146/135 46/149/138
f 46/149/138 42/146/135 47/150/139
f 47/150/139 42/146/135 48/151/140
f 48/151/140 42/146/135 49/152/141
f 42/146/135 33/144/133 34/153/142
f 34/153/142 33/144/133 36/154/143
f 34/153/142 36/154/143 35/155/144
f 34/153/142 40/156/145 42/146/135
f 44/147/136 56/157/146 30/145/134
f 30/145/134 56/157/146 58/158/147
g Body168

v 0.670218 -0.881856 -1.644009
v 0.673958 -0.564811 -1.644009
v 0.675000 -0.250000 -1.644009
v 0.675000 -0.250000 0.210000
v 0.673957 -0.565007 -0.059364
v 0.670216 -0.881980 -0.330408
v 0.663036 -1.185093 -0.365102
v 0.650877 -1.490000 -0.400000
v 0.629966 -1.825566 -0.439097
v 0.600000 -2.150000 -0.477873
v 0.600000 -2.150000 -1.250000
v 0.618151 -1.967569 -1.345970
v 0.632420 -1.790954 -1.422774
v 0.643109 -1.630646 -1.481983
v 0.650520 -1.497134 -1.525163
v 0.656243 -1.367897 -1.562572
v 0.661848 -1.210694 -1.601305
v 0.675000 2.200000 -1.619774
v 0.589897 2.984425 -1.576605
v 0.504297 3.773436 -1.502586
v 0.459331 4.187909 -1.451625
v 0.411864 4.625426 -1.390092
v 0.361106 5.093286 -1.317033
v 0.306264 5.598787 -1.231495
v 0.104149 7.461758 -0.905785
v 0.104149 7.461758 -0.323148
v 0.570526 3.162979 -0.005013
v 0.675000 2.200000 0.210000
v 0.153798 7.004121 -0.635182
v 0.122822 7.289640 -0.395510
v 0.117993 7.334151 -0.466969
v 0.115265 7.359297 -0.547314
v 0.114813 7.363467 -0.631399
v 0.116665 7.346395 -0.713838
v 0.120703 7.309173 -0.789351
v 0.126669 7.254186 -0.853101
v 0.675000 0.700000 -1.644009
v 0.675000 1.067387 -1.642853
v 0.675000 1.444429 -1.638907
v 0.675000 1.824257 -1.631454
v -0.675000 -0.250000 0.210000
v -0.675000 2.200000 0.210000
v -0.675000 2.200000 -1.619774
v -0.675000 1.824257 -1.631454
v -0.675000 1.444429 -1.638907
v -0.675000 1.067387 -1.642853
v -0.675000 0.700000 -1.644009
v -0.675000 -0.250000 -1.644009
v -0.670216 -0.881980 -0.330408
v -0.673957 -0.565007 -0.059364
v -0.673958 -0.564811 -1.644009
v -0.670218 -0.881856 -1.644009
v -0.666200 -1.073210 -1.627144
v -0.659026 -1.302331 -1.579508
v -0.651810 -1.466376 -1.534906
v -0.640002 -1.675864 -1.466599
v -0.622949 -1.910503 -1.372369
v -0.600000 -2.150000 -1.250000
v -0.600000 -2.150000 -0.477873
v -0.629966 -1.825566 -0.439097
v -0.650877 -1.490000 -0.400000
v -0.663036 -1.185093 -0.365102
v -0.570526 3.162979 -0.005013
v -0.104149 7.461758 -0.323148
v -0.104149 7.461758 -0.905785
v -0.306264 5.598787 -1.231495
v -0.361106 5.093286 -1.317033
v -0.411864 4.625426 -1.390092
v -0.459331 4.187909 -1.451625
v -0.504297 3.773436 -1.502586
v -0.589897 2.984425 -1.576605
v -0.122822 7.289640 -0.395510
v -0.153798 7.004121 -0.635182
v -0.126669 7.254186 -0.853101
v -0.120703 7.309173 -0.789351
v -0.116665 7.346395 -0.713838
v -0.114813 7.363467 -0.631399
v -0.115265 7.359297 -0.547314
v -0.117993 7.334151 -0.466969
vt 0.167874 1.644009 0.000000
vt 0.364510 0.330408 0.000000
vt 0.364427 1.644009 0.000000
vt 0.589165 0.365102 0.000000
vt 0.610223 1.601305 0.000000
vt 0.747834 1.562572 0.000000
vt 0.865634 0.400000 0.000000
vt 0.872837 1.525163 0.000000
vt 1.014628 1.481983 0.000000
vt 1.247246 0.439097 0.000000
vt 1.203587 1.422774 0.000000
vt 1.438019 1.345970 0.000000
vt 1.714661 0.477873 0.000000
vt 1.714661 1.250000 0.000000
vt 0.167986 0.059364 0.000000
vt -0.000000 1.644009 0.000000
vt -0.000000 -0.210000 0.000000
vt -0.000000 -0.210000 0.000000
vt -0.000000 1.619774 0.000000
vt -0.968629 0.005013 0.000000
vt -0.789028 1.576605 0.000000
vt -1.582669 1.502586 0.000000
vt -1.999574 1.451625 0.000000
vt -2.439658 1.390092 0.000000
vt -2.910263 1.317033 0.000000
vt -3.418731 1.231495 0.000000
vt -4.832311 0.635182 0.000000
vt -5.119505 0.395510 0.000000
vt -5.083843 0.853101 0.000000
vt -5.292633 0.905785 0.000000
vt -5.139153 0.789351 0.000000
vt -5.176593 0.713838 0.000000
vt -5.193766 0.631399 0.000000
vt -5.292633 0.323148 0.000000
vt -5.189571 0.547314 0.000000
vt -5.164278 0.466969 0.000000
vt -0.000000 1.644009 0.000000
vt -0.950000 1.644009 0.000000
vt -0.000000 -0.210000 0.000000
vt -1.317387 1.642853 0.000000
vt -2.450000 -0.210000 0.000000
vt -1.694429 1.638907 0.000000
vt -2.074257 1.631454 0.000000
vt -2.450000 1.619774 0.000000
vt 0.000000 -0.210000 0.000000
vt -1.132613 1.642853 0.000000
vt -2.450000 -0.210000 0.000000
vt -1.500000 1.644009 0.000000
vt -2.450000 1.644009 0.000000
vt -0.000000 1.619774 0.000000
vt -0.375743 1.631454 0.000000
vt -0.755571 1.638907 0.000000
vt -0.167966 0.059364 0.000000
vt -0.364383 1.644009 0.000000
vt -0.364466 0.330408 0.000000
vt -0.501165 1.627144 0.000000
vt -0.589093 0.365102 0.000000
vt -0.688532 1.579508 0.000000
vt -0.865529 0.400000 0.000000
vt -0.841948 1.534906 0.000000
vt -1.065673 1.466599 0.000000
vt -0.167854 1.644009 0.000000
vt -0.000000 -0.210000 0.000000
vt -0.000000 1.644009 0.000000
vt -1.247095 0.439097 0.000000
vt -1.358888 1.372369 0.000000
vt -1.714453 0.477873 0.000000
vt -1.714453 1.250000 0.000000
vt -5.331100 -0.210000 0.000000
vt -4.362471 0.005013 0.000000
vt -5.331100 1.619774 0.000000
vt -4.542072 1.576605 0.000000
vt -3.748431 1.502586 0.000000
vt -3.331526 1.451625 0.000000
vt -2.891442 1.390092 0.000000
vt -2.420837 1.317033 0.000000
vt -1.912369 1.231495 0.000000
vt -0.498789 0.635182 0.000000
vt -0.247256 0.853101 0.000000
vt -0.211594 0.395510 0.000000
vt -0.038467 0.323148 0.000000
vt -0.166822 0.466969 0.000000
vt -0.141529 0.547314 0.000000
vt -0.137334 0.631399 0.000000
vt -0.038467 0.905785 0.000000
vt -0.154507 0.713838 0.000000
vt -0.191947 0.789351 0.000000
vt -0.126669 0.000000 0.000000
vt 0.126669 0.000000 0.000000
vt -0.120703 0.084415 0.000000
vt 0.120703 0.084415 0.000000
vt -0.116665 0.168829 0.000000
vt 0.116665 0.168829 0.000000
vt -0.114813 0.253244 0.000000
vt 0.114813 0.253244 0.000000
vt -0.115265 0.337658 0.000000
vt 0.115265 0.337658 0.000000
vt -0.117993 0.422073 0.000000
vt 0.117993 0.422073 0.000000
vt -0.122822 0.506487 0.000000
vt 0.122822 0.506487 0.000000
vt 2.450000 0.675000 0.000000
vt -0.000000 0.675000 0.000000
vt 2.450000 -0.675000 0.000000
vt 0.000000 -0.675000 0.000000
vt 0.831529 0.670216 0.000000
vt 0.414471 0.673957 0.000000
vt 0.831529 -0.670216 0.000000
vt 0.414471 -0.673957 0.000000
vt 0.000000 -0.675000 0.000000
vt 0.000000 0.675000 0.000000
vt 0.611990 -0.650877 0.000000
vt 0.611990 0.650877 0.000000
vt 0.305092 -0.663036 0.000000
vt 0.305093 0.663036 0.000000
vt 0.000000 0.670216 0.000000
vt -0.000000 -0.670216 0.000000
vt 0.000000 0.600000 0.000000
vt -0.340979 0.629966 0.000000
vt 0.000000 -0.600000 0.000000
vt -0.340979 -0.629966 0.000000
vt -0.650317 -0.650877 0.000000
vt -0.650317 0.650877 0.000000
vt 0.772127 0.600000 0.000000
vt -0.000000 0.600000 0.000000
vt 0.772127 -0.600000 0.000000
vt 0.000000 -0.600000 0.000000
vt 1.446730 -0.670218 0.000000
vt 1.446730 0.670218 0.000000
vt 1.181635 -0.666200 0.000000
vt 1.018565 0.661848 0.000000
vt 0.916572 -0.659026 0.000000
vt 0.845835 0.656243 0.000000
vt 0.741844 -0.651810 0.000000
vt 0.709569 0.650520 0.000000
vt 0.570916 0.643109 0.000000
vt 0.524079 -0.640002 0.000000
vt 0.403275 0.632420 0.000000
vt 0.274861 -0.622949 0.000000
vt 0.211840 0.618151 0.000000
vt 0.000000 -0.600000 0.000000
vt 0.000000 0.600000 0.000000
vt 0.000000 0.153798 0.000000
vt 0.000000 -0.153798 0.000000
vt 0.372778 0.122822 0.000000
vt 0.372778 -0.122822 0.000000
vt 0.331694 0.153798 0.000000
vt 0.000000 0.126669 0.000000
vt 0.331694 -0.153798 0.000000
vt 0.000000 -0.126669 0.000000
vt 0.986691 0.675000 0.000000
vt 0.000000 0.570526 0.000000
vt 0.986691 -0.675000 0.000000
vt 0.000000 -0.570526 0.000000
vt 4.310535 0.570526 0.000000
vt 0.000000 0.104149 0.000000
vt 4.310535 -0.570526 0.000000
vt 0.000000 -0.104149 0.000000
vt 0.582637 0.104149 0.000000
vt 0.000000 0.104149 0.000000
vt 0.582637 -0.104149 0.000000
vt 0.000000 -0.104149 0.000000
vt 0.000000 0.306264 0.000000
vt 0.000000 -0.306264 0.000000
vt 1.891229 0.104149 0.000000
vt 1.891229 -0.104149 0.000000
vt -3.356599 0.675000 0.000000
vt -3.013867 -0.675000 0.000000
vt -3.013867 0.675000 0.000000
vt -2.244602 -0.589897 0.000000
vt -2.244602 0.589897 0.000000
vt -1.467859 -0.504297 0.000000
vt -1.467859 0.504297 0.000000
vt -1.088840 -0.459331 0.000000
vt -1.088840 0.459331 0.000000
vt -0.718889 -0.411864 0.000000
vt -0.718889 0.411864 0.000000
vt -0.356932 -0.361106 0.000000
vt -0.356932 0.361106 0.000000
vt 0.000000 0.306264 0.000000
vt 0.000000 -0.306264 0.000000
vt -3.356599 -0.675000 0.000000
vt -3.680794 0.675000 0.000000
vt -3.680794 -0.675000 0.000000
vt -3.980884 0.675000 0.000000
vt -3.980884 -0.675000 0.000000
vt -4.254521 0.675000 0.000000
vt -4.254521 -0.675000 0.000000
vt 0.317045 0.673958 0.000000
vt 0.317045 -0.673958 0.000000
vt 0.631856 0.675000 0.000000
vt 0.631856 -0.675000 0.000000
vt 1.581856 -0.675000 0.000000
vt 0.000000 0.670218 0.000000
vt 0.000000 -0.670218 0.000000
vt 1.581856 0.675000 0.000000
vn 0.999975 -0.007030 -0.000000
vn 0.999852 -0.017179 -0.000000
vn 0.999853 -0.017174 -0.000000
vn 0.999522 -0.030910 -0.000000
vn 0.999479 -0.032287 -0.000000
vn 0.999137 -0.041538 -0.000000
vn 0.998766 -0.049671 -0.000000
vn 0.998741 -0.050171 -0.000000
vn 0.998198 -0.060010 -0.000000
vn 0.997111 -0.075957 -0.000000
vn 0.997333 -0.072980 -0.000000
vn 0.996022 -0.089108 -0.000000
vn 0.993891 -0.110367 -0.000000
vn 0.993891 -0.110367 -0.000000
vn 0.999975 -0.007035 -0.000000
vn 1.000000 -0.000000 -0.000000
vn 1.000000 -0.000000 -0.000000
vn 0.994166 0.107858 0.000000
vn 0.994166 0.107858 0.000000
vn 0.994166 0.107858 0.000000
vn 0.994166 0.107858 0.000000
vn 0.994166 0.107858 0.000000
vn 0.994166 0.107858 0.000000
vn 0.994166 0.107858 0.000000
vn 0.994166 0.107858 0.000000
vn 0.994166 0.107858 0.000000
vn 0.994166 0.107858 0.000000
vn 0.994166 0.107858 0.000000
vn 0.994166 0.107858 0.000000
vn 0.994166 0.107858 0.000000
vn 0.994166 0.107858 0.000000
vn 0.994166 0.107858 0.000000
vn 0.994166 0.107858 0.000000
vn 0.994166 0.107858 0.000000
vn 0.994166 0.107858 0.000000
vn 0.994166 0.107858 0.000000
vn 1.000000 -0.000000 -0.000000
vn 1.000000 -0.000000 -0.000000
vn 1.000000 -0.000000 -0.000000
vn 1.000000 -0.000000 -0.000000
vn 1.000000 -0.000000 -0.000000
vn 1.000000 -0.000000 -0.000000
vn -1.000000 0.000000 -0.000000
vn -1.000000 0.000000 -0.000000
vn -1.000000 0.000000 -0.000000
vn -1.000000 0.000000 -0.000000
vn -1.000000 0.000000 -0.000000
vn -1.000000 0.000000 -0.000000
vn -1.000000 0.000000 -0.000000
vn -1.000000 0.000000 -0.000000
vn -0.999975 -0.007035 -0.000000
vn -0.999853 -0.017174 -0.000000
vn -0.999852 -0.017179 -0.000000
vn -0.999680 -0.025306 -0.000000
vn -0.999522 -0.030910 -0.000000
vn -0.999296 -0.037511 -0.000000
vn -0.998766 -0.049671 -0.000000
vn -0.998846 -0.048035 -0.000000
vn -0.997979 -0.063542 -0.000000
vn -0.999975 -0.007030 -0.000000
vn -0.997111 -0.075957 -0.000000
vn -0.996499 -0.083609 -0.000000
vn -0.993891 -0.110367 -0.000000
vn -0.993891 -0.110367 -0.000000
vn -0.994166 0.107858 -0.000000
vn -0.994166 0.107858 -0.000000
vn -0.994166 0.107858 -0.000000
vn -0.994166 0.107858 -0.000000
vn -0.994166 0.107858 -0.000000
vn -0.994166 0.107858 -0.000000
vn -0.994166 0.107858 -0.000000
vn -0.994166 0.107858 -0.000000
vn -0.994166 0.107858 -0.000000
vn -0.994166 0.107858 -0.000000
vn -0.994166 0.107858 -0.000000
vn -0.994166 0.107858 -0.000000
vn -0.994166 0.107858 -0.000000
vn -0.994166 0.107858 -0.000000
vn -0.994166 0.107858 -0.000000
vn -0.994166 0.107858 -0.000000
vn -0.994166 0.107858 -0.000000
vn -0.994166 0.107858 -0.000000
vn -0.994166 0.107858 -0.000000
vn 0.000000 -0.668499 0.743713
vn 0.000000 -0.668499 0.743713
vn 0.000000 -0.833797 0.552071
vn 0.000000 -0.833797 0.552071
vn 0.000000 -0.945690 0.325070
vn 0.000000 -0.945690 0.325070
vn 0.000000 -0.997012 0.077248
vn 0.000000 -0.997012 0.077248
vn 0.000000 -0.984476 -0.175522
vn 0.000000 -0.984476 -0.175522
vn 0.000000 -0.908884 -0.417050
vn 0.000000 -0.908884 -0.417050
vn 0.000000 -0.775078 -0.631865
vn 0.000000 -0.775078 -0.631865
vn 0.000000 0.000000 1.000000
vn 0.000000 0.000000 1.000000
vn 0.000000 0.000000 1.000000
vn 0.000000 0.000000 1.000000
vn 0.000000 -0.649898 0.760022
vn 0.000000 -0.649898 0.760022
vn 0.000000 -0.649898 0.760022
vn 0.000000 -0.649898 0.760022
vn 0.000000 -0.649898 0.760022
vn 0.000000 -0.649898 0.760022
vn 0.000000 -0.113714 0.993514
vn 0.000000 -0.113714 0.993514
vn 0.000000 -0.113714 0.993514
vn 0.000000 -0.113714 0.993514
vn 0.000000 -0.113714 0.993514
vn 0.000000 -0.113714 0.993514
vn 0.000000 -0.119675 0.992813
vn 0.000000 -0.117541 0.993068
vn 0.000000 -0.119675 0.992813
vn 0.000000 -0.117541 0.993068
vn 0.000000 -1.000000 0.000000
vn 0.000000 -1.000000 0.000000
vn 0.000000 -1.000000 0.000000
vn 0.000000 -1.000000 0.000000
vn 0.000000 0.000000 -1.000000
vn 0.000000 0.000000 -1.000000
vn 0.000000 -0.154638 -0.987971
vn 0.000000 -0.213343 -0.976977
vn 0.000000 -0.242460 -0.970161
vn 0.000000 -0.260614 -0.965443
vn 0.000000 -0.285644 -0.958336
vn 0.000000 -0.293224 -0.956044
vn 0.000000 -0.326078 -0.945343
vn 0.000000 -0.337618 -0.941283
vn 0.000000 -0.369363 -0.929285
vn 0.000000 -0.407257 -0.913314
vn 0.000000 -0.427661 -0.903939
vn 0.000000 -0.503871 -0.863779
vn 0.000000 -0.503871 -0.863779
vn 0.000000 0.642935 -0.765921
vn 0.000000 0.642935 -0.765921
vn 0.000000 0.642935 -0.765921
vn 0.000000 0.642935 -0.765921
vn -0.000000 0.656988 0.753901
vn -0.000000 0.656988 0.753901
vn -0.000000 0.656988 0.753901
vn -0.000000 0.656988 0.753901
vn -0.000000 0.217914 0.975968
vn -0.000000 0.217914 0.975968
vn -0.000000 0.217914 0.975968
vn -0.000000 0.217914 0.975968
vn -0.000000 0.073804 0.997273
vn -0.000000 0.073804 0.997273
vn -0.000000 0.073804 0.997273
vn -0.000000 0.073804 0.997273
vn -0.000000 1.000000 0.000000
vn -0.000000 1.000000 0.000000
vn -0.000000 1.000000 0.000000
vn -0.000000 1.000000 0.000000
vn 0.000000 0.172221 -0.985058
vn 0.000000 0.172221 -0.985058
vn 0.000000 0.172221 -0.985058
vn 0.000000 0.172221 -0.985058
vn 0.000000 0.024968 -0.999688
vn 0.000000 0.037754 -0.999287
vn 0.000000 0.037754 -0.999287
vn 0.000000 0.073139 -0.997322
vn 0.000000 0.073139 -0.997322
vn 0.000000 0.113078 -0.993586
vn 0.000000 0.113078 -0.993586
vn 0.000000 0.131323 -0.991340
vn 0.000000 0.131323 -0.991340
vn 0.000000 0.147284 -0.989094
vn 0.000000 0.147284 -0.989094
vn 0.000000 0.160852 -0.986979
vn 0.000000 0.160852 -0.986979
vn 0.000000 0.024968 -0.999688
vn 0.000000 0.014655 -0.999893
vn 0.000000 0.014655 -0.999893
vn 0.000000 0.006482 -0.999979
vn 0.000000 0.006482 -0.999979
vn 0.000000 0.000000 -1.000000
vn 0.000000 0.000000 -1.000000
vn 0.000000 0.000000 -1.000000
vn 0.000000 0.000000 -1.000000
vn 0.000000 0.000000 -1.000000
vn 0.000000 0.000000 -1.000000
f 61/159/148 65/160/149 60/161/150
f 60/161/150 65/160/149 66/162/151
f 60/161/150 66/162/151 76/163/152
f 76/163/152 66/162/151 75/164/153
f 75/164/153 66/162/151 67/165/154
f 75/164/153 67/165/154 74/166/155
f 74/166/155 67/165/154 73/167/156
f 73/167/156 67/165/154 68/168/157
f 73/167/156 68/168/157 72/169/158
f 72/169/158 68/168/157 71/170/159
f 71/170/159 68/168/157 69/171/160
f 71/170/159 69/171/160 70/172/161
f 65/160/149 61/159/148 64/173/162
f 64/173/162 61/159/148 62/174/163
f 64/173/162 62/174/163 63/175/164
f 87/176/165 77/177/166 86/178/167
f 86/178/167 77/177/166 78/179/168
f 86/178/167 78/179/168 79/180/169
f 79/180/169 80/181/170 86/178/167
f 86/178/167 80/181/170 81/182/171
f 86/178/167 81/182/171 82/183/172
f 82/183/172 83/184/173 86/178/167
f 86/178/167 83/184/173 88/185/174
f 86/178/167 88/185/174 89/186/175
f 88/185/174 83/184/173 95/187/176
f 95/187/176 83/184/173 84/188/177
f 95/187/176 84/188/177 94/189/178
f 94/189/178 84/188/177 93/190/179
f 93/190/179 84/188/177 92/191/180
f 92/191/180 84/188/177 85/192/181
f 92/191/180 85/192/181 91/193/182
f 91/193/182 85/192/181 90/194/183
f 90/194/183 85/192/181 89/186/175
f 89/186/175 85/192/181 86/178/167
f 62/195/163 96/196/184 63/197/164
f 63/197/164 96/196/184 97/198/185
f 63/197/164 97/198/185 87/199/186
f 87/199/186 97/198/185 98/200/187
f 87/199/186 98/200/187 99/201/188
f 99/201/188 77/202/189 87/199/186
f 101/203/190 105/204/191 100/205/192
f 100/205/192 105/204/191 106/206/193
f 100/205/192 106/206/193 107/207/194
f 102/208/195 103/209/196 101/203/190
f 101/203/190 103/209/196 104/210/197
f 101/203/190 104/210/197 105/204/191
f 109/211/198 111/212/199 108/213/200
f 108/213/200 111/212/199 112/214/201
f 108/213/200 112/214/201 121/215/202
f 121/215/202 112/214/201 113/216/203
f 121/215/202 113/216/203 120/217/204
f 120/217/204 113/216/203 114/218/205
f 120/217/204 114/218/205 115/219/206
f 111/212/199 109/211/198 110/220/207
f 110/220/207 109/211/198 100/221/192
f 110/220/207 100/221/192 107/222/194
f 120/217/204 115/219/206 119/223/208
f 119/223/208 115/219/206 116/224/209
f 119/223/208 116/224/209 118/225/210
f 118/225/210 116/224/209 117/226/211
f 101/227/212 122/228/213 102/229/214
f 102/229/214 122/228/213 130/230/215
f 130/230/215 122/228/213 129/231/216
f 129/231/216 122/228/213 128/232/217
f 128/232/217 122/228/213 127/233/218
f 127/233/218 122/228/213 126/234/219
f 126/234/219 122/228/213 125/235/220
f 125/235/220 122/228/213 132/236/221
f 125/235/220 132/236/221 133/237/222
f 132/236/221 122/228/213 131/238/223
f 131/238/223 122/228/213 123/239/224
f 131/238/223 123/239/224 138/240/225
f 138/240/225 123/239/224 137/241/226
f 137/241/226 123/239/224 136/242/227
f 136/242/227 123/239/224 124/243/228
f 136/242/227 124/243/228 135/244/229
f 135/244/229 124/243/228 134/245/230
f 134/245/230 124/243/228 133/237/222
f 133/237/222 124/243/228 125/235/220
f 133/246/231 95/247/232 134/248/233
f 134/248/233 95/247/232 94/249/234
f 134/248/233 94/249/234 135/250/235
f 135/250/235 94/249/234 93/251/236
f 135/250/235 93/251/236 136/252/237
f 136/252/237 93/251/236 92/253/238
f 136/252/237 92/253/238 137/254/239
f 137/254/239 92/253/238 91/255/240
f 137/254/239 91/255/240 138/256/241
f 138/256/241 91/255/240 90/257/242
f 138/256/241 90/257/242 131/258/243
f 131/258/243 90/257/242 89/259/244
f 63/260/245 87/261/246 100/262/247
f 100/262/247 87/261/246 101/263/248
f 65/264/249 64/265/250 108/266/251
f 108/266/251 64/265/250 109/267/252
f 109/267/252 64/265/250 100/268/253
f 100/268/253 64/265/250 63/269/254
f 120/270/255 67/271/256 121/272/257
f 121/272/257 67/271/256 66/273/258
f 121/272/257 66/273/258 65/274/259
f 65/274/259 108/275/260 121/272/257
f 69/276/261 68/277/262 118/278/263
f 118/278/263 68/277/262 119/279/264
f 119/279/264 68/277/262 120/280/255
f 120/280/255 68/277/262 67/281/256
f 70/282/265 69/283/266 117/284/267
f 117/284/267 69/283/266 118/285/268
f 111/286/269 60/287/270 112/288/271
f 112/288/271 60/287/270 76/289/272
f 112/288/271 76/289/272 113/290/273
f 113/290/273 76/289/272 75/291/274
f 113/290/273 75/291/274 114/292/275
f 114/292/275 75/291/274 74/293/276
f 114/292/275 74/293/276 73/294/277
f 114/292/275 73/294/277 115/295/278
f 115/295/278 73/294/277 72/296/279
f 115/295/278 72/296/279 116/297/280
f 116/297/280 72/296/279 71/298/281
f 116/297/280 71/298/281 117/299/282
f 117/299/282 71/298/281 70/300/283
f 88/301/284 132/302/285 89/303/286
f 89/303/286 132/302/285 131/304/287
f 88/305/288 95/306/289 132/307/290
f 132/307/290 95/306/289 133/308/291
f 87/309/292 86/310/293 101/311/294
f 101/311/294 86/310/293 122/312/295
f 86/313/296 85/314/297 122/315/298
f 122/315/298 85/314/297 123/316/299
f 85/317/300 84/318/301 123/319/302
f 123/319/302 84/318/301 124/320/303
f 83/321/304 125/322/305 84/323/306
f 84/323/306 125/322/305 124/324/307
f 99/325/308 102/326/309 77/327/310
f 77/327/310 102/326/309 130/328/311
f 77/327/310 130/328/311 78/329/312
f 78/329/312 130/328/311 129/330/313
f 78/329/312 129/330/313 79/331/314
f 79/331/314 129/330/313 128/332/315
f 79/331/314 128/332/315 80/333/316
f 80/333/316 128/332/315 127/334/317
f 80/333/316 127/334/317 81/335/318
f 81/335/318 127/334/317 126/336/319
f 81/335/318 126/336/319 82/337/320
f 82/337/320 126/336/319 83/338/304
f 83/338/304 126/336/319 125/339/305
f 102/326/309 99/325/308 103/340/321
f 103/340/321 99/325/308 98/341/322
f 103/340/321 98/341/322 104/342/323
f 104/342/323 98/341/322 97/343/324
f 104/342/323 97/343/324 105/344/325
f 105/344/325 97/343/324 96/345/326
f 105/344/325 96/345/326 106/346/327
f 61/347/328 110/348/329 62/349/330
f 62/349/330 110/348/329 107/350/331
f 62/349/330 107/350/331 106/351/327
f 60/352/270 111/353/269 61/347/328
f 61/347/328 111/353/269 110/348/329
f 106/351/327 96/354/326 62/349/330
g Body170

v 1.900000 6.362207 -0.636855
v 1.900000 6.602606 -1.403396
v 1.950000 6.602606 -1.403396
v 1.950000 6.362207 -0.636855
v 1.900000 6.603191 0.129551
v 1.950000 6.603191 0.129551
v 1.900000 6.669968 0.178554
v 1.900000 6.652431 0.176322
v 1.900000 6.636012 0.169767
v 1.900000 6.621759 0.159308
v 1.900000 6.610581 0.145611
v 1.950000 6.610581 0.145611
v 1.950000 6.621759 0.159308
v 1.950000 6.636012 0.169767
v 1.950000 6.652431 0.176322
v 1.950000 6.669968 0.178554
v 1.900000 6.965850 0.178554
v 1.950000 6.965850 0.178554
v 1.900000 7.035465 0.101231
v 1.900000 7.035217 0.117945
v 1.900000 7.031012 0.134124
v 1.900000 7.023092 0.148844
v 1.900000 7.011907 0.161267
v 1.900000 6.998096 0.170684
v 1.900000 6.982446 0.176558
v 1.950000 6.982446 0.176558
v 1.950000 6.998096 0.170684
v 1.950000 7.011907 0.161267
v 1.950000 7.023092 0.148844
v 1.950000 7.031012 0.134124
v 1.950000 7.035217 0.117945
v 1.950000 7.035465 0.101231
v 1.900000 6.957823 -0.636855
v 1.950000 6.957823 -0.636855
v 1.900000 7.035562 -1.375118
v 1.950000 7.035562 -1.375118
v 1.900000 6.965947 -1.452449
v 1.900000 6.982544 -1.450453
v 1.900000 6.998195 -1.444578
v 1.900000 7.012007 -1.435160
v 1.900000 7.023192 -1.422736
v 1.900000 7.031112 -1.408014
v 1.900000 7.035315 -1.391834
v 1.950000 7.035315 -1.391834
v 1.950000 7.031112 -1.408014
v 1.950000 7.023192 -1.422736
v 1.950000 7.012007 -1.435160
v 1.950000 6.998195 -1.444578
v 1.950000 6.982544 -1.450453
v 1.950000 6.965947 -1.452449
v 1.900000 6.669398 -1.452449
v 1.950000 6.669398 -1.452449
v 1.900000 6.609989 -1.419470
v 1.900000 6.621167 -1.433181
v 1.900000 6.635424 -1.443651
v 1.900000 6.651851 -1.450214
v 1.950000 6.651851 -1.450214
v 1.950000 6.635424 -1.443651
v 1.950000 6.621167 -1.433181
v 1.950000 6.609989 -1.419470
vt 0.000000 0.000000 0.000000
vt 0.803353 0.000000 0.000000
vt 0.000000 0.050000 0.000000
vt 0.803353 0.050000 0.000000
vt -0.000000 0.000000 0.000000
vt 0.803400 0.000000 0.000000
vt -0.000000 0.050000 0.000000
vt 0.803400 0.050000 0.000000
vt -0.050000 0.000000 0.000000
vt -0.000000 0.000000 0.000000
vt -0.050000 0.017726 0.000000
vt -0.000000 0.017726 0.000000
vt -0.050000 0.035452 0.000000
vt -0.000000 0.035452 0.000000
vt -0.050000 0.053178 0.000000
vt -0.000000 0.053178 0.000000
vt -0.050000 0.070904 0.000000
vt -0.000000 0.070904 0.000000
vt -0.050000 0.088631 0.000000
vt -0.000000 0.088631 0.000000
vt -0.000000 0.000000 0.000000
vt 0.295882 0.000000 0.000000
vt -0.000000 0.050000 0.000000
vt 0.295882 0.050000 0.000000
vt -0.050000 0.000000 0.000000
vt -0.000000 0.000000 0.000000
vt -0.050000 0.016756 0.000000
vt -0.000000 0.016756 0.000000
vt -0.050000 0.033512 0.000000
vt -0.000000 0.033512 0.000000
vt -0.050000 0.050268 0.000000
vt -0.000000 0.050268 0.000000
vt -0.050000 0.067024 0.000000
vt -0.000000 0.067024 0.000000
vt -0.050000 0.083780 0.000000
vt -0.000000 0.083780 0.000000
vt -0.050000 0.100536 0.000000
vt -0.000000 0.100536 0.000000
vt -0.050000 0.117292 0.000000
vt -0.000000 0.117292 0.000000
vt 0.000000 0.000000 0.000000
vt 0.742159 0.000000 0.000000
vt 0.000000 0.050000 0.000000
vt 0.742159 0.050000 0.000000
vt 0.000000 0.000000 0.000000
vt 0.742345 0.000000 0.000000
vt 0.000000 0.050000 0.000000
vt 0.742345 0.050000 0.000000
vt -0.050000 0.000000 0.000000
vt -0.000000 0.000000 0.000000
vt -0.050000 0.016757 0.000000
vt -0.000000 0.016757 0.000000
vt -0.050000 0.033514 0.000000
vt -0.000000 0.033514 0.000000
vt -0.050000 0.050271 0.000000
vt -0.000000 0.050271 0.000000
vt -0.050000 0.067028 0.000000
vt -0.000000 0.067028 0.000000
vt -0.050000 0.083785 0.000000
vt -0.000000 0.083785 0.000000
vt -0.050000 0.100543 0.000000
vt -0.000000 0.100543 0.000000
vt -0.050000 0.117300 0.000000
vt -0.000000 0.117300 0.000000
vt 0.000000 0.000000 0.000000
vt 0.296549 0.000000 0.000000
vt 0.000000 0.050000 0.000000
vt 0.296549 0.050000 0.000000
vt -0.050000 -0.000000 0.000000
vt -0.000000 -0.000000 0.000000
vt -0.050000 0.017737 0.000000
vt -0.000000 0.017737 0.000000
vt -0.050000 0.035473 0.000000
vt -0.000000 0.035473 0.000000
vt -0.050000 0.053210 0.000000
vt -0.000000 0.053210 0.000000
vt -0.050000 0.070946 0.000000
vt -0.000000 0.070946 0.000000
vt -0.050000 0.088683 0.000000
vt -0.000000 0.088683 0.000000
vt -0.089087 -0.782523 0.000000
vt -0.077910 -0.796233 0.000000
vt -0.096471 -0.766449 0.000000
vt -0.063653 -0.806704 0.000000
vt -0.047226 -0.813266 0.000000
vt -0.029679 -0.815501 0.000000
vt 0.258747 0.000092 0.000000
vt -0.336870 0.000092 0.000000
vt -0.095886 0.766498 0.000000
vt -0.029109 0.815501 0.000000
vt -0.046646 0.813269 0.000000
vt 0.266870 -0.815501 0.000000
vt 0.336485 -0.738171 0.000000
vt 0.283468 -0.813505 0.000000
vt 0.299118 -0.807631 0.000000
vt 0.312930 -0.798213 0.000000
vt 0.324115 -0.785788 0.000000
vt 0.332035 -0.771066 0.000000
vt 0.336238 -0.754886 0.000000
vt 0.266773 0.815501 0.000000
vt 0.336389 0.738178 0.000000
vt 0.283369 0.813506 0.000000
vt 0.299019 0.807632 0.000000
vt 0.312830 0.798215 0.000000
vt 0.324015 0.785792 0.000000
vt 0.331935 0.771071 0.000000
vt 0.336140 0.754893 0.000000
vt -0.063065 0.806714 0.000000
vt -0.077318 0.796255 0.000000
vt -0.088496 0.782558 0.000000
vt 0.047226 -0.813266 0.000000
vt 0.096471 -0.766449 0.000000
vt 0.029679 -0.815501 0.000000
vt -0.258747 0.000092 0.000000
vt -0.266870 -0.815501 0.000000
vt -0.336485 -0.738171 0.000000
vt -0.283468 -0.813505 0.000000
vt -0.299118 -0.807631 0.000000
vt -0.312930 -0.798213 0.000000
vt -0.324115 -0.785788 0.000000
vt -0.332035 -0.771066 0.000000
vt -0.336238 -0.754886 0.000000
vt 0.063653 -0.806704 0.000000
vt 0.077910 -0.796233 0.000000
vt 0.089087 -0.782523 0.000000
vt 0.336870 0.000092 0.000000
vt 0.095886 0.766498 0.000000
vt 0.029109 0.815501 0.000000
vt 0.046646 0.813269 0.000000
vt 0.063065 0.806714 0.000000
vt 0.077318 0.796255 0.000000
vt 0.088496 0.782558 0.000000
vt -0.266773 0.815501 0.000000
vt -0.336389 0.738178 0.000000
vt -0.283369 0.813506 0.000000
vt -0.299019 0.807632 0.000000
vt -0.312830 0.798215 0.000000
vt -0.324015 0.785792 0.000000
vt -0.331935 0.771071 0.000000
vt -0.336140 0.754893 0.000000
vn 0.000000 -0.954176 -0.299245
vn 0.000000 -0.954176 -0.299245
vn 0.000000 -0.954176 -0.299245
vn 0.000000 -0.954176 -0.299245
vn 0.000000 -0.953953 0.299955
vn 0.000000 -0.953953 0.299955
vn 0.000000 -0.953953 0.299955
vn 0.000000 -0.953953 0.299955
vn -0.000000 -0.000000 1.000000
vn -0.000000 -0.000000 1.000000
vn -0.000000 -0.250532 0.968108
vn -0.000000 -0.250532 0.968108
vn -0.000000 -0.485085 0.874467
vn -0.000000 -0.485085 0.874467
vn -0.000000 -0.688697 0.725049
vn -0.000000 -0.688697 0.725049
vn -0.000000 -0.848381 0.529385
vn -0.000000 -0.848381 0.529385
vn 0.000000 0.000000 1.000000
vn 0.000000 0.000000 1.000000
vn -0.000000 0.994513 -0.104616
vn -0.000000 0.994513 -0.104616
vn -0.000000 0.990960 0.134158
vn -0.000000 0.990960 0.134158
vn -0.000000 0.930897 0.365282
vn -0.000000 0.930897 0.365282
vn -0.000000 0.817748 0.575576
vn -0.000000 0.817748 0.575576
vn -0.000000 0.657967 0.753047
vn -0.000000 0.657967 0.753047
vn -0.000000 0.460665 0.887574
vn -0.000000 0.460665 0.887574
vn -0.000000 0.237093 0.971487
vn -0.000000 0.237093 0.971487
vn 0.000000 0.994513 -0.104616
vn 0.000000 0.994513 -0.104616
vn 0.000000 0.994502 0.104720
vn 0.000000 0.994502 0.104720
vn 0.000000 0.994502 0.104720
vn 0.000000 0.994502 0.104720
vn -0.000000 0.000000 -1.000000
vn -0.000000 0.000000 -1.000000
vn -0.000000 0.237107 -0.971483
vn -0.000000 0.237107 -0.971483
vn -0.000000 0.460691 -0.887560
vn -0.000000 0.460691 -0.887560
vn -0.000000 0.658001 -0.753017
vn -0.000000 0.658001 -0.753017
vn -0.000000 0.817783 -0.575527
vn -0.000000 0.817783 -0.575527
vn -0.000000 0.930924 -0.365213
vn -0.000000 0.930924 -0.365213
vn -0.000000 0.990972 -0.134069
vn -0.000000 0.990972 -0.134069
vn 0.000000 0.000000 -1.000000
vn 0.000000 0.000000 -1.000000
vn 0.000000 -0.848697 -0.528880
vn 0.000000 -0.848697 -0.528880
vn 0.000000 -0.689021 -0.724741
vn 0.000000 -0.689021 -0.724741
vn 0.000000 -0.485345 -0.874323
vn 0.000000 -0.485345 -0.874323
vn 0.000000 -0.250677 -0.968071
vn 0.000000 -0.250677 -0.968071
vn 1.000000 0.000000 0.000000
vn 1.000000 0.000000 0.000000
vn 1.000000 0.000000 0.000000
vn 1.000000 0.000000 0.000000
vn 1.000000 0.000000 0.000000
vn 1.000000 0.000000 0.000000
vn 1.000000 0.000000 0.000000
vn 1.000000 0.000000 0.000000
vn 1.000000 0.000000 0.000000
vn 1.000000 0.000000 0.000000
vn 1.000000 0.000000 0.000000
vn 1.000000 0.000000 0.000000
vn 1.000000 0.000000 0.000000
vn 1.000000 0.000000 0.000000
vn 1.000000 0.000000 0.000000
vn 1.000000 0.000000 0.000000
vn 1.000000 0.000000 0.000000
vn 1.000000 0.000000 0.000000
vn 1.000000 0.000000 0.000000
vn 1.000000 0.000000 0.000000
vn 1.000000 0.000000 0.000000
vn 1.000000 0.000000 0.000000
vn 1.000000 0.000000 0.000000
vn 1.000000 0.000000 0.000000
vn 1.000000 0.000000 0.000000
vn 1.000000 0.000000 0.000000
vn 1.000000 0.000000 0.000000
vn 1.000000 0.000000 0.000000
vn 1.000000 0.000000 0.000000
vn 1.000000 0.000000 0.000000
vn -1.000000 -0.000000 -0.000000
vn -1.000000 -0.000000 -0.000000
vn -1.000000 -0.000000 -0.000000
vn -1.000000 -0.000000 -0.000000
vn -1.000000 -0.000000 -0.000000
vn -1.000000 -0.000000 -0.000000
vn -1.000000 -0.000000 -0.000000
vn -1.000000 -0.000000 -0.000000
vn -1.000000 -0.000000 -0.000000
vn -1.000000 -0.000000 -0.000000
vn -1.000000 -0.000000 -0.000000
vn -1.000000 -0.000000 -0.000000
vn -1.000000 -0.000000 -0.000000
vn -1.000000 -0.000000 -0.000000
vn -1.000000 -0.000000 -0.000000
vn -1.000000 -0.000000 -0.000000
vn -1.000000 -0.000000 -0.000000
vn -1.000000 -0.000000 -0.000000
vn -1.000000 -0.000000 -0.000000
vn -1.000000 -0.000000 -0.000000
vn -1.000000 -0.000000 -0.000000
vn -1.000000 -0.000000 -0.000000
vn -1.000000 -0.000000 -0.000000
vn -1.000000 -0.000000 -0.000000
vn -1.000000 -0.000000 -0.000000
vn -1.000000 -0.000000 -0.000000
vn -1.000000 -0.000000 -0.000000
vn -1.000000 -0.000000 -0.000000
vn -1.000000 -0.000000 -0.000000
vn -1.000000 -0.000000 -0.000000
f 139/355/332 140/356/333 142/357/334
f 142/357/334 140/356/333 141/358/335
f 143/359/336 139/360/337 144/361/338
f 144/361/338 139/360/337 142/362/339
f 154/363/340 145/364/341 153/365/342
f 153/365/342 145/364/341 146/366/343
f 153/365/342 146/366/343 152/367/344
f 152/367/344 146/366/343 147/368/345
f 152/367/344 147/368/345 151/369/346
f 151/369/346 147/368/345 148/370/347
f 151/369/346 148/370/347 150/371/348
f 150/371/348 148/370/347 149/372/349
f 150/371/348 149/372/349 144/373/338
f 144/373/338 149/372/349 143/374/336
f 155/375/350 145/376/341 156/377/351
f 156/377/351 145/376/341 154/378/340
f 170/379/352 157/380/353 169/381/354
f 169/381/354 157/380/353 158/382/355
f 169/381/354 158/382/355 168/383/356
f 168/383/356 158/382/355 159/384/357
f 168/383/356 159/384/357 167/385/358
f 167/385/358 159/384/357 160/386/359
f 167/385/358 160/386/359 166/387/360
f 166/387/360 160/386/359 161/388/361
f 166/387/360 161/388/361 165/389/362
f 165/389/362 161/388/361 162/390/363
f 165/389/362 162/390/363 164/391/364
f 164/391/364 162/390/363 163/392/365
f 164/391/364 163/392/365 156/393/351
f 156/393/351 163/392/365 155/394/350
f 171/395/366 157/396/353 172/397/367
f 172/397/367 157/396/353 170/398/352
f 173/399/368 171/400/369 174/401/370
f 174/401/370 171/400/369 172/402/371
f 188/403/372 175/404/373 187/405/374
f 187/405/374 175/404/373 176/406/375
f 187/405/374 176/406/375 186/407/376
f 186/407/376 176/406/375 177/408/377
f 186/407/376 177/408/377 185/409/378
f 185/409/378 177/408/377 178/410/379
f 185/409/378 178/410/379 184/411/380
f 184/411/380 178/410/379 179/412/381
f 184/411/380 179/412/381 183/413/382
f 183/413/382 179/412/381 180/414/383
f 183/413/382 180/414/383 182/415/384
f 182/415/384 180/414/383 181/416/385
f 182/415/384 181/416/385 174/417/370
f 174/417/370 181/416/385 173/418/368
f 189/419/386 175/420/373 190/421/387
f 190/421/387 175/420/373 188/422/372
f 141/423/335 140/424/333 198/425/388
f 198/425/388 140/424/333 191/426/389
f 198/425/388 191/426/389 197/427/390
f 197/427/390 191/426/389 192/428/391
f 197/427/390 192/428/391 196/429/392
f 196/429/392 192/428/391 193/430/393
f 196/429/392 193/430/393 195/431/394
f 195/431/394 193/430/393 194/432/395
f 195/431/394 194/432/395 190/433/387
f 190/433/387 194/432/395 189/434/386
f 198/435/396 197/436/397 141/437/398
f 141/437/398 197/436/397 196/438/399
f 141/437/398 196/438/399 195/439/400
f 195/439/400 190/440/401 141/437/398
f 141/437/398 190/440/401 172/441/402
f 141/437/398 172/441/402 142/442/403
f 142/442/403 172/441/402 144/443/404
f 144/443/404 172/441/402 154/444/405
f 144/443/404 154/444/405 153/445/406
f 190/440/401 188/446/407 172/441/402
f 172/441/402 188/446/407 174/447/408
f 174/447/408 188/446/407 187/448/409
f 174/447/408 187/448/409 186/449/410
f 186/449/410 185/450/411 174/447/408
f 174/447/408 185/450/411 184/451/412
f 174/447/408 184/451/412 183/452/413
f 183/452/413 182/453/414 174/447/408
f 154/444/405 172/441/402 156/454/415
f 156/454/415 172/441/402 170/455/416
f 156/454/415 170/455/416 164/456/417
f 164/456/417 170/455/416 165/457/418
f 165/457/418 170/455/416 166/458/419
f 166/458/419 170/455/416 167/459/420
f 167/459/420 170/455/416 168/460/421
f 168/460/421 170/455/416 169/461/422
f 153/445/406 152/462/423 144/443/404
f 144/443/404 152/462/423 151/463/424
f 144/443/404 151/463/424 150/464/425
f 194/465/426 140/466/427 189/467/428
f 189/467/428 140/466/427 171/468/429
f 189/467/428 171/468/429 175/469/430
f 175/469/430 171/468/429 173/470/431
f 175/469/430 173/470/431 176/471/432
f 176/471/432 173/470/431 177/472/433
f 177/472/433 173/470/431 178/473/434
f 178/473/434 173/470/431 179/474/435
f 179/474/435 173/470/431 180/475/436
f 180/475/436 173/470/431 181/476/437
f 194/465/426 193/477/438 140/466/427
f 140/466/427 193/477/438 192/478/439
f 140/466/427 192/478/439 191/479/440
f 140/466/427 139/480/441 171/468/429
f 171/468/429 139/480/441 143/481/442
f 171/468/429 143/481/442 145/482/443
f 145/482/443 143/481/442 146/483/444
f 146/483/444 143/481/442 147/484/445
f 147/484/445 143/481/442 148/485/446
f 148/485/446 143/481/442 149/486/447
f 145/482/443 155/487/448 171/468/429
f 171/468/429 155/487/448 157/488/449
f 157/488/449 155/487/448 163/489/450
f 157/488/449 163/489/450 162/490/451
f 162/490/451 161/491/452 157/488/449
f 157/488/449 161/491/452 160/492/453
f 157/488/449 160/492/453 159/493/454
f 159/493/454 158/494/455 157/488/449
g Body172

v -1.900000 6.602606 -1.403396
v -1.900000 6.362207 -0.636855
v -1.950000 6.362207 -0.636855
v -1.950000 6.602606 -1.403396
v -1.900000 6.603191 0.129551
v -1.950000 6.603191 0.129551
v -1.900000 6.610581 0.145611
v -1.900000 6.621759 0.159308
v -1.900000 6.636012 0.169767
v -1.900000 6.652431 0.176322
v -1.900000 6.669968 0.178554
v -1.950000 6.669968 0.178554
v -1.950000 6.652431 0.176322
v -1.950000 6.636012 0.169767
v -1.950000 6.621759 0.159308
v -1.950000 6.610581 0.145611
v -1.900000 6.965850 0.178554
v -1.950000 6.965850 0.178554
v -1.900000 6.982446 0.176558
v -1.900000 6.998096 0.170684
v -1.900000 7.011907 0.161267
v -1.900000 7.023092 0.148844
v -1.900000 7.031012 0.134124
v -1.900000 7.035217 0.117945
v -1.900000 7.035465 0.101231
v -1.950000 7.035465 0.101231
v -1.950000 7.035217 0.117945
v -1.950000 7.031012 0.134124
v -1.950000 7.023092 0.148844
v -1.950000 7.011907 0.161267
v -1.950000 6.998096 0.170684
v -1.950000 6.982446 0.176558
v -1.900000 6.957823 -0.636855
v -1.950000 6.957823 -0.636855
v -1.900000 7.035562 -1.375118
v -1.950000 7.035562 -1.375118
v -1.900000 7.035315 -1.391834
v -1.900000 7.031112 -1.408014
v -1.900000 7.023192 -1.422736
v -1.900000 7.012007 -1.435160
v -1.900000 6.998195 -1.444578
v -1.900000 6.982544 -1.450453
v -1.900000 6.965947 -1.452449
v -1.950000 6.965947 -1.452449
v -1.950000 6.982544 -1.450453
v -1.950000 6.998195 -1.444578
v -1.950000 7.012007 -1.435160
v -1.950000 7.023192 -1.422736
v -1.950000 7.031112 -1.408014
v -1.950000 7.035315 -1.391834
v -1.900000 6.669398 -1.452449
v -1.950000 6.669398 -1.452449
v -1.900000 6.651851 -1.450214
v -1.900000 6.635424 -1.443651
v -1.900000 6.621167 -1.433181
v -1.900000 6.609989 -1.419470
v -1.950000 6.609989 -1.419470
v -1.950000 6.621167 -1.433181
v -1.950000 6.635424 -1.443651
v -1.950000 6.651851 -1.450214
vt -0.803353 0.000000 0.000000
vt -0.000000 -0.000000 0.000000
vt -0.803353 0.050000 0.000000
vt -0.000000 0.050000 0.000000
vt -0.803400 0.000000 0.000000
vt -0.000000 -0.000000 0.000000
vt -0.803400 0.050000 0.000000
vt 0.000000 0.050000 0.000000
vt 0.050000 0.088631 0.000000
vt -0.000000 0.088631 0.000000
vt 0.050000 0.070904 0.000000
vt -0.000000 0.070904 0.000000
vt 0.050000 0.053178 0.000000
vt -0.000000 0.053178 0.000000
vt 0.050000 0.035452 0.000000
vt -0.000000 0.035452 0.000000
vt 0.050000 0.017726 0.000000
vt -0.000000 0.017726 0.000000
vt 0.050000 0.000000 0.000000
vt -0.000000 0.000000 0.000000
vt -0.295882 0.000000 0.000000
vt -0.000000 -0.000000 0.000000
vt -0.295882 0.050000 0.000000
vt -0.000000 0.050000 0.000000
vt 0.050000 0.117292 0.000000
vt -0.000000 0.117292 0.000000
vt 0.050000 0.100536 0.000000
vt -0.000000 0.100536 0.000000
vt 0.050000 0.083780 0.000000
vt -0.000000 0.083780 0.000000
vt 0.050000 0.067024 0.000000
vt -0.000000 0.067024 0.000000
vt 0.050000 0.050268 0.000000
vt -0.000000 0.050268 0.000000
vt 0.050000 0.033512 0.000000
vt -0.000000 0.033512 0.000000
vt 0.050000 0.016756 0.000000
vt -0.000000 0.016756 0.000000
vt 0.050000 0.000000 0.000000
vt -0.000000 0.000000 0.000000
vt -0.742159 -0.000000 0.000000
vt -0.000000 -0.000000 0.000000
vt -0.742159 0.050000 0.000000
vt -0.000000 0.050000 0.000000
vt -0.742345 0.000000 0.000000
vt -0.000000 0.000000 0.000000
vt -0.742345 0.050000 0.000000
vt -0.000000 0.050000 0.000000
vt 0.050000 0.117300 0.000000
vt -0.000000 0.117300 0.000000
vt 0.050000 0.100543 0.000000
vt -0.000000 0.100543 0.000000
vt 0.050000 0.083785 0.000000
vt -0.000000 0.083785 0.000000
vt 0.050000 0.067028 0.000000
vt -0.000000 0.067028 0.000000
vt 0.050000 0.050271 0.000000
vt -0.000000 0.050271 0.000000
vt 0.050000 0.033514 0.000000
vt -0.000000 0.033514 0.000000
vt 0.050000 0.016757 0.000000
vt -0.000000 0.016757 0.000000
vt 0.050000 0.000000 0.000000
vt -0.000000 0.000000 0.000000
vt -0.296549 -0.000000 0.000000
vt -0.000000 -0.000000 0.000000
vt -0.296549 0.050000 0.000000
vt -0.000000 0.050000 0.000000
vt 0.050000 0.088683 0.000000
vt -0.000000 0.088683 0.000000
vt 0.050000 0.070946 0.000000
vt -0.000000 0.070946 0.000000
vt 0.050000 0.053210 0.000000
vt -0.000000 0.053210 0.000000
vt 0.050000 0.035473 0.000000
vt -0.000000 0.035473 0.000000
vt 0.050000 0.017737 0.000000
vt -0.000000 0.017737 0.000000
vt 0.050000 -0.000000 0.000000
vt -0.000000 -0.000000 0.000000
vt 0.047226 -0.813266 0.000000
vt 0.096471 -0.766449 0.000000
vt 0.029679 -0.815501 0.000000
vt -0.258747 0.000092 0.000000
vt -0.266870 -0.815501 0.000000
vt -0.336485 -0.738171 0.000000
vt -0.283468 -0.813505 0.000000
vt -0.299118 -0.807631 0.000000
vt -0.312930 -0.798213 0.000000
vt -0.324115 -0.785788 0.000000
vt -0.332035 -0.771066 0.000000
vt -0.336238 -0.754886 0.000000
vt 0.063653 -0.806704 0.000000
vt 0.077910 -0.796233 0.000000
vt 0.089087 -0.782523 0.000000
vt 0.336870 0.000092 0.000000
vt 0.095886 0.766498 0.000000
vt 0.029109 0.815501 0.000000
vt 0.046646 0.813269 0.000000
vt 0.063065 0.806714 0.000000
vt 0.077318 0.796255 0.000000
vt 0.088496 0.782558 0.000000
vt -0.266773 0.815501 0.000000
vt -0.336389 0.738178 0.000000
vt -0.283369 0.813506 0.000000
vt -0.299019 0.807632 0.000000
vt -0.312830 0.798215 0.000000
vt -0.324015 0.785792 0.000000
vt -0.331935 0.771071 0.000000
vt -0.336140 0.754893 0.000000
vt -0.089087 -0.782523 0.000000
vt -0.077910 -0.796233 0.000000
vt -0.096471 -0.766449 0.000000
vt -0.063653 -0.806704 0.000000
vt -0.047226 -0.813266 0.000000
vt -0.029679 -0.815501 0.000000
vt 0.258747 0.000092 0.000000
vt -0.336870 0.000092 0.000000
vt -0.095886 0.766498 0.000000
vt -0.029109 0.815501 0.000000
vt -0.046646 0.813269 0.000000
vt 0.266870 -0.815501 0.000000
vt 0.336485 -0.738171 0.000000
vt 0.283468 -0.813505 0.000000
vt 0.299118 -0.807631 0.000000
vt 0.312930 -0.798213 0.000000
vt 0.324115 -0.785788 0.000000
vt 0.332035 -0.771066 0.000000
vt 0.336238 -0.754886 0.000000
vt 0.266773 0.815501 0.000000
vt 0.336389 0.738178 0.000000
vt 0.283369 0.813506 0.000000
vt 0.299019 0.807632 0.000000
vt 0.312830 0.798215 0.000000
vt 0.324015 0.785792 0.000000
vt 0.331935 0.771071 0.000000
vt 0.336140 0.754893 0.000000
vt -0.063065 0.806714 0.000000
vt -0.077318 0.796255 0.000000
vt -0.088496 0.782558 0.000000
vn 0.000000 -0.954176 -0.299245
vn 0.000000 -0.954176 -0.299245
vn 0.000000 -0.954176 -0.299245
vn 0.000000 -0.954176 -0.299245
vn 0.000000 -0.953953 0.299955
vn 0.000000 -0.953953 0.299955
vn 0.000000 -0.953953 0.299955
vn 0.000000 -0.953953 0.299955
vn 0.000000 -0.848381 0.529385
vn 0.000000 -0.848381 0.529385
vn 0.000000 -0.688697 0.725049
vn 0.000000 -0.688697 0.725049
vn 0.000000 -0.485085 0.874467
vn 0.000000 -0.485085 0.874467
vn 0.000000 -0.250532 0.968108
vn 0.000000 -0.250532 0.968108
vn 0.000000 0.000000 1.000000
vn 0.000000 0.000000 1.000000
vn -0.000000 0.000000 1.000000
vn -0.000000 0.000000 1.000000
vn 0.000000 0.237093 0.971487
vn 0.000000 0.237093 0.971487
vn 0.000000 0.460665 0.887574
vn 0.000000 0.460665 0.887574
vn 0.000000 0.657967 0.753047
vn 0.000000 0.657967 0.753047
vn 0.000000 0.817748 0.575576
vn 0.000000 0.817748 0.575576
vn 0.000000 0.930897 0.365282
vn 0.000000 0.930897 0.365282
vn 0.000000 0.990960 0.134158
vn 0.000000 0.990960 0.134158
vn 0.000000 0.994513 -0.104616
vn 0.000000 0.994513 -0.104616
vn 0.000000 0.994513 -0.104616
vn 0.000000 0.994513 -0.104616
vn -0.000000 0.994502 0.104720
vn -0.000000 0.994502 0.104720
vn -0.000000 0.994502 0.104720
vn -0.000000 0.994502 0.104720
vn 0.000000 0.990972 -0.134069
vn 0.000000 0.990972 -0.134069
vn 0.000000 0.930924 -0.365213
vn 0.000000 0.930924 -0.365213
vn 0.000000 0.817783 -0.575527
vn 0.000000 0.817783 -0.575527
vn 0.000000 0.658001 -0.753017
vn 0.000000 0.658001 -0.753017
vn 0.000000 0.460691 -0.887560
vn 0.000000 0.460691 -0.887560
vn 0.000000 0.237107 -0.971483
vn 0.000000 0.237107 -0.971483
vn 0.000000 0.000000 -1.000000
vn 0.000000 0.000000 -1.000000
vn 0.000000 0.000000 -1.000000
vn 0.000000 0.000000 -1.000000
vn -0.000000 -0.250677 -0.968071
vn -0.000000 -0.250677 -0.968071
vn -0.000000 -0.485345 -0.874323
vn -0.000000 -0.485345 -0.874323
vn -0.000000 -0.689021 -0.724741
vn -0.000000 -0.689021 -0.724741
vn -0.000000 -0.848697 -0.528880
vn -0.000000 -0.848697 -0.528880
vn -1.000000 0.000000 0.000000
vn -1.000000 0.000000 0.000000
vn -1.000000 0.000000 0.000000
vn -1.000000 0.000000 0.000000
vn -1.000000 0.000000 0.000000
vn -1.000000 0.000000 0.000000
vn -1.000000 0.000000 0.000000
vn -1.000000 0.000000 0.000000
vn -1.000000 0.000000 0.000000
vn -1.000000 0.000000 0.000000
vn -1.000000 0.000000 0.000000
vn -1.000000 0.000000 0.000000
vn -1.000000 0.000000 0.000000
vn -1.000000 0.000000 0.000000
vn -1.000000 0.000000 0.000000
vn -1.000000 0.000000 0.000000
vn -1.000000 0.000000 0.000000
vn -1.000000 0.000000 0.000000
vn -1.000000 0.000000 0.000000
vn -1.000000 0.000000 0.000000
vn -1.000000 0.000000 0.000000
vn -1.000000 0.000000 0.000000
vn -1.000000 0.000000 0.000000
vn -1.000000 0.000000 0.000000
vn -1.000000 0.000000 0.000000
vn -1.000000 0.000000 0.000000
vn -1.000000 0.000000 0.000000
vn -1.000000 0.000000 0.000000
vn -1.000000 0.000000 0.000000
vn -1.000000 0.000000 0.000000
vn 1.000000 -0.000000 -0.000000
vn 1.000000 -0.000000 -0.000000
vn 1.000000 -0.000000 -0.000000
vn 1.000000 -0.000000 -0.000000
vn 1.000000 -0.000000 -0.000000
vn 1.000000 -0.000000 -0.000000
vn 1.000000 -0.000000 -0.000000
vn 1.000000 -0.000000 -0.000000
vn 1.000000 -0.000000 -0.000000
vn 1.000000 -0.000000 -0.000000
vn 1.000000 -0.000000 -0.000000
vn 1.000000 -0.000000 -0.000000
vn 1.000000 -0.000000 -0.000000
vn 1.000000 -0.000000 -0.000000
vn 1.000000 -0.000000 -0.000000
vn 1.000000 -0.000000 -0.000000
vn 1.000000 -0.000000 -0.000000
vn 1.000000 -0.000000 -0.000000
vn 1.000000 -0.000000 -0.000000
vn 1.000000 -0.000000 -0.000000
vn 1.000000 -0.000000 -0.000000
vn 1.000000 -0.000000 -0.000000
vn 1.000000 -0.000000 -0.000000
vn 1.000000 -0.000000 -0.000000
vn 1.000000 -0.000000 -0.000000
vn 1.000000 -0.000000 -0.000000
vn 1.000000 -0.000000 -0.000000
vn 1.000000 -0.000000 -0.000000
vn 1.000000 -0.000000 -0.000000
vn 1.000000 -0.000000 -0.000000
f 199/495/456 200/496/457 202/497/458
f 202/497/458 200/496/457 201/498/459
f 200/499/460 203/500/461 201/501/462
f 201/501/462 203/500/461 204/502/463
f 204/503/463 203/504/461 214/505/464
f 214/505/464 203/504/461 205/506/465
f 214/505/464 205/506/465 213/507/466
f 213/507/466 205/506/465 206/508/467
f 213/507/466 206/508/467 212/509/468
f 212/509/468 206/508/467 207/510/469
f 212/509/468 207/510/469 211/511/470
f 211/511/470 207/510/469 208/512/471
f 211/511/470 208/512/471 210/513/472
f 210/513/472 208/512/471 209/514/473
f 209/515/473 215/516/474 210/517/472
f 210/517/472 215/516/474 216/518/475
f 216/519/475 215/520/474 230/521/476
f 230/521/476 215/520/474 217/522/477
f 230/521/476 217/522/477 229/523/478
f 229/523/478 217/522/477 218/524/479
f 229/523/478 218/524/479 228/525/480
f 228/525/480 218/524/479 219/526/481
f 228/525/480 219/526/481 227/527/482
f 227/527/482 219/526/481 220/528/483
f 227/527/482 220/528/483 226/529/484
f 226/529/484 220/528/483 221/530/485
f 226/529/484 221/530/485 225/531/486
f 225/531/486 221/530/485 222/532/487
f 225/531/486 222/532/487 224/533/488
f 224/533/488 222/532/487 223/534/489
f 223/535/489 231/536/490 224/537/488
f 224/537/488 231/536/490 232/538/491
f 231/539/492 233/540/493 232/541/494
f 232/541/494 233/540/493 234/542/495
f 234/543/495 233/544/493 248/545/496
f 248/545/496 233/544/493 235/546/497
f 248/545/496 235/546/497 247/547/498
f 247/547/498 235/546/497 236/548/499
f 247/547/498 236/548/499 246/549/500
f 246/549/500 236/548/499 237/550/501
f 246/549/500 237/550/501 245/551/502
f 245/551/502 237/550/501 238/552/503
f 245/551/502 238/552/503 244/553/504
f 244/553/504 238/552/503 239/554/505
f 244/553/504 239/554/505 243/555/506
f 243/555/506 239/554/505 240/556/507
f 243/555/506 240/556/507 242/557/508
f 242/557/508 240/556/507 241/558/509
f 241/559/509 249/560/510 242/561/508
f 242/561/508 249/560/510 250/562/511
f 250/563/511 249/564/510 258/565/512
f 258/565/512 249/564/510 251/566/513
f 258/565/512 251/566/513 257/567/514
f 257/567/514 251/566/513 252/568/515
f 257/567/514 252/568/515 256/569/516
f 256/569/516 252/568/515 253/570/517
f 256/569/516 253/570/517 255/571/518
f 255/571/518 253/570/517 254/572/519
f 255/571/518 254/572/519 202/573/458
f 202/573/458 254/572/519 199/574/456
f 258/575/520 202/576/521 250/577/522
f 250/577/522 202/576/521 232/578/523
f 250/577/522 232/578/523 242/579/524
f 242/579/524 232/578/523 234/580/525
f 242/579/524 234/580/525 243/581/526
f 243/581/526 234/580/525 244/582/527
f 244/582/527 234/580/525 245/583/528
f 245/583/528 234/580/525 246/584/529
f 246/584/529 234/580/525 247/585/530
f 247/585/530 234/580/525 248/586/531
f 258/575/520 257/587/532 202/576/521
f 202/576/521 257/587/532 256/588/533
f 202/576/521 256/588/533 255/589/534
f 202/576/521 201/590/535 232/578/523
f 232/578/523 201/590/535 204/591/536
f 232/578/523 204/591/536 210/592/537
f 210/592/537 204/591/536 211/593/538
f 211/593/538 204/591/536 212/594/539
f 212/594/539 204/591/536 213/595/540
f 213/595/540 204/591/536 214/596/541
f 210/592/537 216/597/542 232/578/523
f 232/578/523 216/597/542 224/598/543
f 224/598/543 216/597/542 230/599/544
f 224/598/543 230/599/544 229/600/545
f 229/600/545 228/601/546 224/598/543
f 224/598/543 228/601/546 227/602/547
f 224/598/543 227/602/547 226/603/548
f 226/603/548 225/604/549 224/598/543
f 254/605/550 253/606/551 199/607/552
f 199/607/552 253/606/551 252/608/553
f 199/607/552 252/608/553 251/609/554
f 251/609/554 249/610/555 199/607/552
f 199/607/552 249/610/555 231/611/556
f 199/607/552 231/611/556 200/612/557
f 200/612/557 231/611/556 203/613/558
f 203/613/558 231/611/556 209/614/559
f 203/613/558 209/614/559 208/615/560
f 249/610/555 241/616/561 231/611/556
f 231/611/556 241/616/561 233/617/562
f 233/617/562 241/616/561 240/618/563
f 233/617/562 240/618/563 239/619/564
f 239/619/564 238/620/565 233/617/562
f 233/617/562 238/620/565 237/621/566
f 233/617/562 237/621/566 236/622/567
f 236/622/567 235/623/568 233/617/562
f 209/614/559 231/611/556 215/624/569
f 215/624/569 231/611/556 223/625/570
f 215/624/569 223/625/570 217/626/571
f 217/626/571 223/625/570 218/627/572
f 218/627/572 223/625/570 219/628/573
f 219/628/573 223/625/570 220/629/574
f 220/629/574 223/625/570 221/630/575
f 221/630/575 223/625/570 222/631/576
f 208/615/560 207/632/577 203/613/558
f 203/613/558 207/632/577 206/633/578
f 203/613/558 206/633/578 205/634/579
g Body173

v 0.000000 -2.170000 -0.482762
v 0.000000 -2.232868 -0.498822
v 0.000000 -2.292108 -0.516948
v 0.000000 -2.347800 -0.536966
v 0.000000 -2.400039 -0.558617
v 0.000000 -2.448902 -0.581582
v 0.000000 -2.494433 -0.605490
v 0.000000 -2.536624 -0.629940
v 0.000000 -2.575406 -0.654503
v 0.000000 -2.610645 -0.678739
v 0.000000 -2.642140 -0.702199
v 0.000000 -2.669634 -0.724440
v 0.000000 -2.692820 -0.745030
v 0.000000 -2.711364 -0.763566
v 0.000000 -2.724932 -0.779688
v 0.000000 -2.733223 -0.793102
v 0.000000 -2.735315 -0.798726
v 0.000000 -2.736014 -0.803607
v -0.051467 -2.170000 -0.486917
v -0.101602 -2.170000 -0.499274
v -0.149104 -2.170000 -0.519513
v -0.192746 -2.170000 -0.547110
v -0.231395 -2.170000 -0.581350
v -0.264051 -2.170000 -0.621346
v -0.289868 -2.170000 -0.666063
v -0.308178 -2.170000 -0.714343
v -0.318506 -2.170000 -0.764934
v -0.320585 -2.170000 -0.816527
v -0.314362 -2.170000 -0.867785
v -0.299996 -2.170000 -0.917381
v -0.277860 -2.170000 -0.964030
v -0.248529 -2.170000 -1.006525
v -0.212760 -2.170000 -1.043764
v -0.171481 -2.170000 -1.074783
v -0.125761 -2.170000 -1.098779
v -0.076783 -2.170000 -1.115130
v -0.025817 -2.170000 -1.123413
v 0.025817 -2.170000 -1.123413
v 0.076783 -2.170000 -1.115130
v 0.125761 -2.170000 -1.098779
v 0.171481 -2.170000 -1.074783
v 0.212760 -2.170000 -1.043764
v 0.248529 -2.170000 -1.006525
v 0.277860 -2.170000 -0.964030
v 0.299996 -2.170000 -0.917381
v 0.314362 -2.170000 -0.867785
v 0.320585 -2.170000 -0.816527
v 0.318506 -2.170000 -0.764934
v 0.308178 -2.170000 -0.714343
v 0.289868 -2.170000 -0.666063
v 0.264051 -2.170000 -0.621346
v 0.231395 -2.170000 -0.581350
v 0.192746 -2.170000 -0.547110
v 0.149104 -2.170000 -0.519513
v 0.101602 -2.170000 -0.499274
v 0.051467 -2.170000 -0.486917
v 0.306454 -2.225517 -0.818663
v 0.178718 -2.225517 -1.053008
v 0.135705 -2.225517 -1.078789
v 0.089066 -2.225517 -1.097219
v -0.108079 -2.225517 -1.090765
v -0.153412 -2.225517 -1.069324
v -0.174613 -2.225517 -1.055899
v -0.213378 -2.225517 -1.024085
v -0.246443 -2.225517 -0.986382
v -0.272925 -2.225517 -0.943796
v -0.292115 -2.225517 -0.897466
v -0.288888 -2.225517 -0.700242
v -0.268192 -2.225517 -0.654564
v -0.240331 -2.225517 -0.612867
v -0.206050 -2.225517 -0.576266
v -0.166265 -2.225517 -0.545738
v -0.122039 -2.225517 -0.522098
v 0.000685 -2.735370 -0.798986
v 0.001471 -2.733441 -0.793688
v 0.003337 -2.725793 -0.781110
v 0.005372 -2.714486 -0.767390
v 0.007689 -2.699275 -0.751770
v 0.010254 -2.680386 -0.734484
v 0.013026 -2.658049 -0.715793
v 0.015965 -2.632484 -0.695981
v 0.019026 -2.603889 -0.675343
v 0.022166 -2.572432 -0.654179
v 0.025338 -2.538241 -0.632792
v 0.028500 -2.501409 -0.611479
v 0.031607 -2.461986 -0.590529
v 0.034620 -2.419986 -0.570219
v 0.037500 -2.375390 -0.550806
v 0.040212 -2.328154 -0.532522
v 0.042726 -2.278218 -0.515569
v 0.045020 -2.225517 -0.500105
v -0.049980 -2.225517 -0.500882
v -0.047434 -2.278218 -0.516307
v -0.044642 -2.328154 -0.533217
v -0.041631 -2.375390 -0.551453
v -0.038434 -2.419986 -0.570817
v -0.035089 -2.461986 -0.591075
v -0.031639 -2.501409 -0.611971
v -0.028129 -2.538241 -0.633230
v -0.024608 -2.572432 -0.654562
v -0.021122 -2.603889 -0.675671
v -0.017724 -2.632484 -0.696257
v -0.014461 -2.658049 -0.716018
v -0.011383 -2.680386 -0.734661
v -0.008536 -2.699275 -0.751903
v -0.005964 -2.714486 -0.767483
v -0.003705 -2.725793 -0.781168
v -0.001634 -2.733441 -0.793713
v -0.000761 -2.735370 -0.798998
v -0.098625 -2.225517 -0.513067
v -0.093600 -2.278218 -0.527871
v -0.088091 -2.328154 -0.544100
v -0.082150 -2.375390 -0.561603
v -0.075841 -2.419986 -0.580187
v -0.069241 -2.461986 -0.599630
v -0.062433 -2.501409 -0.619685
v -0.055508 -2.538241 -0.640088
v -0.048558 -2.572432 -0.660561
v -0.041681 -2.603889 -0.680821
v -0.034974 -2.632484 -0.700577
v -0.028536 -2.658049 -0.719544
v -0.022462 -2.680386 -0.737436
v -0.016845 -2.699275 -0.753984
v -0.011769 -2.714486 -0.768937
v -0.007311 -2.725793 -0.782071
v -0.003223 -2.733441 -0.794111
v -0.001502 -2.735370 -0.799184
v -0.144636 -2.225517 -0.533013
v -0.137266 -2.278218 -0.546801
v -0.129187 -2.328154 -0.561916
v -0.120474 -2.375390 -0.578217
v -0.111222 -2.419986 -0.595525
v -0.101543 -2.461986 -0.613633
v -0.091560 -2.501409 -0.632311
v -0.081403 -2.538241 -0.651314
v -0.071211 -2.572432 -0.670382
v -0.061125 -2.603889 -0.689250
v -0.051290 -2.632484 -0.707651
v -0.041848 -2.658049 -0.725315
v -0.032941 -2.680386 -0.741979
v -0.024703 -2.699275 -0.757391
v -0.017260 -2.714486 -0.771317
v -0.010721 -2.725793 -0.783550
v -0.004727 -2.733441 -0.794763
v -0.002202 -2.735370 -0.799488
v -0.001858 -2.735370 -0.799321
v -0.003989 -2.733441 -0.794407
v -0.009046 -2.725793 -0.782741
v -0.014563 -2.714486 -0.770014
v -0.020844 -2.699275 -0.755527
v -0.027795 -2.680386 -0.739493
v -0.035310 -2.658049 -0.722157
v -0.043277 -2.632484 -0.703780
v -0.051575 -2.603889 -0.684637
v -0.060085 -2.572432 -0.665008
v -0.068685 -2.538241 -0.645171
v -0.077255 -2.501409 -0.625402
v -0.085679 -2.461986 -0.605970
v -0.093846 -2.419986 -0.587132
v -0.101652 -2.375390 -0.569125
v -0.109003 -2.328154 -0.552167
v -0.115820 -2.278218 -0.536442
v -0.186782 -2.225517 -0.560188
v -0.177265 -2.278218 -0.572591
v -0.166832 -2.328154 -0.586188
v -0.155580 -2.375390 -0.600852
v -0.143632 -2.419986 -0.616422
v -0.131133 -2.461986 -0.632711
v -0.118240 -2.501409 -0.649514
v -0.105123 -2.538241 -0.666608
v -0.091961 -2.572432 -0.683761
v -0.078937 -2.603889 -0.700735
v -0.066236 -2.632484 -0.717287
v -0.054043 -2.658049 -0.733177
v -0.042540 -2.680386 -0.748168
v -0.031902 -2.699275 -0.762032
v -0.022289 -2.714486 -0.774560
v -0.013845 -2.725793 -0.785564
v -0.006105 -2.733441 -0.795651
v -0.002844 -2.735370 -0.799901
v -0.002531 -2.735370 -0.799681
v -0.005434 -2.733441 -0.795179
v -0.012324 -2.725793 -0.784493
v -0.019841 -2.714486 -0.772835
v -0.028398 -2.699275 -0.759564
v -0.037867 -2.680386 -0.744877
v -0.048106 -2.658049 -0.728997
v -0.058960 -2.632484 -0.712163
v -0.070266 -2.603889 -0.694628
v -0.081860 -2.572432 -0.676647
v -0.093576 -2.538241 -0.658475
v -0.105252 -2.501409 -0.640367
v -0.116729 -2.461986 -0.622567
v -0.127855 -2.419986 -0.605310
v -0.138490 -2.375390 -0.588816
v -0.148506 -2.328154 -0.573281
v -0.157794 -2.278218 -0.558877
v -0.223940 -2.225517 -0.593865
v -0.212529 -2.278218 -0.604552
v -0.200020 -2.328154 -0.616268
v -0.186530 -2.375390 -0.628903
v -0.172206 -2.419986 -0.642319
v -0.157220 -2.461986 -0.656355
v -0.141762 -2.501409 -0.670833
v -0.126036 -2.538241 -0.685562
v -0.110256 -2.572432 -0.700342
v -0.094640 -2.603889 -0.714967
v -0.079412 -2.632484 -0.729230
v -0.064794 -2.658049 -0.742921
v -0.051003 -2.680386 -0.755838
v -0.038248 -2.699275 -0.767784
v -0.026723 -2.714486 -0.778579
v -0.016600 -2.725793 -0.788060
v -0.007319 -2.733441 -0.796752
v -0.003410 -2.735370 -0.800414
v -0.003137 -2.735370 -0.800146
v -0.006735 -2.733441 -0.796177
v -0.015273 -2.725793 -0.786756
v -0.024588 -2.714486 -0.776478
v -0.035193 -2.699275 -0.764778
v -0.046928 -2.680386 -0.751830
v -0.059618 -2.658049 -0.737829
v -0.073068 -2.632484 -0.722989
v -0.087080 -2.603889 -0.707530
v -0.101448 -2.572432 -0.691677
v -0.115968 -2.538241 -0.675657
v -0.130437 -2.501409 -0.659692
v -0.144660 -2.461986 -0.643999
v -0.158449 -2.419986 -0.628786
v -0.171629 -2.375390 -0.614244
v -0.184042 -2.328154 -0.600549
v -0.195551 -2.278218 -0.587850
v -0.255115 -2.225517 -0.633145
v -0.242116 -2.278218 -0.641831
v -0.227865 -2.328154 -0.651353
v -0.212497 -2.375390 -0.661622
v -0.196179 -2.419986 -0.672525
v -0.179107 -2.461986 -0.683932
v -0.161497 -2.501409 -0.695699
v -0.143582 -2.538241 -0.707669
v -0.125604 -2.572432 -0.719681
v -0.107815 -2.603889 -0.731568
v -0.090467 -2.632484 -0.743159
v -0.073814 -2.658049 -0.754287
v -0.058103 -2.680386 -0.764784
v -0.043573 -2.699275 -0.774493
v -0.030443 -2.714486 -0.783266
v -0.018910 -2.725793 -0.790972
v -0.008338 -2.733441 -0.798036
v -0.003884 -2.735370 -0.801012
v -0.003659 -2.735370 -0.800703
v -0.007855 -2.733441 -0.797373
v -0.017815 -2.725793 -0.789469
v -0.028679 -2.714486 -0.780846
v -0.041048 -2.699275 -0.771030
v -0.054736 -2.680386 -0.760166
v -0.069536 -2.658049 -0.748419
v -0.085225 -2.632484 -0.735968
v -0.101567 -2.603889 -0.722998
v -0.118326 -2.572432 -0.709697
v -0.135261 -2.538241 -0.696256
v -0.152138 -2.501409 -0.682862
v -0.168728 -2.461986 -0.669696
v -0.184810 -2.419986 -0.656932
v -0.200183 -2.375390 -0.644731
v -0.214661 -2.328154 -0.633241
v -0.228085 -2.278218 -0.622586
v -0.279475 -2.225517 -0.676979
v -0.265235 -2.278218 -0.683431
v -0.249623 -2.328154 -0.690505
v -0.232787 -2.375390 -0.698133
v -0.214911 -2.419986 -0.706232
v -0.196209 -2.461986 -0.714706
v -0.176918 -2.501409 -0.723447
v -0.157292 -2.538241 -0.732339
v -0.137598 -2.572432 -0.741263
v -0.118110 -2.603889 -0.750092
v -0.099106 -2.632484 -0.758703
v -0.080862 -2.658049 -0.766969
v -0.063651 -2.680386 -0.774767
v -0.047733 -2.699275 -0.781980
v -0.033350 -2.714486 -0.788497
v -0.020716 -2.725793 -0.794221
v -0.009134 -2.733441 -0.799469
v -0.004255 -2.735370 -0.801679
v -0.004083 -2.735370 -0.801338
v -0.008766 -2.733441 -0.798736
v -0.019880 -2.725793 -0.792560
v -0.032004 -2.714486 -0.785822
v -0.045806 -2.699275 -0.778151
v -0.061081 -2.680386 -0.769662
v -0.077597 -2.658049 -0.760484
v -0.095105 -2.632484 -0.750754
v -0.113342 -2.603889 -0.740619
v -0.132043 -2.572432 -0.730226
v -0.150942 -2.538241 -0.719724
v -0.169775 -2.501409 -0.709257
v -0.188287 -2.461986 -0.698969
v -0.206235 -2.419986 -0.688995
v -0.223389 -2.375390 -0.679462
v -0.239546 -2.328154 -0.670483
v -0.254527 -2.278218 -0.662158
v -0.296369 -2.225517 -0.724196
v -0.281268 -2.278218 -0.728242
v -0.264713 -2.328154 -0.732678
v -0.246859 -2.375390 -0.737462
v -0.227903 -2.419986 -0.742541
v -0.208070 -2.461986 -0.747855
v -0.187612 -2.501409 -0.753337
v -0.166800 -2.538241 -0.758913
v -0.145916 -2.572432 -0.764509
v -0.125250 -2.603889 -0.770047
v -0.105097 -2.632484 -0.775447
v -0.085750 -2.658049 -0.780631
v -0.067499 -2.680386 -0.785521
v -0.050619 -2.699275 -0.790044
v -0.035366 -2.714486 -0.794131
v -0.021968 -2.725793 -0.797721
v -0.009687 -2.733441 -0.801012
v -0.004512 -2.735370 -0.802398
v -0.004398 -2.735370 -0.802034
v -0.009442 -2.733441 -0.800229
v -0.021414 -2.725793 -0.795945
v -0.034473 -2.714486 -0.791273
v -0.049341 -2.699275 -0.785953
v -0.065795 -2.680386 -0.780066
v -0.083586 -2.658049 -0.773700
v -0.102444 -2.632484 -0.766952
v -0.122088 -2.603889 -0.759923
v -0.142233 -2.572432 -0.752716
v -0.162590 -2.538241 -0.745432
v -0.182877 -2.501409 -0.738173
v -0.202818 -2.461986 -0.731038
v -0.222150 -2.419986 -0.724121
v -0.240628 -2.375390 -0.717509
v -0.258031 -2.328154 -0.711282
v -0.274168 -2.278218 -0.705508
v -0.305346 -2.225517 -0.773533
v -0.289788 -2.278218 -0.775066
v -0.272732 -2.328154 -0.776746
v -0.254337 -2.375390 -0.778557
v -0.234806 -2.419986 -0.780481
v -0.214372 -2.461986 -0.782494
v -0.193295 -2.501409 -0.784569
v -0.171853 -2.538241 -0.786681
v -0.150336 -2.572432 -0.788801
v -0.129044 -2.603889 -0.790898
v -0.108280 -2.632484 -0.792943
v -0.088348 -2.658049 -0.794906
v -0.069543 -2.680386 -0.796758
v -0.052152 -2.699275 -0.798471
v -0.036437 -2.714486 -0.800019
v -0.022634 -2.725793 -0.801378
v -0.009980 -2.733441 -0.802624
v -0.004649 -2.735370 -0.803150
v -0.306167 -2.225517 -0.823675
v -0.290567 -2.278218 -0.822652
v -0.273465 -2.328154 -0.821531
v -0.255020 -2.375390 -0.820322
v -0.235437 -2.419986 -0.819039
v -0.214948 -2.461986 -0.817696
v -0.193815 -2.501409 -0.816311
v -0.172314 -2.538241 -0.814902
v -0.150740 -2.572432 -0.813487
v -0.129391 -2.603889 -0.812088
v -0.108571 -2.632484 -0.810724
v -0.088585 -2.658049 -0.809414
v -0.069730 -2.680386 -0.808178
v -0.052292 -2.699275 -0.807035
v -0.036535 -2.714486 -0.806002
v -0.022695 -2.725793 -0.805095
v -0.010007 -2.733441 -0.804263
v -0.004661 -2.735370 -0.803913
v -0.298808 -2.225517 -0.873280
v -0.283583 -2.278218 -0.869730
v -0.266892 -2.328154 -0.865838
v -0.248891 -2.375390 -0.861641
v -0.229779 -2.419986 -0.857184
v -0.209782 -2.461986 -0.852522
v -0.189157 -2.501409 -0.847713
v -0.168173 -2.538241 -0.842820
v -0.147117 -2.572432 -0.837910
v -0.126281 -2.603889 -0.833052
v -0.105962 -2.632484 -0.828314
v -0.086456 -2.658049 -0.823766
v -0.068054 -2.680386 -0.819475
v -0.051036 -2.699275 -0.815507
v -0.035657 -2.714486 -0.811922
v -0.022149 -2.725793 -0.808772
v -0.009766 -2.733441 -0.805885
v -0.004549 -2.735370 -0.804668
v -0.283468 -2.225517 -0.921024
v -0.269025 -2.278218 -0.915041
v -0.253190 -2.328154 -0.908482
v -0.236114 -2.375390 -0.901409
v -0.217982 -2.419986 -0.893899
v -0.199013 -2.461986 -0.886041
v -0.179446 -2.501409 -0.877936
v -0.159539 -2.538241 -0.869691
v -0.139564 -2.572432 -0.861417
v -0.119798 -2.603889 -0.853229
v -0.100522 -2.632484 -0.845245
v -0.082017 -2.658049 -0.837580
v -0.064561 -2.680386 -0.830349
v -0.048415 -2.699275 -0.823662
v -0.033827 -2.714486 -0.817619
v -0.021012 -2.725793 -0.812311
v -0.009265 -2.733441 -0.807445
v -0.004316 -2.735370 -0.805395
v -0.004448 -2.735370 -0.805036
v -0.009548 -2.733441 -0.806675
v -0.021653 -2.725793 -0.810565
v -0.034859 -2.714486 -0.814808
v -0.049892 -2.699275 -0.819638
v -0.066530 -2.680386 -0.824984
v -0.084519 -2.658049 -0.830764
v -0.103588 -2.632484 -0.836891
v -0.123452 -2.603889 -0.843273
v -0.143822 -2.572432 -0.849818
v -0.164406 -2.538241 -0.856432
v -0.184920 -2.501409 -0.863023
v -0.205083 -2.461986 -0.869502
v -0.224632 -2.419986 -0.875783
v -0.243316 -2.375390 -0.881786
v -0.260914 -2.328154 -0.887441
v -0.277231 -2.278218 -0.892683
v -0.260555 -2.225517 -0.965631
v -0.247279 -2.278218 -0.957376
v -0.232725 -2.328154 -0.948325
v -0.217029 -2.375390 -0.938564
v -0.200363 -2.419986 -0.928201
v -0.182926 -2.461986 -0.917358
v -0.164941 -2.501409 -0.906174
v -0.146644 -2.538241 -0.894796
v -0.128283 -2.572432 -0.883379
v -0.110115 -2.603889 -0.872081
v -0.092397 -2.632484 -0.861063
v -0.075388 -2.658049 -0.850487
v -0.059342 -2.680386 -0.840509
v -0.044502 -2.699275 -0.831281
v -0.031092 -2.714486 -0.822942
v -0.019314 -2.725793 -0.815617
v -0.008516 -2.733441 -0.808903
v -0.003967 -2.735370 -0.806074
v -0.004155 -2.735370 -0.805742
v -0.008920 -2.733441 -0.808189
v -0.020231 -2.725793 -0.813999
v -0.032569 -2.714486 -0.820336
v -0.046615 -2.699275 -0.827551
v -0.062159 -2.680386 -0.835536
v -0.078967 -2.658049 -0.844169
v -0.096783 -2.632484 -0.853320
v -0.115342 -2.603889 -0.862853
v -0.134373 -2.572432 -0.872629
v -0.153605 -2.538241 -0.882507
v -0.172771 -2.501409 -0.892352
v -0.191610 -2.461986 -0.902029
v -0.209874 -2.419986 -0.911410
v -0.227332 -2.375390 -0.920377
v -0.243773 -2.328154 -0.928823
v -0.259018 -2.278218 -0.936653
v -0.230682 -2.225517 -1.005910
v -0.218928 -2.278218 -0.995602
v -0.206043 -2.328154 -0.984302
v -0.192146 -2.375390 -0.972115
v -0.177391 -2.419986 -0.959175
v -0.161954 -2.461986 -0.945637
v -0.146030 -2.501409 -0.931672
v -0.129831 -2.538241 -0.917466
v -0.113575 -2.572432 -0.903210
v -0.097490 -2.603889 -0.889104
v -0.081803 -2.632484 -0.875347
v -0.066745 -2.658049 -0.862141
v -0.052539 -2.680386 -0.849682
v -0.039400 -2.699275 -0.838160
v -0.027528 -2.714486 -0.827749
v -0.017099 -2.725793 -0.818603
v -0.007540 -2.733441 -0.810220
v -0.003512 -2.735370 -0.806688
v -0.003752 -2.735370 -0.806390
v -0.008055 -2.733441 -0.809581
v -0.018268 -2.725793 -0.817156
v -0.029408 -2.714486 -0.825418
v -0.042092 -2.699275 -0.834825
v -0.056128 -2.680386 -0.845235
v -0.071305 -2.658049 -0.856491
v -0.087392 -2.632484 -0.868422
v -0.104151 -2.603889 -0.880851
v -0.121335 -2.572432 -0.893596
v -0.138701 -2.538241 -0.906475
v -0.156007 -2.501409 -0.919310
v -0.173019 -2.461986 -0.931927
v -0.189510 -2.419986 -0.944158
v -0.205274 -2.375390 -0.955849
v -0.220120 -2.328154 -0.966860
v -0.233886 -2.278218 -0.977069
v -0.194647 -2.225517 -1.040785
v -0.184729 -2.278218 -1.028700
v -0.173856 -2.328154 -1.015452
v -0.162130 -2.375390 -1.001164
v -0.149680 -2.419986 -0.985993
v -0.136654 -2.461986 -0.970121
v -0.123219 -2.501409 -0.953750
v -0.109550 -2.538241 -0.937094
v -0.095833 -2.572432 -0.920381
v -0.082261 -2.603889 -0.903842
v -0.069025 -2.632484 -0.887714
v -0.056318 -2.658049 -0.872231
v -0.044331 -2.680386 -0.857625
v -0.033245 -2.699275 -0.844117
v -0.023228 -2.714486 -0.831910
v -0.014428 -2.725793 -0.821188
v -0.006362 -2.733441 -0.811359
v -0.002964 -2.735370 -0.807219
v -0.003249 -2.735370 -0.806964
v -0.006974 -2.733441 -0.810814
v -0.015817 -2.725793 -0.819950
v -0.025463 -2.714486 -0.829917
v -0.036444 -2.699275 -0.841264
v -0.048597 -2.680386 -0.853822
v -0.061738 -2.658049 -0.867400
v -0.075667 -2.632484 -0.881792
v -0.090177 -2.603889 -0.896785
v -0.105056 -2.572432 -0.912159
v -0.120092 -2.538241 -0.927695
v -0.135076 -2.501409 -0.943178
v -0.149805 -2.461986 -0.958397
v -0.164084 -2.419986 -0.973151
v -0.177733 -2.375390 -0.987254
v -0.190587 -2.328154 -1.000536
v -0.202506 -2.278218 -1.012851
v -0.145595 -2.278218 -1.055786
v -0.137026 -2.328154 -1.040943
v -0.127784 -2.375390 -1.024936
v -0.117971 -2.419986 -1.007939
v -0.107705 -2.461986 -0.990158
v -0.097115 -2.501409 -0.971816
v -0.086342 -2.538241 -0.953156
v -0.075532 -2.572432 -0.934432
v -0.064834 -2.603889 -0.915903
v -0.054402 -2.632484 -0.897835
v -0.044388 -2.658049 -0.880489
v -0.034940 -2.680386 -0.864125
v -0.026202 -2.699275 -0.848991
v -0.018307 -2.714486 -0.835316
v -0.011372 -2.725793 -0.823304
v -0.005014 -2.733441 -0.812292
v -0.002336 -2.735370 -0.807653
v -0.002659 -2.735370 -0.807449
v -0.005707 -2.733441 -0.811853
v -0.012943 -2.725793 -0.822309
v -0.020837 -2.714486 -0.833714
v -0.029823 -2.699275 -0.846698
v -0.039769 -2.680386 -0.861067
v -0.050522 -2.658049 -0.876604
v -0.061920 -2.632484 -0.893074
v -0.073794 -2.603889 -0.910230
v -0.085970 -2.572432 -0.927822
v -0.098275 -2.538241 -0.945600
v -0.110537 -2.501409 -0.963317
v -0.122590 -2.461986 -0.980732
v -0.134275 -2.419986 -0.997615
v -0.145444 -2.375390 -1.013753
v -0.155963 -2.328154 -1.028951
v -0.165716 -2.278218 -1.043044
v -0.102572 -2.278218 -1.076134
v -0.096535 -2.328154 -1.060094
v -0.090024 -2.375390 -1.042795
v -0.083111 -2.419986 -1.024427
v -0.075878 -2.461986 -1.005211
v -0.068418 -2.501409 -0.985389
v -0.060828 -2.538241 -0.965224
v -0.053212 -2.572432 -0.944988
v -0.045676 -2.603889 -0.924965
v -0.038326 -2.632484 -0.905438
v -0.031271 -2.658049 -0.886693
v -0.024615 -2.680386 -0.869008
v -0.018459 -2.699275 -0.852653
v -0.012897 -2.714486 -0.837874
v -0.008011 -2.725793 -0.824893
v -0.003532 -2.733441 -0.812993
v -0.001646 -2.735370 -0.807979
v -0.001997 -2.735370 -0.807830
v -0.004288 -2.733441 -0.812673
v -0.009724 -2.725793 -0.824167
v -0.015654 -2.714486 -0.836706
v -0.022406 -2.699275 -0.850981
v -0.029878 -2.680386 -0.866778
v -0.037956 -2.658049 -0.883859
v -0.046520 -2.632484 -0.901965
v -0.055440 -2.603889 -0.920826
v -0.064588 -2.572432 -0.940167
v -0.073832 -2.538241 -0.959712
v -0.083044 -2.501409 -0.979190
v -0.092099 -2.461986 -0.998335
v -0.100878 -2.419986 -1.016897
v -0.109269 -2.375390 -1.034638
v -0.117172 -2.328154 -1.051347
v -0.124500 -2.278218 -1.066840
v -0.131184 -2.225517 -1.080973
v -0.059858 -2.225517 -1.104536
v -0.056808 -2.278218 -1.089202
v -0.053465 -2.328154 -1.072393
v -0.049859 -2.375390 -1.054264
v -0.046030 -2.419986 -1.035016
v -0.042024 -2.461986 -1.014878
v -0.037892 -2.501409 -0.994106
v -0.033689 -2.538241 -0.972974
v -0.029471 -2.572432 -0.951768
v -0.025297 -2.603889 -0.930784
v -0.021227 -2.632484 -0.910321
v -0.017319 -2.658049 -0.890677
v -0.013633 -2.680386 -0.872145
v -0.010224 -2.699275 -0.855005
v -0.007143 -2.714486 -0.839518
v -0.004437 -2.725793 -0.825914
v -0.001956 -2.733441 -0.813443
v -0.000911 -2.735370 -0.808189
v -0.001283 -2.735370 -0.808099
v -0.002754 -2.733441 -0.813250
v -0.006245 -2.725793 -0.825477
v -0.010054 -2.714486 -0.838814
v -0.014390 -2.699275 -0.853998
v -0.019188 -2.680386 -0.870801
v -0.024377 -2.658049 -0.888970
v -0.029876 -2.632484 -0.908229
v -0.035605 -2.603889 -0.928291
v -0.041480 -2.572432 -0.948864
v -0.047417 -2.538241 -0.969654
v -0.053333 -2.501409 -0.990372
v -0.059149 -2.461986 -1.010737
v -0.064787 -2.419986 -1.030480
v -0.070176 -2.375390 -1.049352
v -0.075251 -2.328154 -1.067125
v -0.079958 -2.278218 -1.083605
v -0.084250 -2.225517 -1.098637
v -0.010039 -2.225517 -1.110267
v -0.009527 -2.278218 -1.094642
v -0.008967 -2.328154 -1.077512
v -0.008362 -2.375390 -1.059038
v -0.007720 -2.419986 -1.039423
v -0.007048 -2.461986 -1.018902
v -0.006355 -2.501409 -0.997734
v -0.005650 -2.538241 -0.976199
v -0.004943 -2.572432 -0.954590
v -0.004243 -2.603889 -0.933206
v -0.003560 -2.632484 -0.912353
v -0.002905 -2.658049 -0.892335
v -0.002286 -2.680386 -0.873450
v -0.001715 -2.699275 -0.855984
v -0.001198 -2.714486 -0.840202
v -0.000744 -2.725793 -0.826339
v -0.000328 -2.733441 -0.813630
v -0.000153 -2.735370 -0.808276
v 0.040049 -2.225517 -1.107806
v 0.038008 -2.278218 -1.092306
v 0.035771 -2.328154 -1.075314
v 0.033358 -2.375390 -1.056989
v 0.030797 -2.419986 -1.037531
v 0.028117 -2.461986 -1.017174
v 0.025352 -2.501409 -0.996176
v 0.022540 -2.538241 -0.974814
v 0.019718 -2.572432 -0.953378
v 0.016925 -2.603889 -0.932166
v 0.014202 -2.632484 -0.911481
v 0.011587 -2.658049 -0.891623
v 0.009121 -2.680386 -0.872890
v 0.006840 -2.699275 -0.855564
v 0.004779 -2.714486 -0.839908
v 0.002969 -2.725793 -0.826156
v 0.001309 -2.733441 -0.813550
v 0.000610 -2.735370 -0.808239
v 0.084528 -2.278218 -1.082259
v 0.079553 -2.328154 -1.065858
v 0.074187 -2.375390 -1.048170
v 0.068490 -2.419986 -1.029390
v 0.062530 -2.461986 -1.009742
v 0.056382 -2.501409 -0.989474
v 0.050128 -2.538241 -0.968856
v 0.043851 -2.572432 -0.948166
v 0.037641 -2.603889 -0.927692
v 0.031584 -2.632484 -0.907726
v 0.025770 -2.658049 -0.888560
v 0.020285 -2.680386 -0.870478
v 0.015212 -2.699275 -0.853755
v 0.010628 -2.714486 -0.838645
v 0.006602 -2.725793 -0.825371
v 0.002911 -2.733441 -0.813204
v 0.001356 -2.735370 -0.808078
v 0.128790 -2.278218 -1.064768
v 0.121210 -2.328154 -1.049397
v 0.113035 -2.375390 -1.032819
v 0.104355 -2.419986 -1.015217
v 0.095273 -2.461986 -0.996802
v 0.085906 -2.501409 -0.977807
v 0.076376 -2.538241 -0.958483
v 0.066814 -2.572432 -0.939092
v 0.057351 -2.603889 -0.919903
v 0.048123 -2.632484 -0.901191
v 0.039264 -2.658049 -0.883227
v 0.030907 -2.680386 -0.866281
v 0.023178 -2.699275 -0.850608
v 0.016194 -2.714486 -0.836445
v 0.010059 -2.725793 -0.824005
v 0.004435 -2.733441 -0.812602
v 0.002066 -2.735370 -0.807797
v 0.001717 -2.735370 -0.807952
v 0.003686 -2.733441 -0.812934
v 0.008359 -2.725793 -0.824759
v 0.013456 -2.714486 -0.837659
v 0.019259 -2.699275 -0.852344
v 0.025682 -2.680386 -0.868597
v 0.032626 -2.658049 -0.886170
v 0.039987 -2.632484 -0.904797
v 0.047655 -2.603889 -0.924201
v 0.055518 -2.572432 -0.944099
v 0.063464 -2.538241 -0.964207
v 0.071383 -2.501409 -0.984245
v 0.079166 -2.461986 -1.003942
v 0.086712 -2.419986 -1.023038
v 0.093925 -2.375390 -1.041290
v 0.100718 -2.328154 -1.058480
v 0.107017 -2.278218 -1.074419
v 0.112763 -2.225517 -1.088959
v 0.169612 -2.278218 -1.040300
v 0.159629 -2.328154 -1.026369
v 0.148862 -2.375390 -1.011345
v 0.137431 -2.419986 -0.995392
v 0.125471 -2.461986 -0.978702
v 0.113135 -2.501409 -0.961487
v 0.100585 -2.538241 -0.943973
v 0.087991 -2.572432 -0.926399
v 0.075529 -2.603889 -0.909008
v 0.063376 -2.632484 -0.892049
v 0.051710 -2.658049 -0.875768
v 0.040703 -2.680386 -0.860409
v 0.030524 -2.699275 -0.846204
v 0.021327 -2.714486 -0.833369
v 0.013247 -2.725793 -0.822094
v 0.005841 -2.733441 -0.811759
v 0.002721 -2.735370 -0.807405
v 0.002402 -2.735370 -0.807614
v 0.005156 -2.733441 -0.812209
v 0.011692 -2.725793 -0.823115
v 0.018823 -2.714486 -0.835012
v 0.026941 -2.699275 -0.848556
v 0.035925 -2.680386 -0.863545
v 0.045640 -2.658049 -0.879752
v 0.055937 -2.632484 -0.896932
v 0.066663 -2.603889 -0.914828
v 0.077662 -2.572432 -0.933179
v 0.088777 -2.538241 -0.951724
v 0.099854 -2.501409 -0.970204
v 0.110743 -2.461986 -0.988370
v 0.121298 -2.419986 -1.005982
v 0.131388 -2.375390 -1.022815
v 0.140891 -2.328154 -1.038669
v 0.149702 -2.278218 -1.053370
v 0.157739 -2.225517 -1.066779
v 0.216957 -2.225517 -1.020564
v 0.205903 -2.278218 -1.009510
v 0.193784 -2.328154 -0.997391
v 0.180714 -2.375390 -0.984321
v 0.166836 -2.419986 -0.970444
v 0.152318 -2.461986 -0.955925
v 0.137342 -2.501409 -0.940949
v 0.122106 -2.538241 -0.925714
v 0.106818 -2.572432 -0.910425
v 0.091689 -2.603889 -0.895297
v 0.076936 -2.632484 -0.880544
v 0.062773 -2.658049 -0.866381
v 0.049413 -2.680386 -0.853020
v 0.037056 -2.699275 -0.840663
v 0.025890 -2.714486 -0.829497
v 0.016082 -2.725793 -0.819689
v 0.007091 -2.733441 -0.810698
v 0.003303 -2.735370 -0.806911
v 0.003022 -2.735370 -0.807170
v 0.006488 -2.733441 -0.811254
v 0.014714 -2.725793 -0.820950
v 0.023687 -2.714486 -0.831526
v 0.033903 -2.699275 -0.843567
v 0.045209 -2.680386 -0.856893
v 0.057434 -2.658049 -0.871301
v 0.070392 -2.632484 -0.886574
v 0.083890 -2.603889 -0.902483
v 0.097731 -2.572432 -0.918797
v 0.111719 -2.538241 -0.935284
v 0.125659 -2.501409 -0.951713
v 0.139361 -2.461986 -0.967863
v 0.152644 -2.419986 -0.983520
v 0.165341 -2.375390 -0.998485
v 0.177299 -2.328154 -1.012579
v 0.188387 -2.278218 -1.025648
v 0.198501 -2.225517 -1.037569
v 0.246443 -2.225517 -0.986382
v 0.233886 -2.278218 -0.977069
v 0.220120 -2.328154 -0.966860
v 0.205274 -2.375390 -0.955849
v 0.189510 -2.419986 -0.944158
v 0.173019 -2.461986 -0.931927
v 0.156007 -2.501409 -0.919310
v 0.138701 -2.538241 -0.906475
v 0.121335 -2.572432 -0.893596
v 0.104151 -2.603889 -0.880851
v 0.087392 -2.632484 -0.868422
v 0.071305 -2.658049 -0.856491
v 0.056128 -2.680386 -0.845235
v 0.042092 -2.699275 -0.834825
v 0.029408 -2.714486 -0.825418
v 0.018268 -2.725793 -0.817156
v 0.008055 -2.733441 -0.809581
v 0.003752 -2.735370 -0.806390
v 0.270594 -2.225517 -0.948243
v 0.256807 -2.278218 -0.940874
v 0.241692 -2.328154 -0.932794
v 0.225391 -2.375390 -0.924081
v 0.208082 -2.419986 -0.914830
v 0.189974 -2.461986 -0.905151
v 0.171296 -2.501409 -0.895167
v 0.152294 -2.538241 -0.885010
v 0.133226 -2.572432 -0.874818
v 0.114357 -2.603889 -0.864733
v 0.095957 -2.632484 -0.854897
v 0.078293 -2.658049 -0.845456
v 0.061629 -2.680386 -0.836549
v 0.046217 -2.699275 -0.828311
v 0.032290 -2.714486 -0.820867
v 0.020058 -2.725793 -0.814329
v 0.008844 -2.733441 -0.808335
v 0.004120 -2.735370 -0.805810
v 0.288888 -2.225517 -0.906973
v 0.274168 -2.278218 -0.901706
v 0.258031 -2.328154 -0.895933
v 0.240628 -2.375390 -0.889706
v 0.222150 -2.419986 -0.883094
v 0.202818 -2.461986 -0.876177
v 0.182877 -2.501409 -0.869042
v 0.162590 -2.538241 -0.861783
v 0.142233 -2.572432 -0.854499
v 0.122088 -2.603889 -0.847291
v 0.102444 -2.632484 -0.840262
v 0.083586 -2.658049 -0.833515
v 0.065795 -2.680386 -0.827149
v 0.049341 -2.699275 -0.821262
v 0.034473 -2.714486 -0.815942
v 0.021414 -2.725793 -0.811269
v 0.009442 -2.733441 -0.806986
v 0.004398 -2.735370 -0.805181
v 0.300928 -2.225517 -0.863466
v 0.285595 -2.278218 -0.860416
v 0.268785 -2.328154 -0.857072
v 0.250657 -2.375390 -0.853466
v 0.231409 -2.419986 -0.849637
v 0.211271 -2.461986 -0.845632
v 0.190498 -2.501409 -0.841500
v 0.169366 -2.538241 -0.837296
v 0.148161 -2.572432 -0.833078
v 0.127177 -2.603889 -0.828904
v 0.106714 -2.632484 -0.824834
v 0.087069 -2.658049 -0.820927
v 0.068537 -2.680386 -0.817240
v 0.051398 -2.699275 -0.813831
v 0.035910 -2.714486 -0.810750
v 0.022306 -2.725793 -0.808044
v 0.009836 -2.733441 -0.805564
v 0.004582 -2.735370 -0.804519
v 0.305346 -2.225517 -0.773533
v 0.289788 -2.278218 -0.775066
v 0.272732 -2.328154 -0.776746
v 0.254337 -2.375390 -0.778557
v 0.234806 -2.419986 -0.780481
v 0.214372 -2.461986 -0.782494
v 0.193295 -2.501409 -0.784569
v 0.171853 -2.538241 -0.786681
v 0.150336 -2.572432 -0.788801
v 0.129044 -2.603889 -0.790898
v 0.108280 -2.632484 -0.792943
v 0.088348 -2.658049 -0.794906
v 0.069543 -2.680386 -0.796758
v 0.052152 -2.699275 -0.798471
v 0.036437 -2.714486 -0.800019
v 0.022634 -2.725793 -0.801378
v 0.009980 -2.733441 -0.802624
v 0.004649 -2.735370 -0.803150
v 0.004666 -2.735370 -0.803837
v 0.010016 -2.733441 -0.804099
v 0.022716 -2.725793 -0.804723
v 0.036570 -2.714486 -0.805404
v 0.052341 -2.699275 -0.806179
v 0.069796 -2.680386 -0.807036
v 0.088668 -2.658049 -0.807963
v 0.108673 -2.632484 -0.808946
v 0.129512 -2.603889 -0.809970
v 0.150881 -2.572432 -0.811020
v 0.172476 -2.538241 -0.812081
v 0.193997 -2.501409 -0.813138
v 0.215150 -2.461986 -0.814177
v 0.235658 -2.419986 -0.815185
v 0.255260 -2.375390 -0.816148
v 0.273721 -2.328154 -0.817054
v 0.290839 -2.278218 -0.817895
v 0.297628 -2.225517 -0.729055
v 0.282464 -2.278218 -0.732854
v 0.265838 -2.328154 -0.737018
v 0.247909 -2.375390 -0.741510
v 0.228871 -2.419986 -0.746278
v 0.208954 -2.461986 -0.751267
v 0.188410 -2.501409 -0.756413
v 0.167509 -2.538241 -0.761649
v 0.146536 -2.572432 -0.766902
v 0.125782 -2.603889 -0.772101
v 0.105543 -2.632484 -0.777170
v 0.086115 -2.658049 -0.782037
v 0.067786 -2.680386 -0.786628
v 0.050834 -2.699275 -0.790874
v 0.035516 -2.714486 -0.794711
v 0.022062 -2.725793 -0.798081
v 0.009728 -2.733441 -0.801171
v 0.004531 -2.735370 -0.802472
v 0.283468 -2.225517 -0.686191
v 0.269025 -2.278218 -0.692174
v 0.253190 -2.328154 -0.698733
v 0.236114 -2.375390 -0.705806
v 0.217982 -2.419986 -0.713316
v 0.199013 -2.461986 -0.721174
v 0.179446 -2.501409 -0.729279
v 0.159539 -2.538241 -0.737524
v 0.139564 -2.572432 -0.745798
v 0.119798 -2.603889 -0.753986
v 0.100522 -2.632484 -0.761970
v 0.082017 -2.658049 -0.769635
v 0.064561 -2.680386 -0.776866
v 0.048415 -2.699275 -0.783553
v 0.033827 -2.714486 -0.789596
v 0.021012 -2.725793 -0.794904
v 0.009265 -2.733441 -0.799770
v 0.004316 -2.735370 -0.801820
v 0.263171 -2.225517 -0.645869
v 0.249762 -2.278218 -0.653906
v 0.235062 -2.328154 -0.662717
v 0.219208 -2.375390 -0.672219
v 0.202374 -2.419986 -0.682309
v 0.184763 -2.461986 -0.692865
v 0.166597 -2.501409 -0.703753
v 0.148116 -2.538241 -0.714830
v 0.129571 -2.572432 -0.725945
v 0.111220 -2.603889 -0.736945
v 0.093324 -2.632484 -0.747671
v 0.076145 -2.658049 -0.757968
v 0.059938 -2.680386 -0.767682
v 0.044949 -2.699275 -0.776666
v 0.031405 -2.714486 -0.784784
v 0.019508 -2.725793 -0.791915
v 0.008602 -2.733441 -0.798452
v 0.004007 -2.735370 -0.801206
v 0.237178 -2.225517 -0.608961
v 0.225093 -2.278218 -0.618878
v 0.211845 -2.328154 -0.629751
v 0.197556 -2.375390 -0.641477
v 0.182386 -2.419986 -0.653927
v 0.166514 -2.461986 -0.666953
v 0.150142 -2.501409 -0.680389
v 0.133487 -2.538241 -0.694058
v 0.116773 -2.572432 -0.707774
v 0.100235 -2.603889 -0.721347
v 0.084107 -2.632484 -0.734583
v 0.068624 -2.658049 -0.747289
v 0.054018 -2.680386 -0.759276
v 0.040509 -2.699275 -0.770362
v 0.028303 -2.714486 -0.780380
v 0.017581 -2.725793 -0.789179
v 0.007752 -2.733441 -0.797246
v 0.003611 -2.735370 -0.800644
v 0.206050 -2.225517 -0.576266
v 0.195551 -2.278218 -0.587850
v 0.184042 -2.328154 -0.600549
v 0.171629 -2.375390 -0.614244
v 0.158449 -2.419986 -0.628786
v 0.144660 -2.461986 -0.643999
v 0.130437 -2.501409 -0.659692
v 0.115968 -2.538241 -0.675657
v 0.101448 -2.572432 -0.691677
v 0.087080 -2.603889 -0.707530
v 0.073068 -2.632484 -0.722989
v 0.059618 -2.658049 -0.737829
v 0.046928 -2.680386 -0.751830
v 0.035193 -2.699275 -0.764778
v 0.024588 -2.714486 -0.776478
v 0.015273 -2.725793 -0.786756
v 0.006735 -2.733441 -0.796177
v 0.003137 -2.735370 -0.800146
v 0.170462 -2.225517 -0.548493
v 0.161777 -2.278218 -0.561492
v 0.152255 -2.328154 -0.575742
v 0.141986 -2.375390 -0.591111
v 0.131082 -2.419986 -0.607429
v 0.119675 -2.461986 -0.624501
v 0.107909 -2.501409 -0.642111
v 0.095938 -2.538241 -0.660026
v 0.083926 -2.572432 -0.678003
v 0.072040 -2.603889 -0.695792
v 0.060448 -2.632484 -0.713140
v 0.049321 -2.658049 -0.729794
v 0.038823 -2.680386 -0.745504
v 0.029114 -2.699275 -0.760035
v 0.020342 -2.714486 -0.773164
v 0.012635 -2.725793 -0.784697
v 0.005571 -2.733441 -0.795269
v 0.002595 -2.735370 -0.799723
v 0.131184 -2.225517 -0.526242
v 0.124500 -2.278218 -0.540375
v 0.117172 -2.328154 -0.555868
v 0.109269 -2.375390 -0.572577
v 0.100878 -2.419986 -0.590318
v 0.092099 -2.461986 -0.608879
v 0.083044 -2.501409 -0.628025
v 0.073832 -2.538241 -0.647503
v 0.064588 -2.572432 -0.667048
v 0.055440 -2.603889 -0.686389
v 0.046520 -2.632484 -0.705250
v 0.037956 -2.658049 -0.723356
v 0.029878 -2.680386 -0.740437
v 0.022406 -2.699275 -0.756234
v 0.015654 -2.714486 -0.770509
v 0.009724 -2.725793 -0.783048
v 0.004288 -2.733441 -0.794542
v 0.001997 -2.735370 -0.799384
v 0.089066 -2.225517 -0.509996
v 0.084528 -2.278218 -0.524956
v 0.079553 -2.328154 -0.541357
v 0.074187 -2.375390 -0.559044
v 0.068490 -2.419986 -0.577825
v 0.062530 -2.461986 -0.597473
v 0.056382 -2.501409 -0.617740
v 0.050128 -2.538241 -0.638359
v 0.043851 -2.572432 -0.659049
v 0.037641 -2.603889 -0.679523
v 0.031584 -2.632484 -0.699488
v 0.025770 -2.658049 -0.718655
v 0.020285 -2.680386 -0.736736
v 0.015212 -2.699275 -0.753459
v 0.010628 -2.714486 -0.768570
v 0.006602 -2.725793 -0.781843
v 0.002911 -2.733441 -0.794011
v 0.001356 -2.735370 -0.799137
vt 0.000000 0.024022 0.000000
vt 0.000000 0.000000 0.000000
vt 0.039064 0.021957 0.000000
vt 0.044391 0.000000 0.000000
vt 0.078128 0.021957 0.000000
vt 0.088782 0.000000 0.000000
vt 0.117193 0.021957 0.000000
vt 0.133173 0.000000 0.000000
vt 0.156257 0.021957 0.000000
vt 0.177565 0.000000 0.000000
vt 0.195321 0.021957 0.000000
vt 0.221956 0.000000 0.000000
vt 0.234385 0.021957 0.000000
vt 0.266347 0.000000 0.000000
vt 0.273450 0.021957 0.000000
vt 0.310738 0.000000 0.000000
vt 0.312514 0.021957 0.000000
vt 0.351578 0.021957 0.000000
vt 0.312514 0.043915 0.000000
vt 0.351578 0.043915 0.000000
vt 0.312514 0.065872 0.000000
vt 0.351578 0.065872 0.000000
vt 0.312514 0.087830 0.000000
vt 0.351578 0.087830 0.000000
vt 0.312514 0.109787 0.000000
vt 0.351578 0.109787 0.000000
vt 0.312514 0.131745 0.000000
vt 0.351578 0.131745 0.000000
vt 0.312514 0.153702 0.000000
vt 0.351578 0.153702 0.000000
vt 0.312514 0.175659 0.000000
vt 0.351578 0.175659 0.000000
vt 0.312514 0.197617 0.000000
vt 0.351578 0.197617 0.000000
vt 0.312514 0.219574 0.000000
vt 0.351578 0.219574 0.000000
vt 0.312514 0.241532 0.000000
vt 0.351578 0.241532 0.000000
vt 0.312514 0.263489 0.000000
vt 0.351578 0.263489 0.000000
vt 0.312514 0.285446 0.000000
vt 0.351578 0.285446 0.000000
vt 0.312514 0.307404 0.000000
vt 0.351578 0.307404 0.000000
vt 0.312514 0.329361 0.000000
vt 0.351578 0.329361 0.000000
vt 0.312514 0.351319 0.000000
vt 0.351578 0.351319 0.000000
vt 0.312514 0.363517 0.000000
vt 0.351578 0.363517 0.000000
vt 0.312514 0.375716 0.000000
vt 0.351578 0.375716 0.000000
vt 0.312514 0.387914 0.000000
vt 0.351578 0.387914 0.000000
vt 0.312514 0.400113 0.000000
vt 0.351578 0.400113 0.000000
vt 0.312514 0.412312 0.000000
vt 0.351578 0.412312 0.000000
vt 0.312514 0.424510 0.000000
vt 0.351578 0.424510 0.000000
vt 0.312514 0.448907 0.000000
vt 0.351578 0.448907 0.000000
vt 0.312514 0.473304 0.000000
vt 0.351578 0.473304 0.000000
vt 0.312514 0.497702 0.000000
vt 0.351578 0.497702 0.000000
vt 0.312514 0.509900 0.000000
vt 0.351578 0.509900 0.000000
vt 0.312514 0.522099 0.000000
vt 0.351578 0.522099 0.000000
vt 0.312514 0.534297 0.000000
vt 0.351578 0.534297 0.000000
vt 0.312514 0.546496 0.000000
vt 0.351578 0.546496 0.000000
vt 0.312514 0.558694 0.000000
vt 0.351578 0.558694 0.000000
vt 0.312514 0.570893 0.000000
vt 0.351578 0.570893 0.000000
vt 0.312514 0.583092 0.000000
vt 0.351578 0.583092 0.000000
vt 0.312514 0.595290 0.000000
vt 0.351578 0.595290 0.000000
vt 0.312514 0.607489 0.000000
vt 0.351578 0.607489 0.000000
vt 0.312514 0.619687 0.000000
vt 0.351578 0.619687 0.000000
vt 0.312514 0.631886 0.000000
vt 0.351578 0.631886 0.000000
vt 0.312514 0.644084 0.000000
vt 0.351578 0.644084 0.000000
vt 0.312514 0.656283 0.000000
vt 0.351578 0.656283 0.000000
vt 0.312514 0.668481 0.000000
vt 0.351578 0.668481 0.000000
vt 0.312514 0.692879 0.000000
vt 0.351578 0.692879 0.000000
vt 0.312514 0.717276 0.000000
vt 0.351578 0.717276 0.000000
vt 0.312514 0.741673 0.000000
vt 0.351578 0.741673 0.000000
vt 0.312514 0.753871 0.000000
vt 0.351578 0.753871 0.000000
vt 0.312514 0.766070 0.000000
vt 0.351578 0.766070 0.000000
vt 0.312514 0.778269 0.000000
vt 0.351578 0.778269 0.000000
vt 0.312514 0.790467 0.000000
vt 0.351578 0.790467 0.000000
vt 0.312514 0.802666 0.000000
vt 0.351578 0.802666 0.000000
vt 0.312514 0.814864 0.000000
vt 0.351578 0.814864 0.000000
vt 0.312514 0.827063 0.000000
vt 0.351578 0.827063 0.000000
vt 0.312514 0.839261 0.000000
vt 0.351578 0.839261 0.000000
vt 0.312514 0.851460 0.000000
vt 0.351578 0.851460 0.000000
vt 0.312514 0.863659 0.000000
vt 0.351578 0.863659 0.000000
vt 0.312514 0.875857 0.000000
vt 0.351578 0.875857 0.000000
vt 0.312514 0.888056 0.000000
vt 0.351578 0.888056 0.000000
vt 0.312514 0.912453 0.000000
vt 0.351578 0.912453 0.000000
vt 0.310738 0.936850 0.000000
vt 0.355129 0.936850 0.000000
vt 0.390642 0.912453 0.000000
vt 0.399520 0.936850 0.000000
vt 0.429706 0.912453 0.000000
vt 0.443912 0.936850 0.000000
vt 0.468771 0.912453 0.000000
vt 0.488303 0.936850 0.000000
vt 0.507835 0.912453 0.000000
vt 0.532694 0.936850 0.000000
vt 0.546899 0.912453 0.000000
vt 0.577085 0.936850 0.000000
vt 0.585963 0.912453 0.000000
vt 0.621476 0.936850 0.000000
vt 0.625028 0.912453 0.000000
vt 0.665867 0.936850 0.000000
vt 0.667643 0.912453 0.000000
vt 0.688063 0.936850 0.000000
vt 0.688951 0.912453 0.000000
vt 0.710259 0.912453 0.000000
vt 0.355129 0.000000 0.000000
vt 0.390642 0.021957 0.000000
vt 0.390642 0.043915 0.000000
vt 0.390642 0.065872 0.000000
vt 0.390642 0.087830 0.000000
vt 0.390642 0.109787 0.000000
vt 0.390642 0.131745 0.000000
vt 0.390642 0.153702 0.000000
vt 0.390642 0.175659 0.000000
vt 0.390642 0.197617 0.000000
vt 0.390642 0.219574 0.000000
vt 0.390642 0.241532 0.000000
vt 0.390642 0.263489 0.000000
vt 0.390642 0.285446 0.000000
vt 0.390642 0.307404 0.000000
vt 0.390642 0.329361 0.000000
vt 0.390642 0.351319 0.000000
vt 0.390642 0.363517 0.000000
vt 0.390642 0.375716 0.000000
vt 0.390642 0.387914 0.000000
vt 0.390642 0.400113 0.000000
vt 0.390642 0.412312 0.000000
vt 0.390642 0.424510 0.000000
vt 0.390642 0.448907 0.000000
vt 0.390642 0.473304 0.000000
vt 0.390642 0.497702 0.000000
vt 0.390642 0.509900 0.000000
vt 0.390642 0.522099 0.000000
vt 0.390642 0.534297 0.000000
vt 0.390642 0.546496 0.000000
vt 0.390642 0.558694 0.000000
vt 0.390642 0.570893 0.000000
vt 0.390642 0.583092 0.000000
vt 0.390642 0.595290 0.000000
vt 0.390642 0.607489 0.000000
vt 0.390642 0.619687 0.000000
vt 0.390642 0.631886 0.000000
vt 0.390642 0.644084 0.000000
vt 0.390642 0.656283 0.000000
vt 0.390642 0.668481 0.000000
vt 0.390642 0.692879 0.000000
vt 0.390642 0.717276 0.000000
vt 0.390642 0.741673 0.000000
vt 0.390642 0.753871 0.000000
vt 0.390642 0.766070 0.000000
vt 0.390642 0.778269 0.000000
vt 0.390642 0.790467 0.000000
vt 0.390642 0.802666 0.000000
vt 0.390642 0.814864 0.000000
vt 0.390642 0.827063 0.000000
vt 0.390642 0.839261 0.000000
vt 0.390642 0.851460 0.000000
vt 0.390642 0.863659 0.000000
vt 0.390642 0.875857 0.000000
vt 0.390642 0.888056 0.000000
vt 0.399520 0.000000 0.000000
vt 0.429706 0.021957 0.000000
vt 0.429706 0.043915 0.000000
vt 0.429706 0.065872 0.000000
vt 0.429706 0.087830 0.000000
vt 0.429706 0.109787 0.000000
vt 0.429706 0.131745 0.000000
vt 0.429706 0.153702 0.000000
vt 0.429706 0.175659 0.000000
vt 0.429706 0.197617 0.000000
vt 0.429706 0.219574 0.000000
vt 0.429706 0.241532 0.000000
vt 0.429706 0.263489 0.000000
vt 0.429706 0.285446 0.000000
vt 0.429706 0.307404 0.000000
vt 0.429706 0.329361 0.000000
vt 0.429706 0.351319 0.000000
vt 0.429706 0.363517 0.000000
vt 0.429706 0.375716 0.000000
vt 0.429706 0.387914 0.000000
vt 0.429706 0.400113 0.000000
vt 0.429706 0.412312 0.000000
vt 0.429706 0.424510 0.000000
vt 0.429706 0.448907 0.000000
vt 0.429706 0.473304 0.000000
vt 0.429706 0.497702 0.000000
vt 0.429706 0.509900 0.000000
vt 0.429706 0.522099 0.000000
vt 0.429706 0.534297 0.000000
vt 0.429706 0.546496 0.000000
vt 0.429706 0.558694 0.000000
vt 0.429706 0.570893 0.000000
vt 0.429706 0.583092 0.000000
vt 0.429706 0.595290 0.000000
vt 0.429706 0.607489 0.000000
vt 0.429706 0.619687 0.000000
vt 0.429706 0.631886 0.000000
vt 0.429706 0.644084 0.000000
vt 0.429706 0.656283 0.000000
vt 0.429706 0.668481 0.000000
vt 0.429706 0.692879 0.000000
vt 0.429706 0.717276 0.000000
vt 0.429706 0.741673 0.000000
vt 0.429706 0.753871 0.000000
vt 0.429706 0.766070 0.000000
vt 0.429706 0.778269 0.000000
vt 0.429706 0.790467 0.000000
vt 0.429706 0.802666 0.000000
vt 0.429706 0.814864 0.000000
vt 0.429706 0.827063 0.000000
vt 0.429706 0.839261 0.000000
vt 0.429706 0.851460 0.000000
vt 0.429706 0.863659 0.000000
vt 0.429706 0.875857 0.000000
vt 0.429706 0.888056 0.000000
vt 0.443912 0.000000 0.000000
vt 0.468771 0.021957 0.000000
vt 0.468771 0.043915 0.000000
vt 0.468771 0.065872 0.000000
vt 0.468771 0.087830 0.000000
vt 0.468771 0.109787 0.000000
vt 0.468771 0.131745 0.000000
vt 0.468771 0.153702 0.000000
vt 0.468771 0.175659 0.000000
vt 0.468771 0.197617 0.000000
vt 0.468771 0.219574 0.000000
vt 0.468771 0.241532 0.000000
vt 0.468771 0.263489 0.000000
vt 0.468771 0.285446 0.000000
vt 0.468771 0.307404 0.000000
vt 0.468771 0.329361 0.000000
vt 0.468771 0.351319 0.000000
vt 0.468771 0.363517 0.000000
vt 0.468771 0.375716 0.000000
vt 0.468771 0.387914 0.000000
vt 0.468771 0.400113 0.000000
vt 0.468771 0.412312 0.000000
vt 0.468771 0.424510 0.000000
vt 0.468771 0.448907 0.000000
vt 0.468771 0.473304 0.000000
vt 0.468771 0.497702 0.000000
vt 0.468771 0.509900 0.000000
vt 0.468771 0.522099 0.000000
vt 0.468771 0.534297 0.000000
vt 0.468771 0.546496 0.000000
vt 0.468771 0.558694 0.000000
vt 0.468771 0.570893 0.000000
vt 0.468771 0.583092 0.000000
vt 0.468771 0.595290 0.000000
vt 0.468771 0.607489 0.000000
vt 0.468771 0.619687 0.000000
vt 0.468771 0.631886 0.000000
vt 0.468771 0.644084 0.000000
vt 0.468771 0.656283 0.000000
vt 0.468771 0.668481 0.000000
vt 0.468771 0.692879 0.000000
vt 0.468771 0.717276 0.000000
vt 0.468771 0.741673 0.000000
vt 0.468771 0.753871 0.000000
vt 0.468771 0.766070 0.000000
vt 0.468771 0.778269 0.000000
vt 0.468771 0.790467 0.000000
vt 0.468771 0.802666 0.000000
vt 0.468771 0.814864 0.000000
vt 0.468771 0.827063 0.000000
vt 0.468771 0.839261 0.000000
vt 0.468771 0.851460 0.000000
vt 0.468771 0.863659 0.000000
vt 0.468771 0.875857 0.000000
vt 0.468771 0.888056 0.000000
vt 0.488303 0.000000 0.000000
vt 0.507835 0.021957 0.000000
vt 0.507835 0.043915 0.000000
vt 0.507835 0.065872 0.000000
vt 0.507835 0.087830 0.000000
vt 0.507835 0.109787 0.000000
vt 0.507835 0.131745 0.000000
vt 0.507835 0.153702 0.000000
vt 0.507835 0.175659 0.000000
vt 0.507835 0.197617 0.000000
vt 0.507835 0.219574 0.000000
vt 0.507835 0.241532 0.000000
vt 0.507835 0.263489 0.000000
vt 0.507835 0.285446 0.000000
vt 0.507835 0.307404 0.000000
vt 0.507835 0.329361 0.000000
vt 0.507835 0.351319 0.000000
vt 0.507835 0.363517 0.000000
vt 0.507835 0.375716 0.000000
vt 0.507835 0.387914 0.000000
vt 0.507835 0.400113 0.000000
vt 0.507835 0.412312 0.000000
vt 0.507835 0.424510 0.000000
vt 0.507835 0.448907 0.000000
vt 0.507835 0.473304 0.000000
vt 0.507835 0.497702 0.000000
vt 0.507835 0.509900 0.000000
vt 0.507835 0.522099 0.000000
vt 0.507835 0.534297 0.000000
vt 0.507835 0.546496 0.000000
vt 0.507835 0.558694 0.000000
vt 0.507835 0.570893 0.000000
vt 0.507835 0.583092 0.000000
vt 0.507835 0.595290 0.000000
vt 0.507835 0.607489 0.000000
vt 0.507835 0.619687 0.000000
vt 0.507835 0.631886 0.000000
vt 0.507835 0.644084 0.000000
vt 0.507835 0.656283 0.000000
vt 0.507835 0.668481 0.000000
vt 0.507835 0.692879 0.000000
vt 0.507835 0.717276 0.000000
vt 0.507835 0.741673 0.000000
vt 0.507835 0.753871 0.000000
vt 0.507835 0.766070 0.000000
vt 0.507835 0.778269 0.000000
vt 0.507835 0.790467 0.000000
vt 0.507835 0.802666 0.000000
vt 0.507835 0.814864 0.000000
vt 0.507835 0.827063 0.000000
vt 0.507835 0.839261 0.000000
vt 0.507835 0.851460 0.000000
vt 0.507835 0.863659 0.000000
vt 0.507835 0.875857 0.000000
vt 0.507835 0.888056 0.000000
vt 0.532694 0.000000 0.000000
vt 0.546899 0.021957 0.000000
vt 0.546899 0.043915 0.000000
vt 0.546899 0.065872 0.000000
vt 0.546899 0.087830 0.000000
vt 0.546899 0.109787 0.000000
vt 0.546899 0.131745 0.000000
vt 0.546899 0.153702 0.000000
vt 0.546899 0.175659 0.000000
vt 0.546899 0.197617 0.000000
vt 0.546899 0.219574 0.000000
vt 0.546899 0.241532 0.000000
vt 0.546899 0.263489 0.000000
vt 0.546899 0.285446 0.000000
vt 0.546899 0.307404 0.000000
vt 0.546899 0.329361 0.000000
vt 0.546899 0.351319 0.000000
vt 0.546899 0.363517 0.000000
vt 0.546899 0.375716 0.000000
vt 0.546899 0.387914 0.000000
vt 0.546899 0.400113 0.000000
vt 0.546899 0.412312 0.000000
vt 0.546899 0.424510 0.000000
vt 0.546899 0.448907 0.000000
vt 0.546899 0.473304 0.000000
vt 0.546899 0.497702 0.000000
vt 0.546899 0.509900 0.000000
vt 0.546899 0.522099 0.000000
vt 0.546899 0.534297 0.000000
vt 0.546899 0.546496 0.000000
vt 0.546899 0.558694 0.000000
vt 0.546899 0.570893 0.000000
vt 0.546899 0.583092 0.000000
vt 0.546899 0.595290 0.000000
vt 0.546899 0.607489 0.000000
vt 0.546899 0.619687 0.000000
vt 0.546899 0.631886 0.000000
vt 0.546899 0.644084 0.000000
vt 0.546899 0.656283 0.000000
vt 0.546899 0.668481 0.000000
vt 0.546899 0.692879 0.000000
vt 0.546899 0.717276 0.000000
vt 0.546899 0.741673 0.000000
vt 0.546899 0.753871 0.000000
vt 0.546899 0.766070 0.000000
vt 0.546899 0.778269 0.000000
vt 0.546899 0.790467 0.000000
vt 0.546899 0.802666 0.000000
vt 0.546899 0.814864 0.000000
vt 0.546899 0.827063 0.000000
vt 0.546899 0.839261 0.000000
vt 0.546899 0.851460 0.000000
vt 0.546899 0.863659 0.000000
vt 0.546899 0.875857 0.000000
vt 0.546899 0.888056 0.000000
vt 0.577085 0.000000 0.000000
vt 0.585963 0.021957 0.000000
vt 0.585963 0.043915 0.000000
vt 0.585963 0.065872 0.000000
vt 0.585963 0.087830 0.000000
vt 0.585963 0.109787 0.000000
vt 0.585963 0.131745 0.000000
vt 0.585963 0.153702 0.000000
vt 0.585963 0.175659 0.000000
vt 0.585963 0.197617 0.000000
vt 0.585963 0.219574 0.000000
vt 0.585963 0.241532 0.000000
vt 0.585963 0.263489 0.000000
vt 0.585963 0.285446 0.000000
vt 0.585963 0.307404 0.000000
vt 0.585963 0.329361 0.000000
vt 0.585963 0.351319 0.000000
vt 0.585963 0.363517 0.000000
vt 0.585963 0.375716 0.000000
vt 0.585963 0.387914 0.000000
vt 0.585963 0.400113 0.000000
vt 0.585963 0.412312 0.000000
vt 0.585963 0.424510 0.000000
vt 0.585963 0.448907 0.000000
vt 0.585963 0.473304 0.000000
vt 0.585963 0.497702 0.000000
vt 0.585963 0.509900 0.000000
vt 0.585963 0.522099 0.000000
vt 0.585963 0.534297 0.000000
vt 0.585963 0.546496 0.000000
vt 0.585963 0.558694 0.000000
vt 0.585963 0.570893 0.000000
vt 0.585963 0.583092 0.000000
vt 0.585963 0.595290 0.000000
vt 0.585963 0.607489 0.000000
vt 0.585963 0.619687 0.000000
vt 0.585963 0.631886 0.000000
vt 0.585963 0.644084 0.000000
vt 0.585963 0.656283 0.000000
vt 0.585963 0.668481 0.000000
vt 0.585963 0.692879 0.000000
vt 0.585963 0.717276 0.000000
vt 0.585963 0.741673 0.000000
vt 0.585963 0.753871 0.000000
vt 0.585963 0.766070 0.000000
vt 0.585963 0.778269 0.000000
vt 0.585963 0.790467 0.000000
vt 0.585963 0.802666 0.000000
vt 0.585963 0.814864 0.000000
vt 0.585963 0.827063 0.000000
vt 0.585963 0.839261 0.000000
vt 0.585963 0.851460 0.000000
vt 0.585963 0.863659 0.000000
vt 0.585963 0.875857 0.000000
vt 0.585963 0.888056 0.000000
vt 0.621476 0.000000 0.000000
vt 0.625028 0.021957 0.000000
vt 0.625028 0.043915 0.000000
vt 0.625028 0.065872 0.000000
vt 0.625028 0.087830 0.000000
vt 0.625028 0.109787 0.000000
vt 0.625028 0.131745 0.000000
vt 0.625028 0.153702 0.000000
vt 0.625028 0.175659 0.000000
vt 0.625028 0.197617 0.000000
vt 0.625028 0.219574 0.000000
vt 0.625028 0.241532 0.000000
vt 0.625028 0.263489 0.000000
vt 0.625028 0.285446 0.000000
vt 0.625028 0.307404 0.000000
vt 0.625028 0.329361 0.000000
vt 0.625028 0.351319 0.000000
vt 0.625028 0.363517 0.000000
vt 0.625028 0.375716 0.000000
vt 0.625028 0.387914 0.000000
vt 0.625028 0.400113 0.000000
vt 0.625028 0.412312 0.000000
vt 0.625028 0.424510 0.000000
vt 0.625028 0.448907 0.000000
vt 0.625028 0.473304 0.000000
vt 0.625028 0.497702 0.000000
vt 0.625028 0.509900 0.000000
vt 0.625028 0.522099 0.000000
vt 0.625028 0.534297 0.000000
vt 0.625028 0.546496 0.000000
vt 0.625028 0.558694 0.000000
vt 0.625028 0.570893 0.000000
vt 0.625028 0.583092 0.000000
vt 0.625028 0.595290 0.000000
vt 0.625028 0.607489 0.000000
vt 0.625028 0.619687 0.000000
vt 0.625028 0.631886 0.000000
vt 0.625028 0.644084 0.000000
vt 0.625028 0.656283 0.000000
vt 0.625028 0.668481 0.000000
vt 0.625028 0.692879 0.000000
vt 0.625028 0.717276 0.000000
vt 0.625028 0.741673 0.000000
vt 0.625028 0.753871 0.000000
vt 0.625028 0.766070 0.000000
vt 0.625028 0.778269 0.000000
vt 0.625028 0.790467 0.000000
vt 0.625028 0.802666 0.000000
vt 0.625028 0.814864 0.000000
vt 0.625028 0.827063 0.000000
vt 0.625028 0.839261 0.000000
vt 0.625028 0.851460 0.000000
vt 0.625028 0.863659 0.000000
vt 0.625028 0.875857 0.000000
vt 0.625028 0.888056 0.000000
vt 0.665867 0.000000 0.000000
vt 0.667643 0.021957 0.000000
vt 0.667643 0.043915 0.000000
vt 0.667643 0.065872 0.000000
vt 0.667643 0.087830 0.000000
vt 0.667643 0.109787 0.000000
vt 0.667643 0.131745 0.000000
vt 0.667643 0.153702 0.000000
vt 0.667643 0.175659 0.000000
vt 0.667643 0.197617 0.000000
vt 0.667643 0.219574 0.000000
vt 0.667643 0.241532 0.000000
vt 0.667643 0.263489 0.000000
vt 0.667643 0.285446 0.000000
vt 0.667643 0.307404 0.000000
vt 0.667643 0.329361 0.000000
vt 0.667643 0.351319 0.000000
vt 0.667643 0.363517 0.000000
vt 0.667643 0.375716 0.000000
vt 0.667643 0.387914 0.000000
vt 0.667643 0.400113 0.000000
vt 0.667643 0.412312 0.000000
vt 0.667643 0.424510 0.000000
vt 0.667643 0.448907 0.000000
vt 0.667643 0.473304 0.000000
vt 0.667643 0.497702 0.000000
vt 0.667643 0.509900 0.000000
vt 0.667643 0.522099 0.000000
vt 0.667643 0.534297 0.000000
vt 0.667643 0.546496 0.000000
vt 0.667643 0.558694 0.000000
vt 0.667643 0.570893 0.000000
vt 0.667643 0.583092 0.000000
vt 0.667643 0.595290 0.000000
vt 0.667643 0.607489 0.000000
vt 0.667643 0.619687 0.000000
vt 0.667643 0.631886 0.000000
vt 0.667643 0.644084 0.000000
vt 0.667643 0.656283 0.000000
vt 0.667643 0.668481 0.000000
vt 0.667643 0.692879 0.000000
vt 0.667643 0.717276 0.000000
vt 0.667643 0.741673 0.000000
vt 0.667643 0.753871 0.000000
vt 0.667643 0.766070 0.000000
vt 0.667643 0.778269 0.000000
vt 0.667643 0.790467 0.000000
vt 0.667643 0.802666 0.000000
vt 0.667643 0.814864 0.000000
vt 0.667643 0.827063 0.000000
vt 0.667643 0.839261 0.000000
vt 0.667643 0.851460 0.000000
vt 0.667643 0.863659 0.000000
vt 0.667643 0.875857 0.000000
vt 0.667643 0.888056 0.000000
vt 0.688063 0.000000 0.000000
vt 0.688951 0.021957 0.000000
vt 0.688951 0.043915 0.000000
vt 0.688951 0.065872 0.000000
vt 0.688951 0.087830 0.000000
vt 0.688951 0.109787 0.000000
vt 0.688951 0.131745 0.000000
vt 0.688951 0.153702 0.000000
vt 0.688951 0.175659 0.000000
vt 0.688951 0.197617 0.000000
vt 0.688951 0.219574 0.000000
vt 0.688951 0.241532 0.000000
vt 0.688951 0.263489 0.000000
vt 0.688951 0.285446 0.000000
vt 0.688951 0.307404 0.000000
vt 0.688951 0.329361 0.000000
vt 0.688951 0.351319 0.000000
vt 0.688951 0.363517 0.000000
vt 0.688951 0.375716 0.000000
vt 0.688951 0.387914 0.000000
vt 0.688951 0.400113 0.000000
vt 0.688951 0.412312 0.000000
vt 0.688951 0.424510 0.000000
vt 0.688951 0.448907 0.000000
vt 0.688951 0.473304 0.000000
vt 0.688951 0.497702 0.000000
vt 0.688951 0.509900 0.000000
vt 0.688951 0.522099 0.000000
vt 0.688951 0.534297 0.000000
vt 0.688951 0.546496 0.000000
vt 0.688951 0.558694 0.000000
vt 0.688951 0.570893 0.000000
vt 0.688951 0.583092 0.000000
vt 0.688951 0.595290 0.000000
vt 0.688951 0.607489 0.000000
vt 0.688951 0.619687 0.000000
vt 0.688951 0.631886 0.000000
vt 0.688951 0.644084 0.000000
vt 0.688951 0.656283 0.000000
vt 0.688951 0.668481 0.000000
vt 0.688951 0.692879 0.000000
vt 0.688951 0.717276 0.000000
vt 0.688951 0.741673 0.000000
vt 0.688951 0.753871 0.000000
vt 0.688951 0.766070 0.000000
vt 0.688951 0.778269 0.000000
vt 0.688951 0.790467 0.000000
vt 0.688951 0.802666 0.000000
vt 0.688951 0.814864 0.000000
vt 0.688951 0.827063 0.000000
vt 0.688951 0.839261 0.000000
vt 0.688951 0.851460 0.000000
vt 0.688951 0.863659 0.000000
vt 0.688951 0.875857 0.000000
vt 0.688951 0.888056 0.000000
vt 0.710259 0.000000 0.000000
vt 0.273450 0.912453 0.000000
vt 0.266347 0.936850 0.000000
vt 0.234385 0.912453 0.000000
vt 0.221956 0.936850 0.000000
vt 0.195321 0.912453 0.000000
vt 0.177565 0.936850 0.000000
vt 0.156257 0.912453 0.000000
vt 0.133173 0.936850 0.000000
vt 0.117193 0.912453 0.000000
vt 0.088782 0.936850 0.000000
vt 0.078128 0.912453 0.000000
vt 0.044391 0.936850 0.000000
vt 0.039064 0.912453 0.000000
vt 0.000000 0.936850 0.000000
vt 0.000000 0.912828 0.000000
vt 0.000000 0.888806 0.000000
vt 0.039064 0.888056 0.000000
vt 0.078128 0.888056 0.000000
vt 0.078128 0.875857 0.000000
vt 0.117193 0.875857 0.000000
vt 0.117193 0.863659 0.000000
vt 0.156257 0.863659 0.000000
vt 0.156257 0.851460 0.000000
vt 0.195321 0.851460 0.000000
vt 0.195321 0.839261 0.000000
vt 0.234385 0.839261 0.000000
vt 0.234385 0.827063 0.000000
vt 0.273450 0.827063 0.000000
vt 0.273450 0.814864 0.000000
vt 0.039064 0.875857 0.000000
vt 0.000000 0.864785 0.000000
vt 0.039064 0.863659 0.000000
vt 0.039064 0.851460 0.000000
vt 0.078128 0.851460 0.000000
vt 0.078128 0.839261 0.000000
vt 0.117193 0.839261 0.000000
vt 0.117193 0.827063 0.000000
vt 0.156257 0.827063 0.000000
vt 0.156257 0.814864 0.000000
vt 0.195321 0.814864 0.000000
vt 0.195321 0.802666 0.000000
vt 0.234385 0.802666 0.000000
vt 0.234385 0.790467 0.000000
vt 0.273450 0.790467 0.000000
vt 0.273450 0.778269 0.000000
vt 0.000000 0.840763 0.000000
vt 0.039064 0.839261 0.000000
vt 0.078128 0.827063 0.000000
vt 0.117193 0.814864 0.000000
vt 0.156257 0.802666 0.000000
vt 0.195321 0.790467 0.000000
vt 0.234385 0.778269 0.000000
vt 0.273450 0.766070 0.000000
vt 0.039064 0.827063 0.000000
vt 0.000000 0.816741 0.000000
vt 0.039064 0.814864 0.000000
vt 0.039064 0.802666 0.000000
vt 0.078128 0.802666 0.000000
vt 0.078128 0.790467 0.000000
vt 0.117193 0.790467 0.000000
vt 0.117193 0.778269 0.000000
vt 0.156257 0.778269 0.000000
vt 0.156257 0.766070 0.000000
vt 0.195321 0.766070 0.000000
vt 0.195321 0.753871 0.000000
vt 0.234385 0.753871 0.000000
vt 0.234385 0.741673 0.000000
vt 0.273450 0.741673 0.000000
vt 0.273450 0.717276 0.000000
vt 0.000000 0.792719 0.000000
vt 0.039064 0.790467 0.000000
vt 0.078128 0.778269 0.000000
vt 0.117193 0.766070 0.000000
vt 0.156257 0.753871 0.000000
vt 0.195321 0.741673 0.000000
vt 0.234385 0.717276 0.000000
vt 0.273450 0.692879 0.000000
vt 0.039064 0.778269 0.000000
vt 0.000000 0.768697 0.000000
vt 0.039064 0.766070 0.000000
vt 0.039064 0.753871 0.000000
vt 0.078128 0.753871 0.000000
vt 0.078128 0.741673 0.000000
vt 0.117193 0.741673 0.000000
vt 0.117193 0.717276 0.000000
vt 0.156257 0.717276 0.000000
vt 0.156257 0.692879 0.000000
vt 0.195321 0.692879 0.000000
vt 0.195321 0.668481 0.000000
vt 0.234385 0.668481 0.000000
vt 0.234385 0.656283 0.000000
vt 0.273450 0.656283 0.000000
vt 0.273450 0.644084 0.000000
vt 0.000000 0.744676 0.000000
vt 0.039064 0.741673 0.000000
vt 0.078128 0.717276 0.000000
vt 0.117193 0.692879 0.000000
vt 0.156257 0.668481 0.000000
vt 0.195321 0.656283 0.000000
vt 0.234385 0.644084 0.000000
vt 0.273450 0.631886 0.000000
vt 0.000000 0.720654 0.000000
vt 0.039064 0.717276 0.000000
vt 0.078128 0.692879 0.000000
vt 0.117193 0.668481 0.000000
vt 0.156257 0.656283 0.000000
vt 0.195321 0.644084 0.000000
vt 0.234385 0.631886 0.000000
vt 0.273450 0.619687 0.000000
vt 0.000000 0.696632 0.000000
vt 0.039064 0.692879 0.000000
vt 0.078128 0.668481 0.000000
vt 0.117193 0.656283 0.000000
vt 0.156257 0.644084 0.000000
vt 0.195321 0.631886 0.000000
vt 0.234385 0.619687 0.000000
vt 0.273450 0.607489 0.000000
vt 0.000000 0.672610 0.000000
vt 0.039064 0.668481 0.000000
vt 0.078128 0.656283 0.000000
vt 0.117193 0.644084 0.000000
vt 0.156257 0.631886 0.000000
vt 0.195321 0.619687 0.000000
vt 0.234385 0.607489 0.000000
vt 0.273450 0.595290 0.000000
vt 0.039064 0.656283 0.000000
vt 0.000000 0.648588 0.000000
vt 0.039064 0.644084 0.000000
vt 0.039064 0.631886 0.000000
vt 0.078128 0.631886 0.000000
vt 0.078128 0.619687 0.000000
vt 0.117193 0.619687 0.000000
vt 0.117193 0.607489 0.000000
vt 0.156257 0.607489 0.000000
vt 0.156257 0.595290 0.000000
vt 0.195321 0.595290 0.000000
vt 0.195321 0.583092 0.000000
vt 0.234385 0.583092 0.000000
vt 0.234385 0.570893 0.000000
vt 0.273450 0.570893 0.000000
vt 0.273450 0.558694 0.000000
vt 0.000000 0.624567 0.000000
vt 0.039064 0.619687 0.000000
vt 0.078128 0.607489 0.000000
vt 0.117193 0.595290 0.000000
vt 0.156257 0.583092 0.000000
vt 0.195321 0.570893 0.000000
vt 0.234385 0.558694 0.000000
vt 0.273450 0.546496 0.000000
vt 0.039064 0.607489 0.000000
vt 0.000000 0.600545 0.000000
vt 0.039064 0.595290 0.000000
vt 0.039064 0.583092 0.000000
vt 0.078128 0.583092 0.000000
vt 0.078128 0.570893 0.000000
vt 0.117193 0.570893 0.000000
vt 0.117193 0.558694 0.000000
vt 0.156257 0.558694 0.000000
vt 0.156257 0.546496 0.000000
vt 0.195321 0.546496 0.000000
vt 0.195321 0.534297 0.000000
vt 0.234385 0.534297 0.000000
vt 0.234385 0.522099 0.000000
vt 0.273450 0.522099 0.000000
vt 0.273450 0.509900 0.000000
vt 0.000000 0.576523 0.000000
vt 0.039064 0.570893 0.000000
vt 0.078128 0.558694 0.000000
vt 0.117193 0.546496 0.000000
vt 0.156257 0.534297 0.000000
vt 0.195321 0.522099 0.000000
vt 0.234385 0.509900 0.000000
vt 0.273450 0.497702 0.000000
vt 0.039064 0.558694 0.000000
vt 0.000000 0.552501 0.000000
vt 0.039064 0.546496 0.000000
vt 0.000000 0.528479 0.000000
vt 0.039064 0.534297 0.000000
vt 0.039064 0.522099 0.000000
vt 0.078128 0.522099 0.000000
vt 0.078128 0.509900 0.000000
vt 0.117193 0.509900 0.000000
vt 0.117193 0.497702 0.000000
vt 0.156257 0.497702 0.000000
vt 0.156257 0.473304 0.000000
vt 0.195321 0.473304 0.000000
vt 0.195321 0.448907 0.000000
vt 0.234385 0.448907 0.000000
vt 0.234385 0.424510 0.000000
vt 0.273450 0.424510 0.000000
vt 0.273450 0.412312 0.000000
vt 0.000000 0.504458 0.000000
vt 0.039064 0.509900 0.000000
vt 0.078128 0.497702 0.000000
vt 0.117193 0.473304 0.000000
vt 0.156257 0.448907 0.000000
vt 0.195321 0.424510 0.000000
vt 0.234385 0.412312 0.000000
vt 0.273450 0.400113 0.000000
vt 0.039064 0.497702 0.000000
vt 0.000000 0.480436 0.000000
vt 0.039064 0.473304 0.000000
vt 0.000000 0.456414 0.000000
vt 0.039064 0.448907 0.000000
vt 0.000000 0.432392 0.000000
vt 0.039064 0.424510 0.000000
vt 0.000000 0.408370 0.000000
vt 0.039064 0.412312 0.000000
vt 0.039064 0.400113 0.000000
vt 0.078128 0.400113 0.000000
vt 0.078128 0.387914 0.000000
vt 0.117193 0.387914 0.000000
vt 0.117193 0.375716 0.000000
vt 0.156257 0.375716 0.000000
vt 0.156257 0.363517 0.000000
vt 0.195321 0.363517 0.000000
vt 0.195321 0.351319 0.000000
vt 0.234385 0.351319 0.000000
vt 0.234385 0.329361 0.000000
vt 0.273450 0.329361 0.000000
vt 0.273450 0.307404 0.000000
vt 0.000000 0.384349 0.000000
vt 0.039064 0.387914 0.000000
vt 0.078128 0.375716 0.000000
vt 0.117193 0.363517 0.000000
vt 0.156257 0.351319 0.000000
vt 0.195321 0.329361 0.000000
vt 0.234385 0.307404 0.000000
vt 0.273450 0.285446 0.000000
vt 0.039064 0.375716 0.000000
vt 0.000000 0.360327 0.000000
vt 0.039064 0.363517 0.000000
vt 0.039064 0.351319 0.000000
vt 0.078128 0.351319 0.000000
vt 0.078128 0.329361 0.000000
vt 0.117193 0.329361 0.000000
vt 0.117193 0.307404 0.000000
vt 0.156257 0.307404 0.000000
vt 0.156257 0.285446 0.000000
vt 0.195321 0.285446 0.000000
vt 0.195321 0.263489 0.000000
vt 0.234385 0.263489 0.000000
vt 0.234385 0.241532 0.000000
vt 0.273450 0.241532 0.000000
vt 0.273450 0.219574 0.000000
vt 0.000000 0.336305 0.000000
vt 0.039064 0.329361 0.000000
vt 0.078128 0.307404 0.000000
vt 0.117193 0.285446 0.000000
vt 0.156257 0.263489 0.000000
vt 0.195321 0.241532 0.000000
vt 0.234385 0.219574 0.000000
vt 0.273450 0.197617 0.000000
vt 0.000000 0.312283 0.000000
vt 0.039064 0.307404 0.000000
vt 0.078128 0.285446 0.000000
vt 0.117193 0.263489 0.000000
vt 0.156257 0.241532 0.000000
vt 0.195321 0.219574 0.000000
vt 0.234385 0.197617 0.000000
vt 0.273450 0.175659 0.000000
vt 0.000000 0.288262 0.000000
vt 0.039064 0.285446 0.000000
vt 0.078128 0.263489 0.000000
vt 0.117193 0.241532 0.000000
vt 0.156257 0.219574 0.000000
vt 0.195321 0.197617 0.000000
vt 0.234385 0.175659 0.000000
vt 0.273450 0.153702 0.000000
vt 0.000000 0.264240 0.000000
vt 0.039064 0.263489 0.000000
vt 0.078128 0.241532 0.000000
vt 0.117193 0.219574 0.000000
vt 0.156257 0.197617 0.000000
vt 0.195321 0.175659 0.000000
vt 0.234385 0.153702 0.000000
vt 0.273450 0.131745 0.000000
vt 0.039064 0.241532 0.000000
vt 0.000000 0.240218 0.000000
vt 0.039064 0.219574 0.000000
vt 0.000000 0.216196 0.000000
vt 0.039064 0.197617 0.000000
vt 0.000000 0.192174 0.000000
vt 0.039064 0.175659 0.000000
vt 0.000000 0.168153 0.000000
vt 0.039064 0.153702 0.000000
vt 0.000000 0.144131 0.000000
vt 0.039064 0.131745 0.000000
vt 0.000000 0.120109 0.000000
vt 0.039064 0.109787 0.000000
vt 0.000000 0.096087 0.000000
vt 0.039064 0.087830 0.000000
vt 0.000000 0.072065 0.000000
vt 0.039064 0.065872 0.000000
vt 0.000000 0.048044 0.000000
vt 0.039064 0.043915 0.000000
vt 0.710259 0.021957 0.000000
vt 0.710259 0.043915 0.000000
vt 0.710259 0.065872 0.000000
vt 0.710259 0.087830 0.000000
vt 0.710259 0.109787 0.000000
vt 0.710259 0.131745 0.000000
vt 0.710259 0.153702 0.000000
vt 0.710259 0.175659 0.000000
vt 0.710259 0.197617 0.000000
vt 0.710259 0.219574 0.000000
vt 0.710259 0.241532 0.000000
vt 0.710259 0.263489 0.000000
vt 0.710259 0.285446 0.000000
vt 0.710259 0.329361 0.000000
vt 0.710259 0.351319 0.000000
vt 0.710259 0.363517 0.000000
vt 0.710259 0.375716 0.000000
vt 0.710259 0.387914 0.000000
vt 0.710259 0.400113 0.000000
vt 0.710259 0.412312 0.000000
vt 0.710259 0.424510 0.000000
vt 0.710259 0.448907 0.000000
vt 0.710259 0.473304 0.000000
vt 0.710259 0.497702 0.000000
vt 0.710259 0.509900 0.000000
vt 0.710259 0.522099 0.000000
vt 0.710259 0.534297 0.000000
vt 0.710259 0.546496 0.000000
vt 0.710259 0.558694 0.000000
vt 0.710259 0.570893 0.000000
vt 0.710259 0.583092 0.000000
vt 0.710259 0.595290 0.000000
vt 0.710259 0.607489 0.000000
vt 0.710259 0.631886 0.000000
vt 0.710259 0.644084 0.000000
vt 0.710259 0.656283 0.000000
vt 0.710259 0.668481 0.000000
vt 0.710259 0.692879 0.000000
vt 0.710259 0.717276 0.000000
vt 0.710259 0.741673 0.000000
vt 0.710259 0.753871 0.000000
vt 0.710259 0.766070 0.000000
vt 0.710259 0.778269 0.000000
vt 0.710259 0.790467 0.000000
vt 0.710259 0.802666 0.000000
vt 0.710259 0.814864 0.000000
vt 0.710259 0.827063 0.000000
vt 0.710259 0.839261 0.000000
vt 0.710259 0.851460 0.000000
vt 0.710259 0.863659 0.000000
vt 0.710259 0.875857 0.000000
vt 0.710259 0.888056 0.000000
vt 0.710259 0.312283 0.000000
vt 0.710259 0.624567 0.000000
vt 0.273450 0.043915 0.000000
vt 0.273450 0.065872 0.000000
vt 0.273450 0.087830 0.000000
vt 0.273450 0.109787 0.000000
vt 0.234385 0.043915 0.000000
vt 0.234385 0.065872 0.000000
vt 0.234385 0.087830 0.000000
vt 0.234385 0.109787 0.000000
vt 0.234385 0.131745 0.000000
vt 0.195321 0.043915 0.000000
vt 0.195321 0.065872 0.000000
vt 0.195321 0.087830 0.000000
vt 0.195321 0.109787 0.000000
vt 0.195321 0.131745 0.000000
vt 0.195321 0.153702 0.000000
vt 0.156257 0.043915 0.000000
vt 0.156257 0.065872 0.000000
vt 0.156257 0.087830 0.000000
vt 0.156257 0.109787 0.000000
vt 0.156257 0.131745 0.000000
vt 0.156257 0.153702 0.000000
vt 0.156257 0.175659 0.000000
vt 0.117193 0.043915 0.000000
vt 0.117193 0.065872 0.000000
vt 0.117193 0.087830 0.000000
vt 0.117193 0.109787 0.000000
vt 0.117193 0.131745 0.000000
vt 0.117193 0.153702 0.000000
vt 0.117193 0.175659 0.000000
vt 0.117193 0.197617 0.000000
vt 0.078128 0.043915 0.000000
vt 0.078128 0.065872 0.000000
vt 0.078128 0.087830 0.000000
vt 0.078128 0.109787 0.000000
vt 0.078128 0.131745 0.000000
vt 0.078128 0.153702 0.000000
vt 0.078128 0.175659 0.000000
vt 0.078128 0.197617 0.000000
vt 0.078128 0.219574 0.000000
vt 0.117193 0.888056 0.000000
vt 0.156257 0.888056 0.000000
vt 0.195321 0.888056 0.000000
vt 0.234385 0.888056 0.000000
vt 0.273450 0.888056 0.000000
vt 0.156257 0.875857 0.000000
vt 0.195321 0.875857 0.000000
vt 0.234385 0.875857 0.000000
vt 0.273450 0.875857 0.000000
vt 0.078128 0.863659 0.000000
vt 0.117193 0.851460 0.000000
vt 0.156257 0.839261 0.000000
vt 0.195321 0.827063 0.000000
vt 0.234385 0.814864 0.000000
vt 0.273450 0.802666 0.000000
vt 0.195321 0.863659 0.000000
vt 0.234385 0.863659 0.000000
vt 0.234385 0.851460 0.000000
vt 0.273450 0.863659 0.000000
vt 0.273450 0.851460 0.000000
vt 0.273450 0.839261 0.000000
vt 0.078128 0.814864 0.000000
vt 0.117193 0.802666 0.000000
vt 0.156257 0.790467 0.000000
vt 0.195321 0.778269 0.000000
vt 0.234385 0.766070 0.000000
vt 0.273450 0.753871 0.000000
vt 0.078128 0.766070 0.000000
vt 0.117193 0.753871 0.000000
vt 0.156257 0.741673 0.000000
vt 0.195321 0.717276 0.000000
vt 0.234385 0.692879 0.000000
vt 0.273450 0.668481 0.000000
vt 0.078128 0.644084 0.000000
vt 0.117193 0.631886 0.000000
vt 0.156257 0.619687 0.000000
vt 0.195321 0.607489 0.000000
vt 0.234385 0.595290 0.000000
vt 0.273450 0.583092 0.000000
vt 0.078128 0.595290 0.000000
vt 0.117193 0.583092 0.000000
vt 0.156257 0.570893 0.000000
vt 0.195321 0.558694 0.000000
vt 0.234385 0.546496 0.000000
vt 0.273450 0.534297 0.000000
vt 0.078128 0.546496 0.000000
vt 0.117193 0.534297 0.000000
vt 0.156257 0.522099 0.000000
vt 0.195321 0.509900 0.000000
vt 0.234385 0.497702 0.000000
vt 0.273450 0.473304 0.000000
vt 0.078128 0.534297 0.000000
vt 0.117193 0.522099 0.000000
vt 0.156257 0.509900 0.000000
vt 0.195321 0.497702 0.000000
vt 0.234385 0.473304 0.000000
vt 0.273450 0.448907 0.000000
vt 0.078128 0.473304 0.000000
vt 0.117193 0.448907 0.000000
vt 0.156257 0.424510 0.000000
vt 0.195321 0.412312 0.000000
vt 0.234385 0.400113 0.000000
vt 0.273450 0.387914 0.000000
vt 0.078128 0.448907 0.000000
vt 0.117193 0.424510 0.000000
vt 0.156257 0.412312 0.000000
vt 0.195321 0.400113 0.000000
vt 0.234385 0.387914 0.000000
vt 0.273450 0.375716 0.000000
vt 0.078128 0.424510 0.000000
vt 0.117193 0.412312 0.000000
vt 0.156257 0.400113 0.000000
vt 0.195321 0.387914 0.000000
vt 0.234385 0.375716 0.000000
vt 0.273450 0.363517 0.000000
vt 0.078128 0.412312 0.000000
vt 0.117193 0.400113 0.000000
vt 0.156257 0.387914 0.000000
vt 0.195321 0.375716 0.000000
vt 0.234385 0.363517 0.000000
vt 0.273450 0.351319 0.000000
vt 0.078128 0.363517 0.000000
vt 0.117193 0.351319 0.000000
vt 0.156257 0.329361 0.000000
vt 0.195321 0.307404 0.000000
vt 0.234385 0.285446 0.000000
vt 0.273450 0.263489 0.000000
vt 0.320846 0.000000 0.000000
vt 0.316691 0.051467 0.000000
vt 0.316691 -0.051467 0.000000
vt 0.304334 0.101602 0.000000
vt 0.304334 -0.101602 0.000000
vt 0.284095 0.149104 0.000000
vt 0.284095 -0.149104 0.000000
vt 0.256498 0.192746 0.000000
vt 0.222258 0.231395 0.000000
vt 0.182261 0.264051 0.000000
vt 0.137544 0.289868 0.000000
vt 0.089265 0.308178 0.000000
vt 0.038674 0.318506 0.000000
vt -0.012919 0.320585 0.000000
vt -0.064177 0.314362 0.000000
vt -0.113773 0.299996 0.000000
vt -0.160423 0.277860 0.000000
vt 0.256498 -0.192746 0.000000
vt -0.202917 0.248529 0.000000
vt -0.240156 0.212760 0.000000
vt -0.271176 0.171481 0.000000
vt -0.295171 0.125761 0.000000
vt -0.311522 0.076783 0.000000
vt -0.319805 0.025817 0.000000
vt -0.319805 -0.025817 0.000000
vt -0.311522 -0.076783 0.000000
vt -0.295171 -0.125761 0.000000
vt -0.271176 -0.171481 0.000000
vt -0.240156 -0.212760 0.000000
vt 0.222258 -0.231395 0.000000
vt -0.202917 -0.248529 0.000000
vt 0.182261 -0.264051 0.000000
vt -0.160423 -0.277860 0.000000
vt 0.137544 -0.289868 0.000000
vt -0.113773 -0.299996 0.000000
vt 0.089265 -0.308178 0.000000
vt -0.064177 -0.314362 0.000000
vt 0.038674 -0.318506 0.000000
vt -0.012919 -0.320585 0.000000
vn 0.156268 -0.225807 0.961557
vn 0.000000 -0.225807 0.974172
vn 0.141504 -0.264528 0.953940
vn 0.000000 -0.269943 0.962876
vn 0.139757 -0.304610 0.942168
vn 0.000000 -0.315607 0.948890
vn 0.137733 -0.344784 0.928522
vn 0.000000 -0.360990 0.932570
vn 0.135482 -0.383988 0.913344
vn 0.000000 -0.404680 0.914458
vn 0.133062 -0.421462 0.897031
vn 0.000000 -0.445764 0.895151
vn 0.130532 -0.456726 0.879979
vn 0.000000 -0.483786 0.875186
vn 0.127943 -0.489581 0.862520
vn 0.000000 -0.518785 0.854905
vn 0.125321 -0.520128 0.844844
vn 0.122664 -0.548758 0.826933
vn 0.247929 -0.520128 0.817311
vn 0.242673 -0.548758 0.799984
vn 0.365170 -0.520128 0.772087
vn 0.357428 -0.548758 0.755718
vn 0.474506 -0.520128 0.710148
vn 0.464446 -0.548758 0.695093
vn 0.573571 -0.520128 0.632838
vn 0.561411 -0.548758 0.619421
vn 0.660219 -0.520128 0.541828
vn 0.646222 -0.548758 0.530341
vn 0.732576 -0.520128 0.439089
vn 0.717045 -0.548758 0.429780
vn 0.789075 -0.520128 0.326845
vn 0.772346 -0.548758 0.319916
vn 0.828492 -0.520128 0.207526
vn 0.810928 -0.548758 0.203127
vn 0.849975 -0.520128 0.083715
vn 0.831956 -0.548758 0.081940
vn 0.853059 -0.520128 -0.041908
vn 0.834974 -0.548758 -0.041020
vn 0.837677 -0.520128 -0.166624
vn 0.819918 -0.548758 -0.163092
vn 0.804162 -0.520128 -0.287734
vn 0.787113 -0.548758 -0.281634
vn 0.753238 -0.520128 -0.402614
vn 0.737270 -0.548758 -0.394079
vn 0.686010 -0.520128 -0.508780
vn 0.671466 -0.548758 -0.497993
vn 0.603931 -0.520128 -0.603931
vn 0.591128 -0.548758 -0.591128
vn 0.552558 -0.520128 -0.651265
vn 0.540843 -0.548758 -0.637458
vn 0.497487 -0.520128 -0.694243
vn 0.486940 -0.548758 -0.679524
vn 0.439089 -0.520128 -0.732576
vn 0.429780 -0.548758 -0.717045
vn 0.377754 -0.520128 -0.766008
vn 0.369745 -0.548758 -0.749769
vn 0.313891 -0.520128 -0.794317
vn 0.307236 -0.548758 -0.777477
vn 0.247929 -0.520128 -0.817311
vn 0.242673 -0.548758 -0.799984
vn 0.111481 -0.520128 -0.846781
vn 0.109117 -0.548758 -0.828829
vn -0.027945 -0.520128 -0.853631
vn -0.027353 -0.548758 -0.835534
vn -0.166624 -0.520128 -0.837677
vn -0.163092 -0.548758 -0.819918
vn -0.234523 -0.520128 -0.821258
vn -0.229551 -0.548758 -0.803847
vn -0.300853 -0.520128 -0.799346
vn -0.294474 -0.548758 -0.782400
vn -0.365170 -0.520128 -0.772087
vn -0.357428 -0.548758 -0.755718
vn -0.427044 -0.520128 -0.739662
vn -0.417991 -0.548758 -0.723981
vn -0.486062 -0.520128 -0.702290
vn -0.475757 -0.548758 -0.687401
vn -0.541828 -0.520128 -0.660219
vn -0.530341 -0.548758 -0.646222
vn -0.593969 -0.520128 -0.613732
vn -0.581377 -0.548758 -0.600721
vn -0.642137 -0.520128 -0.563139
vn -0.628524 -0.548758 -0.551201
vn -0.686010 -0.520128 -0.508780
vn -0.671466 -0.548758 -0.497993
vn -0.725293 -0.520128 -0.451016
vn -0.709917 -0.548758 -0.441455
vn -0.759725 -0.520128 -0.390236
vn -0.743619 -0.548758 -0.381963
vn -0.789075 -0.520128 -0.326845
vn -0.772346 -0.548758 -0.319916
vn -0.813145 -0.520128 -0.261268
vn -0.795906 -0.548758 -0.255729
vn -0.831777 -0.520128 -0.193943
vn -0.814143 -0.548758 -0.189831
vn -0.852259 -0.520128 -0.055860
vn -0.834191 -0.548758 -0.054676
vn -0.849975 -0.520128 0.083715
vn -0.831956 -0.548758 0.081940
vn -0.824986 -0.520128 0.221054
vn -0.807496 -0.548758 0.216368
vn -0.804162 -0.520128 0.287734
vn -0.787113 -0.548758 0.281634
vn -0.777958 -0.520128 0.352488
vn -0.761465 -0.548758 0.345015
vn -0.746550 -0.520128 0.414885
vn -0.730723 -0.548758 0.406089
vn -0.710148 -0.520128 0.474506
vn -0.695093 -0.548758 0.464446
vn -0.668996 -0.520128 0.530953
vn -0.654813 -0.548758 0.519696
vn -0.623368 -0.520128 0.583848
vn -0.610153 -0.548758 0.571470
vn -0.573571 -0.520128 0.632838
vn -0.561411 -0.548758 0.619421
vn -0.519936 -0.520128 0.677594
vn -0.508913 -0.548758 0.663228
vn -0.462823 -0.520128 0.717817
vn -0.453011 -0.548758 0.702599
vn -0.402614 -0.520128 0.753238
vn -0.394079 -0.548758 0.737270
vn -0.339712 -0.520128 0.783621
vn -0.332510 -0.548758 0.767008
vn -0.274538 -0.520128 0.808762
vn -0.268717 -0.548758 0.791616
vn -0.139127 -0.520128 0.842680
vn -0.136178 -0.548758 0.824815
vn -0.000000 -0.551286 0.834316
vn -0.133147 -0.576105 0.806458
vn -0.000000 -0.582229 0.813025
vn -0.129938 -0.603086 0.787022
vn -0.000000 -0.613048 0.790045
vn -0.126369 -0.631020 0.765405
vn -0.000000 -0.645913 0.763411
vn -0.122116 -0.661825 0.739645
vn -0.000000 -0.684189 0.729305
vn -0.116585 -0.698401 0.706147
vn -0.000000 -0.733469 0.679723
vn -0.108588 -0.745403 0.657711
vn -0.000000 -0.803456 0.595364
vn -0.095445 -0.810362 0.578104
vn -0.000000 -0.906877 0.421396
vn -0.066928 -0.911696 0.405378
vn -0.000000 -0.966387 0.257090
vn -0.040528 -0.968555 0.245475
vn -0.000025 -1.000000 0.000150
vn 0.119934 -0.576105 0.808529
vn 0.237272 -0.576105 0.782180
vn 0.349473 -0.576105 0.738899
vn 0.454110 -0.576105 0.679623
vn 0.548916 -0.576105 0.605635
vn 0.631840 -0.576105 0.518538
vn 0.701087 -0.576105 0.420215
vn 0.755157 -0.576105 0.312796
vn 0.792880 -0.576105 0.198606
vn 0.813440 -0.576105 0.080117
vn 0.816391 -0.576105 -0.040107
vn 0.801670 -0.576105 -0.159462
vn 0.769595 -0.576105 -0.275366
vn 0.720861 -0.576105 -0.385308
vn 0.656522 -0.576105 -0.486910
vn 0.577972 -0.576105 -0.577972
vn 0.528806 -0.576105 -0.623271
vn 0.476103 -0.576105 -0.664401
vn 0.420215 -0.576105 -0.701087
vn 0.361516 -0.576105 -0.733082
vn 0.300399 -0.576105 -0.760173
vn 0.237272 -0.576105 -0.782180
vn 0.106689 -0.576105 -0.810383
vn -0.026744 -0.576105 -0.816938
vn -0.159462 -0.576105 -0.801670
vn -0.224442 -0.576105 -0.785957
vn -0.287921 -0.576105 -0.764987
vn -0.349473 -0.576105 -0.738899
vn -0.408688 -0.576105 -0.707868
vn -0.465169 -0.576105 -0.672102
vn -0.518538 -0.576105 -0.631840
vn -0.568438 -0.576105 -0.587351
vn -0.614536 -0.576105 -0.538933
vn -0.656522 -0.576105 -0.486910
vn -0.694117 -0.576105 -0.431630
vn -0.727069 -0.576105 -0.373462
vn -0.755157 -0.576105 -0.312796
vn -0.778193 -0.576105 -0.250038
vn -0.796023 -0.576105 -0.185607
vn -0.815626 -0.576105 -0.053459
vn -0.813440 -0.576105 0.080117
vn -0.789524 -0.576105 0.211552
vn -0.769595 -0.576105 0.275366
vn -0.744518 -0.576105 0.337337
vn -0.714460 -0.576105 0.397051
vn -0.679623 -0.576105 0.454110
vn -0.640240 -0.576105 0.508130
vn -0.596573 -0.576105 0.558752
vn -0.548916 -0.576105 0.605635
vn -0.497587 -0.576105 0.648468
vn -0.442929 -0.576105 0.686962
vn -0.385308 -0.576105 0.720861
vn -0.325110 -0.576105 0.749938
vn -0.262737 -0.576105 0.773998
vn 0.117043 -0.603086 0.789043
vn 0.231553 -0.603086 0.763329
vn 0.341051 -0.603086 0.721091
vn 0.443165 -0.603086 0.663244
vn 0.535687 -0.603086 0.591039
vn 0.616612 -0.603086 0.506040
vn 0.684190 -0.603086 0.410088
vn 0.736957 -0.603086 0.305257
vn 0.773771 -0.603086 0.193820
vn 0.793835 -0.603086 0.078186
vn 0.796715 -0.603086 -0.039140
vn 0.782349 -0.603086 -0.155619
vn 0.751047 -0.603086 -0.268729
vn 0.703488 -0.603086 -0.376022
vn 0.640700 -0.603086 -0.475175
vn 0.564042 -0.603086 -0.564042
vn 0.516062 -0.603086 -0.608250
vn 0.464629 -0.603086 -0.648388
vn 0.410088 -0.603086 -0.684190
vn 0.352803 -0.603086 -0.715414
vn 0.293159 -0.603086 -0.741853
vn 0.231553 -0.603086 -0.763329
vn 0.104118 -0.603086 -0.790852
vn -0.026099 -0.603086 -0.797249
vn -0.155619 -0.603086 -0.782349
vn -0.219033 -0.603086 -0.767015
vn -0.280981 -0.603086 -0.746550
vn -0.341051 -0.603086 -0.721091
vn -0.398838 -0.603086 -0.690808
vn -0.453958 -0.603086 -0.655904
vn -0.506040 -0.603086 -0.616612
vn -0.554738 -0.603086 -0.573195
vn -0.599725 -0.603086 -0.525944
vn -0.640700 -0.603086 -0.475175
vn -0.677388 -0.603086 -0.421227
vn -0.709546 -0.603086 -0.364461
vn -0.736957 -0.603086 -0.305257
vn -0.759438 -0.603086 -0.244012
vn -0.776838 -0.603086 -0.181133
vn -0.795968 -0.603086 -0.052171
vn -0.793835 -0.603086 0.078186
vn -0.770496 -0.603086 0.206454
vn -0.751047 -0.603086 0.268729
vn -0.726574 -0.603086 0.329207
vn -0.697241 -0.603086 0.387482
vn -0.663244 -0.603086 0.443165
vn -0.624809 -0.603086 0.495884
vn -0.582195 -0.603086 0.545285
vn -0.535687 -0.603086 0.591039
vn -0.485595 -0.603086 0.632839
vn -0.432254 -0.603086 0.670406
vn -0.376022 -0.603086 0.703488
vn -0.317274 -0.603086 0.731864
vn -0.256405 -0.603086 0.755344
vn 0.113829 -0.631020 0.767370
vn 0.225193 -0.631020 0.742362
vn 0.331683 -0.631020 0.701284
vn 0.430993 -0.631020 0.645026
vn 0.520973 -0.631020 0.574805
vn 0.599675 -0.631020 0.492141
vn 0.665397 -0.631020 0.398824
vn 0.716714 -0.631020 0.296873
vn 0.752517 -0.631020 0.188496
vn 0.772031 -0.631020 0.076038
vn 0.774832 -0.631020 -0.038065
vn 0.760860 -0.631020 -0.151344
vn 0.730418 -0.631020 -0.261348
vn 0.684165 -0.631020 -0.365694
vn 0.623101 -0.631020 -0.462123
vn 0.548550 -0.631020 -0.548550
vn 0.501887 -0.631020 -0.591543
vn 0.451866 -0.631020 -0.630579
vn 0.398824 -0.631020 -0.665397
vn 0.343113 -0.631020 -0.695764
vn 0.285106 -0.631020 -0.721476
vn 0.225193 -0.631020 -0.742362
vn 0.101258 -0.631020 -0.769129
vn -0.025382 -0.631020 -0.775351
vn -0.151344 -0.631020 -0.760860
vn -0.213017 -0.631020 -0.745947
vn -0.273264 -0.631020 -0.726044
vn -0.331683 -0.631020 -0.701284
vn -0.387883 -0.631020 -0.671833
vn -0.441489 -0.631020 -0.637888
vn -0.492141 -0.631020 -0.599675
vn -0.539501 -0.631020 -0.557451
vn -0.583252 -0.631020 -0.511498
vn -0.623101 -0.631020 -0.462123
vn -0.658782 -0.631020 -0.409657
vn -0.690056 -0.631020 -0.354451
vn -0.716714 -0.631020 -0.296873
vn -0.738578 -0.631020 -0.237309
vn -0.755501 -0.631020 -0.176158
vn -0.774105 -0.631020 -0.050738
vn -0.772031 -0.631020 0.076038
vn -0.749333 -0.631020 0.200783
vn -0.730418 -0.631020 0.261348
vn -0.706617 -0.631020 0.320164
vn -0.678090 -0.631020 0.376839
vn -0.645026 -0.631020 0.430993
vn -0.607647 -0.631020 0.482263
vn -0.566204 -0.631020 0.530308
vn -0.520973 -0.631020 0.574805
vn -0.472257 -0.631020 0.615457
vn -0.420381 -0.631020 0.651991
vn -0.365694 -0.631020 0.684165
vn -0.308560 -0.631020 0.711761
vn -0.249362 -0.631020 0.734596
vn 0.109998 -0.661825 0.741544
vn 0.217614 -0.661825 0.717378
vn 0.320520 -0.661825 0.677683
vn 0.416488 -0.661825 0.623318
vn 0.503440 -0.661825 0.555460
vn 0.579493 -0.661825 0.475578
vn 0.643003 -0.661825 0.385401
vn 0.692594 -0.661825 0.286882
vn 0.727192 -0.661825 0.182152
vn 0.746048 -0.661825 0.073479
vn 0.748755 -0.661825 -0.036784
vn 0.735254 -0.661825 -0.146251
vn 0.705836 -0.661825 -0.252552
vn 0.661139 -0.661825 -0.353386
vn 0.602131 -0.661825 -0.446571
vn 0.530088 -0.661825 -0.530088
vn 0.484996 -0.661825 -0.571635
vn 0.436659 -0.661825 -0.609357
vn 0.385401 -0.661825 -0.643003
vn 0.331565 -0.661825 -0.672348
vn 0.275511 -0.661825 -0.697195
vn 0.217614 -0.661825 -0.717378
vn 0.097850 -0.661825 -0.743245
vn -0.024528 -0.661825 -0.749257
vn -0.146251 -0.661825 -0.735254
vn -0.205848 -0.661825 -0.720842
vn -0.264067 -0.661825 -0.701609
vn -0.320520 -0.661825 -0.677683
vn -0.374829 -0.661825 -0.649223
vn -0.426630 -0.661825 -0.616420
vn -0.475578 -0.661825 -0.579493
vn -0.521344 -0.661825 -0.538690
vn -0.563623 -0.661825 -0.494284
vn -0.602131 -0.661825 -0.446571
vn -0.636611 -0.661825 -0.395870
vn -0.666833 -0.661825 -0.342522
vn -0.692594 -0.661825 -0.286882
vn -0.713721 -0.661825 -0.229323
vn -0.730075 -0.661825 -0.170230
vn -0.748053 -0.661825 -0.049030
vn -0.746048 -0.661825 0.073479
vn -0.724114 -0.661825 0.194026
vn -0.705836 -0.661825 0.252552
vn -0.682836 -0.661825 0.309389
vn -0.655269 -0.661825 0.364156
vn -0.623318 -0.661825 0.416488
vn -0.587197 -0.661825 0.466033
vn -0.547148 -0.661825 0.512460
vn -0.503440 -0.661825 0.555460
vn -0.456363 -0.661825 0.594744
vn -0.406233 -0.661825 0.630049
vn -0.353386 -0.661825 0.661139
vn -0.298175 -0.661825 0.687807
vn -0.240970 -0.661825 0.709874
vn 0.105016 -0.698401 0.707960
vn 0.207759 -0.698401 0.684889
vn 0.306004 -0.698401 0.646991
vn 0.397625 -0.698401 0.595088
vn 0.480639 -0.698401 0.530304
vn 0.553249 -0.698401 0.454040
vn 0.613882 -0.698401 0.367947
vn 0.661227 -0.698401 0.273889
vn 0.694258 -0.698401 0.173903
vn 0.712260 -0.698401 0.070152
vn 0.714845 -0.698401 -0.035118
vn 0.701955 -0.698401 -0.139627
vn 0.673869 -0.698401 -0.241114
vn 0.631197 -0.698401 -0.337382
vn 0.574861 -0.698401 -0.426346
vn 0.506081 -0.698401 -0.506081
vn 0.463031 -0.698401 -0.545746
vn 0.416883 -0.698401 -0.581760
vn 0.367947 -0.698401 -0.613882
vn 0.316549 -0.698401 -0.641898
vn 0.263034 -0.698401 -0.665620
vn 0.207759 -0.698401 -0.684889
vn 0.093418 -0.698401 -0.709584
vn -0.023417 -0.698401 -0.715324
vn -0.139627 -0.698401 -0.701955
vn -0.196525 -0.698401 -0.688196
vn -0.252108 -0.698401 -0.669834
vn -0.306004 -0.698401 -0.646991
vn -0.357853 -0.698401 -0.619820
vn -0.407309 -0.698401 -0.588503
vn -0.454040 -0.698401 -0.553249
vn -0.497733 -0.698401 -0.514294
vn -0.538097 -0.698401 -0.471898
vn -0.574861 -0.698401 -0.426346
vn -0.607780 -0.698401 -0.377942
vn -0.636633 -0.698401 -0.327009
vn -0.661227 -0.698401 -0.273889
vn -0.681398 -0.698401 -0.218937
vn -0.697010 -0.698401 -0.162520
vn -0.714174 -0.698401 -0.046809
vn -0.712260 -0.698401 0.070152
vn -0.691320 -0.698401 0.185239
vn -0.673869 -0.698401 0.241114
vn -0.651911 -0.698401 0.295377
vn -0.625592 -0.698401 0.347664
vn -0.595088 -0.698401 0.397625
vn -0.560604 -0.698401 0.444927
vn -0.522369 -0.698401 0.489252
vn -0.480639 -0.698401 0.530304
vn -0.435695 -0.698401 0.567808
vn -0.387835 -0.698401 0.601515
vn -0.337382 -0.698401 0.631197
vn -0.284671 -0.698401 0.656657
vn -0.230056 -0.698401 0.677724
vn 0.097813 -0.745403 0.659399
vn 0.193508 -0.745403 0.637910
vn 0.285014 -0.745403 0.602612
vn 0.370351 -0.745403 0.554270
vn 0.447671 -0.745403 0.493929
vn 0.515300 -0.745403 0.422896
vn 0.571774 -0.745403 0.342708
vn 0.615871 -0.745403 0.255102
vn 0.646637 -0.745403 0.161974
vn 0.663404 -0.745403 0.065340
vn 0.665811 -0.745403 -0.032709
vn 0.653806 -0.745403 -0.130050
vn 0.627647 -0.745403 -0.224576
vn 0.587901 -0.745403 -0.314240
vn 0.535430 -0.745403 -0.397102
vn 0.471368 -0.745403 -0.471368
vn 0.431270 -0.745403 -0.508312
vn 0.388288 -0.745403 -0.541855
vn 0.342708 -0.745403 -0.571774
vn 0.294836 -0.745403 -0.597868
vn 0.244991 -0.745403 -0.619963
vn 0.193508 -0.745403 -0.637910
vn 0.087011 -0.745403 -0.660911
vn -0.021811 -0.745403 -0.666257
vn -0.130050 -0.745403 -0.653806
vn -0.183045 -0.745403 -0.640991
vn -0.234815 -0.745403 -0.623888
vn -0.285014 -0.745403 -0.602612
vn -0.333307 -0.745403 -0.577305
vn -0.379370 -0.745403 -0.548136
vn -0.422896 -0.745403 -0.515300
vn -0.463592 -0.745403 -0.479017
vn -0.501187 -0.745403 -0.439529
vn -0.535430 -0.745403 -0.397102
vn -0.566090 -0.745403 -0.352018
vn -0.592964 -0.745403 -0.304579
vn -0.615871 -0.745403 -0.255102
vn -0.634659 -0.745403 -0.203919
vn -0.649200 -0.745403 -0.151372
vn -0.665187 -0.745403 -0.043599
vn -0.663404 -0.745403 0.065340
vn -0.643900 -0.745403 0.172532
vn -0.627647 -0.745403 0.224576
vn -0.607195 -0.745403 0.275116
vn -0.582681 -0.745403 0.323817
vn -0.554270 -0.745403 0.370351
vn -0.522150 -0.745403 0.414408
vn -0.486538 -0.745403 0.455692
vn -0.447671 -0.745403 0.493929
vn -0.405809 -0.745403 0.528861
vn -0.361233 -0.745403 0.560255
vn -0.314240 -0.745403 0.587901
vn -0.265145 -0.745403 0.611615
vn -0.214276 -0.745403 0.631237
vn 0.085974 -0.810362 0.579588
vn 0.170087 -0.810362 0.560700
vn 0.250517 -0.810362 0.529675
vn 0.325525 -0.810362 0.487183
vn 0.393487 -0.810362 0.434146
vn 0.452930 -0.810362 0.371710
vn 0.502569 -0.810362 0.301228
vn 0.541329 -0.810362 0.224226
vn 0.568371 -0.810362 0.142369
vn 0.583109 -0.810362 0.057431
vn 0.585224 -0.810362 -0.028750
vn 0.574672 -0.810362 -0.114309
vn 0.551679 -0.810362 -0.197394
vn 0.516744 -0.810362 -0.276206
vn 0.470624 -0.810362 -0.349038
vn 0.414315 -0.810362 -0.414315
vn 0.379071 -0.810362 -0.446788
vn 0.341291 -0.810362 -0.476271
vn 0.301228 -0.810362 -0.502569
vn 0.259150 -0.810362 -0.525505
vn 0.215339 -0.810362 -0.544925
vn 0.170087 -0.810362 -0.560700
vn 0.076479 -0.810362 -0.580918
vn -0.019171 -0.810362 -0.585617
vn -0.114309 -0.810362 -0.574672
vn -0.160890 -0.810362 -0.563408
vn -0.206394 -0.810362 -0.548376
vn -0.250517 -0.810362 -0.529675
vn -0.292965 -0.810362 -0.507430
vn -0.333453 -0.810362 -0.481792
vn -0.371710 -0.810362 -0.452930
vn -0.407481 -0.810362 -0.421039
vn -0.440526 -0.810362 -0.386331
vn -0.470624 -0.810362 -0.349038
vn -0.497573 -0.810362 -0.309411
vn -0.521194 -0.810362 -0.267714
vn -0.541329 -0.810362 -0.224226
vn -0.557842 -0.810362 -0.179238
vn -0.570624 -0.810362 -0.133051
vn -0.584676 -0.810362 -0.038322
vn -0.583109 -0.810362 0.057431
vn -0.565965 -0.810362 0.151650
vn -0.551679 -0.810362 0.197394
vn -0.533703 -0.810362 0.241818
vn -0.512156 -0.810362 0.284623
vn -0.487183 -0.810362 0.325525
vn -0.458951 -0.810362 0.364250
vn -0.427649 -0.810362 0.400537
vn -0.393487 -0.810362 0.434146
vn -0.356692 -0.810362 0.464850
vn -0.317511 -0.810362 0.492444
vn -0.276206 -0.810362 0.516744
vn -0.233053 -0.810362 0.537588
vn -0.188341 -0.810362 0.554835
vn 0.060287 -0.911696 0.406419
vn 0.119268 -0.911696 0.393174
vn 0.175668 -0.911696 0.371418
vn 0.228265 -0.911696 0.341623
vn 0.275921 -0.911696 0.304432
vn 0.317604 -0.911696 0.260651
vn 0.352411 -0.911696 0.211227
vn 0.379591 -0.911696 0.157232
vn 0.398553 -0.911696 0.099832
vn 0.408888 -0.911696 0.040272
vn 0.410371 -0.911696 -0.020160
vn 0.402971 -0.911696 -0.080156
vn 0.386848 -0.911696 -0.138417
vn 0.362351 -0.911696 -0.193681
vn 0.330011 -0.911696 -0.244753
vn 0.290526 -0.911696 -0.290526
vn 0.265812 -0.911696 -0.313296
vn 0.239320 -0.911696 -0.333971
vn 0.211227 -0.911696 -0.352411
vn 0.181721 -0.911696 -0.368494
vn 0.151000 -0.911696 -0.382112
vn 0.119268 -0.911696 -0.393174
vn 0.053629 -0.911696 -0.407351
vn -0.013443 -0.911696 -0.410646
vn -0.080156 -0.911696 -0.402971
vn -0.112819 -0.911696 -0.395073
vn -0.144728 -0.911696 -0.384532
vn -0.175668 -0.911696 -0.371418
vn -0.205433 -0.911696 -0.355820
vn -0.233824 -0.911696 -0.337842
vn -0.260651 -0.911696 -0.317604
vn -0.285734 -0.911696 -0.295241
vn -0.308905 -0.911696 -0.270903
vn -0.330011 -0.911696 -0.244753
vn -0.348908 -0.911696 -0.216965
vn -0.365472 -0.911696 -0.187726
vn -0.379591 -0.911696 -0.157232
vn -0.391170 -0.911696 -0.125685
vn -0.400133 -0.911696 -0.093298
vn -0.409986 -0.911696 -0.026872
vn -0.408888 -0.911696 0.040272
vn -0.396866 -0.911696 0.106340
vn -0.386848 -0.911696 0.138417
vn -0.374243 -0.911696 0.169567
vn -0.359134 -0.911696 0.199584
vn -0.341623 -0.911696 0.228265
vn -0.321826 -0.911696 0.255419
vn -0.299876 -0.911696 0.280865
vn -0.275921 -0.911696 0.304432
vn -0.250119 -0.911696 0.325962
vn -0.222645 -0.911696 0.345312
vn -0.193681 -0.911696 0.362351
vn -0.163421 -0.911696 0.376967
vn -0.132069 -0.911696 0.389061
vn 0.036506 -0.968555 0.246105
vn 0.072222 -0.968555 0.238085
vn 0.106375 -0.968555 0.224911
vn 0.138225 -0.968555 0.206868
vn 0.167082 -0.968555 0.184347
vn 0.192323 -0.968555 0.157836
vn 0.213401 -0.968555 0.127908
vn 0.229859 -0.968555 0.095211
vn 0.241342 -0.968555 0.060453
vn 0.247600 -0.968555 0.024386
vn 0.248498 -0.968555 -0.012208
vn 0.244017 -0.968555 -0.048538
vn 0.234254 -0.968555 -0.083817
vn 0.219420 -0.968555 -0.117282
vn 0.199836 -0.968555 -0.148209
vn 0.175927 -0.968555 -0.175927
vn 0.160961 -0.968555 -0.189715
vn 0.144919 -0.968555 -0.202234
vn 0.127908 -0.968555 -0.213401
vn 0.110040 -0.968555 -0.223140
vn 0.091437 -0.968555 -0.231386
vn 0.072222 -0.968555 -0.238085
vn 0.032475 -0.968555 -0.246669
vn -0.008140 -0.968555 -0.248665
vn -0.048538 -0.968555 -0.244017
vn -0.068317 -0.968555 -0.239234
vn -0.087639 -0.968555 -0.232851
vn -0.106375 -0.968555 -0.224911
vn -0.124399 -0.968555 -0.215465
vn -0.141591 -0.968555 -0.204578
vn -0.157836 -0.968555 -0.192323
vn -0.173025 -0.968555 -0.178781
vn -0.187056 -0.968555 -0.164044
vn -0.199836 -0.968555 -0.148209
vn -0.211280 -0.968555 -0.131382
vn -0.221310 -0.968555 -0.113677
vn -0.229859 -0.968555 -0.095211
vn -0.236871 -0.968555 -0.076108
vn -0.242298 -0.968555 -0.056496
vn -0.248265 -0.968555 -0.016272
vn -0.247600 -0.968555 0.024386
vn -0.240320 -0.968555 0.064394
vn -0.234254 -0.968555 0.083817
vn -0.226621 -0.968555 0.102681
vn -0.217472 -0.968555 0.120857
vn -0.206868 -0.968555 0.138225
vn -0.194880 -0.968555 0.154668
vn -0.181589 -0.968555 0.170076
vn -0.167082 -0.968555 0.184347
vn -0.151458 -0.968555 0.197385
vn -0.134821 -0.968555 0.209102
vn -0.117282 -0.968555 0.219420
vn -0.098959 -0.968555 0.228271
vn -0.079973 -0.968555 0.235594
vn 0.000000 -1.000000 0.000152
vn -0.142038 -0.489581 0.860311
vn -0.144913 -0.456726 0.877725
vn -0.147721 -0.421462 0.894734
vn -0.150408 -0.383988 0.911005
vn -0.152907 -0.344784 0.926144
vn -0.155154 -0.304610 0.939755
vn -0.157093 -0.264528 0.951497
vn -0.156268 -0.225807 0.961557
vn -0.308489 -0.225807 0.924038
vn -0.309989 -0.264528 0.913199
vn -0.306164 -0.304610 0.901929
vn -0.378846 -0.304610 0.873893
vn -0.373359 -0.344784 0.861236
vn -0.442492 -0.344784 0.827844
vn -0.435258 -0.383988 0.814311
vn -0.500349 -0.383988 0.776018
vn -0.491412 -0.421462 0.762157
vn -0.552053 -0.421462 0.719449
vn -0.541559 -0.456726 0.705773
vn -0.597424 -0.456726 0.659155
vn -0.585571 -0.489581 0.646078
vn -0.636411 -0.489581 0.596064
vn -0.383580 -0.264528 0.884812
vn -0.452720 -0.225807 0.862586
vn -0.454605 -0.264528 0.850505
vn -0.522588 -0.264528 0.810510
vn -0.516139 -0.304610 0.800508
vn -0.579831 -0.304610 0.755651
vn -0.571433 -0.344784 0.744707
vn -0.630380 -0.344784 0.695518
vn -0.620076 -0.383988 0.684148
vn -0.673911 -0.383988 0.631187
vn -0.661874 -0.421462 0.619913
vn -0.710320 -0.421462 0.563750
vn -0.696818 -0.456726 0.553034
vn -0.739681 -0.456726 0.494239
vn -0.725006 -0.489581 0.484434
vn -0.762170 -0.489581 0.423565
vn -0.585226 -0.225807 0.778795
vn -0.587076 -0.264528 0.765093
vn -0.639645 -0.304610 0.705739
vn -0.685110 -0.344784 0.641676
vn -0.723238 -0.383988 0.574003
vn -0.754015 -0.421462 0.503817
vn -0.777597 -0.456726 0.432139
vn -0.794235 -0.489581 0.359863
vn -0.647637 -0.264528 0.714557
vn -0.702575 -0.225807 0.674833
vn -0.703865 -0.264528 0.659241
vn -0.755385 -0.264528 0.599516
vn -0.746063 -0.304610 0.592118
vn -0.791956 -0.304610 0.529168
vn -0.780486 -0.344784 0.521504
vn -0.820493 -0.344784 0.455977
vn -0.807081 -0.383988 0.448524
vn -0.841035 -0.383988 0.381068
vn -0.826013 -0.421462 0.374262
vn -0.853836 -0.421462 0.305507
vn -0.837604 -0.456726 0.299700
vn -0.859295 -0.456726 0.230247
vn -0.842246 -0.489581 0.225679
vn -0.867759 -0.489581 0.085467
vn -0.801728 -0.225807 0.553393
vn -0.801851 -0.264528 0.535780
vn -0.832551 -0.304610 0.462679
vn -0.855012 -0.344784 0.387401
vn -0.869363 -0.383988 0.311063
vn -0.875946 -0.421462 0.234709
vn -0.885324 -0.456726 0.087197
vn -0.870091 -0.489581 -0.057029
vn -0.842954 -0.264528 0.468460
vn -0.880116 -0.225807 0.417620
vn -0.878417 -0.264528 0.398006
vn -0.908004 -0.264528 0.324889
vn -0.896799 -0.304610 0.320880
vn -0.920022 -0.304610 0.246519
vn -0.906697 -0.344784 0.242949
vn -0.934162 -0.344784 0.092007
vn -0.918892 -0.383988 0.090503
vn -0.921361 -0.383988 -0.060389
vn -0.904904 -0.421462 -0.059311
vn -0.883156 -0.421462 -0.205923
vn -0.866368 -0.456726 -0.202009
vn -0.846962 -0.456726 -0.272134
vn -0.830158 -0.489581 -0.266735
vn -0.805584 -0.489581 -0.333684
vn -0.935710 -0.225807 0.271032
vn -0.931518 -0.264528 0.249599
vn -0.947891 -0.304610 0.093359
vn -0.936672 -0.344784 -0.061393
vn -0.899218 -0.383988 -0.209668
vn -0.863374 -0.421462 -0.277407
vn -0.821890 -0.456726 -0.340438
vn -0.775620 -0.489581 -0.398401
vn -0.967069 -0.225807 0.117423
vn -0.959734 -0.264528 0.094526
vn -0.950438 -0.304610 -0.062295
vn -0.914161 -0.344784 -0.213152
vn -0.879076 -0.383988 -0.282452
vn -0.837817 -0.421462 -0.347035
vn -0.791320 -0.456726 -0.406465
vn -0.740468 -0.489581 -0.460453
vn -0.973382 -0.225807 -0.039226
vn -0.962313 -0.264528 -0.063073
vn -0.927596 -0.304610 -0.216285
vn -0.893684 -0.344784 -0.287146
vn -0.853053 -0.383988 -0.353346
vn -0.806654 -0.421462 -0.414341
vn -0.755456 -0.456726 -0.469773
vn -0.700363 -0.489581 -0.519425
vn -0.954485 -0.225807 -0.194859
vn -0.939186 -0.264528 -0.218987
vn -0.906818 -0.304610 -0.291366
vn -0.867229 -0.344784 -0.359218
vn -0.821324 -0.383988 -0.421877
vn -0.770096 -0.421462 -0.478876
vn -0.714539 -0.456726 -0.529938
vn -0.655573 -0.489581 -0.574922
vn -0.918148 -0.264528 -0.295006
vn -0.910867 -0.225807 -0.345446
vn -0.890969 -0.264528 -0.369051
vn -0.857830 -0.264528 -0.440628
vn -0.847244 -0.304610 -0.435191
vn -0.808846 -0.304610 -0.502973
vn -0.797131 -0.344784 -0.495688
vn -0.753956 -0.344784 -0.559172
vn -0.741632 -0.383988 -0.550032
vn -0.694202 -0.383988 -0.608799
vn -0.681803 -0.421462 -0.597925
vn -0.630659 -0.421462 -0.651643
vn -0.618671 -0.456726 -0.639255
vn -0.564361 -0.456726 -0.687676
vn -0.553164 -0.489581 -0.674032
vn -0.496231 -0.489581 -0.716983
vn -0.843658 -0.225807 -0.487086
vn -0.818952 -0.264528 -0.509257
vn -0.765037 -0.304610 -0.567390
vn -0.705739 -0.344784 -0.618916
vn -0.642129 -0.383988 -0.663494
vn -0.575297 -0.421462 -0.701001
vn -0.506276 -0.456726 -0.731496
vn -0.435979 -0.489581 -0.755138
vn -0.774596 -0.264528 -0.574479
vn -0.754598 -0.225807 -0.616111
vn -0.725058 -0.264528 -0.635859
vn -0.670670 -0.264528 -0.692984
vn -0.662393 -0.304610 -0.684433
vn -0.604245 -0.304610 -0.736275
vn -0.595494 -0.344784 -0.725611
vn -0.534204 -0.344784 -0.771848
vn -0.525472 -0.383988 -0.759231
vn -0.461669 -0.383988 -0.799634
vn -0.453423 -0.421462 -0.785352
vn -0.387727 -0.421462 -0.819779
vn -0.380356 -0.456726 -0.804195
vn -0.313364 -0.456726 -0.832589
vn -0.307147 -0.489581 -0.816070
vn -0.239430 -0.489581 -0.838441
vn -0.645996 -0.225807 -0.729178
vn -0.611795 -0.264528 -0.745474
vn -0.542055 -0.304610 -0.783192
vn -0.469341 -0.344784 -0.812923
vn -0.394778 -0.383988 -0.834688
vn -0.319437 -0.421462 -0.848723
vn -0.244276 -0.456726 -0.855412
vn -0.170111 -0.489581 -0.855203
vn -0.548828 -0.264528 -0.792977
vn -0.520662 -0.225807 -0.823361
vn -0.482189 -0.264528 -0.835176
vn -0.381843 -0.225807 -0.896218
vn -0.412325 -0.264528 -0.871787
vn -0.339702 -0.264528 -0.902567
vn -0.335510 -0.304610 -0.891429
vn -0.261539 -0.304610 -0.915866
vn -0.257751 -0.344784 -0.902601
vn -0.183128 -0.344784 -0.920646
vn -0.180134 -0.383988 -0.905596
vn -0.030211 -0.383988 -0.922844
vn -0.029671 -0.421462 -0.906361
vn 0.118367 -0.421462 -0.899088
vn 0.116117 -0.456726 -0.881997
vn 0.258239 -0.456726 -0.851301
vn 0.253116 -0.489581 -0.834412
vn 0.320458 -0.489581 -0.810936
vn -0.233135 -0.225807 -0.945864
vn -0.264807 -0.264528 -0.927309
vn -0.185819 -0.304610 -0.934176
vn -0.030713 -0.344784 -0.938179
vn 0.120520 -0.383988 -0.915439
vn 0.263244 -0.421462 -0.867798
vn 0.326945 -0.456726 -0.827350
vn 0.385657 -0.489581 -0.782035
vn -0.188141 -0.264528 -0.945848
vn -0.078388 -0.225807 -0.971013
vn -0.031554 -0.264528 -0.963862
vn 0.078388 -0.225807 -0.971013
vn 0.125877 -0.264528 -0.956128
vn 0.233135 -0.225807 -0.945864
vn 0.279944 -0.264528 -0.922852
vn 0.381843 -0.225807 -0.896218
vn 0.354424 -0.264528 -0.896888
vn 0.426533 -0.264528 -0.864924
vn 0.421270 -0.304610 -0.854251
vn 0.489671 -0.304610 -0.816967
vn 0.482579 -0.344784 -0.805134
vn 0.546761 -0.344784 -0.763005
vn 0.537824 -0.383988 -0.750532
vn 0.597359 -0.383988 -0.704070
vn 0.586690 -0.421462 -0.691495
vn 0.641237 -0.421462 -0.641237
vn 0.629047 -0.456726 -0.629047
vn 0.714539 -0.456726 -0.529938
vn 0.700363 -0.489581 -0.519425
vn 0.768998 -0.489581 -0.411038
vn 0.520662 -0.225807 -0.823361
vn 0.495789 -0.264528 -0.827175
vn 0.554797 -0.304610 -0.774218
vn 0.607286 -0.344784 -0.715771
vn 0.652898 -0.383988 -0.652898
vn 0.728386 -0.421462 -0.540208
vn 0.784564 -0.456726 -0.419358
vn 0.820987 -0.489581 -0.293754
vn 0.561729 -0.264528 -0.783891
vn 0.645996 -0.225807 -0.729178
vn 0.623910 -0.264528 -0.735364
vn 0.681918 -0.264528 -0.681918
vn 0.673503 -0.304610 -0.673503
vn 0.765037 -0.304610 -0.567390
vn 0.753956 -0.344784 -0.559172
vn 0.827844 -0.344784 -0.442492
vn 0.814311 -0.383988 -0.435258
vn 0.869363 -0.383988 -0.311063
vn 0.853836 -0.421462 -0.305507
vn 0.889421 -0.421462 -0.176917
vn 0.872514 -0.456726 -0.173554
vn 0.888536 -0.456726 -0.043651
vn 0.870907 -0.489581 -0.042785
vn 0.867759 -0.489581 0.085467
vn 0.754598 -0.225807 -0.616111
vn 0.774596 -0.264528 -0.574479
vn 0.840010 -0.304610 -0.448995
vn 0.883811 -0.344784 -0.316232
vn 0.905596 -0.383988 -0.180134
vn 0.905754 -0.421462 -0.044497
vn 0.885324 -0.456726 0.087197
vn 0.845826 -0.489581 0.211868
vn 0.843658 -0.225807 -0.487086
vn 0.850505 -0.264528 -0.454605
vn 0.896799 -0.304610 -0.320880
vn 0.920646 -0.344784 -0.183128
vn 0.922226 -0.383988 -0.045306
vn 0.902479 -0.421462 0.088886
vn 0.862947 -0.456726 0.216157
vn 0.805584 -0.489581 0.333684
vn 0.910867 -0.225807 -0.345446
vn 0.908004 -0.264528 -0.324889
vn 0.934176 -0.304610 -0.185819
vn 0.937551 -0.344784 -0.046059
vn 0.918892 -0.383988 0.090503
vn 0.879669 -0.421462 0.220346
vn 0.821890 -0.456726 0.340438
vn 0.747903 -0.489581 0.448276
vn 0.954485 -0.225807 -0.194859
vn 0.945848 -0.264528 -0.188141
vn 0.951330 -0.304610 -0.046736
vn 0.934162 -0.344784 0.092007
vn 0.895667 -0.383988 0.224353
vn 0.837817 -0.421462 0.347035
vn 0.763042 -0.456726 0.457350
vn 0.674032 -0.489581 0.553164
vn 0.963216 -0.264528 -0.047320
vn 0.973382 -0.225807 -0.039226
vn 0.959734 -0.264528 0.094526
vn 0.967069 -0.225807 0.117423
vn 0.935477 -0.264528 0.234325
vn 0.935710 -0.225807 0.271032
vn 0.890969 -0.264528 0.369051
vn 0.880116 -0.225807 0.417620
vn 0.827175 -0.264528 0.495789
vn 0.801728 -0.225807 0.553393
vn 0.745474 -0.264528 0.611795
vn 0.702575 -0.225807 0.674833
vn 0.647637 -0.264528 0.714557
vn 0.585226 -0.225807 0.778795
vn 0.535780 -0.264528 0.801851
vn 0.452720 -0.225807 0.862586
vn 0.412325 -0.264528 0.871787
vn 0.308489 -0.225807 0.924038
vn 0.279944 -0.264528 0.922852
vn 0.000022 -1.000000 0.000150
vn 0.000044 -1.000000 0.000145
vn 0.000065 -1.000000 0.000137
vn 0.000084 -1.000000 0.000126
vn 0.000102 -1.000000 0.000112
vn 0.000117 -1.000000 0.000096
vn 0.000130 -1.000000 0.000078
vn 0.000140 -1.000000 0.000058
vn 0.000147 -1.000000 0.000037
vn 0.000151 -1.000000 0.000015
vn 0.000151 -1.000000 -0.000007
vn 0.000149 -1.000000 -0.000030
vn 0.000143 -1.000000 -0.000051
vn 0.000122 -1.000000 -0.000090
vn 0.000107 -1.000000 -0.000107
vn 0.000098 -1.000000 -0.000116
vn 0.000088 -1.000000 -0.000123
vn 0.000078 -1.000000 -0.000130
vn 0.000067 -1.000000 -0.000136
vn 0.000056 -1.000000 -0.000141
vn 0.000044 -1.000000 -0.000145
vn 0.000020 -1.000000 -0.000150
vn -0.000005 -1.000000 -0.000152
vn -0.000030 -1.000000 -0.000149
vn -0.000042 -1.000000 -0.000146
vn -0.000053 -1.000000 -0.000142
vn -0.000065 -1.000000 -0.000137
vn -0.000076 -1.000000 -0.000131
vn -0.000086 -1.000000 -0.000125
vn -0.000096 -1.000000 -0.000117
vn -0.000105 -1.000000 -0.000109
vn -0.000114 -1.000000 -0.000100
vn -0.000122 -1.000000 -0.000090
vn -0.000135 -1.000000 -0.000069
vn -0.000140 -1.000000 -0.000058
vn -0.000144 -1.000000 -0.000046
vn -0.000148 -1.000000 -0.000034
vn -0.000151 -1.000000 -0.000010
vn -0.000151 -1.000000 0.000015
vn -0.000146 -1.000000 0.000039
vn -0.000143 -1.000000 0.000051
vn -0.000138 -1.000000 0.000063
vn -0.000133 -1.000000 0.000074
vn -0.000126 -1.000000 0.000084
vn -0.000119 -1.000000 0.000094
vn -0.000111 -1.000000 0.000104
vn -0.000102 -1.000000 0.000112
vn -0.000092 -1.000000 0.000120
vn -0.000082 -1.000000 0.000127
vn -0.000071 -1.000000 0.000134
vn -0.000060 -1.000000 0.000139
vn -0.000049 -1.000000 0.000144
vn 0.000131 -1.000000 -0.000076
vn -0.000131 -1.000000 -0.000076
vn 0.253116 -0.489581 0.834412
vn 0.372810 -0.489581 0.788240
vn 0.484434 -0.489581 0.725006
vn 0.585571 -0.489581 0.646078
vn 0.258239 -0.456726 0.851301
vn 0.380356 -0.456726 0.804195
vn 0.494239 -0.456726 0.739681
vn 0.597424 -0.456726 0.659155
vn 0.687676 -0.456726 0.564361
vn 0.263244 -0.421462 0.867798
vn 0.387727 -0.421462 0.819779
vn 0.503817 -0.421462 0.754015
vn 0.609001 -0.421462 0.671929
vn 0.701001 -0.421462 0.575297
vn 0.777828 -0.421462 0.466212
vn 0.268031 -0.383988 0.883579
vn 0.394778 -0.383988 0.834688
vn 0.512979 -0.383988 0.767727
vn 0.620076 -0.383988 0.684148
vn 0.713750 -0.383988 0.585759
vn 0.791973 -0.383988 0.474691
vn 0.853053 -0.383988 0.353346
vn 0.272485 -0.344784 0.898263
vn 0.401338 -0.344784 0.848559
vn 0.521504 -0.344784 0.780486
vn 0.630380 -0.344784 0.695518
vn 0.725611 -0.344784 0.595494
vn 0.805134 -0.344784 0.482579
vn 0.867229 -0.344784 0.359218
vn 0.910551 -0.344784 0.228081
vn 0.276490 -0.304610 0.911464
vn 0.407237 -0.304610 0.861029
vn 0.529168 -0.304610 0.791956
vn 0.639645 -0.304610 0.705739
vn 0.736275 -0.304610 0.604245
vn 0.816967 -0.304610 0.489671
vn 0.879974 -0.304610 0.364497
vn 0.923933 -0.304610 0.231433
vn 0.947891 -0.304610 0.093359
vn -0.301729 -0.344784 0.888866
vn -0.296797 -0.383988 0.874336
vn -0.291496 -0.421462 0.858720
vn -0.285955 -0.456726 0.842396
vn -0.280282 -0.489581 0.825683
vn -0.367256 -0.383988 0.847157
vn -0.360697 -0.421462 0.832026
vn -0.353840 -0.456726 0.816210
vn -0.346820 -0.489581 0.800016
vn -0.448995 -0.304610 0.840010
vn -0.508664 -0.344784 0.788914
vn -0.562092 -0.383988 0.732533
vn -0.609001 -0.421462 0.671929
vn -0.649292 -0.456726 0.608129
vn -0.682993 -0.489581 0.542062
vn -0.427484 -0.421462 0.799767
vn -0.419358 -0.456726 0.784564
vn -0.482071 -0.456726 0.747669
vn -0.411038 -0.489581 0.768998
vn -0.472507 -0.489581 0.732835
vn -0.530814 -0.489581 0.691771
vn -0.695179 -0.304610 0.651106
vn -0.735257 -0.344784 0.583542
vn -0.767727 -0.383988 0.512979
vn -0.792665 -0.421462 0.440513
vn -0.810311 -0.456726 0.367147
vn -0.820987 -0.489581 0.293754
vn -0.867577 -0.304610 0.393094
vn -0.883811 -0.344784 0.316232
vn -0.891876 -0.383988 0.238977
vn -0.902479 -0.421462 0.088886
vn -0.887703 -0.456726 -0.058183
vn -0.849180 -0.489581 -0.198001
vn -0.879974 -0.304610 -0.364497
vn -0.834973 -0.344784 -0.428887
vn -0.784101 -0.383988 -0.487585
vn -0.728386 -0.421462 -0.540208
vn -0.668842 -0.456726 -0.586559
vn -0.606397 -0.489581 -0.626573
vn -0.716110 -0.304610 -0.628012
vn -0.652800 -0.344784 -0.674520
vn -0.585759 -0.383988 -0.713750
vn -0.516086 -0.421462 -0.745671
vn -0.444804 -0.456726 -0.770422
vn -0.372810 -0.489581 -0.788240
vn -0.476239 -0.304610 -0.824870
vn -0.401338 -0.344784 -0.848559
vn -0.325246 -0.383988 -0.864157
vn -0.249010 -0.421462 -0.871989
vn -0.173554 -0.456726 -0.872514
vn -0.028530 -0.489581 -0.871491
vn -0.407237 -0.304610 -0.861029
vn -0.330651 -0.344784 -0.878518
vn -0.253538 -0.383988 -0.887846
vn -0.176917 -0.421462 -0.889421
vn -0.029107 -0.456726 -0.889131
vn 0.113813 -0.489581 -0.864498
vn -0.031164 -0.304610 -0.951967
vn 0.122523 -0.344784 -0.930651
vn 0.268031 -0.383988 -0.883579
vn 0.333280 -0.421462 -0.843382
vn 0.393463 -0.456726 -0.797864
vn 0.448276 -0.489581 -0.747903
vn 0.124323 -0.304610 -0.944329
vn 0.272485 -0.344784 -0.898263
vn 0.339341 -0.383988 -0.858720
vn 0.401088 -0.421462 -0.813326
vn 0.457350 -0.456726 -0.763042
vn 0.507896 -0.489581 -0.708768
vn 0.276490 -0.304610 -0.911464
vn 0.344981 -0.344784 -0.872990
vn 0.408382 -0.383988 -0.828117
vn 0.466212 -0.421462 -0.777828
vn 0.518176 -0.456726 -0.723114
vn 0.564118 -0.489581 -0.664891
vn 0.350051 -0.304610 -0.885820
vn 0.415168 -0.344784 -0.841878
vn 0.474691 -0.383988 -0.791973
vn 0.528218 -0.421462 -0.737127
vn 0.575537 -0.456726 -0.678350
vn 0.616567 -0.489581 -0.616567
vn 0.616211 -0.304610 -0.726290
vn 0.663748 -0.344784 -0.663748
vn 0.741632 -0.383988 -0.550032
vn 0.799767 -0.421462 -0.427484
vn 0.837604 -0.456726 -0.299700
vn 0.855203 -0.489581 -0.170111
vn -0.000000 1.000000 -0.000000
vn -0.000000 1.000000 -0.000000
vn -0.000000 1.000000 -0.000000
vn -0.000000 1.000000 -0.000000
vn -0.000000 1.000000 -0.000000
vn -0.000000 1.000000 -0.000000
vn -0.000000 1.000000 -0.000000
vn -0.000000 1.000000 -0.000000
vn -0.000000 1.000000 -0.000000
vn -0.000000 1.000000 -0.000000
vn -0.000000 1.000000 -0.000000
vn -0.000000 1.000000 -0.000000
vn -0.000000 1.000000 -0.000000
vn -0.000000 1.000000 -0.000000
vn -0.000000 1.000000 -0.000000
vn -0.000000 1.000000 -0.000000
vn -0.000000 1.000000 -0.000000
vn -0.000000 1.000000 -0.000000
vn -0.000000 1.000000 -0.000000
vn -0.000000 1.000000 -0.000000
vn -0.000000 1.000000 -0.000000
vn -0.000000 1.000000 -0.000000
vn -0.000000 1.000000 -0.000000
vn -0.000000 1.000000 -0.000000
vn -0.000000 1.000000 -0.000000
vn -0.000000 1.000000 -0.000000
vn -0.000000 1.000000 -0.000000
vn -0.000000 1.000000 -0.000000
vn -0.000000 1.000000 -0.000000
vn -0.000000 1.000000 -0.000000
vn -0.000000 1.000000 -0.000000
vn -0.000000 1.000000 -0.000000
vn -0.000000 1.000000 -0.000000
vn -0.000000 1.000000 -0.000000
vn -0.000000 1.000000 -0.000000
vn -0.000000 1.000000 -0.000000
vn -0.000000 1.000000 -0.000000
vn -0.000000 1.000000 -0.000000
vn -0.000000 1.000000 -0.000000
f 314/635/580 259/636/581 349/637/582
f 349/637/582 259/636/581 260/638/583
f 349/637/582 260/638/583 348/639/584
f 348/639/584 260/638/583 261/640/585
f 348/639/584 261/640/585 347/641/586
f 347/641/586 261/640/585 262/642/587
f 347/641/586 262/642/587 346/643/588
f 346/643/588 262/642/587 263/644/589
f 346/643/588 263/644/589 345/645/590
f 345/645/590 263/644/589 264/646/591
f 345/645/590 264/646/591 344/647/592
f 344/647/592 264/646/591 265/648/593
f 344/647/592 265/648/593 343/649/594
f 343/649/594 265/648/593 266/650/595
f 343/649/594 266/650/595 342/651/596
f 342/651/596 266/650/595 341/652/597
f 342/651/596 341/652/597 1294/653/598
f 1294/653/598 341/652/597 1295/654/599
f 1294/653/598 1295/654/599 1276/655/600
f 1276/655/600 1295/654/599 1277/656/601
f 1276/655/600 1277/656/601 1258/657/602
f 1258/657/602 1277/656/601 1259/658/603
f 1258/657/602 1259/658/603 1240/659/604
f 1240/659/604 1259/658/603 1241/660/605
f 1240/659/604 1241/660/605 1222/661/606
f 1222/661/606 1241/660/605 1223/662/607
f 1222/661/606 1223/662/607 1204/663/608
f 1204/663/608 1223/662/607 1205/664/609
f 1204/663/608 1205/664/609 1186/665/610
f 1186/665/610 1205/664/609 1187/666/611
f 1186/665/610 1187/666/611 1168/667/612
f 1168/667/612 1187/666/611 1169/668/613
f 1168/667/612 1169/668/613 1133/669/614
f 1133/669/614 1169/668/613 1134/670/615
f 1133/669/614 1134/670/615 1154/671/616
f 1154/671/616 1134/670/615 1153/672/617
f 1154/671/616 1153/672/617 1115/673/618
f 1115/673/618 1153/672/617 1116/674/619
f 1115/673/618 1116/674/619 1097/675/620
f 1097/675/620 1116/674/619 1098/676/621
f 1097/675/620 1098/676/621 1079/677/622
f 1079/677/622 1098/676/621 1080/678/623
f 1079/677/622 1080/678/623 1061/679/624
f 1061/679/624 1080/678/623 1062/680/625
f 1061/679/624 1062/680/625 1025/681/626
f 1025/681/626 1062/680/625 1026/682/627
f 1025/681/626 1026/682/627 1046/683/628
f 1046/683/628 1026/682/627 1045/684/629
f 1046/683/628 1045/684/629 989/685/630
f 989/685/630 1045/684/629 990/686/631
f 989/685/630 990/686/631 1010/687/632
f 1010/687/632 990/686/631 1009/688/633
f 1010/687/632 1009/688/633 954/689/634
f 954/689/634 1009/688/633 955/690/635
f 954/689/634 955/690/635 975/691/636
f 975/691/636 955/690/635 974/692/637
f 975/691/636 974/692/637 937/693/638
f 937/693/638 974/692/637 938/694/639
f 937/693/638 938/694/639 920/695/640
f 920/695/640 938/694/639 921/696/641
f 920/695/640 921/696/641 902/697/642
f 902/697/642 921/696/641 903/698/643
f 902/697/642 903/698/643 866/699/644
f 866/699/644 903/698/643 867/700/645
f 866/699/644 867/700/645 887/701/646
f 887/701/646 867/700/645 886/702/647
f 887/701/646 886/702/647 830/703/648
f 830/703/648 886/702/647 831/704/649
f 830/703/648 831/704/649 851/705/650
f 851/705/650 831/704/649 850/706/651
f 851/705/650 850/706/651 796/707/652
f 796/707/652 850/706/651 797/708/653
f 796/707/652 797/708/653 817/709/654
f 817/709/654 797/708/653 816/710/655
f 817/709/654 816/710/655 762/711/656
f 762/711/656 816/710/655 763/712/657
f 762/711/656 763/712/657 783/713/658
f 783/713/658 763/712/657 782/714/659
f 783/713/658 782/714/659 727/715/660
f 727/715/660 782/714/659 728/716/661
f 727/715/660 728/716/661 748/717/662
f 748/717/662 728/716/661 747/718/663
f 748/717/662 747/718/663 692/719/664
f 692/719/664 747/718/663 693/720/665
f 692/719/664 693/720/665 713/721/666
f 713/721/666 693/720/665 712/722/667
f 713/721/666 712/722/667 657/723/668
f 657/723/668 712/722/667 658/724/669
f 657/723/668 658/724/669 678/725/670
f 678/725/670 658/724/669 677/726/671
f 678/725/670 677/726/671 639/727/672
f 639/727/672 677/726/671 640/728/673
f 639/727/672 640/728/673 621/729/674
f 621/729/674 640/728/673 622/730/675
f 621/729/674 622/730/675 603/731/676
f 603/731/676 622/730/675 604/732/677
f 603/731/676 604/732/677 568/733/678
f 568/733/678 604/732/677 569/734/679
f 568/733/678 569/734/679 589/735/680
f 589/735/680 569/734/679 588/736/681
f 589/735/680 588/736/681 533/737/682
f 533/737/682 588/736/681 534/738/683
f 533/737/682 534/738/683 554/739/684
f 554/739/684 534/738/683 553/740/685
f 554/739/684 553/740/685 498/741/686
f 498/741/686 553/740/685 499/742/687
f 498/741/686 499/742/687 519/743/688
f 519/743/688 499/742/687 518/744/689
f 519/743/688 518/744/689 463/745/690
f 463/745/690 518/744/689 464/746/691
f 463/745/690 464/746/691 484/747/692
f 484/747/692 464/746/691 483/748/693
f 484/747/692 483/748/693 428/749/694
f 428/749/694 483/748/693 429/750/695
f 428/749/694 429/750/695 449/751/696
f 449/751/696 429/750/695 448/752/697
f 449/751/696 448/752/697 393/753/698
f 393/753/698 448/752/697 394/754/699
f 393/753/698 394/754/699 414/755/700
f 414/755/700 394/754/699 413/756/701
f 414/755/700 413/756/701 375/757/702
f 375/757/702 413/756/701 376/758/703
f 375/757/702 376/758/703 357/759/704
f 357/759/704 376/758/703 358/760/705
f 357/759/704 358/760/705 266/761/595
f 266/761/595 358/760/705 267/762/706
f 267/762/706 358/760/705 359/763/707
f 267/762/706 359/763/707 268/764/708
f 268/764/708 359/763/707 360/765/709
f 268/764/708 360/765/709 269/766/710
f 269/766/710 360/765/709 361/767/711
f 269/766/710 361/767/711 270/768/712
f 270/768/712 361/767/711 362/769/713
f 270/768/712 362/769/713 271/770/714
f 271/770/714 362/769/713 363/771/715
f 271/770/714 363/771/715 272/772/716
f 272/772/716 363/771/715 364/773/717
f 272/772/716 364/773/717 273/774/718
f 273/774/718 364/773/717 365/775/719
f 273/774/718 365/775/719 274/776/720
f 274/776/720 365/775/719 366/777/721
f 274/776/720 366/777/721 275/778/722
f 275/778/722 366/777/721 367/779/723
f 275/778/722 367/779/723 276/780/724
f 266/650/595 267/781/706 341/652/597
f 341/652/597 267/781/706 340/782/725
f 341/652/597 340/782/725 1295/654/599
f 1295/654/599 340/782/725 1296/783/726
f 1295/654/599 1296/783/726 1277/656/601
f 1277/656/601 1296/783/726 1278/784/727
f 1277/656/601 1278/784/727 1259/658/603
f 1259/658/603 1278/784/727 1260/785/728
f 1259/658/603 1260/785/728 1241/660/605
f 1241/660/605 1260/785/728 1242/786/729
f 1241/660/605 1242/786/729 1223/662/607
f 1223/662/607 1242/786/729 1224/787/730
f 1223/662/607 1224/787/730 1205/664/609
f 1205/664/609 1224/787/730 1206/788/731
f 1205/664/609 1206/788/731 1187/666/611
f 1187/666/611 1206/788/731 1188/789/732
f 1187/666/611 1188/789/732 1169/668/613
f 1169/668/613 1188/789/732 1170/790/733
f 1169/668/613 1170/790/733 1134/670/615
f 1134/670/615 1170/790/733 1135/791/734
f 1134/670/615 1135/791/734 1153/672/617
f 1153/672/617 1135/791/734 1152/792/735
f 1153/672/617 1152/792/735 1116/674/619
f 1116/674/619 1152/792/735 1117/793/736
f 1116/674/619 1117/793/736 1098/676/621
f 1098/676/621 1117/793/736 1099/794/737
f 1098/676/621 1099/794/737 1080/678/623
f 1080/678/623 1099/794/737 1081/795/738
f 1080/678/623 1081/795/738 1062/680/625
f 1062/680/625 1081/795/738 1063/796/739
f 1062/680/625 1063/796/739 1026/682/627
f 1026/682/627 1063/796/739 1027/797/740
f 1026/682/627 1027/797/740 1045/684/629
f 1045/684/629 1027/797/740 1044/798/741
f 1045/684/629 1044/798/741 990/686/631
f 990/686/631 1044/798/741 991/799/742
f 990/686/631 991/799/742 1009/688/633
f 1009/688/633 991/799/742 1008/800/743
f 1009/688/633 1008/800/743 955/690/635
f 955/690/635 1008/800/743 956/801/744
f 955/690/635 956/801/744 974/692/637
f 974/692/637 956/801/744 973/802/745
f 974/692/637 973/802/745 938/694/639
f 938/694/639 973/802/745 939/803/746
f 938/694/639 939/803/746 921/696/641
f 921/696/641 939/803/746 922/804/747
f 921/696/641 922/804/747 903/698/643
f 903/698/643 922/804/747 904/805/748
f 903/698/643 904/805/748 867/700/645
f 867/700/645 904/805/748 868/806/749
f 867/700/645 868/806/749 886/702/647
f 886/702/647 868/806/749 885/807/750
f 886/702/647 885/807/750 831/704/649
f 831/704/649 885/807/750 832/808/751
f 831/704/649 832/808/751 850/706/651
f 850/706/651 832/808/751 849/809/752
f 850/706/651 849/809/752 797/708/653
f 797/708/653 849/809/752 798/810/753
f 797/708/653 798/810/753 816/710/655
f 816/710/655 798/810/753 815/811/754
f 816/710/655 815/811/754 763/712/657
f 763/712/657 815/811/754 764/812/755
f 763/712/657 764/812/755 782/714/659
f 782/714/659 764/812/755 781/813/756
f 782/714/659 781/813/756 728/716/661
f 728/716/661 781/813/756 729/814/757
f 728/716/661 729/814/757 747/718/663
f 747/718/663 729/814/757 746/815/758
f 747/718/663 746/815/758 693/720/665
f 693/720/665 746/815/758 694/816/759
f 693/720/665 694/816/759 712/722/667
f 712/722/667 694/816/759 711/817/760
f 712/722/667 711/817/760 658/724/669
f 658/724/669 711/817/760 659/818/761
f 658/724/669 659/818/761 677/726/671
f 677/726/671 659/818/761 676/819/762
f 677/726/671 676/819/762 640/728/673
f 640/728/673 676/819/762 641/820/763
f 640/728/673 641/820/763 622/730/675
f 622/730/675 641/820/763 623/821/764
f 622/730/675 623/821/764 604/732/677
f 604/732/677 623/821/764 605/822/765
f 604/732/677 605/822/765 569/734/679
f 569/734/679 605/822/765 570/823/766
f 569/734/679 570/823/766 588/736/681
f 588/736/681 570/823/766 587/824/767
f 588/736/681 587/824/767 534/738/683
f 534/738/683 587/824/767 535/825/768
f 534/738/683 535/825/768 553/740/685
f 553/740/685 535/825/768 552/826/769
f 553/740/685 552/826/769 499/742/687
f 499/742/687 552/826/769 500/827/770
f 499/742/687 500/827/770 518/744/689
f 518/744/689 500/827/770 517/828/771
f 518/744/689 517/828/771 464/746/691
f 464/746/691 517/828/771 465/829/772
f 464/746/691 465/829/772 483/748/693
f 483/748/693 465/829/772 482/830/773
f 483/748/693 482/830/773 429/750/695
f 429/750/695 482/830/773 430/831/774
f 429/750/695 430/831/774 448/752/697
f 448/752/697 430/831/774 447/832/775
f 448/752/697 447/832/775 394/754/699
f 394/754/699 447/832/775 395/833/776
f 394/754/699 395/833/776 413/756/701
f 413/756/701 395/833/776 412/834/777
f 413/756/701 412/834/777 376/758/703
f 376/758/703 412/834/777 377/835/778
f 376/758/703 377/835/778 358/760/705
f 358/760/705 377/835/778 359/763/707
f 267/781/706 268/836/708 340/782/725
f 340/782/725 268/836/708 339/837/779
f 340/782/725 339/837/779 1296/783/726
f 1296/783/726 339/837/779 1297/838/780
f 1296/783/726 1297/838/780 1278/784/727
f 1278/784/727 1297/838/780 1279/839/781
f 1278/784/727 1279/839/781 1260/785/728
f 1260/785/728 1279/839/781 1261/840/782
f 1260/785/728 1261/840/782 1242/786/729
f 1242/786/729 1261/840/782 1243/841/783
f 1242/786/729 1243/841/783 1224/787/730
f 1224/787/730 1243/841/783 1225/842/784
f 1224/787/730 1225/842/784 1206/788/731
f 1206/788/731 1225/842/784 1207/843/785
f 1206/788/731 1207/843/785 1188/789/732
f 1188/789/732 1207/843/785 1189/844/786
f 1188/789/732 1189/844/786 1170/790/733
f 1170/790/733 1189/844/786 1171/845/787
f 1170/790/733 1171/845/787 1135/791/734
f 1135/791/734 1171/845/787 1136/846/788
f 1135/791/734 1136/846/788 1152/792/735
f 1152/792/735 1136/846/788 1151/847/789
f 1152/792/735 1151/847/789 1117/793/736
f 1117/793/736 1151/847/789 1118/848/790
f 1117/793/736 1118/848/790 1099/794/737
f 1099/794/737 1118/848/790 1100/849/791
f 1099/794/737 1100/849/791 1081/795/738
f 1081/795/738 1100/849/791 1082/850/792
f 1081/795/738 1082/850/792 1063/796/739
f 1063/796/739 1082/850/792 1064/851/793
f 1063/796/739 1064/851/793 1027/797/740
f 1027/797/740 1064/851/793 1028/852/794
f 1027/797/740 1028/852/794 1044/798/741
f 1044/798/741 1028/852/794 1043/853/795
f 1044/798/741 1043/853/795 991/799/742
f 991/799/742 1043/853/795 992/854/796
f 991/799/742 992/854/796 1008/800/743
f 1008/800/743 992/854/796 1007/855/797
f 1008/800/743 1007/855/797 956/801/744
f 956/801/744 1007/855/797 957/856/798
f 956/801/744 957/856/798 973/802/745
f 973/802/745 957/856/798 972/857/799
f 973/802/745 972/857/799 939/803/746
f 939/803/746 972/857/799 940/858/800
f 939/803/746 940/858/800 922/804/747
f 922/804/747 940/858/800 923/859/801
f 922/804/747 923/859/801 904/805/748
f 904/805/748 923/859/801 905/860/802
f 904/805/748 905/860/802 868/806/749
f 868/806/749 905/860/802 869/861/803
f 868/806/749 869/861/803 885/807/750
f 885/807/750 869/861/803 884/862/804
f 885/807/750 884/862/804 832/808/751
f 832/808/751 884/862/804 833/863/805
f 832/808/751 833/863/805 849/809/752
f 849/809/752 833/863/805 848/864/806
f 849/809/752 848/864/806 798/810/753
f 798/810/753 848/864/806 799/865/807
f 798/810/753 799/865/807 815/811/754
f 815/811/754 799/865/807 814/866/808
f 815/811/754 814/866/808 764/812/755
f 764/812/755 814/866/808 765/867/809
f 764/812/755 765/867/809 781/813/756
f 781/813/756 765/867/809 780/868/810
f 781/813/756 780/868/810 729/814/757
f 729/814/757 780/868/810 730/869/811
f 729/814/757 730/869/811 746/815/758
f 746/815/758 730/869/811 745/870/812
f 746/815/758 745/870/812 694/816/759
f 694/816/759 745/870/812 695/871/813
f 694/816/759 695/871/813 711/817/760
f 711/817/760 695/871/813 710/872/814
f 711/817/760 710/872/814 659/818/761
f 659/818/761 710/872/814 660/873/815
f 659/818/761 660/873/815 676/819/762
f 676/819/762 660/873/815 675/874/816
f 676/819/762 675/874/816 641/820/763
f 641/820/763 675/874/816 642/875/817
f 641/820/763 642/875/817 623/821/764
f 623/821/764 642/875/817 624/876/818
f 623/821/764 624/876/818 605/822/765
f 605/822/765 624/876/818 606/877/819
f 605/822/765 606/877/819 570/823/766
f 570/823/766 606/877/819 571/878/820
f 570/823/766 571/878/820 587/824/767
f 587/824/767 571/878/820 586/879/821
f 587/824/767 586/879/821 535/825/768
f 535/825/768 586/879/821 536/880/822
f 535/825/768 536/880/822 552/826/769
f 552/826/769 536/880/822 551/881/823
f 552/826/769 551/881/823 500/827/770
f 500/827/770 551/881/823 501/882/824
f 500/827/770 501/882/824 517/828/771
f 517/828/771 501/882/824 516/883/825
f 517/828/771 516/883/825 465/829/772
f 465/829/772 516/883/825 466/884/826
f 465/829/772 466/884/826 482/830/773
f 482/830/773 466/884/826 481/885/827
f 482/830/773 481/885/827 430/831/774
f 430/831/774 481/885/827 431/886/828
f 430/831/774 431/886/828 447/832/775
f 447/832/775 431/886/828 446/887/829
f 447/832/775 446/887/829 395/833/776
f 395/833/776 446/887/829 396/888/830
f 395/833/776 396/888/830 412/834/777
f 412/834/777 396/888/830 411/889/831
f 412/834/777 411/889/831 377/835/778
f 377/835/778 411/889/831 378/890/832
f 377/835/778 378/890/832 359/763/707
f 359/763/707 378/890/832 360/765/709
f 268/836/708 269/891/710 339/837/779
f 339/837/779 269/891/710 338/892/833
f 339/837/779 338/892/833 1297/838/780
f 1297/838/780 338/892/833 1298/893/834
f 1297/838/780 1298/893/834 1279/839/781
f 1279/839/781 1298/893/834 1280/894/835
f 1279/839/781 1280/894/835 1261/840/782
f 1261/840/782 1280/894/835 1262/895/836
f 1261/840/782 1262/895/836 1243/841/783
f 1243/841/783 1262/895/836 1244/896/837
f 1243/841/783 1244/896/837 1225/842/784
f 1225/842/784 1244/896/837 1226/897/838
f 1225/842/784 1226/897/838 1207/843/785
f 1207/843/785 1226/897/838 1208/898/839
f 1207/843/785 1208/898/839 1189/844/786
f 1189/844/786 1208/898/839 1190/899/840
f 1189/844/786 1190/899/840 1171/845/787
f 1171/845/787 1190/899/840 1172/900/841
f 1171/845/787 1172/900/841 1136/846/788
f 1136/846/788 1172/900/841 1137/901/842
f 1136/846/788 1137/901/842 1151/847/789
f 1151/847/789 1137/901/842 1150/902/843
f 1151/847/789 1150/902/843 1118/848/790
f 1118/848/790 1150/902/843 1119/903/844
f 1118/848/790 1119/903/844 1100/849/791
f 1100/849/791 1119/903/844 1101/904/845
f 1100/849/791 1101/904/845 1082/850/792
f 1082/850/792 1101/904/845 1083/905/846
f 1082/850/792 1083/905/846 1064/851/793
f 1064/851/793 1083/905/846 1065/906/847
f 1064/851/793 1065/906/847 1028/852/794
f 1028/852/794 1065/906/847 1029/907/848
f 1028/852/794 1029/907/848 1043/853/795
f 1043/853/795 1029/907/848 1042/908/849
f 1043/853/795 1042/908/849 992/854/796
f 992/854/796 1042/908/849 993/909/850
f 992/854/796 993/909/850 1007/855/797
f 1007/855/797 993/909/850 1006/910/851
f 1007/855/797 1006/910/851 957/856/798
f 957/856/798 1006/910/851 958/911/852
f 957/856/798 958/911/852 972/857/799
f 972/857/799 958/911/852 971/912/853
f 972/857/799 971/912/853 940/858/800
f 940/858/800 971/912/853 941/913/854
f 940/858/800 941/913/854 923/859/801
f 923/859/801 941/913/854 924/914/855
f 923/859/801 924/914/855 905/860/802
f 905/860/802 924/914/855 906/915/856
f 905/860/802 906/915/856 869/861/803
f 869/861/803 906/915/856 870/916/857
f 869/861/803 870/916/857 884/862/804
f 884/862/804 870/916/857 883/917/858
f 884/862/804 883/917/858 833/863/805
f 833/863/805 883/917/858 834/918/859
f 833/863/805 834/918/859 848/864/806
f 848/864/806 834/918/859 847/919/860
f 848/864/806 847/919/860 799/865/807
f 799/865/807 847/919/860 800/920/861
f 799/865/807 800/920/861 814/866/808
f 814/866/808 800/920/861 813/921/862
f 814/866/808 813/921/862 765/867/809
f 765/867/809 813/921/862 766/922/863
f 765/867/809 766/922/863 780/868/810
f 780/868/810 766/922/863 779/923/864
f 780/868/810 779/923/864 730/869/811
f 730/869/811 779/923/864 731/924/865
f 730/869/811 731/924/865 745/870/812
f 745/870/812 731/924/865 744/925/866
f 745/870/812 744/925/866 695/871/813
f 695/871/813 744/925/866 696/926/867
f 695/871/813 696/926/867 710/872/814
f 710/872/814 696/926/867 709/927/868
f 710/872/814 709/927/868 660/873/815
f 660/873/815 709/927/868 661/928/869
f 660/873/815 661/928/869 675/874/816
f 675/874/816 661/928/869 674/929/870
f 675/874/816 674/929/870 642/875/817
f 642/875/817 674/929/870 643/930/871
f 642/875/817 643/930/871 624/876/818
f 624/876/818 643/930/871 625/931/872
f 624/876/818 625/931/872 606/877/819
f 606/877/819 625/931/872 607/932/873
f 606/877/819 607/932/873 571/878/820
f 571/878/820 607/932/873 572/933/874
f 571/878/820 572/933/874 586/879/821
f 586/879/821 572/933/874 585/934/875
f 586/879/821 585/934/875 536/880/822
f 536/880/822 585/934/875 537/935/876
f 536/880/822 537/935/876 551/881/823
f 551/881/823 537/935/876 550/936/877
f 551/881/823 550/936/877 501/882/824
f 501/882/824 550/936/877 502/937/878
f 501/882/824 502/937/878 516/883/825
f 516/883/825 502/937/878 515/938/879
f 516/883/825 515/938/879 466/884/826
f 466/884/826 515/938/879 467/939/880
f 466/884/826 467/939/880 481/885/827
f 481/885/827 467/939/880 480/940/881
f 481/885/827 480/940/881 431/886/828
f 431/886/828 480/940/881 432/941/882
f 431/886/828 432/941/882 446/887/829
f 446/887/829 432/941/882 445/942/883
f 446/887/829 445/942/883 396/888/830
f 396/888/830 445/942/883 397/943/884
f 396/888/830 397/943/884 411/889/831
f 411/889/831 397/943/884 410/944/885
f 411/889/831 410/944/885 378/890/832
f 378/890/832 410/944/885 379/945/886
f 378/890/832 379/945/886 360/765/709
f 360/765/709 379/945/886 361/767/711
f 269/891/710 270/946/712 338/892/833
f 338/892/833 270/946/712 337/947/887
f 338/892/833 337/947/887 1298/893/834
f 1298/893/834 337/947/887 1299/948/888
f 1298/893/834 1299/948/888 1280/894/835
f 1280/894/835 1299/948/888 1281/949/889
f 1280/894/835 1281/949/889 1262/895/836
f 1262/895/836 1281/949/889 1263/950/890
f 1262/895/836 1263/950/890 1244/896/837
f 1244/896/837 1263/950/890 1245/951/891
f 1244/896/837 1245/951/891 1226/897/838
f 1226/897/838 1245/951/891 1227/952/892
f 1226/897/838 1227/952/892 1208/898/839
f 1208/898/839 1227/952/892 1209/953/893
f 1208/898/839 1209/953/893 1190/899/840
f 1190/899/840 1209/953/893 1191/954/894
f 1190/899/840 1191/954/894 1172/900/841
f 1172/900/841 1191/954/894 1173/955/895
f 1172/900/841 1173/955/895 1137/901/842
f 1137/901/842 1173/955/895 1138/956/896
f 1137/901/842 1138/956/896 1150/902/843
f 1150/902/843 1138/956/896 1149/957/897
f 1150/902/843 1149/957/897 1119/903/844
f 1119/903/844 1149/957/897 1120/958/898
f 1119/903/844 1120/958/898 1101/904/845
f 1101/904/845 1120/958/898 1102/959/899
f 1101/904/845 1102/959/899 1083/905/846
f 1083/905/846 1102/959/899 1084/960/900
f 1083/905/846 1084/960/900 1065/906/847
f 1065/906/847 1084/960/900 1066/961/901
f 1065/906/847 1066/961/901 1029/907/848
f 1029/907/848 1066/961/901 1030/962/902
f 1029/907/848 1030/962/902 1042/908/849
f 1042/908/849 1030/962/902 1041/963/903
f 1042/908/849 1041/963/903 993/909/850
f 993/909/850 1041/963/903 994/964/904
f 993/909/850 994/964/904 1006/910/851
f 1006/910/851 994/964/904 1005/965/905
f 1006/910/851 1005/965/905 958/911/852
f 958/911/852 1005/965/905 959/966/906
f 958/911/852 959/966/906 971/912/853
f 971/912/853 959/966/906 970/967/907
f 971/912/853 970/967/907 941/913/854
f 941/913/854 970/967/907 942/968/908
f 941/913/854 942/968/908 924/914/855
f 924/914/855 942/968/908 925/969/909
f 924/914/855 925/969/909 906/915/856
f 906/915/856 925/969/909 907/970/910
f 906/915/856 907/970/910 870/916/857
f 870/916/857 907/970/910 871/971/911
f 870/916/857 871/971/911 883/917/858
f 883/917/858 871/971/911 882/972/912
f 883/917/858 882/972/912 834/918/859
f 834/918/859 882/972/912 835/973/913
f 834/918/859 835/973/913 847/919/860
f 847/919/860 835/973/913 846/974/914
f 847/919/860 846/974/914 800/920/861
f 800/920/861 846/974/914 801/975/915
f 800/920/861 801/975/915 813/921/862
f 813/921/862 801/975/915 812/976/916
f 813/921/862 812/976/916 766/922/863
f 766/922/863 812/976/916 767/977/917
f 766/922/863 767/977/917 779/923/864
f 779/923/864 767/977/917 778/978/918
f 779/923/864 778/978/918 731/924/865
f 731/924/865 778/978/918 732/979/919
f 731/924/865 732/979/919 744/925/866
f 744/925/866 732/979/919 743/980/920
f 744/925/866 743/980/920 696/926/867
f 696/926/867 743/980/920 697/981/921
f 696/926/867 697/981/921 709/927/868
f 709/927/868 697/981/921 708/982/922
f 709/927/868 708/982/922 661/928/869
f 661/928/869 708/982/922 662/983/923
f 661/928/869 662/983/923 674/929/870
f 674/929/870 662/983/923 673/984/924
f 674/929/870 673/984/924 643/930/871
f 643/930/871 673/984/924 644/985/925
f 643/930/871 644/985/925 625/931/872
f 625/931/872 644/985/925 626/986/926
f 625/931/872 626/986/926 607/932/873
f 607/932/873 626/986/926 608/987/927
f 607/932/873 608/987/927 572/933/874
f 572/933/874 608/987/927 573/988/928
f 572/933/874 573/988/928 585/934/875
f 585/934/875 573/988/928 584/989/929
f 585/934/875 584/989/929 537/935/876
f 537/935/876 584/989/929 538/990/930
f 537/935/876 538/990/930 550/936/877
f 550/936/877 538/990/930 549/991/931
f 550/936/877 549/991/931 502/937/878
f 502/937/878 549/991/931 503/992/932
f 502/937/878 503/992/932 515/938/879
f 515/938/879 503/992/932 514/993/933
f 515/938/879 514/993/933 467/939/880
f 467/939/880 514/993/933 468/994/934
f 467/939/880 468/994/934 480/940/881
f 480/940/881 468/994/934 479/995/935
f 480/940/881 479/995/935 432/941/882
f 432/941/882 479/995/935 433/996/936
f 432/941/882 433/996/936 445/942/883
f 445/942/883 433/996/936 444/997/937
f 445/942/883 444/997/937 397/943/884
f 397/943/884 444/997/937 398/998/938
f 397/943/884 398/998/938 410/944/885
f 410/944/885 398/998/938 409/999/939
f 410/944/885 409/999/939 379/945/886
f 379/945/886 409/999/939 380/1000/940
f 379/945/886 380/1000/940 361/767/711
f 361/767/711 380/1000/940 362/769/713
f 270/946/712 271/1001/714 337/947/887
f 337/947/887 271/1001/714 336/1002/941
f 337/947/887 336/1002/941 1299/948/888
f 1299/948/888 336/1002/941 1300/1003/942
f 1299/948/888 1300/1003/942 1281/949/889
f 1281/949/889 1300/1003/942 1282/1004/943
f 1281/949/889 1282/1004/943 1263/950/890
f 1263/950/890 1282/1004/943 1264/1005/944
f 1263/950/890 1264/1005/944 1245/951/891
f 1245/951/891 1264/1005/944 1246/1006/945
f 1245/951/891 1246/1006/945 1227/952/892
f 1227/952/892 1246/1006/945 1228/1007/946
f 1227/952/892 1228/1007/946 1209/953/893
f 1209/953/893 1228/1007/946 1210/1008/947
f 1209/953/893 1210/1008/947 1191/954/894
f 1191/954/894 1210/1008/947 1192/1009/948
f 1191/954/894 1192/1009/948 1173/955/895
f 1173/955/895 1192/1009/948 1174/1010/949
f 1173/955/895 1174/1010/949 1138/956/896
f 1138/956/896 1174/1010/949 1139/1011/950
f 1138/956/896 1139/1011/950 1149/957/897
f 1149/957/897 1139/1011/950 1148/1012/951
f 1149/957/897 1148/1012/951 1120/958/898
f 1120/958/898 1148/1012/951 1121/1013/952
f 1120/958/898 1121/1013/952 1102/959/899
f 1102/959/899 1121/1013/952 1103/1014/953
f 1102/959/899 1103/1014/953 1084/960/900
f 1084/960/900 1103/1014/953 1085/1015/954
f 1084/960/900 1085/1015/954 1066/961/901
f 1066/961/901 1085/1015/954 1067/1016/955
f 1066/961/901 1067/1016/955 1030/962/902
f 1030/962/902 1067/1016/955 1031/1017/956
f 1030/962/902 1031/1017/956 1041/963/903
f 1041/963/903 1031/1017/956 1040/1018/957
f 1041/963/903 1040/1018/957 994/964/904
f 994/964/904 1040/1018/957 995/1019/958
f 994/964/904 995/1019/958 1005/965/905
f 1005/965/905 995/1019/958 1004/1020/959
f 1005/965/905 1004/1020/959 959/966/906
f 959/966/906 1004/1020/959 960/1021/960
f 959/966/906 960/1021/960 970/967/907
f 970/967/907 960/1021/960 969/1022/961
f 970/967/907 969/1022/961 942/968/908
f 942/968/908 969/1022/961 943/1023/962
f 942/968/908 943/1023/962 925/969/909
f 925/969/909 943/1023/962 926/1024/963
f 925/969/909 926/1024/963 907/970/910
f 907/970/910 926/1024/963 908/1025/964
f 907/970/910 908/1025/964 871/971/911
f 871/971/911 908/1025/964 872/1026/965
f 871/971/911 872/1026/965 882/972/912
f 882/972/912 872/1026/965 881/1027/966
f 882/972/912 881/1027/966 835/973/913
f 835/973/913 881/1027/966 836/1028/967
f 835/973/913 836/1028/967 846/974/914
f 846/974/914 836/1028/967 845/1029/968
f 846/974/914 845/1029/968 801/975/915
f 801/975/915 845/1029/968 802/1030/969
f 801/975/915 802/1030/969 812/976/916
f 812/976/916 802/1030/969 811/1031/970
f 812/976/916 811/1031/970 767/977/917
f 767/977/917 811/1031/970 768/1032/971
f 767/977/917 768/1032/971 778/978/918
f 778/978/918 768/1032/971 777/1033/972
f 778/978/918 777/1033/972 732/979/919
f 732/979/919 777/1033/972 733/1034/973
f 732/979/919 733/1034/973 743/980/920
f 743/980/920 733/1034/973 742/1035/974
f 743/980/920 742/1035/974 697/981/921
f 697/981/921 742/1035/974 698/1036/975
f 697/981/921 698/1036/975 708/982/922
f 708/982/922 698/1036/975 707/1037/976
f 708/982/922 707/1037/976 662/983/923
f 662/983/923 707/1037/976 663/1038/977
f 662/983/923 663/1038/977 673/984/924
f 673/984/924 663/1038/977 672/1039/978
f 673/984/924 672/1039/978 644/985/925
f 644/985/925 672/1039/978 645/1040/979
f 644/985/925 645/1040/979 626/986/926
f 626/986/926 645/1040/979 627/1041/980
f 626/986/926 627/1041/980 608/987/927
f 608/987/927 627/1041/980 609/1042/981
f 608/987/927 609/1042/981 573/988/928
f 573/988/928 609/1042/981 574/1043/982
f 573/988/928 574/1043/982 584/989/929
f 584/989/929 574/1043/982 583/1044/983
f 584/989/929 583/1044/983 538/990/930
f 538/990/930 583/1044/983 539/1045/984
f 538/990/930 539/1045/984 549/991/931
f 549/991/931 539/1045/984 548/1046/985
f 549/991/931 548/1046/985 503/992/932
f 503/992/932 548/1046/985 504/1047/986
f 503/992/932 504/1047/986 514/993/933
f 514/993/933 504/1047/986 513/1048/987
f 514/993/933 513/1048/987 468/994/934
f 468/994/934 513/1048/987 469/1049/988
f 468/994/934 469/1049/988 479/995/935
f 479/995/935 469/1049/988 478/1050/989
f 479/995/935 478/1050/989 433/996/936
f 433/996/936 478/1050/989 434/1051/990
f 433/996/936 434/1051/990 444/997/937
f 444/997/937 434/1051/990 443/1052/991
f 444/997/937 443/1052/991 398/998/938
f 398/998/938 443/1052/991 399/1053/992
f 398/998/938 399/1053/992 409/999/939
f 409/999/939 399/1053/992 408/1054/993
f 409/999/939 408/1054/993 380/1000/940
f 380/1000/940 408/1054/993 381/1055/994
f 380/1000/940 381/1055/994 362/769/713
f 362/769/713 381/1055/994 363/771/715
f 271/1001/714 272/1056/716 336/1002/941
f 336/1002/941 272/1056/716 335/1057/995
f 336/1002/941 335/1057/995 1300/1003/942
f 1300/1003/942 335/1057/995 1301/1058/996
f 1300/1003/942 1301/1058/996 1282/1004/943
f 1282/1004/943 1301/1058/996 1283/1059/997
f 1282/1004/943 1283/1059/997 1264/1005/944
f 1264/1005/944 1283/1059/997 1265/1060/998
f 1264/1005/944 1265/1060/998 1246/1006/945
f 1246/1006/945 1265/1060/998 1247/1061/999
f 1246/1006/945 1247/1061/999 1228/1007/946
f 1228/1007/946 1247/1061/999 1229/1062/1000
f 1228/1007/946 1229/1062/1000 1210/1008/947
f 1210/1008/947 1229/1062/1000 1211/1063/1001
f 1210/1008/947 1211/1063/1001 1192/1009/948
f 1192/1009/948 1211/1063/1001 1193/1064/1002
f 1192/1009/948 1193/1064/1002 1174/1010/949
f 1174/1010/949 1193/1064/1002 1175/1065/1003
f 1174/1010/949 1175/1065/1003 1139/1011/950
f 1139/1011/950 1175/1065/1003 1140/1066/1004
f 1139/1011/950 1140/1066/1004 1148/1012/951
f 1148/1012/951 1140/1066/1004 1147/1067/1005
f 1148/1012/951 1147/1067/1005 1121/1013/952
f 1121/1013/952 1147/1067/1005 1122/1068/1006
f 1121/1013/952 1122/1068/1006 1103/1014/953
f 1103/1014/953 1122/1068/1006 1104/1069/1007
f 1103/1014/953 1104/1069/1007 1085/1015/954
f 1085/1015/954 1104/1069/1007 1086/1070/1008
f 1085/1015/954 1086/1070/1008 1067/1016/955
f 1067/1016/955 1086/1070/1008 1068/1071/1009
f 1067/1016/955 1068/1071/1009 1031/1017/956
f 1031/1017/956 1068/1071/1009 1032/1072/1010
f 1031/1017/956 1032/1072/1010 1040/1018/957
f 1040/1018/957 1032/1072/1010 1039/1073/1011
f 1040/1018/957 1039/1073/1011 995/1019/958
f 995/1019/958 1039/1073/1011 996/1074/1012
f 995/1019/958 996/1074/1012 1004/1020/959
f 1004/1020/959 996/1074/1012 1003/1075/1013
f 1004/1020/959 1003/1075/1013 960/1021/960
f 960/1021/960 1003/1075/1013 961/1076/1014
f 960/1021/960 961/1076/1014 969/1022/961
f 969/1022/961 961/1076/1014 968/1077/1015
f 969/1022/961 968/1077/1015 943/1023/962
f 943/1023/962 968/1077/1015 944/1078/1016
f 943/1023/962 944/1078/1016 926/1024/963
f 926/1024/963 944/1078/1016 927/1079/1017
f 926/1024/963 927/1079/1017 908/1025/964
f 908/1025/964 927/1079/1017 909/1080/1018
f 908/1025/964 909/1080/1018 872/1026/965
f 872/1026/965 909/1080/1018 873/1081/1019
f 872/1026/965 873/1081/1019 881/1027/966
f 881/1027/966 873/1081/1019 880/1082/1020
f 881/1027/966 880/1082/1020 836/1028/967
f 836/1028/967 880/1082/1020 837/1083/1021
f 836/1028/967 837/1083/1021 845/1029/968
f 845/1029/968 837/1083/1021 844/1084/1022
f 845/1029/968 844/1084/1022 802/1030/969
f 802/1030/969 844/1084/1022 803/1085/1023
f 802/1030/969 803/1085/1023 811/1031/970
f 811/1031/970 803/1085/1023 810/1086/1024
f 811/1031/970 810/1086/1024 768/1032/971
f 768/1032/971 810/1086/1024 769/1087/1025
f 768/1032/971 769/1087/1025 777/1033/972
f 777/1033/972 769/1087/1025 776/1088/1026
f 777/1033/972 776/1088/1026 733/1034/973
f 733/1034/973 776/1088/1026 734/1089/1027
f 733/1034/973 734/1089/1027 742/1035/974
f 742/1035/974 734/1089/1027 741/1090/1028
f 742/1035/974 741/1090/1028 698/1036/975
f 698/1036/975 741/1090/1028 699/1091/1029
f 698/1036/975 699/1091/1029 707/1037/976
f 707/1037/976 699/1091/1029 706/1092/1030
f 707/1037/976 706/1092/1030 663/1038/977
f 663/1038/977 706/1092/1030 664/1093/1031
f 663/1038/977 664/1093/1031 672/1039/978
f 672/1039/978 664/1093/1031 671/1094/1032
f 672/1039/978 671/1094/1032 645/1040/979
f 645/1040/979 671/1094/1032 646/1095/1033
f 645/1040/979 646/1095/1033 627/1041/980
f 627/1041/980 646/1095/1033 628/1096/1034
f 627/1041/980 628/1096/1034 609/1042/981
f 609/1042/981 628/1096/1034 610/1097/1035
f 609/1042/981 610/1097/1035 574/1043/982
f 574/1043/982 610/1097/1035 575/1098/1036
f 574/1043/982 575/1098/1036 583/1044/983
f 583/1044/983 575/1098/1036 582/1099/1037
f 583/1044/983 582/1099/1037 539/1045/984
f 539/1045/984 582/1099/1037 540/1100/1038
f 539/1045/984 540/1100/1038 548/1046/985
f 548/1046/985 540/1100/1038 547/1101/1039
f 548/1046/985 547/1101/1039 504/1047/986
f 504/1047/986 547/1101/1039 505/1102/1040
f 504/1047/986 505/1102/1040 513/1048/987
f 513/1048/987 505/1102/1040 512/1103/1041
f 513/1048/987 512/1103/1041 469/1049/988
f 469/1049/988 512/1103/1041 470/1104/1042
f 469/1049/988 470/1104/1042 478/1050/989
f 478/1050/989 470/1104/1042 477/1105/1043
f 478/1050/989 477/1105/1043 434/1051/990
f 434/1051/990 477/1105/1043 435/1106/1044
f 434/1051/990 435/1106/1044 443/1052/991
f 443/1052/991 435/1106/1044 442/1107/1045
f 443/1052/991 442/1107/1045 399/1053/992
f 399/1053/992 442/1107/1045 400/1108/1046
f 399/1053/992 400/1108/1046 408/1054/993
f 408/1054/993 400/1108/1046 407/1109/1047
f 408/1054/993 407/1109/1047 381/1055/994
f 381/1055/994 407/1109/1047 382/1110/1048
f 381/1055/994 382/1110/1048 363/771/715
f 363/771/715 382/1110/1048 364/773/717
f 272/1056/716 273/1111/718 335/1057/995
f 335/1057/995 273/1111/718 334/1112/1049
f 335/1057/995 334/1112/1049 1301/1058/996
f 1301/1058/996 334/1112/1049 1302/1113/1050
f 1301/1058/996 1302/1113/1050 1283/1059/997
f 1283/1059/997 1302/1113/1050 1284/1114/1051
f 1283/1059/997 1284/1114/1051 1265/1060/998
f 1265/1060/998 1284/1114/1051 1266/1115/1052
f 1265/1060/998 1266/1115/1052 1247/1061/999
f 1247/1061/999 1266/1115/1052 1248/1116/1053
f 1247/1061/999 1248/1116/1053 1229/1062/1000
f 1229/1062/1000 1248/1116/1053 1230/1117/1054
f 1229/1062/1000 1230/1117/1054 1211/1063/1001
f 1211/1063/1001 1230/1117/1054 1212/1118/1055
f 1211/1063/1001 1212/1118/1055 1193/1064/1002
f 1193/1064/1002 1212/1118/1055 1194/1119/1056
f 1193/1064/1002 1194/1119/1056 1175/1065/1003
f 1175/1065/1003 1194/1119/1056 1176/1120/1057
f 1175/1065/1003 1176/1120/1057 1140/1066/1004
f 1140/1066/1004 1176/1120/1057 1141/1121/1058
f 1140/1066/1004 1141/1121/1058 1147/1067/1005
f 1147/1067/1005 1141/1121/1058 1146/1122/1059
f 1147/1067/1005 1146/1122/1059 1122/1068/1006
f 1122/1068/1006 1146/1122/1059 1123/1123/1060
f 1122/1068/1006 1123/1123/1060 1104/1069/1007
f 1104/1069/1007 1123/1123/1060 1105/1124/1061
f 1104/1069/1007 1105/1124/1061 1086/1070/1008
f 1086/1070/1008 1105/1124/1061 1087/1125/1062
f 1086/1070/1008 1087/1125/1062 1068/1071/1009
f 1068/1071/1009 1087/1125/1062 1069/1126/1063
f 1068/1071/1009 1069/1126/1063 1032/1072/1010
f 1032/1072/1010 1069/1126/1063 1033/1127/1064
f 1032/1072/1010 1033/1127/1064 1039/1073/1011
f 1039/1073/1011 1033/1127/1064 1038/1128/1065
f 1039/1073/1011 1038/1128/1065 996/1074/1012
f 996/1074/1012 1038/1128/1065 997/1129/1066
f 996/1074/1012 997/1129/1066 1003/1075/1013
f 1003/1075/1013 997/1129/1066 1002/1130/1067
f 1003/1075/1013 1002/1130/1067 961/1076/1014
f 961/1076/1014 1002/1130/1067 962/1131/1068
f 961/1076/1014 962/1131/1068 968/1077/1015
f 968/1077/1015 962/1131/1068 967/1132/1069
f 968/1077/1015 967/1132/1069 944/1078/1016
f 944/1078/1016 967/1132/1069 945/1133/1070
f 944/1078/1016 945/1133/1070 927/1079/1017
f 927/1079/1017 945/1133/1070 928/1134/1071
f 927/1079/1017 928/1134/1071 909/1080/1018
f 909/1080/1018 928/1134/1071 910/1135/1072
f 909/1080/1018 910/1135/1072 873/1081/1019
f 873/1081/1019 910/1135/1072 874/1136/1073
f 873/1081/1019 874/1136/1073 880/1082/1020
f 880/1082/1020 874/1136/1073 879/1137/1074
f 880/1082/1020 879/1137/1074 837/1083/1021
f 837/1083/1021 879/1137/1074 838/1138/1075
f 837/1083/1021 838/1138/1075 844/1084/1022
f 844/1084/1022 838/1138/1075 843/1139/1076
f 844/1084/1022 843/1139/1076 803/1085/1023
f 803/1085/1023 843/1139/1076 804/1140/1077
f 803/1085/1023 804/1140/1077 810/1086/1024
f 810/1086/1024 804/1140/1077 809/1141/1078
f 810/1086/1024 809/1141/1078 769/1087/1025
f 769/1087/1025 809/1141/1078 770/1142/1079
f 769/1087/1025 770/1142/1079 776/1088/1026
f 776/1088/1026 770/1142/1079 775/1143/1080
f 776/1088/1026 775/1143/1080 734/1089/1027
f 734/1089/1027 775/1143/1080 735/1144/1081
f 734/1089/1027 735/1144/1081 741/1090/1028
f 741/1090/1028 735/1144/1081 740/1145/1082
f 741/1090/1028 740/1145/1082 699/1091/1029
f 699/1091/1029 740/1145/1082 700/1146/1083
f 699/1091/1029 700/1146/1083 706/1092/1030
f 706/1092/1030 700/1146/1083 705/1147/1084
f 706/1092/1030 705/1147/1084 664/1093/1031
f 664/1093/1031 705/1147/1084 665/1148/1085
f 664/1093/1031 665/1148/1085 671/1094/1032
f 671/1094/1032 665/1148/1085 670/1149/1086
f 671/1094/1032 670/1149/1086 646/1095/1033
f 646/1095/1033 670/1149/1086 647/1150/1087
f 646/1095/1033 647/1150/1087 628/1096/1034
f 628/1096/1034 647/1150/1087 629/1151/1088
f 628/1096/1034 629/1151/1088 610/1097/1035
f 610/1097/1035 629/1151/1088 611/1152/1089
f 610/1097/1035 611/1152/1089 575/1098/1036
f 575/1098/1036 611/1152/1089 576/1153/1090
f 575/1098/1036 576/1153/1090 582/1099/1037
f 582/1099/1037 576/1153/1090 581/1154/1091
f 582/1099/1037 581/1154/1091 540/1100/1038
f 540/1100/1038 581/1154/1091 541/1155/1092
f 540/1100/1038 541/1155/1092 547/1101/1039
f 547/1101/1039 541/1155/1092 546/1156/1093
f 547/1101/1039 546/1156/1093 505/1102/1040
f 505/1102/1040 546/1156/1093 506/1157/1094
f 505/1102/1040 506/1157/1094 512/1103/1041
f 512/1103/1041 506/1157/1094 511/1158/1095
f 512/1103/1041 511/1158/1095 470/1104/1042
f 470/1104/1042 511/1158/1095 471/1159/1096
f 470/1104/1042 471/1159/1096 477/1105/1043
f 477/1105/1043 471/1159/1096 476/1160/1097
f 477/1105/1043 476/1160/1097 435/1106/1044
f 435/1106/1044 476/1160/1097 436/1161/1098
f 435/1106/1044 436/1161/1098 442/1107/1045
f 442/1107/1045 436/1161/1098 441/1162/1099
f 442/1107/1045 441/1162/1099 400/1108/1046
f 400/1108/1046 441/1162/1099 401/1163/1100
f 400/1108/1046 401/1163/1100 407/1109/1047
f 407/1109/1047 401/1163/1100 406/1164/1101
f 407/1109/1047 406/1164/1101 382/1110/1048
f 382/1110/1048 406/1164/1101 383/1165/1102
f 382/1110/1048 383/1165/1102 364/773/717
f 364/773/717 383/1165/1102 365/775/719
f 273/1111/718 274/1166/720 334/1112/1049
f 334/1112/1049 274/1166/720 333/1167/1103
f 334/1112/1049 333/1167/1103 1302/1113/1050
f 1302/1113/1050 333/1167/1103 1303/1168/1104
f 1302/1113/1050 1303/1168/1104 1284/1114/1051
f 1284/1114/1051 1303/1168/1104 1285/1169/1105
f 1284/1114/1051 1285/1169/1105 1266/1115/1052
f 1266/1115/1052 1285/1169/1105 1267/1170/1106
f 1266/1115/1052 1267/1170/1106 1248/1116/1053
f 1248/1116/1053 1267/1170/1106 1249/1171/1107
f 1248/1116/1053 1249/1171/1107 1230/1117/1054
f 1230/1117/1054 1249/1171/1107 1231/1172/1108
f 1230/1117/1054 1231/1172/1108 1212/1118/1055
f 1212/1118/1055 1231/1172/1108 1213/1173/1109
f 1212/1118/1055 1213/1173/1109 1194/1119/1056
f 1194/1119/1056 1213/1173/1109 1195/1174/1110
f 1194/1119/1056 1195/1174/1110 1176/1120/1057
f 1176/1120/1057 1195/1174/1110 1177/1175/1111
f 1176/1120/1057 1177/1175/1111 1141/1121/1058
f 1141/1121/1058 1177/1175/1111 1142/1176/1112
f 1141/1121/1058 1142/1176/1112 1146/1122/1059
f 1146/1122/1059 1142/1176/1112 1145/1177/1113
f 1146/1122/1059 1145/1177/1113 1123/1123/1060
f 1123/1123/1060 1145/1177/1113 1124/1178/1114
f 1123/1123/1060 1124/1178/1114 1105/1124/1061
f 1105/1124/1061 1124/1178/1114 1106/1179/1115
f 1105/1124/1061 1106/1179/1115 1087/1125/1062
f 1087/1125/1062 1106/1179/1115 1088/1180/1116
f 1087/1125/1062 1088/1180/1116 1069/1126/1063
f 1069/1126/1063 1088/1180/1116 1070/1181/1117
f 1069/1126/1063 1070/1181/1117 1033/1127/1064
f 1033/1127/1064 1070/1181/1117 1034/1182/1118
f 1033/1127/1064 1034/1182/1118 1038/1128/1065
f 1038/1128/1065 1034/1182/1118 1037/1183/1119
f 1038/1128/1065 1037/1183/1119 997/1129/1066
f 997/1129/1066 1037/1183/1119 998/1184/1120
f 997/1129/1066 998/1184/1120 1002/1130/1067
f 1002/1130/1067 998/1184/1120 1001/1185/1121
f 1002/1130/1067 1001/1185/1121 962/1131/1068
f 962/1131/1068 1001/1185/1121 963/1186/1122
f 962/1131/1068 963/1186/1122 967/1132/1069
f 967/1132/1069 963/1186/1122 966/1187/1123
f 967/1132/1069 966/1187/1123 945/1133/1070
f 945/1133/1070 966/1187/1123 946/1188/1124
f 945/1133/1070 946/1188/1124 928/1134/1071
f 928/1134/1071 946/1188/1124 929/1189/1125
f 928/1134/1071 929/1189/1125 910/1135/1072
f 910/1135/1072 929/1189/1125 911/1190/1126
f 910/1135/1072 911/1190/1126 874/1136/1073
f 874/1136/1073 911/1190/1126 875/1191/1127
f 874/1136/1073 875/1191/1127 879/1137/1074
f 879/1137/1074 875/1191/1127 878/1192/1128
f 879/1137/1074 878/1192/1128 838/1138/1075
f 838/1138/1075 878/1192/1128 839/1193/1129
f 838/1138/1075 839/1193/1129 843/1139/1076
f 843/1139/1076 839/1193/1129 842/1194/1130
f 843/1139/1076 842/1194/1130 804/1140/1077
f 804/1140/1077 842/1194/1130 805/1195/1131
f 804/1140/1077 805/1195/1131 809/1141/1078
f 809/1141/1078 805/1195/1131 808/1196/1132
f 809/1141/1078 808/1196/1132 770/1142/1079
f 770/1142/1079 808/1196/1132 771/1197/1133
f 770/1142/1079 771/1197/1133 775/1143/1080
f 775/1143/1080 771/1197/1133 774/1198/1134
f 775/1143/1080 774/1198/1134 735/1144/1081
f 735/1144/1081 774/1198/1134 736/1199/1135
f 735/1144/1081 736/1199/1135 740/1145/1082
f 740/1145/1082 736/1199/1135 739/1200/1136
f 740/1145/1082 739/1200/1136 700/1146/1083
f 700/1146/1083 739/1200/1136 701/1201/1137
f 700/1146/1083 701/1201/1137 705/1147/1084
f 705/1147/1084 701/1201/1137 704/1202/1138
f 705/1147/1084 704/1202/1138 665/1148/1085
f 665/1148/1085 704/1202/1138 666/1203/1139
f 665/1148/1085 666/1203/1139 670/1149/1086
f 670/1149/1086 666/1203/1139 669/1204/1140
f 670/1149/1086 669/1204/1140 647/1150/1087
f 647/1150/1087 669/1204/1140 648/1205/1141
f 647/1150/1087 648/1205/1141 629/1151/1088
f 629/1151/1088 648/1205/1141 630/1206/1142
f 629/1151/1088 630/1206/1142 611/1152/1089
f 611/1152/1089 630/1206/1142 612/1207/1143
f 611/1152/1089 612/1207/1143 576/1153/1090
f 576/1153/1090 612/1207/1143 577/1208/1144
f 576/1153/1090 577/1208/1144 581/1154/1091
f 581/1154/1091 577/1208/1144 580/1209/1145
f 581/1154/1091 580/1209/1145 541/1155/1092
f 541/1155/1092 580/1209/1145 542/1210/1146
f 541/1155/1092 542/1210/1146 546/1156/1093
f 546/1156/1093 542/1210/1146 545/1211/1147
f 546/1156/1093 545/1211/1147 506/1157/1094
f 506/1157/1094 545/1211/1147 507/1212/1148
f 506/1157/1094 507/1212/1148 511/1158/1095
f 511/1158/1095 507/1212/1148 510/1213/1149
f 511/1158/1095 510/1213/1149 471/1159/1096
f 471/1159/1096 510/1213/1149 472/1214/1150
f 471/1159/1096 472/1214/1150 476/1160/1097
f 476/1160/1097 472/1214/1150 475/1215/1151
f 476/1160/1097 475/1215/1151 436/1161/1098
f 436/1161/1098 475/1215/1151 437/1216/1152
f 436/1161/1098 437/1216/1152 441/1162/1099
f 441/1162/1099 437/1216/1152 440/1217/1153
f 441/1162/1099 440/1217/1153 401/1163/1100
f 401/1163/1100 440/1217/1153 402/1218/1154
f 401/1163/1100 402/1218/1154 406/1164/1101
f 406/1164/1101 402/1218/1154 405/1219/1155
f 406/1164/1101 405/1219/1155 383/1165/1102
f 383/1165/1102 405/1219/1155 384/1220/1156
f 383/1165/1102 384/1220/1156 365/775/719
f 365/775/719 384/1220/1156 366/777/721
f 274/1166/720 275/1221/722 333/1167/1103
f 333/1167/1103 275/1221/722 332/1222/1157
f 333/1167/1103 332/1222/1157 1303/1168/1104
f 1303/1168/1104 332/1222/1157 1304/1223/1158
f 1303/1168/1104 1304/1223/1158 1285/1169/1105
f 1285/1169/1105 1304/1223/1158 1286/1224/1159
f 1285/1169/1105 1286/1224/1159 1267/1170/1106
f 1267/1170/1106 1286/1224/1159 1268/1225/1160
f 1267/1170/1106 1268/1225/1160 1249/1171/1107
f 1249/1171/1107 1268/1225/1160 1250/1226/1161
f 1249/1171/1107 1250/1226/1161 1231/1172/1108
f 1231/1172/1108 1250/1226/1161 1232/1227/1162
f 1231/1172/1108 1232/1227/1162 1213/1173/1109
f 1213/1173/1109 1232/1227/1162 1214/1228/1163
f 1213/1173/1109 1214/1228/1163 1195/1174/1110
f 1195/1174/1110 1214/1228/1163 1196/1229/1164
f 1195/1174/1110 1196/1229/1164 1177/1175/1111
f 1177/1175/1111 1196/1229/1164 1178/1230/1165
f 1177/1175/1111 1178/1230/1165 1142/1176/1112
f 1142/1176/1112 1178/1230/1165 1143/1231/1166
f 1142/1176/1112 1143/1231/1166 1145/1177/1113
f 1145/1177/1113 1143/1231/1166 1144/1232/1167
f 1145/1177/1113 1144/1232/1167 1124/1178/1114
f 1124/1178/1114 1144/1232/1167 1125/1233/1168
f 1124/1178/1114 1125/1233/1168 1106/1179/1115
f 1106/1179/1115 1125/1233/1168 1107/1234/1169
f 1106/1179/1115 1107/1234/1169 1088/1180/1116
f 1088/1180/1116 1107/1234/1169 1089/1235/1170
f 1088/1180/1116 1089/1235/1170 1070/1181/1117
f 1070/1181/1117 1089/1235/1170 1071/1236/1171
f 1070/1181/1117 1071/1236/1171 1034/1182/1118
f 1034/1182/1118 1071/1236/1171 1035/1237/1172
f 1034/1182/1118 1035/1237/1172 1037/1183/1119
f 1037/1183/1119 1035/1237/1172 1036/1238/1173
f 1037/1183/1119 1036/1238/1173 998/1184/1120
f 998/1184/1120 1036/1238/1173 999/1239/1174
f 998/1184/1120 999/1239/1174 1001/1185/1121
f 1001/1185/1121 999/1239/1174 1000/1240/1175
f 1001/1185/1121 1000/1240/1175 963/1186/1122
f 963/1186/1122 1000/1240/1175 964/1241/1176
f 963/1186/1122 964/1241/1176 966/1187/1123
f 966/1187/1123 964/1241/1176 965/1242/1177
f 966/1187/1123 965/1242/1177 946/1188/1124
f 946/1188/1124 965/1242/1177 947/1243/1178
f 946/1188/1124 947/1243/1178 929/1189/1125
f 929/1189/1125 947/1243/1178 930/1244/1179
f 929/1189/1125 930/1244/1179 911/1190/1126
f 911/1190/1126 930/1244/1179 912/1245/1180
f 911/1190/1126 912/1245/1180 875/1191/1127
f 875/1191/1127 912/1245/1180 876/1246/1181
f 875/1191/1127 876/1246/1181 878/1192/1128
f 878/1192/1128 876/1246/1181 877/1247/1182
f 878/1192/1128 877/1247/1182 839/1193/1129
f 839/1193/1129 877/1247/1182 840/1248/1183
f 839/1193/1129 840/1248/1183 842/1194/1130
f 842/1194/1130 840/1248/1183 841/1249/1184
f 842/1194/1130 841/1249/1184 805/1195/1131
f 805/1195/1131 841/1249/1184 806/1250/1185
f 805/1195/1131 806/1250/1185 808/1196/1132
f 808/1196/1132 806/1250/1185 807/1251/1186
f 808/1196/1132 807/1251/1186 771/1197/1133
f 771/1197/1133 807/1251/1186 772/1252/1187
f 771/1197/1133 772/1252/1187 774/1198/1134
f 774/1198/1134 772/1252/1187 773/1253/1188
f 774/1198/1134 773/1253/1188 736/1199/1135
f 736/1199/1135 773/1253/1188 737/1254/1189
f 736/1199/1135 737/1254/1189 739/1200/1136
f 739/1200/1136 737/1254/1189 738/1255/1190
f 739/1200/1136 738/1255/1190 701/1201/1137
f 701/1201/1137 738/1255/1190 702/1256/1191
f 701/1201/1137 702/1256/1191 704/1202/1138
f 704/1202/1138 702/1256/1191 703/1257/1192
f 704/1202/1138 703/1257/1192 666/1203/1139
f 666/1203/1139 703/1257/1192 667/1258/1193
f 666/1203/1139 667/1258/1193 669/1204/1140
f 669/1204/1140 667/1258/1193 668/1259/1194
f 669/1204/1140 668/1259/1194 648/1205/1141
f 648/1205/1141 668/1259/1194 649/1260/1195
f 648/1205/1141 649/1260/1195 630/1206/1142
f 630/1206/1142 649/1260/1195 631/1261/1196
f 630/1206/1142 631/1261/1196 612/1207/1143
f 612/1207/1143 631/1261/1196 613/1262/1197
f 612/1207/1143 613/1262/1197 577/1208/1144
f 577/1208/1144 613/1262/1197 578/1263/1198
f 577/1208/1144 578/1263/1198 580/1209/1145
f 580/1209/1145 578/1263/1198 579/1264/1199
f 580/1209/1145 579/1264/1199 542/1210/1146
f 542/1210/1146 579/1264/1199 543/1265/1200
f 542/1210/1146 543/1265/1200 545/1211/1147
f 545/1211/1147 543/1265/1200 544/1266/1201
f 545/1211/1147 544/1266/1201 507/1212/1148
f 507/1212/1148 544/1266/1201 508/1267/1202
f 507/1212/1148 508/1267/1202 510/1213/1149
f 510/1213/1149 508/1267/1202 509/1268/1203
f 510/1213/1149 509/1268/1203 472/1214/1150
f 472/1214/1150 509/1268/1203 473/1269/1204
f 472/1214/1150 473/1269/1204 475/1215/1151
f 475/1215/1151 473/1269/1204 474/1270/1205
f 475/1215/1151 474/1270/1205 437/1216/1152
f 437/1216/1152 474/1270/1205 438/1271/1206
f 437/1216/1152 438/1271/1206 440/1217/1153
f 440/1217/1153 438/1271/1206 439/1272/1207
f 440/1217/1153 439/1272/1207 402/1218/1154
f 402/1218/1154 439/1272/1207 403/1273/1208
f 402/1218/1154 403/1273/1208 405/1219/1155
f 405/1219/1155 403/1273/1208 404/1274/1209
f 405/1219/1155 404/1274/1209 384/1220/1156
f 384/1220/1156 404/1274/1209 385/1275/1210
f 384/1220/1156 385/1275/1210 366/777/721
f 366/777/721 385/1275/1210 367/779/723
f 275/1221/722 276/1276/1211 332/1222/1157
f 357/759/704 266/761/595 356/1277/1212
f 356/1277/1212 266/761/595 265/1278/593
f 356/1277/1212 265/1278/593 355/1279/1213
f 355/1279/1213 265/1278/593 264/1280/591
f 355/1279/1213 264/1280/591 354/1281/1214
f 354/1281/1214 264/1280/591 263/1282/589
f 354/1281/1214 263/1282/589 353/1283/1215
f 353/1283/1215 263/1282/589 262/1284/587
f 353/1283/1215 262/1284/587 352/1285/1216
f 352/1285/1216 262/1284/587 261/1286/585
f 352/1285/1216 261/1286/585 351/1287/1217
f 351/1287/1217 261/1286/585 260/1288/583
f 351/1287/1217 260/1288/583 350/1289/1218
f 350/1289/1218 260/1288/583 259/1290/581
f 350/1289/1218 259/1290/581 277/1291/1219
f 277/1291/1219 278/1292/1220 350/1289/1218
f 350/1289/1218 278/1292/1220 368/1293/1221
f 350/1289/1218 368/1293/1221 369/1294/1222
f 369/1294/1222 368/1293/1221 420/1295/1223
f 369/1294/1222 420/1295/1223 419/1296/1224
f 419/1296/1224 420/1295/1223 388/1297/1225
f 419/1296/1224 388/1297/1225 389/1298/1226
f 389/1298/1226 388/1297/1225 453/1299/1227
f 389/1298/1226 453/1299/1227 452/1300/1228
f 452/1300/1228 453/1299/1227 425/1301/1229
f 452/1300/1228 425/1301/1229 426/1302/1230
f 426/1302/1230 425/1301/1229 486/1303/1231
f 426/1302/1230 486/1303/1231 485/1304/1232
f 485/1304/1232 486/1303/1231 462/1305/1233
f 485/1304/1232 462/1305/1233 463/745/690
f 463/745/690 462/1305/1233 519/743/688
f 368/1293/1221 278/1292/1220 331/1306/1234
f 331/1306/1234 278/1292/1220 279/1307/1235
f 331/1306/1234 279/1307/1235 386/1308/1236
f 386/1308/1236 279/1307/1235 330/1309/1237
f 386/1308/1236 330/1309/1237 455/1310/1238
f 455/1310/1238 330/1309/1237 422/1311/1239
f 455/1310/1238 422/1311/1239 423/1312/1240
f 423/1312/1240 422/1311/1239 489/1313/1241
f 423/1312/1240 489/1313/1241 488/1314/1242
f 488/1314/1242 489/1313/1241 459/1315/1243
f 488/1314/1242 459/1315/1243 460/1316/1244
f 460/1316/1244 459/1315/1243 522/1317/1245
f 460/1316/1244 522/1317/1245 521/1318/1246
f 521/1318/1246 522/1317/1245 496/1319/1247
f 521/1318/1246 496/1319/1247 497/1320/1248
f 497/1320/1248 496/1319/1247 555/1321/1249
f 497/1320/1248 555/1321/1249 554/739/684
f 554/739/684 555/1321/1249 533/737/682
f 279/1307/1235 280/1322/1250 330/1309/1237
f 330/1309/1237 280/1322/1250 421/1323/1251
f 330/1309/1237 421/1323/1251 422/1311/1239
f 422/1311/1239 421/1323/1251 490/1324/1252
f 422/1311/1239 490/1324/1252 489/1313/1241
f 489/1313/1241 490/1324/1252 458/1325/1253
f 489/1313/1241 458/1325/1253 459/1315/1243
f 459/1315/1243 458/1325/1253 523/1326/1254
f 459/1315/1243 523/1326/1254 522/1317/1245
f 522/1317/1245 523/1326/1254 495/1327/1255
f 522/1317/1245 495/1327/1255 496/1319/1247
f 496/1319/1247 495/1327/1255 556/1328/1256
f 496/1319/1247 556/1328/1256 555/1321/1249
f 555/1321/1249 556/1328/1256 532/1329/1257
f 555/1321/1249 532/1329/1257 533/737/682
f 533/737/682 532/1329/1257 589/735/680
f 421/1323/1251 280/1322/1250 329/1330/1258
f 329/1330/1258 280/1322/1250 281/1331/1259
f 329/1330/1258 281/1331/1259 456/1332/1260
f 456/1332/1260 281/1331/1259 328/1333/1261
f 456/1332/1260 328/1333/1261 525/1334/1262
f 525/1334/1262 328/1333/1261 492/1335/1263
f 525/1334/1262 492/1335/1263 493/1336/1264
f 493/1336/1264 492/1335/1263 559/1337/1265
f 493/1336/1264 559/1337/1265 558/1338/1266
f 558/1338/1266 559/1337/1265 529/1339/1267
f 558/1338/1266 529/1339/1267 530/1340/1268
f 530/1340/1268 529/1339/1267 592/1341/1269
f 530/1340/1268 592/1341/1269 591/1342/1270
f 591/1342/1270 592/1341/1269 566/1343/1271
f 591/1342/1270 566/1343/1271 567/1344/1272
f 567/1344/1272 566/1343/1271 602/1345/1273
f 567/1344/1272 602/1345/1273 603/731/676
f 603/731/676 602/1345/1273 621/729/674
f 281/1331/1259 282/1346/1274 328/1333/1261
f 328/1333/1261 282/1346/1274 491/1347/1275
f 328/1333/1261 491/1347/1275 492/1335/1263
f 492/1335/1263 491/1347/1275 560/1348/1276
f 492/1335/1263 560/1348/1276 559/1337/1265
f 559/1337/1265 560/1348/1276 528/1349/1277
f 559/1337/1265 528/1349/1277 529/1339/1267
f 529/1339/1267 528/1349/1277 593/1350/1278
f 529/1339/1267 593/1350/1278 592/1341/1269
f 592/1341/1269 593/1350/1278 565/1351/1279
f 592/1341/1269 565/1351/1279 566/1343/1271
f 566/1343/1271 565/1351/1279 601/1352/1280
f 566/1343/1271 601/1352/1280 602/1345/1273
f 602/1345/1273 601/1352/1280 620/1353/1281
f 602/1345/1273 620/1353/1281 621/729/674
f 621/729/674 620/1353/1281 639/727/672
f 491/1347/1275 282/1346/1274 327/1354/1282
f 327/1354/1282 282/1346/1274 283/1355/1283
f 327/1354/1282 283/1355/1283 526/1356/1284
f 526/1356/1284 283/1355/1283 326/1357/1285
f 526/1356/1284 326/1357/1285 595/1358/1286
f 595/1358/1286 326/1357/1285 562/1359/1287
f 595/1358/1286 562/1359/1287 563/1360/1288
f 563/1360/1288 562/1359/1287 598/1361/1289
f 563/1360/1288 598/1361/1289 599/1362/1290
f 599/1362/1290 598/1361/1289 617/1363/1291
f 599/1362/1290 617/1363/1291 618/1364/1292
f 618/1364/1292 617/1363/1291 636/1365/1293
f 618/1364/1292 636/1365/1293 637/1366/1294
f 637/1366/1294 636/1365/1293 680/1367/1295
f 637/1366/1294 680/1367/1295 679/1368/1296
f 679/1368/1296 680/1367/1295 656/1369/1297
f 679/1368/1296 656/1369/1297 657/723/668
f 657/723/668 656/1369/1297 713/721/666
f 283/1355/1283 284/1370/1298 326/1357/1285
f 326/1357/1285 284/1370/1298 561/1371/1299
f 326/1357/1285 561/1371/1299 562/1359/1287
f 562/1359/1287 561/1371/1299 597/1372/1300
f 562/1359/1287 597/1372/1300 598/1361/1289
f 598/1361/1289 597/1372/1300 616/1373/1301
f 598/1361/1289 616/1373/1301 617/1363/1291
f 617/1363/1291 616/1373/1301 635/1374/1302
f 617/1363/1291 635/1374/1302 636/1365/1293
f 636/1365/1293 635/1374/1302 681/1375/1303
f 636/1365/1293 681/1375/1303 680/1367/1295
f 680/1367/1295 681/1375/1303 655/1376/1304
f 680/1367/1295 655/1376/1304 656/1369/1297
f 656/1369/1297 655/1376/1304 714/1377/1305
f 656/1369/1297 714/1377/1305 713/721/666
f 713/721/666 714/1377/1305 692/719/664
f 284/1370/1298 285/1378/1306 561/1371/1299
f 561/1371/1299 285/1378/1306 596/1379/1307
f 561/1371/1299 596/1379/1307 597/1372/1300
f 597/1372/1300 596/1379/1307 615/1380/1308
f 597/1372/1300 615/1380/1308 616/1373/1301
f 616/1373/1301 615/1380/1308 634/1381/1309
f 616/1373/1301 634/1381/1309 635/1374/1302
f 635/1374/1302 634/1381/1309 682/1382/1310
f 635/1374/1302 682/1382/1310 681/1375/1303
f 681/1375/1303 682/1382/1310 654/1383/1311
f 681/1375/1303 654/1383/1311 655/1376/1304
f 655/1376/1304 654/1383/1311 715/1384/1312
f 655/1376/1304 715/1384/1312 714/1377/1305
f 714/1377/1305 715/1384/1312 691/1385/1313
f 714/1377/1305 691/1385/1313 692/719/664
f 692/719/664 691/1385/1313 748/717/662
f 285/1378/1306 286/1386/1314 596/1379/1307
f 596/1379/1307 286/1386/1314 614/1387/1315
f 596/1379/1307 614/1387/1315 615/1380/1308
f 615/1380/1308 614/1387/1315 633/1388/1316
f 615/1380/1308 633/1388/1316 634/1381/1309
f 634/1381/1309 633/1388/1316 683/1389/1317
f 634/1381/1309 683/1389/1317 682/1382/1310
f 682/1382/1310 683/1389/1317 653/1390/1318
f 682/1382/1310 653/1390/1318 654/1383/1311
f 654/1383/1311 653/1390/1318 716/1391/1319
f 654/1383/1311 716/1391/1319 715/1384/1312
f 715/1384/1312 716/1391/1319 690/1392/1320
f 715/1384/1312 690/1392/1320 691/1385/1313
f 691/1385/1313 690/1392/1320 749/1393/1321
f 691/1385/1313 749/1393/1321 748/717/662
f 748/717/662 749/1393/1321 727/715/660
f 286/1386/1314 287/1394/1322 614/1387/1315
f 614/1387/1315 287/1394/1322 632/1395/1323
f 614/1387/1315 632/1395/1323 633/1388/1316
f 633/1388/1316 632/1395/1323 684/1396/1324
f 633/1388/1316 684/1396/1324 683/1389/1317
f 683/1389/1317 684/1396/1324 652/1397/1325
f 683/1389/1317 652/1397/1325 653/1390/1318
f 653/1390/1318 652/1397/1325 717/1398/1326
f 653/1390/1318 717/1398/1326 716/1391/1319
f 716/1391/1319 717/1398/1326 689/1399/1327
f 716/1391/1319 689/1399/1327 690/1392/1320
f 690/1392/1320 689/1399/1327 750/1400/1328
f 690/1392/1320 750/1400/1328 749/1393/1321
f 749/1393/1321 750/1400/1328 726/1401/1329
f 749/1393/1321 726/1401/1329 727/715/660
f 727/715/660 726/1401/1329 783/713/658
f 632/1395/1323 287/1394/1322 325/1402/1330
f 325/1402/1330 287/1394/1322 288/1403/1331
f 325/1402/1330 288/1403/1331 650/1404/1332
f 650/1404/1332 288/1403/1331 324/1405/1333
f 650/1404/1332 324/1405/1333 719/1406/1334
f 719/1406/1334 324/1405/1333 686/1407/1335
f 719/1406/1334 686/1407/1335 687/1408/1336
f 687/1408/1336 686/1407/1335 753/1409/1337
f 687/1408/1336 753/1409/1337 752/1410/1338
f 752/1410/1338 753/1409/1337 723/1411/1339
f 752/1410/1338 723/1411/1339 724/1412/1340
f 724/1412/1340 723/1411/1339 786/1413/1341
f 724/1412/1340 786/1413/1341 785/1414/1342
f 785/1414/1342 786/1413/1341 760/1415/1343
f 785/1414/1342 760/1415/1343 761/1416/1344
f 761/1416/1344 760/1415/1343 818/1417/1345
f 761/1416/1344 818/1417/1345 817/709/654
f 817/709/654 818/1417/1345 796/707/652
f 288/1403/1331 289/1418/1346 324/1405/1333
f 324/1405/1333 289/1418/1346 685/1419/1347
f 324/1405/1333 685/1419/1347 686/1407/1335
f 686/1407/1335 685/1419/1347 754/1420/1348
f 686/1407/1335 754/1420/1348 753/1409/1337
f 753/1409/1337 754/1420/1348 722/1421/1349
f 753/1409/1337 722/1421/1349 723/1411/1339
f 723/1411/1339 722/1421/1349 787/1422/1350
f 723/1411/1339 787/1422/1350 786/1413/1341
f 786/1413/1341 787/1422/1350 759/1423/1351
f 786/1413/1341 759/1423/1351 760/1415/1343
f 760/1415/1343 759/1423/1351 819/1424/1352
f 760/1415/1343 819/1424/1352 818/1417/1345
f 818/1417/1345 819/1424/1352 795/1425/1353
f 818/1417/1345 795/1425/1353 796/707/652
f 796/707/652 795/1425/1353 851/705/650
f 685/1419/1347 289/1418/1346 323/1426/1354
f 323/1426/1354 289/1418/1346 290/1427/1355
f 323/1426/1354 290/1427/1355 720/1428/1356
f 720/1428/1356 290/1427/1355 322/1429/1357
f 720/1428/1356 322/1429/1357 789/1430/1358
f 789/1430/1358 322/1429/1357 756/1431/1359
f 789/1430/1358 756/1431/1359 757/1432/1360
f 757/1432/1360 756/1431/1359 822/1433/1361
f 757/1432/1360 822/1433/1361 821/1434/1362
f 821/1434/1362 822/1433/1361 792/1435/1363
f 821/1434/1362 792/1435/1363 793/1436/1364
f 793/1436/1364 792/1435/1363 854/1437/1365
f 793/1436/1364 854/1437/1365 853/1438/1366
f 853/1438/1366 854/1437/1365 828/1439/1367
f 853/1438/1366 828/1439/1367 829/1440/1368
f 829/1440/1368 828/1439/1367 888/1441/1369
f 829/1440/1368 888/1441/1369 887/701/646
f 887/701/646 888/1441/1369 866/699/644
f 290/1427/1355 291/1442/1370 322/1429/1357
f 322/1429/1357 291/1442/1370 755/1443/1371
f 322/1429/1357 755/1443/1371 756/1431/1359
f 756/1431/1359 755/1443/1371 823/1444/1372
f 756/1431/1359 823/1444/1372 822/1433/1361
f 822/1433/1361 823/1444/1372 791/1445/1373
f 822/1433/1361 791/1445/1373 792/1435/1363
f 792/1435/1363 791/1445/1373 855/1446/1374
f 792/1435/1363 855/1446/1374 854/1437/1365
f 854/1437/1365 855/1446/1374 827/1447/1375
f 854/1437/1365 827/1447/1375 828/1439/1367
f 828/1439/1367 827/1447/1375 889/1448/1376
f 828/1439/1367 889/1448/1376 888/1441/1369
f 888/1441/1369 889/1448/1376 865/1449/1377
f 888/1441/1369 865/1449/1377 866/699/644
f 866/699/644 865/1449/1377 902/697/642
f 755/1443/1371 291/1442/1370 321/1450/1378
f 321/1450/1378 291/1442/1370 292/1451/1379
f 321/1450/1378 292/1451/1379 320/1452/1380
f 320/1452/1380 292/1451/1379 293/1453/1381
f 320/1452/1380 293/1453/1381 858/1454/1382
f 858/1454/1382 293/1453/1381 319/1455/1383
f 858/1454/1382 319/1455/1383 824/1456/1384
f 824/1456/1384 319/1455/1383 893/1457/1385
f 824/1456/1384 893/1457/1385 892/1458/1386
f 892/1458/1386 893/1457/1385 861/1459/1387
f 892/1458/1386 861/1459/1387 862/1460/1388
f 862/1460/1388 861/1459/1387 898/1461/1389
f 862/1460/1388 898/1461/1389 899/1462/1390
f 899/1462/1390 898/1461/1389 917/1463/1391
f 899/1462/1390 917/1463/1391 918/1464/1392
f 918/1464/1392 917/1463/1391 935/1465/1393
f 918/1464/1392 935/1465/1393 936/1466/1394
f 936/1466/1394 935/1465/1393 976/1467/1395
f 936/1466/1394 976/1467/1395 975/691/636
f 975/691/636 976/1467/1395 954/689/634
f 293/1453/1381 294/1468/1396 319/1455/1383
f 319/1455/1383 294/1468/1396 894/1469/1397
f 319/1455/1383 894/1469/1397 893/1457/1385
f 893/1457/1385 894/1469/1397 860/1470/1398
f 893/1457/1385 860/1470/1398 861/1459/1387
f 861/1459/1387 860/1470/1398 897/1471/1399
f 861/1459/1387 897/1471/1399 898/1461/1389
f 898/1461/1389 897/1471/1399 916/1472/1400
f 898/1461/1389 916/1472/1400 917/1463/1391
f 917/1463/1391 916/1472/1400 934/1473/1401
f 917/1463/1391 934/1473/1401 935/1465/1393
f 935/1465/1393 934/1473/1401 977/1474/1402
f 935/1465/1393 977/1474/1402 976/1467/1395
f 976/1467/1395 977/1474/1402 953/1475/1403
f 976/1467/1395 953/1475/1403 954/689/634
f 954/689/634 953/1475/1403 1010/687/632
f 894/1469/1397 294/1468/1396 859/1476/1404
f 859/1476/1404 294/1468/1396 295/1477/1405
f 859/1476/1404 295/1477/1405 895/1478/1406
f 895/1478/1406 295/1477/1405 296/1479/1407
f 895/1478/1406 296/1479/1407 913/1480/1408
f 913/1480/1408 296/1479/1407 297/1481/1409
f 913/1480/1408 297/1481/1409 318/1482/1410
f 318/1482/1410 297/1481/1409 298/1483/1411
f 318/1482/1410 298/1483/1411 982/1484/1412
f 982/1484/1412 298/1483/1411 317/1485/1413
f 982/1484/1412 317/1485/1413 948/1486/1414
f 948/1486/1414 317/1485/1413 1016/1487/1415
f 948/1486/1414 1016/1487/1415 1015/1488/1416
f 1015/1488/1416 1016/1487/1415 984/1489/1417
f 1015/1488/1416 984/1489/1417 985/1490/1418
f 985/1490/1418 984/1489/1417 1050/1491/1419
f 985/1490/1418 1050/1491/1419 1049/1492/1420
f 1049/1492/1420 1050/1491/1419 1022/1493/1421
f 1049/1492/1420 1022/1493/1421 1023/1494/1422
f 1023/1494/1422 1022/1493/1421 1059/1495/1423
f 1023/1494/1422 1059/1495/1423 1060/1496/1424
f 1060/1496/1424 1059/1495/1423 1078/1497/1425
f 1060/1496/1424 1078/1497/1425 1079/677/622
f 1079/677/622 1078/1497/1425 1097/675/620
f 298/1483/1411 299/1498/1426 317/1485/1413
f 317/1485/1413 299/1498/1426 1017/1499/1427
f 317/1485/1413 1017/1499/1427 1016/1487/1415
f 1016/1487/1415 1017/1499/1427 983/1500/1428
f 1016/1487/1415 983/1500/1428 984/1489/1417
f 984/1489/1417 983/1500/1428 1051/1501/1429
f 984/1489/1417 1051/1501/1429 1050/1491/1419
f 1050/1491/1419 1051/1501/1429 1021/1502/1430
f 1050/1491/1419 1021/1502/1430 1022/1493/1421
f 1022/1493/1421 1021/1502/1430 1058/1503/1431
f 1022/1493/1421 1058/1503/1431 1059/1495/1423
f 1059/1495/1423 1058/1503/1431 1077/1504/1432
f 1059/1495/1423 1077/1504/1432 1078/1497/1425
f 1078/1497/1425 1077/1504/1432 1096/1505/1433
f 1078/1497/1425 1096/1505/1433 1097/675/620
f 1097/675/620 1096/1505/1433 1115/673/618
f 1017/1499/1427 299/1498/1426 316/1506/1434
f 316/1506/1434 299/1498/1426 300/1507/1435
f 316/1506/1434 300/1507/1435 1053/1508/1436
f 1053/1508/1436 300/1507/1435 1018/1509/1437
f 1053/1508/1436 1018/1509/1437 1019/1510/1438
f 1019/1510/1438 1018/1509/1437 1055/1511/1439
f 1019/1510/1438 1055/1511/1439 1056/1512/1440
f 1056/1512/1440 1055/1511/1439 1074/1513/1441
f 1056/1512/1440 1074/1513/1441 1075/1514/1442
f 1075/1514/1442 1074/1513/1441 1093/1515/1443
f 1075/1514/1442 1093/1515/1443 1094/1516/1444
f 1094/1516/1444 1093/1515/1443 1112/1517/1445
f 1094/1516/1444 1112/1517/1445 1113/1518/1446
f 1113/1518/1446 1112/1517/1445 1156/1519/1447
f 1113/1518/1446 1156/1519/1447 1155/1520/1448
f 1155/1520/1448 1156/1519/1447 1132/1521/1449
f 1155/1520/1448 1132/1521/1449 1133/669/614
f 1133/669/614 1132/1521/1449 1168/667/612
f 300/1507/1435 301/1522/1450 1018/1509/1437
f 1018/1509/1437 301/1522/1450 1054/1523/1451
f 1018/1509/1437 1054/1523/1451 1055/1511/1439
f 1055/1511/1439 1054/1523/1451 1073/1524/1452
f 1055/1511/1439 1073/1524/1452 1074/1513/1441
f 1074/1513/1441 1073/1524/1452 1092/1525/1453
f 1074/1513/1441 1092/1525/1453 1093/1515/1443
f 1093/1515/1443 1092/1525/1453 1111/1526/1454
f 1093/1515/1443 1111/1526/1454 1112/1517/1445
f 1112/1517/1445 1111/1526/1454 1157/1527/1455
f 1112/1517/1445 1157/1527/1455 1156/1519/1447
f 1156/1519/1447 1157/1527/1455 1131/1528/1456
f 1156/1519/1447 1131/1528/1456 1132/1521/1449
f 1132/1521/1449 1131/1528/1456 1167/1529/1457
f 1132/1521/1449 1167/1529/1457 1168/667/612
f 1168/667/612 1167/1529/1457 1186/665/610
f 301/1522/1450 302/1530/1458 1054/1523/1451
f 1054/1523/1451 302/1530/1458 1072/1531/1459
f 1054/1523/1451 1072/1531/1459 1073/1524/1452
f 1073/1524/1452 1072/1531/1459 1091/1532/1460
f 1073/1524/1452 1091/1532/1460 1092/1525/1453
f 1092/1525/1453 1091/1532/1460 1110/1533/1461
f 1092/1525/1453 1110/1533/1461 1111/1526/1454
f 1111/1526/1454 1110/1533/1461 1158/1534/1462
f 1111/1526/1454 1158/1534/1462 1157/1527/1455
f 1157/1527/1455 1158/1534/1462 1130/1535/1463
f 1157/1527/1455 1130/1535/1463 1131/1528/1456
f 1131/1528/1456 1130/1535/1463 1166/1536/1464
f 1131/1528/1456 1166/1536/1464 1167/1529/1457
f 1167/1529/1457 1166/1536/1464 1185/1537/1465
f 1167/1529/1457 1185/1537/1465 1186/665/610
f 1186/665/610 1185/1537/1465 1204/663/608
f 302/1530/1458 303/1538/1466 1072/1531/1459
f 1072/1531/1459 303/1538/1466 1090/1539/1467
f 1072/1531/1459 1090/1539/1467 1091/1532/1460
f 1091/1532/1460 1090/1539/1467 1109/1540/1468
f 1091/1532/1460 1109/1540/1468 1110/1533/1461
f 1110/1533/1461 1109/1540/1468 1159/1541/1469
f 1110/1533/1461 1159/1541/1469 1158/1534/1462
f 1158/1534/1462 1159/1541/1469 1129/1542/1470
f 1158/1534/1462 1129/1542/1470 1130/1535/1463
f 1130/1535/1463 1129/1542/1470 1165/1543/1471
f 1130/1535/1463 1165/1543/1471 1166/1536/1464
f 1166/1536/1464 1165/1543/1471 1184/1544/1472
f 1166/1536/1464 1184/1544/1472 1185/1537/1465
f 1185/1537/1465 1184/1544/1472 1203/1545/1473
f 1185/1537/1465 1203/1545/1473 1204/663/608
f 1204/663/608 1203/1545/1473 1222/661/606
f 303/1538/1466 304/1546/1474 1090/1539/1467
f 1090/1539/1467 304/1546/1474 1108/1547/1475
f 1090/1539/1467 1108/1547/1475 1109/1540/1468
f 1109/1540/1468 1108/1547/1475 1160/1548/1476
f 1109/1540/1468 1160/1548/1476 1159/1541/1469
f 1159/1541/1469 1160/1548/1476 1128/1549/1477
f 1159/1541/1469 1128/1549/1477 1129/1542/1470
f 1129/1542/1470 1128/1549/1477 1164/1550/1478
f 1129/1542/1470 1164/1550/1478 1165/1543/1471
f 1165/1543/1471 1164/1550/1478 1183/1551/1479
f 1165/1543/1471 1183/1551/1479 1184/1544/1472
f 1184/1544/1472 1183/1551/1479 1202/1552/1480
f 1184/1544/1472 1202/1552/1480 1203/1545/1473
f 1203/1545/1473 1202/1552/1480 1221/1553/1481
f 1203/1545/1473 1221/1553/1481 1222/661/606
f 1222/661/606 1221/1553/1481 1240/659/604
f 1108/1547/1475 304/1546/1474 315/1554/1482
f 315/1554/1482 304/1546/1474 305/1555/1483
f 315/1554/1482 305/1555/1483 1126/1556/1484
f 1126/1556/1484 305/1555/1483 306/1557/1485
f 1126/1556/1484 306/1557/1485 1161/1558/1486
f 1161/1558/1486 306/1557/1485 307/1559/1487
f 1161/1558/1486 307/1559/1487 1179/1560/1488
f 1179/1560/1488 307/1559/1487 308/1561/1489
f 1179/1560/1488 308/1561/1489 1197/1562/1490
f 1197/1562/1490 308/1561/1489 309/1563/1491
f 1197/1562/1490 309/1563/1491 1215/1564/1492
f 1215/1564/1492 309/1563/1491 310/1565/1493
f 1215/1564/1492 310/1565/1493 1233/1566/1494
f 1233/1566/1494 310/1565/1493 311/1567/1495
f 1233/1566/1494 311/1567/1495 1251/1568/1496
f 1251/1568/1496 311/1567/1495 312/1569/1497
f 1251/1568/1496 312/1569/1497 1269/1570/1498
f 1269/1570/1498 312/1569/1497 313/1571/1499
f 1269/1570/1498 313/1571/1499 1287/1572/1500
f 1287/1572/1500 313/1571/1499 314/635/580
f 1287/1572/1500 314/635/580 349/637/582
f 332/1222/1157 276/1573/1501 1304/1223/1158
f 1304/1223/1158 276/1574/1502 1286/1224/1159
f 1286/1224/1159 276/1575/1503 1268/1225/1160
f 1268/1225/1160 276/1576/1504 1250/1226/1161
f 1250/1226/1161 276/1577/1505 1232/1227/1162
f 1232/1227/1162 276/1578/1506 1214/1228/1163
f 1214/1228/1163 276/1579/1507 1196/1229/1164
f 1196/1229/1164 276/1580/1508 1178/1230/1165
f 1178/1230/1165 276/1581/1509 1143/1231/1166
f 1143/1231/1166 276/1582/1510 1144/1232/1167
f 1144/1232/1167 276/1583/1511 1125/1233/1168
f 1125/1233/1168 276/1584/1512 1107/1234/1169
f 1107/1234/1169 276/1585/1513 1089/1235/1170
f 1071/1236/1171 276/1586/1514 1035/1237/1172
f 1035/1237/1172 276/1587/1515 1036/1238/1173
f 1036/1238/1173 276/1588/1516 999/1239/1174
f 999/1239/1174 276/1589/1517 1000/1240/1175
f 1000/1240/1175 276/1590/1518 964/1241/1176
f 964/1241/1176 276/1591/1519 965/1242/1177
f 965/1242/1177 276/1592/1520 947/1243/1178
f 947/1243/1178 276/1593/1521 930/1244/1179
f 930/1244/1179 276/1594/1522 912/1245/1180
f 912/1245/1180 276/1595/1523 876/1246/1181
f 876/1246/1181 276/1596/1524 877/1247/1182
f 877/1247/1182 276/1597/1525 840/1248/1183
f 840/1248/1183 276/1598/1526 841/1249/1184
f 841/1249/1184 276/1599/1527 806/1250/1185
f 806/1250/1185 276/1600/1528 807/1251/1186
f 807/1251/1186 276/1601/1529 772/1252/1187
f 772/1252/1187 276/1602/1530 773/1253/1188
f 773/1253/1188 276/1603/1531 737/1254/1189
f 737/1254/1189 276/1604/1532 738/1255/1190
f 738/1255/1190 276/1605/1533 702/1256/1191
f 703/1257/1192 276/1606/1534 667/1258/1193
f 667/1258/1193 276/1607/1535 668/1259/1194
f 668/1259/1194 276/1608/1536 649/1260/1195
f 649/1260/1195 276/1609/1537 631/1261/1196
f 631/1261/1196 276/1610/1538 613/1262/1197
f 613/1262/1197 276/1611/1539 578/1263/1198
f 578/1263/1198 276/1612/1540 579/1264/1199
f 579/1264/1199 276/1613/1541 543/1265/1200
f 543/1265/1200 276/1614/1542 544/1266/1201
f 544/1266/1201 276/1615/1543 508/1267/1202
f 508/1267/1202 276/1616/1544 509/1268/1203
f 509/1268/1203 276/1617/1545 473/1269/1204
f 473/1269/1204 276/1618/1546 474/1270/1205
f 474/1270/1205 276/1619/1547 438/1271/1206
f 438/1271/1206 276/1620/1548 439/1272/1207
f 439/1272/1207 276/1621/1549 403/1273/1208
f 403/1273/1208 276/1622/1550 404/1274/1209
f 404/1274/1209 276/1623/1551 385/1275/1210
f 385/1275/1210 276/1624/1552 367/779/723
f 1089/1235/1170 276/1625/1553 1071/1236/1171
f 702/1256/1191 276/1626/1554 703/1257/1192
f 343/649/594 342/651/596 1293/1627/1555
f 1293/1627/1555 342/651/596 1294/653/598
f 1293/1627/1555 1294/653/598 1275/1628/1556
f 1275/1628/1556 1294/653/598 1276/655/600
f 1275/1628/1556 1276/655/600 1257/1629/1557
f 1257/1629/1557 1276/655/600 1258/657/602
f 1257/1629/1557 1258/657/602 1239/1630/1558
f 1239/1630/1558 1258/657/602 1240/659/604
f 1239/1630/1558 1240/659/604 1221/1553/1481
f 344/647/592 343/649/594 1292/1631/1559
f 1292/1631/1559 343/649/594 1293/1627/1555
f 1292/1631/1559 1293/1627/1555 1274/1632/1560
f 1274/1632/1560 1293/1627/1555 1275/1628/1556
f 1274/1632/1560 1275/1628/1556 1256/1633/1561
f 1256/1633/1561 1275/1628/1556 1257/1629/1557
f 1256/1633/1561 1257/1629/1557 1238/1634/1562
f 1238/1634/1562 1257/1629/1557 1239/1630/1558
f 1238/1634/1562 1239/1630/1558 1220/1635/1563
f 1220/1635/1563 1239/1630/1558 1221/1553/1481
f 1220/1635/1563 1221/1553/1481 1202/1552/1480
f 345/645/590 344/647/592 1291/1636/1564
f 1291/1636/1564 344/647/592 1292/1631/1559
f 1291/1636/1564 1292/1631/1559 1273/1637/1565
f 1273/1637/1565 1292/1631/1559 1274/1632/1560
f 1273/1637/1565 1274/1632/1560 1255/1638/1566
f 1255/1638/1566 1274/1632/1560 1256/1633/1561
f 1255/1638/1566 1256/1633/1561 1237/1639/1567
f 1237/1639/1567 1256/1633/1561 1238/1634/1562
f 1237/1639/1567 1238/1634/1562 1219/1640/1568
f 1219/1640/1568 1238/1634/1562 1220/1635/1563
f 1219/1640/1568 1220/1635/1563 1201/1641/1569
f 1201/1641/1569 1220/1635/1563 1202/1552/1480
f 1201/1641/1569 1202/1552/1480 1183/1551/1479
f 346/643/588 345/645/590 1290/1642/1570
f 1290/1642/1570 345/645/590 1291/1636/1564
f 1290/1642/1570 1291/1636/1564 1272/1643/1571
f 1272/1643/1571 1291/1636/1564 1273/1637/1565
f 1272/1643/1571 1273/1637/1565 1254/1644/1572
f 1254/1644/1572 1273/1637/1565 1255/1638/1566
f 1254/1644/1572 1255/1638/1566 1236/1645/1573
f 1236/1645/1573 1255/1638/1566 1237/1639/1567
f 1236/1645/1573 1237/1639/1567 1218/1646/1574
f 1218/1646/1574 1237/1639/1567 1219/1640/1568
f 1218/1646/1574 1219/1640/1568 1200/1647/1575
f 1200/1647/1575 1219/1640/1568 1201/1641/1569
f 1200/1647/1575 1201/1641/1569 1182/1648/1576
f 1182/1648/1576 1201/1641/1569 1183/1551/1479
f 1182/1648/1576 1183/1551/1479 1164/1550/1478
f 347/641/586 346/643/588 1289/1649/1577
f 1289/1649/1577 346/643/588 1290/1642/1570
f 1289/1649/1577 1290/1642/1570 1271/1650/1578
f 1271/1650/1578 1290/1642/1570 1272/1643/1571
f 1271/1650/1578 1272/1643/1571 1253/1651/1579
f 1253/1651/1579 1272/1643/1571 1254/1644/1572
f 1253/1651/1579 1254/1644/1572 1235/1652/1580
f 1235/1652/1580 1254/1644/1572 1236/1645/1573
f 1235/1652/1580 1236/1645/1573 1217/1653/1581
f 1217/1653/1581 1236/1645/1573 1218/1646/1574
f 1217/1653/1581 1218/1646/1574 1199/1654/1582
f 1199/1654/1582 1218/1646/1574 1200/1647/1575
f 1199/1654/1582 1200/1647/1575 1181/1655/1583
f 1181/1655/1583 1200/1647/1575 1182/1648/1576
f 1181/1655/1583 1182/1648/1576 1163/1656/1584
f 1163/1656/1584 1182/1648/1576 1164/1550/1478
f 1163/1656/1584 1164/1550/1478 1128/1549/1477
f 1287/1572/1500 349/637/582 348/639/584
f 348/639/584 347/641/586 1288/1657/1585
f 1288/1657/1585 347/641/586 1289/1649/1577
f 1288/1657/1585 1289/1649/1577 1270/1658/1586
f 1270/1658/1586 1289/1649/1577 1271/1650/1578
f 1270/1658/1586 1271/1650/1578 1252/1659/1587
f 1252/1659/1587 1271/1650/1578 1253/1651/1579
f 1252/1659/1587 1253/1651/1579 1234/1660/1588
f 1234/1660/1588 1253/1651/1579 1235/1652/1580
f 1234/1660/1588 1235/1652/1580 1216/1661/1589
f 1216/1661/1589 1235/1652/1580 1217/1653/1581
f 1216/1661/1589 1217/1653/1581 1198/1662/1590
f 1198/1662/1590 1217/1653/1581 1199/1654/1582
f 1198/1662/1590 1199/1654/1582 1180/1663/1591
f 1180/1663/1591 1199/1654/1582 1181/1655/1583
f 1180/1663/1591 1181/1655/1583 1162/1664/1592
f 1162/1664/1592 1181/1655/1583 1163/1656/1584
f 1162/1664/1592 1163/1656/1584 1127/1665/1593
f 1127/1665/1593 1163/1656/1584 1128/1549/1477
f 1127/1665/1593 1128/1549/1477 1160/1548/1476
f 350/1289/1218 369/1294/1222 351/1287/1217
f 351/1287/1217 369/1294/1222 370/1666/1594
f 351/1287/1217 370/1666/1594 352/1285/1216
f 352/1285/1216 370/1666/1594 371/1667/1595
f 352/1285/1216 371/1667/1595 353/1283/1215
f 353/1283/1215 371/1667/1595 372/1668/1596
f 353/1283/1215 372/1668/1596 354/1281/1214
f 354/1281/1214 372/1668/1596 373/1669/1597
f 354/1281/1214 373/1669/1597 355/1279/1213
f 355/1279/1213 373/1669/1597 374/1670/1598
f 355/1279/1213 374/1670/1598 356/1277/1212
f 356/1277/1212 374/1670/1598 375/757/702
f 356/1277/1212 375/757/702 357/759/704
f 369/1294/1222 419/1296/1224 370/1666/1594
f 370/1666/1594 419/1296/1224 418/1671/1599
f 370/1666/1594 418/1671/1599 371/1667/1595
f 371/1667/1595 418/1671/1599 417/1672/1600
f 371/1667/1595 417/1672/1600 372/1668/1596
f 372/1668/1596 417/1672/1600 416/1673/1601
f 372/1668/1596 416/1673/1601 373/1669/1597
f 373/1669/1597 416/1673/1601 415/1674/1602
f 373/1669/1597 415/1674/1602 374/1670/1598
f 374/1670/1598 415/1674/1602 414/755/700
f 374/1670/1598 414/755/700 375/757/702
f 386/1308/1236 387/1675/1603 331/1306/1234
f 331/1306/1234 387/1675/1603 420/1295/1223
f 331/1306/1234 420/1295/1223 368/1293/1221
f 420/1295/1223 387/1675/1603 388/1297/1225
f 388/1297/1225 387/1675/1603 454/1676/1604
f 388/1297/1225 454/1676/1604 453/1299/1227
f 453/1299/1227 454/1676/1604 424/1677/1605
f 453/1299/1227 424/1677/1605 425/1301/1229
f 425/1301/1229 424/1677/1605 487/1678/1606
f 425/1301/1229 487/1678/1606 486/1303/1231
f 486/1303/1231 487/1678/1606 461/1679/1607
f 486/1303/1231 461/1679/1607 462/1305/1233
f 462/1305/1233 461/1679/1607 520/1680/1608
f 462/1305/1233 520/1680/1608 519/743/688
f 519/743/688 520/1680/1608 498/741/686
f 454/1676/1604 387/1675/1603 455/1310/1238
f 455/1310/1238 387/1675/1603 386/1308/1236
f 418/1671/1599 419/1296/1224 389/1298/1226
f 417/1672/1600 418/1671/1599 390/1681/1609
f 390/1681/1609 418/1671/1599 389/1298/1226
f 390/1681/1609 389/1298/1226 452/1300/1228
f 416/1673/1601 417/1672/1600 391/1682/1610
f 391/1682/1610 417/1672/1600 390/1681/1609
f 391/1682/1610 390/1681/1609 451/1683/1611
f 451/1683/1611 390/1681/1609 452/1300/1228
f 451/1683/1611 452/1300/1228 426/1302/1230
f 415/1674/1602 416/1673/1601 392/1684/1612
f 392/1684/1612 416/1673/1601 391/1682/1610
f 392/1684/1612 391/1682/1610 450/1685/1613
f 450/1685/1613 391/1682/1610 451/1683/1611
f 450/1685/1613 451/1683/1611 427/1686/1614
f 427/1686/1614 451/1683/1611 426/1302/1230
f 427/1686/1614 426/1302/1230 485/1304/1232
f 414/755/700 415/1674/1602 393/753/698
f 393/753/698 415/1674/1602 392/1684/1612
f 393/753/698 392/1684/1612 449/751/696
f 449/751/696 392/1684/1612 450/1685/1613
f 449/751/696 450/1685/1613 428/749/694
f 428/749/694 450/1685/1613 427/1686/1614
f 428/749/694 427/1686/1614 484/747/692
f 484/747/692 427/1686/1614 485/1304/1232
f 484/747/692 485/1304/1232 463/745/690
f 454/1676/1604 455/1310/1238 423/1312/1240
f 454/1676/1604 423/1312/1240 424/1677/1605
f 424/1677/1605 423/1312/1240 488/1314/1242
f 424/1677/1605 488/1314/1242 487/1678/1606
f 487/1678/1606 488/1314/1242 460/1316/1244
f 487/1678/1606 460/1316/1244 461/1679/1607
f 461/1679/1607 460/1316/1244 521/1318/1246
f 461/1679/1607 521/1318/1246 520/1680/1608
f 520/1680/1608 521/1318/1246 497/1320/1248
f 520/1680/1608 497/1320/1248 498/741/686
f 498/741/686 497/1320/1248 554/739/684
f 456/1332/1260 457/1687/1615 329/1330/1258
f 329/1330/1258 457/1687/1615 490/1324/1252
f 329/1330/1258 490/1324/1252 421/1323/1251
f 490/1324/1252 457/1687/1615 458/1325/1253
f 458/1325/1253 457/1687/1615 524/1688/1616
f 458/1325/1253 524/1688/1616 523/1326/1254
f 523/1326/1254 524/1688/1616 494/1689/1617
f 523/1326/1254 494/1689/1617 495/1327/1255
f 495/1327/1255 494/1689/1617 557/1690/1618
f 495/1327/1255 557/1690/1618 556/1328/1256
f 556/1328/1256 557/1690/1618 531/1691/1619
f 556/1328/1256 531/1691/1619 532/1329/1257
f 532/1329/1257 531/1691/1619 590/1692/1620
f 532/1329/1257 590/1692/1620 589/735/680
f 589/735/680 590/1692/1620 568/733/678
f 524/1688/1616 457/1687/1615 525/1334/1262
f 525/1334/1262 457/1687/1615 456/1332/1260
f 524/1688/1616 525/1334/1262 493/1336/1264
f 524/1688/1616 493/1336/1264 494/1689/1617
f 494/1689/1617 493/1336/1264 558/1338/1266
f 494/1689/1617 558/1338/1266 557/1690/1618
f 557/1690/1618 558/1338/1266 530/1340/1268
f 557/1690/1618 530/1340/1268 531/1691/1619
f 531/1691/1619 530/1340/1268 591/1342/1270
f 531/1691/1619 591/1342/1270 590/1692/1620
f 590/1692/1620 591/1342/1270 567/1344/1272
f 590/1692/1620 567/1344/1272 568/733/678
f 568/733/678 567/1344/1272 603/731/676
f 526/1356/1284 527/1693/1621 327/1354/1282
f 327/1354/1282 527/1693/1621 560/1348/1276
f 327/1354/1282 560/1348/1276 491/1347/1275
f 560/1348/1276 527/1693/1621 528/1349/1277
f 528/1349/1277 527/1693/1621 594/1694/1622
f 528/1349/1277 594/1694/1622 593/1350/1278
f 593/1350/1278 594/1694/1622 564/1695/1623
f 593/1350/1278 564/1695/1623 565/1351/1279
f 565/1351/1279 564/1695/1623 600/1696/1624
f 565/1351/1279 600/1696/1624 601/1352/1280
f 601/1352/1280 600/1696/1624 619/1697/1625
f 601/1352/1280 619/1697/1625 620/1353/1281
f 620/1353/1281 619/1697/1625 638/1698/1626
f 620/1353/1281 638/1698/1626 639/727/672
f 639/727/672 638/1698/1626 678/725/670
f 594/1694/1622 527/1693/1621 595/1358/1286
f 595/1358/1286 527/1693/1621 526/1356/1284
f 594/1694/1622 595/1358/1286 563/1360/1288
f 594/1694/1622 563/1360/1288 564/1695/1623
f 564/1695/1623 563/1360/1288 599/1362/1290
f 564/1695/1623 599/1362/1290 600/1696/1624
f 600/1696/1624 599/1362/1290 618/1364/1292
f 600/1696/1624 618/1364/1292 619/1697/1625
f 619/1697/1625 618/1364/1292 637/1366/1294
f 619/1697/1625 637/1366/1294 638/1698/1626
f 638/1698/1626 637/1366/1294 679/1368/1296
f 638/1698/1626 679/1368/1296 678/725/670
f 678/725/670 679/1368/1296 657/723/668
f 650/1404/1332 651/1699/1627 325/1402/1330
f 325/1402/1330 651/1699/1627 684/1396/1324
f 325/1402/1330 684/1396/1324 632/1395/1323
f 684/1396/1324 651/1699/1627 652/1397/1325
f 652/1397/1325 651/1699/1627 718/1700/1628
f 652/1397/1325 718/1700/1628 717/1398/1326
f 717/1398/1326 718/1700/1628 688/1701/1629
f 717/1398/1326 688/1701/1629 689/1399/1327
f 689/1399/1327 688/1701/1629 751/1702/1630
f 689/1399/1327 751/1702/1630 750/1400/1328
f 750/1400/1328 751/1702/1630 725/1703/1631
f 750/1400/1328 725/1703/1631 726/1401/1329
f 726/1401/1329 725/1703/1631 784/1704/1632
f 726/1401/1329 784/1704/1632 783/713/658
f 783/713/658 784/1704/1632 762/711/656
f 718/1700/1628 651/1699/1627 719/1406/1334
f 719/1406/1334 651/1699/1627 650/1404/1332
f 718/1700/1628 719/1406/1334 687/1408/1336
f 718/1700/1628 687/1408/1336 688/1701/1629
f 688/1701/1629 687/1408/1336 752/1410/1338
f 688/1701/1629 752/1410/1338 751/1702/1630
f 751/1702/1630 752/1410/1338 724/1412/1340
f 751/1702/1630 724/1412/1340 725/1703/1631
f 725/1703/1631 724/1412/1340 785/1414/1342
f 725/1703/1631 785/1414/1342 784/1704/1632
f 784/1704/1632 785/1414/1342 761/1416/1344
f 784/1704/1632 761/1416/1344 762/711/656
f 762/711/656 761/1416/1344 817/709/654
f 720/1428/1356 721/1705/1633 323/1426/1354
f 323/1426/1354 721/1705/1633 754/1420/1348
f 323/1426/1354 754/1420/1348 685/1419/1347
f 754/1420/1348 721/1705/1633 722/1421/1349
f 722/1421/1349 721/1705/1633 788/1706/1634
f 722/1421/1349 788/1706/1634 787/1422/1350
f 787/1422/1350 788/1706/1634 758/1707/1635
f 787/1422/1350 758/1707/1635 759/1423/1351
f 759/1423/1351 758/1707/1635 820/1708/1636
f 759/1423/1351 820/1708/1636 819/1424/1352
f 819/1424/1352 820/1708/1636 794/1709/1637
f 819/1424/1352 794/1709/1637 795/1425/1353
f 795/1425/1353 794/1709/1637 852/1710/1638
f 795/1425/1353 852/1710/1638 851/705/650
f 851/705/650 852/1710/1638 830/703/648
f 788/1706/1634 721/1705/1633 789/1430/1358
f 789/1430/1358 721/1705/1633 720/1428/1356
f 788/1706/1634 789/1430/1358 757/1432/1360
f 788/1706/1634 757/1432/1360 758/1707/1635
f 758/1707/1635 757/1432/1360 821/1434/1362
f 758/1707/1635 821/1434/1362 820/1708/1636
f 820/1708/1636 821/1434/1362 793/1436/1364
f 820/1708/1636 793/1436/1364 794/1709/1637
f 794/1709/1637 793/1436/1364 853/1438/1366
f 794/1709/1637 853/1438/1366 852/1710/1638
f 852/1710/1638 853/1438/1366 829/1440/1368
f 852/1710/1638 829/1440/1368 830/703/648
f 830/703/648 829/1440/1368 887/701/646
f 320/1452/1380 790/1711/1639 321/1450/1378
f 321/1450/1378 790/1711/1639 823/1444/1372
f 321/1450/1378 823/1444/1372 755/1443/1371
f 823/1444/1372 790/1711/1639 791/1445/1373
f 791/1445/1373 790/1711/1639 856/1712/1640
f 791/1445/1373 856/1712/1640 855/1446/1374
f 855/1446/1374 856/1712/1640 826/1713/1641
f 855/1446/1374 826/1713/1641 827/1447/1375
f 827/1447/1375 826/1713/1641 890/1714/1642
f 827/1447/1375 890/1714/1642 889/1448/1376
f 889/1448/1376 890/1714/1642 864/1715/1643
f 889/1448/1376 864/1715/1643 865/1449/1377
f 865/1449/1377 864/1715/1643 901/1716/1644
f 865/1449/1377 901/1716/1644 902/697/642
f 902/697/642 901/1716/1644 920/695/640
f 790/1711/1639 320/1452/1380 857/1717/1645
f 857/1717/1645 320/1452/1380 858/1454/1382
f 857/1717/1645 858/1454/1382 824/1456/1384
f 824/1456/1384 825/1718/1646 857/1717/1645
f 857/1717/1645 825/1718/1646 856/1712/1640
f 857/1717/1645 856/1712/1640 790/1711/1639
f 856/1712/1640 825/1718/1646 826/1713/1641
f 826/1713/1641 825/1718/1646 891/1719/1647
f 826/1713/1641 891/1719/1647 890/1714/1642
f 890/1714/1642 891/1719/1647 863/1720/1648
f 890/1714/1642 863/1720/1648 864/1715/1643
f 864/1715/1643 863/1720/1648 900/1721/1649
f 864/1715/1643 900/1721/1649 901/1716/1644
f 901/1716/1644 900/1721/1649 919/1722/1650
f 901/1716/1644 919/1722/1650 920/695/640
f 920/695/640 919/1722/1650 937/693/638
f 891/1719/1647 825/1718/1646 892/1458/1386
f 892/1458/1386 825/1718/1646 824/1456/1384
f 894/1469/1397 859/1476/1404 860/1470/1398
f 860/1470/1398 859/1476/1404 896/1723/1651
f 860/1470/1398 896/1723/1651 897/1471/1399
f 897/1471/1399 896/1723/1651 915/1724/1652
f 897/1471/1399 915/1724/1652 916/1472/1400
f 916/1472/1400 915/1724/1652 933/1725/1653
f 916/1472/1400 933/1725/1653 934/1473/1401
f 934/1473/1401 933/1725/1653 978/1726/1654
f 934/1473/1401 978/1726/1654 977/1474/1402
f 977/1474/1402 978/1726/1654 952/1727/1655
f 977/1474/1402 952/1727/1655 953/1475/1403
f 953/1475/1403 952/1727/1655 1011/1728/1656
f 953/1475/1403 1011/1728/1656 1010/687/632
f 1010/687/632 1011/1728/1656 989/685/630
f 891/1719/1647 892/1458/1386 862/1460/1388
f 891/1719/1647 862/1460/1388 863/1720/1648
f 863/1720/1648 862/1460/1388 899/1462/1390
f 863/1720/1648 899/1462/1390 900/1721/1649
f 900/1721/1649 899/1462/1390 918/1464/1392
f 900/1721/1649 918/1464/1392 919/1722/1650
f 919/1722/1650 918/1464/1392 936/1466/1394
f 919/1722/1650 936/1466/1394 937/693/638
f 937/693/638 936/1466/1394 975/691/636
f 859/1476/1404 895/1478/1406 896/1723/1651
f 896/1723/1651 895/1478/1406 914/1729/1657
f 896/1723/1651 914/1729/1657 915/1724/1652
f 915/1724/1652 914/1729/1657 932/1730/1658
f 915/1724/1652 932/1730/1658 933/1725/1653
f 933/1725/1653 932/1730/1658 979/1731/1659
f 933/1725/1653 979/1731/1659 978/1726/1654
f 978/1726/1654 979/1731/1659 951/1732/1660
f 978/1726/1654 951/1732/1660 952/1727/1655
f 952/1727/1655 951/1732/1660 1012/1733/1661
f 952/1727/1655 1012/1733/1661 1011/1728/1656
f 1011/1728/1656 1012/1733/1661 988/1734/1662
f 1011/1728/1656 988/1734/1662 989/685/630
f 989/685/630 988/1734/1662 1046/683/628
f 895/1478/1406 913/1480/1408 914/1729/1657
f 914/1729/1657 913/1480/1408 931/1735/1663
f 914/1729/1657 931/1735/1663 932/1730/1658
f 932/1730/1658 931/1735/1663 980/1736/1664
f 932/1730/1658 980/1736/1664 979/1731/1659
f 979/1731/1659 980/1736/1664 950/1737/1665
f 979/1731/1659 950/1737/1665 951/1732/1660
f 951/1732/1660 950/1737/1665 1013/1738/1666
f 951/1732/1660 1013/1738/1666 1012/1733/1661
f 1012/1733/1661 1013/1738/1666 987/1739/1667
f 1012/1733/1661 987/1739/1667 988/1734/1662
f 988/1734/1662 987/1739/1667 1047/1740/1668
f 988/1734/1662 1047/1740/1668 1046/683/628
f 1046/683/628 1047/1740/1668 1025/681/626
f 913/1480/1408 318/1482/1410 931/1735/1663
f 931/1735/1663 318/1482/1410 981/1741/1669
f 931/1735/1663 981/1741/1669 980/1736/1664
f 980/1736/1664 981/1741/1669 949/1742/1670
f 980/1736/1664 949/1742/1670 950/1737/1665
f 950/1737/1665 949/1742/1670 1014/1743/1671
f 950/1737/1665 1014/1743/1671 1013/1738/1666
f 1013/1738/1666 1014/1743/1671 986/1744/1672
f 1013/1738/1666 986/1744/1672 987/1739/1667
f 987/1739/1667 986/1744/1672 1048/1745/1673
f 987/1739/1667 1048/1745/1673 1047/1740/1668
f 1047/1740/1668 1048/1745/1673 1024/1746/1674
f 1047/1740/1668 1024/1746/1674 1025/681/626
f 1025/681/626 1024/1746/1674 1061/679/624
f 982/1484/1412 948/1486/1414 981/1741/1669
f 981/1741/1669 948/1486/1414 949/1742/1670
f 1014/1743/1671 949/1742/1670 1015/1488/1416
f 1015/1488/1416 949/1742/1670 948/1486/1414
f 318/1482/1410 982/1484/1412 981/1741/1669
f 1017/1499/1427 316/1506/1434 983/1500/1428
f 983/1500/1428 316/1506/1434 1052/1747/1675
f 983/1500/1428 1052/1747/1675 1051/1501/1429
f 1051/1501/1429 1052/1747/1675 1020/1748/1676
f 1051/1501/1429 1020/1748/1676 1021/1502/1430
f 1021/1502/1430 1020/1748/1676 1057/1749/1677
f 1021/1502/1430 1057/1749/1677 1058/1503/1431
f 1058/1503/1431 1057/1749/1677 1076/1750/1678
f 1058/1503/1431 1076/1750/1678 1077/1504/1432
f 1077/1504/1432 1076/1750/1678 1095/1751/1679
f 1077/1504/1432 1095/1751/1679 1096/1505/1433
f 1096/1505/1433 1095/1751/1679 1114/1752/1680
f 1096/1505/1433 1114/1752/1680 1115/673/618
f 1115/673/618 1114/1752/1680 1154/671/616
f 1014/1743/1671 1015/1488/1416 985/1490/1418
f 1014/1743/1671 985/1490/1418 986/1744/1672
f 986/1744/1672 985/1490/1418 1049/1492/1420
f 986/1744/1672 1049/1492/1420 1048/1745/1673
f 1048/1745/1673 1049/1492/1420 1023/1494/1422
f 1048/1745/1673 1023/1494/1422 1024/1746/1674
f 1024/1746/1674 1023/1494/1422 1060/1496/1424
f 1024/1746/1674 1060/1496/1424 1061/679/624
f 1061/679/624 1060/1496/1424 1079/677/622
f 1053/1508/1436 1019/1510/1438 1052/1747/1675
f 1052/1747/1675 1019/1510/1438 1020/1748/1676
f 1057/1749/1677 1020/1748/1676 1056/1512/1440
f 1056/1512/1440 1020/1748/1676 1019/1510/1438
f 316/1506/1434 1053/1508/1436 1052/1747/1675
f 1076/1750/1678 1057/1749/1677 1075/1514/1442
f 1075/1514/1442 1057/1749/1677 1056/1512/1440
f 1095/1751/1679 1076/1750/1678 1094/1516/1444
f 1094/1516/1444 1076/1750/1678 1075/1514/1442
f 1114/1752/1680 1095/1751/1679 1113/1518/1446
f 1113/1518/1446 1095/1751/1679 1094/1516/1444
f 1154/671/616 1114/1752/1680 1155/1520/1448
f 1155/1520/1448 1114/1752/1680 1113/1518/1446
f 1126/1556/1484 1127/1665/1593 315/1554/1482
f 315/1554/1482 1127/1665/1593 1160/1548/1476
f 315/1554/1482 1160/1548/1476 1108/1547/1475
f 1127/1665/1593 1126/1556/1484 1162/1664/1592
f 1162/1664/1592 1126/1556/1484 1161/1558/1486
f 1162/1664/1592 1161/1558/1486 1180/1663/1591
f 1180/1663/1591 1161/1558/1486 1179/1560/1488
f 1180/1663/1591 1179/1560/1488 1198/1662/1590
f 1198/1662/1590 1179/1560/1488 1197/1562/1490
f 1198/1662/1590 1197/1562/1490 1216/1661/1589
f 1216/1661/1589 1197/1562/1490 1215/1564/1492
f 1216/1661/1589 1215/1564/1492 1234/1660/1588
f 1234/1660/1588 1215/1564/1492 1233/1566/1494
f 1234/1660/1588 1233/1566/1494 1252/1659/1587
f 1252/1659/1587 1233/1566/1494 1251/1568/1496
f 1252/1659/1587 1251/1568/1496 1270/1658/1586
f 1270/1658/1586 1251/1568/1496 1269/1570/1498
f 1270/1658/1586 1269/1570/1498 1288/1657/1585
f 1288/1657/1585 1269/1570/1498 1287/1572/1500
f 1288/1657/1585 1287/1572/1500 348/639/584
f 1154/671/616 1155/1520/1448 1133/669/614
f 259/1753/1681 314/1754/1682 277/1755/1683
f 277/1755/1683 314/1754/1682 313/1756/1684
f 277/1755/1683 313/1756/1684 278/1757/1685
f 278/1757/1685 313/1756/1684 312/1758/1686
f 278/1757/1685 312/1758/1686 279/1759/1687
f 279/1759/1687 312/1758/1686 311/1760/1688
f 279/1759/1687 311/1760/1688 310/1761/1689
f 310/1761/1689 309/1762/1690 279/1759/1687
f 279/1759/1687 309/1762/1690 308/1763/1691
f 279/1759/1687 308/1763/1691 307/1764/1692
f 307/1764/1692 306/1765/1693 279/1759/1687
f 279/1759/1687 306/1765/1693 305/1766/1694
f 279/1759/1687 305/1766/1694 304/1767/1695
f 304/1767/1695 303/1768/1696 279/1759/1687
f 279/1759/1687 303/1768/1696 302/1769/1697
f 279/1759/1687 302/1769/1697 280/1770/1698
f 280/1770/1698 302/1769/1697 301/1771/1699
f 280/1770/1698 301/1771/1699 300/1772/1700
f 300/1772/1700 299/1773/1701 280/1770/1698
f 280/1770/1698 299/1773/1701 298/1774/1702
f 280/1770/1698 298/1774/1702 297/1775/1703
f 297/1775/1703 296/1776/1704 280/1770/1698
f 280/1770/1698 296/1776/1704 295/1777/1705
f 280/1770/1698 295/1777/1705 294/1778/1706
f 294/1778/1706 293/1779/1707 280/1770/1698
f 280/1770/1698 293/1779/1707 292/1780/1708
f 280/1770/1698 292/1780/1708 291/1781/1709
f 280/1770/1698 291/1781/1709 281/1782/1710
f 281/1782/1710 291/1781/1709 290/1783/1711
f 281/1782/1710 290/1783/1711 282/1784/1712
f 282/1784/1712 290/1783/1711 289/1785/1713
f 282/1784/1712 289/1785/1713 283/1786/1714
f 283/1786/1714 289/1785/1713 288/1787/1715
f 283/1786/1714 288/1787/1715 284/1788/1716
f 284/1788/1716 288/1787/1715 287/1789/1717
f 284/1788/1716 287/1789/1717 285/1790/1718
f 285/1790/1718 287/1789/1717 286/1791/1719
g Body177

v 0.675000 -0.895085 -1.635377
v 0.675000 -0.895085 -1.644009
v 0.675000 -0.037625 -1.644009
v 0.675000 -0.033391 -1.635377
v 0.612691 -0.033391 -1.635377
v 1.265457 -0.600000 -2.790502
v 1.265457 -0.895085 -2.790502
v 0.612691 -0.895085 -1.635377
v 1.300000 -0.895085 -2.750000
v 1.300000 -0.580133 -2.750000
v 1.300000 -0.600000 -2.790502
v 1.300000 -0.895085 -2.790502
vt -0.107406 0.895085 0.000000
vt -0.107406 0.037625 0.000000
vt -0.098774 0.895085 0.000000
vt -0.098774 0.033391 0.000000
vt -1.397020 0.033391 0.000000
vt -0.070213 0.600000 0.000000
vt -1.397020 0.895085 0.000000
vt -0.070213 0.895085 0.000000
vt -1.270371 0.895085 0.000000
vt -1.270371 0.580133 0.000000
vt -0.000000 0.895085 0.000000
vt -0.000000 0.037625 0.000000
vt 0.000000 1.265457 0.000000
vt 0.295085 1.265457 0.000000
vt 0.000000 1.300000 0.000000
vt 0.295085 1.300000 0.000000
vt 0.000000 0.675000 0.000000
vt 0.000000 0.612691 0.000000
vt 0.008632 0.675000 0.000000
vt 1.155125 1.265457 0.000000
vt 1.114623 1.300000 0.000000
vt 1.155125 1.300000 0.000000
vt 1.286608 0.612691 0.000000
vt 1.276994 0.675000 0.000000
vt 0.000000 1.265457 0.000000
vt 0.045112 1.300000 0.000000
vt 0.000000 1.300000 0.000000
vt 1.286608 0.675000 0.000000
vt 0.000000 0.612691 0.000000
vt 0.861695 0.612691 0.000000
vt 0.000000 0.675000 0.000000
vt 0.861695 0.675000 0.000000
vt 0.537060 -0.115895 0.000000
vt 0.537060 -0.430847 0.000000
vt 0.577563 -0.135762 0.000000
vt 0.577563 -0.430847 0.000000
vn 1.000000 0.000000 0.000000
vn 1.000000 0.000000 0.000000
vn 1.000000 0.000000 0.000000
vn 1.000000 0.000000 0.000000
vn -0.870605 -0.000000 -0.491982
vn -0.870605 -0.000000 -0.491982
vn -0.870605 -0.000000 -0.491982
vn -0.870605 -0.000000 -0.491982
vn 0.870605 0.000000 0.491982
vn 0.870605 0.000000 0.491982
vn 0.870605 0.000000 0.491982
vn 0.870605 0.000000 0.491982
vn 0.000000 0.000000 -1.000000
vn 0.000000 0.000000 -1.000000
vn 0.000000 0.000000 -1.000000
vn 0.000000 0.000000 -1.000000
vn 0.000000 -1.000000 0.000000
vn 0.000000 -1.000000 0.000000
vn 0.000000 -1.000000 0.000000
vn 0.000000 -1.000000 0.000000
vn 0.000000 -1.000000 0.000000
vn 0.000000 -1.000000 0.000000
vn 0.000000 0.897807 -0.440390
vn 0.000000 0.897807 -0.440390
vn 0.000000 0.897807 -0.440390
vn 0.000000 0.897807 -0.440390
vn 0.000000 0.897807 -0.440390
vn 0.000000 0.897807 -0.440390
vn -0.000000 0.000000 1.000000
vn -0.000000 0.000000 1.000000
vn -0.000000 0.000000 1.000000
vn -0.000000 0.000000 1.000000
vn 1.000000 0.000000 0.000000
vn 1.000000 0.000000 0.000000
vn 1.000000 0.000000 0.000000
vn 1.000000 0.000000 0.000000
f 1306/1792/1720 1307/1793/1721 1305/1794/1722
f 1305/1794/1722 1307/1793/1721 1308/1795/1723
f 1309/1796/1724 1310/1797/1725 1312/1798/1726
f 1312/1798/1726 1310/1797/1725 1311/1799/1727
f 1313/1800/1728 1314/1801/1729 1306/1802/1730
f 1306/1802/1730 1314/1801/1729 1307/1803/1731
f 1311/1804/1732 1310/1805/1733 1316/1806/1734
f 1316/1806/1734 1310/1805/1733 1315/1807/1735
f 1305/1808/1736 1312/1809/1737 1306/1810/1738
f 1306/1810/1738 1312/1809/1737 1311/1811/1739
f 1306/1810/1738 1311/1811/1739 1313/1812/1740
f 1313/1812/1740 1311/1811/1739 1316/1813/1741
f 1309/1814/1742 1307/1815/1743 1310/1816/1744
f 1310/1816/1744 1307/1815/1743 1314/1817/1745
f 1310/1816/1744 1314/1817/1745 1315/1818/1746
f 1309/1814/1742 1308/1819/1747 1307/1815/1743
f 1309/1820/1748 1312/1821/1749 1308/1822/1750
f 1308/1822/1750 1312/1821/1749 1305/1823/1751
f 1314/1824/1752 1313/1825/1753 1315/1826/1754
f 1315/1826/1754 1313/1825/1753 1316/1827/1755
g Body181

v -0.675000 -0.895085 -1.644009
v -0.675000 -0.895085 -1.635377
v -0.675000 -0.033391 -1.635377
v -0.675000 -0.037625 -1.644009
v -1.265457 -0.600000 -2.790502
v -0.612691 -0.033391 -1.635377
v -0.612691 -0.895085 -1.635377
v -1.265457 -0.895085 -2.790502
v -1.300000 -0.895085 -2.750000
v -1.300000 -0.580133 -2.750000
v -1.300000 -0.895085 -2.790502
v -1.300000 -0.600000 -2.790502
vt 0.107406 0.895085 0.000000
vt 0.098774 0.895085 0.000000
vt 0.107406 0.037625 0.000000
vt 0.098774 0.033391 0.000000
vt 1.397020 0.033391 0.000000
vt 1.397020 0.895085 0.000000
vt 0.070213 0.600000 0.000000
vt 0.070213 0.895085 0.000000
vt 1.270371 0.895085 0.000000
vt -0.000000 0.895085 0.000000
vt 1.270371 0.580133 0.000000
vt -0.000000 0.037625 0.000000
vt -0.295085 1.265457 0.000000
vt -0.000000 1.265457 0.000000
vt -0.295085 1.300000 0.000000
vt -0.000000 1.300000 0.000000
vt -0.000000 0.612691 0.000000
vt -0.008632 0.675000 0.000000
vt -1.155125 1.265457 0.000000
vt -1.114623 1.300000 0.000000
vt -1.155125 1.300000 0.000000
vt -0.000000 0.675000 0.000000
vt -1.286608 0.675000 0.000000
vt -1.286608 0.612691 0.000000
vt -1.276994 0.675000 0.000000
vt -0.000000 1.265457 0.000000
vt -0.045112 1.300000 0.000000
vt -0.000000 1.300000 0.000000
vt -0.861695 0.612691 0.000000
vt -0.000000 0.612691 0.000000
vt -0.861695 0.675000 0.000000
vt -0.000000 0.675000 0.000000
vt -0.537060 -0.115895 0.000000
vt -0.577563 -0.135762 0.000000
vt -0.537060 -0.430847 0.000000
vt -0.577563 -0.430847 0.000000
vn -1.000000 0.000000 0.000000
vn -1.000000 0.000000 0.000000
vn -1.000000 0.000000 0.000000
vn -1.000000 0.000000 0.000000
vn 0.870605 -0.000000 -0.491982
vn 0.870605 -0.000000 -0.491982
vn 0.870605 -0.000000 -0.491982
vn 0.870605 -0.000000 -0.491982
vn -0.870605 0.000000 0.491982
vn -0.870605 0.000000 0.491982
vn -0.870605 0.000000 0.491982
vn -0.870605 0.000000 0.491982
vn 0.000000 0.000000 -1.000000
vn 0.000000 0.000000 -1.000000
vn 0.000000 0.000000 -1.000000
vn 0.000000 0.000000 -1.000000
vn 0.000000 -1.000000 0.000000
vn 0.000000 -1.000000 0.000000
vn 0.000000 -1.000000 0.000000
vn 0.000000 -1.000000 0.000000
vn 0.000000 -1.000000 0.000000
vn 0.000000 -1.000000 0.000000
vn 0.000000 0.897807 -0.440390
vn 0.000000 0.897807 -0.440390
vn 0.000000 0.897807 -0.440390
vn 0.000000 0.897807 -0.440390
vn 0.000000 0.897807 -0.440390
vn 0.000000 0.897807 -0.440390
vn 0.000000 0.000000 1.000000
vn 0.000000 0.000000 1.000000
vn 0.000000 0.000000 1.000000
vn 0.000000 0.000000 1.000000
vn -1.000000 0.000000 0.000000
vn -1.000000 0.000000 0.000000
vn -1.000000 0.000000 0.000000
vn -1.000000 0.000000 0.000000
f 1317/1828/1756 1318/1829/1757 1320/1830/1758
f 1320/1830/1758 1318/1829/1757 1319/1831/1759
f 1322/1832/1760 1323/1833/1761 1321/1834/1762
f 1321/1834/1762 1323/1833/1761 1324/1835/1763
f 1325/1836/1764 1317/1837/1765 1326/1838/1766
f 1326/1838/1766 1317/1837/1765 1320/1839/1767
f 1321/1840/1768 1324/1841/1769 1328/1842/1770
f 1328/1842/1770 1324/1841/1769 1327/1843/1771
f 1323/1844/1772 1317/1845/1773 1324/1846/1774
f 1324/1846/1774 1317/1845/1773 1325/1847/1775
f 1324/1846/1774 1325/1847/1775 1327/1848/1776
f 1323/1844/1772 1318/1849/1777 1317/1845/1773
f 1319/1850/1778 1322/1851/1779 1320/1852/1780
f 1320/1852/1780 1322/1851/1779 1321/1853/1781
f 1320/1852/1780 1321/1853/1781 1326/1854/1782
f 1326/1854/1782 1321/1853/1781 1328/1855/1783
f 1323/1856/1784 1322/1857/1785 1318/1858/1786
f 1318/1858/1786 1322/1857/1785 1319/1859/1787
f 1326/1860/1788 1328/1861/1789 1325/1862/1790
f 1325/1862/1790 1328/1861/1789 1327/1863/1791
# 1328 vertices
# 1863 texture params
# 1791 normals
# 2636 facets

# 7 groups
