# WaveFront *.obj file (generated by Autodesk ATF)

mtllib top.mtl

g Body166

v -2.358826 7.031775 -0.660765
v -2.358826 6.340024 -0.660765
v -2.358826 6.340024 -0.610765
v -2.358826 7.031775 -0.610765
v 2.293305 7.031775 -0.660765
v 2.293305 7.031775 -0.610765
v 2.293305 6.340024 -0.660765
v 2.293305 6.340024 -0.610765
v -0.032761 5.821775 -0.660765
v -0.032761 5.821775 -0.610765
v -2.368826 7.031775 -0.610765
v -2.368826 7.081775 -0.660765
v 2.303305 7.081775 -0.660765
v 2.303305 7.031775 -0.610765
v 2.303305 6.342252 -0.660765
v -2.368826 6.342252 -0.660765
v -2.756831 6.428700 -0.660765
v -2.772770 6.434192 -0.660765
v -2.787080 6.443106 -0.660765
v -2.799037 6.454991 -0.660765
v -2.808037 6.469247 -0.660765
v -2.813626 6.485153 -0.660765
v -2.815521 6.501905 -0.660765
v -2.815521 7.765000 -0.660765
v -0.726306 8.005118 -0.660765
v -0.707397 8.004892 -0.660765
v -0.689145 7.999943 -0.660765
v -0.672712 7.990586 -0.660765
v -0.659142 7.977417 -0.660765
v -0.649296 7.961271 -0.660765
v -0.363028 7.322261 -0.660765
v 0.297507 7.322261 -0.660765
v 0.583775 7.961271 -0.660765
v 0.593621 7.977417 -0.660765
v 0.607191 7.990586 -0.660765
v 0.623624 7.999943 -0.660765
v 0.641876 8.004892 -0.660765
v 0.660784 8.005118 -0.660765
v 2.750000 7.765000 -0.660765
v 2.750000 6.501905 -0.660765
v 2.748105 6.485153 -0.660765
v 2.742516 6.469247 -0.660765
v 2.733516 6.454991 -0.660765
v 2.721559 6.443106 -0.660765
v 2.707249 6.434192 -0.660765
v 2.691310 6.428700 -0.660765
v 2.750000 7.765000 -0.610765
v 2.750000 6.501905 -0.610765
v 2.748105 6.485153 -0.610765
v 2.742516 6.469247 -0.610765
v 2.733516 6.454991 -0.610765
v 2.721559 6.443106 -0.610765
v 2.707249 6.434192 -0.610765
v 2.691310 6.428700 -0.610765
v 2.303305 6.342252 -0.610765
v -2.368826 6.342252 -0.610765
v -2.756831 6.428700 -0.610765
v -2.772770 6.434192 -0.610765
v -2.787080 6.443106 -0.610765
v -2.799037 6.454991 -0.610765
v -2.808037 6.469247 -0.610765
v -2.813626 6.485153 -0.610765
v -2.815521 6.501905 -0.610765
v -2.815521 7.765000 -0.610765
v -0.726306 8.005118 -0.610765
v -0.707397 8.004892 -0.610765
v -0.689145 7.999943 -0.610765
v -0.672712 7.990586 -0.610765
v -0.659142 7.977417 -0.610765
v -0.649296 7.961271 -0.610765
v -0.363028 7.322261 -0.610765
v 0.297507 7.322261 -0.610765
v 0.583775 7.961271 -0.610765
v 0.593621 7.977417 -0.610765
v 0.607191 7.990586 -0.610765
v 0.623624 7.999943 -0.610765
v 0.641876 8.004892 -0.610765
v 0.660784 8.005118 -0.610765
vt -0.000000 0.000000 0.000000
vt 0.691751 -0.000000 0.000000
vt -0.000000 0.050000 0.000000
vt 0.691751 0.050000 0.000000
vt 0.000000 0.000000 0.000000
vt 4.652131 -0.000000 0.000000
vt -0.000000 0.050000 0.000000
vt 4.652131 0.050000 0.000000
vt 0.000000 0.000000 0.000000
vt 0.691751 0.000000 0.000000
vt 0.000000 0.050000 0.000000
vt 0.691751 0.050000 0.000000
vt 0.000000 0.000000 0.000000
vt 2.383099 0.000000 0.000000
vt 0.000000 0.050000 0.000000
vt 2.383099 0.050000 0.000000
vt 0.000000 0.000000 0.000000
vt 2.383099 0.000000 0.000000
vt 0.000000 0.050000 0.000000
vt 2.383099 0.050000 0.000000
vt -0.605000 -0.000000 0.000000
vt -0.086751 -2.326065 0.000000
vt -0.086751 2.326065 0.000000
vt 0.605000 -2.326065 0.000000
vt 0.605000 2.326065 0.000000
vt 0.000000 0.605000 0.000000
vt -2.326065 0.086751 0.000000
vt 2.326065 0.086751 0.000000
vt 2.326065 -0.605000 0.000000
vt -2.326065 -0.605000 0.000000
vt 0.035355 1.168033 0.000000
vt -0.035355 1.168033 0.000000
vt 0.035355 1.158033 0.000000
vt -0.035355 -3.504098 0.000000
vt 0.035355 -3.494098 0.000000
vt 0.035355 -3.504098 0.000000
vt 2.724071 0.745231 0.000000
vt 2.336065 0.831678 0.000000
vt 2.782761 0.672025 0.000000
vt 2.336065 0.092155 0.000000
vt 2.782761 -0.591070 0.000000
vt 0.330268 -0.148331 0.000000
vt 0.616536 -0.787341 0.000000
vt -2.336065 0.092155 0.000000
vt -0.330268 -0.148331 0.000000
vt -2.782761 -0.591070 0.000000
vt -0.616536 -0.787341 0.000000
vt -0.693545 -0.831188 0.000000
vt -0.626381 -0.803486 0.000000
vt -0.639952 -0.816656 0.000000
vt -0.656385 -0.826013 0.000000
vt -0.674636 -0.830961 0.000000
vt -2.782761 0.672025 0.000000
vt -2.336065 0.831678 0.000000
vt -2.724071 0.745231 0.000000
vt -2.740010 0.739738 0.000000
vt -2.754320 0.730824 0.000000
vt -2.766277 0.718939 0.000000
vt -2.775277 0.704683 0.000000
vt -2.780866 0.688778 0.000000
vt 0.693545 -0.831188 0.000000
vt 0.626381 -0.803486 0.000000
vt 0.639952 -0.816656 0.000000
vt 0.656385 -0.826013 0.000000
vt 0.674636 -0.830961 0.000000
vt 2.780866 0.688778 0.000000
vt 2.775277 0.704683 0.000000
vt 2.766277 0.718939 0.000000
vt 2.754320 0.730824 0.000000
vt 2.740010 0.739738 0.000000
vt 0.000000 0.000000 0.000000
vt 1.263095 -0.000000 0.000000
vt 0.000000 0.050000 0.000000
vt 1.263095 0.050000 0.000000
vt -0.050000 -0.000000 0.000000
vt -0.000000 -0.000000 0.000000
vt -0.050000 0.016895 0.000000
vt -0.000000 0.016895 0.000000
vt -0.050000 0.033789 0.000000
vt -0.000000 0.033789 0.000000
vt -0.050000 0.050684 0.000000
vt 0.000000 0.050684 0.000000
vt -0.050000 0.067579 0.000000
vt 0.000000 0.067579 0.000000
vt -0.050000 0.084474 0.000000
vt 0.000000 0.084474 0.000000
vt -0.050000 0.101368 0.000000
vt -0.000000 0.101368 0.000000
vt 0.000000 0.000000 0.000000
vt 0.397519 -0.000000 0.000000
vt 0.000000 0.050000 0.000000
vt 0.397519 0.050000 0.000000
vt -0.050000 -0.000000 0.000000
vt 0.689523 -0.000000 0.000000
vt -0.000000 0.050000 0.000000
vt 0.689523 0.050000 0.000000
vt 0.739523 0.000000 0.000000
vt 0.689523 0.050000 0.000000
vt 0.000000 0.000000 0.000000
vt 0.000000 0.050000 0.000000
vt 0.000000 0.000000 0.000000
vt 0.397519 -0.000000 0.000000
vt 0.000000 0.050000 0.000000
vt 0.397519 0.050000 0.000000
vt -0.050000 -0.000000 0.000000
vt 0.000000 0.000000 0.000000
vt -0.050000 0.016895 0.000000
vt -0.000000 0.016895 0.000000
vt -0.050000 0.033789 0.000000
vt -0.000000 0.033789 0.000000
vt -0.050000 0.050684 0.000000
vt -0.000000 0.050684 0.000000
vt -0.050000 0.067579 0.000000
vt -0.000000 0.067579 0.000000
vt -0.050000 0.084474 0.000000
vt -0.000000 0.084474 0.000000
vt -0.050000 0.101368 0.000000
vt 0.000000 0.101368 0.000000
vt -0.000000 0.000000 0.000000
vt 1.263095 0.000000 0.000000
vt -0.000000 0.050000 0.000000
vt 1.263095 0.050000 0.000000
vt -0.000000 0.000000 0.000000
vt 2.102969 -0.000000 0.000000
vt -0.000000 0.050000 0.000000
vt 2.102969 0.050000 0.000000
vt -0.050000 -0.000000 0.000000
vt -0.000000 -0.000000 0.000000
vt -0.050000 0.018961 0.000000
vt 0.000000 0.018961 0.000000
vt -0.050000 0.037921 0.000000
vt 0.000000 0.037921 0.000000
vt -0.050000 0.056882 0.000000
vt 0.000000 0.056882 0.000000
vt -0.050000 0.075843 0.000000
vt 0.000000 0.075843 0.000000
vt -0.050000 0.094804 0.000000
vt -0.000000 0.094804 0.000000
vt 0.000000 0.000000 0.000000
vt 0.700203 0.000000 0.000000
vt 0.000000 0.050000 0.000000
vt 0.700203 0.050000 0.000000
vt 0.000000 0.000000 0.000000
vt 0.660535 -0.000000 0.000000
vt -0.000000 0.050000 0.000000
vt 0.660535 0.050000 0.000000
vt 0.000000 0.000000 0.000000
vt 0.700203 -0.000000 0.000000
vt 0.000000 0.050000 0.000000
vt 0.700203 0.050000 0.000000
vt -0.050000 -0.000000 0.000000
vt 0.000000 0.000000 0.000000
vt -0.050000 0.018961 0.000000
vt 0.000000 0.018961 0.000000
vt -0.050000 0.037921 0.000000
vt 0.000000 0.037921 0.000000
vt -0.050000 0.056882 0.000000
vt 0.000000 0.056882 0.000000
vt -0.050000 0.075843 0.000000
vt -0.000000 0.075843 0.000000
vt -0.050000 0.094804 0.000000
vt -0.000000 0.094804 0.000000
vt 0.000000 0.000000 0.000000
vt 2.102969 -0.000000 0.000000
vt -0.000000 0.050000 0.000000
vt 2.102969 0.050000 0.000000
vt -0.693545 -0.831188 0.000000
vt -0.616536 -0.787341 0.000000
vt -2.782761 -0.591070 0.000000
vt -0.330268 -0.148331 0.000000
vt -2.326065 0.142155 0.000000
vt 0.330268 -0.148331 0.000000
vt 2.326065 0.142155 0.000000
vt 2.782761 -0.591070 0.000000
vt 2.336065 0.142155 0.000000
vt 2.782761 0.672025 0.000000
vt 2.336065 0.831678 0.000000
vt 2.724071 0.745231 0.000000
vt 2.780866 0.688778 0.000000
vt 2.775277 0.704683 0.000000
vt -0.674636 -0.830961 0.000000
vt -0.656385 -0.826013 0.000000
vt -0.639952 -0.816656 0.000000
vt -0.626381 -0.803486 0.000000
vt 0.616536 -0.787341 0.000000
vt 0.693545 -0.831188 0.000000
vt 0.626381 -0.803486 0.000000
vt 0.639952 -0.816656 0.000000
vt 0.656385 -0.826013 0.000000
vt 0.674636 -0.830961 0.000000
vt 2.766277 0.718939 0.000000
vt 2.754320 0.730824 0.000000
vt 2.740010 0.739738 0.000000
vt -2.336065 0.142155 0.000000
vt -2.782761 0.672025 0.000000
vt -2.336065 0.831678 0.000000
vt -2.724071 0.745231 0.000000
vt -2.740010 0.739738 0.000000
vt -2.754320 0.730824 0.000000
vt -2.766277 0.718939 0.000000
vt -2.775277 0.704683 0.000000
vt -2.780866 0.688778 0.000000
vn -1.000000 0.000000 -0.000000
vn -1.000000 0.000000 -0.000000
vn -1.000000 0.000000 -0.000000
vn -1.000000 0.000000 -0.000000
vn 0.000000 1.000000 0.000000
vn 0.000000 1.000000 0.000000
vn 0.000000 1.000000 0.000000
vn 0.000000 1.000000 0.000000
vn 1.000000 -0.000000 0.000000
vn 1.000000 -0.000000 0.000000
vn 1.000000 -0.000000 0.000000
vn 1.000000 -0.000000 0.000000
vn 0.217468 -0.976067 -0.000000
vn 0.217468 -0.976067 -0.000000
vn 0.217468 -0.976067 -0.000000
vn 0.217468 -0.976067 -0.000000
vn -0.217468 -0.976067 -0.000000
vn -0.217468 -0.976067 -0.000000
vn -0.217468 -0.976067 -0.000000
vn -0.217468 -0.976067 -0.000000
vn -0.000000 -0.000000 1.000000
vn -0.000000 -0.000000 1.000000
vn -0.000000 -0.000000 1.000000
vn -0.000000 -0.000000 1.000000
vn -0.000000 -0.000000 1.000000
vn 0.000000 0.000000 -1.000000
vn 0.000000 0.000000 -1.000000
vn 0.000000 0.000000 -1.000000
vn 0.000000 0.000000 -1.000000
vn 0.000000 0.000000 -1.000000
vn 0.000000 -0.707107 -0.707107
vn 0.000000 -0.707107 -0.707107
vn 0.000000 -0.707107 -0.707107
vn 0.000000 -0.707107 -0.707107
vn 0.000000 -0.707107 -0.707107
vn 0.000000 -0.707107 -0.707107
vn 0.000000 0.000000 -1.000000
vn 0.000000 0.000000 -1.000000
vn 0.000000 0.000000 -1.000000
vn 0.000000 0.000000 -1.000000
vn 0.000000 0.000000 -1.000000
vn 0.000000 0.000000 -1.000000
vn 0.000000 0.000000 -1.000000
vn 0.000000 0.000000 -1.000000
vn 0.000000 0.000000 -1.000000
vn 0.000000 0.000000 -1.000000
vn 0.000000 0.000000 -1.000000
vn 0.000000 0.000000 -1.000000
vn 0.000000 0.000000 -1.000000
vn 0.000000 0.000000 -1.000000
vn 0.000000 0.000000 -1.000000
vn 0.000000 0.000000 -1.000000
vn 0.000000 0.000000 -1.000000
vn 0.000000 0.000000 -1.000000
vn 0.000000 0.000000 -1.000000
vn 0.000000 0.000000 -1.000000
vn 0.000000 0.000000 -1.000000
vn 0.000000 0.000000 -1.000000
vn 0.000000 0.000000 -1.000000
vn 0.000000 0.000000 -1.000000
vn 0.000000 0.000000 -1.000000
vn 0.000000 0.000000 -1.000000
vn 0.000000 0.000000 -1.000000
vn 0.000000 0.000000 -1.000000
vn 0.000000 0.000000 -1.000000
vn 0.000000 0.000000 -1.000000
vn 0.000000 0.000000 -1.000000
vn 0.000000 0.000000 -1.000000
vn 0.000000 0.000000 -1.000000
vn 0.000000 0.000000 -1.000000
vn 1.000000 -0.000000 0.000000
vn 1.000000 -0.000000 0.000000
vn 1.000000 -0.000000 0.000000
vn 1.000000 -0.000000 0.000000
vn 0.217468 -0.976067 -0.000000
vn 0.217468 -0.976067 -0.000000
vn 0.429991 -0.902833 -0.000000
vn 0.429991 -0.902833 -0.000000
vn 0.620786 -0.783980 -0.000000
vn 0.620786 -0.783980 -0.000000
vn 0.780214 -0.625512 0.000000
vn 0.780214 -0.625512 0.000000
vn 0.900218 -0.435439 0.000000
vn 0.900218 -0.435439 0.000000
vn 0.974735 -0.223362 0.000000
vn 0.974735 -0.223362 0.000000
vn 0.217468 -0.976067 -0.000000
vn 0.217468 -0.976067 -0.000000
vn -1.000000 0.000000 -0.000000
vn -1.000000 0.000000 -0.000000
vn -1.000000 0.000000 -0.000000
vn -1.000000 0.000000 -0.000000
vn 1.000000 -0.000000 0.000000
vn 1.000000 -0.000000 0.000000
vn 1.000000 -0.000000 0.000000
vn 1.000000 -0.000000 0.000000
vn -0.217468 -0.976067 -0.000000
vn -0.217468 -0.976067 -0.000000
vn -0.217468 -0.976067 -0.000000
vn -0.217468 -0.976067 -0.000000
vn -1.000000 0.000000 -0.000000
vn -1.000000 -0.000000 -0.000000
vn -0.974735 -0.223362 -0.000000
vn -0.974735 -0.223362 -0.000000
vn -0.900218 -0.435439 -0.000000
vn -0.900218 -0.435439 -0.000000
vn -0.780214 -0.625512 -0.000000
vn -0.780214 -0.625512 -0.000000
vn -0.620786 -0.783980 -0.000000
vn -0.620786 -0.783980 -0.000000
vn -0.429991 -0.902833 -0.000000
vn -0.429991 -0.902833 -0.000000
vn -1.000000 0.000000 -0.000000
vn -1.000000 0.000000 -0.000000
vn -0.114180 0.993460 0.000000
vn -0.114180 0.993460 0.000000
vn -0.114180 0.993460 0.000000
vn -0.114180 0.993460 0.000000
vn 0.912608 0.408836 0.000000
vn 0.912608 0.408836 0.000000
vn 0.781339 0.624107 0.000000
vn 0.781339 0.624107 0.000000
vn 0.600398 0.799701 0.000000
vn 0.600398 0.799701 0.000000
vn 0.381288 0.924456 0.000000
vn 0.381288 0.924456 0.000000
vn 0.137938 0.990441 0.000000
vn 0.137938 0.990441 0.000000
vn 0.912608 0.408836 0.000000
vn 0.912608 0.408836 0.000000
vn 0.000000 1.000000 0.000000
vn 0.000000 1.000000 0.000000
vn 0.000000 1.000000 0.000000
vn 0.000000 1.000000 0.000000
vn -0.912608 0.408836 -0.000000
vn -0.912608 0.408836 -0.000000
vn -0.912608 0.408836 -0.000000
vn -0.912608 0.408836 -0.000000
vn 0.114180 0.993460 0.000000
vn 0.114180 0.993460 0.000000
vn -0.137938 0.990441 0.000000
vn -0.137938 0.990441 0.000000
vn -0.381288 0.924456 0.000000
vn -0.381288 0.924456 0.000000
vn -0.600398 0.799701 0.000000
vn -0.600398 0.799701 0.000000
vn -0.781339 0.624107 -0.000000
vn -0.781339 0.624107 -0.000000
vn 0.114180 0.993460 0.000000
vn 0.114180 0.993460 0.000000
vn -0.000000 -0.000000 1.000000
vn -0.000000 -0.000000 1.000000
vn -0.000000 -0.000000 1.000000
vn -0.000000 -0.000000 1.000000
vn -0.000000 -0.000000 1.000000
vn -0.000000 -0.000000 1.000000
vn -0.000000 -0.000000 1.000000
vn -0.000000 -0.000000 1.000000
vn -0.000000 -0.000000 1.000000
vn -0.000000 -0.000000 1.000000
vn -0.000000 -0.000000 1.000000
vn -0.000000 -0.000000 1.000000
vn -0.000000 -0.000000 1.000000
vn -0.000000 -0.000000 1.000000
vn -0.000000 -0.000000 1.000000
vn -0.000000 -0.000000 1.000000
vn -0.000000 -0.000000 1.000000
vn -0.000000 -0.000000 1.000000
vn -0.000000 -0.000000 1.000000
vn -0.000000 -0.000000 1.000000
vn -0.000000 -0.000000 1.000000
vn -0.000000 -0.000000 1.000000
vn -0.000000 -0.000000 1.000000
vn -0.000000 -0.000000 1.000000
vn -0.000000 -0.000000 1.000000
vn -0.000000 -0.000000 1.000000
vn -0.000000 -0.000000 1.000000
vn -0.000000 -0.000000 1.000000
vn -0.000000 -0.000000 1.000000
vn -0.000000 -0.000000 1.000000
vn -0.000000 -0.000000 1.000000
vn -0.000000 -0.000000 1.000000
vn -0.000000 -0.000000 1.000000
vn -0.000000 -0.000000 1.000000
usemtl Steel_-_Satin
f 1/1/1 2/2/2 4/3/3
f 4/3/3 2/2/2 3/4/4
f 5/5/5 1/6/6 6/7/7
f 6/7/7 1/6/6 4/8/8
f 7/9/9 5/10/10 8/11/11
f 8/11/11 5/10/10 6/12/12
f 9/13/13 7/14/14 10/15/15
f 10/15/15 7/14/14 8/16/16
f 2/17/17 9/18/18 3/19/19
f 3/19/19 9/18/18 10/20/20
f 10/21/21 8/22/22 3/23/23
f 3/23/23 8/22/22 6/24/24
f 3/23/23 6/24/24 4/25/25
f 9/26/26 2/27/27 7/28/28
f 7/28/28 2/27/27 5/29/29
f 5/29/29 2/27/27 1/30/30
f 11/31/31 12/32/32 4/33/33
f 4/33/33 12/32/32 13/34/34
f 4/33/33 13/34/34 6/35/35
f 6/35/35 13/34/34 14/36/36
f 46/37/37 15/38/38 40/39/39
f 40/39/39 15/38/38 13/40/40
f 40/39/39 13/40/40 39/41/41
f 39/41/41 13/40/40 32/42/42
f 39/41/41 32/42/42 33/43/43
f 13/40/40 12/44/44 32/42/42
f 32/42/42 12/44/44 31/45/45
f 31/45/45 12/44/44 24/46/46
f 31/45/45 24/46/46 30/47/47
f 30/47/47 24/46/46 25/48/48
f 30/47/47 25/48/48 29/49/49
f 29/49/49 25/48/48 28/50/50
f 28/50/50 25/48/48 27/51/51
f 27/51/51 25/48/48 26/52/52
f 24/46/46 12/44/44 23/53/53
f 23/53/53 12/44/44 16/54/54
f 23/53/53 16/54/54 17/55/55
f 18/56/56 19/57/57 17/55/55
f 17/55/55 19/57/57 20/58/58
f 17/55/55 20/58/58 21/59/59
f 21/59/59 22/60/60 17/55/55
f 17/55/55 22/60/60 23/53/53
f 39/41/41 33/43/43 38/61/61
f 38/61/61 33/43/43 34/62/62
f 38/61/61 34/62/62 35/63/63
f 35/63/63 36/64/64 38/61/61
f 38/61/61 36/64/64 37/65/65
f 40/39/39 41/66/66 46/37/37
f 46/37/37 41/66/66 42/67/67
f 46/37/37 42/67/67 43/68/68
f 43/68/68 44/69/69 46/37/37
f 46/37/37 44/69/69 45/70/70
f 40/71/71 39/72/72 48/73/73
f 48/73/73 39/72/72 47/74/74
f 54/75/75 46/76/76 53/77/77
f 53/77/77 46/76/76 45/78/78
f 53/77/77 45/78/78 52/79/79
f 52/79/79 45/78/78 44/80/80
f 52/79/79 44/80/80 51/81/81
f 51/81/81 44/80/80 43/82/82
f 51/81/81 43/82/82 50/83/83
f 50/83/83 43/82/82 42/84/84
f 50/83/83 42/84/84 49/85/85
f 49/85/85 42/84/84 41/86/86
f 49/85/85 41/86/86 48/87/73
f 48/87/73 41/86/86 40/88/71
f 15/89/87 46/90/76 55/91/88
f 55/91/88 46/90/76 54/92/75
f 13/93/89 15/94/90 14/95/91
f 14/95/91 15/94/90 55/96/92
f 12/97/93 11/98/94 16/99/95
f 16/99/95 11/98/94 56/100/96
f 17/101/97 16/102/98 57/103/99
f 57/103/99 16/102/98 56/104/100
f 63/105/101 23/106/102 62/107/103
f 62/107/103 23/106/102 22/108/104
f 62/107/103 22/108/104 61/109/105
f 61/109/105 22/108/104 21/110/106
f 61/109/105 21/110/106 60/111/107
f 60/111/107 21/110/106 20/112/108
f 60/111/107 20/112/108 59/113/109
f 59/113/109 20/112/108 19/114/110
f 59/113/109 19/114/110 58/115/111
f 58/115/111 19/114/110 18/116/112
f 58/115/111 18/116/112 57/117/99
f 57/117/99 18/116/112 17/118/97
f 24/119/113 23/120/102 64/121/114
f 64/121/114 23/120/102 63/122/101
f 25/123/115 24/124/116 65/125/117
f 65/125/117 24/124/116 64/126/118
f 70/127/119 30/128/120 69/129/121
f 69/129/121 30/128/120 29/130/122
f 69/129/121 29/130/122 68/131/123
f 68/131/123 29/130/122 28/132/124
f 68/131/123 28/132/124 67/133/125
f 67/133/125 28/132/124 27/134/126
f 67/133/125 27/134/126 66/135/127
f 66/135/127 27/134/126 26/136/128
f 66/135/127 26/136/128 65/137/117
f 65/137/117 26/136/128 25/138/115
f 31/139/129 30/140/120 71/141/130
f 71/141/130 30/140/120 70/142/119
f 32/143/131 31/144/132 72/145/133
f 72/145/133 31/144/132 71/146/134
f 33/147/135 32/148/136 73/149/137
f 73/149/137 32/148/136 72/150/138
f 78/151/139 38/152/140 77/153/141
f 77/153/141 38/152/140 37/154/142
f 77/153/141 37/154/142 76/155/143
f 76/155/143 37/154/142 36/156/144
f 76/155/143 36/156/144 75/157/145
f 75/157/145 36/156/144 35/158/146
f 75/157/145 35/158/146 74/159/147
f 74/159/147 35/158/146 34/160/148
f 74/159/147 34/160/148 73/161/137
f 73/161/137 34/160/148 33/162/135
f 39/163/149 38/164/140 47/165/150
f 47/165/150 38/164/140 78/166/139
f 78/167/151 73/168/152 47/169/153
f 47/169/153 73/168/152 72/170/154
f 47/169/153 72/170/154 6/171/24
f 6/171/24 72/170/154 71/172/155
f 6/171/24 71/172/155 4/173/25
f 4/173/25 71/172/155 64/174/156
f 4/173/25 64/174/156 11/175/157
f 11/175/157 64/174/156 63/176/158
f 11/175/157 63/176/158 56/177/159
f 56/177/159 63/176/158 57/178/160
f 57/178/160 63/176/158 62/179/161
f 57/178/160 62/179/161 61/180/162
f 77/181/163 76/182/164 78/167/151
f 78/167/151 76/182/164 75/183/165
f 78/167/151 75/183/165 74/184/166
f 74/184/166 73/168/152 78/167/151
f 71/172/155 70/185/167 64/174/156
f 64/174/156 70/185/167 65/186/168
f 65/186/168 70/185/167 69/187/169
f 65/186/168 69/187/169 68/188/170
f 68/188/170 67/189/171 65/186/168
f 65/186/168 67/189/171 66/190/172
f 61/180/162 60/191/173 57/178/160
f 57/178/160 60/191/173 59/192/174
f 57/178/160 59/192/174 58/193/175
f 6/171/24 14/194/176 47/169/153
f 47/169/153 14/194/176 48/195/177
f 48/195/177 14/194/176 55/196/178
f 48/195/177 55/196/178 54/197/179
f 53/198/180 52/199/181 54/197/179
f 54/197/179 52/199/181 51/200/182
f 54/197/179 51/200/182 50/201/183
f 50/201/183 49/202/184 54/197/179
f 54/197/179 49/202/184 48/195/177
g Body169

v -0.990000 1.586821 0.345994
v -0.990000 1.578858 0.296632
v -7.020000 1.578858 0.296632
v -7.020000 1.586821 0.345994
v -1.000000 1.586821 0.345994
v -7.850000 1.307670 0.340381
v -7.850000 2.128524 0.207958
v -7.847279 2.151692 0.204220
v -7.839265 2.173599 0.200686
v -7.826393 2.193054 0.197548
v -7.809364 2.208997 0.194976
v -7.789105 2.220561 0.193110
v -1.000000 2.220561 0.193110
v -1.000000 1.616268 0.290597
v -7.030000 1.616268 0.290597
v -7.030000 1.307670 0.340381
v -7.030000 1.586821 0.345994
v -7.850000 -0.144479 0.279848
v -7.846616 -0.170272 0.269609
v -7.836694 -0.194320 0.260063
v -7.820906 -0.214995 0.251856
v -7.800318 -0.230897 0.245544
v -7.776326 -0.240952 0.241553
v -7.750000 -0.244479 0.260000
v -7.769045 -0.242640 0.273406
v -7.788378 -0.236811 0.286590
v -7.806250 -0.227159 0.297842
v -7.814692 -0.220724 0.302551
v -7.822904 -0.212927 0.306473
v -7.837634 -0.192649 0.314522
v -7.846859 -0.169345 0.323772
v -7.850000 -0.144479 0.333643
v -7.850000 2.128524 0.258604
v -7.846593 2.154406 0.254429
v -7.836603 2.178524 0.250538
v -7.820711 2.199235 0.247197
v -7.800000 2.215127 0.244633
v -7.775882 2.225117 0.243022
v -7.750000 2.228524 0.242472
v -7.752511 2.228493 0.242277
v -7.755020 2.228398 0.241690
v -7.760028 2.228020 0.239348
v -7.765010 2.227391 0.235450
v -7.769954 2.226513 0.230006
v -7.779679 2.224018 0.214542
v -7.030000 1.307670 0.391027
v -7.020000 1.297670 0.341994
v -7.850000 1.297670 0.341994
v -7.850000 1.297670 0.392641
v -7.020000 1.297670 0.392641
v -7.850000 1.307670 0.391027
v -0.990000 2.228524 0.242472
v -0.990000 2.220561 0.193110
v -1.000000 2.228524 0.242472
v -7.850000 0.227670 0.481368
v -7.850000 0.747670 0.481368
v -7.850000 0.743663 0.431368
v -7.850000 0.237231 0.431368
v -5.300000 0.237231 0.431368
v -5.300000 -0.240952 0.241553
v -5.300000 0.743663 0.431368
v -5.300000 -0.194479 0.210000
v -5.300000 -0.206296 0.211416
v -5.300000 -0.217443 0.215585
v -5.300000 -0.227289 0.222270
v -5.300000 -0.235276 0.231092
v -5.300000 1.500000 0.309354
v -5.300000 1.500000 0.210000
v 0.990000 1.578858 0.296632
v 0.990000 1.586821 0.345994
v 1.000000 1.586821 0.345994
v 7.020000 1.586821 0.345994
v 7.020000 1.578858 0.296632
v 7.850000 2.128524 0.207958
v 7.850000 1.307670 0.340381
v 7.030000 1.307670 0.340381
v 7.030000 1.616268 0.290597
v 1.000000 1.616268 0.290597
v 1.000000 2.220561 0.193110
v 7.789105 2.220561 0.193110
v 7.809364 2.208997 0.194976
v 7.826393 2.193054 0.197548
v 7.839265 2.173599 0.200686
v 7.847279 2.151692 0.204220
v 7.030000 1.586821 0.345994
v 7.776326 -0.240952 0.241553
v 7.800318 -0.230897 0.245544
v 7.820906 -0.214995 0.251856
v 7.836694 -0.194320 0.260063
v 7.846616 -0.170272 0.269609
v 7.850000 -0.144479 0.279848
v 7.850000 -0.144479 0.333643
v 7.846859 -0.169345 0.323772
v 7.837634 -0.192649 0.314522
v 7.822904 -0.212927 0.306473
v 7.814692 -0.220724 0.302551
v 7.806250 -0.227159 0.297842
v 7.788378 -0.236811 0.286590
v 7.769045 -0.242640 0.273406
v 7.750000 -0.244479 0.260000
v 7.779679 2.224018 0.214542
v 7.769954 2.226513 0.230006
v 7.765010 2.227391 0.235450
v 7.760028 2.228020 0.239348
v 7.755020 2.228398 0.241690
v 7.752511 2.228493 0.242277
v 7.750000 2.228524 0.242472
v 7.775882 2.225117 0.243022
v 7.800000 2.215127 0.244633
v 7.820711 2.199235 0.247197
v 7.836603 2.178524 0.250538
v 7.846593 2.154406 0.254429
v 7.850000 2.128524 0.258604
v 7.030000 1.307670 0.391027
v 7.850000 1.297670 0.341994
v 7.020000 1.297670 0.341994
v 7.020000 1.297670 0.392641
v 7.850000 1.297670 0.392641
v 7.850000 1.307670 0.391027
v 0.990000 2.228524 0.242472
v 0.990000 2.220561 0.193110
v 1.000000 2.228524 0.242472
v 0.000000 -0.212927 0.306473
v 5.300000 -0.194479 0.210000
v 5.300000 -0.206296 0.211416
v 5.300000 -0.217443 0.215585
v 5.300000 -0.227289 0.222270
v 5.300000 -0.235276 0.231092
v 5.300000 -0.240952 0.241553
v 7.553148 -0.244379 0.256836
v -7.553148 -0.244379 0.256836
v -5.125351 -0.236687 0.233195
v -4.855595 -0.236687 0.233195
v -4.585840 -0.236687 0.233195
v -4.316085 -0.236687 0.233195
v -4.046330 -0.236687 0.233195
v -3.776574 -0.236687 0.233195
v -3.506819 -0.236687 0.233195
v -3.237064 -0.236687 0.233195
v -2.967308 -0.236687 0.233195
v -2.697553 -0.236687 0.233195
v -2.427798 -0.236687 0.233195
v -2.158042 -0.236687 0.233195
v -1.888287 -0.236687 0.233195
v -1.618532 -0.236687 0.233195
v -1.348777 -0.236687 0.233195
v -1.079021 -0.236687 0.233195
v -0.809266 -0.236687 0.233195
v -0.539511 -0.236687 0.233195
v -0.269755 -0.236687 0.233195
v 0.000000 -0.236687 0.233195
v 0.269755 -0.236687 0.233195
v 0.539511 -0.236687 0.233195
v 0.809266 -0.236687 0.233195
v 1.079021 -0.236687 0.233195
v 1.348777 -0.236687 0.233195
v 1.618532 -0.236687 0.233195
v 1.888287 -0.236687 0.233195
v 2.158042 -0.236687 0.233195
v 2.427798 -0.236687 0.233195
v 2.697553 -0.236687 0.233195
v 2.967308 -0.236687 0.233195
v 3.237064 -0.236687 0.233195
v 3.506819 -0.236687 0.233195
v 3.776574 -0.236687 0.233195
v 4.046330 -0.236687 0.233195
v 4.316085 -0.236687 0.233195
v 4.585840 -0.236687 0.233195
v 4.855595 -0.236687 0.233195
v 5.125351 -0.236687 0.233195
v 7.553148 -0.242026 0.244530
v 7.283393 -0.242026 0.244530
v 7.013638 -0.242026 0.244530
v 6.743883 -0.242026 0.244530
v 6.474127 -0.242026 0.244530
v 6.204372 -0.242026 0.244530
v 5.934617 -0.242026 0.244530
v 5.664861 -0.242026 0.244530
v 5.395106 -0.242026 0.244530
v 5.125351 -0.242026 0.244530
v 4.855595 -0.242026 0.244530
v 4.585840 -0.242026 0.244530
v 4.316085 -0.242026 0.244530
v 4.046330 -0.242026 0.244530
v 3.776574 -0.242026 0.244530
v 3.506819 -0.242026 0.244530
v 3.237064 -0.242026 0.244530
v 2.967308 -0.242026 0.244530
v 2.697553 -0.242026 0.244530
v 2.427798 -0.242026 0.244530
v 2.158042 -0.242026 0.244530
v 1.888287 -0.242026 0.244530
v 1.618532 -0.242026 0.244530
v 1.348777 -0.242026 0.244530
v 1.079021 -0.242026 0.244530
v 0.809266 -0.242026 0.244530
v 0.539511 -0.242026 0.244530
v 0.269755 -0.242026 0.244530
v -0.000000 -0.242026 0.244530
v -0.269755 -0.242026 0.244530
v -0.539511 -0.242026 0.244530
v -0.809266 -0.242026 0.244530
v -1.079021 -0.242026 0.244530
v -1.348777 -0.242026 0.244530
v -1.618532 -0.242026 0.244530
v -1.888287 -0.242026 0.244530
v -2.158042 -0.242026 0.244530
v -2.427798 -0.242026 0.244530
v -2.697553 -0.242026 0.244530
v -2.967308 -0.242026 0.244530
v -3.237064 -0.242026 0.244530
v -3.506819 -0.242026 0.244530
v -3.776574 -0.242026 0.244530
v -4.046330 -0.242026 0.244530
v -4.316085 -0.242026 0.244530
v -4.585840 -0.242026 0.244530
v -4.855595 -0.242026 0.244530
v -5.125351 -0.242026 0.244530
v -5.395106 -0.242026 0.244530
v -5.664861 -0.242026 0.244530
v -5.934617 -0.242026 0.244530
v -6.204372 -0.242026 0.244530
v -6.474127 -0.242026 0.244530
v -6.743883 -0.242026 0.244530
v -7.013638 -0.242026 0.244530
v -7.283393 -0.242026 0.244530
v -7.553148 -0.242026 0.244530
v 7.553148 -0.243599 0.269341
v 7.283393 -0.243599 0.269341
v 7.013638 -0.243599 0.269341
v 6.743883 -0.243599 0.269341
v 6.474127 -0.243599 0.269341
v 6.204372 -0.243599 0.269341
v 5.934617 -0.243599 0.269341
v 5.664861 -0.243599 0.269341
v 5.395106 -0.243599 0.269341
v 5.125351 -0.243599 0.269341
v 4.855595 -0.243599 0.269341
v 4.585840 -0.243599 0.269341
v 4.316085 -0.243599 0.269341
v 4.046330 -0.243599 0.269341
v 3.776574 -0.243599 0.269341
v 3.506819 -0.243599 0.269341
v 3.237064 -0.243599 0.269341
v 2.967308 -0.243599 0.269341
v 2.697553 -0.243599 0.269341
v 2.427798 -0.243599 0.269341
v 2.158042 -0.243599 0.269341
v 1.888287 -0.243599 0.269341
v 1.618532 -0.243599 0.269341
v 1.348777 -0.243599 0.269341
v 1.079021 -0.243599 0.269341
v 0.809266 -0.243599 0.269341
v 0.539511 -0.243599 0.269341
v 0.269755 -0.243599 0.269341
v 0.000000 -0.243599 0.269341
v -0.269755 -0.243599 0.269341
v -0.539511 -0.243599 0.269341
v -0.809266 -0.243599 0.269341
v -1.079021 -0.243599 0.269341
v -1.348777 -0.243599 0.269341
v -1.618532 -0.243599 0.269341
v -1.888287 -0.243599 0.269341
v -2.158042 -0.243599 0.269341
v -2.427798 -0.243599 0.269341
v -2.697553 -0.243599 0.269341
v -2.967308 -0.243599 0.269341
v -3.237064 -0.243599 0.269341
v -3.506819 -0.243599 0.269341
v -3.776574 -0.243599 0.269341
v -4.046330 -0.243599 0.269341
v -4.316085 -0.243599 0.269341
v -4.585840 -0.243599 0.269341
v -4.855595 -0.243599 0.269341
v -5.125351 -0.243599 0.269341
v -5.395106 -0.243599 0.269341
v -5.664861 -0.243599 0.269341
v -5.934617 -0.243599 0.269341
v -6.204372 -0.243599 0.269341
v -6.474127 -0.243599 0.269341
v -6.743883 -0.243599 0.269341
v -7.013638 -0.243599 0.269341
v -7.283393 -0.243599 0.269341
v -7.553148 -0.243599 0.269341
v -7.283393 -0.244379 0.256836
v -7.013638 -0.244379 0.256836
v -6.743883 -0.244379 0.256836
v -6.474127 -0.244379 0.256836
v -6.204372 -0.244379 0.256836
v -5.934617 -0.244379 0.256836
v -5.664861 -0.244379 0.256836
v -5.395106 -0.244379 0.256836
v -5.125351 -0.244379 0.256836
v -4.855595 -0.244379 0.256836
v -4.585840 -0.244379 0.256836
v -4.316085 -0.244379 0.256836
v -4.046330 -0.244379 0.256836
v -3.776574 -0.244379 0.256836
v -3.506819 -0.244379 0.256836
v -3.237064 -0.244379 0.256836
v -2.967308 -0.244379 0.256836
v -2.697553 -0.244379 0.256836
v -2.427798 -0.244379 0.256836
v -2.158042 -0.244379 0.256836
v -1.888287 -0.244379 0.256836
v -1.618532 -0.244379 0.256836
v -1.348777 -0.244379 0.256836
v -1.079021 -0.244379 0.256836
v -0.809266 -0.244379 0.256836
v -0.539511 -0.244379 0.256836
v -0.269755 -0.244379 0.256836
v 0.000000 -0.244379 0.256836
v 0.269755 -0.244379 0.256836
v 0.539511 -0.244379 0.256836
v 0.809266 -0.244379 0.256836
v 1.079021 -0.244379 0.256836
v 1.348777 -0.244379 0.256836
v 1.618532 -0.244379 0.256836
v 1.888287 -0.244379 0.256836
v 2.158042 -0.244379 0.256836
v 2.427798 -0.244379 0.256836
v 2.697553 -0.244379 0.256836
v 2.967308 -0.244379 0.256836
v 3.237064 -0.244379 0.256836
v 3.506819 -0.244379 0.256836
v 3.776574 -0.244379 0.256836
v 4.046330 -0.244379 0.256836
v 4.316085 -0.244379 0.256836
v 4.585840 -0.244379 0.256836
v 4.855595 -0.244379 0.256836
v 5.125351 -0.244379 0.256836
v 5.395106 -0.244379 0.256836
v 5.664861 -0.244379 0.256836
v 5.934617 -0.244379 0.256836
v 6.204372 -0.244379 0.256836
v 6.474127 -0.244379 0.256836
v 6.743883 -0.244379 0.256836
v 7.013638 -0.244379 0.256836
v 7.283393 -0.244379 0.256836
v 7.553148 -0.239734 0.281260
v 7.283393 -0.239734 0.281260
v 7.013638 -0.239734 0.281260
v 6.743883 -0.239734 0.281260
v 6.474127 -0.239734 0.281260
v 6.204372 -0.239734 0.281260
v 5.934617 -0.239734 0.281260
v 5.664861 -0.239734 0.281260
v 5.395106 -0.239734 0.281260
v 5.125351 -0.239734 0.281260
v 4.855595 -0.239734 0.281260
v 4.585840 -0.239734 0.281260
v 4.316085 -0.239734 0.281260
v 4.046330 -0.239734 0.281260
v 3.776574 -0.239734 0.281260
v 3.506819 -0.239734 0.281260
v 3.237064 -0.239734 0.281260
v 2.967308 -0.239734 0.281260
v 2.697553 -0.239734 0.281260
v 2.427798 -0.239734 0.281260
v 2.158042 -0.239734 0.281260
v 1.888287 -0.239734 0.281260
v 1.618532 -0.239734 0.281260
v 1.348777 -0.239734 0.281260
v 1.079021 -0.239734 0.281260
v 0.809266 -0.239734 0.281260
v 0.539511 -0.239734 0.281260
v 0.269755 -0.239734 0.281260
v 0.000000 -0.239734 0.281260
v -0.269755 -0.239734 0.281260
v -0.539511 -0.239734 0.281260
v -0.809266 -0.239734 0.281260
v -1.079021 -0.239734 0.281260
v -1.348777 -0.239734 0.281260
v -1.618532 -0.239734 0.281260
v -1.888287 -0.239734 0.281260
v -2.158042 -0.239734 0.281260
v -2.427798 -0.239734 0.281260
v -2.697553 -0.239734 0.281260
v -2.967308 -0.239734 0.281260
v -3.237064 -0.239734 0.281260
v -3.506819 -0.239734 0.281260
v -3.776574 -0.239734 0.281260
v -4.046330 -0.239734 0.281260
v -4.316085 -0.239734 0.281260
v -4.585840 -0.239734 0.281260
v -4.855595 -0.239734 0.281260
v -5.125351 -0.239734 0.281260
v -5.395106 -0.239734 0.281260
v -5.664861 -0.239734 0.281260
v -5.934617 -0.239734 0.281260
v -6.204372 -0.239734 0.281260
v -6.474127 -0.239734 0.281260
v -6.743883 -0.239734 0.281260
v -7.013638 -0.239734 0.281260
v -7.283393 -0.239734 0.281260
v -7.553148 -0.239734 0.281260
v 7.553148 -0.233028 0.291843
v 7.283393 -0.233028 0.291843
v 7.013638 -0.233028 0.291843
v 6.743883 -0.233028 0.291843
v 6.474127 -0.233028 0.291843
v 6.204372 -0.233028 0.291843
v 5.934617 -0.233028 0.291843
v 5.664861 -0.233028 0.291843
v 5.395106 -0.233028 0.291843
v 5.125351 -0.233028 0.291843
v 4.855595 -0.233028 0.291843
v 4.585840 -0.233028 0.291843
v 4.316085 -0.233028 0.291843
v 4.046330 -0.233028 0.291843
v 3.776574 -0.233028 0.291843
v 3.506819 -0.233028 0.291843
v 3.237064 -0.233028 0.291843
v 2.967308 -0.233028 0.291843
v 2.697553 -0.233028 0.291843
v 2.427798 -0.233028 0.291843
v 2.158042 -0.233028 0.291843
v 1.888287 -0.233028 0.291843
v 1.618532 -0.233028 0.291843
v 1.348777 -0.233028 0.291843
v 1.079021 -0.233028 0.291843
v 0.809266 -0.233028 0.291843
v 0.539511 -0.233028 0.291843
v 0.269755 -0.233028 0.291843
v 0.000000 -0.233028 0.291843
v -0.269755 -0.233028 0.291843
v -0.539511 -0.233028 0.291843
v -0.809266 -0.233028 0.291843
v -1.079021 -0.233028 0.291843
v -1.348777 -0.233028 0.291843
v -1.618532 -0.233028 0.291843
v -1.888287 -0.233028 0.291843
v -2.158042 -0.233028 0.291843
v -2.427798 -0.233028 0.291843
v -2.697553 -0.233028 0.291843
v -2.967308 -0.233028 0.291843
v -3.237064 -0.233028 0.291843
v -3.506819 -0.233028 0.291843
v -3.776574 -0.233028 0.291843
v -4.046330 -0.233028 0.291843
v -4.316085 -0.233028 0.291843
v -4.585840 -0.233028 0.291843
v -4.855595 -0.233028 0.291843
v -5.125351 -0.233028 0.291843
v -5.395106 -0.233028 0.291843
v -5.664861 -0.233028 0.291843
v -5.934617 -0.233028 0.291843
v -6.204372 -0.233028 0.291843
v -6.474127 -0.233028 0.291843
v -6.743883 -0.233028 0.291843
v -7.013638 -0.233028 0.291843
v -7.283393 -0.233028 0.291843
v -7.553148 -0.233028 0.291843
v 7.553148 -0.223901 0.300427
v 7.283393 -0.223901 0.300427
v 7.013638 -0.223901 0.300427
v 6.743883 -0.223901 0.300427
v 6.474127 -0.223901 0.300427
v 6.204372 -0.223901 0.300427
v 5.934617 -0.223901 0.300427
v 5.664861 -0.223901 0.300427
v 5.395106 -0.223901 0.300427
v 5.125351 -0.223901 0.300427
v 4.855595 -0.223901 0.300427
v 4.585840 -0.223901 0.300427
v 4.316085 -0.223901 0.300427
v 4.046330 -0.223901 0.300427
v 3.776574 -0.223901 0.300427
v 3.506819 -0.223901 0.300427
v 3.237064 -0.223901 0.300427
v 2.967308 -0.223901 0.300427
v 2.697553 -0.223901 0.300427
v 2.427798 -0.223901 0.300427
v 2.158042 -0.223901 0.300427
v 1.888287 -0.223901 0.300427
v 1.618532 -0.223901 0.300427
v 1.348777 -0.223901 0.300427
v 1.079021 -0.223901 0.300427
v 0.809266 -0.223901 0.300427
v 0.539511 -0.223901 0.300427
v 0.269755 -0.223901 0.300427
v 0.000000 -0.223901 0.300427
v -0.269755 -0.223901 0.300427
v -0.539511 -0.223901 0.300427
v -0.809266 -0.223901 0.300427
v -1.079021 -0.223901 0.300427
v -1.348777 -0.223901 0.300427
v -1.618532 -0.223901 0.300427
v -1.888287 -0.223901 0.300427
v -2.158042 -0.223901 0.300427
v -2.427798 -0.223901 0.300427
v -2.697553 -0.223901 0.300427
v -2.967308 -0.223901 0.300427
v -3.237064 -0.223901 0.300427
v -3.506819 -0.223901 0.300427
v -3.776574 -0.223901 0.300427
v -4.046330 -0.223901 0.300427
v -4.316085 -0.223901 0.300427
v -4.585840 -0.223901 0.300427
v -4.855595 -0.223901 0.300427
v -5.125351 -0.223901 0.300427
v -5.395106 -0.223901 0.300427
v -5.664861 -0.223901 0.300427
v -5.934617 -0.223901 0.300427
v -6.204372 -0.223901 0.300427
v -6.474127 -0.223901 0.300427
v -6.743883 -0.223901 0.300427
v -7.013638 -0.223901 0.300427
v -7.283393 -0.223901 0.300427
v -7.553148 -0.223901 0.300427
v -5.125351 -0.228698 0.223543
v -4.855595 -0.228698 0.223543
v -4.585840 -0.228698 0.223543
v -4.316085 -0.228698 0.223543
v -4.046330 -0.228698 0.223543
v -3.776574 -0.228698 0.223543
v -3.506819 -0.228698 0.223543
v -3.237064 -0.228698 0.223543
v -2.967308 -0.228698 0.223543
v -2.697553 -0.228698 0.223543
v -2.427798 -0.228698 0.223543
v -2.158042 -0.228698 0.223543
v -1.888287 -0.228698 0.223543
v -1.618532 -0.228698 0.223543
v -1.348777 -0.228698 0.223543
v -1.079021 -0.228698 0.223543
v -0.809266 -0.228698 0.223543
v -0.539511 -0.228698 0.223543
v -0.269755 -0.228698 0.223543
v 0.000000 -0.228698 0.223543
v 0.269755 -0.228698 0.223543
v 0.539511 -0.228698 0.223543
v 0.809266 -0.228698 0.223543
v 1.079021 -0.228698 0.223543
v 1.348777 -0.228698 0.223543
v 1.618532 -0.228698 0.223543
v 1.888287 -0.228698 0.223543
v 2.158042 -0.228698 0.223543
v 2.427798 -0.228698 0.223543
v 2.697553 -0.228698 0.223543
v 2.967308 -0.228698 0.223543
v 3.237064 -0.228698 0.223543
v 3.506819 -0.228698 0.223543
v 3.776574 -0.228698 0.223543
v 4.046330 -0.228698 0.223543
v 4.316085 -0.228698 0.223543
v 4.585840 -0.228698 0.223543
v 4.855595 -0.228698 0.223543
v 5.125351 -0.228698 0.223543
v -5.125351 -0.218560 0.216181
v -4.855595 -0.218560 0.216181
v -4.585840 -0.218560 0.216181
v -4.316085 -0.218560 0.216181
v -4.046330 -0.218560 0.216181
v -3.776574 -0.218560 0.216181
v -3.506819 -0.218560 0.216181
v -3.237064 -0.218560 0.216181
v -2.967308 -0.218560 0.216181
v -2.697553 -0.218560 0.216181
v -2.427798 -0.218560 0.216181
v -2.158042 -0.218560 0.216181
v -1.888287 -0.218560 0.216181
v -1.618532 -0.218560 0.216181
v -1.348777 -0.218560 0.216181
v -1.079021 -0.218560 0.216181
v -0.809266 -0.218560 0.216181
v -0.539511 -0.218560 0.216181
v -0.269755 -0.218560 0.216181
v 0.000000 -0.218560 0.216181
v 0.269755 -0.218560 0.216181
v 0.539511 -0.218560 0.216181
v 0.809266 -0.218560 0.216181
v 1.079021 -0.218560 0.216181
v 1.348777 -0.218560 0.216181
v 1.618532 -0.218560 0.216181
v 1.888287 -0.218560 0.216181
v 2.158042 -0.218560 0.216181
v 2.427798 -0.218560 0.216181
v 2.697553 -0.218560 0.216181
v 2.967308 -0.218560 0.216181
v 3.237064 -0.218560 0.216181
v 3.506819 -0.218560 0.216181
v 3.776574 -0.218560 0.216181
v 4.046330 -0.218560 0.216181
v 4.316085 -0.218560 0.216181
v 4.585840 -0.218560 0.216181
v 4.855595 -0.218560 0.216181
v 5.125351 -0.218560 0.216181
v -5.125351 -0.206910 0.211570
v -4.855595 -0.206910 0.211570
v -4.585840 -0.206910 0.211570
v -4.316085 -0.206910 0.211570
v -4.046330 -0.206910 0.211570
v -3.776574 -0.206910 0.211570
v -3.506819 -0.206910 0.211570
v -3.237064 -0.206910 0.211570
v -2.967308 -0.206910 0.211570
v -2.697553 -0.206910 0.211570
v -2.427798 -0.206910 0.211570
v -2.158042 -0.206910 0.211570
v -1.888287 -0.206910 0.211570
v -1.618532 -0.206910 0.211570
v -1.348777 -0.206910 0.211570
v -1.079021 -0.206910 0.211570
v -0.809266 -0.206910 0.211570
v -0.539511 -0.206910 0.211570
v -0.269755 -0.206910 0.211570
v 0.000000 -0.206910 0.211570
v 0.269755 -0.206910 0.211570
v 0.539511 -0.206910 0.211570
v 0.809266 -0.206910 0.211570
v 1.079021 -0.206910 0.211570
v 1.348777 -0.206910 0.211570
v 1.618532 -0.206910 0.211570
v 1.888287 -0.206910 0.211570
v 2.158042 -0.206910 0.211570
v 2.427798 -0.206910 0.211570
v 2.697553 -0.206910 0.211570
v 2.967308 -0.206910 0.211570
v 3.237064 -0.206910 0.211570
v 3.506819 -0.206910 0.211570
v 3.776574 -0.206910 0.211570
v 4.046330 -0.206910 0.211570
v 4.316085 -0.206910 0.211570
v 4.585840 -0.206910 0.211570
v 4.855595 -0.206910 0.211570
v 5.125351 -0.206910 0.211570
v 7.850000 0.227670 0.481368
v 0.000000 0.227670 0.481368
v 7.850000 0.743663 0.431368
v 5.300000 0.743663 0.431368
v 5.300000 1.500000 0.309354
v 0.000000 0.747670 0.481368
v 7.850000 0.747670 0.481368
v 7.850000 0.237231 0.431368
v 5.300000 0.237231 0.431368
v 5.300000 1.500000 0.210000
vt -0.050000 0.990000 0.000000
vt -0.000000 0.990000 0.000000
vt -0.050000 1.000000 0.000000
vt -0.000000 7.020000 0.000000
vt -0.050000 7.020000 0.000000
vt 0.312587 7.030000 0.000000
vt 0.312587 7.850000 0.000000
vt 0.000000 7.030000 0.000000
vt -0.518879 7.850000 0.000000
vt -0.612106 1.000000 0.000000
vt -0.542347 7.847279 0.000000
vt -0.612106 7.789105 0.000000
vt -0.564537 7.839265 0.000000
vt -0.584243 7.826393 0.000000
vt -0.600393 7.809364 0.000000
vt -0.000000 1.000000 0.000000
vt 0.000000 7.030000 0.000000
vt -0.062737 7.030000 0.000000
vt 0.000000 7.020000 0.000000
vt -0.062737 1.000000 0.000000
vt 0.000000 1.000000 0.000000
vt 0.333643 0.157080 0.000000
vt 0.279848 0.157080 0.000000
vt 0.323772 0.131950 0.000000
vt 0.269609 0.130992 0.000000
vt 0.314522 0.106821 0.000000
vt 0.260063 0.104904 0.000000
vt 0.306473 0.081691 0.000000
vt 0.251856 0.078816 0.000000
vt 0.302551 0.070362 0.000000
vt 0.245544 0.052728 0.000000
vt 0.297842 0.059741 0.000000
vt 0.286590 0.039393 0.000000
vt 0.241553 0.026640 0.000000
vt 0.273406 0.019164 0.000000
vt 0.260000 0.000000 0.000000
vt 0.214542 0.126946 0.000000
vt 0.193110 0.116902 0.000000
vt 0.244633 0.104720 0.000000
vt 0.194976 0.093522 0.000000
vt 0.247197 0.078540 0.000000
vt 0.197548 0.070141 0.000000
vt 0.250538 0.052360 0.000000
vt 0.200686 0.046761 0.000000
vt 0.254429 0.026180 0.000000
vt 0.204220 0.023380 0.000000
vt 0.258604 0.000000 0.000000
vt 0.207958 0.000000 0.000000
vt 0.243022 0.130900 0.000000
vt 0.230006 0.136991 0.000000
vt 0.235450 0.142013 0.000000
vt 0.239348 0.147035 0.000000
vt 0.241690 0.152057 0.000000
vt 0.242277 0.154569 0.000000
vt 0.242472 0.157080 0.000000
vt 0.308598 0.290597 0.000000
vt 0.279151 0.345994 0.000000
vt 0.000000 0.340381 0.000000
vt 0.000000 0.391027 0.000000
vt 0.000000 0.341994 0.000000
vt 0.830000 0.341994 0.000000
vt 0.000000 0.392641 0.000000
vt 0.830000 0.392641 0.000000
vt 0.007963 0.296632 0.000000
vt 0.289151 0.341994 0.000000
vt 0.000000 0.345994 0.000000
vt 0.289151 0.392641 0.000000
vt 0.000000 0.340381 0.000000
vt 0.820000 0.340381 0.000000
vt 0.000000 0.391027 0.000000
vt 0.820000 0.391027 0.000000
vt 0.641703 0.345994 0.000000
vt 0.000000 0.242472 0.000000
vt 0.649667 0.296632 0.000000
vt 0.007963 0.193110 0.000000
vt 0.000000 0.345994 0.000000
vt 0.029447 0.290597 0.000000
vt 0.641703 0.242472 0.000000
vt 0.633740 0.193110 0.000000
vt -0.061594 0.220852 0.000000
vt 0.070829 -0.600002 0.000000
vt -0.010948 0.220852 0.000000
vt 0.121475 -0.600002 0.000000
vt -0.065837 -0.772890 0.000000
vt -0.012041 -0.772890 0.000000
vt 0.085684 -0.391179 0.000000
vt 0.135684 -0.400740 0.000000
vt 0.135684 0.119260 0.000000
vt 0.085684 0.115253 0.000000
vt 0.046956 0.669260 0.000000
vt -0.003690 0.669260 0.000000
vt -0.086777 7.800318 0.000000
vt -0.103887 7.820906 0.000000
vt -0.075960 7.776326 0.000000
vt -0.126131 7.836694 0.000000
vt -0.075960 5.300000 0.000000
vt -0.152004 7.846616 0.000000
vt -0.179755 7.850000 0.000000
vt -0.590439 7.850000 0.000000
vt -0.590439 5.300000 0.000000
vt -0.506432 5.300000 0.000000
vt -0.000000 5.300000 0.000000
vt -0.506432 7.850000 0.000000
vt -0.000000 7.850000 0.000000
vt -0.932760 7.850000 0.000000
vt -0.650000 7.030000 0.000000
vt -0.101293 7.850000 0.000000
vt -0.650000 7.020000 0.000000
vt -0.000000 1.000000 0.000000
vt -0.650000 1.000000 0.000000
vt -0.932760 7.030000 0.000000
vt 0.000000 7.750000 0.000000
vt -0.075076 7.846593 0.000000
vt -0.050646 7.836603 0.000000
vt -0.029668 7.820711 0.000000
vt -0.013571 7.800000 0.000000
vt -0.003451 7.775882 0.000000
vt -0.000000 7.789105 0.000000
vt -0.021709 7.779679 0.000000
vt -0.000000 1.000000 0.000000
vt -0.050000 1.000000 0.000000
vt -0.037373 7.769954 0.000000
vt -0.042887 7.765010 0.000000
vt -0.046835 7.760028 0.000000
vt -0.049208 7.755020 0.000000
vt -0.050000 7.750000 0.000000
vt -0.049802 7.752511 0.000000
vt -0.134268 -0.791296 0.000000
vt -0.130099 -0.802443 0.000000
vt -0.135684 -0.779479 0.000000
vt -0.123414 -0.812289 0.000000
vt -0.114592 -0.820276 0.000000
vt -0.104132 -0.825952 0.000000
vt -0.135684 0.915000 0.000000
vt -0.036331 0.915000 0.000000
vt 0.085684 0.158663 0.000000
vt 0.085684 -0.347769 0.000000
vt 0.050000 0.990000 0.000000
vt 0.050000 1.000000 0.000000
vt 0.000000 0.990000 0.000000
vt 0.000000 7.020000 0.000000
vt 0.050000 7.020000 0.000000
vt -0.312587 7.850000 0.000000
vt -0.000000 7.030000 0.000000
vt 0.518879 7.850000 0.000000
vt 0.612106 1.000000 0.000000
vt 0.542347 7.847279 0.000000
vt 0.612106 7.789105 0.000000
vt 0.564537 7.839265 0.000000
vt 0.584243 7.826393 0.000000
vt 0.600393 7.809364 0.000000
vt -0.312587 7.030000 0.000000
vt 0.000000 1.000000 0.000000
vt -0.000000 7.030000 0.000000
vt -0.000000 7.020000 0.000000
vt 0.062737 7.030000 0.000000
vt 0.062737 1.000000 0.000000
vt -0.000000 1.000000 0.000000
vt -0.245544 0.052728 0.000000
vt -0.286590 0.039393 0.000000
vt -0.241553 0.026640 0.000000
vt -0.273406 0.019164 0.000000
vt -0.260000 0.000000 0.000000
vt -0.251856 0.078816 0.000000
vt -0.302551 0.070362 0.000000
vt -0.297842 0.059741 0.000000
vt -0.306473 0.081691 0.000000
vt -0.260063 0.104904 0.000000
vt -0.314522 0.106821 0.000000
vt -0.269609 0.130992 0.000000
vt -0.323772 0.131950 0.000000
vt -0.279848 0.157080 0.000000
vt -0.333643 0.157080 0.000000
vt -0.207958 0.000000 0.000000
vt -0.204220 0.023380 0.000000
vt -0.258604 0.000000 0.000000
vt -0.254429 0.026180 0.000000
vt -0.200686 0.046761 0.000000
vt -0.250538 0.052360 0.000000
vt -0.197548 0.070141 0.000000
vt -0.247197 0.078540 0.000000
vt -0.194976 0.093522 0.000000
vt -0.244633 0.104720 0.000000
vt -0.193110 0.116902 0.000000
vt -0.214542 0.126946 0.000000
vt -0.243022 0.130900 0.000000
vt -0.230006 0.136991 0.000000
vt -0.235450 0.142013 0.000000
vt -0.239348 0.147035 0.000000
vt -0.241690 0.152057 0.000000
vt -0.242277 0.154569 0.000000
vt -0.242472 0.157080 0.000000
vt -0.308598 0.290597 0.000000
vt -0.000000 0.340381 0.000000
vt -0.279151 0.345994 0.000000
vt -0.000000 0.391027 0.000000
vt -0.830000 0.341994 0.000000
vt -0.000000 0.341994 0.000000
vt -0.830000 0.392641 0.000000
vt -0.000000 0.392641 0.000000
vt -0.007963 0.296632 0.000000
vt 0.000000 0.345994 0.000000
vt -0.289151 0.341994 0.000000
vt -0.289151 0.392641 0.000000
vt -0.820000 0.340381 0.000000
vt -0.000000 0.340381 0.000000
vt -0.820000 0.391027 0.000000
vt -0.000000 0.391027 0.000000
vt -0.641703 0.345994 0.000000
vt -0.649667 0.296632 0.000000
vt 0.000000 0.242472 0.000000
vt -0.007963 0.193110 0.000000
vt -0.000000 0.345994 0.000000
vt -0.641703 0.242472 0.000000
vt -0.029447 0.290597 0.000000
vt -0.633740 0.193110 0.000000
vt -7.750000 0.059646 0.000000
vt -7.553148 0.062812 0.000000
vt -7.776326 0.078540 0.000000
vt -7.553148 0.075374 0.000000
vt -7.283393 0.075374 0.000000
vt -7.283393 0.062812 0.000000
vt -7.013638 0.062812 0.000000
vt -7.013638 0.050249 0.000000
vt -6.743883 0.050249 0.000000
vt -6.743883 0.037687 0.000000
vt -6.474127 0.037687 0.000000
vt -6.474127 0.025125 0.000000
vt -6.204372 0.025125 0.000000
vt -6.204372 0.012562 0.000000
vt -5.934617 0.012562 0.000000
vt -7.814692 0.008740 0.000000
vt -5.664861 0.012562 0.000000
vt -5.395106 0.012562 0.000000
vt -5.664861 0.025125 0.000000
vt -5.395106 0.025125 0.000000
vt -5.664861 0.037687 0.000000
vt -5.395106 0.037687 0.000000
vt -5.664861 0.050249 0.000000
vt -5.395106 0.050249 0.000000
vt -5.664861 0.062812 0.000000
vt -5.395106 0.062812 0.000000
vt -5.664861 0.075374 0.000000
vt -5.395106 0.075374 0.000000
vt -5.300000 0.078540 0.000000
vt -5.125351 0.075374 0.000000
vt -5.125351 0.087936 0.000000
vt -4.855595 0.075374 0.000000
vt -4.855595 0.087936 0.000000
vt -4.585840 0.075374 0.000000
vt -4.585840 0.087936 0.000000
vt -4.316085 0.075374 0.000000
vt -4.316085 0.087936 0.000000
vt -4.046330 0.075374 0.000000
vt -4.046330 0.087936 0.000000
vt -3.776574 0.075374 0.000000
vt -3.776574 0.087936 0.000000
vt -3.506819 0.075374 0.000000
vt -3.506819 0.087936 0.000000
vt -3.237064 0.075374 0.000000
vt -3.237064 0.087936 0.000000
vt -2.967308 0.075374 0.000000
vt -2.967308 0.087936 0.000000
vt -2.697553 0.075374 0.000000
vt -2.697553 0.087936 0.000000
vt -2.427798 0.075374 0.000000
vt -2.427798 0.087936 0.000000
vt -2.158042 0.075374 0.000000
vt -2.158042 0.087936 0.000000
vt -1.888287 0.075374 0.000000
vt -1.888287 0.087936 0.000000
vt -1.618532 0.075374 0.000000
vt -1.618532 0.087936 0.000000
vt -1.348777 0.075374 0.000000
vt -1.348777 0.087936 0.000000
vt -1.079021 0.075374 0.000000
vt -1.079021 0.087936 0.000000
vt -0.809266 0.075374 0.000000
vt -0.809266 0.087936 0.000000
vt -0.539511 0.075374 0.000000
vt -0.539511 0.087936 0.000000
vt -0.269755 0.075374 0.000000
vt -0.269755 0.087936 0.000000
vt 0.000000 0.075374 0.000000
vt 0.000000 0.087936 0.000000
vt 0.269755 0.075374 0.000000
vt 0.269755 0.087936 0.000000
vt 0.539511 0.075374 0.000000
vt 0.539511 0.087936 0.000000
vt 0.809266 0.075374 0.000000
vt 0.809266 0.087936 0.000000
vt 1.079021 0.075374 0.000000
vt 1.079021 0.087936 0.000000
vt 1.348777 0.075374 0.000000
vt 1.348777 0.087936 0.000000
vt 1.618532 0.075374 0.000000
vt 1.618532 0.087936 0.000000
vt 1.888287 0.075374 0.000000
vt 1.888287 0.087936 0.000000
vt 2.158042 0.075374 0.000000
vt 2.158042 0.087936 0.000000
vt 2.427798 0.075374 0.000000
vt 2.427798 0.087936 0.000000
vt 2.697553 0.075374 0.000000
vt 2.697553 0.087936 0.000000
vt 2.967308 0.075374 0.000000
vt 2.967308 0.087936 0.000000
vt 3.237064 0.075374 0.000000
vt 3.237064 0.087936 0.000000
vt 3.506819 0.075374 0.000000
vt 3.506819 0.087936 0.000000
vt 3.776574 0.075374 0.000000
vt 3.776574 0.087936 0.000000
vt 4.046330 0.075374 0.000000
vt 4.046330 0.087936 0.000000
vt 4.316085 0.075374 0.000000
vt 4.316085 0.087936 0.000000
vt 4.585840 0.075374 0.000000
vt 4.585840 0.087936 0.000000
vt 4.855595 0.075374 0.000000
vt 4.855595 0.087936 0.000000
vt 5.125351 0.075374 0.000000
vt 5.125351 0.087936 0.000000
vt 5.300000 0.078540 0.000000
vt 5.300000 0.090469 0.000000
vt -7.553148 0.050249 0.000000
vt -7.769045 0.046072 0.000000
vt -7.553148 0.037687 0.000000
vt -7.788378 0.031603 0.000000
vt -7.553148 0.025125 0.000000
vt -7.806250 0.016722 0.000000
vt -7.553148 0.012562 0.000000
vt -7.283393 0.012562 0.000000
vt -7.013638 0.012562 0.000000
vt -7.283393 0.025125 0.000000
vt -7.013638 0.025125 0.000000
vt -7.283393 0.037687 0.000000
vt -7.013638 0.037687 0.000000
vt -7.283393 0.050249 0.000000
vt -7.822904 0.000000 0.000000
vt -0.000000 0.000000 0.000000
vt -5.125351 0.012562 0.000000
vt 7.822904 0.000000 0.000000
vt 3.776574 0.012562 0.000000
vt 3.506819 0.012562 0.000000
vt 3.237064 0.012562 0.000000
vt 3.237064 0.025125 0.000000
vt 2.967308 0.025125 0.000000
vt 2.967308 0.037687 0.000000
vt 2.697553 0.037687 0.000000
vt 2.697553 0.050249 0.000000
vt 2.427798 0.050249 0.000000
vt 2.427798 0.062812 0.000000
vt 2.158042 0.062812 0.000000
vt 7.814692 0.008740 0.000000
vt 7.553148 0.012562 0.000000
vt 7.283393 0.012562 0.000000
vt 7.013638 0.012562 0.000000
vt 7.013638 0.025125 0.000000
vt 6.743883 0.025125 0.000000
vt 6.743883 0.037687 0.000000
vt 6.474127 0.037687 0.000000
vt 6.474127 0.050249 0.000000
vt 6.204372 0.050249 0.000000
vt 6.204372 0.062812 0.000000
vt 5.934617 0.062812 0.000000
vt 5.934617 0.075374 0.000000
vt 5.664861 0.075374 0.000000
vt 5.395106 0.075374 0.000000
vt 5.395106 0.062812 0.000000
vt 5.125351 0.062812 0.000000
vt 5.395106 0.050249 0.000000
vt 5.125351 0.050249 0.000000
vt 5.395106 0.037687 0.000000
vt 5.125351 0.037687 0.000000
vt 5.395106 0.025125 0.000000
vt 5.125351 0.025125 0.000000
vt 5.395106 0.012562 0.000000
vt 5.125351 0.012562 0.000000
vt 4.855595 0.012562 0.000000
vt 4.585840 0.012562 0.000000
vt 4.585840 0.025125 0.000000
vt 4.316085 0.025125 0.000000
vt 4.316085 0.037687 0.000000
vt 4.046330 0.037687 0.000000
vt 4.046330 0.050249 0.000000
vt 3.776574 0.050249 0.000000
vt 3.776574 0.062812 0.000000
vt 3.506819 0.062812 0.000000
vt 7.806250 0.016722 0.000000
vt 7.553148 0.025125 0.000000
vt 7.283393 0.025125 0.000000
vt 7.283393 0.037687 0.000000
vt 7.013638 0.037687 0.000000
vt 7.013638 0.050249 0.000000
vt 6.743883 0.050249 0.000000
vt 6.743883 0.062812 0.000000
vt 6.474127 0.062812 0.000000
vt 6.474127 0.075374 0.000000
vt 6.204372 0.075374 0.000000
vt 7.788378 0.031603 0.000000
vt 7.553148 0.037687 0.000000
vt 7.283393 0.050249 0.000000
vt 7.013638 0.062812 0.000000
vt 6.743883 0.075374 0.000000
vt 7.776326 0.078540 0.000000
vt 7.769045 0.046072 0.000000
vt 7.553148 0.050249 0.000000
vt 7.283393 0.062812 0.000000
vt 7.013638 0.075374 0.000000
vt 7.750000 0.059646 0.000000
vt 7.553148 0.062812 0.000000
vt 7.283393 0.075374 0.000000
vt 7.553148 0.075374 0.000000
vt 5.125351 0.100499 0.000000
vt 5.300000 0.102398 0.000000
vt 5.125351 0.113061 0.000000
vt 5.300000 0.114327 0.000000
vt 5.125351 0.125623 0.000000
vt 5.300000 0.126257 0.000000
vt 4.855595 0.125623 0.000000
vt 4.585840 0.125623 0.000000
vt 4.855595 0.113061 0.000000
vt 4.585840 0.113061 0.000000
vt 4.855595 0.100499 0.000000
vt 4.585840 0.100499 0.000000
vt 5.300000 0.138186 0.000000
vt -5.300000 0.138186 0.000000
vt 3.237064 0.125623 0.000000
vt 3.506819 0.125623 0.000000
vt 3.506819 0.113061 0.000000
vt 3.776574 0.113061 0.000000
vt 3.776574 0.100499 0.000000
vt 4.046330 0.100499 0.000000
vt -5.300000 0.126257 0.000000
vt -5.125351 0.125623 0.000000
vt -4.855595 0.125623 0.000000
vt -4.585840 0.125623 0.000000
vt -4.585840 0.113061 0.000000
vt -4.316085 0.113061 0.000000
vt -4.316085 0.100499 0.000000
vt -4.046330 0.100499 0.000000
vt -5.300000 0.114327 0.000000
vt -5.125351 0.113061 0.000000
vt -4.855595 0.113061 0.000000
vt -4.855595 0.100499 0.000000
vt -4.585840 0.100499 0.000000
vt -5.300000 0.102398 0.000000
vt -5.125351 0.100499 0.000000
vt -5.300000 0.090469 0.000000
vt -6.474127 0.075374 0.000000
vt -6.204372 0.075374 0.000000
vt -5.934617 0.075374 0.000000
vt -5.934617 0.062812 0.000000
vt 4.316085 0.100499 0.000000
vt 4.316085 0.113061 0.000000
vt 4.316085 0.125623 0.000000
vt 3.506819 0.100499 0.000000
vt 3.237064 0.100499 0.000000
vt 2.967308 0.100499 0.000000
vt 2.697553 0.100499 0.000000
vt 2.427798 0.100499 0.000000
vt 2.158042 0.100499 0.000000
vt 1.888287 0.100499 0.000000
vt 1.618532 0.100499 0.000000
vt 1.348777 0.100499 0.000000
vt 1.079021 0.100499 0.000000
vt 0.809266 0.100499 0.000000
vt 0.539511 0.100499 0.000000
vt 0.269755 0.100499 0.000000
vt 0.000000 0.100499 0.000000
vt -0.269755 0.100499 0.000000
vt -0.539511 0.100499 0.000000
vt -0.809266 0.100499 0.000000
vt -1.079021 0.100499 0.000000
vt -1.348777 0.100499 0.000000
vt -1.618532 0.100499 0.000000
vt -1.888287 0.100499 0.000000
vt -2.158042 0.100499 0.000000
vt -2.427798 0.100499 0.000000
vt -2.697553 0.100499 0.000000
vt -2.967308 0.100499 0.000000
vt -3.237064 0.100499 0.000000
vt -3.506819 0.100499 0.000000
vt -3.776574 0.100499 0.000000
vt -7.013638 0.075374 0.000000
vt -6.743883 0.075374 0.000000
vt -6.474127 0.062812 0.000000
vt -6.204372 0.062812 0.000000
vt -6.204372 0.050249 0.000000
vt -5.934617 0.050249 0.000000
vt -5.934617 0.037687 0.000000
vt -6.743883 0.062812 0.000000
vt -5.125351 0.062812 0.000000
vt -5.125351 0.050249 0.000000
vt -5.125351 0.037687 0.000000
vt -5.125351 0.025125 0.000000
vt -4.855595 0.062812 0.000000
vt -4.855595 0.050249 0.000000
vt -4.855595 0.037687 0.000000
vt -4.855595 0.025125 0.000000
vt -4.855595 0.012562 0.000000
vt -4.585840 0.062812 0.000000
vt -4.585840 0.050249 0.000000
vt -4.585840 0.037687 0.000000
vt -4.585840 0.025125 0.000000
vt -4.585840 0.012562 0.000000
vt -4.316085 0.062812 0.000000
vt -4.316085 0.050249 0.000000
vt -4.316085 0.037687 0.000000
vt -4.316085 0.025125 0.000000
vt -4.316085 0.012562 0.000000
vt -4.046330 0.062812 0.000000
vt -4.046330 0.050249 0.000000
vt -4.046330 0.037687 0.000000
vt -4.046330 0.025125 0.000000
vt -4.046330 0.012562 0.000000
vt -3.776574 0.062812 0.000000
vt -3.776574 0.050249 0.000000
vt -3.776574 0.037687 0.000000
vt -3.776574 0.025125 0.000000
vt -3.776574 0.012562 0.000000
vt -3.506819 0.062812 0.000000
vt -3.506819 0.050249 0.000000
vt -3.506819 0.037687 0.000000
vt -3.506819 0.025125 0.000000
vt -3.506819 0.012562 0.000000
vt -3.237064 0.062812 0.000000
vt -3.237064 0.050249 0.000000
vt -3.237064 0.037687 0.000000
vt -3.237064 0.025125 0.000000
vt -3.237064 0.012562 0.000000
vt -2.967308 0.062812 0.000000
vt -2.967308 0.050249 0.000000
vt -2.967308 0.037687 0.000000
vt -2.967308 0.025125 0.000000
vt -2.967308 0.012562 0.000000
vt -2.697553 0.062812 0.000000
vt -2.697553 0.050249 0.000000
vt -2.697553 0.037687 0.000000
vt -2.697553 0.025125 0.000000
vt -2.697553 0.012562 0.000000
vt -2.427798 0.062812 0.000000
vt -2.427798 0.050249 0.000000
vt -2.427798 0.037687 0.000000
vt -2.427798 0.025125 0.000000
vt -2.427798 0.012562 0.000000
vt -2.158042 0.062812 0.000000
vt -2.158042 0.050249 0.000000
vt -2.158042 0.037687 0.000000
vt -2.158042 0.025125 0.000000
vt -2.158042 0.012562 0.000000
vt -1.888287 0.062812 0.000000
vt -1.888287 0.050249 0.000000
vt -1.888287 0.037687 0.000000
vt -1.888287 0.025125 0.000000
vt -1.888287 0.012562 0.000000
vt -1.618532 0.062812 0.000000
vt -1.618532 0.050249 0.000000
vt -1.618532 0.037687 0.000000
vt -1.618532 0.025125 0.000000
vt -1.618532 0.012562 0.000000
vt -1.348777 0.062812 0.000000
vt -1.348777 0.050249 0.000000
vt -1.348777 0.037687 0.000000
vt -1.348777 0.025125 0.000000
vt -1.348777 0.012562 0.000000
vt -1.079021 0.062812 0.000000
vt -1.079021 0.050249 0.000000
vt -1.079021 0.037687 0.000000
vt -1.079021 0.025125 0.000000
vt -1.079021 0.012562 0.000000
vt -0.809266 0.062812 0.000000
vt -0.809266 0.050249 0.000000
vt -0.809266 0.037687 0.000000
vt -0.809266 0.025125 0.000000
vt -0.809266 0.012562 0.000000
vt -0.539511 0.062812 0.000000
vt -0.539511 0.050249 0.000000
vt -0.539511 0.037687 0.000000
vt -0.539511 0.025125 0.000000
vt -0.539511 0.012562 0.000000
vt -0.269755 0.062812 0.000000
vt -0.269755 0.050249 0.000000
vt -0.269755 0.037687 0.000000
vt -0.269755 0.025125 0.000000
vt -0.269755 0.012562 0.000000
vt 0.000000 0.062812 0.000000
vt 0.000000 0.050249 0.000000
vt 0.000000 0.037687 0.000000
vt 0.000000 0.025125 0.000000
vt 0.000000 0.012562 0.000000
vt 0.269755 0.062812 0.000000
vt 0.269755 0.050249 0.000000
vt 0.269755 0.037687 0.000000
vt 0.269755 0.025125 0.000000
vt 0.269755 0.012562 0.000000
vt 0.539511 0.062812 0.000000
vt 0.539511 0.050249 0.000000
vt 0.539511 0.037687 0.000000
vt 0.539511 0.025125 0.000000
vt 0.539511 0.012562 0.000000
vt 0.809266 0.062812 0.000000
vt 0.809266 0.050249 0.000000
vt 0.809266 0.037687 0.000000
vt 0.809266 0.025125 0.000000
vt 0.809266 0.012562 0.000000
vt 1.079021 0.062812 0.000000
vt 1.079021 0.050249 0.000000
vt 1.079021 0.037687 0.000000
vt 1.079021 0.025125 0.000000
vt 1.079021 0.012562 0.000000
vt 1.348777 0.062812 0.000000
vt 1.348777 0.050249 0.000000
vt 1.348777 0.037687 0.000000
vt 1.348777 0.025125 0.000000
vt 1.348777 0.012562 0.000000
vt 1.618532 0.062812 0.000000
vt 1.618532 0.050249 0.000000
vt 1.618532 0.037687 0.000000
vt 1.618532 0.025125 0.000000
vt 1.618532 0.012562 0.000000
vt 1.888287 0.062812 0.000000
vt 1.888287 0.050249 0.000000
vt 1.888287 0.037687 0.000000
vt 1.888287 0.025125 0.000000
vt 1.888287 0.012562 0.000000
vt 2.697553 0.062812 0.000000
vt 2.967308 0.062812 0.000000
vt 3.237064 0.062812 0.000000
vt 4.046330 0.062812 0.000000
vt 4.316085 0.062812 0.000000
vt 4.585840 0.062812 0.000000
vt 4.855595 0.062812 0.000000
vt 5.664861 0.062812 0.000000
vt 5.664861 0.050249 0.000000
vt 5.664861 0.037687 0.000000
vt 5.664861 0.025125 0.000000
vt 5.664861 0.012562 0.000000
vt -6.474127 0.050249 0.000000
vt -6.204372 0.037687 0.000000
vt -5.934617 0.025125 0.000000
vt 2.158042 0.050249 0.000000
vt 2.427798 0.037687 0.000000
vt 2.697553 0.025125 0.000000
vt 2.967308 0.012562 0.000000
vt 2.158042 0.037687 0.000000
vt 2.158042 0.025125 0.000000
vt 2.158042 0.012562 0.000000
vt 2.967308 0.050249 0.000000
vt 3.237064 0.050249 0.000000
vt 3.237064 0.037687 0.000000
vt 3.506819 0.050249 0.000000
vt 3.506819 0.037687 0.000000
vt 3.506819 0.025125 0.000000
vt 3.776574 0.037687 0.000000
vt 4.046330 0.025125 0.000000
vt 4.316085 0.012562 0.000000
vt 4.316085 0.050249 0.000000
vt 4.585840 0.050249 0.000000
vt 4.585840 0.037687 0.000000
vt 4.855595 0.050249 0.000000
vt 4.855595 0.037687 0.000000
vt 4.855595 0.025125 0.000000
vt 5.934617 0.050249 0.000000
vt 6.204372 0.037687 0.000000
vt 6.474127 0.025125 0.000000
vt 6.743883 0.012562 0.000000
vt 5.934617 0.037687 0.000000
vt 5.934617 0.025125 0.000000
vt 5.934617 0.012562 0.000000
vt -6.743883 0.025125 0.000000
vt -6.743883 0.012562 0.000000
vt 2.427798 0.025125 0.000000
vt 2.697553 0.012562 0.000000
vt 3.776574 0.025125 0.000000
vt 6.204372 0.025125 0.000000
vt 6.474127 0.012562 0.000000
vt -6.474127 0.012562 0.000000
vt 2.427798 0.012562 0.000000
vt 4.046330 0.012562 0.000000
vt 6.204372 0.012562 0.000000
vt 4.046330 0.113061 0.000000
vt 3.776574 0.125623 0.000000
vt 3.237064 0.113061 0.000000
vt 2.967308 0.113061 0.000000
vt 2.697553 0.113061 0.000000
vt 2.427798 0.113061 0.000000
vt 2.158042 0.113061 0.000000
vt 1.888287 0.113061 0.000000
vt 1.618532 0.113061 0.000000
vt 1.348777 0.113061 0.000000
vt 1.079021 0.113061 0.000000
vt 0.809266 0.113061 0.000000
vt 0.539511 0.113061 0.000000
vt 0.269755 0.113061 0.000000
vt 0.000000 0.113061 0.000000
vt -0.269755 0.113061 0.000000
vt -0.539511 0.113061 0.000000
vt -0.809266 0.113061 0.000000
vt -1.079021 0.113061 0.000000
vt -1.348777 0.113061 0.000000
vt -1.618532 0.113061 0.000000
vt -1.888287 0.113061 0.000000
vt -2.158042 0.113061 0.000000
vt -2.427798 0.113061 0.000000
vt -2.697553 0.113061 0.000000
vt -2.967308 0.113061 0.000000
vt -3.237064 0.113061 0.000000
vt -3.506819 0.113061 0.000000
vt -3.776574 0.113061 0.000000
vt -4.046330 0.113061 0.000000
vt 4.046330 0.125623 0.000000
vt 2.967308 0.125623 0.000000
vt 2.697553 0.125623 0.000000
vt 2.427798 0.125623 0.000000
vt 2.158042 0.125623 0.000000
vt 1.888287 0.125623 0.000000
vt 1.618532 0.125623 0.000000
vt 1.348777 0.125623 0.000000
vt 1.079021 0.125623 0.000000
vt 0.809266 0.125623 0.000000
vt 0.539511 0.125623 0.000000
vt 0.269755 0.125623 0.000000
vt 0.000000 0.125623 0.000000
vt -0.269755 0.125623 0.000000
vt -0.539511 0.125623 0.000000
vt -0.809266 0.125623 0.000000
vt -1.079021 0.125623 0.000000
vt -1.348777 0.125623 0.000000
vt -1.618532 0.125623 0.000000
vt -1.888287 0.125623 0.000000
vt -2.158042 0.125623 0.000000
vt -2.427798 0.125623 0.000000
vt -2.697553 0.125623 0.000000
vt -2.967308 0.125623 0.000000
vt -3.237064 0.125623 0.000000
vt -3.506819 0.125623 0.000000
vt -3.776574 0.125623 0.000000
vt -4.046330 0.125623 0.000000
vt -4.316085 0.125623 0.000000
vt 0.474040 7.822904 0.000000
vt 0.452223 7.837634 0.000000
vt 0.474040 0.000000 0.000000
vt 0.427151 7.846859 0.000000
vt 0.400397 7.850000 0.000000
vt -0.000000 7.850000 0.000000
vt -0.000000 0.000000 0.000000
vt 0.000000 -7.850000 0.000000
vt 0.400397 -7.850000 0.000000
vt 0.427151 -7.846859 0.000000
vt 0.452223 -7.837634 0.000000
vt 0.474040 -7.822904 0.000000
vt 0.061594 0.220852 0.000000
vt 0.010948 0.220852 0.000000
vt -0.070829 -0.600002 0.000000
vt -0.121475 -0.600002 0.000000
vt 0.612106 -0.990000 0.000000
vt 0.612106 0.990000 0.000000
vt -0.037894 -0.990000 0.000000
vt -0.037894 0.990000 0.000000
vt -0.117771 5.300000 0.000000
vt -0.037894 7.020000 0.000000
vt -0.322717 7.020000 0.000000
vt -0.322717 7.850000 0.000000
vt -0.883887 7.850000 0.000000
vt -0.883887 5.300000 0.000000
vt -0.117771 -5.300000 0.000000
vt -0.037894 -7.020000 0.000000
vt -0.322717 -7.020000 0.000000
vt -0.883887 -5.300000 0.000000
vt -0.883887 -7.850000 0.000000
vt -0.322717 -7.850000 0.000000
vt 0.050000 0.990000 0.000000
vt 0.000000 0.990000 0.000000
vt 0.050000 -0.990000 0.000000
vt 0.000000 -0.990000 0.000000
vt 0.000000 0.990000 0.000000
vt 0.000000 -0.990000 0.000000
vt 0.650000 0.990000 0.000000
vt 0.650000 -0.990000 0.000000
vt 1.500000 0.000000 0.000000
vt 0.650000 -1.000000 0.000000
vt 0.942889 -7.020000 0.000000
vt 0.650000 -7.020000 0.000000
vt 0.942889 -7.850000 0.000000
vt 1.500000 -7.850000 0.000000
vt 1.500000 7.850000 0.000000
vt 0.942889 7.020000 0.000000
vt 0.650000 1.000000 0.000000
vt 0.942889 7.850000 0.000000
vt 0.650000 7.020000 0.000000
vt 0.065837 -0.772890 0.000000
vt -0.085684 -0.391179 0.000000
vt 0.012041 -0.772890 0.000000
vt -0.135684 -0.400740 0.000000
vt -0.135684 0.119260 0.000000
vt -0.085684 0.115253 0.000000
vt -0.046956 0.669260 0.000000
vt 0.003690 0.669260 0.000000
vt 0.152004 7.846616 0.000000
vt 0.075960 5.300000 0.000000
vt 0.179755 7.850000 0.000000
vt 0.590439 5.300000 0.000000
vt 0.590439 7.850000 0.000000
vt 0.126131 7.836694 0.000000
vt 0.075960 7.776326 0.000000
vt 0.103887 7.820906 0.000000
vt 0.086777 7.800318 0.000000
vt 0.000000 5.300000 0.000000
vt 0.506432 5.300000 0.000000
vt 0.000000 7.850000 0.000000
vt 0.506432 7.850000 0.000000
vt 0.932760 7.030000 0.000000
vt 0.932760 7.850000 0.000000
vt 0.650000 7.030000 0.000000
vt 0.101293 7.850000 0.000000
vt 0.650000 7.020000 0.000000
vt 0.000000 1.000000 0.000000
vt 0.650000 1.000000 0.000000
vt -0.000000 7.750000 0.000000
vt 0.075076 7.846593 0.000000
vt 0.050646 7.836603 0.000000
vt 0.029668 7.820711 0.000000
vt 0.013571 7.800000 0.000000
vt 0.003451 7.775882 0.000000
vt 0.049802 7.752511 0.000000
vt 0.049208 7.755020 0.000000
vt 0.050000 7.750000 0.000000
vt 0.050000 1.000000 0.000000
vt 0.046835 7.760028 0.000000
vt 0.042887 7.765010 0.000000
vt 0.037373 7.769954 0.000000
vt 0.021709 7.779679 0.000000
vt 0.000000 1.000000 0.000000
vt 0.000000 7.789105 0.000000
vt 0.000000 -7.850000 0.000000
vt 0.520000 -7.850000 0.000000
vt -0.000000 0.000000 0.000000
vt 0.520000 0.000000 0.000000
vt -0.000000 7.850000 0.000000
vt 0.520000 7.850000 0.000000
vt 0.099354 5.300000 0.000000
vt 0.000000 5.300000 0.000000
vt 0.099354 -5.300000 0.000000
vt 0.000000 -5.300000 0.000000
vt 0.135521 -5.300000 0.000000
vt 1.830000 -5.300000 0.000000
vt 0.135521 5.300000 0.000000
vt 1.830000 5.300000 0.000000
vt 0.114592 -0.820276 0.000000
vt 0.135684 -0.779479 0.000000
vt 0.104132 -0.825952 0.000000
vt 0.135684 0.915000 0.000000
vt 0.036331 0.915000 0.000000
vt 0.123414 -0.812289 0.000000
vt 0.130099 -0.802443 0.000000
vt 0.134268 -0.791296 0.000000
vt -0.085684 0.158663 0.000000
vt -0.085684 -0.347769 0.000000
vn 0.000000 0.987236 -0.159264
vn 0.000000 0.987236 -0.159264
vn 0.000000 0.987236 -0.159264
vn 0.000000 0.987236 -0.159264
vn 0.000000 0.987236 -0.159264
vn 0.000000 -0.159264 -0.987236
vn 0.000000 -0.159264 -0.987236
vn 0.000000 -0.159264 -0.987236
vn 0.000000 -0.159264 -0.987236
vn 0.000000 -0.159264 -0.987236
vn 0.000000 -0.159264 -0.987236
vn 0.000000 -0.159264 -0.987236
vn 0.000000 -0.159264 -0.987236
vn 0.000000 -0.159264 -0.987236
vn 0.000000 -0.159264 -0.987236
vn 0.000000 -0.159264 -0.987236
vn 0.000000 -0.883001 -0.469372
vn 0.000000 -0.883001 -0.469372
vn 0.000000 -0.883001 -0.469372
vn 0.000000 -0.883001 -0.469372
vn 0.000000 -0.883001 -0.469372
vn -1.000000 0.000000 0.000000
vn -1.000000 -0.000000 0.000000
vn -0.968592 -0.248657 0.000000
vn -0.966164 -0.257930 0.000000
vn -0.876339 -0.481695 0.000000
vn -0.866944 -0.498406 0.000000
vn -0.729038 -0.684474 0.000000
vn -0.709056 -0.705153 0.000000
vn -0.646978 -0.762508 0.000000
vn -0.503183 -0.864180 0.000000
vn -0.562505 -0.826794 0.000000
vn -0.383821 -0.923408 0.000000
vn -0.263259 -0.964725 0.000000
vn -0.190470 -0.981693 0.000000
vn -0.000000 -1.000000 0.000000
vn -0.296793 0.954942 0.000000
vn -0.391054 0.920368 0.000000
vn -0.500000 0.866025 0.000000
vn -0.593645 0.804727 0.000000
vn -0.707107 0.707107 0.000000
vn -0.763932 0.645297 0.000000
vn -0.866025 0.500000 0.000000
vn -0.892649 0.450752 0.000000
vn -0.965926 0.258819 0.000000
vn -0.972792 0.231680 0.000000
vn -1.000000 0.000000 0.000000
vn -1.000000 0.000000 0.000000
vn -0.258819 0.965926 0.000000
vn -0.199540 0.979890 0.000000
vn -0.150097 0.988671 0.000000
vn -0.100275 0.994960 0.000000
vn -0.050201 0.998739 0.000000
vn -0.025108 0.999685 0.000000
vn -0.000000 1.000000 0.000000
vn 1.000000 -0.000000 -0.000000
vn 1.000000 -0.000000 -0.000000
vn 1.000000 -0.000000 -0.000000
vn 1.000000 -0.000000 -0.000000
vn -0.000000 1.000000 -0.000000
vn -0.000000 1.000000 -0.000000
vn -0.000000 1.000000 -0.000000
vn -0.000000 1.000000 -0.000000
vn -1.000000 -0.000000 -0.000000
vn -1.000000 -0.000000 -0.000000
vn -1.000000 -0.000000 -0.000000
vn -1.000000 -0.000000 -0.000000
vn -0.000000 -1.000000 -0.000000
vn -0.000000 -1.000000 -0.000000
vn -0.000000 -1.000000 -0.000000
vn -0.000000 -1.000000 -0.000000
vn -1.000000 -0.000000 -0.000000
vn -1.000000 -0.000000 -0.000000
vn -1.000000 -0.000000 -0.000000
vn -1.000000 -0.000000 -0.000000
vn 1.000000 -0.000000 -0.000000
vn 1.000000 -0.000000 -0.000000
vn 1.000000 -0.000000 -0.000000
vn 1.000000 -0.000000 -0.000000
vn -1.000000 0.000000 0.000000
vn -1.000000 0.000000 0.000000
vn -1.000000 0.000000 0.000000
vn -1.000000 0.000000 0.000000
vn -1.000000 0.000000 0.000000
vn -1.000000 0.000000 0.000000
vn -1.000000 0.000000 0.000000
vn -1.000000 0.000000 0.000000
vn 0.000000 0.368947 -0.929450
vn 0.000000 0.368947 -0.929450
vn 0.000000 0.368947 -0.929450
vn 0.000000 0.368947 -0.929450
vn 0.000000 0.368947 -0.929450
vn 0.000000 0.368947 -0.929450
vn 0.000000 0.368947 -0.929450
vn 0.000000 0.368947 -0.929450
vn 0.000000 0.368947 -0.929450
vn 0.000000 -0.000000 -1.000000
vn 0.000000 -0.000000 -1.000000
vn 0.000000 -0.000000 -1.000000
vn 0.000000 -0.000000 -1.000000
vn 0.000000 0.159264 0.987236
vn 0.000000 0.159264 0.987236
vn 0.000000 0.159264 0.987236
vn 0.000000 0.159264 0.987236
vn 0.000000 0.159264 0.987236
vn 0.000000 0.159264 0.987236
vn 0.000000 0.159264 0.987236
vn 0.000000 0.159264 0.987236
vn 0.000000 0.159264 0.987236
vn 0.000000 0.159264 0.987236
vn 0.000000 0.159264 0.987236
vn 0.000000 0.159264 0.987236
vn 0.000000 0.159264 0.987236
vn 0.000000 0.987236 -0.159264
vn 0.000000 0.987236 -0.159264
vn 0.000000 0.987236 -0.159264
vn 0.000000 0.987236 -0.159264
vn 0.000000 0.987236 -0.159264
vn 0.000000 0.987236 -0.159264
vn 0.000000 0.987236 -0.159264
vn 0.000000 0.987236 -0.159264
vn 0.000000 0.987236 -0.159264
vn 0.000000 0.987236 -0.159264
vn -1.000000 0.000000 0.000000
vn -1.000000 0.000000 0.000000
vn -1.000000 0.000000 0.000000
vn -1.000000 0.000000 0.000000
vn -1.000000 0.000000 0.000000
vn -1.000000 0.000000 0.000000
vn -1.000000 0.000000 0.000000
vn -1.000000 0.000000 0.000000
vn -1.000000 0.000000 0.000000
vn -1.000000 0.000000 0.000000
vn 0.000000 0.987236 -0.159264
vn 0.000000 0.987236 -0.159264
vn 0.000000 0.987236 -0.159264
vn 0.000000 0.987236 -0.159264
vn 0.000000 0.987236 -0.159264
vn 0.000000 -0.159264 -0.987236
vn 0.000000 -0.159264 -0.987236
vn 0.000000 -0.159264 -0.987236
vn 0.000000 -0.159264 -0.987236
vn 0.000000 -0.159264 -0.987236
vn 0.000000 -0.159264 -0.987236
vn 0.000000 -0.159264 -0.987236
vn 0.000000 -0.159264 -0.987236
vn 0.000000 -0.159264 -0.987236
vn 0.000000 -0.159264 -0.987236
vn 0.000000 -0.159264 -0.987236
vn 0.000000 -0.883001 -0.469372
vn 0.000000 -0.883001 -0.469372
vn 0.000000 -0.883001 -0.469372
vn 0.000000 -0.883001 -0.469372
vn 0.000000 -0.883001 -0.469372
vn 0.503183 -0.864180 -0.000000
vn 0.383821 -0.923408 -0.000000
vn 0.263259 -0.964725 -0.000000
vn 0.190470 -0.981693 -0.000000
vn 0.000000 -1.000000 -0.000000
vn 0.709056 -0.705153 -0.000000
vn 0.646978 -0.762508 -0.000000
vn 0.562505 -0.826794 -0.000000
vn 0.729038 -0.684474 -0.000000
vn 0.866944 -0.498406 -0.000000
vn 0.876339 -0.481695 -0.000000
vn 0.966164 -0.257930 -0.000000
vn 0.968592 -0.248657 -0.000000
vn 1.000000 -0.000000 -0.000000
vn 1.000000 0.000000 -0.000000
vn 1.000000 0.000000 -0.000000
vn 0.972792 0.231680 -0.000000
vn 1.000000 0.000000 -0.000000
vn 0.965926 0.258819 -0.000000
vn 0.892649 0.450752 -0.000000
vn 0.866025 0.500000 -0.000000
vn 0.763932 0.645297 -0.000000
vn 0.707107 0.707107 -0.000000
vn 0.593645 0.804727 -0.000000
vn 0.500000 0.866025 -0.000000
vn 0.391054 0.920368 -0.000000
vn 0.296793 0.954942 -0.000000
vn 0.258819 0.965926 -0.000000
vn 0.199540 0.979890 -0.000000
vn 0.150097 0.988671 -0.000000
vn 0.100275 0.994960 -0.000000
vn 0.050201 0.998739 -0.000000
vn 0.025108 0.999685 -0.000000
vn 0.000000 1.000000 -0.000000
vn -1.000000 -0.000000 -0.000000
vn -1.000000 -0.000000 -0.000000
vn -1.000000 -0.000000 -0.000000
vn -1.000000 -0.000000 -0.000000
vn -0.000000 1.000000 -0.000000
vn -0.000000 1.000000 -0.000000
vn -0.000000 1.000000 -0.000000
vn -0.000000 1.000000 -0.000000
vn 1.000000 -0.000000 -0.000000
vn 1.000000 -0.000000 -0.000000
vn 1.000000 -0.000000 -0.000000
vn 1.000000 -0.000000 -0.000000
vn -0.000000 -1.000000 -0.000000
vn -0.000000 -1.000000 -0.000000
vn -0.000000 -1.000000 -0.000000
vn -0.000000 -1.000000 -0.000000
vn 1.000000 -0.000000 -0.000000
vn 1.000000 -0.000000 -0.000000
vn 1.000000 -0.000000 -0.000000
vn 1.000000 -0.000000 -0.000000
vn -1.000000 -0.000000 -0.000000
vn -1.000000 -0.000000 -0.000000
vn -1.000000 -0.000000 -0.000000
vn -1.000000 -0.000000 -0.000000
vn -0.000000 -0.997996 -0.063272
vn -0.000000 -0.929450 -0.368947
vn -0.000000 -0.950932 -0.309400
vn -0.000000 -0.950932 -0.309400
vn -0.000000 -0.997996 -0.063272
vn -0.000000 -0.997996 -0.063272
vn -0.000000 -0.982393 0.186828
vn -0.000000 -0.982393 0.186828
vn -0.000000 -0.905101 0.425197
vn -0.000000 -0.905101 0.425197
vn -0.000000 -0.770975 0.636866
vn -0.000000 -0.770975 0.636866
vn -0.000000 -0.588436 0.808544
vn -0.000000 -0.588436 0.808544
vn -0.000000 -0.524960 0.851127
vn -0.000000 -0.588436 0.808544
vn -0.000000 -0.588436 0.808544
vn -0.000000 -0.770975 0.636866
vn -0.000000 -0.770975 0.636866
vn -0.000000 -0.905101 0.425197
vn -0.000000 -0.905101 0.425197
vn -0.000000 -0.982393 0.186828
vn -0.000000 -0.982393 0.186828
vn -0.000000 -0.997996 -0.063272
vn -0.000000 -0.997996 -0.063272
vn -0.000000 -0.950932 -0.309400
vn -0.000000 -0.950932 -0.309400
vn -0.000000 -0.929450 -0.368947
vn -0.000000 -0.950932 -0.309400
vn -0.000000 -0.844155 -0.536099
vn -0.000000 -0.950932 -0.309400
vn -0.000000 -0.844155 -0.536099
vn -0.000000 -0.950932 -0.309400
vn -0.000000 -0.844155 -0.536099
vn -0.000000 -0.950932 -0.309400
vn -0.000000 -0.844155 -0.536099
vn -0.000000 -0.950932 -0.309400
vn -0.000000 -0.844155 -0.536099
vn -0.000000 -0.950932 -0.309400
vn -0.000000 -0.844155 -0.536099
vn -0.000000 -0.950932 -0.309400
vn -0.000000 -0.844155 -0.536099
vn -0.000000 -0.950932 -0.309400
vn -0.000000 -0.844155 -0.536099
vn -0.000000 -0.950932 -0.309400
vn -0.000000 -0.844155 -0.536099
vn -0.000000 -0.950932 -0.309400
vn -0.000000 -0.844155 -0.536099
vn -0.000000 -0.950932 -0.309400
vn -0.000000 -0.844155 -0.536099
vn -0.000000 -0.950932 -0.309400
vn -0.000000 -0.844155 -0.536099
vn -0.000000 -0.950932 -0.309400
vn -0.000000 -0.844155 -0.536099
vn -0.000000 -0.950932 -0.309400
vn -0.000000 -0.844155 -0.536099
vn -0.000000 -0.950932 -0.309400
vn -0.000000 -0.844155 -0.536099
vn -0.000000 -0.950932 -0.309400
vn -0.000000 -0.844155 -0.536099
vn -0.000000 -0.950932 -0.309400
vn -0.000000 -0.844155 -0.536099
vn -0.000000 -0.950932 -0.309400
vn -0.000000 -0.844155 -0.536099
vn -0.000000 -0.950932 -0.309400
vn -0.000000 -0.844155 -0.536099
vn -0.000000 -0.950932 -0.309400
vn -0.000000 -0.844155 -0.536099
vn -0.000000 -0.950932 -0.309400
vn -0.000000 -0.844155 -0.536099
vn -0.000000 -0.950932 -0.309400
vn -0.000000 -0.844155 -0.536099
vn -0.000000 -0.950932 -0.309400
vn -0.000000 -0.844155 -0.536099
vn -0.000000 -0.950932 -0.309400
vn -0.000000 -0.844155 -0.536099
vn -0.000000 -0.950932 -0.309400
vn -0.000000 -0.844155 -0.536099
vn -0.000000 -0.950932 -0.309400
vn -0.000000 -0.844155 -0.536099
vn -0.000000 -0.950932 -0.309400
vn -0.000000 -0.844155 -0.536099
vn -0.000000 -0.950932 -0.309400
vn -0.000000 -0.844155 -0.536099
vn -0.000000 -0.950932 -0.309400
vn -0.000000 -0.844155 -0.536099
vn -0.000000 -0.950932 -0.309400
vn -0.000000 -0.844155 -0.536099
vn -0.000000 -0.950932 -0.309400
vn -0.000000 -0.844155 -0.536099
vn -0.000000 -0.950932 -0.309400
vn -0.000000 -0.844155 -0.536099
vn -0.000000 -0.950932 -0.309400
vn -0.000000 -0.844155 -0.536099
vn -0.000000 -0.950932 -0.309400
vn -0.000000 -0.844155 -0.536099
vn -0.000000 -0.950932 -0.309400
vn -0.000000 -0.844155 -0.536099
vn -0.000000 -0.950932 -0.309400
vn -0.000000 -0.844155 -0.536099
vn -0.000000 -0.950932 -0.309400
vn -0.000000 -0.844155 -0.536099
vn -0.000000 -0.950932 -0.309400
vn -0.000000 -0.844155 -0.536099
vn -0.000000 -0.950932 -0.309400
vn -0.000000 -0.844155 -0.536099
vn -0.000000 -0.929450 -0.368947
vn -0.000000 -0.815930 -0.578151
vn -0.000000 -0.982393 0.186828
vn -0.000000 -0.963374 0.268162
vn -0.000000 -0.905101 0.425197
vn -0.000000 -0.846799 0.531913
vn -0.000000 -0.770975 0.636866
vn -0.000000 -0.653588 0.756851
vn -0.000000 -0.588436 0.808544
vn -0.000000 -0.588436 0.808544
vn -0.000000 -0.588436 0.808544
vn -0.000000 -0.770975 0.636866
vn -0.000000 -0.770975 0.636866
vn -0.000000 -0.905101 0.425197
vn -0.000000 -0.905101 0.425197
vn -0.000000 -0.982393 0.186828
vn -0.000000 -0.368947 0.929450
vn -0.000000 -0.368947 0.929450
vn -0.000000 -0.588436 0.808544
vn -0.000000 -0.368947 0.929450
vn -0.000000 -0.588436 0.808544
vn -0.000000 -0.588436 0.808544
vn -0.000000 -0.588436 0.808544
vn -0.000000 -0.770975 0.636866
vn -0.000000 -0.770975 0.636866
vn -0.000000 -0.905101 0.425197
vn -0.000000 -0.905101 0.425197
vn -0.000000 -0.982393 0.186828
vn -0.000000 -0.982393 0.186828
vn -0.000000 -0.997996 -0.063272
vn -0.000000 -0.997996 -0.063272
vn -0.000000 -0.524960 0.851127
vn -0.000000 -0.588436 0.808544
vn -0.000000 -0.588436 0.808544
vn -0.000000 -0.588436 0.808544
vn -0.000000 -0.770975 0.636866
vn -0.000000 -0.770975 0.636866
vn -0.000000 -0.905101 0.425197
vn -0.000000 -0.905101 0.425197
vn -0.000000 -0.982393 0.186828
vn -0.000000 -0.982393 0.186828
vn -0.000000 -0.997996 -0.063272
vn -0.000000 -0.997996 -0.063272
vn -0.000000 -0.950932 -0.309400
vn -0.000000 -0.950932 -0.309400
vn -0.000000 -0.950932 -0.309400
vn -0.000000 -0.997996 -0.063272
vn -0.000000 -0.997996 -0.063272
vn -0.000000 -0.982393 0.186828
vn -0.000000 -0.982393 0.186828
vn -0.000000 -0.905101 0.425197
vn -0.000000 -0.905101 0.425197
vn -0.000000 -0.770975 0.636866
vn -0.000000 -0.770975 0.636866
vn -0.000000 -0.588436 0.808544
vn -0.000000 -0.588436 0.808544
vn -0.000000 -0.588436 0.808544
vn -0.000000 -0.588436 0.808544
vn -0.000000 -0.770975 0.636866
vn -0.000000 -0.770975 0.636866
vn -0.000000 -0.905101 0.425197
vn -0.000000 -0.905101 0.425197
vn -0.000000 -0.982393 0.186828
vn -0.000000 -0.982393 0.186828
vn -0.000000 -0.997996 -0.063272
vn -0.000000 -0.997996 -0.063272
vn -0.000000 -0.653588 0.756851
vn -0.000000 -0.770975 0.636866
vn -0.000000 -0.770975 0.636866
vn -0.000000 -0.905101 0.425197
vn -0.000000 -0.905101 0.425197
vn -0.000000 -0.982393 0.186828
vn -0.000000 -0.982393 0.186828
vn -0.000000 -0.997996 -0.063272
vn -0.000000 -0.997996 -0.063272
vn -0.000000 -0.950932 -0.309400
vn -0.000000 -0.950932 -0.309400
vn -0.000000 -0.846799 0.531913
vn -0.000000 -0.905101 0.425197
vn -0.000000 -0.982393 0.186828
vn -0.000000 -0.997996 -0.063272
vn -0.000000 -0.950932 -0.309400
vn -0.000000 -0.929450 -0.368947
vn -0.000000 -0.963374 0.268162
vn -0.000000 -0.982393 0.186828
vn -0.000000 -0.997996 -0.063272
vn -0.000000 -0.950932 -0.309400
vn -0.000000 -0.997996 -0.063272
vn -0.000000 -0.950932 -0.309400
vn -0.000000 -0.950932 -0.309400
vn -0.000000 -0.684371 -0.729134
vn -0.000000 -0.656185 -0.754600
vn -0.000000 -0.481613 -0.876384
vn -0.000000 -0.459265 -0.888299
vn -0.000000 -0.248612 -0.968603
vn -0.000000 -0.236327 -0.971674
vn -0.000000 -0.248612 -0.968603
vn -0.000000 -0.248612 -0.968603
vn -0.000000 -0.481613 -0.876384
vn -0.000000 -0.481613 -0.876384
vn -0.000000 -0.684371 -0.729134
vn -0.000000 -0.684371 -0.729134
vn -0.000000 0.000000 -1.000000
vn -0.000000 0.000000 -1.000000
vn -0.000000 -0.248612 -0.968603
vn -0.000000 -0.248612 -0.968603
vn -0.000000 -0.481613 -0.876384
vn -0.000000 -0.481613 -0.876384
vn -0.000000 -0.684371 -0.729134
vn -0.000000 -0.684371 -0.729134
vn -0.000000 -0.236327 -0.971674
vn -0.000000 -0.248612 -0.968603
vn -0.000000 -0.248612 -0.968603
vn -0.000000 -0.248612 -0.968603
vn -0.000000 -0.481613 -0.876384
vn -0.000000 -0.481613 -0.876384
vn -0.000000 -0.684371 -0.729134
vn -0.000000 -0.684371 -0.729134
vn -0.000000 -0.459265 -0.888299
vn -0.000000 -0.481613 -0.876384
vn -0.000000 -0.481613 -0.876384
vn -0.000000 -0.684371 -0.729134
vn -0.000000 -0.684371 -0.729134
vn -0.000000 -0.656185 -0.754600
vn -0.000000 -0.684371 -0.729134
vn -0.000000 -0.815930 -0.578151
vn -0.000000 -0.950932 -0.309400
vn -0.000000 -0.950932 -0.309400
vn -0.000000 -0.950932 -0.309400
vn -0.000000 -0.997996 -0.063272
vn -0.000000 -0.684371 -0.729134
vn -0.000000 -0.481613 -0.876384
vn -0.000000 -0.248612 -0.968603
vn -0.000000 -0.684371 -0.729134
vn -0.000000 -0.684371 -0.729134
vn -0.000000 -0.684371 -0.729134
vn -0.000000 -0.684371 -0.729134
vn -0.000000 -0.684371 -0.729134
vn -0.000000 -0.684371 -0.729134
vn -0.000000 -0.684371 -0.729134
vn -0.000000 -0.684371 -0.729134
vn -0.000000 -0.684371 -0.729134
vn -0.000000 -0.684371 -0.729134
vn -0.000000 -0.684371 -0.729134
vn -0.000000 -0.684371 -0.729134
vn -0.000000 -0.684371 -0.729134
vn -0.000000 -0.684371 -0.729134
vn -0.000000 -0.684371 -0.729134
vn -0.000000 -0.684371 -0.729134
vn -0.000000 -0.684371 -0.729134
vn -0.000000 -0.684371 -0.729134
vn -0.000000 -0.684371 -0.729134
vn -0.000000 -0.684371 -0.729134
vn -0.000000 -0.684371 -0.729134
vn -0.000000 -0.684371 -0.729134
vn -0.000000 -0.684371 -0.729134
vn -0.000000 -0.684371 -0.729134
vn -0.000000 -0.684371 -0.729134
vn -0.000000 -0.684371 -0.729134
vn -0.000000 -0.684371 -0.729134
vn -0.000000 -0.684371 -0.729134
vn -0.000000 -0.950932 -0.309400
vn -0.000000 -0.950932 -0.309400
vn -0.000000 -0.997996 -0.063272
vn -0.000000 -0.997996 -0.063272
vn -0.000000 -0.982393 0.186828
vn -0.000000 -0.982393 0.186828
vn -0.000000 -0.905101 0.425197
vn -0.000000 -0.997996 -0.063272
vn -0.000000 -0.997996 -0.063272
vn -0.000000 -0.982393 0.186828
vn -0.000000 -0.905101 0.425197
vn -0.000000 -0.770975 0.636866
vn -0.000000 -0.997996 -0.063272
vn -0.000000 -0.982393 0.186828
vn -0.000000 -0.905101 0.425197
vn -0.000000 -0.770975 0.636866
vn -0.000000 -0.588436 0.808544
vn -0.000000 -0.997996 -0.063272
vn -0.000000 -0.982393 0.186828
vn -0.000000 -0.905101 0.425197
vn -0.000000 -0.770975 0.636866
vn -0.000000 -0.588436 0.808544
vn -0.000000 -0.997996 -0.063272
vn -0.000000 -0.982393 0.186828
vn -0.000000 -0.905101 0.425197
vn -0.000000 -0.770975 0.636866
vn -0.000000 -0.588436 0.808544
vn -0.000000 -0.997996 -0.063272
vn -0.000000 -0.982393 0.186828
vn -0.000000 -0.905101 0.425197
vn -0.000000 -0.770975 0.636866
vn -0.000000 -0.588436 0.808544
vn -0.000000 -0.997996 -0.063272
vn -0.000000 -0.982393 0.186828
vn -0.000000 -0.905101 0.425197
vn -0.000000 -0.770975 0.636866
vn -0.000000 -0.588436 0.808544
vn -0.000000 -0.997996 -0.063272
vn -0.000000 -0.982393 0.186828
vn -0.000000 -0.905101 0.425197
vn -0.000000 -0.770975 0.636866
vn -0.000000 -0.588436 0.808544
vn -0.000000 -0.997996 -0.063272
vn -0.000000 -0.982393 0.186828
vn -0.000000 -0.905101 0.425197
vn -0.000000 -0.770975 0.636866
vn -0.000000 -0.588436 0.808544
vn -0.000000 -0.997996 -0.063272
vn -0.000000 -0.982393 0.186828
vn -0.000000 -0.905101 0.425197
vn -0.000000 -0.770975 0.636866
vn -0.000000 -0.588436 0.808544
vn -0.000000 -0.997996 -0.063272
vn -0.000000 -0.982393 0.186828
vn -0.000000 -0.905101 0.425197
vn -0.000000 -0.770975 0.636866
vn -0.000000 -0.588436 0.808544
vn -0.000000 -0.997996 -0.063272
vn -0.000000 -0.982393 0.186828
vn -0.000000 -0.905101 0.425197
vn -0.000000 -0.770975 0.636866
vn -0.000000 -0.588436 0.808544
vn -0.000000 -0.997996 -0.063272
vn -0.000000 -0.982393 0.186828
vn -0.000000 -0.905101 0.425197
vn -0.000000 -0.770975 0.636866
vn -0.000000 -0.588436 0.808544
vn -0.000000 -0.997996 -0.063272
vn -0.000000 -0.982393 0.186828
vn -0.000000 -0.905101 0.425197
vn -0.000000 -0.770975 0.636866
vn -0.000000 -0.588436 0.808544
vn -0.000000 -0.997996 -0.063272
vn -0.000000 -0.982393 0.186828
vn -0.000000 -0.905101 0.425197
vn -0.000000 -0.770975 0.636866
vn -0.000000 -0.588436 0.808544
vn -0.000000 -0.997996 -0.063272
vn -0.000000 -0.982393 0.186828
vn -0.000000 -0.905101 0.425197
vn -0.000000 -0.770975 0.636866
vn -0.000000 -0.588436 0.808544
vn -0.000000 -0.997996 -0.063272
vn -0.000000 -0.982393 0.186828
vn -0.000000 -0.905101 0.425197
vn -0.000000 -0.770975 0.636866
vn -0.000000 -0.588436 0.808544
vn -0.000000 -0.997996 -0.063272
vn -0.000000 -0.982393 0.186828
vn -0.000000 -0.905101 0.425197
vn -0.000000 -0.770975 0.636866
vn -0.000000 -0.588436 0.808544
vn -0.000000 -0.997996 -0.063272
vn -0.000000 -0.982393 0.186828
vn -0.000000 -0.905101 0.425197
vn -0.000000 -0.770975 0.636866
vn -0.000000 -0.588436 0.808544
vn -0.000000 -0.997996 -0.063272
vn -0.000000 -0.982393 0.186828
vn -0.000000 -0.905101 0.425197
vn -0.000000 -0.770975 0.636866
vn -0.000000 -0.588436 0.808544
vn -0.000000 -0.997996 -0.063272
vn -0.000000 -0.982393 0.186828
vn -0.000000 -0.905101 0.425197
vn -0.000000 -0.770975 0.636866
vn -0.000000 -0.588436 0.808544
vn -0.000000 -0.997996 -0.063272
vn -0.000000 -0.982393 0.186828
vn -0.000000 -0.905101 0.425197
vn -0.000000 -0.770975 0.636866
vn -0.000000 -0.588436 0.808544
vn -0.000000 -0.997996 -0.063272
vn -0.000000 -0.982393 0.186828
vn -0.000000 -0.905101 0.425197
vn -0.000000 -0.770975 0.636866
vn -0.000000 -0.588436 0.808544
vn -0.000000 -0.997996 -0.063272
vn -0.000000 -0.982393 0.186828
vn -0.000000 -0.905101 0.425197
vn -0.000000 -0.770975 0.636866
vn -0.000000 -0.588436 0.808544
vn -0.000000 -0.997996 -0.063272
vn -0.000000 -0.982393 0.186828
vn -0.000000 -0.905101 0.425197
vn -0.000000 -0.770975 0.636866
vn -0.000000 -0.588436 0.808544
vn -0.000000 -0.997996 -0.063272
vn -0.000000 -0.982393 0.186828
vn -0.000000 -0.905101 0.425197
vn -0.000000 -0.770975 0.636866
vn -0.000000 -0.588436 0.808544
vn -0.000000 -0.997996 -0.063272
vn -0.000000 -0.982393 0.186828
vn -0.000000 -0.905101 0.425197
vn -0.000000 -0.770975 0.636866
vn -0.000000 -0.588436 0.808544
vn -0.000000 -0.997996 -0.063272
vn -0.000000 -0.982393 0.186828
vn -0.000000 -0.905101 0.425197
vn -0.000000 -0.770975 0.636866
vn -0.000000 -0.588436 0.808544
vn -0.000000 -0.997996 -0.063272
vn -0.000000 -0.997996 -0.063272
vn -0.000000 -0.997996 -0.063272
vn -0.000000 -0.997996 -0.063272
vn -0.000000 -0.997996 -0.063272
vn -0.000000 -0.997996 -0.063272
vn -0.000000 -0.997996 -0.063272
vn -0.000000 -0.997996 -0.063272
vn -0.000000 -0.982393 0.186828
vn -0.000000 -0.905101 0.425197
vn -0.000000 -0.770975 0.636866
vn -0.000000 -0.588436 0.808544
vn -0.000000 -0.982393 0.186828
vn -0.000000 -0.905101 0.425197
vn -0.000000 -0.770975 0.636866
vn -0.000000 -0.982393 0.186828
vn -0.000000 -0.905101 0.425197
vn -0.000000 -0.770975 0.636866
vn -0.000000 -0.588436 0.808544
vn -0.000000 -0.905101 0.425197
vn -0.000000 -0.770975 0.636866
vn -0.000000 -0.588436 0.808544
vn -0.000000 -0.982393 0.186828
vn -0.000000 -0.982393 0.186828
vn -0.000000 -0.905101 0.425197
vn -0.000000 -0.982393 0.186828
vn -0.000000 -0.905101 0.425197
vn -0.000000 -0.770975 0.636866
vn -0.000000 -0.905101 0.425197
vn -0.000000 -0.770975 0.636866
vn -0.000000 -0.588436 0.808544
vn -0.000000 -0.982393 0.186828
vn -0.000000 -0.982393 0.186828
vn -0.000000 -0.905101 0.425197
vn -0.000000 -0.982393 0.186828
vn -0.000000 -0.905101 0.425197
vn -0.000000 -0.770975 0.636866
vn -0.000000 -0.982393 0.186828
vn -0.000000 -0.905101 0.425197
vn -0.000000 -0.770975 0.636866
vn -0.000000 -0.588436 0.808544
vn -0.000000 -0.905101 0.425197
vn -0.000000 -0.770975 0.636866
vn -0.000000 -0.588436 0.808544
vn -0.000000 -0.770975 0.636866
vn -0.000000 -0.588436 0.808544
vn -0.000000 -0.770975 0.636866
vn -0.000000 -0.588436 0.808544
vn -0.000000 -0.770975 0.636866
vn -0.000000 -0.770975 0.636866
vn -0.000000 -0.588436 0.808544
vn -0.000000 -0.588436 0.808544
vn -0.000000 -0.588436 0.808544
vn -0.000000 -0.588436 0.808544
vn -0.000000 -0.588436 0.808544
vn -0.000000 -0.481613 -0.876384
vn -0.000000 -0.248612 -0.968603
vn -0.000000 -0.481613 -0.876384
vn -0.000000 -0.481613 -0.876384
vn -0.000000 -0.481613 -0.876384
vn -0.000000 -0.481613 -0.876384
vn -0.000000 -0.481613 -0.876384
vn -0.000000 -0.481613 -0.876384
vn -0.000000 -0.481613 -0.876384
vn -0.000000 -0.481613 -0.876384
vn -0.000000 -0.481613 -0.876384
vn -0.000000 -0.481613 -0.876384
vn -0.000000 -0.481613 -0.876384
vn -0.000000 -0.481613 -0.876384
vn -0.000000 -0.481613 -0.876384
vn -0.000000 -0.481613 -0.876384
vn -0.000000 -0.481613 -0.876384
vn -0.000000 -0.481613 -0.876384
vn -0.000000 -0.481613 -0.876384
vn -0.000000 -0.481613 -0.876384
vn -0.000000 -0.481613 -0.876384
vn -0.000000 -0.481613 -0.876384
vn -0.000000 -0.481613 -0.876384
vn -0.000000 -0.481613 -0.876384
vn -0.000000 -0.481613 -0.876384
vn -0.000000 -0.481613 -0.876384
vn -0.000000 -0.481613 -0.876384
vn -0.000000 -0.481613 -0.876384
vn -0.000000 -0.481613 -0.876384
vn -0.000000 -0.481613 -0.876384
vn -0.000000 -0.248612 -0.968603
vn -0.000000 -0.248612 -0.968603
vn -0.000000 -0.248612 -0.968603
vn -0.000000 -0.248612 -0.968603
vn -0.000000 -0.248612 -0.968603
vn -0.000000 -0.248612 -0.968603
vn -0.000000 -0.248612 -0.968603
vn -0.000000 -0.248612 -0.968603
vn -0.000000 -0.248612 -0.968603
vn -0.000000 -0.248612 -0.968603
vn -0.000000 -0.248612 -0.968603
vn -0.000000 -0.248612 -0.968603
vn -0.000000 -0.248612 -0.968603
vn -0.000000 -0.248612 -0.968603
vn -0.000000 -0.248612 -0.968603
vn -0.000000 -0.248612 -0.968603
vn -0.000000 -0.248612 -0.968603
vn -0.000000 -0.248612 -0.968603
vn -0.000000 -0.248612 -0.968603
vn -0.000000 -0.248612 -0.968603
vn -0.000000 -0.248612 -0.968603
vn -0.000000 -0.248612 -0.968603
vn -0.000000 -0.248612 -0.968603
vn -0.000000 -0.248612 -0.968603
vn -0.000000 -0.248612 -0.968603
vn -0.000000 -0.248612 -0.968603
vn -0.000000 -0.248612 -0.968603
vn -0.000000 -0.248612 -0.968603
vn -0.000000 -0.248612 -0.968603
vn 0.000000 -0.368947 0.929450
vn 0.000000 -0.368947 0.929450
vn 0.000000 -0.368947 0.929450
vn 0.000000 -0.368947 0.929450
vn 0.000000 -0.368947 0.929450
vn 0.000000 -0.368947 0.929450
vn 0.000000 -0.368947 0.929450
vn 0.000000 -0.368947 0.929450
vn 0.000000 -0.368947 0.929450
vn 1.000000 0.000000 0.000000
vn 1.000000 0.000000 0.000000
vn 0.000000 -0.159264 -0.987236
vn 0.000000 -0.159264 -0.987236
vn 0.000000 -0.159264 -0.987236
vn 0.000000 -0.159264 -0.987236
vn 0.000000 -0.159264 -0.987236
vn 0.000000 -0.159264 -0.987236
vn 0.000000 -0.159264 -0.987236
vn 0.000000 -0.159264 -0.987236
vn 0.000000 -0.159264 -0.987236
vn 0.000000 -0.159264 -0.987236
vn 0.000000 -0.159264 -0.987236
vn 0.000000 -0.159264 -0.987236
vn 0.000000 -0.159264 -0.987236
vn 0.000000 -0.159264 -0.987236
vn 0.000000 -0.159264 -0.987236
vn 0.000000 -0.159264 -0.987236
vn 0.000000 0.987236 -0.159264
vn 0.000000 0.987236 -0.159264
vn 0.000000 0.987236 -0.159264
vn 0.000000 0.987236 -0.159264
vn 0.000000 0.159264 0.987236
vn 0.000000 0.159264 0.987236
vn 0.000000 0.159264 0.987236
vn 0.000000 0.159264 0.987236
vn 0.000000 0.159264 0.987236
vn 0.000000 0.159264 0.987236
vn 0.000000 0.159264 0.987236
vn 0.000000 0.159264 0.987236
vn 0.000000 0.159264 0.987236
vn 0.000000 0.159264 0.987236
vn 0.000000 0.159264 0.987236
vn 0.000000 0.159264 0.987236
vn 0.000000 0.159264 0.987236
vn 1.000000 0.000000 0.000000
vn 1.000000 0.000000 0.000000
vn 1.000000 0.000000 0.000000
vn 1.000000 0.000000 0.000000
vn 1.000000 0.000000 0.000000
vn 1.000000 0.000000 0.000000
vn 0.000000 0.368947 -0.929450
vn 0.000000 0.368947 -0.929450
vn 0.000000 0.368947 -0.929450
vn 0.000000 0.368947 -0.929450
vn 0.000000 0.368947 -0.929450
vn 0.000000 0.368947 -0.929450
vn 0.000000 0.368947 -0.929450
vn 0.000000 0.368947 -0.929450
vn 0.000000 0.368947 -0.929450
vn 0.000000 -0.000000 -1.000000
vn 0.000000 -0.000000 -1.000000
vn 0.000000 -0.000000 -1.000000
vn 0.000000 -0.000000 -1.000000
vn 0.000000 0.159264 0.987236
vn 0.000000 0.159264 0.987236
vn 0.000000 0.159264 0.987236
vn 0.000000 0.159264 0.987236
vn 0.000000 0.159264 0.987236
vn 0.000000 0.159264 0.987236
vn 0.000000 0.159264 0.987236
vn 0.000000 0.159264 0.987236
vn 0.000000 0.159264 0.987236
vn 0.000000 0.159264 0.987236
vn 0.000000 0.159264 0.987236
vn 0.000000 0.987236 -0.159264
vn 0.000000 0.987236 -0.159264
vn 0.000000 0.987236 -0.159264
vn 0.000000 0.987236 -0.159264
vn 0.000000 0.987236 -0.159264
vn 0.000000 0.987236 -0.159264
vn 0.000000 0.987236 -0.159264
vn 0.000000 0.987236 -0.159264
vn 0.000000 0.987236 -0.159264
vn 0.000000 0.987236 -0.159264
vn 0.000000 0.000000 1.000000
vn 0.000000 0.000000 1.000000
vn 0.000000 0.000000 1.000000
vn 0.000000 0.000000 1.000000
vn 0.000000 0.000000 1.000000
vn 0.000000 0.000000 1.000000
vn 0.000000 1.000000 0.000000
vn 0.000000 1.000000 0.000000
vn 0.000000 1.000000 0.000000
vn 0.000000 1.000000 0.000000
vn 0.000000 0.000000 -1.000000
vn 0.000000 0.000000 -1.000000
vn 1.000000 0.000000 0.000000
vn 1.000000 0.000000 0.000000
vn 1.000000 0.000000 0.000000
vn 1.000000 0.000000 0.000000
vn 1.000000 0.000000 0.000000
vn 1.000000 0.000000 0.000000
vn 1.000000 0.000000 0.000000
vn 1.000000 0.000000 0.000000
vn 1.000000 0.000000 0.000000
vn 1.000000 0.000000 0.000000
f 79/203/185 80/204/186 83/205/187
f 83/205/187 80/204/186 81/206/188
f 83/205/187 81/206/188 82/207/189
f 94/208/190 84/209/191 93/210/192
f 93/210/192 84/209/191 85/211/193
f 93/210/192 85/211/193 91/212/194
f 91/212/194 85/211/193 86/213/195
f 91/212/194 86/213/195 90/214/196
f 90/214/196 86/213/195 87/215/197
f 90/214/196 87/215/197 88/216/198
f 88/216/198 89/217/199 90/214/196
f 91/212/194 92/218/200 93/210/192
f 95/219/201 93/220/202 82/221/203
f 82/221/203 93/220/202 92/222/204
f 82/221/203 92/222/204 83/223/205
f 110/224/206 96/225/207 109/226/208
f 109/226/208 96/225/207 97/227/209
f 109/226/208 97/227/209 108/228/210
f 108/228/210 97/227/209 98/229/211
f 108/228/210 98/229/211 107/230/212
f 107/230/212 98/229/211 99/231/213
f 107/230/212 99/231/213 106/232/214
f 106/232/214 99/231/213 100/233/215
f 106/232/214 100/233/215 105/234/216
f 105/234/216 100/233/215 104/235/217
f 104/235/217 100/233/215 101/236/218
f 104/235/217 101/236/218 103/237/219
f 103/237/219 101/236/218 102/238/220
f 123/239/221 90/240/222 115/241/223
f 115/241/223 90/240/222 89/242/224
f 115/241/223 89/242/224 114/243/225
f 114/243/225 89/242/224 88/244/226
f 114/243/225 88/244/226 113/245/227
f 113/245/227 88/244/226 87/246/228
f 113/245/227 87/246/228 112/247/229
f 112/247/229 87/246/228 86/248/230
f 112/247/229 86/248/230 111/249/231
f 111/249/231 86/248/230 85/250/232
f 115/241/223 116/251/233 123/239/221
f 123/239/221 116/251/233 122/252/234
f 122/252/234 116/251/233 121/253/235
f 121/253/235 116/251/233 120/254/236
f 120/254/236 116/251/233 119/255/237
f 119/255/237 116/251/233 118/256/238
f 118/256/238 116/251/233 117/257/239
f 93/258/240 95/259/241 94/260/242
f 94/260/242 95/259/241 124/261/243
f 125/262/244 126/263/245 128/264/246
f 128/264/246 126/263/245 127/265/247
f 81/266/248 125/267/249 82/268/250
f 82/268/250 125/267/249 128/269/251
f 84/270/252 94/271/253 129/272/254
f 129/272/254 94/271/253 124/273/255
f 79/274/256 130/275/257 80/276/258
f 80/276/258 130/275/257 131/277/259
f 83/278/260 92/279/261 132/280/262
f 132/280/262 92/279/261 91/281/263
f 85/282/232 84/283/264 111/284/231
f 111/284/231 84/283/264 129/285/265
f 96/286/207 110/287/206 136/288/266
f 136/288/266 110/287/206 133/289/267
f 136/288/266 133/289/267 134/290/268
f 136/288/266 134/290/268 135/291/269
f 135/291/269 134/290/268 127/292/270
f 135/291/269 127/292/270 126/293/271
f 100/294/272 99/295/273 101/296/274
f 101/296/274 99/295/273 98/297/275
f 101/296/274 98/297/275 138/298/276
f 138/298/276 98/297/275 97/299/277
f 138/298/276 97/299/277 96/300/278
f 136/301/279 137/302/280 96/300/278
f 96/300/278 137/302/280 138/298/276
f 139/303/281 137/304/282 135/305/283
f 135/305/283 137/304/282 136/306/284
f 129/307/285 95/308/286 111/309/287
f 111/309/287 95/308/286 82/310/288
f 111/309/287 82/310/288 132/311/289
f 132/311/289 82/310/288 83/312/290
f 129/307/285 124/313/291 95/308/286
f 132/311/289 117/314/292 111/309/287
f 111/309/287 117/314/292 112/315/293
f 112/315/293 117/314/292 113/316/294
f 113/316/294 117/314/292 114/317/295
f 114/317/295 117/314/292 115/318/296
f 115/318/296 117/314/292 116/319/297
f 90/320/298 123/321/299 91/322/300
f 91/322/300 123/321/299 132/323/301
f 132/323/301 123/321/299 122/324/302
f 132/323/301 122/324/302 121/325/303
f 121/325/303 120/326/304 132/323/301
f 132/323/301 120/326/304 119/327/305
f 132/323/301 119/327/305 117/328/306
f 117/328/306 119/327/305 118/329/307
f 141/330/308 142/331/309 140/332/310
f 140/332/310 142/331/309 143/333/311
f 140/332/310 143/333/311 144/334/312
f 144/334/312 138/335/313 140/332/310
f 140/332/310 138/335/313 146/336/314
f 146/336/314 138/335/313 145/337/315
f 145/337/315 138/335/313 139/338/316
f 139/338/316 138/335/313 137/339/317
f 148/340/318 149/341/319 147/342/320
f 147/342/320 149/341/319 151/343/321
f 151/343/321 149/341/319 150/344/322
f 153/345/323 155/346/324 152/347/325
f 152/347/325 155/346/324 157/348/326
f 152/347/325 157/348/326 162/349/327
f 162/349/327 157/348/326 158/350/328
f 162/349/327 158/350/328 161/351/329
f 161/351/329 158/350/328 160/352/330
f 160/352/330 158/350/328 159/353/331
f 153/345/323 154/354/332 155/346/324
f 155/346/324 156/355/333 157/348/326
f 163/356/334 150/357/335 155/358/336
f 155/358/336 150/357/335 156/359/337
f 156/359/337 150/357/335 149/360/338
f 165/361/339 176/362/340 164/363/341
f 164/363/341 176/362/340 177/364/342
f 164/363/341 177/364/342 178/365/343
f 166/366/344 174/367/345 165/361/339
f 165/361/339 174/367/345 175/368/346
f 165/361/339 175/368/346 176/362/340
f 174/367/345 166/366/344 173/369/347
f 173/369/347 166/366/344 167/370/348
f 173/369/347 167/370/348 172/371/349
f 172/371/349 167/370/348 168/372/350
f 172/371/349 168/372/350 171/373/351
f 171/373/351 168/372/350 169/374/352
f 171/373/351 169/374/352 170/375/353
f 152/376/354 162/377/355 191/378/356
f 191/378/356 162/377/355 190/379/357
f 190/379/357 162/377/355 161/380/358
f 190/379/357 161/380/358 189/381/359
f 189/381/359 161/380/358 160/382/360
f 189/381/359 160/382/360 188/383/361
f 188/383/361 160/382/360 159/384/362
f 188/383/361 159/384/362 187/385/363
f 187/385/363 159/384/362 158/386/364
f 187/385/363 158/386/364 179/387/365
f 187/385/363 179/387/365 186/388/366
f 186/388/366 179/387/365 180/389/367
f 186/388/366 180/389/367 181/390/368
f 181/390/368 182/391/369 186/388/366
f 186/388/366 182/391/369 183/392/370
f 186/388/366 183/392/370 184/393/371
f 184/393/371 185/394/372 186/388/366
f 155/395/373 154/396/374 163/397/375
f 163/397/375 154/396/374 192/398/376
f 193/399/377 194/400/378 196/401/379
f 196/401/379 194/400/378 195/402/380
f 151/403/381 150/404/382 194/405/383
f 194/405/383 150/404/382 195/406/384
f 154/407/385 153/408/386 192/409/387
f 192/409/387 153/408/386 197/410/388
f 148/411/389 147/412/390 198/413/391
f 198/413/391 147/412/390 199/414/392
f 149/415/393 200/416/394 156/417/395
f 156/417/395 200/416/394 157/418/396
f 178/419/343 208/420/397 164/421/398
f 164/421/398 208/420/397 249/422/399
f 164/421/398 249/422/399 250/423/400
f 250/423/400 249/422/399 417/424/401
f 250/423/400 417/424/401 416/425/402
f 416/425/402 417/424/401 308/426/403
f 416/425/402 308/426/403 309/427/404
f 309/427/404 308/426/403 421/428/405
f 309/427/404 421/428/405 422/429/406
f 422/429/406 421/428/405 479/430/407
f 422/429/406 479/430/407 480/431/408
f 480/431/408 479/430/407 537/432/409
f 480/431/408 537/432/409 538/433/410
f 538/433/410 537/432/409 174/434/411
f 538/433/410 174/434/411 539/435/412
f 539/435/412 174/434/411 540/436/413
f 539/435/412 540/436/413 482/437/414
f 482/437/414 540/436/413 483/438/415
f 482/437/414 483/438/415 425/439/416
f 425/439/416 483/438/415 426/440/417
f 425/439/416 426/440/417 313/441/418
f 313/441/418 426/440/417 314/442/419
f 313/441/418 314/442/419 411/443/420
f 411/443/420 314/442/419 410/444/421
f 411/443/420 410/444/421 256/445/422
f 256/445/422 410/444/421 257/446/423
f 256/445/422 257/446/423 207/447/424
f 207/447/424 257/446/423 258/448/425
f 207/447/424 258/448/425 248/449/426
f 248/449/426 258/448/425 259/450/427
f 248/449/426 259/450/427 247/451/428
f 247/451/428 259/450/427 260/452/429
f 247/451/428 260/452/429 246/453/430
f 246/453/430 260/452/429 261/454/431
f 246/453/430 261/454/431 245/455/432
f 245/455/432 261/454/431 262/456/433
f 245/455/432 262/456/433 244/457/434
f 244/457/434 262/456/433 263/458/435
f 244/457/434 263/458/435 243/459/436
f 243/459/436 263/458/435 264/460/437
f 243/459/436 264/460/437 242/461/438
f 242/461/438 264/460/437 265/462/439
f 242/461/438 265/462/439 241/463/440
f 241/463/440 265/462/439 266/464/441
f 241/463/440 266/464/441 240/465/442
f 240/465/442 266/464/441 267/466/443
f 240/465/442 267/466/443 239/467/444
f 239/467/444 267/466/443 268/468/445
f 239/467/444 268/468/445 238/469/446
f 238/469/446 268/468/445 269/470/447
f 238/469/446 269/470/447 237/471/448
f 237/471/448 269/470/447 270/472/449
f 237/471/448 270/472/449 236/473/450
f 236/473/450 270/472/449 271/474/451
f 236/473/450 271/474/451 235/475/452
f 235/475/452 271/474/451 272/476/453
f 235/475/452 272/476/453 234/477/454
f 234/477/454 272/476/453 273/478/455
f 234/477/454 273/478/455 233/479/456
f 233/479/456 273/478/455 274/480/457
f 233/479/456 274/480/457 232/481/458
f 232/481/458 274/480/457 275/482/459
f 232/481/458 275/482/459 231/483/460
f 231/483/460 275/482/459 276/484/461
f 231/483/460 276/484/461 230/485/462
f 230/485/462 276/484/461 277/486/463
f 230/485/462 277/486/463 229/487/464
f 229/487/464 277/486/463 278/488/465
f 229/487/464 278/488/465 228/489/466
f 228/489/466 278/488/465 279/490/467
f 228/489/466 279/490/467 227/491/468
f 227/491/468 279/490/467 280/492/469
f 227/491/468 280/492/469 226/493/470
f 226/493/470 280/492/469 281/494/471
f 226/493/470 281/494/471 225/495/472
f 225/495/472 281/494/471 282/496/473
f 225/495/472 282/496/473 224/497/474
f 224/497/474 282/496/473 283/498/475
f 224/497/474 283/498/475 223/499/476
f 223/499/476 283/498/475 284/500/477
f 223/499/476 284/500/477 222/501/478
f 222/501/478 284/500/477 285/502/479
f 222/501/478 285/502/479 221/503/480
f 221/503/480 285/502/479 286/504/481
f 221/503/480 286/504/481 220/505/482
f 220/505/482 286/504/481 287/506/483
f 220/505/482 287/506/483 219/507/484
f 219/507/484 287/506/483 288/508/485
f 219/507/484 288/508/485 218/509/486
f 218/509/486 288/508/485 289/510/487
f 218/509/486 289/510/487 217/511/488
f 217/511/488 289/510/487 290/512/489
f 217/511/488 290/512/489 216/513/490
f 216/513/490 290/512/489 291/514/491
f 216/513/490 291/514/491 215/515/492
f 215/515/492 291/514/491 292/516/493
f 215/515/492 292/516/493 214/517/494
f 214/517/494 292/516/493 293/518/495
f 214/517/494 293/518/495 213/519/496
f 213/519/496 293/518/495 294/520/497
f 213/519/496 294/520/497 212/521/498
f 212/521/498 294/520/497 295/522/499
f 212/521/498 295/522/499 211/523/500
f 211/523/500 295/522/499 296/524/501
f 211/523/500 296/524/501 210/525/502
f 210/525/502 296/524/501 138/526/503
f 210/525/502 138/526/503 144/527/504
f 208/420/397 178/419/343 306/528/505
f 306/528/505 178/419/343 177/529/506
f 306/528/505 177/529/506 418/530/507
f 418/530/507 177/529/506 176/531/508
f 418/530/507 176/531/508 475/532/509
f 475/532/509 176/531/508 175/533/510
f 475/532/509 175/533/510 532/534/511
f 532/534/511 175/533/510 174/434/411
f 532/534/511 174/434/411 533/535/512
f 533/535/512 174/434/411 534/536/513
f 533/535/512 534/536/513 476/537/514
f 476/537/514 534/536/513 477/538/515
f 476/537/514 477/538/515 419/539/516
f 419/539/516 477/538/515 420/540/517
f 419/539/516 420/540/517 307/541/518
f 307/541/518 420/540/517 308/426/403
f 307/541/518 308/426/403 417/424/401
f 173/542/519 201/543/520 174/434/411
f 174/434/411 201/543/520 541/544/521
f 174/434/411 541/544/521 540/436/413
f 540/436/413 541/544/521 483/438/415
f 107/545/522 574/546/523 201/543/520
f 201/543/520 574/546/523 573/547/524
f 201/543/520 573/547/524 572/548/525
f 572/548/525 573/547/524 515/549/526
f 572/548/525 515/549/526 514/550/527
f 514/550/527 515/549/526 457/551/528
f 514/550/527 457/551/528 456/552/529
f 456/552/529 457/551/528 344/553/530
f 456/552/529 344/553/530 343/554/531
f 343/554/531 344/553/530 381/555/532
f 343/554/531 381/555/532 382/556/533
f 382/556/533 381/555/532 285/502/479
f 382/556/533 285/502/479 284/500/477
f 106/557/534 588/558/535 107/545/522
f 107/545/522 588/558/535 587/559/536
f 107/545/522 587/559/536 586/560/537
f 586/560/537 587/559/536 529/561/538
f 586/560/537 529/561/538 528/562/539
f 528/562/539 529/561/538 471/563/540
f 528/562/539 471/563/540 470/564/541
f 470/564/541 471/563/540 358/565/542
f 470/564/541 358/565/542 357/566/543
f 357/566/543 358/565/542 367/567/544
f 357/566/543 367/567/544 368/568/545
f 368/568/545 367/567/544 299/569/546
f 368/568/545 299/569/546 298/570/547
f 298/570/547 299/569/546 138/526/503
f 298/570/547 138/526/503 297/571/548
f 297/571/548 138/526/503 296/524/501
f 297/571/548 296/524/501 370/572/549
f 370/572/549 296/524/501 371/573/550
f 370/572/549 371/573/550 354/574/551
f 354/574/551 371/573/550 353/575/552
f 354/574/551 353/575/552 466/576/553
f 466/576/553 353/575/552 465/577/554
f 466/576/553 465/577/554 523/578/555
f 523/578/555 465/577/554 522/579/556
f 523/578/555 522/579/556 580/580/557
f 580/580/557 522/579/556 579/581/558
f 580/580/557 579/581/558 107/545/522
f 107/545/522 579/581/558 578/582/559
f 107/545/522 578/582/559 577/583/560
f 577/583/560 578/582/559 520/584/561
f 577/583/560 520/584/561 519/585/562
f 519/585/562 520/584/561 462/586/563
f 519/585/562 462/586/563 461/587/564
f 461/587/564 462/586/563 349/588/565
f 461/587/564 349/588/565 348/589/566
f 348/589/566 349/588/565 376/590/567
f 348/589/566 376/590/567 377/591/568
f 377/591/568 376/590/567 290/512/489
f 377/591/568 290/512/489 289/510/487
f 106/557/534 105/592/569 588/558/535
f 588/558/535 105/592/569 531/593/570
f 588/558/535 531/593/570 530/594/571
f 530/594/571 531/593/570 473/595/572
f 530/594/571 473/595/572 472/596/573
f 472/596/573 473/595/572 360/597/574
f 472/596/573 360/597/574 359/598/575
f 359/598/575 360/597/574 365/599/576
f 359/598/575 365/599/576 366/600/577
f 366/600/577 365/599/576 301/601/578
f 366/600/577 301/601/578 300/602/579
f 300/602/579 301/601/578 138/526/503
f 300/602/579 138/526/503 299/569/546
f 105/592/569 104/603/580 531/593/570
f 531/593/570 104/603/580 474/604/581
f 531/593/570 474/604/581 473/595/572
f 473/595/572 474/604/581 361/605/582
f 473/595/572 361/605/582 360/597/574
f 360/597/574 361/605/582 364/606/583
f 360/597/574 364/606/583 365/599/576
f 365/599/576 364/606/583 302/607/584
f 365/599/576 302/607/584 301/601/578
f 301/601/578 302/607/584 101/608/585
f 301/601/578 101/608/585 138/526/503
f 104/603/580 103/609/586 474/604/581
f 474/604/581 103/609/586 362/610/587
f 474/604/581 362/610/587 361/605/582
f 361/605/582 362/610/587 363/611/588
f 361/605/582 363/611/588 364/606/583
f 364/606/583 363/611/588 303/612/589
f 364/606/583 303/612/589 302/607/584
f 302/607/584 303/612/589 101/608/585
f 103/609/586 102/613/220 362/610/587
f 362/610/587 102/613/220 209/614/590
f 362/610/587 209/614/590 363/611/588
f 363/611/588 209/614/590 304/615/591
f 363/611/588 304/615/591 303/612/589
f 303/612/589 304/615/591 101/608/585
f 102/613/220 101/608/585 209/614/590
f 209/614/590 101/608/585 305/616/592
f 209/614/590 305/616/592 304/615/591
f 304/615/591 305/616/592 101/608/585
f 210/525/502 144/527/504 589/617/593
f 589/617/593 144/527/504 143/618/594
f 589/617/593 143/618/594 628/619/595
f 628/619/595 143/618/594 142/620/596
f 628/619/595 142/620/596 667/621/597
f 667/621/597 142/620/596 141/622/598
f 667/621/597 141/622/598 668/623/599
f 668/623/599 141/622/598 669/624/600
f 668/623/599 669/624/600 629/625/601
f 629/625/601 669/624/600 630/626/602
f 629/625/601 630/626/602 590/627/603
f 590/627/603 630/626/602 591/628/604
f 590/627/603 591/628/604 211/523/500
f 211/523/500 591/628/604 212/521/498
f 140/629/605 202/630/606 141/622/598
f 141/622/598 202/630/606 674/631/607
f 141/622/598 674/631/607 673/632/608
f 673/632/608 674/631/607 634/633/609
f 673/632/608 634/633/609 633/634/610
f 633/634/610 634/633/609 594/635/611
f 633/634/610 594/635/611 593/636/612
f 593/636/612 594/635/611 214/517/494
f 593/636/612 214/517/494 213/519/496
f 203/637/613 705/638/614 202/630/606
f 202/630/606 705/638/614 704/639/615
f 202/630/606 704/639/615 703/640/616
f 703/640/616 704/639/615 664/641/617
f 703/640/616 664/641/617 663/642/618
f 663/642/618 664/641/617 624/643/619
f 663/642/618 624/643/619 623/644/620
f 623/644/620 624/643/619 244/457/434
f 623/644/620 244/457/434 243/459/436
f 203/637/613 204/645/621 705/638/614
f 705/638/614 204/645/621 666/646/622
f 705/638/614 666/646/622 665/647/623
f 665/647/623 666/646/622 626/648/624
f 665/647/623 626/648/624 625/649/625
f 625/649/625 626/648/624 246/453/430
f 625/649/625 246/453/430 245/455/432
f 204/645/621 205/650/626 666/646/622
f 666/646/622 205/650/626 627/651/627
f 666/646/622 627/651/627 626/648/624
f 626/648/624 627/651/627 247/451/428
f 626/648/624 247/451/428 246/453/430
f 205/650/626 206/652/628 627/651/627
f 627/651/627 206/652/628 248/449/426
f 627/651/627 248/449/426 247/451/428
f 206/652/628 207/447/424 248/449/426
f 164/421/398 253/653/629 207/447/424
f 207/447/424 253/653/629 254/654/630
f 207/447/424 254/654/630 255/655/631
f 255/655/631 254/654/630 412/656/632
f 255/655/631 412/656/632 411/443/420
f 411/443/420 412/656/632 313/441/418
f 590/627/603 211/523/500 210/525/502
f 213/519/496 212/521/498 592/657/633
f 592/657/633 212/521/498 591/628/604
f 592/657/633 591/628/604 631/658/634
f 631/658/634 591/628/604 630/626/602
f 631/658/634 630/626/602 670/659/635
f 670/659/635 630/626/602 669/624/600
f 670/659/635 669/624/600 141/622/598
f 214/517/494 594/635/611 215/515/492
f 215/515/492 594/635/611 595/660/636
f 215/515/492 595/660/636 216/513/490
f 216/513/490 595/660/636 596/661/637
f 216/513/490 596/661/637 217/511/488
f 217/511/488 596/661/637 597/662/638
f 217/511/488 597/662/638 218/509/486
f 218/509/486 597/662/638 598/663/639
f 218/509/486 598/663/639 219/507/484
f 219/507/484 598/663/639 599/664/640
f 219/507/484 599/664/640 220/505/482
f 220/505/482 599/664/640 600/665/641
f 220/505/482 600/665/641 221/503/480
f 221/503/480 600/665/641 601/666/642
f 221/503/480 601/666/642 222/501/478
f 222/501/478 601/666/642 602/667/643
f 222/501/478 602/667/643 223/499/476
f 223/499/476 602/667/643 603/668/644
f 223/499/476 603/668/644 224/497/474
f 224/497/474 603/668/644 604/669/645
f 224/497/474 604/669/645 225/495/472
f 225/495/472 604/669/645 605/670/646
f 225/495/472 605/670/646 226/493/470
f 226/493/470 605/670/646 606/671/647
f 226/493/470 606/671/647 227/491/468
f 227/491/468 606/671/647 607/672/648
f 227/491/468 607/672/648 228/489/466
f 228/489/466 607/672/648 608/673/649
f 228/489/466 608/673/649 229/487/464
f 229/487/464 608/673/649 609/674/650
f 229/487/464 609/674/650 230/485/462
f 230/485/462 609/674/650 610/675/651
f 230/485/462 610/675/651 231/483/460
f 231/483/460 610/675/651 611/676/652
f 231/483/460 611/676/652 232/481/458
f 232/481/458 611/676/652 612/677/653
f 232/481/458 612/677/653 233/479/456
f 233/479/456 612/677/653 613/678/654
f 233/479/456 613/678/654 234/477/454
f 234/477/454 613/678/654 614/679/655
f 234/477/454 614/679/655 235/475/452
f 235/475/452 614/679/655 615/680/656
f 235/475/452 615/680/656 236/473/450
f 236/473/450 615/680/656 616/681/657
f 236/473/450 616/681/657 237/471/448
f 237/471/448 616/681/657 617/682/658
f 237/471/448 617/682/658 238/469/446
f 238/469/446 617/682/658 618/683/659
f 238/469/446 618/683/659 239/467/444
f 239/467/444 618/683/659 619/684/660
f 239/467/444 619/684/660 240/465/442
f 240/465/442 619/684/660 620/685/661
f 240/465/442 620/685/661 241/463/440
f 241/463/440 620/685/661 621/686/662
f 241/463/440 621/686/662 242/461/438
f 242/461/438 621/686/662 622/687/663
f 242/461/438 622/687/663 243/459/436
f 243/459/436 622/687/663 623/644/620
f 625/649/625 245/455/432 624/643/619
f 624/643/619 245/455/432 244/457/434
f 250/423/400 251/688/664 164/421/398
f 164/421/398 251/688/664 252/689/665
f 164/421/398 252/689/665 253/653/629
f 253/653/629 252/689/665 414/690/666
f 253/653/629 414/690/666 413/691/667
f 413/691/667 414/690/666 311/692/668
f 413/691/667 311/692/668 312/693/669
f 312/693/669 311/692/668 424/694/670
f 312/693/669 424/694/670 425/439/416
f 425/439/416 424/694/670 482/437/414
f 250/423/400 416/425/402 251/688/664
f 251/688/664 416/425/402 415/695/671
f 251/688/664 415/695/671 252/689/665
f 252/689/665 415/695/671 414/690/666
f 256/445/422 207/447/424 255/655/631
f 412/656/632 254/654/630 413/691/667
f 413/691/667 254/654/630 253/653/629
f 411/443/420 256/445/422 255/655/631
f 258/448/425 257/446/423 409/696/672
f 409/696/672 257/446/423 410/444/421
f 409/696/672 410/444/421 315/697/673
f 315/697/673 410/444/421 314/442/419
f 315/697/673 314/442/419 427/698/674
f 427/698/674 314/442/419 426/440/417
f 427/698/674 426/440/417 484/699/675
f 484/699/675 426/440/417 483/438/415
f 484/699/675 483/438/415 541/544/521
f 259/450/427 258/448/425 408/700/676
f 408/700/676 258/448/425 409/696/672
f 408/700/676 409/696/672 316/701/677
f 316/701/677 409/696/672 315/697/673
f 316/701/677 315/697/673 428/702/678
f 428/702/678 315/697/673 427/698/674
f 428/702/678 427/698/674 485/703/679
f 485/703/679 427/698/674 484/699/675
f 485/703/679 484/699/675 542/704/680
f 542/704/680 484/699/675 541/544/521
f 542/704/680 541/544/521 201/543/520
f 260/452/429 259/450/427 407/705/681
f 407/705/681 259/450/427 408/700/676
f 407/705/681 408/700/676 317/706/682
f 317/706/682 408/700/676 316/701/677
f 317/706/682 316/701/677 429/707/683
f 429/707/683 316/701/677 428/702/678
f 429/707/683 428/702/678 486/708/684
f 486/708/684 428/702/678 485/703/679
f 486/708/684 485/703/679 543/709/685
f 543/709/685 485/703/679 542/704/680
f 543/709/685 542/704/680 201/543/520
f 261/454/431 260/452/429 406/710/686
f 406/710/686 260/452/429 407/705/681
f 406/710/686 407/705/681 318/711/687
f 318/711/687 407/705/681 317/706/682
f 318/711/687 317/706/682 430/712/688
f 430/712/688 317/706/682 429/707/683
f 430/712/688 429/707/683 487/713/689
f 487/713/689 429/707/683 486/708/684
f 487/713/689 486/708/684 544/714/690
f 544/714/690 486/708/684 543/709/685
f 544/714/690 543/709/685 201/543/520
f 262/456/433 261/454/431 405/715/691
f 405/715/691 261/454/431 406/710/686
f 405/715/691 406/710/686 319/716/692
f 319/716/692 406/710/686 318/711/687
f 319/716/692 318/711/687 431/717/693
f 431/717/693 318/711/687 430/712/688
f 431/717/693 430/712/688 488/718/694
f 488/718/694 430/712/688 487/713/689
f 488/718/694 487/713/689 545/719/695
f 545/719/695 487/713/689 544/714/690
f 545/719/695 544/714/690 201/543/520
f 263/458/435 262/456/433 404/720/696
f 404/720/696 262/456/433 405/715/691
f 404/720/696 405/715/691 320/721/697
f 320/721/697 405/715/691 319/716/692
f 320/721/697 319/716/692 432/722/698
f 432/722/698 319/716/692 431/717/693
f 432/722/698 431/717/693 489/723/699
f 489/723/699 431/717/693 488/718/694
f 489/723/699 488/718/694 546/724/700
f 546/724/700 488/718/694 545/719/695
f 546/724/700 545/719/695 201/543/520
f 264/460/437 263/458/435 403/725/701
f 403/725/701 263/458/435 404/720/696
f 403/725/701 404/720/696 321/726/702
f 321/726/702 404/720/696 320/721/697
f 321/726/702 320/721/697 433/727/703
f 433/727/703 320/721/697 432/722/698
f 433/727/703 432/722/698 490/728/704
f 490/728/704 432/722/698 489/723/699
f 490/728/704 489/723/699 547/729/705
f 547/729/705 489/723/699 546/724/700
f 547/729/705 546/724/700 201/543/520
f 265/462/439 264/460/437 402/730/706
f 402/730/706 264/460/437 403/725/701
f 402/730/706 403/725/701 322/731/707
f 322/731/707 403/725/701 321/726/702
f 322/731/707 321/726/702 434/732/708
f 434/732/708 321/726/702 433/727/703
f 434/732/708 433/727/703 491/733/709
f 491/733/709 433/727/703 490/728/704
f 491/733/709 490/728/704 548/734/710
f 548/734/710 490/728/704 547/729/705
f 548/734/710 547/729/705 201/543/520
f 266/464/441 265/462/439 401/735/711
f 401/735/711 265/462/439 402/730/706
f 401/735/711 402/730/706 323/736/712
f 323/736/712 402/730/706 322/731/707
f 323/736/712 322/731/707 435/737/713
f 435/737/713 322/731/707 434/732/708
f 435/737/713 434/732/708 492/738/714
f 492/738/714 434/732/708 491/733/709
f 492/738/714 491/733/709 549/739/715
f 549/739/715 491/733/709 548/734/710
f 549/739/715 548/734/710 201/543/520
f 267/466/443 266/464/441 400/740/716
f 400/740/716 266/464/441 401/735/711
f 400/740/716 401/735/711 324/741/717
f 324/741/717 401/735/711 323/736/712
f 324/741/717 323/736/712 436/742/718
f 436/742/718 323/736/712 435/737/713
f 436/742/718 435/737/713 493/743/719
f 493/743/719 435/737/713 492/738/714
f 493/743/719 492/738/714 550/744/720
f 550/744/720 492/738/714 549/739/715
f 550/744/720 549/739/715 201/543/520
f 268/468/445 267/466/443 399/745/721
f 399/745/721 267/466/443 400/740/716
f 399/745/721 400/740/716 325/746/722
f 325/746/722 400/740/716 324/741/717
f 325/746/722 324/741/717 437/747/723
f 437/747/723 324/741/717 436/742/718
f 437/747/723 436/742/718 494/748/724
f 494/748/724 436/742/718 493/743/719
f 494/748/724 493/743/719 551/749/725
f 551/749/725 493/743/719 550/744/720
f 551/749/725 550/744/720 201/543/520
f 269/470/447 268/468/445 398/750/726
f 398/750/726 268/468/445 399/745/721
f 398/750/726 399/745/721 326/751/727
f 326/751/727 399/745/721 325/746/722
f 326/751/727 325/746/722 438/752/728
f 438/752/728 325/746/722 437/747/723
f 438/752/728 437/747/723 495/753/729
f 495/753/729 437/747/723 494/748/724
f 495/753/729 494/748/724 552/754/730
f 552/754/730 494/748/724 551/749/725
f 552/754/730 551/749/725 201/543/520
f 270/472/449 269/470/447 397/755/731
f 397/755/731 269/470/447 398/750/726
f 397/755/731 398/750/726 327/756/732
f 327/756/732 398/750/726 326/751/727
f 327/756/732 326/751/727 439/757/733
f 439/757/733 326/751/727 438/752/728
f 439/757/733 438/752/728 496/758/734
f 496/758/734 438/752/728 495/753/729
f 496/758/734 495/753/729 553/759/735
f 553/759/735 495/753/729 552/754/730
f 553/759/735 552/754/730 201/543/520
f 271/474/451 270/472/449 396/760/736
f 396/760/736 270/472/449 397/755/731
f 396/760/736 397/755/731 328/761/737
f 328/761/737 397/755/731 327/756/732
f 328/761/737 327/756/732 440/762/738
f 440/762/738 327/756/732 439/757/733
f 440/762/738 439/757/733 497/763/739
f 497/763/739 439/757/733 496/758/734
f 497/763/739 496/758/734 554/764/740
f 554/764/740 496/758/734 553/759/735
f 554/764/740 553/759/735 201/543/520
f 272/476/453 271/474/451 395/765/741
f 395/765/741 271/474/451 396/760/736
f 395/765/741 396/760/736 329/766/742
f 329/766/742 396/760/736 328/761/737
f 329/766/742 328/761/737 441/767/743
f 441/767/743 328/761/737 440/762/738
f 441/767/743 440/762/738 498/768/744
f 498/768/744 440/762/738 497/763/739
f 498/768/744 497/763/739 555/769/745
f 555/769/745 497/763/739 554/764/740
f 555/769/745 554/764/740 201/543/520
f 273/478/455 272/476/453 394/770/746
f 394/770/746 272/476/453 395/765/741
f 394/770/746 395/765/741 330/771/747
f 330/771/747 395/765/741 329/766/742
f 330/771/747 329/766/742 442/772/748
f 442/772/748 329/766/742 441/767/743
f 442/772/748 441/767/743 499/773/749
f 499/773/749 441/767/743 498/768/744
f 499/773/749 498/768/744 556/774/750
f 556/774/750 498/768/744 555/769/745
f 556/774/750 555/769/745 201/543/520
f 274/480/457 273/478/455 393/775/751
f 393/775/751 273/478/455 394/770/746
f 393/775/751 394/770/746 331/776/752
f 331/776/752 394/770/746 330/771/747
f 331/776/752 330/771/747 443/777/753
f 443/777/753 330/771/747 442/772/748
f 443/777/753 442/772/748 500/778/754
f 500/778/754 442/772/748 499/773/749
f 500/778/754 499/773/749 557/779/755
f 557/779/755 499/773/749 556/774/750
f 557/779/755 556/774/750 201/543/520
f 275/482/459 274/480/457 392/780/756
f 392/780/756 274/480/457 393/775/751
f 392/780/756 393/775/751 332/781/757
f 332/781/757 393/775/751 331/776/752
f 332/781/757 331/776/752 444/782/758
f 444/782/758 331/776/752 443/777/753
f 444/782/758 443/777/753 501/783/759
f 501/783/759 443/777/753 500/778/754
f 501/783/759 500/778/754 558/784/760
f 558/784/760 500/778/754 557/779/755
f 558/784/760 557/779/755 201/543/520
f 276/484/461 275/482/459 391/785/761
f 391/785/761 275/482/459 392/780/756
f 391/785/761 392/780/756 333/786/762
f 333/786/762 392/780/756 332/781/757
f 333/786/762 332/781/757 445/787/763
f 445/787/763 332/781/757 444/782/758
f 445/787/763 444/782/758 502/788/764
f 502/788/764 444/782/758 501/783/759
f 502/788/764 501/783/759 559/789/765
f 559/789/765 501/783/759 558/784/760
f 559/789/765 558/784/760 201/543/520
f 277/486/463 276/484/461 390/790/766
f 390/790/766 276/484/461 391/785/761
f 390/790/766 391/785/761 334/791/767
f 334/791/767 391/785/761 333/786/762
f 334/791/767 333/786/762 446/792/768
f 446/792/768 333/786/762 445/787/763
f 446/792/768 445/787/763 503/793/769
f 503/793/769 445/787/763 502/788/764
f 503/793/769 502/788/764 560/794/770
f 560/794/770 502/788/764 559/789/765
f 560/794/770 559/789/765 201/543/520
f 278/488/465 277/486/463 389/795/771
f 389/795/771 277/486/463 390/790/766
f 389/795/771 390/790/766 335/796/772
f 335/796/772 390/790/766 334/791/767
f 335/796/772 334/791/767 447/797/773
f 447/797/773 334/791/767 446/792/768
f 447/797/773 446/792/768 504/798/774
f 504/798/774 446/792/768 503/793/769
f 504/798/774 503/793/769 561/799/775
f 561/799/775 503/793/769 560/794/770
f 561/799/775 560/794/770 201/543/520
f 279/490/467 278/488/465 388/800/776
f 388/800/776 278/488/465 389/795/771
f 388/800/776 389/795/771 336/801/777
f 336/801/777 389/795/771 335/796/772
f 336/801/777 335/796/772 448/802/778
f 448/802/778 335/796/772 447/797/773
f 448/802/778 447/797/773 505/803/779
f 505/803/779 447/797/773 504/798/774
f 505/803/779 504/798/774 562/804/780
f 562/804/780 504/798/774 561/799/775
f 562/804/780 561/799/775 201/543/520
f 280/492/469 279/490/467 387/805/781
f 387/805/781 279/490/467 388/800/776
f 387/805/781 388/800/776 337/806/782
f 337/806/782 388/800/776 336/801/777
f 337/806/782 336/801/777 449/807/783
f 449/807/783 336/801/777 448/802/778
f 449/807/783 448/802/778 506/808/784
f 506/808/784 448/802/778 505/803/779
f 506/808/784 505/803/779 563/809/785
f 563/809/785 505/803/779 562/804/780
f 563/809/785 562/804/780 201/543/520
f 281/494/471 280/492/469 386/810/786
f 386/810/786 280/492/469 387/805/781
f 386/810/786 387/805/781 338/811/787
f 338/811/787 387/805/781 337/806/782
f 338/811/787 337/806/782 450/812/788
f 450/812/788 337/806/782 449/807/783
f 450/812/788 449/807/783 507/813/789
f 507/813/789 449/807/783 506/808/784
f 507/813/789 506/808/784 564/814/790
f 564/814/790 506/808/784 563/809/785
f 564/814/790 563/809/785 201/543/520
f 282/496/473 281/494/471 385/815/791
f 385/815/791 281/494/471 386/810/786
f 385/815/791 386/810/786 339/816/792
f 339/816/792 386/810/786 338/811/787
f 339/816/792 338/811/787 451/817/793
f 451/817/793 338/811/787 450/812/788
f 451/817/793 450/812/788 508/818/794
f 508/818/794 450/812/788 507/813/789
f 508/818/794 507/813/789 565/819/795
f 565/819/795 507/813/789 564/814/790
f 565/819/795 564/814/790 201/543/520
f 283/498/475 282/496/473 384/820/796
f 384/820/796 282/496/473 385/815/791
f 384/820/796 385/815/791 340/821/797
f 340/821/797 385/815/791 339/816/792
f 340/821/797 339/816/792 452/822/798
f 452/822/798 339/816/792 451/817/793
f 452/822/798 451/817/793 509/823/799
f 509/823/799 451/817/793 508/818/794
f 509/823/799 508/818/794 566/824/800
f 566/824/800 508/818/794 565/819/795
f 566/824/800 565/819/795 201/543/520
f 284/500/477 283/498/475 383/825/801
f 383/825/801 283/498/475 384/820/796
f 383/825/801 384/820/796 341/826/802
f 341/826/802 384/820/796 340/821/797
f 341/826/802 340/821/797 453/827/803
f 453/827/803 340/821/797 452/822/798
f 453/827/803 452/822/798 510/828/804
f 510/828/804 452/822/798 509/823/799
f 510/828/804 509/823/799 567/829/805
f 567/829/805 509/823/799 566/824/800
f 567/829/805 566/824/800 201/543/520
f 285/502/479 381/555/532 286/504/481
f 286/504/481 381/555/532 380/830/806
f 286/504/481 380/830/806 287/506/483
f 287/506/483 380/830/806 379/831/807
f 287/506/483 379/831/807 288/508/485
f 288/508/485 379/831/807 378/832/808
f 288/508/485 378/832/808 289/510/487
f 289/510/487 378/832/808 377/591/568
f 290/512/489 376/590/567 291/514/491
f 291/514/491 376/590/567 375/833/809
f 291/514/491 375/833/809 292/516/493
f 292/516/493 375/833/809 374/834/810
f 292/516/493 374/834/810 293/518/495
f 293/518/495 374/834/810 373/835/811
f 293/518/495 373/835/811 294/520/497
f 294/520/497 373/835/811 372/836/812
f 294/520/497 372/836/812 295/522/499
f 295/522/499 372/836/812 371/573/550
f 295/522/499 371/573/550 296/524/501
f 298/570/547 297/571/548 369/837/813
f 369/837/813 297/571/548 370/572/549
f 369/837/813 370/572/549 355/838/814
f 355/838/814 370/572/549 354/574/551
f 355/838/814 354/574/551 467/839/815
f 467/839/815 354/574/551 466/576/553
f 467/839/815 466/576/553 524/840/816
f 524/840/816 466/576/553 523/578/555
f 524/840/816 523/578/555 581/841/817
f 581/841/817 523/578/555 580/580/557
f 581/841/817 580/580/557 107/545/522
f 366/600/577 300/602/579 367/567/544
f 367/567/544 300/602/579 299/569/546
f 306/528/505 307/541/518 208/420/397
f 208/420/397 307/541/518 417/424/401
f 208/420/397 417/424/401 249/422/399
f 307/541/518 306/528/505 419/539/516
f 419/539/516 306/528/505 418/530/507
f 419/539/516 418/530/507 476/537/514
f 476/537/514 418/530/507 475/532/509
f 476/537/514 475/532/509 533/535/512
f 533/535/512 475/532/509 532/534/511
f 415/695/671 416/425/402 309/427/404
f 421/428/405 308/426/403 420/540/517
f 414/690/666 415/695/671 310/842/818
f 310/842/818 415/695/671 309/427/404
f 310/842/818 309/427/404 422/429/406
f 414/690/666 310/842/818 311/692/668
f 311/692/668 310/842/818 423/843/819
f 311/692/668 423/843/819 424/694/670
f 424/694/670 423/843/819 481/844/820
f 424/694/670 481/844/820 482/437/414
f 482/437/414 481/844/820 539/435/412
f 423/843/819 310/842/818 422/429/406
f 412/656/632 413/691/667 312/693/669
f 425/439/416 313/441/418 312/693/669
f 312/693/669 313/441/418 412/656/632
f 341/826/802 342/845/821 383/825/801
f 383/825/801 342/845/821 382/556/533
f 383/825/801 382/556/533 284/500/477
f 382/556/533 342/845/821 343/554/531
f 343/554/531 342/845/821 455/846/822
f 343/554/531 455/846/822 456/552/529
f 456/552/529 455/846/822 513/847/823
f 456/552/529 513/847/823 514/550/527
f 514/550/527 513/847/823 571/848/824
f 514/550/527 571/848/824 572/548/525
f 572/548/525 571/848/824 201/543/520
f 342/845/821 341/826/802 454/849/825
f 454/849/825 341/826/802 453/827/803
f 454/849/825 453/827/803 511/850/826
f 511/850/826 453/827/803 510/828/804
f 511/850/826 510/828/804 568/851/827
f 568/851/827 510/828/804 567/829/805
f 568/851/827 567/829/805 201/543/520
f 380/830/806 381/555/532 344/553/530
f 379/831/807 380/830/806 345/852/828
f 345/852/828 380/830/806 344/553/530
f 345/852/828 344/553/530 457/551/528
f 378/832/808 379/831/807 346/853/829
f 346/853/829 379/831/807 345/852/828
f 346/853/829 345/852/828 458/854/830
f 458/854/830 345/852/828 457/551/528
f 458/854/830 457/551/528 515/549/526
f 377/591/568 378/832/808 347/855/831
f 347/855/831 378/832/808 346/853/829
f 347/855/831 346/853/829 459/856/832
f 459/856/832 346/853/829 458/854/830
f 459/856/832 458/854/830 516/857/833
f 516/857/833 458/854/830 515/549/526
f 516/857/833 515/549/526 573/547/524
f 377/591/568 347/855/831 348/589/566
f 348/589/566 347/855/831 460/858/834
f 348/589/566 460/858/834 461/587/564
f 461/587/564 460/858/834 518/859/835
f 461/587/564 518/859/835 519/585/562
f 519/585/562 518/859/835 576/860/836
f 519/585/562 576/860/836 577/583/560
f 577/583/560 576/860/836 107/545/522
f 460/858/834 347/855/831 459/856/832
f 375/833/809 376/590/567 349/588/565
f 374/834/810 375/833/809 350/861/837
f 350/861/837 375/833/809 349/588/565
f 350/861/837 349/588/565 462/586/563
f 373/835/811 374/834/810 351/862/838
f 351/862/838 374/834/810 350/861/837
f 351/862/838 350/861/837 463/863/839
f 463/863/839 350/861/837 462/586/563
f 463/863/839 462/586/563 520/584/561
f 372/836/812 373/835/811 352/864/840
f 352/864/840 373/835/811 351/862/838
f 352/864/840 351/862/838 464/865/841
f 464/865/841 351/862/838 463/863/839
f 464/865/841 463/863/839 521/866/842
f 521/866/842 463/863/839 520/584/561
f 521/866/842 520/584/561 578/582/559
f 371/573/550 372/836/812 353/575/552
f 353/575/552 372/836/812 352/864/840
f 353/575/552 352/864/840 465/577/554
f 465/577/554 352/864/840 464/865/841
f 465/577/554 464/865/841 522/579/556
f 522/579/556 464/865/841 521/866/842
f 522/579/556 521/866/842 579/581/558
f 579/581/558 521/866/842 578/582/559
f 355/838/814 356/867/843 369/837/813
f 369/837/813 356/867/843 368/568/545
f 369/837/813 368/568/545 298/570/547
f 368/568/545 356/867/843 357/566/543
f 357/566/543 356/867/843 469/868/844
f 357/566/543 469/868/844 470/564/541
f 470/564/541 469/868/844 527/869/845
f 470/564/541 527/869/845 528/562/539
f 528/562/539 527/869/845 585/870/846
f 528/562/539 585/870/846 586/560/537
f 586/560/537 585/870/846 107/545/522
f 356/867/843 355/838/814 468/871/847
f 468/871/847 355/838/814 467/839/815
f 468/871/847 467/839/815 525/872/848
f 525/872/848 467/839/815 524/840/816
f 525/872/848 524/840/816 582/873/849
f 582/873/849 524/840/816 581/841/817
f 582/873/849 581/841/817 107/545/522
f 366/600/577 367/567/544 358/565/542
f 366/600/577 358/565/542 359/598/575
f 359/598/575 358/565/542 471/563/540
f 359/598/575 471/563/540 472/596/573
f 472/596/573 471/563/540 529/561/538
f 472/596/573 529/561/538 530/594/571
f 530/594/571 529/561/538 587/559/536
f 530/594/571 587/559/536 588/558/535
f 421/428/405 420/540/517 478/874/850
f 478/874/850 420/540/517 477/538/515
f 478/874/850 477/538/515 535/875/851
f 535/875/851 477/538/515 534/536/513
f 535/875/851 534/536/513 174/434/411
f 481/844/820 423/843/819 480/431/408
f 480/431/408 423/843/819 422/429/406
f 342/845/821 454/849/825 455/846/822
f 455/846/822 454/849/825 512/876/852
f 455/846/822 512/876/852 513/847/823
f 513/847/823 512/876/852 570/877/853
f 513/847/823 570/877/853 571/848/824
f 571/848/824 570/877/853 201/543/520
f 512/876/852 454/849/825 511/850/826
f 460/858/834 459/856/832 517/878/854
f 517/878/854 459/856/832 516/857/833
f 517/878/854 516/857/833 574/546/523
f 574/546/523 516/857/833 573/547/524
f 356/867/843 468/871/847 469/868/844
f 469/868/844 468/871/847 526/879/855
f 469/868/844 526/879/855 527/869/845
f 527/869/845 526/879/855 584/880/856
f 527/869/845 584/880/856 585/870/846
f 585/870/846 584/880/856 107/545/522
f 526/879/855 468/871/847 525/872/848
f 421/428/405 478/874/850 479/430/407
f 479/430/407 478/874/850 536/881/857
f 479/430/407 536/881/857 537/432/409
f 537/432/409 536/881/857 174/434/411
f 536/881/857 478/874/850 535/875/851
f 539/435/412 481/844/820 538/433/410
f 538/433/410 481/844/820 480/431/408
f 512/876/852 511/850/826 569/882/858
f 569/882/858 511/850/826 568/851/827
f 569/882/858 568/851/827 201/543/520
f 460/858/834 517/878/854 518/859/835
f 518/859/835 517/878/854 575/883/859
f 518/859/835 575/883/859 576/860/836
f 576/860/836 575/883/859 107/545/522
f 575/883/859 517/878/854 574/546/523
f 526/879/855 525/872/848 583/884/860
f 583/884/860 525/872/848 582/873/849
f 583/884/860 582/873/849 107/545/522
f 174/434/411 536/881/857 535/875/851
f 201/543/520 570/877/853 569/882/858
f 569/882/858 570/877/853 512/876/852
f 107/545/522 575/883/859 574/546/523
f 107/545/522 584/880/856 583/884/860
f 583/884/860 584/880/856 526/879/855
f 629/625/601 590/627/603 589/617/593
f 589/617/593 590/627/603 210/525/502
f 213/519/496 592/657/633 593/636/612
f 593/636/612 592/657/633 632/885/861
f 593/636/612 632/885/861 633/634/610
f 633/634/610 632/885/861 672/886/862
f 633/634/610 672/886/862 673/632/608
f 673/632/608 672/886/862 141/622/598
f 632/885/861 592/657/633 631/658/634
f 594/635/611 634/633/609 595/660/636
f 595/660/636 634/633/609 635/887/863
f 595/660/636 635/887/863 596/661/637
f 596/661/637 635/887/863 636/888/864
f 596/661/637 636/888/864 597/662/638
f 597/662/638 636/888/864 637/889/865
f 597/662/638 637/889/865 598/663/639
f 598/663/639 637/889/865 638/890/866
f 598/663/639 638/890/866 599/664/640
f 599/664/640 638/890/866 639/891/867
f 599/664/640 639/891/867 600/665/641
f 600/665/641 639/891/867 640/892/868
f 600/665/641 640/892/868 601/666/642
f 601/666/642 640/892/868 641/893/869
f 601/666/642 641/893/869 602/667/643
f 602/667/643 641/893/869 642/894/870
f 602/667/643 642/894/870 603/668/644
f 603/668/644 642/894/870 643/895/871
f 603/668/644 643/895/871 604/669/645
f 604/669/645 643/895/871 644/896/872
f 604/669/645 644/896/872 605/670/646
f 605/670/646 644/896/872 645/897/873
f 605/670/646 645/897/873 606/671/647
f 606/671/647 645/897/873 646/898/874
f 606/671/647 646/898/874 607/672/648
f 607/672/648 646/898/874 647/899/875
f 607/672/648 647/899/875 608/673/649
f 608/673/649 647/899/875 648/900/876
f 608/673/649 648/900/876 609/674/650
f 609/674/650 648/900/876 649/901/877
f 609/674/650 649/901/877 610/675/651
f 610/675/651 649/901/877 650/902/878
f 610/675/651 650/902/878 611/676/652
f 611/676/652 650/902/878 651/903/879
f 611/676/652 651/903/879 612/677/653
f 612/677/653 651/903/879 652/904/880
f 612/677/653 652/904/880 613/678/654
f 613/678/654 652/904/880 653/905/881
f 613/678/654 653/905/881 614/679/655
f 614/679/655 653/905/881 654/906/882
f 614/679/655 654/906/882 615/680/656
f 615/680/656 654/906/882 655/907/883
f 615/680/656 655/907/883 616/681/657
f 616/681/657 655/907/883 656/908/884
f 616/681/657 656/908/884 617/682/658
f 617/682/658 656/908/884 657/909/885
f 617/682/658 657/909/885 618/683/659
f 618/683/659 657/909/885 658/910/886
f 618/683/659 658/910/886 619/684/660
f 619/684/660 658/910/886 659/911/887
f 619/684/660 659/911/887 620/685/661
f 620/685/661 659/911/887 660/912/888
f 620/685/661 660/912/888 621/686/662
f 621/686/662 660/912/888 661/913/889
f 621/686/662 661/913/889 622/687/663
f 622/687/663 661/913/889 662/914/890
f 622/687/663 662/914/890 623/644/620
f 623/644/620 662/914/890 663/642/618
f 665/647/623 625/649/625 664/641/617
f 664/641/617 625/649/625 624/643/619
f 668/623/599 629/625/601 628/619/595
f 628/619/595 629/625/601 589/617/593
f 667/621/597 668/623/599 628/619/595
f 632/885/861 631/658/634 671/915/891
f 671/915/891 631/658/634 670/659/635
f 671/915/891 670/659/635 141/622/598
f 634/633/609 674/631/607 635/887/863
f 635/887/863 674/631/607 675/916/892
f 635/887/863 675/916/892 636/888/864
f 636/888/864 675/916/892 676/917/893
f 636/888/864 676/917/893 637/889/865
f 637/889/865 676/917/893 677/918/894
f 637/889/865 677/918/894 638/890/866
f 638/890/866 677/918/894 678/919/895
f 638/890/866 678/919/895 639/891/867
f 639/891/867 678/919/895 679/920/896
f 639/891/867 679/920/896 640/892/868
f 640/892/868 679/920/896 680/921/897
f 640/892/868 680/921/897 641/893/869
f 641/893/869 680/921/897 681/922/898
f 641/893/869 681/922/898 642/894/870
f 642/894/870 681/922/898 682/923/899
f 642/894/870 682/923/899 643/895/871
f 643/895/871 682/923/899 683/924/900
f 643/895/871 683/924/900 644/896/872
f 644/896/872 683/924/900 684/925/901
f 644/896/872 684/925/901 645/897/873
f 645/897/873 684/925/901 685/926/902
f 645/897/873 685/926/902 646/898/874
f 646/898/874 685/926/902 686/927/903
f 646/898/874 686/927/903 647/899/875
f 647/899/875 686/927/903 687/928/904
f 647/899/875 687/928/904 648/900/876
f 648/900/876 687/928/904 688/929/905
f 648/900/876 688/929/905 649/901/877
f 649/901/877 688/929/905 689/930/906
f 649/901/877 689/930/906 650/902/878
f 650/902/878 689/930/906 690/931/907
f 650/902/878 690/931/907 651/903/879
f 651/903/879 690/931/907 691/932/908
f 651/903/879 691/932/908 652/904/880
f 652/904/880 691/932/908 692/933/909
f 652/904/880 692/933/909 653/905/881
f 653/905/881 692/933/909 693/934/910
f 653/905/881 693/934/910 654/906/882
f 654/906/882 693/934/910 694/935/911
f 654/906/882 694/935/911 655/907/883
f 655/907/883 694/935/911 695/936/912
f 655/907/883 695/936/912 656/908/884
f 656/908/884 695/936/912 696/937/913
f 656/908/884 696/937/913 657/909/885
f 657/909/885 696/937/913 697/938/914
f 657/909/885 697/938/914 658/910/886
f 658/910/886 697/938/914 698/939/915
f 658/910/886 698/939/915 659/911/887
f 659/911/887 698/939/915 699/940/916
f 659/911/887 699/940/916 660/912/888
f 660/912/888 699/940/916 700/941/917
f 660/912/888 700/941/917 661/913/889
f 661/913/889 700/941/917 701/942/918
f 661/913/889 701/942/918 662/914/890
f 662/914/890 701/942/918 702/943/919
f 662/914/890 702/943/919 663/642/618
f 663/642/618 702/943/919 703/640/616
f 705/638/614 665/647/623 704/639/615
f 704/639/615 665/647/623 664/641/617
f 141/622/598 672/886/862 671/915/891
f 671/915/891 672/886/862 632/885/861
f 676/917/893 675/916/892 202/630/606
f 202/630/606 675/916/892 674/631/607
f 677/918/894 676/917/893 202/630/606
f 678/919/895 677/918/894 202/630/606
f 679/920/896 678/919/895 202/630/606
f 680/921/897 679/920/896 202/630/606
f 681/922/898 680/921/897 202/630/606
f 682/923/899 681/922/898 202/630/606
f 683/924/900 682/923/899 202/630/606
f 684/925/901 683/924/900 202/630/606
f 685/926/902 684/925/901 202/630/606
f 686/927/903 685/926/902 202/630/606
f 687/928/904 686/927/903 202/630/606
f 688/929/905 687/928/904 202/630/606
f 689/930/906 688/929/905 202/630/606
f 690/931/907 689/930/906 202/630/606
f 691/932/908 690/931/907 202/630/606
f 692/933/909 691/932/908 202/630/606
f 693/934/910 692/933/909 202/630/606
f 694/935/911 693/934/910 202/630/606
f 695/936/912 694/935/911 202/630/606
f 696/937/913 695/936/912 202/630/606
f 697/938/914 696/937/913 202/630/606
f 698/939/915 697/938/914 202/630/606
f 699/940/916 698/939/915 202/630/606
f 700/941/917 699/940/916 202/630/606
f 701/942/918 700/941/917 202/630/606
f 702/943/919 701/942/918 202/630/606
f 202/630/606 703/640/616 702/943/919
f 173/944/519 172/945/920 201/946/520
f 201/946/520 172/945/920 171/947/921
f 201/946/520 171/947/921 170/948/922
f 706/949/923 707/950/924 170/948/922
f 170/948/922 707/950/924 201/946/520
f 133/951/925 110/952/926 707/950/924
f 707/950/924 110/952/926 201/946/520
f 110/952/926 109/953/927 201/946/520
f 201/946/520 109/953/927 108/954/928
f 201/946/520 108/954/928 107/955/522
f 152/956/354 191/957/356 153/958/929
f 153/958/929 191/957/356 197/959/930
f 131/960/931 199/961/932 80/962/933
f 80/962/933 199/961/932 147/963/934
f 80/962/933 147/963/934 710/964/935
f 710/964/935 147/963/934 151/965/936
f 710/964/935 151/965/936 194/966/937
f 193/967/938 708/968/939 194/966/937
f 194/966/937 708/968/939 709/969/940
f 194/966/937 709/969/940 710/964/935
f 710/964/935 145/970/941 80/962/933
f 80/962/933 145/970/941 81/971/942
f 81/971/942 145/970/941 125/972/943
f 125/972/943 145/970/941 139/973/944
f 125/972/943 139/973/944 135/974/945
f 135/974/945 126/975/946 125/972/943
f 198/976/947 199/977/948 130/978/949
f 130/978/949 199/977/948 131/979/950
f 198/980/951 130/981/952 148/982/953
f 148/982/953 130/981/952 79/983/954
f 148/982/953 79/983/954 711/984/955
f 711/984/955 79/983/954 83/985/290
f 711/984/955 83/985/290 128/986/956
f 128/986/956 83/985/290 82/987/288
f 127/988/957 134/989/958 128/986/956
f 128/986/956 134/989/958 711/984/955
f 712/990/959 195/991/960 711/984/955
f 711/984/955 195/991/960 149/992/961
f 711/984/955 149/992/961 148/982/953
f 712/990/959 196/993/962 195/991/960
f 195/991/960 150/994/963 149/992/961
f 169/995/352 713/996/964 170/997/353
f 170/997/353 713/996/964 706/998/965
f 706/998/965 713/996/964 712/999/966
f 712/999/966 713/996/964 708/1000/967
f 712/999/966 708/1000/967 196/1001/968
f 196/1001/968 708/1000/967 193/1002/969
f 168/1003/970 207/1004/971 169/1005/972
f 169/1005/972 207/1004/971 714/1006/973
f 169/1005/972 714/1006/973 713/1007/974
f 168/1003/970 167/1008/975 207/1004/971
f 207/1004/971 167/1008/975 164/1009/976
f 164/1009/976 167/1008/975 166/1010/977
f 164/1009/976 166/1010/977 165/1011/978
f 714/1012/979 709/1013/980 713/1014/981
f 713/1014/981 709/1013/980 708/1015/982
f 192/1016/983 197/1017/984 163/1018/985
f 163/1018/985 197/1017/984 191/1019/986
f 163/1018/985 191/1019/986 150/1020/963
f 150/1020/963 191/1019/986 200/1021/987
f 150/1020/963 200/1021/987 149/1022/961
f 200/1021/987 191/1019/986 185/1023/988
f 185/1023/988 191/1019/986 190/1024/989
f 185/1023/988 190/1024/989 189/1025/990
f 189/1025/990 188/1026/991 185/1023/988
f 185/1023/988 188/1026/991 187/1027/992
f 185/1023/988 187/1027/992 186/1028/993
f 184/1029/994 183/1030/995 185/1031/996
f 185/1031/996 183/1030/995 200/1032/997
f 200/1032/997 183/1030/995 182/1033/998
f 200/1032/997 182/1033/998 181/1034/999
f 181/1034/999 180/1035/1000 200/1032/997
f 200/1032/997 180/1035/1000 179/1036/1001
f 200/1032/997 179/1036/1001 157/1037/1002
f 157/1037/1002 179/1036/1001 158/1038/1003
f 134/1039/1004 133/1040/1005 711/1041/1006
f 711/1041/1006 133/1040/1005 707/1042/1007
f 711/1041/1006 707/1042/1007 712/1043/1008
f 712/1043/1008 707/1042/1007 706/1044/1009
f 710/1045/1010 715/1046/1011 145/1047/1012
f 145/1047/1012 715/1046/1011 146/1048/1013
f 140/1049/605 146/1050/1014 202/1051/606
f 202/1051/606 146/1050/1014 715/1052/1015
f 206/1053/1016 202/1054/1017 207/1055/1018
f 207/1055/1018 202/1054/1017 715/1056/1019
f 207/1055/1018 715/1056/1019 710/1057/1020
f 206/1053/1016 205/1058/1021 202/1054/1017
f 202/1054/1017 205/1058/1021 204/1059/1022
f 202/1054/1017 204/1059/1022 203/1060/1023
f 710/1057/1020 709/1061/1024 207/1055/1018
f 207/1055/1018 709/1061/1024 714/1062/1025
# 715 vertices
# 1062 texture params
# 1025 normals
# 1422 facets

# 2 groups
