# WaveFront *.obj file (generated by Autodesk ATF)

mtllib side.mtl

g Body110

v 0.000000 -2.250000 -0.480000
v 0.000000 -2.299432 -0.489939
v 0.000000 -2.347725 -0.502184
v 0.000000 -2.394814 -0.516562
v 0.000000 -2.440582 -0.532816
v 0.000000 -2.484857 -0.550633
v 0.000000 -2.527407 -0.569656
v 0.000000 -2.567941 -0.589499
v 0.000000 -2.606103 -0.609759
v 0.000000 -2.641483 -0.630026
v 0.000000 -2.673618 -0.649890
v 0.000000 -2.702007 -0.668949
v 0.000000 -2.726121 -0.686816
v 0.000000 -2.745433 -0.703137
v 0.000000 -2.759448 -0.717598
v 0.000000 -2.767737 -0.729943
v 0.000000 -2.769634 -0.735264
v 0.000000 -2.770009 -0.737706
v 0.000000 -2.770000 -0.740000
v -0.042795 -2.250000 -0.483546
v -0.084422 -2.250000 -0.494088
v -0.123746 -2.250000 -0.511337
v -0.159695 -2.250000 -0.534823
v -0.191288 -2.250000 -0.563907
v -0.217663 -2.250000 -0.597793
v -0.238101 -2.250000 -0.635559
v -0.252044 -2.250000 -0.676174
v -0.259112 -2.250000 -0.718529
v -0.259112 -2.250000 -0.761471
v -0.252044 -2.250000 -0.803826
v -0.238101 -2.250000 -0.844441
v -0.217663 -2.250000 -0.882207
v -0.191288 -2.250000 -0.916093
v -0.159695 -2.250000 -0.945177
v -0.123746 -2.250000 -0.968663
v -0.084422 -2.250000 -0.985912
v -0.042795 -2.250000 -0.996454
v 0.000000 -2.250000 -1.000000
v 0.042795 -2.250000 -0.996454
v 0.084422 -2.250000 -0.985912
v 0.123746 -2.250000 -0.968663
v 0.159695 -2.250000 -0.945177
v 0.191288 -2.250000 -0.916093
v 0.217663 -2.250000 -0.882207
v 0.238101 -2.250000 -0.844441
v 0.252044 -2.250000 -0.803826
v 0.259112 -2.250000 -0.761471
v 0.259112 -2.250000 -0.718529
v 0.252044 -2.250000 -0.676174
v 0.238101 -2.250000 -0.635559
v 0.217663 -2.250000 -0.597793
v 0.191288 -2.250000 -0.563907
v 0.159695 -2.250000 -0.534823
v 0.123746 -2.250000 -0.511337
v 0.084422 -2.250000 -0.494088
v 0.042795 -2.250000 -0.483546
v 0.251022 -2.289636 -0.715276
v 0.163186 -2.289636 -0.932337
v 0.129676 -2.289636 -0.956351
v 0.092701 -2.289636 -0.974585
v -0.107845 -2.289636 -0.968019
v -0.143548 -2.289636 -0.947406
v -0.175416 -2.289636 -0.921253
v -0.202598 -2.289636 -0.890257
v -0.224369 -2.289636 -0.855248
v -0.220478 -2.289636 -0.617473
v -0.197574 -2.289636 -0.583194
v -0.169392 -2.289636 -0.553105
v -0.136685 -2.289636 -0.528008
v -0.100327 -2.289636 -0.508574
v 0.000323 -2.770016 -0.737824
v 0.000665 -2.769678 -0.735514
v 0.001410 -2.767945 -0.730494
v 0.003130 -2.760327 -0.718897
v 0.005139 -2.747404 -0.705355
v 0.007404 -2.729547 -0.690086
v 0.009247 -2.713175 -0.677661
v 0.011193 -2.694466 -0.664542
v 0.013222 -2.673618 -0.650866
v 0.015312 -2.650829 -0.636776
v 0.017441 -2.626287 -0.622421
v 0.019588 -2.600173 -0.607951
v 0.021728 -2.572653 -0.593519
v 0.023841 -2.543881 -0.579276
v 0.026129 -2.510612 -0.563854
v 0.028325 -2.476132 -0.549051
v 0.030400 -2.440582 -0.535059
v 0.032329 -2.404078 -0.522056
v 0.034087 -2.366711 -0.510206
v 0.035653 -2.328548 -0.499648
v 0.037011 -2.289636 -0.490493
v -0.041088 -2.289636 -0.491132
v -0.039581 -2.328548 -0.500264
v -0.037842 -2.366711 -0.510795
v -0.035890 -2.404078 -0.522615
v -0.033749 -2.440582 -0.535584
v -0.031445 -2.476132 -0.549540
v -0.029007 -2.510612 -0.564305
v -0.026468 -2.543881 -0.579687
v -0.024122 -2.572653 -0.593894
v -0.021745 -2.600173 -0.608290
v -0.019363 -2.626287 -0.622722
v -0.016999 -2.650829 -0.637040
v -0.014678 -2.673618 -0.651094
v -0.012426 -2.694466 -0.664735
v -0.010266 -2.713175 -0.677821
v -0.008220 -2.729547 -0.690214
v -0.005705 -2.747404 -0.705444
v -0.003475 -2.760327 -0.718951
v -0.001565 -2.767945 -0.730518
v -0.000739 -2.769678 -0.735525
v -0.000358 -2.770016 -0.737830
v -0.081079 -2.289636 -0.501149
v -0.078104 -2.328548 -0.509913
v -0.074673 -2.366711 -0.520020
v -0.070822 -2.404078 -0.531365
v -0.066597 -2.440582 -0.543811
v -0.062050 -2.476132 -0.557206
v -0.057240 -2.510612 -0.571377
v -0.052228 -2.543881 -0.586140
v -0.047600 -2.572653 -0.599775
v -0.042910 -2.600173 -0.613591
v -0.038208 -2.626287 -0.627443
v -0.033543 -2.650829 -0.641185
v -0.028965 -2.673618 -0.654673
v -0.024521 -2.694466 -0.667765
v -0.020257 -2.713175 -0.680324
v -0.016220 -2.729547 -0.692218
v -0.011258 -2.747404 -0.706835
v -0.006858 -2.760327 -0.719798
v -0.003089 -2.767945 -0.730900
v -0.001458 -2.769678 -0.735705
v -0.000707 -2.770016 -0.737917
v -0.096646 -2.328548 -0.517066
v -0.092400 -2.366711 -0.526859
v -0.087635 -2.404078 -0.537850
v -0.082407 -2.440582 -0.549910
v -0.076781 -2.476132 -0.562888
v -0.070828 -2.510612 -0.576618
v -0.064627 -2.543881 -0.590923
v -0.058900 -2.572653 -0.604134
v -0.053097 -2.600173 -0.617520
v -0.047279 -2.626287 -0.630941
v -0.041506 -2.650829 -0.644256
v -0.035841 -2.673618 -0.657325
v -0.030342 -2.694466 -0.670010
v -0.025066 -2.713175 -0.682179
v -0.020070 -2.729547 -0.693703
v -0.013931 -2.747404 -0.707866
v -0.008486 -2.760327 -0.720426
v -0.003823 -2.767945 -0.731182
v -0.001804 -2.769678 -0.735839
v -0.000875 -2.770016 -0.737982
v -0.131670 -2.328548 -0.535787
v -0.125886 -2.366711 -0.544757
v -0.119394 -2.404078 -0.554825
v -0.112271 -2.440582 -0.565873
v -0.104606 -2.476132 -0.577761
v -0.096497 -2.510612 -0.590338
v -0.088048 -2.543881 -0.603442
v -0.080245 -2.572653 -0.615543
v -0.072339 -2.600173 -0.627806
v -0.064412 -2.626287 -0.640100
v -0.056548 -2.650829 -0.652296
v -0.048830 -2.673618 -0.664268
v -0.041337 -2.694466 -0.675888
v -0.034151 -2.713175 -0.687034
v -0.027344 -2.729547 -0.697591
v -0.018979 -2.747404 -0.710564
v -0.011561 -2.760327 -0.722070
v -0.005208 -2.767945 -0.731923
v -0.002458 -2.769678 -0.736188
v -0.001192 -2.770016 -0.738151
v -0.001037 -2.770016 -0.738060
v -0.002138 -2.769678 -0.736000
v -0.004530 -2.767945 -0.731524
v -0.010057 -2.760327 -0.721185
v -0.016510 -2.747404 -0.709112
v -0.023787 -2.729547 -0.695498
v -0.029708 -2.713175 -0.684420
v -0.035960 -2.694466 -0.672724
v -0.042477 -2.673618 -0.660530
v -0.049192 -2.650829 -0.647968
v -0.056033 -2.626287 -0.635170
v -0.062928 -2.600173 -0.622269
v -0.069806 -2.572653 -0.609402
v -0.076594 -2.543881 -0.596703
v -0.083943 -2.510612 -0.582953
v -0.090998 -2.476132 -0.569755
v -0.097666 -2.440582 -0.557280
v -0.103862 -2.404078 -0.545688
v -0.109509 -2.366711 -0.535123
v -0.114541 -2.328548 -0.525709
v -0.118904 -2.289636 -0.517547
v -0.163176 -2.328548 -0.559963
v -0.156009 -2.366711 -0.567871
v -0.147963 -2.404078 -0.576748
v -0.139136 -2.440582 -0.586487
v -0.129637 -2.476132 -0.596968
v -0.119587 -2.510612 -0.608056
v -0.109117 -2.543881 -0.619608
v -0.099447 -2.572653 -0.630277
v -0.089649 -2.600173 -0.641088
v -0.079825 -2.626287 -0.651926
v -0.070079 -2.650829 -0.662679
v -0.060514 -2.673618 -0.673233
v -0.051229 -2.694466 -0.683478
v -0.042322 -2.713175 -0.693305
v -0.033887 -2.729547 -0.702612
v -0.023520 -2.747404 -0.714049
v -0.014327 -2.760327 -0.724192
v -0.006454 -2.767945 -0.732879
v -0.003046 -2.769678 -0.736640
v -0.001477 -2.770016 -0.738370
v -0.001339 -2.770016 -0.738255
v -0.002761 -2.769678 -0.736402
v -0.005850 -2.767945 -0.732376
v -0.012987 -2.760327 -0.723075
v -0.021321 -2.747404 -0.712214
v -0.030718 -2.729547 -0.699968
v -0.038365 -2.713175 -0.690002
v -0.046439 -2.694466 -0.679480
v -0.054855 -2.673618 -0.668511
v -0.063526 -2.650829 -0.657211
v -0.072361 -2.626287 -0.645698
v -0.081266 -2.600173 -0.634092
v -0.090148 -2.572653 -0.622517
v -0.098913 -2.543881 -0.611094
v -0.108404 -2.510612 -0.598725
v -0.117514 -2.476132 -0.586852
v -0.126125 -2.440582 -0.575630
v -0.134127 -2.404078 -0.565202
v -0.141420 -2.366711 -0.555698
v -0.147918 -2.328548 -0.547230
v -0.153552 -2.289636 -0.539887
v -0.190324 -2.328548 -0.588948
v -0.181964 -2.366711 -0.595583
v -0.172580 -2.404078 -0.603031
v -0.162284 -2.440582 -0.611202
v -0.151204 -2.476132 -0.619996
v -0.139483 -2.510612 -0.629299
v -0.127271 -2.543881 -0.638991
v -0.115992 -2.572653 -0.647942
v -0.104564 -2.600173 -0.657012
v -0.093106 -2.626287 -0.666106
v -0.081739 -2.650829 -0.675128
v -0.070582 -2.673618 -0.683982
v -0.059752 -2.694466 -0.692577
v -0.049363 -2.713175 -0.700822
v -0.039524 -2.729547 -0.708631
v -0.027434 -2.747404 -0.718227
v -0.016711 -2.760327 -0.726737
v -0.007528 -2.767945 -0.734026
v -0.003552 -2.769678 -0.737181
v -0.001723 -2.770016 -0.738632
v -0.001606 -2.770016 -0.738496
v -0.003310 -2.769678 -0.736900
v -0.007014 -2.767945 -0.733430
v -0.015571 -2.760327 -0.725416
v -0.025563 -2.747404 -0.716058
v -0.036829 -2.729547 -0.705506
v -0.045997 -2.713175 -0.696919
v -0.055677 -2.694466 -0.687853
v -0.065768 -2.673618 -0.678402
v -0.076164 -2.650829 -0.668665
v -0.086756 -2.626287 -0.658744
v -0.097432 -2.600173 -0.648745
v -0.108081 -2.572653 -0.638771
v -0.118590 -2.543881 -0.628928
v -0.129969 -2.510612 -0.618270
v -0.140892 -2.476132 -0.608040
v -0.151216 -2.440582 -0.598371
v -0.160810 -2.404078 -0.589385
v -0.169553 -2.366711 -0.581196
v -0.177344 -2.328548 -0.573900
v -0.184099 -2.289636 -0.567573
v -0.212388 -2.328548 -0.621968
v -0.203058 -2.366711 -0.627153
v -0.192587 -2.404078 -0.632973
v -0.181097 -2.440582 -0.639358
v -0.168733 -2.476132 -0.646229
v -0.155652 -2.510612 -0.653498
v -0.142025 -2.543881 -0.661072
v -0.129439 -2.572653 -0.668066
v -0.116685 -2.600173 -0.675154
v -0.103899 -2.626287 -0.682259
v -0.091214 -2.650829 -0.689309
v -0.078764 -2.673618 -0.696228
v -0.066679 -2.694466 -0.702944
v -0.055086 -2.713175 -0.709387
v -0.044106 -2.729547 -0.715489
v -0.030614 -2.747404 -0.722987
v -0.018648 -2.760327 -0.729637
v -0.008400 -2.767945 -0.735332
v -0.003964 -2.769678 -0.737797
v -0.001923 -2.770016 -0.738931
v -0.001829 -2.770016 -0.738778
v -0.003771 -2.769678 -0.737480
v -0.007991 -2.767945 -0.734661
v -0.017739 -2.760327 -0.728147
v -0.029121 -2.747404 -0.720542
v -0.041956 -2.729547 -0.711966
v -0.052400 -2.713175 -0.704987
v -0.063428 -2.694466 -0.697619
v -0.074923 -2.673618 -0.689938
v -0.086767 -2.650829 -0.682024
v -0.098833 -2.626287 -0.673962
v -0.110996 -2.600173 -0.665835
v -0.123127 -2.572653 -0.657729
v -0.135100 -2.543881 -0.649729
v -0.148063 -2.510612 -0.641068
v -0.160506 -2.476132 -0.632754
v -0.172267 -2.440582 -0.624895
v -0.183196 -2.404078 -0.617592
v -0.193157 -2.366711 -0.610937
v -0.202032 -2.328548 -0.605007
v -0.209727 -2.289636 -0.599865
v -0.243642 -2.289636 -0.674716
v -0.234702 -2.328548 -0.677112
v -0.224392 -2.366711 -0.679874
v -0.212821 -2.404078 -0.682975
v -0.200124 -2.440582 -0.686377
v -0.186461 -2.476132 -0.690038
v -0.172006 -2.510612 -0.693911
v -0.156946 -2.543881 -0.697946
v -0.143038 -2.572653 -0.701673
v -0.128945 -2.600173 -0.705449
v -0.114815 -2.626287 -0.709235
v -0.100798 -2.650829 -0.712991
v -0.087039 -2.673618 -0.716678
v -0.073684 -2.694466 -0.720256
v -0.060874 -2.713175 -0.723689
v -0.048740 -2.729547 -0.726940
v -0.033830 -2.747404 -0.730935
v -0.020607 -2.760327 -0.734478
v -0.009283 -2.767945 -0.737513
v -0.004381 -2.769678 -0.738826
v -0.002125 -2.770016 -0.739431
v -0.002004 -2.770016 -0.739092
v -0.004131 -2.769678 -0.738128
v -0.008754 -2.767945 -0.736034
v -0.019432 -2.760327 -0.731195
v -0.031902 -2.747404 -0.725545
v -0.045962 -2.729547 -0.719175
v -0.057403 -2.713175 -0.713991
v -0.069484 -2.694466 -0.708517
v -0.082078 -2.673618 -0.702811
v -0.095052 -2.650829 -0.696933
v -0.108270 -2.626287 -0.690943
v -0.121594 -2.600173 -0.684906
v -0.134884 -2.572653 -0.678885
v -0.148000 -2.543881 -0.672942
v -0.162201 -2.510612 -0.666508
v -0.175832 -2.476132 -0.660332
v -0.188716 -2.440582 -0.654494
v -0.200689 -2.404078 -0.649069
v -0.211601 -2.366711 -0.644125
v -0.221323 -2.328548 -0.639720
v -0.229753 -2.289636 -0.635900
v -0.251022 -2.289636 -0.715276
v -0.241812 -2.328548 -0.716184
v -0.231189 -2.366711 -0.717230
v -0.219267 -2.404078 -0.718404
v -0.206186 -2.440582 -0.719692
v -0.192109 -2.476132 -0.721079
v -0.177216 -2.510612 -0.722546
v -0.161700 -2.543881 -0.724074
v -0.147371 -2.572653 -0.725485
v -0.132851 -2.600173 -0.726915
v -0.118293 -2.626287 -0.728349
v -0.103851 -2.650829 -0.729772
v -0.089676 -2.673618 -0.731168
v -0.075916 -2.694466 -0.732523
v -0.062717 -2.713175 -0.733823
v -0.050217 -2.729547 -0.735054
v -0.034855 -2.747404 -0.736567
v -0.021231 -2.760327 -0.737909
v -0.009564 -2.767945 -0.739058
v -0.004513 -2.769678 -0.739555
v -0.002189 -2.770016 -0.739784
v -0.251697 -2.289636 -0.756497
v -0.242461 -2.328548 -0.755892
v -0.231811 -2.366711 -0.755194
v -0.219856 -2.404078 -0.754410
v -0.206740 -2.440582 -0.753550
v -0.192625 -2.476132 -0.752625
v -0.177692 -2.510612 -0.751647
v -0.162135 -2.543881 -0.750627
v -0.147767 -2.572653 -0.749685
v -0.133208 -2.600173 -0.748731
v -0.118611 -2.626287 -0.747774
v -0.104130 -2.650829 -0.746825
v -0.089917 -2.673618 -0.745893
v -0.076120 -2.694466 -0.744989
v -0.062886 -2.713175 -0.744122
v -0.050352 -2.729547 -0.743300
v -0.034949 -2.747404 -0.742291
v -0.021288 -2.760327 -0.741395
v -0.009590 -2.767945 -0.740629
v -0.004526 -2.769678 -0.740297
v -0.002195 -2.770016 -0.740144
v -0.245648 -2.289636 -0.797277
v -0.236634 -2.328548 -0.795175
v -0.226239 -2.366711 -0.792752
v -0.214573 -2.404078 -0.790031
v -0.201771 -2.440582 -0.787046
v -0.187996 -2.476132 -0.783834
v -0.173422 -2.510612 -0.780436
v -0.158238 -2.543881 -0.776896
v -0.144215 -2.572653 -0.773626
v -0.130006 -2.600173 -0.770313
v -0.115760 -2.626287 -0.766992
v -0.101627 -2.650829 -0.763696
v -0.087756 -2.673618 -0.760462
v -0.074291 -2.694466 -0.757322
v -0.061375 -2.713175 -0.754311
v -0.049142 -2.729547 -0.751458
v -0.034109 -2.747404 -0.747953
v -0.020777 -2.760327 -0.744844
v -0.009359 -2.767945 -0.742182
v -0.004417 -2.769678 -0.741030
v -0.002142 -2.770016 -0.740499
v -0.233036 -2.289636 -0.836527
v -0.224486 -2.328548 -0.832985
v -0.214625 -2.366711 -0.828900
v -0.203557 -2.404078 -0.824316
v -0.191413 -2.440582 -0.819286
v -0.178344 -2.476132 -0.813873
v -0.164518 -2.510612 -0.808146
v -0.150115 -2.543881 -0.802179
v -0.136811 -2.572653 -0.796669
v -0.123332 -2.600173 -0.791086
v -0.109817 -2.626287 -0.785488
v -0.096410 -2.650829 -0.779934
v -0.083250 -2.673618 -0.774483
v -0.070477 -2.694466 -0.769192
v -0.058224 -2.713175 -0.764117
v -0.046619 -2.729547 -0.759310
v -0.032358 -2.747404 -0.753403
v -0.019710 -2.760327 -0.748164
v -0.008879 -2.767945 -0.743678
v -0.004190 -2.769678 -0.741736
v -0.002032 -2.770016 -0.740842
v -0.216136 -2.328548 -0.851019
v -0.206642 -2.366711 -0.846142
v -0.195985 -2.404078 -0.840669
v -0.184293 -2.440582 -0.834663
v -0.171711 -2.476132 -0.828200
v -0.158399 -2.510612 -0.821362
v -0.144531 -2.543881 -0.814239
v -0.131723 -2.572653 -0.807660
v -0.118745 -2.600173 -0.800994
v -0.105733 -2.626287 -0.794310
v -0.092824 -2.650829 -0.787679
v -0.080154 -2.673618 -0.781171
v -0.067856 -2.694466 -0.774854
v -0.056058 -2.713175 -0.768794
v -0.044885 -2.729547 -0.763055
v -0.031154 -2.747404 -0.756002
v -0.018977 -2.760327 -0.749748
v -0.008549 -2.767945 -0.744391
v -0.004034 -2.769678 -0.742072
v -0.001957 -2.770016 -0.741005
v -0.195165 -2.328548 -0.884744
v -0.186592 -2.366711 -0.878386
v -0.176969 -2.404078 -0.871249
v -0.166412 -2.440582 -0.863419
v -0.155050 -2.476132 -0.854993
v -0.143030 -2.510612 -0.846078
v -0.130507 -2.543881 -0.836791
v -0.118942 -2.572653 -0.828213
v -0.107223 -2.600173 -0.819522
v -0.095474 -2.626287 -0.810808
v -0.083817 -2.650829 -0.802163
v -0.072377 -2.673618 -0.793678
v -0.061272 -2.694466 -0.785442
v -0.050619 -2.713175 -0.777542
v -0.040530 -2.729547 -0.770059
v -0.028131 -2.747404 -0.760864
v -0.017136 -2.760327 -0.752709
v -0.007719 -2.767945 -0.745725
v -0.003643 -2.769678 -0.742702
v -0.001767 -2.770016 -0.741310
v -0.001868 -2.770016 -0.741162
v -0.003851 -2.769678 -0.742395
v -0.008161 -2.767945 -0.745075
v -0.018117 -2.760327 -0.751266
v -0.029742 -2.747404 -0.758495
v -0.042850 -2.729547 -0.766646
v -0.053518 -2.713175 -0.773279
v -0.064780 -2.694466 -0.780283
v -0.076521 -2.673618 -0.787584
v -0.088617 -2.650829 -0.795106
v -0.100941 -2.626287 -0.802769
v -0.113363 -2.600173 -0.810494
v -0.125753 -2.572653 -0.818198
v -0.137981 -2.543881 -0.825802
v -0.151220 -2.510612 -0.834035
v -0.163929 -2.476132 -0.841937
v -0.175941 -2.440582 -0.849407
v -0.187103 -2.404078 -0.856348
v -0.197277 -2.366711 -0.862674
v -0.206340 -2.328548 -0.868311
v -0.214200 -2.289636 -0.873198
v -0.168980 -2.328548 -0.914602
v -0.161557 -2.366711 -0.906932
v -0.153226 -2.404078 -0.898324
v -0.144084 -2.440582 -0.888878
v -0.134247 -2.476132 -0.878714
v -0.123840 -2.510612 -0.867960
v -0.112997 -2.543881 -0.856757
v -0.102984 -2.572653 -0.846410
v -0.092837 -2.600173 -0.835926
v -0.082664 -2.626287 -0.825415
v -0.072572 -2.650829 -0.814986
v -0.062666 -2.673618 -0.804751
v -0.053051 -2.694466 -0.794816
v -0.043827 -2.713175 -0.785286
v -0.035092 -2.729547 -0.776259
v -0.024357 -2.747404 -0.765167
v -0.014837 -2.760327 -0.755330
v -0.006683 -2.767945 -0.746906
v -0.003154 -2.769678 -0.743259
v -0.001530 -2.770016 -0.741581
v -0.001654 -2.770016 -0.741450
v -0.003410 -2.769678 -0.742990
v -0.007225 -2.767945 -0.746337
v -0.016040 -2.760327 -0.754067
v -0.026332 -2.747404 -0.763093
v -0.037938 -2.729547 -0.773270
v -0.047382 -2.713175 -0.781553
v -0.057353 -2.694466 -0.790297
v -0.067748 -2.673618 -0.799413
v -0.078457 -2.650829 -0.808805
v -0.089368 -2.626287 -0.818373
v -0.100366 -2.600173 -0.828018
v -0.111335 -2.572653 -0.837638
v -0.122161 -2.543881 -0.847132
v -0.133883 -2.510612 -0.857412
v -0.145134 -2.476132 -0.867279
v -0.155769 -2.440582 -0.876606
v -0.165652 -2.404078 -0.885272
v -0.174658 -2.366711 -0.893171
v -0.182683 -2.328548 -0.900209
v -0.189642 -2.289636 -0.906311
v -0.138281 -2.328548 -0.939796
v -0.132207 -2.366711 -0.931020
v -0.125389 -2.404078 -0.921169
v -0.117908 -2.440582 -0.910361
v -0.109858 -2.476132 -0.898729
v -0.101342 -2.510612 -0.886424
v -0.092469 -2.543881 -0.873604
v -0.084274 -2.572653 -0.861764
v -0.075971 -2.600173 -0.849767
v -0.067646 -2.626287 -0.837739
v -0.059388 -2.650829 -0.825806
v -0.051281 -2.673618 -0.814094
v -0.043413 -2.694466 -0.802726
v -0.035865 -2.713175 -0.791820
v -0.028717 -2.729547 -0.781491
v -0.019932 -2.747404 -0.768799
v -0.012141 -2.760327 -0.757542
v -0.005469 -2.767945 -0.747902
v -0.002581 -2.769678 -0.743729
v -0.001252 -2.770016 -0.741809
v -0.001395 -2.770016 -0.741700
v -0.002877 -2.769678 -0.743506
v -0.006097 -2.767945 -0.747429
v -0.013534 -2.760327 -0.756491
v -0.022219 -2.747404 -0.767074
v -0.032011 -2.729547 -0.779006
v -0.039980 -2.713175 -0.788716
v -0.048394 -2.694466 -0.798968
v -0.057165 -2.673618 -0.809656
v -0.066201 -2.650829 -0.820666
v -0.075408 -2.626287 -0.831884
v -0.084687 -2.600173 -0.843192
v -0.093943 -2.572653 -0.854470
v -0.103078 -2.543881 -0.865601
v -0.112969 -2.510612 -0.877653
v -0.122462 -2.476132 -0.889221
v -0.131436 -2.440582 -0.900155
v -0.139775 -2.404078 -0.910316
v -0.147375 -2.366711 -0.919577
v -0.154146 -2.328548 -0.927827
v -0.160017 -2.289636 -0.934982
v -0.103888 -2.328548 -0.959653
v -0.099325 -2.366711 -0.950004
v -0.094202 -2.404078 -0.939174
v -0.088582 -2.440582 -0.927292
v -0.082535 -2.476132 -0.914505
v -0.076136 -2.510612 -0.900977
v -0.069470 -2.543881 -0.886883
v -0.063314 -2.572653 -0.873866
v -0.057076 -2.600173 -0.860677
v -0.050822 -2.626287 -0.847453
v -0.044617 -2.650829 -0.834334
v -0.038527 -2.673618 -0.821458
v -0.032615 -2.694466 -0.808960
v -0.026945 -2.713175 -0.796970
v -0.021574 -2.729547 -0.785615
v -0.014975 -2.747404 -0.771661
v -0.009122 -2.760327 -0.759286
v -0.004109 -2.767945 -0.748688
v -0.001939 -2.769678 -0.744100
v -0.000941 -2.770016 -0.741989
v -0.001100 -2.770016 -0.741905
v -0.002268 -2.769678 -0.743928
v -0.004805 -2.767945 -0.748323
v -0.010667 -2.760327 -0.758476
v -0.017512 -2.747404 -0.770331
v -0.025230 -2.729547 -0.783699
v -0.031510 -2.713175 -0.794578
v -0.038142 -2.694466 -0.806064
v -0.045055 -2.673618 -0.818037
v -0.052177 -2.650829 -0.830373
v -0.059433 -2.626287 -0.842941
v -0.066747 -2.600173 -0.855609
v -0.074042 -2.572653 -0.868244
v -0.081241 -2.543881 -0.880714
v -0.089037 -2.510612 -0.894216
v -0.096519 -2.476132 -0.907176
v -0.103592 -2.440582 -0.919426
v -0.110164 -2.404078 -0.930810
v -0.116154 -2.366711 -0.941185
v -0.121491 -2.328548 -0.950428
v -0.126118 -2.289636 -0.958443
v -0.049209 -2.289636 -0.987390
v -0.047403 -2.328548 -0.978313
v -0.045321 -2.366711 -0.967844
v -0.042984 -2.404078 -0.956095
v -0.040420 -2.440582 -0.943203
v -0.037660 -2.476132 -0.929329
v -0.034740 -2.510612 -0.914652
v -0.031699 -2.543881 -0.899361
v -0.028890 -2.572653 -0.885238
v -0.026043 -2.600173 -0.870928
v -0.023190 -2.626287 -0.856582
v -0.020358 -2.650829 -0.842348
v -0.017579 -2.673618 -0.828378
v -0.014882 -2.694466 -0.814818
v -0.012295 -2.713175 -0.801810
v -0.009844 -2.729547 -0.789490
v -0.006833 -2.747404 -0.774351
v -0.004162 -2.760327 -0.760924
v -0.001875 -2.767945 -0.749426
v -0.000885 -2.769678 -0.744448
v -0.000429 -2.770016 -0.742157
v -0.000775 -2.770016 -0.742059
v -0.001598 -2.769678 -0.744245
v -0.003385 -2.767945 -0.748994
v -0.007515 -2.760327 -0.759967
v -0.012337 -2.747404 -0.772779
v -0.017774 -2.729547 -0.787226
v -0.022199 -2.713175 -0.798982
v -0.026871 -2.694466 -0.811394
v -0.031741 -2.673618 -0.824334
v -0.036758 -2.650829 -0.837665
v -0.041870 -2.626287 -0.851247
v -0.047023 -2.600173 -0.864937
v -0.052162 -2.572653 -0.878592
v -0.057235 -2.543881 -0.892069
v -0.062726 -2.510612 -0.906660
v -0.067998 -2.476132 -0.920666
v -0.072980 -2.440582 -0.933904
v -0.077611 -2.404078 -0.946206
v -0.081831 -2.366711 -0.957418
v -0.085590 -2.328548 -0.967408
v -0.088850 -2.289636 -0.976070
v -0.008253 -2.289636 -0.992102
v -0.007950 -2.328548 -0.982851
v -0.007601 -2.366711 -0.972184
v -0.007209 -2.404078 -0.960210
v -0.006779 -2.440582 -0.947073
v -0.006316 -2.476132 -0.932935
v -0.005826 -2.510612 -0.917978
v -0.005316 -2.543881 -0.902396
v -0.004845 -2.572653 -0.888004
v -0.004368 -2.600173 -0.873422
v -0.003889 -2.626287 -0.858802
v -0.003414 -2.650829 -0.844298
v -0.002948 -2.673618 -0.830061
v -0.002496 -2.694466 -0.816243
v -0.002062 -2.713175 -0.802987
v -0.001651 -2.729547 -0.790433
v -0.001146 -2.747404 -0.775005
v -0.000698 -2.760327 -0.761323
v -0.000314 -2.767945 -0.749605
v -0.000148 -2.769678 -0.744533
v -0.000072 -2.770016 -0.742199
v 0.032924 -2.289636 -0.990079
v 0.031715 -2.328548 -0.980903
v 0.030322 -2.366711 -0.970321
v 0.028759 -2.404078 -0.958443
v 0.027043 -2.440582 -0.945411
v 0.025197 -2.476132 -0.931387
v 0.023243 -2.510612 -0.916550
v 0.021208 -2.543881 -0.901093
v 0.019329 -2.572653 -0.886817
v 0.017424 -2.600173 -0.872351
v 0.015515 -2.626287 -0.857849
v 0.013621 -2.650829 -0.843461
v 0.011762 -2.673618 -0.829339
v 0.009957 -2.694466 -0.815631
v 0.008226 -2.713175 -0.802482
v 0.006586 -2.729547 -0.790028
v 0.004572 -2.747404 -0.774724
v 0.002785 -2.760327 -0.761152
v 0.001254 -2.767945 -0.749528
v 0.000592 -2.769678 -0.744496
v 0.000287 -2.770016 -0.742181
v 0.073220 -2.289636 -0.981376
v 0.070534 -2.328548 -0.972519
v 0.067435 -2.366711 -0.962305
v 0.063958 -2.404078 -0.950841
v 0.060142 -2.440582 -0.938262
v 0.056036 -2.476132 -0.924726
v 0.051692 -2.510612 -0.910406
v 0.047166 -2.543881 -0.895486
v 0.042986 -2.572653 -0.881707
v 0.038751 -2.600173 -0.867745
v 0.034505 -2.626287 -0.853747
v 0.030292 -2.650829 -0.839860
v 0.026157 -2.673618 -0.826229
v 0.022144 -2.694466 -0.812999
v 0.018294 -2.713175 -0.800307
v 0.014648 -2.729547 -0.788287
v 0.010167 -2.747404 -0.773516
v 0.006193 -2.760327 -0.760415
v 0.002790 -2.767945 -0.749197
v 0.001317 -2.769678 -0.744340
v 0.000639 -2.770016 -0.742105
v 0.089300 -2.328548 -0.965977
v 0.085377 -2.366711 -0.956050
v 0.080974 -2.404078 -0.944909
v 0.076143 -2.440582 -0.932684
v 0.070945 -2.476132 -0.919529
v 0.065445 -2.510612 -0.905611
v 0.059715 -2.543881 -0.891112
v 0.054423 -2.572653 -0.877720
v 0.049061 -2.600173 -0.864151
v 0.043685 -2.626287 -0.850547
v 0.038352 -2.650829 -0.837050
v 0.033117 -2.673618 -0.823803
v 0.028035 -2.694466 -0.810945
v 0.023161 -2.713175 -0.798611
v 0.018545 -2.729547 -0.786928
v 0.012872 -2.747404 -0.772573
v 0.007841 -2.760327 -0.759841
v 0.003532 -2.767945 -0.748938
v 0.001667 -2.769678 -0.744218
v 0.000808 -2.770016 -0.742046
v 0.124917 -2.328548 -0.948412
v 0.119430 -2.366711 -0.939257
v 0.113271 -2.404078 -0.928982
v 0.106514 -2.440582 -0.917707
v 0.099242 -2.476132 -0.905575
v 0.091548 -2.510612 -0.892739
v 0.083533 -2.543881 -0.879366
v 0.076130 -2.572653 -0.867016
v 0.068629 -2.600173 -0.854501
v 0.061109 -2.626287 -0.841954
v 0.053648 -2.650829 -0.829507
v 0.046326 -2.673618 -0.817289
v 0.039218 -2.694466 -0.805431
v 0.032399 -2.713175 -0.794055
v 0.025941 -2.729547 -0.783281
v 0.018006 -2.747404 -0.770041
v 0.010968 -2.760327 -0.758299
v 0.004941 -2.767945 -0.748243
v 0.002332 -2.769678 -0.743890
v 0.001131 -2.770016 -0.741887
v 0.000973 -2.770016 -0.741973
v 0.002006 -2.769678 -0.744068
v 0.004251 -2.767945 -0.748619
v 0.009436 -2.760327 -0.759134
v 0.015491 -2.747404 -0.771412
v 0.022318 -2.729547 -0.785256
v 0.027873 -2.713175 -0.796522
v 0.033739 -2.694466 -0.808417
v 0.039854 -2.673618 -0.820817
v 0.046154 -2.650829 -0.833592
v 0.052573 -2.626287 -0.846607
v 0.059043 -2.600173 -0.859727
v 0.065496 -2.572653 -0.872812
v 0.071864 -2.543881 -0.885726
v 0.078760 -2.510612 -0.899709
v 0.085379 -2.476132 -0.913131
v 0.091635 -2.440582 -0.925817
v 0.097449 -2.404078 -0.937606
v 0.102747 -2.366711 -0.948351
v 0.107468 -2.328548 -0.957924
v 0.111561 -2.289636 -0.966224
v 0.157198 -2.328548 -0.925280
v 0.150293 -2.366711 -0.917141
v 0.142543 -2.404078 -0.908006
v 0.134039 -2.440582 -0.897983
v 0.124887 -2.476132 -0.887197
v 0.115206 -2.510612 -0.875786
v 0.105119 -2.543881 -0.863898
v 0.095804 -2.572653 -0.852918
v 0.086364 -2.600173 -0.841792
v 0.076901 -2.626287 -0.830638
v 0.067512 -2.650829 -0.819572
v 0.058297 -2.673618 -0.808711
v 0.049352 -2.694466 -0.798168
v 0.040772 -2.713175 -0.788055
v 0.032645 -2.729547 -0.778477
v 0.022659 -2.747404 -0.766707
v 0.013802 -2.760327 -0.756268
v 0.006218 -2.767945 -0.747328
v 0.002934 -2.769678 -0.743458
v 0.001423 -2.770016 -0.741677
v 0.001281 -2.770016 -0.741788
v 0.002642 -2.769678 -0.743686
v 0.005598 -2.767945 -0.747812
v 0.012427 -2.760327 -0.757341
v 0.020401 -2.747404 -0.768469
v 0.029392 -2.729547 -0.781016
v 0.036708 -2.713175 -0.791226
v 0.044434 -2.694466 -0.802007
v 0.052487 -2.673618 -0.813245
v 0.060784 -2.650829 -0.824823
v 0.069237 -2.626287 -0.836619
v 0.077757 -2.600173 -0.848510
v 0.086255 -2.572653 -0.860369
v 0.094643 -2.543881 -0.872074
v 0.103724 -2.510612 -0.884746
v 0.112441 -2.476132 -0.896911
v 0.120680 -2.440582 -0.908409
v 0.128336 -2.404078 -0.919093
v 0.135314 -2.366711 -0.928831
v 0.141531 -2.328548 -0.937507
v 0.146922 -2.289636 -0.945030
v 0.202598 -2.289636 -0.890257
v 0.195165 -2.328548 -0.884744
v 0.186592 -2.366711 -0.878386
v 0.176969 -2.404078 -0.871249
v 0.166412 -2.440582 -0.863419
v 0.155050 -2.476132 -0.854993
v 0.143030 -2.510612 -0.846078
v 0.130507 -2.543881 -0.836791
v 0.118942 -2.572653 -0.828213
v 0.107223 -2.600173 -0.819522
v 0.095474 -2.626287 -0.810808
v 0.083817 -2.650829 -0.802163
v 0.072377 -2.673618 -0.793678
v 0.061272 -2.694466 -0.785442
v 0.050619 -2.713175 -0.777542
v 0.040530 -2.729547 -0.770059
v 0.028131 -2.747404 -0.760864
v 0.017136 -2.760327 -0.752709
v 0.007719 -2.767945 -0.745725
v 0.003643 -2.769678 -0.742702
v 0.001767 -2.770016 -0.741310
v 0.001555 -2.770016 -0.741555
v 0.003207 -2.769678 -0.743207
v 0.006796 -2.767945 -0.746796
v 0.015085 -2.760327 -0.755085
v 0.024765 -2.747404 -0.764765
v 0.035680 -2.729547 -0.775680
v 0.044563 -2.713175 -0.784563
v 0.053941 -2.694466 -0.793941
v 0.063717 -2.673618 -0.803717
v 0.073789 -2.650829 -0.813789
v 0.084051 -2.626287 -0.824051
v 0.094394 -2.600173 -0.834394
v 0.104711 -2.572653 -0.844711
v 0.114893 -2.543881 -0.854893
v 0.125917 -2.510612 -0.865917
v 0.136499 -2.476132 -0.876499
v 0.146501 -2.440582 -0.886501
v 0.155796 -2.404078 -0.895796
v 0.164267 -2.366711 -0.904267
v 0.171814 -2.328548 -0.911814
v 0.178358 -2.289636 -0.918358
v 0.222453 -2.289636 -0.858904
v 0.214291 -2.328548 -0.854541
v 0.204877 -2.366711 -0.849509
v 0.194312 -2.404078 -0.843862
v 0.182720 -2.440582 -0.837666
v 0.170245 -2.476132 -0.830998
v 0.157047 -2.510612 -0.823943
v 0.143297 -2.543881 -0.816594
v 0.130598 -2.572653 -0.809806
v 0.117731 -2.600173 -0.802928
v 0.104830 -2.626287 -0.796033
v 0.092032 -2.650829 -0.789192
v 0.079470 -2.673618 -0.782477
v 0.067276 -2.694466 -0.775960
v 0.055580 -2.713175 -0.769708
v 0.044501 -2.729547 -0.763787
v 0.030888 -2.747404 -0.756510
v 0.018815 -2.760327 -0.750057
v 0.008476 -2.767945 -0.744530
v 0.004000 -2.769678 -0.742138
v 0.001940 -2.770016 -0.741037
v 0.237492 -2.289636 -0.824976
v 0.228778 -2.328548 -0.821858
v 0.218728 -2.366711 -0.818262
v 0.207449 -2.404078 -0.814226
v 0.195073 -2.440582 -0.809798
v 0.181754 -2.476132 -0.805033
v 0.167664 -2.510612 -0.799991
v 0.152985 -2.543881 -0.794739
v 0.139427 -2.572653 -0.789888
v 0.125690 -2.600173 -0.784973
v 0.111917 -2.626287 -0.780045
v 0.098253 -2.650829 -0.775156
v 0.084842 -2.673618 -0.770357
v 0.071824 -2.694466 -0.765699
v 0.059337 -2.713175 -0.761231
v 0.047510 -2.729547 -0.756999
v 0.032976 -2.747404 -0.751799
v 0.020087 -2.760327 -0.747187
v 0.009049 -2.767945 -0.743238
v 0.004270 -2.769678 -0.741528
v 0.002071 -2.770016 -0.740741
v 0.247390 -2.289636 -0.789209
v 0.238313 -2.328548 -0.787403
v 0.227844 -2.366711 -0.785321
v 0.216095 -2.404078 -0.782984
v 0.203203 -2.440582 -0.780420
v 0.189329 -2.476132 -0.777660
v 0.174652 -2.510612 -0.774740
v 0.159361 -2.543881 -0.771699
v 0.145238 -2.572653 -0.768890
v 0.130928 -2.600173 -0.766043
v 0.116582 -2.626287 -0.763190
v 0.102348 -2.650829 -0.760358
v 0.088378 -2.673618 -0.757579
v 0.074818 -2.694466 -0.754882
v 0.061810 -2.713175 -0.752295
v 0.049490 -2.729547 -0.749844
v 0.034351 -2.747404 -0.746833
v 0.020924 -2.760327 -0.744162
v 0.009426 -2.767945 -0.741875
v 0.004448 -2.769678 -0.740885
v 0.002157 -2.770016 -0.740429
v 0.251933 -2.289636 -0.752377
v 0.242689 -2.328548 -0.751923
v 0.232028 -2.366711 -0.751399
v 0.220063 -2.404078 -0.750811
v 0.206934 -2.440582 -0.750166
v 0.192806 -2.476132 -0.749472
v 0.177859 -2.510612 -0.748738
v 0.162287 -2.543881 -0.747973
v 0.147905 -2.572653 -0.747266
v 0.133333 -2.600173 -0.746550
v 0.118722 -2.626287 -0.745832
v 0.104228 -2.650829 -0.745120
v 0.090001 -2.673618 -0.744421
v 0.076192 -2.694466 -0.743743
v 0.062945 -2.713175 -0.743092
v 0.050399 -2.729547 -0.742476
v 0.034982 -2.747404 -0.741719
v 0.021308 -2.760327 -0.741047
v 0.009599 -2.767945 -0.740472
v 0.004530 -2.769678 -0.740223
v 0.002197 -2.770016 -0.740108
v 0.241812 -2.328548 -0.716184
v 0.231189 -2.366711 -0.717230
v 0.219267 -2.404078 -0.718404
v 0.206186 -2.440582 -0.719692
v 0.192109 -2.476132 -0.721079
v 0.177216 -2.510612 -0.722546
v 0.161700 -2.543881 -0.724074
v 0.147371 -2.572653 -0.725485
v 0.132851 -2.600173 -0.726915
v 0.118293 -2.626287 -0.728349
v 0.103851 -2.650829 -0.729772
v 0.089676 -2.673618 -0.731168
v 0.075916 -2.694466 -0.732523
v 0.062717 -2.713175 -0.733823
v 0.050217 -2.729547 -0.735054
v 0.034855 -2.747404 -0.736567
v 0.021231 -2.760327 -0.737909
v 0.009564 -2.767945 -0.739058
v 0.004513 -2.769678 -0.739555
v 0.002189 -2.770016 -0.739784
v 0.233036 -2.289636 -0.643473
v 0.224486 -2.328548 -0.647015
v 0.214625 -2.366711 -0.651100
v 0.203557 -2.404078 -0.655684
v 0.191413 -2.440582 -0.660714
v 0.178344 -2.476132 -0.666127
v 0.164518 -2.510612 -0.671854
v 0.150115 -2.543881 -0.677821
v 0.136811 -2.572653 -0.683331
v 0.123332 -2.600173 -0.688914
v 0.109817 -2.626287 -0.694512
v 0.096410 -2.650829 -0.700066
v 0.083250 -2.673618 -0.705517
v 0.070477 -2.694466 -0.710808
v 0.058224 -2.713175 -0.715883
v 0.046619 -2.729547 -0.720690
v 0.032358 -2.747404 -0.726597
v 0.019710 -2.760327 -0.731836
v 0.008879 -2.767945 -0.736322
v 0.004190 -2.769678 -0.738264
v 0.002032 -2.770016 -0.739158
v 0.002134 -2.770016 -0.739465
v 0.004399 -2.769678 -0.738898
v 0.009322 -2.767945 -0.737665
v 0.020695 -2.760327 -0.734816
v 0.033974 -2.747404 -0.731490
v 0.048947 -2.729547 -0.727739
v 0.061132 -2.713175 -0.724687
v 0.073998 -2.694466 -0.721465
v 0.087409 -2.673618 -0.718105
v 0.101226 -2.650829 -0.714644
v 0.115303 -2.626287 -0.711118
v 0.129493 -2.600173 -0.707564
v 0.143646 -2.572653 -0.704019
v 0.157613 -2.543881 -0.700520
v 0.172737 -2.510612 -0.696732
v 0.187253 -2.476132 -0.693095
v 0.200975 -2.440582 -0.689658
v 0.213725 -2.404078 -0.686465
v 0.225346 -2.366711 -0.683554
v 0.235700 -2.328548 -0.680960
v 0.244678 -2.289636 -0.678711
v 0.216351 -2.289636 -0.610324
v 0.208412 -2.328548 -0.615082
v 0.199257 -2.366711 -0.620570
v 0.188982 -2.404078 -0.626729
v 0.177707 -2.440582 -0.633486
v 0.165575 -2.476132 -0.640758
v 0.152739 -2.510612 -0.648452
v 0.139366 -2.543881 -0.656467
v 0.127016 -2.572653 -0.663870
v 0.114501 -2.600173 -0.671371
v 0.101954 -2.626287 -0.678891
v 0.089507 -2.650829 -0.686352
v 0.077290 -2.673618 -0.693674
v 0.065431 -2.694466 -0.700782
v 0.054055 -2.713175 -0.707601
v 0.043281 -2.729547 -0.714059
v 0.030041 -2.747404 -0.721994
v 0.018299 -2.760327 -0.729032
v 0.008243 -2.767945 -0.735059
v 0.003890 -2.769678 -0.737668
v 0.001887 -2.770016 -0.738869
v 0.194982 -2.289636 -0.579983
v 0.187827 -2.328548 -0.585854
v 0.179577 -2.366711 -0.592625
v 0.170316 -2.404078 -0.600225
v 0.160155 -2.440582 -0.608564
v 0.149221 -2.476132 -0.617538
v 0.137653 -2.510612 -0.627031
v 0.125601 -2.543881 -0.636922
v 0.114470 -2.572653 -0.646057
v 0.103192 -2.600173 -0.655313
v 0.091884 -2.626287 -0.664592
v 0.080666 -2.650829 -0.673799
v 0.069656 -2.673618 -0.682835
v 0.058968 -2.694466 -0.691606
v 0.048716 -2.713175 -0.700020
v 0.039006 -2.729547 -0.707989
v 0.027074 -2.747404 -0.717781
v 0.016491 -2.760327 -0.726466
v 0.007429 -2.767945 -0.733903
v 0.003506 -2.769678 -0.737123
v 0.001700 -2.770016 -0.738604
v 0.169392 -2.289636 -0.553105
v 0.163176 -2.328548 -0.559963
v 0.156009 -2.366711 -0.567871
v 0.147963 -2.404078 -0.576748
v 0.139136 -2.440582 -0.586487
v 0.129637 -2.476132 -0.596968
v 0.119587 -2.510612 -0.608056
v 0.109117 -2.543881 -0.619608
v 0.099447 -2.572653 -0.630277
v 0.089649 -2.600173 -0.641088
v 0.079825 -2.626287 -0.651926
v 0.070079 -2.650829 -0.662679
v 0.060514 -2.673618 -0.673233
v 0.051229 -2.694466 -0.683478
v 0.042322 -2.713175 -0.693305
v 0.033887 -2.729547 -0.702612
v 0.023520 -2.747404 -0.714049
v 0.014327 -2.760327 -0.724192
v 0.006454 -2.767945 -0.732879
v 0.003046 -2.769678 -0.736640
v 0.001477 -2.770016 -0.738370
v 0.140135 -2.289636 -0.530273
v 0.134993 -2.328548 -0.537968
v 0.129063 -2.366711 -0.546843
v 0.122408 -2.404078 -0.556804
v 0.115105 -2.440582 -0.567733
v 0.107246 -2.476132 -0.579494
v 0.098932 -2.510612 -0.591937
v 0.090271 -2.543881 -0.604900
v 0.082271 -2.572653 -0.616873
v 0.074165 -2.600173 -0.629004
v 0.066038 -2.626287 -0.641167
v 0.057976 -2.650829 -0.653233
v 0.050062 -2.673618 -0.665077
v 0.042381 -2.694466 -0.676572
v 0.035013 -2.713175 -0.687600
v 0.028034 -2.729547 -0.698044
v 0.019458 -2.747404 -0.710879
v 0.011853 -2.760327 -0.722261
v 0.005339 -2.767945 -0.732009
v 0.002520 -2.769678 -0.736229
v 0.001222 -2.770016 -0.738171
v 0.107845 -2.289636 -0.511981
v 0.103888 -2.328548 -0.520347
v 0.099325 -2.366711 -0.529996
v 0.094202 -2.404078 -0.540826
v 0.088582 -2.440582 -0.552708
v 0.082535 -2.476132 -0.565495
v 0.076136 -2.510612 -0.579023
v 0.069470 -2.543881 -0.593117
v 0.063314 -2.572653 -0.606134
v 0.057076 -2.600173 -0.619323
v 0.050822 -2.626287 -0.632547
v 0.044617 -2.650829 -0.645666
v 0.038527 -2.673618 -0.658542
v 0.032615 -2.694466 -0.671040
v 0.026945 -2.713175 -0.683030
v 0.021574 -2.729547 -0.694385
v 0.014975 -2.747404 -0.708339
v 0.009122 -2.760327 -0.720714
v 0.004109 -2.767945 -0.731312
v 0.001939 -2.769678 -0.735900
v 0.000941 -2.770016 -0.738011
v 0.073220 -2.289636 -0.498624
v 0.070534 -2.328548 -0.507481
v 0.067435 -2.366711 -0.517695
v 0.063958 -2.404078 -0.529159
v 0.060142 -2.440582 -0.541738
v 0.056036 -2.476132 -0.555274
v 0.051692 -2.510612 -0.569594
v 0.047166 -2.543881 -0.584514
v 0.042986 -2.572653 -0.598293
v 0.038751 -2.600173 -0.612255
v 0.034505 -2.626287 -0.626253
v 0.030292 -2.650829 -0.640140
v 0.026157 -2.673618 -0.653771
v 0.022144 -2.694466 -0.667001
v 0.018294 -2.713175 -0.679693
v 0.014648 -2.729547 -0.691713
v 0.010167 -2.747404 -0.706484
v 0.006193 -2.760327 -0.719585
v 0.002790 -2.767945 -0.730803
v 0.001317 -2.769678 -0.735660
v 0.000639 -2.770016 -0.737895
vt -0.673280 0.021535 0.000000
vt -0.673280 0.000000 0.000000
vt -0.639616 0.019180 0.000000
vt -0.631200 0.000000 0.000000
vt -0.605952 0.019180 0.000000
vt -0.589120 0.000000 0.000000
vt -0.572288 0.019180 0.000000
vt -0.547040 0.000000 0.000000
vt -0.538624 0.019180 0.000000
vt -0.504960 0.000000 0.000000
vt -0.504960 0.019180 0.000000
vt -0.471296 0.019180 0.000000
vt -0.504960 0.038359 0.000000
vt -0.471296 0.038359 0.000000
vt -0.504960 0.057539 0.000000
vt -0.471296 0.057539 0.000000
vt -0.504960 0.076718 0.000000
vt -0.471296 0.076718 0.000000
vt -0.504960 0.095898 0.000000
vt -0.471296 0.095898 0.000000
vt -0.504960 0.115077 0.000000
vt -0.471296 0.115077 0.000000
vt -0.504960 0.134257 0.000000
vt -0.471296 0.134257 0.000000
vt -0.504960 0.153436 0.000000
vt -0.471296 0.153436 0.000000
vt -0.504960 0.172616 0.000000
vt -0.471296 0.172616 0.000000
vt -0.504960 0.191795 0.000000
vt -0.471296 0.191795 0.000000
vt -0.504960 0.210975 0.000000
vt -0.471296 0.210975 0.000000
vt -0.504960 0.230154 0.000000
vt -0.471296 0.230154 0.000000
vt -0.504960 0.249334 0.000000
vt -0.471296 0.249334 0.000000
vt -0.504960 0.268513 0.000000
vt -0.471296 0.268513 0.000000
vt -0.504960 0.287693 0.000000
vt -0.471296 0.287693 0.000000
vt -0.504960 0.306872 0.000000
vt -0.471296 0.306872 0.000000
vt -0.504960 0.317528 0.000000
vt -0.471296 0.317528 0.000000
vt -0.504960 0.328183 0.000000
vt -0.471296 0.328183 0.000000
vt -0.504960 0.338838 0.000000
vt -0.471296 0.338838 0.000000
vt -0.504960 0.349494 0.000000
vt -0.471296 0.349494 0.000000
vt -0.504960 0.360149 0.000000
vt -0.471296 0.360149 0.000000
vt -0.504960 0.370804 0.000000
vt -0.471296 0.370804 0.000000
vt -0.504960 0.392115 0.000000
vt -0.471296 0.392115 0.000000
vt -0.504960 0.413425 0.000000
vt -0.471296 0.413425 0.000000
vt -0.504960 0.434736 0.000000
vt -0.471296 0.434736 0.000000
vt -0.504960 0.456047 0.000000
vt -0.471296 0.456047 0.000000
vt -0.504960 0.466702 0.000000
vt -0.471296 0.466702 0.000000
vt -0.504960 0.477357 0.000000
vt -0.471296 0.477357 0.000000
vt -0.504960 0.488012 0.000000
vt -0.471296 0.488012 0.000000
vt -0.504960 0.498668 0.000000
vt -0.471296 0.498668 0.000000
vt -0.504960 0.509323 0.000000
vt -0.471296 0.509323 0.000000
vt -0.504960 0.519978 0.000000
vt -0.471296 0.519978 0.000000
vt -0.504960 0.530634 0.000000
vt -0.471296 0.530634 0.000000
vt -0.504960 0.541289 0.000000
vt -0.471296 0.541289 0.000000
vt -0.504960 0.551944 0.000000
vt -0.471296 0.551944 0.000000
vt -0.504960 0.562599 0.000000
vt -0.471296 0.562599 0.000000
vt -0.504960 0.583910 0.000000
vt -0.471296 0.583910 0.000000
vt -0.504960 0.605221 0.000000
vt -0.471296 0.605221 0.000000
vt -0.504960 0.626531 0.000000
vt -0.471296 0.626531 0.000000
vt -0.504960 0.647842 0.000000
vt -0.471296 0.647842 0.000000
vt -0.504960 0.669152 0.000000
vt -0.471296 0.669152 0.000000
vt -0.504960 0.679808 0.000000
vt -0.471296 0.679808 0.000000
vt -0.504960 0.690463 0.000000
vt -0.471296 0.690463 0.000000
vt -0.504960 0.701118 0.000000
vt -0.471296 0.701118 0.000000
vt -0.504960 0.711774 0.000000
vt -0.471296 0.711774 0.000000
vt -0.504960 0.722429 0.000000
vt -0.471296 0.722429 0.000000
vt -0.504960 0.733084 0.000000
vt -0.471296 0.733084 0.000000
vt -0.504960 0.743739 0.000000
vt -0.471296 0.743739 0.000000
vt -0.504960 0.754395 0.000000
vt -0.471296 0.754395 0.000000
vt -0.504960 0.765050 0.000000
vt -0.471296 0.765050 0.000000
vt -0.504960 0.775705 0.000000
vt -0.471296 0.775705 0.000000
vt -0.504960 0.797016 0.000000
vt -0.471296 0.797016 0.000000
vt -0.504960 0.818326 0.000000
vt -0.462880 0.818326 0.000000
vt -0.437632 0.797016 0.000000
vt -0.420800 0.818326 0.000000
vt -0.403968 0.797016 0.000000
vt -0.378720 0.818326 0.000000
vt -0.373670 0.797016 0.000000
vt -0.343373 0.797016 0.000000
vt -0.343373 0.775705 0.000000
vt -0.313075 0.775705 0.000000
vt -0.313075 0.765050 0.000000
vt -0.282778 0.765050 0.000000
vt -0.282778 0.754395 0.000000
vt -0.252480 0.754395 0.000000
vt -0.252480 0.743739 0.000000
vt -0.222182 0.743739 0.000000
vt -0.222182 0.733084 0.000000
vt -0.191885 0.733084 0.000000
vt -0.191885 0.722429 0.000000
vt -0.161587 0.722429 0.000000
vt -0.161587 0.711774 0.000000
vt -0.121190 0.711774 0.000000
vt -0.121190 0.701118 0.000000
vt -0.080794 0.701118 0.000000
vt -0.080794 0.690463 0.000000
vt -0.040397 0.690463 0.000000
vt -0.040397 0.679808 0.000000
vt -0.020198 0.679808 0.000000
vt -0.020198 0.669152 0.000000
vt -0.010099 0.669152 0.000000
vt -0.010099 0.647842 0.000000
vt 0.000000 0.647842 0.000000
vt -0.462880 0.000000 0.000000
vt -0.437632 0.019180 0.000000
vt -0.437632 0.038359 0.000000
vt -0.437632 0.057539 0.000000
vt -0.437632 0.076718 0.000000
vt -0.437632 0.095898 0.000000
vt -0.437632 0.115077 0.000000
vt -0.437632 0.134257 0.000000
vt -0.437632 0.153436 0.000000
vt -0.437632 0.172616 0.000000
vt -0.437632 0.191795 0.000000
vt -0.437632 0.210975 0.000000
vt -0.437632 0.230154 0.000000
vt -0.437632 0.249334 0.000000
vt -0.437632 0.268513 0.000000
vt -0.437632 0.287693 0.000000
vt -0.437632 0.306872 0.000000
vt -0.437632 0.317528 0.000000
vt -0.437632 0.328183 0.000000
vt -0.437632 0.338838 0.000000
vt -0.437632 0.349494 0.000000
vt -0.437632 0.360149 0.000000
vt -0.437632 0.370804 0.000000
vt -0.437632 0.392115 0.000000
vt -0.437632 0.413425 0.000000
vt -0.437632 0.434736 0.000000
vt -0.437632 0.456047 0.000000
vt -0.437632 0.466702 0.000000
vt -0.437632 0.477357 0.000000
vt -0.437632 0.488012 0.000000
vt -0.437632 0.498668 0.000000
vt -0.437632 0.509323 0.000000
vt -0.437632 0.519978 0.000000
vt -0.437632 0.530634 0.000000
vt -0.437632 0.541289 0.000000
vt -0.437632 0.551944 0.000000
vt -0.437632 0.562599 0.000000
vt -0.437632 0.583910 0.000000
vt -0.437632 0.605221 0.000000
vt -0.437632 0.626531 0.000000
vt -0.437632 0.647842 0.000000
vt -0.437632 0.669152 0.000000
vt -0.437632 0.679808 0.000000
vt -0.437632 0.690463 0.000000
vt -0.437632 0.701118 0.000000
vt -0.437632 0.711774 0.000000
vt -0.437632 0.722429 0.000000
vt -0.437632 0.733084 0.000000
vt -0.437632 0.743739 0.000000
vt -0.437632 0.754395 0.000000
vt -0.437632 0.765050 0.000000
vt -0.437632 0.775705 0.000000
vt -0.420800 0.000000 0.000000
vt -0.403968 0.019180 0.000000
vt -0.403968 0.038359 0.000000
vt -0.403968 0.057539 0.000000
vt -0.403968 0.076718 0.000000
vt -0.403968 0.095898 0.000000
vt -0.403968 0.115077 0.000000
vt -0.403968 0.134257 0.000000
vt -0.403968 0.153436 0.000000
vt -0.403968 0.172616 0.000000
vt -0.403968 0.191795 0.000000
vt -0.403968 0.210975 0.000000
vt -0.403968 0.230154 0.000000
vt -0.403968 0.249334 0.000000
vt -0.403968 0.268513 0.000000
vt -0.403968 0.287693 0.000000
vt -0.403968 0.306872 0.000000
vt -0.403968 0.317528 0.000000
vt -0.403968 0.328183 0.000000
vt -0.403968 0.338838 0.000000
vt -0.403968 0.349494 0.000000
vt -0.403968 0.360149 0.000000
vt -0.403968 0.370804 0.000000
vt -0.403968 0.392115 0.000000
vt -0.403968 0.413425 0.000000
vt -0.403968 0.434736 0.000000
vt -0.403968 0.456047 0.000000
vt -0.403968 0.466702 0.000000
vt -0.403968 0.477357 0.000000
vt -0.403968 0.488012 0.000000
vt -0.403968 0.498668 0.000000
vt -0.403968 0.509323 0.000000
vt -0.403968 0.519978 0.000000
vt -0.403968 0.530634 0.000000
vt -0.403968 0.541289 0.000000
vt -0.403968 0.551944 0.000000
vt -0.403968 0.562599 0.000000
vt -0.403968 0.583910 0.000000
vt -0.403968 0.605221 0.000000
vt -0.403968 0.626531 0.000000
vt -0.403968 0.647842 0.000000
vt -0.403968 0.669152 0.000000
vt -0.403968 0.679808 0.000000
vt -0.403968 0.690463 0.000000
vt -0.403968 0.701118 0.000000
vt -0.403968 0.711774 0.000000
vt -0.403968 0.722429 0.000000
vt -0.403968 0.733084 0.000000
vt -0.403968 0.743739 0.000000
vt -0.403968 0.754395 0.000000
vt -0.403968 0.765050 0.000000
vt -0.403968 0.775705 0.000000
vt -0.378720 0.000000 0.000000
vt -0.373670 0.019180 0.000000
vt -0.373670 0.038359 0.000000
vt -0.373670 0.057539 0.000000
vt -0.373670 0.076718 0.000000
vt -0.373670 0.095898 0.000000
vt -0.373670 0.115077 0.000000
vt -0.373670 0.134257 0.000000
vt -0.373670 0.153436 0.000000
vt -0.373670 0.172616 0.000000
vt -0.373670 0.191795 0.000000
vt -0.373670 0.210975 0.000000
vt -0.373670 0.230154 0.000000
vt -0.373670 0.249334 0.000000
vt -0.373670 0.268513 0.000000
vt -0.373670 0.287693 0.000000
vt -0.373670 0.306872 0.000000
vt -0.373670 0.317528 0.000000
vt -0.373670 0.328183 0.000000
vt -0.373670 0.338838 0.000000
vt -0.373670 0.349494 0.000000
vt -0.373670 0.360149 0.000000
vt -0.373670 0.370804 0.000000
vt -0.373670 0.392115 0.000000
vt -0.373670 0.413425 0.000000
vt -0.373670 0.434736 0.000000
vt -0.373670 0.456047 0.000000
vt -0.373670 0.466702 0.000000
vt -0.373670 0.477357 0.000000
vt -0.373670 0.488012 0.000000
vt -0.373670 0.498668 0.000000
vt -0.373670 0.509323 0.000000
vt -0.373670 0.519978 0.000000
vt -0.373670 0.530634 0.000000
vt -0.373670 0.541289 0.000000
vt -0.373670 0.551944 0.000000
vt -0.373670 0.562599 0.000000
vt -0.373670 0.583910 0.000000
vt -0.373670 0.605221 0.000000
vt -0.373670 0.626531 0.000000
vt -0.373670 0.647842 0.000000
vt -0.373670 0.669152 0.000000
vt -0.373670 0.679808 0.000000
vt -0.373670 0.690463 0.000000
vt -0.373670 0.701118 0.000000
vt -0.373670 0.711774 0.000000
vt -0.373670 0.722429 0.000000
vt -0.373670 0.733084 0.000000
vt -0.373670 0.743739 0.000000
vt -0.373670 0.754395 0.000000
vt -0.373670 0.765050 0.000000
vt -0.373670 0.775705 0.000000
vt -0.343373 0.019180 0.000000
vt -0.336640 0.000000 0.000000
vt -0.313075 0.019180 0.000000
vt -0.294560 0.000000 0.000000
vt -0.282778 0.019180 0.000000
vt -0.252480 0.000000 0.000000
vt -0.252480 0.019180 0.000000
vt -0.222182 0.019180 0.000000
vt -0.252480 0.038359 0.000000
vt -0.222182 0.038359 0.000000
vt -0.252480 0.057539 0.000000
vt -0.222182 0.057539 0.000000
vt -0.252480 0.076718 0.000000
vt -0.222182 0.076718 0.000000
vt -0.252480 0.095898 0.000000
vt -0.222182 0.095898 0.000000
vt -0.252480 0.115077 0.000000
vt -0.222182 0.115077 0.000000
vt -0.252480 0.134257 0.000000
vt -0.222182 0.134257 0.000000
vt -0.252480 0.153436 0.000000
vt -0.222182 0.153436 0.000000
vt -0.252480 0.172616 0.000000
vt -0.222182 0.172616 0.000000
vt -0.252480 0.191795 0.000000
vt -0.222182 0.191795 0.000000
vt -0.252480 0.210975 0.000000
vt -0.222182 0.210975 0.000000
vt -0.252480 0.230154 0.000000
vt -0.222182 0.230154 0.000000
vt -0.252480 0.249334 0.000000
vt -0.222182 0.249334 0.000000
vt -0.252480 0.268513 0.000000
vt -0.222182 0.268513 0.000000
vt -0.252480 0.287693 0.000000
vt -0.222182 0.287693 0.000000
vt -0.252480 0.306872 0.000000
vt -0.222182 0.306872 0.000000
vt -0.252480 0.317528 0.000000
vt -0.222182 0.317528 0.000000
vt -0.252480 0.328183 0.000000
vt -0.222182 0.328183 0.000000
vt -0.252480 0.338838 0.000000
vt -0.222182 0.338838 0.000000
vt -0.252480 0.349494 0.000000
vt -0.222182 0.349494 0.000000
vt -0.252480 0.360149 0.000000
vt -0.222182 0.360149 0.000000
vt -0.252480 0.370804 0.000000
vt -0.222182 0.370804 0.000000
vt -0.252480 0.392115 0.000000
vt -0.222182 0.392115 0.000000
vt -0.252480 0.413425 0.000000
vt -0.222182 0.413425 0.000000
vt -0.252480 0.434736 0.000000
vt -0.222182 0.434736 0.000000
vt -0.252480 0.456047 0.000000
vt -0.222182 0.456047 0.000000
vt -0.252480 0.466702 0.000000
vt -0.222182 0.466702 0.000000
vt -0.252480 0.477357 0.000000
vt -0.222182 0.477357 0.000000
vt -0.252480 0.488012 0.000000
vt -0.222182 0.488012 0.000000
vt -0.252480 0.498668 0.000000
vt -0.222182 0.498668 0.000000
vt -0.252480 0.509323 0.000000
vt -0.222182 0.509323 0.000000
vt -0.252480 0.519978 0.000000
vt -0.222182 0.519978 0.000000
vt -0.252480 0.530634 0.000000
vt -0.222182 0.530634 0.000000
vt -0.252480 0.541289 0.000000
vt -0.222182 0.541289 0.000000
vt -0.252480 0.551944 0.000000
vt -0.222182 0.551944 0.000000
vt -0.252480 0.562599 0.000000
vt -0.222182 0.562599 0.000000
vt -0.252480 0.583910 0.000000
vt -0.222182 0.583910 0.000000
vt -0.252480 0.605221 0.000000
vt -0.222182 0.605221 0.000000
vt -0.252480 0.626531 0.000000
vt -0.222182 0.626531 0.000000
vt -0.252480 0.647842 0.000000
vt -0.222182 0.647842 0.000000
vt -0.252480 0.669152 0.000000
vt -0.222182 0.669152 0.000000
vt -0.252480 0.679808 0.000000
vt -0.222182 0.679808 0.000000
vt -0.252480 0.690463 0.000000
vt -0.222182 0.690463 0.000000
vt -0.252480 0.701118 0.000000
vt -0.222182 0.701118 0.000000
vt -0.252480 0.711774 0.000000
vt -0.222182 0.711774 0.000000
vt -0.252480 0.722429 0.000000
vt -0.222182 0.722429 0.000000
vt -0.252480 0.733084 0.000000
vt -0.210400 0.000000 0.000000
vt -0.191885 0.019180 0.000000
vt -0.191885 0.038359 0.000000
vt -0.191885 0.057539 0.000000
vt -0.191885 0.076718 0.000000
vt -0.191885 0.095898 0.000000
vt -0.191885 0.115077 0.000000
vt -0.191885 0.134257 0.000000
vt -0.191885 0.153436 0.000000
vt -0.191885 0.172616 0.000000
vt -0.191885 0.191795 0.000000
vt -0.191885 0.210975 0.000000
vt -0.191885 0.230154 0.000000
vt -0.191885 0.249334 0.000000
vt -0.191885 0.268513 0.000000
vt -0.191885 0.287693 0.000000
vt -0.191885 0.306872 0.000000
vt -0.191885 0.317528 0.000000
vt -0.191885 0.328183 0.000000
vt -0.191885 0.338838 0.000000
vt -0.191885 0.349494 0.000000
vt -0.191885 0.360149 0.000000
vt -0.191885 0.370804 0.000000
vt -0.191885 0.392115 0.000000
vt -0.191885 0.413425 0.000000
vt -0.191885 0.434736 0.000000
vt -0.191885 0.456047 0.000000
vt -0.191885 0.466702 0.000000
vt -0.191885 0.477357 0.000000
vt -0.191885 0.488012 0.000000
vt -0.191885 0.498668 0.000000
vt -0.191885 0.509323 0.000000
vt -0.191885 0.519978 0.000000
vt -0.191885 0.530634 0.000000
vt -0.191885 0.541289 0.000000
vt -0.191885 0.551944 0.000000
vt -0.191885 0.562599 0.000000
vt -0.191885 0.583910 0.000000
vt -0.191885 0.605221 0.000000
vt -0.191885 0.626531 0.000000
vt -0.191885 0.647842 0.000000
vt -0.191885 0.669152 0.000000
vt -0.191885 0.679808 0.000000
vt -0.191885 0.690463 0.000000
vt -0.191885 0.701118 0.000000
vt -0.191885 0.711774 0.000000
vt -0.168320 0.000000 0.000000
vt -0.161587 0.019180 0.000000
vt -0.161587 0.038359 0.000000
vt -0.161587 0.057539 0.000000
vt -0.161587 0.076718 0.000000
vt -0.161587 0.095898 0.000000
vt -0.161587 0.115077 0.000000
vt -0.161587 0.134257 0.000000
vt -0.161587 0.153436 0.000000
vt -0.161587 0.172616 0.000000
vt -0.161587 0.191795 0.000000
vt -0.161587 0.210975 0.000000
vt -0.161587 0.230154 0.000000
vt -0.161587 0.249334 0.000000
vt -0.161587 0.268513 0.000000
vt -0.161587 0.287693 0.000000
vt -0.161587 0.306872 0.000000
vt -0.161587 0.317528 0.000000
vt -0.161587 0.328183 0.000000
vt -0.161587 0.338838 0.000000
vt -0.161587 0.349494 0.000000
vt -0.161587 0.360149 0.000000
vt -0.161587 0.370804 0.000000
vt -0.161587 0.392115 0.000000
vt -0.161587 0.413425 0.000000
vt -0.161587 0.434736 0.000000
vt -0.161587 0.456047 0.000000
vt -0.161587 0.466702 0.000000
vt -0.161587 0.477357 0.000000
vt -0.161587 0.488012 0.000000
vt -0.161587 0.498668 0.000000
vt -0.161587 0.509323 0.000000
vt -0.161587 0.519978 0.000000
vt -0.161587 0.530634 0.000000
vt -0.161587 0.541289 0.000000
vt -0.161587 0.551944 0.000000
vt -0.161587 0.562599 0.000000
vt -0.161587 0.583910 0.000000
vt -0.161587 0.605221 0.000000
vt -0.161587 0.626531 0.000000
vt -0.161587 0.647842 0.000000
vt -0.161587 0.669152 0.000000
vt -0.161587 0.679808 0.000000
vt -0.161587 0.690463 0.000000
vt -0.161587 0.701118 0.000000
vt -0.126240 0.000000 0.000000
vt -0.121190 0.019180 0.000000
vt -0.121190 0.038359 0.000000
vt -0.121190 0.057539 0.000000
vt -0.121190 0.076718 0.000000
vt -0.121190 0.095898 0.000000
vt -0.121190 0.115077 0.000000
vt -0.121190 0.134257 0.000000
vt -0.121190 0.153436 0.000000
vt -0.121190 0.172616 0.000000
vt -0.121190 0.191795 0.000000
vt -0.121190 0.210975 0.000000
vt -0.121190 0.230154 0.000000
vt -0.121190 0.249334 0.000000
vt -0.121190 0.268513 0.000000
vt -0.121190 0.287693 0.000000
vt -0.121190 0.306872 0.000000
vt -0.121190 0.317528 0.000000
vt -0.121190 0.328183 0.000000
vt -0.121190 0.338838 0.000000
vt -0.121190 0.349494 0.000000
vt -0.121190 0.360149 0.000000
vt -0.121190 0.370804 0.000000
vt -0.121190 0.392115 0.000000
vt -0.121190 0.413425 0.000000
vt -0.121190 0.434736 0.000000
vt -0.121190 0.456047 0.000000
vt -0.121190 0.466702 0.000000
vt -0.121190 0.477357 0.000000
vt -0.121190 0.488012 0.000000
vt -0.121190 0.498668 0.000000
vt -0.121190 0.509323 0.000000
vt -0.121190 0.519978 0.000000
vt -0.121190 0.530634 0.000000
vt -0.121190 0.541289 0.000000
vt -0.121190 0.551944 0.000000
vt -0.121190 0.562599 0.000000
vt -0.121190 0.583910 0.000000
vt -0.121190 0.605221 0.000000
vt -0.121190 0.626531 0.000000
vt -0.121190 0.647842 0.000000
vt -0.121190 0.669152 0.000000
vt -0.121190 0.679808 0.000000
vt -0.121190 0.690463 0.000000
vt -0.084160 0.000000 0.000000
vt -0.080794 0.019180 0.000000
vt -0.080794 0.038359 0.000000
vt -0.080794 0.057539 0.000000
vt -0.080794 0.076718 0.000000
vt -0.080794 0.095898 0.000000
vt -0.080794 0.115077 0.000000
vt -0.080794 0.134257 0.000000
vt -0.080794 0.153436 0.000000
vt -0.080794 0.172616 0.000000
vt -0.080794 0.191795 0.000000
vt -0.080794 0.210975 0.000000
vt -0.080794 0.230154 0.000000
vt -0.080794 0.249334 0.000000
vt -0.080794 0.268513 0.000000
vt -0.080794 0.287693 0.000000
vt -0.080794 0.306872 0.000000
vt -0.080794 0.317528 0.000000
vt -0.080794 0.328183 0.000000
vt -0.080794 0.338838 0.000000
vt -0.080794 0.349494 0.000000
vt -0.080794 0.360149 0.000000
vt -0.080794 0.370804 0.000000
vt -0.080794 0.392115 0.000000
vt -0.080794 0.413425 0.000000
vt -0.080794 0.434736 0.000000
vt -0.080794 0.456047 0.000000
vt -0.080794 0.466702 0.000000
vt -0.080794 0.477357 0.000000
vt -0.080794 0.488012 0.000000
vt -0.080794 0.498668 0.000000
vt -0.080794 0.509323 0.000000
vt -0.080794 0.519978 0.000000
vt -0.080794 0.530634 0.000000
vt -0.080794 0.541289 0.000000
vt -0.080794 0.551944 0.000000
vt -0.080794 0.562599 0.000000
vt -0.080794 0.583910 0.000000
vt -0.080794 0.605221 0.000000
vt -0.080794 0.626531 0.000000
vt -0.080794 0.647842 0.000000
vt -0.080794 0.669152 0.000000
vt -0.080794 0.679808 0.000000
vt -0.042080 0.000000 0.000000
vt -0.040397 0.019180 0.000000
vt -0.040397 0.038359 0.000000
vt -0.040397 0.057539 0.000000
vt -0.040397 0.076718 0.000000
vt -0.040397 0.095898 0.000000
vt -0.040397 0.115077 0.000000
vt -0.040397 0.134257 0.000000
vt -0.040397 0.153436 0.000000
vt -0.040397 0.172616 0.000000
vt -0.040397 0.191795 0.000000
vt -0.040397 0.210975 0.000000
vt -0.040397 0.230154 0.000000
vt -0.040397 0.249334 0.000000
vt -0.040397 0.268513 0.000000
vt -0.040397 0.287693 0.000000
vt -0.040397 0.306872 0.000000
vt -0.040397 0.317528 0.000000
vt -0.040397 0.328183 0.000000
vt -0.040397 0.338838 0.000000
vt -0.040397 0.349494 0.000000
vt -0.040397 0.360149 0.000000
vt -0.040397 0.370804 0.000000
vt -0.040397 0.392115 0.000000
vt -0.040397 0.413425 0.000000
vt -0.040397 0.434736 0.000000
vt -0.040397 0.456047 0.000000
vt -0.040397 0.466702 0.000000
vt -0.040397 0.477357 0.000000
vt -0.040397 0.488012 0.000000
vt -0.040397 0.498668 0.000000
vt -0.040397 0.509323 0.000000
vt -0.040397 0.519978 0.000000
vt -0.040397 0.530634 0.000000
vt -0.040397 0.541289 0.000000
vt -0.040397 0.551944 0.000000
vt -0.040397 0.562599 0.000000
vt -0.040397 0.583910 0.000000
vt -0.040397 0.605221 0.000000
vt -0.040397 0.626531 0.000000
vt -0.040397 0.647842 0.000000
vt -0.040397 0.669152 0.000000
vt -0.021040 0.000000 0.000000
vt -0.020198 0.019180 0.000000
vt -0.020198 0.038359 0.000000
vt -0.020198 0.057539 0.000000
vt -0.020198 0.076718 0.000000
vt -0.020198 0.095898 0.000000
vt -0.020198 0.115077 0.000000
vt -0.020198 0.134257 0.000000
vt -0.020198 0.153436 0.000000
vt -0.020198 0.172616 0.000000
vt -0.020198 0.191795 0.000000
vt -0.020198 0.210975 0.000000
vt -0.020198 0.230154 0.000000
vt -0.020198 0.249334 0.000000
vt -0.020198 0.268513 0.000000
vt -0.020198 0.287693 0.000000
vt -0.020198 0.306872 0.000000
vt -0.020198 0.317528 0.000000
vt -0.020198 0.328183 0.000000
vt -0.020198 0.338838 0.000000
vt -0.020198 0.349494 0.000000
vt -0.020198 0.360149 0.000000
vt -0.020198 0.370804 0.000000
vt -0.020198 0.392115 0.000000
vt -0.020198 0.413425 0.000000
vt -0.020198 0.434736 0.000000
vt -0.020198 0.456047 0.000000
vt -0.020198 0.466702 0.000000
vt -0.020198 0.477357 0.000000
vt -0.020198 0.488012 0.000000
vt -0.020198 0.498668 0.000000
vt -0.020198 0.509323 0.000000
vt -0.020198 0.519978 0.000000
vt -0.020198 0.530634 0.000000
vt -0.020198 0.541289 0.000000
vt -0.020198 0.551944 0.000000
vt -0.020198 0.562599 0.000000
vt -0.020198 0.583910 0.000000
vt -0.020198 0.605221 0.000000
vt -0.020198 0.626531 0.000000
vt -0.020198 0.647842 0.000000
vt -0.010520 0.000000 0.000000
vt -0.010099 0.019180 0.000000
vt -0.010099 0.038359 0.000000
vt -0.010099 0.057539 0.000000
vt -0.010099 0.076718 0.000000
vt -0.010099 0.095898 0.000000
vt -0.010099 0.115077 0.000000
vt -0.010099 0.134257 0.000000
vt -0.010099 0.153436 0.000000
vt -0.010099 0.172616 0.000000
vt -0.010099 0.191795 0.000000
vt -0.010099 0.210975 0.000000
vt -0.010099 0.230154 0.000000
vt -0.010099 0.249334 0.000000
vt -0.010099 0.268513 0.000000
vt -0.010099 0.287693 0.000000
vt -0.010099 0.306872 0.000000
vt -0.010099 0.317528 0.000000
vt -0.010099 0.328183 0.000000
vt -0.010099 0.338838 0.000000
vt -0.010099 0.349494 0.000000
vt -0.010099 0.360149 0.000000
vt -0.010099 0.370804 0.000000
vt -0.010099 0.392115 0.000000
vt -0.010099 0.413425 0.000000
vt -0.010099 0.434736 0.000000
vt -0.010099 0.456047 0.000000
vt -0.010099 0.466702 0.000000
vt -0.010099 0.477357 0.000000
vt -0.010099 0.488012 0.000000
vt -0.010099 0.498668 0.000000
vt -0.010099 0.509323 0.000000
vt -0.010099 0.519978 0.000000
vt -0.010099 0.530634 0.000000
vt -0.010099 0.541289 0.000000
vt -0.010099 0.551944 0.000000
vt -0.010099 0.562599 0.000000
vt -0.010099 0.583910 0.000000
vt -0.010099 0.605221 0.000000
vt -0.010099 0.626531 0.000000
vt -0.000000 0.000000 0.000000
vt -0.021040 0.818326 0.000000
vt -0.020198 0.797016 0.000000
vt -0.010520 0.818326 0.000000
vt -0.010099 0.797016 0.000000
vt 0.000000 0.797016 0.000000
vt -0.040397 0.797016 0.000000
vt -0.042080 0.818326 0.000000
vt -0.080794 0.797016 0.000000
vt -0.084160 0.818326 0.000000
vt -0.121190 0.797016 0.000000
vt -0.126240 0.818326 0.000000
vt -0.161587 0.797016 0.000000
vt -0.168320 0.818326 0.000000
vt -0.191885 0.797016 0.000000
vt -0.210400 0.818326 0.000000
vt -0.222182 0.797016 0.000000
vt -0.252480 0.818326 0.000000
vt -0.252480 0.797016 0.000000
vt -0.282778 0.797016 0.000000
vt -0.252480 0.775705 0.000000
vt -0.282778 0.775705 0.000000
vt -0.252480 0.765050 0.000000
vt -0.294560 0.818326 0.000000
vt -0.313075 0.797016 0.000000
vt -0.336640 0.818326 0.000000
vt -0.538624 0.797016 0.000000
vt -0.547040 0.818326 0.000000
vt -0.572288 0.797016 0.000000
vt -0.589120 0.818326 0.000000
vt -0.605952 0.797016 0.000000
vt -0.631200 0.818326 0.000000
vt -0.639616 0.797016 0.000000
vt -0.673280 0.818326 0.000000
vt -0.673280 0.796792 0.000000
vt -0.639616 0.775705 0.000000
vt -0.673280 0.775257 0.000000
vt -0.639616 0.765050 0.000000
vt -0.673280 0.753722 0.000000
vt -0.639616 0.754395 0.000000
vt -0.639616 0.743739 0.000000
vt -0.605952 0.743739 0.000000
vt -0.605952 0.733084 0.000000
vt -0.572288 0.733084 0.000000
vt -0.572288 0.722429 0.000000
vt -0.538624 0.722429 0.000000
vt -0.538624 0.711774 0.000000
vt -0.673280 0.732187 0.000000
vt -0.639616 0.733084 0.000000
vt -0.605952 0.722429 0.000000
vt -0.572288 0.711774 0.000000
vt -0.538624 0.701118 0.000000
vt -0.639616 0.722429 0.000000
vt -0.673280 0.710652 0.000000
vt -0.639616 0.711774 0.000000
vt -0.639616 0.701118 0.000000
vt -0.605952 0.701118 0.000000
vt -0.605952 0.690463 0.000000
vt -0.572288 0.690463 0.000000
vt -0.572288 0.679808 0.000000
vt -0.538624 0.679808 0.000000
vt -0.538624 0.669152 0.000000
vt -0.673280 0.689117 0.000000
vt -0.639616 0.690463 0.000000
vt -0.605952 0.679808 0.000000
vt -0.572288 0.669152 0.000000
vt -0.538624 0.647842 0.000000
vt -0.639616 0.679808 0.000000
vt -0.673280 0.667582 0.000000
vt -0.639616 0.669152 0.000000
vt -0.639616 0.647842 0.000000
vt -0.605952 0.647842 0.000000
vt -0.605952 0.626531 0.000000
vt -0.572288 0.626531 0.000000
vt -0.572288 0.605221 0.000000
vt -0.538624 0.605221 0.000000
vt -0.538624 0.583910 0.000000
vt -0.673280 0.646047 0.000000
vt -0.639616 0.626531 0.000000
vt -0.605952 0.605221 0.000000
vt -0.572288 0.583910 0.000000
vt -0.538624 0.562599 0.000000
vt -0.673280 0.624512 0.000000
vt -0.639616 0.605221 0.000000
vt -0.605952 0.583910 0.000000
vt -0.572288 0.562599 0.000000
vt -0.538624 0.551944 0.000000
vt -0.673280 0.602977 0.000000
vt -0.639616 0.583910 0.000000
vt -0.605952 0.562599 0.000000
vt -0.572288 0.551944 0.000000
vt -0.538624 0.541289 0.000000
vt -0.673280 0.581442 0.000000
vt -0.639616 0.562599 0.000000
vt -0.605952 0.551944 0.000000
vt -0.572288 0.541289 0.000000
vt -0.538624 0.530634 0.000000
vt -0.673280 0.559908 0.000000
vt -0.639616 0.551944 0.000000
vt -0.605952 0.541289 0.000000
vt -0.572288 0.530634 0.000000
vt -0.538624 0.519978 0.000000
vt -0.673280 0.538373 0.000000
vt -0.639616 0.541289 0.000000
vt -0.605952 0.530634 0.000000
vt -0.572288 0.519978 0.000000
vt -0.538624 0.509323 0.000000
vt -0.639616 0.530634 0.000000
vt -0.673280 0.516838 0.000000
vt -0.639616 0.519978 0.000000
vt -0.639616 0.509323 0.000000
vt -0.605952 0.509323 0.000000
vt -0.605952 0.498668 0.000000
vt -0.572288 0.498668 0.000000
vt -0.572288 0.488012 0.000000
vt -0.538624 0.488012 0.000000
vt -0.538624 0.477357 0.000000
vt -0.673280 0.495303 0.000000
vt -0.639616 0.498668 0.000000
vt -0.605952 0.488012 0.000000
vt -0.572288 0.477357 0.000000
vt -0.538624 0.466702 0.000000
vt -0.639616 0.488012 0.000000
vt -0.673280 0.473768 0.000000
vt -0.639616 0.477357 0.000000
vt -0.639616 0.466702 0.000000
vt -0.605952 0.466702 0.000000
vt -0.605952 0.456047 0.000000
vt -0.572288 0.456047 0.000000
vt -0.572288 0.434736 0.000000
vt -0.538624 0.434736 0.000000
vt -0.538624 0.413425 0.000000
vt -0.673280 0.452233 0.000000
vt -0.639616 0.456047 0.000000
vt -0.605952 0.434736 0.000000
vt -0.572288 0.413425 0.000000
vt -0.538624 0.392115 0.000000
vt -0.639616 0.434736 0.000000
vt -0.673280 0.430698 0.000000
vt -0.639616 0.413425 0.000000
vt -0.673280 0.409163 0.000000
vt -0.639616 0.392115 0.000000
vt -0.673280 0.387628 0.000000
vt -0.639616 0.370804 0.000000
vt -0.673280 0.366093 0.000000
vt -0.639616 0.360149 0.000000
vt -0.673280 0.344559 0.000000
vt -0.639616 0.349494 0.000000
vt -0.639616 0.338838 0.000000
vt -0.605952 0.338838 0.000000
vt -0.605952 0.328183 0.000000
vt -0.572288 0.328183 0.000000
vt -0.572288 0.317528 0.000000
vt -0.538624 0.317528 0.000000
vt -0.538624 0.306872 0.000000
vt -0.673280 0.323024 0.000000
vt -0.639616 0.328183 0.000000
vt -0.605952 0.317528 0.000000
vt -0.572288 0.306872 0.000000
vt -0.538624 0.287693 0.000000
vt -0.639616 0.317528 0.000000
vt -0.673280 0.301489 0.000000
vt -0.639616 0.306872 0.000000
vt -0.639616 0.287693 0.000000
vt -0.605952 0.287693 0.000000
vt -0.605952 0.268513 0.000000
vt -0.572288 0.268513 0.000000
vt -0.572288 0.249334 0.000000
vt -0.538624 0.249334 0.000000
vt -0.538624 0.230154 0.000000
vt -0.673280 0.279954 0.000000
vt -0.639616 0.268513 0.000000
vt -0.605952 0.249334 0.000000
vt -0.572288 0.230154 0.000000
vt -0.538624 0.210975 0.000000
vt -0.673280 0.258419 0.000000
vt -0.639616 0.249334 0.000000
vt -0.605952 0.230154 0.000000
vt -0.572288 0.210975 0.000000
vt -0.538624 0.191795 0.000000
vt -0.673280 0.236884 0.000000
vt -0.639616 0.230154 0.000000
vt -0.605952 0.210975 0.000000
vt -0.572288 0.191795 0.000000
vt -0.538624 0.172616 0.000000
vt -0.673280 0.215349 0.000000
vt -0.639616 0.210975 0.000000
vt -0.605952 0.191795 0.000000
vt -0.572288 0.172616 0.000000
vt -0.538624 0.153436 0.000000
vt -0.673280 0.193814 0.000000
vt -0.639616 0.191795 0.000000
vt -0.605952 0.172616 0.000000
vt -0.572288 0.153436 0.000000
vt -0.538624 0.134257 0.000000
vt -0.673280 0.172279 0.000000
vt -0.639616 0.172616 0.000000
vt -0.605952 0.153436 0.000000
vt -0.572288 0.134257 0.000000
vt -0.538624 0.115077 0.000000
vt -0.639616 0.153436 0.000000
vt -0.673280 0.150744 0.000000
vt -0.639616 0.134257 0.000000
vt -0.673280 0.129209 0.000000
vt -0.639616 0.115077 0.000000
vt -0.673280 0.107675 0.000000
vt -0.639616 0.095898 0.000000
vt -0.673280 0.086140 0.000000
vt -0.639616 0.076718 0.000000
vt -0.673280 0.064605 0.000000
vt -0.639616 0.057539 0.000000
vt -0.673280 0.043070 0.000000
vt -0.639616 0.038359 0.000000
vt 0.000000 0.019180 0.000000
vt 0.000000 0.038359 0.000000
vt 0.000000 0.057539 0.000000
vt 0.000000 0.076718 0.000000
vt 0.000000 0.095898 0.000000
vt 0.000000 0.115077 0.000000
vt 0.000000 0.134257 0.000000
vt 0.000000 0.153436 0.000000
vt 0.000000 0.172616 0.000000
vt 0.000000 0.191795 0.000000
vt 0.000000 0.210975 0.000000
vt 0.000000 0.230154 0.000000
vt 0.000000 0.249334 0.000000
vt 0.000000 0.287693 0.000000
vt 0.000000 0.306872 0.000000
vt 0.000000 0.317528 0.000000
vt 0.000000 0.328183 0.000000
vt 0.000000 0.338838 0.000000
vt 0.000000 0.349494 0.000000
vt 0.000000 0.360149 0.000000
vt 0.000000 0.370804 0.000000
vt 0.000000 0.392115 0.000000
vt 0.000000 0.413425 0.000000
vt 0.000000 0.434736 0.000000
vt 0.000000 0.456047 0.000000
vt 0.000000 0.466702 0.000000
vt 0.000000 0.477357 0.000000
vt 0.000000 0.488012 0.000000
vt 0.000000 0.498668 0.000000
vt 0.000000 0.509323 0.000000
vt 0.000000 0.519978 0.000000
vt 0.000000 0.530634 0.000000
vt 0.000000 0.551944 0.000000
vt 0.000000 0.562599 0.000000
vt 0.000000 0.583910 0.000000
vt 0.000000 0.605221 0.000000
vt 0.000000 0.626531 0.000000
vt 0.000000 0.669152 0.000000
vt -0.010099 0.679808 0.000000
vt 0.000000 0.679808 0.000000
vt -0.010099 0.690463 0.000000
vt 0.000000 0.690463 0.000000
vt -0.010099 0.701118 0.000000
vt 0.000000 0.701118 0.000000
vt -0.010099 0.711774 0.000000
vt 0.000000 0.711774 0.000000
vt -0.010099 0.722429 0.000000
vt 0.000000 0.722429 0.000000
vt -0.010099 0.733084 0.000000
vt 0.000000 0.733084 0.000000
vt -0.010099 0.743739 0.000000
vt 0.000000 0.743739 0.000000
vt -0.010099 0.754395 0.000000
vt 0.000000 0.754395 0.000000
vt -0.010099 0.765050 0.000000
vt 0.000000 0.765050 0.000000
vt -0.010099 0.775705 0.000000
vt 0.000000 0.775705 0.000000
vt 0.000000 0.272775 0.000000
vt 0.000000 0.545551 0.000000
vt -0.282778 0.038359 0.000000
vt -0.282778 0.057539 0.000000
vt -0.282778 0.076718 0.000000
vt -0.282778 0.095898 0.000000
vt -0.282778 0.115077 0.000000
vt -0.282778 0.134257 0.000000
vt -0.282778 0.153436 0.000000
vt -0.282778 0.172616 0.000000
vt -0.282778 0.191795 0.000000
vt -0.282778 0.210975 0.000000
vt -0.282778 0.230154 0.000000
vt -0.282778 0.249334 0.000000
vt -0.282778 0.268513 0.000000
vt -0.282778 0.287693 0.000000
vt -0.282778 0.306872 0.000000
vt -0.282778 0.317528 0.000000
vt -0.282778 0.328183 0.000000
vt -0.282778 0.338838 0.000000
vt -0.282778 0.349494 0.000000
vt -0.282778 0.360149 0.000000
vt -0.282778 0.370804 0.000000
vt -0.282778 0.392115 0.000000
vt -0.282778 0.413425 0.000000
vt -0.282778 0.434736 0.000000
vt -0.282778 0.456047 0.000000
vt -0.282778 0.466702 0.000000
vt -0.282778 0.477357 0.000000
vt -0.282778 0.488012 0.000000
vt -0.282778 0.498668 0.000000
vt -0.282778 0.509323 0.000000
vt -0.282778 0.519978 0.000000
vt -0.282778 0.530634 0.000000
vt -0.282778 0.541289 0.000000
vt -0.282778 0.551944 0.000000
vt -0.282778 0.562599 0.000000
vt -0.282778 0.583910 0.000000
vt -0.282778 0.605221 0.000000
vt -0.282778 0.626531 0.000000
vt -0.282778 0.647842 0.000000
vt -0.282778 0.669152 0.000000
vt -0.282778 0.679808 0.000000
vt -0.282778 0.690463 0.000000
vt -0.282778 0.701118 0.000000
vt -0.282778 0.711774 0.000000
vt -0.282778 0.722429 0.000000
vt -0.282778 0.733084 0.000000
vt -0.282778 0.743739 0.000000
vt -0.313075 0.038359 0.000000
vt -0.313075 0.057539 0.000000
vt -0.313075 0.076718 0.000000
vt -0.313075 0.095898 0.000000
vt -0.313075 0.115077 0.000000
vt -0.313075 0.134257 0.000000
vt -0.313075 0.153436 0.000000
vt -0.313075 0.172616 0.000000
vt -0.313075 0.191795 0.000000
vt -0.313075 0.210975 0.000000
vt -0.313075 0.230154 0.000000
vt -0.313075 0.249334 0.000000
vt -0.313075 0.268513 0.000000
vt -0.313075 0.287693 0.000000
vt -0.313075 0.306872 0.000000
vt -0.313075 0.317528 0.000000
vt -0.313075 0.328183 0.000000
vt -0.313075 0.338838 0.000000
vt -0.313075 0.349494 0.000000
vt -0.313075 0.360149 0.000000
vt -0.313075 0.370804 0.000000
vt -0.313075 0.392115 0.000000
vt -0.313075 0.413425 0.000000
vt -0.313075 0.434736 0.000000
vt -0.313075 0.456047 0.000000
vt -0.313075 0.466702 0.000000
vt -0.313075 0.477357 0.000000
vt -0.313075 0.488012 0.000000
vt -0.313075 0.498668 0.000000
vt -0.313075 0.509323 0.000000
vt -0.313075 0.519978 0.000000
vt -0.313075 0.530634 0.000000
vt -0.313075 0.541289 0.000000
vt -0.313075 0.551944 0.000000
vt -0.313075 0.562599 0.000000
vt -0.313075 0.583910 0.000000
vt -0.313075 0.605221 0.000000
vt -0.313075 0.626531 0.000000
vt -0.313075 0.647842 0.000000
vt -0.313075 0.669152 0.000000
vt -0.313075 0.679808 0.000000
vt -0.313075 0.690463 0.000000
vt -0.313075 0.701118 0.000000
vt -0.313075 0.711774 0.000000
vt -0.313075 0.722429 0.000000
vt -0.313075 0.733084 0.000000
vt -0.313075 0.743739 0.000000
vt -0.313075 0.754395 0.000000
vt -0.343373 0.038359 0.000000
vt -0.343373 0.057539 0.000000
vt -0.343373 0.076718 0.000000
vt -0.343373 0.095898 0.000000
vt -0.343373 0.115077 0.000000
vt -0.343373 0.134257 0.000000
vt -0.343373 0.153436 0.000000
vt -0.343373 0.172616 0.000000
vt -0.343373 0.191795 0.000000
vt -0.343373 0.210975 0.000000
vt -0.343373 0.230154 0.000000
vt -0.343373 0.249334 0.000000
vt -0.343373 0.268513 0.000000
vt -0.343373 0.287693 0.000000
vt -0.343373 0.306872 0.000000
vt -0.343373 0.317528 0.000000
vt -0.343373 0.328183 0.000000
vt -0.343373 0.338838 0.000000
vt -0.343373 0.349494 0.000000
vt -0.343373 0.360149 0.000000
vt -0.343373 0.370804 0.000000
vt -0.343373 0.392115 0.000000
vt -0.343373 0.413425 0.000000
vt -0.343373 0.434736 0.000000
vt -0.343373 0.456047 0.000000
vt -0.343373 0.466702 0.000000
vt -0.343373 0.477357 0.000000
vt -0.343373 0.488012 0.000000
vt -0.343373 0.498668 0.000000
vt -0.343373 0.509323 0.000000
vt -0.343373 0.519978 0.000000
vt -0.343373 0.530634 0.000000
vt -0.343373 0.541289 0.000000
vt -0.343373 0.551944 0.000000
vt -0.343373 0.562599 0.000000
vt -0.343373 0.583910 0.000000
vt -0.343373 0.605221 0.000000
vt -0.343373 0.626531 0.000000
vt -0.343373 0.647842 0.000000
vt -0.343373 0.669152 0.000000
vt -0.343373 0.679808 0.000000
vt -0.343373 0.690463 0.000000
vt -0.343373 0.701118 0.000000
vt -0.343373 0.711774 0.000000
vt -0.343373 0.722429 0.000000
vt -0.343373 0.733084 0.000000
vt -0.343373 0.743739 0.000000
vt -0.343373 0.754395 0.000000
vt -0.343373 0.765050 0.000000
vt -0.538624 0.038359 0.000000
vt -0.538624 0.057539 0.000000
vt -0.538624 0.076718 0.000000
vt -0.538624 0.095898 0.000000
vt -0.572288 0.038359 0.000000
vt -0.572288 0.057539 0.000000
vt -0.572288 0.076718 0.000000
vt -0.572288 0.095898 0.000000
vt -0.572288 0.115077 0.000000
vt -0.605952 0.038359 0.000000
vt -0.605952 0.057539 0.000000
vt -0.605952 0.076718 0.000000
vt -0.605952 0.095898 0.000000
vt -0.605952 0.115077 0.000000
vt -0.605952 0.134257 0.000000
vt -0.605952 0.775705 0.000000
vt -0.605952 0.765050 0.000000
vt -0.605952 0.754395 0.000000
vt -0.572288 0.775705 0.000000
vt -0.572288 0.765050 0.000000
vt -0.572288 0.754395 0.000000
vt -0.572288 0.743739 0.000000
vt -0.538624 0.775705 0.000000
vt -0.538624 0.765050 0.000000
vt -0.538624 0.754395 0.000000
vt -0.538624 0.743739 0.000000
vt -0.538624 0.733084 0.000000
vt -0.222182 0.775705 0.000000
vt -0.222182 0.765050 0.000000
vt -0.222182 0.754395 0.000000
vt -0.191885 0.775705 0.000000
vt -0.191885 0.765050 0.000000
vt -0.191885 0.754395 0.000000
vt -0.191885 0.743739 0.000000
vt -0.161587 0.775705 0.000000
vt -0.161587 0.765050 0.000000
vt -0.161587 0.754395 0.000000
vt -0.161587 0.743739 0.000000
vt -0.161587 0.733084 0.000000
vt -0.121190 0.775705 0.000000
vt -0.121190 0.765050 0.000000
vt -0.121190 0.754395 0.000000
vt -0.121190 0.743739 0.000000
vt -0.121190 0.733084 0.000000
vt -0.121190 0.722429 0.000000
vt -0.080794 0.775705 0.000000
vt -0.080794 0.765050 0.000000
vt -0.080794 0.754395 0.000000
vt -0.080794 0.743739 0.000000
vt -0.080794 0.733084 0.000000
vt -0.080794 0.722429 0.000000
vt -0.080794 0.711774 0.000000
vt -0.040397 0.775705 0.000000
vt -0.040397 0.765050 0.000000
vt -0.040397 0.754395 0.000000
vt -0.040397 0.743739 0.000000
vt -0.040397 0.733084 0.000000
vt -0.040397 0.722429 0.000000
vt -0.040397 0.711774 0.000000
vt -0.040397 0.701118 0.000000
vt -0.020198 0.775705 0.000000
vt -0.020198 0.765050 0.000000
vt -0.020198 0.754395 0.000000
vt -0.020198 0.743739 0.000000
vt -0.020198 0.733084 0.000000
vt -0.020198 0.722429 0.000000
vt -0.020198 0.711774 0.000000
vt -0.020198 0.701118 0.000000
vt -0.020198 0.690463 0.000000
vt -0.605952 0.711774 0.000000
vt -0.572288 0.701118 0.000000
vt -0.538624 0.690463 0.000000
vt -0.605952 0.669152 0.000000
vt -0.572288 0.647842 0.000000
vt -0.538624 0.626531 0.000000
vt -0.605952 0.519978 0.000000
vt -0.572288 0.509323 0.000000
vt -0.538624 0.498668 0.000000
vt -0.605952 0.477357 0.000000
vt -0.572288 0.466702 0.000000
vt -0.538624 0.456047 0.000000
vt -0.605952 0.413425 0.000000
vt -0.572288 0.392115 0.000000
vt -0.538624 0.370804 0.000000
vt -0.605952 0.392115 0.000000
vt -0.572288 0.370804 0.000000
vt -0.538624 0.360149 0.000000
vt -0.605952 0.370804 0.000000
vt -0.572288 0.360149 0.000000
vt -0.538624 0.349494 0.000000
vt -0.605952 0.360149 0.000000
vt -0.572288 0.349494 0.000000
vt -0.538624 0.338838 0.000000
vt -0.605952 0.349494 0.000000
vt -0.572288 0.338838 0.000000
vt -0.538624 0.328183 0.000000
vt -0.605952 0.306872 0.000000
vt -0.572288 0.287693 0.000000
vt -0.538624 0.268513 0.000000
vt 0.256454 0.042795 0.000000
vt -0.256454 0.042795 0.000000
vt 0.260000 0.000000 0.000000
vt -0.260000 0.000000 0.000000
vt 0.256454 -0.042795 0.000000
vt -0.256454 -0.042795 0.000000
vt 0.245912 -0.084422 0.000000
vt -0.245912 -0.084422 0.000000
vt 0.228663 -0.123746 0.000000
vt -0.228663 -0.123746 0.000000
vt 0.205177 -0.159695 0.000000
vt -0.205177 -0.159695 0.000000
vt 0.176093 -0.191288 0.000000
vt -0.176093 -0.191288 0.000000
vt 0.142207 -0.217663 0.000000
vt -0.142207 -0.217663 0.000000
vt 0.104441 -0.238101 0.000000
vt -0.104441 -0.238101 0.000000
vt 0.063826 -0.252044 0.000000
vt -0.063826 -0.252044 0.000000
vt 0.021471 -0.259112 0.000000
vt -0.021471 -0.259112 0.000000
vt -0.245912 0.084422 0.000000
vt 0.245912 0.084422 0.000000
vt -0.228663 0.123746 0.000000
vt 0.228663 0.123746 0.000000
vt -0.205177 0.159695 0.000000
vt 0.205177 0.159695 0.000000
vt -0.176093 0.191288 0.000000
vt 0.176093 0.191288 0.000000
vt -0.142207 0.217663 0.000000
vt 0.142207 0.217663 0.000000
vt -0.104441 0.238101 0.000000
vt 0.104441 0.238101 0.000000
vt -0.063826 0.252044 0.000000
vt 0.063826 0.252044 0.000000
vt -0.021471 0.259112 0.000000
vt 0.021471 0.259112 0.000000
vn 0.162127 -0.172503 0.971575
vn 0.000000 -0.172503 0.985009
vn 0.143397 -0.211941 0.966705
vn 0.000000 -0.221732 0.975108
vn 0.142046 -0.250665 0.957596
vn 0.000000 -0.269445 0.963016
vn 0.140526 -0.287715 0.947350
vn 0.000000 -0.314025 0.949415
vn 0.138891 -0.322482 0.936330
vn 0.000000 -0.354696 0.934982
vn 0.137190 -0.354696 0.924862
vn 0.135460 -0.384349 0.913196
vn 0.271411 -0.354696 0.894722
vn 0.267987 -0.384349 0.883436
vn 0.399756 -0.354696 0.845213
vn 0.394714 -0.384349 0.834552
vn 0.519448 -0.354696 0.777409
vn 0.512896 -0.384349 0.767603
vn 0.627895 -0.354696 0.692776
vn 0.619975 -0.384349 0.684037
vn 0.722751 -0.354696 0.593146
vn 0.713634 -0.384349 0.585664
vn 0.801960 -0.354696 0.480677
vn 0.791845 -0.384349 0.474613
vn 0.863810 -0.354696 0.357802
vn 0.852914 -0.384349 0.353289
vn 0.906961 -0.354696 0.227182
vn 0.895521 -0.384349 0.224316
vn 0.930479 -0.354696 0.091644
vn 0.918743 -0.384349 0.090488
vn 0.933855 -0.354696 -0.045877
vn 0.922076 -0.384349 -0.045299
vn 0.917016 -0.354696 -0.182406
vn 0.905449 -0.384349 -0.180105
vn 0.880326 -0.354696 -0.314986
vn 0.869222 -0.384349 -0.311013
vn 0.824580 -0.354696 -0.440747
vn 0.814179 -0.384349 -0.435188
vn 0.750984 -0.354696 -0.556968
vn 0.741511 -0.384349 -0.549942
vn 0.661132 -0.354696 -0.661132
vn 0.652792 -0.384349 -0.652792
vn 0.604892 -0.354696 -0.712949
vn 0.597262 -0.384349 -0.703956
vn 0.544606 -0.354696 -0.759997
vn 0.537736 -0.384349 -0.750410
vn 0.480677 -0.354696 -0.801960
vn 0.474613 -0.384349 -0.791845
vn 0.413532 -0.354696 -0.838560
vn 0.408316 -0.384349 -0.827982
vn 0.343621 -0.354696 -0.869549
vn 0.339286 -0.384349 -0.858581
vn 0.271411 -0.354696 -0.894722
vn 0.267987 -0.384349 -0.883436
vn 0.122040 -0.354696 -0.926983
vn 0.120500 -0.384349 -0.915290
vn -0.030592 -0.354696 -0.934481
vn -0.030206 -0.384349 -0.922694
vn -0.182406 -0.354696 -0.917016
vn -0.180105 -0.384349 -0.905449
vn -0.329347 -0.354696 -0.875055
vn -0.325193 -0.384349 -0.864017
vn -0.399756 -0.354696 -0.845213
vn -0.394714 -0.384349 -0.834552
vn -0.467491 -0.354696 -0.809718
vn -0.461594 -0.384349 -0.799504
vn -0.532098 -0.354696 -0.768806
vn -0.525386 -0.384349 -0.759108
vn -0.593146 -0.354696 -0.722751
vn -0.585664 -0.384349 -0.713634
vn -0.650226 -0.354696 -0.671861
vn -0.642024 -0.384349 -0.663386
vn -0.702956 -0.354696 -0.616476
vn -0.694089 -0.384349 -0.608700
vn -0.750984 -0.354696 -0.556968
vn -0.741511 -0.384349 -0.549942
vn -0.793988 -0.354696 -0.493734
vn -0.783973 -0.384349 -0.487506
vn -0.831681 -0.354696 -0.427197
vn -0.821190 -0.384349 -0.421808
vn -0.863810 -0.354696 -0.357802
vn -0.852914 -0.384349 -0.353289
vn -0.910557 -0.354696 -0.212312
vn -0.899071 -0.384349 -0.209634
vn -0.932980 -0.354696 -0.061151
vn -0.921211 -0.384349 -0.060379
vn -0.930479 -0.354696 0.091644
vn -0.918743 -0.384349 0.090488
vn -0.903123 -0.354696 0.241991
vn -0.891731 -0.384349 0.238939
vn -0.851641 -0.354696 0.385873
vn -0.840898 -0.384349 0.381006
vn -0.817258 -0.354696 0.454180
vn -0.806950 -0.384349 0.448451
vn -0.777409 -0.354696 0.519448
vn -0.767603 -0.384349 0.512896
vn -0.732359 -0.354696 0.581241
vn -0.723121 -0.384349 0.573910
vn -0.682409 -0.354696 0.639146
vn -0.673802 -0.384349 0.631084
vn -0.627895 -0.354696 0.692776
vn -0.619975 -0.384349 0.684037
vn -0.569181 -0.354696 0.741771
vn -0.562001 -0.384349 0.732414
vn -0.506659 -0.354696 0.785804
vn -0.500268 -0.384349 0.775892
vn -0.440747 -0.354696 0.824580
vn -0.435188 -0.384349 0.814179
vn -0.371888 -0.354696 0.857840
vn -0.367197 -0.384349 0.847020
vn -0.300540 -0.354696 0.885362
vn -0.296749 -0.384349 0.874194
vn -0.152304 -0.354696 0.922493
vn -0.150383 -0.384349 0.910857
vn -0.000000 -0.391379 0.920230
vn -0.148456 -0.411616 0.899185
vn -0.000000 -0.424452 0.905450
vn -0.146532 -0.436830 0.887529
vn -0.000000 -0.454678 0.890656
vn -0.144793 -0.458163 0.876996
vn -0.143022 -0.478666 0.866270
vn -0.282223 -0.478666 0.831402
vn -0.278585 -0.498864 0.820686
vn -0.344721 -0.498864 0.795174
vn -0.339889 -0.519399 0.784028
vn -0.402823 -0.519399 0.753630
vn -0.396427 -0.541093 0.741663
vn -0.455711 -0.541093 0.706786
vn -0.447093 -0.565044 0.693421
vn -0.502265 -0.565044 0.654565
vn -0.490279 -0.592771 0.638944
vn -0.540854 -0.592771 0.596741
vn -0.523440 -0.626477 0.577527
vn -0.568885 -0.626477 0.532819
vn -0.530537 -0.686745 0.496902
vn -0.569370 -0.686745 0.451884
vn -0.493216 -0.776858 0.391444
vn -0.523556 -0.776858 0.349829
vn -0.344739 -0.909997 0.230347
vn -0.362410 -0.909997 0.201404
vn -0.183102 -0.977814 0.101756
vn -0.190805 -0.977814 0.086453
vn -0.064489 -0.997491 0.029219
vn -0.068387 -0.997491 0.018324
vn 0.087284 -0.995909 -0.023388
vn 0.133724 -0.411616 0.901493
vn 0.264553 -0.411616 0.872115
vn 0.389656 -0.411616 0.823857
vn 0.506323 -0.411616 0.757766
vn 0.612030 -0.411616 0.675271
vn 0.704489 -0.411616 0.578159
vn 0.781697 -0.411616 0.468531
vn 0.841985 -0.411616 0.348761
vn 0.884045 -0.411616 0.221442
vn 0.906969 -0.411616 0.089329
vn 0.910260 -0.411616 -0.044718
vn 0.893846 -0.411616 -0.177797
vn 0.858083 -0.411616 -0.307027
vn 0.803746 -0.411616 -0.429611
vn 0.732009 -0.411616 -0.542895
vn 0.644427 -0.411616 -0.644427
vn 0.589608 -0.411616 -0.694935
vn 0.530845 -0.411616 -0.740794
vn 0.468531 -0.411616 -0.781697
vn 0.403083 -0.411616 -0.817372
vn 0.334938 -0.411616 -0.847578
vn 0.264553 -0.411616 -0.872115
vn 0.118956 -0.411616 -0.903561
vn -0.029819 -0.411616 -0.910870
vn -0.177797 -0.411616 -0.893846
vn -0.321026 -0.411616 -0.852945
vn -0.389656 -0.411616 -0.823857
vn -0.455679 -0.411616 -0.789259
vn -0.518654 -0.411616 -0.749380
vn -0.578159 -0.411616 -0.704489
vn -0.633797 -0.411616 -0.654885
vn -0.685195 -0.411616 -0.600900
vn -0.732009 -0.411616 -0.542895
vn -0.773927 -0.411616 -0.481259
vn -0.810667 -0.411616 -0.416403
vn -0.841985 -0.411616 -0.348761
vn -0.887550 -0.411616 -0.206948
vn -0.909406 -0.411616 -0.059606
vn -0.906969 -0.411616 0.089329
vn -0.880304 -0.411616 0.235877
vn -0.830123 -0.411616 0.376124
vn -0.796609 -0.411616 0.442704
vn -0.757766 -0.411616 0.506323
vn -0.713854 -0.411616 0.566555
vn -0.665167 -0.411616 0.622997
vn -0.612030 -0.411616 0.675271
vn -0.554799 -0.411616 0.723029
vn -0.493857 -0.411616 0.765949
vn -0.429611 -0.411616 0.803746
vn -0.362491 -0.411616 0.836166
vn -0.292946 -0.411616 0.862992
vn 0.131991 -0.436830 0.889808
vn 0.261124 -0.436830 0.860810
vn 0.384605 -0.436830 0.813178
vn 0.499760 -0.436830 0.747944
vn 0.604097 -0.436830 0.666518
vn 0.695357 -0.436830 0.570665
vn 0.771565 -0.436830 0.462458
vn 0.831071 -0.436830 0.344241
vn 0.872586 -0.436830 0.218571
vn 0.895213 -0.436830 0.088171
vn 0.898461 -0.436830 -0.044139
vn 0.882260 -0.436830 -0.175492
vn 0.846961 -0.436830 -0.303047
vn 0.793327 -0.436830 -0.424042
vn 0.722521 -0.436830 -0.535858
vn 0.636074 -0.436830 -0.636074
vn 0.581966 -0.436830 -0.685927
vn 0.523964 -0.436830 -0.731192
vn 0.462458 -0.436830 -0.771565
vn 0.397858 -0.436830 -0.806777
vn 0.330597 -0.436830 -0.836592
vn 0.261124 -0.436830 -0.860810
vn 0.117414 -0.436830 -0.891849
vn -0.029432 -0.436830 -0.899063
vn -0.175492 -0.436830 -0.882260
vn -0.316865 -0.436830 -0.841889
vn -0.384605 -0.436830 -0.813178
vn -0.449772 -0.436830 -0.779028
vn -0.511931 -0.436830 -0.739667
vn -0.570665 -0.436830 -0.695357
vn -0.625581 -0.436830 -0.646396
vn -0.676313 -0.436830 -0.593111
vn -0.722521 -0.436830 -0.535858
vn -0.763895 -0.436830 -0.475020
vn -0.800159 -0.436830 -0.411005
vn -0.831071 -0.436830 -0.344241
vn -0.876045 -0.436830 -0.204265
vn -0.897618 -0.436830 -0.058833
vn -0.895213 -0.436830 0.088171
vn -0.868893 -0.436830 0.232819
vn -0.819362 -0.436830 0.371248
vn -0.786283 -0.436830 0.436966
vn -0.747944 -0.436830 0.499760
vn -0.704601 -0.436830 0.559211
vn -0.656545 -0.436830 0.614922
vn -0.604097 -0.436830 0.666518
vn -0.547608 -0.436830 0.713656
vn -0.487455 -0.436830 0.756021
vn -0.424042 -0.436830 0.793327
vn -0.357792 -0.436830 0.825327
vn -0.289149 -0.436830 0.851806
vn 0.130424 -0.458163 0.879247
vn 0.258025 -0.458163 0.850594
vn 0.380040 -0.458163 0.803527
vn 0.493829 -0.458163 0.739067
vn 0.596927 -0.458163 0.658608
vn 0.687104 -0.458163 0.563892
vn 0.762408 -0.458163 0.456970
vn 0.821207 -0.458163 0.340155
vn 0.862230 -0.458163 0.215977
vn 0.884588 -0.458163 0.087124
vn 0.887797 -0.458163 -0.043615
vn 0.871789 -0.458163 -0.173410
vn 0.836908 -0.458163 -0.299451
vn 0.783912 -0.458163 -0.419009
vn 0.713946 -0.458163 -0.529498
vn 0.628525 -0.458163 -0.628525
vn 0.575059 -0.458163 -0.677786
vn 0.517746 -0.458163 -0.722513
vn 0.456970 -0.458163 -0.762408
vn 0.393136 -0.458163 -0.797202
vn 0.326673 -0.458163 -0.826663
vn 0.258025 -0.458163 -0.850594
vn 0.116021 -0.458163 -0.881264
vn -0.029083 -0.458163 -0.888392
vn -0.173410 -0.458163 -0.871789
vn -0.313104 -0.458163 -0.831897
vn -0.380040 -0.458163 -0.803527
vn -0.444434 -0.458163 -0.769782
vn -0.505855 -0.458163 -0.730888
vn -0.563892 -0.458163 -0.687104
vn -0.618157 -0.458163 -0.638724
vn -0.668286 -0.458163 -0.586071
vn -0.713946 -0.458163 -0.529498
vn -0.754829 -0.458163 -0.469383
vn -0.790662 -0.458163 -0.406127
vn -0.821207 -0.458163 -0.340155
vn -0.865648 -0.458163 -0.201841
vn -0.886965 -0.458163 -0.058135
vn -0.884588 -0.458163 0.087124
vn -0.858581 -0.458163 0.230056
vn -0.809638 -0.458163 0.366842
vn -0.776951 -0.458163 0.431780
vn -0.739067 -0.458163 0.493829
vn -0.696239 -0.458163 0.552574
vn -0.648753 -0.458163 0.607623
vn -0.596927 -0.458163 0.658608
vn -0.541109 -0.458163 0.705186
vn -0.481670 -0.458163 0.747048
vn -0.419009 -0.458163 0.783912
vn -0.353546 -0.458163 0.815532
vn -0.285717 -0.458163 0.841696
vn 0.128829 -0.478666 0.868494
vn 0.000000 -0.483161 0.875532
vn 0.127168 -0.498864 0.857300
vn 0.000000 -0.511326 0.859387
vn 0.125386 -0.519399 0.845283
vn 0.000000 -0.541093 0.840963
vn 0.123395 -0.541093 0.831860
vn 0.121062 -0.565044 0.816130
vn 0.244119 -0.541093 0.804751
vn 0.239502 -0.565044 0.789534
vn 0.359558 -0.541093 0.760221
vn 0.352759 -0.565044 0.745846
vn 0.467214 -0.541093 0.699235
vn 0.458379 -0.565044 0.686013
vn 0.564756 -0.541093 0.623112
vn 0.554077 -0.565044 0.611330
vn 0.650073 -0.541093 0.533501
vn 0.637780 -0.565044 0.523413
vn 0.721318 -0.541093 0.432341
vn 0.707678 -0.565044 0.424166
vn 0.776948 -0.541093 0.321822
vn 0.762257 -0.565044 0.315737
vn 0.815760 -0.541093 0.204337
vn 0.800334 -0.565044 0.200473
vn 0.836913 -0.541093 0.082429
vn 0.821088 -0.565044 0.080870
vn 0.839950 -0.541093 -0.041264
vn 0.824067 -0.565044 -0.040484
vn 0.824804 -0.541093 -0.164064
vn 0.809207 -0.565044 -0.160961
vn 0.791803 -0.541093 -0.283312
vn 0.776831 -0.565044 -0.277955
vn 0.741663 -0.541093 -0.396427
vn 0.727638 -0.565044 -0.388931
vn 0.675467 -0.541093 -0.500961
vn 0.662695 -0.565044 -0.491488
vn 0.594650 -0.541093 -0.594650
vn 0.583406 -0.565044 -0.583406
vn 0.544066 -0.541093 -0.641257
vn 0.533778 -0.565044 -0.629131
vn 0.489842 -0.541093 -0.683574
vn 0.480579 -0.565044 -0.670648
vn 0.432341 -0.541093 -0.721318
vn 0.424166 -0.565044 -0.707678
vn 0.371948 -0.541093 -0.754236
vn 0.364915 -0.565044 -0.739974
vn 0.309067 -0.541093 -0.782110
vn 0.303223 -0.565044 -0.767320
vn 0.244119 -0.541093 -0.804751
vn 0.239502 -0.565044 -0.789534
vn 0.109768 -0.541093 -0.833768
vn 0.107692 -0.565044 -0.818002
vn -0.027516 -0.541093 -0.840512
vn -0.026995 -0.565044 -0.824619
vn -0.164064 -0.541093 -0.824804
vn -0.160961 -0.565044 -0.809207
vn -0.296229 -0.541093 -0.787062
vn -0.290628 -0.565044 -0.772179
vn -0.359558 -0.541093 -0.760221
vn -0.352759 -0.565044 -0.745846
vn -0.420481 -0.541093 -0.728295
vn -0.412530 -0.565044 -0.714523
vn -0.478592 -0.541093 -0.691497
vn -0.469542 -0.565044 -0.678421
vn -0.533501 -0.541093 -0.650073
vn -0.523413 -0.565044 -0.637780
vn -0.584841 -0.541093 -0.604300
vn -0.573782 -0.565044 -0.592873
vn -0.632269 -0.541093 -0.554485
vn -0.620313 -0.565044 -0.544000
vn -0.675467 -0.541093 -0.500961
vn -0.662695 -0.565044 -0.491488
vn -0.714147 -0.541093 -0.444085
vn -0.700643 -0.565044 -0.435688
vn -0.748050 -0.541093 -0.384239
vn -0.733905 -0.565044 -0.376973
vn -0.776948 -0.541093 -0.321822
vn -0.762257 -0.565044 -0.315737
vn -0.818994 -0.541093 -0.190963
vn -0.803507 -0.565044 -0.187352
vn -0.839162 -0.541093 -0.055002
vn -0.823294 -0.565044 -0.053962
vn -0.836913 -0.541093 0.082429
vn -0.821088 -0.565044 0.080870
vn -0.812307 -0.541093 0.217657
vn -0.796947 -0.565044 0.213541
vn -0.766002 -0.541093 0.347071
vn -0.751518 -0.565044 0.340508
vn -0.735077 -0.541093 0.408509
vn -0.721177 -0.565044 0.400784
vn -0.699235 -0.541093 0.467214
vn -0.686013 -0.565044 0.458379
vn -0.658715 -0.541093 0.522793
vn -0.646259 -0.565044 0.512908
vn -0.613788 -0.541093 0.574876
vn -0.602182 -0.565044 0.564005
vn -0.564756 -0.541093 0.623112
vn -0.554077 -0.565044 0.611330
vn -0.511946 -0.541093 0.667180
vn 0.000000 -0.575276 0.817959
vn 0.118172 -0.592771 0.796654
vn 0.233787 -0.592771 0.770692
vn 0.344340 -0.592771 0.728047
vn 0.447440 -0.592771 0.669642
vn 0.540854 -0.592771 0.596741
vn 0.622560 -0.592771 0.510922
vn 0.690790 -0.592771 0.414043
vn 0.744066 -0.592771 0.308202
vn 0.781235 -0.592771 0.195689
vn 0.801493 -0.592771 0.078940
vn 0.804401 -0.592771 -0.039518
vn 0.789896 -0.592771 -0.157120
vn 0.758292 -0.592771 -0.271321
vn 0.710274 -0.592771 -0.379649
vn 0.646880 -0.592771 -0.479759
vn 0.569483 -0.592771 -0.569483
vn 0.521040 -0.592771 -0.614117
vn 0.469111 -0.592771 -0.654643
vn 0.414043 -0.592771 -0.690790
vn 0.356206 -0.592771 -0.722315
vn 0.295987 -0.592771 -0.749009
vn 0.233787 -0.592771 -0.770692
vn 0.105122 -0.592771 -0.798481
vn -0.026351 -0.592771 -0.804940
vn -0.157120 -0.592771 -0.789896
vn -0.283692 -0.592771 -0.753751
vn -0.344340 -0.592771 -0.728047
vn -0.402685 -0.592771 -0.697472
vn -0.458337 -0.592771 -0.662231
vn -0.510922 -0.592771 -0.622560
vn -0.560089 -0.592771 -0.578725
vn -0.605510 -0.592771 -0.531018
vn -0.646880 -0.592771 -0.479759
vn -0.683923 -0.592771 -0.425291
vn -0.716390 -0.592771 -0.367977
vn -0.744066 -0.592771 -0.308202
vn -0.784332 -0.592771 -0.182881
vn -0.803647 -0.592771 -0.052674
vn -0.801493 -0.592771 0.078940
vn -0.777929 -0.592771 0.208445
vn -0.733583 -0.592771 0.332382
vn -0.703967 -0.592771 0.391220
vn -0.669642 -0.592771 0.447440
vn -0.630836 -0.592771 0.500667
vn -0.587811 -0.592771 0.550545
vn 0.000000 -0.618322 0.785925
vn 0.114368 -0.626477 0.771003
vn 0.226259 -0.626477 0.745877
vn 0.333253 -0.626477 0.704605
vn 0.433033 -0.626477 0.648080
vn 0.523440 -0.626477 0.577527
vn 0.602515 -0.626477 0.494471
vn 0.668548 -0.626477 0.400712
vn 0.720108 -0.626477 0.298279
vn 0.756081 -0.626477 0.189388
vn 0.775686 -0.626477 0.076398
vn 0.778501 -0.626477 -0.038245
vn 0.764463 -0.626477 -0.152061
vn 0.733877 -0.626477 -0.262585
vn 0.687404 -0.626477 -0.367425
vn 0.626052 -0.626477 -0.464312
vn 0.551147 -0.626477 -0.551147
vn 0.504263 -0.626477 -0.594344
vn 0.454006 -0.626477 -0.633565
vn 0.400712 -0.626477 -0.668548
vn 0.344737 -0.626477 -0.699058
vn 0.286456 -0.626477 -0.724892
vn 0.226259 -0.626477 -0.745877
vn 0.101737 -0.626477 -0.772771
vn -0.025503 -0.626477 -0.779022
vn -0.152061 -0.626477 -0.764463
vn -0.274558 -0.626477 -0.729482
vn -0.333253 -0.626477 -0.704605
vn -0.389720 -0.626477 -0.675015
vn -0.443579 -0.626477 -0.640908
vn -0.494471 -0.626477 -0.602515
vn -0.542056 -0.626477 -0.560091
vn -0.586014 -0.626477 -0.513920
vn -0.626052 -0.626477 -0.464312
vn -0.661902 -0.626477 -0.411597
vn -0.693324 -0.626477 -0.356129
vn -0.720108 -0.626477 -0.298279
vn -0.759078 -0.626477 -0.176992
vn -0.777771 -0.626477 -0.050978
vn -0.775686 -0.626477 0.076398
vn -0.752881 -0.626477 0.201734
vn -0.709963 -0.626477 0.321680
vn -0.681301 -0.626477 0.378623
vn -0.648080 -0.626477 0.433033
vn -0.610525 -0.626477 0.484547
vn 0.000000 -0.677912 0.735143
vn 0.106658 -0.686745 0.719031
vn 0.211007 -0.686745 0.695598
vn 0.310789 -0.686745 0.657108
vn 0.403843 -0.686745 0.604394
vn 0.488155 -0.686745 0.538596
vn 0.561900 -0.686745 0.461139
vn 0.623482 -0.686745 0.373700
vn 0.671567 -0.686745 0.278172
vn 0.705114 -0.686745 0.176622
vn 0.723398 -0.686745 0.071249
vn 0.726023 -0.686745 -0.035667
vn 0.712931 -0.686745 -0.141811
vn 0.684407 -0.686745 -0.244885
vn 0.641067 -0.686745 -0.342658
vn 0.583850 -0.686745 -0.433013
vn 0.513995 -0.686745 -0.513995
vn 0.470271 -0.686745 -0.554280
vn 0.423402 -0.686745 -0.590857
vn 0.373700 -0.686745 -0.623482
vn 0.321499 -0.686745 -0.651935
vn 0.267147 -0.686745 -0.676028
vn 0.211007 -0.686745 -0.695598
vn 0.094879 -0.686745 -0.720680
vn -0.023783 -0.686745 -0.726509
vn -0.141811 -0.686745 -0.712931
vn -0.256050 -0.686745 -0.680309
vn -0.310789 -0.686745 -0.657108
vn -0.363449 -0.686745 -0.629512
vn -0.413678 -0.686745 -0.597705
vn -0.461139 -0.686745 -0.561900
vn -0.505516 -0.686745 -0.522336
vn -0.546511 -0.686745 -0.479277
vn -0.583850 -0.686745 -0.433013
vn -0.617284 -0.686745 -0.383852
vn -0.646588 -0.686745 -0.332123
vn -0.671567 -0.686745 -0.278172
vn -0.707910 -0.686745 -0.165061
vn -0.725342 -0.686745 -0.047541
vn -0.723398 -0.686745 0.071249
vn -0.702130 -0.686745 0.188135
vn -0.662105 -0.686745 0.299996
vn -0.635375 -0.686745 0.353101
vn -0.604394 -0.686745 0.403843
vn 0.000000 -0.767784 0.640709
vn 0.092393 -0.776858 0.622860
vn 0.182785 -0.776858 0.602562
vn 0.269221 -0.776858 0.569220
vn 0.349829 -0.776858 0.523556
vn 0.422864 -0.776858 0.466559
vn 0.486746 -0.776858 0.399462
vn 0.540090 -0.776858 0.323718
vn 0.581744 -0.776858 0.240966
vn 0.610805 -0.776858 0.152999
vn 0.626643 -0.776858 0.061719
vn 0.628917 -0.776858 -0.030897
vn 0.617576 -0.776858 -0.122844
vn 0.592867 -0.776858 -0.212131
vn 0.555324 -0.776858 -0.296827
vn 0.505760 -0.776858 -0.375097
vn 0.445248 -0.776858 -0.445248
vn 0.407372 -0.776858 -0.480144
vn 0.366772 -0.776858 -0.511829
vn 0.323718 -0.776858 -0.540090
vn 0.278498 -0.776858 -0.564739
vn 0.231416 -0.776858 -0.585609
vn 0.182785 -0.776858 -0.602562
vn 0.082189 -0.776858 -0.624288
vn -0.020602 -0.776858 -0.629338
vn -0.122844 -0.776858 -0.617576
vn -0.221803 -0.776858 -0.589317
vn -0.269221 -0.776858 -0.569220
vn -0.314838 -0.776858 -0.545315
vn -0.358348 -0.776858 -0.517762
vn -0.399462 -0.776858 -0.486746
vn -0.437903 -0.776858 -0.452473
vn -0.473415 -0.776858 -0.415174
vn -0.505760 -0.776858 -0.375097
vn -0.534722 -0.776858 -0.332511
vn -0.560106 -0.776858 -0.287701
vn -0.581744 -0.776858 -0.240966
vn -0.613226 -0.776858 -0.142984
vn -0.628327 -0.776858 -0.041183
vn -0.626643 -0.776858 0.061719
vn -0.608220 -0.776858 0.162972
vn -0.573548 -0.776858 0.259871
vn -0.550393 -0.776858 0.305873
vn 0.000000 -0.903823 0.427907
vn 0.060837 -0.909997 0.410126
vn 0.120356 -0.909997 0.396761
vn 0.177270 -0.909997 0.374807
vn 0.230347 -0.909997 0.344739
vn 0.278438 -0.909997 0.307209
vn 0.320501 -0.909997 0.263028
vn 0.355626 -0.909997 0.213154
vn 0.383053 -0.909997 0.158666
vn 0.402189 -0.909997 0.100743
vn 0.412618 -0.909997 0.040639
vn 0.414115 -0.909997 -0.020344
vn 0.406647 -0.909997 -0.080887
vn 0.390377 -0.909997 -0.139679
vn 0.365657 -0.909997 -0.195448
vn 0.333021 -0.909997 -0.246985
vn 0.293176 -0.909997 -0.293176
vn 0.268237 -0.909997 -0.316154
vn 0.241503 -0.909997 -0.337018
vn 0.213154 -0.909997 -0.355626
vn 0.183379 -0.909997 -0.371856
vn 0.152377 -0.909997 -0.385598
vn 0.120356 -0.909997 -0.396761
vn 0.054118 -0.909997 -0.411067
vn -0.013566 -0.909997 -0.414392
vn -0.080887 -0.909997 -0.406647
vn -0.146048 -0.909997 -0.388040
vn -0.177270 -0.909997 -0.374807
vn -0.207307 -0.909997 -0.359066
vn -0.235957 -0.909997 -0.340924
vn -0.263028 -0.909997 -0.320501
vn -0.288340 -0.909997 -0.297934
vn -0.311723 -0.909997 -0.273374
vn -0.333021 -0.909997 -0.246985
vn -0.352091 -0.909997 -0.218944
vn -0.368806 -0.909997 -0.189439
vn -0.383053 -0.909997 -0.158666
vn -0.403783 -0.909997 -0.094149
vn -0.413726 -0.909997 -0.027117
vn -0.412618 -0.909997 0.040639
vn -0.400486 -0.909997 0.107310
vn -0.377657 -0.909997 0.171114
vn 0.000000 -0.975522 0.219901
vn 0.030737 -0.977814 0.207210
vn 0.060808 -0.977814 0.200457
vn 0.089563 -0.977814 0.189365
vn 0.116379 -0.977814 0.174174
vn 0.140676 -0.977814 0.155212
vn 0.161928 -0.977814 0.132891
vn 0.179674 -0.977814 0.107693
vn 0.193531 -0.977814 0.080163
vn 0.203199 -0.977814 0.050899
vn 0.208468 -0.977814 0.020532
vn 0.209224 -0.977814 -0.010279
vn 0.205452 -0.977814 -0.040867
vn 0.197232 -0.977814 -0.070571
vn 0.184742 -0.977814 -0.098747
vn 0.168253 -0.977814 -0.124785
vn 0.148122 -0.977814 -0.148122
vn 0.135522 -0.977814 -0.159732
vn 0.122016 -0.977814 -0.170273
vn 0.107693 -0.977814 -0.179674
vn 0.092649 -0.977814 -0.187874
vn 0.076986 -0.977814 -0.194817
vn 0.060808 -0.977814 -0.200457
vn 0.027342 -0.977814 -0.207685
vn -0.006854 -0.977814 -0.209365
vn -0.040867 -0.977814 -0.205452
vn -0.073788 -0.977814 -0.196051
vn -0.089563 -0.977814 -0.189365
vn -0.104738 -0.977814 -0.181412
vn -0.119213 -0.977814 -0.172246
vn -0.132891 -0.977814 -0.161928
vn -0.145679 -0.977814 -0.150526
vn -0.157493 -0.977814 -0.138118
vn -0.168253 -0.977814 -0.124785
vn -0.177888 -0.977814 -0.110618
vn -0.186333 -0.977814 -0.095711
vn -0.193531 -0.977814 -0.080163
vn -0.204005 -0.977814 -0.047567
vn -0.209028 -0.977814 -0.013700
vn -0.208468 -0.977814 0.020532
vn -0.202339 -0.977814 0.054217
vn 0.000000 -0.997026 0.077067
vn 0.010388 -0.997491 0.070033
vn 0.020552 -0.997491 0.067751
vn 0.030271 -0.997491 0.064002
vn 0.039334 -0.997491 0.058867
vn 0.047546 -0.997491 0.052459
vn 0.054729 -0.997491 0.044915
vn 0.060727 -0.997491 0.036398
vn 0.065410 -0.997491 0.027094
vn 0.068678 -0.997491 0.017203
vn 0.070458 -0.997491 0.006940
vn 0.070714 -0.997491 -0.003474
vn 0.069439 -0.997491 -0.013812
vn 0.066661 -0.997491 -0.023852
vn 0.062439 -0.997491 -0.033375
vn 0.056867 -0.997491 -0.042175
vn 0.050063 -0.997491 -0.050063
vn 0.045804 -0.997491 -0.053986
vn 0.041239 -0.997491 -0.057549
vn 0.036398 -0.997491 -0.060727
vn 0.031314 -0.997491 -0.063498
vn 0.026020 -0.997491 -0.065845
vn 0.020552 -0.997491 -0.067751
vn 0.009241 -0.997491 -0.070194
vn -0.002316 -0.997491 -0.070761
vn -0.013812 -0.997491 -0.069439
vn -0.024939 -0.997491 -0.066262
vn -0.030271 -0.997491 -0.064002
vn -0.035400 -0.997491 -0.061314
vn -0.040292 -0.997491 -0.058216
vn -0.044915 -0.997491 -0.054729
vn -0.049237 -0.997491 -0.050875
vn -0.053230 -0.997491 -0.046681
vn -0.056867 -0.997491 -0.042175
vn -0.060123 -0.997491 -0.037387
vn -0.062977 -0.997491 -0.032348
vn -0.065410 -0.997491 -0.027094
vn -0.068950 -0.997491 -0.016077
vn -0.070648 -0.997491 -0.004630
vn -0.070458 -0.997491 0.006940
vn 0.000000 -0.995909 -0.090363
vn -0.034123 -0.977814 0.206679
vn -0.011533 -0.997491 0.069854
vn 0.014720 -0.995909 -0.089156
vn -0.067539 -0.909997 0.409076
vn -0.102571 -0.776858 0.621265
vn -0.118408 -0.686745 0.717189
vn -0.126967 -0.626477 0.769029
vn -0.131191 -0.592771 0.794614
vn -0.134399 -0.565044 0.814040
vn -0.136989 -0.541093 0.829730
vn -0.139199 -0.519399 0.843118
vn -0.270319 -0.541093 0.796333
vn -0.274680 -0.519399 0.809182
vn -0.334492 -0.541093 0.771579
vn -0.141178 -0.498864 0.855104
vn -0.154193 -0.322482 0.933932
vn -0.156008 -0.287715 0.944924
vn -0.157695 -0.250665 0.955144
vn -0.159195 -0.211941 0.964229
vn -0.162127 -0.172503 0.971575
vn -0.314137 -0.211941 0.925418
vn -0.319832 -0.172503 0.931638
vn -0.388713 -0.211941 0.896651
vn -0.468812 -0.172503 0.866290
vn -0.460688 -0.211941 0.861886
vn -0.529581 -0.211941 0.821356
vn -0.524591 -0.250665 0.813616
vn -0.589326 -0.250665 0.768025
vn -0.583021 -0.287715 0.759807
vn -0.643163 -0.287715 0.709621
vn -0.635681 -0.322482 0.701366
vn -0.690871 -0.322482 0.647072
vn -0.605005 -0.172503 0.777310
vn -0.594932 -0.211941 0.775330
vn -0.650119 -0.250665 0.717296
vn -0.699003 -0.287715 0.654687
vn -0.741440 -0.322482 0.588449
vn -0.656303 -0.211941 0.724119
vn -0.724695 -0.172503 0.667128
vn -0.713283 -0.211941 0.668063
vn -0.765492 -0.211941 0.607538
vn -0.758280 -0.250665 0.601813
vn -0.804924 -0.250665 0.537833
vn -0.796312 -0.287715 0.532079
vn -0.837130 -0.287715 0.465223
vn -0.827392 -0.322482 0.459812
vn -0.862201 -0.322482 0.390658
vn -0.824616 -0.172503 0.538749
vn -0.812581 -0.211941 0.542949
vn -0.846184 -0.250665 0.470255
vn -0.872349 -0.287715 0.395256
vn -0.914322 -0.322482 0.244992
vn -0.854233 -0.211941 0.474728
vn -0.902045 -0.172503 0.395674
vn -0.890171 -0.211941 0.403331
vn -0.943982 -0.211941 0.252939
vn -0.935088 -0.250665 0.250556
vn -0.963412 -0.250665 0.094888
vn -0.953104 -0.287715 0.093873
vn -0.955666 -0.287715 -0.062638
vn -0.944549 -0.322482 -0.061909
vn -0.921848 -0.322482 -0.214945
vn -0.954868 -0.172503 0.241805
vn -0.972577 -0.211941 0.095790
vn -0.966001 -0.250665 -0.063315
vn -0.932698 -0.287715 -0.217475
vn -0.874522 -0.322482 -0.362239
vn -0.981645 -0.172503 0.081341
vn -0.975190 -0.211941 -0.063917
vn -0.942785 -0.250665 -0.219827
vn -0.884814 -0.287715 -0.366502
vn -0.841994 -0.322482 -0.432494
vn -0.981645 -0.172503 -0.081341
vn -0.951753 -0.211941 -0.221918
vn -0.894384 -0.250665 -0.370466
vn -0.851904 -0.287715 -0.437584
vn -0.803834 -0.322482 -0.499856
vn -0.954868 -0.172503 -0.241805
vn -0.902891 -0.211941 -0.373990
vn -0.861117 -0.250665 -0.442317
vn -0.813295 -0.287715 -0.505739
vn -0.760297 -0.322482 -0.563874
vn -0.902045 -0.172503 -0.395674
vn -0.869309 -0.211941 -0.446524
vn -0.822091 -0.250665 -0.511209
vn -0.769245 -0.287715 -0.570511
vn -0.711673 -0.322482 -0.624121
vn -0.824616 -0.172503 -0.538749
vn -0.829910 -0.211941 -0.516071
vn -0.777564 -0.250665 -0.576681
vn -0.720049 -0.287715 -0.631466
vn -0.658289 -0.322482 -0.680192
vn -0.784961 -0.211941 -0.582167
vn -0.724695 -0.172503 -0.667128
vn -0.734760 -0.211941 -0.644367
vn -0.679644 -0.211941 -0.702257
vn -0.673240 -0.250665 -0.695640
vn -0.614140 -0.250665 -0.748331
vn -0.607569 -0.287715 -0.740325
vn -0.545036 -0.287715 -0.787500
vn -0.538696 -0.322482 -0.778339
vn -0.473288 -0.322482 -0.819758
vn -0.605005 -0.172503 -0.777310
vn -0.619981 -0.211941 -0.755450
vn -0.550931 -0.250665 -0.796016
vn -0.478858 -0.287715 -0.829406
vn -0.404713 -0.322482 -0.855694
vn -0.556172 -0.211941 -0.803588
vn -0.468812 -0.172503 -0.866290
vn -0.488641 -0.211941 -0.846352
vn -0.417842 -0.211941 -0.883453
vn -0.413905 -0.250665 -0.875129
vn -0.341004 -0.250665 -0.906026
vn -0.337356 -0.287715 -0.896332
vn -0.186841 -0.287715 -0.939314
vn -0.184668 -0.322482 -0.928387
vn -0.030971 -0.322482 -0.946069
vn -0.319832 -0.172503 -0.931638
vn -0.344248 -0.211941 -0.914645
vn -0.188862 -0.250665 -0.949473
vn -0.031336 -0.287715 -0.957203
vn 0.123553 -0.322482 -0.938477
vn -0.190658 -0.211941 -0.958504
vn -0.162127 -0.172503 -0.971575
vn -0.031976 -0.211941 -0.976759
vn 0.000000 -0.172503 -0.985009
vn 0.127561 -0.211941 -0.968922
vn 0.162127 -0.172503 -0.971575
vn 0.283690 -0.211941 -0.935201
vn 0.319832 -0.172503 -0.931638
vn 0.359167 -0.211941 -0.908890
vn 0.468812 -0.172503 -0.866290
vn 0.432241 -0.211941 -0.876498
vn 0.502424 -0.211941 -0.838243
vn 0.497690 -0.250665 -0.830345
vn 0.563882 -0.250665 -0.786896
vn 0.557848 -0.287715 -0.778476
vn 0.619600 -0.287715 -0.730285
vn 0.612393 -0.322482 -0.721790
vn 0.669330 -0.322482 -0.669330
vn 0.605005 -0.172503 -0.777310
vn 0.569245 -0.211941 -0.794381
vn 0.626301 -0.250665 -0.738183
vn 0.677208 -0.287715 -0.677208
vn 0.760297 -0.322482 -0.563874
vn 0.632259 -0.211941 -0.745205
vn 0.724695 -0.172503 -0.667128
vn 0.691043 -0.211941 -0.691043
vn 0.784961 -0.211941 -0.582167
vn 0.777564 -0.250665 -0.576681
vn 0.853765 -0.250665 -0.456347
vn 0.844630 -0.287715 -0.451464
vn 0.901732 -0.287715 -0.322645
vn 0.891243 -0.322482 -0.318892
vn 0.928387 -0.322482 -0.184668
vn 0.824616 -0.172503 -0.538749
vn 0.861886 -0.211941 -0.460688
vn 0.911484 -0.250665 -0.326134
vn 0.939314 -0.287715 -0.186841
vn 0.945435 -0.322482 -0.046446
vn 0.902045 -0.172503 -0.395674
vn 0.920155 -0.211941 -0.329237
vn 0.949473 -0.250665 -0.188862
vn 0.956562 -0.287715 -0.046993
vn 0.942017 -0.322482 0.092781
vn 0.954868 -0.172503 -0.241805
vn 0.958504 -0.211941 -0.190658
vn 0.966908 -0.250665 -0.047501
vn 0.953104 -0.287715 0.093873
vn 0.918208 -0.322482 0.229999
vn 0.981645 -0.172503 -0.081341
vn 0.976105 -0.211941 -0.047953
vn 0.963412 -0.250665 0.094888
vn 0.929015 -0.287715 0.232706
vn 0.874522 -0.322482 0.362239
vn 0.981645 -0.172503 0.081341
vn 0.972577 -0.211941 0.095790
vn 0.939062 -0.250665 0.235223
vn 0.884814 -0.287715 0.366502
vn 0.811905 -0.322482 0.486637
vn 0.954868 -0.172503 0.241805
vn 0.947995 -0.211941 0.237460
vn 0.894384 -0.250665 0.370466
vn 0.821460 -0.287715 0.492364
vn 0.731713 -0.322482 0.600501
vn 0.902891 -0.211941 0.373990
vn 0.902045 -0.172503 0.395674
vn 0.838243 -0.211941 0.502424
vn 0.824616 -0.172503 0.538749
vn 0.755450 -0.211941 0.619981
vn 0.724695 -0.172503 0.667128
vn 0.656303 -0.211941 0.724119
vn 0.605005 -0.172503 0.777310
vn 0.542949 -0.211941 0.812581
vn 0.468812 -0.172503 0.866290
vn 0.417842 -0.211941 0.883453
vn 0.319832 -0.172503 0.931638
vn 0.283690 -0.211941 0.935201
vn -0.013259 -0.995909 -0.089385
vn -0.026231 -0.995909 -0.086472
vn -0.038635 -0.995909 -0.081687
vn -0.050203 -0.995909 -0.075134
vn -0.060684 -0.995909 -0.066954
vn -0.069851 -0.995909 -0.057325
vn -0.077507 -0.995909 -0.046456
vn -0.083484 -0.995909 -0.034580
vn -0.087655 -0.995909 -0.021956
vn -0.089928 -0.995909 -0.008857
vn -0.090254 -0.995909 0.004434
vn -0.088626 -0.995909 0.017629
vn -0.085080 -0.995909 0.030442
vn -0.072580 -0.995909 0.053829
vn -0.063896 -0.995909 0.063896
vn -0.058461 -0.995909 0.068904
vn -0.052634 -0.995909 0.073451
vn -0.046456 -0.995909 0.077507
vn -0.039966 -0.995909 0.081044
vn -0.033210 -0.995909 0.084039
vn -0.026231 -0.995909 0.086472
vn -0.011795 -0.995909 0.089590
vn 0.002957 -0.995909 0.090314
vn 0.017629 -0.995909 0.088626
vn 0.031830 -0.995909 0.084571
vn 0.038635 -0.995909 0.081687
vn 0.045181 -0.995909 0.078256
vn 0.051425 -0.995909 0.074302
vn 0.057325 -0.995909 0.069851
vn 0.062842 -0.995909 0.064933
vn 0.067938 -0.995909 0.059580
vn 0.072580 -0.995909 0.053829
vn 0.080379 -0.995909 0.041287
vn 0.083484 -0.995909 0.034580
vn 0.088002 -0.995909 0.020519
vn 0.090169 -0.995909 0.005910
vn 0.089928 -0.995909 -0.008857
vn 0.082308 -0.995909 -0.037293
vn -0.061885 -0.997491 0.034392
vn 0.078985 -0.995909 -0.043895
vn -0.058867 -0.997491 0.039334
vn 0.075134 -0.995909 -0.050203
vn -0.055456 -0.997491 0.044013
vn 0.070780 -0.995909 -0.056175
vn -0.051674 -0.997491 0.048398
vn 0.065952 -0.995909 -0.061771
vn -0.047546 -0.997491 0.052459
vn 0.060684 -0.995909 -0.066954
vn -0.043100 -0.997491 0.056169
vn 0.055009 -0.995909 -0.071690
vn -0.038366 -0.997491 0.059503
vn 0.048967 -0.995909 -0.075945
vn -0.033375 -0.997491 0.062439
vn 0.042597 -0.995909 -0.079693
vn -0.028160 -0.997491 0.064958
vn 0.035942 -0.995909 -0.082907
vn -0.022758 -0.997491 0.067042
vn 0.029046 -0.995909 -0.085567
vn -0.078256 -0.995909 0.045181
vn 0.078256 -0.995909 0.045181
vn 0.248057 -0.519399 0.817736
vn 0.365359 -0.519399 0.772487
vn 0.474752 -0.519399 0.710517
vn 0.573868 -0.519399 0.633166
vn 0.660562 -0.519399 0.542109
vn 0.732956 -0.519399 0.439317
vn 0.789484 -0.519399 0.327015
vn 0.828922 -0.519399 0.207634
vn 0.850417 -0.519399 0.083759
vn 0.853502 -0.519399 -0.041930
vn 0.838112 -0.519399 -0.166711
vn 0.804579 -0.519399 -0.287883
vn 0.753630 -0.519399 -0.402823
vn 0.686366 -0.519399 -0.509044
vn 0.604245 -0.519399 -0.604245
vn 0.552844 -0.519399 -0.651604
vn 0.497746 -0.519399 -0.694603
vn 0.439317 -0.519399 -0.732956
vn 0.377950 -0.519399 -0.766406
vn 0.314054 -0.519399 -0.794729
vn 0.248057 -0.519399 -0.817736
vn 0.111539 -0.519399 -0.847221
vn -0.027959 -0.519399 -0.854074
vn -0.166711 -0.519399 -0.838112
vn -0.301009 -0.519399 -0.799761
vn -0.365359 -0.519399 -0.772487
vn -0.427266 -0.519399 -0.740046
vn -0.486314 -0.519399 -0.702654
vn -0.542109 -0.519399 -0.660562
vn -0.594278 -0.519399 -0.614051
vn -0.642471 -0.519399 -0.563432
vn -0.686366 -0.519399 -0.509044
vn -0.725670 -0.519399 -0.451251
vn -0.760120 -0.519399 -0.390439
vn -0.789484 -0.519399 -0.327015
vn -0.832209 -0.519399 -0.194044
vn -0.852702 -0.519399 -0.055889
vn -0.850417 -0.519399 0.083759
vn -0.825414 -0.519399 0.221169
vn -0.778362 -0.519399 0.352671
vn -0.746938 -0.519399 0.415100
vn -0.710517 -0.519399 0.474752
vn -0.669343 -0.519399 0.531229
vn -0.623692 -0.519399 0.584151
vn -0.573868 -0.519399 0.633166
vn -0.520206 -0.519399 0.677946
vn -0.463063 -0.519399 0.718190
vn 0.251584 -0.498864 0.829361
vn 0.370554 -0.498864 0.783470
vn 0.481502 -0.498864 0.720618
vn 0.582027 -0.498864 0.642168
vn 0.669953 -0.498864 0.549816
vn 0.743376 -0.498864 0.445563
vn 0.800708 -0.498864 0.331664
vn 0.840707 -0.498864 0.210586
vn 0.862507 -0.498864 0.084950
vn 0.865636 -0.498864 -0.042526
vn 0.850027 -0.498864 -0.169081
vn 0.816018 -0.498864 -0.291976
vn 0.764344 -0.498864 -0.408550
vn 0.696124 -0.498864 -0.516281
vn 0.612835 -0.498864 -0.612835
vn 0.560704 -0.498864 -0.660867
vn 0.504822 -0.498864 -0.704478
vn 0.445563 -0.498864 -0.743376
vn 0.383323 -0.498864 -0.777302
vn 0.318519 -0.498864 -0.806027
vn 0.251584 -0.498864 -0.829361
vn 0.113124 -0.498864 -0.859266
vn -0.028357 -0.498864 -0.866216
vn -0.169081 -0.498864 -0.850027
vn -0.305288 -0.498864 -0.811131
vn -0.370554 -0.498864 -0.783470
vn -0.433340 -0.498864 -0.750567
vn -0.493228 -0.498864 -0.712644
vn -0.549816 -0.498864 -0.669953
vn -0.602726 -0.498864 -0.622780
vn -0.651605 -0.498864 -0.571442
vn -0.696124 -0.498864 -0.516281
vn -0.735987 -0.498864 -0.457666
vn -0.770926 -0.498864 -0.395990
vn -0.800708 -0.498864 -0.331664
vn -0.844040 -0.498864 -0.196802
vn -0.864825 -0.498864 -0.056684
vn -0.862507 -0.498864 0.084950
vn -0.837149 -0.498864 0.224313
vn -0.789428 -0.498864 0.357685
vn -0.757557 -0.498864 0.421001
vn -0.720618 -0.498864 0.481502
vn -0.678859 -0.498864 0.538781
vn -0.632559 -0.498864 0.592456
vn -0.582027 -0.498864 0.642168
vn -0.527601 -0.498864 0.687584
vn -0.469647 -0.498864 0.728400
vn -0.408550 -0.498864 0.764344
vn 0.254869 -0.478666 0.840191
vn 0.375392 -0.478666 0.793700
vn 0.487789 -0.478666 0.730028
vn 0.589627 -0.478666 0.650553
vn 0.678701 -0.478666 0.556995
vn 0.753083 -0.478666 0.451381
vn 0.811163 -0.478666 0.335995
vn 0.851684 -0.478666 0.213336
vn 0.873769 -0.478666 0.086059
vn 0.876939 -0.478666 -0.043081
vn 0.861126 -0.478666 -0.171289
vn 0.826673 -0.478666 -0.295788
vn 0.774324 -0.478666 -0.413885
vn 0.705214 -0.478666 -0.523022
vn 0.620838 -0.478666 -0.620838
vn 0.568025 -0.478666 -0.669497
vn 0.511414 -0.478666 -0.713677
vn 0.451381 -0.478666 -0.753083
vn 0.388328 -0.478666 -0.787451
vn 0.322678 -0.478666 -0.816552
vn 0.254869 -0.478666 -0.840191
vn 0.114602 -0.478666 -0.870486
vn -0.028727 -0.478666 -0.877527
vn -0.171289 -0.478666 -0.861126
vn -0.309274 -0.478666 -0.821723
vn -0.375392 -0.478666 -0.793700
vn -0.438998 -0.478666 -0.760368
vn -0.499668 -0.478666 -0.721949
vn -0.556995 -0.478666 -0.678701
vn -0.610596 -0.478666 -0.630912
vn -0.660113 -0.478666 -0.578904
vn -0.705214 -0.478666 -0.523022
vn -0.745597 -0.478666 -0.463642
vn -0.780992 -0.478666 -0.401160
vn -0.811163 -0.478666 -0.335995
vn -0.855061 -0.478666 -0.199372
vn -0.876117 -0.478666 -0.057424
vn -0.873769 -0.478666 0.086059
vn -0.848080 -0.478666 0.227242
vn -0.799736 -0.478666 0.362355
vn -0.767449 -0.478666 0.426499
vn -0.730028 -0.478666 0.487789
vn -0.687723 -0.478666 0.545816
vn -0.640818 -0.478666 0.600192
vn -0.589627 -0.478666 0.650553
vn -0.534491 -0.478666 0.696562
vn -0.475779 -0.478666 0.737911
vn -0.413885 -0.478666 0.774324
vn -0.349222 -0.478666 0.805557
vn 0.274776 -0.322482 0.905816
vn 0.404713 -0.322482 0.855694
vn 0.525889 -0.322482 0.787049
vn 0.635681 -0.322482 0.701366
vn 0.278010 -0.287715 0.916477
vn 0.409476 -0.287715 0.865765
vn 0.532079 -0.287715 0.796312
vn 0.643163 -0.287715 0.709621
vn 0.740325 -0.287715 0.607569
vn 0.281017 -0.250665 0.926389
vn 0.413905 -0.250665 0.875129
vn 0.537833 -0.250665 0.804924
vn 0.650119 -0.250665 0.717296
vn 0.748331 -0.250665 0.614140
vn 0.830345 -0.250665 0.497690
vn -0.311177 -0.250665 0.916698
vn -0.385050 -0.250665 0.888203
vn -0.456347 -0.250665 0.853765
vn -0.307848 -0.287715 0.906890
vn -0.380930 -0.287715 0.878699
vn -0.451464 -0.287715 0.844630
vn -0.518978 -0.287715 0.804911
vn -0.304267 -0.322482 0.896341
vn -0.376499 -0.322482 0.868478
vn -0.446213 -0.322482 0.834805
vn -0.512941 -0.322482 0.795548
vn -0.576239 -0.322482 0.750969
vn -0.265207 -0.565044 0.781275
vn -0.328167 -0.565044 0.756988
vn -0.388931 -0.565044 0.727638
vn -0.258878 -0.592771 0.762630
vn -0.320335 -0.592771 0.738923
vn -0.379649 -0.592771 0.710274
vn -0.436424 -0.592771 0.676873
vn -0.250543 -0.626477 0.738075
vn -0.310021 -0.626477 0.715132
vn -0.367425 -0.626477 0.687404
vn -0.422372 -0.626477 0.655079
vn -0.474493 -0.626477 0.618371
vn -0.233654 -0.686745 0.688322
vn -0.289123 -0.686745 0.666925
vn -0.342658 -0.686745 0.641067
vn -0.393900 -0.686745 0.610921
vn -0.442508 -0.686745 0.576687
vn -0.488155 -0.686745 0.538596
vn -0.202402 -0.776858 0.596258
vn -0.250452 -0.776858 0.577724
vn -0.296827 -0.776858 0.555324
vn -0.341216 -0.776858 0.529210
vn -0.383322 -0.776858 0.499555
vn -0.422864 -0.776858 0.466559
vn -0.459577 -0.776858 0.430441
vn -0.133273 -0.909997 0.392611
vn -0.164912 -0.909997 0.380406
vn -0.195448 -0.909997 0.365657
vn -0.224676 -0.909997 0.348462
vn -0.252401 -0.909997 0.328935
vn -0.278438 -0.909997 0.307209
vn -0.302612 -0.909997 0.283427
vn -0.324762 -0.909997 0.257749
vn -0.067334 -0.977814 0.198360
vn -0.083319 -0.977814 0.192194
vn -0.098747 -0.977814 0.184742
vn -0.113514 -0.977814 0.176054
vn -0.127521 -0.977814 0.166189
vn -0.140676 -0.977814 0.155212
vn -0.152890 -0.977814 0.143197
vn -0.164080 -0.977814 0.130223
vn -0.174174 -0.977814 0.116379
vn -0.706562 -0.250665 0.661768
vn -0.750166 -0.287715 0.595374
vn -0.787049 -0.322482 0.525889
vn -0.881784 -0.250665 0.399531
vn -0.925083 -0.287715 0.247875
vn -0.942017 -0.322482 0.092781
vn -0.727837 -0.250665 -0.638296
vn -0.666037 -0.287715 -0.688197
vn -0.600501 -0.322482 -0.731713
vn -0.484037 -0.250665 -0.838377
vn -0.409476 -0.287715 -0.865765
vn -0.333431 -0.322482 -0.885906
vn -0.031674 -0.250665 -0.967556
vn 0.125007 -0.287715 -0.949523
vn 0.274776 -0.322482 -0.905816
vn 0.126359 -0.250665 -0.959792
vn 0.278010 -0.287715 -0.916477
vn 0.347882 -0.322482 -0.880332
vn 0.281017 -0.250665 -0.926389
vn 0.351976 -0.287715 -0.890692
vn 0.418660 -0.322482 -0.848958
vn 0.355783 -0.250665 -0.900326
vn 0.423587 -0.287715 -0.858949
vn 0.486637 -0.322482 -0.811905
vn 0.428168 -0.250665 -0.868239
vn 0.492364 -0.287715 -0.821460
vn 0.551359 -0.322482 -0.769421
vn 0.684532 -0.250665 -0.684532
vn 0.769245 -0.287715 -0.570511
vn 0.834805 -0.322482 -0.446213
vn 0.000000 1.000000 0.000000
vn 0.000000 1.000000 0.000000
vn 0.000000 1.000000 0.000000
vn 0.000000 1.000000 0.000000
vn 0.000000 1.000000 0.000000
vn 0.000000 1.000000 0.000000
vn 0.000000 1.000000 0.000000
vn 0.000000 1.000000 0.000000
vn 0.000000 1.000000 0.000000
vn 0.000000 1.000000 0.000000
vn 0.000000 1.000000 0.000000
vn 0.000000 1.000000 0.000000
vn 0.000000 1.000000 0.000000
vn 0.000000 1.000000 0.000000
vn 0.000000 1.000000 0.000000
vn 0.000000 1.000000 0.000000
vn 0.000000 1.000000 0.000000
vn 0.000000 1.000000 0.000000
vn 0.000000 1.000000 0.000000
vn 0.000000 1.000000 0.000000
vn 0.000000 1.000000 0.000000
vn 0.000000 1.000000 0.000000
vn 0.000000 1.000000 0.000000
vn 0.000000 1.000000 0.000000
vn 0.000000 1.000000 0.000000
vn 0.000000 1.000000 0.000000
vn 0.000000 1.000000 0.000000
vn 0.000000 1.000000 0.000000
vn 0.000000 1.000000 0.000000
vn 0.000000 1.000000 0.000000
vn 0.000000 1.000000 0.000000
vn 0.000000 1.000000 0.000000
vn 0.000000 1.000000 0.000000
vn 0.000000 1.000000 0.000000
vn 0.000000 1.000000 0.000000
vn 0.000000 1.000000 0.000000
vn 0.000000 1.000000 0.000000
vn 0.000000 1.000000 0.000000
usemtl Steel_-_Satin
f 56/1/1 1/2/2 91/3/3
f 91/3/3 1/2/2 2/4/4
f 91/3/3 2/4/4 90/5/5
f 90/5/5 2/4/4 3/6/6
f 90/5/5 3/6/6 89/7/7
f 89/7/7 3/6/6 4/8/8
f 89/7/7 4/8/8 88/9/9
f 88/9/9 4/8/8 5/10/10
f 88/9/9 5/10/10 87/11/11
f 87/11/11 5/10/10 86/12/12
f 87/11/11 86/12/12 1132/13/13
f 1132/13/13 86/12/12 1133/14/14
f 1132/13/13 1133/14/14 1111/15/15
f 1111/15/15 1133/14/14 1112/16/16
f 1111/15/15 1112/16/16 1090/17/17
f 1090/17/17 1112/16/16 1091/18/18
f 1090/17/17 1091/18/18 1069/19/19
f 1069/19/19 1091/18/18 1070/20/20
f 1069/19/19 1070/20/20 1048/21/21
f 1048/21/21 1070/20/20 1049/22/22
f 1048/21/21 1049/22/22 1027/23/23
f 1027/23/23 1049/22/22 1028/24/24
f 1027/23/23 1028/24/24 985/25/25
f 985/25/25 1028/24/24 986/26/26
f 985/25/25 986/26/26 1018/27/27
f 1018/27/27 986/26/26 1017/28/28
f 1018/27/27 1017/28/28 964/29/29
f 964/29/29 1017/28/28 965/30/30
f 964/29/29 965/30/30 944/31/31
f 944/31/31 965/30/30 945/32/32
f 944/31/31 945/32/32 923/33/33
f 923/33/33 945/32/32 924/34/34
f 923/33/33 924/34/34 902/35/35
f 902/35/35 924/34/34 903/36/36
f 902/35/35 903/36/36 881/37/37
f 881/37/37 903/36/36 882/38/38
f 881/37/37 882/38/38 839/39/39
f 839/39/39 882/38/38 840/40/40
f 839/39/39 840/40/40 872/41/41
f 872/41/41 840/40/40 871/42/42
f 872/41/41 871/42/42 797/43/43
f 797/43/43 871/42/42 798/44/44
f 797/43/43 798/44/44 830/45/45
f 830/45/45 798/44/44 829/46/46
f 830/45/45 829/46/46 756/47/47
f 756/47/47 829/46/46 757/48/48
f 756/47/47 757/48/48 789/49/49
f 789/49/49 757/48/48 788/50/50
f 789/49/49 788/50/50 736/51/51
f 736/51/51 788/50/50 737/52/52
f 736/51/51 737/52/52 716/53/53
f 716/53/53 737/52/52 717/54/54
f 716/53/53 717/54/54 695/55/55
f 695/55/55 717/54/54 696/56/56
f 695/55/55 696/56/56 674/57/57
f 674/57/57 696/56/56 675/58/58
f 674/57/57 675/58/58 632/59/59
f 632/59/59 675/58/58 633/60/60
f 632/59/59 633/60/60 665/61/61
f 665/61/61 633/60/60 664/62/62
f 665/61/61 664/62/62 590/63/63
f 590/63/63 664/62/62 591/64/64
f 590/63/63 591/64/64 623/65/65
f 623/65/65 591/64/64 622/66/66
f 623/65/65 622/66/66 549/67/67
f 549/67/67 622/66/66 550/68/68
f 549/67/67 550/68/68 582/69/69
f 582/69/69 550/68/68 581/70/70
f 582/69/69 581/70/70 508/71/71
f 508/71/71 581/70/70 509/72/72
f 508/71/71 509/72/72 541/73/73
f 541/73/73 509/72/72 540/74/74
f 541/73/73 540/74/74 467/75/75
f 467/75/75 540/74/74 468/76/76
f 467/75/75 468/76/76 500/77/77
f 500/77/77 468/76/76 499/78/78
f 500/77/77 499/78/78 447/79/79
f 447/79/79 499/78/78 448/80/80
f 447/79/79 448/80/80 427/81/81
f 427/81/81 448/80/80 428/82/82
f 427/81/81 428/82/82 406/83/83
f 406/83/83 428/82/82 407/84/84
f 406/83/83 407/84/84 385/85/85
f 385/85/85 407/84/84 386/86/86
f 385/85/85 386/86/86 364/87/87
f 364/87/87 386/86/86 365/88/88
f 364/87/87 365/88/88 322/89/89
f 322/89/89 365/88/88 323/90/90
f 322/89/89 323/90/90 355/91/91
f 355/91/91 323/90/90 354/92/92
f 355/91/91 354/92/92 280/93/93
f 280/93/93 354/92/92 281/94/94
f 280/93/93 281/94/94 313/95/95
f 313/95/95 281/94/94 312/96/96
f 313/95/95 312/96/96 239/97/97
f 239/97/97 312/96/96 240/98/98
f 239/97/97 240/98/98 272/99/99
f 272/99/99 240/98/98 271/100/100
f 272/99/99 271/100/100 198/101/101
f 198/101/101 271/100/100 199/102/102
f 198/101/101 199/102/102 231/103/103
f 231/103/103 199/102/102 230/104/104
f 231/103/103 230/104/104 157/105/105
f 157/105/105 230/104/104 158/106/106
f 157/105/105 158/106/106 190/107/107
f 190/107/107 158/106/106 189/108/108
f 190/107/107 189/108/108 137/109/109
f 137/109/109 189/108/108 138/110/110
f 137/109/109 138/110/110 117/111/111
f 117/111/111 138/110/110 118/112/112
f 117/111/111 118/112/112 96/113/113
f 96/113/113 118/112/112 97/114/114
f 96/113/113 97/114/114 5/115/10
f 5/115/10 97/114/114 6/116/115
f 6/116/115 97/114/114 98/117/116
f 6/116/115 98/117/116 7/118/117
f 7/118/117 98/117/116 99/119/118
f 7/118/117 99/119/118 8/120/119
f 8/120/119 99/119/118 100/121/120
f 8/120/119 100/121/120 101/122/121
f 101/122/121 100/121/120 122/123/122
f 101/122/121 122/123/122 123/124/123
f 123/124/123 122/123/122 143/125/124
f 123/124/123 143/125/124 144/126/125
f 144/126/125 143/125/124 183/127/126
f 144/126/125 183/127/126 182/128/127
f 182/128/127 183/127/126 165/129/128
f 182/128/127 165/129/128 166/130/129
f 166/130/129 165/129/128 222/131/130
f 166/130/129 222/131/130 221/132/131
f 221/132/131 222/131/130 208/133/132
f 221/132/131 208/133/132 209/134/133
f 209/134/133 208/133/132 261/135/134
f 209/134/133 261/135/134 260/136/135
f 260/136/135 261/135/134 251/137/136
f 260/136/135 251/137/136 252/138/137
f 252/138/137 251/137/136 300/139/138
f 252/138/137 300/139/138 299/140/139
f 299/140/139 300/139/138 294/141/140
f 299/140/139 294/141/140 295/142/141
f 295/142/141 294/141/140 340/143/142
f 295/142/141 340/143/142 339/144/143
f 339/144/143 340/143/142 338/145/144
f 339/144/143 338/145/144 19/146/145
f 5/10/10 6/147/115 86/12/12
f 86/12/12 6/147/115 85/148/146
f 86/12/12 85/148/146 1133/14/14
f 1133/14/14 85/148/146 1134/149/147
f 1133/14/14 1134/149/147 1112/16/16
f 1112/16/16 1134/149/147 1113/150/148
f 1112/16/16 1113/150/148 1091/18/18
f 1091/18/18 1113/150/148 1092/151/149
f 1091/18/18 1092/151/149 1070/20/20
f 1070/20/20 1092/151/149 1071/152/150
f 1070/20/20 1071/152/150 1049/22/22
f 1049/22/22 1071/152/150 1050/153/151
f 1049/22/22 1050/153/151 1028/24/24
f 1028/24/24 1050/153/151 1029/154/152
f 1028/24/24 1029/154/152 986/26/26
f 986/26/26 1029/154/152 987/155/153
f 986/26/26 987/155/153 1017/28/28
f 1017/28/28 987/155/153 1016/156/154
f 1017/28/28 1016/156/154 965/30/30
f 965/30/30 1016/156/154 966/157/155
f 965/30/30 966/157/155 945/32/32
f 945/32/32 966/157/155 946/158/156
f 945/32/32 946/158/156 924/34/34
f 924/34/34 946/158/156 925/159/157
f 924/34/34 925/159/157 903/36/36
f 903/36/36 925/159/157 904/160/158
f 903/36/36 904/160/158 882/38/38
f 882/38/38 904/160/158 883/161/159
f 882/38/38 883/161/159 840/40/40
f 840/40/40 883/161/159 841/162/160
f 840/40/40 841/162/160 871/42/42
f 871/42/42 841/162/160 870/163/161
f 871/42/42 870/163/161 798/44/44
f 798/44/44 870/163/161 799/164/162
f 798/44/44 799/164/162 829/46/46
f 829/46/46 799/164/162 828/165/163
f 829/46/46 828/165/163 757/48/48
f 757/48/48 828/165/163 758/166/164
f 757/48/48 758/166/164 788/50/50
f 788/50/50 758/166/164 787/167/165
f 788/50/50 787/167/165 737/52/52
f 737/52/52 787/167/165 738/168/166
f 737/52/52 738/168/166 717/54/54
f 717/54/54 738/168/166 718/169/167
f 717/54/54 718/169/167 696/56/56
f 696/56/56 718/169/167 697/170/168
f 696/56/56 697/170/168 675/58/58
f 675/58/58 697/170/168 676/171/169
f 675/58/58 676/171/169 633/60/60
f 633/60/60 676/171/169 634/172/170
f 633/60/60 634/172/170 664/62/62
f 664/62/62 634/172/170 663/173/171
f 664/62/62 663/173/171 591/64/64
f 591/64/64 663/173/171 592/174/172
f 591/64/64 592/174/172 622/66/66
f 622/66/66 592/174/172 621/175/173
f 622/66/66 621/175/173 550/68/68
f 550/68/68 621/175/173 551/176/174
f 550/68/68 551/176/174 581/70/70
f 581/70/70 551/176/174 580/177/175
f 581/70/70 580/177/175 509/72/72
f 509/72/72 580/177/175 510/178/176
f 509/72/72 510/178/176 540/74/74
f 540/74/74 510/178/176 539/179/177
f 540/74/74 539/179/177 468/76/76
f 468/76/76 539/179/177 469/180/178
f 468/76/76 469/180/178 499/78/78
f 499/78/78 469/180/178 498/181/179
f 499/78/78 498/181/179 448/80/80
f 448/80/80 498/181/179 449/182/180
f 448/80/80 449/182/180 428/82/82
f 428/82/82 449/182/180 429/183/181
f 428/82/82 429/183/181 407/84/84
f 407/84/84 429/183/181 408/184/182
f 407/84/84 408/184/182 386/86/86
f 386/86/86 408/184/182 387/185/183
f 386/86/86 387/185/183 365/88/88
f 365/88/88 387/185/183 366/186/184
f 365/88/88 366/186/184 323/90/90
f 323/90/90 366/186/184 324/187/185
f 323/90/90 324/187/185 354/92/92
f 354/92/92 324/187/185 353/188/186
f 354/92/92 353/188/186 281/94/94
f 281/94/94 353/188/186 282/189/187
f 281/94/94 282/189/187 312/96/96
f 312/96/96 282/189/187 311/190/188
f 312/96/96 311/190/188 240/98/98
f 240/98/98 311/190/188 241/191/189
f 240/98/98 241/191/189 271/100/100
f 271/100/100 241/191/189 270/192/190
f 271/100/100 270/192/190 199/102/102
f 199/102/102 270/192/190 200/193/191
f 199/102/102 200/193/191 230/104/104
f 230/104/104 200/193/191 229/194/192
f 230/104/104 229/194/192 158/106/106
f 158/106/106 229/194/192 159/195/193
f 158/106/106 159/195/193 189/108/108
f 189/108/108 159/195/193 188/196/194
f 189/108/108 188/196/194 138/110/110
f 138/110/110 188/196/194 139/197/195
f 138/110/110 139/197/195 118/112/112
f 118/112/112 139/197/195 119/198/196
f 118/112/112 119/198/196 97/114/114
f 97/114/114 119/198/196 98/117/116
f 6/147/115 7/199/117 85/148/146
f 85/148/146 7/199/117 84/200/197
f 85/148/146 84/200/197 1134/149/147
f 1134/149/147 84/200/197 1135/201/198
f 1134/149/147 1135/201/198 1113/150/148
f 1113/150/148 1135/201/198 1114/202/199
f 1113/150/148 1114/202/199 1092/151/149
f 1092/151/149 1114/202/199 1093/203/200
f 1092/151/149 1093/203/200 1071/152/150
f 1071/152/150 1093/203/200 1072/204/201
f 1071/152/150 1072/204/201 1050/153/151
f 1050/153/151 1072/204/201 1051/205/202
f 1050/153/151 1051/205/202 1029/154/152
f 1029/154/152 1051/205/202 1030/206/203
f 1029/154/152 1030/206/203 987/155/153
f 987/155/153 1030/206/203 988/207/204
f 987/155/153 988/207/204 1016/156/154
f 1016/156/154 988/207/204 1015/208/205
f 1016/156/154 1015/208/205 966/157/155
f 966/157/155 1015/208/205 967/209/206
f 966/157/155 967/209/206 946/158/156
f 946/158/156 967/209/206 947/210/207
f 946/158/156 947/210/207 925/159/157
f 925/159/157 947/210/207 926/211/208
f 925/159/157 926/211/208 904/160/158
f 904/160/158 926/211/208 905/212/209
f 904/160/158 905/212/209 883/161/159
f 883/161/159 905/212/209 884/213/210
f 883/161/159 884/213/210 841/162/160
f 841/162/160 884/213/210 842/214/211
f 841/162/160 842/214/211 870/163/161
f 870/163/161 842/214/211 869/215/212
f 870/163/161 869/215/212 799/164/162
f 799/164/162 869/215/212 800/216/213
f 799/164/162 800/216/213 828/165/163
f 828/165/163 800/216/213 827/217/214
f 828/165/163 827/217/214 758/166/164
f 758/166/164 827/217/214 759/218/215
f 758/166/164 759/218/215 787/167/165
f 787/167/165 759/218/215 786/219/216
f 787/167/165 786/219/216 738/168/166
f 738/168/166 786/219/216 739/220/217
f 738/168/166 739/220/217 718/169/167
f 718/169/167 739/220/217 719/221/218
f 718/169/167 719/221/218 697/170/168
f 697/170/168 719/221/218 698/222/219
f 697/170/168 698/222/219 676/171/169
f 676/171/169 698/222/219 677/223/220
f 676/171/169 677/223/220 634/172/170
f 634/172/170 677/223/220 635/224/221
f 634/172/170 635/224/221 663/173/171
f 663/173/171 635/224/221 662/225/222
f 663/173/171 662/225/222 592/174/172
f 592/174/172 662/225/222 593/226/223
f 592/174/172 593/226/223 621/175/173
f 621/175/173 593/226/223 620/227/224
f 621/175/173 620/227/224 551/176/174
f 551/176/174 620/227/224 552/228/225
f 551/176/174 552/228/225 580/177/175
f 580/177/175 552/228/225 579/229/226
f 580/177/175 579/229/226 510/178/176
f 510/178/176 579/229/226 511/230/227
f 510/178/176 511/230/227 539/179/177
f 539/179/177 511/230/227 538/231/228
f 539/179/177 538/231/228 469/180/178
f 469/180/178 538/231/228 470/232/229
f 469/180/178 470/232/229 498/181/179
f 498/181/179 470/232/229 497/233/230
f 498/181/179 497/233/230 449/182/180
f 449/182/180 497/233/230 450/234/231
f 449/182/180 450/234/231 429/183/181
f 429/183/181 450/234/231 430/235/232
f 429/183/181 430/235/232 408/184/182
f 408/184/182 430/235/232 409/236/233
f 408/184/182 409/236/233 387/185/183
f 387/185/183 409/236/233 388/237/234
f 387/185/183 388/237/234 366/186/184
f 366/186/184 388/237/234 367/238/235
f 366/186/184 367/238/235 324/187/185
f 324/187/185 367/238/235 325/239/236
f 324/187/185 325/239/236 353/188/186
f 353/188/186 325/239/236 352/240/237
f 353/188/186 352/240/237 282/189/187
f 282/189/187 352/240/237 283/241/238
f 282/189/187 283/241/238 311/190/188
f 311/190/188 283/241/238 310/242/239
f 311/190/188 310/242/239 241/191/189
f 241/191/189 310/242/239 242/243/240
f 241/191/189 242/243/240 270/192/190
f 270/192/190 242/243/240 269/244/241
f 270/192/190 269/244/241 200/193/191
f 200/193/191 269/244/241 201/245/242
f 200/193/191 201/245/242 229/194/192
f 229/194/192 201/245/242 228/246/243
f 229/194/192 228/246/243 159/195/193
f 159/195/193 228/246/243 160/247/244
f 159/195/193 160/247/244 188/196/194
f 188/196/194 160/247/244 187/248/245
f 188/196/194 187/248/245 139/197/195
f 139/197/195 187/248/245 140/249/246
f 139/197/195 140/249/246 119/198/196
f 119/198/196 140/249/246 120/250/247
f 119/198/196 120/250/247 98/117/116
f 98/117/116 120/250/247 99/119/118
f 7/199/117 8/251/119 84/200/197
f 84/200/197 8/251/119 83/252/248
f 84/200/197 83/252/248 1135/201/198
f 1135/201/198 83/252/248 1136/253/249
f 1135/201/198 1136/253/249 1114/202/199
f 1114/202/199 1136/253/249 1115/254/250
f 1114/202/199 1115/254/250 1093/203/200
f 1093/203/200 1115/254/250 1094/255/251
f 1093/203/200 1094/255/251 1072/204/201
f 1072/204/201 1094/255/251 1073/256/252
f 1072/204/201 1073/256/252 1051/205/202
f 1051/205/202 1073/256/252 1052/257/253
f 1051/205/202 1052/257/253 1030/206/203
f 1030/206/203 1052/257/253 1031/258/254
f 1030/206/203 1031/258/254 988/207/204
f 988/207/204 1031/258/254 989/259/255
f 988/207/204 989/259/255 1015/208/205
f 1015/208/205 989/259/255 1014/260/256
f 1015/208/205 1014/260/256 967/209/206
f 967/209/206 1014/260/256 968/261/257
f 967/209/206 968/261/257 947/210/207
f 947/210/207 968/261/257 948/262/258
f 947/210/207 948/262/258 926/211/208
f 926/211/208 948/262/258 927/263/259
f 926/211/208 927/263/259 905/212/209
f 905/212/209 927/263/259 906/264/260
f 905/212/209 906/264/260 884/213/210
f 884/213/210 906/264/260 885/265/261
f 884/213/210 885/265/261 842/214/211
f 842/214/211 885/265/261 843/266/262
f 842/214/211 843/266/262 869/215/212
f 869/215/212 843/266/262 868/267/263
f 869/215/212 868/267/263 800/216/213
f 800/216/213 868/267/263 801/268/264
f 800/216/213 801/268/264 827/217/214
f 827/217/214 801/268/264 826/269/265
f 827/217/214 826/269/265 759/218/215
f 759/218/215 826/269/265 760/270/266
f 759/218/215 760/270/266 786/219/216
f 786/219/216 760/270/266 785/271/267
f 786/219/216 785/271/267 739/220/217
f 739/220/217 785/271/267 740/272/268
f 739/220/217 740/272/268 719/221/218
f 719/221/218 740/272/268 720/273/269
f 719/221/218 720/273/269 698/222/219
f 698/222/219 720/273/269 699/274/270
f 698/222/219 699/274/270 677/223/220
f 677/223/220 699/274/270 678/275/271
f 677/223/220 678/275/271 635/224/221
f 635/224/221 678/275/271 636/276/272
f 635/224/221 636/276/272 662/225/222
f 662/225/222 636/276/272 661/277/273
f 662/225/222 661/277/273 593/226/223
f 593/226/223 661/277/273 594/278/274
f 593/226/223 594/278/274 620/227/224
f 620/227/224 594/278/274 619/279/275
f 620/227/224 619/279/275 552/228/225
f 552/228/225 619/279/275 553/280/276
f 552/228/225 553/280/276 579/229/226
f 579/229/226 553/280/276 578/281/277
f 579/229/226 578/281/277 511/230/227
f 511/230/227 578/281/277 512/282/278
f 511/230/227 512/282/278 538/231/228
f 538/231/228 512/282/278 537/283/279
f 538/231/228 537/283/279 470/232/229
f 470/232/229 537/283/279 471/284/280
f 470/232/229 471/284/280 497/233/230
f 497/233/230 471/284/280 496/285/281
f 497/233/230 496/285/281 450/234/231
f 450/234/231 496/285/281 451/286/282
f 450/234/231 451/286/282 430/235/232
f 430/235/232 451/286/282 431/287/283
f 430/235/232 431/287/283 409/236/233
f 409/236/233 431/287/283 410/288/284
f 409/236/233 410/288/284 388/237/234
f 388/237/234 410/288/284 389/289/285
f 388/237/234 389/289/285 367/238/235
f 367/238/235 389/289/285 368/290/286
f 367/238/235 368/290/286 325/239/236
f 325/239/236 368/290/286 326/291/287
f 325/239/236 326/291/287 352/240/237
f 352/240/237 326/291/287 351/292/288
f 352/240/237 351/292/288 283/241/238
f 283/241/238 351/292/288 284/293/289
f 283/241/238 284/293/289 310/242/239
f 310/242/239 284/293/289 309/294/290
f 310/242/239 309/294/290 242/243/240
f 242/243/240 309/294/290 243/295/291
f 242/243/240 243/295/291 269/244/241
f 269/244/241 243/295/291 268/296/292
f 269/244/241 268/296/292 201/245/242
f 201/245/242 268/296/292 202/297/293
f 201/245/242 202/297/293 228/246/243
f 228/246/243 202/297/293 227/298/294
f 228/246/243 227/298/294 160/247/244
f 160/247/244 227/298/294 161/299/295
f 160/247/244 161/299/295 187/248/245
f 187/248/245 161/299/295 186/300/296
f 187/248/245 186/300/296 140/249/246
f 140/249/246 186/300/296 141/301/297
f 140/249/246 141/301/297 120/250/247
f 120/250/247 141/301/297 121/302/298
f 120/250/247 121/302/298 99/119/118
f 99/119/118 121/302/298 100/121/120
f 83/252/248 8/251/119 82/303/299
f 82/303/299 8/251/119 9/304/300
f 82/303/299 9/304/300 81/305/301
f 81/305/301 9/304/300 10/306/302
f 81/305/301 10/306/302 80/307/303
f 80/307/303 10/306/302 11/308/304
f 80/307/303 11/308/304 79/309/305
f 79/309/305 11/308/304 78/310/306
f 79/309/305 78/310/306 1140/311/307
f 1140/311/307 78/310/306 1141/312/308
f 1140/311/307 1141/312/308 1119/313/309
f 1119/313/309 1141/312/308 1120/314/310
f 1119/313/309 1120/314/310 1098/315/311
f 1098/315/311 1120/314/310 1099/316/312
f 1098/315/311 1099/316/312 1077/317/313
f 1077/317/313 1099/316/312 1078/318/314
f 1077/317/313 1078/318/314 1056/319/315
f 1056/319/315 1078/318/314 1057/320/316
f 1056/319/315 1057/320/316 1035/321/317
f 1035/321/317 1057/320/316 1036/322/318
f 1035/321/317 1036/322/318 993/323/319
f 993/323/319 1036/322/318 994/324/320
f 993/323/319 994/324/320 1010/325/321
f 1010/325/321 994/324/320 1009/326/322
f 1010/325/321 1009/326/322 972/327/323
f 972/327/323 1009/326/322 973/328/324
f 972/327/323 973/328/324 952/329/325
f 952/329/325 973/328/324 953/330/326
f 952/329/325 953/330/326 931/331/327
f 931/331/327 953/330/326 932/332/328
f 931/331/327 932/332/328 910/333/329
f 910/333/329 932/332/328 911/334/330
f 910/333/329 911/334/330 889/335/331
f 889/335/331 911/334/330 890/336/332
f 889/335/331 890/336/332 847/337/333
f 847/337/333 890/336/332 848/338/334
f 847/337/333 848/338/334 864/339/335
f 864/339/335 848/338/334 863/340/336
f 864/339/335 863/340/336 805/341/337
f 805/341/337 863/340/336 806/342/338
f 805/341/337 806/342/338 822/343/339
f 822/343/339 806/342/338 821/344/340
f 822/343/339 821/344/340 764/345/341
f 764/345/341 821/344/340 765/346/342
f 764/345/341 765/346/342 781/347/343
f 781/347/343 765/346/342 780/348/344
f 781/347/343 780/348/344 744/349/345
f 744/349/345 780/348/344 745/350/346
f 744/349/345 745/350/346 724/351/347
f 724/351/347 745/350/346 725/352/348
f 724/351/347 725/352/348 703/353/349
f 703/353/349 725/352/348 704/354/350
f 703/353/349 704/354/350 682/355/351
f 682/355/351 704/354/350 683/356/352
f 682/355/351 683/356/352 640/357/353
f 640/357/353 683/356/352 641/358/354
f 640/357/353 641/358/354 657/359/355
f 657/359/355 641/358/354 656/360/356
f 657/359/355 656/360/356 598/361/357
f 598/361/357 656/360/356 599/362/358
f 598/361/357 599/362/358 615/363/359
f 615/363/359 599/362/358 614/364/360
f 615/363/359 614/364/360 557/365/361
f 557/365/361 614/364/360 558/366/362
f 557/365/361 558/366/362 574/367/363
f 574/367/363 558/366/362 573/368/364
f 574/367/363 573/368/364 516/369/365
f 516/369/365 573/368/364 517/370/366
f 516/369/365 517/370/366 533/371/367
f 533/371/367 517/370/366 532/372/368
f 533/371/367 532/372/368 475/373/369
f 475/373/369 532/372/368 476/374/370
f 475/373/369 476/374/370 492/375/371
f 492/375/371 476/374/370 491/376/372
f 492/375/371 491/376/372 455/377/373
f 455/377/373 491/376/372 456/378/374
f 455/377/373 456/378/374 435/379/375
f 435/379/375 456/378/374 436/380/376
f 435/379/375 436/380/376 414/381/377
f 414/381/377 436/380/376 415/382/378
f 414/381/377 415/382/378 393/383/379
f 393/383/379 415/382/378 394/384/380
f 393/383/379 394/384/380 372/385/381
f 372/385/381 394/384/380 373/386/382
f 372/385/381 373/386/382 330/387/383
f 330/387/383 373/386/382 331/388/384
f 330/387/383 331/388/384 347/389/385
f 347/389/385 331/388/384 346/390/386
f 347/389/385 346/390/386 288/391/387
f 288/391/387 346/390/386 289/392/388
f 288/391/387 289/392/388 305/393/389
f 305/393/389 289/392/388 304/394/390
f 305/393/389 304/394/390 247/395/391
f 247/395/391 304/394/390 248/396/392
f 247/395/391 248/396/392 264/397/393
f 264/397/393 248/396/392 263/398/394
f 264/397/393 263/398/394 206/399/395
f 206/399/395 263/398/394 207/400/396
f 206/399/395 207/400/396 223/401/397
f 223/401/397 207/400/396 222/131/130
f 223/401/397 222/131/130 165/129/128
f 11/308/304 12/402/398 78/310/306
f 78/310/306 12/402/398 77/403/399
f 78/310/306 77/403/399 1141/312/308
f 1141/312/308 77/403/399 1142/404/400
f 1141/312/308 1142/404/400 1120/314/310
f 1120/314/310 1142/404/400 1121/405/401
f 1120/314/310 1121/405/401 1099/316/312
f 1099/316/312 1121/405/401 1100/406/402
f 1099/316/312 1100/406/402 1078/318/314
f 1078/318/314 1100/406/402 1079/407/403
f 1078/318/314 1079/407/403 1057/320/316
f 1057/320/316 1079/407/403 1058/408/404
f 1057/320/316 1058/408/404 1036/322/318
f 1036/322/318 1058/408/404 1037/409/405
f 1036/322/318 1037/409/405 994/324/320
f 994/324/320 1037/409/405 995/410/406
f 994/324/320 995/410/406 1009/326/322
f 1009/326/322 995/410/406 1008/411/407
f 1009/326/322 1008/411/407 973/328/324
f 973/328/324 1008/411/407 974/412/408
f 973/328/324 974/412/408 953/330/326
f 953/330/326 974/412/408 954/413/409
f 953/330/326 954/413/409 932/332/328
f 932/332/328 954/413/409 933/414/410
f 932/332/328 933/414/410 911/334/330
f 911/334/330 933/414/410 912/415/411
f 911/334/330 912/415/411 890/336/332
f 890/336/332 912/415/411 891/416/412
f 890/336/332 891/416/412 848/338/334
f 848/338/334 891/416/412 849/417/413
f 848/338/334 849/417/413 863/340/336
f 863/340/336 849/417/413 862/418/414
f 863/340/336 862/418/414 806/342/338
f 806/342/338 862/418/414 807/419/415
f 806/342/338 807/419/415 821/344/340
f 821/344/340 807/419/415 820/420/416
f 821/344/340 820/420/416 765/346/342
f 765/346/342 820/420/416 766/421/417
f 765/346/342 766/421/417 780/348/344
f 780/348/344 766/421/417 779/422/418
f 780/348/344 779/422/418 745/350/346
f 745/350/346 779/422/418 746/423/419
f 745/350/346 746/423/419 725/352/348
f 725/352/348 746/423/419 726/424/420
f 725/352/348 726/424/420 704/354/350
f 704/354/350 726/424/420 705/425/421
f 704/354/350 705/425/421 683/356/352
f 683/356/352 705/425/421 684/426/422
f 683/356/352 684/426/422 641/358/354
f 641/358/354 684/426/422 642/427/423
f 641/358/354 642/427/423 656/360/356
f 656/360/356 642/427/423 655/428/424
f 656/360/356 655/428/424 599/362/358
f 599/362/358 655/428/424 600/429/425
f 599/362/358 600/429/425 614/364/360
f 614/364/360 600/429/425 613/430/426
f 614/364/360 613/430/426 558/366/362
f 558/366/362 613/430/426 559/431/427
f 558/366/362 559/431/427 573/368/364
f 573/368/364 559/431/427 572/432/428
f 573/368/364 572/432/428 517/370/366
f 517/370/366 572/432/428 518/433/429
f 517/370/366 518/433/429 532/372/368
f 532/372/368 518/433/429 531/434/430
f 532/372/368 531/434/430 476/374/370
f 476/374/370 531/434/430 477/435/431
f 476/374/370 477/435/431 491/376/372
f 491/376/372 477/435/431 490/436/432
f 491/376/372 490/436/432 456/378/374
f 456/378/374 490/436/432 457/437/433
f 456/378/374 457/437/433 436/380/376
f 436/380/376 457/437/433 437/438/434
f 436/380/376 437/438/434 415/382/378
f 415/382/378 437/438/434 416/439/435
f 415/382/378 416/439/435 394/384/380
f 394/384/380 416/439/435 395/440/436
f 394/384/380 395/440/436 373/386/382
f 373/386/382 395/440/436 374/441/437
f 373/386/382 374/441/437 331/388/384
f 331/388/384 374/441/437 332/442/438
f 331/388/384 332/442/438 346/390/386
f 346/390/386 332/442/438 345/443/439
f 346/390/386 345/443/439 289/392/388
f 289/392/388 345/443/439 290/444/440
f 289/392/388 290/444/440 304/394/390
f 304/394/390 290/444/440 303/445/441
f 304/394/390 303/445/441 248/396/392
f 248/396/392 303/445/441 249/446/442
f 248/396/392 249/446/442 263/398/394
f 263/398/394 249/446/442 262/447/443
f 263/398/394 262/447/443 207/400/396
f 207/400/396 262/447/443 208/133/132
f 207/400/396 208/133/132 222/131/130
f 12/402/398 13/448/444 77/403/399
f 77/403/399 13/448/444 76/449/445
f 77/403/399 76/449/445 1142/404/400
f 1142/404/400 76/449/445 1143/450/446
f 1142/404/400 1143/450/446 1121/405/401
f 1121/405/401 1143/450/446 1122/451/447
f 1121/405/401 1122/451/447 1100/406/402
f 1100/406/402 1122/451/447 1101/452/448
f 1100/406/402 1101/452/448 1079/407/403
f 1079/407/403 1101/452/448 1080/453/449
f 1079/407/403 1080/453/449 1058/408/404
f 1058/408/404 1080/453/449 1059/454/450
f 1058/408/404 1059/454/450 1037/409/405
f 1037/409/405 1059/454/450 1038/455/451
f 1037/409/405 1038/455/451 995/410/406
f 995/410/406 1038/455/451 996/456/452
f 995/410/406 996/456/452 1008/411/407
f 1008/411/407 996/456/452 1007/457/453
f 1008/411/407 1007/457/453 974/412/408
f 974/412/408 1007/457/453 975/458/454
f 974/412/408 975/458/454 954/413/409
f 954/413/409 975/458/454 955/459/455
f 954/413/409 955/459/455 933/414/410
f 933/414/410 955/459/455 934/460/456
f 933/414/410 934/460/456 912/415/411
f 912/415/411 934/460/456 913/461/457
f 912/415/411 913/461/457 891/416/412
f 891/416/412 913/461/457 892/462/458
f 891/416/412 892/462/458 849/417/413
f 849/417/413 892/462/458 850/463/459
f 849/417/413 850/463/459 862/418/414
f 862/418/414 850/463/459 861/464/460
f 862/418/414 861/464/460 807/419/415
f 807/419/415 861/464/460 808/465/461
f 807/419/415 808/465/461 820/420/416
f 820/420/416 808/465/461 819/466/462
f 820/420/416 819/466/462 766/421/417
f 766/421/417 819/466/462 767/467/463
f 766/421/417 767/467/463 779/422/418
f 779/422/418 767/467/463 778/468/464
f 779/422/418 778/468/464 746/423/419
f 746/423/419 778/468/464 747/469/465
f 746/423/419 747/469/465 726/424/420
f 726/424/420 747/469/465 727/470/466
f 726/424/420 727/470/466 705/425/421
f 705/425/421 727/470/466 706/471/467
f 705/425/421 706/471/467 684/426/422
f 684/426/422 706/471/467 685/472/468
f 684/426/422 685/472/468 642/427/423
f 642/427/423 685/472/468 643/473/469
f 642/427/423 643/473/469 655/428/424
f 655/428/424 643/473/469 654/474/470
f 655/428/424 654/474/470 600/429/425
f 600/429/425 654/474/470 601/475/471
f 600/429/425 601/475/471 613/430/426
f 613/430/426 601/475/471 612/476/472
f 613/430/426 612/476/472 559/431/427
f 559/431/427 612/476/472 560/477/473
f 559/431/427 560/477/473 572/432/428
f 572/432/428 560/477/473 571/478/474
f 572/432/428 571/478/474 518/433/429
f 518/433/429 571/478/474 519/479/475
f 518/433/429 519/479/475 531/434/430
f 531/434/430 519/479/475 530/480/476
f 531/434/430 530/480/476 477/435/431
f 477/435/431 530/480/476 478/481/477
f 477/435/431 478/481/477 490/436/432
f 490/436/432 478/481/477 489/482/478
f 490/436/432 489/482/478 457/437/433
f 457/437/433 489/482/478 458/483/479
f 457/437/433 458/483/479 437/438/434
f 437/438/434 458/483/479 438/484/480
f 437/438/434 438/484/480 416/439/435
f 416/439/435 438/484/480 417/485/481
f 416/439/435 417/485/481 395/440/436
f 395/440/436 417/485/481 396/486/482
f 395/440/436 396/486/482 374/441/437
f 374/441/437 396/486/482 375/487/483
f 374/441/437 375/487/483 332/442/438
f 332/442/438 375/487/483 333/488/484
f 332/442/438 333/488/484 345/443/439
f 345/443/439 333/488/484 344/489/485
f 345/443/439 344/489/485 290/444/440
f 290/444/440 344/489/485 291/490/486
f 290/444/440 291/490/486 303/445/441
f 303/445/441 291/490/486 302/491/487
f 303/445/441 302/491/487 249/446/442
f 249/446/442 302/491/487 250/492/488
f 249/446/442 250/492/488 262/447/443
f 262/447/443 250/492/488 261/135/134
f 262/447/443 261/135/134 208/133/132
f 13/448/444 14/493/489 76/449/445
f 76/449/445 14/493/489 75/494/490
f 76/449/445 75/494/490 1143/450/446
f 1143/450/446 75/494/490 1144/495/491
f 1143/450/446 1144/495/491 1122/451/447
f 1122/451/447 1144/495/491 1123/496/492
f 1122/451/447 1123/496/492 1101/452/448
f 1101/452/448 1123/496/492 1102/497/493
f 1101/452/448 1102/497/493 1080/453/449
f 1080/453/449 1102/497/493 1081/498/494
f 1080/453/449 1081/498/494 1059/454/450
f 1059/454/450 1081/498/494 1060/499/495
f 1059/454/450 1060/499/495 1038/455/451
f 1038/455/451 1060/499/495 1039/500/496
f 1038/455/451 1039/500/496 996/456/452
f 996/456/452 1039/500/496 997/501/497
f 996/456/452 997/501/497 1007/457/453
f 1007/457/453 997/501/497 1006/502/498
f 1007/457/453 1006/502/498 975/458/454
f 975/458/454 1006/502/498 976/503/499
f 975/458/454 976/503/499 955/459/455
f 955/459/455 976/503/499 956/504/500
f 955/459/455 956/504/500 934/460/456
f 934/460/456 956/504/500 935/505/501
f 934/460/456 935/505/501 913/461/457
f 913/461/457 935/505/501 914/506/502
f 913/461/457 914/506/502 892/462/458
f 892/462/458 914/506/502 893/507/503
f 892/462/458 893/507/503 850/463/459
f 850/463/459 893/507/503 851/508/504
f 850/463/459 851/508/504 861/464/460
f 861/464/460 851/508/504 860/509/505
f 861/464/460 860/509/505 808/465/461
f 808/465/461 860/509/505 809/510/506
f 808/465/461 809/510/506 819/466/462
f 819/466/462 809/510/506 818/511/507
f 819/466/462 818/511/507 767/467/463
f 767/467/463 818/511/507 768/512/508
f 767/467/463 768/512/508 778/468/464
f 778/468/464 768/512/508 777/513/509
f 778/468/464 777/513/509 747/469/465
f 747/469/465 777/513/509 748/514/510
f 747/469/465 748/514/510 727/470/466
f 727/470/466 748/514/510 728/515/511
f 727/470/466 728/515/511 706/471/467
f 706/471/467 728/515/511 707/516/512
f 706/471/467 707/516/512 685/472/468
f 685/472/468 707/516/512 686/517/513
f 685/472/468 686/517/513 643/473/469
f 643/473/469 686/517/513 644/518/514
f 643/473/469 644/518/514 654/474/470
f 654/474/470 644/518/514 653/519/515
f 654/474/470 653/519/515 601/475/471
f 601/475/471 653/519/515 602/520/516
f 601/475/471 602/520/516 612/476/472
f 612/476/472 602/520/516 611/521/517
f 612/476/472 611/521/517 560/477/473
f 560/477/473 611/521/517 561/522/518
f 560/477/473 561/522/518 571/478/474
f 571/478/474 561/522/518 570/523/519
f 571/478/474 570/523/519 519/479/475
f 519/479/475 570/523/519 520/524/520
f 519/479/475 520/524/520 530/480/476
f 530/480/476 520/524/520 529/525/521
f 530/480/476 529/525/521 478/481/477
f 478/481/477 529/525/521 479/526/522
f 478/481/477 479/526/522 489/482/478
f 489/482/478 479/526/522 488/527/523
f 489/482/478 488/527/523 458/483/479
f 458/483/479 488/527/523 459/528/524
f 458/483/479 459/528/524 438/484/480
f 438/484/480 459/528/524 439/529/525
f 438/484/480 439/529/525 417/485/481
f 417/485/481 439/529/525 418/530/526
f 417/485/481 418/530/526 396/486/482
f 396/486/482 418/530/526 397/531/527
f 396/486/482 397/531/527 375/487/483
f 375/487/483 397/531/527 376/532/528
f 375/487/483 376/532/528 333/488/484
f 333/488/484 376/532/528 334/533/529
f 333/488/484 334/533/529 344/489/485
f 344/489/485 334/533/529 343/534/530
f 344/489/485 343/534/530 291/490/486
f 291/490/486 343/534/530 292/535/531
f 291/490/486 292/535/531 302/491/487
f 302/491/487 292/535/531 301/536/532
f 302/491/487 301/536/532 250/492/488
f 250/492/488 301/536/532 251/137/136
f 250/492/488 251/137/136 261/135/134
f 14/493/489 15/537/533 75/494/490
f 75/494/490 15/537/533 74/538/534
f 75/494/490 74/538/534 1144/495/491
f 1144/495/491 74/538/534 1145/539/535
f 1144/495/491 1145/539/535 1123/496/492
f 1123/496/492 1145/539/535 1124/540/536
f 1123/496/492 1124/540/536 1102/497/493
f 1102/497/493 1124/540/536 1103/541/537
f 1102/497/493 1103/541/537 1081/498/494
f 1081/498/494 1103/541/537 1082/542/538
f 1081/498/494 1082/542/538 1060/499/495
f 1060/499/495 1082/542/538 1061/543/539
f 1060/499/495 1061/543/539 1039/500/496
f 1039/500/496 1061/543/539 1040/544/540
f 1039/500/496 1040/544/540 997/501/497
f 997/501/497 1040/544/540 998/545/541
f 997/501/497 998/545/541 1006/502/498
f 1006/502/498 998/545/541 1005/546/542
f 1006/502/498 1005/546/542 976/503/499
f 976/503/499 1005/546/542 977/547/543
f 976/503/499 977/547/543 956/504/500
f 956/504/500 977/547/543 957/548/544
f 956/504/500 957/548/544 935/505/501
f 935/505/501 957/548/544 936/549/545
f 935/505/501 936/549/545 914/506/502
f 914/506/502 936/549/545 915/550/546
f 914/506/502 915/550/546 893/507/503
f 893/507/503 915/550/546 894/551/547
f 893/507/503 894/551/547 851/508/504
f 851/508/504 894/551/547 852/552/548
f 851/508/504 852/552/548 860/509/505
f 860/509/505 852/552/548 859/553/549
f 860/509/505 859/553/549 809/510/506
f 809/510/506 859/553/549 810/554/550
f 809/510/506 810/554/550 818/511/507
f 818/511/507 810/554/550 817/555/551
f 818/511/507 817/555/551 768/512/508
f 768/512/508 817/555/551 769/556/552
f 768/512/508 769/556/552 777/513/509
f 777/513/509 769/556/552 776/557/553
f 777/513/509 776/557/553 748/514/510
f 748/514/510 776/557/553 749/558/554
f 748/514/510 749/558/554 728/515/511
f 728/515/511 749/558/554 729/559/555
f 728/515/511 729/559/555 707/516/512
f 707/516/512 729/559/555 708/560/556
f 707/516/512 708/560/556 686/517/513
f 686/517/513 708/560/556 687/561/557
f 686/517/513 687/561/557 644/518/514
f 644/518/514 687/561/557 645/562/558
f 644/518/514 645/562/558 653/519/515
f 653/519/515 645/562/558 652/563/559
f 653/519/515 652/563/559 602/520/516
f 602/520/516 652/563/559 603/564/560
f 602/520/516 603/564/560 611/521/517
f 611/521/517 603/564/560 610/565/561
f 611/521/517 610/565/561 561/522/518
f 561/522/518 610/565/561 562/566/562
f 561/522/518 562/566/562 570/523/519
f 570/523/519 562/566/562 569/567/563
f 570/523/519 569/567/563 520/524/520
f 520/524/520 569/567/563 521/568/564
f 520/524/520 521/568/564 529/525/521
f 529/525/521 521/568/564 528/569/565
f 529/525/521 528/569/565 479/526/522
f 479/526/522 528/569/565 480/570/566
f 479/526/522 480/570/566 488/527/523
f 488/527/523 480/570/566 487/571/567
f 488/527/523 487/571/567 459/528/524
f 459/528/524 487/571/567 460/572/568
f 459/528/524 460/572/568 439/529/525
f 439/529/525 460/572/568 440/573/569
f 439/529/525 440/573/569 418/530/526
f 418/530/526 440/573/569 419/574/570
f 418/530/526 419/574/570 397/531/527
f 397/531/527 419/574/570 398/575/571
f 397/531/527 398/575/571 376/532/528
f 376/532/528 398/575/571 377/576/572
f 376/532/528 377/576/572 334/533/529
f 334/533/529 377/576/572 335/577/573
f 334/533/529 335/577/573 343/534/530
f 343/534/530 335/577/573 342/578/574
f 343/534/530 342/578/574 292/535/531
f 292/535/531 342/578/574 293/579/575
f 292/535/531 293/579/575 301/536/532
f 301/536/532 293/579/575 300/139/138
f 301/536/532 300/139/138 251/137/136
f 15/537/533 16/580/576 74/538/534
f 74/538/534 16/580/576 73/581/577
f 74/538/534 73/581/577 1145/539/535
f 1145/539/535 73/581/577 1146/582/578
f 1145/539/535 1146/582/578 1124/540/536
f 1124/540/536 1146/582/578 1125/583/579
f 1124/540/536 1125/583/579 1103/541/537
f 1103/541/537 1125/583/579 1104/584/580
f 1103/541/537 1104/584/580 1082/542/538
f 1082/542/538 1104/584/580 1083/585/581
f 1082/542/538 1083/585/581 1061/543/539
f 1061/543/539 1083/585/581 1062/586/582
f 1061/543/539 1062/586/582 1040/544/540
f 1040/544/540 1062/586/582 1041/587/583
f 1040/544/540 1041/587/583 998/545/541
f 998/545/541 1041/587/583 999/588/584
f 998/545/541 999/588/584 1005/546/542
f 1005/546/542 999/588/584 1004/589/585
f 1005/546/542 1004/589/585 977/547/543
f 977/547/543 1004/589/585 978/590/586
f 977/547/543 978/590/586 957/548/544
f 957/548/544 978/590/586 958/591/587
f 957/548/544 958/591/587 936/549/545
f 936/549/545 958/591/587 937/592/588
f 936/549/545 937/592/588 915/550/546
f 915/550/546 937/592/588 916/593/589
f 915/550/546 916/593/589 894/551/547
f 894/551/547 916/593/589 895/594/590
f 894/551/547 895/594/590 852/552/548
f 852/552/548 895/594/590 853/595/591
f 852/552/548 853/595/591 859/553/549
f 859/553/549 853/595/591 858/596/592
f 859/553/549 858/596/592 810/554/550
f 810/554/550 858/596/592 811/597/593
f 810/554/550 811/597/593 817/555/551
f 817/555/551 811/597/593 816/598/594
f 817/555/551 816/598/594 769/556/552
f 769/556/552 816/598/594 770/599/595
f 769/556/552 770/599/595 776/557/553
f 776/557/553 770/599/595 775/600/596
f 776/557/553 775/600/596 749/558/554
f 749/558/554 775/600/596 750/601/597
f 749/558/554 750/601/597 729/559/555
f 729/559/555 750/601/597 730/602/598
f 729/559/555 730/602/598 708/560/556
f 708/560/556 730/602/598 709/603/599
f 708/560/556 709/603/599 687/561/557
f 687/561/557 709/603/599 688/604/600
f 687/561/557 688/604/600 645/562/558
f 645/562/558 688/604/600 646/605/601
f 645/562/558 646/605/601 652/563/559
f 652/563/559 646/605/601 651/606/602
f 652/563/559 651/606/602 603/564/560
f 603/564/560 651/606/602 604/607/603
f 603/564/560 604/607/603 610/565/561
f 610/565/561 604/607/603 609/608/604
f 610/565/561 609/608/604 562/566/562
f 562/566/562 609/608/604 563/609/605
f 562/566/562 563/609/605 569/567/563
f 569/567/563 563/609/605 568/610/606
f 569/567/563 568/610/606 521/568/564
f 521/568/564 568/610/606 522/611/607
f 521/568/564 522/611/607 528/569/565
f 528/569/565 522/611/607 527/612/608
f 528/569/565 527/612/608 480/570/566
f 480/570/566 527/612/608 481/613/609
f 480/570/566 481/613/609 487/571/567
f 487/571/567 481/613/609 486/614/610
f 487/571/567 486/614/610 460/572/568
f 460/572/568 486/614/610 461/615/611
f 460/572/568 461/615/611 440/573/569
f 440/573/569 461/615/611 441/616/612
f 440/573/569 441/616/612 419/574/570
f 419/574/570 441/616/612 420/617/613
f 419/574/570 420/617/613 398/575/571
f 398/575/571 420/617/613 399/618/614
f 398/575/571 399/618/614 377/576/572
f 377/576/572 399/618/614 378/619/615
f 377/576/572 378/619/615 335/577/573
f 335/577/573 378/619/615 336/620/616
f 335/577/573 336/620/616 342/578/574
f 342/578/574 336/620/616 341/621/617
f 342/578/574 341/621/617 293/579/575
f 293/579/575 341/621/617 294/141/140
f 293/579/575 294/141/140 300/139/138
f 16/580/576 17/622/618 73/581/577
f 73/581/577 17/622/618 72/623/619
f 73/581/577 72/623/619 1146/582/578
f 1146/582/578 72/623/619 1147/624/620
f 1146/582/578 1147/624/620 1125/583/579
f 1125/583/579 1147/624/620 1126/625/621
f 1125/583/579 1126/625/621 1104/584/580
f 1104/584/580 1126/625/621 1105/626/622
f 1104/584/580 1105/626/622 1083/585/581
f 1083/585/581 1105/626/622 1084/627/623
f 1083/585/581 1084/627/623 1062/586/582
f 1062/586/582 1084/627/623 1063/628/624
f 1062/586/582 1063/628/624 1041/587/583
f 1041/587/583 1063/628/624 1042/629/625
f 1041/587/583 1042/629/625 999/588/584
f 999/588/584 1042/629/625 1000/630/626
f 999/588/584 1000/630/626 1004/589/585
f 1004/589/585 1000/630/626 1003/631/627
f 1004/589/585 1003/631/627 978/590/586
f 978/590/586 1003/631/627 979/632/628
f 978/590/586 979/632/628 958/591/587
f 958/591/587 979/632/628 959/633/629
f 958/591/587 959/633/629 937/592/588
f 937/592/588 959/633/629 938/634/630
f 937/592/588 938/634/630 916/593/589
f 916/593/589 938/634/630 917/635/631
f 916/593/589 917/635/631 895/594/590
f 895/594/590 917/635/631 896/636/632
f 895/594/590 896/636/632 853/595/591
f 853/595/591 896/636/632 854/637/633
f 853/595/591 854/637/633 858/596/592
f 858/596/592 854/637/633 857/638/634
f 858/596/592 857/638/634 811/597/593
f 811/597/593 857/638/634 812/639/635
f 811/597/593 812/639/635 816/598/594
f 816/598/594 812/639/635 815/640/636
f 816/598/594 815/640/636 770/599/595
f 770/599/595 815/640/636 771/641/637
f 770/599/595 771/641/637 775/600/596
f 775/600/596 771/641/637 774/642/638
f 775/600/596 774/642/638 750/601/597
f 750/601/597 774/642/638 751/643/639
f 750/601/597 751/643/639 730/602/598
f 730/602/598 751/643/639 731/644/640
f 730/602/598 731/644/640 709/603/599
f 709/603/599 731/644/640 710/645/641
f 709/603/599 710/645/641 688/604/600
f 688/604/600 710/645/641 689/646/642
f 688/604/600 689/646/642 646/605/601
f 646/605/601 689/646/642 647/647/643
f 646/605/601 647/647/643 651/606/602
f 651/606/602 647/647/643 650/648/644
f 651/606/602 650/648/644 604/607/603
f 604/607/603 650/648/644 605/649/645
f 604/607/603 605/649/645 609/608/604
f 609/608/604 605/649/645 608/650/646
f 609/608/604 608/650/646 563/609/605
f 563/609/605 608/650/646 564/651/647
f 563/609/605 564/651/647 568/610/606
f 568/610/606 564/651/647 567/652/648
f 568/610/606 567/652/648 522/611/607
f 522/611/607 567/652/648 523/653/649
f 522/611/607 523/653/649 527/612/608
f 527/612/608 523/653/649 526/654/650
f 527/612/608 526/654/650 481/613/609
f 481/613/609 526/654/650 482/655/651
f 481/613/609 482/655/651 486/614/610
f 486/614/610 482/655/651 485/656/652
f 486/614/610 485/656/652 461/615/611
f 461/615/611 485/656/652 462/657/653
f 461/615/611 462/657/653 441/616/612
f 441/616/612 462/657/653 442/658/654
f 441/616/612 442/658/654 420/617/613
f 420/617/613 442/658/654 421/659/655
f 420/617/613 421/659/655 399/618/614
f 399/618/614 421/659/655 400/660/656
f 399/618/614 400/660/656 378/619/615
f 378/619/615 400/660/656 379/661/657
f 378/619/615 379/661/657 336/620/616
f 336/620/616 379/661/657 337/662/658
f 336/620/616 337/662/658 341/621/617
f 341/621/617 337/662/658 340/143/142
f 341/621/617 340/143/142 294/141/140
f 17/622/618 18/663/659 72/623/619
f 72/623/619 18/663/659 71/664/660
f 72/623/619 71/664/660 1147/624/620
f 1147/624/620 71/664/660 1148/665/661
f 1147/624/620 1148/665/661 1126/625/621
f 1126/625/621 1148/665/661 1127/666/662
f 1126/625/621 1127/666/662 1105/626/622
f 1105/626/622 1127/666/662 1106/667/663
f 1105/626/622 1106/667/663 1084/627/623
f 1084/627/623 1106/667/663 1085/668/664
f 1084/627/623 1085/668/664 1063/628/624
f 1063/628/624 1085/668/664 1064/669/665
f 1063/628/624 1064/669/665 1042/629/625
f 1042/629/625 1064/669/665 1043/670/666
f 1042/629/625 1043/670/666 1000/630/626
f 1000/630/626 1043/670/666 1001/671/667
f 1000/630/626 1001/671/667 1003/631/627
f 1003/631/627 1001/671/667 1002/672/668
f 1003/631/627 1002/672/668 979/632/628
f 979/632/628 1002/672/668 980/673/669
f 979/632/628 980/673/669 959/633/629
f 959/633/629 980/673/669 960/674/670
f 959/633/629 960/674/670 938/634/630
f 938/634/630 960/674/670 939/675/671
f 938/634/630 939/675/671 917/635/631
f 917/635/631 939/675/671 918/676/672
f 917/635/631 918/676/672 896/636/632
f 896/636/632 918/676/672 897/677/673
f 896/636/632 897/677/673 854/637/633
f 854/637/633 897/677/673 855/678/674
f 854/637/633 855/678/674 857/638/634
f 857/638/634 855/678/674 856/679/675
f 857/638/634 856/679/675 812/639/635
f 812/639/635 856/679/675 813/680/676
f 812/639/635 813/680/676 815/640/636
f 815/640/636 813/680/676 814/681/677
f 815/640/636 814/681/677 771/641/637
f 771/641/637 814/681/677 772/682/678
f 771/641/637 772/682/678 774/642/638
f 774/642/638 772/682/678 773/683/679
f 774/642/638 773/683/679 751/643/639
f 751/643/639 773/683/679 752/684/680
f 751/643/639 752/684/680 731/644/640
f 731/644/640 752/684/680 732/685/681
f 731/644/640 732/685/681 710/645/641
f 710/645/641 732/685/681 711/686/682
f 710/645/641 711/686/682 689/646/642
f 689/646/642 711/686/682 690/687/683
f 689/646/642 690/687/683 647/647/643
f 647/647/643 690/687/683 648/688/684
f 647/647/643 648/688/684 650/648/644
f 650/648/644 648/688/684 649/689/685
f 650/648/644 649/689/685 605/649/645
f 605/649/645 649/689/685 606/690/686
f 605/649/645 606/690/686 608/650/646
f 608/650/646 606/690/686 607/691/687
f 608/650/646 607/691/687 564/651/647
f 564/651/647 607/691/687 565/692/688
f 564/651/647 565/692/688 567/652/648
f 567/652/648 565/692/688 566/693/689
f 567/652/648 566/693/689 523/653/649
f 523/653/649 566/693/689 524/694/690
f 523/653/649 524/694/690 526/654/650
f 526/654/650 524/694/690 525/695/691
f 526/654/650 525/695/691 482/655/651
f 482/655/651 525/695/691 483/696/692
f 482/655/651 483/696/692 485/656/652
f 485/656/652 483/696/692 484/697/693
f 485/656/652 484/697/693 462/657/653
f 462/657/653 484/697/693 463/698/694
f 462/657/653 463/698/694 442/658/654
f 442/658/654 463/698/694 443/699/695
f 442/658/654 443/699/695 421/659/655
f 421/659/655 443/699/695 422/700/696
f 421/659/655 422/700/696 400/660/656
f 400/660/656 422/700/696 401/701/697
f 400/660/656 401/701/697 379/661/657
f 379/661/657 401/701/697 380/702/698
f 379/661/657 380/702/698 337/662/658
f 337/662/658 380/702/698 338/145/144
f 337/662/658 338/145/144 340/143/142
f 18/663/659 19/703/699 71/664/660
f 17/704/618 111/705/700 18/706/659
f 18/706/659 111/705/700 112/707/701
f 18/706/659 112/707/701 19/708/702
f 111/705/700 17/704/618 110/709/703
f 110/709/703 17/704/618 16/710/576
f 110/709/703 16/710/576 109/711/704
f 109/711/704 16/710/576 15/712/533
f 109/711/704 15/712/533 108/713/705
f 108/713/705 15/712/533 14/714/489
f 108/713/705 14/714/489 107/715/706
f 107/715/706 14/714/489 13/716/444
f 107/715/706 13/716/444 106/717/707
f 106/717/707 13/716/444 12/718/398
f 106/717/707 12/718/398 105/719/708
f 105/719/708 12/718/398 11/720/304
f 105/719/708 11/720/304 104/721/709
f 104/721/709 11/720/304 103/722/710
f 104/721/709 103/722/710 125/723/711
f 125/723/711 103/722/710 124/724/712
f 125/723/711 124/724/712 145/725/713
f 145/725/713 124/724/712 144/126/125
f 145/725/713 144/126/125 182/128/127
f 11/720/304 10/726/302 103/722/710
f 103/722/710 10/726/302 102/727/714
f 103/722/710 102/727/714 124/724/712
f 124/724/712 102/727/714 123/124/123
f 124/724/712 123/124/123 144/126/125
f 10/726/302 9/728/300 102/727/714
f 102/727/714 9/728/300 101/122/121
f 102/727/714 101/122/121 123/124/123
f 9/728/300 8/120/119 101/122/121
f 96/113/113 5/115/10 95/729/715
f 95/729/715 5/115/10 4/730/8
f 95/729/715 4/730/8 94/731/716
f 94/731/716 4/730/8 3/732/6
f 94/731/716 3/732/6 93/733/717
f 93/733/717 3/732/6 2/734/4
f 93/733/717 2/734/4 92/735/718
f 92/735/718 2/734/4 1/736/2
f 92/735/718 1/736/2 20/737/719
f 92/735/718 20/737/719 113/738/720
f 113/738/720 20/737/719 21/739/721
f 113/738/720 21/739/721 70/740/722
f 70/740/722 21/739/721 22/741/723
f 70/740/722 22/741/723 194/742/724
f 194/742/724 22/741/723 69/743/725
f 194/742/724 69/743/725 154/744/726
f 154/744/726 69/743/725 234/745/727
f 154/744/726 234/745/727 233/746/728
f 233/746/728 234/745/727 196/747/729
f 233/746/728 196/747/729 197/748/730
f 197/748/730 196/747/729 273/749/731
f 197/748/730 273/749/731 272/99/99
f 272/99/99 273/749/731 239/97/97
f 22/741/723 23/750/732 69/743/725
f 69/743/725 23/750/732 235/751/733
f 69/743/725 235/751/733 234/745/727
f 234/745/727 235/751/733 195/752/734
f 234/745/727 195/752/734 196/747/729
f 196/747/729 195/752/734 274/753/735
f 196/747/729 274/753/735 273/749/731
f 273/749/731 274/753/735 238/754/736
f 273/749/731 238/754/736 239/97/97
f 239/97/97 238/754/736 313/95/95
f 235/751/733 23/750/732 68/755/737
f 68/755/737 23/750/732 24/756/738
f 68/755/737 24/756/738 276/757/739
f 276/757/739 24/756/738 67/758/740
f 276/757/739 67/758/740 236/759/741
f 236/759/741 67/758/740 316/760/742
f 236/759/741 316/760/742 315/761/743
f 315/761/743 316/760/742 278/762/744
f 315/761/743 278/762/744 279/763/745
f 279/763/745 278/762/744 356/764/746
f 279/763/745 356/764/746 355/91/91
f 355/91/91 356/764/746 322/89/89
f 24/756/738 25/765/747 67/758/740
f 67/758/740 25/765/747 317/766/748
f 67/758/740 317/766/748 316/760/742
f 316/760/742 317/766/748 277/767/749
f 316/760/742 277/767/749 278/762/744
f 278/762/744 277/767/749 357/768/750
f 278/762/744 357/768/750 356/764/746
f 356/764/746 357/768/750 321/769/751
f 356/764/746 321/769/751 322/89/89
f 322/89/89 321/769/751 364/87/87
f 317/766/748 25/765/747 66/770/752
f 66/770/752 25/765/747 26/771/753
f 66/770/752 26/771/753 359/772/754
f 359/772/754 26/771/753 318/773/755
f 359/772/754 318/773/755 319/774/756
f 319/774/756 318/773/755 361/775/757
f 319/774/756 361/775/757 362/776/758
f 362/776/758 361/775/757 383/777/759
f 362/776/758 383/777/759 384/778/760
f 384/778/760 383/777/759 405/779/761
f 384/778/760 405/779/761 406/83/83
f 406/83/83 405/779/761 427/81/81
f 26/771/753 27/780/762 318/773/755
f 318/773/755 27/780/762 360/781/763
f 318/773/755 360/781/763 361/775/757
f 361/775/757 360/781/763 382/782/764
f 361/775/757 382/782/764 383/777/759
f 383/777/759 382/782/764 404/783/765
f 383/777/759 404/783/765 405/779/761
f 405/779/761 404/783/765 426/784/766
f 405/779/761 426/784/766 427/81/81
f 427/81/81 426/784/766 447/79/79
f 27/780/762 28/785/767 360/781/763
f 360/781/763 28/785/767 381/786/768
f 360/781/763 381/786/768 382/782/764
f 382/782/764 381/786/768 403/787/769
f 382/782/764 403/787/769 404/783/765
f 404/783/765 403/787/769 425/788/770
f 404/783/765 425/788/770 426/784/766
f 426/784/766 425/788/770 446/789/771
f 426/784/766 446/789/771 447/79/79
f 447/79/79 446/789/771 500/77/77
f 28/785/767 29/790/772 381/786/768
f 381/786/768 29/790/772 402/791/773
f 381/786/768 402/791/773 403/787/769
f 403/787/769 402/791/773 424/792/774
f 403/787/769 424/792/774 425/788/770
f 425/788/770 424/792/774 445/793/775
f 425/788/770 445/793/775 446/789/771
f 446/789/771 445/793/775 501/794/776
f 446/789/771 501/794/776 500/77/77
f 500/77/77 501/794/776 467/75/75
f 29/790/772 30/795/777 402/791/773
f 402/791/773 30/795/777 423/796/778
f 402/791/773 423/796/778 424/792/774
f 424/792/774 423/796/778 444/797/779
f 424/792/774 444/797/779 445/793/775
f 445/793/775 444/797/779 502/798/780
f 445/793/775 502/798/780 501/794/776
f 501/794/776 502/798/780 466/799/781
f 501/794/776 466/799/781 467/75/75
f 467/75/75 466/799/781 541/73/73
f 30/795/777 31/800/782 423/796/778
f 423/796/778 31/800/782 65/801/783
f 423/796/778 65/801/783 444/797/779
f 444/797/779 65/801/783 503/802/784
f 444/797/779 503/802/784 502/798/780
f 502/798/780 503/802/784 465/803/785
f 502/798/780 465/803/785 466/799/781
f 466/799/781 465/803/785 542/804/786
f 466/799/781 542/804/786 541/73/73
f 541/73/73 542/804/786 508/71/71
f 31/800/782 32/805/787 65/801/783
f 65/801/783 32/805/787 504/806/788
f 65/801/783 504/806/788 503/802/784
f 503/802/784 504/806/788 464/807/789
f 503/802/784 464/807/789 465/803/785
f 465/803/785 464/807/789 543/808/790
f 465/803/785 543/808/790 542/804/786
f 542/804/786 543/808/790 507/809/791
f 542/804/786 507/809/791 508/71/71
f 508/71/71 507/809/791 582/69/69
f 504/806/788 32/805/787 64/810/792
f 64/810/792 32/805/787 33/811/793
f 64/810/792 33/811/793 545/812/794
f 545/812/794 33/811/793 63/813/795
f 545/812/794 63/813/795 505/814/796
f 505/814/796 63/813/795 585/815/797
f 505/814/796 585/815/797 584/816/798
f 584/816/798 585/815/797 547/817/799
f 584/816/798 547/817/799 548/818/800
f 548/818/800 547/817/799 624/819/801
f 548/818/800 624/819/801 623/65/65
f 623/65/65 624/819/801 590/63/63
f 33/811/793 34/820/802 63/813/795
f 63/813/795 34/820/802 586/821/803
f 63/813/795 586/821/803 585/815/797
f 585/815/797 586/821/803 546/822/804
f 585/815/797 546/822/804 547/817/799
f 547/817/799 546/822/804 625/823/805
f 547/817/799 625/823/805 624/819/801
f 624/819/801 625/823/805 589/824/806
f 624/819/801 589/824/806 590/63/63
f 590/63/63 589/824/806 665/61/61
f 586/821/803 34/820/802 62/825/807
f 62/825/807 34/820/802 35/826/808
f 62/825/807 35/826/808 627/827/809
f 627/827/809 35/826/808 61/828/810
f 627/827/809 61/828/810 587/829/811
f 587/829/811 61/828/810 668/830/812
f 587/829/811 668/830/812 667/831/813
f 667/831/813 668/830/812 630/832/814
f 667/831/813 630/832/814 631/833/815
f 631/833/815 630/832/814 673/834/816
f 631/833/815 673/834/816 674/57/57
f 674/57/57 673/834/816 695/55/55
f 35/826/808 36/835/817 61/828/810
f 61/828/810 36/835/817 669/836/818
f 61/828/810 669/836/818 668/830/812
f 668/830/812 669/836/818 629/837/819
f 668/830/812 629/837/819 630/832/814
f 630/832/814 629/837/819 672/838/820
f 630/832/814 672/838/820 673/834/816
f 673/834/816 672/838/820 694/839/821
f 673/834/816 694/839/821 695/55/55
f 695/55/55 694/839/821 716/53/53
f 669/836/818 36/835/817 628/840/822
f 628/840/822 36/835/817 37/841/823
f 628/840/822 37/841/823 670/842/824
f 670/842/824 37/841/823 38/843/825
f 670/842/824 38/843/825 691/844/826
f 691/844/826 38/843/825 39/845/827
f 691/844/826 39/845/827 712/846/828
f 712/846/828 39/845/827 40/847/829
f 712/846/828 40/847/829 60/848/830
f 60/848/830 40/847/829 41/849/831
f 60/848/830 41/849/831 793/850/832
f 793/850/832 41/849/831 59/851/833
f 793/850/832 59/851/833 753/852/834
f 753/852/834 59/851/833 833/853/835
f 753/852/834 833/853/835 832/854/836
f 832/854/836 833/853/835 795/855/837
f 832/854/836 795/855/837 796/856/838
f 796/856/838 795/855/837 873/857/839
f 796/856/838 873/857/839 872/41/41
f 872/41/41 873/857/839 839/39/39
f 41/849/831 42/858/840 59/851/833
f 59/851/833 42/858/840 834/859/841
f 59/851/833 834/859/841 833/853/835
f 833/853/835 834/859/841 794/860/842
f 833/853/835 794/860/842 795/855/837
f 795/855/837 794/860/842 874/861/843
f 795/855/837 874/861/843 873/857/839
f 873/857/839 874/861/843 838/862/844
f 873/857/839 838/862/844 839/39/39
f 839/39/39 838/862/844 881/37/37
f 834/859/841 42/858/840 58/863/845
f 58/863/845 42/858/840 43/864/846
f 58/863/845 43/864/846 876/865/847
f 876/865/847 43/864/846 835/866/848
f 876/865/847 835/866/848 836/867/849
f 836/867/849 835/866/848 878/868/850
f 836/867/849 878/868/850 879/869/851
f 879/869/851 878/868/850 900/870/852
f 879/869/851 900/870/852 901/871/853
f 901/871/853 900/870/852 922/872/854
f 901/871/853 922/872/854 923/33/33
f 923/33/33 922/872/854 944/31/31
f 43/864/846 44/873/855 835/866/848
f 835/866/848 44/873/855 877/874/856
f 835/866/848 877/874/856 878/868/850
f 878/868/850 877/874/856 899/875/857
f 878/868/850 899/875/857 900/870/852
f 900/870/852 899/875/857 921/876/858
f 900/870/852 921/876/858 922/872/854
f 922/872/854 921/876/858 943/877/859
f 922/872/854 943/877/859 944/31/31
f 944/31/31 943/877/859 964/29/29
f 44/873/855 45/878/860 877/874/856
f 877/874/856 45/878/860 898/879/861
f 877/874/856 898/879/861 899/875/857
f 899/875/857 898/879/861 920/880/862
f 899/875/857 920/880/862 921/876/858
f 921/876/858 920/880/862 942/881/863
f 921/876/858 942/881/863 943/877/859
f 943/877/859 942/881/863 963/882/864
f 943/877/859 963/882/864 964/29/29
f 964/29/29 963/882/864 1018/27/27
f 45/878/860 46/883/865 898/879/861
f 898/879/861 46/883/865 919/884/866
f 898/879/861 919/884/866 920/880/862
f 920/880/862 919/884/866 941/885/867
f 920/880/862 941/885/867 942/881/863
f 942/881/863 941/885/867 962/886/868
f 942/881/863 962/886/868 963/882/864
f 963/882/864 962/886/868 1019/887/869
f 963/882/864 1019/887/869 1018/27/27
f 1018/27/27 1019/887/869 985/25/25
f 46/883/865 47/888/870 919/884/866
f 919/884/866 47/888/870 940/889/871
f 919/884/866 940/889/871 941/885/867
f 941/885/867 940/889/871 961/890/872
f 941/885/867 961/890/872 962/886/868
f 962/886/868 961/890/872 1020/891/873
f 962/886/868 1020/891/873 1019/887/869
f 1019/887/869 1020/891/873 984/892/874
f 1019/887/869 984/892/874 985/25/25
f 985/25/25 984/892/874 1027/23/23
f 47/888/870 48/893/875 940/889/871
f 940/889/871 48/893/875 57/894/876
f 940/889/871 57/894/876 961/890/872
f 961/890/872 57/894/876 1021/895/877
f 961/890/872 1021/895/877 1020/891/873
f 1020/891/873 1021/895/877 983/896/878
f 1020/891/873 983/896/878 984/892/874
f 984/892/874 983/896/878 1026/897/879
f 984/892/874 1026/897/879 1027/23/23
f 1027/23/23 1026/897/879 1048/21/21
f 48/893/875 49/898/880 57/894/876
f 57/894/876 49/898/880 1022/899/881
f 57/894/876 1022/899/881 1021/895/877
f 1021/895/877 1022/899/881 982/900/882
f 1021/895/877 982/900/882 983/896/878
f 983/896/878 982/900/882 1025/901/883
f 983/896/878 1025/901/883 1026/897/879
f 1026/897/879 1025/901/883 1047/902/884
f 1026/897/879 1047/902/884 1048/21/21
f 1048/21/21 1047/902/884 1069/19/19
f 1022/899/881 49/898/880 981/903/885
f 981/903/885 49/898/880 50/904/886
f 981/903/885 50/904/886 1023/905/887
f 1023/905/887 50/904/886 51/906/888
f 1023/905/887 51/906/888 1044/907/889
f 1044/907/889 51/906/888 52/908/890
f 1044/907/889 52/908/890 1065/909/891
f 1065/909/891 52/908/890 53/910/892
f 1065/909/891 53/910/892 1086/911/893
f 1086/911/893 53/910/892 54/912/894
f 1086/911/893 54/912/894 1107/913/895
f 1107/913/895 54/912/894 55/914/896
f 1107/913/895 55/914/896 1128/915/897
f 1128/915/897 55/914/896 56/1/1
f 1128/915/897 56/1/1 91/3/3
f 71/664/660 19/916/898 1148/665/661
f 1148/665/661 19/917/899 1127/666/662
f 1127/666/662 19/918/900 1106/667/663
f 1106/667/663 19/919/901 1085/668/664
f 1085/668/664 19/920/902 1064/669/665
f 1064/669/665 19/921/903 1043/670/666
f 1043/670/666 19/922/904 1001/671/667
f 1001/671/667 19/923/905 1002/672/668
f 1002/672/668 19/924/906 980/673/669
f 980/673/669 19/925/907 960/674/670
f 960/674/670 19/926/908 939/675/671
f 939/675/671 19/927/909 918/676/672
f 918/676/672 19/928/910 897/677/673
f 855/678/674 19/929/911 856/679/675
f 856/679/675 19/930/912 813/680/676
f 813/680/676 19/931/913 814/681/677
f 814/681/677 19/932/914 772/682/678
f 772/682/678 19/933/915 773/683/679
f 773/683/679 19/934/916 752/684/680
f 752/684/680 19/935/917 732/685/681
f 732/685/681 19/936/918 711/686/682
f 711/686/682 19/937/919 690/687/683
f 690/687/683 19/938/920 648/688/684
f 648/688/684 19/939/921 649/689/685
f 649/689/685 19/940/922 606/690/686
f 606/690/686 19/941/923 607/691/687
f 607/691/687 19/942/924 565/692/688
f 565/692/688 19/943/925 566/693/689
f 566/693/689 19/944/926 524/694/690
f 524/694/690 19/945/927 525/695/691
f 525/695/691 19/946/928 483/696/692
f 483/696/692 19/947/929 484/697/693
f 463/698/694 19/948/930 443/699/695
f 443/699/695 19/949/931 422/700/696
f 422/700/696 19/950/932 401/701/697
f 401/701/697 19/951/933 380/702/698
f 380/702/698 19/952/934 338/145/144
f 339/144/143 19/953/935 296/954/936
f 296/954/936 19/955/937 297/956/938
f 297/956/938 19/957/939 255/958/940
f 255/958/940 19/959/941 256/960/942
f 256/960/942 19/961/943 214/962/944
f 214/962/944 19/963/945 215/964/946
f 215/964/946 19/965/947 173/966/948
f 173/966/948 19/967/949 174/968/950
f 174/968/950 19/969/951 153/970/952
f 153/970/952 19/971/953 133/972/954
f 133/972/954 19/973/955 112/707/701
f 897/677/673 19/974/956 855/678/674
f 484/697/693 19/975/957 463/698/694
f 80/307/303 79/309/305 1139/976/958
f 1139/976/958 79/309/305 1140/311/307
f 1139/976/958 1140/311/307 1118/977/959
f 1118/977/959 1140/311/307 1119/313/309
f 1118/977/959 1119/313/309 1097/978/960
f 1097/978/960 1119/313/309 1098/315/311
f 1097/978/960 1098/315/311 1076/979/961
f 1076/979/961 1098/315/311 1077/317/313
f 1076/979/961 1077/317/313 1055/980/962
f 1055/980/962 1077/317/313 1056/319/315
f 1055/980/962 1056/319/315 1034/981/963
f 1034/981/963 1056/319/315 1035/321/317
f 1034/981/963 1035/321/317 992/982/964
f 992/982/964 1035/321/317 993/323/319
f 992/982/964 993/323/319 1011/983/965
f 1011/983/965 993/323/319 1010/325/321
f 1011/983/965 1010/325/321 971/984/966
f 971/984/966 1010/325/321 972/327/323
f 971/984/966 972/327/323 951/985/967
f 951/985/967 972/327/323 952/329/325
f 951/985/967 952/329/325 930/986/968
f 930/986/968 952/329/325 931/331/327
f 930/986/968 931/331/327 909/987/969
f 909/987/969 931/331/327 910/333/329
f 909/987/969 910/333/329 888/988/970
f 888/988/970 910/333/329 889/335/331
f 888/988/970 889/335/331 846/989/971
f 846/989/971 889/335/331 847/337/333
f 846/989/971 847/337/333 865/990/972
f 865/990/972 847/337/333 864/339/335
f 865/990/972 864/339/335 804/991/973
f 804/991/973 864/339/335 805/341/337
f 804/991/973 805/341/337 823/992/974
f 823/992/974 805/341/337 822/343/339
f 823/992/974 822/343/339 763/993/975
f 763/993/975 822/343/339 764/345/341
f 763/993/975 764/345/341 782/994/976
f 782/994/976 764/345/341 781/347/343
f 782/994/976 781/347/343 743/995/977
f 743/995/977 781/347/343 744/349/345
f 743/995/977 744/349/345 723/996/978
f 723/996/978 744/349/345 724/351/347
f 723/996/978 724/351/347 702/997/979
f 702/997/979 724/351/347 703/353/349
f 702/997/979 703/353/349 681/998/980
f 681/998/980 703/353/349 682/355/351
f 681/998/980 682/355/351 639/999/981
f 639/999/981 682/355/351 640/357/353
f 639/999/981 640/357/353 658/1000/982
f 658/1000/982 640/357/353 657/359/355
f 658/1000/982 657/359/355 597/1001/983
f 597/1001/983 657/359/355 598/361/357
f 597/1001/983 598/361/357 616/1002/984
f 616/1002/984 598/361/357 615/363/359
f 616/1002/984 615/363/359 556/1003/985
f 556/1003/985 615/363/359 557/365/361
f 556/1003/985 557/365/361 575/1004/986
f 575/1004/986 557/365/361 574/367/363
f 575/1004/986 574/367/363 515/1005/987
f 515/1005/987 574/367/363 516/369/365
f 515/1005/987 516/369/365 534/1006/988
f 534/1006/988 516/369/365 533/371/367
f 534/1006/988 533/371/367 474/1007/989
f 474/1007/989 533/371/367 475/373/369
f 474/1007/989 475/373/369 493/1008/990
f 493/1008/990 475/373/369 492/375/371
f 493/1008/990 492/375/371 454/1009/991
f 454/1009/991 492/375/371 455/377/373
f 454/1009/991 455/377/373 434/1010/992
f 434/1010/992 455/377/373 435/379/375
f 434/1010/992 435/379/375 413/1011/993
f 413/1011/993 435/379/375 414/381/377
f 413/1011/993 414/381/377 392/1012/994
f 392/1012/994 414/381/377 393/383/379
f 392/1012/994 393/383/379 371/1013/995
f 371/1013/995 393/383/379 372/385/381
f 371/1013/995 372/385/381 329/1014/996
f 329/1014/996 372/385/381 330/387/383
f 329/1014/996 330/387/383 348/1015/997
f 348/1015/997 330/387/383 347/389/385
f 348/1015/997 347/389/385 287/1016/998
f 287/1016/998 347/389/385 288/391/387
f 287/1016/998 288/391/387 306/1017/999
f 306/1017/999 288/391/387 305/393/389
f 306/1017/999 305/393/389 246/1018/1000
f 246/1018/1000 305/393/389 247/395/391
f 246/1018/1000 247/395/391 265/1019/1001
f 265/1019/1001 247/395/391 264/397/393
f 265/1019/1001 264/397/393 205/1020/1002
f 205/1020/1002 264/397/393 206/399/395
f 205/1020/1002 206/399/395 224/1021/1003
f 224/1021/1003 206/399/395 223/401/397
f 224/1021/1003 223/401/397 164/1022/1004
f 164/1022/1004 223/401/397 165/129/128
f 164/1022/1004 165/129/128 183/127/126
f 81/305/301 80/307/303 1138/1023/1005
f 1138/1023/1005 80/307/303 1139/976/958
f 1138/1023/1005 1139/976/958 1117/1024/1006
f 1117/1024/1006 1139/976/958 1118/977/959
f 1117/1024/1006 1118/977/959 1096/1025/1007
f 1096/1025/1007 1118/977/959 1097/978/960
f 1096/1025/1007 1097/978/960 1075/1026/1008
f 1075/1026/1008 1097/978/960 1076/979/961
f 1075/1026/1008 1076/979/961 1054/1027/1009
f 1054/1027/1009 1076/979/961 1055/980/962
f 1054/1027/1009 1055/980/962 1033/1028/1010
f 1033/1028/1010 1055/980/962 1034/981/963
f 1033/1028/1010 1034/981/963 991/1029/1011
f 991/1029/1011 1034/981/963 992/982/964
f 991/1029/1011 992/982/964 1012/1030/1012
f 1012/1030/1012 992/982/964 1011/983/965
f 1012/1030/1012 1011/983/965 970/1031/1013
f 970/1031/1013 1011/983/965 971/984/966
f 970/1031/1013 971/984/966 950/1032/1014
f 950/1032/1014 971/984/966 951/985/967
f 950/1032/1014 951/985/967 929/1033/1015
f 929/1033/1015 951/985/967 930/986/968
f 929/1033/1015 930/986/968 908/1034/1016
f 908/1034/1016 930/986/968 909/987/969
f 908/1034/1016 909/987/969 887/1035/1017
f 887/1035/1017 909/987/969 888/988/970
f 887/1035/1017 888/988/970 845/1036/1018
f 845/1036/1018 888/988/970 846/989/971
f 845/1036/1018 846/989/971 866/1037/1019
f 866/1037/1019 846/989/971 865/990/972
f 866/1037/1019 865/990/972 803/1038/1020
f 803/1038/1020 865/990/972 804/991/973
f 803/1038/1020 804/991/973 824/1039/1021
f 824/1039/1021 804/991/973 823/992/974
f 824/1039/1021 823/992/974 762/1040/1022
f 762/1040/1022 823/992/974 763/993/975
f 762/1040/1022 763/993/975 783/1041/1023
f 783/1041/1023 763/993/975 782/994/976
f 783/1041/1023 782/994/976 742/1042/1024
f 742/1042/1024 782/994/976 743/995/977
f 742/1042/1024 743/995/977 722/1043/1025
f 722/1043/1025 743/995/977 723/996/978
f 722/1043/1025 723/996/978 701/1044/1026
f 701/1044/1026 723/996/978 702/997/979
f 701/1044/1026 702/997/979 680/1045/1027
f 680/1045/1027 702/997/979 681/998/980
f 680/1045/1027 681/998/980 638/1046/1028
f 638/1046/1028 681/998/980 639/999/981
f 638/1046/1028 639/999/981 659/1047/1029
f 659/1047/1029 639/999/981 658/1000/982
f 659/1047/1029 658/1000/982 596/1048/1030
f 596/1048/1030 658/1000/982 597/1001/983
f 596/1048/1030 597/1001/983 617/1049/1031
f 617/1049/1031 597/1001/983 616/1002/984
f 617/1049/1031 616/1002/984 555/1050/1032
f 555/1050/1032 616/1002/984 556/1003/985
f 555/1050/1032 556/1003/985 576/1051/1033
f 576/1051/1033 556/1003/985 575/1004/986
f 576/1051/1033 575/1004/986 514/1052/1034
f 514/1052/1034 575/1004/986 515/1005/987
f 514/1052/1034 515/1005/987 535/1053/1035
f 535/1053/1035 515/1005/987 534/1006/988
f 535/1053/1035 534/1006/988 473/1054/1036
f 473/1054/1036 534/1006/988 474/1007/989
f 473/1054/1036 474/1007/989 494/1055/1037
f 494/1055/1037 474/1007/989 493/1008/990
f 494/1055/1037 493/1008/990 453/1056/1038
f 453/1056/1038 493/1008/990 454/1009/991
f 453/1056/1038 454/1009/991 433/1057/1039
f 433/1057/1039 454/1009/991 434/1010/992
f 433/1057/1039 434/1010/992 412/1058/1040
f 412/1058/1040 434/1010/992 413/1011/993
f 412/1058/1040 413/1011/993 391/1059/1041
f 391/1059/1041 413/1011/993 392/1012/994
f 391/1059/1041 392/1012/994 370/1060/1042
f 370/1060/1042 392/1012/994 371/1013/995
f 370/1060/1042 371/1013/995 328/1061/1043
f 328/1061/1043 371/1013/995 329/1014/996
f 328/1061/1043 329/1014/996 349/1062/1044
f 349/1062/1044 329/1014/996 348/1015/997
f 349/1062/1044 348/1015/997 286/1063/1045
f 286/1063/1045 348/1015/997 287/1016/998
f 286/1063/1045 287/1016/998 307/1064/1046
f 307/1064/1046 287/1016/998 306/1017/999
f 307/1064/1046 306/1017/999 245/1065/1047
f 245/1065/1047 306/1017/999 246/1018/1000
f 245/1065/1047 246/1018/1000 266/1066/1048
f 266/1066/1048 246/1018/1000 265/1019/1001
f 266/1066/1048 265/1019/1001 204/1067/1049
f 204/1067/1049 265/1019/1001 205/1020/1002
f 204/1067/1049 205/1020/1002 225/1068/1050
f 225/1068/1050 205/1020/1002 224/1021/1003
f 225/1068/1050 224/1021/1003 163/1069/1051
f 163/1069/1051 224/1021/1003 164/1022/1004
f 163/1069/1051 164/1022/1004 184/1070/1052
f 184/1070/1052 164/1022/1004 183/127/126
f 184/1070/1052 183/127/126 143/125/124
f 1136/253/249 83/252/248 82/303/299
f 82/303/299 81/305/301 1137/1071/1053
f 1137/1071/1053 81/305/301 1138/1023/1005
f 1137/1071/1053 1138/1023/1005 1116/1072/1054
f 1116/1072/1054 1138/1023/1005 1117/1024/1006
f 1116/1072/1054 1117/1024/1006 1095/1073/1055
f 1095/1073/1055 1117/1024/1006 1096/1025/1007
f 1095/1073/1055 1096/1025/1007 1074/1074/1056
f 1074/1074/1056 1096/1025/1007 1075/1026/1008
f 1074/1074/1056 1075/1026/1008 1053/1075/1057
f 1053/1075/1057 1075/1026/1008 1054/1027/1009
f 1053/1075/1057 1054/1027/1009 1032/1076/1058
f 1032/1076/1058 1054/1027/1009 1033/1028/1010
f 1032/1076/1058 1033/1028/1010 990/1077/1059
f 990/1077/1059 1033/1028/1010 991/1029/1011
f 990/1077/1059 991/1029/1011 1013/1078/1060
f 1013/1078/1060 991/1029/1011 1012/1030/1012
f 1013/1078/1060 1012/1030/1012 969/1079/1061
f 969/1079/1061 1012/1030/1012 970/1031/1013
f 969/1079/1061 970/1031/1013 949/1080/1062
f 949/1080/1062 970/1031/1013 950/1032/1014
f 949/1080/1062 950/1032/1014 928/1081/1063
f 928/1081/1063 950/1032/1014 929/1033/1015
f 928/1081/1063 929/1033/1015 907/1082/1064
f 907/1082/1064 929/1033/1015 908/1034/1016
f 907/1082/1064 908/1034/1016 886/1083/1065
f 886/1083/1065 908/1034/1016 887/1035/1017
f 886/1083/1065 887/1035/1017 844/1084/1066
f 844/1084/1066 887/1035/1017 845/1036/1018
f 844/1084/1066 845/1036/1018 867/1085/1067
f 867/1085/1067 845/1036/1018 866/1037/1019
f 867/1085/1067 866/1037/1019 802/1086/1068
f 802/1086/1068 866/1037/1019 803/1038/1020
f 802/1086/1068 803/1038/1020 825/1087/1069
f 825/1087/1069 803/1038/1020 824/1039/1021
f 825/1087/1069 824/1039/1021 761/1088/1070
f 761/1088/1070 824/1039/1021 762/1040/1022
f 761/1088/1070 762/1040/1022 784/1089/1071
f 784/1089/1071 762/1040/1022 783/1041/1023
f 784/1089/1071 783/1041/1023 741/1090/1072
f 741/1090/1072 783/1041/1023 742/1042/1024
f 741/1090/1072 742/1042/1024 721/1091/1073
f 721/1091/1073 742/1042/1024 722/1043/1025
f 721/1091/1073 722/1043/1025 700/1092/1074
f 700/1092/1074 722/1043/1025 701/1044/1026
f 700/1092/1074 701/1044/1026 679/1093/1075
f 679/1093/1075 701/1044/1026 680/1045/1027
f 679/1093/1075 680/1045/1027 637/1094/1076
f 637/1094/1076 680/1045/1027 638/1046/1028
f 637/1094/1076 638/1046/1028 660/1095/1077
f 660/1095/1077 638/1046/1028 659/1047/1029
f 660/1095/1077 659/1047/1029 595/1096/1078
f 595/1096/1078 659/1047/1029 596/1048/1030
f 595/1096/1078 596/1048/1030 618/1097/1079
f 618/1097/1079 596/1048/1030 617/1049/1031
f 618/1097/1079 617/1049/1031 554/1098/1080
f 554/1098/1080 617/1049/1031 555/1050/1032
f 554/1098/1080 555/1050/1032 577/1099/1081
f 577/1099/1081 555/1050/1032 576/1051/1033
f 577/1099/1081 576/1051/1033 513/1100/1082
f 513/1100/1082 576/1051/1033 514/1052/1034
f 513/1100/1082 514/1052/1034 536/1101/1083
f 536/1101/1083 514/1052/1034 535/1053/1035
f 536/1101/1083 535/1053/1035 472/1102/1084
f 472/1102/1084 535/1053/1035 473/1054/1036
f 472/1102/1084 473/1054/1036 495/1103/1085
f 495/1103/1085 473/1054/1036 494/1055/1037
f 495/1103/1085 494/1055/1037 452/1104/1086
f 452/1104/1086 494/1055/1037 453/1056/1038
f 452/1104/1086 453/1056/1038 432/1105/1087
f 432/1105/1087 453/1056/1038 433/1057/1039
f 432/1105/1087 433/1057/1039 411/1106/1088
f 411/1106/1088 433/1057/1039 412/1058/1040
f 411/1106/1088 412/1058/1040 390/1107/1089
f 390/1107/1089 412/1058/1040 391/1059/1041
f 390/1107/1089 391/1059/1041 369/1108/1090
f 369/1108/1090 391/1059/1041 370/1060/1042
f 369/1108/1090 370/1060/1042 327/1109/1091
f 327/1109/1091 370/1060/1042 328/1061/1043
f 327/1109/1091 328/1061/1043 350/1110/1092
f 350/1110/1092 328/1061/1043 349/1062/1044
f 350/1110/1092 349/1062/1044 285/1111/1093
f 285/1111/1093 349/1062/1044 286/1063/1045
f 285/1111/1093 286/1063/1045 308/1112/1094
f 308/1112/1094 286/1063/1045 307/1064/1046
f 308/1112/1094 307/1064/1046 244/1113/1095
f 244/1113/1095 307/1064/1046 245/1065/1047
f 244/1113/1095 245/1065/1047 267/1114/1096
f 267/1114/1096 245/1065/1047 266/1066/1048
f 267/1114/1096 266/1066/1048 203/1115/1097
f 203/1115/1097 266/1066/1048 204/1067/1049
f 203/1115/1097 204/1067/1049 226/1116/1098
f 226/1116/1098 204/1067/1049 225/1068/1050
f 226/1116/1098 225/1068/1050 162/1117/1099
f 162/1117/1099 225/1068/1050 163/1069/1051
f 162/1117/1099 163/1069/1051 185/1118/1100
f 185/1118/1100 163/1069/1051 184/1070/1052
f 185/1118/1100 184/1070/1052 142/1119/1101
f 142/1119/1101 184/1070/1052 143/125/124
f 142/1119/1101 143/125/124 122/123/122
f 88/9/9 87/11/11 1131/1120/1102
f 1131/1120/1102 87/11/11 1132/13/13
f 1131/1120/1102 1132/13/13 1110/1121/1103
f 1110/1121/1103 1132/13/13 1111/15/15
f 1110/1121/1103 1111/15/15 1089/1122/1104
f 1089/1122/1104 1111/15/15 1090/17/17
f 1089/1122/1104 1090/17/17 1068/1123/1105
f 1068/1123/1105 1090/17/17 1069/19/19
f 1068/1123/1105 1069/19/19 1047/902/884
f 89/7/7 88/9/9 1130/1124/1106
f 1130/1124/1106 88/9/9 1131/1120/1102
f 1130/1124/1106 1131/1120/1102 1109/1125/1107
f 1109/1125/1107 1131/1120/1102 1110/1121/1103
f 1109/1125/1107 1110/1121/1103 1088/1126/1108
f 1088/1126/1108 1110/1121/1103 1089/1122/1104
f 1088/1126/1108 1089/1122/1104 1067/1127/1109
f 1067/1127/1109 1089/1122/1104 1068/1123/1105
f 1067/1127/1109 1068/1123/1105 1046/1128/1110
f 1046/1128/1110 1068/1123/1105 1047/902/884
f 1046/1128/1110 1047/902/884 1025/901/883
f 1128/915/897 91/3/3 90/5/5
f 90/5/5 89/7/7 1129/1129/1111
f 1129/1129/1111 89/7/7 1130/1124/1106
f 1129/1129/1111 1130/1124/1106 1108/1130/1112
f 1108/1130/1112 1130/1124/1106 1109/1125/1107
f 1108/1130/1112 1109/1125/1107 1087/1131/1113
f 1087/1131/1113 1109/1125/1107 1088/1126/1108
f 1087/1131/1113 1088/1126/1108 1066/1132/1114
f 1066/1132/1114 1088/1126/1108 1067/1127/1109
f 1066/1132/1114 1067/1127/1109 1045/1133/1115
f 1045/1133/1115 1067/1127/1109 1046/1128/1110
f 1045/1133/1115 1046/1128/1110 1024/1134/1116
f 1024/1134/1116 1046/1128/1110 1025/901/883
f 1024/1134/1116 1025/901/883 982/900/882
f 93/733/717 92/735/718 114/1135/1117
f 114/1135/1117 92/735/718 113/738/720
f 114/1135/1117 113/738/720 134/1136/1118
f 134/1136/1118 113/738/720 70/740/722
f 134/1136/1118 70/740/722 193/1137/1119
f 193/1137/1119 70/740/722 194/742/724
f 193/1137/1119 194/742/724 154/744/726
f 94/731/716 93/733/717 115/1138/1120
f 115/1138/1120 93/733/717 114/1135/1117
f 115/1138/1120 114/1135/1117 135/1139/1121
f 135/1139/1121 114/1135/1117 134/1136/1118
f 135/1139/1121 134/1136/1118 192/1140/1122
f 192/1140/1122 134/1136/1118 193/1137/1119
f 192/1140/1122 193/1137/1119 155/1141/1123
f 155/1141/1123 193/1137/1119 154/744/726
f 155/1141/1123 154/744/726 233/746/728
f 117/111/111 96/113/113 95/729/715
f 95/729/715 94/731/716 116/1142/1124
f 116/1142/1124 94/731/716 115/1138/1120
f 116/1142/1124 115/1138/1120 136/1143/1125
f 136/1143/1125 115/1138/1120 135/1139/1121
f 136/1143/1125 135/1139/1121 191/1144/1126
f 191/1144/1126 135/1139/1121 192/1140/1122
f 191/1144/1126 192/1140/1122 156/1145/1127
f 156/1145/1127 192/1140/1122 155/1141/1123
f 156/1145/1127 155/1141/1123 232/1146/1128
f 232/1146/1128 155/1141/1123 233/746/728
f 232/1146/1128 233/746/728 197/748/730
f 122/123/122 100/121/120 121/302/298
f 105/719/708 104/721/709 126/1147/1129
f 126/1147/1129 104/721/709 125/723/711
f 126/1147/1129 125/723/711 146/1148/1130
f 146/1148/1130 125/723/711 145/725/713
f 146/1148/1130 145/725/713 181/1149/1131
f 181/1149/1131 145/725/713 182/128/127
f 181/1149/1131 182/128/127 166/130/129
f 106/717/707 105/719/708 127/1150/1132
f 127/1150/1132 105/719/708 126/1147/1129
f 127/1150/1132 126/1147/1129 147/1151/1133
f 147/1151/1133 126/1147/1129 146/1148/1130
f 147/1151/1133 146/1148/1130 180/1152/1134
f 180/1152/1134 146/1148/1130 181/1149/1131
f 180/1152/1134 181/1149/1131 167/1153/1135
f 167/1153/1135 181/1149/1131 166/130/129
f 167/1153/1135 166/130/129 221/132/131
f 107/715/706 106/717/707 128/1154/1136
f 128/1154/1136 106/717/707 127/1150/1132
f 128/1154/1136 127/1150/1132 148/1155/1137
f 148/1155/1137 127/1150/1132 147/1151/1133
f 148/1155/1137 147/1151/1133 179/1156/1138
f 179/1156/1138 147/1151/1133 180/1152/1134
f 179/1156/1138 180/1152/1134 168/1157/1139
f 168/1157/1139 180/1152/1134 167/1153/1135
f 168/1157/1139 167/1153/1135 220/1158/1140
f 220/1158/1140 167/1153/1135 221/132/131
f 220/1158/1140 221/132/131 209/134/133
f 108/713/705 107/715/706 129/1159/1141
f 129/1159/1141 107/715/706 128/1154/1136
f 129/1159/1141 128/1154/1136 149/1160/1142
f 149/1160/1142 128/1154/1136 148/1155/1137
f 149/1160/1142 148/1155/1137 178/1161/1143
f 178/1161/1143 148/1155/1137 179/1156/1138
f 178/1161/1143 179/1156/1138 169/1162/1144
f 169/1162/1144 179/1156/1138 168/1157/1139
f 169/1162/1144 168/1157/1139 219/1163/1145
f 219/1163/1145 168/1157/1139 220/1158/1140
f 219/1163/1145 220/1158/1140 210/1164/1146
f 210/1164/1146 220/1158/1140 209/134/133
f 210/1164/1146 209/134/133 260/136/135
f 109/711/704 108/713/705 130/1165/1147
f 130/1165/1147 108/713/705 129/1159/1141
f 130/1165/1147 129/1159/1141 150/1166/1148
f 150/1166/1148 129/1159/1141 149/1160/1142
f 150/1166/1148 149/1160/1142 177/1167/1149
f 177/1167/1149 149/1160/1142 178/1161/1143
f 177/1167/1149 178/1161/1143 170/1168/1150
f 170/1168/1150 178/1161/1143 169/1162/1144
f 170/1168/1150 169/1162/1144 218/1169/1151
f 218/1169/1151 169/1162/1144 219/1163/1145
f 218/1169/1151 219/1163/1145 211/1170/1152
f 211/1170/1152 219/1163/1145 210/1164/1146
f 211/1170/1152 210/1164/1146 259/1171/1153
f 259/1171/1153 210/1164/1146 260/136/135
f 259/1171/1153 260/136/135 252/138/137
f 110/709/703 109/711/704 131/1172/1154
f 131/1172/1154 109/711/704 130/1165/1147
f 131/1172/1154 130/1165/1147 151/1173/1155
f 151/1173/1155 130/1165/1147 150/1166/1148
f 151/1173/1155 150/1166/1148 176/1174/1156
f 176/1174/1156 150/1166/1148 177/1167/1149
f 176/1174/1156 177/1167/1149 171/1175/1157
f 171/1175/1157 177/1167/1149 170/1168/1150
f 171/1175/1157 170/1168/1150 217/1176/1158
f 217/1176/1158 170/1168/1150 218/1169/1151
f 217/1176/1158 218/1169/1151 212/1177/1159
f 212/1177/1159 218/1169/1151 211/1170/1152
f 212/1177/1159 211/1170/1152 258/1178/1160
f 258/1178/1160 211/1170/1152 259/1171/1153
f 258/1178/1160 259/1171/1153 253/1179/1161
f 253/1179/1161 259/1171/1153 252/138/137
f 253/1179/1161 252/138/137 299/140/139
f 133/972/954 112/707/701 111/705/700
f 111/705/700 110/709/703 132/1180/1162
f 132/1180/1162 110/709/703 131/1172/1154
f 132/1180/1162 131/1172/1154 152/1181/1163
f 152/1181/1163 131/1172/1154 151/1173/1155
f 152/1181/1163 151/1173/1155 175/1182/1164
f 175/1182/1164 151/1173/1155 176/1174/1156
f 175/1182/1164 176/1174/1156 172/1183/1165
f 172/1183/1165 176/1174/1156 171/1175/1157
f 172/1183/1165 171/1175/1157 216/1184/1166
f 216/1184/1166 171/1175/1157 217/1176/1158
f 216/1184/1166 217/1176/1158 213/1185/1167
f 213/1185/1167 217/1176/1158 212/1177/1159
f 213/1185/1167 212/1177/1159 257/1186/1168
f 257/1186/1168 212/1177/1159 258/1178/1160
f 257/1186/1168 258/1178/1160 254/1187/1169
f 254/1187/1169 258/1178/1160 253/1179/1161
f 254/1187/1169 253/1179/1161 298/1188/1170
f 298/1188/1170 253/1179/1161 299/140/139
f 298/1188/1170 299/140/139 295/142/141
f 137/109/109 117/111/111 116/1142/1124
f 116/1142/1124 117/111/111 95/729/715
f 137/109/109 116/1142/1124 136/1143/1125
f 142/1119/1101 122/123/122 121/302/298
f 142/1119/1101 121/302/298 141/301/297
f 153/970/952 133/972/954 132/1180/1162
f 132/1180/1162 133/972/954 111/705/700
f 153/970/952 132/1180/1162 152/1181/1163
f 190/107/107 137/109/109 136/1143/1125
f 190/107/107 136/1143/1125 191/1144/1126
f 185/1118/1100 142/1119/1101 141/301/297
f 185/1118/1100 141/301/297 186/300/296
f 174/968/950 153/970/952 152/1181/1163
f 174/968/950 152/1181/1163 175/1182/1164
f 190/107/107 191/1144/1126 157/105/105
f 157/105/105 191/1144/1126 156/1145/1127
f 157/105/105 156/1145/1127 231/103/103
f 231/103/103 156/1145/1127 232/1146/1128
f 231/103/103 232/1146/1128 198/101/101
f 198/101/101 232/1146/1128 197/748/730
f 198/101/101 197/748/730 272/99/99
f 185/1118/1100 186/300/296 162/1117/1099
f 162/1117/1099 186/300/296 161/299/295
f 162/1117/1099 161/299/295 226/1116/1098
f 226/1116/1098 161/299/295 227/298/294
f 226/1116/1098 227/298/294 203/1115/1097
f 203/1115/1097 227/298/294 202/297/293
f 203/1115/1097 202/297/293 267/1114/1096
f 267/1114/1096 202/297/293 268/296/292
f 267/1114/1096 268/296/292 244/1113/1095
f 244/1113/1095 268/296/292 243/295/291
f 244/1113/1095 243/295/291 308/1112/1094
f 308/1112/1094 243/295/291 309/294/290
f 308/1112/1094 309/294/290 285/1111/1093
f 285/1111/1093 309/294/290 284/293/289
f 285/1111/1093 284/293/289 350/1110/1092
f 350/1110/1092 284/293/289 351/292/288
f 350/1110/1092 351/292/288 327/1109/1091
f 327/1109/1091 351/292/288 326/291/287
f 327/1109/1091 326/291/287 369/1108/1090
f 369/1108/1090 326/291/287 368/290/286
f 369/1108/1090 368/290/286 390/1107/1089
f 390/1107/1089 368/290/286 389/289/285
f 390/1107/1089 389/289/285 411/1106/1088
f 411/1106/1088 389/289/285 410/288/284
f 411/1106/1088 410/288/284 432/1105/1087
f 432/1105/1087 410/288/284 431/287/283
f 432/1105/1087 431/287/283 452/1104/1086
f 452/1104/1086 431/287/283 451/286/282
f 452/1104/1086 451/286/282 495/1103/1085
f 495/1103/1085 451/286/282 496/285/281
f 495/1103/1085 496/285/281 472/1102/1084
f 472/1102/1084 496/285/281 471/284/280
f 472/1102/1084 471/284/280 536/1101/1083
f 536/1101/1083 471/284/280 537/283/279
f 536/1101/1083 537/283/279 513/1100/1082
f 513/1100/1082 537/283/279 512/282/278
f 513/1100/1082 512/282/278 577/1099/1081
f 577/1099/1081 512/282/278 578/281/277
f 577/1099/1081 578/281/277 554/1098/1080
f 554/1098/1080 578/281/277 553/280/276
f 554/1098/1080 553/280/276 618/1097/1079
f 618/1097/1079 553/280/276 619/279/275
f 618/1097/1079 619/279/275 595/1096/1078
f 595/1096/1078 619/279/275 594/278/274
f 595/1096/1078 594/278/274 660/1095/1077
f 660/1095/1077 594/278/274 661/277/273
f 660/1095/1077 661/277/273 637/1094/1076
f 637/1094/1076 661/277/273 636/276/272
f 637/1094/1076 636/276/272 679/1093/1075
f 679/1093/1075 636/276/272 678/275/271
f 679/1093/1075 678/275/271 700/1092/1074
f 700/1092/1074 678/275/271 699/274/270
f 700/1092/1074 699/274/270 721/1091/1073
f 721/1091/1073 699/274/270 720/273/269
f 721/1091/1073 720/273/269 741/1090/1072
f 741/1090/1072 720/273/269 740/272/268
f 741/1090/1072 740/272/268 784/1089/1071
f 784/1089/1071 740/272/268 785/271/267
f 784/1089/1071 785/271/267 761/1088/1070
f 761/1088/1070 785/271/267 760/270/266
f 761/1088/1070 760/270/266 825/1087/1069
f 825/1087/1069 760/270/266 826/269/265
f 825/1087/1069 826/269/265 802/1086/1068
f 802/1086/1068 826/269/265 801/268/264
f 802/1086/1068 801/268/264 867/1085/1067
f 867/1085/1067 801/268/264 868/267/263
f 867/1085/1067 868/267/263 844/1084/1066
f 844/1084/1066 868/267/263 843/266/262
f 844/1084/1066 843/266/262 886/1083/1065
f 886/1083/1065 843/266/262 885/265/261
f 886/1083/1065 885/265/261 907/1082/1064
f 907/1082/1064 885/265/261 906/264/260
f 907/1082/1064 906/264/260 928/1081/1063
f 928/1081/1063 906/264/260 927/263/259
f 928/1081/1063 927/263/259 949/1080/1062
f 949/1080/1062 927/263/259 948/262/258
f 949/1080/1062 948/262/258 969/1079/1061
f 969/1079/1061 948/262/258 968/261/257
f 969/1079/1061 968/261/257 1013/1078/1060
f 1013/1078/1060 968/261/257 1014/260/256
f 1013/1078/1060 1014/260/256 990/1077/1059
f 990/1077/1059 1014/260/256 989/259/255
f 990/1077/1059 989/259/255 1032/1076/1058
f 1032/1076/1058 989/259/255 1031/258/254
f 1032/1076/1058 1031/258/254 1053/1075/1057
f 1053/1075/1057 1031/258/254 1052/257/253
f 1053/1075/1057 1052/257/253 1074/1074/1056
f 1074/1074/1056 1052/257/253 1073/256/252
f 1074/1074/1056 1073/256/252 1095/1073/1055
f 1095/1073/1055 1073/256/252 1094/255/251
f 1095/1073/1055 1094/255/251 1116/1072/1054
f 1116/1072/1054 1094/255/251 1115/254/250
f 1116/1072/1054 1115/254/250 1137/1071/1053
f 1137/1071/1053 1115/254/250 1136/253/249
f 1137/1071/1053 1136/253/249 82/303/299
f 174/968/950 175/1182/1164 173/966/948
f 173/966/948 175/1182/1164 172/1183/1165
f 173/966/948 172/1183/1165 215/964/946
f 215/964/946 172/1183/1165 216/1184/1166
f 215/964/946 216/1184/1166 214/962/944
f 214/962/944 216/1184/1166 213/1185/1167
f 214/962/944 213/1185/1167 256/960/942
f 256/960/942 213/1185/1167 257/1186/1168
f 256/960/942 257/1186/1168 255/958/940
f 255/958/940 257/1186/1168 254/1187/1169
f 255/958/940 254/1187/1169 297/956/938
f 297/956/938 254/1187/1169 298/1188/1170
f 297/956/938 298/1188/1170 296/954/936
f 296/954/936 298/1188/1170 295/142/141
f 296/954/936 295/142/141 339/144/143
f 235/751/733 68/755/737 195/752/734
f 195/752/734 68/755/737 275/1189/1171
f 195/752/734 275/1189/1171 274/753/735
f 274/753/735 275/1189/1171 237/1190/1172
f 274/753/735 237/1190/1172 238/754/736
f 238/754/736 237/1190/1172 314/1191/1173
f 238/754/736 314/1191/1173 313/95/95
f 313/95/95 314/1191/1173 280/93/93
f 276/757/739 236/759/741 275/1189/1171
f 275/1189/1171 236/759/741 237/1190/1172
f 314/1191/1173 237/1190/1172 315/761/743
f 315/761/743 237/1190/1172 236/759/741
f 68/755/737 276/757/739 275/1189/1171
f 317/766/748 66/770/752 277/767/749
f 277/767/749 66/770/752 358/1192/1174
f 277/767/749 358/1192/1174 357/768/750
f 357/768/750 358/1192/1174 320/1193/1175
f 357/768/750 320/1193/1175 321/769/751
f 321/769/751 320/1193/1175 363/1194/1176
f 321/769/751 363/1194/1176 364/87/87
f 364/87/87 363/1194/1176 385/85/85
f 314/1191/1173 315/761/743 279/763/745
f 355/91/91 280/93/93 279/763/745
f 279/763/745 280/93/93 314/1191/1173
f 359/772/754 319/774/756 358/1192/1174
f 358/1192/1174 319/774/756 320/1193/1175
f 363/1194/1176 320/1193/1175 362/776/758
f 362/776/758 320/1193/1175 319/774/756
f 66/770/752 359/772/754 358/1192/1174
f 385/85/85 363/1194/1176 384/778/760
f 384/778/760 363/1194/1176 362/776/758
f 406/83/83 385/85/85 384/778/760
f 504/806/788 64/810/792 464/807/789
f 464/807/789 64/810/792 544/1195/1177
f 464/807/789 544/1195/1177 543/808/790
f 543/808/790 544/1195/1177 506/1196/1178
f 543/808/790 506/1196/1178 507/809/791
f 507/809/791 506/1196/1178 583/1197/1179
f 507/809/791 583/1197/1179 582/69/69
f 582/69/69 583/1197/1179 549/67/67
f 545/812/794 505/814/796 544/1195/1177
f 544/1195/1177 505/814/796 506/1196/1178
f 583/1197/1179 506/1196/1178 584/816/798
f 584/816/798 506/1196/1178 505/814/796
f 64/810/792 545/812/794 544/1195/1177
f 586/821/803 62/825/807 546/822/804
f 546/822/804 62/825/807 626/1198/1180
f 546/822/804 626/1198/1180 625/823/805
f 625/823/805 626/1198/1180 588/1199/1181
f 625/823/805 588/1199/1181 589/824/806
f 589/824/806 588/1199/1181 666/1200/1182
f 589/824/806 666/1200/1182 665/61/61
f 665/61/61 666/1200/1182 632/59/59
f 583/1197/1179 584/816/798 548/818/800
f 623/65/65 549/67/67 548/818/800
f 548/818/800 549/67/67 583/1197/1179
f 627/827/809 587/829/811 626/1198/1180
f 626/1198/1180 587/829/811 588/1199/1181
f 666/1200/1182 588/1199/1181 667/831/813
f 667/831/813 588/1199/1181 587/829/811
f 62/825/807 627/827/809 626/1198/1180
f 669/836/818 628/840/822 629/837/819
f 629/837/819 628/840/822 671/1201/1183
f 629/837/819 671/1201/1183 672/838/820
f 672/838/820 671/1201/1183 693/1202/1184
f 672/838/820 693/1202/1184 694/839/821
f 694/839/821 693/1202/1184 715/1203/1185
f 694/839/821 715/1203/1185 716/53/53
f 716/53/53 715/1203/1185 736/51/51
f 666/1200/1182 667/831/813 631/833/815
f 674/57/57 632/59/59 631/833/815
f 631/833/815 632/59/59 666/1200/1182
f 628/840/822 670/842/824 671/1201/1183
f 671/1201/1183 670/842/824 692/1204/1186
f 671/1201/1183 692/1204/1186 693/1202/1184
f 693/1202/1184 692/1204/1186 714/1205/1187
f 693/1202/1184 714/1205/1187 715/1203/1185
f 715/1203/1185 714/1205/1187 735/1206/1188
f 715/1203/1185 735/1206/1188 736/51/51
f 736/51/51 735/1206/1188 789/49/49
f 670/842/824 691/844/826 692/1204/1186
f 692/1204/1186 691/844/826 713/1207/1189
f 692/1204/1186 713/1207/1189 714/1205/1187
f 714/1205/1187 713/1207/1189 734/1208/1190
f 714/1205/1187 734/1208/1190 735/1206/1188
f 735/1206/1188 734/1208/1190 790/1209/1191
f 735/1206/1188 790/1209/1191 789/49/49
f 789/49/49 790/1209/1191 756/47/47
f 691/844/826 712/846/828 713/1207/1189
f 713/1207/1189 712/846/828 733/1210/1192
f 713/1207/1189 733/1210/1192 734/1208/1190
f 734/1208/1190 733/1210/1192 791/1211/1193
f 734/1208/1190 791/1211/1193 790/1209/1191
f 790/1209/1191 791/1211/1193 755/1212/1194
f 790/1209/1191 755/1212/1194 756/47/47
f 756/47/47 755/1212/1194 830/45/45
f 712/846/828 60/848/830 733/1210/1192
f 733/1210/1192 60/848/830 792/1213/1195
f 733/1210/1192 792/1213/1195 791/1211/1193
f 791/1211/1193 792/1213/1195 754/1214/1196
f 791/1211/1193 754/1214/1196 755/1212/1194
f 755/1212/1194 754/1214/1196 831/1215/1197
f 755/1212/1194 831/1215/1197 830/45/45
f 830/45/45 831/1215/1197 797/43/43
f 793/850/832 753/852/834 792/1213/1195
f 792/1213/1195 753/852/834 754/1214/1196
f 831/1215/1197 754/1214/1196 832/854/836
f 832/854/836 754/1214/1196 753/852/834
f 60/848/830 793/850/832 792/1213/1195
f 834/859/841 58/863/845 794/860/842
f 794/860/842 58/863/845 875/1216/1198
f 794/860/842 875/1216/1198 874/861/843
f 874/861/843 875/1216/1198 837/1217/1199
f 874/861/843 837/1217/1199 838/862/844
f 838/862/844 837/1217/1199 880/1218/1200
f 838/862/844 880/1218/1200 881/37/37
f 881/37/37 880/1218/1200 902/35/35
f 831/1215/1197 832/854/836 796/856/838
f 872/41/41 797/43/43 796/856/838
f 796/856/838 797/43/43 831/1215/1197
f 876/865/847 836/867/849 875/1216/1198
f 875/1216/1198 836/867/849 837/1217/1199
f 880/1218/1200 837/1217/1199 879/869/851
f 879/869/851 837/1217/1199 836/867/849
f 58/863/845 876/865/847 875/1216/1198
f 902/35/35 880/1218/1200 901/871/853
f 901/871/853 880/1218/1200 879/869/851
f 923/33/33 902/35/35 901/871/853
f 1024/1134/1116 982/900/882 981/903/885
f 981/903/885 982/900/882 1022/899/881
f 1045/1133/1115 1024/1134/1116 1023/905/887
f 1023/905/887 1024/1134/1116 981/903/885
f 1066/1132/1114 1045/1133/1115 1044/907/889
f 1044/907/889 1045/1133/1115 1023/905/887
f 1087/1131/1113 1066/1132/1114 1065/909/891
f 1065/909/891 1066/1132/1114 1044/907/889
f 1108/1130/1112 1087/1131/1113 1086/911/893
f 1086/911/893 1087/1131/1113 1065/909/891
f 1129/1129/1111 1108/1130/1112 1107/913/895
f 1107/913/895 1108/1130/1112 1086/911/893
f 90/5/5 1129/1129/1111 1128/915/897
f 1128/915/897 1129/1129/1111 1107/913/895
f 56/1219/1201 39/1220/1202 1/1221/1203
f 1/1221/1203 39/1220/1202 38/1222/1204
f 1/1221/1203 38/1222/1204 20/1223/1205
f 20/1223/1205 38/1222/1204 37/1224/1206
f 20/1223/1205 37/1224/1206 21/1225/1207
f 21/1225/1207 37/1224/1206 36/1226/1208
f 21/1225/1207 36/1226/1208 22/1227/1209
f 22/1227/1209 36/1226/1208 35/1228/1210
f 22/1227/1209 35/1228/1210 23/1229/1211
f 23/1229/1211 35/1228/1210 34/1230/1212
f 23/1229/1211 34/1230/1212 24/1231/1213
f 24/1231/1213 34/1230/1212 33/1232/1214
f 24/1231/1213 33/1232/1214 25/1233/1215
f 25/1233/1215 33/1232/1214 32/1234/1216
f 25/1233/1215 32/1234/1216 26/1235/1217
f 26/1235/1217 32/1234/1216 31/1236/1218
f 26/1235/1217 31/1236/1218 27/1237/1219
f 27/1237/1219 31/1236/1218 30/1238/1220
f 27/1237/1219 30/1238/1220 28/1239/1221
f 28/1239/1221 30/1238/1220 29/1240/1222
f 39/1220/1202 56/1219/1201 40/1241/1223
f 40/1241/1223 56/1219/1201 55/1242/1224
f 40/1241/1223 55/1242/1224 41/1243/1225
f 41/1243/1225 55/1242/1224 54/1244/1226
f 41/1243/1225 54/1244/1226 42/1245/1227
f 42/1245/1227 54/1244/1226 53/1246/1228
f 42/1245/1227 53/1246/1228 43/1247/1229
f 43/1247/1229 53/1246/1228 52/1248/1230
f 43/1247/1229 52/1248/1230 44/1249/1231
f 44/1249/1231 52/1248/1230 51/1250/1232
f 44/1249/1231 51/1250/1232 45/1251/1233
f 45/1251/1233 51/1250/1232 50/1252/1234
f 45/1251/1233 50/1252/1234 46/1253/1235
f 46/1253/1235 50/1252/1234 49/1254/1236
f 46/1253/1235 49/1254/1236 47/1255/1237
f 47/1255/1237 49/1254/1236 48/1256/1238
g Body112

v 0.023176 7.856043 -0.449258
v 0.034390 7.835479 -0.450612
v 0.042963 7.807512 -0.450998
v 0.048336 7.773381 -0.448997
v 0.050000 7.738336 -0.444157
v 0.050000 7.032445 -0.338640
v 0.050000 6.301846 -0.254811
v 0.038053 6.177994 -0.239418
v 0.021514 6.095069 -0.228364
v 0.011204 6.056990 -0.223832
v 0.006052 6.044957 -0.222462
v 0.003417 6.041345 -0.222056
v 0.002675 6.040678 -0.221982
v 0.001859 6.040129 -0.221920
v 0.000958 6.039750 -0.221878
v 0.000485 6.039648 -0.221867
v 0.000000 6.039613 -0.221863
v -0.000681 6.039682 -0.221871
v -0.001339 6.039881 -0.221893
v -0.001957 6.040184 -0.221927
v -0.002536 6.040571 -0.221970
v -0.003569 6.041502 -0.222074
v -0.004528 6.042636 -0.222201
v -0.008520 6.049964 -0.223034
v -0.017211 6.076750 -0.226304
v -0.034486 6.157494 -0.236636
v -0.050000 6.301846 -0.254811
v -0.050000 7.029658 -0.338279
v -0.050000 7.738336 -0.444157
v -0.048437 7.772328 -0.448892
v -0.043304 7.805975 -0.450968
v -0.034744 7.834600 -0.450657
v -0.029394 7.846172 -0.450015
v -0.023176 7.856043 -0.449258
v -0.033827 7.856891 -0.454014
v -0.043506 7.858027 -0.460392
v -0.051976 7.859407 -0.468163
v -0.059028 7.860985 -0.477083
v -0.064580 7.862716 -0.486911
v -0.068578 7.864560 -0.497417
v -0.070968 7.866473 -0.508372
v -0.071695 7.868415 -0.519545
v -0.143689 6.681573 -0.430872
v -0.214311 5.431804 -0.383745
v -0.245796 4.835651 -0.369980
v -0.259668 4.561955 -0.364871
v -0.272071 4.311088 -0.360776
v -0.282845 4.087985 -0.357597
v -0.291833 3.897581 -0.355236
v -0.295608 3.816183 -0.354332
v -0.297307 3.779204 -0.353943
v -0.300104 3.717800 -0.353328
v -0.305744 3.592452 -0.352263
v -0.312546 3.438258 -0.351421
v -0.318815 3.292757 -0.351548
v -0.323005 3.193523 -0.353288
v -0.313733 3.190288 -0.275954
v -0.286189 3.187240 -0.203092
v -0.241975 3.184557 -0.138946
v -0.183667 3.182395 -0.087251
v -0.114661 3.180879 -0.051018
v -0.038977 3.180099 -0.032358
v 0.038977 3.180099 -0.032358
v 0.114661 3.180879 -0.051018
v 0.183667 3.182395 -0.087251
v 0.241975 3.184557 -0.138946
v 0.286189 3.187240 -0.203092
v 0.313733 3.190288 -0.275954
v 0.323005 3.193523 -0.353288
v 0.318815 3.292757 -0.351548
v 0.312546 3.438258 -0.351421
v 0.305744 3.592452 -0.352263
v 0.300104 3.717800 -0.353328
v 0.297307 3.779204 -0.353943
v 0.295608 3.816183 -0.354332
v 0.291833 3.897581 -0.355236
v 0.282845 4.087985 -0.357597
v 0.272071 4.311088 -0.360776
v 0.259668 4.561955 -0.364871
v 0.245796 4.835651 -0.369980
v 0.214311 5.431804 -0.383745
v 0.143689 6.681573 -0.430872
v 0.071695 7.868415 -0.519545
v 0.070982 7.866474 -0.508377
v 0.068613 7.864562 -0.497427
v 0.064618 7.862719 -0.486922
v 0.059045 7.860986 -0.477088
v 0.051967 7.859407 -0.468163
v 0.043518 7.858027 -0.460390
v 0.033846 7.856891 -0.454013
v 0.106522 7.258222 -0.442157
v 0.052659 7.059688 -0.343439
v -0.106522 7.258222 -0.442157
v 0.166163 6.219379 -0.371836
v -0.166163 6.219379 -0.371836
v 0.234139 4.944475 -0.318780
v -0.234139 4.944475 -0.318780
v 0.290140 3.772131 -0.287656
v -0.290140 3.772131 -0.287656
v 0.060268 7.466795 -0.406898
v 0.075596 7.465556 -0.422115
v 0.087174 7.464074 -0.440330
v 0.094389 7.462419 -0.460656
v 0.063187 6.650443 -0.298041
v 0.090825 6.649563 -0.315325
v 0.113906 6.648390 -0.338331
v 0.131322 6.646987 -0.365863
v 0.142149 6.645422 -0.396580
v 0.118506 7.054414 -0.425464
v 0.109465 7.056058 -0.399892
v 0.094939 7.057532 -0.376973
v 0.075696 7.058763 -0.357824
v 0.073882 6.224029 -0.256528
v 0.106193 6.223213 -0.276755
v 0.133172 6.222127 -0.303678
v 0.153522 6.220828 -0.335895
v -0.212909 5.356135 -0.333179
v -0.196739 5.357312 -0.287074
v -0.170679 5.358368 -0.245740
v -0.136112 5.359250 -0.211197
v -0.094702 5.359913 -0.185242
v -0.048572 5.360325 -0.169096
v -0.000000 5.360464 -0.163654
v 0.048572 5.360325 -0.169096
v 0.094702 5.359913 -0.185242
v 0.136112 5.359250 -0.211197
v 0.170679 5.358368 -0.245740
v 0.196739 5.357312 -0.287074
v 0.212909 5.356135 -0.333179
v -0.073882 6.224029 -0.256528
v -0.106193 6.223213 -0.276755
v -0.133172 6.222127 -0.303678
v -0.153522 6.220828 -0.335895
v -0.063187 6.650443 -0.298041
v -0.090825 6.649563 -0.315325
v -0.113906 6.648390 -0.338331
v -0.131322 6.646987 -0.365863
v -0.142149 6.645422 -0.396580
v -0.052659 7.059688 -0.343439
v -0.075696 7.058763 -0.357824
v -0.094939 7.057532 -0.376973
v -0.109465 7.056058 -0.399892
v -0.118506 7.054414 -0.425464
v -0.094389 7.462419 -0.460656
v -0.087174 7.464074 -0.440330
v -0.075596 7.465556 -0.422115
v -0.060268 7.466795 -0.406898
v -0.253087 4.562955 -0.307137
v -0.233883 4.563905 -0.252302
v -0.202914 4.564757 -0.203138
v -0.161825 4.565468 -0.162049
v -0.112595 4.566003 -0.131176
v -0.057750 4.566336 -0.111969
v -0.000000 4.566448 -0.105495
v 0.057750 4.566336 -0.111969
v 0.112595 4.566003 -0.131176
v 0.161825 4.565468 -0.162049
v 0.202914 4.564757 -0.203138
v 0.233883 4.563905 -0.252302
v 0.253087 4.562955 -0.307137
v 0.216366 4.945530 -0.268061
v 0.187712 4.946477 -0.222589
v 0.149699 4.947268 -0.184587
v 0.104157 4.947863 -0.156033
v 0.053422 4.948233 -0.138269
v -0.000000 4.948357 -0.132282
v -0.053422 4.948233 -0.138269
v -0.104157 4.947863 -0.156033
v -0.149699 4.947268 -0.184587
v -0.187712 4.946477 -0.222589
v -0.216366 4.945530 -0.268061
v -0.264620 4.323796 -0.300585
v -0.244545 4.324676 -0.243245
v -0.212167 4.325465 -0.191834
v -0.169206 4.326124 -0.148866
v -0.117732 4.326619 -0.116581
v -0.060385 4.326927 -0.096495
v -0.000000 4.327031 -0.089726
v 0.060385 4.326927 -0.096495
v 0.117732 4.326619 -0.116581
v 0.169206 4.326124 -0.148866
v 0.212167 4.325465 -0.191834
v 0.244545 4.324676 -0.243245
v 0.264620 4.323796 -0.300585
v -0.274733 4.109341 -0.295188
v -0.253895 4.110148 -0.235650
v -0.220282 4.110872 -0.182268
v -0.175679 4.111477 -0.137653
v -0.122236 4.111932 -0.104129
v -0.062696 4.112215 -0.083274
v -0.000000 4.112310 -0.076244
v 0.062696 4.112215 -0.083274
v 0.122236 4.111932 -0.104129
v 0.175679 4.111477 -0.137653
v 0.220282 4.110872 -0.182268
v 0.253895 4.110148 -0.235650
v 0.274733 4.109341 -0.295188
v -0.283284 3.924038 -0.290896
v -0.261801 3.924767 -0.229500
v -0.227143 3.925422 -0.174451
v -0.181153 3.925968 -0.128442
v -0.126046 3.926379 -0.093871
v -0.064650 3.926635 -0.072364
v 0.000000 3.926721 -0.065115
v 0.064650 3.926635 -0.072364
v 0.126046 3.926379 -0.093871
v 0.181153 3.925968 -0.128442
v 0.227143 3.925422 -0.174451
v 0.261801 3.924767 -0.229500
v 0.283284 3.924038 -0.290896
v -0.268141 3.772774 -0.224769
v -0.232646 3.773350 -0.168383
v -0.185542 3.773832 -0.121256
v -0.129100 3.774193 -0.085845
v -0.066217 3.774419 -0.063815
v 0.000000 3.774495 -0.056390
v 0.066217 3.774419 -0.063815
v 0.129100 3.774193 -0.085845
v 0.185542 3.773832 -0.121256
v 0.232646 3.773350 -0.168383
v 0.268141 3.772774 -0.224769
v -0.294552 3.672395 -0.285688
v -0.272221 3.672964 -0.221840
v -0.236187 3.673475 -0.164593
v -0.188368 3.673901 -0.116746
v -0.131067 3.674222 -0.080793
v -0.067225 3.674421 -0.058426
v 0.000000 3.674488 -0.050888
v 0.067225 3.674421 -0.058426
v 0.131067 3.674222 -0.080793
v 0.188368 3.673901 -0.116746
v 0.236187 3.673475 -0.164593
v 0.272221 3.672964 -0.221840
v 0.294552 3.672395 -0.285688
v 0.291773 3.735359 -0.286911
v 0.269651 3.735978 -0.223668
v 0.233957 3.736533 -0.166963
v 0.186588 3.736997 -0.119570
v 0.129828 3.737345 -0.083958
v 0.066590 3.737562 -0.061803
v 0.000000 3.737635 -0.054336
v -0.066590 3.737562 -0.061803
v -0.129828 3.737345 -0.083958
v -0.186588 3.736997 -0.119570
v -0.233957 3.736533 -0.166963
v -0.269651 3.735978 -0.223668
v -0.291773 3.735359 -0.286911
v -0.302048 3.499876 -0.282741
v -0.279156 3.500214 -0.217260
v -0.242209 3.500517 -0.158545
v -0.193173 3.500770 -0.109471
v -0.134412 3.500961 -0.072596
v -0.068941 3.501079 -0.049655
v -0.000000 3.501119 -0.041923
v 0.068941 3.501079 -0.049655
v 0.134412 3.500961 -0.072596
v 0.193173 3.500770 -0.109471
v 0.242209 3.500517 -0.158545
v 0.279156 3.500214 -0.217260
v 0.302048 3.499876 -0.282741
v -0.309718 3.318433 -0.280709
v -0.286261 3.318168 -0.213545
v -0.248385 3.317930 -0.153319
v -0.198105 3.317731 -0.102980
v -0.137847 3.317582 -0.065154
v -0.070704 3.317489 -0.041620
v 0.000000 3.317458 -0.033688
v 0.070704 3.317489 -0.041620
v 0.137847 3.317582 -0.065154
v 0.198105 3.317731 -0.102980
v 0.248385 3.317930 -0.153319
v 0.286261 3.318168 -0.213545
v 0.309718 3.318433 -0.280709
v -0.312793 3.244110 -0.280617
v -0.289122 3.243119 -0.212771
v 0.312793 3.244110 -0.280617
v 0.289122 3.243119 -0.212771
v 0.250880 3.242231 -0.151931
v 0.200103 3.241488 -0.101076
v 0.139240 3.240930 -0.062860
v 0.071420 3.240583 -0.039084
v -0.000000 3.240466 -0.031070
v -0.071420 3.240583 -0.039084
v -0.139240 3.240930 -0.062860
v -0.200103 3.241488 -0.101076
v -0.250880 3.242231 -0.151931
v -0.068029 7.262617 -0.381417
v -0.085327 7.261372 -0.398612
v -0.098388 7.259883 -0.419192
v 0.098388 7.259883 -0.419192
v 0.085327 7.261372 -0.398612
v 0.068029 7.262617 -0.381417
v -0.020551 7.859387 -0.449252
v -0.017792 7.862563 -0.449801
v -0.014911 7.865516 -0.450878
v -0.011961 7.868162 -0.452433
v -0.005974 7.872393 -0.456775
v -0.000113 7.875089 -0.462368
v 0.000000 7.875127 -0.462488
v -0.009619 7.875462 -0.463552
v -0.018749 7.876429 -0.466629
v -0.027028 7.877951 -0.471470
v -0.034097 7.879948 -0.477824
v -0.039677 7.882325 -0.485386
v -0.043684 7.884974 -0.493813
v -0.046060 7.887799 -0.502802
v -0.046744 7.890706 -0.512049
v -0.052973 7.889988 -0.512397
v -0.058810 7.887811 -0.513196
v -0.063885 7.884311 -0.514395
v -0.067878 7.879710 -0.515920
v -0.070537 7.874297 -0.517674
v -0.020528 7.874980 -0.463181
v -0.021589 7.873797 -0.461227
v -0.022620 7.872401 -0.459403
v -0.023612 7.870806 -0.457728
v -0.024554 7.869026 -0.456220
v -0.025968 7.865735 -0.454148
v -0.026733 7.863554 -0.453153
v -0.027418 7.861261 -0.452368
v -0.028014 7.858881 -0.451804
v -0.012566 7.868012 -0.452414
v -0.012086 7.869778 -0.454056
v -0.011582 7.871368 -0.455864
v -0.011058 7.872768 -0.457819
v -0.010521 7.873966 -0.459901
v -0.029641 7.876579 -0.468355
v -0.031196 7.875420 -0.466609
v -0.032706 7.874032 -0.464997
v -0.034154 7.872429 -0.463536
v -0.035523 7.870626 -0.462245
v -0.037565 7.867270 -0.460528
v -0.038658 7.865035 -0.459746
v -0.039626 7.862681 -0.459172
v -0.040458 7.860235 -0.458811
v -0.037482 7.878684 -0.475168
v -0.039492 7.877559 -0.473708
v -0.041439 7.876182 -0.472385
v -0.043299 7.874569 -0.471214
v -0.045048 7.872737 -0.470213
v -0.047631 7.869293 -0.468968
v -0.048993 7.866985 -0.468466
v -0.050182 7.864549 -0.468161
v -0.051181 7.862013 -0.468058
v -0.043749 7.881196 -0.483302
v -0.046161 7.880113 -0.482198
v -0.048489 7.878751 -0.481231
v -0.050702 7.877127 -0.480417
v -0.052767 7.875258 -0.479767
v -0.055774 7.871705 -0.479081
v -0.057329 7.869307 -0.478902
v -0.058656 7.866769 -0.478904
v -0.059736 7.864123 -0.479086
v -0.048346 7.884008 -0.492416
v -0.051101 7.882978 -0.491734
v -0.053748 7.881637 -0.491190
v -0.056249 7.880001 -0.490791
v -0.058564 7.878091 -0.490546
v -0.061877 7.874411 -0.490492
v -0.063550 7.871908 -0.490666
v -0.064938 7.869251 -0.490992
v -0.066020 7.866477 -0.491466
v -0.051192 7.887023 -0.502196
v -0.054214 7.886057 -0.501999
v -0.057107 7.884741 -0.501934
v -0.059821 7.883095 -0.502001
v -0.062310 7.881139 -0.502203
v -0.065804 7.877318 -0.502824
v -0.067518 7.874698 -0.503363
v -0.068892 7.871907 -0.504012
v -0.069902 7.868989 -0.504760
v 0.000000 8.118451 -1.236589
v 0.025443 8.098914 -1.174434
v 0.034984 8.078135 -1.108330
v 0.041212 8.077418 -1.108679
v 0.047047 8.075242 -1.109478
v 0.052121 8.071745 -1.110678
v 0.056114 8.067147 -1.112202
v 0.058775 8.061737 -1.113955
v 0.059935 8.055857 -1.115827
v 0.055432 8.069268 -1.162068
v 0.043756 8.082303 -1.207144
v 0.025143 8.094666 -1.250036
v 0.000000 8.106074 -1.289760
v -0.000000 8.109118 -1.289072
v -0.000000 8.111953 -1.287753
v -0.000000 8.114467 -1.285884
v 0.000000 8.116610 -1.283580
v 0.000000 8.118378 -1.280957
v 0.000000 8.119790 -1.278114
v 0.000000 8.121735 -1.271813
v 0.000000 8.122653 -1.264371
v 0.000000 8.122456 -1.255938
v -0.000000 8.118571 -1.236973
v 0.007198 8.117352 -1.235371
v 0.010323 8.116769 -1.237239
v 0.013272 8.115691 -1.239168
v 0.015982 8.114140 -1.241116
v 0.018385 8.112138 -1.243040
v 0.021396 8.108184 -1.245905
v 0.022801 8.105226 -1.247592
v 0.023769 8.102015 -1.249123
v 0.024276 8.098619 -1.250462
v 0.031338 8.098044 -1.173764
v 0.034623 8.097310 -1.174862
v 0.037738 8.096128 -1.176056
v 0.040620 8.094520 -1.177322
v 0.043205 8.092509 -1.178637
v 0.046519 8.088634 -1.180730
v 0.048128 8.085775 -1.182054
v 0.049306 8.082691 -1.183334
v 0.050025 8.079444 -1.184545
v 0.046744 7.890706 -0.512049
v 0.052973 7.889988 -0.512397
v 0.058810 7.887811 -0.513196
v 0.063885 7.884311 -0.514395
v 0.067878 7.879710 -0.515920
v 0.070537 7.874297 -0.517674
v 0.046346 7.950534 -0.703167
v 0.041406 8.029241 -0.953561
v 0.067023 7.933521 -0.708922
v 0.062082 8.012232 -0.959316
v 0.039875 8.053585 -1.031011
v 0.043171 8.052948 -1.031276
v 0.046348 8.051900 -1.031669
v 0.049349 8.050463 -1.032180
v 0.053654 8.047400 -1.033228
v 0.055933 8.045059 -1.034009
v 0.057860 8.042439 -1.034870
v 0.059408 8.039595 -1.035795
v 0.060550 8.036578 -1.036766
v 0.068902 7.903503 -0.613428
v 0.067761 7.906520 -0.612457
v 0.066213 7.909366 -0.611532
v 0.064286 7.911986 -0.610670
v 0.062007 7.914328 -0.609889
v 0.057702 7.917393 -0.608841
v 0.054700 7.918831 -0.608331
v 0.051522 7.919880 -0.607938
v 0.048225 7.920518 -0.607673
v 0.044702 8.028603 -0.953826
v 0.047880 8.027555 -0.954219
v 0.050881 8.026118 -0.954730
v 0.055186 8.023054 -0.955778
v 0.057465 8.020713 -0.956559
v 0.059392 8.018094 -0.957420
v 0.060940 8.015249 -0.958345
v 0.065141 7.963540 -0.804416
v 0.042936 8.004896 -0.876111
v 0.046232 8.004258 -0.876376
v 0.049410 8.003210 -0.876769
v 0.052412 8.001773 -0.877280
v 0.056717 7.998709 -0.878328
v 0.058995 7.996367 -0.879109
v 0.060922 7.993748 -0.879970
v 0.062470 7.990903 -0.880895
v 0.063612 7.987886 -0.881866
v 0.044464 7.980551 -0.798661
v 0.047761 7.979913 -0.798926
v 0.050938 7.978865 -0.799319
v 0.053940 7.977427 -0.799830
v 0.058245 7.974363 -0.800878
v 0.060524 7.972022 -0.801659
v 0.062451 7.969402 -0.802520
v 0.063999 7.966557 -0.803445
v 0.049643 7.949896 -0.703432
v 0.052821 7.948848 -0.703825
v 0.055822 7.947410 -0.704336
v 0.060128 7.944346 -0.705384
v 0.062407 7.942004 -0.706165
v 0.064333 7.939384 -0.707026
v 0.065881 7.936539 -0.707951
v 0.000113 7.875089 -0.462368
v 0.005974 7.872393 -0.456775
v 0.011961 7.868162 -0.452433
v 0.014911 7.865516 -0.450878
v 0.017792 7.862563 -0.449801
v 0.020551 7.859387 -0.449252
v 0.046074 7.887801 -0.502808
v 0.043711 7.884977 -0.493823
v 0.039694 7.882327 -0.485391
v 0.034091 7.879948 -0.477824
v 0.027058 7.877944 -0.471448
v 0.018789 7.876419 -0.466598
v 0.009626 7.875460 -0.463547
v 0.012575 7.868013 -0.452418
v 0.012094 7.869779 -0.454060
v 0.011589 7.871369 -0.455868
v 0.011065 7.872769 -0.457823
v 0.010527 7.873967 -0.459904
v 0.028071 7.858874 -0.451767
v 0.027471 7.861253 -0.452333
v 0.026784 7.863546 -0.453119
v 0.026016 7.865727 -0.454116
v 0.024598 7.869017 -0.456190
v 0.023655 7.870797 -0.457698
v 0.022662 7.872392 -0.459374
v 0.021630 7.873788 -0.461198
v 0.020569 7.874971 -0.463152
v 0.040501 7.860229 -0.458782
v 0.039667 7.862675 -0.459144
v 0.038697 7.865028 -0.459720
v 0.037602 7.867264 -0.460502
v 0.035558 7.870619 -0.462221
v 0.034188 7.872422 -0.463513
v 0.032739 7.874025 -0.464974
v 0.031228 7.875413 -0.466587
v 0.029673 7.876572 -0.468333
v 0.051173 7.862013 -0.468058
v 0.050174 7.864549 -0.468161
v 0.048986 7.866985 -0.468466
v 0.047624 7.869293 -0.468968
v 0.045042 7.872737 -0.470213
v 0.043292 7.874569 -0.471214
v 0.041433 7.876182 -0.472385
v 0.039486 7.877559 -0.473708
v 0.037476 7.878684 -0.475168
v 0.059758 7.864125 -0.479093
v 0.058675 7.866771 -0.478910
v 0.057346 7.869309 -0.478908
v 0.055790 7.871707 -0.479087
v 0.052782 7.875260 -0.479772
v 0.050716 7.877129 -0.480422
v 0.048504 7.878753 -0.481237
v 0.046176 7.880115 -0.482203
v 0.043764 7.881198 -0.483307
v 0.066054 7.866480 -0.491476
v 0.064968 7.869254 -0.491001
v 0.063576 7.871911 -0.490674
v 0.061901 7.874414 -0.490499
v 0.058586 7.878094 -0.490554
v 0.056270 7.880004 -0.490799
v 0.053770 7.881639 -0.491198
v 0.051123 7.882981 -0.491743
v 0.048370 7.884011 -0.492425
v 0.069920 7.868991 -0.504766
v 0.068908 7.871909 -0.504017
v 0.067532 7.874700 -0.503368
v 0.065817 7.877320 -0.502828
v 0.062321 7.881141 -0.502207
v 0.059832 7.883096 -0.502005
v 0.057118 7.884742 -0.501938
v 0.054226 7.886058 -0.502004
v 0.051205 7.887025 -0.502201
v -0.034984 8.078135 -1.108330
v -0.041212 8.077418 -1.108679
v -0.047047 8.075242 -1.109478
v -0.052121 8.071745 -1.110678
v -0.056114 8.067147 -1.112202
v -0.058775 8.061737 -1.113955
v -0.059935 8.055857 -1.115827
v -0.042173 8.017042 -0.914754
v -0.047097 7.938550 -0.665040
v -0.062849 8.000033 -0.920508
v -0.067773 7.921536 -0.670794
v -0.048600 7.914525 -0.588609
v -0.051897 7.913887 -0.588875
v -0.055075 7.912839 -0.589267
v -0.058077 7.911401 -0.589778
v -0.062382 7.908336 -0.590826
v -0.064661 7.905994 -0.591607
v -0.066588 7.903373 -0.592468
v -0.068136 7.900528 -0.593393
v -0.069277 7.897510 -0.594364
v -0.060934 8.030479 -1.017362
v -0.059792 8.033495 -1.016391
v -0.058244 8.036340 -1.015467
v -0.056317 8.038959 -1.014605
v -0.054038 8.041300 -1.013824
v -0.049733 8.044364 -1.012776
v -0.046732 8.045801 -1.012265
v -0.043555 8.046849 -1.011873
v -0.040259 8.047486 -1.011607
v -0.050393 7.937912 -0.665305
v -0.053571 7.936863 -0.665697
v -0.056573 7.935426 -0.666208
v -0.060878 7.932361 -0.667256
v -0.063157 7.930019 -0.668037
v -0.065084 7.927399 -0.668899
v -0.066632 7.924553 -0.669823
v -0.064761 7.969587 -0.823655
v -0.045592 7.962574 -0.741470
v -0.048888 7.961936 -0.741735
v -0.052066 7.960888 -0.742127
v -0.055068 7.959450 -0.742638
v -0.059373 7.956386 -0.743686
v -0.061652 7.954044 -0.744467
v -0.063579 7.951424 -0.745329
v -0.065126 7.948579 -0.746254
v -0.066268 7.945562 -0.747225
v -0.044085 7.986598 -0.817900
v -0.047381 7.985961 -0.818165
v -0.050559 7.984912 -0.818558
v -0.053561 7.983475 -0.819069
v -0.057866 7.980411 -0.820117
v -0.060145 7.978069 -0.820898
v -0.062071 7.975449 -0.821759
v -0.063619 7.972604 -0.822684
v -0.045469 8.016405 -0.915019
v -0.048647 8.015356 -0.915411
v -0.051648 8.013919 -0.915922
v -0.055953 8.010856 -0.916970
v -0.058232 8.008514 -0.917751
v -0.060159 8.005895 -0.918613
v -0.061707 8.003050 -0.919538
v -0.025149 8.094665 -1.250034
v -0.043751 8.082302 -1.207142
v -0.055436 8.069268 -1.162069
v -0.025444 8.098914 -1.174434
v -0.025274 8.104358 -1.193907
v -0.025117 8.098175 -1.248931
v -0.024599 8.101570 -1.247605
v -0.023619 8.104781 -1.246090
v -0.022202 8.107740 -1.244423
v -0.019171 8.111698 -1.241593
v -0.016756 8.113704 -1.239694
v -0.014035 8.115259 -1.237774
v -0.011073 8.116343 -1.235873
v -0.007936 8.116933 -1.234035
v -0.043584 8.085703 -1.206026
v -0.042927 8.088998 -1.204773
v -0.041808 8.092123 -1.203414
v -0.040252 8.095015 -1.201976
v -0.037009 8.098917 -1.199643
v -0.034464 8.100927 -1.198140
v -0.031616 8.102518 -1.196663
v -0.028531 8.103669 -1.195242
v -0.055129 8.072567 -1.160982
v -0.054343 8.075768 -1.159840
v -0.053106 8.078814 -1.158666
v -0.051447 8.081644 -1.157484
v -0.048069 8.085499 -1.155676
v -0.045455 8.087516 -1.154578
v -0.042552 8.089146 -1.153551
v -0.039421 8.090366 -1.152612
v -0.036124 8.091153 -1.151779
v -0.299392 3.735919 -1.243767
v -0.379423 1.571129 -1.307786
v -0.398836 0.485595 -1.339814
v -0.392083 -0.604221 -1.371845
v -0.369880 -1.197942 -1.383171
v -0.351003 -1.496246 -1.379820
v -0.324767 -1.794692 -1.352095
v -0.314854 -1.886074 -1.000997
v -0.310039 -1.927229 -0.919636
v -0.303324 -1.981714 -0.845511
v -0.294236 -2.050036 -0.782907
v -0.282392 -2.131488 -0.736272
v -0.336851 -1.669246 -0.691101
v -0.369264 -1.211117 -0.661069
v -0.397600 -0.300172 -0.630840
v -0.380855 1.514540 -0.616540
v -0.369961 1.905547 -0.614455
v -0.363395 2.115042 -0.412091
v -0.357558 2.290000 -0.420000
v -0.331775 2.980000 -0.420000
v -0.331223 2.993693 -0.361492
v 0.000000 7.777844 -1.324889
v -0.000000 7.426162 -1.356898
v -0.000000 6.684037 -1.411885
v -0.000000 5.942901 -1.455383
v -0.000000 5.592455 -1.473031
v -0.000000 5.265957 -1.488054
v -0.000000 4.971307 -1.500537
v -0.000000 4.716405 -1.510562
v -0.000000 4.509152 -1.518211
v -0.000000 4.347574 -1.523898
v 0.000000 3.722225 -1.543900
v -0.079642 1.567711 -1.607786
v -0.098862 0.489813 -1.639748
v -0.092168 -0.588206 -1.671713
v -0.158935 -0.590014 -1.664235
v -0.222351 -0.592176 -1.642083
v -0.279233 -0.594586 -1.606367
v -0.326727 -0.597122 -1.558881
v -0.362448 -0.599657 -1.502008
v -0.384604 -0.602064 -1.438602
v -0.088986 2.715673 -1.570083
v -0.334666 2.718236 -1.340252
v -0.219614 5.194487 -1.266937
v -0.025956 6.565969 -1.403022
v -0.062595 6.567184 -1.371818
v -0.090160 6.567850 -1.340027
v -0.113036 6.568139 -1.304701
v -0.130759 6.568042 -1.266536
v -0.142952 6.567560 -1.226262
v -0.019526 5.190357 -1.485871
v -0.062698 5.192120 -1.468042
v -0.102590 5.193516 -1.443707
v -0.139241 5.194537 -1.412503
v -0.166814 5.195058 -1.380711
v -0.189695 5.195225 -1.345383
v -0.207421 5.195034 -1.307214
v -0.042464 3.816018 -1.537457
v -0.087898 3.817789 -1.526567
v -0.131089 3.819250 -1.508742
v -0.170999 3.820368 -1.484410
v -0.207665 3.821132 -1.453206
v -0.235248 3.821460 -1.421412
v -0.258135 3.821467 -1.386080
v -0.275864 3.821152 -1.347908
v -0.288056 3.820520 -1.307626
v -0.134442 2.717085 -1.559201
v -0.177653 2.718206 -1.541381
v -0.217580 2.719009 -1.517051
v -0.254260 2.719484 -1.485847
v -0.281852 2.719594 -1.454051
v -0.304745 2.719421 -1.418717
v -0.322476 2.718965 -1.380540
v -0.145309 0.513067 -1.635391
v -0.190821 0.513135 -1.624536
v -0.234082 0.512978 -1.606735
v -0.274051 0.512600 -1.582414
v -0.310765 0.511990 -1.551211
v -0.338376 0.511284 -1.519408
v -0.361278 0.510432 -1.484061
v -0.379007 0.509451 -1.445868
v -0.391184 0.508361 -1.405560
v -0.370820 1.614502 -1.372895
v -0.358634 1.615372 -1.413191
v -0.340902 1.616031 -1.451374
v -0.318003 1.616467 -1.486713
v -0.290401 1.616673 -1.518512
v -0.253704 1.616619 -1.549715
v -0.213756 1.616273 -1.574042
v -0.170522 1.615647 -1.591854
v -0.125040 1.614755 -1.602726
v 0.299285 3.735891 -1.243768
v 0.379398 1.571125 -1.307785
v 0.399340 0.485707 -1.339814
v 0.392083 -0.604221 -1.371845
v 0.384604 -0.602064 -1.438602
v 0.362448 -0.599657 -1.502008
v 0.326727 -0.597122 -1.558881
v 0.279233 -0.594586 -1.606367
v 0.222351 -0.592176 -1.642083
v 0.158935 -0.590014 -1.664235
v 0.092168 -0.588206 -1.671713
v 0.099346 0.489785 -1.639749
v 0.079617 1.567713 -1.607786
v 0.202411 5.516261 -1.257407
v 0.092889 2.612463 -1.573144
v 0.338579 2.614811 -1.343313
v 0.066358 7.834465 -1.188725
v 0.054165 7.834899 -1.228996
v 0.036444 7.834925 -1.267159
v 0.013573 7.834546 -1.302483
v 0.303030 3.485863 -1.317534
v 0.290839 3.486522 -1.357817
v 0.273109 3.486875 -1.395990
v 0.250220 3.486918 -1.431322
v 0.222635 3.486650 -1.463117
v 0.185965 3.485965 -1.494321
v 0.146050 3.484934 -1.518653
v 0.102853 3.483566 -1.536476
v 0.057413 3.481894 -1.547364
v 0.017077 4.348453 -1.521669
v 0.062488 4.350648 -1.510768
v 0.105657 4.352528 -1.492933
v 0.145545 4.354055 -1.468591
v 0.182191 4.355227 -1.437378
v 0.209756 4.355899 -1.405577
v 0.232629 4.356235 -1.370239
v 0.250343 4.356234 -1.332061
v 0.262523 4.355900 -1.291773
v 0.387158 0.869462 -1.394907
v 0.374977 0.870464 -1.435210
v 0.357245 0.871315 -1.473399
v 0.334342 0.871999 -1.508743
v 0.306732 0.872504 -1.540544
v 0.270021 0.872847 -1.571747
v 0.230057 0.872933 -1.596071
v 0.186802 0.872775 -1.613876
v 0.141299 0.872374 -1.624738
v 0.121505 1.742662 -1.598934
v 0.166984 1.743625 -1.588061
v 0.210216 1.744319 -1.570247
v 0.250161 1.744727 -1.545920
v 0.286856 1.744839 -1.514716
v 0.314457 1.744677 -1.482918
v 0.337355 1.744276 -1.447580
v 0.355087 1.743646 -1.409397
v 0.367274 1.742795 -1.369103
v 0.002337 5.511849 -1.476339
v 0.045505 5.513673 -1.458509
v 0.085393 5.515125 -1.434174
v 0.122042 5.516197 -1.402970
v 0.149612 5.516757 -1.371178
v 0.172492 5.516957 -1.335850
v 0.190218 5.516791 -1.297683
v 0.136618 6.675595 -1.223061
v 0.019624 6.673962 -1.399821
v 0.056262 6.675189 -1.368616
v 0.083826 6.675866 -1.336825
v 0.106701 6.676163 -1.301500
v 0.124424 6.676073 -1.263335
v 0.138347 2.613836 -1.562262
v 0.181560 2.614919 -1.544443
v 0.221489 2.615687 -1.520113
v 0.258171 2.616130 -1.488909
v 0.285764 2.616216 -1.457113
v 0.308658 2.616022 -1.421778
v 0.326389 2.615551 -1.383601
v 0.331775 2.980000 -0.420000
v 0.331223 2.993693 -0.361492
v 0.324533 3.008625 -0.297693
v 0.305865 3.023010 -0.236229
v 0.275732 3.036350 -0.179234
v 0.235094 3.048125 -0.128920
v 0.185194 3.057889 -0.087202
v 0.127914 3.065200 -0.055965
v 0.065305 3.069739 -0.036570
v 0.000022 3.071277 -0.030000
v -0.065294 3.069739 -0.036567
v -0.127889 3.065202 -0.055954
v -0.185195 3.057889 -0.087202
v -0.235095 3.048125 -0.128921
v -0.275738 3.036347 -0.179243
v -0.305872 3.023006 -0.236247
v -0.324534 3.008624 -0.297699
v 0.357558 2.290000 -0.420000
v 0.363395 2.115042 -0.412091
v -0.361366 2.056773 -0.405149
v -0.350854 1.999920 -0.395877
v -0.331000 1.946176 -0.384546
v -0.301419 1.897891 -0.372110
v -0.262055 1.857000 -0.359839
v -0.214325 1.826026 -0.349457
v -0.160055 1.806587 -0.342468
v -0.102419 1.799988 -0.340012
v -0.100458 1.799988 -0.340012
v -0.097924 1.799957 -0.340000
v 0.097924 1.799957 -0.340000
v 0.100458 1.799988 -0.340012
v 0.102419 1.799988 -0.340012
v 0.159908 1.806551 -0.342461
v 0.214134 1.825930 -0.349426
v 0.261942 1.856909 -0.359808
v 0.301338 1.897786 -0.372080
v 0.331028 1.946239 -0.384570
v 0.350863 1.999963 -0.395889
v 0.361364 2.056826 -0.405180
v 0.369961 1.905547 -0.614455
v 0.380855 1.514540 -0.616540
v 0.397623 -0.298368 -0.630806
v 0.369296 -1.210507 -0.661039
v 0.336866 -1.669077 -0.691087
v 0.282392 -2.131488 -0.736272
v 0.294236 -2.050035 -0.782907
v 0.303325 -1.981712 -0.845513
v 0.310040 -1.927227 -0.919639
v 0.314854 -1.886074 -1.000997
v 0.324767 -1.794692 -1.352095
v 0.351002 -1.496246 -1.379825
v 0.369882 -1.197940 -1.383198
v 0.102419 1.799962 -0.340037
v 0.161961 1.801903 -0.347557
v 0.206625 1.807376 -0.362425
v 0.247641 1.815907 -0.384494
v 0.283931 1.827074 -0.412943
v 0.314533 1.840376 -0.446725
v 0.338785 1.855311 -0.484736
v 0.356297 1.871431 -0.525991
v 0.366738 1.888234 -0.569334
v 0.369969 1.905264 -0.613712
v 0.123868 -0.186040 -0.353866
v 0.095909 -1.186999 -0.385200
v 0.060968 -1.689548 -0.418889
v -0.000000 -2.191110 -0.471819
v -0.000000 -2.240000 -0.478369
v 0.068223 -2.240000 -0.488928
v 0.106827 -2.240000 -0.503178
v 0.142774 -2.240000 -0.523024
v 0.175290 -2.240000 -0.548065
v 0.203688 -2.240000 -0.577832
v 0.227148 -2.240000 -0.611477
v 0.245256 -2.240000 -0.648390
v 0.257541 -2.240000 -0.687586
v 0.263771 -2.240000 -0.728144
v 0.162684 -0.474222 -0.362869
v 0.388033 -0.473533 -0.573565
v 0.164526 0.690447 -0.348569
v 0.365954 1.809790 -0.554100
v 0.206249 0.691019 -0.358511
v 0.245907 0.691602 -0.374826
v 0.282548 0.692180 -0.397123
v 0.316217 0.692756 -0.425748
v 0.341524 0.693231 -0.454911
v 0.362512 0.693671 -0.487326
v 0.378757 0.694066 -0.522353
v 0.389912 0.694409 -0.559320
v 0.354790 1.809751 -0.517129
v 0.338538 1.809575 -0.482098
v 0.317543 1.809275 -0.449679
v 0.292231 1.808867 -0.420513
v 0.258557 1.808291 -0.391885
v 0.221912 1.807646 -0.369586
v 0.204389 -0.474770 -0.372824
v 0.244033 -0.475131 -0.389145
v 0.280661 -0.475297 -0.411440
v 0.314323 -0.475260 -0.440058
v 0.339626 -0.475055 -0.469210
v 0.360617 -0.474694 -0.501610
v 0.376868 -0.474184 -0.536619
v 0.107237 -1.649080 -0.418886
v 0.148626 -1.651891 -0.429003
v 0.187987 -1.654016 -0.445402
v 0.224380 -1.655405 -0.467695
v 0.257863 -1.656033 -0.496230
v 0.283073 -1.655898 -0.525249
v 0.304034 -1.655130 -0.557467
v 0.320324 -1.653746 -0.592255
v 0.331599 -1.651768 -0.628951
v 0.369865 -1.060963 -0.592951
v 0.358673 -1.062132 -0.556066
v 0.342411 -1.062985 -0.521111
v 0.321427 -1.063509 -0.488755
v 0.296144 -1.063693 -0.459636
v 0.262523 -1.063479 -0.431039
v 0.225948 -1.062846 -0.408744
v 0.186369 -1.061809 -0.392405
v 0.144737 -1.060393 -0.382412
v -0.102419 1.799962 -0.340037
v -0.123851 -0.188010 -0.353899
v -0.095872 -1.187728 -0.385237
v -0.060947 -1.689779 -0.418908
v -0.369969 1.905264 -0.613712
v -0.366738 1.888234 -0.569334
v -0.356297 1.871431 -0.525991
v -0.338785 1.855311 -0.484736
v -0.314533 1.840376 -0.446725
v -0.283931 1.827074 -0.412943
v -0.247641 1.815907 -0.384494
v -0.206625 1.807376 -0.362425
v -0.161961 1.801903 -0.347557
v -0.223448 1.826005 -0.355650
v -0.259077 1.841808 -0.371055
v -0.316057 1.882192 -0.411368
v -0.336127 1.904640 -0.434109
v -0.351461 1.928764 -0.458733
v -0.361720 1.954084 -0.484755
v -0.291670 1.861877 -0.390967
v 0.320937 3.091048 -0.293579
v -0.320937 3.091048 -0.293579
v -0.304294 3.038557 -0.233428
v -0.322943 3.041077 -0.295223
v 0.322943 3.041078 -0.295223
v 0.302405 3.088525 -0.232167
v 0.262948 3.085659 -0.162429
v 0.207723 3.083272 -0.104361
v 0.140011 3.081509 -0.061453
v 0.063887 3.080476 -0.036315
v -0.016068 3.080233 -0.030399
v -0.095065 3.080797 -0.044117
v -0.094467 3.130706 -0.044029
v -0.168340 3.082132 -0.076617
v -0.231525 3.084159 -0.125934
v -0.272189 3.086199 -0.175572
v -0.302405 3.088525 -0.232167
v 0.304294 3.038558 -0.233428
v -0.318914 3.140985 -0.291921
v -0.300500 3.138454 -0.230896
v -0.270475 3.136122 -0.174656
v -0.230068 3.134077 -0.125331
v -0.167281 3.132045 -0.076324
v -0.015967 3.130141 -0.030396
v 0.063486 3.130384 -0.036275
v 0.139131 3.131420 -0.061255
v 0.206416 3.133188 -0.103893
v 0.261293 3.135581 -0.161596
v 0.300500 3.138454 -0.230896
v 0.318914 3.140985 -0.291921
v 0.026349 -2.057055 -1.415932
v 0.081166 -2.052379 -1.413625
v 0.134137 -2.037993 -1.409307
v 0.183469 -2.014348 -1.403056
v 0.227523 -1.982290 -1.395093
v 0.264780 -1.942855 -1.385677
v 0.294028 -1.897410 -1.375133
v 0.314233 -1.847457 -1.363811
v 0.255852 -2.240000 -0.777937
v 0.239648 -2.240000 -0.825761
v 0.215598 -2.240000 -0.870092
v 0.184323 -2.240000 -0.909639
v 0.146693 -2.240000 -0.943168
v 0.103898 -2.240000 -0.969572
v 0.057618 -2.240000 -0.988078
v 0.013053 -2.240000 -0.998133
v -0.000000 -2.240000 -0.999826
v -0.000000 -2.238006 -1.000145
v 0.000000 -2.223880 -1.003576
v 0.000000 -2.210489 -1.008959
v 0.000000 -2.197960 -1.016217
v 0.000000 -2.186503 -1.025058
v -0.000000 -2.185974 -1.025523
v 0.006819 -2.169075 -1.043427
v 0.012070 -2.151526 -1.069303
v 0.019093 -2.116825 -1.150459
v 0.023263 -2.086846 -1.265706
v 0.286808 -2.079613 -0.815532
v 0.310320 -1.898528 -1.092227
v 0.085576 -2.079271 -1.270025
v 0.316111 -1.846891 -1.312787
v 0.302318 -1.887625 -1.320831
v 0.282630 -1.925926 -1.328528
v 0.257461 -1.960986 -1.335716
v 0.226358 -1.992971 -1.342436
v 0.195459 -2.016831 -1.347601
v 0.161635 -2.036512 -1.352028
v 0.125469 -2.051664 -1.355637
v 0.087570 -2.062004 -1.358363
v 0.299066 -1.990315 -0.903139
v 0.285355 -2.023577 -0.928089
v 0.265745 -2.054598 -0.951960
v 0.240648 -2.082720 -0.974248
v 0.209613 -2.108064 -0.995077
v 0.178767 -2.126672 -1.011084
v 0.144993 -2.141698 -1.024792
v 0.108874 -2.152872 -1.035960
v 0.071019 -2.159984 -1.044383
v 0.079257 -2.122565 -1.115199
v 0.117049 -2.113240 -1.109869
v 0.153121 -2.099351 -1.102830
v 0.186869 -2.081158 -1.094211
v 0.217714 -2.058981 -1.084164
v 0.248786 -2.029129 -1.071104
v 0.273959 -1.996298 -1.057142
v 0.293689 -1.960332 -1.042195
v 0.307562 -1.921986 -1.026579
v 0.293567 -2.031637 -0.855769
v 0.280053 -2.060945 -0.885645
v 0.260581 -2.088119 -0.914218
v 0.235564 -2.112580 -0.940876
v 0.204555 -2.134417 -0.965765
v 0.173690 -2.150250 -0.984863
v 0.139862 -2.162811 -1.001187
v 0.103662 -2.171872 -1.014445
v 0.065704 -2.177259 -1.024392
v 0.273603 -2.103847 -0.850211
v 0.254347 -2.126085 -0.883353
v 0.229454 -2.145847 -0.914242
v 0.198482 -2.163187 -0.943033
v 0.167580 -2.175463 -0.965074
v 0.133659 -2.184868 -0.983854
v 0.097321 -2.191230 -0.999033
v 0.059192 -2.194420 -1.010324
v 0.051373 -2.211322 -1.001046
v 0.089758 -2.210774 -0.988785
v 0.126301 -2.207675 -0.972090
v 0.160361 -2.202095 -0.951283
v 0.191322 -2.194140 -0.926749
v 0.222245 -2.182268 -0.894592
v 0.246961 -2.168223 -0.860009
v 0.265905 -2.151992 -0.822846
v 0.278660 -2.133931 -0.783923
v 0.269115 -2.193119 -0.761975
v 0.256967 -2.204202 -0.804255
v 0.238445 -2.213637 -0.844572
v 0.213966 -2.221209 -0.882013
v 0.183106 -2.226894 -0.916716
v 0.152061 -2.229971 -0.943071
v 0.117806 -2.231245 -0.965281
v 0.080977 -2.230690 -0.982923
v 0.042238 -2.228308 -0.995644
v 0.081936 -2.106070 -1.162755
v 0.119741 -2.096253 -1.158513
v 0.155826 -2.081756 -1.152911
v 0.189586 -2.062850 -1.146052
v 0.220442 -2.039868 -1.138056
v 0.251524 -2.008998 -1.127662
v 0.276706 -1.975103 -1.116550
v 0.296442 -1.938020 -1.104656
v 0.123431 -2.069021 -1.267051
v 0.159559 -2.053985 -1.263118
v 0.193354 -2.034444 -1.258298
v 0.224234 -2.010743 -1.252677
v 0.255330 -1.978960 -1.245367
v 0.280509 -1.944112 -1.237550
v 0.300224 -1.906030 -1.229180
v 0.314063 -1.865516 -1.220434
v 0.313136 -1.810722 -1.426681
v 0.282528 -1.823656 -1.496332
v 0.234969 -1.832637 -1.556439
v 0.173605 -1.837071 -1.603024
v 0.102496 -1.836665 -1.633005
v 0.026349 -1.831446 -1.644397
v 0.040064 -1.643904 -1.670952
v 0.051828 -1.484170 -1.679662
v 0.070305 -1.180577 -1.683201
v 0.079847 -1.730207 -1.658343
v 0.324323 -1.724649 -1.430270
v 0.124832 -1.733065 -1.647215
v 0.167628 -1.734864 -1.629316
v 0.207220 -1.735560 -1.605070
v 0.243718 -1.735112 -1.574053
v 0.271194 -1.733753 -1.542585
v 0.294078 -1.731526 -1.507674
v 0.311912 -1.728473 -1.469999
v 0.094483 -1.539919 -1.673874
v 0.139752 -1.542980 -1.662928
v 0.182795 -1.545553 -1.645078
v 0.222579 -1.547577 -1.620748
v 0.259204 -1.549040 -1.589518
v 0.286720 -1.549763 -1.557767
v 0.309572 -1.549961 -1.522497
v 0.327298 -1.549628 -1.484401
v 0.339522 -1.548768 -1.444204
v 0.114951 -1.219409 -1.679677
v 0.160389 -1.221950 -1.668837
v 0.203581 -1.224380 -1.651048
v 0.243488 -1.226640 -1.626735
v 0.280204 -1.228736 -1.595479
v 0.307763 -1.230326 -1.563672
v 0.330621 -1.231662 -1.528320
v 0.348315 -1.232717 -1.490120
v 0.360467 -1.233469 -1.449803
v 0.026200 -2.033800 -1.497856
v 0.025450 -2.015044 -1.536329
v 0.024629 -1.989023 -1.569321
v 0.024024 -1.955742 -1.596407
v 0.023918 -1.916247 -1.617602
v 0.317489 -1.818133 -1.399866
v 0.299772 -1.841986 -1.448185
v 0.270997 -1.864646 -1.494478
v 0.232248 -1.884627 -1.536119
v 0.186367 -1.900310 -1.570064
v 0.134628 -1.911126 -1.595400
v 0.080034 -1.916525 -1.611272
v 0.080698 -2.030005 -1.492886
v 0.133693 -2.017172 -1.482649
v 0.184028 -1.995368 -1.467478
v 0.228950 -1.965299 -1.448139
v 0.267356 -1.927684 -1.425265
v 0.296560 -1.885157 -1.400645
v 0.315531 -1.840024 -1.375776
v 0.080415 -2.011821 -1.530567
v 0.133952 -1.999851 -1.517999
v 0.184858 -1.979320 -1.498980
v 0.230231 -1.951012 -1.474428
v 0.268807 -1.915793 -1.445218
v 0.297792 -1.876371 -1.413743
v 0.316173 -1.835171 -1.382054
v 0.080051 -1.986633 -1.563176
v 0.134076 -1.976124 -1.549000
v 0.185453 -1.957790 -1.527079
v 0.231181 -1.932446 -1.498359
v 0.269903 -1.900988 -1.463846
v 0.298757 -1.865983 -1.426356
v 0.316729 -1.829751 -1.388334
v 0.079844 -1.954501 -1.590128
v 0.134242 -1.946174 -1.574915
v 0.185920 -1.931092 -1.550939
v 0.231839 -1.909998 -1.519108
v 0.270635 -1.883687 -1.480439
v 0.299426 -1.854351 -1.437970
v 0.317175 -1.823988 -1.394346
v -0.013053 -2.240000 -0.998133
v -0.057569 -2.240000 -0.988093
v -0.103818 -2.240000 -0.969612
v -0.146640 -2.240000 -0.943207
v -0.184293 -2.240000 -0.909671
v -0.215581 -2.240000 -0.870117
v -0.239646 -2.240000 -0.825765
v -0.255851 -2.240000 -0.777941
v -0.263771 -2.240000 -0.728144
v -0.314233 -1.847457 -1.363812
v -0.294028 -1.897410 -1.375134
v -0.264781 -1.942855 -1.385677
v -0.227523 -1.982290 -1.395093
v -0.183469 -2.014347 -1.403056
v -0.134137 -2.037993 -1.409308
v -0.081166 -2.052379 -1.413626
v -0.026349 -2.057055 -1.415932
v -0.023263 -2.086846 -1.265706
v -0.019093 -2.116822 -1.150460
v -0.012070 -2.151526 -1.069303
v -0.006819 -2.169075 -1.043426
v -0.273898 -2.142013 -0.800933
v -0.068948 -2.065249 -1.359178
v -0.308788 -1.883456 -1.223646
v -0.288451 -2.044610 -0.868797
v -0.274210 -2.070303 -0.895297
v -0.255234 -2.094103 -0.920571
v -0.231875 -2.115608 -0.944188
v -0.204550 -2.134446 -0.965738
v -0.168816 -2.152360 -0.987455
v -0.130670 -2.165528 -1.004912
v -0.089789 -2.174316 -1.018499
v -0.047046 -2.178537 -1.027930
v -0.040442 -2.194831 -1.014302
v -0.083388 -2.192800 -1.003659
v -0.124434 -2.186839 -0.988137
v -0.162694 -2.177077 -0.968072
v -0.198475 -2.163218 -0.943013
v -0.225774 -2.148281 -0.918089
v -0.249037 -2.130955 -0.890731
v -0.267842 -2.111545 -0.861424
v -0.281836 -2.090380 -0.830672
v -0.032487 -2.210698 -1.005295
v -0.075734 -2.211293 -0.993839
v -0.117027 -2.208744 -0.976822
v -0.155459 -2.203107 -0.954619
v -0.191314 -2.194172 -0.926736
v -0.218577 -2.183978 -0.898904
v -0.241703 -2.171737 -0.868287
v -0.260262 -2.157668 -0.835437
v -0.023173 -2.226532 -0.999946
v -0.066835 -2.230023 -0.988211
v -0.108472 -2.231284 -0.970312
v -0.147141 -2.230286 -0.946652
v -0.183102 -2.226911 -0.916713
v -0.210319 -2.222083 -0.886685
v -0.233259 -2.215600 -0.853555
v -0.251487 -2.207580 -0.817936
v -0.264639 -2.198161 -0.780470
v -0.293858 -2.005004 -0.914003
v -0.279461 -2.034227 -0.936138
v -0.260376 -2.061447 -0.957257
v -0.236953 -2.086210 -0.977006
v -0.209608 -2.108090 -0.995043
v -0.173900 -2.129169 -1.013248
v -0.135820 -2.144998 -1.027915
v -0.095039 -2.156000 -1.039376
v -0.052416 -2.161945 -1.047390
v -0.302271 -1.938964 -1.033134
v -0.287742 -1.972720 -1.047001
v -0.268560 -2.004335 -1.060237
v -0.245076 -2.033284 -1.072620
v -0.217701 -2.059071 -1.083939
v -0.181996 -2.084214 -1.095377
v -0.143950 -2.103461 -1.104610
v -0.103227 -2.117304 -1.111847
v -0.060680 -2.125457 -1.116937
v -0.111619 -2.056089 -1.356583
v -0.152451 -2.040924 -1.352879
v -0.190585 -2.020071 -1.348144
v -0.226355 -1.993003 -1.342271
v -0.253759 -1.965360 -1.336454
v -0.277245 -1.934423 -1.330087
v -0.296399 -1.900724 -1.323280
v -0.310869 -1.864826 -1.316146
v -0.063344 -2.109218 -1.163839
v -0.105907 -2.100576 -1.159785
v -0.146644 -2.086097 -1.154020
v -0.184703 -2.066083 -1.146665
v -0.220420 -2.040024 -1.137554
v -0.247804 -2.013354 -1.128537
v -0.271297 -1.983460 -1.118673
v -0.290485 -1.950853 -1.108130
v -0.305018 -1.916074 -1.097084
v -0.294282 -1.919153 -1.231413
v -0.275108 -1.952655 -1.238826
v -0.251616 -1.983401 -1.245760
v -0.224219 -2.010866 -1.252097
v -0.188472 -2.037749 -1.258497
v -0.150373 -2.058451 -1.263661
v -0.109585 -2.073495 -1.267704
v -0.066966 -2.082566 -1.270543
v -0.068223 -2.240000 -0.488928
v -0.106860 -2.240000 -0.503192
v -0.142806 -2.240000 -0.523045
v -0.175313 -2.240000 -0.548085
v -0.203703 -2.240000 -0.577851
v -0.227156 -2.240000 -0.611491
v -0.245258 -2.240000 -0.648393
v -0.257541 -2.240000 -0.687586
v -0.026349 -1.831446 -1.644397
v -0.102496 -1.836665 -1.633005
v -0.173605 -1.837071 -1.603024
v -0.234969 -1.832637 -1.556439
v -0.282528 -1.823656 -1.496332
v -0.313136 -1.810722 -1.426681
v -0.070303 -1.180637 -1.683168
v -0.051828 -1.484194 -1.679649
v -0.040064 -1.643974 -1.670913
v -0.091810 -1.576017 -1.671938
v -0.331865 -1.641461 -1.438570
v -0.110117 -1.304613 -1.679457
v -0.355540 -1.318145 -1.449591
v -0.324326 -1.724609 -1.430280
v -0.311915 -1.728432 -1.470007
v -0.294081 -1.731483 -1.507682
v -0.271197 -1.733709 -1.542592
v -0.243722 -1.735067 -1.574059
v -0.207221 -1.735515 -1.605078
v -0.167630 -1.734817 -1.629323
v -0.124835 -1.733018 -1.647221
v -0.079850 -1.730160 -1.658349
v -0.348864 -1.421436 -1.448246
v -0.336685 -1.421399 -1.488520
v -0.318982 -1.420943 -1.526683
v -0.296130 -1.420078 -1.562007
v -0.268594 -1.418823 -1.593796
v -0.231919 -1.416932 -1.625049
v -0.192069 -1.414687 -1.649372
v -0.148946 -1.412089 -1.667188
v -0.103584 -1.409201 -1.678072
v -0.137042 -1.579093 -1.660968
v -0.180051 -1.581604 -1.643108
v -0.219809 -1.583490 -1.618784
v -0.256418 -1.584736 -1.587570
v -0.283927 -1.585212 -1.555848
v -0.306781 -1.585113 -1.520614
v -0.324518 -1.584441 -1.482561
v -0.336764 -1.583204 -1.442414
v -0.371357 -1.010212 -1.447825
v -0.359211 -1.009052 -1.488149
v -0.341516 -1.007690 -1.526354
v -0.318648 -1.006154 -1.561709
v -0.291072 -1.004475 -1.593514
v -0.254325 -1.002414 -1.624768
v -0.214383 -1.000329 -1.649070
v -0.171150 -0.998208 -1.666844
v -0.125668 -0.996103 -1.677664
v -0.155526 -1.307316 -1.668602
v -0.198693 -1.309839 -1.650803
v -0.238578 -1.312120 -1.626486
v -0.275279 -1.314163 -1.595228
v -0.302829 -1.315644 -1.563427
v -0.325683 -1.316817 -1.528083
v -0.343379 -1.317656 -1.489894
v -0.319571 -1.643485 -1.478612
v -0.301807 -1.644873 -1.516571
v -0.278947 -1.645603 -1.551725
v -0.251451 -1.645662 -1.583386
v -0.214876 -1.644895 -1.614557
v -0.175171 -1.643328 -1.638869
v -0.132229 -1.640983 -1.656749
v -0.087075 -1.637918 -1.667771
v -0.023918 -1.916247 -1.617602
v -0.024024 -1.955742 -1.596407
v -0.024629 -1.989023 -1.569321
v -0.025450 -2.015044 -1.536329
v -0.026200 -2.033800 -1.497856
v -0.071092 -1.995661 -1.555784
v -0.071104 -1.897207 -1.620950
v -0.124030 -1.894372 -1.606999
v -0.174005 -1.887294 -1.584534
v -0.223305 -1.875080 -1.550848
v -0.264316 -1.858769 -1.508813
v -0.289301 -1.843858 -1.471707
v -0.307798 -1.827781 -1.432363
v -0.319666 -1.811179 -1.392065
v -0.070701 -1.957038 -1.590422
v -0.123426 -1.950040 -1.577219
v -0.173354 -1.936941 -1.556345
v -0.222742 -1.916302 -1.525457
v -0.263844 -1.890086 -1.487431
v -0.288762 -1.866917 -1.454395
v -0.307214 -1.842597 -1.419960
v -0.319213 -1.818173 -1.385426
v -0.123345 -1.986399 -1.543736
v -0.172858 -1.969958 -1.525147
v -0.221915 -1.944459 -1.498107
v -0.262866 -1.912241 -1.465318
v -0.287805 -1.883808 -1.437173
v -0.306418 -1.853925 -1.408152
v -0.318730 -1.823812 -1.379409
v -0.071620 -2.023272 -1.512507
v -0.123243 -2.012689 -1.502462
v -0.172139 -1.994320 -1.487377
v -0.220645 -1.965912 -1.465813
v -0.261350 -1.929878 -1.440022
v -0.286421 -1.897832 -1.418043
v -0.305378 -1.863800 -1.395480
v -0.318176 -1.829010 -1.373206
v -0.318460 -1.826491 -1.376305
v -0.305925 -1.859089 -1.401876
v -0.287163 -1.891238 -1.427780
v -0.262175 -1.921693 -1.452990
v -0.221342 -1.956097 -1.482496
v -0.172541 -1.983289 -1.507012
v -0.123319 -2.000861 -1.524019
v -0.071368 -2.010892 -1.535192
v -0.071817 -2.041597 -1.463287
v -0.122760 -2.030316 -1.456171
v -0.170958 -2.010974 -1.445731
v -0.218825 -1.981091 -1.430978
v -0.259287 -1.943017 -1.413419
v -0.284637 -1.908796 -1.398389
v -0.304136 -1.871936 -1.382814
v -0.317581 -1.833535 -1.367210
v -0.154948 1.245808 -0.345934
v -0.380298 1.251672 -0.556685
v -0.369146 1.251262 -0.519717
v -0.352904 1.250749 -0.484690
v -0.331919 1.250146 -0.452275
v -0.306617 1.249462 -0.423112
v -0.272951 1.248599 -0.394486
v -0.236316 1.247700 -0.372190
v -0.196664 1.246762 -0.355876
v -0.221910 1.807646 -0.369585
v -0.292231 1.808867 -0.420513
v -0.317542 1.809275 -0.449679
v -0.338537 1.809575 -0.482097
v -0.354790 1.809751 -0.517127
v -0.258555 1.808291 -0.391884
v -0.365953 1.809790 -0.554098
v -0.376556 -0.895773 -0.586172
v -0.365375 -0.896765 -0.549262
v -0.349118 -0.897499 -0.514286
v -0.328131 -0.897962 -0.481913
v -0.302840 -0.898145 -0.452781
v -0.269201 -0.898004 -0.424174
v -0.232604 -0.897516 -0.401880
v -0.192999 -0.896692 -0.385549
v -0.151338 -0.895552 -0.375571
v -0.166951 -0.146959 -0.356612
v -0.208669 -0.147132 -0.366559
v -0.248325 -0.147192 -0.382876
v -0.284964 -0.147135 -0.405171
v -0.318634 -0.146958 -0.433794
v -0.343941 -0.146708 -0.462953
v -0.364932 -0.146373 -0.495361
v -0.381181 -0.145961 -0.530380
v -0.392341 -0.145480 -0.567338
v -0.331667 -1.650983 -0.628886
v -0.320392 -1.652961 -0.592191
v -0.304102 -1.654344 -0.557403
v -0.283141 -1.655111 -0.525185
v -0.257932 -1.655247 -0.496166
v -0.224447 -1.654619 -0.467630
v -0.188053 -1.653232 -0.445338
v -0.148693 -1.651109 -0.428939
v -0.107304 -1.648300 -0.418823
v -0.050000 7.343900 0.810689
v -0.049999 7.344570 0.811198
v -0.046787 7.381263 0.838908
v -0.037721 7.413473 0.862979
v -0.031311 7.426566 0.872697
v -0.023723 7.437264 0.880610
v -0.019012 7.442009 0.884112
v -0.013537 7.446026 0.887074
v -0.010449 7.447650 0.888270
v -0.007123 7.448915 0.889201
v -0.003624 7.449720 0.889794
v -0.000000 7.450000 0.890000
v -0.000000 7.662564 0.213756
v -0.044506 7.526807 0.418770
v -0.003402 7.520578 0.664498
v -0.003402 7.733142 -0.011746
v -0.044506 7.739371 -0.257474
v -0.037342 7.764325 -0.249630
v -0.027699 7.784302 -0.243351
v -0.020971 7.793277 -0.240530
v -0.013942 7.799543 -0.238560
v -0.010399 7.801665 -0.237893
v -0.006876 7.803140 -0.237430
v -0.003402 7.803997 -0.237160
v -0.006876 7.519721 0.664229
v -0.010399 7.518247 0.663766
v -0.013942 7.516124 0.663099
v -0.020971 7.509859 0.661129
v -0.027699 7.500884 0.658308
v -0.037342 7.480906 0.652028
v -0.044506 7.455952 0.644185
v -0.006876 7.732285 -0.012015
v -0.010399 7.730811 -0.012478
v -0.013942 7.728688 -0.013146
v -0.020971 7.722423 -0.015115
v -0.027699 7.713448 -0.017936
v -0.037342 7.693470 -0.024216
v -0.044506 7.668516 -0.032059
v -0.044506 7.597662 0.193355
v -0.037342 7.622615 0.201199
v -0.027699 7.642593 0.207479
v -0.020971 7.651568 0.210300
v -0.013942 7.657834 0.212269
v -0.010399 7.659956 0.212936
v -0.006876 7.661431 0.213400
v -0.003402 7.662287 0.213669
v -0.003402 7.591433 0.439084
v -0.006876 7.590576 0.438814
v -0.010399 7.589102 0.438351
v -0.013942 7.586979 0.437684
v -0.020971 7.580713 0.435714
v -0.027699 7.571739 0.432893
v -0.037342 7.551761 0.426614
v -0.050000 6.324742 -0.228569
v -0.050000 6.344289 -0.198662
v -0.050000 6.370791 -0.132165
v -0.050000 6.519964 0.428025
v -0.050000 6.669138 0.988215
v -0.050000 6.670747 0.993177
v -0.050000 6.671954 0.995657
v -0.050000 6.672668 0.996763
v -0.050000 6.673465 0.997589
v -0.050000 6.678836 1.001156
v -0.050000 6.694265 1.006890
v -0.050000 6.721321 1.012004
v -0.050000 6.758659 1.014191
v -0.050000 6.856370 1.005431
v -0.050000 7.096863 0.937413
v 0.000000 6.107168 -0.213952
v 0.000000 6.168143 -0.196119
v -0.000000 6.194896 -0.181571
v -0.000000 6.218065 -0.161619
v -0.000000 6.236713 -0.134851
v 0.000000 6.250000 -0.100000
v -0.004493 6.250489 -0.100130
v -0.009098 6.252017 -0.100537
v -0.013758 6.254663 -0.101242
v -0.018405 6.258481 -0.102258
v -0.027360 6.269690 -0.105243
v -0.035355 6.285379 -0.109421
v -0.046489 6.326328 -0.120326
v -0.003402 6.149663 -0.203490
v -0.044505 6.298503 -0.163451
v -0.003402 6.246767 -0.111799
v -0.003402 6.227137 -0.150903
v -0.006876 6.227864 -0.151427
v -0.010398 6.229115 -0.152330
v -0.013942 6.230917 -0.153630
v -0.020970 6.236236 -0.157466
v -0.027698 6.243855 -0.162961
v -0.037341 6.260816 -0.175194
v -0.044505 6.282001 -0.190474
v -0.044505 6.248290 -0.226481
v -0.037341 6.231667 -0.206295
v -0.027698 6.218359 -0.190135
v -0.020970 6.212381 -0.182876
v -0.013942 6.208208 -0.177808
v -0.010398 6.206794 -0.176091
v -0.006876 6.205812 -0.174899
v -0.003402 6.205242 -0.174206
v -0.006876 6.149947 -0.204342
v -0.010398 6.150435 -0.205809
v -0.013942 6.151139 -0.207920
v -0.020970 6.153216 -0.214153
v -0.027698 6.156191 -0.223080
v -0.020970 6.120115 -0.223094
v -0.013942 6.118724 -0.216675
v -0.010398 6.118252 -0.214501
v -0.006876 6.117925 -0.212991
v -0.003402 6.117735 -0.212113
v -0.006876 6.048807 -0.222470
v -0.003402 6.048743 -0.221575
v -0.003402 6.179178 -0.191204
v -0.006876 6.179591 -0.192002
v -0.010398 6.180300 -0.193375
v -0.013942 6.181321 -0.195352
v -0.020970 6.184335 -0.201187
v -0.027698 6.188653 -0.209544
v -0.037341 6.198264 -0.228150
v -0.044505 6.210270 -0.251391
v -0.003402 6.238017 -0.132950
v -0.006876 6.238818 -0.133354
v -0.010398 6.240198 -0.134050
v -0.013942 6.242185 -0.135052
v -0.020970 6.248049 -0.138009
v -0.027698 6.256448 -0.142244
v -0.037341 6.275147 -0.151673
v -0.044505 6.310996 -0.133322
v -0.037341 6.286195 -0.125011
v -0.027698 6.266339 -0.118357
v -0.020970 6.257420 -0.115368
v -0.013942 6.251193 -0.113282
v -0.010398 6.249084 -0.112575
v -0.006876 6.247619 -0.112084
v 0.000000 6.548348 1.020380
v -0.004493 6.548836 1.020250
v -0.009098 6.550364 1.019843
v -0.013758 6.553010 1.019139
v -0.018405 6.556828 1.018122
v -0.027360 6.568037 1.015137
v -0.035355 6.583726 1.010959
v -0.046489 6.624676 1.000055
v 0.000000 6.399174 0.460190
v -0.044506 6.435081 0.330646
v -0.003402 6.309949 0.124002
v -0.044506 6.554420 0.778798
v -0.003402 6.488958 0.796230
v -0.037342 6.529143 0.785529
v -0.027699 6.508907 0.790917
v -0.020971 6.499816 0.793338
v -0.013942 6.493469 0.795028
v -0.010399 6.491319 0.795601
v -0.006876 6.489826 0.795999
v -0.037342 6.409804 0.337377
v -0.027699 6.389568 0.342765
v -0.020971 6.380477 0.345186
v -0.013942 6.374130 0.346876
v -0.010399 6.371980 0.347449
v -0.006876 6.370487 0.347846
v -0.003402 6.369619 0.348078
v -0.003402 6.429288 0.572154
v -0.006876 6.430156 0.571923
v -0.010399 6.431650 0.571525
v -0.013942 6.433800 0.570952
v -0.020971 6.440146 0.569262
v -0.027699 6.449237 0.566841
v -0.037342 6.469474 0.561453
v -0.044506 6.494750 0.554722
v -0.006876 6.310817 0.123770
v -0.010399 6.312311 0.123373
v -0.013942 6.314461 0.122800
v -0.020971 6.320807 0.121110
v -0.027699 6.329898 0.118689
v -0.037342 6.350135 0.113301
v -0.044506 6.375411 0.106570
v -0.000000 6.555352 1.041184
v 0.000000 6.564691 1.059840
v -0.000000 6.576333 1.076372
v -0.000000 6.590217 1.090823
v 0.000000 6.606269 1.103244
v 0.000000 6.624398 1.113698
v 0.000000 6.666483 1.128978
v 0.000000 6.715560 1.137239
v 0.000000 6.770652 1.139073
v 0.000000 6.894842 1.125654
v -0.000000 7.172605 1.041618
v -0.044504 6.672023 1.059750
v -0.003401 6.650846 1.124133
v -0.044504 6.951574 1.043836
v -0.003401 6.967998 1.109570
v -0.044504 7.324863 0.889478
v -0.037339 7.338193 0.911984
v -0.027694 7.348864 0.930001
v -0.020967 7.353656 0.938091
v -0.013940 7.357002 0.943739
v -0.010396 7.358135 0.945653
v -0.006875 7.358923 0.946982
v -0.003401 7.359380 0.947754
v -0.044504 7.075147 1.006352
v -0.037339 7.083927 1.031001
v -0.027694 7.090956 1.050733
v -0.020967 7.094112 1.059594
v -0.013940 7.096316 1.065779
v -0.010396 7.097062 1.067875
v -0.006875 7.097581 1.069331
v -0.003401 7.097882 1.070176
v -0.044504 6.836663 1.065839
v -0.037339 6.839959 1.091796
v -0.027694 6.842597 1.112575
v -0.020967 6.843782 1.121906
v -0.013940 6.844609 1.128420
v -0.010396 6.844890 1.130627
v -0.006875 6.845084 1.132160
v -0.003401 6.845197 1.133050
v -0.006875 6.967781 1.108699
v -0.010396 6.967406 1.107200
v -0.013940 6.966867 1.105041
v -0.020967 6.965275 1.098670
v -0.027694 6.962995 1.089545
v -0.037339 6.957917 1.069222
v -0.044504 6.716147 1.068833
v -0.037339 6.713170 1.094852
v -0.027694 6.710787 1.115682
v -0.020967 6.709716 1.125035
v -0.013940 6.708969 1.131565
v -0.010396 6.708716 1.133777
v -0.006875 6.708540 1.135314
v -0.003401 6.708438 1.136207
v -0.037339 6.663844 1.084615
v -0.027694 6.657297 1.104519
v -0.020967 6.654357 1.113458
v -0.013940 6.652305 1.119698
v -0.010396 6.651609 1.121812
v -0.006875 6.651126 1.123280
v -0.044504 6.642780 1.045813
v -0.037339 6.627839 1.067285
v -0.027694 6.615879 1.084473
v -0.020967 6.610507 1.092192
v -0.013940 6.606758 1.097580
v -0.010396 6.605488 1.099406
v -0.006875 6.604605 1.100674
v -0.003401 6.604093 1.101411
v -0.003401 6.626012 1.114167
v -0.006875 6.626404 1.113360
v -0.010396 6.627077 1.111969
v -0.013940 6.628047 1.109968
v -0.020967 6.630910 1.104060
v -0.027694 6.635011 1.095597
v -0.037339 6.644142 1.076752
v -0.044504 6.655550 1.053211
v -0.044504 6.633047 1.037752
v -0.037339 6.614592 1.056286
v -0.027694 6.599819 1.071123
v -0.020967 6.593185 1.077786
v -0.013940 6.588553 1.082437
v -0.010396 6.586984 1.084013
v -0.006875 6.585894 1.085108
v -0.003401 6.585261 1.085744
v -0.044504 6.625449 1.028639
v -0.037339 6.603906 1.043477
v -0.027694 6.586661 1.055355
v -0.020967 6.578917 1.060688
v -0.013940 6.573511 1.064412
v -0.010396 6.571679 1.065674
v -0.006875 6.570407 1.066550
v -0.003401 6.569668 1.067059
v -0.044504 6.619174 1.017431
v -0.037339 6.595330 1.028181
v -0.027694 6.576241 1.036786
v -0.020967 6.567670 1.040651
v -0.013940 6.561686 1.043348
v -0.010396 6.559658 1.044262
v -0.006875 6.558250 1.044897
v -0.003401 6.557432 1.045266
v 0.004493 6.548836 1.020250
v 0.009098 6.550364 1.019843
v 0.013758 6.553010 1.019139
v 0.018405 6.556828 1.018122
v 0.027360 6.568037 1.015137
v 0.035355 6.583726 1.010959
v 0.046489 6.624676 1.000055
v 0.050000 6.669138 0.988215
v 0.050000 6.670747 0.993177
v 0.050000 6.671954 0.995657
v 0.050000 6.672668 0.996763
v 0.050000 6.673465 0.997589
v 0.050000 6.678836 1.001156
v 0.050000 6.694265 1.006890
v 0.050000 6.721321 1.012004
v 0.050000 6.758659 1.014191
v 0.050000 6.856370 1.005431
v 0.050000 7.096863 0.937413
v 0.050000 7.343900 0.810689
v 0.049999 7.344572 0.811200
v 0.046787 7.381265 0.838909
v 0.037720 7.413474 0.862979
v 0.031311 7.426567 0.872697
v 0.023723 7.437264 0.880610
v 0.019012 7.442009 0.884113
v 0.013537 7.446026 0.887074
v 0.010449 7.447651 0.888270
v 0.007122 7.448915 0.889201
v 0.003623 7.449720 0.889794
v 0.044504 7.324862 0.889477
v 0.044504 6.967402 1.039777
v 0.044504 6.637621 1.041892
v 0.003401 7.359380 0.947754
v 0.006875 7.358922 0.946982
v 0.010397 7.358135 0.945653
v 0.013940 7.357002 0.943739
v 0.020967 7.353656 0.938091
v 0.027694 7.348864 0.930000
v 0.037339 7.338193 0.911983
v 0.003401 6.984717 1.105287
v 0.006875 6.984487 1.104419
v 0.010397 6.984093 1.102925
v 0.013940 6.983524 1.100774
v 0.020967 6.981846 1.094424
v 0.027694 6.979442 1.085329
v 0.037339 6.974089 1.065076
v 0.044504 7.146440 0.978825
v 0.037339 7.156502 1.002972
v 0.027694 7.164556 1.022302
v 0.020967 7.168174 1.030983
v 0.013940 7.170699 1.037043
v 0.010397 7.171554 1.039096
v 0.006875 7.172149 1.040523
v 0.003401 7.172494 1.041351
v 0.003401 6.845197 1.133050
v 0.006875 6.845084 1.132159
v 0.010397 6.844890 1.130626
v 0.013940 6.844609 1.128420
v 0.020967 6.843782 1.121905
v 0.027694 6.842597 1.112574
v 0.037339 6.839959 1.091795
v 0.044504 6.836663 1.065838
v 0.044504 6.882709 1.058718
v 0.037339 6.887375 1.084458
v 0.027694 6.891110 1.105063
v 0.020967 6.892787 1.114317
v 0.013940 6.893958 1.120777
v 0.010397 6.894355 1.122965
v 0.006875 6.894630 1.124485
v 0.003401 6.894790 1.125369
v 0.003401 6.717420 1.137120
v 0.006875 6.717501 1.136226
v 0.010397 6.717641 1.134686
v 0.013940 6.717842 1.132469
v 0.020967 6.718435 1.125925
v 0.027694 6.719285 1.116551
v 0.037339 6.721177 1.095677
v 0.044504 6.723540 1.069602
v 0.003401 6.663693 1.127949
v 0.006875 6.663926 1.127082
v 0.010397 6.664327 1.125588
v 0.013940 6.664904 1.123437
v 0.020967 6.666607 1.117089
v 0.027694 6.669047 1.107995
v 0.037339 6.674480 1.087746
v 0.044504 6.681267 1.062452
v 0.003401 6.618482 1.110291
v 0.006875 6.618913 1.109503
v 0.010397 6.619654 1.108148
v 0.013940 6.620721 1.106196
v 0.020967 6.623870 1.100436
v 0.027694 6.628382 1.092185
v 0.037339 6.638428 1.073812
v 0.044504 6.650977 1.050860
v 0.003401 6.594349 1.094005
v 0.006875 6.594922 1.093315
v 0.010397 6.595909 1.092126
v 0.013940 6.597330 1.090415
v 0.020967 6.601524 1.085364
v 0.027694 6.607532 1.078129
v 0.037339 6.620910 1.062018
v 0.003401 6.574535 1.073675
v 0.006875 6.575241 1.073121
v 0.010397 6.576456 1.072168
v 0.013940 6.578206 1.070795
v 0.020967 6.583370 1.066744
v 0.027694 6.590768 1.060940
v 0.037339 6.607240 1.048017
v 0.044504 6.627817 1.031874
v 0.003401 6.559248 1.049145
v 0.006875 6.560055 1.048752
v 0.010397 6.561444 1.048076
v 0.013940 6.563444 1.047103
v 0.020967 6.569347 1.044232
v 0.027694 6.577802 1.040118
v 0.037339 6.596631 1.030957
v 0.044504 6.620152 1.019514
v 0.044506 7.668516 -0.032059
v 0.003402 7.803997 -0.237160
v 0.003402 7.591433 0.439084
v 0.006876 7.803140 -0.237430
v 0.010399 7.801665 -0.237893
v 0.013942 7.799543 -0.238560
v 0.020971 7.793277 -0.240530
v 0.027699 7.784302 -0.243351
v 0.037342 7.764325 -0.249630
v 0.044506 7.739371 -0.257474
v 0.006876 7.590576 0.438814
v 0.010399 7.589102 0.438351
v 0.013942 7.586979 0.437684
v 0.020971 7.580713 0.435714
v 0.027699 7.571739 0.432893
v 0.037342 7.551761 0.426614
v 0.044506 7.526807 0.418770
v 0.044506 7.597662 0.193355
v 0.037342 7.622615 0.201199
v 0.027699 7.642593 0.207479
v 0.020971 7.651568 0.210300
v 0.013942 7.657834 0.212269
v 0.010399 7.659956 0.212936
v 0.006876 7.661431 0.213400
v 0.003402 7.662287 0.213669
v 0.044506 7.455952 0.644185
v 0.037342 7.480906 0.652028
v 0.027699 7.500884 0.658308
v 0.020971 7.509859 0.661129
v 0.013942 7.516124 0.663099
v 0.010399 7.518247 0.663766
v 0.006876 7.519721 0.664229
v 0.003402 7.520578 0.664498
v 0.003402 7.733142 -0.011746
v 0.006876 7.732285 -0.012015
v 0.010399 7.730811 -0.012478
v 0.013942 7.728688 -0.013146
v 0.020971 7.722423 -0.015115
v 0.027699 7.713448 -0.017936
v 0.037342 7.693470 -0.024216
v 0.004493 6.250489 -0.100130
v 0.009098 6.252017 -0.100537
v 0.013758 6.254663 -0.101242
v 0.018405 6.258481 -0.102258
v 0.027360 6.269690 -0.105243
v 0.035355 6.285379 -0.109421
v 0.046489 6.326328 -0.120326
v 0.050000 6.370791 -0.132165
v 0.050000 6.519964 0.428025
v 0.044506 6.494750 0.554722
v 0.003402 6.488958 0.796230
v 0.044506 6.375411 0.106570
v 0.003402 6.309949 0.124002
v 0.037342 6.350135 0.113301
v 0.027699 6.329898 0.118689
v 0.020971 6.320807 0.121110
v 0.013942 6.314461 0.122800
v 0.010399 6.312311 0.123373
v 0.006876 6.310817 0.123770
v 0.037342 6.469474 0.561453
v 0.027699 6.449237 0.566841
v 0.020971 6.440146 0.569262
v 0.013942 6.433800 0.570952
v 0.010399 6.431650 0.571525
v 0.006876 6.430156 0.571923
v 0.003402 6.429288 0.572154
v 0.003402 6.369619 0.348078
v 0.006876 6.370487 0.347846
v 0.010399 6.371980 0.347449
v 0.013942 6.374130 0.346876
v 0.020971 6.380477 0.345186
v 0.027699 6.389568 0.342765
v 0.037342 6.409804 0.337377
v 0.044506 6.435081 0.330646
v 0.006876 6.489826 0.795999
v 0.010399 6.491319 0.795601
v 0.013942 6.493469 0.795028
v 0.020971 6.499816 0.793338
v 0.027699 6.508907 0.790917
v 0.037342 6.529143 0.785529
v 0.044506 6.554420 0.778798
v 0.050000 6.324742 -0.228569
v 0.050000 6.344289 -0.198662
v 0.003401 6.214212 -0.166072
v 0.006875 6.048807 -0.222470
v 0.003401 6.048743 -0.221575
v 0.027696 6.135183 -0.229220
v 0.020969 6.132854 -0.220103
v 0.013941 6.131228 -0.213739
v 0.010398 6.130677 -0.211583
v 0.006875 6.130295 -0.210086
v 0.003401 6.130072 -0.209215
v 0.037341 6.193902 -0.230338
v 0.027696 6.184712 -0.211520
v 0.020969 6.180584 -0.203068
v 0.013941 6.177703 -0.197168
v 0.010398 6.176726 -0.195169
v 0.006875 6.176048 -0.193780
v 0.003401 6.175654 -0.192973
v 0.044505 6.262017 -0.213931
v 0.037341 6.243556 -0.195450
v 0.027696 6.228778 -0.180654
v 0.020969 6.222140 -0.174009
v 0.013941 6.217506 -0.169369
v 0.010398 6.215936 -0.167798
v 0.006875 6.214845 -0.166706
v 0.003401 6.196013 -0.181158
v 0.006875 6.196522 -0.181898
v 0.010398 6.197399 -0.183170
v 0.013941 6.198661 -0.185002
v 0.020969 6.202388 -0.190408
v 0.027696 6.207725 -0.198153
v 0.037341 6.219609 -0.215396
v 0.044505 6.234453 -0.236935
v 0.044505 6.290657 -0.177521
v 0.037341 6.268309 -0.163953
v 0.027696 6.250418 -0.153092
v 0.020969 6.242383 -0.148213
v 0.013941 6.236773 -0.144807
v 0.010398 6.234872 -0.143654
v 0.006875 6.233552 -0.142852
v 0.003401 6.232785 -0.142387
v 0.044505 6.310995 -0.133322
v 0.037341 6.286193 -0.125010
v 0.027696 6.266337 -0.118357
v 0.020969 6.257419 -0.115368
v 0.013941 6.251193 -0.113282
v 0.010398 6.249084 -0.112575
v 0.006875 6.247619 -0.112084
v 0.003401 6.246767 -0.111799
vt -0.405928 0.014853 0.000000
vt -0.440035 0.036029 0.000000
vt -0.440297 0.013473 0.000000
vt -0.465763 0.064979 0.000000
vt -0.474324 0.011623 0.000000
vt -0.480065 0.100557 0.000000
vt -0.507983 0.009370 0.000000
vt -0.481125 0.137353 0.000000
vt -0.480525 0.421963 0.000000
vt -0.432472 0.849376 0.000000
vt -0.480525 0.635670 0.000000
vt -0.480525 0.849376 0.000000
vt -0.528577 0.849376 0.000000
vt -0.528577 1.276789 0.000000
vt -0.576629 1.276789 0.000000
vt -0.576629 1.704202 0.000000
vt -0.624682 1.704202 0.000000
vt -0.624682 2.559028 0.000000
vt -0.672734 2.481492 0.000000
vt -0.624682 2.986441 0.000000
vt -0.672734 3.103227 0.000000
vt -0.624682 3.414095 0.000000
vt -0.672734 3.414095 0.000000
vt -0.624682 3.709604 0.000000
vt -0.672734 3.724962 0.000000
vt -0.624682 4.005355 0.000000
vt -0.672734 4.035830 0.000000
vt -0.624682 4.301105 0.000000
vt -0.672734 4.346698 0.000000
vt -0.672734 4.502132 0.000000
vt -0.624682 4.596855 0.000000
vt -0.672734 4.579849 0.000000
vt -0.672734 4.657565 0.000000
vt -0.624682 4.643302 0.000000
vt -0.624682 4.689750 0.000000
vt -0.576629 4.643302 0.000000
vt -0.576629 4.689750 0.000000
vt -0.528577 4.643302 0.000000
vt -0.528577 4.689750 0.000000
vt -0.480525 4.643302 0.000000
vt -0.480525 4.689750 0.000000
vt -0.432472 4.643302 0.000000
vt -0.432472 4.689750 0.000000
vt -0.384420 4.643302 0.000000
vt -0.384420 4.689750 0.000000
vt -0.336367 4.643302 0.000000
vt -0.336367 4.689750 0.000000
vt -0.288315 4.643302 0.000000
vt -0.288315 4.689750 0.000000
vt -0.240262 4.643302 0.000000
vt -0.240262 4.689750 0.000000
vt -0.192210 4.643302 0.000000
vt -0.192210 4.689750 0.000000
vt -0.144157 4.643302 0.000000
vt -0.144157 4.689750 0.000000
vt -0.096105 4.643302 0.000000
vt -0.096105 4.689750 0.000000
vt -0.048052 4.643302 0.000000
vt -0.048052 4.689750 0.000000
vt -0.000000 4.657565 0.000000
vt -0.000000 4.735282 0.000000
vt -0.425998 0.878095 0.000000
vt -0.432472 1.276789 0.000000
vt -0.480525 1.276789 0.000000
vt -0.480525 1.704202 0.000000
vt -0.528577 1.704202 0.000000
vt -0.528577 2.559028 0.000000
vt -0.576629 2.559028 0.000000
vt -0.576629 2.986441 0.000000
vt -0.401872 1.627553 0.000000
vt -0.432472 1.704202 0.000000
vt -0.480525 2.559028 0.000000
vt -0.528577 2.986441 0.000000
vt -0.576629 3.414095 0.000000
vt -0.383876 1.750145 0.000000
vt -0.432472 2.559028 0.000000
vt -0.480525 2.986441 0.000000
vt -0.528577 3.414095 0.000000
vt -0.576629 3.709604 0.000000
vt -0.384420 2.559028 0.000000
vt -0.362330 1.831950 0.000000
vt -0.349701 1.869434 0.000000
vt -0.343539 1.881270 0.000000
vt -0.336367 2.559028 0.000000
vt -0.384420 2.986441 0.000000
vt -0.336367 2.986441 0.000000
vt -0.384420 3.414095 0.000000
vt -0.336367 3.414095 0.000000
vt -0.384420 3.709604 0.000000
vt -0.336367 3.709604 0.000000
vt -0.384420 4.005355 0.000000
vt -0.336367 4.005355 0.000000
vt -0.384420 4.301105 0.000000
vt -0.336367 4.301105 0.000000
vt -0.384420 4.596855 0.000000
vt -0.336367 4.596855 0.000000
vt -0.340411 1.884822 0.000000
vt -0.339532 1.885479 0.000000
vt -0.338566 1.886019 0.000000
vt -0.337500 1.886391 0.000000
vt -0.336941 1.886492 0.000000
vt -0.336367 1.886526 0.000000
vt -0.335562 1.886458 0.000000
vt -0.334783 1.886263 0.000000
vt -0.334052 1.885964 0.000000
vt -0.333367 1.885584 0.000000
vt -0.332143 1.884668 0.000000
vt -0.331006 1.883553 0.000000
vt -0.326253 1.876344 0.000000
vt -0.315721 1.849974 0.000000
vt -0.288315 2.559028 0.000000
vt -0.293674 1.770387 0.000000
vt -0.240262 1.704202 0.000000
vt -0.270862 1.627553 0.000000
vt -0.240262 1.276789 0.000000
vt -0.246866 0.881024 0.000000
vt -0.240262 0.849376 0.000000
vt -0.192210 0.421963 0.000000
vt -0.192210 0.635670 0.000000
vt -0.144157 0.421963 0.000000
vt -0.144157 0.635670 0.000000
vt -0.096105 0.421963 0.000000
vt -0.096105 0.635670 0.000000
vt -0.048052 0.421963 0.000000
vt -0.048052 0.635670 0.000000
vt -0.000000 -0.005449 0.000000
vt -0.000000 1.238021 0.000000
vt -0.191609 0.137353 0.000000
vt -0.192457 0.101659 0.000000
vt -0.164733 0.009371 0.000000
vt -0.131460 0.006789 0.000000
vt -0.198434 0.011621 0.000000
vt -0.205981 0.066575 0.000000
vt -0.232486 0.013472 0.000000
vt -0.231612 0.036935 0.000000
vt -0.247914 0.025006 0.000000
vt -0.266806 0.014853 0.000000
vt -0.098456 0.003948 0.000000
vt -0.065589 0.000917 0.000000
vt -0.032798 -0.002238 0.000000
vt -0.000000 2.481492 0.000000
vt -0.048052 1.704202 0.000000
vt -0.048052 1.276789 0.000000
vt -0.048052 0.849376 0.000000
vt -0.096105 1.276789 0.000000
vt -0.096105 0.849376 0.000000
vt -0.144157 1.276789 0.000000
vt -0.144157 0.849376 0.000000
vt -0.192210 1.276789 0.000000
vt -0.192210 0.849376 0.000000
vt -0.000000 3.103227 0.000000
vt -0.048052 2.986441 0.000000
vt -0.048052 2.559028 0.000000
vt -0.096105 2.559028 0.000000
vt -0.096105 1.704202 0.000000
vt -0.144157 2.559028 0.000000
vt -0.144157 1.704202 0.000000
vt -0.192210 2.559028 0.000000
vt -0.192210 1.704202 0.000000
vt -0.240262 2.559028 0.000000
vt -0.048052 3.414095 0.000000
vt -0.000000 3.414095 0.000000
vt -0.048052 3.709604 0.000000
vt -0.000000 3.724962 0.000000
vt -0.048052 4.005355 0.000000
vt -0.000000 4.035830 0.000000
vt -0.048052 4.301105 0.000000
vt -0.000000 4.346698 0.000000
vt -0.000000 4.502132 0.000000
vt -0.048052 4.596855 0.000000
vt -0.000000 4.579849 0.000000
vt -0.048052 4.782645 0.000000
vt -0.000000 4.812999 0.000000
vt -0.048052 4.875540 0.000000
vt -0.000000 4.890716 0.000000
vt -0.048052 4.921987 0.000000
vt -0.000000 4.968433 0.000000
vt -0.051745 4.968435 0.000000
vt -0.096105 4.921987 0.000000
vt -0.103500 4.968433 0.000000
vt -0.096105 4.875540 0.000000
vt -0.144157 4.875540 0.000000
vt -0.096105 4.782645 0.000000
vt -0.144157 4.782645 0.000000
vt -0.144157 4.921987 0.000000
vt -0.155245 4.968435 0.000000
vt -0.192210 4.875540 0.000000
vt -0.192210 4.782645 0.000000
vt -0.192210 4.921987 0.000000
vt -0.206998 4.968434 0.000000
vt -0.240262 4.875540 0.000000
vt -0.240262 4.782645 0.000000
vt -0.240262 4.921987 0.000000
vt -0.258741 4.968434 0.000000
vt -0.288315 4.875540 0.000000
vt -0.288315 4.782645 0.000000
vt -0.288315 4.921987 0.000000
vt -0.310496 4.968434 0.000000
vt -0.336367 4.875540 0.000000
vt -0.336367 4.782645 0.000000
vt -0.336367 4.921987 0.000000
vt -0.362238 4.968434 0.000000
vt -0.384420 4.875540 0.000000
vt -0.384420 4.782645 0.000000
vt -0.384420 4.921987 0.000000
vt -0.413993 4.968434 0.000000
vt -0.432472 4.875540 0.000000
vt -0.432472 4.782645 0.000000
vt -0.432472 4.921987 0.000000
vt -0.465737 4.968434 0.000000
vt -0.480525 4.875540 0.000000
vt -0.480525 4.782645 0.000000
vt -0.480525 4.921987 0.000000
vt -0.517489 4.968435 0.000000
vt -0.528577 4.875540 0.000000
vt -0.528577 4.782645 0.000000
vt -0.528577 4.921987 0.000000
vt -0.569235 4.968433 0.000000
vt -0.576629 4.875540 0.000000
vt -0.576629 4.782645 0.000000
vt -0.576629 4.921987 0.000000
vt -0.620990 4.968435 0.000000
vt -0.624682 4.921987 0.000000
vt -0.624682 4.875540 0.000000
vt -0.672734 4.890716 0.000000
vt -0.672734 4.812999 0.000000
vt -0.672734 4.968433 0.000000
vt -0.624682 4.782645 0.000000
vt -0.672734 4.735282 0.000000
vt -0.672734 1.238021 0.000000
vt -0.624682 1.276789 0.000000
vt -0.576629 0.849376 0.000000
vt -0.528577 0.635670 0.000000
vt -0.672734 -0.005449 0.000000
vt -0.624682 0.635670 0.000000
vt -0.624682 0.849376 0.000000
vt -0.639957 -0.002239 0.000000
vt -0.624682 0.421963 0.000000
vt -0.576629 0.421963 0.000000
vt -0.607205 0.000915 0.000000
vt -0.574356 0.003945 0.000000
vt -0.541314 0.006788 0.000000
vt -0.528577 0.421963 0.000000
vt -0.576629 0.635670 0.000000
vt -0.096105 4.596855 0.000000
vt -0.144157 4.596855 0.000000
vt -0.192210 4.596855 0.000000
vt -0.240262 4.596855 0.000000
vt -0.288315 4.596855 0.000000
vt -0.096105 2.986441 0.000000
vt -0.096105 3.414095 0.000000
vt -0.096105 3.709604 0.000000
vt -0.096105 4.005355 0.000000
vt -0.096105 4.301105 0.000000
vt -0.144157 2.986441 0.000000
vt -0.144157 3.414095 0.000000
vt -0.144157 3.709604 0.000000
vt -0.144157 4.005355 0.000000
vt -0.144157 4.301105 0.000000
vt -0.192210 2.986441 0.000000
vt -0.192210 3.414095 0.000000
vt -0.192210 3.709604 0.000000
vt -0.192210 4.005355 0.000000
vt -0.192210 4.301105 0.000000
vt -0.240262 2.986441 0.000000
vt -0.240262 3.414095 0.000000
vt -0.240262 3.709604 0.000000
vt -0.240262 4.005355 0.000000
vt -0.240262 4.301105 0.000000
vt -0.288315 2.986441 0.000000
vt -0.288315 3.414095 0.000000
vt -0.288315 3.709604 0.000000
vt -0.288315 4.005355 0.000000
vt -0.288315 4.301105 0.000000
vt -0.432472 2.986441 0.000000
vt -0.432472 3.414095 0.000000
vt -0.432472 3.709604 0.000000
vt -0.432472 4.005355 0.000000
vt -0.432472 4.301105 0.000000
vt -0.432472 4.596855 0.000000
vt -0.480525 3.414095 0.000000
vt -0.528577 3.709604 0.000000
vt -0.576629 4.005355 0.000000
vt -0.480525 3.709604 0.000000
vt -0.480525 4.005355 0.000000
vt -0.480525 4.301105 0.000000
vt -0.480525 4.596855 0.000000
vt -0.528577 4.005355 0.000000
vt -0.576629 4.301105 0.000000
vt -0.528577 4.301105 0.000000
vt -0.528577 4.596855 0.000000
vt -0.576629 4.596855 0.000000
vt -0.030805 0.130918 0.000000
vt -0.030805 0.120873 0.000000
vt -0.028077 0.125842 0.000000
vt -0.026905 0.119013 0.000000
vt -0.025349 0.125842 0.000000
vt -0.022981 0.117060 0.000000
vt -0.022621 0.125842 0.000000
vt -0.019893 0.125842 0.000000
vt -0.022621 0.138427 0.000000
vt -0.019893 0.138427 0.000000
vt -0.019893 0.151024 0.000000
vt -0.015403 0.151021 0.000000
vt -0.015403 0.163596 0.000000
vt -0.012675 0.163596 0.000000
vt -0.015403 0.176181 0.000000
vt -0.012675 0.176181 0.000000
vt -0.015403 0.188765 0.000000
vt -0.012675 0.188765 0.000000
vt -0.015403 0.201350 0.000000
vt -0.010261 0.201350 0.000000
vt -0.009947 0.188765 0.000000
vt -0.007219 0.188765 0.000000
vt -0.007219 0.176181 0.000000
vt -0.004491 0.176181 0.000000
vt -0.004491 0.163596 0.000000
vt -0.000000 0.163596 0.000000
vt -0.004491 0.151015 0.000000
vt -0.000000 0.151012 0.000000
vt -0.004491 0.138427 0.000000
vt -0.000000 0.138428 0.000000
vt -0.000000 0.125843 0.000000
vt -0.004491 0.125843 0.000000
vt -0.000000 0.113259 0.000000
vt -0.004491 0.113258 0.000000
vt -0.000143 0.100819 0.000000
vt -0.007484 0.107394 0.000000
vt -0.007219 0.113258 0.000000
vt -0.009947 0.113258 0.000000
vt -0.009947 0.125843 0.000000
vt -0.012675 0.125843 0.000000
vt -0.012675 0.138427 0.000000
vt -0.015403 0.138427 0.000000
vt -0.012675 0.151019 0.000000
vt -0.019049 0.114960 0.000000
vt -0.015403 0.125843 0.000000
vt -0.015403 0.113258 0.000000
vt -0.015149 0.112683 0.000000
vt -0.012675 0.113258 0.000000
vt -0.000002 0.100673 0.000000
vt -0.000000 0.176181 0.000000
vt -0.004491 0.188765 0.000000
vt -0.005133 0.201350 0.000000
vt -0.000000 0.188765 0.000000
vt -0.000000 0.201350 0.000000
vt -0.019893 0.188765 0.000000
vt -0.020544 0.201350 0.000000
vt -0.022621 0.188765 0.000000
vt -0.025673 0.201350 0.000000
vt -0.025349 0.188765 0.000000
vt -0.028077 0.188765 0.000000
vt -0.025349 0.176181 0.000000
vt -0.028077 0.176181 0.000000
vt -0.025349 0.163596 0.000000
vt -0.028077 0.163596 0.000000
vt -0.028077 0.151028 0.000000
vt -0.030805 0.161094 0.000000
vt -0.030805 0.151030 0.000000
vt -0.030805 0.201350 0.000000
vt -0.030805 0.191286 0.000000
vt -0.030805 0.181222 0.000000
vt -0.030805 0.171158 0.000000
vt -0.030805 0.140968 0.000000
vt -0.028077 0.138427 0.000000
vt -0.025349 0.151027 0.000000
vt -0.025349 0.138427 0.000000
vt -0.022621 0.151025 0.000000
vt -0.007219 0.125843 0.000000
vt -0.007219 0.138427 0.000000
vt -0.009947 0.138427 0.000000
vt -0.009947 0.151018 0.000000
vt -0.009947 0.163596 0.000000
vt -0.007219 0.151016 0.000000
vt -0.007219 0.163596 0.000000
vt -0.009947 0.176181 0.000000
vt -0.019893 0.163596 0.000000
vt -0.019893 0.176181 0.000000
vt -0.022621 0.163596 0.000000
vt -0.022621 0.176181 0.000000
vt -0.000028 0.171967 0.000000
vt -0.000000 0.246289 0.000000
vt -0.000212 0.171591 0.000000
vt -0.005610 0.176863 0.000000
vt -0.009654 0.154165 0.000000
vt -0.009198 0.176863 0.000000
vt -0.012787 0.176863 0.000000
vt -0.012787 0.248741 0.000000
vt -0.016375 0.248741 0.000000
vt -0.013300 0.320619 0.000000
vt -0.019964 0.320619 0.000000
vt -0.005610 0.248741 0.000000
vt -0.000000 0.320619 0.000000
vt -0.006653 0.320619 0.000000
vt -0.009198 0.248741 0.000000
vt -0.019964 0.248741 0.000000
vt -0.026627 0.320619 0.000000
vt -0.025573 0.248741 0.000000
vt -0.029162 0.248741 0.000000
vt -0.025573 0.176863 0.000000
vt -0.029162 0.176863 0.000000
vt -0.023485 0.136950 0.000000
vt -0.028459 0.133501 0.000000
vt -0.025897 0.135091 0.000000
vt -0.033274 0.320619 0.000000
vt -0.032750 0.248741 0.000000
vt -0.032750 0.176863 0.000000
vt -0.031171 0.132256 0.000000
vt -0.034019 0.131435 0.000000
vt -0.036339 0.176863 0.000000
vt -0.039924 0.131313 0.000000
vt -0.039926 0.178634 0.000000
vt -0.039927 0.225960 0.000000
vt -0.036339 0.248741 0.000000
vt -0.039927 0.273290 0.000000
vt -0.039927 0.320619 0.000000
vt -0.036963 0.131110 0.000000
vt -0.019964 0.176863 0.000000
vt -0.018913 0.141420 0.000000
vt -0.014303 0.147163 0.000000
vt -0.016375 0.176863 0.000000
vt -0.006294 0.625158 0.000000
vt -0.005408 0.543957 0.000000
vt -0.000000 0.625158 0.000000
vt -0.005408 0.462757 0.000000
vt -0.005408 0.381556 0.000000
vt -0.008778 0.462757 0.000000
vt -0.008778 0.381556 0.000000
vt -0.012148 0.462757 0.000000
vt -0.012148 0.381556 0.000000
vt -0.015518 0.462757 0.000000
vt -0.015518 0.381556 0.000000
vt -0.018888 0.462757 0.000000
vt -0.018888 0.381556 0.000000
vt -0.024296 0.462757 0.000000
vt -0.024296 0.381556 0.000000
vt -0.027666 0.462757 0.000000
vt -0.027666 0.381556 0.000000
vt -0.031036 0.462757 0.000000
vt -0.031036 0.381556 0.000000
vt -0.034406 0.462757 0.000000
vt -0.034406 0.381556 0.000000
vt -0.037776 0.625158 0.000000
vt -0.034406 0.300355 0.000000
vt -0.037776 0.000000 0.000000
vt -0.034406 0.200237 0.000000
vt -0.034406 0.100118 0.000000
vt -0.031036 0.100118 0.000000
vt -0.031481 0.000000 0.000000
vt -0.027666 0.100118 0.000000
vt -0.025193 0.000000 0.000000
vt -0.024296 0.100118 0.000000
vt -0.018888 0.000000 0.000000
vt -0.018888 0.100118 0.000000
vt -0.015518 0.100118 0.000000
vt -0.018888 0.200237 0.000000
vt -0.015518 0.200237 0.000000
vt -0.018888 0.300355 0.000000
vt -0.015518 0.300355 0.000000
vt -0.008778 0.543957 0.000000
vt -0.012583 0.625158 0.000000
vt -0.012148 0.543957 0.000000
vt -0.015518 0.543957 0.000000
vt -0.018888 0.625158 0.000000
vt -0.018888 0.543957 0.000000
vt -0.024296 0.543957 0.000000
vt -0.025193 0.625158 0.000000
vt -0.027666 0.543957 0.000000
vt -0.031481 0.625158 0.000000
vt -0.031036 0.543957 0.000000
vt -0.034406 0.543957 0.000000
vt -0.012583 0.000000 0.000000
vt -0.012148 0.100118 0.000000
vt -0.012148 0.200237 0.000000
vt -0.012148 0.300355 0.000000
vt -0.008778 0.100118 0.000000
vt -0.006294 0.000000 0.000000
vt -0.005408 0.100118 0.000000
vt -0.000000 0.000000 0.000000
vt -0.005408 0.200237 0.000000
vt -0.005408 0.300355 0.000000
vt -0.008778 0.300355 0.000000
vt -0.008778 0.200237 0.000000
vt -0.024296 0.200237 0.000000
vt -0.024296 0.300355 0.000000
vt -0.027666 0.200237 0.000000
vt -0.027666 0.300355 0.000000
vt -0.031036 0.200237 0.000000
vt -0.031036 0.300355 0.000000
vt -0.000002 0.100673 0.000000
vt -0.000144 0.100527 0.000000
vt -0.000010 0.088092 0.000000
vt -0.004491 0.088091 0.000000
vt -0.000003 0.075507 0.000000
vt -0.004491 0.075507 0.000000
vt -0.000000 0.062921 0.000000
vt -0.004491 0.062921 0.000000
vt -0.000000 0.050337 0.000000
vt -0.004491 0.050334 0.000000
vt -0.000000 0.037753 0.000000
vt -0.004491 0.037753 0.000000
vt -0.000000 0.025169 0.000000
vt -0.004491 0.025168 0.000000
vt -0.000000 0.012584 0.000000
vt -0.004491 0.012584 0.000000
vt -0.000000 0.000000 0.000000
vt -0.005133 0.000000 0.000000
vt -0.007219 0.012584 0.000000
vt -0.010261 0.000000 0.000000
vt -0.009947 0.012584 0.000000
vt -0.012675 0.012584 0.000000
vt -0.012675 0.025168 0.000000
vt -0.015403 0.025168 0.000000
vt -0.015403 0.037753 0.000000
vt -0.019894 0.037752 0.000000
vt -0.019894 0.050325 0.000000
vt -0.022622 0.050324 0.000000
vt -0.022622 0.062921 0.000000
vt -0.025350 0.062921 0.000000
vt -0.025350 0.075505 0.000000
vt -0.028078 0.075505 0.000000
vt -0.026893 0.082356 0.000000
vt -0.030806 0.080501 0.000000
vt -0.007497 0.093952 0.000000
vt -0.007219 0.088090 0.000000
vt -0.007219 0.075507 0.000000
vt -0.007219 0.062921 0.000000
vt -0.007219 0.050333 0.000000
vt -0.007219 0.037753 0.000000
vt -0.007219 0.025168 0.000000
vt -0.009947 0.088090 0.000000
vt -0.015153 0.088672 0.000000
vt -0.012675 0.088089 0.000000
vt -0.015403 0.088089 0.000000
vt -0.012675 0.075506 0.000000
vt -0.015403 0.075506 0.000000
vt -0.012675 0.062921 0.000000
vt -0.015403 0.062921 0.000000
vt -0.012675 0.050330 0.000000
vt -0.015403 0.050328 0.000000
vt -0.012675 0.037753 0.000000
vt -0.019046 0.086400 0.000000
vt -0.019894 0.075506 0.000000
vt -0.022973 0.084304 0.000000
vt -0.022622 0.075505 0.000000
vt -0.030806 0.070445 0.000000
vt -0.028078 0.062921 0.000000
vt -0.025350 0.050322 0.000000
vt -0.022622 0.037752 0.000000
vt -0.019894 0.025168 0.000000
vt -0.015403 0.012584 0.000000
vt -0.015403 0.000000 0.000000
vt -0.030806 0.060383 0.000000
vt -0.028078 0.050320 0.000000
vt -0.025350 0.037752 0.000000
vt -0.022622 0.025168 0.000000
vt -0.019894 0.012584 0.000000
vt -0.030806 0.050319 0.000000
vt -0.030806 0.040255 0.000000
vt -0.028078 0.037752 0.000000
vt -0.030806 0.030191 0.000000
vt -0.028078 0.025168 0.000000
vt -0.030806 0.020128 0.000000
vt -0.028078 0.012584 0.000000
vt -0.030806 0.010064 0.000000
vt -0.025673 0.000000 0.000000
vt -0.030806 0.000000 0.000000
vt -0.025350 0.012584 0.000000
vt -0.020544 0.000000 0.000000
vt -0.022622 0.012584 0.000000
vt -0.009947 0.075506 0.000000
vt -0.009947 0.062921 0.000000
vt -0.009947 0.050331 0.000000
vt -0.009947 0.037753 0.000000
vt -0.009947 0.025168 0.000000
vt -0.019894 0.062921 0.000000
vt -0.025350 0.025168 0.000000
vt -0.006294 0.625158 0.000000
vt -0.005408 0.545027 0.000000
vt -0.000000 0.625158 0.000000
vt -0.005408 0.464895 0.000000
vt -0.005408 0.384764 0.000000
vt -0.008778 0.464895 0.000000
vt -0.008778 0.384764 0.000000
vt -0.012148 0.464895 0.000000
vt -0.012148 0.384764 0.000000
vt -0.015518 0.464895 0.000000
vt -0.015518 0.384764 0.000000
vt -0.018888 0.464895 0.000000
vt -0.018888 0.384764 0.000000
vt -0.024296 0.464895 0.000000
vt -0.024296 0.384764 0.000000
vt -0.027666 0.464895 0.000000
vt -0.027666 0.384764 0.000000
vt -0.031036 0.464895 0.000000
vt -0.031036 0.384764 0.000000
vt -0.034406 0.464895 0.000000
vt -0.034406 0.384764 0.000000
vt -0.037776 0.625158 0.000000
vt -0.034406 0.304632 0.000000
vt -0.037776 0.000000 0.000000
vt -0.034406 0.203088 0.000000
vt -0.034406 0.101544 0.000000
vt -0.031036 0.101544 0.000000
vt -0.031481 0.000000 0.000000
vt -0.027666 0.101544 0.000000
vt -0.025193 0.000000 0.000000
vt -0.024296 0.101544 0.000000
vt -0.018888 0.000000 0.000000
vt -0.018888 0.101544 0.000000
vt -0.015518 0.101544 0.000000
vt -0.018888 0.203088 0.000000
vt -0.015518 0.203088 0.000000
vt -0.018888 0.304632 0.000000
vt -0.015518 0.304632 0.000000
vt -0.008778 0.545027 0.000000
vt -0.012583 0.625158 0.000000
vt -0.012148 0.545027 0.000000
vt -0.015518 0.545027 0.000000
vt -0.018888 0.625158 0.000000
vt -0.018888 0.545027 0.000000
vt -0.024296 0.545027 0.000000
vt -0.025193 0.625158 0.000000
vt -0.027666 0.545027 0.000000
vt -0.031481 0.625158 0.000000
vt -0.031036 0.545027 0.000000
vt -0.034406 0.545027 0.000000
vt -0.012583 0.000000 0.000000
vt -0.012148 0.101544 0.000000
vt -0.012148 0.203088 0.000000
vt -0.012148 0.304632 0.000000
vt -0.008778 0.101544 0.000000
vt -0.006294 0.000000 0.000000
vt -0.005408 0.101544 0.000000
vt -0.000000 0.000000 0.000000
vt -0.005408 0.203088 0.000000
vt -0.005408 0.304632 0.000000
vt -0.008778 0.304632 0.000000
vt -0.008778 0.203088 0.000000
vt -0.024296 0.203088 0.000000
vt -0.024296 0.304632 0.000000
vt -0.027666 0.203088 0.000000
vt -0.027666 0.304632 0.000000
vt -0.031036 0.203088 0.000000
vt -0.031036 0.304632 0.000000
vt -0.039926 0.189316 0.000000
vt -0.039927 0.141989 0.000000
vt -0.036963 0.189520 0.000000
vt -0.036339 0.142002 0.000000
vt -0.034016 0.189195 0.000000
vt -0.032751 0.142016 0.000000
vt -0.031166 0.188375 0.000000
vt -0.029163 0.142030 0.000000
vt -0.028452 0.187130 0.000000
vt -0.025888 0.185541 0.000000
vt -0.025574 0.142043 0.000000
vt -0.023473 0.183682 0.000000
vt -0.019964 0.142064 0.000000
vt -0.018895 0.179214 0.000000
vt -0.016375 0.142078 0.000000
vt -0.014279 0.173471 0.000000
vt -0.012787 0.142092 0.000000
vt -0.009625 0.166468 0.000000
vt -0.009199 0.142105 0.000000
vt -0.005611 0.142119 0.000000
vt -0.005611 0.094746 0.000000
vt -0.000001 0.148661 0.000000
vt -0.000000 0.074331 0.000000
vt -0.005611 0.047373 0.000000
vt -0.000000 0.000000 0.000000
vt -0.006653 0.000000 0.000000
vt -0.009199 0.047368 0.000000
vt -0.013300 0.000000 0.000000
vt -0.012787 0.047364 0.000000
vt -0.016375 0.047359 0.000000
vt -0.016375 0.094719 0.000000
vt -0.019964 0.094710 0.000000
vt -0.036339 0.094668 0.000000
vt -0.039927 0.094659 0.000000
vt -0.036339 0.047334 0.000000
vt -0.039927 0.047330 0.000000
vt -0.039927 0.000000 0.000000
vt -0.033275 0.000000 0.000000
vt -0.032751 0.047339 0.000000
vt -0.032751 0.094677 0.000000
vt -0.029163 0.047343 0.000000
vt -0.026628 0.000000 0.000000
vt -0.025574 0.047348 0.000000
vt -0.019964 0.000000 0.000000
vt -0.019964 0.047355 0.000000
vt -0.000185 0.149037 0.000000
vt -0.029163 0.094686 0.000000
vt -0.025574 0.094695 0.000000
vt -0.012787 0.094728 0.000000
vt -0.009199 0.094737 0.000000
vt 10.697093 0.519545 0.000000
vt 10.829646 1.115827 0.000000
vt 9.838005 0.430872 0.000000
vt 7.519913 1.243767 0.000000
vt 8.891693 0.383745 0.000000
vt 7.998503 0.360776 0.000000
vt 8.422493 0.369980 0.000000
vt 8.202659 0.364871 0.000000
vt 5.541092 1.307786 0.000000
vt 6.236526 0.420000 0.000000
vt 6.865258 0.420000 0.000000
vt 7.140008 0.351548 0.000000
vt 7.053460 0.353288 0.000000
vt 6.877411 0.361492 0.000000
vt 4.381811 1.339814 0.000000
vt 5.484255 0.616540 0.000000
vt 5.870432 0.614455 0.000000
vt 6.071471 0.412091 0.000000
vt 3.419857 0.630840 0.000000
vt 3.007276 1.371845 0.000000
vt 2.087689 0.661069 0.000000
vt 2.109323 1.383171 0.000000
vt 1.596077 1.379820 0.000000
vt 1.272616 0.691101 0.000000
vt 1.023490 1.352095 0.000000
vt 0.833003 1.000997 0.000000
vt 0.744439 0.919636 0.000000
vt 0.624294 0.845511 0.000000
vt 0.468556 0.782907 0.000000
vt 0.274644 0.736272 0.000000
vt 7.265902 0.351421 0.000000
vt 7.398063 0.352263 0.000000
vt 7.504586 0.353328 0.000000
vt 7.556478 0.353943 0.000000
vt 7.587639 0.354332 0.000000
vt 7.655996 0.355236 0.000000
vt 7.814671 0.357597 0.000000
vt -0.046830 8.669472 0.000000
vt -0.066899 7.163524 0.000000
vt -0.000000 8.657174 0.000000
vt -0.066899 5.787586 0.000000
vt -0.000000 4.328587 0.000000
vt -0.066899 4.411649 0.000000
vt -0.066899 3.308738 0.000000
vt -0.109028 4.411649 0.000000
vt -0.109028 3.308738 0.000000
vt -0.151158 4.411649 0.000000
vt -0.151158 3.308738 0.000000
vt -0.193287 4.411649 0.000000
vt -0.193287 3.308738 0.000000
vt -0.235417 4.411649 0.000000
vt -0.235417 3.308738 0.000000
vt -0.283623 4.411649 0.000000
vt -0.283623 3.308738 0.000000
vt -0.330426 4.411649 0.000000
vt -0.330426 3.308738 0.000000
vt -0.377228 4.411649 0.000000
vt -0.377228 3.308738 0.000000
vt -0.424031 4.411649 0.000000
vt -0.424031 3.308738 0.000000
vt -0.470833 4.319639 0.000000
vt -0.470833 2.159822 0.000000
vt -0.093626 8.681881 0.000000
vt -0.109028 7.163524 0.000000
vt -0.109028 5.787586 0.000000
vt -0.140481 8.694122 0.000000
vt -0.151158 7.163524 0.000000
vt -0.151158 5.787586 0.000000
vt -0.187464 8.705917 0.000000
vt -0.193287 7.163524 0.000000
vt -0.193287 5.787586 0.000000
vt -0.220174 8.377258 0.000000
vt -0.235417 7.163524 0.000000
vt -0.235417 5.787586 0.000000
vt -0.250798 8.025245 0.000000
vt -0.283623 7.163524 0.000000
vt -0.283623 5.787586 0.000000
vt -0.306325 7.282671 0.000000
vt -0.330426 5.787586 0.000000
vt -0.354149 6.541249 0.000000
vt -0.374902 6.190688 0.000000
vt -0.377228 5.787586 0.000000
vt -0.393344 5.864085 0.000000
vt -0.409317 5.569336 0.000000
vt -0.422661 5.314343 0.000000
vt -0.433212 5.107008 0.000000
vt -0.441263 4.945357 0.000000
vt -0.470833 1.079911 0.000000
vt -0.424031 1.102913 0.000000
vt -0.424031 2.205826 0.000000
vt -0.377228 2.205826 0.000000
vt -0.330426 2.205826 0.000000
vt -0.283623 2.205826 0.000000
vt -0.235417 2.205826 0.000000
vt -0.193287 2.205826 0.000000
vt -0.151158 2.205826 0.000000
vt -0.109028 2.205826 0.000000
vt -0.066899 2.205826 0.000000
vt -0.000000 2.164294 0.000000
vt -0.470833 0.000000 0.000000
vt -0.403575 0.000000 0.000000
vt -0.377228 1.102913 0.000000
vt -0.336307 0.000000 0.000000
vt -0.330426 1.102913 0.000000
vt -0.283623 1.102913 0.000000
vt -0.269049 0.000000 0.000000
vt -0.235417 1.102913 0.000000
vt -0.201784 0.000000 0.000000
vt -0.193287 1.102913 0.000000
vt -0.151158 1.102913 0.000000
vt -0.134526 0.000000 0.000000
vt -0.109028 1.102913 0.000000
vt -0.067259 0.000000 0.000000
vt -0.066899 1.102913 0.000000
vt -0.000000 1.082147 0.000000
vt -0.000000 0.000000 0.000000
vt -0.140485 0.081083 0.000000
vt -0.151158 0.341531 0.000000
vt -0.187464 0.069288 0.000000
vt -0.193287 0.341531 0.000000
vt -0.220174 0.397948 0.000000
vt -0.193287 1.503388 0.000000
vt -0.235417 1.503388 0.000000
vt -0.235417 2.665245 0.000000
vt -0.283624 2.665245 0.000000
vt -0.235417 3.828563 0.000000
vt -0.283624 3.828863 0.000000
vt -0.283624 4.698494 0.000000
vt -0.330426 4.698494 0.000000
vt -0.330426 5.569886 0.000000
vt -0.377228 5.569886 0.000000
vt -0.377228 6.441279 0.000000
vt -0.424031 6.441279 0.000000
vt -0.424031 7.312671 0.000000
vt -0.470833 6.615384 0.000000
vt -0.470833 7.695295 0.000000
vt -0.470833 8.775205 0.000000
vt -0.403575 8.775205 0.000000
vt -0.377228 7.312671 0.000000
vt -0.336307 8.775205 0.000000
vt -0.330426 7.312671 0.000000
vt -0.283624 7.312671 0.000000
vt -0.283624 6.441279 0.000000
vt -0.235417 6.441279 0.000000
vt -0.235417 5.569886 0.000000
vt -0.193287 5.569886 0.000000
vt -0.193287 4.698494 0.000000
vt -0.151158 4.698494 0.000000
vt -0.151158 3.828040 0.000000
vt -0.109028 3.827778 0.000000
vt -0.151158 2.665245 0.000000
vt -0.109028 2.665245 0.000000
vt -0.109028 1.503388 0.000000
vt -0.066899 1.503388 0.000000
vt -0.066899 0.341531 0.000000
vt -0.046830 0.105733 0.000000
vt -0.093626 0.093324 0.000000
vt -0.109028 0.341531 0.000000
vt -0.000000 0.118031 0.000000
vt -0.066899 2.665245 0.000000
vt -0.066899 3.827517 0.000000
vt -0.109028 4.698494 0.000000
vt -0.151158 5.569886 0.000000
vt -0.193287 6.441279 0.000000
vt -0.235417 7.312671 0.000000
vt -0.269049 8.775205 0.000000
vt -0.000000 4.446618 0.000000
vt -0.000000 6.610912 0.000000
vt -0.066899 5.569886 0.000000
vt -0.066899 4.698494 0.000000
vt -0.000000 7.693059 0.000000
vt -0.066899 7.312671 0.000000
vt -0.066899 6.441279 0.000000
vt -0.109028 6.441279 0.000000
vt -0.109028 5.569886 0.000000
vt -0.151158 6.441279 0.000000
vt -0.000000 8.775205 0.000000
vt -0.067259 8.775205 0.000000
vt -0.109028 7.312671 0.000000
vt -0.134526 8.775205 0.000000
vt -0.151158 7.312671 0.000000
vt -0.201784 8.775205 0.000000
vt -0.193287 7.312671 0.000000
vt -0.424031 5.569886 0.000000
vt -0.470833 4.455562 0.000000
vt -0.424031 4.698494 0.000000
vt -0.441278 3.829842 0.000000
vt -0.424031 3.829735 0.000000
vt -0.433261 3.668189 0.000000
vt -0.422739 3.460849 0.000000
vt -0.377228 3.829444 0.000000
vt -0.409410 3.205852 0.000000
vt -0.393437 2.911103 0.000000
vt -0.377228 2.665245 0.000000
vt -0.374979 2.584502 0.000000
vt -0.354199 2.233946 0.000000
vt -0.330426 2.665245 0.000000
vt -0.306322 1.492534 0.000000
vt -0.283624 1.503388 0.000000
vt -0.250798 0.749960 0.000000
vt -0.151158 1.503388 0.000000
vt -0.235417 4.698494 0.000000
vt -0.193287 3.828302 0.000000
vt -0.283624 5.569886 0.000000
vt -0.330426 6.441279 0.000000
vt -0.377228 4.698494 0.000000
vt -0.330426 3.829153 0.000000
vt -0.193287 2.665245 0.000000
vt 0.248930 0.025443 0.000000
vt 0.995219 0.000000 0.000000
vt 0.318223 0.034984 0.000000
vt 0.994109 0.009626 0.000000
vt 0.990911 0.018789 0.000000
vt 0.183777 0.000000 0.000000
vt 0.248930 -0.025444 0.000000
vt 0.318223 -0.034984 0.000000
vt 0.943268 -0.046744 0.000000
vt 0.979143 -0.034097 0.000000
vt 0.985804 -0.027028 0.000000
vt 0.990879 -0.018749 0.000000
vt 0.952960 -0.046060 0.000000
vt 0.962383 -0.043684 0.000000
vt 0.971217 -0.039677 0.000000
vt 0.994104 -0.009619 0.000000
vt 0.985827 0.027058 0.000000
vt 0.979143 0.034091 0.000000
vt 0.943268 0.046744 0.000000
vt 0.971211 0.039694 0.000000
vt 0.962373 0.043711 0.000000
vt 0.952954 0.046074 0.000000
vt -0.000000 0.331775 0.000000
vt -0.060089 0.331223 0.000000
vt -0.000000 -0.331775 0.000000
vt -0.060089 -0.331223 0.000000
vt -0.125606 -0.324534 0.000000
vt -0.125612 0.324533 0.000000
vt -0.188719 -0.305872 0.000000
vt -0.188737 0.305865 0.000000
vt -0.247273 0.275732 0.000000
vt -0.247263 -0.275738 0.000000
vt -0.298945 0.235094 0.000000
vt -0.298945 -0.235095 0.000000
vt -0.341791 -0.185195 0.000000
vt -0.341792 0.185194 0.000000
vt -0.373873 0.127914 0.000000
vt -0.393792 0.065305 0.000000
vt -0.393794 -0.065294 0.000000
vt -0.373883 -0.127889 0.000000
vt -0.400539 0.000022 0.000000
vt -0.000000 0.357558 0.000000
vt -0.690000 0.331775 0.000000
vt -0.000000 -0.357558 0.000000
vt -0.690000 -0.331775 0.000000
vt -0.603387 0.361364 0.000000
vt -0.656759 0.363395 0.000000
vt -0.656759 -0.363395 0.000000
vt -0.796630 0.357558 0.000000
vt -0.796630 -0.357558 0.000000
vt -0.603333 -0.361366 0.000000
vt -0.547147 -0.350854 0.000000
vt -0.547192 0.350863 0.000000
vt -0.490032 0.331028 0.000000
vt -0.489960 -0.331000 0.000000
vt -0.434971 -0.301419 0.000000
vt -0.434847 0.301338 0.000000
vt -0.385621 -0.262055 0.000000
vt -0.385507 0.261942 0.000000
vt -0.346513 -0.214325 0.000000
vt -0.346391 0.214134 0.000000
vt -0.321210 -0.160055 0.000000
vt -0.312447 -0.097924 0.000000
vt -0.312488 -0.100458 0.000000
vt -0.312488 -0.102419 0.000000
vt -0.312447 0.097924 0.000000
vt -0.321166 0.159908 0.000000
vt -0.312488 0.100458 0.000000
vt -0.312488 0.102419 0.000000
vt -10.698312 0.519545 0.000000
vt -9.839127 0.430872 0.000000
vt -10.830881 1.115827 0.000000
vt -8.423453 0.369980 0.000000
vt -7.520751 1.243768 0.000000
vt -7.815562 0.357597 0.000000
vt -7.656869 0.355236 0.000000
vt -8.892706 0.383745 0.000000
vt -8.203594 0.364871 0.000000
vt -7.999414 0.360776 0.000000
vt -7.588504 0.354332 0.000000
vt -7.557340 0.353943 0.000000
vt -7.505441 0.353328 0.000000
vt -7.398906 0.352263 0.000000
vt -7.266730 0.351421 0.000000
vt -7.054264 0.353288 0.000000
vt -7.140822 0.351548 0.000000
vt -6.878195 0.361492 0.000000
vt -6.866041 0.420000 0.000000
vt -5.871101 0.614455 0.000000
vt -6.237237 0.420000 0.000000
vt -6.072163 0.412091 0.000000
vt -5.541721 1.307785 0.000000
vt -5.484880 0.616540 0.000000
vt -4.382433 1.339814 0.000000
vt -3.422617 0.630806 0.000000
vt -3.007619 1.371845 0.000000
vt -2.088930 0.661039 0.000000
vt -2.109567 1.383198 0.000000
vt -1.596258 1.379825 0.000000
vt -1.273088 0.691087 0.000000
vt -1.023607 1.352095 0.000000
vt -0.833099 1.000997 0.000000
vt -0.744528 0.919639 0.000000
vt -0.624371 0.845513 0.000000
vt -0.468612 0.782907 0.000000
vt -0.274675 0.736272 0.000000
vt -0.000000 1.538876 0.000000
vt -0.000000 1.830098 0.000000
vt -0.000732 1.539189 0.000000
vt -0.045548 1.793164 0.000000
vt -0.044643 1.557893 0.000000
vt -0.088718 1.576198 0.000000
vt -0.093153 1.759050 0.000000
vt -0.133103 1.593699 0.000000
vt -0.143119 1.728809 0.000000
vt -0.177811 1.609947 0.000000
vt -0.195504 1.703382 0.000000
vt -0.223065 1.624572 0.000000
vt -0.250145 1.683454 0.000000
vt -0.268882 1.637151 0.000000
vt -0.306443 1.669501 0.000000
vt -0.315206 1.647293 0.000000
vt -0.364033 1.661641 0.000000
vt -0.362086 1.654708 0.000000
vt -0.422040 1.659881 0.000000
vt -0.422040 1.659917 0.000000
vt -0.427441 4.043812 0.000000
vt -0.429400 4.043896 0.000000
vt -0.389002 2.922642 0.000000
vt -0.431933 4.043940 0.000000
vt -0.431933 2.040750 0.000000
vt -0.389002 1.752363 0.000000
vt -0.431933 1.039156 0.000000
vt -0.389002 1.167224 0.000000
vt -0.389002 0.582084 0.000000
vt -0.346070 0.582084 0.000000
vt -0.354235 0.000000 0.000000
vt -0.312715 0.004598 0.000000
vt -0.431933 0.538358 0.000000
vt -0.431933 0.037563 0.000000
vt -0.423710 -0.010211 0.000000
vt -0.303138 0.582084 0.000000
vt -0.271178 0.008012 0.000000
vt -0.260207 0.582084 0.000000
vt -0.229578 0.010199 0.000000
vt -0.215967 0.582084 0.000000
vt -0.187819 0.011131 0.000000
vt -0.177323 0.582084 0.000000
vt -0.146181 0.010797 0.000000
vt -0.138679 0.582084 0.000000
vt -0.104461 0.009210 0.000000
vt -0.100035 0.582084 0.000000
vt -0.062843 0.006412 0.000000
vt -0.061391 0.582084 0.000000
vt -0.021365 0.002464 0.000000
vt -0.000000 0.560732 0.000000
vt -0.000008 0.105501 0.000000
vt -0.000000 1.015925 0.000000
vt -0.061391 1.167224 0.000000
vt -0.100035 1.167224 0.000000
vt -0.100035 1.752363 0.000000
vt -0.138679 1.752363 0.000000
vt -0.138679 2.922642 0.000000
vt -0.177323 2.922642 0.000000
vt -0.138679 4.045768 0.000000
vt -0.177323 4.046266 0.000000
vt -0.135376 4.091768 0.000000
vt -0.180804 4.077675 0.000000
vt -0.061391 1.752363 0.000000
vt -0.000000 1.926310 0.000000
vt -0.061391 2.922642 0.000000
vt -0.000000 3.747036 0.000000
vt -0.061391 4.044773 0.000000
vt -0.045414 4.123573 0.000000
vt -0.090245 4.107229 0.000000
vt -0.000000 4.140635 0.000000
vt -0.000745 4.140354 0.000000
vt -0.100035 4.045271 0.000000
vt -0.215967 4.046763 0.000000
vt -0.226738 4.065382 0.000000
vt -0.260207 4.047333 0.000000
vt -0.273174 4.055367 0.000000
vt -0.303138 4.047886 0.000000
vt -0.320022 4.048103 0.000000
vt -0.303138 2.922642 0.000000
vt -0.346070 2.922642 0.000000
vt -0.303138 1.752363 0.000000
vt -0.346070 1.752363 0.000000
vt -0.303138 1.167224 0.000000
vt -0.346070 1.167224 0.000000
vt -0.367289 4.043981 0.000000
vt -0.260207 2.922642 0.000000
vt -0.260207 1.752363 0.000000
vt -0.260207 1.167224 0.000000
vt -0.215967 2.922642 0.000000
vt -0.215967 1.752363 0.000000
vt -0.215967 1.167224 0.000000
vt -0.177323 1.752363 0.000000
vt -0.138679 1.167224 0.000000
vt -0.100035 2.922642 0.000000
vt -0.177323 1.167224 0.000000
vt 0.445550 -0.100458 0.000000
vt 0.445550 -0.102419 0.000000
vt 0.445586 -0.102419 0.000000
vt 0.445550 0.102419 0.000000
vt 0.445550 0.100458 0.000000
vt 0.445586 0.102419 0.000000
vt -4.134803 0.097924 0.000000
vt -4.134803 -0.097924 0.000000
vt -2.181171 0.123868 0.000000
vt -2.179206 -0.123851 0.000000
vt -1.160758 0.095909 0.000000
vt -1.159993 -0.095872 0.000000
vt -0.622368 0.060968 0.000000
vt -0.622116 -0.060947 0.000000
vt -0.056958 -0.000000 0.000000
vt -0.422040 0.197738 0.000000
vt -0.363883 0.195996 0.000000
vt -0.422040 0.197774 0.000000
vt -0.362086 0.202947 0.000000
vt -0.315206 0.210361 0.000000
vt -0.306232 0.188111 0.000000
vt -0.296173 0.192640 0.000000
vt -0.250002 0.174159 0.000000
vt -0.254218 0.192806 0.000000
vt -0.223064 0.233083 0.000000
vt -0.268882 0.220504 0.000000
vt -0.211020 0.192978 0.000000
vt -0.195378 0.154221 0.000000
vt -0.177811 0.247708 0.000000
vt -0.173253 0.193128 0.000000
vt -0.133103 0.263956 0.000000
vt -0.135485 0.193277 0.000000
vt -0.097718 0.193427 0.000000
vt -0.093193 0.098627 0.000000
vt -0.059951 0.193577 0.000000
vt -0.045606 0.064507 0.000000
vt -0.000000 0.027557 0.000000
vt -0.143186 0.128875 0.000000
vt -0.000000 0.318779 0.000000
vt -0.000732 0.318466 0.000000
vt -0.044643 0.299762 0.000000
vt -0.088717 0.281457 0.000000
vt -0.000002 5.001229 0.000000
vt -0.062874 4.983777 0.000000
vt -0.000000 4.801540 0.000000
vt -0.064305 4.851462 0.000000
vt -0.079140 4.801541 0.000000
vt -0.128609 4.851462 0.000000
vt -0.158291 4.801541 0.000000
vt -0.192914 4.851462 0.000000
vt -0.237430 4.801541 0.000000
vt -0.257218 4.851462 0.000000
vt -0.316577 4.801541 0.000000
vt -0.337599 4.851462 0.000000
vt -0.395722 4.801540 0.000000
vt -0.417980 4.851462 0.000000
vt -0.474862 4.801541 0.000000
vt -0.498361 4.851462 0.000000
vt -0.554011 4.801541 0.000000
vt -0.578741 4.851462 0.000000
vt -0.633152 4.801540 0.000000
vt -0.659122 4.851462 0.000000
vt -0.712297 4.801541 0.000000
vt -0.739503 4.851462 0.000000
vt -0.791443 4.801541 0.000000
vt -0.819884 4.851462 0.000000
vt -0.870582 4.801541 0.000000
vt -0.900265 4.851462 0.000000
vt -0.949733 4.801541 0.000000
vt -0.964569 4.851462 0.000000
vt -1.028874 4.801540 0.000000
vt -0.964569 4.901384 0.000000
vt -0.964569 4.951310 0.000000
vt -0.900265 4.901384 0.000000
vt -0.900265 4.951313 0.000000
vt -0.839255 4.951316 0.000000
vt -0.902847 4.966941 0.000000
vt -0.126008 4.966946 0.000000
vt -0.064305 4.951311 0.000000
vt -0.064305 4.901384 0.000000
vt -0.128609 4.901384 0.000000
vt -0.192914 4.901384 0.000000
vt -0.257218 4.901384 0.000000
vt -0.337599 4.901384 0.000000
vt -0.417980 4.901384 0.000000
vt -0.448791 4.912131 0.000000
vt -0.498361 4.901384 0.000000
vt -0.514459 4.910324 0.000000
vt -0.578741 4.901384 0.000000
vt -0.580093 4.912132 0.000000
vt -0.645578 4.917464 0.000000
vt -0.128609 4.951315 0.000000
vt -0.189608 4.951318 0.000000
vt -0.253643 4.937507 0.000000
vt -0.318267 4.926050 0.000000
vt -0.383323 4.917461 0.000000
vt -0.659122 4.901384 0.000000
vt -0.710606 4.926050 0.000000
vt -0.739503 4.901384 0.000000
vt -0.775230 4.937507 0.000000
vt -0.819884 4.901384 0.000000
vt -0.965994 4.983776 0.000000
vt -1.028872 5.001229 0.000000
vt -0.000000 0.569089 0.000000
vt -0.054996 0.569059 0.000000
vt -0.000000 0.465474 0.000000
vt -0.062585 0.471032 0.000000
vt -0.062585 0.378114 0.000000
vt -0.101935 0.471032 0.000000
vt -0.101935 0.378114 0.000000
vt -0.141284 0.471032 0.000000
vt -0.141284 0.378114 0.000000
vt -0.180633 0.471032 0.000000
vt -0.180633 0.378114 0.000000
vt -0.219983 0.471032 0.000000
vt -0.219983 0.378114 0.000000
vt -0.265075 0.471032 0.000000
vt -0.265075 0.378114 0.000000
vt -0.308797 0.471032 0.000000
vt -0.308797 0.378114 0.000000
vt -0.352520 0.471032 0.000000
vt -0.352520 0.378114 0.000000
vt -0.396243 0.471032 0.000000
vt -0.396243 0.378114 0.000000
vt -0.439966 0.321356 0.000000
vt -0.396243 0.328434 0.000000
vt -0.439966 0.259431 0.000000
vt -0.396243 0.225313 0.000000
vt -0.439966 0.197505 0.000000
vt -0.396243 0.178854 0.000000
vt -0.439966 0.135580 0.000000
vt -0.396243 0.132395 0.000000
vt -0.439966 0.073630 0.000000
vt -0.396243 0.085936 0.000000
vt -0.396243 0.039463 0.000000
vt -0.352520 0.085936 0.000000
vt -0.352520 0.039444 0.000000
vt -0.308797 0.085936 0.000000
vt -0.308797 0.039426 0.000000
vt -0.265075 0.085936 0.000000
vt -0.265075 0.039408 0.000000
vt -0.219983 0.085936 0.000000
vt -0.219983 0.039390 0.000000
vt -0.180633 0.085936 0.000000
vt -0.180633 0.039373 0.000000
vt -0.141284 0.085936 0.000000
vt -0.141284 0.039357 0.000000
vt -0.101935 0.085936 0.000000
vt -0.101935 0.039341 0.000000
vt -0.062585 0.085936 0.000000
vt -0.062585 0.039325 0.000000
vt -0.012839 0.079171 0.000000
vt -0.020967 0.039307 0.000000
vt -0.042476 0.000000 0.000000
vt -0.029795 0.000000 0.000000
vt -0.031054 -0.005447 0.000000
vt -0.109991 0.569059 0.000000
vt -0.101935 0.535890 0.000000
vt -0.062585 0.535890 0.000000
vt -0.141284 0.535890 0.000000
vt -0.180633 0.535890 0.000000
vt -0.219983 0.535890 0.000000
vt -0.265075 0.535890 0.000000
vt -0.308797 0.535890 0.000000
vt -0.352520 0.535890 0.000000
vt -0.396243 0.535890 0.000000
vt -0.164987 0.569059 0.000000
vt -0.219983 0.569059 0.000000
vt -0.274979 0.569059 0.000000
vt -0.329974 0.569059 0.000000
vt -0.384970 0.569059 0.000000
vt -0.439966 0.569059 0.000000
vt -0.419063 0.002111 0.000000
vt -0.371345 0.007032 0.000000
vt -0.323258 0.012032 0.000000
vt -0.274955 0.016834 0.000000
vt -0.226457 0.020883 0.000000
vt -0.177954 0.023095 0.000000
vt -0.129957 0.021611 0.000000
vt -0.083449 0.014012 0.000000
vt -0.005852 0.117679 0.000000
vt -0.062585 0.132395 0.000000
vt -0.101935 0.132395 0.000000
vt -0.101935 0.178854 0.000000
vt -0.141284 0.178854 0.000000
vt -0.141284 0.225313 0.000000
vt -0.180633 0.225313 0.000000
vt -0.180633 0.328434 0.000000
vt -0.219983 0.328434 0.000000
vt -0.000271 0.152856 0.000000
vt -0.000034 0.154469 0.000000
vt -0.062585 0.178854 0.000000
vt -0.000038 0.206383 0.000000
vt -0.062585 0.225313 0.000000
vt -0.000005 0.258292 0.000000
vt -0.062585 0.328434 0.000000
vt -0.000000 0.361889 0.000000
vt -0.352520 0.225313 0.000000
vt -0.352520 0.328434 0.000000
vt -0.308797 0.225313 0.000000
vt -0.308797 0.328434 0.000000
vt -0.352520 0.178854 0.000000
vt -0.352520 0.132395 0.000000
vt -0.265075 0.225313 0.000000
vt -0.265075 0.328434 0.000000
vt -0.308797 0.178854 0.000000
vt -0.308797 0.132395 0.000000
vt -0.219983 0.225313 0.000000
vt -0.265075 0.178854 0.000000
vt -0.265075 0.132395 0.000000
vt -0.180633 0.178854 0.000000
vt -0.141284 0.132395 0.000000
vt -0.219983 0.178854 0.000000
vt -0.219983 0.132395 0.000000
vt -0.101935 0.225313 0.000000
vt -0.141284 0.328434 0.000000
vt -0.101935 0.328434 0.000000
vt -0.180633 0.132395 0.000000
vt -0.000000 0.904313 0.000000
vt -0.000000 1.205750 0.000000
vt -0.067037 1.126996 0.000000
vt -0.078548 1.205751 0.000000
vt -0.109192 1.126996 0.000000
vt -0.157106 1.205751 0.000000
vt -0.151346 1.126996 0.000000
vt -0.193501 1.126996 0.000000
vt -0.151346 0.954819 0.000000
vt -0.193501 0.954819 0.000000
vt -0.151346 0.639389 0.000000
vt -0.193501 0.639389 0.000000
vt -0.201989 0.000000 0.000000
vt -0.235656 0.639389 0.000000
vt -0.269323 0.000000 0.000000
vt -0.283977 0.639389 0.000000
vt -0.336649 0.000000 0.000000
vt -0.330811 0.639389 0.000000
vt -0.377644 0.639389 0.000000
vt -0.377644 0.954819 0.000000
vt -0.424478 0.954819 0.000000
vt -0.424478 1.126996 0.000000
vt -0.471312 1.055031 0.000000
vt -0.471311 1.205752 0.000000
vt -0.392763 1.205752 0.000000
vt -0.377644 1.126996 0.000000
vt -0.330811 1.126996 0.000000
vt -0.330811 0.954819 0.000000
vt -0.283977 0.954819 0.000000
vt -0.235655 1.205752 0.000000
vt -0.235656 1.126996 0.000000
vt -0.235656 0.954819 0.000000
vt -0.283977 1.126996 0.000000
vt -0.314205 1.205752 0.000000
vt -0.471312 0.904313 0.000000
vt -0.424478 0.639389 0.000000
vt -0.403985 0.000000 0.000000
vt -0.471312 0.602875 0.000000
vt -0.471312 0.000000 0.000000
vt -0.134663 0.000000 0.000000
vt -0.109192 0.639389 0.000000
vt -0.109192 0.954819 0.000000
vt -0.067327 0.000000 0.000000
vt -0.067037 0.639389 0.000000
vt -0.067037 0.954819 0.000000
vt -0.000000 0.000000 0.000000
vt -0.000000 0.602875 0.000000
vt -0.482794 0.060300 0.000000
vt -0.482794 0.000000 0.000000
vt -0.423670 0.060300 0.000000
vt -0.402326 0.000000 0.000000
vt -0.364546 0.060300 0.000000
vt -0.321864 0.000000 0.000000
vt -0.304691 0.060300 0.000000
vt -0.241392 0.000000 0.000000
vt -0.244837 0.060300 0.000000
vt -0.183628 0.060300 0.000000
vt -0.244837 0.090451 0.000000
vt -0.183628 0.090451 0.000000
vt -0.244837 0.120601 0.000000
vt -0.183628 0.120601 0.000000
vt -0.244837 0.150751 0.000000
vt -0.183628 0.150751 0.000000
vt -0.244837 0.180901 0.000000
vt -0.183628 0.180901 0.000000
vt -0.241397 0.241202 0.000000
vt -0.181057 0.241202 0.000000
vt -0.122418 0.180901 0.000000
vt -0.120703 0.241202 0.000000
vt -0.061209 0.180901 0.000000
vt -0.060355 0.241202 0.000000
vt 0.000000 0.180901 0.000000
vt -0.160937 0.000000 0.000000
vt -0.122418 0.060300 0.000000
vt -0.122418 0.090451 0.000000
vt -0.122418 0.120601 0.000000
vt -0.122418 0.150751 0.000000
vt -0.080465 0.000000 0.000000
vt -0.061209 0.060300 0.000000
vt -0.061209 0.090451 0.000000
vt -0.061209 0.120601 0.000000
vt -0.061209 0.150751 0.000000
vt -0.000000 0.000000 0.000000
vt -0.301750 0.241202 0.000000
vt -0.304691 0.180901 0.000000
vt -0.304691 0.150751 0.000000
vt -0.304691 0.120601 0.000000
vt -0.304691 0.090451 0.000000
vt -0.362102 0.241202 0.000000
vt -0.364546 0.180901 0.000000
vt -0.364546 0.150751 0.000000
vt -0.364546 0.120601 0.000000
vt -0.364546 0.090451 0.000000
vt -0.422439 0.241202 0.000000
vt -0.423670 0.180901 0.000000
vt -0.423670 0.150751 0.000000
vt -0.423670 0.120601 0.000000
vt -0.423670 0.090451 0.000000
vt -0.482794 0.241202 0.000000
vt -0.482794 0.180901 0.000000
vt -0.482794 0.150751 0.000000
vt -0.482794 0.120601 0.000000
vt -0.482794 0.090451 0.000000
vt 0.000000 0.060300 0.000000
vt 0.000000 0.090451 0.000000
vt 0.000000 0.120601 0.000000
vt 0.000000 0.150751 0.000000
vt -0.439694 -0.442175 0.000000
vt -0.396274 -0.462684 0.000000
vt -0.439932 -0.440562 0.000000
vt -0.396274 -0.416224 0.000000
vt -0.439927 -0.388646 0.000000
vt -0.396274 -0.369764 0.000000
vt -0.439961 -0.336735 0.000000
vt -0.396274 -0.266814 0.000000
vt -0.439966 -0.233139 0.000000
vt -0.396274 -0.217354 0.000000
vt -0.439966 -0.129553 0.000000
vt -0.396274 -0.124435 0.000000
vt -0.396274 -0.059246 0.000000
vt -0.352581 -0.124435 0.000000
vt -0.352581 -0.059246 0.000000
vt -0.308889 -0.124435 0.000000
vt -0.308889 -0.059246 0.000000
vt -0.265197 -0.124435 0.000000
vt -0.265197 -0.059246 0.000000
vt -0.219983 -0.124435 0.000000
vt -0.219983 -0.059246 0.000000
vt -0.180657 -0.124435 0.000000
vt -0.180657 -0.059246 0.000000
vt -0.141331 -0.124435 0.000000
vt -0.141331 -0.059246 0.000000
vt -0.102005 -0.124435 0.000000
vt -0.102005 -0.059246 0.000000
vt -0.062679 -0.124435 0.000000
vt -0.062679 -0.059246 0.000000
vt -0.000000 -0.025967 0.000000
vt -0.054996 -0.025967 0.000000
vt -0.434114 -0.477352 0.000000
vt -0.396274 -0.509143 0.000000
vt -0.352581 -0.509143 0.000000
vt -0.352581 -0.555705 0.000000
vt -0.308889 -0.555692 0.000000
vt -0.310093 -0.573429 0.000000
vt -0.262075 -0.571936 0.000000
vt -0.427127 -0.515861 0.000000
vt -0.396274 -0.555718 0.000000
vt -0.356563 -0.581033 0.000000
vt -0.418999 -0.555725 0.000000
vt -0.410171 -0.595032 0.000000
vt -0.397490 -0.595032 0.000000
vt -0.408912 -0.600480 0.000000
vt -0.213551 -0.574146 0.000000
vt -0.219983 -0.555666 0.000000
vt -0.265197 -0.555679 0.000000
vt -0.308889 -0.509143 0.000000
vt -0.352581 -0.462684 0.000000
vt -0.180657 -0.555654 0.000000
vt -0.165039 -0.578196 0.000000
vt -0.141331 -0.555642 0.000000
vt -0.116712 -0.583000 0.000000
vt -0.102005 -0.555630 0.000000
vt -0.068626 -0.588000 0.000000
vt -0.062679 -0.555619 0.000000
vt -0.020902 -0.592922 0.000000
vt -0.000000 -0.521402 0.000000
vt -0.062679 -0.509143 0.000000
vt -0.000000 -0.459452 0.000000
vt -0.062679 -0.462684 0.000000
vt -0.062679 -0.416224 0.000000
vt -0.102005 -0.416224 0.000000
vt -0.102005 -0.369764 0.000000
vt -0.141331 -0.369764 0.000000
vt -0.141331 -0.266814 0.000000
vt -0.180657 -0.266814 0.000000
vt -0.180657 -0.217354 0.000000
vt -0.219983 -0.217354 0.000000
vt -0.000000 -0.397525 0.000000
vt -0.062679 -0.369764 0.000000
vt -0.102005 -0.266814 0.000000
vt -0.141331 -0.217354 0.000000
vt -0.000000 -0.335599 0.000000
vt -0.062679 -0.266814 0.000000
vt -0.102005 -0.217354 0.000000
vt -0.000000 -0.273673 0.000000
vt -0.062679 -0.217354 0.000000
vt -0.109991 -0.025967 0.000000
vt -0.164987 -0.025967 0.000000
vt -0.219983 -0.025967 0.000000
vt -0.274979 -0.025967 0.000000
vt -0.329974 -0.025967 0.000000
vt -0.384970 -0.025967 0.000000
vt -0.439966 -0.025938 0.000000
vt -0.141331 -0.416224 0.000000
vt -0.102005 -0.462684 0.000000
vt -0.141331 -0.462684 0.000000
vt -0.102005 -0.509143 0.000000
vt -0.141331 -0.509143 0.000000
vt -0.180657 -0.416224 0.000000
vt -0.180657 -0.462684 0.000000
vt -0.180657 -0.509143 0.000000
vt -0.180657 -0.369764 0.000000
vt -0.219983 -0.369764 0.000000
vt -0.219983 -0.416224 0.000000
vt -0.265197 -0.369764 0.000000
vt -0.265197 -0.416224 0.000000
vt -0.308889 -0.369764 0.000000
vt -0.308889 -0.416224 0.000000
vt -0.352581 -0.369764 0.000000
vt -0.352581 -0.416224 0.000000
vt -0.219983 -0.462684 0.000000
vt -0.219983 -0.509143 0.000000
vt -0.265197 -0.462684 0.000000
vt -0.265197 -0.509143 0.000000
vt -0.308889 -0.462684 0.000000
vt -0.219983 -0.266814 0.000000
vt -0.265197 -0.266814 0.000000
vt -0.308889 -0.266814 0.000000
vt -0.352581 -0.266814 0.000000
vt -0.265197 -0.217354 0.000000
vt -0.308889 -0.217354 0.000000
vt -0.352581 -0.217354 0.000000
vt 0.521577 -0.000000 0.000000
vt 0.519884 0.013053 0.000000
vt 0.519884 -0.013053 0.000000
vt 0.509844 -0.057569 0.000000
vt 0.509830 0.057618 0.000000
vt 0.491323 0.103898 0.000000
vt 0.464919 0.146693 0.000000
vt 0.464958 -0.146640 0.000000
vt 0.491363 -0.103818 0.000000
vt 0.431423 -0.184293 0.000000
vt 0.431390 0.184323 0.000000
vt 0.391868 -0.215581 0.000000
vt 0.044796 -0.142806 0.000000
vt 0.069836 -0.175313 0.000000
vt 0.391843 0.215598 0.000000
vt 0.044775 0.142774 0.000000
vt 0.024929 0.106827 0.000000
vt 0.010679 0.068223 0.000000
vt 0.347512 0.239648 0.000000
vt 0.133228 0.227148 0.000000
vt 0.099583 0.203688 0.000000
vt 0.069816 0.175290 0.000000
vt 0.299688 0.255852 0.000000
vt 0.209337 0.257541 0.000000
vt 0.170141 0.245256 0.000000
vt 0.249896 0.263771 0.000000
vt 0.000120 -0.000000 0.000000
vt 0.010680 -0.068223 0.000000
vt 0.024944 -0.106860 0.000000
vt 0.099602 -0.203703 0.000000
vt 0.133242 -0.227156 0.000000
vt 0.347516 -0.239646 0.000000
vt 0.170145 -0.245258 0.000000
vt 0.209337 -0.257541 0.000000
vt 0.249896 -0.263771 0.000000
vt 0.299693 -0.255851 0.000000
vt -0.471312 0.187018 0.000000
vt -0.471311 0.036298 0.000000
vt -0.424479 0.115093 0.000000
vt -0.392763 0.036298 0.000000
vt -0.377646 0.115093 0.000000
vt -0.330813 0.115093 0.000000
vt -0.377646 0.195875 0.000000
vt -0.330813 0.195875 0.000000
vt -0.377646 0.253193 0.000000
vt -0.330813 0.253193 0.000000
vt -0.377646 0.414015 0.000000
vt -0.330813 0.414015 0.000000
vt -0.377646 0.517518 0.000000
vt -0.330813 0.517518 0.000000
vt -0.377646 0.828029 0.000000
vt -0.330813 0.828029 0.000000
vt -0.336649 1.242044 0.000000
vt -0.283980 0.828029 0.000000
vt -0.269323 1.242044 0.000000
vt -0.235656 0.828029 0.000000
vt -0.201989 1.242044 0.000000
vt -0.193502 0.828029 0.000000
vt -0.151349 0.828029 0.000000
vt -0.151349 0.517518 0.000000
vt -0.109195 0.517518 0.000000
vt -0.109195 0.414015 0.000000
vt -0.067042 0.414015 0.000000
vt -0.067042 0.253193 0.000000
vt -0.000000 0.337736 0.000000
vt -0.067042 0.195875 0.000000
vt -0.000000 0.036300 0.000000
vt -0.067042 0.115093 0.000000
vt -0.078548 0.036300 0.000000
vt -0.109195 0.115093 0.000000
vt -0.157106 0.036299 0.000000
vt -0.151349 0.115093 0.000000
vt -0.193502 0.115093 0.000000
vt -0.193502 0.195875 0.000000
vt -0.235656 0.195875 0.000000
vt -0.235656 0.253193 0.000000
vt -0.283980 0.253193 0.000000
vt -0.283980 0.414015 0.000000
vt -0.314205 0.036298 0.000000
vt -0.283980 0.115093 0.000000
vt -0.283980 0.195875 0.000000
vt -0.235655 0.036298 0.000000
vt -0.235656 0.115093 0.000000
vt -0.067042 0.517518 0.000000
vt -0.000000 0.639172 0.000000
vt -0.067042 0.828029 0.000000
vt -0.000000 1.242044 0.000000
vt -0.067327 1.242044 0.000000
vt -0.109195 0.828029 0.000000
vt -0.134663 1.242044 0.000000
vt -0.403985 1.242044 0.000000
vt -0.424479 0.828029 0.000000
vt -0.424479 0.517518 0.000000
vt -0.424479 0.414015 0.000000
vt -0.424479 0.253193 0.000000
vt -0.424479 0.195875 0.000000
vt -0.471312 1.242044 0.000000
vt -0.471312 0.639172 0.000000
vt -0.471312 0.337736 0.000000
vt -0.109195 0.195875 0.000000
vt -0.109195 0.253193 0.000000
vt -0.151349 0.195875 0.000000
vt -0.151349 0.253193 0.000000
vt -0.151349 0.414015 0.000000
vt -0.193502 0.414015 0.000000
vt -0.193502 0.253193 0.000000
vt -0.235656 0.414015 0.000000
vt -0.193502 0.517518 0.000000
vt -0.283980 0.517518 0.000000
vt -0.235656 0.517518 0.000000
vt -0.321883 0.000000 0.000000
vt -0.385143 0.046025 0.000000
vt -0.402305 0.000000 0.000000
vt -0.433967 0.046025 0.000000
vt -0.482791 0.046025 0.000000
vt -0.241395 0.000000 0.000000
vt -0.287495 0.046025 0.000000
vt -0.336319 0.046025 0.000000
vt -0.385143 0.092051 0.000000
vt -0.433967 0.092051 0.000000
vt -0.433967 0.129339 0.000000
vt -0.482791 0.129339 0.000000
vt -0.225195 0.046025 0.000000
vt -0.160907 0.000000 0.000000
vt -0.162896 0.046025 0.000000
vt -0.106112 0.046025 0.000000
vt -0.162896 0.092051 0.000000
vt -0.106112 0.092051 0.000000
vt -0.162896 0.129339 0.000000
vt -0.106112 0.129339 0.000000
vt -0.162896 0.147982 0.000000
vt -0.106112 0.147982 0.000000
vt -0.162896 0.166626 0.000000
vt -0.106112 0.166626 0.000000
vt -0.162896 0.203914 0.000000
vt -0.106112 0.203914 0.000000
vt -0.120696 0.241202 0.000000
vt -0.060371 0.241202 0.000000
vt -0.049329 0.203914 0.000000
vt -0.000000 0.241202 0.000000
vt -0.000000 0.180901 0.000000
vt -0.049329 0.166626 0.000000
vt -0.000000 0.150751 0.000000
vt -0.049329 0.147982 0.000000
vt -0.049329 0.129339 0.000000
vt -0.080490 0.000000 0.000000
vt -0.049329 0.046025 0.000000
vt -0.049329 0.092051 0.000000
vt -0.000000 0.000000 0.000000
vt -0.000000 0.060300 0.000000
vt -0.000000 0.090451 0.000000
vt -0.000000 0.120601 0.000000
vt -0.181021 0.241202 0.000000
vt -0.225195 0.203914 0.000000
vt -0.225195 0.166626 0.000000
vt -0.225195 0.147982 0.000000
vt -0.225195 0.129339 0.000000
vt -0.225195 0.092051 0.000000
vt -0.241391 0.241202 0.000000
vt -0.287495 0.203914 0.000000
vt -0.287495 0.166626 0.000000
vt -0.287495 0.147982 0.000000
vt -0.287495 0.129339 0.000000
vt -0.287495 0.092051 0.000000
vt -0.301759 0.241202 0.000000
vt -0.336319 0.203914 0.000000
vt -0.336319 0.166626 0.000000
vt -0.336319 0.147982 0.000000
vt -0.336319 0.129339 0.000000
vt -0.336319 0.092051 0.000000
vt -0.362090 0.241202 0.000000
vt -0.385143 0.203914 0.000000
vt -0.385143 0.166626 0.000000
vt -0.385143 0.147982 0.000000
vt -0.385143 0.129339 0.000000
vt -0.422417 0.241202 0.000000
vt -0.433967 0.203914 0.000000
vt -0.433967 0.166626 0.000000
vt -0.433967 0.147982 0.000000
vt -0.482791 0.241202 0.000000
vt -0.482791 0.203914 0.000000
vt -0.482791 0.166626 0.000000
vt -0.482791 0.147982 0.000000
vt -0.482791 0.092051 0.000000
vt -1.313111 0.023263 0.000000
vt -1.162467 -0.026349 0.000000
vt -1.162467 0.026349 0.000000
vt -1.063739 -0.026200 0.000000
vt -1.063739 0.026200 0.000000
vt -1.007576 -0.025450 0.000000
vt -1.007576 0.025450 0.000000
vt -0.950088 -0.024629 0.000000
vt -0.950088 0.024629 0.000000
vt -0.893647 -0.024024 0.000000
vt -0.893647 0.024024 0.000000
vt -0.840728 -0.023918 0.000000
vt -0.840728 0.023918 0.000000
vt -0.752960 0.026349 0.000000
vt -0.752960 -0.026349 0.000000
vt -0.609463 -0.040064 0.000000
vt -1.313111 -0.023263 0.000000
vt -1.428453 0.019093 0.000000
vt -1.428451 -0.019093 0.000000
vt -1.527063 0.012070 0.000000
vt -1.527063 -0.012070 0.000000
vt -1.568136 0.006819 0.000000
vt -1.568136 -0.006819 0.000000
vt -1.604010 -0.000000 0.000000
vt -0.609415 0.040064 0.000000
vt -0.509612 -0.051828 0.000000
vt -0.509598 0.051828 0.000000
vt -0.340187 -0.070303 0.000000
vt -0.340155 0.070305 0.000000
vt 0.000000 -0.092168 0.000000
vt -0.000000 0.092168 0.000000
vt 4.312325 0.000000 0.000000
vt 2.156866 0.079617 0.000000
vt 2.156864 -0.079642 0.000000
vt 1.078493 -0.098862 0.000000
vt 1.078465 0.099346 0.000000
vt 0.000000 0.092168 0.000000
vt 0.000000 -0.092168 0.000000
vt -0.429400 -4.043031 0.000000
vt -0.427440 -4.042947 0.000000
vt -0.431933 -4.043075 0.000000
vt -0.389002 -3.482754 0.000000
vt -0.431933 -2.040328 0.000000
vt -0.389002 -2.081844 0.000000
vt -0.389002 -1.332422 0.000000
vt -0.346071 -2.081844 0.000000
vt -0.346071 -1.332422 0.000000
vt -0.303140 -2.081844 0.000000
vt -0.303140 -1.332422 0.000000
vt -0.260209 -2.081844 0.000000
vt -0.260209 -1.332422 0.000000
vt -0.215966 -2.081844 0.000000
vt -0.215966 -1.332422 0.000000
vt -0.177323 -2.081844 0.000000
vt -0.177323 -1.332422 0.000000
vt -0.138680 -2.081844 0.000000
vt -0.138680 -1.332422 0.000000
vt -0.100036 -2.081844 0.000000
vt -0.100036 -1.332422 0.000000
vt -0.061393 -2.081844 0.000000
vt -0.061393 -1.332422 0.000000
vt -0.000000 -1.926033 0.000000
vt -0.000000 -1.015814 0.000000
vt -0.367289 -4.043116 0.000000
vt -0.346071 -3.482754 0.000000
vt -0.320021 -4.047235 0.000000
vt -0.303140 -3.482754 0.000000
vt -0.303140 -4.047018 0.000000
vt -0.273174 -4.054495 0.000000
vt -0.260209 -3.482754 0.000000
vt -0.260209 -4.046466 0.000000
vt -0.226738 -4.064504 0.000000
vt -0.215966 -3.482754 0.000000
vt -0.215966 -4.045897 0.000000
vt -0.180804 -4.076789 0.000000
vt -0.177323 -4.045399 0.000000
vt -0.135376 -4.090875 0.000000
vt -0.138680 -4.044902 0.000000
vt -0.100036 -4.044405 0.000000
vt -0.138680 -3.482754 0.000000
vt -0.100036 -3.482754 0.000000
vt -0.090245 -4.106328 0.000000
vt -0.061393 -4.043908 0.000000
vt -0.045414 -4.122664 0.000000
vt -0.061393 -3.482754 0.000000
vt -0.000000 -3.746456 0.000000
vt -0.000745 -4.139438 0.000000
vt -0.000000 -4.139719 0.000000
vt -0.061393 -0.583000 0.000000
vt -0.000000 -0.560705 0.000000
vt -0.000008 -0.105557 0.000000
vt -0.021365 -0.002465 0.000000
vt -0.062843 -0.006416 0.000000
vt -0.100036 -0.583000 0.000000
vt -0.104457 -0.009215 0.000000
vt -0.138680 -0.583000 0.000000
vt -0.146165 -0.010802 0.000000
vt -0.177323 -0.583000 0.000000
vt -0.187795 -0.011137 0.000000
vt -0.215966 -0.583000 0.000000
vt -0.229547 -0.010206 0.000000
vt -0.260209 -0.583000 0.000000
vt -0.271140 -0.008019 0.000000
vt -0.303140 -0.583000 0.000000
vt -0.312679 -0.004604 0.000000
vt -0.346071 -0.583000 0.000000
vt -0.354235 0.000000 0.000000
vt -0.389002 -0.583000 0.000000
vt -0.423709 0.010217 0.000000
vt -0.431933 -0.538268 0.000000
vt -0.431933 -0.037583 0.000000
vt -0.431933 -1.038955 0.000000
vt -0.177323 -3.482754 0.000000
vt 0.157718 -0.995219 0.000000
vt 0.157466 -0.995345 0.000000
vt 0.157718 -1.704084 0.000000
vt 0.150228 -1.467796 0.000000
vt 0.150228 -1.704084 0.000000
vt 0.142737 -1.467796 0.000000
vt 0.142737 -1.704084 0.000000
vt 0.135247 -1.467796 0.000000
vt 0.135247 -1.704084 0.000000
vt 0.127756 -1.467796 0.000000
vt 0.127756 -1.704084 0.000000
vt 0.112775 -1.467796 0.000000
vt 0.112775 -1.704084 0.000000
vt 0.097794 -1.467796 0.000000
vt 0.097794 -1.704084 0.000000
vt 0.073345 -1.467796 0.000000
vt 0.073345 -1.704084 0.000000
vt 0.048897 -1.467796 0.000000
vt 0.048897 -1.704084 0.000000
vt 0.026710 -1.039016 0.000000
vt 0.000706 -2.369388 0.000000
vt 0.000000 -1.053726 0.000000
vt 0.000000 -2.369104 0.000000
vt 0.150228 -1.231507 0.000000
vt 0.144670 -1.001489 0.000000
vt 0.142737 -1.231507 0.000000
vt 0.135247 -1.231507 0.000000
vt 0.131941 -1.006901 0.000000
vt 0.127756 -1.231507 0.000000
vt 0.125709 -1.009177 0.000000
vt 0.119596 -1.011090 0.000000
vt 0.112775 -1.231507 0.000000
vt 0.113682 -1.012567 0.000000
vt 0.107967 -1.013563 0.000000
vt 0.097794 -1.231507 0.000000
vt 0.093830 -1.015801 0.000000
vt 0.080486 -1.018658 0.000000
vt 0.073345 -1.231507 0.000000
vt 0.053781 -1.026946 0.000000
vt 0.048897 -1.231507 0.000000
vt 0.037804 -2.384820 0.000000
vt 0.048897 -2.176661 0.000000
vt 0.048897 -1.940372 0.000000
vt 0.073345 -1.940372 0.000000
vt 0.097794 -1.940372 0.000000
vt 0.112775 -1.940372 0.000000
vt 0.127756 -1.940372 0.000000
vt 0.135247 -1.940372 0.000000
vt 0.142737 -1.940372 0.000000
vt 0.150228 -1.940372 0.000000
vt 0.072256 -2.398124 0.000000
vt 0.073345 -2.176661 0.000000
vt 0.089217 -2.403469 0.000000
vt 0.097794 -2.176661 0.000000
vt 0.106761 -2.407810 0.000000
vt 0.112775 -2.176661 0.000000
vt 0.116991 -2.409728 0.000000
vt 0.127756 -2.176661 0.000000
vt 0.128613 -2.411349 0.000000
vt 0.135247 -2.176661 0.000000
vt 0.135140 -2.412003 0.000000
vt 0.142210 -2.412512 0.000000
vt 0.142737 -2.176661 0.000000
vt 0.149745 -2.412836 0.000000
vt 0.150228 -2.176661 0.000000
vt 0.157718 -2.412949 0.000000
vt -0.836423 -0.714490 0.000000
vt -0.127745 -0.608611 0.000000
vt -0.441987 0.540356 0.000000
vt 0.381949 0.157692 0.000000
vt -0.194950 0.667080 0.000000
vt 0.045543 0.735098 0.000000
vt 0.143254 0.743858 0.000000
vt 0.232775 0.717882 0.000000
vt 0.180592 0.741671 0.000000
vt 0.207648 0.736557 0.000000
vt 0.223077 0.730823 0.000000
vt 0.231167 0.722844 0.000000
vt 0.229959 0.725324 0.000000
vt 0.600067 -0.525144 0.000000
vt 0.577171 -0.498902 0.000000
vt 0.557624 -0.468995 0.000000
vt 0.531122 -0.402498 0.000000
vt 0.229245 0.726430 0.000000
vt 0.228448 0.727256 0.000000
vt 0.081432 -0.172555 0.000000
vt 0.048898 -0.131699 0.000000
vt 0.000000 -0.080353 0.000000
vt 0.048898 -0.094315 0.000000
vt 0.048898 -0.056930 0.000000
vt 0.073348 -0.094315 0.000000
vt 0.073348 -0.056930 0.000000
vt 0.097797 -0.094315 0.000000
vt 0.097797 -0.056930 0.000000
vt 0.112777 -0.094315 0.000000
vt 0.112777 -0.056930 0.000000
vt 0.127758 -0.094315 0.000000
vt 0.127758 -0.056930 0.000000
vt 0.135248 -0.094315 0.000000
vt 0.135248 -0.056930 0.000000
vt 0.142738 -0.094315 0.000000
vt 0.142738 -0.056930 0.000000
vt 0.150228 -0.094315 0.000000
vt 0.150228 -0.056930 0.000000
vt 0.157718 -0.073039 0.000000
vt 0.157718 -0.036519 0.000000
vt 0.120834 -0.253716 0.000000
vt 0.097797 -0.169433 0.000000
vt 0.097797 -0.131699 0.000000
vt 0.073348 -0.131699 0.000000
vt 0.112777 -0.207166 0.000000
vt 0.139229 -0.281467 0.000000
vt 0.127758 -0.207166 0.000000
vt 0.135248 -0.207166 0.000000
vt 0.127758 -0.169433 0.000000
vt 0.135248 -0.169433 0.000000
vt 0.127758 -0.131699 0.000000
vt 0.135248 -0.131699 0.000000
vt 0.142738 -0.282633 0.000000
vt 0.147785 -0.289038 0.000000
vt 0.150228 -0.282633 0.000000
vt 0.149864 -0.290208 0.000000
vt 0.152118 -0.291169 0.000000
vt 0.153387 -0.291567 0.000000
vt 0.154748 -0.291880 0.000000
vt 0.157718 -0.292156 0.000000
vt 0.156203 -0.292084 0.000000
vt 0.157718 -0.219117 0.000000
vt 0.157718 -0.146078 0.000000
vt 0.150228 -0.169433 0.000000
vt 0.150228 -0.207166 0.000000
vt 0.142738 -0.207166 0.000000
vt 0.142738 -0.169433 0.000000
vt 0.150228 -0.131699 0.000000
vt 0.157718 -0.109558 0.000000
vt 0.157718 0.000000 0.000000
vt 0.150228 -0.011308 0.000000
vt 0.150228 -0.034119 0.000000
vt 0.142738 -0.034119 0.000000
vt 0.135248 -0.034119 0.000000
vt 0.127758 -0.034119 0.000000
vt 0.112777 -0.034119 0.000000
vt 0.097797 -0.034119 0.000000
vt 0.073348 -0.034119 0.000000
vt 0.048898 -0.034119 0.000000
vt 0.000000 -0.040160 0.000000
vt 0.000000 -0.060270 0.000000
vt 0.147861 0.000000 0.000000
vt 0.142738 -0.011308 0.000000
vt 0.138004 0.000000 0.000000
vt 0.135248 -0.011308 0.000000
vt 0.128146 0.000000 0.000000
vt 0.127758 -0.011308 0.000000
vt 0.118289 0.000000 0.000000
vt 0.112777 -0.011308 0.000000
vt 0.098574 0.000000 0.000000
vt 0.097797 -0.011308 0.000000
vt 0.078859 0.000000 0.000000
vt 0.039430 0.000000 0.000000
vt 0.048898 -0.011308 0.000000
vt 0.073348 -0.011308 0.000000
vt 0.000000 0.000000 0.000000
vt 0.112777 -0.131699 0.000000
vt 0.142738 -0.131699 0.000000
vt 0.112777 -0.169433 0.000000
vt 0.157718 -0.579712 0.000000
vt 0.157718 0.000000 0.000000
vt 0.150228 -0.231885 0.000000
vt 0.147861 0.000000 0.000000
vt 0.142737 -0.231885 0.000000
vt 0.138004 0.000000 0.000000
vt 0.135247 -0.231885 0.000000
vt 0.128146 0.000000 0.000000
vt 0.127756 -0.231885 0.000000
vt 0.118289 0.000000 0.000000
vt 0.112775 -0.231885 0.000000
vt 0.098574 0.000000 0.000000
vt 0.097794 -0.231885 0.000000
vt 0.078859 0.000000 0.000000
vt 0.073345 -0.231885 0.000000
vt 0.048897 -0.231885 0.000000
vt 0.073345 -0.463769 0.000000
vt 0.048897 -0.463769 0.000000
vt 0.073345 -0.695654 0.000000
vt 0.048897 -0.695654 0.000000
vt 0.073345 -0.927539 0.000000
vt 0.048897 -0.927539 0.000000
vt 0.078859 -1.159424 0.000000
vt 0.039430 -1.159424 0.000000
vt 0.000000 -0.579712 0.000000
vt 0.039430 0.000000 0.000000
vt 0.000000 0.000000 0.000000
vt 0.000000 -1.159424 0.000000
vt 0.097794 -0.927539 0.000000
vt 0.098574 -1.159424 0.000000
vt 0.112775 -0.927539 0.000000
vt 0.118289 -1.159424 0.000000
vt 0.127756 -0.927539 0.000000
vt 0.128146 -1.159424 0.000000
vt 0.135247 -0.927539 0.000000
vt 0.138004 -1.159424 0.000000
vt 0.142737 -0.927539 0.000000
vt 0.147861 -1.159424 0.000000
vt 0.150228 -0.927539 0.000000
vt 0.157718 -1.159424 0.000000
vt 0.150228 -0.695654 0.000000
vt 0.150228 -0.463769 0.000000
vt 0.142737 -0.463769 0.000000
vt 0.097794 -0.463769 0.000000
vt 0.097794 -0.695654 0.000000
vt 0.112775 -0.463769 0.000000
vt 0.112775 -0.695654 0.000000
vt 0.127756 -0.463769 0.000000
vt 0.127756 -0.695654 0.000000
vt 0.135247 -0.463769 0.000000
vt 0.135247 -0.695654 0.000000
vt 0.142737 -0.695654 0.000000
vt 0.000010 0.995136 0.000000
vt 0.000000 0.746327 0.000000
vt 0.000716 0.995384 0.000000
vt 0.048903 0.945607 0.000000
vt 0.037808 1.008592 0.000000
vt 0.072257 1.019630 0.000000
vt 0.073355 0.945607 0.000000
vt 0.089218 1.023978 0.000000
vt 0.097806 0.945607 0.000000
vt 0.106762 1.027474 0.000000
vt 0.112784 0.945607 0.000000
vt 0.116991 1.029008 0.000000
vt 0.127762 0.945607 0.000000
vt 0.128613 1.030300 0.000000
vt 0.135251 0.945607 0.000000
vt 0.135140 1.030820 0.000000
vt 0.142210 1.031224 0.000000
vt 0.142740 0.945607 0.000000
vt 0.149745 1.031482 0.000000
vt 0.150229 0.945607 0.000000
vt 0.157718 1.031571 0.000000
vt 0.157718 0.773678 0.000000
vt 0.000000 0.497551 0.000000
vt 0.048903 0.586055 0.000000
vt 0.048903 0.705905 0.000000
vt 0.073355 0.705905 0.000000
vt 0.097806 0.705905 0.000000
vt 0.112784 0.705905 0.000000
vt 0.127762 0.705905 0.000000
vt 0.135251 0.705905 0.000000
vt 0.048903 0.466204 0.000000
vt 0.000000 0.373163 0.000000
vt 0.048903 0.313466 0.000000
vt 0.000000 0.310969 0.000000
vt 0.000000 0.248776 0.000000
vt 0.048903 0.235100 0.000000
vt 0.000000 0.186582 0.000000
vt 0.048903 0.195916 0.000000
vt 0.048903 0.156733 0.000000
vt 0.073355 0.156733 0.000000
vt 0.073355 0.117550 0.000000
vt 0.097806 0.117550 0.000000
vt 0.097806 0.078367 0.000000
vt 0.112784 0.078367 0.000000
vt 0.112784 0.039183 0.000000
vt 0.127762 0.039183 0.000000
vt 0.118289 0.000000 0.000000
vt 0.128146 0.000000 0.000000
vt 0.000000 0.124388 0.000000
vt 0.048903 0.117550 0.000000
vt 0.073355 0.078367 0.000000
vt 0.097806 0.039183 0.000000
vt 0.098574 0.000000 0.000000
vt 0.000000 0.093291 0.000000
vt 0.048903 0.078367 0.000000
vt 0.073355 0.039183 0.000000
vt 0.078859 0.000000 0.000000
vt 0.039430 0.000000 0.000000
vt 0.000000 0.062194 0.000000
vt 0.000000 0.031097 0.000000
vt 0.000000 0.000000 0.000000
vt 0.048903 0.039183 0.000000
vt 0.135251 0.039183 0.000000
vt 0.138004 0.000000 0.000000
vt 0.142740 0.039183 0.000000
vt 0.147861 0.000000 0.000000
vt 0.150229 0.039183 0.000000
vt 0.157718 0.032237 0.000000
vt 0.157718 0.064473 0.000000
vt 0.157718 0.000000 0.000000
vt 0.150229 0.078367 0.000000
vt 0.157718 0.096710 0.000000
vt 0.150229 0.117550 0.000000
vt 0.157718 0.128946 0.000000
vt 0.150229 0.156733 0.000000
vt 0.157718 0.161183 0.000000
vt 0.150229 0.195916 0.000000
vt 0.157718 0.193420 0.000000
vt 0.150229 0.235100 0.000000
vt 0.157718 0.257893 0.000000
vt 0.150229 0.313466 0.000000
vt 0.157718 0.322366 0.000000
vt 0.157718 0.386839 0.000000
vt 0.157718 0.515785 0.000000
vt 0.150229 0.466204 0.000000
vt 0.142740 0.466204 0.000000
vt 0.142740 0.313466 0.000000
vt 0.135251 0.466204 0.000000
vt 0.135251 0.313466 0.000000
vt 0.127762 0.466204 0.000000
vt 0.127762 0.313466 0.000000
vt 0.112784 0.466204 0.000000
vt 0.112784 0.313466 0.000000
vt 0.097806 0.466204 0.000000
vt 0.097806 0.313466 0.000000
vt 0.073355 0.466204 0.000000
vt 0.073355 0.313466 0.000000
vt 0.150229 0.586055 0.000000
vt 0.142740 0.586055 0.000000
vt 0.150229 0.705905 0.000000
vt 0.142740 0.705905 0.000000
vt 0.073355 0.586055 0.000000
vt 0.097806 0.586055 0.000000
vt 0.112784 0.586055 0.000000
vt 0.127762 0.586055 0.000000
vt 0.135251 0.586055 0.000000
vt 0.073355 0.235100 0.000000
vt 0.073355 0.195916 0.000000
vt 0.097806 0.235100 0.000000
vt 0.097806 0.195916 0.000000
vt 0.097806 0.156733 0.000000
vt 0.112784 0.235100 0.000000
vt 0.112784 0.195916 0.000000
vt 0.112784 0.156733 0.000000
vt 0.112784 0.117550 0.000000
vt 0.127762 0.235100 0.000000
vt 0.127762 0.195916 0.000000
vt 0.127762 0.156733 0.000000
vt 0.127762 0.117550 0.000000
vt 0.127762 0.078367 0.000000
vt 0.135251 0.235100 0.000000
vt 0.135251 0.195916 0.000000
vt 0.135251 0.156733 0.000000
vt 0.135251 0.117550 0.000000
vt 0.135251 0.078367 0.000000
vt 0.142740 0.235100 0.000000
vt 0.142740 0.195916 0.000000
vt 0.142740 0.156733 0.000000
vt 0.142740 0.117550 0.000000
vt 0.142740 0.078367 0.000000
vt 0.149745 -1.031373 0.000000
vt 0.157718 -1.031463 0.000000
vt 0.150229 -0.945507 0.000000
vt 0.157718 -0.773597 0.000000
vt 0.150229 -0.773597 0.000000
vt 0.150229 -0.601686 0.000000
vt 0.142740 -0.601686 0.000000
vt 0.142740 -0.515731 0.000000
vt 0.135251 -0.515731 0.000000
vt 0.135251 -0.466155 0.000000
vt 0.127762 -0.466155 0.000000
vt 0.127762 -0.324591 0.000000
vt 0.112783 -0.324591 0.000000
vt 0.112783 -0.253809 0.000000
vt 0.097805 -0.253809 0.000000
vt 0.097805 -0.183026 0.000000
vt 0.073354 -0.183026 0.000000
vt 0.073354 -0.137270 0.000000
vt 0.048902 -0.137270 0.000000
vt 0.048902 -0.091513 0.000000
vt 0.000000 -0.124375 0.000000
vt 0.000000 -0.093281 0.000000
vt 0.039430 -0.000000 0.000000
vt 0.000000 -0.062187 0.000000
vt 0.000000 -0.031094 0.000000
vt 0.000000 -0.000000 0.000000
vt 0.157718 -0.515731 0.000000
vt 0.150229 -0.515731 0.000000
vt 0.142740 -0.466155 0.000000
vt 0.135251 -0.324591 0.000000
vt 0.127762 -0.253809 0.000000
vt 0.112783 -0.183026 0.000000
vt 0.097805 -0.137270 0.000000
vt 0.073354 -0.091513 0.000000
vt 0.048902 -0.045757 0.000000
vt 0.078859 -0.000000 0.000000
vt 0.073354 -0.045757 0.000000
vt 0.097805 -0.045757 0.000000
vt 0.097805 -0.091513 0.000000
vt 0.112783 -0.091513 0.000000
vt 0.112783 -0.137270 0.000000
vt 0.127762 -0.137270 0.000000
vt 0.127762 -0.183026 0.000000
vt 0.135251 -0.183026 0.000000
vt 0.135251 -0.253809 0.000000
vt 0.142740 -0.253809 0.000000
vt 0.142740 -0.324591 0.000000
vt 0.150229 -0.324591 0.000000
vt 0.157718 -0.386798 0.000000
vt 0.157718 -0.322332 0.000000
vt 0.150229 -0.466155 0.000000
vt 0.157718 -0.257866 0.000000
vt 0.150229 -0.253809 0.000000
vt 0.142740 -0.183026 0.000000
vt 0.135251 -0.137270 0.000000
vt 0.127762 -0.091513 0.000000
vt 0.112783 -0.045757 0.000000
vt 0.098574 -0.000000 0.000000
vt 0.157718 -0.193399 0.000000
vt 0.150229 -0.183026 0.000000
vt 0.142740 -0.137270 0.000000
vt 0.135251 -0.091513 0.000000
vt 0.127762 -0.045757 0.000000
vt 0.118289 -0.000000 0.000000
vt 0.157718 -0.161166 0.000000
vt 0.150229 -0.137270 0.000000
vt 0.142740 -0.091513 0.000000
vt 0.135251 -0.045757 0.000000
vt 0.128146 -0.000000 0.000000
vt 0.157718 -0.128933 0.000000
vt 0.150229 -0.091513 0.000000
vt 0.142740 -0.045757 0.000000
vt 0.138004 -0.000000 0.000000
vt 0.157718 -0.096700 0.000000
vt 0.157718 -0.064466 0.000000
vt 0.150229 -0.045757 0.000000
vt 0.157718 -0.032233 0.000000
vt 0.147861 -0.000000 0.000000
vt 0.157718 -0.000000 0.000000
vt 0.000000 -0.186562 0.000000
vt 0.048902 -0.183026 0.000000
vt 0.073354 -0.253809 0.000000
vt 0.097805 -0.324591 0.000000
vt 0.112783 -0.466155 0.000000
vt 0.127762 -0.515731 0.000000
vt 0.135251 -0.601686 0.000000
vt 0.142740 -0.773597 0.000000
vt 0.048902 -0.253809 0.000000
vt 0.000000 -0.248749 0.000000
vt 0.000000 -0.310937 0.000000
vt 0.048902 -0.324591 0.000000
vt 0.000000 -0.373124 0.000000
vt 0.048902 -0.466155 0.000000
vt 0.000000 -0.497499 0.000000
vt 0.048902 -0.515731 0.000000
vt 0.048902 -0.601686 0.000000
vt 0.073354 -0.601686 0.000000
vt 0.073354 -0.773597 0.000000
vt 0.097805 -0.773597 0.000000
vt 0.097805 -0.945507 0.000000
vt 0.112783 -0.945507 0.000000
vt 0.106762 -1.027366 0.000000
vt 0.116992 -1.028900 0.000000
vt 0.000000 -0.746248 0.000000
vt 0.048902 -0.773597 0.000000
vt 0.073354 -0.945507 0.000000
vt 0.089218 -1.023871 0.000000
vt 0.000010 -0.995031 0.000000
vt 0.000717 -0.995280 0.000000
vt 0.048902 -0.945507 0.000000
vt 0.037809 -1.008487 0.000000
vt 0.072258 -1.019523 0.000000
vt 0.127762 -0.945507 0.000000
vt 0.128613 -1.030192 0.000000
vt 0.135251 -0.945507 0.000000
vt 0.135141 -1.030712 0.000000
vt 0.142210 -1.031116 0.000000
vt 0.142740 -0.945507 0.000000
vt 0.135251 -0.773597 0.000000
vt 0.127762 -0.773597 0.000000
vt 0.112783 -0.773597 0.000000
vt 0.127762 -0.601686 0.000000
vt 0.112783 -0.601686 0.000000
vt 0.112783 -0.515731 0.000000
vt 0.097805 -0.601686 0.000000
vt 0.097805 -0.515731 0.000000
vt 0.097805 -0.466155 0.000000
vt 0.073354 -0.515731 0.000000
vt 0.073354 -0.466155 0.000000
vt 0.073354 -0.324591 0.000000
vt 0.113682 1.012567 0.000000
vt 0.112775 1.231507 0.000000
vt 0.107967 1.013563 0.000000
vt 0.097794 1.231507 0.000000
vt 0.081424 1.018438 0.000000
vt 0.073345 1.231507 0.000000
vt 0.055088 1.026456 0.000000
vt 0.048897 1.231507 0.000000
vt 0.027533 1.038600 0.000000
vt 0.048897 1.467796 0.000000
vt 0.000000 1.053726 0.000000
vt 0.048897 1.704084 0.000000
vt 0.000708 2.369389 0.000000
vt 0.048897 1.940372 0.000000
vt 0.048897 2.176661 0.000000
vt 0.073345 1.940372 0.000000
vt 0.073345 2.176661 0.000000
vt 0.097794 1.940372 0.000000
vt 0.097794 2.176661 0.000000
vt 0.112775 1.940372 0.000000
vt 0.112775 2.176661 0.000000
vt 0.127756 1.940372 0.000000
vt 0.127756 2.176661 0.000000
vt 0.135247 1.940372 0.000000
vt 0.135247 2.176661 0.000000
vt 0.142737 1.940372 0.000000
vt 0.142737 2.176661 0.000000
vt 0.150228 1.940372 0.000000
vt 0.150228 2.176661 0.000000
vt 0.157718 2.412949 0.000000
vt 0.149745 2.412836 0.000000
vt 0.119596 1.011090 0.000000
vt 0.127756 1.231507 0.000000
vt 0.112775 1.467796 0.000000
vt 0.127756 1.467796 0.000000
vt 0.112775 1.704084 0.000000
vt 0.127756 1.704084 0.000000
vt 0.125709 1.009177 0.000000
vt 0.131941 1.006901 0.000000
vt 0.135247 1.231507 0.000000
vt 0.144670 1.001489 0.000000
vt 0.142737 1.231507 0.000000
vt 0.150228 1.231507 0.000000
vt 0.142737 1.467796 0.000000
vt 0.150228 1.467796 0.000000
vt 0.142737 1.704084 0.000000
vt 0.150228 1.704084 0.000000
vt 0.157466 0.995345 0.000000
vt 0.157718 0.995219 0.000000
vt 0.157718 1.704084 0.000000
vt 0.142210 2.412512 0.000000
vt 0.135141 2.412003 0.000000
vt 0.128613 2.411349 0.000000
vt 0.116991 2.409729 0.000000
vt 0.106762 2.407810 0.000000
vt 0.089218 2.403469 0.000000
vt 0.072257 2.398124 0.000000
vt 0.037805 2.384820 0.000000
vt 0.000000 2.369104 0.000000
vt 0.135247 1.467796 0.000000
vt 0.135247 1.704084 0.000000
vt 0.097794 1.467796 0.000000
vt 0.097794 1.704084 0.000000
vt 0.073345 1.467796 0.000000
vt 0.073345 1.704084 0.000000
vt 0.157718 0.579712 0.000000
vt 0.157718 1.159424 0.000000
vt 0.150228 0.927539 0.000000
vt 0.147861 1.159424 0.000000
vt 0.142737 0.927539 0.000000
vt 0.138004 1.159424 0.000000
vt 0.135247 0.927539 0.000000
vt 0.128146 1.159424 0.000000
vt 0.127756 0.927539 0.000000
vt 0.118289 1.159424 0.000000
vt 0.112775 0.927539 0.000000
vt 0.098574 1.159424 0.000000
vt 0.097794 0.927539 0.000000
vt 0.078859 1.159424 0.000000
vt 0.073345 0.927539 0.000000
vt 0.048897 0.927539 0.000000
vt 0.073345 0.695654 0.000000
vt 0.048897 0.695654 0.000000
vt 0.073345 0.463769 0.000000
vt 0.048897 0.463769 0.000000
vt 0.073345 0.231885 0.000000
vt 0.048897 0.231885 0.000000
vt 0.078859 0.000000 0.000000
vt 0.039430 0.000000 0.000000
vt 0.000000 0.579712 0.000000
vt 0.039430 1.159424 0.000000
vt 0.000000 1.159424 0.000000
vt 0.000000 0.000000 0.000000
vt 0.097794 0.231885 0.000000
vt 0.098574 0.000000 0.000000
vt 0.112775 0.231885 0.000000
vt 0.118289 0.000000 0.000000
vt 0.127756 0.231885 0.000000
vt 0.128146 0.000000 0.000000
vt 0.135247 0.231885 0.000000
vt 0.138004 0.000000 0.000000
vt 0.142737 0.231885 0.000000
vt 0.147861 0.000000 0.000000
vt 0.150228 0.231885 0.000000
vt 0.157718 0.000000 0.000000
vt 0.150228 0.463769 0.000000
vt 0.150228 0.695654 0.000000
vt 0.142737 0.695654 0.000000
vt 0.097794 0.695654 0.000000
vt 0.097794 0.463769 0.000000
vt 0.112775 0.695654 0.000000
vt 0.112775 0.463769 0.000000
vt 0.127756 0.695654 0.000000
vt 0.127756 0.463769 0.000000
vt 0.135247 0.695654 0.000000
vt 0.135247 0.463769 0.000000
vt 0.142737 0.463769 0.000000
vt 0.156639 0.292112 0.000000
vt 0.155591 0.292007 0.000000
vt 0.157718 0.292149 0.000000
vt 0.150229 0.282626 0.000000
vt 0.157718 0.219111 0.000000
vt 0.142739 0.282626 0.000000
vt 0.133542 0.274187 0.000000
vt 0.144503 0.286635 0.000000
vt 0.150194 0.290362 0.000000
vt 0.151814 0.291051 0.000000
vt 0.153602 0.291617 0.000000
vt 0.111600 0.234713 0.000000
vt 0.135249 0.192867 0.000000
vt 0.142739 0.192867 0.000000
vt 0.150229 0.192867 0.000000
vt 0.157718 0.146074 0.000000
vt 0.150229 0.136401 0.000000
vt 0.157718 0.109556 0.000000
vt 0.150229 0.108167 0.000000
vt 0.150229 0.079934 0.000000
vt 0.142739 0.108167 0.000000
vt 0.142739 0.079934 0.000000
vt 0.135249 0.108167 0.000000
vt 0.135249 0.079934 0.000000
vt 0.127759 0.108167 0.000000
vt 0.127759 0.079934 0.000000
vt 0.112779 0.108167 0.000000
vt 0.112779 0.079934 0.000000
vt 0.097800 0.108167 0.000000
vt 0.097800 0.079934 0.000000
vt 0.073350 0.108167 0.000000
vt 0.073350 0.079934 0.000000
vt 0.048900 0.108167 0.000000
vt 0.048900 0.079934 0.000000
vt 0.000000 0.080351 0.000000
vt 0.000000 0.060268 0.000000
vt 0.071420 0.154132 0.000000
vt 0.097800 0.192867 0.000000
vt 0.112779 0.192867 0.000000
vt 0.127759 0.192867 0.000000
vt 0.127759 0.136401 0.000000
vt 0.135249 0.136401 0.000000
vt 0.073350 0.136401 0.000000
vt 0.097800 0.136401 0.000000
vt 0.048900 0.045621 0.000000
vt 0.000000 0.040159 0.000000
vt 0.039430 0.000000 0.000000
vt 0.000000 0.000000 0.000000
vt 0.048900 0.011308 0.000000
vt 0.078859 0.000000 0.000000
vt 0.073350 0.011308 0.000000
vt 0.097800 0.011308 0.000000
vt 0.073350 0.045621 0.000000
vt 0.097800 0.045621 0.000000
vt 0.098574 0.000000 0.000000
vt 0.112779 0.011308 0.000000
vt 0.112779 0.045621 0.000000
vt 0.118289 0.000000 0.000000
vt 0.127759 0.011308 0.000000
vt 0.127759 0.045621 0.000000
vt 0.128146 0.000000 0.000000
vt 0.135249 0.011308 0.000000
vt 0.135249 0.045621 0.000000
vt 0.138004 0.000000 0.000000
vt 0.142739 0.011308 0.000000
vt 0.142739 0.045621 0.000000
vt 0.147861 0.000000 0.000000
vt 0.150229 0.011308 0.000000
vt 0.150229 0.045621 0.000000
vt 0.157718 -0.000000 0.000000
vt 0.157718 0.036519 0.000000
vt 0.157718 0.073037 0.000000
vt 0.112779 0.136401 0.000000
vt 0.142739 0.136401 0.000000
vt -0.600067 -0.525144 0.000000
vt 0.130532 -0.608972 0.000000
vt -0.577171 -0.498902 0.000000
vt -0.557624 -0.468995 0.000000
vt -0.531122 -0.402498 0.000000
vt -0.381949 0.157692 0.000000
vt 0.441987 0.540356 0.000000
vt 0.194950 0.667080 0.000000
vt 0.836423 -0.714490 0.000000
vt -0.045543 0.735098 0.000000
vt -0.143254 0.743858 0.000000
vt -0.232775 0.717882 0.000000
vt -0.180592 0.741671 0.000000
vt -0.207648 0.736557 0.000000
vt -0.223077 0.730823 0.000000
vt -0.231167 0.722844 0.000000
vt -0.229959 0.725324 0.000000
vt -0.228448 0.727256 0.000000
vt -0.229245 0.726430 0.000000
vn 0.318003 0.157184 0.934969
vn 0.462577 0.149907 0.873814
vn 0.463623 0.150969 0.873076
vn 0.564571 0.142461 0.812997
vn 0.597059 0.142564 0.789428
vn 0.618598 0.137021 0.773668
vn 0.715204 0.132166 0.686305
vn 0.622567 0.135165 0.770805
vn 0.620674 0.124100 0.774186
vn 0.432115 0.117371 0.894148
vn 0.620895 0.116575 0.775177
vn 0.621096 0.109781 0.776008
vn 0.779066 0.099677 0.618967
vn 0.779449 0.089835 0.619991
vn 0.898502 0.080304 0.431561
vn 0.898786 0.074307 0.432045
vn 0.972906 0.065869 0.221619
vn 0.973251 0.059491 0.221907
vn 0.998534 0.054123 -0.000002
vn 0.973410 0.056443 0.222007
vn 0.998685 0.051275 0.000002
vn 0.973542 0.053830 0.222077
vn 0.998751 0.049969 0.000001
vn 0.973620 0.052236 0.222114
vn 0.998809 0.048783 -0.000001
vn 0.973691 0.050763 0.222148
vn 0.998863 0.047676 -0.000002
vn 0.973756 0.049361 0.222179
vn 0.998914 0.046596 -0.000002
vn 0.998940 0.046038 -0.000001
vn 0.973819 0.047948 0.222210
vn 0.998953 0.045747 -0.000000
vn 0.998974 0.045296 0.000000
vn 0.973836 0.047579 0.222217
vn 0.973861 0.046996 0.222229
vn 0.899890 0.049664 0.433281
vn 0.899921 0.048859 0.433308
vn 0.780870 0.051525 0.622564
vn 0.780902 0.050520 0.622607
vn 0.622707 0.053089 0.780652
vn 0.622736 0.051916 0.780708
vn 0.433319 0.054257 0.899606
vn 0.433340 0.052959 0.899673
vn 0.222224 0.054990 0.973444
vn 0.222235 0.053614 0.973518
vn -0.000000 0.055232 0.998474
vn -0.000000 0.053829 0.998550
vn -0.222224 0.054990 0.973444
vn -0.222235 0.053614 0.973518
vn -0.433319 0.054257 0.899606
vn -0.433340 0.052959 0.899673
vn -0.622707 0.053089 0.780652
vn -0.622736 0.051916 0.780708
vn -0.780870 0.051525 0.622564
vn -0.780902 0.050520 0.622607
vn -0.899890 0.049664 0.433281
vn -0.899921 0.048859 0.433308
vn -0.973836 0.047579 0.222217
vn -0.973861 0.046996 0.222229
vn -0.998974 0.045296 0.000000
vn -0.999005 0.044597 -0.000001
vn 0.405034 0.117185 0.906761
vn 0.432381 0.103790 0.895697
vn 0.621447 0.097805 0.777328
vn 0.621722 0.088179 0.778258
vn 0.779752 0.081860 0.620714
vn 0.780212 0.069759 0.621614
vn 0.899225 0.064911 0.432645
vn 0.899411 0.060860 0.432846
vn 0.300904 0.096863 0.948723
vn 0.432589 0.092922 0.896790
vn 0.622134 0.073820 0.779423
vn 0.780399 0.064809 0.621914
vn 0.899562 0.057507 0.432991
vn 0.219335 0.094805 0.971032
vn 0.432897 0.076864 0.898160
vn 0.622299 0.068119 0.779810
vn 0.780549 0.060794 0.622131
vn 0.899651 0.055472 0.433071
vn 0.222001 0.078763 0.971860
vn 0.119853 0.093558 0.988373
vn 0.061551 0.092900 0.993771
vn 0.033103 0.092681 0.995145
vn -0.000000 0.079399 0.996843
vn 0.222065 0.072147 0.972359
vn -0.000000 0.072664 0.997356
vn 0.222117 0.066904 0.972722
vn -0.000000 0.067334 0.997731
vn 0.222147 0.063739 0.972928
vn -0.000000 0.064117 0.997942
vn 0.222173 0.060859 0.973106
vn -0.000000 0.061190 0.998126
vn 0.222197 0.058191 0.973264
vn -0.000000 0.058479 0.998289
vn 0.222218 0.055629 0.973409
vn -0.000000 0.055880 0.998437
vn 0.018668 0.092615 0.995527
vn 0.014609 0.092602 0.995596
vn 0.010151 0.092592 0.995652
vn 0.005228 0.092585 0.995691
vn 0.002647 0.092583 0.995701
vn -0.000000 0.092583 0.995705
vn -0.003719 0.092584 0.995698
vn -0.007311 0.092588 0.995678
vn -0.010685 0.092593 0.995647
vn -0.013848 0.092600 0.995607
vn -0.019500 0.092618 0.995511
vn -0.024747 0.092638 0.995392
vn -0.046689 0.092773 0.994592
vn -0.095307 0.093244 0.991071
vn -0.222001 0.078763 0.971860
vn -0.197103 0.094514 0.975816
vn -0.432589 0.092922 0.896790
vn -0.300904 0.096863 0.948723
vn -0.432381 0.103790 0.895697
vn -0.404489 0.117101 0.907015
vn -0.432115 0.117371 0.894148
vn -0.620674 0.124100 0.774186
vn -0.620895 0.116575 0.775177
vn -0.778610 0.111355 0.617549
vn -0.778849 0.105226 0.618322
vn -0.897739 0.096104 0.429918
vn -0.897955 0.091647 0.430439
vn -0.972159 0.079074 0.220576
vn -0.972308 0.076485 0.220832
vn -0.998054 0.062349 -0.000000
vn -0.998282 0.058596 0.000004
vn -0.622567 0.135165 0.770805
vn -0.619390 0.136913 0.773053
vn -0.715263 0.132160 0.686245
vn -0.813335 0.120334 0.569215
vn -0.596971 0.142571 0.789493
vn -0.568374 0.142132 0.810401
vn -0.463423 0.150980 0.873180
vn -0.467010 0.149629 0.871500
vn -0.399413 0.153491 0.903831
vn -0.318003 0.157184 0.934969
vn -0.892343 0.107088 0.438469
vn -0.950250 0.092735 0.297364
vn -0.985415 0.077819 0.151332
vn -0.998534 0.054123 -0.000002
vn -0.972906 0.065869 0.221619
vn -0.972696 0.069660 0.221383
vn -0.972445 0.074091 0.221045
vn -0.898502 0.080304 0.431561
vn -0.898152 0.087589 0.430873
vn -0.779449 0.089835 0.619991
vn -0.779066 0.099677 0.618967
vn -0.621447 0.097805 0.777328
vn -0.621096 0.109781 0.776008
vn -0.998685 0.051275 0.000002
vn -0.973410 0.056443 0.222007
vn -0.973251 0.059491 0.221907
vn -0.899225 0.064911 0.432645
vn -0.898786 0.074307 0.432045
vn -0.780212 0.069759 0.621614
vn -0.779752 0.081860 0.620714
vn -0.622134 0.073820 0.779423
vn -0.621722 0.088179 0.778258
vn -0.432897 0.076864 0.898160
vn -0.973542 0.053830 0.222077
vn -0.998751 0.049969 0.000001
vn -0.973620 0.052236 0.222114
vn -0.998809 0.048783 -0.000001
vn -0.973691 0.050763 0.222148
vn -0.998863 0.047676 -0.000002
vn -0.973756 0.049361 0.222179
vn -0.998914 0.046596 -0.000002
vn -0.998940 0.046038 -0.000001
vn -0.973819 0.047948 0.222210
vn -0.998953 0.045747 -0.000000
vn -0.973941 0.045091 0.222275
vn -0.999052 0.043529 -0.000000
vn -0.974068 0.041837 0.222353
vn -0.999095 0.042537 -0.000000
vn -0.974175 0.038948 0.222409
vn -0.999125 0.041829 0.000000
vn -0.970484 0.031825 0.239058
vn -0.900346 0.035868 0.433695
vn -0.885014 0.022377 0.465026
vn -0.900187 0.041009 0.433569
vn -0.781182 0.040256 0.623004
vn -0.900016 0.046186 0.433402
vn -0.781000 0.047158 0.622748
vn -0.781359 0.033096 0.623203
vn -0.748776 0.014106 0.662673
vn -0.622987 0.039637 0.781227
vn -0.622822 0.047979 0.780891
vn -0.623151 0.030790 0.781495
vn -0.567542 0.007389 0.823312
vn -0.433529 0.039162 0.900288
vn -0.433404 0.048588 0.899889
vn -0.433654 0.029046 0.900611
vn -0.355278 0.002726 0.934757
vn -0.222336 0.038876 0.974195
vn -0.222269 0.048974 0.973755
vn -0.222403 0.027972 0.974553
vn -0.119808 0.000299 0.992797
vn -0.000000 0.038772 0.999248
vn -0.000000 0.049099 0.998794
vn -0.000000 0.027601 0.999619
vn 0.119808 0.000299 0.992797
vn 0.222336 0.038876 0.974195
vn 0.222269 0.048974 0.973755
vn 0.222403 0.027972 0.974553
vn 0.355278 0.002726 0.934757
vn 0.433529 0.039162 0.900288
vn 0.433404 0.048588 0.899889
vn 0.433654 0.029046 0.900611
vn 0.567542 0.007389 0.823312
vn 0.622987 0.039637 0.781227
vn 0.622822 0.047979 0.780891
vn 0.623151 0.030790 0.781495
vn 0.748776 0.014106 0.662673
vn 0.781182 0.040256 0.623004
vn 0.781000 0.047158 0.622748
vn 0.781359 0.033096 0.623203
vn 0.885014 0.022377 0.465026
vn 0.900187 0.041009 0.433569
vn 0.900016 0.046186 0.433402
vn 0.900346 0.035868 0.433695
vn 0.970484 0.031825 0.239058
vn 0.974175 0.038948 0.222409
vn 0.974068 0.041837 0.222353
vn 0.999095 0.042537 -0.000000
vn 0.999052 0.043529 -0.000000
vn 0.999125 0.041829 0.000000
vn 0.973941 0.045091 0.222275
vn 0.999005 0.044597 -0.000001
vn 0.998282 0.058596 0.000004
vn 0.972696 0.069660 0.221383
vn 0.898152 0.087589 0.430873
vn 0.778849 0.105226 0.618322
vn 0.998054 0.062349 -0.000000
vn 0.972308 0.076485 0.220832
vn 0.972445 0.074091 0.221045
vn 0.985430 0.077809 0.151237
vn 0.972159 0.079074 0.220576
vn 0.897739 0.096104 0.429918
vn 0.950335 0.092708 0.297101
vn 0.892507 0.107055 0.438144
vn 0.813443 0.120318 0.569064
vn 0.778610 0.111355 0.617549
vn 0.897955 0.091647 0.430439
vn -0.899872 0.050109 0.433266
vn -0.780854 0.052038 0.622543
vn -0.622693 0.053659 0.780624
vn -0.433308 0.054870 0.899574
vn -0.222218 0.055629 0.973409
vn -0.899411 0.060860 0.432846
vn -0.899562 0.057507 0.432991
vn -0.899651 0.055472 0.433071
vn -0.899731 0.053604 0.433141
vn -0.899803 0.051846 0.433205
vn -0.780399 0.064809 0.621914
vn -0.780549 0.060794 0.622131
vn -0.780638 0.058363 0.622252
vn -0.780716 0.056141 0.622358
vn -0.780787 0.054064 0.622454
vn -0.622299 0.068119 0.779810
vn -0.622430 0.063550 0.780091
vn -0.622507 0.060788 0.780250
vn -0.622575 0.058270 0.780388
vn -0.622636 0.055926 0.780510
vn -0.433019 0.070599 0.898616
vn -0.433116 0.065614 0.898947
vn -0.433173 0.062604 0.899134
vn -0.433223 0.059862 0.899297
vn -0.433267 0.057318 0.899441
vn -0.222065 0.072147 0.972359
vn -0.222117 0.066904 0.972722
vn -0.222147 0.063739 0.972928
vn -0.222173 0.060859 0.973106
vn -0.222197 0.058191 0.973264
vn 0.433019 0.070599 0.898616
vn 0.433116 0.065614 0.898947
vn 0.433173 0.062604 0.899134
vn 0.433223 0.059862 0.899297
vn 0.433267 0.057318 0.899441
vn 0.433308 0.054870 0.899574
vn 0.622430 0.063550 0.780091
vn 0.780638 0.058363 0.622252
vn 0.899731 0.053604 0.433141
vn 0.622507 0.060788 0.780250
vn 0.622575 0.058270 0.780388
vn 0.622636 0.055926 0.780510
vn 0.622693 0.053659 0.780624
vn 0.780716 0.056141 0.622358
vn 0.899803 0.051846 0.433205
vn 0.780787 0.054064 0.622454
vn 0.780854 0.052038 0.622543
vn 0.899872 0.050109 0.433266
vn -0.462458 0.148658 0.874090
vn -0.320380 0.155703 0.934405
vn -0.371681 0.251953 0.893517
vn -0.269579 0.296081 0.916331
vn -0.347768 0.347059 0.870981
vn -0.216752 0.427660 0.877568
vn -0.320547 0.437829 0.839974
vn -0.290080 0.524375 0.800553
vn -0.463246 0.435958 0.771585
vn -0.420184 0.524511 0.740496
vn -0.542198 0.526357 0.654957
vn -0.437864 0.665477 0.604496
vn -0.523878 0.671399 0.524189
vn -0.439627 0.747760 0.497577
vn -0.595054 0.678493 0.430764
vn -0.500404 0.756819 0.420501
vn -0.649807 0.687267 0.324677
vn -0.547816 0.767654 0.332574
vn -0.685635 0.698190 0.205999
vn -0.480035 0.839672 0.254003
vn -0.439963 0.833167 0.335061
vn -0.326759 0.884712 0.332436
vn -0.297095 0.874588 0.383185
vn -0.188730 0.915057 0.356443
vn -0.164830 0.908541 0.383907
vn -0.000000 0.953982 0.299865
vn -0.136779 0.903023 0.407237
vn -0.000000 0.953982 0.299865
vn -0.104946 0.898537 0.426165
vn -0.000000 0.953982 0.299865
vn 0.000000 0.953982 0.299865
vn -0.071965 0.895562 0.439078
vn 0.000000 0.953982 0.299865
vn -0.037131 0.893741 0.447045
vn -0.000005 0.952390 0.304881
vn -0.032784 0.840689 0.540525
vn -0.058836 0.846343 0.529379
vn -0.079922 0.791018 0.606550
vn -0.154845 0.793526 0.588506
vn -0.194449 0.729871 0.655345
vn -0.282763 0.733756 0.617776
vn -0.338091 0.660268 0.670627
vn -0.366778 0.740155 0.563600
vn -0.163753 0.550352 0.818717
vn -0.232752 0.657412 0.716684
vn -0.120239 0.655933 0.745181
vn -0.113154 0.662913 0.740096
vn -0.100399 0.727647 0.678565
vn 0.000000 0.953956 0.299946
vn 0.000000 0.953982 0.299865
vn -0.208072 0.922649 0.324691
vn -0.252055 0.924663 0.285422
vn 0.000000 0.953982 0.299865
vn -0.000000 0.953982 0.299865
vn -0.791824 0.532115 0.299782
vn -0.846939 0.511757 0.144221
vn -0.859238 0.429141 0.278475
vn -0.950813 0.300510 0.075149
vn -0.913106 0.319740 0.252991
vn -0.953239 0.203522 0.223417
vn -0.850329 0.326182 0.412972
vn -0.893455 0.215582 0.394034
vn -0.759743 0.333283 0.558312
vn -0.802882 0.227913 0.550851
vn -0.682640 0.238412 0.690770
vn -0.814613 0.120162 0.567421
vn -0.714809 0.132230 0.686705
vn -0.998054 0.062349 0.000000
vn -0.985340 0.076566 0.152459
vn -0.950054 0.091114 0.298490
vn -0.893071 0.105977 0.437256
vn -0.593786 0.140702 0.792225
vn -0.534130 0.245229 0.809053
vn -0.642906 0.339367 0.686660
vn -0.501259 0.342912 0.794450
vn -0.596054 0.435286 0.674719
vn -0.114019 0.848711 0.516420
vn -0.166122 0.852618 0.495424
vn -0.225393 0.797744 0.559287
vn -0.292809 0.804378 0.516951
vn -0.351576 0.812412 0.465168
vn -0.216152 0.858607 0.464837
vn -0.259997 0.865929 0.427281
vn -0.400956 0.821941 0.404534
vn -0.645783 0.527633 0.551877
vn -0.729607 0.529235 0.433108
vn -0.707330 0.433110 0.558659
vn -0.795656 0.430633 0.426012
vn 0.001068 0.954152 0.299320
vn -0.000000 0.953982 0.299865
vn 0.008142 0.955250 0.295688
vn 0.207221 0.959705 0.189802
vn 0.334468 0.938894 0.081299
vn 0.329321 0.936975 0.116728
vn 0.443901 0.895104 0.041716
vn 0.466794 0.871438 0.150664
vn 0.581085 0.807618 0.100465
vn 0.479895 0.839647 0.254350
vn 0.685447 0.698389 0.205949
vn 0.216834 0.946203 0.240173
vn -0.000000 0.953982 0.299865
vn 0.251973 0.924628 0.285611
vn 0.345462 0.917485 0.197172
vn 0.687562 0.724645 0.046358
vn 0.846753 0.512073 0.144188
vn 0.822836 0.566946 -0.038888
vn 0.885835 0.455037 -0.090758
vn 0.773616 0.589615 -0.232104
vn 0.828479 0.474080 -0.298112
vn 0.689249 0.664958 -0.287692
vn 0.761684 0.507793 -0.402473
vn 0.728546 0.591224 -0.345939
vn 0.950689 0.300786 0.075614
vn 0.931683 0.334929 -0.140672
vn 0.866047 0.349325 -0.357679
vn 0.787754 0.413864 -0.456246
vn 0.805472 0.308739 -0.505860
vn 0.886083 0.214693 -0.410808
vn 0.808738 0.068333 -0.584187
vn 0.889543 0.069711 -0.451502
vn 0.949249 0.068989 -0.306866
vn 0.960171 0.206084 -0.188684
vn 0.985603 0.066720 -0.155356
vn 0.998021 0.062884 -0.000000
vn 0.813080 0.192707 -0.549332
vn 0.650504 0.750739 -0.115043
vn 0.591055 0.789590 -0.164930
vn 0.470630 0.881465 -0.039068
vn 0.551250 0.833583 -0.035527
vn 0.950691 0.300756 0.075708
vn 0.960948 0.268865 0.065501
vn 0.960964 0.268807 0.065504
vn 0.960980 0.268750 0.065507
vn 0.916199 0.387108 0.103574
vn 0.916219 0.387058 0.103578
vn 0.855759 0.498163 0.139676
vn 0.855783 0.498121 0.139681
vn 0.779231 0.602137 0.173871
vn 0.779256 0.602103 0.173876
vn 0.685495 0.698338 0.205962
vn 0.685520 0.698312 0.205968
vn 0.510623 0.823073 0.248626
vn 0.510644 0.823058 0.248632
vn 0.392964 0.879431 0.268666
vn 0.392980 0.879422 0.268671
vn 0.268899 0.920352 0.283981
vn 0.268910 0.920348 0.283985
vn 0.138001 0.945631 0.294513
vn 0.138008 0.945629 0.294515
vn 0.138014 0.945627 0.294518
vn 0.000000 0.953982 0.299865
vn 0.138022 0.945625 0.294521
vn 0.138030 0.945623 0.294524
vn 0.268952 0.920331 0.283999
vn 0.252060 0.924584 0.285675
vn 0.393037 0.879390 0.268690
vn 0.480044 0.839527 0.254462
vn 0.510714 0.823008 0.248654
vn 0.685635 0.698190 0.205999
vn 0.685605 0.698222 0.205991
vn 0.779343 0.601984 0.173897
vn 0.685574 0.698254 0.205983
vn 0.779312 0.602026 0.173890
vn 0.685544 0.698286 0.205975
vn 0.779281 0.602068 0.173882
vn 0.916178 0.387158 0.103570
vn 0.846753 0.512073 0.144189
vn 0.855736 0.498205 0.139671
vn 0.779206 0.602171 0.173865
vn 0.685447 0.698389 0.205949
vn 0.685471 0.698364 0.205956
vn 0.510603 0.823087 0.248619
vn 0.479896 0.839627 0.254415
vn 0.392947 0.879440 0.268660
vn 0.251973 0.924617 0.285644
vn 0.268887 0.920357 0.283976
vn 0.137995 0.945633 0.294511
vn 0.846939 0.511755 0.144229
vn 0.855866 0.497974 0.139699
vn 0.855836 0.498027 0.139693
vn 0.855807 0.498079 0.139686
vn 0.916291 0.386884 0.103592
vn 0.950825 0.300327 0.075731
vn 0.961035 0.268549 0.065516
vn 0.998054 0.062349 0.000000
vn 0.961016 0.268621 0.065512
vn 0.960996 0.268692 0.065509
vn 0.916240 0.387008 0.103582
vn 0.916266 0.386946 0.103587
vn 0.510689 0.823026 0.248646
vn 0.510664 0.823044 0.248638
vn 0.393017 0.879401 0.268683
vn 0.392997 0.879413 0.268677
vn 0.268937 0.920337 0.283994
vn 0.268922 0.920343 0.283989
vn 0.000024 0.952385 0.304897
vn 0.000080 0.953878 0.300194
vn 0.036619 0.893701 0.447166
vn 0.000053 0.953948 0.299971
vn 0.071447 0.895524 0.439239
vn -0.000000 0.953982 0.299865
vn 0.105639 0.898732 0.425584
vn 0.000000 0.953982 0.299865
vn 0.136760 0.903016 0.407258
vn -0.000000 0.953982 0.299865
vn 0.164710 0.908459 0.384151
vn -0.000000 0.953982 0.299865
vn 0.188792 0.915052 0.356423
vn 0.000000 0.953982 0.299865
vn 0.208164 0.922741 0.324373
vn 0.252055 0.924663 0.285422
vn 0.326878 0.884838 0.331981
vn 0.480035 0.839672 0.254003
vn 0.440086 0.833330 0.334494
vn 0.547918 0.767871 0.331905
vn 0.500406 0.756869 0.420407
vn 0.594973 0.678642 0.430640
vn 0.523453 0.671280 0.524767
vn 0.645179 0.527599 0.552616
vn 0.542164 0.526272 0.655055
vn 0.596016 0.435170 0.674827
vn 0.466083 0.437309 0.769109
vn 0.504424 0.344518 0.791747
vn 0.345285 0.347724 0.871703
vn 0.368987 0.252814 0.894390
vn 0.265692 0.296633 0.917287
vn 0.316048 0.156153 0.935804
vn 0.032806 0.840423 0.540938
vn 0.058050 0.846281 0.529565
vn 0.113216 0.848673 0.516659
vn 0.167182 0.852934 0.494524
vn 0.216126 0.858595 0.464870
vn 0.259814 0.865811 0.427631
vn 0.297168 0.874580 0.383146
vn 0.078880 0.790934 0.606796
vn 0.111709 0.662679 0.740525
vn 0.099113 0.727542 0.678866
vn 0.118714 0.655808 0.745535
vn 0.193108 0.729904 0.655705
vn 0.231146 0.657527 0.717098
vn 0.284477 0.734354 0.616277
vn 0.340115 0.661041 0.668840
vn 0.366745 0.740125 0.563660
vn 0.437831 0.665431 0.604571
vn 0.439299 0.747617 0.498081
vn 0.161418 0.550298 0.819217
vn 0.288059 0.524696 0.801072
vn 0.213576 0.427876 0.878241
vn 0.318289 0.438311 0.840581
vn 0.461801 0.150392 0.874141
vn 0.537650 0.247104 0.806147
vn 0.642861 0.339217 0.686777
vn 0.706621 0.433144 0.559530
vn 0.729388 0.529659 0.432960
vn 0.649869 0.687574 0.323902
vn 0.597824 0.142587 0.788844
vn 0.682583 0.238224 0.690891
vn 0.758934 0.333390 0.559348
vn 0.795386 0.431272 0.425870
vn 0.791827 0.532657 0.298808
vn 0.714733 0.132003 0.686828
vn 0.813436 0.120096 0.569121
vn 0.801982 0.228094 0.552086
vn 0.892653 0.107038 0.437851
vn 0.893213 0.216723 0.393956
vn 0.950120 0.092695 0.297792
vn 0.953332 0.204702 0.221933
vn 0.985518 0.077778 0.150683
vn 0.950813 0.300510 0.075149
vn 0.913131 0.320683 0.251704
vn 0.846939 0.511757 0.144221
vn 0.859235 0.429869 0.277357
vn 0.153769 0.793510 0.588809
vn 0.226789 0.798192 0.558083
vn 0.292778 0.804360 0.516997
vn 0.351327 0.812272 0.465601
vn 0.401011 0.821945 0.404470
vn 0.422710 0.525626 0.738264
vn 0.850048 0.327063 0.412853
vn -0.950825 0.300327 0.075731
vn -0.961039 0.268535 0.065516
vn -0.961023 0.268592 0.065514
vn -0.961008 0.268650 0.065511
vn -0.916276 0.386921 0.103589
vn -0.916255 0.386971 0.103585
vn -0.855848 0.498006 0.139695
vn -0.855824 0.498048 0.139690
vn -0.779324 0.602009 0.173892
vn -0.779299 0.602043 0.173887
vn -0.685586 0.698241 0.205986
vn -0.685562 0.698267 0.205980
vn -0.510699 0.823019 0.248649
vn -0.510679 0.823033 0.248643
vn -0.393025 0.879397 0.268686
vn -0.393009 0.879406 0.268681
vn -0.268943 0.920335 0.283996
vn -0.268931 0.920339 0.283992
vn -0.138025 0.945625 0.294522
vn -0.138019 0.945626 0.294520
vn -0.138013 0.945628 0.294517
vn 0.000000 0.953982 0.299865
vn -0.138005 0.945630 0.294514
vn -0.137997 0.945632 0.294511
vn -0.268890 0.920356 0.283977
vn -0.251973 0.924617 0.285644
vn -0.392952 0.879437 0.268662
vn -0.479896 0.839627 0.254415
vn -0.510608 0.823084 0.248621
vn -0.685447 0.698389 0.205949
vn -0.685477 0.698357 0.205957
vn -0.779212 0.602162 0.173866
vn -0.685507 0.698325 0.205965
vn -0.779243 0.602120 0.173873
vn -0.685538 0.698293 0.205973
vn -0.779275 0.602077 0.173881
vn -0.916296 0.386871 0.103593
vn -0.846939 0.511755 0.144229
vn -0.855872 0.497964 0.139700
vn -0.779349 0.601975 0.173898
vn -0.685611 0.698216 0.205992
vn -0.510719 0.823005 0.248655
vn -0.480044 0.839527 0.254462
vn -0.393041 0.879388 0.268692
vn -0.252060 0.924584 0.285675
vn -0.268955 0.920330 0.284000
vn -0.138032 0.945623 0.294524
vn -0.846753 0.512073 0.144189
vn -0.855742 0.498195 0.139672
vn -0.855771 0.498142 0.139679
vn -0.855801 0.498089 0.139685
vn -0.916183 0.387145 0.103571
vn -0.950691 0.300756 0.075708
vn -0.960952 0.268850 0.065502
vn -0.998021 0.062884 -0.000000
vn -0.960972 0.268779 0.065505
vn -0.960992 0.268707 0.065509
vn -0.916235 0.387020 0.103581
vn -0.916209 0.387083 0.103576
vn -0.510634 0.823066 0.248629
vn -0.510659 0.823048 0.248637
vn -0.392972 0.879426 0.268669
vn -0.392993 0.879415 0.268675
vn -0.268905 0.920350 0.283983
vn -0.268919 0.920344 0.283988
vn -0.808171 0.068556 -0.584944
vn -0.889890 0.069477 -0.450853
vn -0.812509 0.193027 -0.550063
vn -0.888853 0.214359 -0.404957
vn -0.804894 0.309134 -0.506540
vn -0.868577 0.348847 -0.351966
vn -0.787165 0.414317 -0.456851
vn -0.830755 0.473491 -0.292665
vn -0.761079 0.508296 -0.402981
vn -0.727918 0.591770 -0.346329
vn -0.775630 0.588940 -0.227043
vn -0.688583 0.665540 -0.287942
vn -0.652056 0.750028 -0.110817
vn -0.590276 0.790188 -0.164855
vn -0.552525 0.832882 -0.031986
vn -0.469753 0.881950 -0.038694
vn -0.444903 0.894471 0.044534
vn -0.333491 0.939187 0.081918
vn -0.330053 0.936458 0.118793
vn -0.207686 0.959352 0.191079
vn -0.215214 0.950494 0.224153
vn -0.000030 0.953986 0.299850
vn -0.000011 0.953982 0.299862
vn -0.217244 0.941658 0.257071
vn -0.251973 0.924628 0.285611
vn -0.346371 0.910898 0.224260
vn -0.479895 0.839647 0.254350
vn -0.468382 0.863405 0.187483
vn -0.583521 0.798760 0.146581
vn -0.575320 0.815934 0.057090
vn -0.680158 0.733048 -0.005188
vn -0.942482 0.209188 -0.260706
vn -0.949221 0.069000 -0.306950
vn -0.973026 0.202505 -0.110507
vn -0.985610 0.066727 -0.155311
vn -0.950689 0.300786 0.075614
vn -0.941911 0.329505 -0.065038
vn -0.916589 0.339799 -0.210717
vn -0.893755 0.448149 -0.019084
vn -0.846753 0.512073 0.144188
vn -0.828756 0.558938 0.027423
vn -0.685447 0.698389 0.205949
vn -0.691051 0.715673 0.101296
vn -0.007101 0.955091 0.296229
vn -0.873155 0.461317 -0.157440
vn -0.812402 0.574314 -0.100832
vn -0.462524 0.878992 0.115952
vn -0.342578 0.923691 0.171567
vn -0.998277 0.058670 -0.000000
vn -0.998966 0.045463 -0.000000
vn -0.998540 0.054023 -0.000000
vn -0.998810 0.048764 -0.000000
vn -0.998679 0.051389 -0.000000
vn -0.998746 0.050060 -0.000000
vn -0.999658 0.026137 -0.000000
vn -0.999414 0.034219 -0.000000
vn -0.999191 0.040228 -0.000000
vn -0.999095 0.042538 -0.000000
vn -0.999186 0.040334 -0.000000
vn -0.999967 0.008106 -0.000000
vn -0.999677 0.025398 -0.000000
vn -0.999545 0.030177 -0.000000
vn -0.999473 0.032451 -0.000000
vn -0.999919 -0.012732 -0.000000
vn -0.999718 -0.023743 -0.000000
vn -0.998545 -0.053934 -0.000000
vn -0.998588 -0.053118 -0.000000
vn -0.997248 -0.074135 -0.000000
vn -0.995992 -0.089444 -0.000000
vn -0.994727 -0.102555 -0.000000
vn -0.993540 -0.113479 -0.000000
vn -0.992912 -0.118854 -0.000000
vn -0.991970 -0.126473 -0.000000
vn -0.990577 -0.136958 -0.000000
vn -0.988520 -0.151087 -0.000000
vn -0.999052 0.043540 -0.000000
vn -0.999007 0.044556 -0.000000
vn -0.998971 0.045350 -0.000000
vn -0.998954 0.045729 -0.000000
vn -0.998944 0.045954 -0.000000
vn -0.998921 0.046442 -0.000000
vn -0.998869 0.047542 -0.000000
vn -0.985563 0.066747 -0.155598
vn -0.973247 0.063401 -0.220841
vn -0.998021 0.062884 0.000000
vn -0.973567 0.058181 -0.220865
vn -0.998961 0.045571 0.000001
vn -0.973938 0.051491 -0.220891
vn -0.974317 0.043548 -0.220931
vn -0.933308 0.053594 -0.355054
vn -0.933692 0.045984 -0.355112
vn -0.873919 0.054647 -0.482990
vn -0.874295 0.047523 -0.483062
vn -0.798066 0.054619 -0.600089
vn -0.798423 0.048114 -0.600171
vn -0.705872 0.053515 -0.706315
vn -0.706197 0.047762 -0.706402
vn -0.583498 0.050958 -0.810514
vn -0.583774 0.046203 -0.810601
vn -0.451083 0.047241 -0.891231
vn -0.451300 0.043566 -0.891308
vn -0.306192 0.042328 -0.951028
vn -0.306341 0.039834 -0.951088
vn -0.155461 0.036445 -0.987170
vn -0.155537 0.035179 -0.987203
vn 0.000000 0.029639 -0.999561
vn -0.000000 0.029639 -0.999561
vn -0.949415 0.068972 -0.306357
vn -0.932613 0.065005 -0.354976
vn -0.932934 0.060004 -0.355012
vn -0.889583 0.069531 -0.451451
vn -0.873242 0.065329 -0.482887
vn -0.873554 0.060648 -0.482933
vn -0.808589 0.068388 -0.584385
vn -0.797429 0.064372 -0.599970
vn -0.797722 0.060098 -0.600023
vn -0.740340 0.065888 -0.668996
vn -0.705294 0.062140 -0.706186
vn -0.705560 0.058360 -0.706243
vn -0.667708 0.062835 -0.741767
vn -0.583010 0.058086 -0.810386
vn -0.583235 0.054963 -0.810442
vn -0.520489 0.055882 -0.852038
vn -0.450875 0.050337 -0.891167
vn -0.378518 0.048655 -0.924314
vn -0.313377 0.045280 -0.948549
vn -0.306050 0.044430 -0.950978
vn -0.254691 0.042239 -0.966099
vn -0.203270 0.039593 -0.978322
vn -0.159888 0.037388 -0.986427
vn -0.125311 0.035660 -0.991476
vn -0.098761 0.034345 -0.994518
vn 0.000000 0.029639 -0.999561
vn -0.155730 0.030640 -0.987324
vn -0.155627 0.033435 -0.987250
vn -0.306516 0.036400 -0.951169
vn -0.451555 0.038506 -0.891412
vn -0.584096 0.039657 -0.810715
vn -0.706574 0.039842 -0.706517
vn -0.798834 0.039159 -0.600276
vn -0.874724 0.037715 -0.483151
vn -0.934124 0.035509 -0.355178
vn -0.974735 0.032615 -0.220970
vn -0.999657 0.026188 0.000001
vn 0.000000 0.029639 -0.999561
vn -0.222377 0.023620 -0.974675
vn -0.306714 0.030895 -0.951300
vn -0.434361 0.016389 -0.900590
vn -0.451841 0.030396 -0.891581
vn -0.584454 0.029166 -0.810903
vn -0.623186 0.008388 -0.782029
vn -0.706988 0.027151 -0.706704
vn -0.782152 -0.000100 -0.623088
vn -0.799278 0.024810 -0.600450
vn -0.875179 0.022002 -0.483299
vn -0.900731 -0.008514 -0.434293
vn -0.934568 0.018728 -0.355290
vn -0.974828 -0.016559 -0.222342
vn -0.975148 0.015103 -0.221041
vn -0.999965 0.008331 0.000006
vn 0.889576 0.069532 -0.451464
vn 0.872996 0.068765 -0.482855
vn 0.808589 0.068388 -0.584385
vn 0.797198 0.067509 -0.599932
vn 0.740339 0.065889 -0.668997
vn 0.797405 0.064706 -0.599965
vn 0.705273 0.062435 -0.706181
vn 0.705491 0.059364 -0.706229
vn 0.583175 0.055792 -0.810428
vn 0.705749 0.055479 -0.706286
vn 0.583393 0.052581 -0.810486
vn 0.583576 0.049712 -0.810536
vn 0.451144 0.046278 -0.891251
vn 0.451318 0.043227 -0.891315
vn 0.306354 0.039604 -0.951094
vn 0.306496 0.036843 -0.951159
vn 0.155617 0.033660 -0.987244
vn 0.155686 0.031783 -0.987295
vn -0.000000 0.029639 -0.999561
vn -0.000000 0.029639 -0.999561
vn -0.000000 0.029639 -0.999561
vn 0.222377 0.023620 -0.974675
vn 0.306631 0.033146 -0.951251
vn 0.434361 0.016389 -0.900590
vn 0.451722 0.033714 -0.891521
vn 0.584310 0.033460 -0.810841
vn 0.584057 0.040502 -0.810701
vn 0.706530 0.040865 -0.706502
vn 0.706226 0.047232 -0.706409
vn 0.798454 0.047515 -0.600178
vn 0.798167 0.052914 -0.600108
vn 0.874025 0.052780 -0.483006
vn 0.873775 0.057082 -0.482969
vn 0.933160 0.056197 -0.355040
vn 0.873473 0.061891 -0.482923
vn 0.932851 0.061332 -0.355004
vn 0.932587 0.065395 -0.354973
vn 0.973221 0.063808 -0.220839
vn 0.972993 0.067232 -0.220827
vn 0.985563 0.066748 -0.155599
vn 0.949414 0.068973 -0.306358
vn 0.932359 0.068675 -0.354952
vn 0.998021 0.062885 0.000000
vn 0.973485 0.059567 -0.220860
vn 0.973792 0.054209 -0.220885
vn 0.933416 0.051600 -0.355067
vn 0.874328 0.046866 -0.483067
vn 0.798786 0.040315 -0.600264
vn 0.706828 0.032347 -0.706645
vn 0.623186 0.008388 -0.782029
vn 0.998965 0.045493 0.000001
vn 0.999656 0.026222 0.000002
vn 0.974349 0.042816 -0.220932
vn 0.974044 0.049409 -0.220899
vn 0.999967 0.008182 -0.000012
vn 0.975015 0.022277 -0.221021
vn 0.974687 0.034026 -0.220968
vn 0.934074 0.036861 -0.355171
vn 0.933725 0.045283 -0.355115
vn 0.874674 0.038981 -0.483141
vn 0.999718 -0.023743 -0.000000
vn 0.974828 -0.016559 -0.222342
vn 0.934417 0.025601 -0.355259
vn 0.900731 -0.008514 -0.434293
vn 0.875017 0.028438 -0.483257
vn 0.782152 -0.000100 -0.623088
vn 0.799112 0.030686 -0.600398
vn 0.155544 0.035062 -0.987207
vn 0.155482 0.036113 -0.987178
vn 0.098713 0.034320 -0.994524
vn 0.155432 0.036877 -0.987158
vn 0.125151 0.035628 -0.991498
vn 0.159633 0.037361 -0.986469
vn 0.306135 0.043179 -0.951008
vn 0.202968 0.039573 -0.978385
vn 0.254393 0.042231 -0.966178
vn 0.306017 0.044865 -0.950968
vn 0.313133 0.045290 -0.948629
vn 0.378362 0.048681 -0.924377
vn 0.450828 0.050978 -0.891154
vn 0.520495 0.055906 -0.852032
vn 0.582991 0.058330 -0.810382
vn 0.667708 0.062827 -0.741767
vn 0.873217 0.065695 -0.482883
vn 0.705964 0.052007 -0.706336
vn 0.797930 0.056842 -0.600064
vn 0.583797 0.045765 -0.810608
vn 0.451524 0.039159 -0.891399
vn 0.306234 0.041675 -0.951044
vn 0.451000 0.048495 -0.891205
vn 0.797646 0.061233 -0.600010
vn -0.000000 0.953982 0.299865
vn -0.000000 0.953982 0.299865
vn -0.000000 0.953982 0.299865
vn -0.000000 0.953982 0.299865
vn -0.000000 0.953982 0.299865
vn -0.000000 0.953982 0.299865
vn -0.000000 0.953982 0.299865
vn -0.000000 0.953982 0.299865
vn -0.000000 0.953982 0.299865
vn -0.000000 0.953982 0.299865
vn -0.000000 -0.973688 0.227884
vn -0.000000 -0.973688 0.227884
vn -0.000000 -0.973688 0.227884
vn -0.000000 -0.973688 0.227884
vn -0.000000 -0.973688 0.227884
vn -0.000000 -0.973688 0.227884
vn -0.000000 -0.973688 0.227884
vn -0.000000 -0.973688 0.227884
vn -0.000000 -0.973688 0.227884
vn -0.000000 -0.973688 0.227884
vn -0.000000 -0.973688 0.227884
vn -0.000000 -0.973688 0.227884
vn -0.000000 -0.973688 0.227884
vn -0.000000 -0.973688 0.227884
vn -0.000000 -0.973688 0.227884
vn -0.000000 -0.973688 0.227884
vn -0.000000 -0.973688 0.227884
vn -0.000000 -0.973688 0.227884
vn -0.000000 -0.973688 0.227884
vn -0.000000 -0.000000 1.000000
vn -0.000000 -0.000000 1.000000
vn -0.000000 -0.000000 1.000000
vn -0.000000 -0.000000 1.000000
vn -0.000000 0.139080 0.990281
vn -0.000000 0.097281 0.995257
vn -0.000000 0.097281 0.995257
vn -0.000000 0.139122 0.990275
vn -0.000000 0.183925 0.982940
vn -0.000000 0.183890 0.982947
vn -0.000000 0.228792 0.973475
vn -0.000000 0.228847 0.973462
vn -0.000000 0.270114 0.962828
vn -0.000000 0.270204 0.962803
vn -0.000000 0.304808 0.952414
vn -0.000000 0.304885 0.952389
vn -0.000000 0.330465 0.943818
vn -0.000000 0.330542 0.943791
vn -0.000000 0.346161 0.938175
vn -0.000000 0.351433 0.936213
vn -0.000000 0.351409 0.936222
vn -0.000000 0.351409 0.936222
vn -0.000000 0.351433 0.936213
vn -0.000000 0.346188 0.938165
vn -0.000000 0.351409 0.936222
vn -0.000000 0.351409 0.936222
vn 0.998277 0.058670 0.000000
vn 0.998679 0.051389 0.000000
vn 0.998966 0.045463 0.000000
vn 0.998869 0.047542 0.000000
vn 0.998921 0.046442 0.000000
vn 0.998540 0.054023 0.000000
vn 0.998746 0.050060 0.000000
vn 0.998810 0.048764 0.000000
vn 0.998944 0.045954 0.000000
vn 0.998954 0.045729 0.000000
vn 0.998971 0.045350 0.000000
vn 0.999007 0.044556 0.000000
vn 0.999052 0.043540 0.000000
vn 0.999095 0.042538 0.000000
vn 0.999186 0.040334 0.000000
vn 0.999191 0.040228 0.000000
vn 0.999545 0.030177 0.000000
vn 0.999414 0.034219 0.000000
vn 0.999473 0.032451 0.000000
vn 0.999658 0.026137 0.000000
vn 0.999677 0.025398 0.000000
vn 0.999967 0.008108 0.000000
vn 0.999920 -0.012673 -0.000000
vn 0.998547 -0.053896 -0.000000
vn 0.998588 -0.053118 -0.000000
vn 0.997248 -0.074135 -0.000000
vn 0.995993 -0.089428 -0.000000
vn 0.994727 -0.102555 -0.000000
vn 0.993540 -0.113479 -0.000000
vn 0.992912 -0.118854 -0.000000
vn 0.991970 -0.126473 -0.000000
vn 0.990577 -0.136958 -0.000000
vn 0.988520 -0.151087 -0.000000
vn 0.999545 0.030179 0.000003
vn 0.999473 0.032452 0.000001
vn 0.999599 0.028237 0.002012
vn 0.988546 -0.087382 0.123053
vn 0.988908 -0.086767 0.120548
vn 0.951194 -0.199263 0.235636
vn 0.946119 -0.209220 0.247156
vn 0.886174 -0.308105 0.346073
vn 0.868358 -0.330596 0.369678
vn 0.796507 -0.407877 0.446333
vn 0.754633 -0.444125 0.482993
vn 0.681669 -0.498116 0.535918
vn 0.603698 -0.544853 0.581966
vn 0.546200 -0.574044 0.610032
vn 0.422730 -0.623721 0.657473
vn 0.392237 -0.633722 0.666743
vn 0.216955 -0.675724 0.704505
vn 0.224068 -0.674497 0.703454
vn -0.000000 -0.695795 0.718240
vn -0.000000 -0.695795 0.718240
vn 0.016518 -0.005164 0.999850
vn 0.009319 -0.005375 0.999942
vn 0.155726 -0.003874 0.987793
vn -0.000000 -0.005646 0.999984
vn -0.000007 -0.016153 0.999870
vn 0.155670 -0.025967 0.987468
vn -0.000040 -0.051734 0.998661
vn 0.155358 -0.051608 0.986509
vn 0.154463 -0.093068 0.983605
vn 0.304261 -0.103237 0.946978
vn 0.270367 -0.173421 0.947010
vn 0.408653 -0.189712 0.892755
vn -0.000002 -0.083873 0.996476
vn 0.000002 -0.127922 0.991784
vn 0.029427 -0.136951 0.990141
vn 0.448300 -0.111009 0.886963
vn 0.536950 -0.201720 0.819142
vn 0.580032 -0.116032 0.806287
vn 0.653518 -0.209432 0.727360
vn 0.701939 -0.118313 0.702342
vn 0.756811 -0.212759 0.618038
vn 0.793862 -0.117818 0.596575
vn 0.841852 -0.211595 0.496500
vn 0.869649 -0.115041 0.480080
vn 0.908897 -0.205993 0.362592
vn 0.929178 -0.109976 0.352893
vn 0.955286 -0.196107 0.221294
vn 0.970169 -0.102788 0.219562
vn 0.980290 -0.182231 0.076314
vn 0.995996 -0.089399 -0.000000
vn 0.988452 -0.151536 -0.000053
vn 0.998539 -0.054033 -0.000053
vn 0.973859 -0.053694 0.220715
vn 0.933169 -0.057931 0.354739
vn 0.934373 -0.025848 0.355359
vn 0.874983 -0.027719 0.483359
vn 0.875244 0.007836 0.483618
vn 0.799359 0.006227 0.600821
vn 0.874963 0.022735 0.483655
vn 0.799109 0.019870 0.600857
vn 0.880679 0.023428 0.473134
vn 0.791470 0.019879 0.610884
vn 0.974964 -0.023477 0.221118
vn 0.999920 -0.012675 -0.000009
vn 0.975164 0.010588 0.221232
vn 0.999673 0.025590 -0.000008
vn 0.974837 0.027112 0.221264
vn 0.985941 0.028647 0.164620
vn 0.946398 0.026397 0.321923
vn 0.999545 0.030177 0.000000
vn 0.999541 0.030158 0.002743
vn 0.934305 0.025179 0.355584
vn 0.706865 0.016588 0.707154
vn 0.678364 0.015750 0.734557
vn 0.584318 0.012435 0.811429
vn 0.545687 0.011212 0.837914
vn 0.451741 0.008122 0.892112
vn 0.395876 0.006348 0.918282
vn 0.451866 0.000292 0.892086
vn 0.306725 -0.001825 0.951796
vn 0.451689 -0.029295 0.891694
vn 0.306606 -0.027962 0.951426
vn 0.450873 -0.060527 0.890533
vn 0.306030 -0.056733 0.950330
vn 0.232625 0.001274 0.972566
vn 0.584489 0.002379 0.811398
vn 0.584267 -0.029903 0.811010
vn 0.583260 -0.062818 0.809853
vn 0.707081 0.004481 0.707119
vn 0.706827 -0.029773 0.706759
vn 0.705675 -0.063598 0.705676
vn 0.799094 -0.029027 0.600505
vn 0.873741 -0.061045 0.482546
vn 0.934611 0.009308 0.355549
vn 0.797869 -0.062933 0.599537
vn 0.000000 -0.695795 0.718240
vn 0.000000 -0.695795 0.718240
vn 0.000000 -0.695795 0.718240
vn 0.000000 -0.695795 0.718240
vn 0.000000 -0.005646 0.999984
vn 0.000000 -0.005646 0.999984
vn 0.000000 -0.016199 0.999869
vn 0.000000 -0.016240 0.999868
vn 0.000000 -0.051701 0.998663
vn 0.000000 -0.051739 0.998661
vn 0.000000 -0.083872 0.996477
vn 0.000000 -0.083890 0.996475
vn 0.000000 -0.127946 0.991781
vn -0.217504 -0.675631 0.704425
vn -0.224069 -0.674497 0.703453
vn -0.392239 -0.633723 0.666741
vn -0.423457 -0.623474 0.657240
vn -0.457628 -0.611255 0.645712
vn -0.604125 -0.544622 0.581739
vn -0.591421 -0.551469 0.588306
vn -0.681671 -0.498117 0.535915
vn -0.546201 -0.574045 0.610030
vn -0.714557 -0.475135 0.513474
vn -0.754945 -0.443872 0.482738
vn -0.796508 -0.407879 0.446330
vn -0.806833 -0.397885 0.436702
vn -0.886175 -0.308107 0.346069
vn -0.882108 -0.313268 0.351780
vn -0.940253 -0.221317 0.258733
vn -0.946070 -0.209322 0.247256
vn -0.978948 -0.125444 0.161012
vn -0.988513 -0.087533 0.123205
vn -0.999473 0.032452 0.000000
vn -0.868233 -0.330752 0.369831
vn -0.999545 0.030176 -0.000000
vn -0.999599 0.028234 0.002009
vn -0.988909 -0.086769 0.120545
vn -0.951194 -0.199266 0.235633
vn -0.999185 0.040354 0.000008
vn -0.981092 0.032762 0.190751
vn -0.980234 0.033381 0.195004
vn -0.970514 0.031832 0.238932
vn -0.923573 0.025605 0.382566
vn -0.885008 0.022375 0.465039
vn -0.831354 0.018433 0.555438
vn -0.748799 0.014110 0.662647
vn -0.707112 0.012151 0.706998
vn -0.568038 0.007402 0.822969
vn -0.514426 0.005907 0.857514
vn -0.354378 0.002715 0.935099
vn -0.289878 0.001779 0.957062
vn -0.120995 0.000305 0.992653
vn -0.049503 0.000050 0.998774
vn 0.120995 0.000305 0.992653
vn 0.195134 0.000795 0.980776
vn 0.354378 0.002715 0.935099
vn 0.428005 0.003990 0.903768
vn 0.568038 0.007402 0.822969
vn 0.634056 0.009403 0.773230
vn 0.748799 0.014110 0.662647
vn 0.803310 0.016780 0.595325
vn 0.885008 0.022375 0.465039
vn 0.923573 0.025605 0.382566
vn 0.970514 0.031832 0.238932
vn 0.980234 0.033381 0.195004
vn 0.980244 0.033087 0.195006
vn 0.980254 0.032787 0.195008
vn 0.923578 0.025380 0.382569
vn 0.923584 0.025149 0.382571
vn 0.836861 0.018445 0.547105
vn 0.926602 0.025377 0.375186
vn -0.926624 0.025379 0.375132
vn -0.980254 0.032787 0.195008
vn -0.980244 0.033087 0.195006
vn -0.923578 0.025380 0.382569
vn -0.831356 0.018271 0.555440
vn -0.707111 0.012044 0.707000
vn -0.514425 0.005854 0.857515
vn -0.289877 0.001763 0.957062
vn -0.199122 0.000819 0.979974
vn -0.049503 0.000050 0.998774
vn 0.000069 0.000000 1.000000
vn 0.195133 0.000788 0.980776
vn 0.199154 0.000819 0.979968
vn 0.389966 0.003245 0.920824
vn -0.923584 0.025149 0.382571
vn -0.836879 0.018446 0.547077
vn -0.714876 0.012286 0.699143
vn -0.563810 0.007123 0.825874
vn -0.389889 0.003244 0.920856
vn 0.428004 0.003955 0.903768
vn 0.563808 0.007123 0.825875
vn 0.634055 0.009320 0.773232
vn 0.714875 0.012286 0.699145
vn 0.803311 0.016632 0.595327
vn 0.981088 0.032761 0.190769
vn 0.999185 0.040354 0.000008
vn 0.000013 -0.977047 -0.213026
vn 0.182744 -0.961452 -0.205464
vn 0.000004 -0.978274 -0.207314
vn 0.206990 -0.958661 -0.195253
vn 0.206932 -0.937787 -0.278809
vn 0.333084 -0.924504 -0.185331
vn 0.332883 -0.905122 -0.264470
vn 0.454080 -0.874172 -0.172148
vn 0.453737 -0.856661 -0.245468
vn 0.566170 -0.809363 -0.156150
vn 0.565698 -0.794034 -0.222477
vn 0.669313 -0.730175 -0.137349
vn 0.668728 -0.717339 -0.195522
vn 0.773121 -0.624123 -0.112936
vn 0.772441 -0.614442 -0.160612
vn 0.856699 -0.508432 -0.086968
vn 0.855978 -0.502026 -0.123577
vn 0.922783 -0.380792 -0.058890
vn 0.922082 -0.377850 -0.083626
vn 0.968732 -0.246306 -0.029845
vn 0.968123 -0.246862 -0.042384
vn 0.993534 -0.113531 0.000078
vn 0.967783 -0.246120 -0.053113
vn 0.992922 -0.118770 -0.000182
vn 0.967279 -0.238861 -0.085544
vn 0.991960 -0.126551 -0.000080
vn 0.967220 -0.232636 -0.101814
vn 0.990553 -0.137131 0.000110
vn 0.967475 -0.223689 -0.118134
vn 0.988518 -0.151106 0.000001
vn 0.967972 -0.212930 -0.133005
vn 0.968595 -0.202335 -0.144518
vn 0.925619 -0.272849 -0.262264
vn 0.928253 -0.239122 -0.284897
vn 0.862085 -0.327252 -0.386932
vn 0.866135 -0.270632 -0.420200
vn 0.780011 -0.374033 -0.501679
vn 0.784896 -0.295657 -0.544542
vn 0.676719 -0.413846 -0.608920
vn 0.681888 -0.314281 -0.660497
vn 0.573235 -0.440738 -0.690762
vn 0.578226 -0.324158 -0.748716
vn 0.460201 -0.459808 -0.759468
vn 0.464705 -0.328007 -0.822472
vn 0.337715 -0.470618 -0.815148
vn 0.341447 -0.325301 -0.881812
vn 0.209763 -0.473169 -0.855634
vn 0.212534 -0.316700 -0.924408
vn 0.043351 -0.441436 -0.896245
vn 0.072421 -0.301423 -0.950736
vn 0.146611 -0.173693 -0.973825
vn 0.103265 -0.167149 -0.980509
vn 0.107813 -0.147925 -0.983105
vn 0.359319 -0.913454 -0.191028
vn 0.333540 -0.926950 -0.171799
vn 0.207297 -0.961392 -0.180978
vn 0.454664 -0.876249 -0.159589
vn 0.566848 -0.811004 -0.144760
vn 0.670051 -0.731314 -0.127328
vn 0.773874 -0.624627 -0.104690
vn 0.857409 -0.508283 -0.080610
vn 0.923392 -0.379958 -0.054579
vn 0.969180 -0.244795 -0.027657
vn 0.523773 -0.834690 -0.170160
vn 0.670595 -0.727801 -0.143555
vn 0.794823 -0.596394 -0.112118
vn 0.892268 -0.444909 -0.076907
vn 0.959662 -0.278422 -0.039111
vn 0.994727 -0.102555 -0.000000
vn 0.980306 -0.183565 -0.072832
vn 0.949945 -0.206876 -0.234110
vn 0.891663 -0.230579 -0.389577
vn 0.807726 -0.253149 -0.532442
vn 0.700431 -0.271902 -0.659898
vn 0.572921 -0.281743 -0.769664
vn 0.432172 -0.274248 -0.859078
vn 0.283307 -0.237685 -0.929109
vn 0.019871 -0.559584 -0.828536
vn 0.208748 -0.605249 -0.768178
vn 0.335699 -0.594956 -0.730297
vn 0.333637 -0.700828 -0.630497
vn 0.454859 -0.670594 -0.586009
vn 0.453683 -0.744402 -0.489937
vn 0.565754 -0.694241 -0.444918
vn 0.565426 -0.776836 -0.277163
vn 0.668441 -0.702624 -0.243939
vn 0.000956 -0.656010 -0.754751
vn 0.000133 -0.660232 -0.751062
vn 0.207247 -0.718730 -0.663684
vn -0.000325 -0.780953 -0.624589
vn 0.206580 -0.806159 -0.554465
vn -0.000120 -0.864557 -0.502535
vn 0.206718 -0.915145 -0.346089
vn 0.000154 -0.949921 -0.312489
vn 0.921709 -0.349371 -0.168498
vn 0.921753 -0.373350 -0.104792
vn 0.855911 -0.453462 -0.248575
vn 0.855662 -0.493881 -0.154673
vn 0.922270 -0.330238 -0.200901
vn 0.923612 -0.304273 -0.233148
vn 0.772527 -0.547014 -0.322457
vn 0.772138 -0.602921 -0.200722
vn 0.856908 -0.421560 -0.296640
vn 0.859044 -0.378866 -0.344244
vn 0.668842 -0.631812 -0.391745
vn 0.773785 -0.502976 -0.385061
vn 0.776412 -0.444503 -0.446768
vn 0.567067 -0.628896 -0.531907
vn 0.457356 -0.574088 -0.679152
vn 0.670198 -0.575954 -0.468094
vn 0.673022 -0.502247 -0.542945
vn 0.332684 -0.782114 -0.526896
vn 0.453480 -0.837317 -0.305379
vn 0.332646 -0.883944 -0.328618
vn 0.569822 -0.543080 -0.616739
vn 0.997249 -0.074129 0.000006
vn 0.994727 -0.102555 -0.000000
vn 0.968645 -0.119050 -0.218069
vn 0.956053 -0.155981 -0.248260
vn 0.927294 -0.131727 -0.350391
vn 0.853724 -0.199319 -0.481069
vn 0.867565 -0.141891 -0.476653
vn 0.791729 -0.149193 -0.592373
vn 0.871472 -0.089882 -0.482139
vn 0.795758 -0.089091 -0.599026
vn 0.873951 -0.047394 -0.483697
vn 0.798198 -0.042936 -0.600863
vn 0.782152 -0.000100 -0.623088
vn 0.706082 -0.037596 -0.707131
vn 0.623186 0.008388 -0.782029
vn 0.583543 -0.030573 -0.811507
vn 0.434361 0.016389 -0.900590
vn 0.451134 -0.023056 -0.892158
vn 0.306231 -0.014896 -0.951841
vn 0.305172 -0.065980 -0.950009
vn 0.154964 -0.055778 -0.986344
vn 0.153930 -0.137101 -0.978524
vn -0.000260 -0.083515 -0.996507
vn -0.000044 -0.225499 -0.974243
vn 0.253429 -0.242866 -0.936371
vn 0.303183 -0.146626 -0.941584
vn 0.446736 -0.152697 -0.881539
vn 0.449575 -0.074690 -0.890114
vn 0.581578 -0.081519 -0.809396
vn 0.695373 -0.229303 -0.681085
vn 0.699903 -0.153661 -0.697513
vn 0.703804 -0.086539 -0.705104
vn 0.578100 -0.155083 -0.801093
vn 0.491142 -0.244143 -0.836166
vn 0.000097 -0.032499 -0.999472
vn 0.155481 -0.006464 -0.987818
vn 0.222377 0.023620 -0.974675
vn 0.000011 0.005205 -0.999986
vn 0.900731 -0.008514 -0.434293
vn 0.933221 -0.050960 -0.355670
vn 0.930828 -0.088893 -0.354482
vn 0.974828 -0.016559 -0.222342
vn 0.973716 -0.053496 -0.221396
vn 0.971546 -0.086143 -0.220632
vn 0.998590 -0.053082 0.000013
vn 0.000009 -0.397479 -0.917611
vn 0.000000 -0.225070 -0.974343
vn 0.198313 -0.404155 -0.892934
vn 0.254195 -0.242181 -0.936340
vn 0.381893 -0.401647 -0.832368
vn 0.489957 -0.243870 -0.836941
vn 0.552152 -0.386615 -0.738686
vn 0.695899 -0.231755 -0.679716
vn 0.701308 -0.356867 -0.617100
vn 0.820671 -0.313764 -0.477547
vn 0.706770 -0.447407 -0.547999
vn 0.822332 -0.380646 -0.422941
vn 0.707106 -0.532382 -0.465371
vn 0.821073 -0.441791 -0.361468
vn 0.699241 -0.614709 -0.364958
vn 0.815280 -0.501639 -0.289269
vn 0.686027 -0.673995 -0.274040
vn 0.806380 -0.548190 -0.221898
vn 0.671330 -0.726721 -0.145577
vn 0.794185 -0.596629 -0.115345
vn 0.901983 -0.403511 -0.153641
vn 0.892303 -0.444852 -0.076820
vn 0.964233 -0.252669 -0.080080
vn 0.959674 -0.278216 -0.040262
vn 0.994725 -0.102573 -0.000011
vn 0.852837 -0.202090 -0.481486
vn 0.913504 -0.251762 -0.319572
vn 0.913060 -0.294789 -0.281819
vn 0.911260 -0.333204 -0.242033
vn 0.907401 -0.371151 -0.197156
vn 0.955998 -0.156483 -0.248156
vn 0.970598 -0.181586 -0.158004
vn 0.969572 -0.201465 -0.139076
vn 0.968293 -0.218867 -0.120440
vn 0.966489 -0.236254 -0.100414
vn 0.994727 -0.102562 -0.000023
vn 0.523972 -0.834599 -0.169994
vn 0.538452 -0.781935 -0.314082
vn 0.554492 -0.713472 -0.428366
vn 0.563553 -0.609759 -0.557317
vn 0.561091 -0.500402 -0.659374
vn 0.358320 -0.913889 -0.190824
vn 0.371659 -0.863396 -0.341199
vn 0.388189 -0.789180 -0.475925
vn 0.397160 -0.666920 -0.630461
vn 0.392872 -0.535088 -0.747885
vn 0.183655 -0.961358 -0.205089
vn 0.192549 -0.914097 -0.356864
vn 0.204047 -0.837280 -0.507273
vn 0.210356 -0.701392 -0.681029
vn 0.206454 -0.551756 -0.808048
vn 0.000000 -0.977098 -0.212790
vn -0.000177 -0.931248 -0.364387
vn 0.000101 -0.852472 -0.522773
vn 0.000773 -0.709595 -0.704609
vn -0.000010 -0.550956 -0.834534
vn 0.994726 -0.102566 -0.000019
vn 0.994726 -0.102568 -0.000017
vn 0.994726 -0.102570 -0.000015
vn 0.994726 -0.102571 -0.000013
vn -0.000956 -0.655999 -0.754761
vn -0.146644 -0.606312 -0.781589
vn -0.000134 -0.660222 -0.751071
vn -0.145443 -0.722804 -0.675574
vn 0.000326 -0.780957 -0.624585
vn -0.144927 -0.812697 -0.564376
vn 0.000120 -0.864560 -0.502530
vn -0.145150 -0.924392 -0.352747
vn -0.000153 -0.949915 -0.312507
vn -0.145349 -0.947592 -0.284506
vn -0.000004 -0.978273 -0.207319
vn -0.145344 -0.969149 -0.199063
vn -0.145576 -0.972038 -0.184256
vn -0.286821 -0.939028 -0.189631
vn -0.287225 -0.941640 -0.175547
vn -0.423536 -0.888605 -0.176060
vn -0.424093 -0.890829 -0.163000
vn -0.550025 -0.819891 -0.158906
vn -0.550694 -0.821639 -0.147121
vn -0.669309 -0.730147 -0.137518
vn -0.670050 -0.731316 -0.127317
vn -0.760847 -0.638418 -0.116334
vn -0.761605 -0.639029 -0.107700
vn -0.838762 -0.536441 -0.093321
vn -0.839491 -0.536463 -0.086387
vn -0.902955 -0.424246 -0.068473
vn -0.903607 -0.423648 -0.063379
vn -0.951290 -0.305342 -0.042585
vn -0.951817 -0.304123 -0.039413
vn -0.994727 -0.102555 -0.000000
vn -0.959662 -0.278422 -0.039111
vn -0.019876 -0.559548 -0.828559
vn -0.147145 -0.471328 -0.869597
vn -0.290804 -0.472351 -0.832056
vn -0.294191 -0.322729 -0.899610
vn -0.433655 -0.327935 -0.839287
vn -0.431911 -0.274219 -0.859219
vn -0.572746 -0.281751 -0.769791
vn -0.043352 -0.441434 -0.896246
vn -0.149401 -0.310615 -0.938722
vn -0.283153 -0.237638 -0.929168
vn -0.072418 -0.301440 -0.950731
vn -0.103265 -0.167149 -0.980509
vn -0.146611 -0.173693 -0.973825
vn -0.107813 -0.147925 -0.983105
vn -0.700326 -0.271917 -0.660003
vn -0.681891 -0.314233 -0.660517
vn -0.561929 -0.325078 -0.760632
vn -0.429328 -0.463306 -0.775258
vn -0.289141 -0.599857 -0.746035
vn -0.772824 -0.298408 -0.560086
vn -0.807669 -0.253163 -0.532522
vn -0.848890 -0.276998 -0.450176
vn -0.891657 -0.230581 -0.389590
vn -0.909940 -0.250224 -0.330753
vn -0.949940 -0.206878 -0.234125
vn -0.953785 -0.218870 -0.205890
vn -0.980306 -0.183565 -0.072832
vn -0.988518 -0.151106 0.000001
vn -0.952219 -0.239506 -0.189516
vn -0.990553 -0.137132 0.000111
vn -0.951009 -0.259270 -0.168406
vn -0.950248 -0.275620 -0.145129
vn -0.902717 -0.361460 -0.233341
vn -0.901990 -0.384884 -0.195647
vn -0.838031 -0.476167 -0.266400
vn -0.837735 -0.520260 -0.165919
vn -0.759877 -0.616327 -0.206708
vn -0.760175 -0.628265 -0.165580
vn -0.668722 -0.717242 -0.195896
vn -0.991960 -0.126552 -0.000081
vn -0.950016 -0.287453 -0.121821
vn -0.901916 -0.414381 -0.121804
vn -0.838046 -0.529211 -0.132723
vn -0.992922 -0.118770 -0.000183
vn -0.950298 -0.301981 -0.075777
vn -0.902239 -0.420111 -0.097321
vn -0.993534 -0.113531 0.000077
vn -0.950632 -0.304365 -0.060508
vn -0.892268 -0.444908 -0.076908
vn -0.794823 -0.596393 -0.112120
vn -0.670594 -0.727801 -0.143557
vn -0.523773 -0.834689 -0.170163
vn -0.359319 -0.913453 -0.191032
vn -0.182744 -0.961451 -0.205468
vn -0.000013 -0.977046 -0.213029
vn -0.839105 -0.441372 -0.317953
vn -0.904359 -0.329865 -0.270785
vn -0.841382 -0.394910 -0.368947
vn -0.906766 -0.291626 -0.304515
vn -0.844596 -0.338771 -0.414598
vn -0.761558 -0.512882 -0.396209
vn -0.764230 -0.452393 -0.459666
vn -0.767872 -0.379532 -0.516071
vn -0.760277 -0.558482 -0.331777
vn -0.668842 -0.631762 -0.391826
vn -0.670198 -0.575887 -0.468176
vn -0.549616 -0.702432 -0.452229
vn -0.550916 -0.635741 -0.540672
vn -0.423142 -0.755342 -0.500409
vn -0.424269 -0.679474 -0.598591
vn -0.286418 -0.792561 -0.538342
vn -0.287272 -0.708799 -0.644266
vn -0.673025 -0.502166 -0.543017
vn -0.676724 -0.413749 -0.608979
vn -0.553646 -0.548226 -0.626837
vn -0.556995 -0.443964 -0.701892
vn -0.426672 -0.580389 -0.693613
vn -0.668437 -0.702537 -0.244199
vn -0.549301 -0.786609 -0.281984
vn -0.422976 -0.850649 -0.312230
vn -0.286443 -0.897194 -0.336146
vn -0.549569 -0.804136 -0.226582
vn -0.423226 -0.870486 -0.251264
vn -0.286670 -0.918945 -0.270851
vn 0.000000 -1.000000 0.000000
vn 0.000000 -1.000000 0.000000
vn 0.000000 -1.000000 0.000000
vn 0.000000 -1.000000 0.000000
vn 0.000000 -1.000000 0.000000
vn 0.000000 -1.000000 0.000000
vn 0.000000 -1.000000 0.000000
vn 0.000000 -1.000000 0.000000
vn 0.000000 -1.000000 0.000000
vn 0.000000 -1.000000 0.000000
vn 0.000000 -1.000000 0.000000
vn 0.000000 -1.000000 0.000000
vn 0.000000 -1.000000 0.000000
vn 0.000000 -1.000000 0.000000
vn 0.000000 -1.000000 0.000000
vn 0.000000 -1.000000 0.000000
vn 0.000000 -1.000000 0.000000
vn 0.000000 -1.000000 0.000000
vn 0.000000 -1.000000 0.000000
vn 0.000000 -1.000000 0.000000
vn 0.000000 -1.000000 0.000000
vn 0.000000 -1.000000 0.000000
vn 0.000000 -1.000000 0.000000
vn 0.000000 -1.000000 0.000000
vn 0.000000 -1.000000 0.000000
vn 0.000000 -1.000000 0.000000
vn 0.000000 -1.000000 0.000000
vn 0.000000 -1.000000 0.000000
vn 0.000000 -1.000000 0.000000
vn 0.000000 -1.000000 0.000000
vn 0.000000 -1.000000 0.000000
vn 0.000000 -1.000000 0.000000
vn 0.000000 -1.000000 0.000000
vn 0.000000 -1.000000 0.000000
vn 0.000000 -1.000000 0.000000
vn 0.000000 -1.000000 0.000000
vn 0.000143 -0.082501 -0.996591
vn 0.000044 -0.225499 -0.974243
vn -0.153928 -0.137069 -0.978529
vn -0.253429 -0.242866 -0.936371
vn -0.303179 -0.146594 -0.941591
vn -0.446730 -0.152667 -0.881547
vn -0.304188 -0.100735 -0.947271
vn -0.448256 -0.108502 -0.887296
vn -0.304878 -0.077007 -0.949273
vn -0.449160 -0.085480 -0.889353
vn -0.305641 -0.040550 -0.951283
vn -0.450317 -0.049214 -0.891512
vn -0.306041 -0.024370 -0.951706
vn -0.450857 -0.032846 -0.891992
vn -0.306473 0.001506 -0.951878
vn -0.451515 -0.005582 -0.892246
vn -0.434361 0.016389 -0.900590
vn -0.584044 -0.012458 -0.811627
vn -0.623186 0.008388 -0.782029
vn -0.706695 -0.019275 -0.707256
vn -0.782152 -0.000100 -0.623088
vn -0.798874 -0.024823 -0.600986
vn -0.874665 -0.029840 -0.483809
vn -0.873506 -0.056199 -0.483558
vn -0.932782 -0.059049 -0.355570
vn -0.932048 -0.071104 -0.355290
vn -0.972641 -0.071114 -0.221162
vn -0.971120 -0.091296 -0.220432
vn -0.997247 -0.074155 0.000003
vn -0.970267 -0.101340 -0.219800
vn -0.994727 -0.102555 -0.000000
vn -0.968642 -0.119041 -0.218087
vn -0.956053 -0.155981 -0.248260
vn -0.927291 -0.131714 -0.350405
vn -0.853724 -0.199319 -0.481069
vn -0.867563 -0.141873 -0.476663
vn -0.791728 -0.149172 -0.592380
vn -0.794004 -0.115646 -0.596811
vn -0.702091 -0.115991 -0.702577
vn -0.703252 -0.096064 -0.704420
vn -0.581074 -0.091816 -0.808655
vn -0.582544 -0.056597 -0.810826
vn -0.491142 -0.244142 -0.836166
vn -0.578092 -0.155055 -0.801104
vn -0.580012 -0.113587 -0.806650
vn -0.695373 -0.229303 -0.681085
vn -0.699905 -0.153636 -0.697517
vn -0.973305 -0.060715 -0.221341
vn -0.998587 -0.053144 0.000000
vn -0.974426 -0.038095 -0.221458
vn -0.974828 -0.016559 -0.222342
vn -0.933947 -0.034320 -0.355761
vn -0.900731 -0.008514 -0.434293
vn -0.222377 0.023620 -0.974675
vn -0.155577 0.008483 -0.987787
vn -0.155387 -0.015396 -0.987734
vn -0.155142 -0.030993 -0.987406
vn -0.154807 -0.066769 -0.985686
vn -0.154363 -0.090613 -0.983850
vn 0.000013 0.004328 -0.999991
vn 0.000049 -0.034585 -0.999402
vn -0.929290 -0.108246 -0.353133
vn -0.930321 -0.095337 -0.354137
vn -0.869776 -0.113068 -0.480318
vn -0.870917 -0.097507 -0.481660
vn -0.872738 -0.069686 -0.483189
vn -0.797001 -0.066920 -0.600259
vn -0.795188 -0.097744 -0.598433
vn -0.704956 -0.062817 -0.706464
vn -0.797768 -0.052277 -0.600695
vn -0.583194 -0.040440 -0.811326
vn -0.705686 -0.047292 -0.706945
vn -0.854549 -0.206595 -0.476513
vn -0.938536 -0.219762 -0.266184
vn -0.952639 -0.178861 -0.245945
vn -0.975829 -0.172033 -0.134772
vn -0.994726 -0.102568 -0.000021
vn -0.695079 -0.229140 -0.681440
vn -0.802705 -0.290130 -0.521047
vn -0.881949 -0.257234 -0.394963
vn -0.937922 -0.264488 -0.224384
vn -0.974750 -0.191172 -0.115396
vn -0.973647 -0.205156 -0.099613
vn -0.994726 -0.102572 -0.000016
vn -0.664540 -0.326807 -0.671999
vn -0.488237 -0.245084 -0.837591
vn -0.503634 -0.346765 -0.791269
vn -0.342381 -0.352675 -0.870859
vn -0.519421 -0.517450 -0.680035
vn -0.358894 -0.546584 -0.756598
vn -0.521025 -0.659188 -0.542221
vn -0.361782 -0.713233 -0.600344
vn -0.514432 -0.726132 -0.456171
vn -0.355491 -0.790012 -0.499507
vn -0.504165 -0.778204 -0.374454
vn -0.345585 -0.846883 -0.404179
vn -0.484862 -0.836959 -0.253789
vn -0.327683 -0.905436 -0.269832
vn -0.359411 -0.913220 -0.191971
vn -0.185906 -0.960800 -0.205678
vn -0.158055 -0.947221 -0.278912
vn 0.000000 -0.977098 -0.212790
vn 0.000177 -0.931248 -0.364387
vn -0.169177 -0.890133 -0.423135
vn -0.000101 -0.852472 -0.522773
vn -0.175587 -0.830355 -0.528848
vn -0.179756 -0.746534 -0.640605
vn -0.256661 -0.243380 -0.935356
vn -0.166316 -0.350102 -0.921828
vn -0.177185 -0.560618 -0.808896
vn -0.000000 -0.225070 -0.974343
vn -0.000009 -0.397479 -0.917611
vn 0.000010 -0.550956 -0.834534
vn -0.000773 -0.709595 -0.704609
vn -0.521067 -0.836150 -0.171294
vn -0.643475 -0.731631 -0.225068
vn -0.660159 -0.676267 -0.326884
vn -0.668600 -0.632039 -0.391791
vn -0.674263 -0.578158 -0.459460
vn -0.674916 -0.466670 -0.571583
vn -0.670291 -0.728082 -0.143553
vn -0.781995 -0.595554 -0.183848
vn -0.795265 -0.546941 -0.261551
vn -0.801408 -0.512596 -0.308207
vn -0.805754 -0.473123 -0.356252
vn -0.807939 -0.393408 -0.438708
vn -0.796705 -0.593285 -0.115216
vn -0.864839 -0.479206 -0.149717
vn -0.874064 -0.439662 -0.206663
vn -0.878152 -0.414188 -0.239370
vn -0.881200 -0.386176 -0.272682
vn -0.883655 -0.330623 -0.331425
vn -0.892521 -0.441904 -0.090148
vn -0.926919 -0.358094 -0.112202
vn -0.931915 -0.330896 -0.148465
vn -0.934119 -0.314778 -0.168334
vn -0.935888 -0.297758 -0.188290
vn -0.959062 -0.277205 -0.057948
vn -0.970339 -0.232657 -0.065676
vn -0.972112 -0.219545 -0.082454
vn -0.972927 -0.212400 -0.091100
vn -0.994725 -0.102577 -0.000010
vn -0.994725 -0.102575 -0.000012
vn -0.994725 -0.102573 -0.000014
vn -0.994726 -0.102573 -0.000015
vn -0.994726 -0.102570 -0.000018
vn 0.000000 -0.978281 -0.207282
vn 0.000000 -0.977098 -0.212790
vn 0.000000 -0.931519 -0.363692
vn 0.000000 -0.931519 -0.363692
vn 0.000000 -0.853585 -0.520954
vn 0.000000 -0.853585 -0.520954
vn 0.000000 -0.714055 -0.700089
vn 0.000000 -0.714055 -0.700089
vn 0.000000 -0.544055 -0.839050
vn 0.000000 -0.544055 -0.839050
vn 0.000000 -0.397607 -0.917556
vn 0.000000 -0.397607 -0.917556
vn 0.000000 -0.225070 -0.974343
vn 0.000000 -0.225070 -0.974343
vn 0.000000 -0.081370 -0.996684
vn 0.000000 -0.978281 -0.207282
vn 0.000000 -0.950253 -0.311478
vn 0.000000 -0.950254 -0.311475
vn 0.000000 -0.864052 -0.503403
vn 0.000000 -0.864051 -0.503404
vn 0.000000 -0.780571 -0.625067
vn 0.000000 -0.780570 -0.625068
vn 0.000000 -0.661936 -0.749560
vn 0.000000 -0.081340 -0.996686
vn 0.000000 -0.034015 -0.999421
vn 0.000000 -0.034010 -0.999421
vn 0.000000 0.004565 -0.999990
vn 0.000000 0.004570 -0.999990
vn -0.009319 -0.005375 0.999942
vn -0.016518 -0.005164 0.999850
vn 0.000000 -0.005646 0.999984
vn -0.155692 -0.000709 0.987805
vn 0.000007 -0.016196 0.999869
vn -0.155723 -0.016357 0.987665
vn -0.155494 -0.042937 0.986903
vn -0.306707 -0.016978 0.951652
vn -0.306273 -0.047024 0.950782
vn -0.451834 -0.017191 0.891936
vn -0.451212 -0.050005 0.891015
vn -0.584448 -0.016984 0.811253
vn -0.583676 -0.051744 0.810336
vn -0.707043 -0.016338 0.706982
vn -0.706157 -0.052234 0.706126
vn -0.799323 -0.015426 0.600704
vn -0.798380 -0.051555 0.599943
vn -0.875214 -0.014219 0.483528
vn -0.874258 -0.049874 0.482892
vn -0.934594 -0.012718 0.355489
vn -0.933670 -0.047190 0.355011
vn -0.975165 -0.010974 0.221206
vn -0.974321 -0.043592 0.220902
vn -0.999919 -0.012735 -0.000009
vn -0.998537 -0.054075 -0.000053
vn -0.232625 0.001274 0.972566
vn -0.306667 0.002747 0.951813
vn -0.395876 0.006348 0.918282
vn -0.451784 0.006174 0.892106
vn -0.451735 0.008121 0.892115
vn -0.545687 0.011212 0.837914
vn -0.584386 0.009414 0.811421
vn -0.584311 0.012435 0.811434
vn -0.678364 0.015750 0.734557
vn -0.706966 0.012532 0.707137
vn -0.706865 0.016588 0.707154
vn -0.791470 0.019878 0.610884
vn -0.799108 0.019870 0.600859
vn -0.880679 0.023427 0.473134
vn -0.874961 0.022734 0.483659
vn -0.934303 0.025179 0.355590
vn -0.875101 0.017145 0.483637
vn -0.934458 0.018978 0.355567
vn -0.946398 0.026396 0.321923
vn -0.974835 0.027112 0.221272
vn -0.985941 0.028645 0.164620
vn -0.975003 0.020425 0.221250
vn -0.999673 0.025584 -0.000008
vn -0.999541 0.030156 0.002743
vn -0.999545 0.030175 -0.000000
vn -0.970175 -0.102706 0.219573
vn -0.995994 -0.089417 -0.000001
vn -0.988451 -0.151540 -0.000054
vn -0.980290 -0.182231 0.076314
vn -0.955285 -0.196108 0.221296
vn -0.929185 -0.109889 0.352903
vn -0.908902 -0.205993 0.362579
vn -0.869656 -0.114951 0.480088
vn -0.841882 -0.211595 0.496450
vn -0.793870 -0.117727 0.596583
vn -0.756866 -0.212760 0.617970
vn -0.701947 -0.118223 0.702348
vn -0.653599 -0.209436 0.727286
vn -0.580032 -0.115945 0.806300
vn -0.537061 -0.201729 0.819067
vn -0.448300 -0.110927 0.886974
vn -0.408770 -0.189725 0.892699
vn -0.304261 -0.103162 0.946986
vn -0.270367 -0.173422 0.947009
vn -0.154462 -0.093001 0.983612
vn -0.029427 -0.136951 0.990141
vn 0.000002 -0.083890 0.996475
vn -0.000002 -0.127922 0.991784
vn 0.000040 -0.051775 0.998659
vn -0.799229 0.014995 0.600840
vn -0.005654 0.953966 0.299860
vn 0.000000 0.953982 0.299865
vn -0.168056 0.940414 0.295600
vn -0.168056 0.940414 0.295600
vn -0.327905 0.901237 0.283286
vn -0.327905 0.901237 0.283286
vn -0.469365 0.842370 0.264782
vn -0.469365 0.842370 0.264782
vn -0.587455 0.772016 0.242668
vn -0.587455 0.772016 0.242668
vn -0.756028 0.624418 0.196273
vn -0.756028 0.624418 0.196273
vn -0.857067 0.491496 0.154492
vn -0.857067 0.491496 0.154492
vn -0.942034 0.320078 0.100610
vn -0.942034 0.320078 0.100610
vn -0.979666 0.191403 0.060164
vn -0.979666 0.191403 0.060164
vn -0.994795 0.097206 0.030555
vn -0.999997 0.002419 0.000760
vn -1.000000 -0.000000 -0.000000
vn -1.000000 0.000000 0.000000
vn -0.168056 0.940414 0.295600
vn -0.288084 0.913538 0.287152
vn -0.327905 0.901237 0.283286
vn -0.469365 0.842370 0.264782
vn -0.524454 0.812257 0.255317
vn -0.587455 0.772016 0.242668
vn -0.615566 0.751819 0.236319
vn -0.689471 0.690982 0.217196
vn -0.756028 0.624418 0.196273
vn -0.748044 0.633109 0.199005
vn -0.794380 0.579469 0.182144
vn -0.857067 0.491496 0.154492
vn -0.876069 0.459997 0.144591
vn -0.923978 0.364845 0.114682
vn -0.942034 0.320078 0.100610
vn -0.974371 0.214594 0.067453
vn -0.979666 0.191403 0.060164
vn -0.988814 0.142288 0.044725
vn -0.979666 0.191403 0.060164
vn -0.979666 0.191403 0.060164
vn -0.942034 0.320078 0.100610
vn -0.857067 0.491496 0.154492
vn -0.756028 0.624418 0.196273
vn -0.587455 0.772016 0.242668
vn -0.469365 0.842370 0.264782
vn -0.327905 0.901237 0.283286
vn -0.168056 0.940414 0.295600
vn -0.944433 0.313578 0.098567
vn -0.942034 0.320078 0.100610
vn -0.895142 0.425267 0.133674
vn -0.857067 0.491496 0.154492
vn -0.803025 0.568520 0.178703
vn -0.756028 0.624418 0.196273
vn -0.716728 0.665262 0.209112
vn -0.587455 0.772016 0.242668
vn -0.575173 0.780388 0.245299
vn -0.469365 0.842370 0.264782
vn -0.471213 0.841430 0.264487
vn -0.338549 0.897648 0.282158
vn -0.327905 0.901237 0.283286
vn -0.178730 0.938621 0.295037
vn -0.168056 0.940414 0.295600
vn -0.000000 0.953982 0.299865
vn -1.000000 -0.000000 -0.000000
vn -1.000000 -0.000000 -0.000000
vn -1.000000 -0.000000 -0.000000
vn -1.000000 -0.000000 -0.000000
vn -1.000000 -0.000000 -0.000000
vn -1.000000 -0.000000 -0.000000
vn -1.000000 -0.000000 -0.000000
vn -1.000000 -0.000000 -0.000000
vn -1.000000 -0.000000 -0.000000
vn -1.000000 -0.000000 -0.000000
vn -1.000000 -0.000000 -0.000000
vn -1.000000 -0.000000 -0.000000
vn -1.000000 -0.000000 -0.000000
vn -1.000000 -0.000000 -0.000000
vn -1.000000 -0.000000 -0.000000
vn -1.000000 -0.000000 -0.000000
vn -1.000000 -0.000000 -0.000000
vn -0.921301 -0.119298 0.370098
vn -0.979666 -0.092031 0.178285
vn -0.979651 -0.128157 0.154465
vn -0.979609 -0.162534 0.118108
vn -0.941993 -0.214046 0.258522
vn -0.941879 -0.271934 0.197271
vn -0.856976 -0.328236 0.397307
vn -0.856731 -0.417738 0.302500
vn -0.755901 -0.416681 0.504965
vn -0.755553 -0.530762 0.383967
vn -0.587306 -0.514843 0.624506
vn -0.586892 -0.656177 0.474330
vn -0.469224 -0.561621 0.681477
vn -0.468831 -0.715912 0.517366
vn -0.327792 -0.600756 0.729140
vn -0.327478 -0.765868 0.553357
vn -0.167993 -0.626799 0.760856
vn -0.167818 -0.799101 0.577300
vn 0.000000 -0.739381 0.673287
vn 0.000000 -0.885423 0.464786
vn -0.675664 -0.087269 0.732026
vn -0.857131 -0.163202 0.488561
vn -0.857059 -0.236345 0.457811
vn -0.942032 -0.153908 0.298141
vn -0.756035 -0.138174 0.639781
vn -0.396889 -0.066611 0.915446
vn -0.587464 -0.170911 0.790996
vn -0.469375 -0.186514 0.863076
vn -0.587566 -0.256222 0.767539
vn -0.469472 -0.279556 0.837523
vn -0.587446 -0.371244 0.719087
vn -0.469357 -0.405076 0.784613
vn -0.327890 -0.066812 0.942350
vn -0.221662 -0.059145 0.973328
vn -0.168048 -0.069716 0.983311
vn -0.176118 -0.057913 0.982664
vn -0.125931 -0.056886 0.990407
vn -0.097445 -0.056456 0.993638
vn -0.066820 -0.056116 0.996186
vn -0.000000 -0.055815 0.998441
vn -0.034038 -0.055893 0.997856
vn 0.000000 -0.185130 0.982714
vn 0.000000 -0.399469 0.916747
vn -0.168104 -0.312080 0.935065
vn -0.168061 -0.208259 0.963527
vn -0.327913 -0.199570 0.923388
vn -0.327991 -0.299083 0.896087
vn -0.168053 -0.452223 0.875929
vn 0.000000 -0.560819 0.827939
vn 0.000000 -0.966325 0.257324
vn -0.168043 -0.934682 0.313259
vn -0.168048 -0.880194 0.443868
vn -0.327890 -0.843528 0.425380
vn -0.469346 -0.788434 0.397600
vn -0.587434 -0.722589 0.364399
vn -0.756010 -0.584445 0.294744
vn -0.857052 -0.460034 0.232012
vn -0.942029 -0.299583 0.151102
vn -0.979665 -0.179143 0.090362
vn -0.220021 -0.942645 0.251018
vn -0.327881 -0.895749 0.300212
vn -0.419876 -0.877019 0.233543
vn -0.469336 -0.837247 0.280608
vn -0.581900 -0.785874 0.209271
vn -0.587423 -0.767329 0.257179
vn -0.703447 -0.686814 0.182893
vn -0.756000 -0.620637 0.208023
vn -0.853010 -0.504320 0.134296
vn -0.857046 -0.488526 0.163753
vn -0.928477 -0.358884 0.095568
vn -0.987693 -0.151140 0.040247
vn -0.979663 -0.190240 0.063783
vn -0.942026 -0.318140 0.106652
vn -0.756019 -0.300265 0.581614
vn -0.327899 -0.433384 0.839441
vn -0.756121 -0.207276 0.620740
vn 0.000000 -0.966325 0.257324
vn -0.000000 -0.966325 0.257324
vn -0.168056 -0.952582 0.253664
vn -0.220021 -0.942645 0.251018
vn -0.327905 -0.912898 0.243097
vn -0.419876 -0.877019 0.233543
vn -0.469365 -0.853269 0.227218
vn -0.581900 -0.785874 0.209271
vn -0.587455 -0.782005 0.208241
vn -0.703447 -0.686814 0.182893
vn -0.756028 -0.632497 0.168429
vn -0.853010 -0.504320 0.134296
vn -0.857067 -0.497855 0.132574
vn -0.928477 -0.358884 0.095568
vn -0.942034 -0.324220 0.086337
vn -0.979666 -0.193879 0.051628
vn -0.942034 -0.324220 0.086337
vn -0.979666 -0.193879 0.051628
vn -0.942034 -0.324220 0.086337
vn -0.979666 -0.193879 0.051628
vn -0.942034 -0.324220 0.086337
vn -0.979666 -0.193879 0.051628
vn -0.928477 -0.358884 0.095568
vn -0.987693 -0.151140 0.040247
vn -0.857067 -0.497855 0.132574
vn -0.853010 -0.504320 0.134296
vn -0.756028 -0.632497 0.168429
vn -0.703447 -0.686814 0.182893
vn -0.587455 -0.782005 0.208241
vn -0.581900 -0.785874 0.209271
vn -0.469365 -0.853269 0.227218
vn -0.419876 -0.877019 0.233543
vn -0.327905 -0.912898 0.243097
vn -0.220021 -0.942645 0.251018
vn -0.168056 -0.952582 0.253664
vn 0.000000 -0.966325 0.257324
vn -0.168056 -0.952582 0.253664
vn -0.168056 -0.952582 0.253664
vn -0.327905 -0.912898 0.243097
vn -0.857067 -0.497855 0.132574
vn -0.857067 -0.497855 0.132574
vn -0.756028 -0.632497 0.168429
vn -0.756028 -0.632497 0.168429
vn -0.587455 -0.782005 0.208241
vn -0.587455 -0.782005 0.208241
vn -0.469365 -0.853269 0.227218
vn -0.469365 -0.853269 0.227218
vn -0.327905 -0.912898 0.243097
vn -1.000000 0.000019 0.000029
vn -0.999997 0.001399 0.002156
vn -0.979657 0.102136 0.172743
vn -0.988811 0.082602 0.124213
vn -0.944429 0.184583 0.271998
vn -0.942006 0.170801 0.288880
vn -0.895139 0.251689 0.367939
vn -0.856989 0.262278 0.443598
vn -0.803024 0.337936 0.490869
vn -0.755927 0.333185 0.563526
vn -0.716727 0.396193 0.573876
vn -0.587343 0.411910 0.696677
vn -0.575172 0.465499 0.672672
vn -0.469261 0.449429 0.760136
vn -0.471213 0.502234 0.725065
vn -0.338549 0.536056 0.773323
vn -0.327823 0.480821 0.813230
vn -0.178730 0.560703 0.808497
vn -0.168011 0.501711 0.848562
vn 0.000000 0.569942 0.821685
vn 0.000000 0.384636 0.923068
vn -0.979670 0.048508 0.194661
vn -0.979669 0.067268 0.189005
vn -0.942039 0.112530 0.316070
vn -0.857059 0.172850 0.485358
vn -0.756027 0.219615 0.616597
vn -0.587461 0.271545 0.762334
vn -0.469374 0.296298 0.831803
vn -0.979668 0.025193 0.199035
vn -0.979705 -0.023091 0.199111
vn -0.979683 -0.061722 0.190819
vn -0.979659 -0.087422 0.180624
vn -0.979658 -0.114635 0.164707
vn -0.942009 -0.191661 0.275473
vn -0.941995 -0.236564 0.238081
vn -0.856966 -0.363489 0.365356
vn -0.856989 -0.424500 0.292179
vn -0.755928 -0.539188 0.371281
vn -0.755904 -0.596894 0.268936
vn -0.587315 -0.737922 0.332463
vn -0.979653 -0.141267 0.142561
vn -0.942006 -0.276559 0.190105
vn -0.856973 -0.469865 0.211716
vn -0.979657 -0.165524 0.113462
vn -0.941998 -0.305979 0.137898
vn -0.979654 -0.182957 0.082486
vn -0.469235 -0.805133 0.362739
vn -0.327802 -0.861364 0.388070
vn -0.167999 -0.898783 0.404926
vn -0.000000 -0.923790 0.382900
vn 0.000000 -0.858676 0.512518
vn -0.168011 -0.811798 0.559246
vn 0.000000 -0.771359 0.636400
vn -0.167994 -0.695572 0.698540
vn -0.000000 -0.667440 0.744664
vn -0.168016 -0.562887 0.809277
vn -0.000000 -0.555429 0.831564
vn -0.168019 -0.429844 0.887132
vn -0.000000 -0.444408 0.895825
vn -0.168119 -0.307555 0.936561
vn -0.000000 -0.247248 0.968952
vn -0.168209 -0.111312 0.979446
vn 0.000000 -0.094300 0.995544
vn -0.000000 0.020452 0.999791
vn 0.000000 0.178355 0.983966
vn -0.168057 0.124130 0.977931
vn -0.327906 0.118955 0.937191
vn -0.328177 -0.106691 0.938572
vn -0.469365 0.111179 0.875977
vn -0.469704 -0.099749 0.877171
vn -0.587452 0.101885 0.802820
vn -0.587808 -0.091458 0.803814
vn -0.756019 0.082386 0.649344
vn -0.756319 -0.074081 0.649995
vn -0.857054 0.064826 0.511132
vn -0.857264 -0.058449 0.511548
vn -0.942036 0.042178 0.332850
vn -0.942134 -0.038286 0.333043
vn -0.168066 0.238119 0.956584
vn -0.327921 0.228201 0.916729
vn -0.168061 0.330795 0.928617
vn -0.327913 0.317010 0.889931
vn -0.942042 0.081090 0.325549
vn -0.857066 0.124488 0.499941
vn -0.756036 0.158130 0.635141
vn -0.587472 0.195490 0.785277
vn -0.469384 0.213299 0.856844
vn -0.942076 -0.103894 0.318903
vn -0.942011 -0.146263 0.302029
vn -0.857140 -0.160191 0.489540
vn -0.857001 -0.224657 0.463766
vn -0.856996 -0.294277 0.423036
vn -0.756142 -0.203833 0.621853
vn -0.755944 -0.285422 0.589137
vn -0.755936 -0.373821 0.537418
vn -0.755894 -0.461851 0.464023
vn -0.587598 -0.252283 0.768819
vn -0.587362 -0.352886 0.728338
vn -0.587353 -0.462139 0.664412
vn -0.587303 -0.571040 0.573575
vn -0.587343 -0.666531 0.459091
vn -0.469504 -0.275375 0.838889
vn -0.469280 -0.385040 0.794683
vn -0.469271 -0.504232 0.724938
vn -0.469224 -0.623073 0.625787
vn -0.469261 -0.727224 0.500938
vn -0.328017 -0.294696 0.897529
vn -0.327838 -0.411942 0.850192
vn -0.327831 -0.539450 0.775578
vn -0.327793 -0.666604 0.669470
vn -0.327823 -0.778005 0.535948
vn 0.178727 0.560703 0.808498
vn 0.168014 0.501711 0.848562
vn 0.168025 0.379168 0.909945
vn 0.168080 0.251050 0.953270
vn 0.327946 0.240591 0.913546
vn 0.327849 0.168497 0.929583
vn 0.469294 0.157495 0.868884
vn 0.469373 0.111178 0.875973
vn 0.587460 0.101884 0.802814
vn 0.587705 -0.072699 0.805803
vn 0.756233 -0.058936 0.651643
vn 0.756328 -0.168724 0.632061
vn 0.857271 -0.132587 0.497501
vn 0.857000 -0.247102 0.452208
vn 0.942010 -0.160880 0.294508
vn 0.942015 -0.214376 0.258168
vn 0.979660 -0.128196 0.154374
vn 0.979652 -0.158128 0.123602
vn 1.000000 0.000000 -0.000000
vn 1.000000 0.000000 -0.000000
vn 0.987693 -0.151140 0.040247
vn 1.000000 0.000000 -0.000000
vn 1.000000 0.000000 -0.000000
vn 1.000000 0.000000 -0.000000
vn 0.168025 0.175819 0.969977
vn 0.327912 0.118955 0.937189
vn 0.469606 -0.079266 0.879311
vn 0.587817 -0.208858 0.781568
vn 0.755941 -0.313936 0.574454
vn 0.857011 -0.329188 0.396444
vn 0.941992 -0.264217 0.206977
vn 0.979656 -0.180413 0.087894
vn 0.928477 -0.358884 0.095568
vn 0.942003 -0.301767 0.146856
vn 0.856985 -0.463431 0.225408
vn 0.856962 -0.405560 0.318020
vn 0.755888 -0.515128 0.404074
vn 0.755957 -0.418189 0.503634
vn 0.587377 -0.517009 0.622648
vn 0.587358 -0.388138 0.710183
vn 0.469276 -0.423502 0.774872
vn 0.469713 -0.227992 0.852871
vn 0.328184 -0.244005 0.912555
vn 0.328098 -0.084764 0.940833
vn 0.168165 -0.088425 0.981785
vn 0.168061 0.124130 0.977930
vn 0.168212 -0.254664 0.952287
vn 0.327835 -0.453090 0.828996
vn 0.469294 -0.564107 0.679372
vn 0.587295 -0.636777 0.499600
vn 0.755920 -0.588740 0.286303
vn 0.853010 -0.504320 0.134296
vn 0.168017 -0.472780 0.865014
vn 0.327849 -0.603515 0.726832
vn 0.469216 -0.694751 0.545121
vn 0.587333 -0.727862 0.353916
vn 0.703447 -0.686814 0.182893
vn 0.168025 -0.629740 0.758416
vn 0.327786 -0.743255 0.583204
vn 0.469252 -0.794165 0.386141
vn 0.581900 -0.785874 0.209271
vn 0.167991 -0.775532 0.608546
vn 0.327816 -0.849637 0.413102
vn 0.419876 -0.877019 0.233543
vn 0.168007 -0.886552 0.431045
vn -0.000000 -0.923790 0.382900
vn 0.220021 -0.942645 0.251018
vn -0.000000 -0.966325 0.257324
vn 1.000000 -0.000000 0.000000
vn 0.979659 -0.096160 0.176131
vn 0.942136 -0.085991 0.324014
vn 0.857205 -0.046556 0.512867
vn 0.756027 0.082385 0.649335
vn 0.587377 0.144345 0.796337
vn 0.469416 0.224876 0.853862
vn 0.327849 0.363378 0.872050
vn 0.979705 -0.051102 0.193820
vn 1.000000 0.000000 0.000000
vn 1.000000 0.000000 -0.000000
vn 0.979694 -0.018513 0.199642
vn 1.000000 0.000000 -0.000000
vn 0.979669 0.025192 0.199033
vn 1.000000 -0.000000 -0.000000
vn 0.979660 0.035789 0.197445
vn 0.979674 0.051124 0.193974
vn 0.942051 0.085472 0.324400
vn 0.942015 0.129073 0.309754
vn 0.857011 0.198203 0.475656
vn 0.856995 0.262273 0.443590
vn 0.755935 0.333180 0.563518
vn 0.803019 0.337939 0.490874
vn 0.716721 0.396196 0.573881
vn 1.000000 -0.000000 -0.000000
vn 0.979660 0.077182 0.185225
vn 0.942008 0.170799 0.288875
vn 0.895136 0.251692 0.367944
vn 1.000000 0.000019 0.000029
vn 0.999997 0.001403 0.002161
vn 0.979658 0.102134 0.172740
vn 0.988811 0.082606 0.124217
vn 0.944427 0.184587 0.272003
vn 0.587351 0.411907 0.696672
vn 0.575166 0.465501 0.672676
vn 0.469269 0.449427 0.760133
vn 0.471207 0.502235 0.725068
vn 0.338544 0.536058 0.773324
vn 0.327829 0.480820 0.813228
vn 0.469294 0.339650 0.815108
vn 0.587377 0.311291 0.747052
vn 0.755957 0.251791 0.604260
vn 0.587505 0.206096 0.782536
vn 0.756065 0.166702 0.632911
vn 0.755957 0.116755 0.644125
vn 0.857087 0.131228 0.498178
vn 0.857011 0.091906 0.507036
vn 0.857060 0.064825 0.511122
vn 0.942015 0.059851 0.330190
vn 0.942038 0.042178 0.332844
vn 0.942105 -0.030581 0.333919
vn 0.748044 0.633109 0.199005
vn 0.756028 0.624418 0.196273
vn 0.794380 0.579469 0.182144
vn 0.857067 0.491496 0.154492
vn 0.921271 0.371023 0.116624
vn 0.942034 0.320078 0.100610
vn 0.972800 0.220988 0.069463
vn 0.979666 0.191403 0.060164
vn 0.994443 0.100431 0.031569
vn 0.979666 0.191403 0.060164
vn 1.000000 0.000000 0.000000
vn 0.979666 0.191403 0.060164
vn 0.999997 0.002425 0.000762
vn 0.979666 0.191403 0.060164
vn 0.979666 0.191403 0.060164
vn 0.942034 0.320078 0.100610
vn 0.942034 0.320078 0.100610
vn 0.857067 0.491496 0.154492
vn 0.857067 0.491496 0.154492
vn 0.756028 0.624418 0.196273
vn 0.756028 0.624418 0.196273
vn 0.587455 0.772016 0.242668
vn 0.587455 0.772016 0.242668
vn 0.469365 0.842370 0.264782
vn 0.469365 0.842370 0.264782
vn 0.327905 0.901237 0.283286
vn 0.327905 0.901237 0.283286
vn 0.168056 0.940414 0.295600
vn 0.168056 0.940414 0.295600
vn 0.178727 0.938621 0.295037
vn 0.689471 0.690982 0.217196
vn 0.587455 0.772016 0.242668
vn 0.756028 0.624418 0.196273
vn 0.587455 0.772016 0.242668
vn 0.756028 0.624418 0.196273
vn 0.587455 0.772016 0.242668
vn 0.615566 0.751819 0.236319
vn 0.524454 0.812257 0.255317
vn 0.469365 0.842370 0.264782
vn 0.288084 0.913538 0.287152
vn 0.327905 0.901237 0.283286
vn 0.168056 0.940414 0.295600
vn 0.327905 0.901237 0.283286
vn 0.168056 0.940414 0.295600
vn 0.327905 0.901237 0.283286
vn 0.168056 0.940414 0.295600
vn 0.005654 0.953966 0.299860
vn 0.338544 0.897649 0.282158
vn 0.471207 0.841433 0.264488
vn 0.575166 0.780392 0.245301
vn 0.716722 0.665268 0.209114
vn 0.803021 0.568526 0.178705
vn 0.895139 0.425273 0.133676
vn 0.944431 0.313584 0.098569
vn 0.988813 0.142294 0.044727
vn 1.000000 0.000000 0.000000
vn 0.469365 0.842370 0.264782
vn 0.469365 0.842370 0.264782
vn 0.857067 0.491496 0.154492
vn 0.857067 0.491496 0.154492
vn 0.942034 0.320078 0.100610
vn 0.942034 0.320078 0.100610
vn 0.168056 -0.952582 0.253664
vn 0.220021 -0.942645 0.251018
vn 0.327905 -0.912898 0.243097
vn 0.419876 -0.877019 0.233543
vn 0.469365 -0.853269 0.227218
vn 0.581900 -0.785874 0.209271
vn 0.587455 -0.782005 0.208241
vn 0.703447 -0.686814 0.182893
vn 0.756028 -0.632497 0.168429
vn 0.853010 -0.504320 0.134296
vn 0.857067 -0.497855 0.132574
vn 0.928477 -0.358884 0.095568
vn 0.942034 -0.324220 0.086337
vn 0.979666 -0.193879 0.051628
vn 0.942034 -0.324220 0.086337
vn 0.979666 -0.193879 0.051628
vn 0.942034 -0.324220 0.086337
vn 0.979666 -0.193879 0.051628
vn 0.942034 -0.324220 0.086337
vn 0.979666 -0.193879 0.051628
vn 1.000000 -0.000000 0.000000
vn 0.987693 -0.151140 0.040247
vn 1.000000 -0.000000 0.000000
vn 0.857067 -0.497855 0.132574
vn 0.756028 -0.632497 0.168429
vn 0.587455 -0.782005 0.208241
vn 0.469365 -0.853269 0.227218
vn 0.419876 -0.877019 0.233543
vn 0.327905 -0.912898 0.243097
vn 0.220021 -0.942645 0.251018
vn 0.168056 -0.952582 0.253664
vn 0.168056 -0.952582 0.253664
vn 0.168056 -0.952582 0.253664
vn 0.327905 -0.912898 0.243097
vn 0.857067 -0.497855 0.132574
vn 0.857067 -0.497855 0.132574
vn 0.756028 -0.632497 0.168429
vn 0.756028 -0.632497 0.168429
vn 0.587455 -0.782005 0.208241
vn 0.587455 -0.782005 0.208241
vn 0.469365 -0.853269 0.227218
vn 0.469365 -0.853269 0.227218
vn 0.327905 -0.912898 0.243097
vn 0.024238 -0.055855 0.998145
vn 0.047831 -0.055970 0.997286
vn 0.168040 -0.069716 0.983312
vn 0.327875 -0.066812 0.942356
vn 0.498371 -0.073043 0.863881
vn 0.291574 -0.061600 0.954563
vn 0.168795 -0.057742 0.983958
vn 0.132741 -0.057005 0.989510
vn 0.092611 -0.056394 0.994104
vn 0.766011 -0.098631 0.635216
vn 0.469443 -0.217987 0.855631
vn 0.327968 -0.233247 0.915441
vn 0.168091 -0.243403 0.955249
vn 0.168042 -0.432403 0.885884
vn 0.168041 -0.559455 0.811648
vn 0.167811 -0.696569 0.697590
vn 0.327877 -0.536154 0.777840
vn 0.327465 -0.667674 0.668564
vn 0.469330 -0.501142 0.727039
vn 0.468815 -0.624239 0.624931
vn 0.587416 -0.459298 0.666324
vn 0.586874 -0.572300 0.572757
vn 0.755993 -0.371505 0.538942
vn 0.755536 -0.463245 0.463216
vn 0.857039 -0.292438 0.424222
vn 0.856718 -0.364926 0.364504
vn 0.942025 -0.190453 0.276256
vn 0.941875 -0.237936 0.237188
vn 0.979663 -0.113893 0.165191
vn 0.979608 -0.142429 0.141715
vn 1.000000 0.000000 -0.000000
vn 1.000000 0.000000 -0.000000
vn 0.946223 -0.119695 0.300559
vn 0.857109 -0.127053 0.499221
vn 0.756093 -0.161497 0.634226
vn 0.587535 -0.199751 0.784157
vn 0.587420 -0.354977 0.727275
vn 0.469334 -0.387324 0.793540
vn 0.942026 -0.147161 0.301548
vn 0.857041 -0.225991 0.463043
vn 0.979641 -0.171175 0.104898
vn 1.000000 0.000000 -0.000000
vn 0.979662 -0.190247 0.063785
vn 0.942021 -0.318153 0.106657
vn 0.857030 -0.488550 0.163761
vn 0.941964 -0.286424 0.175116
vn 0.856909 -0.440077 0.268401
vn 0.853010 -0.504320 0.134296
vn 0.755981 -0.620658 0.208030
vn 0.755808 -0.559227 0.340617
vn 0.703447 -0.686814 0.182893
vn 0.587402 -0.767343 0.257184
vn 0.587197 -0.691500 0.420746
vn 0.581900 -0.785874 0.209271
vn 0.469316 -0.837257 0.280612
vn 0.469121 -0.754529 0.458924
vn 0.419876 -0.877019 0.233543
vn 0.327866 -0.895754 0.300214
vn 0.327710 -0.807255 0.490862
vn 0.220021 -0.942645 0.251018
vn 0.168035 -0.934683 0.313259
vn 0.167948 -0.842338 0.512114
vn 0.000000 -0.966325 0.257324
vn 0.755996 -0.287111 0.588249
vn 0.327880 -0.414390 0.848985
vn 1.000000 0.000000 0.000000
f 1149/1257/1239 1150/1258/1240 1238/1259/1241
f 1238/1259/1241 1150/1258/1240 1151/1260/1242
f 1238/1259/1241 1151/1260/1242 1237/1261/1243
f 1237/1261/1243 1151/1260/1242 1152/1262/1244
f 1237/1261/1243 1152/1262/1244 1236/1263/1245
f 1236/1263/1245 1152/1262/1244 1153/1264/1246
f 1236/1263/1245 1153/1264/1246 1248/1265/1247
f 1248/1265/1247 1153/1264/1246 1240/1266/1248
f 1248/1265/1247 1240/1266/1248 1440/1267/1249
f 1440/1267/1249 1240/1266/1248 1260/1268/1250
f 1440/1267/1249 1260/1268/1250 1259/1269/1251
f 1259/1269/1251 1260/1268/1250 1254/1270/1252
f 1259/1269/1251 1254/1270/1252 1255/1271/1253
f 1255/1271/1253 1254/1270/1252 1264/1272/1254
f 1255/1271/1253 1264/1272/1254 1242/1273/1255
f 1242/1273/1255 1264/1272/1254 1277/1274/1256
f 1242/1273/1255 1277/1274/1256 1229/1275/1257
f 1229/1275/1257 1277/1274/1256 1244/1276/1258
f 1229/1275/1257 1244/1276/1258 1228/1277/1259
f 1228/1277/1259 1244/1276/1258 1308/1278/1260
f 1228/1277/1259 1308/1278/1260 1227/1279/1261
f 1227/1279/1261 1308/1278/1260 1332/1280/1262
f 1227/1279/1261 1332/1280/1262 1226/1281/1263
f 1226/1281/1263 1332/1280/1262 1345/1282/1264
f 1226/1281/1263 1345/1282/1264 1225/1283/1265
f 1225/1283/1265 1345/1282/1264 1358/1284/1266
f 1225/1283/1265 1358/1284/1266 1224/1285/1267
f 1224/1285/1267 1358/1284/1266 1223/1286/1268
f 1223/1286/1268 1358/1284/1266 1246/1287/1269
f 1223/1286/1268 1246/1287/1269 1222/1288/1270
f 1222/1288/1270 1246/1287/1269 1221/1289/1271
f 1221/1289/1271 1246/1287/1269 1383/1290/1272
f 1221/1289/1271 1383/1290/1272 1382/1291/1273
f 1382/1291/1273 1383/1290/1272 1384/1292/1274
f 1382/1291/1273 1384/1292/1274 1381/1293/1275
f 1381/1293/1275 1384/1292/1274 1385/1294/1276
f 1381/1293/1275 1385/1294/1276 1380/1295/1277
f 1380/1295/1277 1385/1294/1276 1386/1296/1278
f 1380/1295/1277 1386/1296/1278 1379/1297/1279
f 1379/1297/1279 1386/1296/1278 1387/1298/1280
f 1379/1297/1279 1387/1298/1280 1378/1299/1281
f 1378/1299/1281 1387/1298/1280 1388/1300/1282
f 1378/1299/1281 1388/1300/1282 1377/1301/1283
f 1377/1301/1283 1388/1300/1282 1389/1302/1284
f 1377/1301/1283 1389/1302/1284 1376/1303/1285
f 1376/1303/1285 1389/1302/1284 1390/1304/1286
f 1376/1303/1285 1390/1304/1286 1375/1305/1287
f 1375/1305/1287 1390/1304/1286 1391/1306/1288
f 1375/1305/1287 1391/1306/1288 1374/1307/1289
f 1374/1307/1289 1391/1306/1288 1392/1308/1290
f 1374/1307/1289 1392/1308/1290 1373/1309/1291
f 1373/1309/1291 1392/1308/1290 1393/1310/1292
f 1373/1309/1291 1393/1310/1292 1372/1311/1293
f 1372/1311/1293 1393/1310/1292 1394/1312/1294
f 1372/1311/1293 1394/1312/1294 1371/1313/1295
f 1371/1313/1295 1394/1312/1294 1395/1314/1296
f 1371/1313/1295 1395/1314/1296 1370/1315/1297
f 1370/1315/1297 1395/1314/1296 1200/1316/1298
f 1370/1315/1297 1200/1316/1298 1201/1317/1299
f 1153/1264/1246 1154/1318/1300 1240/1266/1248
f 1240/1266/1248 1154/1318/1300 1252/1319/1301
f 1240/1266/1248 1252/1319/1301 1253/1320/1302
f 1253/1320/1302 1252/1319/1301 1262/1321/1303
f 1253/1320/1302 1262/1321/1303 1263/1322/1304
f 1263/1322/1304 1262/1321/1303 1275/1323/1305
f 1263/1322/1304 1275/1323/1305 1276/1324/1306
f 1276/1324/1306 1275/1323/1305 1309/1325/1307
f 1276/1324/1306 1309/1325/1307 1244/1276/1258
f 1244/1276/1258 1309/1325/1307 1308/1278/1260
f 1154/1318/1300 1155/1326/1308 1252/1319/1301
f 1252/1319/1301 1155/1326/1308 1261/1327/1309
f 1252/1319/1301 1261/1327/1309 1262/1321/1303
f 1262/1321/1303 1261/1327/1309 1274/1328/1310
f 1262/1321/1303 1274/1328/1310 1275/1323/1305
f 1275/1323/1305 1274/1328/1310 1310/1329/1311
f 1275/1323/1305 1310/1329/1311 1309/1325/1307
f 1309/1325/1307 1310/1329/1311 1307/1330/1312
f 1309/1325/1307 1307/1330/1312 1308/1278/1260
f 1308/1278/1260 1307/1330/1312 1332/1280/1262
f 1155/1326/1308 1156/1331/1313 1261/1327/1309
f 1261/1327/1309 1156/1331/1313 1273/1332/1314
f 1261/1327/1309 1273/1332/1314 1274/1328/1310
f 1274/1328/1310 1273/1332/1314 1311/1333/1315
f 1274/1328/1310 1311/1333/1315 1310/1329/1311
f 1310/1329/1311 1311/1333/1315 1306/1334/1316
f 1310/1329/1311 1306/1334/1316 1307/1330/1312
f 1307/1330/1312 1306/1334/1316 1331/1335/1317
f 1307/1330/1312 1331/1335/1317 1332/1280/1262
f 1332/1280/1262 1331/1335/1317 1345/1282/1264
f 1273/1332/1314 1156/1331/1313 1272/1336/1318
f 1272/1336/1318 1156/1331/1313 1157/1337/1319
f 1272/1336/1318 1157/1337/1319 1158/1338/1320
f 1158/1338/1320 1159/1339/1321 1272/1336/1318
f 1272/1336/1318 1159/1339/1321 1271/1340/1322
f 1272/1336/1318 1271/1340/1322 1313/1341/1323
f 1313/1341/1323 1271/1340/1322 1314/1342/1324
f 1313/1341/1323 1314/1342/1324 1303/1343/1325
f 1303/1343/1325 1314/1342/1324 1302/1344/1326
f 1303/1343/1325 1302/1344/1326 1327/1345/1327
f 1327/1345/1327 1302/1344/1326 1326/1346/1328
f 1327/1345/1327 1326/1346/1328 1340/1347/1329
f 1340/1347/1329 1326/1346/1328 1339/1348/1330
f 1340/1347/1329 1339/1348/1330 1353/1349/1331
f 1353/1349/1331 1339/1348/1330 1352/1350/1332
f 1353/1349/1331 1352/1350/1332 1365/1351/1333
f 1365/1351/1333 1352/1350/1332 1364/1352/1334
f 1365/1351/1333 1364/1352/1334 1388/1300/1282
f 1388/1300/1282 1364/1352/1334 1389/1302/1284
f 1159/1339/1321 1160/1353/1335 1271/1340/1322
f 1271/1340/1322 1160/1353/1335 1161/1354/1336
f 1271/1340/1322 1161/1354/1336 1162/1355/1337
f 1162/1355/1337 1163/1356/1338 1271/1340/1322
f 1271/1340/1322 1163/1356/1338 1164/1357/1339
f 1271/1340/1322 1164/1357/1339 1165/1358/1340
f 1165/1358/1340 1166/1359/1341 1271/1340/1322
f 1271/1340/1322 1166/1359/1341 1167/1360/1342
f 1271/1340/1322 1167/1360/1342 1168/1361/1343
f 1168/1361/1343 1169/1362/1344 1271/1340/1322
f 1271/1340/1322 1169/1362/1344 1170/1363/1345
f 1271/1340/1322 1170/1363/1345 1171/1364/1346
f 1171/1364/1346 1172/1365/1347 1271/1340/1322
f 1271/1340/1322 1172/1365/1347 1173/1366/1348
f 1271/1340/1322 1173/1366/1348 1270/1367/1349
f 1270/1367/1349 1173/1366/1348 1174/1368/1350
f 1270/1367/1349 1174/1368/1350 1278/1369/1351
f 1278/1369/1351 1174/1368/1350 1175/1370/1352
f 1278/1369/1351 1175/1370/1352 1282/1371/1353
f 1282/1371/1353 1175/1370/1352 1176/1372/1354
f 1282/1371/1353 1176/1372/1354 1287/1373/1355
f 1287/1373/1355 1176/1372/1354 1295/1374/1356
f 1287/1373/1355 1295/1374/1356 1435/1375/1357
f 1435/1375/1357 1295/1374/1356 1294/1376/1358
f 1435/1375/1357 1294/1376/1358 1436/1377/1359
f 1436/1377/1359 1294/1376/1358 1293/1378/1360
f 1436/1377/1359 1293/1378/1360 1437/1379/1361
f 1437/1379/1361 1293/1378/1360 1292/1380/1362
f 1437/1379/1361 1292/1380/1362 1241/1381/1363
f 1241/1381/1363 1292/1380/1362 1190/1382/1364
f 1241/1381/1363 1190/1382/1364 1191/1383/1365
f 1176/1372/1354 1177/1384/1366 1295/1374/1356
f 1295/1374/1356 1177/1384/1366 1294/1376/1358
f 1178/1385/1367 1185/1386/1368 1177/1384/1366
f 1177/1384/1366 1185/1386/1368 1186/1387/1369
f 1177/1384/1366 1186/1387/1369 1294/1376/1358
f 1294/1376/1358 1186/1387/1369 1293/1378/1360
f 1185/1386/1368 1178/1385/1367 1184/1388/1370
f 1184/1388/1370 1178/1385/1367 1179/1389/1371
f 1184/1388/1370 1179/1389/1371 1183/1390/1372
f 1183/1390/1372 1179/1389/1371 1180/1391/1373
f 1183/1390/1372 1180/1391/1373 1181/1392/1374
f 1181/1392/1374 1182/1393/1375 1183/1390/1372
f 1186/1387/1369 1187/1394/1376 1293/1378/1360
f 1293/1378/1360 1187/1394/1376 1188/1395/1377
f 1293/1378/1360 1188/1395/1377 1292/1380/1362
f 1292/1380/1362 1188/1395/1377 1189/1396/1378
f 1292/1380/1362 1189/1396/1378 1190/1382/1364
f 1192/1397/1379 1243/1398/1380 1191/1383/1365
f 1191/1383/1365 1243/1398/1380 1286/1399/1381
f 1191/1383/1365 1286/1399/1381 1291/1400/1382
f 1291/1400/1382 1286/1399/1381 1285/1401/1383
f 1291/1400/1382 1285/1401/1383 1290/1402/1384
f 1290/1402/1384 1285/1401/1383 1284/1403/1385
f 1290/1402/1384 1284/1403/1385 1289/1404/1386
f 1289/1404/1386 1284/1403/1385 1283/1405/1387
f 1289/1404/1386 1283/1405/1387 1288/1406/1388
f 1288/1406/1388 1283/1405/1387 1282/1371/1353
f 1288/1406/1388 1282/1371/1353 1287/1373/1355
f 1193/1407/1389 1245/1408/1390 1192/1397/1379
f 1192/1397/1379 1245/1408/1390 1265/1409/1391
f 1192/1397/1379 1265/1409/1391 1243/1398/1380
f 1243/1398/1380 1265/1409/1391 1266/1410/1392
f 1243/1398/1380 1266/1410/1392 1281/1411/1393
f 1281/1411/1393 1266/1410/1392 1267/1412/1394
f 1281/1411/1393 1267/1412/1394 1280/1413/1395
f 1280/1413/1395 1267/1412/1394 1268/1414/1396
f 1280/1413/1395 1268/1414/1396 1279/1415/1397
f 1279/1415/1397 1268/1414/1396 1269/1416/1398
f 1279/1415/1397 1269/1416/1398 1278/1369/1351
f 1278/1369/1351 1269/1416/1398 1270/1367/1349
f 1245/1408/1390 1193/1407/1389 1296/1417/1399
f 1296/1417/1399 1193/1407/1389 1194/1418/1400
f 1296/1417/1399 1194/1418/1400 1320/1419/1401
f 1320/1419/1401 1194/1418/1400 1195/1420/1402
f 1320/1419/1401 1195/1420/1402 1333/1421/1403
f 1333/1421/1403 1195/1420/1402 1196/1422/1404
f 1333/1421/1403 1196/1422/1404 1346/1423/1405
f 1346/1423/1405 1196/1422/1404 1197/1424/1406
f 1346/1423/1405 1197/1424/1406 1198/1425/1407
f 1346/1423/1405 1198/1425/1407 1247/1426/1408
f 1247/1426/1408 1198/1425/1407 1199/1427/1409
f 1247/1426/1408 1199/1427/1409 1200/1316/1298
f 1370/1315/1297 1201/1317/1299 1396/1428/1410
f 1396/1428/1410 1201/1317/1299 1202/1429/1411
f 1396/1428/1410 1202/1429/1411 1409/1430/1412
f 1409/1430/1412 1202/1429/1411 1203/1431/1413
f 1409/1430/1412 1203/1431/1413 1422/1432/1414
f 1422/1432/1414 1203/1431/1413 1204/1433/1415
f 1422/1432/1414 1204/1433/1415 1205/1434/1416
f 1422/1432/1414 1205/1434/1416 1423/1435/1417
f 1423/1435/1417 1205/1434/1416 1206/1436/1418
f 1423/1435/1417 1206/1436/1418 1410/1437/1419
f 1410/1437/1419 1206/1436/1418 1411/1438/1420
f 1410/1437/1419 1411/1438/1420 1397/1439/1421
f 1397/1439/1421 1411/1438/1420 1398/1440/1422
f 1397/1439/1421 1398/1440/1422 1371/1313/1295
f 1371/1313/1295 1398/1440/1422 1372/1311/1293
f 1411/1438/1420 1206/1436/1418 1434/1441/1423
f 1434/1441/1423 1206/1436/1418 1207/1442/1424
f 1434/1441/1423 1207/1442/1424 1411/1438/1420
f 1411/1438/1420 1207/1442/1424 1412/1443/1425
f 1411/1438/1420 1412/1443/1425 1398/1440/1422
f 1398/1440/1422 1412/1443/1425 1399/1444/1426
f 1398/1440/1422 1399/1444/1426 1372/1311/1293
f 1372/1311/1293 1399/1444/1426 1373/1309/1291
f 1412/1443/1425 1207/1442/1424 1433/1445/1427
f 1433/1445/1427 1207/1442/1424 1208/1446/1428
f 1433/1445/1427 1208/1446/1428 1412/1443/1425
f 1412/1443/1425 1208/1446/1428 1413/1447/1429
f 1412/1443/1425 1413/1447/1429 1399/1444/1426
f 1399/1444/1426 1413/1447/1429 1400/1448/1430
f 1399/1444/1426 1400/1448/1430 1373/1309/1291
f 1373/1309/1291 1400/1448/1430 1374/1307/1289
f 1413/1447/1429 1208/1446/1428 1432/1449/1431
f 1432/1449/1431 1208/1446/1428 1209/1450/1432
f 1432/1449/1431 1209/1450/1432 1413/1447/1429
f 1413/1447/1429 1209/1450/1432 1414/1451/1433
f 1413/1447/1429 1414/1451/1433 1400/1448/1430
f 1400/1448/1430 1414/1451/1433 1401/1452/1434
f 1400/1448/1430 1401/1452/1434 1374/1307/1289
f 1374/1307/1289 1401/1452/1434 1375/1305/1287
f 1414/1451/1433 1209/1450/1432 1431/1453/1435
f 1431/1453/1435 1209/1450/1432 1210/1454/1436
f 1431/1453/1435 1210/1454/1436 1414/1451/1433
f 1414/1451/1433 1210/1454/1436 1415/1455/1437
f 1414/1451/1433 1415/1455/1437 1401/1452/1434
f 1401/1452/1434 1415/1455/1437 1402/1456/1438
f 1401/1452/1434 1402/1456/1438 1375/1305/1287
f 1375/1305/1287 1402/1456/1438 1376/1303/1285
f 1415/1455/1437 1210/1454/1436 1430/1457/1439
f 1430/1457/1439 1210/1454/1436 1211/1458/1440
f 1430/1457/1439 1211/1458/1440 1415/1455/1437
f 1415/1455/1437 1211/1458/1440 1416/1459/1441
f 1415/1455/1437 1416/1459/1441 1402/1456/1438
f 1402/1456/1438 1416/1459/1441 1403/1460/1442
f 1402/1456/1438 1403/1460/1442 1376/1303/1285
f 1376/1303/1285 1403/1460/1442 1377/1301/1283
f 1416/1459/1441 1211/1458/1440 1429/1461/1443
f 1429/1461/1443 1211/1458/1440 1212/1462/1444
f 1429/1461/1443 1212/1462/1444 1416/1459/1441
f 1416/1459/1441 1212/1462/1444 1417/1463/1445
f 1416/1459/1441 1417/1463/1445 1403/1460/1442
f 1403/1460/1442 1417/1463/1445 1404/1464/1446
f 1403/1460/1442 1404/1464/1446 1377/1301/1283
f 1377/1301/1283 1404/1464/1446 1378/1299/1281
f 1417/1463/1445 1212/1462/1444 1428/1465/1447
f 1428/1465/1447 1212/1462/1444 1213/1466/1448
f 1428/1465/1447 1213/1466/1448 1417/1463/1445
f 1417/1463/1445 1213/1466/1448 1418/1467/1449
f 1417/1463/1445 1418/1467/1449 1404/1464/1446
f 1404/1464/1446 1418/1467/1449 1405/1468/1450
f 1404/1464/1446 1405/1468/1450 1378/1299/1281
f 1378/1299/1281 1405/1468/1450 1379/1297/1279
f 1418/1467/1449 1213/1466/1448 1427/1469/1451
f 1427/1469/1451 1213/1466/1448 1214/1470/1452
f 1427/1469/1451 1214/1470/1452 1418/1467/1449
f 1418/1467/1449 1214/1470/1452 1419/1471/1453
f 1418/1467/1449 1419/1471/1453 1405/1468/1450
f 1405/1468/1450 1419/1471/1453 1406/1472/1454
f 1405/1468/1450 1406/1472/1454 1379/1297/1279
f 1379/1297/1279 1406/1472/1454 1380/1295/1277
f 1419/1471/1453 1214/1470/1452 1426/1473/1455
f 1426/1473/1455 1214/1470/1452 1215/1474/1456
f 1426/1473/1455 1215/1474/1456 1419/1471/1453
f 1419/1471/1453 1215/1474/1456 1420/1475/1457
f 1419/1471/1453 1420/1475/1457 1406/1472/1454
f 1406/1472/1454 1420/1475/1457 1407/1476/1458
f 1406/1472/1454 1407/1476/1458 1380/1295/1277
f 1380/1295/1277 1407/1476/1458 1381/1293/1275
f 1420/1475/1457 1215/1474/1456 1425/1477/1459
f 1425/1477/1459 1215/1474/1456 1216/1478/1460
f 1425/1477/1459 1216/1478/1460 1420/1475/1457
f 1420/1475/1457 1216/1478/1460 1424/1479/1461
f 1420/1475/1457 1424/1479/1461 1421/1480/1462
f 1421/1480/1462 1424/1479/1461 1218/1481/1463
f 1421/1480/1462 1218/1481/1463 1219/1482/1464
f 1216/1478/1460 1217/1483/1465 1424/1479/1461
f 1424/1479/1461 1217/1483/1465 1218/1481/1463
f 1421/1480/1462 1219/1482/1464 1408/1484/1466
f 1408/1484/1466 1219/1482/1464 1220/1485/1467
f 1408/1484/1466 1220/1485/1467 1382/1291/1273
f 1382/1291/1273 1220/1485/1467 1221/1289/1271
f 1229/1275/1257 1230/1486/1468 1242/1273/1255
f 1242/1273/1255 1230/1486/1468 1256/1487/1469
f 1242/1273/1255 1256/1487/1469 1255/1271/1253
f 1255/1271/1253 1256/1487/1469 1258/1488/1470
f 1255/1271/1253 1258/1488/1470 1259/1269/1251
f 1259/1269/1251 1258/1488/1470 1439/1489/1471
f 1259/1269/1251 1439/1489/1471 1440/1267/1249
f 1440/1267/1249 1439/1489/1471 1248/1265/1247
f 1231/1490/1472 1239/1491/1473 1230/1486/1468
f 1230/1486/1468 1239/1491/1473 1257/1492/1474
f 1230/1486/1468 1257/1492/1474 1256/1487/1469
f 1256/1487/1469 1257/1492/1474 1258/1488/1470
f 1231/1490/1472 1232/1493/1475 1239/1491/1473
f 1239/1491/1473 1232/1493/1475 1251/1494/1476
f 1239/1491/1473 1251/1494/1476 1250/1495/1477
f 1250/1495/1477 1251/1494/1476 1233/1496/1478
f 1250/1495/1477 1233/1496/1478 1234/1497/1479
f 1232/1493/1475 1233/1496/1478 1251/1494/1476
f 1234/1497/1479 1235/1498/1480 1250/1495/1477
f 1250/1495/1477 1235/1498/1480 1249/1499/1481
f 1250/1495/1477 1249/1499/1481 1438/1500/1482
f 1438/1500/1482 1249/1499/1481 1439/1489/1471
f 1438/1500/1482 1439/1489/1471 1258/1488/1470
f 1235/1498/1480 1236/1263/1245 1249/1499/1481
f 1249/1499/1481 1236/1263/1245 1248/1265/1247
f 1249/1499/1481 1248/1265/1247 1439/1489/1471
f 1191/1383/1365 1291/1400/1382 1241/1381/1363
f 1241/1381/1363 1291/1400/1382 1290/1402/1384
f 1241/1381/1363 1290/1402/1384 1437/1379/1361
f 1437/1379/1361 1290/1402/1384 1289/1404/1386
f 1437/1379/1361 1289/1404/1386 1436/1377/1359
f 1436/1377/1359 1289/1404/1386 1288/1406/1388
f 1436/1377/1359 1288/1406/1388 1435/1375/1357
f 1435/1375/1357 1288/1406/1388 1287/1373/1355
f 1276/1324/1306 1244/1276/1258 1277/1274/1256
f 1200/1316/1298 1395/1314/1296 1247/1426/1408
f 1247/1426/1408 1395/1314/1296 1394/1312/1294
f 1247/1426/1408 1394/1312/1294 1359/1501/1483
f 1359/1501/1483 1394/1312/1294 1393/1310/1292
f 1359/1501/1483 1393/1310/1292 1360/1502/1484
f 1360/1502/1484 1393/1310/1292 1392/1308/1290
f 1360/1502/1484 1392/1308/1290 1361/1503/1485
f 1361/1503/1485 1392/1308/1290 1391/1306/1288
f 1361/1503/1485 1391/1306/1288 1362/1504/1486
f 1362/1504/1486 1391/1306/1288 1390/1304/1286
f 1362/1504/1486 1390/1304/1286 1363/1505/1487
f 1363/1505/1487 1390/1304/1286 1389/1302/1284
f 1363/1505/1487 1389/1302/1284 1364/1352/1334
f 1239/1491/1473 1250/1495/1477 1438/1500/1482
f 1260/1268/1250 1240/1266/1248 1253/1320/1302
f 1260/1268/1250 1253/1320/1302 1254/1270/1252
f 1254/1270/1252 1253/1320/1302 1263/1322/1304
f 1254/1270/1252 1263/1322/1304 1264/1272/1254
f 1264/1272/1254 1263/1322/1304 1276/1324/1306
f 1264/1272/1254 1276/1324/1306 1277/1274/1256
f 1438/1500/1482 1258/1488/1470 1257/1492/1474
f 1239/1491/1473 1438/1500/1482 1257/1492/1474
f 1266/1410/1392 1265/1409/1391 1319/1506/1488
f 1319/1506/1488 1265/1409/1391 1245/1408/1390
f 1319/1506/1488 1245/1408/1390 1297/1507/1489
f 1297/1507/1489 1245/1408/1390 1296/1417/1399
f 1297/1507/1489 1296/1417/1399 1321/1508/1490
f 1321/1508/1490 1296/1417/1399 1320/1419/1401
f 1321/1508/1490 1320/1419/1401 1334/1509/1491
f 1334/1509/1491 1320/1419/1401 1333/1421/1403
f 1334/1509/1491 1333/1421/1403 1347/1510/1492
f 1347/1510/1492 1333/1421/1403 1346/1423/1405
f 1347/1510/1492 1346/1423/1405 1359/1501/1483
f 1359/1501/1483 1346/1423/1405 1247/1426/1408
f 1267/1412/1394 1266/1410/1392 1318/1511/1493
f 1318/1511/1493 1266/1410/1392 1319/1506/1488
f 1318/1511/1493 1319/1506/1488 1298/1512/1494
f 1298/1512/1494 1319/1506/1488 1297/1507/1489
f 1298/1512/1494 1297/1507/1489 1322/1513/1495
f 1322/1513/1495 1297/1507/1489 1321/1508/1490
f 1322/1513/1495 1321/1508/1490 1335/1514/1496
f 1335/1514/1496 1321/1508/1490 1334/1509/1491
f 1335/1514/1496 1334/1509/1491 1348/1515/1497
f 1348/1515/1497 1334/1509/1491 1347/1510/1492
f 1348/1515/1497 1347/1510/1492 1360/1502/1484
f 1360/1502/1484 1347/1510/1492 1359/1501/1483
f 1268/1414/1396 1267/1412/1394 1317/1516/1498
f 1317/1516/1498 1267/1412/1394 1318/1511/1493
f 1317/1516/1498 1318/1511/1493 1299/1517/1499
f 1299/1517/1499 1318/1511/1493 1298/1512/1494
f 1299/1517/1499 1298/1512/1494 1323/1518/1500
f 1323/1518/1500 1298/1512/1494 1322/1513/1495
f 1323/1518/1500 1322/1513/1495 1336/1519/1501
f 1336/1519/1501 1322/1513/1495 1335/1514/1496
f 1336/1519/1501 1335/1514/1496 1349/1520/1502
f 1349/1520/1502 1335/1514/1496 1348/1515/1497
f 1349/1520/1502 1348/1515/1497 1361/1503/1485
f 1361/1503/1485 1348/1515/1497 1360/1502/1484
f 1269/1416/1398 1268/1414/1396 1316/1521/1503
f 1316/1521/1503 1268/1414/1396 1317/1516/1498
f 1316/1521/1503 1317/1516/1498 1300/1522/1504
f 1300/1522/1504 1317/1516/1498 1299/1517/1499
f 1300/1522/1504 1299/1517/1499 1324/1523/1505
f 1324/1523/1505 1299/1517/1499 1323/1518/1500
f 1324/1523/1505 1323/1518/1500 1337/1524/1506
f 1337/1524/1506 1323/1518/1500 1336/1519/1501
f 1337/1524/1506 1336/1519/1501 1350/1525/1507
f 1350/1525/1507 1336/1519/1501 1349/1520/1502
f 1350/1525/1507 1349/1520/1502 1362/1504/1486
f 1362/1504/1486 1349/1520/1502 1361/1503/1485
f 1314/1342/1324 1271/1340/1322 1270/1367/1349
f 1270/1367/1349 1269/1416/1398 1315/1526/1508
f 1315/1526/1508 1269/1416/1398 1316/1521/1503
f 1315/1526/1508 1316/1521/1503 1301/1527/1509
f 1301/1527/1509 1316/1521/1503 1300/1522/1504
f 1301/1527/1509 1300/1522/1504 1325/1528/1510
f 1325/1528/1510 1300/1522/1504 1324/1523/1505
f 1325/1528/1510 1324/1523/1505 1338/1529/1511
f 1338/1529/1511 1324/1523/1505 1337/1524/1506
f 1338/1529/1511 1337/1524/1506 1351/1530/1512
f 1351/1530/1512 1337/1524/1506 1350/1525/1507
f 1351/1530/1512 1350/1525/1507 1363/1505/1487
f 1363/1505/1487 1350/1525/1507 1362/1504/1486
f 1273/1332/1314 1272/1336/1318 1312/1531/1513
f 1312/1531/1513 1272/1336/1318 1313/1341/1323
f 1312/1531/1513 1313/1341/1323 1304/1532/1514
f 1304/1532/1514 1313/1341/1323 1303/1343/1325
f 1304/1532/1514 1303/1343/1325 1328/1533/1515
f 1328/1533/1515 1303/1343/1325 1327/1345/1327
f 1328/1533/1515 1327/1345/1327 1341/1534/1516
f 1341/1534/1516 1327/1345/1327 1340/1347/1329
f 1341/1534/1516 1340/1347/1329 1354/1535/1517
f 1354/1535/1517 1340/1347/1329 1353/1349/1331
f 1354/1535/1517 1353/1349/1331 1366/1536/1518
f 1366/1536/1518 1353/1349/1331 1365/1351/1333
f 1366/1536/1518 1365/1351/1333 1387/1298/1280
f 1387/1298/1280 1365/1351/1333 1388/1300/1282
f 1282/1371/1353 1283/1405/1387 1278/1369/1351
f 1278/1369/1351 1283/1405/1387 1279/1415/1397
f 1283/1405/1387 1284/1403/1385 1279/1415/1397
f 1279/1415/1397 1284/1403/1385 1280/1413/1395
f 1286/1399/1381 1243/1398/1380 1281/1411/1393
f 1284/1403/1385 1285/1401/1383 1280/1413/1395
f 1280/1413/1395 1285/1401/1383 1281/1411/1393
f 1285/1401/1383 1286/1399/1381 1281/1411/1393
f 1301/1527/1509 1302/1344/1326 1315/1526/1508
f 1315/1526/1508 1302/1344/1326 1314/1342/1324
f 1315/1526/1508 1314/1342/1324 1270/1367/1349
f 1302/1344/1326 1301/1527/1509 1326/1346/1328
f 1326/1346/1328 1301/1527/1509 1325/1528/1510
f 1326/1346/1328 1325/1528/1510 1339/1348/1330
f 1339/1348/1330 1325/1528/1510 1338/1529/1511
f 1339/1348/1330 1338/1529/1511 1352/1350/1332
f 1352/1350/1332 1338/1529/1511 1351/1530/1512
f 1352/1350/1332 1351/1530/1512 1364/1352/1334
f 1364/1352/1334 1351/1530/1512 1363/1505/1487
f 1304/1532/1514 1305/1537/1519 1312/1531/1513
f 1312/1531/1513 1305/1537/1519 1311/1333/1315
f 1312/1531/1513 1311/1333/1315 1273/1332/1314
f 1311/1333/1315 1305/1537/1519 1306/1334/1316
f 1306/1334/1316 1305/1537/1519 1330/1538/1520
f 1306/1334/1316 1330/1538/1520 1331/1335/1317
f 1331/1335/1317 1330/1538/1520 1344/1539/1521
f 1331/1335/1317 1344/1539/1521 1345/1282/1264
f 1345/1282/1264 1344/1539/1521 1358/1284/1266
f 1305/1537/1519 1304/1532/1514 1329/1540/1522
f 1329/1540/1522 1304/1532/1514 1328/1533/1515
f 1329/1540/1522 1328/1533/1515 1342/1541/1523
f 1342/1541/1523 1328/1533/1515 1341/1534/1516
f 1342/1541/1523 1341/1534/1516 1355/1542/1524
f 1355/1542/1524 1341/1534/1516 1354/1535/1517
f 1355/1542/1524 1354/1535/1517 1367/1543/1525
f 1367/1543/1525 1354/1535/1517 1366/1536/1518
f 1367/1543/1525 1366/1536/1518 1386/1296/1278
f 1386/1296/1278 1366/1536/1518 1387/1298/1280
f 1305/1537/1519 1329/1540/1522 1330/1538/1520
f 1330/1538/1520 1329/1540/1522 1343/1544/1526
f 1330/1538/1520 1343/1544/1526 1344/1539/1521
f 1344/1539/1521 1343/1544/1526 1357/1545/1527
f 1344/1539/1521 1357/1545/1527 1358/1284/1266
f 1358/1284/1266 1357/1545/1527 1246/1287/1269
f 1343/1544/1526 1329/1540/1522 1342/1541/1523
f 1343/1544/1526 1342/1541/1523 1356/1546/1528
f 1356/1546/1528 1342/1541/1523 1355/1542/1524
f 1356/1546/1528 1355/1542/1524 1368/1547/1529
f 1368/1547/1529 1355/1542/1524 1367/1543/1525
f 1368/1547/1529 1367/1543/1525 1385/1294/1276
f 1385/1294/1276 1367/1543/1525 1386/1296/1278
f 1343/1544/1526 1356/1546/1528 1357/1545/1527
f 1357/1545/1527 1356/1546/1528 1369/1548/1530
f 1357/1545/1527 1369/1548/1530 1246/1287/1269
f 1246/1287/1269 1369/1548/1530 1383/1290/1272
f 1369/1548/1530 1356/1546/1528 1368/1547/1529
f 1385/1294/1276 1384/1292/1274 1368/1547/1529
f 1368/1547/1529 1384/1292/1274 1369/1548/1530
f 1384/1292/1274 1383/1290/1272 1369/1548/1530
f 1397/1439/1421 1371/1313/1295 1370/1315/1297
f 1408/1484/1466 1382/1291/1273 1381/1293/1275
f 1408/1484/1466 1381/1293/1275 1407/1476/1458
f 1410/1437/1419 1397/1439/1421 1396/1428/1410
f 1396/1428/1410 1397/1439/1421 1370/1315/1297
f 1421/1480/1462 1408/1484/1466 1407/1476/1458
f 1421/1480/1462 1407/1476/1458 1420/1475/1457
f 1423/1435/1417 1410/1437/1419 1409/1430/1412
f 1409/1430/1412 1410/1437/1419 1396/1428/1410
f 1422/1432/1414 1423/1435/1417 1409/1430/1412
f 1183/1549/1531 1182/1550/1532 1469/1551/1533
f 1469/1551/1533 1182/1550/1532 1441/1552/1534
f 1469/1551/1533 1441/1552/1534 1468/1553/1535
f 1468/1553/1535 1441/1552/1534 1442/1554/1536
f 1468/1553/1535 1442/1554/1536 1467/1555/1537
f 1467/1555/1537 1442/1554/1536 1466/1556/1538
f 1467/1555/1537 1466/1556/1538 1481/1557/1539
f 1481/1557/1539 1466/1556/1538 1480/1558/1540
f 1481/1557/1539 1480/1558/1540 1489/1559/1541
f 1489/1559/1541 1480/1558/1540 1488/1560/1542
f 1489/1559/1541 1488/1560/1542 1497/1561/1543
f 1497/1561/1543 1488/1560/1542 1496/1562/1544
f 1497/1561/1543 1496/1562/1544 1506/1563/1545
f 1506/1563/1545 1496/1562/1544 1505/1564/1546
f 1506/1563/1545 1505/1564/1546 1515/1565/1547
f 1515/1565/1547 1505/1564/1546 1514/1566/1548
f 1515/1565/1547 1514/1566/1548 1458/1567/1549
f 1458/1567/1549 1514/1566/1548 1457/1568/1550
f 1457/1568/1550 1514/1566/1548 1513/1569/1551
f 1457/1568/1550 1513/1569/1551 1512/1570/1552
f 1512/1570/1552 1513/1569/1551 1503/1571/1553
f 1512/1570/1552 1503/1571/1553 1502/1572/1554
f 1502/1572/1554 1503/1571/1553 1493/1573/1555
f 1502/1572/1554 1493/1573/1555 1452/1574/1556
f 1452/1574/1556 1493/1573/1555 1484/1575/1557
f 1452/1574/1556 1484/1575/1557 1451/1576/1558
f 1451/1576/1558 1484/1575/1557 1475/1577/1559
f 1451/1576/1558 1475/1577/1559 1450/1578/1560
f 1450/1578/1560 1475/1577/1559 1449/1579/1561
f 1449/1579/1561 1475/1577/1559 1461/1580/1562
f 1449/1579/1561 1461/1580/1562 1448/1581/1563
f 1448/1581/1563 1461/1580/1562 1474/1582/1564
f 1448/1581/1563 1474/1582/1564 1446/1583/1565
f 1446/1583/1565 1474/1582/1564 1445/1584/1566
f 1445/1584/1566 1474/1582/1564 1473/1585/1567
f 1445/1584/1566 1473/1585/1567 1472/1586/1568
f 1472/1586/1568 1473/1585/1567 1463/1587/1569
f 1472/1586/1568 1463/1587/1569 1464/1588/1570
f 1464/1588/1570 1463/1587/1569 1478/1589/1571
f 1464/1588/1570 1478/1589/1571 1479/1590/1572
f 1479/1590/1572 1478/1589/1571 1487/1591/1573
f 1479/1590/1572 1487/1591/1573 1488/1560/1542
f 1488/1560/1542 1487/1591/1573 1496/1562/1544
f 1442/1554/1536 1443/1592/1574 1466/1556/1538
f 1466/1556/1538 1443/1592/1574 1465/1593/1575
f 1466/1556/1538 1465/1593/1575 1480/1558/1540
f 1480/1558/1540 1465/1593/1575 1479/1590/1572
f 1480/1558/1540 1479/1590/1572 1488/1560/1542
f 1465/1593/1575 1443/1592/1574 1470/1594/1576
f 1470/1594/1576 1443/1592/1574 1444/1595/1577
f 1470/1594/1576 1444/1595/1577 1471/1596/1578
f 1471/1596/1578 1444/1595/1577 1445/1584/1566
f 1471/1596/1578 1445/1584/1566 1472/1586/1568
f 1446/1583/1565 1447/1597/1579 1448/1581/1563
f 1452/1574/1556 1453/1598/1580 1502/1572/1554
f 1502/1572/1554 1453/1598/1580 1511/1599/1581
f 1502/1572/1554 1511/1599/1581 1512/1570/1552
f 1512/1570/1552 1511/1599/1581 1456/1600/1582
f 1512/1570/1552 1456/1600/1582 1457/1568/1550
f 1453/1598/1580 1454/1601/1583 1511/1599/1581
f 1511/1599/1581 1454/1601/1583 1455/1602/1584
f 1511/1599/1581 1455/1602/1584 1456/1600/1582
f 1515/1565/1547 1458/1567/1549 1516/1603/1585
f 1516/1603/1585 1458/1567/1549 1459/1604/1586
f 1516/1603/1585 1459/1604/1586 1517/1605/1587
f 1517/1605/1587 1459/1604/1586 1460/1606/1588
f 1517/1605/1587 1460/1606/1588 1518/1607/1589
f 1518/1607/1589 1460/1606/1588 1519/1608/1590
f 1518/1607/1589 1519/1608/1590 1509/1609/1591
f 1509/1609/1591 1519/1608/1590 1510/1610/1592
f 1509/1609/1591 1510/1610/1592 1500/1611/1593
f 1500/1611/1593 1510/1610/1592 1501/1612/1594
f 1500/1611/1593 1501/1612/1594 1492/1613/1595
f 1492/1613/1595 1501/1612/1594 1186/1614/1596
f 1492/1613/1595 1186/1614/1596 1185/1615/1597
f 1460/1606/1588 1190/1616/1598 1519/1608/1590
f 1519/1608/1590 1190/1616/1598 1189/1617/1599
f 1519/1608/1590 1189/1617/1599 1188/1618/1600
f 1519/1608/1590 1188/1618/1600 1510/1610/1592
f 1510/1610/1592 1188/1618/1600 1187/1619/1601
f 1510/1610/1592 1187/1619/1601 1501/1612/1594
f 1501/1612/1594 1187/1619/1601 1186/1614/1596
f 1185/1615/1597 1184/1620/1602 1492/1613/1595
f 1492/1613/1595 1184/1620/1602 1483/1621/1603
f 1492/1613/1595 1483/1621/1603 1491/1622/1604
f 1491/1622/1604 1483/1621/1603 1482/1623/1605
f 1491/1622/1604 1482/1623/1605 1490/1624/1606
f 1490/1624/1606 1482/1623/1605 1481/1557/1539
f 1490/1624/1606 1481/1557/1539 1489/1559/1541
f 1184/1620/1602 1183/1549/1531 1483/1621/1603
f 1483/1621/1603 1183/1549/1531 1469/1551/1533
f 1483/1621/1603 1469/1551/1533 1468/1553/1535
f 1473/1585/1567 1474/1582/1564 1462/1625/1607
f 1462/1625/1607 1474/1582/1564 1461/1580/1562
f 1462/1625/1607 1461/1580/1562 1476/1626/1608
f 1476/1626/1608 1461/1580/1562 1475/1577/1559
f 1476/1626/1608 1475/1577/1559 1484/1575/1557
f 1473/1585/1567 1462/1625/1607 1463/1587/1569
f 1463/1587/1569 1462/1625/1607 1477/1627/1609
f 1463/1587/1569 1477/1627/1609 1478/1589/1571
f 1478/1589/1571 1477/1627/1609 1486/1628/1610
f 1478/1589/1571 1486/1628/1610 1487/1591/1573
f 1487/1591/1573 1486/1628/1610 1495/1629/1611
f 1487/1591/1573 1495/1629/1611 1496/1562/1544
f 1496/1562/1544 1495/1629/1611 1505/1564/1546
f 1477/1627/1609 1462/1625/1607 1476/1626/1608
f 1471/1596/1578 1472/1586/1568 1464/1588/1570
f 1470/1594/1576 1471/1596/1578 1465/1593/1575
f 1465/1593/1575 1471/1596/1578 1464/1588/1570
f 1465/1593/1575 1464/1588/1570 1479/1590/1572
f 1481/1557/1539 1482/1623/1605 1467/1555/1537
f 1467/1555/1537 1482/1623/1605 1468/1553/1535
f 1482/1623/1605 1483/1621/1603 1468/1553/1535
f 1477/1627/1609 1476/1626/1608 1485/1630/1612
f 1485/1630/1612 1476/1626/1608 1484/1575/1557
f 1485/1630/1612 1484/1575/1557 1493/1573/1555
f 1477/1627/1609 1485/1630/1612 1486/1628/1610
f 1486/1628/1610 1485/1630/1612 1494/1631/1613
f 1486/1628/1610 1494/1631/1613 1495/1629/1611
f 1495/1629/1611 1494/1631/1613 1504/1632/1614
f 1495/1629/1611 1504/1632/1614 1505/1564/1546
f 1505/1564/1546 1504/1632/1614 1514/1566/1548
f 1494/1631/1613 1485/1630/1612 1493/1573/1555
f 1490/1624/1606 1489/1559/1541 1498/1633/1615
f 1498/1633/1615 1489/1559/1541 1497/1561/1543
f 1498/1633/1615 1497/1561/1543 1507/1634/1616
f 1507/1634/1616 1497/1561/1543 1506/1563/1545
f 1507/1634/1616 1506/1563/1545 1516/1603/1585
f 1516/1603/1585 1506/1563/1545 1515/1565/1547
f 1500/1611/1593 1492/1613/1595 1491/1622/1604
f 1491/1622/1604 1490/1624/1606 1499/1635/1617
f 1499/1635/1617 1490/1624/1606 1498/1633/1615
f 1499/1635/1617 1498/1633/1615 1508/1636/1618
f 1508/1636/1618 1498/1633/1615 1507/1634/1616
f 1508/1636/1618 1507/1634/1616 1517/1605/1587
f 1517/1605/1587 1507/1634/1616 1516/1603/1585
f 1504/1632/1614 1494/1631/1613 1503/1571/1553
f 1503/1571/1553 1494/1631/1613 1493/1573/1555
f 1509/1609/1591 1500/1611/1593 1499/1635/1617
f 1499/1635/1617 1500/1611/1593 1491/1622/1604
f 1509/1609/1591 1499/1635/1617 1508/1636/1618
f 1514/1566/1548 1504/1632/1614 1513/1569/1551
f 1513/1569/1551 1504/1632/1614 1503/1571/1553
f 1518/1607/1589 1509/1609/1591 1508/1636/1618
f 1518/1607/1589 1508/1636/1618 1517/1605/1587
f 1520/1637/1619 1521/1638/1620 1542/1639/1621
f 1542/1639/1621 1521/1638/1620 1543/1640/1622
f 1542/1639/1621 1543/1640/1622 1541/1641/1623
f 1541/1641/1623 1543/1640/1622 1544/1642/1624
f 1541/1641/1623 1544/1642/1624 1545/1643/1625
f 1545/1643/1625 1544/1642/1624 1554/1644/1626
f 1545/1643/1625 1554/1644/1626 1555/1645/1627
f 1555/1645/1627 1554/1644/1626 1524/1646/1628
f 1555/1645/1627 1524/1646/1628 1525/1647/1629
f 1543/1640/1622 1521/1638/1620 1552/1648/1630
f 1552/1648/1630 1521/1638/1620 1522/1649/1631
f 1552/1648/1630 1522/1649/1631 1523/1650/1632
f 1552/1648/1630 1523/1650/1632 1553/1651/1633
f 1553/1651/1633 1523/1650/1632 1524/1646/1628
f 1553/1651/1633 1524/1646/1628 1554/1644/1626
f 1555/1645/1627 1525/1647/1629 1556/1652/1634
f 1556/1652/1634 1525/1647/1629 1526/1653/1635
f 1556/1652/1634 1526/1653/1635 1557/1654/1636
f 1557/1654/1636 1526/1653/1635 1558/1655/1637
f 1557/1654/1636 1558/1655/1637 1548/1656/1638
f 1548/1656/1638 1558/1655/1637 1549/1657/1639
f 1548/1656/1638 1549/1657/1639 1538/1658/1640
f 1538/1658/1640 1549/1657/1639 1536/1659/1641
f 1538/1658/1640 1536/1659/1641 1537/1660/1642
f 1526/1653/1635 1527/1661/1643 1558/1655/1637
f 1558/1655/1637 1527/1661/1643 1559/1662/1644
f 1558/1655/1637 1559/1662/1644 1549/1657/1639
f 1549/1657/1639 1559/1662/1644 1550/1663/1645
f 1549/1657/1639 1550/1663/1645 1536/1659/1641
f 1536/1659/1641 1550/1663/1645 1535/1664/1646
f 1535/1664/1646 1550/1663/1645 1534/1665/1647
f 1534/1665/1647 1550/1663/1645 1551/1666/1648
f 1534/1665/1647 1551/1666/1648 1532/1667/1649
f 1532/1667/1649 1551/1666/1648 1531/1668/1650
f 1531/1668/1650 1551/1666/1648 1530/1669/1651
f 1530/1669/1651 1551/1666/1648 1560/1670/1652
f 1530/1669/1651 1560/1670/1652 1529/1671/1653
f 1529/1671/1653 1560/1670/1652 1527/1661/1643
f 1529/1671/1653 1527/1661/1643 1528/1672/1654
f 1532/1667/1649 1533/1673/1655 1534/1665/1647
f 1548/1656/1638 1538/1658/1640 1547/1674/1656
f 1547/1674/1656 1538/1658/1640 1539/1675/1657
f 1547/1674/1656 1539/1675/1657 1540/1676/1658
f 1541/1641/1623 1545/1643/1625 1540/1676/1658
f 1540/1676/1658 1545/1643/1625 1546/1677/1659
f 1540/1676/1658 1546/1677/1659 1547/1674/1656
f 1547/1674/1656 1546/1677/1659 1556/1652/1634
f 1547/1674/1656 1556/1652/1634 1557/1654/1636
f 1552/1648/1630 1553/1651/1633 1543/1640/1622
f 1543/1640/1622 1553/1651/1633 1544/1642/1624
f 1553/1651/1633 1554/1644/1626 1544/1642/1624
f 1556/1652/1634 1546/1677/1659 1555/1645/1627
f 1555/1645/1627 1546/1677/1659 1545/1643/1625
f 1557/1654/1636 1548/1656/1638 1547/1674/1656
f 1560/1670/1652 1551/1666/1648 1550/1663/1645
f 1560/1670/1652 1550/1663/1645 1559/1662/1644
f 1527/1661/1643 1560/1670/1652 1559/1662/1644
f 1527/1678/1660 1579/1679/1661 1528/1680/1654
f 1528/1680/1654 1579/1679/1661 1570/1681/1662
f 1528/1680/1654 1570/1681/1662 1605/1682/1663
f 1605/1682/1663 1570/1681/1662 1595/1683/1664
f 1605/1682/1663 1595/1683/1664 1604/1684/1665
f 1604/1684/1665 1595/1683/1664 1594/1685/1666
f 1604/1684/1665 1594/1685/1666 1603/1686/1667
f 1603/1686/1667 1594/1685/1666 1593/1687/1668
f 1603/1686/1667 1593/1687/1668 1602/1688/1669
f 1602/1688/1669 1593/1687/1668 1592/1689/1670
f 1602/1688/1669 1592/1689/1670 1601/1690/1671
f 1601/1690/1671 1592/1689/1670 1591/1691/1672
f 1601/1690/1671 1591/1691/1672 1600/1692/1673
f 1600/1692/1673 1591/1691/1672 1590/1693/1674
f 1600/1692/1673 1590/1693/1674 1599/1694/1675
f 1599/1694/1675 1590/1693/1674 1589/1695/1676
f 1599/1694/1675 1589/1695/1676 1598/1696/1677
f 1598/1696/1677 1589/1695/1676 1568/1697/1678
f 1598/1696/1677 1568/1697/1678 1597/1698/1679
f 1597/1698/1679 1568/1697/1678 1522/1699/1631
f 1597/1698/1679 1522/1699/1631 1606/1700/1680
f 1606/1700/1680 1522/1699/1631 1561/1701/1681
f 1606/1700/1680 1561/1701/1681 1567/1702/1682
f 1567/1702/1682 1561/1701/1681 1588/1703/1683
f 1567/1702/1682 1588/1703/1683 1587/1704/1684
f 1587/1704/1684 1588/1703/1683 1562/1705/1685
f 1587/1704/1684 1562/1705/1685 1586/1706/1686
f 1586/1706/1686 1562/1705/1685 1563/1707/1687
f 1586/1706/1686 1563/1707/1687 1585/1708/1688
f 1585/1708/1688 1563/1707/1687 1564/1709/1689
f 1585/1708/1688 1564/1709/1689 1584/1710/1690
f 1584/1710/1690 1564/1709/1689 1583/1711/1691
f 1584/1710/1690 1583/1711/1691 1617/1712/1692
f 1617/1712/1692 1583/1711/1691 1618/1713/1693
f 1617/1712/1692 1618/1713/1693 1610/1714/1694
f 1610/1714/1694 1618/1713/1693 1611/1715/1695
f 1610/1714/1694 1611/1715/1695 1601/1690/1671
f 1601/1690/1671 1611/1715/1695 1602/1688/1669
f 1579/1679/1661 1527/1678/1660 1578/1716/1696
f 1578/1716/1696 1527/1678/1660 1526/1717/1697
f 1578/1716/1696 1526/1717/1697 1577/1718/1698
f 1577/1718/1698 1526/1717/1697 1576/1719/1699
f 1577/1718/1698 1576/1719/1699 1594/1685/1666
f 1594/1685/1666 1576/1719/1699 1593/1687/1668
f 1526/1717/1697 1525/1720/1700 1576/1719/1699
f 1576/1719/1699 1525/1720/1700 1575/1721/1701
f 1576/1719/1699 1575/1721/1701 1593/1687/1668
f 1593/1687/1668 1575/1721/1701 1592/1689/1670
f 1575/1721/1701 1525/1720/1700 1574/1722/1702
f 1574/1722/1702 1525/1720/1700 1524/1723/1703
f 1574/1722/1702 1524/1723/1703 1573/1724/1704
f 1573/1724/1704 1524/1723/1703 1523/1725/1705
f 1573/1724/1704 1523/1725/1705 1572/1726/1706
f 1572/1726/1706 1523/1725/1705 1571/1727/1707
f 1572/1726/1706 1571/1727/1707 1589/1695/1676
f 1589/1695/1676 1571/1727/1707 1568/1697/1678
f 1523/1725/1705 1522/1699/1631 1571/1727/1707
f 1571/1727/1707 1522/1699/1631 1568/1697/1678
f 1561/1701/1681 1562/1705/1685 1588/1703/1683
f 1564/1709/1689 1565/1728/1708 1583/1711/1691
f 1583/1711/1691 1565/1728/1708 1582/1729/1709
f 1583/1711/1691 1582/1729/1709 1618/1713/1693
f 1618/1713/1693 1582/1729/1709 1619/1730/1710
f 1618/1713/1693 1619/1730/1710 1611/1715/1695
f 1611/1715/1695 1619/1730/1710 1612/1731/1711
f 1611/1715/1695 1612/1731/1711 1602/1688/1669
f 1602/1688/1669 1612/1731/1711 1603/1686/1667
f 1582/1729/1709 1565/1728/1708 1581/1732/1712
f 1581/1732/1712 1565/1728/1708 1566/1733/1713
f 1581/1732/1712 1566/1733/1713 1580/1734/1714
f 1580/1734/1714 1566/1733/1713 1231/1735/1715
f 1580/1734/1714 1231/1735/1715 1569/1736/1716
f 1569/1736/1716 1231/1735/1715 1596/1737/1717
f 1569/1736/1716 1596/1737/1717 1613/1738/1718
f 1613/1738/1718 1596/1737/1717 1604/1684/1665
f 1613/1738/1718 1604/1684/1665 1603/1686/1667
f 1231/1735/1715 1528/1680/1654 1596/1737/1717
f 1596/1737/1717 1528/1680/1654 1605/1682/1663
f 1596/1737/1717 1605/1682/1663 1604/1684/1665
f 1589/1695/1676 1590/1693/1674 1572/1726/1706
f 1572/1726/1706 1590/1693/1674 1573/1724/1704
f 1592/1689/1670 1575/1721/1701 1574/1722/1702
f 1590/1693/1674 1591/1691/1672 1573/1724/1704
f 1573/1724/1704 1591/1691/1672 1574/1722/1702
f 1591/1691/1672 1592/1689/1670 1574/1722/1702
f 1570/1681/1662 1579/1679/1661 1578/1716/1696
f 1594/1685/1666 1595/1683/1664 1577/1718/1698
f 1577/1718/1698 1595/1683/1664 1578/1716/1696
f 1595/1683/1664 1570/1681/1662 1578/1716/1696
f 1619/1730/1710 1582/1729/1709 1581/1732/1712
f 1581/1732/1712 1580/1734/1714 1620/1739/1719
f 1620/1739/1719 1580/1734/1714 1569/1736/1716
f 1620/1739/1719 1569/1736/1716 1613/1738/1718
f 1585/1708/1688 1584/1710/1690 1616/1740/1720
f 1616/1740/1720 1584/1710/1690 1617/1712/1692
f 1616/1740/1720 1617/1712/1692 1609/1741/1721
f 1609/1741/1721 1617/1712/1692 1610/1714/1694
f 1609/1741/1721 1610/1714/1694 1600/1692/1673
f 1600/1692/1673 1610/1714/1694 1601/1690/1671
f 1586/1706/1686 1585/1708/1688 1615/1742/1722
f 1615/1742/1722 1585/1708/1688 1616/1740/1720
f 1615/1742/1722 1616/1740/1720 1608/1743/1723
f 1608/1743/1723 1616/1740/1720 1609/1741/1721
f 1608/1743/1723 1609/1741/1721 1599/1694/1675
f 1599/1694/1675 1609/1741/1721 1600/1692/1673
f 1587/1704/1684 1586/1706/1686 1614/1744/1724
f 1614/1744/1724 1586/1706/1686 1615/1742/1722
f 1614/1744/1724 1615/1742/1722 1607/1745/1725
f 1607/1745/1725 1615/1742/1722 1608/1743/1723
f 1607/1745/1725 1608/1743/1723 1598/1696/1677
f 1598/1696/1677 1608/1743/1723 1599/1694/1675
f 1607/1745/1725 1598/1696/1677 1597/1698/1679
f 1613/1738/1718 1603/1686/1667 1612/1731/1711
f 1614/1744/1724 1607/1745/1725 1606/1700/1680
f 1606/1700/1680 1607/1745/1725 1597/1698/1679
f 1620/1739/1719 1613/1738/1718 1612/1731/1711
f 1620/1739/1719 1612/1731/1711 1619/1730/1710
f 1587/1704/1684 1614/1744/1724 1567/1702/1682
f 1567/1702/1682 1614/1744/1724 1606/1700/1680
f 1581/1732/1712 1620/1739/1719 1619/1730/1710
f 1447/1746/1579 1621/1747/1726 1633/1748/1727
f 1633/1748/1727 1621/1747/1726 1638/1749/1728
f 1633/1748/1727 1638/1749/1728 1632/1750/1729
f 1632/1750/1729 1638/1749/1728 1647/1751/1730
f 1632/1750/1729 1647/1751/1730 1631/1752/1731
f 1631/1752/1731 1647/1751/1730 1656/1753/1732
f 1631/1752/1731 1656/1753/1732 1630/1754/1733
f 1630/1754/1733 1656/1753/1732 1665/1755/1734
f 1630/1754/1733 1665/1755/1734 1629/1756/1735
f 1629/1756/1735 1665/1755/1734 1674/1757/1736
f 1629/1756/1735 1674/1757/1736 1628/1758/1737
f 1628/1758/1737 1674/1757/1736 1683/1759/1738
f 1628/1758/1737 1683/1759/1738 1627/1760/1739
f 1627/1760/1739 1683/1759/1738 1692/1761/1740
f 1627/1760/1739 1692/1761/1740 1561/1762/1681
f 1561/1762/1681 1692/1761/1740 1562/1763/1741
f 1562/1763/1741 1692/1761/1740 1691/1764/1742
f 1562/1763/1741 1691/1764/1742 1563/1765/1743
f 1563/1765/1743 1691/1764/1742 1690/1766/1744
f 1563/1765/1743 1690/1766/1744 1689/1767/1745
f 1689/1767/1745 1690/1766/1744 1680/1768/1746
f 1689/1767/1745 1680/1768/1746 1679/1769/1747
f 1679/1769/1747 1680/1768/1746 1670/1770/1748
f 1679/1769/1747 1670/1770/1748 1669/1771/1749
f 1669/1771/1749 1670/1770/1748 1660/1772/1750
f 1669/1771/1749 1660/1772/1750 1659/1773/1751
f 1659/1773/1751 1660/1772/1750 1650/1774/1752
f 1659/1773/1751 1650/1774/1752 1649/1775/1753
f 1649/1775/1753 1650/1774/1752 1640/1776/1754
f 1649/1775/1753 1640/1776/1754 1639/1777/1755
f 1639/1777/1755 1640/1776/1754 1626/1778/1756
f 1639/1777/1755 1626/1778/1756 1149/1779/1757
f 1621/1747/1726 1622/1780/1758 1638/1749/1728
f 1638/1749/1728 1622/1780/1758 1637/1781/1759
f 1638/1749/1728 1637/1781/1759 1647/1751/1730
f 1647/1751/1730 1637/1781/1759 1646/1782/1760
f 1647/1751/1730 1646/1782/1760 1656/1753/1732
f 1656/1753/1732 1646/1782/1760 1655/1783/1761
f 1656/1753/1732 1655/1783/1761 1665/1755/1734
f 1665/1755/1734 1655/1783/1761 1664/1784/1762
f 1665/1755/1734 1664/1784/1762 1674/1757/1736
f 1674/1757/1736 1664/1784/1762 1673/1785/1763
f 1674/1757/1736 1673/1785/1763 1683/1759/1738
f 1683/1759/1738 1673/1785/1763 1682/1786/1764
f 1683/1759/1738 1682/1786/1764 1692/1761/1740
f 1692/1761/1740 1682/1786/1764 1691/1764/1742
f 1637/1781/1759 1622/1780/1758 1636/1787/1765
f 1636/1787/1765 1622/1780/1758 1623/1788/1766
f 1636/1787/1765 1623/1788/1766 1635/1789/1767
f 1635/1789/1767 1623/1788/1766 1634/1790/1768
f 1635/1789/1767 1634/1790/1768 1644/1791/1769
f 1644/1791/1769 1634/1790/1768 1643/1792/1770
f 1644/1791/1769 1643/1792/1770 1653/1793/1771
f 1653/1793/1771 1643/1792/1770 1652/1794/1772
f 1653/1793/1771 1652/1794/1772 1662/1795/1773
f 1662/1795/1773 1652/1794/1772 1661/1796/1774
f 1662/1795/1773 1661/1796/1774 1671/1797/1775
f 1671/1797/1775 1661/1796/1774 1670/1770/1748
f 1671/1797/1775 1670/1770/1748 1680/1768/1746
f 1623/1788/1766 1624/1798/1776 1634/1790/1768
f 1634/1790/1768 1624/1798/1776 1643/1792/1770
f 1643/1792/1770 1624/1798/1776 1642/1799/1777
f 1642/1799/1777 1624/1798/1776 1625/1800/1778
f 1642/1799/1777 1625/1800/1778 1641/1801/1779
f 1641/1801/1779 1625/1800/1778 1626/1778/1756
f 1641/1801/1779 1626/1778/1756 1640/1776/1754
f 1149/1779/1757 1238/1802/1780 1639/1777/1755
f 1639/1777/1755 1238/1802/1780 1648/1803/1781
f 1639/1777/1755 1648/1803/1781 1649/1775/1753
f 1649/1775/1753 1648/1803/1781 1658/1804/1782
f 1649/1775/1753 1658/1804/1782 1659/1773/1751
f 1659/1773/1751 1658/1804/1782 1668/1805/1783
f 1659/1773/1751 1668/1805/1783 1669/1771/1749
f 1669/1771/1749 1668/1805/1783 1678/1806/1784
f 1669/1771/1749 1678/1806/1784 1679/1769/1747
f 1679/1769/1747 1678/1806/1784 1688/1807/1785
f 1679/1769/1747 1688/1807/1785 1689/1767/1745
f 1689/1767/1745 1688/1807/1785 1564/1808/1689
f 1689/1767/1745 1564/1808/1689 1563/1765/1743
f 1238/1802/1780 1237/1809/1786 1648/1803/1781
f 1648/1803/1781 1237/1809/1786 1657/1810/1787
f 1648/1803/1781 1657/1810/1787 1658/1804/1782
f 1658/1804/1782 1657/1810/1787 1667/1811/1788
f 1658/1804/1782 1667/1811/1788 1668/1805/1783
f 1668/1805/1783 1667/1811/1788 1677/1812/1789
f 1668/1805/1783 1677/1812/1789 1678/1806/1784
f 1678/1806/1784 1677/1812/1789 1687/1813/1790
f 1678/1806/1784 1687/1813/1790 1688/1807/1785
f 1688/1807/1785 1687/1813/1790 1564/1808/1689
f 1237/1809/1786 1236/1814/1791 1657/1810/1787
f 1657/1810/1787 1236/1814/1791 1235/1815/1792
f 1657/1810/1787 1235/1815/1792 1666/1816/1793
f 1666/1816/1793 1235/1815/1792 1234/1817/1794
f 1666/1816/1793 1234/1817/1794 1675/1818/1795
f 1675/1818/1795 1234/1817/1794 1233/1819/1796
f 1675/1818/1795 1233/1819/1796 1684/1820/1797
f 1684/1820/1797 1233/1819/1796 1232/1821/1798
f 1684/1820/1797 1232/1821/1798 1566/1822/1799
f 1566/1822/1799 1232/1821/1798 1231/1823/1715
f 1684/1820/1797 1566/1822/1799 1685/1824/1800
f 1685/1824/1800 1566/1822/1799 1565/1825/1801
f 1685/1824/1800 1565/1825/1801 1686/1826/1802
f 1686/1826/1802 1565/1825/1801 1687/1813/1790
f 1686/1826/1802 1687/1813/1790 1677/1812/1789
f 1565/1825/1801 1564/1808/1689 1687/1813/1790
f 1646/1782/1760 1637/1781/1759 1636/1787/1765
f 1636/1787/1765 1635/1789/1767 1645/1827/1803
f 1645/1827/1803 1635/1789/1767 1644/1791/1769
f 1645/1827/1803 1644/1791/1769 1654/1828/1804
f 1654/1828/1804 1644/1791/1769 1653/1793/1771
f 1654/1828/1804 1653/1793/1771 1663/1829/1805
f 1663/1829/1805 1653/1793/1771 1662/1795/1773
f 1663/1829/1805 1662/1795/1773 1672/1830/1806
f 1672/1830/1806 1662/1795/1773 1671/1797/1775
f 1672/1830/1806 1671/1797/1775 1681/1831/1807
f 1681/1831/1807 1671/1797/1775 1680/1768/1746
f 1681/1831/1807 1680/1768/1746 1690/1766/1744
f 1640/1776/1754 1650/1774/1752 1641/1801/1779
f 1641/1801/1779 1650/1774/1752 1651/1832/1808
f 1641/1801/1779 1651/1832/1808 1642/1799/1777
f 1642/1799/1777 1651/1832/1808 1652/1794/1772
f 1642/1799/1777 1652/1794/1772 1643/1792/1770
f 1655/1783/1761 1646/1782/1760 1645/1827/1803
f 1645/1827/1803 1646/1782/1760 1636/1787/1765
f 1655/1783/1761 1645/1827/1803 1654/1828/1804
f 1661/1796/1774 1652/1794/1772 1651/1832/1808
f 1661/1796/1774 1651/1832/1808 1660/1772/1750
f 1660/1772/1750 1651/1832/1808 1650/1774/1752
f 1664/1784/1762 1655/1783/1761 1654/1828/1804
f 1664/1784/1762 1654/1828/1804 1663/1829/1805
f 1670/1770/1748 1661/1796/1774 1660/1772/1750
f 1673/1785/1763 1664/1784/1762 1663/1829/1805
f 1673/1785/1763 1663/1829/1805 1672/1830/1806
f 1657/1810/1787 1666/1816/1793 1667/1811/1788
f 1667/1811/1788 1666/1816/1793 1676/1833/1809
f 1667/1811/1788 1676/1833/1809 1677/1812/1789
f 1677/1812/1789 1676/1833/1809 1686/1826/1802
f 1682/1786/1764 1673/1785/1763 1672/1830/1806
f 1682/1786/1764 1672/1830/1806 1681/1831/1807
f 1666/1816/1793 1675/1818/1795 1676/1833/1809
f 1676/1833/1809 1675/1818/1795 1685/1824/1800
f 1676/1833/1809 1685/1824/1800 1686/1826/1802
f 1684/1820/1797 1685/1824/1800 1675/1818/1795
f 1691/1764/1742 1682/1786/1764 1681/1831/1807
f 1691/1764/1742 1681/1831/1807 1690/1766/1744
f 1460/1834/1810 1712/1835/1811 1190/1836/1598
f 1190/1836/1598 1712/1835/1811 1703/1837/1812
f 1190/1836/1598 1703/1837/1812 1738/1838/1813
f 1738/1838/1813 1703/1837/1812 1728/1839/1814
f 1738/1838/1813 1728/1839/1814 1737/1840/1815
f 1737/1840/1815 1728/1839/1814 1727/1841/1816
f 1737/1840/1815 1727/1841/1816 1736/1842/1817
f 1736/1842/1817 1727/1841/1816 1726/1843/1818
f 1736/1842/1817 1726/1843/1818 1735/1844/1819
f 1735/1844/1819 1726/1843/1818 1725/1845/1820
f 1735/1844/1819 1725/1845/1820 1734/1846/1821
f 1734/1846/1821 1725/1845/1820 1724/1847/1822
f 1734/1846/1821 1724/1847/1822 1733/1848/1823
f 1733/1848/1823 1724/1847/1822 1723/1849/1824
f 1733/1848/1823 1723/1849/1824 1732/1850/1825
f 1732/1850/1825 1723/1849/1824 1722/1851/1826
f 1732/1850/1825 1722/1851/1826 1731/1852/1827
f 1731/1852/1827 1722/1851/1826 1701/1853/1828
f 1731/1852/1827 1701/1853/1828 1730/1854/1829
f 1730/1854/1829 1701/1853/1828 1455/1855/1584
f 1730/1854/1829 1455/1855/1584 1739/1856/1830
f 1739/1856/1830 1455/1855/1584 1693/1857/1831
f 1739/1856/1830 1693/1857/1831 1700/1858/1832
f 1700/1858/1832 1693/1857/1831 1721/1859/1833
f 1700/1858/1832 1721/1859/1833 1720/1860/1834
f 1720/1860/1834 1721/1859/1833 1694/1861/1835
f 1720/1860/1834 1694/1861/1835 1719/1862/1836
f 1719/1862/1836 1694/1861/1835 1695/1863/1837
f 1719/1862/1836 1695/1863/1837 1718/1864/1838
f 1718/1864/1838 1695/1863/1837 1696/1865/1839
f 1718/1864/1838 1696/1865/1839 1717/1866/1840
f 1717/1866/1840 1696/1865/1839 1716/1867/1841
f 1717/1866/1840 1716/1867/1841 1750/1868/1842
f 1750/1868/1842 1716/1867/1841 1751/1869/1843
f 1750/1868/1842 1751/1869/1843 1743/1870/1844
f 1743/1870/1844 1751/1869/1843 1744/1871/1845
f 1743/1870/1844 1744/1871/1845 1734/1846/1821
f 1734/1846/1821 1744/1871/1845 1735/1844/1819
f 1712/1835/1811 1460/1834/1810 1711/1872/1846
f 1711/1872/1846 1460/1834/1810 1459/1873/1847
f 1711/1872/1846 1459/1873/1847 1710/1874/1848
f 1710/1874/1848 1459/1873/1847 1709/1875/1849
f 1710/1874/1848 1709/1875/1849 1727/1841/1816
f 1727/1841/1816 1709/1875/1849 1726/1843/1818
f 1459/1873/1847 1458/1876/1549 1709/1875/1849
f 1709/1875/1849 1458/1876/1549 1708/1877/1850
f 1709/1875/1849 1708/1877/1850 1726/1843/1818
f 1726/1843/1818 1708/1877/1850 1725/1845/1820
f 1708/1877/1850 1458/1876/1549 1707/1878/1851
f 1707/1878/1851 1458/1876/1549 1457/1879/1852
f 1707/1878/1851 1457/1879/1852 1706/1880/1853
f 1706/1880/1853 1457/1879/1852 1456/1881/1854
f 1706/1880/1853 1456/1881/1854 1705/1882/1855
f 1705/1882/1855 1456/1881/1854 1704/1883/1856
f 1705/1882/1855 1704/1883/1856 1722/1851/1826
f 1722/1851/1826 1704/1883/1856 1701/1853/1828
f 1456/1881/1854 1455/1855/1584 1704/1883/1856
f 1704/1883/1856 1455/1855/1584 1701/1853/1828
f 1693/1857/1831 1694/1861/1835 1721/1859/1833
f 1696/1865/1839 1697/1884/1857 1716/1867/1841
f 1716/1867/1841 1697/1884/1857 1715/1885/1858
f 1716/1867/1841 1715/1885/1858 1751/1869/1843
f 1751/1869/1843 1715/1885/1858 1752/1886/1859
f 1751/1869/1843 1752/1886/1859 1744/1871/1845
f 1744/1871/1845 1752/1886/1859 1745/1887/1860
f 1744/1871/1845 1745/1887/1860 1735/1844/1819
f 1735/1844/1819 1745/1887/1860 1736/1842/1817
f 1715/1885/1858 1697/1884/1857 1714/1888/1861
f 1714/1888/1861 1697/1884/1857 1698/1889/1862
f 1714/1888/1861 1698/1889/1862 1713/1890/1863
f 1713/1890/1863 1698/1889/1862 1699/1891/1864
f 1713/1890/1863 1699/1891/1864 1702/1892/1865
f 1702/1892/1865 1699/1891/1864 1729/1893/1866
f 1702/1892/1865 1729/1893/1866 1746/1894/1867
f 1746/1894/1867 1729/1893/1866 1737/1840/1815
f 1746/1894/1867 1737/1840/1815 1736/1842/1817
f 1699/1891/1864 1190/1836/1598 1729/1893/1866
f 1729/1893/1866 1190/1836/1598 1738/1838/1813
f 1729/1893/1866 1738/1838/1813 1737/1840/1815
f 1722/1851/1826 1723/1849/1824 1705/1882/1855
f 1705/1882/1855 1723/1849/1824 1706/1880/1853
f 1725/1845/1820 1708/1877/1850 1707/1878/1851
f 1723/1849/1824 1724/1847/1822 1706/1880/1853
f 1706/1880/1853 1724/1847/1822 1707/1878/1851
f 1724/1847/1822 1725/1845/1820 1707/1878/1851
f 1703/1837/1812 1712/1835/1811 1711/1872/1846
f 1727/1841/1816 1728/1839/1814 1710/1874/1848
f 1710/1874/1848 1728/1839/1814 1711/1872/1846
f 1728/1839/1814 1703/1837/1812 1711/1872/1846
f 1752/1886/1859 1715/1885/1858 1714/1888/1861
f 1714/1888/1861 1713/1890/1863 1753/1895/1868
f 1753/1895/1868 1713/1890/1863 1702/1892/1865
f 1753/1895/1868 1702/1892/1865 1746/1894/1867
f 1718/1864/1838 1717/1866/1840 1749/1896/1869
f 1749/1896/1869 1717/1866/1840 1750/1868/1842
f 1749/1896/1869 1750/1868/1842 1742/1897/1870
f 1742/1897/1870 1750/1868/1842 1743/1870/1844
f 1742/1897/1870 1743/1870/1844 1733/1848/1823
f 1733/1848/1823 1743/1870/1844 1734/1846/1821
f 1719/1862/1836 1718/1864/1838 1748/1898/1871
f 1748/1898/1871 1718/1864/1838 1749/1896/1869
f 1748/1898/1871 1749/1896/1869 1741/1899/1872
f 1741/1899/1872 1749/1896/1869 1742/1897/1870
f 1741/1899/1872 1742/1897/1870 1732/1850/1825
f 1732/1850/1825 1742/1897/1870 1733/1848/1823
f 1720/1860/1834 1719/1862/1836 1747/1900/1873
f 1747/1900/1873 1719/1862/1836 1748/1898/1871
f 1747/1900/1873 1748/1898/1871 1740/1901/1874
f 1740/1901/1874 1748/1898/1871 1741/1899/1872
f 1740/1901/1874 1741/1899/1872 1731/1852/1827
f 1731/1852/1827 1741/1899/1872 1732/1850/1825
f 1740/1901/1874 1731/1852/1827 1730/1854/1829
f 1746/1894/1867 1736/1842/1817 1745/1887/1860
f 1747/1900/1873 1740/1901/1874 1739/1856/1830
f 1739/1856/1830 1740/1901/1874 1730/1854/1829
f 1753/1895/1868 1746/1894/1867 1745/1887/1860
f 1753/1895/1868 1745/1887/1860 1752/1886/1859
f 1720/1860/1834 1747/1900/1873 1700/1858/1832
f 1700/1858/1832 1747/1900/1873 1739/1856/1830
f 1714/1888/1861 1753/1895/1868 1752/1886/1859
f 1532/1902/1875 1754/1903/1876 1533/1904/1877
f 1533/1904/1877 1754/1903/1876 1759/1905/1878
f 1533/1904/1877 1759/1905/1878 1534/1906/1879
f 1534/1906/1879 1759/1905/1878 1760/1907/1880
f 1534/1906/1879 1760/1907/1880 1535/1908/1881
f 1535/1908/1881 1760/1907/1880 1761/1909/1882
f 1535/1908/1881 1761/1909/1882 1536/1910/1883
f 1536/1910/1883 1761/1909/1882 1537/1911/1884
f 1537/1911/1884 1761/1909/1882 1762/1912/1885
f 1537/1911/1884 1762/1912/1885 1538/1913/1886
f 1538/1913/1886 1762/1912/1885 1763/1914/1887
f 1538/1913/1886 1763/1914/1887 1539/1915/1888
f 1539/1915/1888 1763/1914/1887 1764/1916/1889
f 1539/1915/1888 1764/1916/1889 1540/1917/1890
f 1540/1917/1890 1764/1916/1889 1765/1918/1891
f 1540/1917/1890 1765/1918/1891 1541/1919/1892
f 1541/1919/1892 1765/1918/1891 1766/1920/1893
f 1541/1919/1892 1766/1920/1893 1767/1921/1894
f 1767/1921/1894 1766/1920/1893 1758/1922/1895
f 1767/1921/1894 1758/1922/1895 1520/1923/1896
f 1520/1923/1896 1758/1922/1895 1757/1924/1897
f 1757/1924/1897 1758/1922/1895 1784/1925/1898
f 1757/1924/1897 1784/1925/1898 1693/1926/1831
f 1693/1926/1831 1784/1925/1898 1694/1927/1899
f 1694/1927/1899 1784/1925/1898 1783/1928/1900
f 1694/1927/1899 1783/1928/1900 1695/1929/1901
f 1695/1929/1901 1783/1928/1900 1782/1930/1902
f 1695/1929/1901 1782/1930/1902 1781/1931/1903
f 1781/1931/1903 1782/1930/1902 1773/1932/1904
f 1781/1931/1903 1773/1932/1904 1772/1933/1905
f 1772/1933/1905 1773/1932/1904 1763/1914/1887
f 1772/1933/1905 1763/1914/1887 1762/1912/1885
f 1759/1905/1878 1754/1903/1876 1768/1934/1906
f 1768/1934/1906 1754/1903/1876 1755/1935/1907
f 1768/1934/1906 1755/1935/1907 1776/1936/1908
f 1776/1936/1908 1755/1935/1907 1756/1937/1909
f 1776/1936/1908 1756/1937/1909 1699/1938/1864
f 1699/1938/1864 1698/1939/1910 1776/1936/1908
f 1776/1936/1908 1698/1939/1910 1777/1940/1911
f 1776/1936/1908 1777/1940/1911 1768/1934/1906
f 1768/1934/1906 1777/1940/1911 1769/1941/1912
f 1768/1934/1906 1769/1941/1912 1759/1905/1878
f 1759/1905/1878 1769/1941/1912 1760/1907/1880
f 1777/1940/1911 1698/1939/1910 1778/1942/1913
f 1778/1942/1913 1698/1939/1910 1697/1943/1914
f 1778/1942/1913 1697/1943/1914 1779/1944/1915
f 1779/1944/1915 1697/1943/1914 1696/1945/1916
f 1779/1944/1915 1696/1945/1916 1780/1946/1917
f 1780/1946/1917 1696/1945/1916 1781/1931/1903
f 1780/1946/1917 1781/1931/1903 1772/1933/1905
f 1696/1945/1916 1695/1929/1901 1781/1931/1903
f 1520/1923/1896 1542/1947/1918 1767/1921/1894
f 1767/1921/1894 1542/1947/1918 1541/1919/1892
f 1761/1909/1882 1760/1907/1880 1770/1948/1919
f 1770/1948/1919 1760/1907/1880 1769/1941/1912
f 1770/1948/1919 1769/1941/1912 1778/1942/1913
f 1778/1942/1913 1769/1941/1912 1777/1940/1911
f 1762/1912/1885 1761/1909/1882 1771/1949/1920
f 1771/1949/1920 1761/1909/1882 1770/1948/1919
f 1771/1949/1920 1770/1948/1919 1779/1944/1915
f 1779/1944/1915 1770/1948/1919 1778/1942/1913
f 1763/1914/1887 1773/1932/1904 1764/1916/1889
f 1764/1916/1889 1773/1932/1904 1774/1950/1921
f 1764/1916/1889 1774/1950/1921 1765/1918/1891
f 1765/1918/1891 1774/1950/1921 1775/1951/1922
f 1765/1918/1891 1775/1951/1922 1766/1920/1893
f 1766/1920/1893 1775/1951/1922 1758/1922/1895
f 1780/1946/1917 1772/1933/1905 1771/1949/1920
f 1771/1949/1920 1772/1933/1905 1762/1912/1885
f 1780/1946/1917 1771/1949/1920 1779/1944/1915
f 1773/1932/1904 1782/1930/1902 1774/1950/1921
f 1774/1950/1921 1782/1930/1902 1783/1928/1900
f 1774/1950/1921 1783/1928/1900 1775/1951/1922
f 1775/1951/1922 1783/1928/1900 1784/1925/1898
f 1775/1951/1922 1784/1925/1898 1758/1922/1895
f 1190/1952/1598 1699/1953/1864 1191/1954/1923
f 1191/1954/1923 1699/1953/1864 1785/1955/1924
f 1191/1954/1923 1785/1955/1924 1192/1956/1925
f 1192/1956/1925 1785/1955/1924 1195/1957/1926
f 1192/1956/1925 1195/1957/1926 1193/1958/1927
f 1193/1958/1927 1195/1957/1926 1194/1959/1928
f 1786/1960/1929 1803/1961/1930 1785/1955/1924
f 1785/1955/1924 1803/1961/1930 1804/1962/1931
f 1785/1955/1924 1804/1962/1931 1203/1963/1932
f 1203/1963/1932 1804/1962/1931 1204/1964/1415
f 1204/1964/1415 1804/1962/1931 1805/1965/1933
f 1787/1966/1934 1800/1967/1935 1786/1960/1929
f 1786/1960/1929 1800/1967/1935 1801/1968/1936
f 1786/1960/1929 1801/1968/1936 1803/1961/1930
f 1803/1961/1930 1801/1968/1936 1802/1969/1937
f 1800/1967/1935 1787/1966/1934 1799/1970/1938
f 1799/1970/1938 1787/1966/1934 1788/1971/1939
f 1799/1970/1938 1788/1971/1939 1798/1972/1940
f 1798/1972/1940 1788/1971/1939 1789/1973/1941
f 1798/1972/1940 1789/1973/1941 1790/1974/1942
f 1798/1972/1940 1790/1974/1942 1797/1975/1943
f 1797/1975/1943 1790/1974/1942 1791/1976/1944
f 1797/1975/1943 1791/1976/1944 1792/1977/1945
f 1792/1977/1945 1793/1978/1946 1797/1975/1943
f 1797/1975/1943 1793/1978/1946 1794/1979/1947
f 1797/1975/1943 1794/1979/1947 1795/1980/1948
f 1795/1980/1948 1796/1981/1949 1797/1975/1943
f 1202/1982/1950 1201/1983/1951 1203/1963/1932
f 1203/1963/1932 1201/1983/1951 1785/1955/1924
f 1201/1983/1951 1200/1984/1952 1785/1955/1924
f 1785/1955/1924 1200/1984/1952 1199/1985/1953
f 1785/1955/1924 1199/1985/1953 1198/1986/1954
f 1198/1986/1954 1197/1987/1955 1785/1955/1924
f 1785/1955/1924 1197/1987/1955 1196/1988/1956
f 1785/1955/1924 1196/1988/1956 1195/1957/1926
f 1756/1989/1957 1834/1990/1958 1699/1991/1959
f 1699/1991/1959 1834/1990/1958 1828/1992/1960
f 1699/1991/1959 1828/1992/1960 1785/1993/1961
f 1785/1993/1961 1828/1992/1960 1850/1994/1962
f 1785/1993/1961 1850/1994/1962 1827/1995/1963
f 1827/1995/1963 1850/1994/1962 1849/1996/1964
f 1827/1995/1963 1849/1996/1964 1857/1997/1965
f 1857/1997/1965 1849/1996/1964 1848/1998/1966
f 1857/1997/1965 1848/1998/1966 1856/1999/1967
f 1856/1999/1967 1848/1998/1966 1847/2000/1968
f 1856/1999/1967 1847/2000/1968 1855/2001/1969
f 1855/2001/1969 1847/2000/1968 1846/2002/1970
f 1855/2001/1969 1846/2002/1970 1854/2003/1971
f 1854/2003/1971 1846/2002/1970 1845/2004/1972
f 1854/2003/1971 1845/2004/1972 1853/2005/1973
f 1853/2005/1973 1845/2004/1972 1844/2006/1974
f 1853/2005/1973 1844/2006/1974 1852/2007/1975
f 1852/2007/1975 1844/2006/1974 1843/2008/1976
f 1852/2007/1975 1843/2008/1976 1851/2009/1977
f 1851/2009/1977 1843/2008/1976 1842/2010/1978
f 1851/2009/1977 1842/2010/1978 1826/2011/1979
f 1826/2011/1979 1842/2010/1978 1816/2012/1980
f 1826/2011/1979 1816/2012/1980 1817/2013/1981
f 1756/1989/1957 1755/2014/1982 1834/1990/1958
f 1834/1990/1958 1755/2014/1982 1833/2015/1983
f 1834/1990/1958 1833/2015/1983 1828/1992/1960
f 1828/1992/1960 1833/2015/1983 1841/2016/1984
f 1828/1992/1960 1841/2016/1984 1850/1994/1962
f 1850/1994/1962 1841/2016/1984 1849/1996/1964
f 1755/2014/1982 1754/2017/1985 1833/2015/1983
f 1833/2015/1983 1754/2017/1985 1832/2018/1986
f 1833/2015/1983 1832/2018/1986 1841/2016/1984
f 1841/2016/1984 1832/2018/1986 1840/2019/1987
f 1841/2016/1984 1840/2019/1987 1849/1996/1964
f 1849/1996/1964 1840/2019/1987 1848/1998/1966
f 1754/2017/1985 1532/2020/1988 1832/2018/1986
f 1832/2018/1986 1532/2020/1988 1831/2021/1989
f 1832/2018/1986 1831/2021/1989 1840/2019/1987
f 1840/2019/1987 1831/2021/1989 1839/2022/1990
f 1840/2019/1987 1839/2022/1990 1848/1998/1966
f 1848/1998/1966 1839/2022/1990 1847/2000/1968
f 1532/2020/1988 1806/2023/1991 1831/2021/1989
f 1831/2021/1989 1806/2023/1991 1830/2024/1992
f 1831/2021/1989 1830/2024/1992 1839/2022/1990
f 1839/2022/1990 1830/2024/1992 1838/2025/1993
f 1839/2022/1990 1838/2025/1993 1847/2000/1968
f 1847/2000/1968 1838/2025/1993 1846/2002/1970
f 1806/2023/1991 1807/2026/1994 1830/2024/1992
f 1830/2024/1992 1807/2026/1994 1829/2027/1995
f 1830/2024/1992 1829/2027/1995 1838/2025/1993
f 1838/2025/1993 1829/2027/1995 1837/2028/1996
f 1838/2025/1993 1837/2028/1996 1846/2002/1970
f 1846/2002/1970 1837/2028/1996 1845/2004/1972
f 1807/2026/1994 1808/2029/1997 1829/2027/1995
f 1829/2027/1995 1808/2029/1997 1837/2028/1996
f 1837/2028/1996 1808/2029/1997 1836/2030/1998
f 1836/2030/1998 1808/2029/1997 1809/2031/1999
f 1836/2030/1998 1809/2031/1999 1810/2032/2000
f 1836/2030/1998 1810/2032/2000 1835/2033/2001
f 1835/2033/2001 1810/2032/2000 1811/2034/2002
f 1835/2033/2001 1811/2034/2002 1812/2035/2003
f 1835/2033/2001 1812/2035/2003 1843/2008/1976
f 1843/2008/1976 1812/2035/2003 1813/2036/2004
f 1843/2008/1976 1813/2036/2004 1842/2010/1978
f 1842/2010/1978 1813/2036/2004 1814/2037/2005
f 1842/2010/1978 1814/2037/2005 1815/2038/2006
f 1815/2038/2006 1816/2012/1980 1842/2010/1978
f 1818/2039/2007 1858/2040/2008 1817/2013/1981
f 1817/2013/1981 1858/2040/2008 1875/2041/2009
f 1817/2013/1981 1875/2041/2009 1826/2011/1979
f 1826/2011/1979 1875/2041/2009 1874/2042/2010
f 1826/2011/1979 1874/2042/2010 1851/2009/1977
f 1851/2009/1977 1874/2042/2010 1873/2043/2011
f 1851/2009/1977 1873/2043/2011 1852/2007/1975
f 1852/2007/1975 1873/2043/2011 1872/2044/2012
f 1852/2007/1975 1872/2044/2012 1853/2005/1973
f 1853/2005/1973 1872/2044/2012 1871/2045/2013
f 1853/2005/1973 1871/2045/2013 1854/2003/1971
f 1854/2003/1971 1871/2045/2013 1870/2046/2014
f 1854/2003/1971 1870/2046/2014 1855/2001/1969
f 1855/2001/1969 1870/2046/2014 1869/2047/2015
f 1855/2001/1969 1869/2047/2015 1856/1999/1967
f 1856/1999/1967 1869/2047/2015 1868/2048/2016
f 1856/1999/1967 1868/2048/2016 1857/1997/1965
f 1857/1997/1965 1868/2048/2016 1867/2049/2017
f 1857/1997/1965 1867/2049/2017 1827/1995/1963
f 1827/1995/1963 1867/2049/2017 1786/2050/2018
f 1827/1995/1963 1786/2050/2018 1785/1993/1961
f 1818/2039/2007 1819/2051/2019 1858/2040/2008
f 1858/2040/2008 1819/2051/2019 1820/2052/2020
f 1858/2040/2008 1820/2052/2020 1859/2053/2021
f 1859/2053/2021 1820/2052/2020 1821/2054/2022
f 1859/2053/2021 1821/2054/2022 1860/2055/2023
f 1860/2055/2023 1821/2054/2022 1861/2056/2024
f 1860/2055/2023 1861/2056/2024 1873/2043/2011
f 1873/2043/2011 1861/2056/2024 1872/2044/2012
f 1821/2054/2022 1822/2057/2025 1861/2056/2024
f 1861/2056/2024 1822/2057/2025 1862/2058/2026
f 1861/2056/2024 1862/2058/2026 1872/2044/2012
f 1872/2044/2012 1862/2058/2026 1871/2045/2013
f 1822/2057/2025 1823/2059/2027 1862/2058/2026
f 1862/2058/2026 1823/2059/2027 1863/2060/2028
f 1862/2058/2026 1863/2060/2028 1871/2045/2013
f 1871/2045/2013 1863/2060/2028 1870/2046/2014
f 1863/2060/2028 1823/2059/2027 1864/2061/2029
f 1864/2061/2029 1823/2059/2027 1824/2062/2030
f 1864/2061/2029 1824/2062/2030 1865/2063/2031
f 1865/2063/2031 1824/2062/2030 1825/2064/2032
f 1865/2063/2031 1825/2064/2032 1866/2065/2033
f 1866/2065/2033 1825/2064/2032 1787/2066/2034
f 1866/2065/2033 1787/2066/2034 1786/2050/2018
f 1825/2064/2032 1788/2067/1939 1787/2066/2034
f 1845/2004/1972 1837/2028/1996 1836/2030/1998
f 1843/2008/1976 1844/2006/1974 1835/2033/2001
f 1835/2033/2001 1844/2006/1974 1836/2030/1998
f 1844/2006/1974 1845/2004/1972 1836/2030/1998
f 1866/2065/2033 1786/2050/2018 1867/2049/2017
f 1874/2042/2010 1875/2041/2009 1859/2053/2021
f 1859/2053/2021 1875/2041/2009 1858/2040/2008
f 1873/2043/2011 1874/2042/2010 1860/2055/2023
f 1860/2055/2023 1874/2042/2010 1859/2053/2021
f 1869/2047/2015 1870/2046/2014 1864/2061/2029
f 1864/2061/2029 1870/2046/2014 1863/2060/2028
f 1868/2048/2016 1869/2047/2015 1865/2063/2031
f 1865/2063/2031 1869/2047/2015 1864/2061/2029
f 1867/2049/2017 1868/2048/2016 1866/2065/2033
f 1866/2065/2033 1868/2048/2016 1865/2063/2031
f 1531/2068/2035 1894/2069/2036 1532/2070/2037
f 1532/2070/2037 1894/2069/2036 1895/2071/2038
f 1532/2070/2037 1895/2071/2038 1806/2072/2039
f 1806/2072/2039 1895/2071/2038 1942/2073/2040
f 1806/2072/2039 1942/2073/2040 1941/2074/2041
f 1941/2074/2041 1942/2073/2040 1935/2075/2042
f 1941/2074/2041 1935/2075/2042 1934/2076/2043
f 1934/2076/2043 1935/2075/2042 1909/2077/2044
f 1934/2076/2043 1909/2077/2044 1908/2078/2045
f 1908/2078/2045 1909/2077/2044 1901/2079/2046
f 1908/2078/2045 1901/2079/2046 1902/2080/2047
f 1902/2080/2047 1901/2079/2046 1946/2081/2048
f 1902/2080/2047 1946/2081/2048 1945/2082/2049
f 1945/2082/2049 1946/2081/2048 1924/2083/2050
f 1945/2082/2049 1924/2083/2050 1923/2084/2051
f 1923/2084/2051 1924/2083/2050 1922/2085/2052
f 1923/2084/2051 1922/2085/2052 1888/2086/2053
f 1888/2086/2053 1922/2085/2052 1887/2087/2054
f 1887/2087/2054 1922/2085/2052 1886/2088/2055
f 1886/2088/2055 1922/2085/2052 1885/2089/2056
f 1885/2089/2056 1922/2085/2052 1921/2090/2057
f 1885/2089/2056 1921/2090/2057 1884/2091/2058
f 1884/2091/2058 1921/2090/2057 1920/2092/2059
f 1884/2091/2058 1920/2092/2059 1919/2093/2060
f 1919/2093/2060 1920/2092/2059 1926/2094/2061
f 1919/2093/2060 1926/2094/2061 1927/2095/2062
f 1927/2095/2062 1926/2094/2061 1948/2096/2063
f 1927/2095/2062 1948/2096/2063 1949/2097/2064
f 1949/2097/2064 1948/2096/2063 1899/2098/2065
f 1949/2097/2064 1899/2098/2065 1898/2099/2066
f 1898/2099/2066 1899/2098/2065 1911/2100/2067
f 1898/2099/2066 1911/2100/2067 1912/2101/2068
f 1912/2101/2068 1911/2100/2067 1937/2102/2069
f 1912/2101/2068 1937/2102/2069 1938/2103/2070
f 1938/2103/2070 1937/2102/2069 1944/2104/2071
f 1938/2103/2070 1944/2104/2071 1939/2105/2072
f 1939/2105/2072 1944/2104/2071 1892/2106/2073
f 1939/2105/2072 1892/2106/2073 1529/2107/2074
f 1529/2107/2074 1892/2106/2073 1530/2108/2075
f 1530/2108/2075 1892/2106/2073 1893/2109/2076
f 1530/2108/2075 1893/2109/2076 1531/2068/2035
f 1531/2068/2035 1893/2109/2076 1894/2069/2036
f 1529/2107/2074 1528/2110/2077 1939/2105/2072
f 1939/2105/2072 1528/2110/2077 1889/2111/2078
f 1939/2105/2072 1889/2111/2078 1938/2103/2070
f 1938/2103/2070 1889/2111/2078 1913/2112/2079
f 1938/2103/2070 1913/2112/2079 1912/2101/2068
f 1912/2101/2068 1913/2112/2079 1897/2113/2080
f 1912/2101/2068 1897/2113/2080 1898/2099/2066
f 1898/2099/2066 1897/2113/2080 1950/2114/2081
f 1898/2099/2066 1950/2114/2081 1949/2097/2064
f 1949/2097/2064 1950/2114/2081 1928/2115/2082
f 1949/2097/2064 1928/2115/2082 1927/2095/2062
f 1927/2095/2062 1928/2115/2082 1918/2116/2083
f 1927/2095/2062 1918/2116/2083 1919/2093/2060
f 1919/2093/2060 1918/2116/2083 1883/2117/2084
f 1919/2093/2060 1883/2117/2084 1884/2091/2058
f 1528/2110/2077 1876/2118/2085 1889/2111/2078
f 1889/2111/2078 1876/2118/2085 1913/2112/2079
f 1877/2119/2086 1891/2120/2087 1876/2118/2085
f 1876/2118/2085 1891/2120/2087 1896/2121/2088
f 1876/2118/2085 1896/2121/2088 1913/2112/2079
f 1913/2112/2079 1896/2121/2088 1897/2113/2080
f 1878/2122/2089 1914/2123/2090 1877/2119/2086
f 1877/2119/2086 1914/2123/2090 1931/2124/2091
f 1877/2119/2086 1931/2124/2091 1891/2120/2087
f 1891/2120/2087 1931/2124/2091 1930/2125/2092
f 1891/2120/2087 1930/2125/2092 1951/2126/2093
f 1951/2126/2093 1930/2125/2092 1929/2127/2094
f 1951/2126/2093 1929/2127/2094 1950/2114/2081
f 1950/2114/2081 1929/2127/2094 1928/2115/2082
f 1879/2128/2095 1880/2129/2096 1878/2122/2089
f 1878/2122/2089 1880/2129/2096 1914/2123/2090
f 1914/2123/2090 1880/2129/2096 1915/2130/2097
f 1915/2130/2097 1880/2129/2096 1881/2131/2098
f 1915/2130/2097 1881/2131/2098 1916/2132/2099
f 1916/2132/2099 1881/2131/2098 1882/2133/2100
f 1916/2132/2099 1882/2133/2100 1917/2134/2101
f 1917/2134/2101 1882/2133/2100 1918/2116/2083
f 1917/2134/2101 1918/2116/2083 1928/2115/2082
f 1882/2133/2100 1883/2117/2084 1918/2116/2083
f 1923/2084/2051 1888/2086/2053 1890/2135/2102
f 1890/2135/2102 1888/2086/2053 1816/2136/1980
f 1890/2135/2102 1816/2136/1980 1904/2137/2103
f 1904/2137/2103 1816/2136/1980 1815/2138/2104
f 1904/2137/2103 1815/2138/2104 1905/2139/2105
f 1905/2139/2105 1815/2138/2104 1814/2140/2106
f 1905/2139/2105 1814/2140/2106 1813/2141/2107
f 1905/2139/2105 1813/2141/2107 1906/2142/2108
f 1906/2142/2108 1813/2141/2107 1812/2143/2109
f 1906/2142/2108 1812/2143/2109 1811/2144/2110
f 1906/2142/2108 1811/2144/2110 1932/2145/2111
f 1932/2145/2111 1811/2144/2110 1810/2146/2112
f 1932/2145/2111 1810/2146/2112 1809/2147/2113
f 1932/2145/2111 1809/2147/2113 1933/2148/2114
f 1933/2148/2114 1809/2147/2113 1808/2149/2115
f 1933/2148/2114 1808/2149/2115 1934/2076/2043
f 1934/2076/2043 1808/2149/2115 1940/2150/2116
f 1934/2076/2043 1940/2150/2116 1941/2074/2041
f 1941/2074/2041 1940/2150/2116 1807/2151/2117
f 1941/2074/2041 1807/2151/2117 1806/2072/2039
f 1808/2149/2115 1807/2151/2117 1940/2150/2116
f 1892/2106/2073 1944/2104/2071 1893/2109/2076
f 1893/2109/2076 1944/2104/2071 1943/2152/2118
f 1893/2109/2076 1943/2152/2118 1894/2069/2036
f 1894/2069/2036 1943/2152/2118 1942/2073/2040
f 1894/2069/2036 1942/2073/2040 1895/2071/2038
f 1891/2120/2087 1951/2126/2093 1896/2121/2088
f 1896/2121/2088 1951/2126/2093 1897/2113/2080
f 1951/2126/2093 1950/2114/2081 1897/2113/2080
f 1899/2098/2065 1900/2153/2119 1910/2154/2120
f 1910/2154/2120 1900/2153/2119 1909/2077/2044
f 1910/2154/2120 1909/2077/2044 1935/2075/2042
f 1909/2077/2044 1900/2153/2119 1901/2079/2046
f 1901/2079/2046 1900/2153/2119 1947/2155/2121
f 1901/2079/2046 1947/2155/2121 1946/2081/2048
f 1946/2081/2048 1947/2155/2121 1925/2156/2122
f 1946/2081/2048 1925/2156/2122 1924/2083/2050
f 1924/2083/2050 1925/2156/2122 1921/2090/2057
f 1924/2083/2050 1921/2090/2057 1922/2085/2052
f 1947/2155/2121 1900/2153/2119 1948/2096/2063
f 1948/2096/2063 1900/2153/2119 1899/2098/2065
f 1902/2080/2047 1903/2157/2123 1907/2158/2124
f 1907/2158/2124 1903/2157/2123 1906/2142/2108
f 1907/2158/2124 1906/2142/2108 1932/2145/2111
f 1905/2139/2105 1906/2142/2108 1904/2137/2103
f 1904/2137/2103 1906/2142/2108 1903/2157/2123
f 1904/2137/2103 1903/2157/2123 1890/2135/2102
f 1890/2135/2102 1903/2157/2123 1945/2082/2049
f 1890/2135/2102 1945/2082/2049 1923/2084/2051
f 1903/2157/2123 1902/2080/2047 1945/2082/2049
f 1902/2080/2047 1907/2158/2124 1908/2078/2045
f 1908/2078/2045 1907/2158/2124 1933/2148/2114
f 1908/2078/2045 1933/2148/2114 1934/2076/2043
f 1933/2148/2114 1907/2158/2124 1932/2145/2111
f 1899/2098/2065 1910/2154/2120 1911/2100/2067
f 1911/2100/2067 1910/2154/2120 1936/2159/2125
f 1911/2100/2067 1936/2159/2125 1937/2102/2069
f 1937/2102/2069 1936/2159/2125 1943/2152/2118
f 1937/2102/2069 1943/2152/2118 1944/2104/2071
f 1936/2159/2125 1910/2154/2120 1935/2075/2042
f 1930/2125/2092 1931/2124/2091 1915/2130/2097
f 1915/2130/2097 1931/2124/2091 1914/2123/2090
f 1929/2127/2094 1930/2125/2092 1916/2132/2099
f 1916/2132/2099 1930/2125/2092 1915/2130/2097
f 1928/2115/2082 1929/2127/2094 1917/2134/2101
f 1917/2134/2101 1929/2127/2094 1916/2132/2099
f 1926/2094/2061 1920/2092/2059 1925/2156/2122
f 1925/2156/2122 1920/2092/2059 1921/2090/2057
f 1948/2096/2063 1926/2094/2061 1947/2155/2121
f 1947/2155/2121 1926/2094/2061 1925/2156/2122
f 1943/2152/2118 1936/2159/2125 1942/2073/2040
f 1942/2073/2040 1936/2159/2125 1935/2075/2042
f 1521/2160/2126 1447/2161/2127 1522/2162/2128
f 1522/2162/2128 1447/2161/2127 1633/2163/2129
f 1522/2162/2128 1633/2163/2129 1632/2164/2130
f 1521/2160/2126 1520/2165/2131 1447/2161/2127
f 1447/2161/2127 1520/2165/2131 1757/2166/2132
f 1447/2161/2127 1757/2166/2132 1693/2167/2133
f 1455/2168/1584 1451/2169/2134 1693/2167/2133
f 1693/2167/2133 1451/2169/2134 1450/2170/1560
f 1693/2167/2133 1450/2170/1560 1449/2171/1561
f 1454/2172/1583 1453/2173/1580 1455/2168/1584
f 1455/2168/1584 1453/2173/1580 1452/2174/1556
f 1455/2168/1584 1452/2174/1556 1451/2169/2134
f 1449/2171/1561 1448/2175/1563 1693/2167/2133
f 1693/2167/2133 1448/2175/1563 1447/2161/2127
f 1632/2164/2130 1631/2176/1731 1522/2162/2128
f 1522/2162/2128 1631/2176/1731 1630/2177/1733
f 1522/2162/2128 1630/2177/1733 1561/2178/1681
f 1561/2178/1681 1630/2177/1733 1629/2179/1735
f 1561/2178/1681 1629/2179/1735 1628/2180/1737
f 1628/2180/1737 1627/2181/2135 1561/2178/1681
f 1952/2182/2136 1953/2183/2137 1804/2184/2138
f 1804/2184/2138 1953/2183/2137 1805/2185/2139
f 1805/2185/2139 1953/2183/2137 1968/2186/2140
f 1968/2186/2140 1953/2183/2137 1954/2187/2141
f 1968/2186/2140 1954/2187/2141 1967/2188/2142
f 1967/2188/2142 1954/2187/2141 1955/2189/2143
f 1967/2188/2142 1955/2189/2143 1956/2190/2144
f 1967/2188/2142 1956/2190/2144 1966/2191/2145
f 1966/2191/2145 1956/2190/2144 1957/2192/2146
f 1966/2191/2145 1957/2192/2146 1965/2193/2147
f 1965/2193/2147 1957/2192/2146 1964/2194/2148
f 1964/2194/2148 1957/2192/2146 1958/2195/2149
f 1964/2194/2148 1958/2195/2149 1959/2196/2150
f 1960/2197/2151 1962/2198/2152 1959/2196/2150
f 1959/2196/2150 1962/2198/2152 1963/2199/2153
f 1959/2196/2150 1963/2199/2153 1964/2194/2148
f 1960/2197/2151 1961/2200/2154 1962/2198/2152
f 1969/2201/2155 1952/2202/2156 1803/2203/2157
f 1803/2203/2157 1952/2202/2156 1804/2204/2158
f 1990/2205/2159 1970/2206/2160 1802/2207/2161
f 1802/2207/2161 1970/2206/2160 1969/2208/2155
f 1802/2207/2161 1969/2208/2155 1803/2209/2157
f 1802/2207/2161 1971/2210/2162 1990/2205/2159
f 1990/2205/2159 1971/2210/2162 1972/2211/2163
f 1990/2205/2159 1972/2211/2163 1989/2212/2164
f 1989/2212/2164 1972/2211/2163 1988/2213/2165
f 1988/2213/2165 1972/2211/2163 1973/2214/2166
f 1988/2213/2165 1973/2214/2166 1974/2215/2167
f 1988/2213/2165 1974/2215/2167 1987/2216/2168
f 1987/2216/2168 1974/2215/2167 1975/2217/2169
f 1987/2216/2168 1975/2217/2169 1986/2218/2170
f 1986/2218/2170 1975/2217/2169 1976/2219/2171
f 1986/2218/2170 1976/2219/2171 1985/2220/2172
f 1985/2220/2172 1976/2219/2171 1977/2221/2173
f 1985/2220/2172 1977/2221/2173 1980/2222/2174
f 1980/2222/2174 1977/2221/2173 1979/2223/2175
f 1979/2223/2175 1977/2221/2173 1978/2224/2176
f 1980/2222/2174 1981/2225/2177 1985/2220/2172
f 1985/2220/2172 1981/2225/2177 1984/2226/2178
f 1984/2226/2178 1981/2225/2177 1982/2227/2179
f 1984/2226/2178 1982/2227/2179 1983/2228/2180
f 1231/2229/1715 1230/2230/2181 1528/2231/1654
f 1528/2231/1654 1230/2230/2181 1228/2232/2182
f 1528/2231/1654 1228/2232/2182 1876/2233/2183
f 1876/2233/2183 1228/2232/2182 1225/2234/2184
f 1876/2233/2183 1225/2234/2184 1224/2235/2185
f 1230/2230/2181 1229/2236/2186 1228/2232/2182
f 1228/2232/2182 1227/2237/2187 1225/2234/2184
f 1225/2234/2184 1227/2237/2187 1226/2238/2188
f 1224/2235/2185 1223/2239/2189 1876/2233/2183
f 1876/2233/2183 1223/2239/2189 1222/2240/2190
f 1876/2233/2183 1222/2240/2190 1221/2241/2191
f 1221/2241/2191 1220/2242/2192 1876/2233/2183
f 1876/2233/2183 1220/2242/2192 1219/2243/2193
f 1876/2233/2183 1219/2243/2193 1217/2244/1465
f 1217/2244/1465 1219/2243/2193 1218/2245/2194
f 1953/2246/2195 1952/2247/2196 1217/2244/1465
f 1217/2244/1465 1952/2247/2196 1876/2233/2183
f 1876/2233/2183 1952/2247/2196 1991/2248/2197
f 1991/2248/2197 1952/2247/2196 1969/2249/2198
f 1991/2248/2197 1969/2249/2198 1970/2250/2199
f 1876/2233/2183 1991/2248/2197 1877/2251/2200
f 1877/2251/2200 1991/2248/2197 1992/2252/2201
f 1877/2251/2200 1992/2252/2201 1878/2253/2202
f 1878/2253/2202 1992/2252/2201 1993/2254/2203
f 1878/2253/2202 1993/2254/2203 1879/2255/2095
f 1879/2255/2095 1993/2254/2203 1994/2256/2204
f 1879/2255/2095 1994/2256/2204 2003/2257/2205
f 2003/2257/2205 1994/2256/2204 2002/2258/2206
f 2002/2258/2206 1994/2256/2204 1995/2259/2207
f 2002/2258/2206 1995/2259/2207 2001/2260/2208
f 2001/2260/2208 1995/2259/2207 2000/2261/2209
f 2000/2261/2209 1995/2259/2207 1999/2262/2210
f 1999/2262/2210 1995/2259/2207 1998/2263/2211
f 1998/2263/2211 1995/2259/2207 1997/2264/2212
f 1997/2264/2212 1995/2259/2207 1996/2265/2213
f 1991/2266/2214 1970/2267/2215 2013/2268/2216
f 2013/2268/2216 1970/2267/2215 1990/2269/2217
f 2013/2268/2216 1990/2269/2217 2012/2270/2218
f 2012/2270/2218 1990/2269/2217 2011/2271/2219
f 2011/2271/2219 1990/2269/2217 1989/2272/2220
f 2011/2271/2219 1989/2272/2220 2010/2273/2221
f 2010/2273/2221 1989/2272/2220 1988/2274/2222
f 2010/2273/2221 1988/2274/2222 2009/2275/2223
f 2009/2275/2223 1988/2274/2222 1987/2276/2224
f 2009/2275/2223 1987/2276/2224 2008/2277/2225
f 2008/2277/2225 1987/2276/2224 1986/2278/2226
f 2008/2277/2225 1986/2278/2226 2007/2279/2227
f 2007/2279/2227 1986/2278/2226 1985/2280/2228
f 2007/2279/2227 1985/2280/2228 2006/2281/2229
f 2006/2281/2229 1985/2280/2228 1984/2282/2230
f 2006/2281/2229 1984/2282/2230 2005/2283/2231
f 2005/2283/2231 1984/2282/2230 2004/2284/2232
f 2004/2284/2232 1984/2282/2230 1983/2285/2233
f 2004/2286/2234 1982/2287/2235 2030/2288/2236
f 2030/2288/2236 1982/2287/2235 1981/2289/2237
f 2030/2288/2236 1981/2289/2237 2014/2290/2238
f 2030/2288/2236 2014/2290/2238 2028/2291/2239
f 2028/2291/2239 2014/2290/2238 2015/2292/2240
f 2028/2291/2239 2015/2292/2240 2070/2293/2241
f 2070/2293/2241 2015/2292/2240 2053/2294/2242
f 2070/2293/2241 2053/2294/2242 2054/2295/2243
f 2054/2295/2243 2053/2294/2242 2019/2296/2244
f 2054/2295/2243 2019/2296/2244 2020/2297/2245
f 2015/2292/2240 2016/2298/2246 2053/2294/2242
f 2053/2294/2242 2016/2298/2246 2017/2299/2247
f 2053/2294/2242 2017/2299/2247 2019/2296/2244
f 2019/2296/2244 2017/2299/2247 2018/2300/2248
f 2054/2295/2243 2020/2297/2245 2055/2301/2249
f 2055/2301/2249 2020/2297/2245 2021/2302/2250
f 2055/2301/2249 2021/2302/2250 2056/2303/2251
f 2056/2303/2251 2021/2302/2250 2022/2304/2252
f 2056/2303/2251 2022/2304/2252 2057/2305/2253
f 2057/2305/2253 2022/2304/2252 2023/2306/2254
f 2057/2305/2253 2023/2306/2254 2058/2307/2255
f 2058/2307/2255 2023/2306/2254 2024/2308/2256
f 2058/2307/2255 2024/2308/2256 2059/2309/2257
f 2059/2309/2257 2024/2308/2256 2025/2310/2258
f 2059/2309/2257 2025/2310/2258 2060/2311/2259
f 2060/2311/2259 2025/2310/2258 2026/2312/2260
f 2060/2311/2259 2026/2312/2260 2061/2313/2261
f 2061/2313/2261 2026/2312/2260 2027/2314/2262
f 2061/2313/2261 2027/2314/2262 1995/2315/2263
f 1995/2315/2263 2027/2314/2262 1996/2316/2264
f 1995/2315/2263 1994/2317/2265 2061/2313/2261
f 2061/2313/2261 1994/2317/2265 2062/2318/2266
f 2061/2313/2261 2062/2318/2266 2063/2319/2267
f 2063/2319/2267 2062/2318/2266 2052/2320/2268
f 2063/2319/2267 2052/2320/2268 2051/2321/2269
f 2051/2321/2269 2052/2320/2268 2037/2322/2270
f 2051/2321/2269 2037/2322/2270 2036/2323/2271
f 2036/2323/2271 2037/2322/2270 2041/2324/2272
f 2036/2323/2271 2041/2324/2272 2042/2325/2273
f 2042/2325/2273 2041/2324/2272 2010/2326/2274
f 2042/2325/2273 2010/2326/2274 2009/2327/2275
f 2062/2318/2266 1994/2317/2265 2029/2328/2276
f 2029/2328/2276 1994/2317/2265 1993/2329/2277
f 2029/2328/2276 1993/2329/2277 2039/2330/2278
f 2039/2330/2278 1993/2329/2277 1992/2331/2279
f 2039/2330/2278 1992/2331/2279 2031/2332/2280
f 2031/2332/2280 1992/2331/2279 2012/2333/2281
f 2031/2332/2280 2012/2333/2281 2011/2334/2282
f 1991/2335/2283 2013/2336/2284 1992/2331/2279
f 1992/2331/2279 2013/2336/2284 2012/2333/2281
f 2031/2332/2280 2011/2334/2282 2040/2337/2285
f 2040/2337/2285 2011/2334/2282 2010/2326/2274
f 2040/2337/2285 2010/2326/2274 2041/2324/2272
f 2042/2325/2273 2009/2327/2275 2043/2338/2286
f 2043/2338/2286 2009/2327/2275 2008/2339/2287
f 2043/2338/2286 2008/2339/2287 2044/2340/2288
f 2044/2340/2288 2008/2339/2287 2007/2341/2289
f 2044/2340/2288 2007/2341/2289 2045/2342/2290
f 2045/2342/2290 2007/2341/2289 2006/2343/2291
f 2045/2342/2290 2006/2343/2291 2033/2344/2292
f 2033/2344/2292 2006/2343/2291 2032/2345/2293
f 2033/2344/2292 2032/2345/2293 2047/2346/2294
f 2047/2346/2294 2032/2345/2293 2046/2347/2295
f 2047/2346/2294 2046/2347/2295 2068/2348/2296
f 2068/2348/2296 2046/2347/2295 2069/2349/2297
f 2068/2348/2296 2069/2349/2297 2055/2301/2249
f 2055/2301/2249 2069/2349/2297 2054/2295/2243
f 2006/2343/2291 2005/2350/2298 2032/2345/2293
f 2032/2345/2293 2005/2350/2298 2030/2288/2236
f 2032/2345/2293 2030/2288/2236 2046/2347/2295
f 2046/2347/2295 2030/2288/2236 2028/2291/2239
f 2046/2347/2295 2028/2291/2239 2069/2349/2297
f 2069/2349/2297 2028/2291/2239 2070/2293/2241
f 2069/2349/2297 2070/2293/2241 2054/2295/2243
f 2005/2350/2298 2004/2286/2234 2030/2288/2236
f 2043/2338/2286 2044/2340/2288 2034/2351/2299
f 2034/2351/2299 2044/2340/2288 2033/2344/2292
f 2034/2351/2299 2033/2344/2292 2048/2352/2300
f 2048/2352/2300 2033/2344/2292 2047/2346/2294
f 2048/2352/2300 2047/2346/2294 2067/2353/2301
f 2067/2353/2301 2047/2346/2294 2068/2348/2296
f 2067/2353/2301 2068/2348/2296 2056/2303/2251
f 2056/2303/2251 2068/2348/2296 2055/2301/2249
f 2042/2325/2273 2043/2338/2286 2035/2354/2302
f 2035/2354/2302 2043/2338/2286 2034/2351/2299
f 2035/2354/2302 2034/2351/2299 2049/2355/2303
f 2049/2355/2303 2034/2351/2299 2048/2352/2300
f 2049/2355/2303 2048/2352/2300 2066/2356/2304
f 2066/2356/2304 2048/2352/2300 2067/2353/2301
f 2066/2356/2304 2067/2353/2301 2057/2305/2253
f 2057/2305/2253 2067/2353/2301 2056/2303/2251
f 2042/2325/2273 2035/2354/2302 2036/2323/2271
f 2036/2323/2271 2035/2354/2302 2050/2357/2305
f 2036/2323/2271 2050/2357/2305 2051/2321/2269
f 2051/2321/2269 2050/2357/2305 2064/2358/2306
f 2051/2321/2269 2064/2358/2306 2063/2319/2267
f 2063/2319/2267 2064/2358/2306 2060/2311/2259
f 2063/2319/2267 2060/2311/2259 2061/2313/2261
f 2050/2357/2305 2035/2354/2302 2049/2355/2303
f 2040/2337/2285 2041/2324/2272 2037/2322/2270
f 2031/2332/2280 2040/2337/2285 2038/2359/2307
f 2038/2359/2307 2040/2337/2285 2037/2322/2270
f 2038/2359/2307 2037/2322/2270 2052/2320/2268
f 2029/2328/2276 2039/2330/2278 2038/2359/2307
f 2038/2359/2307 2039/2330/2278 2031/2332/2280
f 2029/2328/2276 2038/2359/2307 2052/2320/2268
f 2044/2340/2288 2045/2342/2290 2033/2344/2292
f 2050/2357/2305 2049/2355/2303 2065/2360/2308
f 2065/2360/2308 2049/2355/2303 2066/2356/2304
f 2065/2360/2308 2066/2356/2304 2058/2307/2255
f 2058/2307/2255 2066/2356/2304 2057/2305/2253
f 2062/2318/2266 2029/2328/2276 2052/2320/2268
f 2058/2307/2255 2059/2309/2257 2065/2360/2308
f 2065/2360/2308 2059/2309/2257 2064/2358/2306
f 2065/2360/2308 2064/2358/2306 2050/2357/2305
f 2059/2309/2257 2060/2311/2259 2064/2358/2306
f 1979/2361/2309 1978/2362/2310 2071/2363/2311
f 1983/2364/2233 1982/2365/2312 2004/2366/2232
f 1981/2367/2313 1980/2368/2314 2014/2369/2315
f 2014/2369/2315 1980/2368/2314 2072/2370/2316
f 2014/2369/2315 2072/2370/2316 2015/2371/2317
f 2015/2371/2317 2072/2370/2316 2073/2372/2318
f 2015/2371/2317 2073/2372/2318 2016/2373/2319
f 2016/2373/2319 2073/2372/2318 2074/2374/2320
f 2016/2373/2319 2074/2374/2320 2017/2375/2321
f 1978/2376/2310 1977/2377/2322 2071/2378/2311
f 2071/2378/2311 1977/2377/2322 2083/2379/2323
f 2083/2379/2323 1977/2377/2322 2082/2380/2324
f 2082/2380/2324 1977/2377/2322 1976/2381/2325
f 2082/2380/2324 1976/2381/2325 2084/2382/2326
f 2084/2382/2326 1976/2381/2325 1975/2383/2327
f 2084/2382/2326 1975/2383/2327 2085/2384/2328
f 2085/2384/2328 1975/2383/2327 2080/2385/2329
f 2085/2384/2328 2080/2385/2329 2081/2386/2330
f 2080/2385/2329 1975/2383/2327 2090/2387/2331
f 2090/2387/2331 1975/2383/2327 1974/2388/2332
f 2090/2387/2331 1974/2388/2332 2079/2389/2333
f 2079/2389/2333 1974/2388/2332 2086/2390/2334
f 2079/2389/2333 2086/2390/2334 2078/2391/2335
f 2078/2391/2335 2086/2390/2334 2087/2392/2336
f 2078/2391/2335 2087/2392/2336 2088/2393/2337
f 2088/2393/2337 2087/2392/2336 1972/2394/2338
f 2088/2393/2337 1972/2394/2338 2089/2395/2339
f 2089/2395/2339 1972/2394/2338 1971/2396/2340
f 2089/2395/2339 1971/2396/2340 1802/2397/2341
f 1974/2388/2332 1973/2398/2342 2086/2390/2334
f 2086/2390/2334 1973/2398/2342 2087/2392/2336
f 1973/2398/2342 1972/2394/2338 2087/2392/2336
f 1801/2399/2343 2075/2400/2344 1802/2397/2341
f 1802/2397/2341 2075/2400/2344 2076/2401/2345
f 1802/2397/2341 2076/2401/2345 2089/2395/2339
f 2089/2395/2339 2076/2401/2345 2077/2402/2346
f 2089/2395/2339 2077/2402/2346 2088/2393/2337
f 2088/2393/2337 2077/2402/2346 2078/2391/2335
f 2079/2389/2333 2080/2385/2329 2090/2387/2331
f 2085/2384/2328 2081/2386/2330 2084/2382/2326
f 2084/2382/2326 2081/2386/2330 2082/2380/2324
f 1805/2403/2347 1968/2404/2348 1204/2405/1415
f 1204/2405/1415 1968/2404/2348 2109/2406/2349
f 1204/2405/1415 2109/2406/2349 1205/2407/2350
f 1205/2407/2350 2109/2406/2349 2110/2408/2351
f 1205/2407/2350 2110/2408/2351 1206/2409/2352
f 1206/2409/2352 2110/2408/2351 2111/2410/2353
f 1206/2409/2352 2111/2410/2353 1207/2411/2354
f 1207/2411/2354 2111/2410/2353 2112/2412/2355
f 1207/2411/2354 2112/2412/2355 1208/2413/2356
f 1208/2413/2356 2112/2412/2355 2113/2414/2357
f 1208/2413/2356 2113/2414/2357 1209/2415/2358
f 1209/2415/2358 2113/2414/2357 2103/2416/2359
f 1209/2415/2358 2103/2416/2359 1210/2417/2360
f 1210/2417/2360 2103/2416/2359 2114/2418/2361
f 1210/2417/2360 2114/2418/2361 1211/2419/2362
f 1211/2419/2362 2114/2418/2361 2115/2420/2363
f 1211/2419/2362 2115/2420/2363 1212/2421/2364
f 1212/2421/2364 2115/2420/2363 2116/2422/2365
f 1212/2421/2364 2116/2422/2365 1213/2423/2366
f 1213/2423/2366 2116/2422/2365 2117/2424/2367
f 1213/2423/2366 2117/2424/2367 1214/2425/2368
f 1214/2425/2368 2117/2424/2367 2118/2426/2369
f 1214/2425/2368 2118/2426/2369 1215/2427/2370
f 1215/2427/2370 2118/2426/2369 2119/2428/2371
f 1215/2427/2370 2119/2428/2371 1216/2429/2372
f 1216/2429/2372 2119/2428/2371 2120/2430/2373
f 1216/2429/2372 2120/2430/2373 1217/2431/1465
f 1217/2431/1465 2120/2430/2373 2091/2432/2374
f 1217/2431/1465 2091/2432/2374 2095/2433/2375
f 2095/2433/2375 2091/2432/2374 2096/2434/2376
f 2095/2433/2375 2096/2434/2376 2108/2435/2377
f 2108/2435/2377 2096/2434/2376 1956/2436/2378
f 2108/2435/2377 1956/2436/2378 1955/2437/2379
f 1967/2438/2380 2094/2439/2381 1968/2404/2348
f 1968/2404/2348 2094/2439/2381 2092/2440/2382
f 1968/2404/2348 2092/2440/2382 2109/2406/2349
f 2109/2406/2349 2092/2440/2382 2107/2441/2383
f 2109/2406/2349 2107/2441/2383 2110/2408/2351
f 2110/2408/2351 2107/2441/2383 2106/2442/2384
f 2110/2408/2351 2106/2442/2384 2111/2410/2353
f 2111/2410/2353 2106/2442/2384 2105/2443/2385
f 2111/2410/2353 2105/2443/2385 2112/2412/2355
f 2112/2412/2355 2105/2443/2385 2104/2444/2386
f 2112/2412/2355 2104/2444/2386 2113/2414/2357
f 2113/2414/2357 2104/2444/2386 2102/2445/2387
f 2113/2414/2357 2102/2445/2387 2103/2416/2359
f 2103/2416/2359 2102/2445/2387 1962/2446/2388
f 2103/2416/2359 1962/2446/2388 2101/2447/2389
f 2101/2447/2389 1962/2446/2388 1961/2448/2390
f 2101/2447/2389 1961/2448/2390 2100/2449/2391
f 2100/2449/2391 1961/2448/2390 1960/2450/2392
f 2100/2449/2391 1960/2450/2392 1959/2451/2393
f 2094/2439/2381 1967/2438/2380 2093/2452/2394
f 2093/2452/2394 1967/2438/2380 1966/2453/2395
f 2093/2452/2394 1966/2453/2395 2107/2441/2383
f 2107/2441/2383 1966/2453/2395 2106/2442/2384
f 1966/2453/2395 1965/2454/2396 2106/2442/2384
f 2106/2442/2384 1965/2454/2396 2105/2443/2385
f 1965/2454/2396 1964/2455/2397 2105/2443/2385
f 2105/2443/2385 1964/2455/2397 2104/2444/2386
f 1964/2455/2397 1963/2456/2398 2104/2444/2386
f 2104/2444/2386 1963/2456/2398 2102/2445/2387
f 1963/2456/2398 1962/2446/2388 2102/2445/2387
f 2100/2449/2391 1959/2451/2393 2099/2457/2399
f 2099/2457/2399 1959/2451/2393 1958/2458/2400
f 2099/2457/2399 1958/2458/2400 2098/2459/2401
f 2098/2459/2401 1958/2458/2400 1957/2460/2402
f 2098/2459/2401 1957/2460/2402 2097/2461/2403
f 2097/2461/2403 1957/2460/2402 1956/2436/2378
f 2097/2461/2403 1956/2436/2378 2096/2434/2376
f 2108/2435/2377 1955/2437/2379 2095/2433/2375
f 2095/2433/2375 1955/2437/2379 1954/2462/2404
f 2095/2433/2375 1954/2462/2404 1217/2431/1465
f 1217/2431/1465 1954/2462/2404 1953/2463/2405
f 2107/2441/2383 2092/2440/2382 2094/2439/2381
f 2107/2441/2383 2094/2439/2381 2093/2452/2394
f 2120/2430/2373 2119/2428/2371 2091/2432/2374
f 2091/2432/2374 2119/2428/2371 2096/2434/2376
f 2119/2428/2371 2118/2426/2369 2096/2434/2376
f 2096/2434/2376 2118/2426/2369 2097/2461/2403
f 2118/2426/2369 2117/2424/2367 2097/2461/2403
f 2097/2461/2403 2117/2424/2367 2098/2459/2401
f 2117/2424/2367 2116/2422/2365 2098/2459/2401
f 2098/2459/2401 2116/2422/2365 2099/2457/2399
f 2116/2422/2365 2115/2420/2363 2099/2457/2399
f 2099/2457/2399 2115/2420/2363 2100/2449/2391
f 2115/2420/2363 2114/2418/2361 2100/2449/2391
f 2100/2449/2391 2114/2418/2361 2101/2447/2389
f 2114/2418/2361 2103/2416/2359 2101/2447/2389
f 2121/2464/2406 2122/2465/2407 2147/2466/2408
f 2147/2466/2408 2122/2465/2407 2150/2467/2409
f 2147/2466/2408 2150/2467/2409 2213/2468/2410
f 2213/2468/2410 2150/2467/2409 2221/2469/2411
f 2213/2468/2410 2221/2469/2411 2214/2470/2412
f 2214/2470/2412 2221/2469/2411 2222/2471/2413
f 2214/2470/2412 2222/2471/2413 2215/2472/2414
f 2215/2472/2414 2222/2471/2413 2223/2473/2415
f 2215/2472/2414 2223/2473/2415 2216/2474/2416
f 2216/2474/2416 2223/2473/2415 2224/2475/2417
f 2216/2474/2416 2224/2475/2417 2217/2476/2418
f 2217/2476/2418 2224/2475/2417 2225/2477/2419
f 2217/2476/2418 2225/2477/2419 2218/2478/2420
f 2218/2478/2420 2225/2477/2419 2226/2479/2421
f 2218/2478/2420 2226/2479/2421 2219/2480/2422
f 2219/2480/2422 2226/2479/2421 2227/2481/2423
f 2219/2480/2422 2227/2481/2423 2220/2482/2424
f 2220/2482/2424 2227/2481/2423 2228/2483/2425
f 2220/2482/2424 2228/2483/2425 2149/2484/2426
f 2149/2484/2426 2228/2483/2425 2000/2485/2427
f 2149/2484/2426 2000/2485/2427 2177/2486/2428
f 2177/2486/2428 2000/2485/2427 1999/2487/2429
f 2177/2486/2428 1999/2487/2429 2160/2488/2430
f 2160/2488/2430 1999/2487/2429 1998/2489/2431
f 2160/2488/2430 1998/2489/2431 2178/2490/2432
f 2178/2490/2432 1998/2489/2431 1997/2491/2433
f 2178/2490/2432 1997/2491/2433 2148/2492/2434
f 2148/2492/2434 1997/2491/2433 1996/2493/2435
f 2148/2492/2434 1996/2493/2435 2203/2494/2436
f 2203/2494/2436 1996/2493/2435 2204/2495/2437
f 2203/2494/2436 2204/2495/2437 2202/2496/2438
f 2202/2496/2438 2204/2495/2437 2205/2497/2439
f 2202/2496/2438 2205/2497/2439 2201/2498/2440
f 2201/2498/2440 2205/2497/2439 2206/2499/2441
f 2201/2498/2440 2206/2499/2441 2200/2500/2442
f 2200/2500/2442 2206/2499/2441 2207/2501/2443
f 2200/2500/2442 2207/2501/2443 2199/2502/2444
f 2199/2502/2444 2207/2501/2443 2208/2503/2445
f 2199/2502/2444 2208/2503/2445 2198/2504/2446
f 2198/2504/2446 2208/2503/2445 2209/2505/2447
f 2198/2504/2446 2209/2505/2447 2197/2506/2448
f 2197/2506/2448 2209/2505/2447 2210/2507/2449
f 2197/2506/2448 2210/2507/2449 2196/2508/2450
f 2196/2508/2450 2210/2507/2449 2211/2509/2451
f 2196/2508/2450 2211/2509/2451 2195/2510/2452
f 2195/2510/2452 2211/2509/2451 2212/2511/2453
f 2195/2510/2452 2212/2511/2453 2140/2512/2454
f 2140/2512/2454 2212/2511/2453 2139/2513/2455
f 2139/2513/2455 2212/2511/2453 2136/2514/2456
f 2139/2513/2455 2136/2514/2456 2138/2515/2457
f 2138/2515/2457 2136/2514/2456 2137/2516/2458
f 2123/2517/2459 2158/2518/2460 2122/2465/2407
f 2122/2465/2407 2158/2518/2460 2159/2519/2461
f 2122/2465/2407 2159/2519/2461 2150/2467/2409
f 2150/2467/2409 2159/2519/2461 2158/2518/2460
f 2150/2467/2409 2158/2518/2460 2221/2469/2411
f 2221/2469/2411 2158/2518/2460 2157/2520/2462
f 2221/2469/2411 2157/2520/2462 2222/2471/2413
f 2222/2471/2413 2157/2520/2462 2156/2521/2463
f 2222/2471/2413 2156/2521/2463 2223/2473/2415
f 2223/2473/2415 2156/2521/2463 2155/2522/2464
f 2223/2473/2415 2155/2522/2464 2224/2475/2417
f 2224/2475/2417 2155/2522/2464 2154/2523/2465
f 2224/2475/2417 2154/2523/2465 2225/2477/2419
f 2225/2477/2419 2154/2523/2465 2153/2524/2466
f 2225/2477/2419 2153/2524/2466 2226/2479/2421
f 2226/2479/2421 2153/2524/2466 2152/2525/2467
f 2226/2479/2421 2152/2525/2467 2227/2481/2423
f 2227/2481/2423 2152/2525/2467 2151/2526/2468
f 2227/2481/2423 2151/2526/2468 2228/2483/2425
f 2228/2483/2425 2151/2526/2468 2000/2485/2427
f 2158/2518/2460 2123/2517/2459 2157/2520/2462
f 2157/2520/2462 2123/2517/2459 2124/2527/2469
f 2157/2520/2462 2124/2527/2469 2156/2521/2463
f 2156/2521/2463 2124/2527/2469 2125/2528/2470
f 2156/2521/2463 2125/2528/2470 2155/2522/2464
f 2155/2522/2464 2125/2528/2470 2154/2523/2465
f 2125/2528/2470 2126/2529/2471 2154/2523/2465
f 2154/2523/2465 2126/2529/2471 2153/2524/2466
f 2126/2529/2471 2127/2530/2472 2153/2524/2466
f 2153/2524/2466 2127/2530/2472 2152/2525/2467
f 2127/2530/2472 2128/2531/2473 2152/2525/2467
f 2152/2525/2467 2128/2531/2473 2151/2526/2468
f 2128/2531/2473 2001/2532/2474 2151/2526/2468
f 2151/2526/2468 2001/2532/2474 2000/2485/2427
f 1996/2493/2435 2027/2533/2475 2204/2495/2437
f 2204/2495/2437 2027/2533/2475 2129/2534/2476
f 2204/2495/2437 2129/2534/2476 2205/2497/2439
f 2205/2497/2439 2129/2534/2476 2130/2535/2477
f 2205/2497/2439 2130/2535/2477 2206/2499/2441
f 2206/2499/2441 2130/2535/2477 2131/2536/2478
f 2206/2499/2441 2131/2536/2478 2207/2501/2443
f 2207/2501/2443 2131/2536/2478 2132/2537/2479
f 2207/2501/2443 2132/2537/2479 2208/2503/2445
f 2208/2503/2445 2132/2537/2479 2133/2538/2480
f 2208/2503/2445 2133/2538/2480 2209/2505/2447
f 2209/2505/2447 2133/2538/2480 2210/2507/2449
f 2133/2538/2480 2134/2539/2481 2210/2507/2449
f 2210/2507/2449 2134/2539/2481 2211/2509/2451
f 2134/2539/2481 2135/2540/2482 2211/2509/2451
f 2211/2509/2451 2135/2540/2482 2212/2511/2453
f 2135/2540/2482 2136/2514/2456 2212/2511/2453
f 2140/2512/2454 2141/2541/2483 2195/2510/2452
f 2195/2510/2452 2141/2541/2483 2194/2542/2484
f 2195/2510/2452 2194/2542/2484 2193/2543/2485
f 2193/2543/2485 2194/2542/2484 2185/2544/2486
f 2193/2543/2485 2185/2544/2486 2184/2545/2487
f 2184/2545/2487 2185/2544/2486 2166/2546/2488
f 2184/2545/2487 2166/2546/2488 2165/2547/2489
f 2165/2547/2489 2166/2546/2488 2172/2548/2490
f 2165/2547/2489 2172/2548/2490 2173/2549/2491
f 2173/2549/2491 2172/2548/2490 2217/2476/2418
f 2173/2549/2491 2217/2476/2418 2218/2478/2420
f 2141/2541/2483 2142/2550/2492 2194/2542/2484
f 2194/2542/2484 2142/2550/2492 2143/2551/2493
f 2194/2542/2484 2143/2551/2493 2186/2552/2494
f 2186/2552/2494 2143/2551/2493 2144/2553/2495
f 2186/2552/2494 2144/2553/2495 2168/2554/2496
f 2168/2554/2496 2144/2553/2495 2145/2555/2497
f 2168/2554/2496 2145/2555/2497 2169/2556/2498
f 2169/2556/2498 2145/2555/2497 2146/2557/2499
f 2169/2556/2498 2146/2557/2499 2213/2468/2410
f 2213/2468/2410 2146/2557/2499 2147/2466/2408
f 2160/2488/2430 2161/2558/2500 2177/2486/2428
f 2177/2486/2428 2161/2558/2500 2176/2559/2501
f 2177/2486/2428 2176/2559/2501 2149/2484/2426
f 2149/2484/2426 2176/2559/2501 2220/2482/2424
f 2161/2558/2500 2162/2560/2502 2176/2559/2501
f 2176/2559/2501 2162/2560/2502 2175/2561/2503
f 2176/2559/2501 2175/2561/2503 2220/2482/2424
f 2220/2482/2424 2175/2561/2503 2219/2480/2422
f 2161/2558/2500 2160/2488/2430 2179/2562/2504
f 2179/2562/2504 2160/2488/2430 2178/2490/2432
f 2179/2562/2504 2178/2490/2432 2187/2563/2505
f 2187/2563/2505 2178/2490/2432 2148/2492/2434
f 2187/2563/2505 2148/2492/2434 2202/2496/2438
f 2202/2496/2438 2148/2492/2434 2203/2494/2436
f 2162/2560/2502 2163/2564/2506 2175/2561/2503
f 2175/2561/2503 2163/2564/2506 2174/2565/2507
f 2175/2561/2503 2174/2565/2507 2219/2480/2422
f 2219/2480/2422 2174/2565/2507 2218/2478/2420
f 2162/2560/2502 2161/2558/2500 2180/2566/2508
f 2180/2566/2508 2161/2558/2500 2179/2562/2504
f 2180/2566/2508 2179/2562/2504 2188/2567/2509
f 2188/2567/2509 2179/2562/2504 2187/2563/2505
f 2188/2567/2509 2187/2563/2505 2201/2498/2440
f 2201/2498/2440 2187/2563/2505 2202/2496/2438
f 2163/2564/2506 2164/2568/2510 2174/2565/2507
f 2174/2565/2507 2164/2568/2510 2173/2549/2491
f 2174/2565/2507 2173/2549/2491 2218/2478/2420
f 2163/2564/2506 2162/2560/2502 2181/2569/2511
f 2181/2569/2511 2162/2560/2502 2180/2566/2508
f 2181/2569/2511 2180/2566/2508 2189/2570/2512
f 2189/2570/2512 2180/2566/2508 2188/2567/2509
f 2189/2570/2512 2188/2567/2509 2200/2500/2442
f 2200/2500/2442 2188/2567/2509 2201/2498/2440
f 2173/2549/2491 2164/2568/2510 2165/2547/2489
f 2165/2547/2489 2164/2568/2510 2183/2571/2513
f 2165/2547/2489 2183/2571/2513 2184/2545/2487
f 2184/2545/2487 2183/2571/2513 2192/2572/2514
f 2184/2545/2487 2192/2572/2514 2193/2543/2485
f 2193/2543/2485 2192/2572/2514 2196/2508/2450
f 2193/2543/2485 2196/2508/2450 2195/2510/2452
f 2164/2568/2510 2163/2564/2506 2182/2573/2515
f 2182/2573/2515 2163/2564/2506 2181/2569/2511
f 2182/2573/2515 2181/2569/2511 2190/2574/2516
f 2190/2574/2516 2181/2569/2511 2189/2570/2512
f 2190/2574/2516 2189/2570/2512 2199/2502/2444
f 2199/2502/2444 2189/2570/2512 2200/2500/2442
f 2166/2546/2488 2167/2575/2517 2171/2576/2518
f 2171/2576/2518 2167/2575/2517 2170/2577/2519
f 2171/2576/2518 2170/2577/2519 2215/2472/2414
f 2215/2472/2414 2170/2577/2519 2214/2470/2412
f 2167/2575/2517 2168/2554/2496 2170/2577/2519
f 2170/2577/2519 2168/2554/2496 2169/2556/2498
f 2170/2577/2519 2169/2556/2498 2214/2470/2412
f 2214/2470/2412 2169/2556/2498 2213/2468/2410
f 2166/2546/2488 2185/2544/2486 2167/2575/2517
f 2167/2575/2517 2185/2544/2486 2186/2552/2494
f 2167/2575/2517 2186/2552/2494 2168/2554/2496
f 2166/2546/2488 2171/2576/2518 2172/2548/2490
f 2172/2548/2490 2171/2576/2518 2216/2474/2416
f 2172/2548/2490 2216/2474/2416 2217/2476/2418
f 2216/2474/2416 2171/2576/2518 2215/2472/2414
f 2164/2568/2510 2182/2573/2515 2183/2571/2513
f 2183/2571/2513 2182/2573/2515 2191/2578/2520
f 2183/2571/2513 2191/2578/2520 2192/2572/2514
f 2192/2572/2514 2191/2578/2520 2197/2506/2448
f 2192/2572/2514 2197/2506/2448 2196/2508/2450
f 2191/2578/2520 2182/2573/2515 2190/2574/2516
f 2194/2542/2484 2186/2552/2494 2185/2544/2486
f 2199/2502/2444 2198/2504/2446 2190/2574/2516
f 2190/2574/2516 2198/2504/2446 2191/2578/2520
f 2198/2504/2446 2197/2506/2448 2191/2578/2520
f 2002/2579/2521 2001/2580/2522 2239/2581/2523
f 2239/2581/2523 2001/2580/2522 2229/2582/2524
f 2239/2581/2523 2229/2582/2524 2246/2583/2525
f 2246/2583/2525 2229/2582/2524 2230/2584/2526
f 2246/2583/2525 2230/2584/2526 2245/2585/2527
f 2245/2585/2527 2230/2584/2526 2244/2586/2528
f 2245/2585/2527 2244/2586/2528 2253/2587/2529
f 2253/2587/2529 2244/2586/2528 2252/2588/2530
f 2253/2587/2529 2252/2588/2530 2262/2589/2531
f 2262/2589/2531 2252/2588/2530 2261/2590/2532
f 2262/2589/2531 2261/2590/2532 1882/2591/2533
f 1882/2591/2533 2261/2590/2532 2260/2592/2534
f 1882/2591/2533 2260/2592/2534 1883/2593/2535
f 1883/2593/2535 2260/2592/2534 2259/2594/2536
f 1883/2593/2535 2259/2594/2536 1884/2595/2537
f 1884/2595/2537 2259/2594/2536 2258/2596/2538
f 1884/2595/2537 2258/2596/2538 2257/2597/2539
f 2257/2597/2539 2258/2596/2538 2248/2598/2540
f 2257/2597/2539 2248/2598/2540 2247/2599/2541
f 2247/2599/2541 2248/2598/2540 2238/2600/2542
f 2247/2599/2541 2238/2600/2542 2235/2601/2543
f 2235/2601/2543 2238/2600/2542 2234/2602/2544
f 2234/2602/2544 2238/2600/2542 2233/2603/2545
f 2233/2603/2545 2238/2600/2542 2240/2604/2546
f 2233/2603/2545 2240/2604/2546 2241/2605/2547
f 2241/2605/2547 2240/2604/2546 2249/2606/2548
f 2241/2605/2547 2249/2606/2548 2250/2607/2549
f 2250/2607/2549 2249/2606/2548 2259/2594/2536
f 2250/2607/2549 2259/2594/2536 2260/2592/2534
f 2230/2584/2526 2231/2608/2550 2244/2586/2528
f 2244/2586/2528 2231/2608/2550 2243/2609/2551
f 2244/2586/2528 2243/2609/2551 2252/2588/2530
f 2252/2588/2530 2243/2609/2551 2251/2610/2552
f 2252/2588/2530 2251/2610/2552 2261/2590/2532
f 2261/2590/2532 2251/2610/2552 2260/2592/2534
f 2243/2609/2551 2231/2608/2550 2242/2611/2553
f 2242/2611/2553 2231/2608/2550 2232/2612/2554
f 2242/2611/2553 2232/2612/2554 2241/2605/2547
f 2241/2605/2547 2232/2612/2554 2233/2603/2545
f 2235/2601/2543 2236/2613/2555 2247/2599/2541
f 2247/2599/2541 2236/2613/2555 2256/2614/2556
f 2247/2599/2541 2256/2614/2556 2257/2597/2539
f 2257/2597/2539 2256/2614/2556 1885/2615/2557
f 2257/2597/2539 1885/2615/2557 1884/2595/2537
f 2236/2613/2555 2237/2616/2558 2256/2614/2556
f 2256/2614/2556 2237/2616/2558 1886/2617/2055
f 2256/2614/2556 1886/2617/2055 1885/2615/2557
f 1882/2591/2533 1881/2618/2559 2262/2589/2531
f 2262/2589/2531 1881/2618/2559 2263/2619/2560
f 2262/2589/2531 2263/2619/2560 2253/2587/2529
f 2253/2587/2529 2263/2619/2560 2254/2620/2561
f 2253/2587/2529 2254/2620/2561 2245/2585/2527
f 2245/2585/2527 2254/2620/2561 2246/2583/2525
f 1881/2618/2559 1880/2621/2562 2263/2619/2560
f 2263/2619/2560 1880/2621/2562 2264/2622/2563
f 2263/2619/2560 2264/2622/2563 2254/2620/2561
f 2254/2620/2561 2264/2622/2563 2255/2623/2564
f 2254/2620/2561 2255/2623/2564 2246/2583/2525
f 2246/2583/2525 2255/2623/2564 2239/2581/2523
f 1879/2624/2095 2003/2625/2565 1880/2621/2562
f 1880/2621/2562 2003/2625/2565 2264/2622/2563
f 2003/2625/2565 2002/2579/2521 2264/2622/2563
f 2264/2622/2563 2002/2579/2521 2255/2623/2564
f 2255/2623/2564 2002/2579/2521 2239/2581/2523
f 2249/2606/2548 2240/2604/2546 2248/2598/2540
f 2248/2598/2540 2240/2604/2546 2238/2600/2542
f 2251/2610/2552 2243/2609/2551 2242/2611/2553
f 2251/2610/2552 2242/2611/2553 2250/2607/2549
f 2250/2607/2549 2242/2611/2553 2241/2605/2547
f 2259/2594/2536 2249/2606/2548 2258/2596/2538
f 2258/2596/2538 2249/2606/2548 2248/2598/2540
f 2260/2592/2534 2251/2610/2552 2250/2607/2549
f 2269/2626/2566 2234/2627/2567 2276/2628/2568
f 2276/2628/2568 2234/2627/2567 2233/2629/2569
f 2276/2628/2568 2233/2629/2569 2275/2630/2570
f 2275/2630/2570 2233/2629/2569 2232/2631/2571
f 2275/2630/2570 2232/2631/2571 2274/2632/2572
f 2274/2632/2572 2232/2631/2571 2231/2633/2573
f 2274/2632/2572 2231/2633/2573 2273/2634/2574
f 2273/2634/2574 2231/2633/2573 2272/2635/2575
f 2273/2634/2574 2272/2635/2575 2301/2636/2576
f 2301/2636/2576 2272/2635/2575 2302/2637/2577
f 2301/2636/2576 2302/2637/2577 2294/2638/2578
f 2294/2638/2578 2302/2637/2577 2295/2639/2579
f 2294/2638/2578 2295/2639/2579 2287/2640/2580
f 2287/2640/2580 2295/2639/2579 2288/2641/2581
f 2287/2640/2580 2288/2641/2581 2280/2642/2582
f 2280/2642/2582 2288/2641/2581 2281/2643/2583
f 2280/2642/2582 2281/2643/2583 2125/2644/2584
f 2125/2644/2584 2281/2643/2583 2126/2645/2585
f 2126/2645/2585 2281/2643/2583 2282/2646/2586
f 2126/2645/2585 2282/2646/2586 2127/2647/2587
f 2127/2647/2587 2282/2646/2586 2283/2648/2588
f 2127/2647/2587 2283/2648/2588 2128/2649/2589
f 2128/2649/2589 2283/2648/2588 2001/2650/2590
f 2231/2633/2573 2230/2651/2591 2272/2635/2575
f 2272/2635/2575 2230/2651/2591 2271/2652/2592
f 2272/2635/2575 2271/2652/2592 2302/2637/2577
f 2302/2637/2577 2271/2652/2592 2303/2653/2593
f 2302/2637/2577 2303/2653/2593 2295/2639/2579
f 2295/2639/2579 2303/2653/2593 2296/2654/2594
f 2295/2639/2579 2296/2654/2594 2288/2641/2581
f 2288/2641/2581 2296/2654/2594 2289/2655/2595
f 2288/2641/2581 2289/2655/2595 2281/2643/2583
f 2281/2643/2583 2289/2655/2595 2282/2646/2586
f 2230/2651/2591 2229/2656/2596 2271/2652/2592
f 2271/2652/2592 2229/2656/2596 2270/2657/2597
f 2271/2652/2592 2270/2657/2597 2303/2653/2593
f 2303/2653/2593 2270/2657/2597 2304/2658/2598
f 2303/2653/2593 2304/2658/2598 2296/2654/2594
f 2296/2654/2594 2304/2658/2598 2297/2659/2599
f 2296/2654/2594 2297/2659/2599 2289/2655/2595
f 2289/2655/2595 2297/2659/2599 2290/2660/2600
f 2289/2655/2595 2290/2660/2600 2282/2646/2586
f 2282/2646/2586 2290/2660/2600 2283/2648/2588
f 2229/2656/2596 2001/2661/2601 2270/2657/2597
f 2125/2644/2584 2124/2662/2602 2280/2642/2582
f 2280/2642/2582 2124/2662/2602 2279/2663/2603
f 2280/2642/2582 2279/2663/2603 2287/2640/2580
f 2287/2640/2580 2279/2663/2603 2286/2664/2604
f 2287/2640/2580 2286/2664/2604 2294/2638/2578
f 2294/2638/2578 2286/2664/2604 2293/2665/2605
f 2294/2638/2578 2293/2665/2605 2301/2636/2576
f 2301/2636/2576 2293/2665/2605 2300/2666/2606
f 2301/2636/2576 2300/2666/2606 2273/2634/2574
f 2273/2634/2574 2300/2666/2606 2274/2632/2572
f 2124/2662/2602 2123/2667/2607 2279/2663/2603
f 2279/2663/2603 2123/2667/2607 2278/2668/2608
f 2279/2663/2603 2278/2668/2608 2286/2664/2604
f 2286/2664/2604 2278/2668/2608 2285/2669/2609
f 2286/2664/2604 2285/2669/2609 2293/2665/2605
f 2293/2665/2605 2285/2669/2609 2292/2670/2610
f 2293/2665/2605 2292/2670/2610 2300/2666/2606
f 2300/2666/2606 2292/2670/2610 2299/2671/2611
f 2300/2666/2606 2299/2671/2611 2274/2632/2572
f 2274/2632/2572 2299/2671/2611 2275/2630/2570
f 2123/2667/2607 2122/2672/2612 2278/2668/2608
f 2278/2668/2608 2122/2672/2612 2277/2673/2613
f 2278/2668/2608 2277/2673/2613 2285/2669/2609
f 2285/2669/2609 2277/2673/2613 2284/2674/2614
f 2285/2669/2609 2284/2674/2614 2292/2670/2610
f 2292/2670/2610 2284/2674/2614 2291/2675/2615
f 2292/2670/2610 2291/2675/2615 2299/2671/2611
f 2299/2671/2611 2291/2675/2615 2298/2676/2616
f 2299/2671/2611 2298/2676/2616 2275/2630/2570
f 2275/2630/2570 2298/2676/2616 2276/2628/2568
f 2122/2672/2612 2121/2677/2617 2277/2673/2613
f 2277/2673/2613 2121/2677/2617 2265/2678/2618
f 2277/2673/2613 2265/2678/2618 2284/2674/2614
f 2284/2674/2614 2265/2678/2618 2266/2679/2619
f 2284/2674/2614 2266/2679/2619 2291/2675/2615
f 2291/2675/2615 2266/2679/2619 2267/2680/2620
f 2291/2675/2615 2267/2680/2620 2298/2676/2616
f 2298/2676/2616 2267/2680/2620 2268/2681/2621
f 2298/2676/2616 2268/2681/2621 2276/2628/2568
f 2276/2628/2568 2268/2681/2621 2269/2626/2566
f 2270/2657/2597 2001/2682/2622 2304/2658/2598
f 2304/2658/2598 2001/2683/2623 2297/2659/2599
f 2297/2659/2599 2001/2684/2624 2290/2660/2600
f 2290/2660/2600 2001/2685/2625 2283/2648/2588
f 2142/2686/2626 2338/2687/2627 2143/2688/2628
f 2143/2688/2628 2338/2687/2627 2337/2689/2629
f 2143/2688/2628 2337/2689/2629 2325/2690/2630
f 2325/2690/2630 2337/2689/2629 2372/2691/2631
f 2325/2690/2630 2372/2691/2631 2324/2692/2632
f 2324/2692/2632 2372/2691/2631 2381/2693/2633
f 2324/2692/2632 2381/2693/2633 2323/2694/2634
f 2323/2694/2634 2381/2693/2633 2390/2695/2635
f 2323/2694/2634 2390/2695/2635 2322/2696/2636
f 2322/2696/2636 2390/2695/2635 2406/2697/2637
f 2322/2696/2636 2406/2697/2637 2327/2698/2638
f 2327/2698/2638 2406/2697/2637 2405/2699/2639
f 2327/2698/2638 2405/2699/2639 2382/2700/2640
f 2382/2700/2640 2405/2699/2639 2404/2701/2641
f 2382/2700/2640 2404/2701/2641 2383/2702/2642
f 2383/2702/2642 2404/2701/2641 2403/2703/2643
f 2383/2702/2642 2403/2703/2643 2384/2704/2644
f 2384/2704/2644 2403/2703/2643 2402/2705/2645
f 2384/2704/2644 2402/2705/2645 2385/2706/2646
f 2385/2706/2646 2402/2705/2645 2401/2707/2647
f 2385/2706/2646 2401/2707/2647 2386/2708/2648
f 2386/2708/2648 2401/2707/2647 2400/2709/2649
f 2386/2708/2648 2400/2709/2649 2387/2710/2650
f 2387/2710/2650 2400/2709/2649 2399/2711/2651
f 2387/2710/2650 2399/2711/2651 2388/2712/2652
f 2388/2712/2652 2399/2711/2651 2328/2713/2653
f 2388/2712/2652 2328/2713/2653 2389/2714/2654
f 2389/2714/2654 2328/2713/2653 1791/2715/2655
f 2389/2714/2654 1791/2715/2655 2314/2716/2656
f 2142/2686/2626 2141/2717/2657 2338/2687/2627
f 2338/2687/2627 2141/2717/2657 2347/2718/2658
f 2338/2687/2627 2347/2718/2658 2348/2719/2659
f 2348/2719/2659 2347/2718/2658 2356/2720/2660
f 2348/2719/2659 2356/2720/2660 2357/2721/2661
f 2357/2721/2661 2356/2720/2660 2307/2722/2662
f 2357/2721/2661 2307/2722/2662 2308/2723/2663
f 2141/2717/2657 2140/2724/2664 2347/2718/2658
f 2347/2718/2658 2140/2724/2664 2355/2725/2665
f 2347/2718/2658 2355/2725/2665 2356/2720/2660
f 2356/2720/2660 2355/2725/2665 2306/2726/2666
f 2356/2720/2660 2306/2726/2666 2307/2722/2662
f 2140/2724/2664 2139/2727/2667 2355/2725/2665
f 2355/2725/2665 2139/2727/2667 2138/2728/2668
f 2355/2725/2665 2138/2728/2668 2305/2729/2669
f 2305/2729/2669 2138/2728/2668 2137/2730/2670
f 2305/2729/2669 2306/2726/2666 2355/2725/2665
f 2309/2731/2671 2359/2732/2672 2308/2723/2663
f 2308/2723/2663 2359/2732/2672 2358/2733/2673
f 2308/2723/2663 2358/2733/2673 2357/2721/2661
f 2357/2721/2661 2358/2733/2673 2349/2734/2674
f 2357/2721/2661 2349/2734/2674 2348/2719/2659
f 2348/2719/2659 2349/2734/2674 2339/2735/2675
f 2348/2719/2659 2339/2735/2675 2338/2687/2627
f 2338/2687/2627 2339/2735/2675 2337/2689/2629
f 2359/2732/2672 2309/2731/2671 2360/2736/2676
f 2360/2736/2676 2309/2731/2671 2310/2737/2677
f 2360/2736/2676 2310/2737/2677 2361/2738/2678
f 2361/2738/2678 2310/2737/2677 2311/2739/2679
f 2361/2738/2678 2311/2739/2679 2362/2740/2680
f 2362/2740/2680 2311/2739/2679 2312/2741/2681
f 2362/2740/2680 2312/2741/2681 2363/2742/2682
f 2363/2742/2682 2312/2741/2681 2313/2743/2683
f 2363/2742/2682 2313/2743/2683 1796/2744/2684
f 2363/2742/2682 1796/2744/2684 2326/2745/2685
f 2326/2745/2685 1796/2744/2684 1795/2746/2686
f 2326/2745/2685 1795/2746/2686 2346/2747/2687
f 2346/2747/2687 1795/2746/2686 2329/2748/2688
f 2346/2747/2687 2329/2748/2688 2330/2749/2689
f 2330/2749/2689 2329/2748/2688 2365/2750/2690
f 2330/2749/2689 2365/2750/2690 2366/2751/2691
f 2366/2751/2691 2365/2750/2690 2375/2752/2692
f 2366/2751/2691 2375/2752/2692 2376/2753/2693
f 2376/2753/2693 2375/2752/2692 2395/2754/2694
f 2376/2753/2693 2395/2754/2694 2394/2755/2695
f 2394/2755/2695 2395/2754/2694 2402/2705/2645
f 2394/2755/2695 2402/2705/2645 2403/2703/2643
f 1795/2746/2686 1794/2756/2696 2329/2748/2688
f 2329/2748/2688 1794/2756/2696 2364/2757/2697
f 2329/2748/2688 2364/2757/2697 2365/2750/2690
f 2365/2750/2690 2364/2757/2697 2374/2758/2698
f 2365/2750/2690 2374/2758/2698 2375/2752/2692
f 2375/2752/2692 2374/2758/2698 2396/2759/2699
f 2375/2752/2692 2396/2759/2699 2395/2754/2694
f 2395/2754/2694 2396/2759/2699 2401/2707/2647
f 2395/2754/2694 2401/2707/2647 2402/2705/2645
f 1794/2756/2696 1793/2760/2700 2364/2757/2697
f 2364/2757/2697 1793/2760/2700 2373/2761/2701
f 2364/2757/2697 2373/2761/2701 2374/2758/2698
f 2374/2758/2698 2373/2761/2701 2397/2762/2702
f 2374/2758/2698 2397/2762/2702 2396/2759/2699
f 2396/2759/2699 2397/2762/2702 2400/2709/2649
f 2396/2759/2699 2400/2709/2649 2401/2707/2647
f 1793/2760/2700 1792/2763/2703 2373/2761/2701
f 2373/2761/2701 1792/2763/2703 2398/2764/2704
f 2373/2761/2701 2398/2764/2704 2397/2762/2702
f 2397/2762/2702 2398/2764/2704 2399/2711/2651
f 2397/2762/2702 2399/2711/2651 2400/2709/2649
f 2398/2764/2704 1792/2763/2703 2328/2713/2653
f 2328/2713/2653 1792/2763/2703 1791/2715/2655
f 2389/2714/2654 2314/2716/2656 2388/2712/2652
f 2388/2712/2652 2314/2716/2656 2315/2765/2705
f 2388/2712/2652 2315/2765/2705 2387/2710/2650
f 2387/2710/2650 2315/2765/2705 2316/2766/2706
f 2387/2710/2650 2316/2766/2706 2386/2708/2648
f 2386/2708/2648 2316/2766/2706 2317/2767/2707
f 2386/2708/2648 2317/2767/2707 2385/2706/2646
f 2385/2706/2646 2317/2767/2707 2384/2704/2644
f 2317/2767/2707 2318/2768/2708 2384/2704/2644
f 2384/2704/2644 2318/2768/2708 2383/2702/2642
f 2318/2768/2708 2319/2769/2709 2383/2702/2642
f 2383/2702/2642 2319/2769/2709 2382/2700/2640
f 2319/2769/2709 2320/2770/2710 2382/2700/2640
f 2382/2700/2640 2320/2770/2710 2327/2698/2638
f 2320/2770/2710 2321/2771/2711 2327/2698/2638
f 2327/2698/2638 2321/2771/2711 2322/2696/2636
f 2330/2749/2689 2331/2772/2712 2345/2773/2713
f 2345/2773/2713 2331/2772/2712 2344/2774/2714
f 2345/2773/2713 2344/2774/2714 2354/2775/2715
f 2354/2775/2715 2344/2774/2714 2353/2776/2716
f 2354/2775/2715 2353/2776/2716 2362/2740/2680
f 2362/2740/2680 2353/2776/2716 2361/2738/2678
f 2331/2772/2712 2332/2777/2717 2344/2774/2714
f 2344/2774/2714 2332/2777/2717 2343/2778/2718
f 2344/2774/2714 2343/2778/2718 2353/2776/2716
f 2353/2776/2716 2343/2778/2718 2352/2779/2719
f 2353/2776/2716 2352/2779/2719 2361/2738/2678
f 2361/2738/2678 2352/2779/2719 2360/2736/2676
f 2330/2749/2689 2366/2751/2691 2331/2772/2712
f 2331/2772/2712 2366/2751/2691 2367/2780/2720
f 2331/2772/2712 2367/2780/2720 2332/2777/2717
f 2332/2777/2717 2367/2780/2720 2368/2781/2721
f 2332/2777/2717 2368/2781/2721 2333/2782/2722
f 2333/2782/2722 2368/2781/2721 2369/2783/2723
f 2333/2782/2722 2369/2783/2723 2334/2784/2724
f 2334/2784/2724 2369/2783/2723 2370/2785/2725
f 2334/2784/2724 2370/2785/2725 2335/2786/2726
f 2335/2786/2726 2370/2785/2725 2371/2787/2727
f 2335/2786/2726 2371/2787/2727 2336/2788/2728
f 2336/2788/2728 2371/2787/2727 2372/2691/2631
f 2336/2788/2728 2372/2691/2631 2337/2689/2629
f 2332/2777/2717 2333/2782/2722 2343/2778/2718
f 2343/2778/2718 2333/2782/2722 2342/2789/2729
f 2343/2778/2718 2342/2789/2729 2352/2779/2719
f 2352/2779/2719 2342/2789/2729 2351/2790/2730
f 2352/2779/2719 2351/2790/2730 2360/2736/2676
f 2360/2736/2676 2351/2790/2730 2359/2732/2672
f 2333/2782/2722 2334/2784/2724 2342/2789/2729
f 2342/2789/2729 2334/2784/2724 2341/2791/2731
f 2342/2789/2729 2341/2791/2731 2351/2790/2730
f 2351/2790/2730 2341/2791/2731 2350/2792/2732
f 2351/2790/2730 2350/2792/2732 2359/2732/2672
f 2359/2732/2672 2350/2792/2732 2358/2733/2673
f 2334/2784/2724 2335/2786/2726 2341/2791/2731
f 2341/2791/2731 2335/2786/2726 2340/2793/2733
f 2341/2791/2731 2340/2793/2733 2350/2792/2732
f 2350/2792/2732 2340/2793/2733 2349/2734/2674
f 2350/2792/2732 2349/2734/2674 2358/2733/2673
f 2335/2786/2726 2336/2788/2728 2340/2793/2733
f 2340/2793/2733 2336/2788/2728 2339/2735/2675
f 2340/2793/2733 2339/2735/2675 2349/2734/2674
f 2336/2788/2728 2337/2689/2629 2339/2735/2675
f 2326/2745/2685 2346/2747/2687 2345/2773/2713
f 2345/2773/2713 2346/2747/2687 2330/2749/2689
f 2326/2745/2685 2345/2773/2713 2354/2775/2715
f 2363/2742/2682 2326/2745/2685 2354/2775/2715
f 2363/2742/2682 2354/2775/2715 2362/2740/2680
f 2366/2751/2691 2376/2753/2693 2367/2780/2720
f 2367/2780/2720 2376/2753/2693 2377/2794/2734
f 2367/2780/2720 2377/2794/2734 2368/2781/2721
f 2368/2781/2721 2377/2794/2734 2378/2795/2735
f 2368/2781/2721 2378/2795/2735 2369/2783/2723
f 2369/2783/2723 2378/2795/2735 2379/2796/2736
f 2369/2783/2723 2379/2796/2736 2370/2785/2725
f 2370/2785/2725 2379/2796/2736 2380/2797/2737
f 2370/2785/2725 2380/2797/2737 2371/2787/2727
f 2371/2787/2727 2380/2797/2737 2381/2693/2633
f 2371/2787/2727 2381/2693/2633 2372/2691/2631
f 2376/2753/2693 2394/2755/2695 2377/2794/2734
f 2377/2794/2734 2394/2755/2695 2393/2798/2738
f 2377/2794/2734 2393/2798/2738 2378/2795/2735
f 2378/2795/2735 2393/2798/2738 2392/2799/2739
f 2378/2795/2735 2392/2799/2739 2379/2796/2736
f 2379/2796/2736 2392/2799/2739 2391/2800/2740
f 2379/2796/2736 2391/2800/2740 2380/2797/2737
f 2380/2797/2737 2391/2800/2740 2390/2695/2635
f 2380/2797/2737 2390/2695/2635 2381/2693/2633
f 2405/2699/2639 2406/2697/2637 2391/2800/2740
f 2391/2800/2740 2406/2697/2637 2390/2695/2635
f 2404/2701/2641 2405/2699/2639 2392/2799/2739
f 2392/2799/2739 2405/2699/2639 2391/2800/2740
f 2403/2703/2643 2404/2701/2641 2393/2798/2738
f 2393/2798/2738 2404/2701/2641 2392/2799/2739
f 2393/2798/2738 2394/2755/2695 2403/2703/2643
f 2328/2713/2653 2399/2711/2651 2398/2764/2704
f 2137/2801/2741 2136/2802/2742 2305/2803/2743
f 2305/2803/2743 2136/2802/2742 2306/2804/2744
f 2306/2804/2744 2136/2802/2742 2135/2805/2745
f 2306/2804/2744 2135/2805/2745 2134/2806/2746
f 2133/2807/2747 2308/2808/2748 2134/2806/2746
f 2134/2806/2746 2308/2808/2748 2307/2809/2749
f 2134/2806/2746 2307/2809/2749 2306/2804/2744
f 2308/2808/2748 2133/2807/2747 2309/2810/2750
f 2309/2810/2750 2133/2807/2747 2132/2811/2751
f 2309/2810/2750 2132/2811/2751 2310/2812/2752
f 2310/2812/2752 2132/2811/2751 2409/2813/2753
f 2310/2812/2752 2409/2813/2753 2410/2814/2754
f 2131/2815/2755 2021/2816/2756 2132/2811/2751
f 2132/2811/2751 2021/2816/2756 2020/2817/2757
f 2132/2811/2751 2020/2817/2757 2019/2818/2758
f 2130/2819/2759 2024/2820/2760 2131/2815/2755
f 2131/2815/2755 2024/2820/2760 2023/2821/2761
f 2131/2815/2755 2023/2821/2761 2022/2822/2762
f 2129/2823/2763 2026/2824/2764 2130/2819/2759
f 2130/2819/2759 2026/2824/2764 2025/2825/2765
f 2130/2819/2759 2025/2825/2765 2024/2820/2760
f 2129/2823/2763 2027/2826/2766 2026/2824/2764
f 2022/2822/2762 2021/2816/2756 2131/2815/2755
f 2019/2818/2758 2018/2827/2767 2132/2811/2751
f 2132/2811/2751 2018/2827/2767 2407/2828/2768
f 2132/2811/2751 2407/2828/2768 2408/2829/2769
f 2408/2829/2769 2409/2813/2753 2132/2811/2751
f 2410/2814/2754 2411/2830/2770 2310/2812/2752
f 2310/2812/2752 2411/2830/2770 2412/2831/2771
f 2310/2812/2752 2412/2831/2771 2311/2832/2772
f 2311/2832/2772 2412/2831/2771 2413/2833/2773
f 2311/2832/2772 2413/2833/2773 2414/2834/2774
f 2313/2835/2775 2312/2836/2776 2414/2834/2774
f 2414/2834/2774 2312/2836/2776 2311/2832/2772
f 2423/2837/2777 2415/2838/2778 2436/2839/2779
f 2436/2839/2779 2415/2838/2778 2416/2840/2780
f 2436/2839/2779 2416/2840/2780 2435/2841/2781
f 2435/2841/2781 2416/2840/2780 2434/2842/2782
f 2435/2841/2781 2434/2842/2782 2476/2843/2783
f 2476/2843/2783 2434/2842/2782 2475/2844/2784
f 2476/2843/2783 2475/2844/2784 2446/2845/2785
f 2446/2845/2785 2475/2844/2784 2447/2846/2786
f 2446/2845/2785 2447/2846/2786 2444/2847/2787
f 2444/2847/2787 2447/2846/2786 2443/2848/2788
f 2444/2847/2787 2443/2848/2788 2463/2849/2789
f 2463/2849/2789 2443/2848/2788 2464/2850/2790
f 2463/2849/2789 2464/2850/2790 2461/2851/2791
f 2461/2851/2791 2464/2850/2790 2460/2852/2792
f 2461/2851/2791 2460/2852/2792 1821/2853/2793
f 1821/2853/2793 2460/2852/2792 2459/2854/2794
f 1821/2853/2793 2459/2854/2794 1822/2855/2795
f 1822/2855/2795 2459/2854/2794 2458/2856/2796
f 1822/2855/2795 2458/2856/2796 1823/2857/2797
f 1823/2857/2797 2458/2856/2796 2457/2858/2798
f 1823/2857/2797 2457/2858/2798 2456/2859/2799
f 2456/2859/2799 2457/2858/2798 2468/2860/2800
f 2456/2859/2799 2468/2860/2800 2469/2861/2801
f 2469/2861/2801 2468/2860/2800 2438/2862/2802
f 2469/2861/2801 2438/2862/2802 2437/2863/2803
f 2437/2863/2803 2438/2862/2802 2453/2864/2804
f 2437/2863/2803 2453/2864/2804 1790/2865/2805
f 1790/2865/2805 2453/2864/2804 2425/2866/2806
f 1790/2865/2805 2425/2866/2806 1791/2867/2807
f 1791/2867/2807 2425/2866/2806 2428/2868/2808
f 1791/2867/2807 2428/2868/2808 2420/2869/2809
f 2420/2869/2809 2428/2868/2808 2429/2870/2810
f 2420/2869/2809 2429/2870/2810 2419/2871/2811
f 2419/2871/2811 2429/2870/2810 2430/2872/2812
f 2419/2871/2811 2430/2872/2812 2431/2873/2813
f 2431/2873/2813 2430/2872/2812 2472/2874/2814
f 2431/2873/2813 2472/2874/2814 2473/2875/2815
f 2473/2875/2815 2472/2874/2814 2449/2876/2816
f 2473/2875/2815 2449/2876/2816 2448/2877/2817
f 2448/2877/2817 2449/2876/2816 2442/2878/2818
f 2448/2877/2817 2442/2878/2818 2443/2848/2788
f 2443/2848/2788 2442/2878/2818 2464/2850/2790
f 2416/2840/2780 2417/2879/2819 2434/2842/2782
f 2434/2842/2782 2417/2879/2819 2433/2880/2820
f 2434/2842/2782 2433/2880/2820 2475/2844/2784
f 2475/2844/2784 2433/2880/2820 2474/2881/2821
f 2475/2844/2784 2474/2881/2821 2447/2846/2786
f 2447/2846/2786 2474/2881/2821 2448/2877/2817
f 2447/2846/2786 2448/2877/2817 2443/2848/2788
f 2417/2879/2819 2418/2882/2822 2433/2880/2820
f 2433/2880/2820 2418/2882/2822 2432/2883/2823
f 2433/2880/2820 2432/2883/2823 2474/2881/2821
f 2474/2881/2821 2432/2883/2823 2473/2875/2815
f 2474/2881/2821 2473/2875/2815 2448/2877/2817
f 2432/2883/2823 2418/2882/2822 2431/2873/2813
f 2431/2873/2813 2418/2882/2822 2419/2871/2811
f 2437/2863/2803 1790/2865/2805 2427/2884/2824
f 2427/2884/2824 1790/2865/2805 1789/2885/2825
f 2427/2884/2824 1789/2885/2825 2454/2886/2826
f 2454/2886/2826 1789/2885/2825 1788/2887/1939
f 2454/2886/2826 1788/2887/1939 1825/2888/2827
f 2454/2886/2826 1825/2888/2827 2455/2889/2828
f 2455/2889/2828 1825/2888/2827 1824/2890/2829
f 2455/2889/2828 1824/2890/2829 2456/2859/2799
f 2456/2859/2799 1824/2890/2829 1823/2857/2797
f 1821/2853/2793 1820/2891/2830 2461/2851/2791
f 2461/2851/2791 1820/2891/2830 2462/2892/2831
f 2461/2851/2791 2462/2892/2831 2463/2849/2789
f 2463/2849/2789 2462/2892/2831 2426/2893/2832
f 2463/2849/2789 2426/2893/2832 2444/2847/2787
f 2444/2847/2787 2426/2893/2832 2445/2894/2833
f 2444/2847/2787 2445/2894/2833 2446/2845/2785
f 2446/2845/2785 2445/2894/2833 2424/2895/2834
f 2446/2845/2785 2424/2895/2834 2476/2843/2783
f 2476/2843/2783 2424/2895/2834 2477/2896/2835
f 2476/2843/2783 2477/2896/2835 2435/2841/2781
f 2435/2841/2781 2477/2896/2835 2436/2839/2779
f 1820/2891/2830 1819/2897/2019 2462/2892/2831
f 2462/2892/2831 1819/2897/2019 2421/2898/2836
f 2462/2892/2831 2421/2898/2836 2426/2893/2832
f 2426/2893/2832 2421/2898/2836 2422/2899/2837
f 2426/2893/2832 2422/2899/2837 2445/2894/2833
f 2445/2894/2833 2422/2899/2837 2424/2895/2834
f 2422/2899/2837 2423/2837/2777 2424/2895/2834
f 2424/2895/2834 2423/2837/2777 2477/2896/2835
f 2477/2896/2835 2423/2837/2777 2436/2839/2779
f 2429/2870/2810 2428/2868/2808 2470/2900/2838
f 2470/2900/2838 2428/2868/2808 2425/2866/2806
f 2470/2900/2838 2425/2866/2806 2452/2901/2839
f 2452/2901/2839 2425/2866/2806 2453/2864/2804
f 2452/2901/2839 2453/2864/2804 2438/2862/2802
f 2430/2872/2812 2429/2870/2810 2471/2902/2840
f 2471/2902/2840 2429/2870/2810 2470/2900/2838
f 2471/2902/2840 2470/2900/2838 2451/2903/2841
f 2451/2903/2841 2470/2900/2838 2452/2901/2839
f 2451/2903/2841 2452/2901/2839 2439/2904/2842
f 2439/2904/2842 2452/2901/2839 2438/2862/2802
f 2439/2904/2842 2438/2862/2802 2468/2860/2800
f 2473/2875/2815 2432/2883/2823 2431/2873/2813
f 2439/2904/2842 2440/2905/2843 2451/2903/2841
f 2451/2903/2841 2440/2905/2843 2450/2906/2844
f 2451/2903/2841 2450/2906/2844 2471/2902/2840
f 2471/2902/2840 2450/2906/2844 2472/2874/2814
f 2471/2902/2840 2472/2874/2814 2430/2872/2812
f 2440/2905/2843 2441/2907/2845 2450/2906/2844
f 2450/2906/2844 2441/2907/2845 2449/2876/2816
f 2450/2906/2844 2449/2876/2816 2472/2874/2814
f 2440/2905/2843 2439/2904/2842 2467/2908/2846
f 2467/2908/2846 2439/2904/2842 2468/2860/2800
f 2467/2908/2846 2468/2860/2800 2457/2858/2798
f 2449/2876/2816 2441/2907/2845 2442/2878/2818
f 2442/2878/2818 2441/2907/2845 2465/2909/2847
f 2442/2878/2818 2465/2909/2847 2464/2850/2790
f 2464/2850/2790 2465/2909/2847 2460/2852/2792
f 2441/2907/2845 2440/2905/2843 2466/2910/2848
f 2466/2910/2848 2440/2905/2843 2467/2908/2846
f 2466/2910/2848 2467/2908/2846 2458/2856/2796
f 2458/2856/2796 2467/2908/2846 2457/2858/2798
f 2454/2886/2826 2455/2889/2828 2427/2884/2824
f 2427/2884/2824 2455/2889/2828 2469/2861/2801
f 2427/2884/2824 2469/2861/2801 2437/2863/2803
f 2455/2889/2828 2456/2859/2799 2469/2861/2801
f 2458/2856/2796 2459/2854/2794 2466/2910/2848
f 2466/2910/2848 2459/2854/2794 2465/2909/2847
f 2466/2910/2848 2465/2909/2847 2441/2907/2845
f 2459/2854/2794 2460/2852/2792 2465/2909/2847
f 2419/2911/2849 2490/2912/2850 2420/2913/2851
f 2420/2913/2851 2490/2912/2850 2491/2914/2852
f 2420/2913/2851 2491/2914/2852 1791/2915/2853
f 2418/2916/2854 2488/2917/2855 2419/2911/2849
f 2419/2911/2849 2488/2917/2855 2489/2918/2856
f 2419/2911/2849 2489/2918/2856 2490/2912/2850
f 2490/2912/2850 2489/2918/2856 2498/2919/2857
f 2490/2912/2850 2498/2919/2857 2499/2920/2858
f 2499/2920/2858 2498/2919/2857 2506/2921/2859
f 2499/2920/2858 2506/2921/2859 1791/2922/2860
f 2488/2917/2855 2418/2916/2854 2487/2923/2861
f 2487/2923/2861 2418/2916/2854 2417/2924/2862
f 2487/2923/2861 2417/2924/2862 2486/2925/2863
f 2486/2925/2863 2417/2924/2862 2485/2926/2864
f 2486/2925/2863 2485/2926/2864 2494/2927/2865
f 2494/2927/2865 2485/2926/2864 2493/2928/2866
f 2494/2927/2865 2493/2928/2866 2501/2929/2867
f 2501/2929/2867 2493/2928/2866 2500/2930/2868
f 2501/2929/2867 2500/2930/2868 2520/2931/2869
f 2520/2931/2869 2500/2930/2868 2521/2932/2870
f 2520/2931/2869 2521/2932/2870 2509/2933/2871
f 2509/2933/2871 2521/2932/2870 2508/2934/2872
f 2509/2933/2871 2508/2934/2872 2525/2935/2873
f 2525/2935/2873 2508/2934/2872 2524/2936/2874
f 2525/2935/2873 2524/2936/2874 2319/2937/2875
f 2319/2937/2875 2524/2936/2874 2320/2938/2876
f 2320/2938/2876 2524/2936/2874 2523/2939/2877
f 2320/2938/2876 2523/2939/2877 2321/2940/2878
f 2321/2940/2878 2523/2939/2877 2482/2941/2879
f 2482/2941/2879 2523/2939/2877 2507/2942/2880
f 2482/2941/2879 2507/2942/2880 2481/2943/2881
f 2481/2943/2881 2507/2942/2880 2522/2944/2882
f 2481/2943/2881 2522/2944/2882 2483/2945/2883
f 2483/2945/2883 2522/2944/2882 2521/2932/2870
f 2483/2945/2883 2521/2932/2870 2500/2930/2868
f 2417/2924/2862 2416/2946/2884 2485/2926/2864
f 2485/2926/2864 2416/2946/2884 2484/2947/2885
f 2485/2926/2864 2484/2947/2885 2493/2928/2866
f 2493/2928/2866 2484/2947/2885 2492/2948/2886
f 2493/2928/2866 2492/2948/2886 2500/2930/2868
f 2500/2930/2868 2492/2948/2886 2483/2945/2883
f 2416/2946/2884 2415/2949/2887 2484/2947/2885
f 2484/2947/2885 2415/2949/2887 2478/2950/2888
f 2484/2947/2885 2478/2950/2888 2492/2948/2886
f 2492/2948/2886 2478/2950/2888 2479/2951/2889
f 2492/2948/2886 2479/2951/2889 2480/2952/2890
f 2492/2948/2886 2480/2952/2890 2483/2945/2883
f 2483/2945/2883 2480/2952/2890 2481/2943/2881
f 2319/2937/2875 2318/2953/2891 2525/2935/2873
f 2525/2935/2873 2318/2953/2891 2526/2954/2892
f 2525/2935/2873 2526/2954/2892 2509/2933/2871
f 2509/2933/2871 2526/2954/2892 2510/2955/2893
f 2509/2933/2871 2510/2955/2893 2520/2931/2869
f 2520/2931/2869 2510/2955/2893 2519/2956/2894
f 2520/2931/2869 2519/2956/2894 2501/2929/2867
f 2501/2929/2867 2519/2956/2894 2502/2957/2895
f 2501/2929/2867 2502/2957/2895 2494/2927/2865
f 2494/2927/2865 2502/2957/2895 2495/2958/2896
f 2494/2927/2865 2495/2958/2896 2486/2925/2863
f 2486/2925/2863 2495/2958/2896 2487/2923/2861
f 2318/2953/2891 2317/2959/2897 2526/2954/2892
f 2526/2954/2892 2317/2959/2897 2527/2960/2898
f 2526/2954/2892 2527/2960/2898 2510/2955/2893
f 2510/2955/2893 2527/2960/2898 2511/2961/2899
f 2510/2955/2893 2511/2961/2899 2519/2956/2894
f 2519/2956/2894 2511/2961/2899 2518/2962/2900
f 2519/2956/2894 2518/2962/2900 2502/2957/2895
f 2502/2957/2895 2518/2962/2900 2503/2963/2901
f 2502/2957/2895 2503/2963/2901 2495/2958/2896
f 2495/2958/2896 2503/2963/2901 2496/2964/2902
f 2495/2958/2896 2496/2964/2902 2487/2923/2861
f 2487/2923/2861 2496/2964/2902 2488/2917/2855
f 2317/2959/2897 2316/2965/2903 2527/2960/2898
f 2527/2960/2898 2316/2965/2903 2528/2966/2904
f 2527/2960/2898 2528/2966/2904 2511/2961/2899
f 2511/2961/2899 2528/2966/2904 2512/2967/2905
f 2511/2961/2899 2512/2967/2905 2518/2962/2900
f 2518/2962/2900 2512/2967/2905 2517/2968/2906
f 2518/2962/2900 2517/2968/2906 2503/2963/2901
f 2503/2963/2901 2517/2968/2906 2504/2969/2907
f 2503/2963/2901 2504/2969/2907 2496/2964/2902
f 2496/2964/2902 2504/2969/2907 2497/2970/2908
f 2496/2964/2902 2497/2970/2908 2488/2917/2855
f 2488/2917/2855 2497/2970/2908 2489/2918/2856
f 2316/2965/2903 2315/2971/2909 2528/2966/2904
f 2528/2966/2904 2315/2971/2909 2529/2972/2910
f 2528/2966/2904 2529/2972/2910 2512/2967/2905
f 2512/2967/2905 2529/2972/2910 2513/2973/2911
f 2512/2967/2905 2513/2973/2911 2517/2968/2906
f 2517/2968/2906 2513/2973/2911 2516/2974/2912
f 2517/2968/2906 2516/2974/2912 2504/2969/2907
f 2504/2969/2907 2516/2974/2912 2505/2975/2913
f 2504/2969/2907 2505/2975/2913 2497/2970/2908
f 2497/2970/2908 2505/2975/2913 2498/2919/2857
f 2497/2970/2908 2498/2919/2857 2489/2918/2856
f 2315/2971/2909 2314/2976/2914 2529/2972/2910
f 2529/2972/2910 2314/2976/2914 2530/2977/2915
f 2529/2972/2910 2530/2977/2915 2513/2973/2911
f 2513/2973/2911 2530/2977/2915 2514/2978/2916
f 2513/2973/2911 2514/2978/2916 2516/2974/2912
f 2516/2974/2912 2514/2978/2916 2515/2979/2917
f 2516/2974/2912 2515/2979/2917 2505/2975/2913
f 2505/2975/2913 2515/2979/2917 2506/2921/2859
f 2505/2975/2913 2506/2921/2859 2498/2919/2857
f 2314/2976/2914 1791/2980/2918 2530/2977/2915
f 2530/2977/2915 1791/2981/2919 2514/2978/2916
f 2514/2978/2916 1791/2982/2920 2515/2979/2917
f 2515/2979/2917 1791/2983/2921 2506/2921/2859
f 2499/2920/2858 1791/2984/2922 2491/2914/2852
f 2499/2920/2858 2491/2914/2852 2490/2912/2850
f 2521/2932/2870 2522/2944/2882 2508/2934/2872
f 2508/2934/2872 2522/2944/2882 2507/2942/2880
f 2508/2934/2872 2507/2942/2880 2524/2936/2874
f 2524/2936/2874 2507/2942/2880 2523/2939/2877
f 2147/2985/2923 2321/2986/2878 2121/2987/2924
f 2121/2987/2924 2321/2986/2878 2482/2988/2925
f 2121/2987/2924 2482/2988/2925 2265/2989/2926
f 2265/2989/2926 2482/2988/2925 2481/2990/2927
f 2265/2989/2926 2481/2990/2927 2266/2991/2928
f 2266/2991/2928 2481/2990/2927 2480/2992/2929
f 2266/2991/2928 2480/2992/2929 2267/2993/2930
f 2267/2993/2930 2480/2992/2929 2479/2994/2931
f 2267/2993/2930 2479/2994/2931 2268/2995/2932
f 2268/2995/2932 2479/2994/2931 2478/2996/2933
f 2268/2995/2932 2478/2996/2933 2269/2997/2934
f 2269/2997/2934 2478/2996/2933 2234/2998/2935
f 2234/2998/2935 2478/2996/2933 2415/2999/2936
f 2234/2998/2935 2415/2999/2936 2423/3000/2937
f 2321/2986/2878 2147/2985/2923 2322/3001/2938
f 2322/3001/2938 2147/2985/2923 2146/3002/2939
f 2322/3001/2938 2146/3002/2939 2323/3003/2940
f 2323/3003/2940 2146/3002/2939 2145/3004/2941
f 2323/3003/2940 2145/3004/2941 2324/3005/2942
f 2324/3005/2942 2145/3004/2941 2144/3006/2943
f 2324/3005/2942 2144/3006/2943 2325/3007/2944
f 2325/3007/2944 2144/3006/2943 2143/3008/2945
f 2234/2998/2935 2423/3000/2937 2235/3009/2946
f 2235/3009/2946 2423/3000/2937 2422/3010/2947
f 2235/3009/2946 2422/3010/2947 2236/3011/2948
f 2236/3011/2948 2422/3010/2947 2421/3012/2949
f 2236/3011/2948 2421/3012/2949 2237/3013/2950
f 2237/3013/2950 2421/3012/2949 1819/3014/2019
f 2237/3013/2950 1819/3014/2019 1886/3015/2055
f 1816/3016/1980 1888/3017/2053 1817/3018/1981
f 1817/3018/1981 1888/3017/2053 1818/3019/2007
f 1818/3019/2007 1888/3017/2053 1887/3020/2054
f 1818/3019/2007 1887/3020/2054 1886/3021/2055
f 1886/3021/2055 1819/3022/2019 1818/3019/2007
f 1979/3023/2951 2071/3024/2952 1980/3025/2953
f 1980/3025/2953 2071/3024/2952 2531/3026/2954
f 1980/3025/2953 2531/3026/2954 2072/3027/2955
f 2072/3027/2955 2531/3026/2954 2556/3028/2956
f 2072/3027/2955 2556/3028/2956 2555/3029/2957
f 2555/3029/2957 2556/3028/2956 2557/3030/2958
f 2555/3029/2957 2557/3030/2958 2554/3031/2959
f 2554/3031/2959 2557/3030/2958 2558/3032/2960
f 2554/3031/2959 2558/3032/2960 2553/3033/2961
f 2553/3033/2961 2558/3032/2960 2559/3034/2962
f 2553/3033/2961 2559/3034/2962 2552/3035/2963
f 2552/3035/2963 2559/3034/2962 2560/3036/2964
f 2552/3035/2963 2560/3036/2964 2551/3037/2965
f 2551/3037/2965 2560/3036/2964 2561/3038/2966
f 2551/3037/2965 2561/3038/2966 2550/3039/2967
f 2550/3039/2967 2561/3038/2966 2562/3040/2968
f 2550/3039/2967 2562/3040/2968 2549/3041/2969
f 2549/3041/2969 2562/3040/2968 2563/3042/2970
f 2549/3041/2969 2563/3042/2970 2548/3043/2971
f 2548/3043/2971 2563/3042/2970 2564/3044/2972
f 2548/3043/2971 2564/3044/2972 2547/3045/2973
f 2547/3045/2973 2564/3044/2972 1799/3046/2974
f 2547/3045/2973 1799/3046/2974 1798/3047/2975
f 2071/3024/2952 2083/3048/2976 2531/3026/2954
f 2531/3026/2954 2083/3048/2976 2539/3049/2977
f 2531/3026/2954 2539/3049/2977 2556/3028/2956
f 2556/3028/2956 2539/3049/2977 2557/3030/2958
f 2083/3048/2976 2082/3050/2978 2539/3049/2977
f 2539/3049/2977 2082/3050/2978 2538/3051/2979
f 2539/3049/2977 2538/3051/2979 2557/3030/2958
f 2557/3030/2958 2538/3051/2979 2558/3032/2960
f 2538/3051/2979 2082/3050/2978 2540/3052/2980
f 2540/3052/2980 2082/3050/2978 2081/3053/2981
f 2540/3052/2980 2081/3053/2981 2538/3051/2979
f 2538/3051/2979 2081/3053/2981 2537/3054/2982
f 2538/3051/2979 2537/3054/2982 2558/3032/2960
f 2558/3032/2960 2537/3054/2982 2559/3034/2962
f 2537/3054/2982 2081/3053/2981 2545/3055/2983
f 2545/3055/2983 2081/3053/2981 2080/3056/2984
f 2545/3055/2983 2080/3056/2984 2537/3054/2982
f 2537/3054/2982 2080/3056/2984 2536/3057/2985
f 2537/3054/2982 2536/3057/2985 2559/3034/2962
f 2559/3034/2962 2536/3057/2985 2560/3036/2964
f 2536/3057/2985 2080/3056/2984 2541/3058/2986
f 2541/3058/2986 2080/3056/2984 2079/3059/2987
f 2541/3058/2986 2079/3059/2987 2542/3060/2988
f 2542/3060/2988 2079/3059/2987 2078/3061/2989
f 2542/3060/2988 2078/3061/2989 2543/3062/2990
f 2543/3062/2990 2078/3061/2989 2544/3063/2991
f 2543/3062/2990 2544/3063/2991 2534/3064/2992
f 2534/3064/2992 2544/3063/2991 2533/3065/2993
f 2534/3064/2992 2533/3065/2993 2562/3040/2968
f 2562/3040/2968 2533/3065/2993 2563/3042/2970
f 2078/3061/2989 2077/3066/2994 2544/3063/2991
f 2544/3063/2991 2077/3066/2994 2533/3065/2993
f 2533/3065/2993 2077/3066/2994 2546/3067/2995
f 2546/3067/2995 2077/3066/2994 2076/3068/2996
f 2546/3067/2995 2076/3068/2996 2532/3069/2997
f 2532/3069/2997 2076/3068/2996 1800/3070/2998
f 2532/3069/2997 1800/3070/2998 1799/3046/2974
f 2076/3068/2996 2075/3071/2999 1800/3070/2998
f 1800/3070/2998 2075/3071/2999 1801/3072/3000
f 2547/3045/2973 1798/3047/2975 2565/3073/3001
f 2565/3073/3001 1798/3047/2975 1797/3074/3002
f 2565/3073/3001 1797/3074/3002 1796/3075/3003
f 2313/3076/3004 2414/3077/3005 1796/3075/3003
f 1796/3075/3003 2414/3077/3005 2565/3073/3001
f 2565/3073/3001 2414/3077/3005 2566/3078/3006
f 2566/3078/3006 2414/3077/3005 2413/3079/3007
f 2566/3078/3006 2413/3079/3007 2567/3080/3008
f 2567/3080/3008 2413/3079/3007 2412/3081/3009
f 2567/3080/3008 2412/3081/3009 2568/3082/3010
f 2568/3082/3010 2412/3081/3009 2411/3083/3011
f 2568/3082/3010 2411/3083/3011 2569/3084/3012
f 2569/3084/3012 2411/3083/3011 2410/3085/3013
f 2569/3084/3012 2410/3085/3013 2570/3086/3014
f 2570/3086/3014 2410/3085/3013 2409/3087/3015
f 2570/3086/3014 2409/3087/3015 2571/3088/3016
f 2571/3088/3016 2409/3087/3015 2408/3089/3017
f 2571/3088/3016 2408/3089/3017 2572/3090/3018
f 2572/3090/3018 2408/3089/3017 2407/3091/3019
f 2572/3090/3018 2407/3091/3019 2573/3092/3020
f 2573/3092/3020 2407/3091/3019 2018/3093/3021
f 2573/3092/3020 2018/3093/3021 2074/3094/3022
f 2074/3094/3022 2018/3093/3021 2017/3095/3023
f 2074/3094/3022 2073/3096/3024 2573/3092/3020
f 2573/3092/3020 2073/3096/3024 2555/3029/2957
f 2573/3092/3020 2555/3029/2957 2554/3031/2959
f 2073/3096/3024 2072/3027/2955 2555/3029/2957
f 1799/3046/2974 2564/3044/2972 2532/3069/2997
f 2532/3069/2997 2564/3044/2972 2563/3042/2970
f 2532/3069/2997 2563/3042/2970 2533/3065/2993
f 2532/3069/2997 2533/3065/2993 2546/3067/2995
f 2542/3060/2988 2543/3062/2990 2535/3097/3025
f 2535/3097/3025 2543/3062/2990 2534/3064/2992
f 2535/3097/3025 2534/3064/2992 2561/3038/2966
f 2561/3038/2966 2534/3064/2992 2562/3040/2968
f 2541/3058/2986 2542/3060/2988 2536/3057/2985
f 2536/3057/2985 2542/3060/2988 2535/3097/3025
f 2536/3057/2985 2535/3097/3025 2560/3036/2964
f 2560/3036/2964 2535/3097/3025 2561/3038/2966
f 2565/3073/3001 2566/3078/3006 2547/3045/2973
f 2547/3045/2973 2566/3078/3006 2548/3043/2971
f 2566/3078/3006 2567/3080/3008 2548/3043/2971
f 2548/3043/2971 2567/3080/3008 2549/3041/2969
f 2567/3080/3008 2568/3082/3010 2549/3041/2969
f 2549/3041/2969 2568/3082/3010 2550/3039/2967
f 2568/3082/3010 2569/3084/3012 2550/3039/2967
f 2550/3039/2967 2569/3084/3012 2551/3037/2965
f 2569/3084/3012 2570/3086/3014 2551/3037/2965
f 2551/3037/2965 2570/3086/3014 2552/3035/2963
f 2570/3086/3014 2571/3088/3016 2552/3035/2963
f 2552/3035/2963 2571/3088/3016 2553/3033/2961
f 2571/3088/3016 2572/3090/3018 2553/3033/2961
f 2553/3033/2961 2572/3090/3018 2554/3031/2959
f 2572/3090/3018 2573/3092/3020 2554/3031/2959
f 1447/3098/2127 1446/3099/3026 2586/3100/3027
f 2586/3100/3027 1446/3099/3026 2589/3101/3028
f 2586/3100/3027 2589/3101/3028 2619/3102/3029
f 2619/3102/3029 2589/3101/3028 2605/3103/3030
f 2619/3102/3029 2605/3103/3030 2618/3104/3031
f 2618/3104/3031 2605/3103/3030 2606/3105/3032
f 2618/3104/3031 2606/3105/3032 2617/3106/3033
f 2617/3106/3033 2606/3105/3032 2607/3107/3034
f 2617/3106/3033 2607/3107/3034 2616/3108/3035
f 2616/3108/3035 2607/3107/3034 2608/3109/3036
f 2616/3108/3035 2608/3109/3036 2615/3110/3037
f 2615/3110/3037 2608/3109/3036 2609/3111/3038
f 2615/3110/3037 2609/3111/3038 2614/3112/3039
f 2614/3112/3039 2609/3111/3038 2610/3113/3040
f 2614/3112/3039 2610/3113/3040 2613/3114/3041
f 2613/3114/3041 2610/3113/3040 2611/3115/3042
f 2613/3114/3041 2611/3115/3042 2612/3116/3043
f 2612/3116/3043 2611/3115/3042 1178/3117/3044
f 2612/3116/3043 1178/3117/3044 2575/3118/3045
f 2575/3118/3045 1178/3117/3044 1177/3119/3046
f 2575/3118/3045 1177/3119/3046 2574/3120/3047
f 2589/3101/3028 1446/3099/3026 2597/3121/3048
f 2597/3121/3048 1446/3099/3026 1445/3122/3049
f 2597/3121/3048 1445/3122/3049 2596/3123/3050
f 2596/3123/3050 1445/3122/3049 2595/3124/3051
f 2596/3123/3050 2595/3124/3051 2605/3103/3030
f 2605/3103/3030 2595/3124/3051 2606/3105/3032
f 1445/3122/3049 1444/3125/3052 2595/3124/3051
f 2595/3124/3051 1444/3125/3052 2594/3126/3053
f 2595/3124/3051 2594/3126/3053 2606/3105/3032
f 2606/3105/3032 2594/3126/3053 2607/3107/3034
f 1444/3125/3052 1443/3127/3054 2594/3126/3053
f 2594/3126/3053 1443/3127/3054 1442/3128/3055
f 2594/3126/3053 1442/3128/3055 2593/3129/3056
f 2593/3129/3056 1442/3128/3055 1441/3130/3057
f 2593/3129/3056 1441/3130/3057 1182/3131/3058
f 2593/3129/3056 1182/3131/3058 2592/3132/3059
f 2592/3132/3059 1182/3131/3058 1181/3133/3060
f 2592/3132/3059 1181/3133/3060 1180/3134/3061
f 2592/3132/3059 1180/3134/3061 2591/3135/3062
f 2591/3135/3062 1180/3134/3061 1179/3136/3063
f 2591/3135/3062 1179/3136/3063 2590/3137/3064
f 2590/3137/3064 1179/3136/3063 1178/3117/3044
f 2590/3137/3064 1178/3117/3044 2611/3115/3042
f 2576/3138/3065 2604/3139/3066 2575/3118/3045
f 2575/3118/3045 2604/3139/3066 2587/3140/3067
f 2575/3118/3045 2587/3140/3067 2612/3116/3043
f 2612/3116/3043 2587/3140/3067 2626/3141/3068
f 2612/3116/3043 2626/3141/3068 2613/3114/3041
f 2613/3114/3041 2626/3141/3068 2625/3142/3069
f 2613/3114/3041 2625/3142/3069 2614/3112/3039
f 2614/3112/3039 2625/3142/3069 2624/3143/3070
f 2614/3112/3039 2624/3143/3070 2615/3110/3037
f 2615/3110/3037 2624/3143/3070 2623/3144/3071
f 2615/3110/3037 2623/3144/3071 2616/3108/3035
f 2616/3108/3035 2623/3144/3071 2622/3145/3072
f 2616/3108/3035 2622/3145/3072 2617/3106/3033
f 2617/3106/3033 2622/3145/3072 2621/3146/3073
f 2617/3106/3033 2621/3146/3073 2618/3104/3031
f 2618/3104/3031 2621/3146/3073 2620/3147/3074
f 2618/3104/3031 2620/3147/3074 2619/3102/3029
f 2619/3102/3029 2620/3147/3074 2586/3100/3027
f 2576/3138/3065 2577/3148/3075 2604/3139/3066
f 2604/3139/3066 2577/3148/3075 2603/3149/3076
f 2604/3139/3066 2603/3149/3076 2587/3140/3067
f 2587/3140/3067 2603/3149/3076 2626/3141/3068
f 2577/3148/3075 2578/3150/3077 2603/3149/3076
f 2603/3149/3076 2578/3150/3077 2602/3151/3078
f 2603/3149/3076 2602/3151/3078 2626/3141/3068
f 2626/3141/3068 2602/3151/3078 2625/3142/3069
f 2578/3150/3077 2579/3152/3079 2602/3151/3078
f 2602/3151/3078 2579/3152/3079 2601/3153/3080
f 2602/3151/3078 2601/3153/3080 2625/3142/3069
f 2625/3142/3069 2601/3153/3080 2624/3143/3070
f 2579/3152/3079 2580/3154/3081 2601/3153/3080
f 2601/3153/3080 2580/3154/3081 2600/3155/3082
f 2601/3153/3080 2600/3155/3082 2624/3143/3070
f 2624/3143/3070 2600/3155/3082 2623/3144/3071
f 2580/3154/3081 2581/3156/3083 2600/3155/3082
f 2600/3155/3082 2581/3156/3083 2599/3157/3084
f 2600/3155/3082 2599/3157/3084 2623/3144/3071
f 2623/3144/3071 2599/3157/3084 2622/3145/3072
f 2581/3156/3083 2582/3158/3085 2599/3157/3084
f 2599/3157/3084 2582/3158/3085 2583/3159/3086
f 2599/3157/3084 2583/3159/3086 2598/3160/3087
f 2598/3160/3087 2583/3159/3086 2584/3161/3088
f 2598/3160/3087 2584/3161/3088 2588/3162/3089
f 2588/3162/3089 2584/3161/3088 2585/3163/3090
f 2588/3162/3089 2585/3163/3090 2586/3100/3027
f 2586/3100/3027 2620/3147/3074 2588/3162/3089
f 2588/3162/3089 2620/3147/3074 2621/3146/3073
f 2588/3162/3089 2621/3146/3073 2598/3160/3087
f 2598/3160/3087 2621/3146/3073 2622/3145/3072
f 2598/3160/3087 2622/3145/3072 2599/3157/3084
f 2611/3115/3042 2610/3113/3040 2590/3137/3064
f 2590/3137/3064 2610/3113/3040 2591/3135/3062
f 2610/3113/3040 2609/3111/3038 2591/3135/3062
f 2591/3135/3062 2609/3111/3038 2592/3132/3059
f 2607/3107/3034 2594/3126/3053 2593/3129/3056
f 2609/3111/3038 2608/3109/3036 2592/3132/3059
f 2592/3132/3059 2608/3109/3036 2593/3129/3056
f 2608/3109/3036 2607/3107/3034 2593/3129/3056
f 2589/3101/3028 2597/3121/3048 2596/3123/3050
f 2589/3101/3028 2596/3123/3050 2605/3103/3030
f 1177/3164/3046 1176/3165/3091 2574/3166/3047
f 2574/3166/3047 1176/3165/3091 2630/3167/3092
f 2574/3166/3047 2630/3167/3092 2641/3168/3093
f 2641/3168/3093 2630/3167/3092 2640/3169/3094
f 2640/3169/3094 2630/3167/3092 2639/3170/3095
f 2639/3170/3095 2630/3167/3092 2631/3171/3096
f 2639/3170/3095 2631/3171/3096 2638/3172/3097
f 2638/3172/3097 2631/3171/3096 2637/3173/3098
f 2637/3173/3098 2631/3171/3096 2636/3174/3099
f 2636/3174/3099 2631/3171/3096 2632/3175/3100
f 2636/3174/3099 2632/3175/3100 2633/3176/3101
f 1175/3177/3102 2627/3178/3103 1176/3165/3091
f 1176/3165/3091 2627/3178/3103 2628/3179/3104
f 1176/3165/3091 2628/3179/3104 2629/3180/3105
f 2629/3180/3105 2630/3167/3092 1176/3165/3091
f 2634/3181/3106 2635/3182/3107 2633/3176/3101
f 2633/3176/3101 2635/3182/3107 2636/3174/3099
f 1174/3183/3108 2693/3184/3109 1175/3185/3102
f 1175/3185/3102 2693/3184/3109 2666/3186/3110
f 1175/3185/3102 2666/3186/3110 2665/3187/3111
f 2665/3187/3111 2666/3186/3110 2667/3188/3112
f 2665/3187/3111 2667/3188/3112 2664/3189/3113
f 2664/3189/3113 2667/3188/3112 2668/3190/3114
f 2664/3189/3113 2668/3190/3114 2663/3191/3115
f 2663/3191/3115 2668/3190/3114 2669/3192/3116
f 2663/3191/3115 2669/3192/3116 2662/3193/3117
f 2662/3193/3117 2669/3192/3116 2670/3194/3118
f 2662/3193/3117 2670/3194/3118 2661/3195/3119
f 2661/3195/3119 2670/3194/3118 2671/3196/3120
f 2661/3195/3119 2671/3196/3120 2660/3197/3121
f 2660/3197/3121 2671/3196/3120 2672/3198/3122
f 2660/3197/3121 2672/3198/3122 2659/3199/3123
f 2659/3199/3123 2672/3198/3122 2673/3200/3124
f 2659/3199/3123 2673/3200/3124 2658/3201/3125
f 2658/3201/3125 2673/3200/3124 2645/3202/3126
f 2658/3201/3125 2645/3202/3126 2646/3203/3127
f 1173/3204/3128 2678/3205/3129 1174/3183/3108
f 1174/3183/3108 2678/3205/3129 2691/3206/3130
f 1174/3183/3108 2691/3206/3130 2692/3207/3131
f 2692/3207/3131 2691/3206/3130 2667/3188/3112
f 2692/3207/3131 2667/3188/3112 2666/3186/3110
f 2678/3205/3129 1173/3204/3128 2679/3208/3132
f 2679/3208/3132 1173/3204/3128 1172/3209/3133
f 2679/3208/3132 1172/3209/3133 2680/3210/3134
f 2680/3210/3134 1172/3209/3133 2681/3211/3135
f 2680/3210/3134 2681/3211/3135 2676/3212/3136
f 2676/3212/3136 2681/3211/3135 2675/3213/3137
f 2676/3212/3136 2675/3213/3137 2689/3214/3138
f 2689/3214/3138 2675/3213/3137 2688/3215/3139
f 2689/3214/3138 2688/3215/3139 2670/3194/3118
f 2670/3194/3118 2688/3215/3139 2671/3196/3120
f 2681/3211/3135 1172/3209/3133 2684/3216/3140
f 2684/3216/3140 1172/3209/3133 1171/3217/3141
f 2684/3216/3140 1171/3217/3141 2685/3218/3142
f 2685/3218/3142 1171/3217/3141 1170/3219/3143
f 2685/3218/3142 1170/3219/3143 1169/3220/3144
f 1169/3220/3144 1168/3221/3145 2685/3218/3142
f 2685/3218/3142 1168/3221/3145 1167/3222/3146
f 2685/3218/3142 1167/3222/3146 1165/3223/3147
f 1165/3223/3147 1167/3222/3146 1166/3224/3148
f 1165/3223/3147 2642/3225/3149 2685/3218/3142
f 2685/3218/3142 2642/3225/3149 2684/3216/3140
f 2643/3226/3150 2655/3227/3151 2642/3225/3149
f 2642/3225/3149 2655/3227/3151 2683/3228/3152
f 2642/3225/3149 2683/3228/3152 2682/3229/3153
f 2682/3229/3153 2683/3228/3152 2674/3230/3154
f 2682/3229/3153 2674/3230/3154 2675/3213/3137
f 2675/3213/3137 2674/3230/3154 2688/3215/3139
f 2655/3227/3151 2643/3226/3150 2686/3231/3155
f 2686/3231/3155 2643/3226/3150 2644/3232/3156
f 2686/3231/3155 2644/3232/3156 2673/3200/3124
f 2673/3200/3124 2644/3232/3156 2645/3202/3126
f 2647/3233/3157 2657/3234/3158 2646/3203/3127
f 2646/3203/3127 2657/3234/3158 2694/3235/3159
f 2646/3203/3127 2694/3235/3159 2658/3201/3125
f 2658/3201/3125 2694/3235/3159 2695/3236/3160
f 2658/3201/3125 2695/3236/3160 2659/3199/3123
f 2659/3199/3123 2695/3236/3160 2696/3237/3161
f 2659/3199/3123 2696/3237/3161 2660/3197/3121
f 2660/3197/3121 2696/3237/3161 2697/3238/3162
f 2660/3197/3121 2697/3238/3162 2661/3195/3119
f 2661/3195/3119 2697/3238/3162 2698/3239/3163
f 2661/3195/3119 2698/3239/3163 2662/3193/3117
f 2662/3193/3117 2698/3239/3163 2699/3240/3164
f 2662/3193/3117 2699/3240/3164 2663/3191/3115
f 2663/3191/3115 2699/3240/3164 2700/3241/3165
f 2663/3191/3115 2700/3241/3165 2664/3189/3113
f 2664/3189/3113 2700/3241/3165 2656/3242/3166
f 2664/3189/3113 2656/3242/3166 2665/3187/3111
f 2665/3187/3111 2656/3242/3166 2628/3243/3104
f 2665/3187/3111 2628/3243/3104 2627/3244/3103
f 2647/3233/3157 2648/3245/3167 2657/3234/3158
f 2657/3234/3158 2648/3245/3167 2707/3246/3168
f 2657/3234/3158 2707/3246/3168 2694/3235/3159
f 2694/3235/3159 2707/3246/3168 2695/3236/3160
f 2648/3245/3167 2649/3247/3169 2707/3246/3168
f 2707/3246/3168 2649/3247/3169 2706/3248/3170
f 2707/3246/3168 2706/3248/3170 2695/3236/3160
f 2695/3236/3160 2706/3248/3170 2696/3237/3161
f 2649/3247/3169 2650/3249/3171 2706/3248/3170
f 2706/3248/3170 2650/3249/3171 2705/3250/3172
f 2706/3248/3170 2705/3250/3172 2696/3237/3161
f 2696/3237/3161 2705/3250/3172 2697/3238/3162
f 2650/3249/3171 2651/3251/3173 2705/3250/3172
f 2705/3250/3172 2651/3251/3173 2704/3252/3174
f 2705/3250/3172 2704/3252/3174 2697/3238/3162
f 2697/3238/3162 2704/3252/3174 2698/3239/3163
f 2651/3251/3173 2652/3253/3175 2704/3252/3174
f 2704/3252/3174 2652/3253/3175 2703/3254/3176
f 2704/3252/3174 2703/3254/3176 2698/3239/3163
f 2698/3239/3163 2703/3254/3176 2699/3240/3164
f 2652/3253/3175 2653/3255/3177 2703/3254/3176
f 2703/3254/3176 2653/3255/3177 2699/3240/3164
f 2654/3256/3178 2701/3257/3179 2653/3255/3177
f 2653/3255/3177 2701/3257/3179 2702/3258/3180
f 2653/3255/3177 2702/3258/3180 2699/3240/3164
f 2699/3240/3164 2702/3258/3180 2700/3241/3165
f 2629/3259/3105 2628/3243/3104 2654/3256/3178
f 2654/3256/3178 2628/3243/3104 2656/3242/3166
f 2654/3256/3178 2656/3242/3166 2701/3257/3179
f 2701/3257/3179 2656/3242/3166 2700/3241/3165
f 2701/3257/3179 2700/3241/3165 2702/3258/3180
f 2627/3244/3103 1175/3185/3102 2665/3187/3111
f 2667/3188/3112 2691/3206/3130 2668/3190/3114
f 2668/3190/3114 2691/3206/3130 2690/3260/3181
f 2668/3190/3114 2690/3260/3181 2669/3192/3116
f 2669/3192/3116 2690/3260/3181 2689/3214/3138
f 2669/3192/3116 2689/3214/3138 2670/3194/3118
f 2686/3231/3155 2673/3200/3124 2672/3198/3122
f 2672/3198/3122 2671/3196/3120 2687/3261/3182
f 2687/3261/3182 2671/3196/3120 2688/3215/3139
f 2687/3261/3182 2688/3215/3139 2674/3230/3154
f 2687/3261/3182 2674/3230/3154 2655/3227/3151
f 2655/3227/3151 2674/3230/3154 2683/3228/3152
f 2682/3229/3153 2675/3213/3137 2681/3211/3135
f 2679/3208/3132 2680/3210/3134 2677/3262/3183
f 2677/3262/3183 2680/3210/3134 2676/3212/3136
f 2677/3262/3183 2676/3212/3136 2690/3260/3181
f 2690/3260/3181 2676/3212/3136 2689/3214/3138
f 2691/3206/3130 2678/3205/3129 2677/3262/3183
f 2677/3262/3183 2678/3205/3129 2679/3208/3132
f 2691/3206/3130 2677/3262/3183 2690/3260/3181
f 2642/3225/3149 2682/3229/3153 2684/3216/3140
f 2684/3216/3140 2682/3229/3153 2681/3211/3135
f 2672/3198/3122 2687/3261/3182 2686/3231/3155
f 2686/3231/3155 2687/3261/3182 2655/3227/3151
f 2693/3184/3109 1174/3183/3108 2692/3207/3131
f 2666/3186/3110 2693/3184/3109 2692/3207/3131
f 2716/3263/3184 2708/3264/3185 2720/3265/3186
f 2720/3265/3186 2708/3264/3185 2709/3266/3187
f 2720/3265/3186 2709/3266/3187 2726/3267/3188
f 2726/3267/3188 2709/3266/3187 2710/3268/3189
f 2726/3267/3188 2710/3268/3189 2725/3269/3190
f 2725/3269/3190 2710/3268/3189 2711/3270/3191
f 2725/3269/3190 2711/3270/3191 2724/3271/3192
f 2724/3271/3192 2711/3270/3191 2712/3272/3193
f 2724/3271/3192 2712/3272/3193 2723/3273/3194
f 2723/3273/3194 2712/3272/3193 2713/3274/3195
f 2723/3273/3194 2713/3274/3195 2722/3275/3196
f 2722/3275/3196 2713/3274/3195 2714/3276/3197
f 2722/3275/3196 2714/3276/3197 2721/3277/3198
f 2721/3277/3198 2714/3276/3197 2719/3278/3199
f 2721/3277/3198 2719/3278/3199 2740/3279/3200
f 2740/3279/3200 2719/3278/3199 2741/3280/3201
f 2740/3279/3200 2741/3280/3201 2727/3281/3202
f 2727/3281/3202 2741/3280/3201 2717/3282/3203
f 2727/3281/3202 2717/3282/3203 2747/3283/3204
f 2747/3283/3204 2717/3282/3203 2748/3284/3205
f 2747/3283/3204 2748/3284/3205 2653/3285/3206
f 2653/3285/3206 2748/3284/3205 2654/3286/3178
f 2654/3286/3178 2748/3284/3205 2717/3282/3203
f 2654/3286/3178 2717/3282/3203 2630/3287/3092
f 2630/3287/3092 2717/3282/3203 2741/3280/3201
f 2630/3287/3092 2741/3280/3201 2719/3278/3199
f 2714/3276/3197 2715/3288/3207 2719/3278/3199
f 2719/3278/3199 2715/3288/3207 2630/3287/3092
f 2715/3288/3207 2631/3289/3096 2630/3287/3092
f 2630/3287/3092 2629/3290/3105 2654/3286/3178
f 2747/3283/3204 2653/3285/3206 2746/3291/3208
f 2746/3291/3208 2653/3285/3206 2652/3292/3209
f 2746/3291/3208 2652/3292/3209 2745/3293/3210
f 2745/3293/3210 2652/3292/3209 2651/3294/3211
f 2745/3293/3210 2651/3294/3211 2744/3295/3212
f 2744/3295/3212 2651/3294/3211 2650/3296/3213
f 2744/3295/3212 2650/3296/3213 2743/3297/3214
f 2743/3297/3214 2650/3296/3213 2649/3298/3215
f 2743/3297/3214 2649/3298/3215 2742/3299/3216
f 2742/3299/3216 2649/3298/3215 2648/3300/3217
f 2742/3299/3216 2648/3300/3217 2718/3301/3218
f 2718/3301/3218 2648/3300/3217 2647/3302/3219
f 2718/3301/3218 2647/3302/3219 2716/3263/3184
f 2718/3301/3218 2716/3263/3184 2733/3303/3220
f 2733/3303/3220 2716/3263/3184 2734/3304/3221
f 2733/3303/3220 2734/3304/3221 2735/3305/3222
f 2735/3305/3222 2734/3304/3221 2726/3267/3188
f 2735/3305/3222 2726/3267/3188 2725/3269/3190
f 2734/3304/3221 2716/3263/3184 2720/3265/3186
f 2722/3275/3196 2721/3277/3198 2739/3306/3223
f 2739/3306/3223 2721/3277/3198 2740/3279/3200
f 2739/3306/3223 2740/3279/3200 2728/3307/3224
f 2728/3307/3224 2740/3279/3200 2727/3281/3202
f 2728/3307/3224 2727/3281/3202 2746/3291/3208
f 2746/3291/3208 2727/3281/3202 2747/3283/3204
f 2723/3273/3194 2722/3275/3196 2738/3308/3225
f 2738/3308/3225 2722/3275/3196 2739/3306/3223
f 2738/3308/3225 2739/3306/3223 2729/3309/3226
f 2729/3309/3226 2739/3306/3223 2728/3307/3224
f 2729/3309/3226 2728/3307/3224 2745/3293/3210
f 2745/3293/3210 2728/3307/3224 2746/3291/3208
f 2724/3271/3192 2723/3273/3194 2737/3310/3227
f 2737/3310/3227 2723/3273/3194 2738/3308/3225
f 2737/3310/3227 2738/3308/3225 2730/3311/3228
f 2730/3311/3228 2738/3308/3225 2729/3309/3226
f 2730/3311/3228 2729/3309/3226 2744/3295/3212
f 2744/3295/3212 2729/3309/3226 2745/3293/3210
f 2725/3269/3190 2724/3271/3192 2736/3312/3229
f 2736/3312/3229 2724/3271/3192 2737/3310/3227
f 2736/3312/3229 2737/3310/3227 2731/3313/3230
f 2731/3313/3230 2737/3310/3227 2730/3311/3228
f 2731/3313/3230 2730/3311/3228 2743/3297/3214
f 2743/3297/3214 2730/3311/3228 2744/3295/3212
f 2734/3304/3221 2720/3265/3186 2726/3267/3188
f 2731/3313/3230 2732/3314/3231 2736/3312/3229
f 2736/3312/3229 2732/3314/3231 2735/3305/3222
f 2736/3312/3229 2735/3305/3222 2725/3269/3190
f 2718/3301/3218 2733/3303/3220 2732/3314/3231
f 2732/3314/3231 2733/3303/3220 2735/3305/3222
f 2743/3297/3214 2742/3299/3216 2731/3313/3230
f 2731/3313/3230 2742/3299/3216 2732/3314/3231
f 2742/3299/3216 2718/3301/3218 2732/3314/3231
f 2574/3315/3232 2641/3316/3093 2575/3317/3233
f 2575/3317/3233 2641/3316/3093 2764/3318/3234
f 2575/3317/3233 2764/3318/3234 2576/3319/3235
f 2576/3319/3235 2764/3318/3234 2577/3320/3236
f 2577/3320/3236 2764/3318/3234 2765/3321/3237
f 2577/3320/3236 2765/3321/3237 2578/3322/3238
f 2578/3322/3238 2765/3321/3237 2766/3323/3239
f 2578/3322/3238 2766/3323/3239 2579/3324/3240
f 2579/3324/3240 2766/3323/3239 2767/3325/3241
f 2579/3324/3240 2767/3325/3241 2580/3326/3242
f 2580/3326/3242 2767/3325/3241 2768/3327/3243
f 2580/3326/3242 2768/3327/3243 2581/3328/3244
f 2581/3328/3244 2768/3327/3243 2769/3329/3245
f 2581/3328/3244 2769/3329/3245 2582/3330/3246
f 2582/3330/3246 2769/3329/3245 2583/3331/3247
f 2583/3331/3247 2769/3329/3245 2770/3332/3248
f 2583/3331/3247 2770/3332/3248 2584/3333/3249
f 2584/3333/3249 2770/3332/3248 2771/3334/3250
f 2584/3333/3249 2771/3334/3250 2585/3335/3251
f 2585/3335/3251 2771/3334/3250 2759/3336/3252
f 2759/3336/3252 2771/3334/3250 2770/3332/3248
f 2759/3336/3252 2770/3332/3248 2769/3329/3245
f 2640/3337/3094 2762/3338/3253 2641/3316/3093
f 2641/3316/3093 2762/3338/3253 2772/3339/3254
f 2641/3316/3093 2772/3339/3254 2764/3318/3234
f 2764/3318/3234 2772/3339/3254 2773/3340/3255
f 2764/3318/3234 2773/3340/3255 2765/3321/3237
f 2765/3321/3237 2773/3340/3255 2774/3341/3256
f 2765/3321/3237 2774/3341/3256 2766/3323/3239
f 2766/3323/3239 2774/3341/3256 2775/3342/3257
f 2766/3323/3239 2775/3342/3257 2767/3325/3241
f 2767/3325/3241 2775/3342/3257 2776/3343/3258
f 2767/3325/3241 2776/3343/3258 2768/3327/3243
f 2768/3327/3243 2776/3343/3258 2777/3344/3259
f 2768/3327/3243 2777/3344/3259 2769/3329/3245
f 2769/3329/3245 2777/3344/3259 2759/3336/3252
f 2762/3338/3253 2640/3337/3094 2780/3345/3260
f 2780/3345/3260 2640/3337/3094 2639/3346/3095
f 2780/3345/3260 2639/3346/3095 2794/3347/3261
f 2794/3347/3261 2639/3346/3095 2638/3348/3097
f 2794/3347/3261 2638/3348/3097 2637/3349/3098
f 2794/3347/3261 2637/3349/3098 2760/3350/3262
f 2760/3350/3262 2637/3349/3098 2636/3351/3099
f 2760/3350/3262 2636/3351/3099 2823/3352/3263
f 2823/3352/3263 2636/3351/3099 2808/3353/3264
f 2823/3352/3263 2808/3353/3264 2809/3354/3265
f 2809/3354/3265 2808/3353/3264 2825/3355/3266
f 2809/3354/3265 2825/3355/3266 2826/3356/3267
f 2826/3356/3267 2825/3355/3266 2834/3357/3268
f 2826/3356/3267 2834/3357/3268 2835/3358/3269
f 2835/3358/3269 2834/3357/3268 2843/3359/3270
f 2835/3358/3269 2843/3359/3270 2844/3360/3271
f 2844/3360/3271 2843/3359/3270 2712/3361/3193
f 2844/3360/3271 2712/3361/3193 2711/3362/3191
f 2636/3351/3099 2635/3363/3107 2808/3353/3264
f 2808/3353/3264 2635/3363/3107 2824/3364/3272
f 2808/3353/3264 2824/3364/3272 2825/3355/3266
f 2825/3355/3266 2824/3364/3272 2833/3365/3273
f 2825/3355/3266 2833/3365/3273 2834/3357/3268
f 2834/3357/3268 2833/3365/3273 2842/3366/3274
f 2834/3357/3268 2842/3366/3274 2843/3359/3270
f 2843/3359/3270 2842/3366/3274 2713/3367/3195
f 2843/3359/3270 2713/3367/3195 2712/3361/3193
f 2635/3363/3107 2634/3368/3106 2824/3364/3272
f 2824/3364/3272 2634/3368/3106 2832/3369/3275
f 2824/3364/3272 2832/3369/3275 2833/3365/3273
f 2833/3365/3273 2832/3369/3275 2841/3370/3276
f 2833/3365/3273 2841/3370/3276 2842/3366/3274
f 2842/3366/3274 2841/3370/3276 2714/3371/3197
f 2842/3366/3274 2714/3371/3197 2713/3367/3195
f 2832/3369/3275 2634/3368/3106 2715/3372/3207
f 2715/3372/3207 2634/3368/3106 2633/3373/3101
f 2715/3372/3207 2633/3373/3101 2632/3374/3100
f 2632/3374/3100 2631/3375/3096 2715/3372/3207
f 2832/3369/3275 2715/3372/3207 2840/3376/3277
f 2840/3376/3277 2715/3372/3207 2714/3371/3197
f 2840/3376/3277 2714/3371/3197 2841/3370/3276
f 2844/3360/3271 2711/3362/3191 2845/3377/3278
f 2845/3377/3278 2711/3362/3191 2710/3378/3189
f 2845/3377/3278 2710/3378/3189 2846/3379/3279
f 2846/3379/3279 2710/3378/3189 2709/3380/3187
f 2846/3379/3279 2709/3380/3187 2847/3381/3280
f 2847/3381/3280 2709/3380/3187 2749/3382/3281
f 2847/3381/3280 2749/3382/3281 2750/3383/3282
f 2709/3380/3187 2708/3384/3185 2749/3382/3281
f 2847/3381/3280 2750/3383/3282 2839/3385/3283
f 2839/3385/3283 2750/3383/3282 2751/3386/3284
f 2839/3385/3283 2751/3386/3284 2831/3387/3285
f 2831/3387/3285 2751/3386/3284 2752/3388/3286
f 2831/3387/3285 2752/3388/3286 2815/3389/3287
f 2815/3389/3287 2752/3388/3286 2753/3390/3288
f 2815/3389/3287 2753/3390/3288 2816/3391/3289
f 2816/3391/3289 2753/3390/3288 2754/3392/3290
f 2816/3391/3289 2754/3392/3290 2761/3393/3291
f 2761/3393/3291 2754/3392/3290 2755/3394/3292
f 2761/3393/3291 2755/3394/3292 2801/3395/3293
f 2801/3395/3293 2755/3394/3292 2756/3396/3294
f 2801/3395/3293 2756/3396/3294 2757/3397/3295
f 2758/3398/3296 2787/3399/3297 2757/3397/3295
f 2757/3397/3295 2787/3399/3297 2786/3400/3298
f 2757/3397/3295 2786/3400/3298 2800/3401/3299
f 2800/3401/3299 2786/3400/3298 2785/3402/3300
f 2800/3401/3299 2785/3402/3300 2799/3403/3301
f 2799/3403/3301 2785/3402/3300 2784/3404/3302
f 2799/3403/3301 2784/3404/3302 2798/3405/3303
f 2798/3405/3303 2784/3404/3302 2783/3406/3304
f 2798/3405/3303 2783/3406/3304 2797/3407/3305
f 2797/3407/3305 2783/3406/3304 2782/3408/3306
f 2797/3407/3305 2782/3408/3306 2796/3409/3307
f 2796/3409/3307 2782/3408/3306 2781/3410/3308
f 2796/3409/3307 2781/3410/3308 2795/3411/3309
f 2795/3411/3309 2781/3410/3308 2780/3345/3260
f 2795/3411/3309 2780/3345/3260 2794/3347/3261
f 2759/3336/3252 2763/3412/3310 2758/3398/3296
f 2758/3398/3296 2763/3412/3310 2788/3413/3311
f 2758/3398/3296 2788/3413/3311 2787/3399/3297
f 2787/3399/3297 2788/3413/3311 2786/3400/3298
f 2763/3412/3310 2759/3336/3252 2779/3414/3312
f 2779/3414/3312 2759/3336/3252 2778/3415/3313
f 2779/3414/3312 2778/3415/3313 2763/3412/3310
f 2763/3412/3310 2778/3415/3313 2788/3413/3311
f 2773/3340/3255 2772/3339/3254 2793/3416/3314
f 2793/3416/3314 2772/3339/3254 2762/3338/3253
f 2793/3416/3314 2762/3338/3253 2781/3410/3308
f 2781/3410/3308 2762/3338/3253 2780/3345/3260
f 2774/3341/3256 2773/3340/3255 2792/3417/3315
f 2792/3417/3315 2773/3340/3255 2793/3416/3314
f 2792/3417/3315 2793/3416/3314 2782/3408/3306
f 2782/3408/3306 2793/3416/3314 2781/3410/3308
f 2775/3342/3257 2774/3341/3256 2791/3418/3316
f 2791/3418/3316 2774/3341/3256 2792/3417/3315
f 2791/3418/3316 2792/3417/3315 2783/3406/3304
f 2783/3406/3304 2792/3417/3315 2782/3408/3306
f 2776/3343/3258 2775/3342/3257 2790/3419/3317
f 2790/3419/3317 2775/3342/3257 2791/3418/3316
f 2790/3419/3317 2791/3418/3316 2784/3404/3302
f 2784/3404/3302 2791/3418/3316 2783/3406/3304
f 2788/3413/3311 2778/3415/3313 2777/3344/3259
f 2777/3344/3259 2778/3415/3313 2759/3336/3252
f 2777/3344/3259 2776/3343/3258 2789/3420/3318
f 2789/3420/3318 2776/3343/3258 2790/3419/3317
f 2789/3420/3318 2790/3419/3317 2785/3402/3300
f 2785/3402/3300 2790/3419/3317 2784/3404/3302
f 2785/3402/3300 2786/3400/3298 2789/3420/3318
f 2789/3420/3318 2786/3400/3298 2788/3413/3311
f 2789/3420/3318 2788/3413/3311 2777/3344/3259
f 2795/3411/3309 2794/3347/3261 2802/3421/3319
f 2802/3421/3319 2794/3347/3261 2760/3350/3262
f 2802/3421/3319 2760/3350/3262 2822/3422/3320
f 2822/3422/3320 2760/3350/3262 2823/3352/3263
f 2822/3422/3320 2823/3352/3263 2809/3354/3265
f 2796/3409/3307 2795/3411/3309 2803/3423/3321
f 2803/3423/3321 2795/3411/3309 2802/3421/3319
f 2803/3423/3321 2802/3421/3319 2821/3424/3322
f 2821/3424/3322 2802/3421/3319 2822/3422/3320
f 2821/3424/3322 2822/3422/3320 2810/3425/3323
f 2810/3425/3323 2822/3422/3320 2809/3354/3265
f 2810/3425/3323 2809/3354/3265 2826/3356/3267
f 2797/3407/3305 2796/3409/3307 2804/3426/3324
f 2804/3426/3324 2796/3409/3307 2803/3423/3321
f 2804/3426/3324 2803/3423/3321 2820/3427/3325
f 2820/3427/3325 2803/3423/3321 2821/3424/3322
f 2820/3427/3325 2821/3424/3322 2811/3428/3326
f 2811/3428/3326 2821/3424/3322 2810/3425/3323
f 2811/3428/3326 2810/3425/3323 2827/3429/3327
f 2827/3429/3327 2810/3425/3323 2826/3356/3267
f 2827/3429/3327 2826/3356/3267 2835/3358/3269
f 2798/3405/3303 2797/3407/3305 2805/3430/3328
f 2805/3430/3328 2797/3407/3305 2804/3426/3324
f 2805/3430/3328 2804/3426/3324 2819/3431/3329
f 2819/3431/3329 2804/3426/3324 2820/3427/3325
f 2819/3431/3329 2820/3427/3325 2812/3432/3330
f 2812/3432/3330 2820/3427/3325 2811/3428/3326
f 2812/3432/3330 2811/3428/3326 2828/3433/3331
f 2828/3433/3331 2811/3428/3326 2827/3429/3327
f 2828/3433/3331 2827/3429/3327 2836/3434/3332
f 2836/3434/3332 2827/3429/3327 2835/3358/3269
f 2836/3434/3332 2835/3358/3269 2844/3360/3271
f 2799/3403/3301 2798/3405/3303 2806/3435/3333
f 2806/3435/3333 2798/3405/3303 2805/3430/3328
f 2806/3435/3333 2805/3430/3328 2818/3436/3334
f 2818/3436/3334 2805/3430/3328 2819/3431/3329
f 2818/3436/3334 2819/3431/3329 2813/3437/3335
f 2813/3437/3335 2819/3431/3329 2812/3432/3330
f 2813/3437/3335 2812/3432/3330 2829/3438/3336
f 2829/3438/3336 2812/3432/3330 2828/3433/3331
f 2829/3438/3336 2828/3433/3331 2837/3439/3337
f 2837/3439/3337 2828/3433/3331 2836/3434/3332
f 2837/3439/3337 2836/3434/3332 2845/3377/3278
f 2845/3377/3278 2836/3434/3332 2844/3360/3271
f 2761/3393/3291 2801/3395/3293 2800/3401/3299
f 2800/3401/3299 2801/3395/3293 2757/3397/3295
f 2800/3401/3299 2799/3403/3301 2807/3440/3338
f 2807/3440/3338 2799/3403/3301 2806/3435/3333
f 2807/3440/3338 2806/3435/3333 2817/3441/3339
f 2817/3441/3339 2806/3435/3333 2818/3436/3334
f 2817/3441/3339 2818/3436/3334 2814/3442/3340
f 2814/3442/3340 2818/3436/3334 2813/3437/3335
f 2814/3442/3340 2813/3437/3335 2830/3443/3341
f 2830/3443/3341 2813/3437/3335 2829/3438/3336
f 2830/3443/3341 2829/3438/3336 2838/3444/3342
f 2838/3444/3342 2829/3438/3336 2837/3439/3337
f 2838/3444/3342 2837/3439/3337 2846/3379/3279
f 2846/3379/3279 2837/3439/3337 2845/3377/3278
f 2816/3391/3289 2761/3393/3291 2807/3440/3338
f 2807/3440/3338 2761/3393/3291 2800/3401/3299
f 2816/3391/3289 2807/3440/3338 2817/3441/3339
f 2816/3391/3289 2817/3441/3339 2815/3389/3287
f 2815/3389/3287 2817/3441/3339 2814/3442/3340
f 2815/3389/3287 2814/3442/3340 2831/3387/3285
f 2831/3387/3285 2814/3442/3340 2830/3443/3341
f 2831/3387/3285 2830/3443/3341 2839/3385/3283
f 2839/3385/3283 2830/3443/3341 2838/3444/3342
f 2839/3385/3283 2838/3444/3342 2847/3381/3280
f 2847/3381/3280 2838/3444/3342 2846/3379/3279
f 2840/3376/3277 2841/3370/3276 2832/3369/3275
f 2876/3445/3343 2585/3446/3251 2880/3447/3344
f 2880/3447/3344 2585/3446/3251 2759/3448/3252
f 2880/3447/3344 2759/3448/3252 2901/3449/3345
f 2901/3449/3345 2759/3448/3252 2887/3450/3346
f 2901/3449/3345 2887/3450/3346 2888/3451/3347
f 2888/3451/3347 2887/3450/3346 2916/3452/3348
f 2888/3451/3347 2916/3452/3348 2915/3453/3349
f 2915/3453/3349 2916/3452/3348 2904/3454/3350
f 2915/3453/3349 2904/3454/3350 2905/3455/3351
f 2905/3455/3351 2904/3454/3350 2921/3456/3352
f 2905/3455/3351 2921/3456/3352 2922/3457/3353
f 2922/3457/3353 2921/3456/3352 2930/3458/3354
f 2922/3457/3353 2930/3458/3354 2931/3459/3355
f 2931/3459/3355 2930/3458/3354 2939/3460/3356
f 2931/3459/3355 2939/3460/3356 2940/3461/3357
f 2940/3461/3357 2939/3460/3356 2948/3462/3358
f 2940/3461/3357 2948/3462/3358 2879/3463/3359
f 2879/3463/3359 2948/3462/3358 2956/3464/3360
f 2879/3463/3359 2956/3464/3360 2859/3465/3361
f 2859/3465/3361 2956/3464/3360 2858/3466/3362
f 2858/3466/3362 2956/3464/3360 2854/3467/3363
f 2858/3466/3362 2854/3467/3363 2857/3468/3364
f 2857/3468/3364 2854/3467/3363 2856/3469/3365
f 2856/3469/3365 2854/3467/3363 2855/3470/3366
f 2759/3448/3252 2758/3471/3296 2887/3450/3346
f 2887/3450/3346 2758/3471/3296 2917/3472/3367
f 2887/3450/3346 2917/3472/3367 2916/3452/3348
f 2916/3452/3348 2917/3472/3367 2903/3473/3368
f 2916/3452/3348 2903/3473/3368 2904/3454/3350
f 2904/3454/3350 2903/3473/3368 2920/3474/3369
f 2904/3454/3350 2920/3474/3369 2921/3456/3352
f 2921/3456/3352 2920/3474/3369 2929/3475/3370
f 2921/3456/3352 2929/3475/3370 2930/3458/3354
f 2930/3458/3354 2929/3475/3370 2938/3476/3371
f 2930/3458/3354 2938/3476/3371 2939/3460/3356
f 2939/3460/3356 2938/3476/3371 2947/3477/3372
f 2939/3460/3356 2947/3477/3372 2948/3462/3358
f 2948/3462/3358 2947/3477/3372 2955/3478/3373
f 2948/3462/3358 2955/3478/3373 2956/3464/3360
f 2956/3464/3360 2955/3478/3373 2964/3479/3374
f 2956/3464/3360 2964/3479/3374 2854/3467/3363
f 2854/3467/3363 2964/3479/3374 2853/3480/3375
f 2853/3480/3375 2964/3479/3374 2963/3481/3376
f 2853/3480/3375 2963/3481/3376 2962/3482/3377
f 2962/3482/3377 2963/3481/3376 2954/3483/3378
f 2962/3482/3377 2954/3483/3378 2953/3484/3379
f 2953/3484/3379 2954/3483/3378 2946/3485/3380
f 2953/3484/3379 2946/3485/3380 2945/3486/3381
f 2945/3486/3381 2946/3485/3380 2937/3487/3382
f 2945/3486/3381 2937/3487/3382 2936/3488/3383
f 2936/3488/3383 2937/3487/3382 2928/3489/3384
f 2936/3488/3383 2928/3489/3384 2927/3490/3385
f 2927/3490/3385 2928/3489/3384 2919/3491/3386
f 2927/3490/3385 2919/3491/3386 2918/3492/3387
f 2918/3492/3387 2919/3491/3386 2757/3493/3295
f 2918/3492/3387 2757/3493/3295 2756/3494/3294
f 2917/3472/3367 2758/3471/3296 2902/3495/3388
f 2902/3495/3388 2758/3471/3296 2757/3493/3295
f 2902/3495/3388 2757/3493/3295 2903/3473/3368
f 2903/3473/3368 2757/3493/3295 2919/3491/3386
f 2903/3473/3368 2919/3491/3386 2920/3474/3369
f 2920/3474/3369 2919/3491/3386 2928/3489/3384
f 2920/3474/3369 2928/3489/3384 2929/3475/3370
f 2929/3475/3370 2928/3489/3384 2937/3487/3382
f 2929/3475/3370 2937/3487/3382 2938/3476/3371
f 2938/3476/3371 2937/3487/3382 2946/3485/3380
f 2938/3476/3371 2946/3485/3380 2947/3477/3372
f 2947/3477/3372 2946/3485/3380 2954/3483/3378
f 2947/3477/3372 2954/3483/3378 2955/3478/3373
f 2955/3478/3373 2954/3483/3378 2963/3481/3376
f 2955/3478/3373 2963/3481/3376 2964/3479/3374
f 2756/3494/3294 2755/3496/3292 2918/3492/3387
f 2918/3492/3387 2755/3496/3292 2926/3497/3389
f 2918/3492/3387 2926/3497/3389 2927/3490/3385
f 2927/3490/3385 2926/3497/3389 2935/3498/3390
f 2927/3490/3385 2935/3498/3390 2936/3488/3383
f 2936/3488/3383 2935/3498/3390 2944/3499/3391
f 2936/3488/3383 2944/3499/3391 2945/3486/3381
f 2945/3486/3381 2944/3499/3391 2952/3500/3392
f 2945/3486/3381 2952/3500/3392 2953/3484/3379
f 2953/3484/3379 2952/3500/3392 2961/3501/3393
f 2953/3484/3379 2961/3501/3393 2962/3482/3377
f 2962/3482/3377 2961/3501/3393 2852/3502/3394
f 2962/3482/3377 2852/3502/3394 2853/3480/3375
f 2755/3496/3292 2754/3503/3290 2926/3497/3389
f 2926/3497/3389 2754/3503/3290 2934/3504/3395
f 2926/3497/3389 2934/3504/3395 2935/3498/3390
f 2935/3498/3390 2934/3504/3395 2943/3505/3396
f 2935/3498/3390 2943/3505/3396 2944/3499/3391
f 2944/3499/3391 2943/3505/3396 2951/3506/3397
f 2944/3499/3391 2951/3506/3397 2952/3500/3392
f 2952/3500/3392 2951/3506/3397 2960/3507/3398
f 2952/3500/3392 2960/3507/3398 2961/3501/3393
f 2961/3501/3393 2960/3507/3398 2851/3508/3399
f 2961/3501/3393 2851/3508/3399 2852/3502/3394
f 2754/3503/3290 2753/3509/3288 2934/3504/3395
f 2934/3504/3395 2753/3509/3288 2942/3510/3400
f 2934/3504/3395 2942/3510/3400 2943/3505/3396
f 2943/3505/3396 2942/3510/3400 2950/3511/3401
f 2943/3505/3396 2950/3511/3401 2951/3506/3397
f 2951/3506/3397 2950/3511/3401 2959/3512/3402
f 2951/3506/3397 2959/3512/3402 2960/3507/3398
f 2960/3507/3398 2959/3512/3402 2850/3513/3403
f 2960/3507/3398 2850/3513/3403 2851/3508/3399
f 2753/3509/3288 2752/3514/3286 2942/3510/3400
f 2942/3510/3400 2752/3514/3286 2949/3515/3404
f 2942/3510/3400 2949/3515/3404 2950/3511/3401
f 2950/3511/3401 2949/3515/3404 2958/3516/3405
f 2950/3511/3401 2958/3516/3405 2959/3512/3402
f 2959/3512/3402 2958/3516/3405 2849/3517/3406
f 2959/3512/3402 2849/3517/3406 2850/3513/3403
f 2752/3514/3286 2751/3518/3284 2949/3515/3404
f 2949/3515/3404 2751/3518/3284 2750/3519/3282
f 2949/3515/3404 2750/3519/3282 2957/3520/3407
f 2957/3520/3407 2750/3519/3282 2749/3521/3408
f 2957/3520/3407 2749/3521/3408 2848/3522/3409
f 2848/3522/3409 2749/3521/3408 2708/3523/3410
f 2957/3520/3407 2848/3522/3409 2958/3516/3405
f 2958/3516/3405 2848/3522/3409 2849/3517/3406
f 2859/3465/3361 2860/3524/3411 2879/3463/3359
f 2879/3463/3359 2860/3524/3411 2941/3525/3412
f 2879/3463/3359 2941/3525/3412 2940/3461/3357
f 2940/3461/3357 2941/3525/3412 2932/3526/3413
f 2940/3461/3357 2932/3526/3413 2931/3459/3355
f 2931/3459/3355 2932/3526/3413 2923/3527/3414
f 2931/3459/3355 2923/3527/3414 2922/3457/3353
f 2922/3457/3353 2923/3527/3414 2906/3528/3415
f 2922/3457/3353 2906/3528/3415 2905/3455/3351
f 2905/3455/3351 2906/3528/3415 2914/3529/3416
f 2905/3455/3351 2914/3529/3416 2915/3453/3349
f 2915/3453/3349 2914/3529/3416 2889/3530/3417
f 2915/3453/3349 2889/3530/3417 2888/3451/3347
f 2888/3451/3347 2889/3530/3417 2900/3531/3418
f 2888/3451/3347 2900/3531/3418 2901/3449/3345
f 2901/3449/3345 2900/3531/3418 2880/3447/3344
f 2941/3525/3412 2860/3524/3411 2933/3532/3419
f 2933/3532/3419 2860/3524/3411 2861/3533/3420
f 2933/3532/3419 2861/3533/3420 2862/3534/3421
f 2933/3532/3419 2862/3534/3421 2925/3535/3422
f 2925/3535/3422 2862/3534/3421 2863/3536/3423
f 2925/3535/3422 2863/3536/3423 2909/3537/3424
f 2909/3537/3424 2863/3536/3423 2864/3538/3425
f 2909/3537/3424 2864/3538/3425 2910/3539/3426
f 2910/3539/3426 2864/3538/3425 2878/3540/3427
f 2910/3539/3426 2878/3540/3427 2893/3541/3428
f 2893/3541/3428 2878/3540/3427 2895/3542/3429
f 2893/3541/3428 2895/3542/3429 2896/3543/3430
f 2896/3543/3430 2895/3542/3429 2885/3544/3431
f 2896/3543/3430 2885/3544/3431 2884/3545/3432
f 2884/3545/3432 2885/3544/3431 2871/3546/3433
f 2884/3545/3432 2871/3546/3433 2872/3547/3434
f 2864/3538/3425 2865/3548/3435 2878/3540/3427
f 2878/3540/3427 2865/3548/3435 2894/3549/3436
f 2878/3540/3427 2894/3549/3436 2895/3542/3429
f 2895/3542/3429 2894/3549/3436 2886/3550/3437
f 2895/3542/3429 2886/3550/3437 2885/3544/3431
f 2885/3544/3431 2886/3550/3437 2870/3551/3438
f 2885/3544/3431 2870/3551/3438 2871/3546/3433
f 2866/3552/3439 2867/3553/3440 2865/3548/3435
f 2865/3548/3435 2867/3553/3440 2877/3554/3441
f 2865/3548/3435 2877/3554/3441 2894/3549/3436
f 2894/3549/3436 2877/3554/3441 2886/3550/3437
f 2867/3553/3440 2868/3555/3442 2877/3554/3441
f 2877/3554/3441 2868/3555/3442 2869/3556/3443
f 2877/3554/3441 2869/3556/3443 2886/3550/3437
f 2886/3550/3437 2869/3556/3443 2870/3551/3438
f 2884/3545/3432 2872/3547/3434 2883/3557/3444
f 2883/3557/3444 2872/3547/3434 2873/3558/3445
f 2883/3557/3444 2873/3558/3445 2882/3559/3446
f 2882/3559/3446 2873/3558/3445 2874/3560/3447
f 2882/3559/3446 2874/3560/3447 2875/3561/3448
f 2882/3559/3446 2875/3561/3448 2881/3562/3449
f 2881/3562/3449 2875/3561/3448 2876/3445/3343
f 2881/3562/3449 2876/3445/3343 2880/3447/3344
f 2880/3447/3344 2900/3531/3418 2881/3562/3449
f 2881/3562/3449 2900/3531/3418 2899/3563/3450
f 2881/3562/3449 2899/3563/3450 2882/3559/3446
f 2882/3559/3446 2899/3563/3450 2898/3564/3451
f 2882/3559/3446 2898/3564/3451 2883/3557/3444
f 2883/3557/3444 2898/3564/3451 2897/3565/3452
f 2883/3557/3444 2897/3565/3452 2884/3545/3432
f 2884/3545/3432 2897/3565/3452 2896/3543/3430
f 2899/3563/3450 2900/3531/3418 2889/3530/3417
f 2898/3564/3451 2899/3563/3450 2890/3566/3453
f 2890/3566/3453 2899/3563/3450 2889/3530/3417
f 2890/3566/3453 2889/3530/3417 2914/3529/3416
f 2897/3565/3452 2898/3564/3451 2891/3567/3454
f 2891/3567/3454 2898/3564/3451 2890/3566/3453
f 2891/3567/3454 2890/3566/3453 2913/3568/3455
f 2913/3568/3455 2890/3566/3453 2914/3529/3416
f 2913/3568/3455 2914/3529/3416 2906/3528/3415
f 2896/3543/3430 2897/3565/3452 2892/3569/3456
f 2892/3569/3456 2897/3565/3452 2891/3567/3454
f 2892/3569/3456 2891/3567/3454 2912/3570/3457
f 2912/3570/3457 2891/3567/3454 2913/3568/3455
f 2912/3570/3457 2913/3568/3455 2907/3571/3458
f 2907/3571/3458 2913/3568/3455 2906/3528/3415
f 2907/3571/3458 2906/3528/3415 2923/3527/3414
f 2896/3543/3430 2892/3569/3456 2893/3541/3428
f 2893/3541/3428 2892/3569/3456 2911/3572/3459
f 2893/3541/3428 2911/3572/3459 2910/3539/3426
f 2910/3539/3426 2911/3572/3459 2909/3537/3424
f 2911/3572/3459 2892/3569/3456 2912/3570/3457
f 2902/3495/3388 2903/3473/3368 2917/3472/3367
f 2911/3572/3459 2912/3570/3457 2908/3573/3460
f 2908/3573/3460 2912/3570/3457 2907/3571/3458
f 2908/3573/3460 2907/3571/3458 2924/3574/3461
f 2924/3574/3461 2907/3571/3458 2923/3527/3414
f 2924/3574/3461 2923/3527/3414 2932/3526/3413
f 2925/3535/3422 2909/3537/3424 2908/3573/3460
f 2908/3573/3460 2909/3537/3424 2911/3572/3459
f 2925/3535/3422 2908/3573/3460 2924/3574/3461
f 2933/3532/3419 2925/3535/3422 2924/3574/3461
f 2933/3532/3419 2924/3574/3461 2932/3526/3413
f 2941/3525/3412 2933/3532/3419 2932/3526/3413
f 2957/3520/3407 2958/3516/3405 2949/3515/3404
f 1626/3575/3462 2971/3576/3463 1149/3577/3464
f 1149/3577/3464 2971/3576/3463 2972/3578/3465
f 1149/3577/3464 2972/3578/3465 1150/3579/3466
f 1150/3579/3466 2972/3578/3465 2973/3580/3467
f 1150/3579/3466 2973/3580/3467 1151/3581/3468
f 1151/3581/3468 2973/3580/3467 2974/3582/3469
f 1151/3581/3468 2974/3582/3469 1152/3583/3470
f 1152/3583/3470 2974/3582/3469 2965/3584/3471
f 1152/3583/3470 2965/3584/3471 1153/3585/3472
f 1153/3585/3472 2965/3584/3471 2982/3586/3473
f 1153/3585/3472 2982/3586/3473 2867/3587/3474
f 2867/3587/3474 2982/3586/3473 2981/3588/3475
f 2867/3587/3474 2981/3588/3475 2990/3589/3476
f 2990/3589/3476 2981/3588/3475 2980/3590/3477
f 2990/3589/3476 2980/3590/3477 2991/3591/3478
f 2991/3591/3478 2980/3590/3477 2979/3592/3479
f 2991/3591/3478 2979/3592/3479 2992/3593/3480
f 2992/3593/3480 2979/3592/3479 2978/3594/3481
f 2992/3593/3480 2978/3594/3481 2993/3595/3482
f 2993/3595/3482 2978/3594/3481 2977/3596/3483
f 2993/3595/3482 2977/3596/3483 2994/3597/3484
f 2994/3597/3484 2977/3596/3483 2976/3598/3485
f 2994/3597/3484 2976/3598/3485 2995/3599/3486
f 2995/3599/3486 2976/3598/3485 2975/3600/3487
f 2995/3599/3486 2975/3600/3487 2996/3601/3488
f 2996/3601/3488 2975/3600/3487 2967/3602/3489
f 2996/3601/3488 2967/3602/3489 2997/3603/3490
f 2997/3603/3490 2967/3602/3489 2585/3604/3090
f 2997/3603/3490 2585/3604/3090 2876/3605/3491
f 1626/3575/3462 1625/3606/3492 2971/3576/3463
f 2971/3576/3463 1625/3606/3492 2970/3607/3493
f 2971/3576/3463 2970/3607/3493 3002/3608/3494
f 3002/3608/3494 2970/3607/3493 3001/3609/3495
f 3002/3608/3494 3001/3609/3495 2985/3610/3496
f 2985/3610/3496 3001/3609/3495 2986/3611/3497
f 2985/3610/3496 2986/3611/3497 2978/3594/3481
f 2978/3594/3481 2986/3611/3497 2977/3596/3483
f 1625/3606/3492 1624/3612/3498 2970/3607/3493
f 2970/3607/3493 1624/3612/3498 1623/3613/3499
f 2970/3607/3493 1623/3613/3499 2969/3614/3500
f 2969/3614/3500 1623/3613/3499 1622/3615/3501
f 2969/3614/3500 1622/3615/3501 2968/3616/3502
f 2968/3616/3502 1622/3615/3501 2966/3617/3503
f 2968/3616/3502 2966/3617/3503 2999/3618/3504
f 2999/3618/3504 2966/3617/3503 2998/3619/3505
f 2999/3618/3504 2998/3619/3505 2988/3620/3506
f 2988/3620/3506 2998/3619/3505 2989/3621/3507
f 2988/3620/3506 2989/3621/3507 2975/3600/3487
f 2975/3600/3487 2989/3621/3507 2967/3602/3489
f 1622/3615/3501 1621/3622/3508 2966/3617/3503
f 2966/3617/3503 1621/3622/3508 1447/3623/2127
f 2966/3617/3503 1447/3623/2127 2586/3624/3027
f 2585/3604/3090 2967/3602/3489 2586/3624/3027
f 2586/3624/3027 2967/3602/3489 2989/3621/3507
f 2586/3624/3027 2989/3621/3507 2998/3619/3505
f 2997/3603/3490 2876/3605/3491 2996/3601/3488
f 2996/3601/3488 2876/3605/3491 2875/3625/3509
f 2996/3601/3488 2875/3625/3509 2995/3599/3486
f 2995/3599/3486 2875/3625/3509 2874/3626/3510
f 2995/3599/3486 2874/3626/3510 2873/3627/3511
f 2995/3599/3486 2873/3627/3511 2994/3597/3484
f 2994/3597/3484 2873/3627/3511 2872/3628/3512
f 2994/3597/3484 2872/3628/3512 2993/3595/3482
f 2993/3595/3482 2872/3628/3512 2871/3629/3513
f 2993/3595/3482 2871/3629/3513 2992/3593/3480
f 2992/3593/3480 2871/3629/3513 2870/3630/3514
f 2992/3593/3480 2870/3630/3514 2991/3591/3478
f 2991/3591/3478 2870/3630/3514 2869/3631/3515
f 2991/3591/3478 2869/3631/3515 2990/3589/3476
f 2990/3589/3476 2869/3631/3515 2868/3632/3516
f 2990/3589/3476 2868/3632/3516 2867/3587/3474
f 2867/3587/3474 2866/3633/3517 1153/3585/3472
f 2966/3617/3503 2586/3624/3027 2998/3619/3505
f 3001/3609/3495 2970/3607/3493 2969/3614/3500
f 2969/3614/3500 2968/3616/3502 3000/3634/3518
f 3000/3634/3518 2968/3616/3502 2999/3618/3504
f 3000/3634/3518 2999/3618/3504 2987/3635/3519
f 2987/3635/3519 2999/3618/3504 2988/3620/3506
f 2987/3635/3519 2988/3620/3506 2976/3598/3485
f 2976/3598/3485 2988/3620/3506 2975/3600/3487
f 2972/3578/3465 2971/3576/3463 3003/3636/3520
f 3003/3636/3520 2971/3576/3463 3002/3608/3494
f 3003/3636/3520 3002/3608/3494 2984/3637/3521
f 2984/3637/3521 3002/3608/3494 2985/3610/3496
f 2984/3637/3521 2985/3610/3496 2979/3592/3479
f 2979/3592/3479 2985/3610/3496 2978/3594/3481
f 2965/3584/3471 2974/3582/3469 2973/3580/3467
f 2973/3580/3467 2972/3578/3465 3004/3638/3522
f 3004/3638/3522 2972/3578/3465 3003/3636/3520
f 3004/3638/3522 3003/3636/3520 2983/3639/3523
f 2983/3639/3523 3003/3636/3520 2984/3637/3521
f 2983/3639/3523 2984/3637/3521 2980/3590/3477
f 2980/3590/3477 2984/3637/3521 2979/3592/3479
f 2976/3598/3485 2977/3596/3483 2987/3635/3519
f 2987/3635/3519 2977/3596/3483 2986/3611/3497
f 2987/3635/3519 2986/3611/3497 3000/3634/3518
f 3000/3634/3518 2986/3611/3497 3001/3609/3495
f 3000/3634/3518 3001/3609/3495 2969/3614/3500
f 2980/3590/3477 2981/3588/3475 2983/3639/3523
f 2983/3639/3523 2981/3588/3475 2982/3586/3473
f 2983/3639/3523 2982/3586/3473 3004/3638/3522
f 3004/3638/3522 2982/3586/3473 2965/3584/3471
f 3004/3638/3522 2965/3584/3471 2973/3580/3467
f 2716/3640/3184 2647/3641/3219 3017/3642/3524
f 3017/3642/3524 2647/3641/3219 3005/3643/3525
f 3017/3642/3524 3005/3643/3525 3023/3644/3526
f 3023/3644/3526 3005/3643/3525 3006/3645/3527
f 3023/3644/3526 3006/3645/3527 3022/3646/3528
f 3022/3646/3528 3006/3645/3527 3007/3647/3529
f 3022/3646/3528 3007/3647/3529 3021/3648/3530
f 3021/3648/3530 3007/3647/3529 3008/3649/3531
f 3021/3648/3530 3008/3649/3531 3020/3650/3532
f 3020/3650/3532 3008/3649/3531 3009/3651/3533
f 3020/3650/3532 3009/3651/3533 3019/3652/3534
f 3019/3652/3534 3009/3651/3533 3010/3653/3535
f 3019/3652/3534 3010/3653/3535 3018/3654/3536
f 3018/3654/3536 3010/3653/3535 3016/3655/3537
f 3018/3654/3536 3016/3655/3537 3037/3656/3538
f 3037/3656/3538 3016/3655/3537 3038/3657/3539
f 3037/3656/3538 3038/3657/3539 3024/3658/3540
f 3024/3658/3540 3038/3657/3539 3014/3659/3541
f 3024/3658/3540 3014/3659/3541 3044/3660/3542
f 3044/3660/3542 3014/3659/3541 3045/3661/3543
f 3044/3660/3542 3045/3661/3543 2853/3662/3375
f 2853/3662/3375 3045/3661/3543 2854/3663/3363
f 2854/3663/3363 3045/3661/3543 3014/3659/3541
f 2854/3663/3363 3014/3659/3541 3013/3664/3544
f 3013/3664/3544 3014/3659/3541 3038/3657/3539
f 3013/3664/3544 3038/3657/3539 3016/3655/3537
f 3010/3653/3535 3011/3665/3545 3016/3655/3537
f 3016/3655/3537 3011/3665/3545 3013/3664/3544
f 3011/3665/3545 3012/3666/3546 3013/3664/3544
f 3013/3664/3544 2855/3667/3366 2854/3663/3363
f 3044/3660/3542 2853/3662/3375 3043/3668/3547
f 3043/3668/3547 2853/3662/3375 2852/3669/3394
f 3043/3668/3547 2852/3669/3394 3042/3670/3548
f 3042/3670/3548 2852/3669/3394 2851/3671/3399
f 3042/3670/3548 2851/3671/3399 3041/3672/3549
f 3041/3672/3549 2851/3671/3399 2850/3673/3403
f 3041/3672/3549 2850/3673/3403 3040/3674/3550
f 3040/3674/3550 2850/3673/3403 2849/3675/3551
f 3040/3674/3550 2849/3675/3551 3039/3676/3552
f 3039/3676/3552 2849/3675/3551 2848/3677/3553
f 3039/3676/3552 2848/3677/3553 3015/3678/3554
f 3015/3678/3554 2848/3677/3553 2708/3679/3185
f 3015/3678/3554 2708/3679/3185 2716/3640/3184
f 3015/3678/3554 2716/3640/3184 3030/3680/3555
f 3030/3680/3555 2716/3640/3184 3031/3681/3556
f 3030/3680/3555 3031/3681/3556 3032/3682/3557
f 3032/3682/3557 3031/3681/3556 3023/3644/3526
f 3032/3682/3557 3023/3644/3526 3022/3646/3528
f 3031/3681/3556 2716/3640/3184 3017/3642/3524
f 3019/3652/3534 3018/3654/3536 3036/3683/3558
f 3036/3683/3558 3018/3654/3536 3037/3656/3538
f 3036/3683/3558 3037/3656/3538 3025/3684/3559
f 3025/3684/3559 3037/3656/3538 3024/3658/3540
f 3025/3684/3559 3024/3658/3540 3043/3668/3547
f 3043/3668/3547 3024/3658/3540 3044/3660/3542
f 3020/3650/3532 3019/3652/3534 3035/3685/3560
f 3035/3685/3560 3019/3652/3534 3036/3683/3558
f 3035/3685/3560 3036/3683/3558 3026/3686/3561
f 3026/3686/3561 3036/3683/3558 3025/3684/3559
f 3026/3686/3561 3025/3684/3559 3042/3670/3548
f 3042/3670/3548 3025/3684/3559 3043/3668/3547
f 3021/3648/3530 3020/3650/3532 3034/3687/3562
f 3034/3687/3562 3020/3650/3532 3035/3685/3560
f 3034/3687/3562 3035/3685/3560 3027/3688/3563
f 3027/3688/3563 3035/3685/3560 3026/3686/3561
f 3027/3688/3563 3026/3686/3561 3041/3672/3549
f 3041/3672/3549 3026/3686/3561 3042/3670/3548
f 3022/3646/3528 3021/3648/3530 3033/3689/3564
f 3033/3689/3564 3021/3648/3530 3034/3687/3562
f 3033/3689/3564 3034/3687/3562 3028/3690/3565
f 3028/3690/3565 3034/3687/3562 3027/3688/3563
f 3028/3690/3565 3027/3688/3563 3040/3674/3550
f 3040/3674/3550 3027/3688/3563 3041/3672/3549
f 3031/3681/3556 3017/3642/3524 3023/3644/3526
f 3028/3690/3565 3029/3691/3566 3033/3689/3564
f 3033/3689/3564 3029/3691/3566 3032/3682/3557
f 3033/3689/3564 3032/3682/3557 3022/3646/3528
f 3015/3678/3554 3030/3680/3555 3029/3691/3566
f 3029/3691/3566 3030/3680/3555 3032/3682/3557
f 3040/3674/3550 3039/3676/3552 3028/3690/3565
f 3028/3690/3565 3039/3676/3552 3029/3691/3566
f 3039/3676/3552 3015/3678/3554 3029/3691/3566
f 1164/3692/3567 1163/3693/3568 1165/3694/3147
f 1165/3694/3147 1163/3693/3568 3050/3695/3569
f 1165/3694/3147 3050/3695/3569 2642/3696/3149
f 2642/3696/3149 3050/3695/3569 3049/3697/3570
f 2642/3696/3149 3049/3697/3570 1158/3698/3571
f 1158/3698/3571 3049/3697/3570 1159/3699/3572
f 1159/3699/3572 3049/3697/3570 3050/3695/3569
f 1159/3699/3572 3050/3695/3569 1160/3700/3573
f 1160/3700/3573 3050/3695/3569 1161/3701/3574
f 1161/3701/3574 3050/3695/3569 1162/3702/3575
f 1162/3702/3575 3050/3695/3569 1163/3693/3568
f 1157/3703/3576 3054/3704/3577 1158/3698/3571
f 1158/3698/3571 3054/3704/3577 3055/3705/3578
f 1158/3698/3571 3055/3705/3578 2642/3696/3149
f 2642/3696/3149 3055/3705/3578 3056/3706/3579
f 2642/3696/3149 3056/3706/3579 2643/3707/3150
f 2643/3707/3150 3056/3706/3579 3063/3708/3580
f 2643/3707/3150 3063/3708/3580 2644/3709/3156
f 2644/3709/3156 3063/3708/3580 3071/3710/3581
f 2644/3709/3156 3071/3710/3581 3048/3711/3582
f 3048/3711/3582 3071/3710/3581 3072/3712/3583
f 3048/3711/3582 3072/3712/3583 3070/3713/3584
f 3070/3713/3584 3072/3712/3583 3073/3714/3585
f 3070/3713/3584 3073/3714/3585 3069/3715/3586
f 3069/3715/3586 3073/3714/3585 3074/3716/3587
f 3069/3715/3586 3074/3716/3587 3068/3717/3588
f 3068/3717/3588 3074/3716/3587 3075/3718/3589
f 3068/3717/3588 3075/3718/3589 3067/3719/3590
f 3067/3719/3590 3075/3718/3589 3076/3720/3591
f 3067/3719/3590 3076/3720/3591 3066/3721/3592
f 3066/3721/3592 3076/3720/3591 3077/3722/3593
f 3066/3721/3592 3077/3722/3593 3065/3723/3594
f 3065/3723/3594 3077/3722/3593 3078/3724/3595
f 3065/3723/3594 3078/3724/3595 3064/3725/3596
f 3064/3725/3596 3078/3724/3595 1155/3726/3597
f 3064/3725/3596 1155/3726/3597 3046/3727/3598
f 1156/3728/3599 3051/3729/3600 1157/3703/3576
f 1157/3703/3576 3051/3729/3600 3052/3730/3601
f 1157/3703/3576 3052/3730/3601 3053/3731/3602
f 3053/3731/3602 3052/3730/3601 3060/3732/3603
f 3053/3731/3602 3060/3732/3603 3061/3733/3604
f 3061/3733/3604 3060/3732/3603 3073/3714/3585
f 3061/3733/3604 3073/3714/3585 3072/3712/3583
f 1155/3726/3597 3078/3724/3595 1156/3728/3599
f 1156/3728/3599 3078/3724/3595 3057/3734/3605
f 1156/3728/3599 3057/3734/3605 3058/3735/3606
f 3058/3735/3606 3057/3734/3605 3076/3720/3591
f 3058/3735/3606 3076/3720/3591 3075/3718/3589
f 3064/3725/3596 3046/3727/3598 3079/3736/3607
f 3079/3736/3607 3046/3727/3598 3047/3737/3608
f 3079/3736/3607 3047/3737/3608 3011/3738/3545
f 3011/3738/3545 3047/3737/3608 3012/3739/3546
f 3079/3736/3607 3011/3738/3545 3087/3740/3609
f 3087/3740/3609 3011/3738/3545 3010/3741/3535
f 3087/3740/3609 3010/3741/3535 3088/3742/3610
f 3088/3742/3610 3010/3741/3535 3089/3743/3611
f 3088/3742/3610 3089/3743/3611 3080/3744/3612
f 3080/3744/3612 3089/3743/3611 3081/3745/3613
f 3080/3744/3612 3081/3745/3613 3065/3723/3594
f 3065/3723/3594 3081/3745/3613 3066/3721/3592
f 3010/3741/3535 3009/3746/3614 3089/3743/3611
f 3089/3743/3611 3009/3746/3614 3090/3747/3615
f 3089/3743/3611 3090/3747/3615 3081/3745/3613
f 3081/3745/3613 3090/3747/3615 3082/3748/3616
f 3081/3745/3613 3082/3748/3616 3066/3721/3592
f 3066/3721/3592 3082/3748/3616 3067/3719/3590
f 3009/3746/3614 3008/3749/3617 3090/3747/3615
f 3090/3747/3615 3008/3749/3617 3091/3750/3618
f 3090/3747/3615 3091/3750/3618 3082/3748/3616
f 3082/3748/3616 3091/3750/3618 3083/3751/3619
f 3082/3748/3616 3083/3751/3619 3067/3719/3590
f 3067/3719/3590 3083/3751/3619 3068/3717/3588
f 3008/3749/3617 3007/3752/3620 3091/3750/3618
f 3091/3750/3618 3007/3752/3620 3092/3753/3621
f 3091/3750/3618 3092/3753/3621 3083/3751/3619
f 3083/3751/3619 3092/3753/3621 3084/3754/3622
f 3083/3751/3619 3084/3754/3622 3068/3717/3588
f 3068/3717/3588 3084/3754/3622 3069/3715/3586
f 3007/3752/3620 3006/3755/3623 3092/3753/3621
f 3092/3753/3621 3006/3755/3623 3093/3756/3624
f 3092/3753/3621 3093/3756/3624 3084/3754/3622
f 3084/3754/3622 3093/3756/3624 3085/3757/3625
f 3084/3754/3622 3085/3757/3625 3069/3715/3586
f 3069/3715/3586 3085/3757/3625 3070/3713/3584
f 3006/3755/3623 3005/3758/3626 3093/3756/3624
f 3093/3756/3624 3005/3758/3626 3094/3759/3627
f 3093/3756/3624 3094/3759/3627 3085/3757/3625
f 3085/3757/3625 3094/3759/3627 3086/3760/3628
f 3085/3757/3625 3086/3760/3628 3070/3713/3584
f 3070/3713/3584 3086/3760/3628 3048/3711/3582
f 3005/3758/3626 2647/3761/3629 3094/3759/3627
f 3094/3759/3627 2647/3761/3629 2646/3762/3127
f 3094/3759/3627 2646/3762/3127 3086/3760/3628
f 3086/3760/3628 2646/3762/3127 2645/3763/3126
f 3086/3760/3628 2645/3763/3126 3048/3711/3582
f 3048/3711/3582 2645/3763/3126 2644/3709/3156
f 3054/3704/3577 1157/3703/3576 3053/3731/3602
f 3052/3730/3601 3051/3729/3600 3059/3764/3630
f 3059/3764/3630 3051/3729/3600 3058/3735/3606
f 3059/3764/3630 3058/3735/3606 3075/3718/3589
f 3053/3731/3602 3061/3733/3604 3054/3704/3577
f 3054/3704/3577 3061/3733/3604 3062/3765/3631
f 3054/3704/3577 3062/3765/3631 3055/3705/3578
f 3055/3705/3578 3062/3765/3631 3063/3708/3580
f 3055/3705/3578 3063/3708/3580 3056/3706/3579
f 3051/3729/3600 1156/3728/3599 3058/3735/3606
f 3077/3722/3593 3076/3720/3591 3057/3734/3605
f 3052/3730/3601 3059/3764/3630 3060/3732/3603
f 3060/3732/3603 3059/3764/3630 3074/3716/3587
f 3060/3732/3603 3074/3716/3587 3073/3714/3585
f 3074/3716/3587 3059/3764/3630 3075/3718/3589
f 3071/3710/3581 3063/3708/3580 3062/3765/3631
f 3071/3710/3581 3062/3765/3631 3072/3712/3583
f 3072/3712/3583 3062/3765/3631 3061/3733/3604
f 3080/3744/3612 3065/3723/3594 3064/3725/3596
f 3057/3734/3605 3078/3724/3595 3077/3722/3593
f 3088/3742/3610 3080/3744/3612 3079/3736/3607
f 3079/3736/3607 3080/3744/3612 3064/3725/3596
f 3087/3740/3609 3088/3742/3610 3079/3736/3607
f 1155/3766/3597 1154/3767/3632 3046/3768/3598
f 3046/3768/3598 1154/3767/3632 3047/3769/3608
f 3047/3769/3608 1154/3767/3632 3012/3770/3546
f 3012/3770/3546 1154/3767/3632 3013/3771/3544
f 3013/3771/3544 1154/3767/3632 2866/3772/3517
f 3013/3771/3544 2866/3772/3517 2865/3773/3435
f 1154/3767/3632 1153/3774/3472 2866/3772/3517
f 2865/3773/3435 2864/3775/3425 3013/3771/3544
f 3013/3771/3544 2864/3775/3425 2863/3776/3423
f 3013/3771/3544 2863/3776/3423 2855/3777/3366
f 2855/3777/3366 2863/3776/3423 2862/3778/3421
f 2855/3777/3366 2862/3778/3421 2861/3779/3420
f 2861/3779/3420 2860/3780/3411 2855/3777/3366
f 2855/3777/3366 2860/3780/3411 2856/3781/3365
f 2856/3781/3365 2860/3780/3411 2857/3782/3364
f 2857/3782/3364 2860/3780/3411 2859/3783/3361
f 2857/3782/3364 2859/3783/3361 2858/3784/3362
# 3094 vertices
# 3784 texture params
# 3632 normals
# 6180 facets

# 2 groups
